underlying,equity_ticker,expiration,T,side,strike,log_moneyness,bid,ask,last,iv,volume,open_interest,spot_at_fetch
AAPL,AAPL,2026-05-04,0.0027397260273972603,C,200.0,-0.33697216395256596,78.35,81.75,80.2,3.014650900878906,5.0,10.0,280.1400146484375
AAPL,AAPL,2026-05-04,0.0027397260273972603,C,205.0,-0.31227955136219443,73.35,76.75,75.41,2.8339872900390626,7.0,0.0,280.1400146484375
AAPL,AAPL,2026-05-04,0.0027397260273972603,C,210.0,-0.2881819997831339,68.35,71.75,69.99,2.6562533593750004,8.0,0.0,280.1400146484375
AAPL,AAPL,2026-05-04,0.0027397260273972603,C,215.0,-0.2646515023729398,63.55,66.1,65.01,2.1904342114257807,24.0,0.0,280.1400146484375
AAPL,AAPL,2026-05-04,0.0027397260273972603,C,220.0,-0.24166198414824117,58.55,61.1,60.17,2.0332080419921876,25.0,0.0,280.1400146484375
AAPL,AAPL,2026-05-04,0.0027397260273972603,C,225.0,-0.21918912829618256,53.6,56.05,55.1,1.8544929150390623,33.0,16.0,280.1400146484375
AAPL,AAPL,2026-05-04,0.0027397260273972603,C,230.0,-0.19721022157740728,48.65,51.15,49.99,1.74609501953125,199.0,6.0,280.1400146484375
AAPL,AAPL,2026-05-04,0.0027397260273972603,C,235.0,-0.17570401635644367,43.55,46.15,45.01,1.593263752441406,50.0,0.0,280.1400146484375
AAPL,AAPL,2026-05-04,0.0027397260273972603,C,237.5,-0.16512190702590673,40.9,43.8,42.55,1.5732443212890623,22.0,0.0,280.1400146484375
AAPL,AAPL,2026-05-04,0.0027397260273972603,C,240.0,-0.15465060715861131,38.85,41.05,40.07,1.40234673828125,281.0,1.0,280.1400146484375
AAPL,AAPL,2026-05-04,0.0027397260273972603,C,242.5,-0.14428782012306474,35.85,38.65,37.54,1.365237548828125,9.0,0.0,280.1400146484375
AAPL,AAPL,2026-05-04,0.0027397260273972603,C,245.0,-0.1340313199558756,33.6,36.35,35.06,1.3559602514648437,18.0,0.0,280.1400146484375
AAPL,AAPL,2026-05-04,0.0027397260273972603,C,247.5,-0.12387894849185761,31.0,33.9,32.55,1.29297228515625,17.0,5.0,280.1400146484375
AAPL,AAPL,2026-05-04,0.0027397260273972603,C,250.0,-0.11382861263835616,28.7,31.05,30.05,1.1049849438476564,170.0,129.0,280.1400146484375
AAPL,AAPL,2026-05-04,0.0027397260273972603,C,252.5,-0.1038782817851882,25.8,29.35,27.97,1.2500037499999999,2.0,16.0,280.1400146484375
AAPL,AAPL,2026-05-04,0.0027397260273972603,C,255.0,-0.09402598534217654,23.35,26.05,25.01,0.956055126953125,24.0,41.0,280.1400146484375
AAPL,AAPL,2026-05-04,0.0027397260273972603,C,257.5,-0.08426981039681185,20.9,24.1,22.53,1.023930661621094,5.0,50.0,280.1400146484375
AAPL,AAPL,2026-05-04,0.0027397260273972603,C,260.0,-0.07460789948507494,19.2,21.35,20.57,0.8828136718749999,571.0,160.0,280.1400146484375
AAPL,AAPL,2026-05-04,0.0027397260273972603,C,262.5,-0.06503844846892423,16.9,18.7,17.76,0.7666038964843751,37.0,418.0,280.1400146484375
AAPL,AAPL,2026-05-04,0.0027397260273972603,C,265.0,-0.05555970451438045,13.8,15.45,15.55,0.46289599609375004,365.0,542.0,280.1400146484375
AAPL,AAPL,2026-05-04,0.0027397260273972603,C,267.5,-0.04616996416454141,11.25,13.65,12.75,0.5952188916015625,265.0,563.0,280.1400146484375
AAPL,AAPL,2026-05-04,0.0027397260273972603,C,270.0,-0.03686757150222788,9.75,10.6,10.1,0.38477177734374995,1092.0,1309.0,280.1400146484375
AAPL,AAPL,2026-05-04,0.0027397260273972603,C,272.5,-0.027650916397303868,7.5,8.0,7.74,0.28516339843749994,1752.0,3510.0,280.1400146484375
AAPL,AAPL,2026-05-04,0.0027397260273972603,C,275.0,-0.01851843283403133,5.4,5.8,5.5,0.27735097656249996,4491.0,3643.0,280.1400146484375
AAPL,AAPL,2026-05-04,0.0027397260273972603,C,277.5,-0.009468597314113415,3.4,3.75,3.65,0.2541578491210938,2175.0,1007.0,280.1400146484375
AAPL,AAPL,2026-05-04,0.0027397260273972603,C,280.0,-0.000499927331353,1.98,2.11,2.0,0.23975369628906246,22262.0,5796.0,280.1400146484375
AAPL,AAPL,2026-05-04,0.0027397260273972603,C,282.5,0.008389020085892923,0.99,1.07,1.06,0.24024197265624997,39563.0,867.0,280.1400146484375
AAPL,AAPL,2026-05-04,0.0027397260273972603,C,285.0,0.017199649768047935,0.46,0.49,0.46,0.245124736328125,54103.0,3211.0,280.1400146484375
AAPL,AAPL,2026-05-04,0.0027397260273972603,C,287.5,0.025933329736802437,0.19,0.2,0.21,0.24951922363281248,24687.0,6548.0,280.1400146484375
AAPL,AAPL,2026-05-04,0.0027397260273972603,C,290.0,0.03459139247991713,0.08,0.1,0.1,0.2695385546875,33321.0,10450.0,280.1400146484375
AAPL,AAPL,2026-05-04,0.0027397260273972603,C,292.5,0.043175136171308505,0.04,0.05,0.04,0.28711650390624993,6390.0,840.0,280.1400146484375
AAPL,AAPL,2026-05-04,0.0027397260273972603,C,295.0,0.05168582583921726,0.02,0.03,0.03,0.31250687499999996,5476.0,2392.0,280.1400146484375
AAPL,AAPL,2026-05-04,0.0027397260273972603,C,297.5,0.060124694485081794,0.02,0.03,0.03,0.35547519531249994,1025.0,318.0,280.1400146484375
AAPL,AAPL,2026-05-04,0.0027397260273972603,C,300.0,0.0684929441555985,0.01,0.02,0.02,0.3789124609375,8216.0,3509.0,280.1400146484375
AAPL,AAPL,2026-05-04,0.0027397260273972603,C,302.5,0.0767917469702935,0.01,0.02,0.02,0.41797457031249996,497.0,264.0,280.1400146484375
AAPL,AAPL,2026-05-04,0.0027397260273972603,C,305.0,0.08502224610680889,0.0,0.01,0.01,0.42188078125,1029.0,2081.0,280.1400146484375
AAPL,AAPL,2026-05-04,0.0027397260273972603,C,310.0,0.1012827669785892,0.0,0.01,0.01,0.500005,853.0,537.0,280.1400146484375
AAPL,AAPL,2026-05-04,0.0027397260273972603,C,315.0,0.11728310832503036,0.0,0.01,0.02,0.5312546875,132.0,475.0,280.1400146484375
AAPL,AAPL,2026-05-04,0.0027397260273972603,C,320.0,0.13303146529316953,0.0,0.01,0.05,0.5937540625000001,205.0,700.0,280.1400146484375
AAPL,AAPL,2026-05-04,0.0027397260273972603,C,325.0,0.1485356518291348,0.0,0.01,0.04,0.6562534375000001,5.0,14.0,280.1400146484375
AAPL,AAPL,2026-05-04,0.0027397260273972603,C,330.0,0.16380312395992325,0.0,0.01,0.01,0.7187528125,2.0,2.0,280.1400146484375
AAPL,AAPL,2026-05-04,0.0027397260273972603,C,335.0,0.1788410013244638,0.0,0.01,0.01,0.7812521875,12.0,104.0,280.1400146484375
AAPL,AAPL,2026-05-04,0.0027397260273972603,C,340.0,0.19365608710960444,0.0,0.02,0.35,0.8906260937499999,,1.0,280.1400146484375
AAPL,AAPL,2026-05-04,0.0027397260273972603,C,345.0,0.20825488653075713,0.0,0.01,0.01,0.9062509375,5.0,1.0,280.1400146484375
AAPL,AAPL,2026-05-04,0.0027397260273972603,P,200.0,-0.33697216395256596,0.0,0.01,0.01,1.4375028125,9889.0,11.0,280.1400146484375
AAPL,AAPL,2026-05-04,0.0027397260273972603,P,205.0,-0.31227955136219443,0.0,0.01,0.01,1.3125034374999998,2.0,49.0,280.1400146484375
AAPL,AAPL,2026-05-04,0.0027397260273972603,P,210.0,-0.2881819997831339,0.0,0.01,0.01,1.2500037499999999,2.0,22.0,280.1400146484375
AAPL,AAPL,2026-05-04,0.0027397260273972603,P,215.0,-0.2646515023729398,0.0,0.01,0.01,1.125004375,4.0,92.0,280.1400146484375
AAPL,AAPL,2026-05-04,0.0027397260273972603,P,220.0,-0.24166198414824117,0.0,0.02,0.02,1.125004375,60.0,87.0,280.1400146484375
AAPL,AAPL,2026-05-04,0.0027397260273972603,P,225.0,-0.21918912829618256,0.0,0.01,0.02,0.9687503125,40.0,72.0,280.1400146484375
AAPL,AAPL,2026-05-04,0.0027397260273972603,P,230.0,-0.19721022157740728,0.0,0.01,0.01,0.87500125,10.0,252.0,280.1400146484375
AAPL,AAPL,2026-05-04,0.0027397260273972603,P,235.0,-0.17570401635644367,0.0,0.06,0.06,0.929688203125,35.0,181.0,280.1400146484375
AAPL,AAPL,2026-05-04,0.0027397260273972603,P,237.5,-0.16512190702590673,0.0,0.07,0.08,0.8984385156249999,9.0,67.0,280.1400146484375
AAPL,AAPL,2026-05-04,0.0027397260273972603,P,240.0,-0.15465060715861131,0.0,0.07,0.01,0.8437515624999999,18.0,647.0,280.1400146484375
AAPL,AAPL,2026-05-04,0.0027397260273972603,P,242.5,-0.14428782012306474,0.0,0.01,0.02,0.6562534375000001,24.0,329.0,280.1400146484375
AAPL,AAPL,2026-05-04,0.0027397260273972603,P,245.0,-0.1340313199558756,0.0,0.01,0.01,0.6093789062500001,142.0,1896.0,280.1400146484375
AAPL,AAPL,2026-05-04,0.0027397260273972603,P,247.5,-0.12387894849185761,0.0,0.03,0.02,0.632816171875,164.0,488.0,280.1400146484375
AAPL,AAPL,2026-05-04,0.0027397260273972603,P,250.0,-0.11382861263835616,0.0,0.01,0.01,0.5312546875,359.0,2366.0,280.1400146484375
AAPL,AAPL,2026-05-04,0.0027397260273972603,P,252.5,-0.1038782817851882,0.0,0.01,0.01,0.51562984375,114.0,924.0,280.1400146484375
AAPL,AAPL,2026-05-04,0.0027397260273972603,P,255.0,-0.09402598534217654,0.0,0.01,0.01,0.4687553125,553.0,1222.0,280.1400146484375
AAPL,AAPL,2026-05-04,0.0027397260273972603,P,257.5,-0.08426981039681185,0.0,0.04,0.01,0.5039112109375,552.0,1002.0,280.1400146484375
AAPL,AAPL,2026-05-04,0.0027397260273972603,P,260.0,-0.07460789948507494,0.01,0.02,0.02,0.414068359375,1548.0,915.0,280.1400146484375
AAPL,AAPL,2026-05-04,0.0027397260273972603,P,262.5,-0.06503844846892423,0.01,0.03,0.03,0.38672488281249995,273.0,573.0,280.1400146484375
AAPL,AAPL,2026-05-04,0.0027397260273972603,P,265.0,-0.05555970451438045,0.02,0.03,0.03,0.33789724609375,716.0,3277.0,280.1400146484375
AAPL,AAPL,2026-05-04,0.0027397260273972603,P,267.5,-0.04616996416454141,0.03,0.04,0.04,0.3007882421875,1130.0,505.0,280.1400146484375
AAPL,AAPL,2026-05-04,0.0027397260273972603,P,270.0,-0.03686757150222788,0.07,0.08,0.08,0.27930408203124996,3976.0,834.0,280.1400146484375
AAPL,AAPL,2026-05-04,0.0027397260273972603,P,272.5,-0.027650916397303868,0.15,0.16,0.16,0.25586681640625003,2330.0,567.0,280.1400146484375
AAPL,AAPL,2026-05-04,0.0027397260273972603,P,275.0,-0.01851843283403133,0.38,0.41,0.42,0.2500075,5901.0,353.0,280.1400146484375
AAPL,AAPL,2026-05-04,0.0027397260273972603,P,277.5,-0.009468597314113415,0.9,0.98,0.96,0.2514723291015625,6201.0,38.0,280.1400146484375
AAPL,AAPL,2026-05-04,0.0027397260273972603,P,280.0,-0.000499927331353,1.88,1.97,1.93,0.252937158203125,11971.0,98.0,280.1400146484375
AAPL,AAPL,2026-05-04,0.0027397260273972603,P,282.5,0.008389020085892923,3.3,3.5,3.25,0.26416751464843746,9944.0,8.0,280.1400146484375
AAPL,AAPL,2026-05-04,0.0027397260273972603,P,285.0,0.017199649768047935,5.1,5.5,5.05,0.2898020239257812,4220.0,20.0,280.1400146484375
AAPL,AAPL,2026-05-04,0.0027397260273972603,P,287.5,0.025933329736802437,6.95,7.95,7.95,0.3632876171875,2109.0,1.0,280.1400146484375
AAPL,AAPL,2026-05-04,0.0027397260273972603,P,290.0,0.03459139247991713,9.15,11.0,9.3,0.5415084912109377,245.0,3.0,280.1400146484375
AAPL,AAPL,2026-05-04,0.0027397260273972603,P,292.5,0.043175136171308505,11.35,13.9,21.4,0.6909210595703126,,10.0,280.1400146484375
AAPL,AAPL,2026-05-04,0.0027397260273972603,P,295.0,0.05168582583921726,14.3,16.2,14.3,0.5283250292968751,15.0,2.0,280.1400146484375
AAPL,AAPL,2026-05-04,0.0027397260273972603,P,297.5,0.060124694485081794,16.4,18.3,13.25,0.7280300634765625,23.0,25.0,280.1400146484375
AAPL,AAPL,2026-05-04,0.0027397260273972603,P,300.0,0.0684929441555985,18.85,21.4,15.0,0.6093789062500001,1.0,2.0,280.1400146484375
AAPL,AAPL,2026-05-11,0.019178082191780823,C,230.0,-0.19721022157740728,48.7,51.85,44.77,0.9448247705078124,,2.0,280.1400146484375
AAPL,AAPL,2026-05-11,0.019178082191780823,C,245.0,-0.1340313199558756,34.4,36.45,35.5,0.6538120556640626,11.0,1.0,280.1400146484375
AAPL,AAPL,2026-05-11,0.019178082191780823,C,250.0,-0.11382861263835616,29.4,31.4,30.9,0.5722699023437501,95.0,182.0,280.1400146484375
AAPL,AAPL,2026-05-11,0.019178082191780823,C,252.5,-0.1038782817851882,26.15,29.45,29.59,0.6003457934570313,1.0,0.0,280.1400146484375
AAPL,AAPL,2026-05-11,0.019178082191780823,C,255.0,-0.09402598534217654,23.65,26.5,20.39,0.5095263891601562,,3.0,280.1400146484375
AAPL,AAPL,2026-05-11,0.019178082191780823,C,257.5,-0.08426981039681185,22.5,24.5,14.75,0.5249070947265625,,1.0,280.1400146484375
AAPL,AAPL,2026-05-11,0.019178082191780823,C,260.0,-0.07460789948507494,19.1,21.45,24.22,0.4272518212890626,48.0,76.0,280.1400146484375
AAPL,AAPL,2026-05-11,0.019178082191780823,C,262.5,-0.06503844846892423,17.8,19.2,24.39,0.4138242211914062,2.0,12.0,280.1400146484375
AAPL,AAPL,2026-05-11,0.019178082191780823,C,265.0,-0.05555970451438045,14.95,16.25,15.63,0.32910827148437494,16.0,25.0,280.1400146484375
AAPL,AAPL,2026-05-11,0.019178082191780823,C,267.5,-0.04616996416454141,12.0,14.4,16.81,0.34888346435546874,3.0,11.0,280.1400146484375
AAPL,AAPL,2026-05-11,0.019178082191780823,C,270.0,-0.03686757150222788,10.4,11.9,11.3,0.3053047985839844,79.0,190.0,280.1400146484375
AAPL,AAPL,2026-05-11,0.019178082191780823,C,272.5,-0.027650916397303868,8.0,9.55,9.55,0.2710033837890625,188.0,114.0,280.1400146484375
AAPL,AAPL,2026-05-11,0.019178082191780823,C,275.0,-0.01851843283403133,7.0,7.4,7.04,0.2456130126953125,134.0,363.0,280.1400146484375
AAPL,AAPL,2026-05-11,0.019178082191780823,C,277.5,-0.009468597314113415,5.25,5.85,5.79,0.24829853271484376,75.0,26.0,280.1400146484375
AAPL,AAPL,2026-05-11,0.019178082191780823,C,280.0,-0.000499927331353,4.05,4.35,4.26,0.24073024902343748,583.0,286.0,280.1400146484375
AAPL,AAPL,2026-05-11,0.019178082191780823,C,282.5,0.008389020085892923,2.9,3.2,2.9,0.2399978344726562,467.0,54.0,280.1400146484375
AAPL,AAPL,2026-05-11,0.019178082191780823,C,285.0,0.017199649768047935,1.85,2.27,2.09,0.2387771435546875,2946.0,114.0,280.1400146484375
AAPL,AAPL,2026-05-11,0.019178082191780823,C,287.5,0.025933329736802437,1.33,1.55,1.45,0.23731231445312498,443.0,48.0,280.1400146484375
AAPL,AAPL,2026-05-11,0.019178082191780823,C,290.0,0.03459139247991713,0.95,1.04,0.95,0.23792265991210934,807.0,303.0,280.1400146484375
AAPL,AAPL,2026-05-11,0.019178082191780823,C,292.5,0.043175136171308505,0.6,0.69,0.64,0.2399978344726562,1207.0,52.0,280.1400146484375
AAPL,AAPL,2026-05-11,0.019178082191780823,C,295.0,0.05168582583921726,0.4,0.46,0.42,0.2436599072265625,692.0,30.0,280.1400146484375
AAPL,AAPL,2026-05-11,0.019178082191780823,C,297.5,0.060124694485081794,0.18,0.36,0.36,0.2573316455078125,58.0,56.0,280.1400146484375
AAPL,AAPL,2026-05-11,0.019178082191780823,C,300.0,0.0684929441555985,0.16,0.22,0.22,0.256843369140625,624.0,252.0,280.1400146484375
AAPL,AAPL,2026-05-11,0.019178082191780823,C,302.5,0.0767917469702935,0.11,0.16,0.13,0.26563234375,394.0,351.0,280.1400146484375
AAPL,AAPL,2026-05-11,0.019178082191780823,C,305.0,0.08502224610680889,0.09,0.12,0.13,0.27539787109374997,37.0,4.0,280.1400146484375
AAPL,AAPL,2026-05-11,0.019178082191780823,C,310.0,0.1012827669785892,0.03,0.09,0.06,0.304694453125,24.0,64.0,280.1400146484375
AAPL,AAPL,2026-05-11,0.019178082191780823,C,315.0,0.11728310832503036,0.01,0.22,0.04,0.397466962890625,57.0,2.0,280.1400146484375
AAPL,AAPL,2026-05-11,0.019178082191780823,C,320.0,0.13303146529316953,0.0,0.05,0.04,0.35645174804687496,106.0,31.0,280.1400146484375
AAPL,AAPL,2026-05-11,0.019178082191780823,C,325.0,0.1485356518291348,0.0,0.1,0.02,0.42969320312500003,,1.0,280.1400146484375
AAPL,AAPL,2026-05-11,0.019178082191780823,P,200.0,-0.33697216395256596,0.0,0.13,0.03,0.86132951171875,,10.0,280.1400146484375
AAPL,AAPL,2026-05-11,0.019178082191780823,P,210.0,-0.2881819997831339,0.0,0.09,0.3,0.7187528125,,1.0,280.1400146484375
AAPL,AAPL,2026-05-11,0.019178082191780823,P,215.0,-0.2646515023729398,0.0,0.07,0.18,0.6445348046875,,1.0,280.1400146484375
AAPL,AAPL,2026-05-11,0.019178082191780823,P,220.0,-0.24166198414824117,0.0,0.11,0.2,0.6250037500000001,,2.0,280.1400146484375
AAPL,AAPL,2026-05-11,0.019178082191780823,P,225.0,-0.21918912829618256,0.01,0.06,0.04,0.5449264257812501,1.0,25.0,280.1400146484375
AAPL,AAPL,2026-05-11,0.019178082191780823,P,230.0,-0.19721022157740728,0.02,0.08,0.04,0.51562984375,2.0,9.0,280.1400146484375
AAPL,AAPL,2026-05-11,0.019178082191780823,P,235.0,-0.17570401635644367,0.02,0.06,0.31,0.476567734375,,4.0,280.1400146484375
AAPL,AAPL,2026-05-11,0.019178082191780823,P,237.5,-0.16512190702590673,0.04,0.07,0.06,0.459966337890625,6.0,2.0,280.1400146484375
AAPL,AAPL,2026-05-11,0.019178082191780823,P,240.0,-0.15465060715861131,0.06,0.13,0.06,0.47363807617187503,14.0,9.0,280.1400146484375
AAPL,AAPL,2026-05-11,0.019178082191780823,P,245.0,-0.1340313199558756,0.04,0.1,0.07,0.4023497265625,8.0,114.0,280.1400146484375
AAPL,AAPL,2026-05-11,0.019178082191780823,P,247.5,-0.12387894849185761,0.08,0.16,0.1,0.40479110839843746,1.0,3.0,280.1400146484375
AAPL,AAPL,2026-05-11,0.019178082191780823,P,250.0,-0.11382861263835616,0.09,0.16,0.13,0.37695935546875,32.0,430.0,280.1400146484375
AAPL,AAPL,2026-05-11,0.019178082191780823,P,252.5,-0.1038782817851882,0.1,0.2,0.15,0.3627993408203125,5.0,5.0,280.1400146484375
AAPL,AAPL,2026-05-11,0.019178082191780823,P,255.0,-0.09402598534217654,0.13,0.25,0.16,0.3481510498046875,9.0,50.0,280.1400146484375
AAPL,AAPL,2026-05-11,0.019178082191780823,P,257.5,-0.08426981039681185,0.14,0.31,0.16,0.3325262060546875,12.0,7.0,280.1400146484375
AAPL,AAPL,2026-05-11,0.019178082191780823,P,260.0,-0.07460789948507494,0.25,0.37,0.28,0.31372756591796874,23.0,92.0,280.1400146484375
AAPL,AAPL,2026-05-11,0.019178082191780823,P,262.5,-0.06503844846892423,0.27,0.42,0.31,0.29053443847656246,12.0,66.0,280.1400146484375
AAPL,AAPL,2026-05-11,0.019178082191780823,P,265.0,-0.05555970451438045,0.47,0.55,0.5,0.27637442382812494,179.0,65.0,280.1400146484375
AAPL,AAPL,2026-05-11,0.019178082191780823,P,267.5,-0.04616996416454141,0.64,0.84,0.67,0.2742992492675781,36.0,6.0,280.1400146484375
AAPL,AAPL,2026-05-11,0.019178082191780823,P,270.0,-0.03686757150222788,0.95,1.07,1.03,0.2572095764160156,102.0,61.0,280.1400146484375
AAPL,AAPL,2026-05-11,0.019178082191780823,P,272.5,-0.027650916397303868,1.33,1.52,1.51,0.25049577636718745,273.0,223.0,280.1400146484375
AAPL,AAPL,2026-05-11,0.019178082191780823,P,275.0,-0.01851843283403133,2.0,2.29,2.01,0.2546461254882813,174.0,220.0,280.1400146484375
AAPL,AAPL,2026-05-11,0.019178082191780823,P,277.5,-0.009468597314113415,2.74,3.25,3.0,0.25708750732421876,187.0,1.0,280.1400146484375
AAPL,AAPL,2026-05-11,0.019178082191780823,P,280.0,-0.000499927331353,3.9,4.15,4.15,0.24353783813476562,354.0,19.0,280.1400146484375
AAPL,AAPL,2026-05-11,0.019178082191780823,P,282.5,0.008389020085892923,5.25,5.6,5.3,0.2486647399902344,81.0,0.0,280.1400146484375
AAPL,AAPL,2026-05-11,0.019178082191780823,P,285.0,0.017199649768047935,6.05,7.25,6.9,0.2530592272949219,612.0,1.0,280.1400146484375
AAPL,AAPL,2026-05-11,0.019178082191780823,P,287.5,0.025933329736802437,8.45,9.95,8.04,0.3145820495605468,14.0,1.0,280.1400146484375
AAPL,AAPL,2026-05-11,0.019178082191780823,P,290.0,0.03459139247991713,9.85,12.3,9.2,0.3502262243652343,8.0,0.0,280.1400146484375
AAPL,AAPL,2026-05-11,0.019178082191780823,P,292.5,0.043175136171308505,12.3,14.25,12.23,0.35278967529296873,37.0,0.0,280.1400146484375
AAPL,AAPL,2026-05-11,0.019178082191780823,P,295.0,0.05168582583921726,14.6,16.25,13.18,0.35071450073242183,16.0,0.0,280.1400146484375
AAPL,AAPL,2026-05-11,0.019178082191780823,P,297.5,0.060124694485081794,16.65,18.45,15.5,0.35816071533203125,8.0,0.0,280.1400146484375
AAPL,AAPL,2026-05-11,0.019178082191780823,P,300.0,0.0684929441555985,18.55,21.6,16.55,0.45203184692382814,2.0,0.0,280.1400146484375
AAPL,AAPL,2026-05-11,0.019178082191780823,P,302.5,0.0767917469702935,21.5,24.3,20.06,0.5041553491210937,1.0,0.0,280.1400146484375
AAPL,AAPL,2026-05-11,0.019178082191780823,P,310.0,0.1012827669785892,29.0,31.35,29.0,0.5583540258789064,1.0,0.0,280.1400146484375
AAPL,AAPL,2026-05-22,0.049315068493150684,C,110.0,-0.9348091647081865,168.3,172.05,159.2,2.372074382324218,1.0,4.0,280.1400146484375
AAPL,AAPL,2026-05-22,0.049315068493150684,C,120.0,-0.8477977877185566,158.3,162.05,154.14,2.172367850341797,,0.0,280.1400146484375
AAPL,AAPL,2026-05-22,0.049315068493150684,C,160.0,-0.5601157152667757,118.3,122.1,123.69,1.522707464599609,1.0,0.0,280.1400146484375
AAPL,AAPL,2026-05-22,0.049315068493150684,C,170.0,-0.4994910934503409,108.35,112.1,90.5,1.382327307128906,,2.0,280.1400146484375
AAPL,AAPL,2026-05-22,0.049315068493150684,C,185.0,-0.4149337054222779,93.35,97.25,97.29,0.6757844921875001,1.0,0.0,280.1400146484375
AAPL,AAPL,2026-05-22,0.049315068493150684,C,190.0,-0.38826545834011655,88.35,92.2,92.27,0.5937540625000001,1.0,1.0,280.1400146484375
AAPL,AAPL,2026-05-22,0.049315068493150684,C,195.0,-0.36228997193685586,83.35,87.2,88.59,0.5546919531250001,1.0,7.0,280.1400146484375
AAPL,AAPL,2026-05-22,0.049315068493150684,C,200.0,-0.33697216395256596,78.55,82.25,72.35,0.639652041015625,4.0,4.0,280.1400146484375
AAPL,AAPL,2026-05-22,0.049315068493150684,C,205.0,-0.31227955136219443,73.45,77.25,66.89,0.567387138671875,1.0,4.0,280.1400146484375
AAPL,AAPL,2026-05-22,0.049315068493150684,C,210.0,-0.2881819997831339,68.45,72.3,71.85,0.543949873046875,2.0,4.0,280.1400146484375
AAPL,AAPL,2026-05-22,0.049315068493150684,C,215.0,-0.2646515023729398,63.5,67.35,56.68,0.5283250292968751,1.0,34.0,280.1400146484375
AAPL,AAPL,2026-05-22,0.049315068493150684,C,220.0,-0.24166198414824117,58.65,62.45,60.85,0.5302781347656251,22.0,24.0,280.1400146484375
AAPL,AAPL,2026-05-22,0.049315068493150684,C,225.0,-0.21918912829618256,53.65,57.5,58.75,0.7526880200195312,4.0,15.0,280.1400146484375
AAPL,AAPL,2026-05-22,0.049315068493150684,C,230.0,-0.19721022157740728,48.7,52.45,41.56,0.6910431286621095,1.0,7.0,280.1400146484375
AAPL,AAPL,2026-05-22,0.049315068493150684,C,235.0,-0.17570401635644367,44.15,46.75,46.77,0.5706830041503907,7.0,37.0,280.1400146484375
AAPL,AAPL,2026-05-22,0.049315068493150684,C,240.0,-0.15465060715861131,39.25,41.7,44.8,0.513554669189453,7.0,109.0,280.1400146484375
AAPL,AAPL,2026-05-22,0.049315068493150684,C,245.0,-0.1340313199558756,34.4,36.8,39.56,0.4703422106933594,21.0,87.0,280.1400146484375
AAPL,AAPL,2026-05-22,0.049315068493150684,C,250.0,-0.11382861263835616,30.45,31.6,33.0,0.4012511047363281,87.0,338.0,280.1400146484375
AAPL,AAPL,2026-05-22,0.049315068493150684,C,255.0,-0.09402598534217654,25.45,26.6,26.35,0.34961587890624996,97.0,330.0,280.1400146484375
AAPL,AAPL,2026-05-22,0.049315068493150684,C,260.0,-0.07460789948507494,21.1,21.7,21.63,0.30445031494140623,165.0,566.0,280.1400146484375
AAPL,AAPL,2026-05-22,0.049315068493150684,C,265.0,-0.05555970451438045,16.8,17.4,17.11,0.2910227148437499,222.0,729.0,280.1400146484375
AAPL,AAPL,2026-05-22,0.049315068493150684,C,270.0,-0.03686757150222788,12.85,13.15,13.02,0.2661206201171875,659.0,1893.0,280.1400146484375
AAPL,AAPL,2026-05-22,0.049315068493150684,C,275.0,-0.01851843283403133,9.3,9.6,9.5,0.25641612731933594,1159.0,2274.0,280.1400146484375
AAPL,AAPL,2026-05-22,0.049315068493150684,C,280.0,-0.000499927331353,6.35,6.55,6.5,0.2456130126953125,1844.0,5441.0,280.1400146484375
AAPL,AAPL,2026-05-22,0.049315068493150684,C,285.0,0.017199649768047935,4.1,4.25,4.2,0.24036404174804685,1504.0,4067.0,280.1400146484375
AAPL,AAPL,2026-05-22,0.049315068493150684,C,290.0,0.03459139247991713,2.53,2.62,2.6,0.23804472900390622,1595.0,5225.0,280.1400146484375
AAPL,AAPL,2026-05-22,0.049315068493150684,C,295.0,0.05168582583921726,1.48,1.56,1.52,0.2386550744628906,887.0,2238.0,280.1400146484375
AAPL,AAPL,2026-05-22,0.049315068493150684,C,300.0,0.0684929441555985,0.85,0.91,0.89,0.24146266357421875,1745.0,1694.0,280.1400146484375
AAPL,AAPL,2026-05-22,0.049315068493150684,C,305.0,0.08502224610680889,0.48,0.53,0.53,0.2461012890625,493.0,900.0,280.1400146484375
AAPL,AAPL,2026-05-22,0.049315068493150684,C,310.0,0.1012827669785892,0.26,0.31,0.29,0.25196060546875,627.0,601.0,280.1400146484375
AAPL,AAPL,2026-05-22,0.049315068493150684,C,315.0,0.11728310832503036,0.15,0.19,0.17,0.2602613037109375,499.0,351.0,280.1400146484375
AAPL,AAPL,2026-05-22,0.049315068493150684,C,320.0,0.13303146529316953,0.09,0.13,0.11,0.27246821289062495,394.0,214.0,280.1400146484375
AAPL,AAPL,2026-05-22,0.049315068493150684,C,325.0,0.1485356518291348,0.05,0.08,0.09,0.27930408203124996,180.0,44.0,280.1400146484375
AAPL,AAPL,2026-05-22,0.049315068493150684,C,330.0,0.16380312395992325,0.03,0.08,0.07,0.30371790039062496,68.0,393.0,280.1400146484375
AAPL,AAPL,2026-05-22,0.049315068493150684,C,335.0,0.1788410013244638,0.03,0.06,0.05,0.31641308593749995,8.0,58.0,280.1400146484375
AAPL,AAPL,2026-05-22,0.049315068493150684,C,340.0,0.19365608710960444,0.01,0.05,0.04,0.3320379296875,1.0,30.0,280.1400146484375
AAPL,AAPL,2026-05-22,0.049315068493150684,C,345.0,0.20825488653075713,0.01,0.07,0.04,0.36817038085937503,2.0,13.0,280.1400146484375
AAPL,AAPL,2026-05-22,0.049315068493150684,C,350.0,0.22264362398285675,0.01,0.05,0.03,0.37500625,1.0,3.0,280.1400146484375
AAPL,AAPL,2026-05-22,0.049315068493150684,C,355.0,0.2368282589748132,0.0,0.09,0.09,0.42383388671875,1.0,2.0,280.1400146484375
AAPL,AAPL,2026-05-22,0.049315068493150684,C,360.0,0.2508145009495531,0.0,0.09,0.11,0.445318046875,,2.0,280.1400146484375
AAPL,AAPL,2026-05-22,0.049315068493150684,C,365.0,0.2646078230818889,0.02,0.08,0.03,0.46094289062500005,6.0,0.0,280.1400146484375
AAPL,AAPL,2026-05-22,0.049315068493150684,C,375.0,0.2916364954698081,0.0,0.5,0.02,0.5800823242187501,2.0,0.0,280.1400146484375
AAPL,AAPL,2026-05-22,0.049315068493150684,P,110.0,-0.9348091647081865,0.0,0.02,0.01,1.2500037499999999,133.0,227.0,280.1400146484375
AAPL,AAPL,2026-05-22,0.049315068493150684,P,120.0,-0.8477977877185566,0.0,0.5,0.01,1.5800802246093748,1.0,22.0,280.1400146484375
AAPL,AAPL,2026-05-22,0.049315068493150684,P,125.0,-0.8069757931983015,0.0,0.5,0.01,1.509768076171875,24.0,55.0,280.1400146484375
AAPL,AAPL,2026-05-22,0.049315068493150684,P,130.0,-0.7677550800450202,0.0,0.5,0.02,1.44140904296875,197.0,235.0,280.1400146484375
AAPL,AAPL,2026-05-22,0.049315068493150684,P,135.0,-0.7300147520621731,0.0,0.5,0.01,1.376956240234375,18.0,70.0,280.1400146484375
AAPL,AAPL,2026-05-22,0.049315068493150684,P,140.0,-0.6936471078912984,0.0,0.5,0.01,1.3134799951171874,8.0,77.0,280.1400146484375
AAPL,AAPL,2026-05-22,0.049315068493150684,P,145.0,-0.6585557880800281,0.0,0.46,0.01,1.2382850585937497,2.0,58.0,280.1400146484375
AAPL,AAPL,2026-05-22,0.049315068493150684,P,150.0,-0.6246542364043468,0.0,0.48,0.05,1.1875040625,3.0,62.0,280.1400146484375
AAPL,AAPL,2026-05-22,0.049315068493150684,P,155.0,-0.5918644135813561,0.0,0.5,0.03,1.1367230664062502,,14.0,280.1400146484375
AAPL,AAPL,2026-05-22,0.049315068493150684,P,160.0,-0.5601157152667757,0.0,0.5,0.06,1.08203583984375,,5.0,280.1400146484375
AAPL,AAPL,2026-05-22,0.049315068493150684,P,165.0,-0.529344056600022,0.0,0.47,0.04,1.01953615234375,,3.0,280.1400146484375
AAPL,AAPL,2026-05-22,0.049315068493150684,P,170.0,-0.4994910934503409,0.0,0.44,0.05,0.9589847851562499,3.0,5.0,280.1400146484375
AAPL,AAPL,2026-05-22,0.049315068493150684,P,175.0,-0.47050355657708853,0.0,0.4,0.03,0.8964854101562498,3.0,70.0,280.1400146484375
AAPL,AAPL,2026-05-22,0.049315068493150684,P,180.0,-0.4423326796103922,0.0,0.23,0.04,0.79101771484375,27.0,209.0,280.1400146484375
AAPL,AAPL,2026-05-22,0.049315068493150684,P,185.0,-0.4149337054222779,0.01,0.14,0.05,0.70898728515625,9.0,203.0,280.1400146484375
AAPL,AAPL,2026-05-22,0.049315068493150684,P,190.0,-0.38826545834011655,0.02,0.05,0.04,0.6132851171875001,3.0,119.0,280.1400146484375
AAPL,AAPL,2026-05-22,0.049315068493150684,P,195.0,-0.36228997193685586,0.03,0.07,0.02,0.5996133789062501,18.0,186.0,280.1400146484375
AAPL,AAPL,2026-05-22,0.049315068493150684,P,200.0,-0.33697216395256596,0.04,0.07,0.05,0.5664105859375,82.0,10696.0,280.1400146484375
AAPL,AAPL,2026-05-22,0.049315068493150684,P,205.0,-0.31227955136219443,0.05,0.1,0.06,0.5488326367187502,61.0,243.0,280.1400146484375
AAPL,AAPL,2026-05-22,0.049315068493150684,P,210.0,-0.2881819997831339,0.08,0.1,0.08,0.5214891601562499,670.0,156.0,280.1400146484375
AAPL,AAPL,2026-05-22,0.049315068493150684,P,215.0,-0.2646515023729398,0.08,0.13,0.09,0.507817421875,23.0,379.0,280.1400146484375
AAPL,AAPL,2026-05-22,0.049315068493150684,P,220.0,-0.24166198414824117,0.13,0.17,0.14,0.48633326171875,56.0,558.0,280.1400146484375
AAPL,AAPL,2026-05-22,0.049315068493150684,P,225.0,-0.21918912829618256,0.14,0.21,0.14,0.46094289062500005,121.0,434.0,280.1400146484375
AAPL,AAPL,2026-05-22,0.049315068493150684,P,230.0,-0.19721022157740728,0.19,0.23,0.17,0.4272518212890626,83.0,519.0,280.1400146484375
AAPL,AAPL,2026-05-22,0.049315068493150684,P,235.0,-0.17570401635644367,0.26,0.27,0.26,0.3979552392578125,228.0,599.0,280.1400146484375
AAPL,AAPL,2026-05-22,0.049315068493150684,P,240.0,-0.15465060715861131,0.3,0.34,0.32,0.3723207299804688,264.0,890.0,280.1400146484375
AAPL,AAPL,2026-05-22,0.049315068493150684,P,245.0,-0.1340313199558756,0.38,0.42,0.39,0.344733115234375,273.0,650.0,280.1400146484375
AAPL,AAPL,2026-05-22,0.049315068493150684,P,250.0,-0.11382861263835616,0.5,0.55,0.52,0.3200751586914062,348.0,1127.0,280.1400146484375
AAPL,AAPL,2026-05-22,0.049315068493150684,P,255.0,-0.09402598534217654,0.68,0.74,0.71,0.2963937548828125,636.0,930.0,280.1400146484375
AAPL,AAPL,2026-05-22,0.049315068493150684,P,260.0,-0.07460789948507494,1.0,1.07,1.03,0.27686270019531245,988.0,631.0,280.1400146484375
AAPL,AAPL,2026-05-22,0.049315068493150684,P,265.0,-0.05555970451438045,1.53,1.66,1.57,0.26319096191406255,427.0,980.0,280.1400146484375
AAPL,AAPL,2026-05-22,0.049315068493150684,P,270.0,-0.03686757150222788,2.44,2.64,2.48,0.25403578002929694,732.0,928.0,280.1400146484375
AAPL,AAPL,2026-05-22,0.049315068493150684,P,275.0,-0.01851843283403133,3.85,4.05,3.95,0.2442702526855469,428.0,357.0,280.1400146484375
AAPL,AAPL,2026-05-22,0.049315068493150684,P,280.0,-0.000499927331353,5.9,6.15,6.15,0.23987576538085933,908.0,299.0,280.1400146484375
AAPL,AAPL,2026-05-22,0.049315068493150684,P,285.0,0.017199649768047935,8.3,9.15,8.7,0.24634542724609376,336.0,173.0,280.1400146484375
AAPL,AAPL,2026-05-22,0.049315068493150684,P,290.0,0.03459139247991713,11.7,12.65,9.45,0.2507399145507812,81.0,14.0,280.1400146484375
AAPL,AAPL,2026-05-22,0.049315068493150684,P,295.0,0.05168582583921726,15.25,17.5,16.5,0.3006661730957031,5.0,1.0,280.1400146484375
AAPL,AAPL,2026-05-22,0.049315068493150684,P,300.0,0.0684929441555985,19.9,21.5,20.8,0.2973703076171874,35.0,8.0,280.1400146484375
AAPL,AAPL,2026-05-22,0.049315068493150684,P,305.0,0.08502224610680889,23.65,27.05,33.75,0.3758607336425781,1.0,1.0,280.1400146484375
AAPL,AAPL,2026-06-12,0.10684931506849316,C,200.0,-0.33697216395256596,78.85,82.9,74.83,0.5578657495117189,,1.0,280.1400146484375
AAPL,AAPL,2026-06-12,0.10684931506849316,C,220.0,-0.24166198414824117,59.2,63.15,67.27,0.6079140771484376,1.0,2.0,280.1400146484375
AAPL,AAPL,2026-06-12,0.10684931506849316,C,235.0,-0.17570401635644367,44.7,48.6,37.39,0.5053760400390624,,25.0,280.1400146484375
AAPL,AAPL,2026-06-12,0.10684931506849316,C,240.0,-0.15465060715861131,39.9,43.7,45.5,0.46753462158203124,1.0,1.0,280.1400146484375
AAPL,AAPL,2026-06-12,0.10684931506849316,C,245.0,-0.1340313199558756,35.1,38.85,38.13,0.4314632049560547,1.0,1.0,280.1400146484375
AAPL,AAPL,2026-06-12,0.10684931506849316,C,250.0,-0.11382861263835616,30.6,34.2,35.34,0.40259386474609377,40.0,2.0,280.1400146484375
AAPL,AAPL,2026-06-12,0.10684931506849316,C,260.0,-0.07460789948507494,21.85,25.3,23.47,0.35156898437499995,14.0,15.0,280.1400146484375
AAPL,AAPL,2026-06-12,0.10684931506849316,C,265.0,-0.05555970451438045,18.3,20.7,19.25,0.3157417059326171,140.0,11.0,280.1400146484375
AAPL,AAPL,2026-06-12,0.10684931506849316,C,270.0,-0.03686757150222788,15.4,16.45,15.38,0.2866282275390625,79.0,42.0,280.1400146484375
AAPL,AAPL,2026-06-12,0.10684931506849316,C,275.0,-0.01851843283403133,11.95,13.0,12.3,0.27374993835449213,487.0,78.0,280.1400146484375
AAPL,AAPL,2026-06-12,0.10684931506849316,C,280.0,-0.000499927331353,9.0,9.75,9.3,0.25702647277832036,202.0,28.0,280.1400146484375
AAPL,AAPL,2026-06-12,0.10684931506849316,C,285.0,0.017199649768047935,6.6,7.2,6.87,0.2483595672607422,275.0,8.0,280.1400146484375
AAPL,AAPL,2026-06-12,0.10684931506849316,C,290.0,0.03459139247991713,4.95,5.25,5.1,0.24469749450683598,848.0,179.0,280.1400146484375
AAPL,AAPL,2026-06-12,0.10684931506849316,C,295.0,0.05168582583921726,3.35,3.7,3.55,0.2410354217529297,3749.0,7.0,280.1400146484375
AAPL,AAPL,2026-06-12,0.10684931506849316,C,300.0,0.0684929441555985,2.16,2.55,2.39,0.23889921264648437,728.0,50.0,280.1400146484375
AAPL,AAPL,2026-06-12,0.10684931506849316,C,305.0,0.08502224610680889,1.5,1.74,1.74,0.23853300537109373,240.0,125.0,280.1400146484375
AAPL,AAPL,2026-06-12,0.10684931506849316,C,310.0,0.1012827669785892,0.96,1.2,1.13,0.2406081799316406,50.0,2.0,280.1400146484375
AAPL,AAPL,2026-06-12,0.10684931506849316,C,315.0,0.11728310832503036,0.54,0.85,0.76,0.245124736328125,168.0,124.0,280.1400146484375
AAPL,AAPL,2026-06-12,0.10684931506849316,C,320.0,0.13303146529316953,0.44,0.58,0.54,0.2475661181640625,20.0,124.0,280.1400146484375
AAPL,AAPL,2026-06-12,0.10684931506849316,C,325.0,0.1485356518291348,0.23,0.45,0.42,0.2567213000488281,15.0,1.0,280.1400146484375
AAPL,AAPL,2026-06-12,0.10684931506849316,C,330.0,0.16380312395992325,0.18,0.34,0.27,0.26392337646484376,128.0,0.0,280.1400146484375
AAPL,AAPL,2026-06-12,0.10684931506849316,C,335.0,0.1788410013244638,0.09,0.34,0.44,0.2834544311523437,,3.0,280.1400146484375
AAPL,AAPL,2026-06-12,0.10684931506849316,C,340.0,0.19365608710960444,0.01,0.43,0.16,0.3149482568359374,,4.0,280.1400146484375
AAPL,AAPL,2026-06-12,0.10684931506849316,C,350.0,0.22264362398285675,0.01,0.65,0.24,0.3797669445800781,20.0,,280.1400146484375
AAPL,AAPL,2026-06-12,0.10684931506849316,P,195.0,-0.36228997193685586,0.0,0.19,0.15,0.49268085449218757,6.0,,280.1400146484375
AAPL,AAPL,2026-06-12,0.10684931506849316,P,200.0,-0.33697216395256596,0.0,0.5,0.18,0.5366257275390626,,169.0,280.1400146484375
AAPL,AAPL,2026-06-12,0.10684931506849316,P,210.0,-0.2881819997831339,0.14,0.35,0.31,0.4419001123046875,2.0,0.0,280.1400146484375
AAPL,AAPL,2026-06-12,0.10684931506849316,P,215.0,-0.2646515023729398,0.1,0.57,0.98,0.44751529052734373,,16.0,280.1400146484375
AAPL,AAPL,2026-06-12,0.10684931506849316,P,220.0,-0.24166198414824117,0.2,0.65,0.39,0.4255428540039063,1.0,227.0,280.1400146484375
AAPL,AAPL,2026-06-12,0.10684931506849316,P,225.0,-0.21918912829618256,0.39,0.52,0.45,0.375982802734375,4.0,0.0,280.1400146484375
AAPL,AAPL,2026-06-12,0.10684931506849316,P,230.0,-0.19721022157740728,0.21,0.76,0.52,0.37183245361328127,2.0,11.0,280.1400146484375
AAPL,AAPL,2026-06-12,0.10684931506849316,P,235.0,-0.17570401635644367,0.63,0.85,0.67,0.3474186352539062,2.0,20.0,280.1400146484375
AAPL,AAPL,2026-06-12,0.10684931506849316,P,240.0,-0.15465060715861131,0.79,0.98,0.9,0.32483585327148434,36.0,52.0,280.1400146484375
AAPL,AAPL,2026-06-12,0.10684931506849316,P,245.0,-0.1340313199558756,1.05,1.2,1.1,0.3064034204101562,21.0,49.0,280.1400146484375
AAPL,AAPL,2026-06-12,0.10684931506849316,P,250.0,-0.11382861263835616,1.38,1.7,1.29,0.30005582763671873,54.0,17.0,280.1400146484375
AAPL,AAPL,2026-06-12,0.10684931506849316,P,255.0,-0.09402598534217654,1.74,2.09,1.92,0.2811961529541015,209.0,6.0,280.1400146484375
AAPL,AAPL,2026-06-12,0.10684931506849316,P,260.0,-0.07460789948507494,2.41,2.85,2.53,0.2724071783447265,176.0,13.0,280.1400146484375
AAPL,AAPL,2026-06-12,0.10684931506849316,P,265.0,-0.05555970451438045,3.2,3.9,3.39,0.2655102746582031,62.0,4.0,280.1400146484375
AAPL,AAPL,2026-06-12,0.10684931506849316,P,270.0,-0.03686757150222788,4.45,4.85,4.69,0.24665059997558597,115.0,40.0,280.1400146484375
AAPL,AAPL,2026-06-12,0.10684931506849316,P,275.0,-0.01851843283403133,6.15,6.5,6.25,0.2393264544677734,98.0,17.0,280.1400146484375
AAPL,AAPL,2026-06-12,0.10684931506849316,P,280.0,-0.000499927331353,8.15,8.6,8.4,0.23303989624023438,74.0,1.0,280.1400146484375
AAPL,AAPL,2026-06-12,0.10684931506849316,P,285.0,0.017199649768047935,10.6,11.45,10.5,0.23493196716308595,116.0,0.0,280.1400146484375
AAPL,AAPL,2026-06-12,0.10684931506849316,P,290.0,0.03459139247991713,13.7,14.65,12.06,0.2346878289794922,11.0,0.0,280.1400146484375
AAPL,AAPL,2026-06-12,0.10684931506849316,P,295.0,0.05168582583921726,17.0,18.65,15.58,0.24750508361816403,1.0,0.0,280.1400146484375
AAPL,AAPL,2026-09-18,0.37534246575342467,C,50.0,-1.7232665250724566,228.45,232.25,231.45,1.0625046875000002,1.0,38.0,280.1400146484375
AAPL,AAPL,2026-09-18,0.37534246575342467,C,55.0,-1.6279563452681318,223.5,227.45,191.87,1.1015669921875002,5.0,38.0,280.1400146484375
AAPL,AAPL,2026-09-18,0.37534246575342467,C,75.0,-1.3178014169642922,203.85,207.7,198.36,1.0053760668945313,14.0,81.0,280.1400146484375
AAPL,AAPL,2026-09-18,0.37534246575342467,C,80.0,-1.2532628958267211,198.95,202.85,175.19,0.989257919921875,1.0,109.0,280.1400146484375
AAPL,AAPL,2026-09-18,0.37534246575342467,C,90.0,-1.1354798601703375,189.15,193.0,180.65,0.9355475195312499,1.0,26.0,280.1400146484375
AAPL,AAPL,2026-09-18,0.37534246575342467,C,95.0,-1.0814126389000618,184.35,188.05,161.7,0.9147957739257813,2.0,11.0,280.1400146484375
AAPL,AAPL,2026-09-18,0.37534246575342467,C,100.0,-1.0301193445125112,179.35,182.95,185.2,0.8664564135742188,1.0,132.0,280.1400146484375
AAPL,AAPL,2026-09-18,0.37534246575342467,C,105.0,-0.9813291803430793,174.35,178.2,146.95,0.8469253588867187,1.0,15.0,280.1400146484375
AAPL,AAPL,2026-09-18,0.37534246575342467,C,110.0,-0.9348091647081865,169.5,173.3,161.38,0.8266618896484373,1.0,41.0,280.1400146484375
AAPL,AAPL,2026-09-18,0.37534246575342467,C,120.0,-0.8477977877185566,159.6,163.55,153.87,0.7762473547363282,5.0,121.0,280.1400146484375
AAPL,AAPL,2026-09-18,0.37534246575342467,C,125.0,-0.8069757931983015,154.8,157.85,161.96,0.7146024633789063,1.0,694.0,280.1400146484375
AAPL,AAPL,2026-09-18,0.37534246575342467,C,135.0,-0.7300147520621731,144.9,148.85,137.35,0.7067900415039063,1.0,81.0,280.1400146484375
AAPL,AAPL,2026-09-18,0.37534246575342467,C,140.0,-0.6936471078912984,140.6,143.4,132.01,0.6860382958984376,1.0,1848.0,280.1400146484375
AAPL,AAPL,2026-09-18,0.37534246575342467,C,145.0,-0.6585557880800281,135.35,138.6,137.4,0.6536899865722658,1.0,80.0,280.1400146484375
AAPL,AAPL,2026-09-18,0.37534246575342467,C,150.0,-0.6246542364043468,130.45,133.95,133.84,0.6408727319335938,17.0,99.0,280.1400146484375
AAPL,AAPL,2026-09-18,0.37534246575342467,C,155.0,-0.5918644135813561,125.55,129.25,115.4,0.625125819091797,1.0,94.0,280.1400146484375
AAPL,AAPL,2026-09-18,0.37534246575342467,C,160.0,-0.5601157152667757,120.7,124.4,125.55,0.6058389025878907,1.0,101.0,280.1400146484375
AAPL,AAPL,2026-09-18,0.37534246575342467,C,170.0,-0.4994910934503409,110.85,114.7,116.12,0.5627485131835939,1.0,170.0,280.1400146484375
AAPL,AAPL,2026-09-18,0.37534246575342467,C,175.0,-0.47050355657708853,106.5,109.55,109.52,0.5482222912597658,3.0,179.0,280.1400146484375
AAPL,AAPL,2026-09-18,0.37534246575342467,C,180.0,-0.4423326796103922,102.15,104.3,95.57,0.5307664111328125,2.0,216.0,280.1400146484375
AAPL,AAPL,2026-09-18,0.37534246575342467,C,185.0,-0.4149337054222779,97.25,99.55,92.0,0.5118457019042968,1.0,326.0,280.1400146484375
AAPL,AAPL,2026-09-18,0.37534246575342467,C,190.0,-0.38826545834011655,91.85,95.15,96.55,0.5509688458251953,2.0,373.0,280.1400146484375
AAPL,AAPL,2026-09-18,0.37534246575342467,C,195.0,-0.36228997193685586,87.65,89.85,89.1,0.5128222546386718,4.0,1032.0,280.1400146484375
AAPL,AAPL,2026-09-18,0.37534246575342467,C,200.0,-0.33697216395256596,83.6,84.95,88.75,0.48895774719238294,24.0,1613.0,280.1400146484375
AAPL,AAPL,2026-09-18,0.37534246575342467,C,205.0,-0.31227955136219443,78.8,80.1,83.72,0.46680220703125,1.0,1545.0,280.1400146484375
AAPL,AAPL,2026-09-18,0.37534246575342467,C,210.0,-0.2881819997831339,73.95,74.95,75.47,0.43579665771484377,48.0,2552.0,280.1400146484375
AAPL,AAPL,2026-09-18,0.37534246575342467,C,215.0,-0.2646515023729398,69.8,70.4,72.83,0.4226437130737304,7.0,710.0,280.1400146484375
AAPL,AAPL,2026-09-18,0.37534246575342467,C,220.0,-0.24166198414824117,65.35,65.85,65.67,0.40845318115234375,22.0,1420.0,280.1400146484375
AAPL,AAPL,2026-09-18,0.37534246575342467,C,225.0,-0.21918912829618256,60.85,61.4,61.45,0.3958190301513672,2.0,810.0,280.1400146484375
AAPL,AAPL,2026-09-18,0.37534246575342467,C,230.0,-0.19721022157740728,56.45,56.95,56.74,0.38196418823242184,120.0,2107.0,280.1400146484375
AAPL,AAPL,2026-09-18,0.37534246575342467,C,235.0,-0.17570401635644367,52.15,52.6,52.88,0.3692079681396484,5.0,2021.0,280.1400146484375
AAPL,AAPL,2026-09-18,0.37534246575342467,C,240.0,-0.15465060715861131,47.95,48.3,48.95,0.35617709259033203,73.0,3721.0,280.1400146484375
AAPL,AAPL,2026-09-18,0.37534246575342467,C,245.0,-0.1340313199558756,43.8,44.2,43.8,0.34561811614990234,35.0,1236.0,280.1400146484375
AAPL,AAPL,2026-09-18,0.37534246575342467,C,250.0,-0.11382861263835616,39.8,40.15,40.1,0.33423517333984376,280.0,4616.0,280.1400146484375
AAPL,AAPL,2026-09-18,0.37534246575342467,C,255.0,-0.09402598534217654,36.0,36.35,36.08,0.3254461987304687,63.0,4024.0,280.1400146484375
AAPL,AAPL,2026-09-18,0.37534246575342467,C,260.0,-0.07460789948507494,32.3,32.65,32.5,0.3161689477539062,40292.0,5777.0,280.1400146484375
AAPL,AAPL,2026-09-18,0.37534246575342467,C,265.0,-0.05555970451438045,28.75,29.15,29.03,0.3078987667846679,154.0,5772.0,280.1400146484375
AAPL,AAPL,2026-09-18,0.37534246575342467,C,270.0,-0.03686757150222788,25.45,25.85,25.8,0.3002999658203125,462.0,8331.0,280.1400146484375
AAPL,AAPL,2026-09-18,0.37534246575342467,C,275.0,-0.01851843283403133,22.45,22.7,22.5,0.29242650939941395,651.0,5284.0,280.1400146484375
AAPL,AAPL,2026-09-18,0.37534246575342467,C,280.0,-0.000499927331353,19.55,19.75,19.68,0.2848582257080078,1118.0,9644.0,280.1400146484375
AAPL,AAPL,2026-09-18,0.37534246575342467,C,285.0,0.017199649768047935,16.95,17.15,17.0,0.27957873748779294,1461.0,6700.0,280.1400146484375
AAPL,AAPL,2026-09-18,0.37534246575342467,C,290.0,0.03459139247991713,14.55,14.75,14.55,0.2742992492675781,962.0,8742.0,280.1400146484375
AAPL,AAPL,2026-09-18,0.37534246575342467,C,295.0,0.05168582583921726,12.45,12.6,12.59,0.2696911410522461,261.0,4436.0,280.1400146484375
AAPL,AAPL,2026-09-18,0.37534246575342467,C,300.0,0.0684929441555985,10.55,10.75,10.75,0.2665783792114258,3202.0,22029.0,280.1400146484375
AAPL,AAPL,2026-09-18,0.37534246575342467,C,305.0,0.08502224610680889,8.9,9.05,9.05,0.2627942373657227,806.0,4812.0,280.1400146484375
AAPL,AAPL,2026-09-18,0.37534246575342467,C,310.0,0.1012827669785892,7.45,7.6,7.5,0.2600171655273438,781.0,10075.0,280.1400146484375
AAPL,AAPL,2026-09-18,0.37534246575342467,C,315.0,0.11728310832503036,6.2,6.35,6.41,0.2576978527832031,695.0,1929.0,280.1400146484375
AAPL,AAPL,2026-09-18,0.37534246575342467,C,320.0,0.13303146529316953,5.1,5.25,5.2,0.255164919128418,793.0,2989.0,280.1400146484375
AAPL,AAPL,2026-09-18,0.37534246575342467,C,325.0,0.1485356518291348,4.25,4.4,4.48,0.25476819458007816,458.0,1294.0,280.1400146484375
AAPL,AAPL,2026-09-18,0.37534246575342467,C,330.0,0.16380312395992325,3.55,3.65,3.6,0.25391371093750004,452.0,4515.0,280.1400146484375
AAPL,AAPL,2026-09-18,0.37534246575342467,C,335.0,0.1788410013244638,2.94,3.05,3.02,0.25403578002929694,212.0,1224.0,280.1400146484375
AAPL,AAPL,2026-09-18,0.37534246575342467,C,340.0,0.19365608710960444,2.43,2.49,2.45,0.2528150891113281,111.0,1727.0,280.1400146484375
AAPL,AAPL,2026-09-18,0.37534246575342467,C,345.0,0.20825488653075713,2.01,2.08,2.11,0.25354750366210943,536.0,1236.0,280.1400146484375
AAPL,AAPL,2026-09-18,0.37534246575342467,C,350.0,0.22264362398285675,1.66,1.72,1.64,0.2537306072998047,1358.0,4973.0,280.1400146484375
AAPL,AAPL,2026-09-18,0.37534246575342467,C,360.0,0.2508145009495531,1.15,1.2,1.26,0.2557447473144532,27.0,1071.0,280.1400146484375
AAPL,AAPL,2026-09-18,0.37534246575342467,C,370.0,0.2782134751376674,0.8,0.84,0.85,0.2580640600585938,130.0,725.0,280.1400146484375
AAPL,AAPL,2026-09-18,0.37534246575342467,C,380.0,0.30488172221982873,0.55,0.6,0.6,0.26148199462890626,102.0,304.0,280.1400146484375
AAPL,AAPL,2026-09-18,0.37534246575342467,C,390.0,0.3308572086230894,0.4,0.43,0.43,0.264655791015625,16.0,726.0,280.1400146484375
AAPL,AAPL,2026-09-18,0.37534246575342467,C,400.0,0.3561750166073793,0.29,0.31,0.3,0.26807372558593745,139.0,3525.0,280.1400146484375
AAPL,AAPL,2026-09-18,0.37534246575342467,C,410.0,0.38086762919775086,0.2,0.25,0.25,0.2751537329101562,82.0,222.0,280.1400146484375
AAPL,AAPL,2026-09-18,0.37534246575342467,C,420.0,0.4049651807768114,0.13,0.18,0.17,0.2778392529296875,21.0,246.0,280.1400146484375
AAPL,AAPL,2026-09-18,0.37534246575342467,C,430.0,0.4284956781870055,0.1,0.14,0.14,0.2827220166015625,80.0,51.0,280.1400146484375
AAPL,AAPL,2026-09-18,0.37534246575342467,C,440.0,0.45148519641170415,0.07,0.11,0.11,0.2876047802734374,8.0,152.0,280.1400146484375
AAPL,AAPL,2026-09-18,0.37534246575342467,C,450.0,0.47395805226376275,0.05,0.09,0.09,0.29395237304687494,4.0,1662.0,280.1400146484375
AAPL,AAPL,2026-09-18,0.37534246575342467,C,460.0,0.49593695898253803,0.02,0.27,0.05,0.34717449707031245,14.0,99.0,280.1400146484375
AAPL,AAPL,2026-09-18,0.37534246575342467,C,470.0,0.5174431642035017,0.04,0.09,0.1,0.31690136230468746,50.0,52.0,280.1400146484375
AAPL,AAPL,2026-09-18,0.37534246575342467,C,480.0,0.5384965734013339,0.0,0.61,0.03,0.4157773266601562,1.0,133.0,280.1400146484375
AAPL,AAPL,2026-09-18,0.37534246575342467,C,490.0,0.5591158606040697,0.01,0.07,0.04,0.33008482421874996,26.0,361.0,280.1400146484375
AAPL,AAPL,2026-09-18,0.37534246575342467,C,500.0,0.5793185679215892,0.01,0.14,0.03,0.366217275390625,1.0,913.0,280.1400146484375
AAPL,AAPL,2026-09-18,0.37534246575342467,C,510.0,0.5991211952177687,0.0,0.32,0.03,0.4157773266601562,1.0,91.0,280.1400146484375
AAPL,AAPL,2026-09-18,0.37534246575342467,C,520.0,0.6185392810748703,0.0,0.24,0.05,0.41211525390625,15.0,546.0,280.1400146484375
AAPL,AAPL,2026-09-18,0.37534246575342467,C,530.0,0.6375874760455649,0.01,0.02,0.01,0.3320379296875,27.0,4538.0,280.1400146484375
AAPL,AAPL,2026-09-18,0.37534246575342467,P,50.0,-1.7232665250724566,0.0,0.02,0.01,0.85937640625,32.0,872.0,280.1400146484375
AAPL,AAPL,2026-09-18,0.37534246575342467,P,55.0,-1.6279563452681318,0.01,0.12,0.04,0.9609378906249999,4.0,1291.0,280.1400146484375
AAPL,AAPL,2026-09-18,0.37534246575342467,P,60.0,-1.540944968278502,0.0,0.29,0.03,0.992187578125,11.0,94.0,280.1400146484375
AAPL,AAPL,2026-09-18,0.37534246575342467,P,65.0,-1.4609022606049655,0.0,0.0,0.05,0.500005,3.0,0.0,280.1400146484375
AAPL,AAPL,2026-09-18,0.37534246575342467,P,70.0,-1.3867942884512436,0.0,0.67,0.02,0.992187578125,2.0,142.0,280.1400146484375
AAPL,AAPL,2026-09-18,0.37534246575342467,P,75.0,-1.3178014169642922,0.0,0.63,0.05,0.9370123486328125,100.0,210.0,280.1400146484375
AAPL,AAPL,2026-09-18,0.37534246575342467,P,80.0,-1.2532628958267211,0.0,0.08,0.02,0.710940390625,1.0,82.0,280.1400146484375
AAPL,AAPL,2026-09-18,0.37534246575342467,P,85.0,-1.192638274010286,0.01,0.53,0.03,0.8349625878906248,12.0,58.0,280.1400146484375
AAPL,AAPL,2026-09-18,0.37534246575342467,P,90.0,-1.1354798601703375,0.02,0.47,0.21,0.7866232275390624,2.0,112.0,280.1400146484375
AAPL,AAPL,2026-09-18,0.37534246575342467,P,95.0,-1.0814126389000618,0.02,0.09,0.05,0.6347692773437501,1.0,147.0,280.1400146484375
AAPL,AAPL,2026-09-18,0.37534246575342467,P,100.0,-1.0301193445125112,0.04,0.1,0.05,0.6210975390625001,2.0,631.0,280.1400146484375
AAPL,AAPL,2026-09-18,0.37534246575342467,P,105.0,-0.9813291803430793,0.04,0.24,0.05,0.64062859375,7.0,205.0,280.1400146484375
AAPL,AAPL,2026-09-18,0.37534246575342467,P,110.0,-0.9348091647081865,0.05,0.14,0.1,0.585941640625,1.0,251.0,280.1400146484375
AAPL,AAPL,2026-09-18,0.37534246575342467,P,115.0,-0.8903574021373526,0.07,0.11,0.1,0.5556685058593751,2.0,378.0,280.1400146484375
AAPL,AAPL,2026-09-18,0.37534246575342467,P,120.0,-0.8477977877185566,0.09,0.12,0.11,0.5400436621093752,12.0,2230.0,280.1400146484375
AAPL,AAPL,2026-09-18,0.37534246575342467,P,125.0,-0.8069757931983015,0.1,0.15,0.42,0.526371923828125,1.0,180.0,280.1400146484375
AAPL,AAPL,2026-09-18,0.37534246575342467,P,130.0,-0.7677550800450202,0.14,0.16,0.14,0.5127001855468749,1.0,866.0,280.1400146484375
AAPL,AAPL,2026-09-18,0.37534246575342467,P,135.0,-0.7300147520621731,0.16,0.2,0.25,0.5004932763671875,1.0,157.0,280.1400146484375
AAPL,AAPL,2026-09-18,0.37534246575342467,P,140.0,-0.6936471078912984,0.2,0.23,0.26,0.49268085449218757,101.0,677.0,280.1400146484375
AAPL,AAPL,2026-09-18,0.37534246575342467,P,145.0,-0.6585557880800281,0.24,0.27,0.29,0.47998566894531247,2.0,633.0,280.1400146484375
AAPL,AAPL,2026-09-18,0.37534246575342467,P,150.0,-0.6246542364043468,0.28,0.31,0.37,0.46631393066406257,200.0,3869.0,280.1400146484375
AAPL,AAPL,2026-09-18,0.37534246575342467,P,155.0,-0.5918644135813561,0.33,0.37,0.35,0.4555718505859375,26.0,1166.0,280.1400146484375
AAPL,AAPL,2026-09-18,0.37534246575342467,P,160.0,-0.5601157152667757,0.39,0.43,0.39,0.44360907958984375,131.0,4256.0,280.1400146484375
AAPL,AAPL,2026-09-18,0.37534246575342467,P,165.0,-0.529344056600022,0.48,0.51,0.44,0.43335527587890627,3.0,2650.0,280.1400146484375
AAPL,AAPL,2026-09-18,0.37534246575342467,P,170.0,-0.4994910934503409,0.57,0.6,0.57,0.422857333984375,302.0,3776.0,280.1400146484375
AAPL,AAPL,2026-09-18,0.37534246575342467,P,175.0,-0.47050355657708853,0.66,0.7,0.63,0.41211525390625,13.0,1921.0,280.1400146484375
AAPL,AAPL,2026-09-18,0.37534246575342467,P,180.0,-0.4423326796103922,0.78,0.81,0.7,0.4008848974609375,71.0,4547.0,280.1400146484375
AAPL,AAPL,2026-09-18,0.37534246575342467,P,185.0,-0.4149337054222779,0.9,0.94,0.91,0.39038695556640624,4.0,5414.0,280.1400146484375
AAPL,AAPL,2026-09-18,0.37534246575342467,P,190.0,-0.38826545834011655,1.05,1.09,1.06,0.379889013671875,30.0,3261.0,280.1400146484375
AAPL,AAPL,2026-09-18,0.37534246575342467,P,195.0,-0.36228997193685586,1.22,1.26,1.21,0.3695131408691406,459.0,6621.0,280.1400146484375
AAPL,AAPL,2026-09-18,0.37534246575342467,P,200.0,-0.33697216395256596,1.42,1.45,1.4,0.3588931298828125,50.0,11474.0,280.1400146484375
AAPL,AAPL,2026-09-18,0.37534246575342467,P,205.0,-0.31227955136219443,1.64,1.68,1.65,0.3490055334472656,16.0,8206.0,280.1400146484375
AAPL,AAPL,2026-09-18,0.37534246575342467,P,210.0,-0.2881819997831339,1.9,1.95,1.95,0.3394841442871094,81.0,7225.0,280.1400146484375
AAPL,AAPL,2026-09-18,0.37534246575342467,P,215.0,-0.2646515023729398,2.23,2.27,2.23,0.3303899969482421,143.0,6032.0,280.1400146484375
AAPL,AAPL,2026-09-18,0.37534246575342467,P,220.0,-0.24166198414824117,2.6,2.64,2.6,0.32141791870117187,82.0,8614.0,280.1400146484375
AAPL,AAPL,2026-09-18,0.37534246575342467,P,225.0,-0.21918912829618256,3.0,3.1,3.04,0.31354446228027344,554.0,8210.0,280.1400146484375
AAPL,AAPL,2026-09-18,0.37534246575342467,P,230.0,-0.19721022157740728,3.5,3.6,3.5,0.3048470394897461,970.0,7480.0,280.1400146484375
AAPL,AAPL,2026-09-18,0.37534246575342467,P,235.0,-0.17570401635644367,4.1,4.2,4.08,0.29682099670410156,32.0,6142.0,280.1400146484375
AAPL,AAPL,2026-09-18,0.37534246575342467,P,240.0,-0.15465060715861131,4.8,4.95,4.85,0.29016823120117186,279.0,10736.0,280.1400146484375
AAPL,AAPL,2026-09-18,0.37534246575342467,P,245.0,-0.1340313199558756,5.6,5.7,5.65,0.2811961529541015,87.0,4335.0,280.1400146484375
AAPL,AAPL,2026-09-18,0.37534246575342467,P,250.0,-0.11382861263835616,6.55,6.65,6.59,0.27402459381103517,405.0,7334.0,280.1400146484375
AAPL,AAPL,2026-09-18,0.37534246575342467,P,255.0,-0.09402598534217654,7.65,7.75,7.72,0.26712769012451176,112.0,5739.0,280.1400146484375
AAPL,AAPL,2026-09-18,0.37534246575342467,P,260.0,-0.07460789948507494,8.9,9.05,9.0,0.26099371826171874,184.0,5537.0,280.1400146484375
AAPL,AAPL,2026-09-18,0.37534246575342467,P,265.0,-0.05555970451438045,10.35,10.55,10.4,0.25522595367431644,1925.0,5047.0,280.1400146484375
AAPL,AAPL,2026-09-18,0.37534246575342467,P,270.0,-0.03686757150222788,12.0,12.2,12.03,0.2488173263549805,96.0,5100.0,280.1400146484375
AAPL,AAPL,2026-09-18,0.37534246575342467,P,275.0,-0.01851843283403133,13.85,14.05,13.75,0.2423476644897461,237.0,1189.0,280.1400146484375
AAPL,AAPL,2026-09-18,0.37534246575342467,P,280.0,-0.000499927331353,16.0,16.2,15.98,0.2370071417236328,230.0,1122.0,280.1400146484375
AAPL,AAPL,2026-09-18,0.37534246575342467,P,285.0,0.017199649768047935,18.35,18.75,18.5,0.23404696624755855,452.0,567.0,280.1400146484375
AAPL,AAPL,2026-09-18,0.37534246575342467,P,290.0,0.03459139247991713,20.9,21.2,20.7,0.22611247528076173,82.0,1631.0,280.1400146484375
AAPL,AAPL,2026-09-18,0.37534246575342467,P,295.0,0.05168582583921726,23.75,24.15,22.05,0.22184005706787108,27.0,160.0,280.1400146484375
AAPL,AAPL,2026-09-18,0.37534246575342467,P,300.0,0.0684929441555985,26.65,27.85,26.91,0.22556316436767576,50.0,701.0,280.1400146484375
AAPL,AAPL,2026-09-18,0.37534246575342467,P,305.0,0.08502224610680889,29.95,31.05,29.98,0.2178422943115234,5.0,50.0,280.1400146484375
AAPL,AAPL,2026-09-18,0.37534246575342467,P,310.0,0.1012827669785892,33.7,35.25,32.85,0.2237016107177734,11.0,100.0,280.1400146484375
AAPL,AAPL,2026-09-18,0.37534246575342467,P,315.0,0.11728310832503036,37.6,38.75,36.6,0.21332573791503906,3.0,41.0,280.1400146484375
AAPL,AAPL,2026-09-18,0.37534246575342467,P,320.0,0.13303146529316953,50.35,52.25,67.7,0.38052987640380853,5.0,0.0,280.1400146484375
AAPL,AAPL,2026-09-18,0.37534246575342467,P,325.0,0.1485356518291348,54.55,57.2,72.7,0.3991759301757813,10.0,0.0,280.1400146484375
AAPL,AAPL,2026-09-18,0.37534246575342467,P,330.0,0.16380312395992325,59.45,61.8,77.75,0.4112607702636719,8.0,4.0,280.1400146484375
AAPL,AAPL,2026-09-18,0.37534246575342467,P,345.0,0.20825488653075713,73.25,76.2,98.1,0.4529473651123047,1.0,1.0,280.1400146484375
AAPL,AAPL,2026-09-18,0.37534246575342467,P,350.0,0.22264362398285675,78.1,81.7,103.08,0.4778494598388672,1.0,1.0,280.1400146484375
AAPL,AAPL,2026-09-18,0.37534246575342467,P,360.0,0.2508145009495531,102.4,109.9,87.0,0.7428309408569335,1.0,0.0,280.1400146484375
AAPL,AAPL,2026-09-18,0.37534246575342467,P,380.0,0.30488172221982873,115.85,118.95,103.77,0.6660799993896487,1.0,0.0,280.1400146484375
AAPL,AAPL,2026-09-18,0.37534246575342467,P,400.0,0.3561750166073793,135.55,139.1,127.18,0.7197598825073243,2.0,0.0,280.1400146484375
AAPL,AAPL,2026-09-18,0.37534246575342467,P,420.0,0.4049651807768114,155.9,158.95,147.75,0.77188338470459,5.0,0.0,280.1400146484375
AAPL,AAPL,2026-12-18,0.6246575342465753,C,5.0,-4.025851618066502,273.15,277.0,268.9,3.502930930175781,1.0,0.0,280.1400146484375
AAPL,AAPL,2026-12-18,0.6246575342465753,C,20.0,-2.639557256946612,258.25,262.05,250.04,1.9804688476562502,2.0,2.0,280.1400146484375
AAPL,AAPL,2026-12-18,0.6246575342465753,C,30.0,-2.2340921488384473,248.45,252.25,243.68,1.0722702636718753,2.0,10.0,280.1400146484375
AAPL,AAPL,2026-12-18,0.6246575342465753,C,40.0,-1.9464100763866663,238.7,242.4,233.75,1.0625046875000002,2.0,7.0,280.1400146484375
AAPL,AAPL,2026-12-18,0.6246575342465753,C,45.0,-1.828627040730283,233.9,237.6,206.45,1.070805427246094,10.0,52.0,280.1400146484375
AAPL,AAPL,2026-12-18,0.6246575342465753,C,50.0,-1.7232665250724566,228.95,232.7,224.22,1.0297900073242188,2.0,1990.0,280.1400146484375
AAPL,AAPL,2026-12-18,0.6246575342465753,C,60.0,-1.540944968278502,219.15,223.0,214.3,0.9748537670898438,2.0,262.0,280.1400146484375
AAPL,AAPL,2026-12-18,0.6246575342465753,C,70.0,-1.3867942884512436,209.45,213.0,204.7,0.90429783203125,2.0,2454.0,280.1400146484375
AAPL,AAPL,2026-12-18,0.6246575342465753,C,80.0,-1.2532628958267211,199.75,203.5,194.99,0.8715833154296875,2.0,394.0,280.1400146484375
AAPL,AAPL,2026-12-18,0.6246575342465753,C,85.0,-1.192638274010286,194.9,198.65,163.9,0.8476577734374999,1.0,617.0,280.1400146484375
AAPL,AAPL,2026-12-18,0.6246575342465753,C,90.0,-1.1354798601703375,190.0,193.55,185.31,0.8095722167968749,2.0,474.0,280.1400146484375
AAPL,AAPL,2026-12-18,0.6246575342465753,C,95.0,-1.0814126389000618,185.25,188.9,190.2,0.8009053112792968,1.0,103.0,280.1400146484375
AAPL,AAPL,2026-12-18,0.6246575342465753,C,100.0,-1.0301193445125112,180.25,183.9,175.61,0.7658714819335939,2.0,3197.0,280.1400146484375
AAPL,AAPL,2026-12-18,0.6246575342465753,C,105.0,-0.9813291803430793,175.45,179.2,171.53,0.751833536376953,1.0,177.0,280.1400146484375
AAPL,AAPL,2026-12-18,0.6246575342465753,C,110.0,-0.9348091647081865,170.5,174.15,159.0,0.7194852270507812,1.0,521.0,280.1400146484375
AAPL,AAPL,2026-12-18,0.6246575342465753,C,115.0,-0.8903574021373526,165.75,169.55,168.72,0.7100859069824219,1.0,339.0,280.1400146484375
AAPL,AAPL,2026-12-18,0.6246575342465753,C,120.0,-0.8477977877185566,161.0,164.7,149.2,0.6918976123046876,8.0,1351.0,280.1400146484375
AAPL,AAPL,2026-12-18,0.6246575342465753,C,125.0,-0.8069757931983015,156.2,159.8,151.6,0.6707796594238282,41.0,489.0,280.1400146484375
AAPL,AAPL,2026-12-18,0.6246575342465753,C,130.0,-0.7677550800450202,151.35,154.8,152.9,0.6461217028808592,2.0,1401.0,280.1400146484375
AAPL,AAPL,2026-12-18,0.6246575342465753,C,135.0,-0.7300147520621731,146.5,150.2,142.91,0.6321447918701173,1.0,688.0,280.1400146484375
AAPL,AAPL,2026-12-18,0.6246575342465753,C,140.0,-0.6936471078912984,142.35,145.15,148.54,0.6231727136230469,3.0,864.0,280.1400146484375
AAPL,AAPL,2026-12-18,0.6246575342465753,C,145.0,-0.6585557880800281,137.0,140.55,132.5,0.5974161352539062,2.0,685.0,280.1400146484375
AAPL,AAPL,2026-12-18,0.6246575342465753,C,150.0,-0.6246542364043468,132.15,135.55,137.22,0.5745281805419922,3.0,453.0,280.1400146484375
AAPL,AAPL,2026-12-18,0.6246575342465753,C,155.0,-0.5918644135813561,127.65,130.4,107.51,0.5560957476806643,1.0,273.0,280.1400146484375
AAPL,AAPL,2026-12-18,0.6246575342465753,C,160.0,-0.5601157152667757,123.45,126.1,128.98,0.5579878186035157,5.0,672.0,280.1400146484375
AAPL,AAPL,2026-12-18,0.6246575342465753,C,165.0,-0.529344056600022,118.35,121.3,111.44,0.5347336566162109,1.0,553.0,280.1400146484375
AAPL,AAPL,2026-12-18,0.6246575342465753,C,170.0,-0.4994910934503409,114.1,115.9,115.6,0.5159960510253907,13.0,1110.0,280.1400146484375
AAPL,AAPL,2026-12-18,0.6246575342465753,C,175.0,-0.47050355657708853,109.3,111.2,112.56,0.5266160620117188,2.0,782.0,280.1400146484375
AAPL,AAPL,2026-12-18,0.6246575342465753,C,180.0,-0.4423326796103922,104.3,106.5,107.85,0.5101367346191408,12.0,907.0,280.1400146484375
AAPL,AAPL,2026-12-18,0.6246575342465753,C,185.0,-0.4149337054222779,99.9,102.15,103.25,0.5022022436523439,5.0,984.0,280.1400146484375
AAPL,AAPL,2026-12-18,0.6246575342465753,C,190.0,-0.38826545834011655,95.4,97.85,97.39,0.4943593045043946,12.0,646.0,280.1400146484375
AAPL,AAPL,2026-12-18,0.6246575342465753,C,195.0,-0.36228997193685586,91.35,92.3,92.11,0.4580132324218751,25.0,1139.0,280.1400146484375
AAPL,AAPL,2026-12-18,0.6246575342465753,C,200.0,-0.33697216395256596,87.0,87.75,87.18,0.4445245977783203,41.0,13091.0,280.1400146484375
AAPL,AAPL,2026-12-18,0.6246575342465753,C,205.0,-0.31227955136219443,81.9,83.55,85.57,0.43774976318359377,1.0,131.0,280.1400146484375
AAPL,AAPL,2026-12-18,0.6246575342465753,C,210.0,-0.2881819997831339,78.0,78.85,78.26,0.4202633657836914,4.0,5729.0,280.1400146484375
AAPL,AAPL,2026-12-18,0.6246575342465753,C,215.0,-0.2646515023729398,73.15,74.55,67.83,0.41000956207275385,3.0,168.0,280.1400146484375
AAPL,AAPL,2026-12-18,0.6246575342465753,C,220.0,-0.24166198414824117,69.35,70.1,70.05,0.3963683410644532,51.0,3642.0,280.1400146484375
AAPL,AAPL,2026-12-18,0.6246575342465753,C,225.0,-0.21918912829618256,64.85,66.2,66.01,0.3913024737548828,12.0,214.0,280.1400146484375
AAPL,AAPL,2026-12-18,0.6246575342465753,C,230.0,-0.19721022157740728,61.15,61.65,61.3,0.37476211181640623,73.0,4984.0,280.1400146484375
AAPL,AAPL,2026-12-18,0.6246575342465753,C,235.0,-0.17570401635644367,56.75,57.85,57.65,0.36911641632080083,4.0,282.0,280.1400146484375
AAPL,AAPL,2026-12-18,0.6246575342465753,C,240.0,-0.15465060715861131,53.2,53.65,53.7,0.3564822653198242,48.0,5685.0,280.1400146484375
AAPL,AAPL,2026-12-18,0.6246575342465753,C,245.0,-0.1340313199558756,49.4,50.1,49.85,0.351996226196289,18.0,266.0,280.1400146484375
AAPL,AAPL,2026-12-18,0.6246575342465753,C,250.0,-0.11382861263835616,45.6,46.1,46.1,0.34015552429199214,235.0,16222.0,280.1400146484375
AAPL,AAPL,2026-12-18,0.6246575342465753,C,255.0,-0.09402598534217654,42.15,42.55,42.55,0.33313655151367194,66.0,634.0,280.1400146484375
AAPL,AAPL,2026-12-18,0.6246575342465753,C,260.0,-0.07460789948507494,38.65,39.1,39.05,0.32604128555297845,96.0,8004.0,280.1400146484375
AAPL,AAPL,2026-12-18,0.6246575342465753,C,265.0,-0.05555970451438045,35.4,35.8,36.0,0.31940377868652337,139.0,1015.0,280.1400146484375
AAPL,AAPL,2026-12-18,0.6246575342465753,C,270.0,-0.03686757150222788,32.25,32.6,32.35,0.3125526509094238,237.0,6869.0,280.1400146484375
AAPL,AAPL,2026-12-18,0.6246575342465753,C,275.0,-0.01851843283403133,29.25,29.6,29.05,0.30655600677490236,226.0,2194.0,280.1400146484375
AAPL,AAPL,2026-12-18,0.6246575342465753,C,280.0,-0.000499927331353,26.5,26.75,26.6,0.3007577249145508,590.0,7096.0,280.1400146484375
AAPL,AAPL,2026-12-18,0.6246575342465753,C,285.0,0.017199649768047935,23.8,24.1,23.93,0.29563082305908206,380.0,1490.0,280.1400146484375
AAPL,AAPL,2026-12-18,0.6246575342465753,C,290.0,0.03459139247991713,21.4,21.6,21.8,0.2905954730224609,1661.0,14791.0,280.1400146484375
AAPL,AAPL,2026-12-18,0.6246575342465753,C,295.0,0.05168582583921726,19.1,19.25,19.27,0.2856211575317382,2354.0,1027.0,280.1400146484375
AAPL,AAPL,2026-12-18,0.6246575342465753,C,300.0,0.0684929441555985,17.0,17.2,17.0,0.2823558093261719,8096.0,23211.0,280.1400146484375
AAPL,AAPL,2026-12-18,0.6246575342465753,C,305.0,0.08502224610680889,15.05,15.25,15.43,0.27858692611694336,1710.0,1727.0,280.1400146484375
AAPL,AAPL,2026-12-18,0.6246575342465753,C,310.0,0.1012827669785892,13.3,13.55,13.34,0.2760692510986328,187.0,4156.0,280.1400146484375
AAPL,AAPL,2026-12-18,0.6246575342465753,C,315.0,0.11728310832503036,11.75,11.95,12.1,0.2731395928955078,576.0,2107.0,280.1400146484375
AAPL,AAPL,2026-12-18,0.6246575342465753,C,320.0,0.13303146529316953,10.3,10.55,10.66,0.27103390106201175,152.0,9702.0,280.1400146484375
AAPL,AAPL,2026-12-18,0.6246575342465753,C,325.0,0.1485356518291348,9.1,9.25,9.4,0.2685925192260742,437.0,2311.0,280.1400146484375
AAPL,AAPL,2026-12-18,0.6246575342465753,C,330.0,0.16380312395992325,7.95,8.1,8.21,0.2665783792114258,373.0,4073.0,280.1400146484375
AAPL,AAPL,2026-12-18,0.6246575342465753,C,335.0,0.1788410013244638,6.95,7.1,7.13,0.2651440673828125,443.0,958.0,280.1400146484375
AAPL,AAPL,2026-12-18,0.6246575342465753,C,340.0,0.19365608710960444,6.05,6.2,6.36,0.2637097555541992,141.0,2057.0,280.1400146484375
AAPL,AAPL,2026-12-18,0.6246575342465753,C,345.0,0.20825488653075713,5.25,5.45,6.36,0.26319096191406255,43.0,365.0,280.1400146484375
AAPL,AAPL,2026-12-18,0.6246575342465753,C,350.0,0.22264362398285675,4.6,4.75,4.65,0.2621838919067383,921.0,8096.0,280.1400146484375
AAPL,AAPL,2026-12-18,0.6246575342465753,C,360.0,0.2508145009495531,3.5,3.65,3.66,0.2617261328125,74.0,2703.0,280.1400146484375
AAPL,AAPL,2026-12-18,0.6246575342465753,C,370.0,0.2782134751376674,2.71,2.78,2.74,0.2611463046264648,119.0,4257.0,280.1400146484375
AAPL,AAPL,2026-12-18,0.6246575342465753,C,380.0,0.30488172221982873,2.04,2.17,2.16,0.2625195819091797,78.0,3426.0,280.1400146484375
AAPL,AAPL,2026-12-18,0.6246575342465753,C,390.0,0.3308572086230894,1.62,1.67,1.77,0.26319096191406255,43.0,560.0,280.1400146484375
AAPL,AAPL,2026-12-18,0.6246575342465753,C,400.0,0.3561750166073793,1.26,1.31,1.31,0.26496096374511713,230.0,1219.0,280.1400146484375
AAPL,AAPL,2026-12-18,0.6246575342465753,C,410.0,0.38086762919775086,1.0,1.04,1.17,0.2672192419433594,3.0,779.0,280.1400146484375
AAPL,AAPL,2026-12-18,0.6246575342465753,C,420.0,0.4049651807768114,0.8,0.84,0.95,0.27020993469238286,84.0,783.0,280.1400146484375
AAPL,AAPL,2026-12-18,0.6246575342465753,C,430.0,0.4284956781870055,0.6,0.71,0.77,0.2749095947265625,1.0,371.0,280.1400146484375
AAPL,AAPL,2026-12-18,0.6246575342465753,C,440.0,0.45148519641170415,0.5,0.57,0.62,0.2771068383789062,3.0,126.0,280.1400146484375
AAPL,AAPL,2026-12-18,0.6246575342465753,C,450.0,0.47395805226376275,0.42,0.45,0.45,0.27857166748046874,3110.0,1690.0,280.1400146484375
AAPL,AAPL,2026-12-18,0.6246575342465753,C,460.0,0.49593695898253803,0.31,0.4,0.39,0.28443098388671867,1.0,39.0,280.1400146484375
AAPL,AAPL,2026-12-18,0.6246575342465753,C,470.0,0.5174431642035017,0.23,0.33,0.23,0.28711650390624993,1.0,45.0,280.1400146484375
AAPL,AAPL,2026-12-18,0.6246575342465753,C,480.0,0.5384965734013339,0.22,0.27,0.24,0.2893137475585937,13.0,218.0,280.1400146484375
AAPL,AAPL,2026-12-18,0.6246575342465753,C,490.0,0.5591158606040697,0.16,0.2,0.11,0.28784891845703114,1.0,53.0,280.1400146484375
AAPL,AAPL,2026-12-18,0.6246575342465753,C,500.0,0.5793185679215892,0.15,0.19,0.16,0.29492892578124996,25.0,336.0,280.1400146484375
AAPL,AAPL,2026-12-18,0.6246575342465753,C,510.0,0.5991211952177687,0.12,0.18,0.11,0.301764794921875,1.0,80.0,280.1400146484375
AAPL,AAPL,2026-12-18,0.6246575342465753,C,520.0,0.6185392810748703,0.1,0.14,0.13,0.3012765185546875,55.0,402.0,280.1400146484375
AAPL,AAPL,2026-12-18,0.6246575342465753,C,530.0,0.6375874760455649,0.08,0.12,0.11,0.3042061767578125,458.0,2640.0,280.1400146484375
AAPL,AAPL,2026-12-18,0.6246575342465753,P,5.0,-4.025851618066502,0.0,0.21,0.01,2.0625048437499998,2.0,105.0,280.1400146484375
AAPL,AAPL,2026-12-18,0.6246575342465753,P,10.0,-3.332704437506557,0.0,0.21,0.01,1.65625171875,1.0,3097.0,280.1400146484375
AAPL,AAPL,2026-12-18,0.6246575342465753,P,15.0,-2.9272393293983927,0.0,0.15,0.11,1.3867218164062498,1.0,628.0,280.1400146484375
AAPL,AAPL,2026-12-18,0.6246575342465753,P,20.0,-2.639557256946612,0.0,0.0,0.01,0.500005,60.0,0.0,280.1400146484375
AAPL,AAPL,2026-12-18,0.6246575342465753,P,25.0,-2.4164137056324018,0.0,0.28,0.01,1.2109414453124998,2.0,597.0,280.1400146484375
AAPL,AAPL,2026-12-18,0.6246575342465753,P,30.0,-2.2340921488384473,0.0,0.27,0.01,1.111332568359375,138.0,1174.0,280.1400146484375
AAPL,AAPL,2026-12-18,0.6246575342465753,P,35.0,-2.079941469011189,0.0,0.01,0.02,0.7656273437500001,50.0,1549.0,280.1400146484375
AAPL,AAPL,2026-12-18,0.6246575342465753,P,40.0,-1.9464100763866663,0.0,0.1,0.02,0.8710950390625,30.0,315.0,280.1400146484375
AAPL,AAPL,2026-12-18,0.6246575342465753,P,45.0,-1.828627040730283,0.01,0.03,0.02,0.7539087109375,1.0,668.0,280.1400146484375
AAPL,AAPL,2026-12-18,0.6246575342465753,P,50.0,-1.7232665250724566,0.0,0.02,0.04,0.6718782812500002,1632.0,6328.0,280.1400146484375
AAPL,AAPL,2026-12-18,0.6246575342465753,P,60.0,-1.540944968278502,0.01,0.03,0.05,0.6367223828125,2.0,1856.0,280.1400146484375
AAPL,AAPL,2026-12-18,0.6246575342465753,P,70.0,-1.3867942884512436,0.01,0.09,0.09,0.62305064453125,1.0,270.0,280.1400146484375
AAPL,AAPL,2026-12-18,0.6246575342465753,P,80.0,-1.2532628958267211,0.06,0.15,0.06,0.6084023535156251,10.0,3464.0,280.1400146484375
AAPL,AAPL,2026-12-18,0.6246575342465753,P,85.0,-1.192638274010286,0.06,0.14,0.1,0.577152666015625,80.0,227.0,280.1400146484375
AAPL,AAPL,2026-12-18,0.6246575342465753,P,90.0,-1.1354798601703375,0.1,0.14,0.08,0.561527822265625,185.0,1774.0,280.1400146484375
AAPL,AAPL,2026-12-18,0.6246575342465753,P,95.0,-1.0814126389000618,0.12,0.16,0.12,0.5459029785156251,1.0,2538.0,280.1400146484375
AAPL,AAPL,2026-12-18,0.6246575342465753,P,100.0,-1.0301193445125112,0.14,0.18,0.17,0.5293015820312501,11.0,1702.0,280.1400146484375
AAPL,AAPL,2026-12-18,0.6246575342465753,P,105.0,-0.9813291803430793,0.17,0.2,0.22,0.514653291015625,2.0,1879.0,280.1400146484375
AAPL,AAPL,2026-12-18,0.6246575342465753,P,110.0,-0.9348091647081865,0.2,0.23,0.22,0.5009815527343751,289.0,1787.0,280.1400146484375
AAPL,AAPL,2026-12-18,0.6246575342465753,P,115.0,-0.8903574021373526,0.23,0.27,0.27,0.49268085449218757,5.0,1425.0,280.1400146484375
AAPL,AAPL,2026-12-18,0.6246575342465753,P,120.0,-0.8477977877185566,0.28,0.32,0.32,0.481450498046875,7.0,1587.0,280.1400146484375
AAPL,AAPL,2026-12-18,0.6246575342465753,P,125.0,-0.8069757931983015,0.32,0.36,0.39,0.467778759765625,60.0,3327.0,280.1400146484375
AAPL,AAPL,2026-12-18,0.6246575342465753,P,130.0,-0.7677550800450202,0.38,0.42,0.37,0.4567925415039063,1.0,1187.0,280.1400146484375
AAPL,AAPL,2026-12-18,0.6246575342465753,P,135.0,-0.7300147520621731,0.44,0.49,0.53,0.44653873779296877,80.0,1518.0,280.1400146484375
AAPL,AAPL,2026-12-18,0.6246575342465753,P,140.0,-0.6936471078912984,0.52,0.56,0.52,0.43506424316406256,2.0,1330.0,280.1400146484375
AAPL,AAPL,2026-12-18,0.6246575342465753,P,145.0,-0.6585557880800281,0.6,0.65,0.83,0.42529871582031253,10.0,1056.0,280.1400146484375
AAPL,AAPL,2026-12-18,0.6246575342465753,P,150.0,-0.6246542364043468,0.71,0.75,0.65,0.4155331884765625,13.0,2768.0,280.1400146484375
AAPL,AAPL,2026-12-18,0.6246575342465753,P,155.0,-0.5918644135813561,0.82,0.87,0.84,0.4066221447753906,14.0,802.0,280.1400146484375
AAPL,AAPL,2026-12-18,0.6246575342465753,P,160.0,-0.5601157152667757,0.94,0.99,0.92,0.3966124792480469,12.0,3493.0,280.1400146484375
AAPL,AAPL,2026-12-18,0.6246575342465753,P,165.0,-0.529344056600022,1.08,1.14,1.1,0.3878235046386719,34.0,1867.0,280.1400146484375
AAPL,AAPL,2026-12-18,0.6246575342465753,P,170.0,-0.4994910934503409,1.26,1.31,1.21,0.37915659912109373,270.0,2817.0,280.1400146484375
AAPL,AAPL,2026-12-18,0.6246575342465753,P,175.0,-0.47050355657708853,1.45,1.49,1.45,0.370123486328125,114.0,2224.0,280.1400146484375
AAPL,AAPL,2026-12-18,0.6246575342465753,P,180.0,-0.4423326796103922,1.66,1.72,1.68,0.36249416809082036,42.0,3445.0,280.1400146484375
AAPL,AAPL,2026-12-18,0.6246575342465753,P,185.0,-0.4149337054222779,1.89,1.94,1.93,0.3532779516601562,10.0,1840.0,280.1400146484375
AAPL,AAPL,2026-12-18,0.6246575342465753,P,190.0,-0.38826545834011655,2.17,2.24,2.01,0.34632001342773433,66.0,2736.0,280.1400146484375
AAPL,AAPL,2026-12-18,0.6246575342465753,P,195.0,-0.36228997193685586,2.49,2.55,2.4,0.33838552246093745,118.0,2405.0,280.1400146484375
AAPL,AAPL,2026-12-18,0.6246575342465753,P,200.0,-0.33697216395256596,2.84,2.91,2.85,0.3309393078613281,178.0,12134.0,280.1400146484375
AAPL,AAPL,2026-12-18,0.6246575342465753,P,205.0,-0.31227955136219443,3.2,3.35,3.25,0.32459171508789053,128.0,851.0,280.1400146484375
AAPL,AAPL,2026-12-18,0.6246575342465753,P,210.0,-0.2881819997831339,3.7,3.8,3.76,0.3171455004882812,113.0,3477.0,280.1400146484375
AAPL,AAPL,2026-12-18,0.6246575342465753,P,215.0,-0.2646515023729398,4.2,4.3,4.15,0.3096992858886719,66.0,1132.0,280.1400146484375
AAPL,AAPL,2026-12-18,0.6246575342465753,P,220.0,-0.24166198414824117,4.8,4.9,4.75,0.3031991067504882,77.0,8389.0,280.1400146484375
AAPL,AAPL,2026-12-18,0.6246575342465753,P,225.0,-0.21918912829618256,5.45,5.6,5.52,0.29730927307128896,629.0,2029.0,280.1400146484375
AAPL,AAPL,2026-12-18,0.6246575342465753,P,230.0,-0.19721022157740728,6.2,6.35,6.26,0.2908396112060546,802.0,8918.0,280.1400146484375
AAPL,AAPL,2026-12-18,0.6246575342465753,P,235.0,-0.17570401635644367,7.05,7.2,7.0,0.28470563934326165,42.0,1825.0,280.1400146484375
AAPL,AAPL,2026-12-18,0.6246575342465753,P,240.0,-0.15465060715861131,8.0,8.15,8.05,0.27863270202636714,321.0,9519.0,280.1400146484375
AAPL,AAPL,2026-12-18,0.6246575342465753,P,245.0,-0.1340313199558756,9.05,9.2,9.0,0.2725292474365234,61.0,2683.0,280.1400146484375
AAPL,AAPL,2026-12-18,0.6246575342465753,P,250.0,-0.11382861263835616,10.25,10.4,10.2,0.26697510375976563,1132.0,12506.0,280.1400146484375
AAPL,AAPL,2026-12-18,0.6246575342465753,P,255.0,-0.09402598534217654,11.6,11.75,11.7,0.2617261328125,1249.0,3705.0,280.1400146484375
AAPL,AAPL,2026-12-18,0.6246575342465753,P,260.0,-0.07460789948507494,13.05,13.25,12.85,0.25666026550292964,576.0,5902.0,280.1400146484375
AAPL,AAPL,2026-12-18,0.6246575342465753,P,265.0,-0.05555970451438045,14.7,14.9,14.55,0.25165543273925783,95.0,1446.0,280.1400146484375
AAPL,AAPL,2026-12-18,0.6246575342465753,P,270.0,-0.03686757150222788,16.45,16.7,16.27,0.24654378952026368,6099.0,3096.0,280.1400146484375
AAPL,AAPL,2026-12-18,0.6246575342465753,P,275.0,-0.01851843283403133,18.45,18.65,17.37,0.24127955993652345,207.0,2285.0,280.1400146484375
AAPL,AAPL,2026-12-18,0.6246575342465753,P,280.0,-0.000499927331353,20.55,20.8,20.7,0.23633576171874998,1820.0,11520.0,280.1400146484375
AAPL,AAPL,2026-12-18,0.6246575342465753,P,285.0,0.017199649768047935,22.7,23.85,22.15,0.23947904083251947,23.0,158.0,280.1400146484375
AAPL,AAPL,2026-12-18,0.6246575342465753,P,290.0,0.03459139247991713,25.4,25.85,25.05,0.2287064434814453,95.0,1588.0,280.1400146484375
AAPL,AAPL,2026-12-18,0.6246575342465753,P,295.0,0.05168582583921726,27.95,28.5,25.86,0.22309126525878903,7.0,28.0,280.1400146484375
AAPL,AAPL,2026-12-18,0.6246575342465753,P,300.0,0.0684929441555985,31.05,31.35,29.02,0.21750660430908203,15.0,5175.0,280.1400146484375
AAPL,AAPL,2026-12-18,0.6246575342465753,P,305.0,0.08502224610680889,33.35,34.7,34.15,0.21559927474975588,2.0,40.0,280.1400146484375
AAPL,AAPL,2026-12-18,0.6246575342465753,P,310.0,0.1012827669785892,36.45,38.25,37.5,0.2140276351928711,2.0,68.0,280.1400146484375
AAPL,AAPL,2026-12-18,0.6246575342465753,P,315.0,0.11728310832503036,39.75,42.6,56.7,0.22101609069824218,1.0,10.0,280.1400146484375
AAPL,AAPL,2026-12-18,0.6246575342465753,P,320.0,0.13303146529316953,43.9,45.45,42.08,0.20536072967529295,3.0,75.0,280.1400146484375
AAPL,AAPL,2026-12-18,0.6246575342465753,P,325.0,0.1485356518291348,47.0,50.3,47.9,0.21646901702880855,3.0,2.0,280.1400146484375
AAPL,AAPL,2026-12-18,0.6246575342465753,P,330.0,0.16380312395992325,51.9,54.15,49.7,0.21070125244140625,1.0,68.0,280.1400146484375
AAPL,AAPL,2026-12-18,0.6246575342465753,P,335.0,0.1788410013244638,55.4,58.8,64.5,0.216530051574707,2.0,1.0,280.1400146484375
AAPL,AAPL,2026-12-18,0.6246575342465753,P,340.0,0.19365608710960444,88.0,91.85,75.86,0.566257999572754,1.0,1.0,280.1400146484375
AAPL,AAPL,2026-12-18,0.6246575342465753,P,345.0,0.20825488653075713,64.15,67.65,87.1,0.2162248788452148,1.0,0.0,280.1400146484375
AAPL,AAPL,2026-12-18,0.6246575342465753,P,350.0,0.22264362398285675,69.1,72.25,84.94,0.21744556976318358,14.0,21.0,280.1400146484375
AAPL,AAPL,2026-12-18,0.6246575342465753,P,360.0,0.2508145009495531,107.35,110.05,86.05,0.6075936457824709,1.0,0.0,280.1400146484375
AAPL,AAPL,2026-12-18,0.6246575342465753,P,370.0,0.2782134751376674,118.0,121.8,90.5,0.6472203247070312,1.0,0.0,280.1400146484375
AAPL,AAPL,2026-12-18,0.6246575342465753,P,380.0,0.30488172221982873,115.85,118.85,101.61,0.5172777764892578,3.0,0.0,280.1400146484375
AAPL,AAPL,2026-12-18,0.6246575342465753,P,390.0,0.3308572086230894,138.2,141.8,110.85,0.6959258923339844,1.0,0.0,280.1400146484375
AAPL,AAPL,2026-12-18,0.6246575342465753,P,400.0,0.3561750166073793,118.0,121.8,135.5,0.2915109912109374,1.0,0.0,280.1400146484375
AAPL,AAPL,2026-12-18,0.6246575342465753,P,410.0,0.38086762919775086,145.55,149.25,140.2,0.5806621524047851,1.0,0.0,280.1400146484375
AAPL,AAPL,2026-12-18,0.6246575342465753,P,440.0,0.45148519641170415,202.2,206.15,197.3,0.96524082611084,4.0,0.0,280.1400146484375
AAPL,AAPL,2026-12-18,0.6246575342465753,P,450.0,0.47395805226376275,202.3,200.35,176.02,0.8324449128723144,8.0,0.0,280.1400146484375
AAPL,AAPL,2026-12-18,0.6246575342465753,P,460.0,0.49593695898253803,212.35,215.75,185.84,0.8830120341491698,,0.0,280.1400146484375
AAPL,AAPL,2027-06-17,1.1205479452054794,C,5.0,-4.025851618066502,273.15,277.0,266.0,2.620120637207031,1.0,2.0,280.1400146484375
AAPL,AAPL,2027-06-17,1.1205479452054794,C,25.0,-2.4164137056324018,253.5,257.45,222.86,0.9580082324218748,1.0,1.0,280.1400146484375
AAPL,AAPL,2027-06-17,1.1205479452054794,C,35.0,-2.079941469011189,244.0,247.85,215.61,0.956055126953125,1.0,2.0,280.1400146484375
AAPL,AAPL,2027-06-17,1.1205479452054794,C,55.0,-1.6279563452681318,224.8,228.75,232.99,0.8564467480468749,33.0,86.0,280.1400146484375
AAPL,AAPL,2027-06-17,1.1205479452054794,C,75.0,-1.3178014169642922,205.8,209.75,201.3,0.770510107421875,1.0,44.0,280.1400146484375
AAPL,AAPL,2027-06-17,1.1205479452054794,C,80.0,-1.2532628958267211,201.25,205.0,206.8,0.7556176782226562,1.0,235.0,280.1400146484375
AAPL,AAPL,2027-06-17,1.1205479452054794,C,95.0,-1.0814126389000618,186.95,190.8,165.6,0.6947662359619142,60.0,100.0,280.1400146484375
AAPL,AAPL,2027-06-17,1.1205479452054794,C,100.0,-1.0301193445125112,182.2,186.2,178.0,0.6785920812988282,1.0,156.0,280.1400146484375
AAPL,AAPL,2027-06-17,1.1205479452054794,C,105.0,-0.9813291803430793,177.5,181.5,171.77,0.6615024084472658,45.0,81.0,280.1400146484375
AAPL,AAPL,2027-06-17,1.1205479452054794,C,110.0,-0.9348091647081865,172.8,176.7,160.5,0.642703768310547,3.0,54.0,280.1400146484375
AAPL,AAPL,2027-06-17,1.1205479452054794,C,115.0,-0.8903574021373526,168.15,172.05,163.97,0.6278113391113282,1.0,257.0,280.1400146484375
AAPL,AAPL,2027-06-17,1.1205479452054794,C,120.0,-0.8477977877185566,163.6,167.4,156.78,0.6144447735595704,1.0,174.0,280.1400146484375
AAPL,AAPL,2027-06-17,1.1205479452054794,C,125.0,-0.8069757931983015,158.95,162.8,154.94,0.6002237243652344,1.0,182.0,280.1400146484375
AAPL,AAPL,2027-06-17,1.1205479452054794,C,130.0,-0.7677550800450202,154.3,158.15,137.97,0.5852092260742188,72.0,271.0,280.1400146484375
AAPL,AAPL,2027-06-17,1.1205479452054794,C,135.0,-0.7300147520621731,149.75,153.1,141.24,0.5663495513916017,1.0,153.0,280.1400146484375
AAPL,AAPL,2027-06-17,1.1205479452054794,C,140.0,-0.6936471078912984,145.2,148.5,135.6,0.5535933312988282,1.0,182.0,280.1400146484375
AAPL,AAPL,2027-06-17,1.1205479452054794,C,145.0,-0.6585557880800281,140.55,144.15,130.24,0.5424850439453126,1.0,151.0,280.1400146484375
AAPL,AAPL,2027-06-17,1.1205479452054794,C,150.0,-0.6246542364043468,136.5,139.2,141.0,0.5310715838623048,2.0,372.0,280.1400146484375
AAPL,AAPL,2027-06-17,1.1205479452054794,C,155.0,-0.5918644135813561,131.6,135.05,127.99,0.5188951919555663,2.0,153.0,280.1400146484375
AAPL,AAPL,2027-06-17,1.1205479452054794,C,160.0,-0.5601157152667757,127.35,130.2,132.8,0.5060474200439453,2.0,326.0,280.1400146484375
AAPL,AAPL,2027-06-17,1.1205479452054794,C,165.0,-0.529344056600022,123.35,125.8,117.7,0.5222520919799803,1.0,202.0,280.1400146484375
AAPL,AAPL,2027-06-17,1.1205479452054794,C,170.0,-0.4994910934503409,118.3,120.7,122.5,0.49841810180664065,4.0,319.0,280.1400146484375
AAPL,AAPL,2027-06-17,1.1205479452054794,C,175.0,-0.47050355657708853,114.1,116.9,120.0,0.4970143072509766,3.0,389.0,280.1400146484375
AAPL,AAPL,2027-06-17,1.1205479452054794,C,180.0,-0.4423326796103922,110.5,111.4,113.1,0.46750410430908207,1.0,963.0,280.1400146484375
AAPL,AAPL,2027-06-17,1.1205479452054794,C,185.0,-0.4149337054222779,105.65,107.5,109.0,0.46378099700927733,2.0,174.0,280.1400146484375
AAPL,AAPL,2027-06-17,1.1205479452054794,C,190.0,-0.38826545834011655,101.9,102.55,107.0,0.44376166595458977,1.0,706.0,280.1400146484375
AAPL,AAPL,2027-06-17,1.1205479452054794,C,195.0,-0.36228997193685586,96.9,98.95,98.05,0.44327338958740237,2.0,328.0,280.1400146484375
AAPL,AAPL,2027-06-17,1.1205479452054794,C,200.0,-0.33697216395256596,92.75,94.2,94.28,0.4261837167358399,42.0,7642.0,280.1400146484375
AAPL,AAPL,2027-06-17,1.1205479452054794,C,210.0,-0.2881819997831339,85.25,85.95,85.95,0.4081785256958008,34.0,3634.0,280.1400146484375
AAPL,AAPL,2027-06-17,1.1205479452054794,C,220.0,-0.24166198414824117,77.35,77.95,78.1,0.3914245428466796,144.0,4353.0,280.1400146484375
AAPL,AAPL,2027-06-17,1.1205479452054794,C,230.0,-0.19721022157740728,69.35,70.35,70.2,0.37709668319702144,37.0,3560.0,280.1400146484375
AAPL,AAPL,2027-06-17,1.1205479452054794,C,240.0,-0.15465060715861131,62.5,63.05,63.03,0.3635317553710938,62.0,1880.0,280.1400146484375
AAPL,AAPL,2027-06-17,1.1205479452054794,C,250.0,-0.11382861263835616,55.7,56.2,55.9,0.3518283811950683,254.0,2898.0,280.1400146484375
AAPL,AAPL,2027-06-17,1.1205479452054794,C,260.0,-0.07460789948507494,49.2,49.7,49.6,0.3406132833862304,225.0,6574.0,280.1400146484375
AAPL,AAPL,2027-06-17,1.1205479452054794,C,270.0,-0.03686757150222788,43.2,43.65,43.74,0.3304968074035644,137.0,5031.0,280.1400146484375
AAPL,AAPL,2027-06-17,1.1205479452054794,C,280.0,-0.000499927331353,37.6,38.1,37.7,0.32166205688476557,826.0,8194.0,280.1400146484375
AAPL,AAPL,2027-06-17,1.1205479452054794,C,290.0,0.03459139247991713,32.45,32.9,33.0,0.3126442027282715,401.0,4263.0,280.1400146484375
AAPL,AAPL,2027-06-17,1.1205479452054794,C,300.0,0.0684929441555985,28.0,28.25,28.27,0.30499962585449214,511.0,8956.0,280.1400146484375
AAPL,AAPL,2027-06-17,1.1205479452054794,C,310.0,0.1012827669785892,23.9,24.2,24.33,0.2991403094482421,139.0,3296.0,280.1400146484375
AAPL,AAPL,2027-06-17,1.1205479452054794,C,320.0,0.13303146529316953,20.2,20.55,20.4,0.29340306213378897,716.0,4856.0,280.1400146484375
AAPL,AAPL,2027-06-17,1.1205479452054794,C,330.0,0.16380312395992325,17.15,17.4,17.15,0.288794953918457,616.0,3666.0,280.1400146484375
AAPL,AAPL,2027-06-17,1.1205479452054794,C,340.0,0.19365608710960444,14.45,14.65,14.8,0.2846598634338378,109.0,2316.0,280.1400146484375
AAPL,AAPL,2027-06-17,1.1205479452054794,C,350.0,0.22264362398285675,12.1,12.3,12.2,0.28124192886352534,536.0,4710.0,280.1400146484375
AAPL,AAPL,2027-06-17,1.1205479452054794,C,360.0,0.2508145009495531,10.15,10.3,10.2,0.27838856384277344,230.0,989.0,280.1400146484375
AAPL,AAPL,2027-06-17,1.1205479452054794,C,370.0,0.2782134751376674,8.45,8.65,8.55,0.27652701019287107,1208.0,283.0,280.1400146484375
AAPL,AAPL,2027-06-17,1.1205479452054794,C,380.0,0.30488172221982873,7.0,7.3,7.7,0.27558097473144527,3.0,383.0,280.1400146484375
AAPL,AAPL,2027-06-17,1.1205479452054794,C,390.0,0.3308572086230894,5.85,6.05,6.05,0.2733837310791015,80.0,509.0,280.1400146484375
AAPL,AAPL,2027-06-17,1.1205479452054794,C,400.0,0.3561750166073793,4.9,5.05,5.0,0.272193557434082,267.0,1533.0,280.1400146484375
AAPL,AAPL,2027-06-17,1.1205479452054794,C,410.0,0.38086762919775086,4.1,4.35,4.22,0.2735668347167969,44.0,381.0,280.1400146484375
AAPL,AAPL,2027-06-17,1.1205479452054794,C,420.0,0.4049651807768114,3.35,3.65,3.89,0.27304804107666014,2.0,371.0,280.1400146484375
AAPL,AAPL,2027-06-17,1.1205479452054794,C,430.0,0.4284956781870055,2.94,3.05,3.05,0.2724071783447265,52.0,582.0,280.1400146484375
AAPL,AAPL,2027-06-17,1.1205479452054794,C,440.0,0.45148519641170415,2.42,2.62,2.55,0.2735668347167969,29.0,432.0,280.1400146484375
AAPL,AAPL,2027-06-17,1.1205479452054794,C,450.0,0.47395805226376275,2.12,2.19,2.2,0.27307855834960937,112.0,1555.0,280.1400146484375
AAPL,AAPL,2027-06-17,1.1205479452054794,C,460.0,0.49593695898253803,1.8,1.91,2.1,0.27497062927246096,41.0,435.0,280.1400146484375
AAPL,AAPL,2027-06-17,1.1205479452054794,C,470.0,0.5174431642035017,1.56,1.64,1.7,0.2758861474609374,46.0,180.0,280.1400146484375
AAPL,AAPL,2027-06-17,1.1205479452054794,C,480.0,0.5384965734013339,1.34,1.45,1.43,0.27826649475097653,44.0,111.0,280.1400146484375
AAPL,AAPL,2027-06-17,1.1205479452054794,C,490.0,0.5591158606040697,1.17,1.26,1.23,0.27960925476074217,44.0,26.0,280.1400146484375
AAPL,AAPL,2027-06-17,1.1205479452054794,C,500.0,0.5793185679215892,1.02,1.13,1.18,0.2822947747802734,201.0,446.0,280.1400146484375
AAPL,AAPL,2027-06-17,1.1205479452054794,C,510.0,0.5991211952177687,0.86,1.0,1.01,0.28424788024902337,1.0,22.0,280.1400146484375
AAPL,AAPL,2027-06-17,1.1205479452054794,C,520.0,0.6185392810748703,0.74,0.92,0.6,0.28778788391113275,3.0,96.0,280.1400146484375
AAPL,AAPL,2027-06-17,1.1205479452054794,C,530.0,0.6375874760455649,0.71,0.81,0.77,0.28919167846679683,3.0,3488.0,280.1400146484375
AAPL,AAPL,2027-06-17,1.1205479452054794,C,540.0,0.6562796090577174,0.59,0.73,0.7,0.2915109912109374,3.0,70.0,280.1400146484375
AAPL,AAPL,2027-06-17,1.1205479452054794,C,550.0,0.674628747725914,0.57,0.63,0.62,0.2919992675781249,124.0,881.0,280.1400146484375
AAPL,AAPL,2027-06-17,1.1205479452054794,P,5.0,-4.025851618066502,0.0,0.22,0.12,1.5507834960937497,1.0,13.0,280.1400146484375
AAPL,AAPL,2027-06-17,1.1205479452054794,P,10.0,-3.332704437506557,0.0,0.64,0.02,1.43359658203125,5.0,11.0,280.1400146484375
AAPL,AAPL,2027-06-17,1.1205479452054794,P,15.0,-2.9272393293983927,0.0,0.65,0.05,1.2392616162109373,1.0,2.0,280.1400146484375
AAPL,AAPL,2027-06-17,1.1205479452054794,P,20.0,-2.639557256946612,0.0,0.54,0.02,1.0791061669921875,1.0,14.0,280.1400146484375
AAPL,AAPL,2027-06-17,1.1205479452054794,P,25.0,-2.4164137056324018,0.0,0.55,0.03,0.98437515625,11.0,56.0,280.1400146484375
AAPL,AAPL,2027-06-17,1.1205479452054794,P,30.0,-2.2340921488384473,0.0,0.71,0.04,0.938477177734375,20.0,67.0,280.1400146484375
AAPL,AAPL,2027-06-17,1.1205479452054794,P,35.0,-2.079941469011189,0.01,0.1,0.11,0.70312796875,,106.0,280.1400146484375
AAPL,AAPL,2027-06-17,1.1205479452054794,P,40.0,-1.9464100763866663,0.02,0.55,0.11,0.79101771484375,,9.0,280.1400146484375
AAPL,AAPL,2027-06-17,1.1205479452054794,P,45.0,-1.828627040730283,0.05,0.1,0.05,0.6367223828125,4.0,170.0,280.1400146484375
AAPL,AAPL,2027-06-17,1.1205479452054794,P,50.0,-1.7232665250724566,0.05,0.25,0.12,0.647464462890625,5.0,718.0,280.1400146484375
AAPL,AAPL,2027-06-17,1.1205479452054794,P,55.0,-1.6279563452681318,0.04,0.18,0.1,0.5908244042968751,1.0,17.0,280.1400146484375
AAPL,AAPL,2027-06-17,1.1205479452054794,P,60.0,-1.540944968278502,0.06,0.2,0.1,0.570316796875,3.0,71.0,280.1400146484375
AAPL,AAPL,2027-06-17,1.1205479452054794,P,65.0,-1.4609022606049655,0.18,0.28,0.19,0.5786174951171875,1.0,28.0,280.1400146484375
AAPL,AAPL,2027-06-17,1.1205479452054794,P,70.0,-1.3867942884512436,0.2,0.46,0.3,0.57617611328125,10.0,29.0,280.1400146484375
AAPL,AAPL,2027-06-17,1.1205479452054794,P,75.0,-1.3178014169642922,0.3,0.39,0.33,0.551762294921875,4.0,530.0,280.1400146484375
AAPL,AAPL,2027-06-17,1.1205479452054794,P,80.0,-1.2532628958267211,0.19,0.31,0.26,0.5039112109375,1.0,163.0,280.1400146484375
AAPL,AAPL,2027-06-17,1.1205479452054794,P,85.0,-1.192638274010286,0.24,0.35,0.53,0.5024463818359376,1.0,69.0,280.1400146484375
AAPL,AAPL,2027-06-17,1.1205479452054794,P,90.0,-1.1354798601703375,0.55,0.93,0.5,0.5350388293457031,1.0,55.0,280.1400146484375
AAPL,AAPL,2027-06-17,1.1205479452054794,P,95.0,-1.0814126389000618,0.34,0.48,0.47,0.47852083984375,11.0,165.0,280.1400146484375
AAPL,AAPL,2027-06-17,1.1205479452054794,P,100.0,-1.0301193445125112,0.45,0.49,0.44,0.4585015087890626,16.0,1381.0,280.1400146484375
AAPL,AAPL,2027-06-17,1.1205479452054794,P,105.0,-0.9813291803430793,0.51,0.58,0.65,0.44946839599609373,25.0,516.0,280.1400146484375
AAPL,AAPL,2027-06-17,1.1205479452054794,P,110.0,-0.9348091647081865,0.0,0.0,1.07,0.12500875,23.0,0.0,280.1400146484375
AAPL,AAPL,2027-06-17,1.1205479452054794,P,115.0,-0.8903574021373526,0.67,0.8,0.87,0.43237872314453124,6.0,52.0,280.1400146484375
AAPL,AAPL,2027-06-17,1.1205479452054794,P,120.0,-0.8477977877185566,0.79,0.88,0.77,0.42017181396484377,12.0,470.0,280.1400146484375
AAPL,AAPL,2027-06-17,1.1205479452054794,P,125.0,-0.8069757931983015,0.92,1.0,0.9,0.4106504248046875,50.0,621.0,280.1400146484375
AAPL,AAPL,2027-06-17,1.1205479452054794,P,130.0,-0.7677550800450202,1.01,1.17,1.03,0.4039366247558594,5.0,411.0,280.1400146484375
AAPL,AAPL,2027-06-17,1.1205479452054794,P,135.0,-0.7300147520621731,1.19,1.29,1.19,0.39331661376953125,7.0,471.0,280.1400146484375
AAPL,AAPL,2027-06-17,1.1205479452054794,P,140.0,-0.6936471078912984,1.35,1.5,1.33,0.38709109008789055,4.0,330.0,280.1400146484375
AAPL,AAPL,2027-06-17,1.1205479452054794,P,145.0,-0.6585557880800281,1.54,1.68,1.49,0.37842418457031246,5.0,452.0,280.1400146484375
AAPL,AAPL,2027-06-17,1.1205479452054794,P,150.0,-0.6246542364043468,1.76,1.85,1.8,0.3687807263183594,127.0,3843.0,280.1400146484375
AAPL,AAPL,2027-06-17,1.1205479452054794,P,155.0,-0.5918644135813561,2.0,2.08,1.94,0.36121244262695307,11.0,1157.0,280.1400146484375
AAPL,AAPL,2027-06-17,1.1205479452054794,P,160.0,-0.5601157152667757,2.26,2.35,2.17,0.35425450439453116,11.0,2047.0,280.1400146484375
AAPL,AAPL,2027-06-17,1.1205479452054794,P,165.0,-0.529344056600022,2.54,2.62,2.61,0.3466251861572265,73.0,1499.0,280.1400146484375
AAPL,AAPL,2027-06-17,1.1205479452054794,P,170.0,-0.4994910934503409,2.86,2.95,2.9,0.34015552429199214,126.0,2118.0,280.1400146484375
AAPL,AAPL,2027-06-17,1.1205479452054794,P,175.0,-0.47050355657708853,3.2,3.3,3.25,0.33341120697021487,739.0,1065.0,280.1400146484375
AAPL,AAPL,2027-06-17,1.1205479452054794,P,180.0,-0.4423326796103922,3.6,3.7,3.5,0.327155166015625,33.0,2866.0,280.1400146484375
AAPL,AAPL,2027-06-17,1.1205479452054794,P,185.0,-0.4149337054222779,4.0,4.15,3.85,0.32126533233642574,34.0,1046.0,280.1400146484375
AAPL,AAPL,2027-06-17,1.1205479452054794,P,190.0,-0.38826545834011655,4.5,4.65,4.35,0.31555860229492183,53.0,1565.0,280.1400146484375
AAPL,AAPL,2027-06-17,1.1205479452054794,P,195.0,-0.36228997193685586,5.05,5.2,4.85,0.31000445861816406,104.0,4678.0,280.1400146484375
AAPL,AAPL,2027-06-17,1.1205479452054794,P,200.0,-0.33697216395256596,5.65,5.8,5.72,0.30445031494140623,661.0,6002.0,280.1400146484375
AAPL,AAPL,2027-06-17,1.1205479452054794,P,210.0,-0.2881819997831339,7.0,7.2,7.17,0.2940134075927734,152.0,2305.0,280.1400146484375
AAPL,AAPL,2027-06-17,1.1205479452054794,P,220.0,-0.24166198414824117,8.7,8.85,8.85,0.28362227615356433,391.0,4121.0,280.1400146484375
AAPL,AAPL,2027-06-17,1.1205479452054794,P,230.0,-0.19721022157740728,10.7,10.85,10.85,0.274070369720459,147.0,3751.0,280.1400146484375
AAPL,AAPL,2027-06-17,1.1205479452054794,P,240.0,-0.15465060715861131,13.05,13.25,13.2,0.2652661364746094,145.0,3985.0,280.1400146484375
AAPL,AAPL,2027-06-17,1.1205479452054794,P,250.0,-0.11382861263835616,15.85,16.05,16.0,0.2566297482299804,88.0,3737.0,280.1400146484375
AAPL,AAPL,2027-06-17,1.1205479452054794,P,260.0,-0.07460789948507494,19.05,19.3,19.25,0.2482374981689453,153.0,3640.0,280.1400146484375
AAPL,AAPL,2027-06-17,1.1205479452054794,P,270.0,-0.03686757150222788,22.8,23.0,22.95,0.23970792037963862,181.0,2046.0,280.1400146484375
AAPL,AAPL,2027-06-17,1.1205479452054794,P,280.0,-0.000499927331353,27.0,27.25,27.2,0.23157506713867188,1233.0,1158.0,280.1400146484375
AAPL,AAPL,2027-06-17,1.1205479452054794,P,290.0,0.03459139247991713,31.75,32.1,30.25,0.22394574890136715,102.0,349.0,280.1400146484375
AAPL,AAPL,2027-06-17,1.1205479452054794,P,300.0,0.0684929441555985,36.8,37.6,37.4,0.21704884521484374,1.0,320.0,280.1400146484375
AAPL,AAPL,2027-06-17,1.1205479452054794,P,310.0,0.1012827669785892,42.85,43.65,43.25,0.20993832061767576,7.0,166.0,280.1400146484375
AAPL,AAPL,2027-06-17,1.1205479452054794,P,320.0,0.13303146529316953,49.0,51.0,66.34,0.20972469970703123,28.0,239.0,280.1400146484375
AAPL,AAPL,2027-06-17,1.1205479452054794,P,330.0,0.16380312395992325,56.0,58.6,61.37,0.20758849060058593,4.0,621.0,280.1400146484375
AAPL,AAPL,2027-06-17,1.1205479452054794,P,340.0,0.19365608710960444,63.75,66.0,61.75,0.1982807223510742,1.0,482.0,280.1400146484375
AAPL,AAPL,2027-06-17,1.1205479452054794,P,350.0,0.22264362398285675,71.2,73.65,79.4,0.18485312225341793,1.0,46.0,280.1400146484375
AAPL,AAPL,2027-06-17,1.1205479452054794,P,370.0,0.2782134751376674,98.85,101.5,115.85,0.3112404081726074,1.0,0.0,280.1400146484375
AAPL,AAPL,2027-06-17,1.1205479452054794,P,390.0,0.3308572086230894,133.15,133.65,119.3,0.46335375518798827,1.0,0.0,280.1400146484375
AAPL,AAPL,2027-06-17,1.1205479452054794,P,410.0,0.38086762919775086,134.35,134.7,143.1,0.2839732247924803,1.0,0.0,280.1400146484375
AAPL,AAPL,2027-06-17,1.1205479452054794,P,420.0,0.4049651807768114,142.55,146.4,152.95,0.32150947052001955,20.0,0.0,280.1400146484375
AAPL,AAPL,2027-06-17,1.1205479452054794,P,430.0,0.4284956781870055,177.95,181.85,167.8,0.5822032746887207,3.0,0.0,280.1400146484375
AAPL,AAPL,2027-06-17,1.1205479452054794,P,440.0,0.45148519641170415,158.0,161.9,173.69,0.26355716918945316,2.0,1.0,280.1400146484375
AAPL,AAPL,2027-06-17,1.1205479452054794,P,450.0,0.47395805226376275,203.85,204.3,171.94,0.6476780838012696,2.0,0.0,280.1400146484375
AAPL,AAPL,2027-06-17,1.1205479452054794,P,460.0,0.49593695898253803,204.2,204.6,186.3,0.5713543841552735,,0.0,280.1400146484375
AAPL,AAPL,2027-06-17,1.1205479452054794,P,480.0,0.5384965734013339,217.1,217.6,203.65,0.5242051974487304,,0.0,280.1400146484375
AAPL,AAPL,2028-12-15,2.6191780821917807,C,5.0,-4.025851618066502,271.05,279.4,268.75,2.6513705590820313,1.0,14.0,280.1400146484375
AAPL,AAPL,2028-12-15,2.6191780821917807,C,15.0,-2.9272393293983927,262.5,267.5,264.03,1.1569866369628907,4.0,13.0,280.1400146484375
AAPL,AAPL,2028-12-15,2.6191780821917807,C,30.0,-2.2340921488384473,249.0,254.0,244.4,0.7490259472656251,2.0,2.0,280.1400146484375
AAPL,AAPL,2028-12-15,2.6191780821917807,C,50.0,-1.7232665250724566,231.0,236.0,237.61,0.6947052014160158,10.0,497.0,280.1400146484375
AAPL,AAPL,2028-12-15,2.6191780821917807,C,70.0,-1.3867942884512436,213.5,218.5,219.35,0.6455723919677734,17.0,122.0,280.1400146484375
AAPL,AAPL,2028-12-15,2.6191780821917807,C,80.0,-1.2532628958267211,205.0,209.5,185.5,0.6193275372314455,1.0,128.0,280.1400146484375
AAPL,AAPL,2028-12-15,2.6191780821917807,C,90.0,-1.1354798601703375,196.0,201.0,187.0,0.593326820678711,5.0,70.0,280.1400146484375
AAPL,AAPL,2028-12-15,2.6191780821917807,C,100.0,-1.0301193445125112,187.5,192.5,190.29,0.5727886959838868,7.0,184.0,280.1400146484375
AAPL,AAPL,2028-12-15,2.6191780821917807,C,110.0,-0.9348091647081865,179.0,183.5,173.0,0.5476424630737305,1.0,26.0,280.1400146484375
AAPL,AAPL,2028-12-15,2.6191780821917807,C,120.0,-0.8477977877185566,171.0,175.5,163.75,0.5346421047973633,3.0,40.0,280.1400146484375
AAPL,AAPL,2028-12-15,2.6191780821917807,C,125.0,-0.8069757931983015,166.5,171.5,160.0,0.5239915765380858,1.0,74.0,280.1400146484375
AAPL,AAPL,2028-12-15,2.6191780821917807,C,130.0,-0.7677550800450202,162.5,167.05,169.0,0.5137377728271484,1.0,69.0,280.1400146484375
AAPL,AAPL,2028-12-15,2.6191780821917807,C,135.0,-0.7300147520621731,158.55,163.0,163.98,0.5064136273193358,1.0,46.0,280.1400146484375
AAPL,AAPL,2028-12-15,2.6191780821917807,C,140.0,-0.6936471078912984,154.5,159.0,150.8,0.5257615783691407,3.0,126.0,280.1400146484375
AAPL,AAPL,2028-12-15,2.6191780821917807,C,145.0,-0.6585557880800281,150.5,155.0,140.0,0.5168505346679688,11.0,106.0,280.1400146484375
AAPL,AAPL,2028-12-15,2.6191780821917807,C,150.0,-0.6246542364043468,146.5,150.0,150.0,0.4968922381591797,10.0,391.0,280.1400146484375
AAPL,AAPL,2028-12-15,2.6191780821917807,C,155.0,-0.5918644135813561,142.5,147.0,137.08,0.4988911195373535,7.0,56.0,280.1400146484375
AAPL,AAPL,2028-12-15,2.6191780821917807,C,160.0,-0.5601157152667757,139.15,143.0,140.85,0.48985800674438484,6.0,120.0,280.1400146484375
AAPL,AAPL,2028-12-15,2.6191780821917807,C,165.0,-0.529344056600022,135.15,138.9,136.6,0.4798025653076171,1.0,162.0,280.1400146484375
AAPL,AAPL,2028-12-15,2.6191780821917807,C,170.0,-0.4994910934503409,130.55,135.5,133.1,0.47639988937377925,4.0,64.0,280.1400146484375
AAPL,AAPL,2028-12-15,2.6191780821917807,C,175.0,-0.47050355657708853,127.0,131.4,116.98,0.4662223788452149,2.0,219.0,280.1400146484375
AAPL,AAPL,2028-12-15,2.6191780821917807,C,180.0,-0.4423326796103922,123.15,127.4,125.59,0.456960386505127,1.0,365.0,280.1400146484375
AAPL,AAPL,2028-12-15,2.6191780821917807,C,185.0,-0.4149337054222779,119.55,124.0,122.0,0.4528252960205078,6.0,123.0,280.1400146484375
AAPL,AAPL,2028-12-15,2.6191780821917807,C,190.0,-0.38826545834011655,116.3,119.65,121.66,0.4404810591125488,60.0,405.0,280.1400146484375
AAPL,AAPL,2028-12-15,2.6191780821917807,C,195.0,-0.36228997193685586,112.55,116.9,117.05,0.44118295639038085,7.0,1755.0,280.1400146484375
AAPL,AAPL,2028-12-15,2.6191780821917807,C,200.0,-0.33697216395256596,109.2,113.4,111.5,0.43543045043945316,55.0,879.0,280.1400146484375
AAPL,AAPL,2028-12-15,2.6191780821917807,C,210.0,-0.2881819997831339,102.1,105.9,104.84,0.41963776168823247,20.0,535.0,280.1400146484375
AAPL,AAPL,2028-12-15,2.6191780821917807,C,220.0,-0.24166198414824117,96.4,99.25,97.31,0.4094297338867187,3.0,806.0,280.1400146484375
AAPL,AAPL,2028-12-15,2.6191780821917807,C,230.0,-0.19721022157740728,89.0,93.35,91.35,0.40335679656982426,41.0,731.0,280.1400146484375
AAPL,AAPL,2028-12-15,2.6191780821917807,C,240.0,-0.15465060715861131,83.7,85.7,84.8,0.38474888938903806,22.0,1678.0,280.1400146484375
AAPL,AAPL,2028-12-15,2.6191780821917807,C,250.0,-0.11382861263835616,78.05,81.05,79.3,0.3845581564331054,57.0,2428.0,280.1400146484375
AAPL,AAPL,2028-12-15,2.6191780821917807,C,260.0,-0.07460789948507494,72.65,75.1,73.7,0.37496047409057615,72.0,1332.0,280.1400146484375
AAPL,AAPL,2028-12-15,2.6191780821917807,C,270.0,-0.03686757150222788,66.95,68.8,68.4,0.36236446968078617,953.0,1033.0,280.1400146484375
AAPL,AAPL,2028-12-15,2.6191780821917807,C,280.0,-0.000499927331353,61.8,63.65,63.1,0.3555667471313476,324.0,1540.0,280.1400146484375
AAPL,AAPL,2028-12-15,2.6191780821917807,C,290.0,0.03459139247991713,56.85,59.4,58.21,0.3527744166564941,84.0,1236.0,280.1400146484375
AAPL,AAPL,2028-12-15,2.6191780821917807,C,300.0,0.0684929441555985,52.4,54.9,53.81,0.34738811798095703,286.0,2461.0,280.1400146484375
AAPL,AAPL,2028-12-15,2.6191780821917807,C,310.0,0.1012827669785892,48.45,49.75,49.5,0.33730215927124024,161.0,790.0,280.1400146484375
AAPL,AAPL,2028-12-15,2.6191780821917807,C,320.0,0.13303146529316953,44.1,45.9,45.32,0.3333349137878418,570.0,1641.0,280.1400146484375
AAPL,AAPL,2028-12-15,2.6191780821917807,C,330.0,0.16380312395992325,40.85,42.4,42.02,0.3301992639923096,336.0,996.0,280.1400146484375
AAPL,AAPL,2028-12-15,2.6191780821917807,C,340.0,0.19365608710960444,36.8,38.4,38.12,0.3232108084869384,125.0,491.0,280.1400146484375
AAPL,AAPL,2028-12-15,2.6191780821917807,C,350.0,0.22264362398285675,34.25,35.35,35.1,0.32042610733032223,136.0,1722.0,280.1400146484375
AAPL,AAPL,2028-12-15,2.6191780821917807,C,360.0,0.2508145009495531,31.15,32.3,32.6,0.3165961895751953,19.0,405.0,280.1400146484375
AAPL,AAPL,2028-12-15,2.6191780821917807,C,370.0,0.2782134751376674,28.65,29.4,29.7,0.31258316818237303,29.0,356.0,280.1400146484375
AAPL,AAPL,2028-12-15,2.6191780821917807,C,380.0,0.30488172221982873,26.55,27.05,26.97,0.3107521318054199,26.0,588.0,280.1400146484375
AAPL,AAPL,2028-12-15,2.6191780821917807,C,390.0,0.3308572086230894,23.55,24.6,25.3,0.3073876024627685,76.0,705.0,280.1400146484375
AAPL,AAPL,2028-12-15,2.6191780821917807,C,400.0,0.3561750166073793,21.3,22.55,22.3,0.30548790222167965,126.0,1348.0,280.1400146484375
AAPL,AAPL,2028-12-15,2.6191780821917807,C,410.0,0.38086762919775086,19.0,20.65,16.85,0.3036416072082519,10.0,148.0,280.1400146484375
AAPL,AAPL,2028-12-15,2.6191780821917807,C,420.0,0.4049651807768114,17.75,19.1,17.7,0.30321436538696284,45.0,75.0,280.1400146484375
AAPL,AAPL,2028-12-15,2.6191780821917807,C,430.0,0.4284956781870055,16.5,17.25,17.0,0.29999479309082033,1.0,134.0,280.1400146484375
AAPL,AAPL,2028-12-15,2.6191780821917807,C,440.0,0.45148519641170415,14.95,15.8,13.47,0.29863677444458,45.0,119.0,280.1400146484375
AAPL,AAPL,2028-12-15,2.6191780821917807,C,450.0,0.47395805226376275,13.75,14.3,15.25,0.29614961669921874,417.0,210.0,280.1400146484375
AAPL,AAPL,2028-12-15,2.6191780821917807,C,460.0,0.49593695898253803,12.6,13.6,13.23,0.29883513671874995,11.0,194.0,280.1400146484375
AAPL,AAPL,2028-12-15,2.6191780821917807,C,470.0,0.5174431642035017,11.35,12.75,12.23,0.29991849990844727,2.0,162.0,280.1400146484375
AAPL,AAPL,2028-12-15,2.6191780821917807,C,480.0,0.5384965734013339,10.45,11.0,10.83,0.2931741825866699,13.0,106.0,280.1400146484375
AAPL,AAPL,2028-12-15,2.6191780821917807,C,490.0,0.5591158606040697,8.75,10.1,10.0,0.2924875439453124,20.0,140.0,280.1400146484375
AAPL,AAPL,2028-12-15,2.6191780821917807,C,500.0,0.5793185679215892,8.5,9.2,9.0,0.291175301208496,20.0,571.0,280.1400146484375
AAPL,AAPL,2028-12-15,2.6191780821917807,C,510.0,0.5991211952177687,7.95,8.7,8.4,0.2929453030395507,1.0,306.0,280.1400146484375
AAPL,AAPL,2028-12-15,2.6191780821917807,C,520.0,0.6185392810748703,7.3,7.85,7.55,0.2909311630249023,204.0,1063.0,280.1400146484375
AAPL,AAPL,2028-12-15,2.6191780821917807,P,5.0,-4.025851618066502,0.0,0.25,0.02,1.0332079589843752,174.0,346.0,280.1400146484375
AAPL,AAPL,2028-12-15,2.6191780821917807,P,10.0,-3.332704437506557,0.0,0.0,0.03,0.500005,4.0,0.0,280.1400146484375
AAPL,AAPL,2028-12-15,2.6191780821917807,P,15.0,-2.9272393293983927,0.0,2.74,0.04,1.0361376318359379,28.0,6.0,280.1400146484375
AAPL,AAPL,2028-12-15,2.6191780821917807,P,20.0,-2.639557256946612,0.0,2.75,0.05,0.9184578466796876,86.0,20.0,280.1400146484375
AAPL,AAPL,2028-12-15,2.6191780821917807,P,25.0,-2.4164137056324018,0.02,0.24,0.11,0.58789474609375,1.0,15.0,280.1400146484375
AAPL,AAPL,2028-12-15,2.6191780821917807,P,30.0,-2.2340921488384473,0.03,0.5,0.1,0.5908244042968751,1.0,78.0,280.1400146484375
AAPL,AAPL,2028-12-15,2.6191780821917807,P,35.0,-2.079941469011189,0.01,1.88,0.13,0.6618686157226563,61.0,416.0,280.1400146484375
AAPL,AAPL,2028-12-15,2.6191780821917807,P,40.0,-1.9464100763866663,0.15,1.72,0.2,0.6169471899414063,5.0,1072.0,280.1400146484375
AAPL,AAPL,2028-12-15,2.6191780821917807,P,45.0,-1.828627040730283,0.0,0.0,0.3,0.2500075,4.0,0.0,280.1400146484375
AAPL,AAPL,2028-12-15,2.6191780821917807,P,50.0,-1.7232665250724566,0.01,0.56,0.33,0.5031787963867188,1.0,284.0,280.1400146484375
AAPL,AAPL,2028-12-15,2.6191780821917807,P,60.0,-1.540944968278502,0.38,0.54,0.5,0.4480035668945312,31.0,760.0,280.1400146484375
AAPL,AAPL,2028-12-15,2.6191780821917807,P,70.0,-1.3867942884512436,0.11,1.15,0.87,0.45606012695312503,1.0,43.0,280.1400146484375
AAPL,AAPL,2028-12-15,2.6191780821917807,P,80.0,-1.2532628958267211,0.82,1.11,0.9,0.4115049084472656,1.0,132.0,280.1400146484375
AAPL,AAPL,2028-12-15,2.6191780821917807,P,90.0,-1.1354798601703375,1.08,1.45,1.51,0.39331661376953125,24.0,139.0,280.1400146484375
AAPL,AAPL,2028-12-15,2.6191780821917807,P,100.0,-1.0301193445125112,1.54,1.77,1.75,0.37329728271484375,1.0,227.0,280.1400146484375
AAPL,AAPL,2028-12-15,2.6191780821917807,P,110.0,-0.9348091647081865,2.01,2.27,2.24,0.35950347534179683,1.0,399.0,280.1400146484375
AAPL,AAPL,2028-12-15,2.6191780821917807,P,120.0,-0.8477977877185566,2.54,2.97,2.78,0.34961587890624996,10.0,60.0,280.1400146484375
AAPL,AAPL,2028-12-15,2.6191780821917807,P,125.0,-0.8069757931983015,2.93,3.5,3.57,0.34802898071289057,1.0,27.0,280.1400146484375
AAPL,AAPL,2028-12-15,2.6191780821917807,P,130.0,-0.7677550800450202,3.25,4.15,4.25,0.34775432525634764,201.0,238.0,280.1400146484375
AAPL,AAPL,2028-12-15,2.6191780821917807,P,135.0,-0.7300147520621731,3.5,4.05,4.54,0.331061376953125,1.0,285.0,280.1400146484375
AAPL,AAPL,2028-12-15,2.6191780821917807,P,140.0,-0.6936471078912984,3.95,4.7,4.1,0.32968809967041013,1.0,345.0,280.1400146484375
AAPL,AAPL,2028-12-15,2.6191780821917807,P,145.0,-0.6585557880800281,4.65,5.2,4.94,0.32462223236083976,80.0,419.0,280.1400146484375
AAPL,AAPL,2028-12-15,2.6191780821917807,P,150.0,-0.6246542364043468,5.15,5.8,5.3,0.32071602142333977,150.0,694.0,280.1400146484375
AAPL,AAPL,2028-12-15,2.6191780821917807,P,155.0,-0.5918644135813561,5.65,6.05,5.55,0.3108894595336914,1.0,462.0,280.1400146484375
AAPL,AAPL,2028-12-15,2.6191780821917807,P,160.0,-0.5601157152667757,6.3,6.65,6.3,0.306220316772461,90.0,467.0,280.1400146484375
AAPL,AAPL,2028-12-15,2.6191780821917807,P,165.0,-0.529344056600022,7.0,7.3,7.0,0.301764794921875,45.0,526.0,280.1400146484375
AAPL,AAPL,2028-12-15,2.6191780821917807,P,170.0,-0.4994910934503409,7.6,8.0,7.53,0.2974771180725097,14.0,693.0,280.1400146484375
AAPL,AAPL,2028-12-15,2.6191780821917807,P,175.0,-0.47050355657708853,8.4,8.8,8.55,0.2938913385009765,3.0,250.0,280.1400146484375
AAPL,AAPL,2028-12-15,2.6191780821917807,P,180.0,-0.4423326796103922,9.2,9.7,9.1,0.29085486984252923,19.0,1232.0,280.1400146484375
AAPL,AAPL,2028-12-15,2.6191780821917807,P,185.0,-0.4149337054222779,9.95,10.45,10.16,0.2856821920776367,3.0,404.0,280.1400146484375
AAPL,AAPL,2028-12-15,2.6191780821917807,P,190.0,-0.38826545834011655,10.5,12.2,10.8,0.2899851275634765,5.0,977.0,280.1400146484375
AAPL,AAPL,2028-12-15,2.6191780821917807,P,195.0,-0.36228997193685586,11.9,12.3,12.0,0.2776408906555175,81.0,310.0,280.1400146484375
AAPL,AAPL,2028-12-15,2.6191780821917807,P,200.0,-0.33697216395256596,12.9,13.35,13.06,0.2740856283569336,15.0,1873.0,280.1400146484375
AAPL,AAPL,2028-12-15,2.6191780821917807,P,210.0,-0.2881819997831339,14.95,15.65,15.18,0.2672192419433594,3.0,1222.0,280.1400146484375
AAPL,AAPL,2028-12-15,2.6191780821917807,P,220.0,-0.24166198414824117,17.65,18.1,17.6,0.2596662168884278,19.0,1056.0,280.1400146484375
AAPL,AAPL,2028-12-15,2.6191780821917807,P,230.0,-0.19721022157740728,19.9,21.0,20.65,0.25357802093505866,25.0,819.0,280.1400146484375
AAPL,AAPL,2028-12-15,2.6191780821917807,P,240.0,-0.15465060715861131,23.5,24.0,23.0,0.2462843927001953,45.0,1503.0,280.1400146484375
AAPL,AAPL,2028-12-15,2.6191780821917807,P,250.0,-0.11382861263835616,26.15,27.4,27.25,0.23975369628906246,446.0,1333.0,280.1400146484375
AAPL,AAPL,2028-12-15,2.6191780821917807,P,260.0,-0.07460789948507494,30.15,31.3,30.51,0.2343979148864746,60.0,1295.0,280.1400146484375
AAPL,AAPL,2028-12-15,2.6191780821917807,P,270.0,-0.03686757150222788,33.8,35.3,34.5,0.22769937347412106,79.0,285.0,280.1400146484375
AAPL,AAPL,2028-12-15,2.6191780821917807,P,280.0,-0.000499927331353,38.6,39.5,38.9,0.2202531588745117,105.0,655.0,280.1400146484375
AAPL,AAPL,2028-12-15,2.6191780821917807,P,290.0,0.03459139247991713,42.55,44.75,43.65,0.21672841384887692,45.0,330.0,280.1400146484375
AAPL,AAPL,2028-12-15,2.6191780821917807,P,300.0,0.0684929441555985,48.6,50.35,47.75,0.21311211700439453,4.0,395.0,280.1400146484375
AAPL,AAPL,2028-12-15,2.6191780821917807,P,310.0,0.1012827669785892,52.6,56.4,53.0,0.20996883789062498,2.0,37.0,280.1400146484375
AAPL,AAPL,2028-12-15,2.6191780821917807,P,320.0,0.13303146529316953,58.45,62.1,58.7,0.20284305465698238,8.0,183.0,280.1400146484375
AAPL,AAPL,2028-12-15,2.6191780821917807,P,330.0,0.16380312395992325,65.95,68.75,66.55,0.19903602485656738,1.0,152.0,280.1400146484375
AAPL,AAPL,2028-12-15,2.6191780821917807,P,340.0,0.19365608710960444,72.4,75.0,71.25,0.19065140411376952,4.0,193.0,280.1400146484375
AAPL,AAPL,2028-12-15,2.6191780821917807,P,350.0,0.22264362398285675,78.0,83.0,78.06,0.19094131820678711,3.0,241.0,280.1400146484375
AAPL,AAPL,2028-12-15,2.6191780821917807,P,360.0,0.2508145009495531,87.1,88.05,87.45,0.16845008804321293,249.0,637.0,280.1400146484375
AAPL,AAPL,2028-12-15,2.6191780821917807,P,370.0,0.2782134751376674,94.7,96.1,93.77,0.16352154846191408,41.0,23.0,280.1400146484375
AAPL,AAPL,2028-12-15,2.6191780821917807,P,380.0,0.30488172221982873,102.75,105.45,103.31,0.1675803457641602,3.0,74.0,280.1400146484375
AAPL,AAPL,2028-12-15,2.6191780821917807,P,390.0,0.3308572086230894,109.5,114.5,120.01,0.16770241485595705,5.0,6.0,280.1400146484375
AAPL,AAPL,2028-12-15,2.6191780821917807,P,400.0,0.3561750166073793,119.0,123.35,118.4,0.16394879028320314,2.0,0.0,280.1400146484375
AAPL,AAPL,2028-12-15,2.6191780821917807,P,410.0,0.38086762919775086,128.0,132.55,139.41,0.16196516754150392,6.0,6.0,280.1400146484375
AAPL,AAPL,2028-12-15,2.6191780821917807,P,420.0,0.4049651807768114,137.5,142.5,146.0,0.1687094848632813,,6.0,280.1400146484375
AAPL,AAPL,2028-12-15,2.6191780821917807,P,430.0,0.4284956781870055,147.5,152.5,143.5,0.17582000946044923,1.0,2.0,280.1400146484375
AAPL,AAPL,2028-12-15,2.6191780821917807,P,440.0,0.45148519641170415,157.5,162.5,166.0,0.1826863958740234,4.0,0.0,280.1400146484375
AAPL,AAPL,2028-12-15,2.6191780821917807,P,450.0,0.47395805226376275,167.5,172.5,176.0,0.18933916137695314,4.0,0.0,280.1400146484375
AAPL,AAPL,2028-12-15,2.6191780821917807,P,460.0,0.49593695898253803,177.5,182.5,194.5,0.1958088232421875,,0.0,280.1400146484375
AAPL,AAPL,2028-12-15,2.6191780821917807,P,490.0,0.5591158606040697,207.5,212.5,216.8,0.21399711791992188,,0.0,280.1400146484375
AAPL,AAPL,2028-12-15,2.6191780821917807,P,500.0,0.5793185679215892,217.5,222.5,228.95,0.21973436523437498,4.0,0.0,280.1400146484375
AAPL,AAPL,2028-12-15,2.6191780821917807,P,520.0,0.6185392810748703,237.5,242.5,249.75,0.23075110076904298,2.0,0.0,280.1400146484375
