underlying,equity_ticker,expiration,T,side,strike,log_moneyness,bid,ask,last,iv,volume,open_interest,spot_at_fetch
AMD,AMD,2026-05-08,0.010958904109589041,C,110.0,-1.1871225654818185,248.95,251.8,242.55,4.832035209960937,10.0,16.0,360.5400085449219
AMD,AMD,2026-05-08,0.010958904109589041,C,115.0,-1.1426708029109849,243.5,246.8,203.52,4.661136986083983,5.0,11.0,360.5400085449219
AMD,AMD,2026-05-08,0.010958904109589041,C,120.0,-1.1001111884921888,238.95,241.8,227.88,4.498051252441406,12.0,5.0,360.5400085449219
AMD,AMD,2026-05-08,0.010958904109589041,C,125.0,-1.0592891939719338,233.55,236.8,235.41,4.342778009033202,5.0,2.0,360.5400085449219
AMD,AMD,2026-05-08,0.010958904109589041,C,130.0,-1.0200684808186524,228.95,231.8,222.24,4.193364133300782,10.0,18.0,360.5400085449219
AMD,AMD,2026-05-08,0.010958904109589041,C,135.0,-0.9823281528358054,223.9,226.8,217.39,4.049809625244141,1.0,6.0,360.5400085449219
AMD,AMD,2026-05-08,0.010958904109589041,C,140.0,-0.9459605086649305,218.95,221.8,207.65,3.9111330346679694,10.0,13.0,360.5400085449219
AMD,AMD,2026-05-08,0.010958904109589041,C,145.0,-0.9108691888536605,214.15,216.8,216.36,3.778320866699219,1.0,21.0,360.5400085449219
AMD,AMD,2026-05-08,0.010958904109589041,C,150.0,-0.8769676371779791,208.9,211.8,208.08,3.6503914990234376,17.0,31.0,360.5400085449219
AMD,AMD,2026-05-08,0.010958904109589041,C,155.0,-0.8441778143549882,203.9,206.55,197.64,3.3964858837890626,1.0,38.0,360.5400085449219
AMD,AMD,2026-05-08,0.010958904109589041,C,160.0,-0.812429116040408,198.9,201.8,201.37,3.405274924316406,3.0,35.0,360.5400085449219
AMD,AMD,2026-05-08,0.010958904109589041,C,165.0,-0.7816574573736542,193.95,196.8,192.91,3.28906427734375,5.0,51.0,360.5400085449219
AMD,AMD,2026-05-08,0.010958904109589041,C,170.0,-0.7518044942239731,189.0,191.85,188.33,3.1982441918945312,8.0,61.0,360.5400085449219
AMD,AMD,2026-05-08,0.010958904109589041,C,175.0,-0.7228169573507208,184.0,186.85,180.25,3.0878929052734367,3.0,76.0,360.5400085449219
AMD,AMD,2026-05-08,0.010958904109589041,C,180.0,-0.6946460803840245,178.95,181.85,178.5,2.9804712988281246,3.0,64.0,360.5400085449219
AMD,AMD,2026-05-08,0.010958904109589041,C,185.0,-0.6672471061959101,174.0,176.85,173.2,2.875979372558594,8.0,49.0,360.5400085449219
AMD,AMD,2026-05-08,0.010958904109589041,C,190.0,-0.6405788591137487,169.05,171.75,167.7,2.734866444091797,1.0,211.0,360.5400085449219
AMD,AMD,2026-05-08,0.010958904109589041,C,195.0,-0.614603372710488,164.0,166.85,152.68,2.674808000488282,2.0,63.0,360.5400085449219
AMD,AMD,2026-05-08,0.010958904109589041,C,200.0,-0.5892855647261982,159.55,161.8,160.55,1.8515632421875,9.0,193.0,360.5400085449219
AMD,AMD,2026-05-08,0.010958904109589041,C,205.0,-0.5645929521358266,154.05,157.05,155.7,1.3750031249999999,11.0,207.0,360.5400085449219
AMD,AMD,2026-05-08,0.010958904109589041,C,210.0,-0.5404954005567661,149.05,151.55,150.49,2.281254296875,24.0,278.0,360.5400085449219
AMD,AMD,2026-05-08,0.010958904109589041,C,215.0,-0.5169649031465722,144.05,146.75,145.48,2.2670941760253904,68.0,284.0,360.5400085449219
AMD,AMD,2026-05-08,0.010958904109589041,C,217.5,-0.505404080745496,141.6,144.1,140.0,2.1704147302246093,9.0,5.0,360.5400085449219
AMD,AMD,2026-05-08,0.010958904109589041,C,220.0,-0.49397538492187326,139.05,141.65,139.67,2.145512448730469,113.0,332.0,360.5400085449219
AMD,AMD,2026-05-08,0.010958904109589041,C,222.5,-0.48267582966794004,136.1,139.15,131.77,2.10303208618164,2.0,18.0,360.5400085449219
AMD,AMD,2026-05-08,0.010958904109589041,C,225.0,-0.4715025290698147,134.05,136.5,134.25,2.00781748046875,70.0,1027.0,360.5400085449219
AMD,AMD,2026-05-08,0.010958904109589041,C,227.5,-0.4604526928832297,131.6,134.4,134.0,2.0981492858886717,4.0,1.0,360.5400085449219
AMD,AMD,2026-05-08,0.010958904109589041,C,230.0,-0.44952362235103954,129.65,131.75,130.04,1.4765651171875,134.0,544.0,360.5400085449219
AMD,AMD,2026-05-08,0.010958904109589041,C,232.5,-0.43871270624682385,126.4,129.45,128.51,2.0273486816406248,3.0,15.0,360.5400085449219
AMD,AMD,2026-05-08,0.010958904109589041,C,235.0,-0.42801741713007585,124.1,126.95,126.33,1.9853516357421874,11.0,646.0,360.5400085449219
AMD,AMD,2026-05-08,0.010958904109589041,C,237.5,-0.417435307799539,121.6,124.45,122.41,1.9438479370117188,8.0,18.0,360.5400085449219
AMD,AMD,2026-05-08,0.010958904109589041,C,240.0,-0.4069640079322436,119.1,122.15,120.05,1.2519568652343749,75.0,1352.0,360.5400085449219
AMD,AMD,2026-05-08,0.010958904109589041,C,242.5,-0.3966012208966969,117.15,119.45,118.8,1.40625296875,19.0,15.0,360.5400085449219
AMD,AMD,2026-05-08,0.010958904109589041,C,245.0,-0.38634472072950793,114.35,117.0,115.82,1.26172244140625,44.0,759.0,360.5400085449219
AMD,AMD,2026-05-08,0.010958904109589041,C,247.5,-0.3761923492654899,111.6,114.45,112.4,1.78125109375,12.0,14.0,360.5400085449219
AMD,AMD,2026-05-08,0.010958904109589041,C,250.0,-0.3661420134119884,110.0,111.85,110.0,1.3867218164062498,233.0,1401.0,360.5400085449219
AMD,AMD,2026-05-08,0.010958904109589041,C,252.5,-0.3561916825588204,106.65,109.55,108.13,1.0664109179687502,31.0,11.0,360.5400085449219
AMD,AMD,2026-05-08,0.010958904109589041,C,255.0,-0.3463393861158087,104.15,106.55,105.39,1.5561545629882811,63.0,1190.0,360.5400085449219
AMD,AMD,2026-05-08,0.010958904109589041,C,257.5,-0.336583211170444,101.7,104.55,92.67,1.0546922265625,2.0,79.0,360.5400085449219
AMD,AMD,2026-05-08,0.010958904109589041,C,260.0,-0.3269213002587072,99.8,101.6,98.87,1.109379453125,38.0,1129.0,360.5400085449219
AMD,AMD,2026-05-08,0.010958904109589041,C,262.5,-0.31735184924255644,96.8,99.65,99.45,1.1015669921875002,14.0,37.0,360.5400085449219
AMD,AMD,2026-05-08,0.010958904109589041,C,265.0,-0.3078731052880126,94.4,97.1,95.29,1.08984830078125,61.0,447.0,360.5400085449219
AMD,AMD,2026-05-08,0.010958904109589041,C,267.5,-0.2984833649381737,91.9,94.6,93.35,1.0605515722656251,15.0,32.0,360.5400085449219
AMD,AMD,2026-05-08,0.010958904109589041,C,270.0,-0.2891809722758601,90.0,91.65,91.04,1.0781296093750001,106.0,1091.0,360.5400085449219
AMD,AMD,2026-05-08,0.010958904109589041,C,272.5,-0.27996431717093606,86.9,89.8,87.68,1.0615281298828125,2.0,85.0,360.5400085449219
AMD,AMD,2026-05-08,0.010958904109589041,C,275.0,-0.2708318336076636,85.55,86.9,86.0,1.1767619287109374,78.0,542.0,360.5400085449219
AMD,AMD,2026-05-08,0.010958904109589041,C,277.5,-0.26178199808774566,81.95,84.9,74.68,1.0361376318359379,11.0,91.0,360.5400085449219
AMD,AMD,2026-05-08,0.010958904109589041,C,280.0,-0.2528133281049852,80.35,82.35,80.59,1.1460003637695313,220.0,1747.0,360.5400085449219
AMD,AMD,2026-05-08,0.010958904109589041,C,282.5,-0.24392438068773928,77.25,80.0,77.2,1.0468797656250002,6.0,254.0,360.5400085449219
AMD,AMD,2026-05-08,0.010958904109589041,C,285.0,-0.23511375100558432,75.6,76.9,76.26,1.0517625537109376,82.0,780.0,360.5400085449219
AMD,AMD,2026-05-08,0.010958904109589041,C,287.5,-0.2263800710368297,72.2,74.65,71.25,0.9145516357421876,3.0,161.0,360.5400085449219
AMD,AMD,2026-05-08,0.010958904109589041,C,290.0,-0.21772200829371519,70.5,72.2,72.0,1.0122119702148438,140.0,1531.0,360.5400085449219
AMD,AMD,2026-05-08,0.010958904109589041,C,292.5,-0.20913826460232368,67.55,70.0,68.77,0.9609378906249999,30.0,995.0,360.5400085449219
AMD,AMD,2026-05-08,0.010958904109589041,C,295.0,-0.200627574934415,65.05,67.95,66.26,0.9804689453125001,78.0,299.0,360.5400085449219
AMD,AMD,2026-05-08,0.010958904109589041,C,297.5,-0.19218870628855045,63.35,66.05,63.2,1.0727585424804689,5.0,152.0,360.5400085449219
AMD,AMD,2026-05-08,0.010958904109589041,C,300.0,-0.1838204566180338,61.05,62.7,62.1,0.983398603515625,386.0,1329.0,360.5400085449219
AMD,AMD,2026-05-08,0.010958904109589041,C,302.5,-0.17552165380333867,57.9,60.2,56.64,0.8896495410156249,7.0,146.0,360.5400085449219
AMD,AMD,2026-05-08,0.010958904109589041,C,305.0,-0.1672911546668233,56.45,57.85,57.5,0.9562992651367187,120.0,713.0,360.5400085449219
AMD,AMD,2026-05-08,0.010958904109589041,C,307.5,-0.1591278440276623,53.75,56.4,55.04,0.9790041162109376,45.0,210.0,360.5400085449219
AMD,AMD,2026-05-08,0.010958904109589041,C,310.0,-0.1510306337950429,51.7,54.15,52.7,0.9848634326171876,394.0,850.0,360.5400085449219
AMD,AMD,2026-05-08,0.010958904109589041,C,312.5,-0.14299846209777872,49.25,51.3,50.82,0.928711650390625,7.0,213.0,360.5400085449219
AMD,AMD,2026-05-08,0.010958904109589041,C,315.0,-0.1350302924486018,47.85,49.3,49.1,0.9783937707519532,31.0,502.0,360.5400085449219
AMD,AMD,2026-05-08,0.010958904109589041,C,317.5,-0.12712511294148848,45.0,47.1,46.4,0.9355475195312499,18.0,260.0,360.5400085449219
AMD,AMD,2026-05-08,0.010958904109589041,C,320.0,-0.11928193548046268,42.95,44.65,44.3,0.9196785375976562,332.0,1552.0,360.5400085449219
AMD,AMD,2026-05-08,0.010958904109589041,C,322.5,-0.11149979503840768,41.05,42.9,42.45,0.9399420068359375,232.0,840.0,360.5400085449219
AMD,AMD,2026-05-08,0.010958904109589041,C,325.0,-0.10377774894449733,39.6,41.2,39.57,0.9741213525390625,126.0,934.0,360.5400085449219
AMD,AMD,2026-05-08,0.010958904109589041,C,327.5,-0.09611487619892829,37.4,39.25,37.02,0.9625247888183592,31.0,696.0,360.5400085449219
AMD,AMD,2026-05-08,0.010958904109589041,C,330.0,-0.08851027681370895,35.75,36.55,35.2,0.9410406286621094,407.0,1173.0,360.5400085449219
AMD,AMD,2026-05-08,0.010958904109589041,C,332.5,-0.08096307117832599,33.8,34.85,32.68,0.9427495959472656,601.0,381.0,360.5400085449219
AMD,AMD,2026-05-08,0.010958904109589041,C,335.0,-0.07347239944916846,31.95,32.95,32.4,0.9373785559082031,336.0,888.0,360.5400085449219
AMD,AMD,2026-05-08,0.010958904109589041,C,337.5,-0.06603742096165034,30.0,31.0,30.52,0.9240730249023439,588.0,469.0,360.5400085449219
AMD,AMD,2026-05-08,0.010958904109589041,C,340.0,-0.058657313664027745,28.5,29.35,28.45,0.9318854467773439,667.0,1803.0,360.5400085449219
AMD,AMD,2026-05-08,0.010958904109589041,C,342.5,-0.05133127357195492,26.65,27.7,26.51,0.9251716467285156,196.0,317.0,360.5400085449219
AMD,AMD,2026-05-08,0.010958904109589041,C,345.0,-0.0440585142428751,25.4,26.05,26.05,0.9331061376953125,362.0,1119.0,360.5400085449219
AMD,AMD,2026-05-08,0.010958904109589041,C,347.5,-0.036838266269388,23.85,24.5,24.05,0.93164130859375,250.0,467.0,360.5400085449219
AMD,AMD,2026-05-08,0.010958904109589041,C,350.0,-0.029669776790775534,22.45,22.85,22.76,0.9283454431152343,2337.0,3699.0,360.5400085449219
AMD,AMD,2026-05-08,0.010958904109589041,C,352.5,-0.022552309021911517,21.0,21.55,21.25,0.9301764794921875,1362.0,1586.0,360.5400085449219
AMD,AMD,2026-05-08,0.010958904109589041,C,355.0,-0.015485141798819138,19.7,20.2,20.05,0.9315192395019531,6104.0,832.0,360.5400085449219
AMD,AMD,2026-05-08,0.010958904109589041,C,357.5,-0.008467569140172552,18.4,18.9,18.66,0.9310309631347657,1817.0,323.0,360.5400085449219
AMD,AMD,2026-05-08,0.010958904109589041,C,360.0,-0.0014988998240791738,17.2,17.65,17.5,0.9313971704101562,11869.0,3116.0,360.5400085449219
AMD,AMD,2026-05-08,0.010958904109589041,C,362.5,0.005421543020494644,16.0,16.5,16.3,0.9313971704101562,1372.0,1902.0,360.5400085449219
AMD,AMD,2026-05-08,0.010958904109589041,C,365.0,0.012294422308256718,14.95,15.4,15.17,0.9335944140625,6626.0,950.0,360.5400085449219
AMD,AMD,2026-05-08,0.010958904109589041,C,367.5,0.019120387378656397,13.9,14.35,13.95,0.9342047595214844,4387.0,235.0,360.5400085449219
AMD,AMD,2026-05-08,0.010958904109589041,C,370.0,0.025900074364035196,12.9,13.3,13.0,0.9331061376953125,5525.0,3335.0,360.5400085449219
AMD,AMD,2026-05-08,0.010958904109589041,C,372.5,0.032634106545379314,12.0,12.45,12.0,0.9373785559082031,356.0,1036.0,360.5400085449219
AMD,AMD,2026-05-08,0.010958904109589041,C,375.0,0.03932309469617595,11.1,11.45,11.3,0.934448897705078,1834.0,1128.0,360.5400085449219
AMD,AMD,2026-05-08,0.010958904109589041,C,377.5,0.04596763741484457,10.3,10.75,10.45,0.9400640759277343,460.0,1121.0,360.5400085449219
AMD,AMD,2026-05-08,0.010958904109589041,C,380.0,0.052568321446196664,9.55,9.95,9.79,0.9414068359375,4169.0,5056.0,360.5400085449219
AMD,AMD,2026-05-08,0.010958904109589041,C,382.5,0.059125721992355565,8.8,9.25,9.05,0.9429937341308592,3773.0,343.0,360.5400085449219
AMD,AMD,2026-05-08,0.010958904109589041,C,385.0,0.0656404030135493,8.2,8.5,8.2,0.9448247705078124,2643.0,531.0,360.5400085449219
AMD,AMD,2026-05-08,0.010958904109589041,C,387.5,0.07211291751916679,7.5,7.85,7.68,0.9439702868652342,446.0,62.0,360.5400085449219
AMD,AMD,2026-05-08,0.010958904109589041,C,390.0,0.07854380784945725,6.95,7.35,7.0,0.9499516723632812,1345.0,519.0,360.5400085449219
AMD,AMD,2026-05-08,0.010958904109589041,C,392.5,0.0849336059482283,6.35,6.75,6.85,0.9487309814453124,160.0,225.0,360.5400085449219
AMD,AMD,2026-05-08,0.010958904109589041,C,395.0,0.09128283362688708,5.85,6.2,6.1,0.9497075341796875,769.0,382.0,360.5400085449219
AMD,AMD,2026-05-08,0.010958904109589041,C,397.5,0.09759200282015162,5.4,5.65,5.65,0.9499516723632812,81.0,158.0,360.5400085449219
AMD,AMD,2026-05-08,0.010958904109589041,C,400.0,0.10386161583374706,5.0,5.2,5.1,0.9532475378417968,10810.0,6576.0,360.5400085449219
AMD,AMD,2026-05-08,0.010958904109589041,C,402.5,0.11009216558438317,4.6,4.85,4.7,0.9580082324218748,325.0,142.0,360.5400085449219
AMD,AMD,2026-05-08,0.010958904109589041,C,405.0,0.11628413583230428,4.2,4.45,4.33,0.9584965087890623,1200.0,229.0,360.5400085449219
AMD,AMD,2026-05-08,0.010958904109589041,C,407.5,0.12243800140668257,3.9,4.2,3.9,0.9670413452148439,731.0,267.0,360.5400085449219
AMD,AMD,2026-05-08,0.010958904109589041,C,410.0,0.1285542284241187,3.55,3.8,3.5,0.9652103088378907,618.0,482.0,360.5400085449219
AMD,AMD,2026-05-08,0.010958904109589041,C,412.5,0.13463327450050072,3.25,3.45,3.34,0.9653323779296875,191.0,88.0,360.5400085449219
AMD,AMD,2026-05-08,0.010958904109589041,C,415.0,0.14067558895646337,3.0,3.25,3.15,0.9724123852539062,426.0,440.0,360.5400085449219
AMD,AMD,2026-05-08,0.010958904109589041,C,417.5,0.1466816130166753,2.72,2.97,2.86,0.9726565234375,110.0,222.0,360.5400085449219
AMD,AMD,2026-05-08,0.010958904109589041,C,420.0,0.15265178000317914,2.51,2.71,2.62,0.9750979052734375,585.0,995.0,360.5400085449219
AMD,AMD,2026-05-08,0.010958904109589041,C,422.5,0.15858651552299372,2.25,2.49,2.15,0.9748537670898438,121.0,136.0,360.5400085449219
AMD,AMD,2026-05-08,0.010958904109589041,C,425.0,0.16448623765018203,2.07,2.3,2.11,0.9790041162109376,349.0,276.0,360.5400085449219
AMD,AMD,2026-05-08,0.010958904109589041,C,427.5,0.17035135710257995,1.89,2.11,1.85,0.9812013598632813,56.0,65.0,360.5400085449219
AMD,AMD,2026-05-08,0.010958904109589041,C,430.0,0.1761822774133732,1.69,1.93,1.85,0.9809572216796876,626.0,3063.0,360.5400085449219
AMD,AMD,2026-05-08,0.010958904109589041,C,432.5,0.18197939509769911,1.59,1.77,1.68,0.9868165380859376,36.0,30.0,360.5400085449219
AMD,AMD,2026-05-08,0.010958904109589041,C,435.0,0.18774309981444923,1.47,1.65,1.55,0.9926758544921875,317.0,364.0,360.5400085449219
AMD,AMD,2026-05-08,0.010958904109589041,C,440.0,0.19917179563807205,1.23,1.38,1.28,0.9973144799804687,702.0,537.0,360.5400085449219
AMD,AMD,2026-05-08,0.010958904109589041,C,445.0,0.2104713508920053,1.01,1.15,1.07,1.000005,184.0,388.0,360.5400085449219
AMD,AMD,2026-05-08,0.010958904109589041,C,450.0,0.22164465149013057,0.88,0.94,0.91,1.0068409033203123,796.0,2887.0,360.5400085449219
AMD,AMD,2026-05-08,0.010958904109589041,C,455.0,0.2326944876767156,0.69,0.86,0.77,1.0151416430664062,203.0,153.0,360.5400085449219
AMD,AMD,2026-05-08,0.010958904109589041,C,460.0,0.24362355820890577,0.57,0.7,0.64,1.0166064794921876,249.0,166.0,360.5400085449219
AMD,AMD,2026-05-08,0.010958904109589041,C,465.0,0.25443447431312144,0.48,0.6,0.52,1.0249072192382815,49.0,119.0,360.5400085449219
AMD,AMD,2026-05-08,0.010958904109589041,C,470.0,0.2651297634298695,0.43,0.52,0.42,1.0380907470703127,113.0,335.0,360.5400085449219
AMD,AMD,2026-05-08,0.010958904109589041,C,475.0,0.2757118727604063,0.36,0.47,0.39,1.0498094384765626,32.0,160.0,360.5400085449219
AMD,AMD,2026-05-08,0.010958904109589041,C,480.0,0.28618317262770177,0.31,0.4,0.27,1.0581101782226563,88.0,320.0,360.5400085449219
AMD,AMD,2026-05-08,0.010958904109589041,C,485.0,0.29654595966324837,0.25,0.36,0.25,1.0664109179687502,23.0,111.0,360.5400085449219
AMD,AMD,2026-05-08,0.010958904109589041,C,490.0,0.30680245983043736,0.21,0.29,0.24,1.0683640332031252,36.0,197.0,360.5400085449219
AMD,AMD,2026-05-08,0.010958904109589041,C,495.0,0.31695483129445545,0.22,0.28,0.2,1.0976607617187502,8.0,12.0,360.5400085449219
AMD,AMD,2026-05-08,0.010958904109589041,C,500.0,0.3270051671479569,0.17,0.23,0.18,1.0957076464843751,588.0,1360.0,360.5400085449219
AMD,AMD,2026-05-08,0.010958904109589041,C,505.0,0.3369554980011249,0.11,0.18,0.18,1.0800827246093752,30.0,437.0,360.5400085449219
AMD,AMD,2026-05-08,0.010958904109589041,C,510.0,0.3468077944441366,0.09,0.17,0.16,1.09375453125,7.0,83.0,360.5400085449219
AMD,AMD,2026-05-08,0.010958904109589041,C,515.0,0.35656396938950136,0.07,0.18,0.15,1.115238798828125,12.0,19.0,360.5400085449219
AMD,AMD,2026-05-08,0.010958904109589041,C,520.0,0.36622588030123815,0.09,0.17,0.09,1.1464886425781249,88.0,356.0,360.5400085449219
AMD,AMD,2026-05-08,0.010958904109589041,C,525.0,0.3757953313173889,0.05,0.13,0.05,1.125004375,1.0,4.0,360.5400085449219
AMD,AMD,2026-05-08,0.010958904109589041,C,530.0,0.3852740752719327,0.08,0.1,0.08,1.1484417578125,103.0,229.0,360.5400085449219
AMD,AMD,2026-05-08,0.010958904109589041,C,535.0,0.39466381562177166,0.05,0.1,0.05,1.15234798828125,6.0,1.0,360.5400085449219
AMD,AMD,2026-05-08,0.010958904109589041,C,540.0,0.4039662082840852,0.03,0.1,0.05,1.16016044921875,14.0,49.0,360.5400085449219
AMD,AMD,2026-05-08,0.010958904109589041,C,545.0,0.4131828633890093,0.03,0.1,0.07,1.1816447167968749,1.0,5.0,360.5400085449219
AMD,AMD,2026-05-08,0.010958904109589041,C,550.0,0.4223153469522817,0.03,0.09,0.05,1.1953165234375,39.0,126.0,360.5400085449219
AMD,AMD,2026-05-08,0.010958904109589041,C,555.0,0.4313651824721996,0.01,0.09,0.11,1.1953165234375,,1.0,360.5400085449219
AMD,AMD,2026-05-08,0.010958904109589041,C,560.0,0.4403338524549601,0.01,0.09,0.06,1.21875390625,23.0,30.0,360.5400085449219
AMD,AMD,2026-05-08,0.010958904109589041,C,570.0,0.458033429554361,0.03,0.05,0.04,1.2343788281249999,164.0,211.0,360.5400085449219
AMD,AMD,2026-05-08,0.010958904109589041,C,580.0,0.4754251722662301,0.01,0.05,0.04,1.2421912890624998,10.0,97.0,360.5400085449219
AMD,AMD,2026-05-08,0.010958904109589041,C,590.0,0.4925196056255303,0.01,0.04,0.04,1.2656286718749998,10.0,8.0,360.5400085449219
AMD,AMD,2026-05-08,0.010958904109589041,C,600.0,0.5093267239419115,0.02,0.03,0.03,1.3046909765624997,91.0,1247.0,360.5400085449219
AMD,AMD,2026-05-08,0.010958904109589041,C,610.0,0.5258560258931221,0.0,0.06,0.04,1.359378203125,5.0,70.0,360.5400085449219
AMD,AMD,2026-05-08,0.010958904109589041,C,620.0,0.5421165467649024,0.0,0.04,0.02,1.3515657421874998,22.0,53.0,360.5400085449219
AMD,AMD,2026-05-08,0.010958904109589041,C,630.0,0.5581168881113435,0.0,0.05,0.01,1.4140654296875002,,1.0,360.5400085449219
AMD,AMD,2026-05-08,0.010958904109589041,C,640.0,0.5738652450794827,0.0,0.05,0.02,1.453127734375,,10.0,360.5400085449219
AMD,AMD,2026-05-08,0.010958904109589041,C,650.0,0.589369431615448,0.0,0.05,0.04,1.484377578125,,57.0,360.5400085449219
AMD,AMD,2026-05-08,0.010958904109589041,C,660.0,0.6046369037462364,0.0,0.05,0.01,1.5156274218749999,,20.0,360.5400085449219
AMD,AMD,2026-05-08,0.010958904109589041,C,670.0,0.6196747811107769,0.0,0.05,0.01,1.5546897265624997,,21.0,360.5400085449219
AMD,AMD,2026-05-08,0.010958904109589041,C,680.0,0.6344898668959176,0.0,0.02,0.02,1.46875265625,3.0,4.0,360.5400085449219
AMD,AMD,2026-05-08,0.010958904109589041,C,690.0,0.6490886663170702,0.0,0.05,0.01,1.6171894140625,,1.0,360.5400085449219
AMD,AMD,2026-05-08,0.010958904109589041,C,700.0,0.6634774037691697,0.0,0.05,0.01,1.65625171875,,29.0,360.5400085449219
AMD,AMD,2026-05-08,0.010958904109589041,P,80.0,-1.5055762966003532,0.0,0.02,0.01,3.56250109375,6.0,20.0,360.5400085449219
AMD,AMD,2026-05-08,0.010958904109589041,P,90.0,-1.3877932609439698,0.0,0.05,0.01,3.5312511718749997,1.0,10.0,360.5400085449219
AMD,AMD,2026-05-08,0.010958904109589041,P,100.0,-1.2824327452861435,0.0,0.05,0.02,3.281251796875,1.0,14.0,360.5400085449219
AMD,AMD,2026-05-08,0.010958904109589041,P,105.0,-1.2336425811167115,0.0,0.05,0.02,3.156252109375,3.0,11.0,360.5400085449219
AMD,AMD,2026-05-08,0.010958904109589041,P,110.0,-1.1871225654818185,0.0,0.05,0.01,3.0468773828125,1.0,41.0,360.5400085449219
AMD,AMD,2026-05-08,0.010958904109589041,P,115.0,-1.1426708029109849,0.0,0.05,0.02,2.93750265625,1.0,17.0,360.5400085449219
AMD,AMD,2026-05-08,0.010958904109589041,P,120.0,-1.1001111884921888,0.0,0.04,0.01,2.7812530468750003,1.0,153.0,360.5400085449219
AMD,AMD,2026-05-08,0.010958904109589041,P,125.0,-1.0592891939719338,0.0,0.05,0.03,2.718753203125,1.0,95.0,360.5400085449219
AMD,AMD,2026-05-08,0.010958904109589041,P,130.0,-1.0200684808186524,0.0,0.05,0.01,2.6250034375,20.0,205.0,360.5400085449219
AMD,AMD,2026-05-08,0.010958904109589041,P,135.0,-0.9823281528358054,0.0,0.05,0.01,2.5312536718749996,20.0,117.0,360.5400085449219
AMD,AMD,2026-05-08,0.010958904109589041,P,140.0,-0.9459605086649305,0.0,0.04,0.02,2.4062539843749997,15.0,84.0,360.5400085449219
AMD,AMD,2026-05-08,0.010958904109589041,P,145.0,-0.9108691888536605,0.0,0.05,0.02,2.3593791015624994,90.0,255.0,360.5400085449219
AMD,AMD,2026-05-08,0.010958904109589041,P,150.0,-0.8769676371779791,0.0,0.07,0.01,2.3437541406249993,91.0,5357.0,360.5400085449219
AMD,AMD,2026-05-08,0.010958904109589041,P,155.0,-0.8441778143549882,0.0,0.05,0.01,2.1875045312499997,19.0,1042.0,360.5400085449219
AMD,AMD,2026-05-08,0.010958904109589041,P,160.0,-0.812429116040408,0.0,0.01,0.01,1.875000625,19.0,241.0,360.5400085449219
AMD,AMD,2026-05-08,0.010958904109589041,P,165.0,-0.7816574573736542,0.01,0.06,0.02,2.1015672460937496,1.0,1782.0,360.5400085449219
AMD,AMD,2026-05-08,0.010958904109589041,P,170.0,-0.7518044942239731,0.01,0.04,0.01,1.96875015625,50.0,1040.0,360.5400085449219
AMD,AMD,2026-05-08,0.010958904109589041,P,175.0,-0.7228169573507208,0.01,0.06,0.03,1.953125234375,21.0,445.0,360.5400085449219
AMD,AMD,2026-05-08,0.010958904109589041,P,180.0,-0.6946460803840245,0.01,0.05,0.03,1.8515632421875,3.0,3358.0,360.5400085449219
AMD,AMD,2026-05-08,0.010958904109589041,P,185.0,-0.6672471061959101,0.01,0.06,0.03,1.8125009374999999,16.0,1179.0,360.5400085449219
AMD,AMD,2026-05-08,0.010958904109589041,P,190.0,-0.6405788591137487,0.01,0.06,0.03,1.7421887890624999,15.0,964.0,360.5400085449219
AMD,AMD,2026-05-08,0.010958904109589041,P,195.0,-0.614603372710488,0.01,0.05,0.02,1.65625171875,160.0,368.0,360.5400085449219
AMD,AMD,2026-05-08,0.010958904109589041,P,200.0,-0.5892855647261982,0.01,0.04,0.03,1.5625021874999998,2736.0,13768.0,360.5400085449219
AMD,AMD,2026-05-08,0.010958904109589041,P,205.0,-0.5645929521358266,0.0,0.05,0.03,1.5000025,838.0,446.0,360.5400085449219
AMD,AMD,2026-05-08,0.010958904109589041,P,210.0,-0.5404954005567661,0.01,0.05,0.04,1.46875265625,2702.0,2575.0,360.5400085449219
AMD,AMD,2026-05-08,0.010958904109589041,P,215.0,-0.5169649031465722,0.03,0.08,0.04,1.4921900390624998,295.0,380.0,360.5400085449219
AMD,AMD,2026-05-08,0.010958904109589041,P,217.5,-0.505404080745496,0.0,0.06,0.06,1.3750031249999999,32.0,54.0,360.5400085449219
AMD,AMD,2026-05-08,0.010958904109589041,P,220.0,-0.49397538492187326,0.02,0.05,0.05,1.3671906640625,4145.0,1411.0,360.5400085449219
AMD,AMD,2026-05-08,0.010958904109589041,P,222.5,-0.48267582966794004,0.01,0.08,0.09,1.37109689453125,36.0,187.0,360.5400085449219
AMD,AMD,2026-05-08,0.010958904109589041,P,225.0,-0.4715025290698147,0.03,0.07,0.04,1.3554719726562499,605.0,498.0,360.5400085449219
AMD,AMD,2026-05-08,0.010958904109589041,P,227.5,-0.4604526928832297,0.01,0.08,0.05,1.3125034374999998,4.0,191.0,360.5400085449219
AMD,AMD,2026-05-08,0.010958904109589041,P,230.0,-0.44952362235103954,0.05,0.07,0.09,1.3203158984374999,1106.0,1553.0,360.5400085449219
AMD,AMD,2026-05-08,0.010958904109589041,P,232.5,-0.43871270624682385,0.02,0.11,0.04,1.3046909765624997,2.0,90.0,360.5400085449219
AMD,AMD,2026-05-08,0.010958904109589041,P,235.0,-0.42801741713007585,0.05,0.1,0.1,1.29297228515625,39.0,648.0,360.5400085449219
AMD,AMD,2026-05-08,0.010958904109589041,P,237.5,-0.417435307799539,0.05,0.12,0.09,1.2812535937499998,19.0,172.0,360.5400085449219
AMD,AMD,2026-05-08,0.010958904109589041,P,240.0,-0.4069640079322436,0.07,0.1,0.08,1.25390998046875,355.0,2152.0,360.5400085449219
AMD,AMD,2026-05-08,0.010958904109589041,P,242.5,-0.3966012208966969,0.07,0.11,0.11,1.23047259765625,20.0,53.0,360.5400085449219
AMD,AMD,2026-05-08,0.010958904109589041,P,245.0,-0.38634472072950793,0.05,0.14,0.11,1.2109414453124998,105.0,1958.0,360.5400085449219
AMD,AMD,2026-05-08,0.010958904109589041,P,247.5,-0.3761923492654899,0.07,0.15,0.13,1.201175869140625,106.0,96.0,360.5400085449219
AMD,AMD,2026-05-08,0.010958904109589041,P,250.0,-0.3661420134119884,0.11,0.15,0.14,1.1953165234375,497.0,1755.0,360.5400085449219
AMD,AMD,2026-05-08,0.010958904109589041,P,252.5,-0.3561916825588204,0.15,0.2,0.17,1.2109414453124998,31.0,101.0,360.5400085449219
AMD,AMD,2026-05-08,0.010958904109589041,P,255.0,-0.3463393861158087,0.17,0.21,0.17,1.1953165234375,397.0,1568.0,360.5400085449219
AMD,AMD,2026-05-08,0.010958904109589041,P,257.5,-0.336583211170444,0.17,0.23,0.17,1.1728556982421874,46.0,142.0,360.5400085449219
AMD,AMD,2026-05-08,0.010958904109589041,P,260.0,-0.3269213002587072,0.2,0.23,0.21,1.154301103515625,506.0,2238.0,360.5400085449219
AMD,AMD,2026-05-08,0.010958904109589041,P,262.5,-0.31735184924255644,0.19,0.27,0.28,1.1347699511718752,440.0,134.0,360.5400085449219
AMD,AMD,2026-05-08,0.010958904109589041,P,265.0,-0.3078731052880126,0.23,0.32,0.26,1.1328168359375002,123.0,987.0,360.5400085449219
AMD,AMD,2026-05-08,0.010958904109589041,P,267.5,-0.2984833649381737,0.25,0.33,0.33,1.111332568359375,66.0,274.0,360.5400085449219
AMD,AMD,2026-05-08,0.010958904109589041,P,270.0,-0.2891809722758601,0.33,0.35,0.35,1.107426337890625,474.0,1325.0,360.5400085449219
AMD,AMD,2026-05-08,0.010958904109589041,P,272.5,-0.27996431717093606,0.35,0.44,0.41,1.1025435498046878,38.0,568.0,360.5400085449219
AMD,AMD,2026-05-08,0.010958904109589041,P,275.0,-0.2708318336076636,0.41,0.45,0.41,1.0859420703125,319.0,2694.0,360.5400085449219
AMD,AMD,2026-05-08,0.010958904109589041,P,277.5,-0.26178199808774566,0.43,0.53,0.56,1.0742233789062503,217.0,237.0,360.5400085449219
AMD,AMD,2026-05-08,0.010958904109589041,P,280.0,-0.2528133281049852,0.51,0.58,0.54,1.0659226391601564,830.0,2008.0,360.5400085449219
AMD,AMD,2026-05-08,0.010958904109589041,P,282.5,-0.24392438068773928,0.57,0.65,0.6,1.0546922265625,204.0,1876.0,360.5400085449219
AMD,AMD,2026-05-08,0.010958904109589041,P,285.0,-0.23511375100558432,0.65,0.72,0.68,1.0449266503906252,335.0,594.0,360.5400085449219
AMD,AMD,2026-05-08,0.010958904109589041,P,287.5,-0.2263800710368297,0.73,0.79,0.76,1.0327196801757816,294.0,289.0,360.5400085449219
AMD,AMD,2026-05-08,0.010958904109589041,P,290.0,-0.21772200829371519,0.77,0.88,0.85,1.0161182006835938,868.0,1117.0,360.5400085449219
AMD,AMD,2026-05-08,0.010958904109589041,P,292.5,-0.20913826460232368,0.95,1.03,1.03,1.0205127099609377,247.0,221.0,360.5400085449219
AMD,AMD,2026-05-08,0.010958904109589041,P,295.0,-0.200627574934415,1.02,1.13,1.06,1.0043995092773437,502.0,1816.0,360.5400085449219
AMD,AMD,2026-05-08,0.010958904109589041,P,297.5,-0.19218870628855045,1.2,1.27,1.23,1.0004932788085936,579.0,303.0,360.5400085449219
AMD,AMD,2026-05-08,0.010958904109589041,P,300.0,-0.1838204566180338,1.35,1.43,1.4,0.9926758544921875,3507.0,3101.0,360.5400085449219
AMD,AMD,2026-05-08,0.010958904109589041,P,302.5,-0.17552165380333867,1.49,1.6,1.57,0.98242205078125,156.0,299.0,360.5400085449219
AMD,AMD,2026-05-08,0.010958904109589041,P,305.0,-0.1672911546668233,1.71,1.85,1.7,0.9812013598632813,3748.0,709.0,360.5400085449219
AMD,AMD,2026-05-08,0.010958904109589041,P,307.5,-0.1591278440276623,1.92,2.01,2.0,0.9697268652343749,234.0,383.0,360.5400085449219
AMD,AMD,2026-05-08,0.010958904109589041,P,310.0,-0.1510306337950429,2.17,2.27,2.27,0.9648441015625,2300.0,1112.0,360.5400085449219
AMD,AMD,2026-05-08,0.010958904109589041,P,312.5,-0.14299846209777872,2.41,2.55,2.61,0.9575199560546874,570.0,349.0,360.5400085449219
AMD,AMD,2026-05-08,0.010958904109589041,P,315.0,-0.1350302924486018,2.64,2.85,2.85,0.9477544287109375,1821.0,815.0,360.5400085449219
AMD,AMD,2026-05-08,0.010958904109589041,P,317.5,-0.12712511294148848,3.05,3.25,3.15,0.9497075341796875,225.0,218.0,360.5400085449219
AMD,AMD,2026-05-08,0.010958904109589041,P,320.0,-0.11928193548046268,3.4,3.65,3.55,0.9448247705078124,2071.0,1361.0,360.5400085449219
AMD,AMD,2026-05-08,0.010958904109589041,P,322.5,-0.11149979503840768,3.75,4.05,3.95,0.9367682104492188,503.0,428.0,360.5400085449219
AMD,AMD,2026-05-08,0.010958904109589041,P,325.0,-0.10377774894449733,4.3,4.5,4.4,0.936524072265625,1159.0,606.0,360.5400085449219
AMD,AMD,2026-05-08,0.010958904109589041,P,327.5,-0.09611487619892829,4.8,5.0,4.9,0.9326178613281251,501.0,258.0,360.5400085449219
AMD,AMD,2026-05-08,0.010958904109589041,P,330.0,-0.08851027681370895,5.35,5.55,5.4,0.9291999267578125,1470.0,3003.0,360.5400085449219
AMD,AMD,2026-05-08,0.010958904109589041,P,332.5,-0.08096307117832599,5.9,6.25,6.08,0.9278571667480469,590.0,370.0,360.5400085449219
AMD,AMD,2026-05-08,0.010958904109589041,P,335.0,-0.07347239944916846,6.6,6.85,6.72,0.9248054394531251,1060.0,881.0,360.5400085449219
AMD,AMD,2026-05-08,0.010958904109589041,P,337.5,-0.06603742096165034,7.25,7.6,7.44,0.9217537121582031,680.0,579.0,360.5400085449219
AMD,AMD,2026-05-08,0.010958904109589041,P,340.0,-0.058657313664027745,8.1,8.4,8.4,0.9234626794433594,4821.0,4950.0,360.5400085449219
AMD,AMD,2026-05-08,0.010958904109589041,P,342.5,-0.05133127357195492,8.9,9.25,9.28,0.9215095739746093,351.0,280.0,360.5400085449219
AMD,AMD,2026-05-08,0.010958904109589041,P,345.0,-0.0440585142428751,9.8,10.1,10.05,0.9191902612304688,1317.0,1645.0,360.5400085449219
AMD,AMD,2026-05-08,0.010958904109589041,P,347.5,-0.036838266269388,10.75,11.15,11.07,0.920899228515625,361.0,627.0,360.5400085449219
AMD,AMD,2026-05-08,0.010958904109589041,P,350.0,-0.029669776790775534,11.8,12.1,12.0,0.9191902612304688,3982.0,1525.0,360.5400085449219
AMD,AMD,2026-05-08,0.010958904109589041,P,352.5,-0.022552309021911517,13.05,13.2,13.05,0.9240730249023439,970.0,301.0,360.5400085449219
AMD,AMD,2026-05-08,0.010958904109589041,P,355.0,-0.015485141798819138,14.1,14.35,14.22,0.9213875048828125,1148.0,340.0,360.5400085449219
AMD,AMD,2026-05-08,0.010958904109589041,P,357.5,-0.008467569140172552,15.3,15.7,15.25,0.9250495776367188,661.0,74.0,360.5400085449219
AMD,AMD,2026-05-08,0.010958904109589041,P,360.0,-0.0014988998240791738,16.45,16.9,16.9,0.9200447448730469,1236.0,101.0,360.5400085449219
AMD,AMD,2026-05-08,0.010958904109589041,P,362.5,0.005421543020494644,17.85,18.4,18.0,0.9267585449218749,297.0,77.0,360.5400085449219
AMD,AMD,2026-05-08,0.010958904109589041,P,365.0,0.012294422308256718,19.1,19.75,19.85,0.9222419885253907,195.0,6.0,360.5400085449219
AMD,AMD,2026-05-08,0.010958904109589041,P,367.5,0.019120387378656397,20.7,21.2,20.55,0.9268806140136718,13.0,2.0,360.5400085449219
AMD,AMD,2026-05-08,0.010958904109589041,P,370.0,0.025900074364035196,22.05,22.7,22.5,0.922974403076172,303.0,168.0,360.5400085449219
AMD,AMD,2026-05-08,0.010958904109589041,P,372.5,0.032634106545379314,23.5,26.0,24.95,0.9686282434082032,16.0,1.0,360.5400085449219
AMD,AMD,2026-05-08,0.010958904109589041,P,375.0,0.03932309469617595,25.1,26.1,25.51,0.9268806140136718,53.0,50.0,360.5400085449219
AMD,AMD,2026-05-08,0.010958904109589041,P,377.5,0.04596763741484457,26.05,27.75,27.24,0.9066171447753906,25.0,27.0,360.5400085449219
AMD,AMD,2026-05-08,0.010958904109589041,P,380.0,0.052568321446196664,28.6,29.45,30.75,0.930664755859375,78.0,28.0,360.5400085449219
AMD,AMD,2026-05-08,0.010958904109589041,P,382.5,0.059125721992355565,30.45,31.25,39.05,0.9349371740722656,1.0,22.0,360.5400085449219
AMD,AMD,2026-05-08,0.010958904109589041,P,385.0,0.0656404030135493,31.2,33.05,35.13,0.9028330029296875,41.0,47.0,360.5400085449219
AMD,AMD,2026-05-08,0.010958904109589041,P,387.5,0.07211291751916679,33.35,35.7,40.0,0.9371344177246093,25.0,27.0,360.5400085449219
AMD,AMD,2026-05-08,0.010958904109589041,P,390.0,0.07854380784945725,35.05,37.65,37.48,0.9332282067871094,8.0,53.0,360.5400085449219
AMD,AMD,2026-05-08,0.010958904109589041,P,395.0,0.09128283362688708,39.45,41.5,41.25,0.9490971887207031,52.0,23.0,360.5400085449219
AMD,AMD,2026-05-08,0.010958904109589041,P,397.5,0.09759200282015162,41.2,43.6,41.2,0.9439702868652342,25.0,0.0,360.5400085449219
AMD,AMD,2026-05-08,0.010958904109589041,P,400.0,0.10386161583374706,43.9,45.55,45.8,0.9654544470214843,119.0,9.0,360.5400085449219
AMD,AMD,2026-05-08,0.010958904109589041,P,407.5,0.12243800140668257,49.5,52.15,49.96,0.9516606396484374,10.0,0.0,360.5400085449219
AMD,AMD,2026-05-08,0.010958904109589041,P,410.0,0.1285542284241187,51.95,54.35,53.1,0.9665530688476562,5.0,5.0,360.5400085449219
AMD,AMD,2026-05-08,0.010958904109589041,P,412.5,0.13463327450050072,54.05,56.4,63.6,0.9575199560546874,4.0,5.0,360.5400085449219
AMD,AMD,2026-05-08,0.010958904109589041,P,417.5,0.1466816130166753,58.3,61.0,65.57,0.9567875415039062,4.0,0.0,360.5400085449219
AMD,AMD,2026-05-08,0.010958904109589041,P,420.0,0.15265178000317914,60.5,63.4,92.41,0.9622806506347656,3.0,19.0,360.5400085449219
AMD,AMD,2026-05-08,0.010958904109589041,P,422.5,0.15858651552299372,62.55,65.95,81.12,0.9660647924804688,2.0,1.0,360.5400085449219
AMD,AMD,2026-05-08,0.010958904109589041,P,425.0,0.16448623765018203,64.6,68.4,80.0,0.9616703051757811,,15.0,360.5400085449219
AMD,AMD,2026-05-08,0.010958904109589041,P,430.0,0.1761822774133732,69.75,72.3,71.28,0.94726615234375,31.0,0.0,360.5400085449219
AMD,AMD,2026-05-08,0.010958904109589041,P,435.0,0.18774309981444923,74.3,77.8,77.58,0.9970703417968749,1.0,0.0,360.5400085449219
AMD,AMD,2026-05-08,0.010958904109589041,P,440.0,0.19917179563807205,78.9,82.55,96.55,0.9907227490234375,4.0,2.0,360.5400085449219
AMD,AMD,2026-05-08,0.010958904109589041,P,450.0,0.22164465149013057,88.65,92.2,98.0,1.0183154553222655,16.0,16.0,360.5400085449219
AMD,AMD,2026-05-08,0.010958904109589041,P,460.0,0.24362355820890577,98.0,101.95,107.86,0.9819337744140625,,3.0,360.5400085449219
AMD,AMD,2026-05-08,0.010958904109589041,P,475.0,0.2757118727604063,113.15,116.65,129.85,1.0595750146484377,,0.0,360.5400085449219
AMD,AMD,2026-05-08,0.010958904109589041,P,500.0,0.3270051671479569,138.2,140.95,149.55,1.0253954980468751,1.0,0.0,360.5400085449219
AMD,AMD,2026-05-08,0.010958904109589041,P,510.0,0.3468077944441366,148.15,151.3,174.55,1.1943399658203124,1.0,0.0,360.5400085449219
AMD,AMD,2026-05-08,0.010958904109589041,P,520.0,0.36622588030123815,157.8,161.45,197.59,1.1796916015624999,,2.0,360.5400085449219
AMD,AMD,2026-05-08,0.010958904109589041,P,545.0,0.4131828633890093,182.7,185.95,223.35,1.800293967285156,,0.0,360.5400085449219
AMD,AMD,2026-05-08,0.010958904109589041,P,550.0,0.4223153469522817,188.05,191.2,228.33,1.3320345898437496,1.0,1.0,360.5400085449219
AMD,AMD,2026-05-08,0.010958904109589041,P,600.0,0.5093267239419115,237.9,241.2,276.96,1.46875265625,,0.0,360.5400085449219
AMD,AMD,2026-05-08,0.010958904109589041,P,640.0,0.5738652450794827,277.6,281.45,319.39,1.5781271093749998,,0.0,360.5400085449219
AMD,AMD,2026-05-08,0.010958904109589041,P,680.0,0.6344898668959176,317.6,321.45,344.53,1.7265638671875,,0.0,360.5400085449219
AMD,AMD,2026-05-22,0.049315068493150684,C,55.0,-1.880269746041764,303.65,307.55,290.85,2.8281279296874997,2.0,1.0,360.5400085449219
AMD,AMD,2026-05-22,0.049315068493150684,C,65.0,-1.7132156613785978,293.55,297.55,269.21,2.2187544531249994,,21.0,360.5400085449219
AMD,AMD,2026-05-22,0.049315068493150684,C,70.0,-1.639107689224876,288.5,292.55,249.52,3.9277345556640624,,92.0,360.5400085449219
AMD,AMD,2026-05-22,0.049315068493150684,C,75.0,-1.5701148177379245,283.7,287.55,246.15,2.44531638671875,,51.0,360.5400085449219
AMD,AMD,2026-05-22,0.049315068493150684,C,80.0,-1.5055762966003532,278.8,282.35,239.77,2.156254609375,22.0,53.0,360.5400085449219
AMD,AMD,2026-05-22,0.049315068493150684,C,85.0,-1.4449516747839184,273.6,277.6,234.63,2.1796920507812496,30.0,40.0,360.5400085449219
AMD,AMD,2026-05-22,0.049315068493150684,C,90.0,-1.3877932609439698,268.55,272.6,228.8,1.9921875390625,22.0,33.0,360.5400085449219
AMD,AMD,2026-05-22,0.049315068493150684,C,95.0,-1.3337260396736939,263.75,267.15,225.0,3.0844749450683593,22.0,17.0,360.5400085449219
AMD,AMD,2026-05-22,0.049315068493150684,C,100.0,-1.2824327452861435,258.75,261.95,259.5,2.902834774169922,2.0,28.0,360.5400085449219
AMD,AMD,2026-05-22,0.049315068493150684,C,105.0,-1.2336425811167115,253.75,257.55,212.61,1.9882813085937499,50.0,35.0,360.5400085449219
AMD,AMD,2026-05-22,0.049315068493150684,C,110.0,-1.1871225654818185,248.65,252.6,208.46,1.86328193359375,10.0,50.0,360.5400085449219
AMD,AMD,2026-05-22,0.049315068493150684,C,115.0,-1.1426708029109849,243.7,247.2,230.27,2.6787142407226563,130.0,80.0,360.5400085449219
AMD,AMD,2026-05-22,0.049315068493150684,C,120.0,-1.1001111884921888,238.75,242.25,227.82,2.599612875976563,1.0,33.0,360.5400085449219
AMD,AMD,2026-05-22,0.049315068493150684,C,125.0,-1.0592891939719338,233.85,237.5,196.19,1.75390748046875,4.0,27.0,360.5400085449219
AMD,AMD,2026-05-22,0.049315068493150684,C,130.0,-1.0200684808186524,228.85,232.25,223.77,1.3281283593749997,1.0,23.0,360.5400085449219
AMD,AMD,2026-05-22,0.049315068493150684,C,135.0,-0.9823281528358054,223.75,227.5,189.2,1.5546897265624997,5.0,26.0,360.5400085449219
AMD,AMD,2026-05-22,0.049315068493150684,C,140.0,-0.9459605086649305,218.85,222.75,177.28,1.703126484375,42.0,9.0,360.5400085449219
AMD,AMD,2026-05-22,0.049315068493150684,C,145.0,-0.9108691888536605,213.9,217.7,192.97,1.642579912109375,2.0,10.0,360.5400085449219
AMD,AMD,2026-05-22,0.049315068493150684,C,150.0,-0.8769676371779791,208.85,212.55,202.1,1.4960962695312499,1.0,6.0,360.5400085449219
AMD,AMD,2026-05-22,0.049315068493150684,C,155.0,-0.8441778143549882,203.95,207.75,178.76,1.5654318603515622,10.0,60.0,360.5400085449219
AMD,AMD,2026-05-22,0.049315068493150684,C,160.0,-0.812429116040408,198.9,202.2,165.0,1.0625046875000002,2.0,47.0,360.5400085449219
AMD,AMD,2026-05-22,0.049315068493150684,C,165.0,-0.7816574573736542,193.95,198.2,168.73,1.5712912060546875,22.0,23.0,360.5400085449219
AMD,AMD,2026-05-22,0.049315068493150684,C,170.0,-0.7518044942239731,189.0,193.05,163.73,1.4951197119140622,28.0,46.0,360.5400085449219
AMD,AMD,2026-05-22,0.049315068493150684,C,175.0,-0.7228169573507208,184.0,187.9,163.0,1.408206083984375,2.0,12.0,360.5400085449219
AMD,AMD,2026-05-22,0.049315068493150684,C,180.0,-0.6946460803840245,179.05,182.85,181.64,1.3584016455078123,2.0,25.0,360.5400085449219
AMD,AMD,2026-05-22,0.049315068493150684,C,185.0,-0.6672471061959101,174.05,177.5,141.0,1.2158242333984375,2.0,11.0,360.5400085449219
AMD,AMD,2026-05-22,0.049315068493150684,C,190.0,-0.6405788591137487,169.15,172.9,136.1,1.2924840063476561,2.0,253.0,360.5400085449219
AMD,AMD,2026-05-22,0.049315068493150684,C,195.0,-0.614603372710488,164.15,167.9,148.85,1.2451209619140622,2.0,38.0,360.5400085449219
AMD,AMD,2026-05-22,0.049315068493150684,C,200.0,-0.5892855647261982,159.0,162.6,125.5,1.0996138769531252,1.0,65.0,360.5400085449219
AMD,AMD,2026-05-22,0.049315068493150684,C,205.0,-0.5645929521358266,154.1,158.0,150.2,1.162113564453125,3.0,36.0,360.5400085449219
AMD,AMD,2026-05-22,0.049315068493150684,C,210.0,-0.5404954005567661,149.15,152.95,143.77,1.1181684716796876,6.0,91.0,360.5400085449219
AMD,AMD,2026-05-22,0.049315068493150684,C,215.0,-0.5169649031465722,144.3,148.15,137.69,1.1254926538085939,9.0,78.0,360.5400085449219
AMD,AMD,2026-05-22,0.049315068493150684,C,220.0,-0.49397538492187326,139.4,143.1,135.97,1.0874069067382814,10.0,188.0,360.5400085449219
AMD,AMD,2026-05-22,0.049315068493150684,C,225.0,-0.4715025290698147,134.35,138.1,135.57,1.0380907470703127,10.0,75.0,360.5400085449219
AMD,AMD,2026-05-22,0.049315068493150684,C,230.0,-0.44952362235103954,129.6,132.95,124.75,1.007329182128906,14.0,145.0,360.5400085449219
AMD,AMD,2026-05-22,0.049315068493150684,C,235.0,-0.42801741713007585,124.65,128.3,127.14,1.0063526245117185,60.0,142.0,360.5400085449219
AMD,AMD,2026-05-22,0.049315068493150684,C,240.0,-0.4069640079322436,119.85,122.85,122.91,0.93945373046875,65.0,350.0,360.5400085449219
AMD,AMD,2026-05-22,0.049315068493150684,C,245.0,-0.38634472072950793,115.0,118.05,114.2,0.930664755859375,9.0,227.0,360.5400085449219
AMD,AMD,2026-05-22,0.049315068493150684,C,250.0,-0.3661420134119884,110.15,113.15,112.86,0.9094247338867187,23.0,948.0,360.5400085449219
AMD,AMD,2026-05-22,0.049315068493150684,C,255.0,-0.3463393861158087,105.4,108.2,106.55,0.8896495410156249,6.0,340.0,360.5400085449219
AMD,AMD,2026-05-22,0.049315068493150684,C,260.0,-0.3269213002587072,100.65,103.35,102.06,0.8742688354492187,226.0,564.0,360.5400085449219
AMD,AMD,2026-05-22,0.049315068493150684,C,265.0,-0.3078731052880126,95.8,98.7,98.35,0.8610853735351562,211.0,432.0,360.5400085449219
AMD,AMD,2026-05-22,0.049315068493150684,C,270.0,-0.2891809722758601,90.9,93.95,92.0,0.836793624267578,11.0,324.0,360.5400085449219
AMD,AMD,2026-05-22,0.049315068493150684,C,275.0,-0.2708318336076636,86.9,89.2,87.28,0.8514419152832031,4.0,443.0,360.5400085449219
AMD,AMD,2026-05-22,0.049315068493150684,C,280.0,-0.2528133281049852,82.3,84.65,83.1,0.8409439733886719,36.0,263.0,360.5400085449219
AMD,AMD,2026-05-22,0.049315068493150684,C,285.0,-0.23511375100558432,77.6,80.05,78.62,0.8210467114257811,3.0,204.0,360.5400085449219
AMD,AMD,2026-05-22,0.049315068493150684,C,290.0,-0.21772200829371519,73.15,75.55,72.1,0.8099384240722656,32.0,360.0,360.5400085449219
AMD,AMD,2026-05-22,0.049315068493150684,C,295.0,-0.200627574934415,68.7,70.75,69.12,0.786012882080078,20.0,583.0,360.5400085449219
AMD,AMD,2026-05-22,0.049315068493150684,C,300.0,-0.1838204566180338,64.5,67.05,65.74,0.7965108239746093,21.0,492.0,360.5400085449219
AMD,AMD,2026-05-22,0.049315068493150684,C,305.0,-0.1672911546668233,60.25,62.9,61.4,0.7872335729980469,13.0,529.0,360.5400085449219
AMD,AMD,2026-05-22,0.049315068493150684,C,310.0,-0.1510306337950429,55.7,58.5,58.65,0.7609887182617189,19.0,206.0,360.5400085449219
AMD,AMD,2026-05-22,0.049315068493150684,C,315.0,-0.1350302924486018,52.5,54.55,52.55,0.7709983837890625,17.0,126.0,360.5400085449219
AMD,AMD,2026-05-22,0.049315068493150684,C,320.0,-0.11928193548046268,48.85,50.75,48.9,0.768129760131836,17.0,383.0,360.5400085449219
AMD,AMD,2026-05-22,0.049315068493150684,C,325.0,-0.10377774894449733,45.3,47.15,44.6,0.7656883782958985,13.0,337.0,360.5400085449219
AMD,AMD,2026-05-22,0.049315068493150684,C,330.0,-0.08851027681370895,41.8,43.6,42.6,0.7599511309814455,136.0,712.0,360.5400085449219
AMD,AMD,2026-05-22,0.049315068493150684,C,335.0,-0.07347239944916846,38.4,40.1,38.89,0.7520166400146484,62.0,165.0,360.5400085449219
AMD,AMD,2026-05-22,0.049315068493150684,C,340.0,-0.058657313664027745,35.4,36.9,35.95,0.750856983642578,25.0,505.0,360.5400085449219
AMD,AMD,2026-05-22,0.049315068493150684,C,345.0,-0.0440585142428751,32.4,33.5,33.0,0.7415797326660156,265.0,735.0,360.5400085449219
AMD,AMD,2026-05-22,0.049315068493150684,C,350.0,-0.029669776790775534,29.85,30.7,30.22,0.7438380108642577,153.0,461.0,360.5400085449219
AMD,AMD,2026-05-22,0.049315068493150684,C,355.0,-0.015485141798819138,27.25,28.8,27.65,0.7539697454833985,264.0,154.0,360.5400085449219
AMD,AMD,2026-05-22,0.049315068493150684,C,360.0,-0.0014988998240791738,24.75,25.55,25.0,0.7403590417480468,344.0,433.0,360.5400085449219
AMD,AMD,2026-05-22,0.049315068493150684,C,365.0,0.012294422308256718,22.45,23.35,22.9,0.7408473181152342,135.0,179.0,360.5400085449219
AMD,AMD,2026-05-22,0.049315068493150684,C,370.0,0.025900074364035196,20.45,21.1,20.5,0.7404200762939452,109.0,343.0,360.5400085449219
AMD,AMD,2026-05-22,0.049315068493150684,C,375.0,0.03932309469617595,18.55,19.2,17.95,0.7421290435791015,46.0,22.0,360.5400085449219
AMD,AMD,2026-05-22,0.049315068493150684,C,380.0,0.052568321446196664,16.55,17.4,17.03,0.7395045581054687,62.0,485.0,360.5400085449219
AMD,AMD,2026-05-22,0.049315068493150684,C,385.0,0.0656404030135493,15.1,15.75,14.78,0.7432886999511719,39.0,3.0,360.5400085449219
AMD,AMD,2026-05-22,0.049315068493150684,C,390.0,0.07854380784945725,13.6,14.15,13.6,0.7429835272216796,73.0,646.0,360.5400085449219
AMD,AMD,2026-05-22,0.049315068493150684,C,395.0,0.09128283362688708,11.8,12.85,12.46,0.7385280053710936,18.0,2.0,360.5400085449219
AMD,AMD,2026-05-22,0.049315068493150684,C,400.0,0.10386161583374706,10.85,11.4,11.15,0.7414576635742187,147.0,402.0,360.5400085449219
AMD,AMD,2026-05-22,0.049315068493150684,C,405.0,0.11628413583230428,9.5,10.5,10.1,0.7433497344970703,25.0,14.0,360.5400085449219
AMD,AMD,2026-05-22,0.049315068493150684,C,410.0,0.1285542284241187,8.8,9.4,9.0,0.7496973272705079,46.0,412.0,360.5400085449219
AMD,AMD,2026-05-22,0.049315068493150684,C,420.0,0.15265178000317914,7.1,7.5,7.25,0.7525659509277343,9.0,254.0,360.5400085449219
AMD,AMD,2026-05-22,0.049315068493150684,C,430.0,0.1761822774133732,5.65,6.1,5.86,0.7575707836914063,211.0,97.0,360.5400085449219
AMD,AMD,2026-05-22,0.049315068493150684,C,440.0,0.19917179563807205,4.45,4.85,4.55,0.7592797509765626,134.0,319.0,360.5400085449219
AMD,AMD,2026-05-22,0.049315068493150684,C,450.0,0.22164465149013057,3.6,3.8,3.75,0.7630638928222657,75.0,2768.0,360.5400085449219
AMD,AMD,2026-05-22,0.049315068493150684,C,460.0,0.24362355820890577,2.78,3.25,2.77,0.7720970056152343,23.0,2082.0,360.5400085449219
AMD,AMD,2026-05-22,0.049315068493150684,C,470.0,0.2651297634298695,2.22,2.61,2.37,0.7775901147460937,31.0,265.0,360.5400085449219
AMD,AMD,2026-05-22,0.049315068493150684,C,480.0,0.28618317262770177,1.84,2.13,2.09,0.7873556420898438,9.0,260.0,360.5400085449219
AMD,AMD,2026-05-22,0.049315068493150684,C,490.0,0.30680245983043736,1.48,1.73,1.6,0.7940694421386718,14.0,163.0,360.5400085449219
AMD,AMD,2026-05-22,0.049315068493150684,C,500.0,0.3270051671479569,1.14,1.44,1.27,0.7995625512695312,8.0,136.0,360.5400085449219
AMD,AMD,2026-05-22,0.049315068493150684,C,510.0,0.3468077944441366,0.91,1.2,1.06,0.8073749731445312,52.0,712.0,360.5400085449219
AMD,AMD,2026-05-22,0.049315068493150684,C,520.0,0.36622588030123815,0.71,0.99,0.85,0.8127460131835937,64.0,65.0,360.5400085449219
AMD,AMD,2026-05-22,0.049315068493150684,C,530.0,0.3852740752719327,0.64,0.82,0.65,0.8261736132812498,40.0,75.0,360.5400085449219
AMD,AMD,2026-05-22,0.049315068493150684,C,540.0,0.4039662082840852,0.53,0.69,0.59,0.8352067260742186,52.0,188.0,360.5400085449219
AMD,AMD,2026-05-22,0.049315068493150684,C,550.0,0.4223153469522817,0.43,0.58,0.46,0.842775009765625,6.0,25.0,360.5400085449219
AMD,AMD,2026-05-22,0.049315068493150684,C,560.0,0.4403338524549601,0.3,0.5,0.45,0.8447281152343749,2.0,14.0,360.5400085449219
AMD,AMD,2026-05-22,0.049315068493150684,C,570.0,0.458033429554361,0.25,0.42,0.31,0.852540537109375,7.0,6.0,360.5400085449219
AMD,AMD,2026-05-22,0.049315068493150684,C,580.0,0.4754251722662301,0.24,0.36,0.27,0.867188828125,1.0,6.0,360.5400085449219
AMD,AMD,2026-05-22,0.049315068493150684,C,590.0,0.4925196056255303,0.14,0.33,0.26,0.867188828125,1.0,11.0,360.5400085449219
AMD,AMD,2026-05-22,0.049315068493150684,C,600.0,0.5093267239419115,0.12,0.26,0.2,0.8710950390625,12.0,164.0,360.5400085449219
AMD,AMD,2026-05-22,0.049315068493150684,C,620.0,0.5421165467649024,0.06,0.23,0.1,0.8916026464843749,,7.0,360.5400085449219
AMD,AMD,2026-05-22,0.049315068493150684,C,630.0,0.5581168881113435,0.04,0.21,0.12,0.9003916210937499,3.0,0.0,360.5400085449219
AMD,AMD,2026-05-22,0.049315068493150684,C,640.0,0.5738652450794827,0.01,0.19,0.11,0.9003916210937499,,1.0,360.5400085449219
AMD,AMD,2026-05-22,0.049315068493150684,C,650.0,0.589369431615448,0.03,0.18,0.14,0.92773509765625,,9.0,360.5400085449219
AMD,AMD,2026-05-22,0.049315068493150684,C,660.0,0.6046369037462364,0.01,0.17,0.06,0.9335944140625,,3.0,360.5400085449219
AMD,AMD,2026-05-22,0.049315068493150684,C,680.0,0.6344898668959176,0.01,0.15,0.1,0.96289099609375,,2.0,360.5400085449219
AMD,AMD,2026-05-22,0.049315068493150684,C,690.0,0.6490886663170702,0.01,0.11,0.04,0.9570316796874999,1.0,18.0,360.5400085449219
AMD,AMD,2026-05-22,0.049315068493150684,C,700.0,0.6634774037691697,0.0,0.12,0.12,0.97460962890625,2.0,52.0,360.5400085449219
AMD,AMD,2026-05-22,0.049315068493150684,P,45.0,-2.080940441503915,0.0,0.08,0.01,3.0156274609375,,2.0,360.5400085449219
AMD,AMD,2026-05-22,0.049315068493150684,P,75.0,-1.5701148177379245,0.0,0.08,0.09,2.281254296875,,10.0,360.5400085449219
AMD,AMD,2026-05-22,0.049315068493150684,P,85.0,-1.4449516747839184,0.0,0.08,0.13,2.1015672460937496,1.0,1.0,360.5400085449219
AMD,AMD,2026-05-22,0.049315068493150684,P,90.0,-1.3877932609439698,0.0,0.08,0.01,2.02344244140625,1.0,3.0,360.5400085449219
AMD,AMD,2026-05-22,0.049315068493150684,P,100.0,-1.2824327452861435,0.0,0.08,0.07,1.875000625,1.0,1.0,360.5400085449219
AMD,AMD,2026-05-22,0.049315068493150684,P,110.0,-1.1871225654818185,0.0,0.08,0.01,1.734376328125,2.0,1.0,360.5400085449219
AMD,AMD,2026-05-22,0.049315068493150684,P,115.0,-1.1426708029109849,0.0,0.09,0.04,1.69140779296875,2.0,10.0,360.5400085449219
AMD,AMD,2026-05-22,0.049315068493150684,P,120.0,-1.1001111884921888,0.0,0.09,0.2,1.6328143359374998,1.0,4.0,360.5400085449219
AMD,AMD,2026-05-22,0.049315068493150684,P,125.0,-1.0592891939719338,0.0,0.09,0.03,1.5703146484375,2.0,22.0,360.5400085449219
AMD,AMD,2026-05-22,0.049315068493150684,P,130.0,-1.0200684808186524,0.0,0.09,0.06,1.5156274218749999,4.0,10.0,360.5400085449219
AMD,AMD,2026-05-22,0.049315068493150684,P,135.0,-0.9823281528358054,0.0,0.1,0.08,1.4765651171875,20.0,16.0,360.5400085449219
AMD,AMD,2026-05-22,0.049315068493150684,P,140.0,-0.9459605086649305,0.0,0.11,0.04,1.4375028125,1.0,34.0,360.5400085449219
AMD,AMD,2026-05-22,0.049315068493150684,P,145.0,-0.9108691888536605,0.0,0.1,0.07,1.3750031249999999,2.0,21.0,360.5400085449219
AMD,AMD,2026-05-22,0.049315068493150684,P,150.0,-0.8769676371779791,0.0,0.12,0.15,1.3515657421874998,6.0,78.0,360.5400085449219
AMD,AMD,2026-05-22,0.049315068493150684,P,155.0,-0.8441778143549882,0.0,0.12,0.07,1.3007847460937496,34.0,45.0,360.5400085449219
AMD,AMD,2026-05-22,0.049315068493150684,P,160.0,-0.812429116040408,0.0,0.12,0.07,1.25390998046875,1.0,2263.0,360.5400085449219
AMD,AMD,2026-05-22,0.049315068493150684,P,165.0,-0.7816574573736542,0.0,0.11,0.05,1.19922275390625,1.0,65.0,360.5400085449219
AMD,AMD,2026-05-22,0.049315068493150684,P,170.0,-0.7518044942239731,0.01,0.14,0.13,1.1953165234375,3.0,149.0,360.5400085449219
AMD,AMD,2026-05-22,0.049315068493150684,P,175.0,-0.7228169573507208,0.06,0.13,0.21,1.1796916015624999,1.0,161.0,360.5400085449219
AMD,AMD,2026-05-22,0.049315068493150684,P,180.0,-0.6946460803840245,0.08,0.15,0.09,1.16016044921875,20.0,211.0,360.5400085449219
AMD,AMD,2026-05-22,0.049315068493150684,P,185.0,-0.6672471061959101,0.11,0.18,0.12,1.1484417578125,3.0,235.0,360.5400085449219
AMD,AMD,2026-05-22,0.049315068493150684,P,190.0,-0.6405788591137487,0.05,0.22,0.15,1.0957076464843751,14.0,2323.0,360.5400085449219
AMD,AMD,2026-05-22,0.049315068493150684,P,195.0,-0.614603372710488,0.11,0.24,0.2,1.087895185546875,5.0,251.0,360.5400085449219
AMD,AMD,2026-05-22,0.049315068493150684,P,200.0,-0.5892855647261982,0.18,0.26,0.2,1.076176494140625,49.0,632.0,360.5400085449219
AMD,AMD,2026-05-22,0.049315068493150684,P,205.0,-0.5645929521358266,0.2,0.31,0.25,1.0556687841796877,4.0,260.0,360.5400085449219
AMD,AMD,2026-05-22,0.049315068493150684,P,210.0,-0.5404954005567661,0.22,0.27,0.25,1.0087940185546875,13.0,499.0,360.5400085449219
AMD,AMD,2026-05-22,0.049315068493150684,P,215.0,-0.5169649031465722,0.22,0.36,0.33,0.991211025390625,2.0,210.0,360.5400085449219
AMD,AMD,2026-05-22,0.049315068493150684,P,220.0,-0.49397538492187326,0.3,0.37,0.44,0.9707034179687499,19.0,554.0,360.5400085449219
AMD,AMD,2026-05-22,0.049315068493150684,P,225.0,-0.4715025290698147,0.35,0.44,0.44,0.9531254687499999,8.0,305.0,360.5400085449219
AMD,AMD,2026-05-22,0.049315068493150684,P,230.0,-0.44952362235103954,0.36,0.55,0.51,0.9335944140625,50.0,479.0,360.5400085449219
AMD,AMD,2026-05-22,0.049315068493150684,P,235.0,-0.42801741713007585,0.5,0.66,0.54,0.9282233740234375,61.0,276.0,360.5400085449219
AMD,AMD,2026-05-22,0.049315068493150684,P,240.0,-0.4069640079322436,0.52,0.67,0.62,0.8920909228515624,18.0,609.0,360.5400085449219
AMD,AMD,2026-05-22,0.049315068493150684,P,245.0,-0.38634472072950793,0.62,0.86,0.81,0.88476677734375,13.0,436.0,360.5400085449219
AMD,AMD,2026-05-22,0.049315068493150684,P,250.0,-0.3661420134119884,0.78,0.9,0.85,0.8637708935546875,85.0,836.0,360.5400085449219
AMD,AMD,2026-05-22,0.049315068493150684,P,255.0,-0.3463393861158087,0.88,1.14,1.04,0.852540537109375,36.0,497.0,360.5400085449219
AMD,AMD,2026-05-22,0.049315068493150684,P,260.0,-0.3269213002587072,1.05,1.24,1.19,0.8320329296874999,62.0,641.0,360.5400085449219
AMD,AMD,2026-05-22,0.049315068493150684,P,265.0,-0.3078731052880126,1.27,1.46,1.39,0.8205584350585937,57.0,434.0,360.5400085449219
AMD,AMD,2026-05-22,0.049315068493150684,P,270.0,-0.2891809722758601,1.58,1.83,1.66,0.818117053222656,242.0,714.0,360.5400085449219
AMD,AMD,2026-05-22,0.049315068493150684,P,275.0,-0.2708318336076636,1.77,2.02,1.97,0.7951680639648437,118.0,429.0,360.5400085449219
AMD,AMD,2026-05-22,0.049315068493150684,P,280.0,-0.2528133281049852,2.25,2.36,2.35,0.7897970239257812,183.0,503.0,360.5400085449219
AMD,AMD,2026-05-22,0.049315068493150684,P,285.0,-0.23511375100558432,2.62,2.92,2.94,0.783327362060547,112.0,549.0,360.5400085449219
AMD,AMD,2026-05-22,0.049315068493150684,P,290.0,-0.21772200829371519,3.0,3.3,3.25,0.7659935510253908,593.0,386.0,360.5400085449219
AMD,AMD,2026-05-22,0.049315068493150684,P,295.0,-0.200627574934415,3.55,3.95,3.73,0.7595238891601563,55.0,525.0,360.5400085449219
AMD,AMD,2026-05-22,0.049315068493150684,P,300.0,-0.1838204566180338,4.3,4.65,4.75,0.7551294018554688,693.0,786.0,360.5400085449219
AMD,AMD,2026-05-22,0.049315068493150684,P,305.0,-0.1672911546668233,5.0,5.45,5.25,0.7467676690673828,182.0,120.0,360.5400085449219
AMD,AMD,2026-05-22,0.049315068493150684,P,310.0,-0.1510306337950429,6.0,6.65,6.4,0.7501856036376953,75.0,278.0,360.5400085449219
AMD,AMD,2026-05-22,0.049315068493150684,P,315.0,-0.1350302924486018,7.0,7.5,7.34,0.739687661743164,152.0,312.0,360.5400085449219
AMD,AMD,2026-05-22,0.049315068493150684,P,320.0,-0.11928193548046268,8.25,8.6,8.45,0.7349269671630858,1617.0,195.0,360.5400085449219
AMD,AMD,2026-05-22,0.049315068493150684,P,325.0,-0.10377774894449733,9.5,10.0,9.82,0.7307766180419921,139.0,88.0,360.5400085449219
AMD,AMD,2026-05-22,0.049315068493150684,P,330.0,-0.08851027681370895,11.05,11.55,11.56,0.729494892578125,86.0,137.0,360.5400085449219
AMD,AMD,2026-05-22,0.049315068493150684,P,335.0,-0.07347239944916846,12.7,13.5,12.58,0.7314479980468749,60.0,120.0,360.5400085449219
AMD,AMD,2026-05-22,0.049315068493150684,P,340.0,-0.058657313664027745,14.55,15.2,14.45,0.7270535107421875,102.0,84.0,360.5400085449219
AMD,AMD,2026-05-22,0.049315068493150684,P,345.0,-0.0440585142428751,16.55,17.45,17.07,0.7287014434814454,29.0,145.0,360.5400085449219
AMD,AMD,2026-05-22,0.049315068493150684,P,350.0,-0.029669776790775534,18.7,19.3,18.96,0.7213772979736328,148.0,134.0,360.5400085449219
AMD,AMD,2026-05-22,0.049315068493150684,P,355.0,-0.015485141798819138,21.05,22.0,21.6,0.7250393707275391,52.0,176.0,360.5400085449219
AMD,AMD,2026-05-22,0.049315068493150684,P,360.0,-0.0014988998240791738,23.6,24.55,24.0,0.724490059814453,42.0,136.0,360.5400085449219
AMD,AMD,2026-05-22,0.049315068493150684,P,365.0,0.012294422308256718,26.25,27.35,27.45,0.7242459216308592,8.0,52.0,360.5400085449219
AMD,AMD,2026-05-22,0.049315068493150684,P,370.0,0.025900074364035196,29.1,30.35,34.92,0.7252835089111327,,69.0,360.5400085449219
AMD,AMD,2026-05-22,0.049315068493150684,P,375.0,0.03932309469617595,32.15,33.85,41.1,0.7321804125976561,,3.0,360.5400085449219
AMD,AMD,2026-05-22,0.049315068493150684,P,380.0,0.052568321446196664,35.15,37.0,36.85,0.7286404089355469,10.0,8.0,360.5400085449219
AMD,AMD,2026-05-22,0.049315068493150684,P,390.0,0.07854380784945725,42.1,43.85,43.8,0.7316311016845702,6.0,1.0,360.5400085449219
AMD,AMD,2026-05-22,0.049315068493150684,P,395.0,0.09128283362688708,44.85,47.4,47.5,0.7168607415771484,6.0,0.0,360.5400085449219
AMD,AMD,2026-05-22,0.049315068493150684,P,400.0,0.10386161583374706,48.6,51.1,51.3,0.7165555688476561,37.0,81.0,360.5400085449219
AMD,AMD,2026-05-22,0.049315068493150684,P,405.0,0.11628413583230428,53.15,55.0,53.36,0.7298000653076171,95.0,0.0,360.5400085449219
AMD,AMD,2026-05-22,0.049315068493150684,P,410.0,0.1285542284241187,56.85,58.95,61.9,0.7254055780029296,30.0,9.0,360.5400085449219
AMD,AMD,2026-05-22,0.049315068493150684,P,420.0,0.15265178000317914,64.5,67.3,86.1,0.7174100524902343,2.0,2.0,360.5400085449219
AMD,AMD,2026-05-22,0.049315068493150684,P,440.0,0.19917179563807205,81.75,85.3,112.58,0.7290066162109375,,4.0,360.5400085449219
AMD,AMD,2026-05-22,0.049315068493150684,P,450.0,0.22164465149013057,91.15,94.1,106.95,0.731325928955078,2.0,1.0,360.5400085449219
AMD,AMD,2026-05-22,0.049315068493150684,P,480.0,0.28618317262770177,119.15,122.85,144.86,0.7467066345214843,2.0,21.0,360.5400085449219
AMD,AMD,2026-05-22,0.049315068493150684,P,490.0,0.30680245983043736,129.1,132.55,144.56,0.7692894165039064,2.0,1.0,360.5400085449219
AMD,AMD,2026-05-22,0.049315068493150684,P,500.0,0.3270051671479569,138.55,142.35,169.68,0.7622094091796876,,1.0,360.5400085449219
AMD,AMD,2026-05-22,0.049315068493150684,P,510.0,0.3468077944441366,148.35,151.85,164.29,0.743166630859375,82.0,41.0,360.5400085449219
AMD,AMD,2026-05-22,0.049315068493150684,P,520.0,0.36622588030123815,158.25,161.65,174.03,0.7463404272460938,2.0,0.0,360.5400085449219
AMD,AMD,2026-05-22,0.049315068493150684,P,550.0,0.4223153469522817,187.95,191.6,203.56,0.79101771484375,2.0,0.0,360.5400085449219
AMD,AMD,2026-05-22,0.049315068493150684,P,570.0,0.458033429554361,207.6,211.45,238.88,0.7128934960937501,2.0,0.0,360.5400085449219
AMD,AMD,2026-05-22,0.049315068493150684,P,590.0,0.4925196056255303,227.6,231.5,255.01,0.7832052929687501,2.0,0.0,360.5400085449219
AMD,AMD,2026-06-12,0.10684931506849316,C,180.0,-0.6946460803840245,179.65,183.6,178.06,1.1027876892089847,2.0,,360.5400085449219
AMD,AMD,2026-06-12,0.10684931506849316,C,185.0,-0.6672471061959101,174.75,178.5,168.11,1.0639695239257816,1.0,,360.5400085449219
AMD,AMD,2026-06-12,0.10684931506849316,C,215.0,-0.5169649031465722,145.6,149.1,144.71,0.9372564868164062,2.0,,360.5400085449219
AMD,AMD,2026-06-12,0.10684931506849316,C,235.0,-0.42801741713007585,126.25,129.8,121.28,0.8566908862304687,1.0,,360.5400085449219
AMD,AMD,2026-06-12,0.10684931506849316,C,240.0,-0.4069640079322436,121.5,125.0,116.55,0.838746729736328,1.0,,360.5400085449219
AMD,AMD,2026-06-12,0.10684931506849316,C,245.0,-0.38634472072950793,116.65,120.25,113.74,0.8179949841308591,1.0,,360.5400085449219
AMD,AMD,2026-06-12,0.10684931506849316,C,255.0,-0.3463393861158087,107.15,110.9,108.31,0.7847921911621094,1.0,,360.5400085449219
AMD,AMD,2026-06-12,0.10684931506849316,C,265.0,-0.3078731052880126,97.95,101.35,92.69,0.7493921545410156,,2.0,360.5400085449219
AMD,AMD,2026-06-12,0.10684931506849316,C,270.0,-0.2891809722758601,93.8,96.9,94.59,0.7484156018066408,25.0,1.0,360.5400085449219
AMD,AMD,2026-06-12,0.10684931506849316,C,275.0,-0.2708318336076636,89.4,92.5,90.35,0.7396266271972656,1.0,0.0,360.5400085449219
AMD,AMD,2026-06-12,0.10684931506849316,C,280.0,-0.2528133281049852,85.05,88.4,87.61,0.7354762780761719,5.0,0.0,360.5400085449219
AMD,AMD,2026-06-12,0.10684931506849316,C,285.0,-0.23511375100558432,80.8,84.0,79.21,0.7246121289062499,4.0,2.0,360.5400085449219
AMD,AMD,2026-06-12,0.10684931506849316,C,290.0,-0.21772200829371519,76.6,80.05,76.6,0.7204617797851562,5.0,0.0,360.5400085449219
AMD,AMD,2026-06-12,0.10684931506849316,C,295.0,-0.200627574934415,72.6,76.0,69.11,0.7150297052001953,1.0,0.0,360.5400085449219
AMD,AMD,2026-06-12,0.10684931506849316,C,310.0,-0.1510306337950429,61.2,64.65,51.95,0.7031890032958985,,2.0,360.5400085449219
AMD,AMD,2026-06-12,0.10684931506849316,C,315.0,-0.1350302924486018,57.55,60.75,60.66,0.6943084768676758,3.0,0.0,360.5400085449219
AMD,AMD,2026-06-12,0.10684931506849316,C,320.0,-0.11928193548046268,54.05,57.3,45.45,0.6906769213867189,,1.0,360.5400085449219
AMD,AMD,2026-06-12,0.10684931506849316,C,330.0,-0.08851027681370895,47.5,51.1,48.56,0.6889679541015626,4.0,0.0,360.5400085449219
AMD,AMD,2026-06-12,0.10684931506849316,C,335.0,-0.07347239944916846,44.45,48.05,48.32,0.6870453659057618,11.0,6.0,360.5400085449219
AMD,AMD,2026-06-12,0.10684931506849316,C,340.0,-0.058657313664027745,41.5,44.95,46.0,0.6829560513305665,1.0,16.0,360.5400085449219
AMD,AMD,2026-06-12,0.10684931506849316,C,345.0,-0.0440585142428751,39.45,42.0,40.05,0.6877167459106447,1.0,0.0,360.5400085449219
AMD,AMD,2026-06-12,0.10684931506849316,C,350.0,-0.029669776790775534,36.8,39.4,36.12,0.6869538140869142,11.0,12.0,360.5400085449219
AMD,AMD,2026-06-12,0.10684931506849316,C,355.0,-0.015485141798819138,33.5,36.85,34.08,0.6772493212890626,32.0,1.0,360.5400085449219
AMD,AMD,2026-06-12,0.10684931506849316,C,360.0,-0.0014988998240791738,32.0,34.05,32.77,0.6813996704101564,103.0,4.0,360.5400085449219
AMD,AMD,2026-06-12,0.10684931506849316,C,365.0,0.012294422308256718,29.75,31.95,30.58,0.6824677749633791,42.0,9.0,360.5400085449219
AMD,AMD,2026-06-12,0.10684931506849316,C,370.0,0.025900074364035196,27.5,29.75,28.15,0.6800263931274416,12.0,28.0,360.5400085449219
AMD,AMD,2026-06-12,0.10684931506849316,C,375.0,0.03932309469617595,25.65,27.85,27.0,0.6824982922363283,10.0,1.0,360.5400085449219
AMD,AMD,2026-06-12,0.10684931506849316,C,380.0,0.052568321446196664,23.35,25.4,23.65,0.6721834539794924,15.0,7.0,360.5400085449219
AMD,AMD,2026-06-12,0.10684931506849316,C,385.0,0.0656404030135493,21.6,24.25,22.98,0.6788972540283205,6.0,2.0,360.5400085449219
AMD,AMD,2026-06-12,0.10684931506849316,C,390.0,0.07854380784945725,19.95,22.65,21.35,0.6797822549438478,10.0,3.0,360.5400085449219
AMD,AMD,2026-06-12,0.10684931506849316,C,395.0,0.09128283362688708,18.3,21.2,19.72,0.6801484622192384,10.0,1.0,360.5400085449219
AMD,AMD,2026-06-12,0.10684931506849316,C,400.0,0.10386161583374706,17.1,19.0,17.2,0.6750825949096682,15.0,40.0,360.5400085449219
AMD,AMD,2026-06-12,0.10684931506849316,C,405.0,0.11628413583230428,15.5,18.2,16.0,0.6789582885742189,6.0,3.0,360.5400085449219
AMD,AMD,2026-06-12,0.10684931506849316,C,410.0,0.1285542284241187,14.4,16.9,16.0,0.680911394042969,9.0,,360.5400085449219
AMD,AMD,2026-06-12,0.10684931506849316,C,420.0,0.15265178000317914,12.2,14.25,13.87,0.6785310467529297,3.0,,360.5400085449219
AMD,AMD,2026-06-12,0.10684931506849316,C,430.0,0.1761822774133732,10.25,12.2,13.15,0.6788972540283205,5.0,,360.5400085449219
AMD,AMD,2026-06-12,0.10684931506849316,C,440.0,0.19917179563807205,8.6,11.0,10.0,0.687625194091797,9.0,,360.5400085449219
AMD,AMD,2026-06-12,0.10684931506849316,C,450.0,0.22164465149013057,7.35,9.0,7.5,0.6845124322509766,17.0,,360.5400085449219
AMD,AMD,2026-06-12,0.10684931506849316,C,460.0,0.24362355820890577,6.3,7.95,6.66,0.6924469232177735,5.0,,360.5400085449219
AMD,AMD,2026-06-12,0.10684931506849316,C,480.0,0.28618317262770177,4.7,6.15,4.14,0.7072783178710937,1.0,,360.5400085449219
AMD,AMD,2026-06-12,0.10684931506849316,C,490.0,0.30680245983043736,4.05,5.25,3.52,0.7105741833496093,1.0,,360.5400085449219
AMD,AMD,2026-06-12,0.10684931506849316,C,500.0,0.3270051671479569,2.88,4.65,3.82,0.7037383142089844,1.0,,360.5400085449219
AMD,AMD,2026-06-12,0.10684931506849316,C,530.0,0.3852740752719327,1.76,2.9,1.81,0.711916943359375,2.0,,360.5400085449219
AMD,AMD,2026-06-12,0.10684931506849316,C,550.0,0.4223153469522817,1.1,2.33,1.3,0.7189969506835938,2.0,,360.5400085449219
AMD,AMD,2026-06-12,0.10684931506849316,C,610.0,0.5258560258931221,0.17,1.16,0.65,0.7334011035156249,2.0,,360.5400085449219
AMD,AMD,2026-06-12,0.10684931506849316,C,660.0,0.6046369037462364,0.0,0.76,1.28,0.7641625146484375,2.0,,360.5400085449219
AMD,AMD,2026-06-12,0.10684931506849316,C,690.0,0.6490886663170702,0.0,0.61,1.27,0.790041162109375,1.0,,360.5400085449219
AMD,AMD,2026-06-12,0.10684931506849316,P,190.0,-0.6405788591137487,0.08,0.91,0.53,0.9057626611328125,1.0,,360.5400085449219
AMD,AMD,2026-06-12,0.10684931506849316,P,195.0,-0.614603372710488,0.11,1.0,0.6,0.8876964355468748,7.0,,360.5400085449219
AMD,AMD,2026-06-12,0.10684931506849316,P,200.0,-0.5892855647261982,0.18,1.08,0.67,0.8715833154296875,171.0,,360.5400085449219
AMD,AMD,2026-06-12,0.10684931506849316,P,215.0,-0.5169649031465722,0.53,1.45,1.02,0.8366715551757811,1.0,,360.5400085449219
AMD,AMD,2026-06-12,0.10684931506849316,P,220.0,-0.49397538492187326,0.77,1.39,1.13,0.8166522241210936,1.0,,360.5400085449219
AMD,AMD,2026-06-12,0.10684931506849316,P,230.0,-0.44952362235103954,1.04,1.85,1.28,0.7956563403320311,4.0,,360.5400085449219
AMD,AMD,2026-06-12,0.10684931506849316,P,235.0,-0.42801741713007585,1.03,1.98,1.0,0.7695335546875001,1.0,,360.5400085449219
AMD,AMD,2026-06-12,0.10684931506849316,P,240.0,-0.4069640079322436,1.17,2.15,1.63,0.7524438818359375,7.0,,360.5400085449219
AMD,AMD,2026-06-12,0.10684931506849316,P,250.0,-0.3661420134119884,1.64,2.75,2.21,0.7329128271484374,4.0,,360.5400085449219
AMD,AMD,2026-06-12,0.10684931506849316,P,255.0,-0.3463393861158087,1.87,3.2,2.87,0.7246121289062499,1.0,,360.5400085449219
AMD,AMD,2026-06-12,0.10684931506849316,P,260.0,-0.3269213002587072,2.69,3.25,2.95,0.719729365234375,22.0,,360.5400085449219
AMD,AMD,2026-06-12,0.10684931506849316,P,265.0,-0.3078731052880126,2.61,4.05,3.35,0.7074003869628906,20.0,30.0,360.5400085449219
AMD,AMD,2026-06-12,0.10684931506849316,P,270.0,-0.2891809722758601,3.7,4.55,3.9,0.7154569470214844,22.0,12.0,360.5400085449219
AMD,AMD,2026-06-12,0.10684931506849316,P,275.0,-0.2708318336076636,4.3,5.25,3.95,0.7114286669921875,20.0,7.0,360.5400085449219
AMD,AMD,2026-06-12,0.10684931506849316,P,280.0,-0.2528133281049852,4.65,5.75,5.33,0.6948272705078126,12.0,3.0,360.5400085449219
AMD,AMD,2026-06-12,0.10684931506849316,P,285.0,-0.23511375100558432,4.9,6.75,6.14,0.6848176049804688,19.0,48.0,360.5400085449219
AMD,AMD,2026-06-12,0.10684931506849316,P,290.0,-0.21772200829371519,6.0,7.5,7.04,0.6835969140625001,7.0,40.0,360.5400085449219
AMD,AMD,2026-06-12,0.10684931506849316,P,295.0,-0.200627574934415,6.7,8.0,8.0,0.6677889666748049,26.0,14.0,360.5400085449219
AMD,AMD,2026-06-12,0.10684931506849316,P,300.0,-0.1838204566180338,8.0,9.6,8.68,0.6777375976562501,24.0,8.0,360.5400085449219
AMD,AMD,2026-06-12,0.10684931506849316,P,305.0,-0.1672911546668233,9.05,10.4,9.8,0.6673006903076173,5.0,38.0,360.5400085449219
AMD,AMD,2026-06-12,0.10684931506849316,P,310.0,-0.1510306337950429,10.45,11.5,11.09,0.6638217211914064,31.0,2.0,360.5400085449219
AMD,AMD,2026-06-12,0.10684931506849316,P,315.0,-0.1350302924486018,11.3,13.25,12.8,0.6588168884277343,3.0,0.0,360.5400085449219
AMD,AMD,2026-06-12,0.10684931506849316,P,320.0,-0.11928193548046268,12.95,14.8,14.5,0.6586948193359375,94.0,67.0,360.5400085449219
AMD,AMD,2026-06-12,0.10684931506849316,P,325.0,-0.10377774894449733,14.95,16.85,16.11,0.6658358612060549,6.0,1.0,360.5400085449219
AMD,AMD,2026-06-12,0.10684931506849316,P,330.0,-0.08851027681370895,16.6,18.55,18.3,0.6611362011718751,8.0,11.0,360.5400085449219
AMD,AMD,2026-06-12,0.10684931506849316,P,335.0,-0.07347239944916846,18.65,20.6,19.2,0.6623568920898439,6.0,2.0,360.5400085449219
AMD,AMD,2026-06-12,0.10684931506849316,P,340.0,-0.058657313664027745,20.3,22.55,23.88,0.6550022293090821,1.0,9.0,360.5400085449219
AMD,AMD,2026-06-12,0.10684931506849316,P,345.0,-0.0440585142428751,22.35,24.9,24.0,0.653873090209961,1.0,6.0,360.5400085449219
AMD,AMD,2026-06-12,0.10684931506849316,P,350.0,-0.029669776790775534,24.7,27.15,26.5,0.6520725711059571,44.0,3.0,360.5400085449219
AMD,AMD,2026-06-12,0.10684931506849316,P,355.0,-0.015485141798819138,27.0,29.75,28.4,0.6507603283691408,12.0,3.0,360.5400085449219
AMD,AMD,2026-06-12,0.10684931506849316,P,360.0,-0.0014988998240791738,29.75,32.25,31.03,0.6504551556396485,77.0,0.0,360.5400085449219
AMD,AMD,2026-06-12,0.10684931506849316,P,365.0,0.012294422308256718,32.35,34.85,33.99,0.6470067037963867,57.0,0.0,360.5400085449219
AMD,AMD,2026-06-12,0.10684931506849316,P,370.0,0.025900074364035196,35.75,37.9,37.75,0.6539951593017579,61.0,0.0,360.5400085449219
AMD,AMD,2026-06-12,0.10684931506849316,P,375.0,0.03932309469617595,38.2,41.05,40.3,0.6496006719970704,12.0,0.0,360.5400085449219
AMD,AMD,2026-06-12,0.10684931506849316,P,380.0,0.052568321446196664,41.05,44.45,42.7,0.6495701547241212,29.0,0.0,360.5400085449219
AMD,AMD,2026-06-12,0.10684931506849316,P,385.0,0.0656404030135493,44.3,47.75,45.85,0.6503025692749024,16.0,0.0,360.5400085449219
AMD,AMD,2026-06-12,0.10684931506849316,P,390.0,0.07854380784945725,47.7,51.05,50.3,0.6503025692749024,77.0,0.0,360.5400085449219
AMD,AMD,2026-06-12,0.10684931506849316,P,395.0,0.09128283362688708,51.05,54.6,51.9,0.6502110174560547,112.0,0.0,360.5400085449219
AMD,AMD,2026-06-12,0.10684931506849316,P,400.0,0.10386161583374706,54.75,58.1,56.25,0.6511875701904297,110.0,25.0,360.5400085449219
AMD,AMD,2026-06-12,0.10684931506849316,P,405.0,0.11628413583230428,58.4,61.75,60.3,0.6511875701904297,60.0,1.0,360.5400085449219
AMD,AMD,2026-06-12,0.10684931506849316,P,410.0,0.1285542284241187,61.9,65.5,65.6,0.648441015625,36.0,,360.5400085449219
AMD,AMD,2026-06-12,0.10684931506849316,P,420.0,0.15265178000317914,69.65,73.2,72.8,0.6478306701660157,16.0,,360.5400085449219
AMD,AMD,2026-06-12,0.10684931506849316,P,430.0,0.1761822774133732,78.0,81.25,81.1,0.6513706738281251,110.0,,360.5400085449219
AMD,AMD,2026-06-12,0.10684931506849316,P,440.0,0.19917179563807205,86.05,89.6,89.0,0.647464462890625,23.0,,360.5400085449219
AMD,AMD,2026-06-12,0.10684931506849316,P,460.0,0.24362355820890577,103.65,107.0,106.65,0.6507603283691408,2.0,,360.5400085449219
AMD,AMD,2026-06-12,0.10684931506849316,P,480.0,0.28618317262770177,121.5,125.15,125.05,0.6447789428710937,20.0,,360.5400085449219
AMD,AMD,2026-06-12,0.10684931506849316,P,510.0,0.3468077944441366,149.85,153.4,153.85,0.6479527392578125,2.0,,360.5400085449219
AMD,AMD,2026-08-21,0.29863013698630136,C,10.0,-3.5850178382801894,348.55,352.5,336.93,4.051762747802734,2.0,2.0,360.5400085449219
AMD,AMD,2026-08-21,0.29863013698630136,C,90.0,-1.3877932609439698,269.85,273.55,228.71,1.2858922424316406,22.0,144.0,360.5400085449219
AMD,AMD,2026-08-21,0.29863013698630136,C,95.0,-1.3337260396736939,264.9,268.65,225.02,1.2504920288085937,16.0,32.0,360.5400085449219
AMD,AMD,2026-08-21,0.29863013698630136,C,100.0,-1.2824327452861435,260.05,263.75,221.16,1.2241249731445314,32.0,57.0,360.5400085449219
AMD,AMD,2026-08-21,0.29863013698630136,C,105.0,-1.2336425811167115,255.3,258.55,230.14,1.18359783203125,2.0,69.0,360.5400085449219
AMD,AMD,2026-08-21,0.29863013698630136,C,110.0,-1.1871225654818185,250.15,253.9,213.75,1.1552776611328124,14.0,34.0,360.5400085449219
AMD,AMD,2026-08-21,0.29863013698630136,C,115.0,-1.1426708029109849,245.4,249.05,209.57,1.1398968786621095,8.0,42.0,360.5400085449219
AMD,AMD,2026-08-21,0.29863013698630136,C,120.0,-1.1001111884921888,240.4,244.35,204.03,1.1174360534667969,9.0,59.0,360.5400085449219
AMD,AMD,2026-08-21,0.29863013698630136,C,125.0,-1.0592891939719338,235.5,239.3,198.25,1.0815475610351561,12.0,85.0,360.5400085449219
AMD,AMD,2026-08-21,0.29863013698630136,C,130.0,-1.0200684808186524,230.8,234.45,216.42,1.0673874755859378,1.0,95.0,360.5400085449219
AMD,AMD,2026-08-21,0.29863013698630136,C,135.0,-0.9823281528358054,225.85,229.6,196.0,1.0406542108154302,1.0,94.0,360.5400085449219
AMD,AMD,2026-08-21,0.29863013698630136,C,140.0,-0.9459605086649305,221.1,224.75,220.58,1.0230761737060547,1.0,73.0,360.5400085449219
AMD,AMD,2026-08-21,0.29863013698630136,C,145.0,-0.9108691888536605,216.25,219.85,216.45,0.9989013781738281,2.0,173.0,360.5400085449219
AMD,AMD,2026-08-21,0.29863013698630136,C,150.0,-0.8769676371779791,211.3,214.7,206.2,0.9615482360839842,1.0,295.0,360.5400085449219
AMD,AMD,2026-08-21,0.29863013698630136,C,155.0,-0.8441778143549882,206.6,210.4,201.6,0.9659427233886719,5.0,283.0,360.5400085449219
AMD,AMD,2026-08-21,0.29863013698630136,C,160.0,-0.812429116040408,201.7,205.35,167.87,0.935425450439453,9.0,1113.0,360.5400085449219
AMD,AMD,2026-08-21,0.29863013698630136,C,165.0,-0.7816574573736542,197.25,200.3,194.0,0.9202888830566407,9.0,720.0,360.5400085449219
AMD,AMD,2026-08-21,0.29863013698630136,C,170.0,-0.7518044942239731,192.45,195.55,186.0,0.9029550720214843,1.0,349.0,360.5400085449219
AMD,AMD,2026-08-21,0.29863013698630136,C,175.0,-0.7228169573507208,187.8,190.8,181.7,0.8896495410156249,1.0,600.0,360.5400085449219
AMD,AMD,2026-08-21,0.29863013698630136,C,180.0,-0.6946460803840245,183.05,186.1,184.64,0.8742688354492187,30.0,574.0,360.5400085449219
AMD,AMD,2026-08-21,0.29863013698630136,C,185.0,-0.6672471061959101,178.35,181.4,156.32,0.8597426135253907,46.0,205.0,360.5400085449219
AMD,AMD,2026-08-21,0.29863013698630136,C,190.0,-0.6405788591137487,173.55,177.0,173.09,0.8491836370849608,4.0,427.0,360.5400085449219
AMD,AMD,2026-08-21,0.29863013698630136,C,195.0,-0.614603372710488,169.0,171.55,168.42,0.8203142968749999,4.0,402.0,360.5400085449219
AMD,AMD,2026-08-21,0.29863013698630136,C,200.0,-0.5892855647261982,164.8,167.35,166.1,0.8254411987304686,33.0,1167.0,360.5400085449219
AMD,AMD,2026-08-21,0.29863013698630136,C,210.0,-0.5404954005567661,155.7,158.35,156.35,0.8042622113037108,1.0,2633.0,360.5400085449219
AMD,AMD,2026-08-21,0.29863013698630136,C,220.0,-0.49397538492187326,146.75,149.4,140.87,0.7830832238769532,1.0,2172.0,360.5400085449219
AMD,AMD,2026-08-21,0.29863013698630136,C,230.0,-0.44952362235103954,138.25,140.0,137.9,0.758913543701172,66.0,2208.0,360.5400085449219
AMD,AMD,2026-08-21,0.29863013698630136,C,240.0,-0.4069640079322436,129.25,132.05,130.77,0.7447230117797851,8.0,1544.0,360.5400085449219
AMD,AMD,2026-08-21,0.29863013698630136,C,250.0,-0.3661420134119884,121.8,124.0,122.66,0.7433192172241211,179.0,2728.0,360.5400085449219
AMD,AMD,2026-08-21,0.29863013698630136,C,260.0,-0.3269213002587072,114.05,115.85,113.82,0.7315700671386718,33.0,1742.0,360.5400085449219
AMD,AMD,2026-08-21,0.29863013698630136,C,270.0,-0.2891809722758601,106.5,107.45,106.22,0.7151822915649414,339.0,2938.0,360.5400085449219
AMD,AMD,2026-08-21,0.29863013698630136,C,280.0,-0.2528133281049852,98.85,100.9,99.41,0.7111845288085938,21.0,1401.0,360.5400085449219
AMD,AMD,2026-08-21,0.29863013698630136,C,290.0,-0.21772200829371519,92.05,94.25,93.05,0.7085295260620117,37.0,1268.0,360.5400085449219
AMD,AMD,2026-08-21,0.29863013698630136,C,300.0,-0.1838204566180338,85.75,87.45,85.45,0.7037993487548828,269.0,8613.0,360.5400085449219
AMD,AMD,2026-08-21,0.29863013698630136,C,310.0,-0.1510306337950429,79.55,81.2,79.1,0.699496413269043,223.0,5632.0,360.5400085449219
AMD,AMD,2026-08-21,0.29863013698630136,C,320.0,-0.11928193548046268,73.55,75.3,73.7,0.6948272705078126,153.0,3061.0,360.5400085449219
AMD,AMD,2026-08-21,0.29863013698630136,C,330.0,-0.08851027681370895,68.1,70.0,68.5,0.6940338214111328,436.0,6552.0,360.5400085449219
AMD,AMD,2026-08-21,0.29863013698630136,C,340.0,-0.058657313664027745,62.85,64.45,63.5,0.6887238159179689,43.0,1040.0,360.5400085449219
AMD,AMD,2026-08-21,0.29863013698630136,C,350.0,-0.029669776790775534,58.2,59.25,58.75,0.6858551922607423,125.0,709.0,360.5400085449219
AMD,AMD,2026-08-21,0.29863013698630136,C,360.0,-0.0014988998240791738,53.7,54.65,53.6,0.6840851904296876,173.0,759.0,360.5400085449219
AMD,AMD,2026-08-21,0.29863013698630136,C,370.0,0.025900074364035196,49.45,50.15,49.62,0.680911394042969,81.0,2499.0,360.5400085449219
AMD,AMD,2026-08-21,0.29863013698630136,C,380.0,0.052568321446196664,45.5,46.45,46.24,0.681216566772461,89.0,947.0,360.5400085449219
AMD,AMD,2026-08-21,0.29863013698630136,C,390.0,0.07854380784945725,41.8,42.8,41.48,0.6800874276733401,92.0,487.0,360.5400085449219
AMD,AMD,2026-08-21,0.29863013698630136,C,400.0,0.10386161583374706,38.4,39.55,38.72,0.6802094967651369,247.0,5818.0,360.5400085449219
AMD,AMD,2026-08-21,0.29863013698630136,C,410.0,0.1285542284241187,35.05,36.4,35.4,0.6782258740234376,93.0,514.0,360.5400085449219
AMD,AMD,2026-08-21,0.29863013698630136,C,420.0,0.15265178000317914,32.05,33.65,31.7,0.67813432220459,83.0,644.0,360.5400085449219
AMD,AMD,2026-08-21,0.29863013698630136,C,430.0,0.1761822774133732,29.65,30.95,29.88,0.6795075994873048,193.0,297.0,360.5400085449219
AMD,AMD,2026-08-21,0.29863013698630136,C,440.0,0.19917179563807205,27.3,28.45,27.72,0.6799195826721194,306.0,431.0,360.5400085449219
AMD,AMD,2026-08-21,0.29863013698630136,C,450.0,0.22164465149013057,25.1,26.55,25.36,0.6829255340576172,433.0,2716.0,360.5400085449219
AMD,AMD,2026-08-21,0.29863013698630136,C,460.0,0.24362355820890577,23.15,24.15,23.58,0.6819032054138185,322.0,475.0,360.5400085449219
AMD,AMD,2026-08-21,0.29863013698630136,C,470.0,0.2651297634298695,21.05,22.2,21.95,0.6806367385864259,48.0,279.0,360.5400085449219
AMD,AMD,2026-08-21,0.29863013698630136,C,480.0,0.28618317262770177,19.5,20.35,19.55,0.6818574295043948,145.0,393.0,360.5400085449219
AMD,AMD,2026-08-21,0.29863013698630136,C,490.0,0.30680245983043736,17.4,19.0,18.55,0.6806062213134767,4.0,239.0,360.5400085449219
AMD,AMD,2026-08-21,0.29863013698630136,C,500.0,0.3270051671479569,16.5,17.4,16.3,0.6847565704345704,185.0,737.0,360.5400085449219
AMD,AMD,2026-08-21,0.29863013698630136,C,510.0,0.3468077944441366,15.15,15.95,15.7,0.6847565704345704,118.0,134.0,360.5400085449219
AMD,AMD,2026-08-21,0.29863013698630136,C,520.0,0.36622588030123815,14.0,14.65,14.35,0.6857941577148439,98.0,467.0,360.5400085449219
AMD,AMD,2026-08-21,0.29863013698630136,C,530.0,0.3852740752719327,12.9,13.55,12.8,0.6872895040893555,190.0,1321.0,360.5400085449219
AMD,AMD,2026-08-21,0.29863013698630136,C,540.0,0.4039662082840852,11.85,12.6,11.65,0.6889984713745119,299.0,64.0,360.5400085449219
AMD,AMD,2026-08-21,0.29863013698630136,C,550.0,0.4223153469522817,10.8,11.65,10.6,0.6891510577392579,1.0,92.0,360.5400085449219
AMD,AMD,2026-08-21,0.29863013698630136,C,560.0,0.4403338524549601,10.0,10.7,10.05,0.6901886450195314,1.0,53.0,360.5400085449219
AMD,AMD,2026-08-21,0.29863013698630136,C,570.0,0.458033429554361,9.25,9.8,9.45,0.6907684732055664,2.0,37.0,360.5400085449219
AMD,AMD,2026-08-21,0.29863013698630136,C,580.0,0.4754251722662301,8.55,9.2,8.33,0.6937286486816407,1.0,31.0,360.5400085449219
AMD,AMD,2026-08-21,0.29863013698630136,C,590.0,0.4925196056255303,7.9,8.4,6.85,0.69375916595459,1.0,49.0,360.5400085449219
AMD,AMD,2026-08-21,0.29863013698630136,C,600.0,0.5093267239419115,7.35,7.85,7.72,0.6965972723388674,12.0,937.0,360.5400085449219
AMD,AMD,2026-08-21,0.29863013698630136,C,610.0,0.5258560258931221,6.75,7.25,6.11,0.6970550314331055,2.0,26.0,360.5400085449219
AMD,AMD,2026-08-21,0.29863013698630136,C,620.0,0.5421165467649024,6.25,6.8,4.5,0.6995269305419922,,1.0,360.5400085449219
AMD,AMD,2026-08-21,0.29863013698630136,C,630.0,0.5581168881113435,5.85,6.2,5.8,0.7003203796386719,13.0,16.0,360.5400085449219
AMD,AMD,2026-08-21,0.29863013698630136,C,640.0,0.5738652450794827,5.35,6.0,5.15,0.704226590576172,,46.0,360.5400085449219
AMD,AMD,2026-08-21,0.29863013698630136,C,650.0,0.589369431615448,4.95,5.55,5.13,0.7050810742187501,78.0,91.0,360.5400085449219
AMD,AMD,2026-08-21,0.29863013698630136,C,660.0,0.6046369037462364,4.6,5.2,2.18,0.7072783178710937,,27.0,360.5400085449219
AMD,AMD,2026-08-21,0.29863013698630136,C,670.0,0.6196747811107769,4.25,4.8,3.65,0.7077055596923829,,23.0,360.5400085449219
AMD,AMD,2026-08-21,0.29863013698630136,C,680.0,0.6344898668959176,3.95,4.5,2.61,0.7097196997070312,,36.0,360.5400085449219
AMD,AMD,2026-08-21,0.29863013698630136,C,690.0,0.6490886663170702,3.65,4.3,3.75,0.7127103924560547,2.0,65.0,360.5400085449219
AMD,AMD,2026-08-21,0.29863013698630136,C,700.0,0.6634774037691697,3.4,3.9,3.52,0.7121610815429689,167.0,73.0,360.5400085449219
AMD,AMD,2026-08-21,0.29863013698630136,P,5.0,-4.278165018840134,0.0,0.15,0.1,2.9765650585937498,5.0,8.0,360.5400085449219
AMD,AMD,2026-08-21,0.29863013698630136,P,15.0,-3.1795527301720248,0.0,0.16,0.1,2.1367234082031246,,1.0,360.5400085449219
AMD,AMD,2026-08-21,0.29863013698630136,P,20.0,-2.891870657720244,0.0,0.39,0.01,2.1308640478515626,1.0,95.0,360.5400085449219
AMD,AMD,2026-08-21,0.29863013698630136,P,90.0,-1.3877932609439698,0.1,0.52,0.22,1.0644578027343752,40.0,780.0,360.5400085449219
AMD,AMD,2026-08-21,0.29863013698630136,P,95.0,-1.3337260396736939,0.1,0.52,0.33,1.0244189404296877,3.0,494.0,360.5400085449219
AMD,AMD,2026-08-21,0.29863013698630136,P,100.0,-1.2824327452861435,0.1,0.53,0.38,0.9882813671875,1.0,277.0,360.5400085449219
AMD,AMD,2026-08-21,0.29863013698630136,P,105.0,-1.2336425811167115,0.22,0.57,0.4,0.9804689453125001,13.0,302.0,360.5400085449219
AMD,AMD,2026-08-21,0.29863013698630136,P,110.0,-1.1871225654818185,0.16,0.62,0.41,0.9438482177734374,1.0,1148.0,360.5400085449219
AMD,AMD,2026-08-21,0.29863013698630136,P,115.0,-1.1426708029109849,0.16,0.56,0.43,0.9003916210937499,15.0,1498.0,360.5400085449219
AMD,AMD,2026-08-21,0.29863013698630136,P,120.0,-1.1001111884921888,0.23,0.65,0.62,0.8920909228515624,2.0,523.0,360.5400085449219
AMD,AMD,2026-08-21,0.29863013698630136,P,125.0,-1.0592891939719338,0.35,0.78,0.61,0.8911143701171874,3.0,1538.0,360.5400085449219
AMD,AMD,2026-08-21,0.29863013698630136,P,130.0,-1.0200684808186524,0.4,0.85,0.64,0.8730481445312499,1.0,2923.0,360.5400085449219
AMD,AMD,2026-08-21,0.29863013698630136,P,135.0,-0.9823281528358054,0.65,0.98,0.71,0.8771984936523438,1.0,614.0,360.5400085449219
AMD,AMD,2026-08-21,0.29863013698630136,P,140.0,-0.9459605086649305,0.61,0.97,0.8,0.8430191479492187,2.0,4428.0,360.5400085449219
AMD,AMD,2026-08-21,0.29863013698630136,P,145.0,-0.9108691888536605,0.83,1.18,0.91,0.8457046679687499,3.0,994.0,360.5400085449219
AMD,AMD,2026-08-21,0.29863013698630136,P,150.0,-0.8769676371779791,0.9,1.1,0.93,0.8164080859374999,2.0,4071.0,360.5400085449219
AMD,AMD,2026-08-21,0.29863013698630136,P,155.0,-0.8441778143549882,0.86,1.39,1.13,0.8039570385742187,14.0,1861.0,360.5400085449219
AMD,AMD,2026-08-21,0.29863013698630136,P,160.0,-0.812429116040408,0.98,1.49,1.2,0.789064609375,24.0,4006.0,360.5400085449219
AMD,AMD,2026-08-21,0.29863013698630136,P,165.0,-0.7816574573736542,1.3,1.68,1.43,0.7879659875488281,2.0,1447.0,360.5400085449219
AMD,AMD,2026-08-21,0.29863013698630136,P,170.0,-0.7518044942239731,1.32,1.74,1.6,0.764650791015625,1.0,3136.0,360.5400085449219
AMD,AMD,2026-08-21,0.29863013698630136,P,175.0,-0.7228169573507208,1.71,1.85,1.79,0.7597680273437502,2.0,1543.0,360.5400085449219
AMD,AMD,2026-08-21,0.29863013698630136,P,180.0,-0.6946460803840245,1.9,2.2,1.89,0.7542749182128907,303.0,3042.0,360.5400085449219
AMD,AMD,2026-08-21,0.29863013698630136,P,185.0,-0.6672471061959101,2.13,2.33,2.21,0.7407252490234374,64.0,1639.0,360.5400085449219
AMD,AMD,2026-08-21,0.29863013698630136,P,190.0,-0.6405788591137487,2.39,2.6,2.47,0.7320583435058592,4.0,2347.0,360.5400085449219
AMD,AMD,2026-08-21,0.29863013698630136,P,195.0,-0.614603372710488,2.58,2.86,2.76,0.719729365234375,101.0,1988.0,360.5400085449219
AMD,AMD,2026-08-21,0.29863013698630136,P,200.0,-0.5892855647261982,2.91,3.35,2.91,0.716677637939453,95.0,4198.0,360.5400085449219
AMD,AMD,2026-08-21,0.29863013698630136,P,210.0,-0.5404954005567661,3.65,4.1,3.84,0.7014800360107423,143.0,3298.0,360.5400085449219
AMD,AMD,2026-08-21,0.29863013698630136,P,220.0,-0.49397538492187326,4.8,5.0,4.85,0.6924469232177735,149.0,3416.0,360.5400085449219
AMD,AMD,2026-08-21,0.29863013698630136,P,230.0,-0.44952362235103954,5.95,6.4,6.0,0.685672088623047,2111.0,3023.0,360.5400085449219
AMD,AMD,2026-08-21,0.29863013698630136,P,240.0,-0.4069640079322436,7.35,7.8,7.45,0.6763948376464846,91.0,1824.0,360.5400085449219
AMD,AMD,2026-08-21,0.29863013698630136,P,250.0,-0.3661420134119884,9.0,9.6,9.15,0.6700167276000978,87.0,2620.0,360.5400085449219
AMD,AMD,2026-08-21,0.29863013698630136,P,260.0,-0.3269213002587072,10.95,11.5,11.22,0.6625399957275393,100.0,908.0,360.5400085449219
AMD,AMD,2026-08-21,0.29863013698630136,P,270.0,-0.2891809722758601,13.3,13.85,13.2,0.6585422329711915,61.0,1569.0,360.5400085449219
AMD,AMD,2026-08-21,0.29863013698630136,P,280.0,-0.2528133281049852,16.0,16.6,16.3,0.6559787820434572,39.0,1478.0,360.5400085449219
AMD,AMD,2026-08-21,0.29863013698630136,P,290.0,-0.21772200829371519,18.8,19.45,18.65,0.6496311892700196,27.0,388.0,360.5400085449219
AMD,AMD,2026-08-21,0.29863013698630136,P,300.0,-0.1838204566180338,22.1,22.65,22.39,0.6453587710571288,153.0,428.0,360.5400085449219
AMD,AMD,2026-08-21,0.29863013698630136,P,310.0,-0.1510306337950429,25.75,27.1,25.86,0.6483799810791016,167.0,132.0,360.5400085449219
AMD,AMD,2026-08-21,0.29863013698630136,P,320.0,-0.11928193548046268,29.7,30.7,29.79,0.6421239401245118,24.0,509.0,360.5400085449219
AMD,AMD,2026-08-21,0.29863013698630136,P,330.0,-0.08851027681370895,33.4,34.85,34.5,0.633640138244629,29.0,828.0,360.5400085449219
AMD,AMD,2026-08-21,0.29863013698630136,P,340.0,-0.058657313664027745,38.7,40.0,38.89,0.6385686778259276,32.0,162.0,360.5400085449219
AMD,AMD,2026-08-21,0.29863013698630136,P,350.0,-0.029669776790775534,43.75,45.1,44.37,0.6369054864501953,104.0,164.0,360.5400085449219
AMD,AMD,2026-08-21,0.29863013698630136,P,360.0,-0.0014988998240791738,49.05,50.25,49.76,0.6330908273315431,15.0,42.0,360.5400085449219
AMD,AMD,2026-08-21,0.29863013698630136,P,370.0,0.025900074364035196,54.7,55.95,55.28,0.631137721862793,10.0,918.0,360.5400085449219
AMD,AMD,2026-08-21,0.29863013698630136,P,380.0,0.052568321446196664,60.7,62.0,61.8,0.6298254791259765,8.0,40.0,360.5400085449219
AMD,AMD,2026-08-21,0.29863013698630136,P,390.0,0.07854380784945725,66.3,68.3,74.65,0.6239661627197266,3.0,13.0,360.5400085449219
AMD,AMD,2026-08-21,0.29863013698630136,P,400.0,0.10386161583374706,72.9,75.4,73.36,0.6260108200073243,7.0,84.0,360.5400085449219
AMD,AMD,2026-08-21,0.29863013698630136,P,410.0,0.1285542284241187,79.75,81.95,84.75,0.6228370236206054,2.0,10.0,360.5400085449219
AMD,AMD,2026-08-21,0.29863013698630136,P,420.0,0.15265178000317914,86.65,89.35,133.5,0.6222571954345704,3.0,8.0,360.5400085449219
AMD,AMD,2026-08-21,0.29863013698630136,P,430.0,0.1761822774133732,94.65,96.65,106.9,0.6252936640930178,3.0,12.0,360.5400085449219
AMD,AMD,2026-08-21,0.29863013698630136,P,440.0,0.19917179563807205,101.3,104.1,111.02,0.617313397216797,2.0,12.0,360.5400085449219
AMD,AMD,2026-08-21,0.29863013698630136,P,450.0,0.22164465149013057,109.15,112.05,135.94,0.6180763290405275,2.0,2.0,360.5400085449219
AMD,AMD,2026-08-21,0.29863013698630136,P,460.0,0.24362355820890577,117.0,119.9,144.24,0.6154213262939454,12.0,9.0,360.5400085449219
AMD,AMD,2026-08-21,0.29863013698630136,P,470.0,0.2651297634298695,124.85,128.05,134.8,0.6122475299072268,9.0,2.0,360.5400085449219
AMD,AMD,2026-08-21,0.29863013698630136,P,480.0,0.28618317262770177,133.15,136.35,141.8,0.6110268389892579,3.0,56.0,360.5400085449219
AMD,AMD,2026-08-21,0.29863013698630136,P,490.0,0.30680245983043736,142.55,144.5,147.6,0.6151161535644531,5.0,21.0,360.5400085449219
AMD,AMD,2026-08-21,0.29863013698630136,P,500.0,0.3270051671479569,151.2,153.15,153.3,0.6150856362915039,9.0,21.0,360.5400085449219
AMD,AMD,2026-08-21,0.29863013698630136,P,510.0,0.3468077944441366,159.75,161.85,159.5,0.6123695989990237,12.0,20.0,360.5400085449219
AMD,AMD,2026-08-21,0.29863013698630136,P,520.0,0.36622588030123815,167.7,170.6,168.05,0.601810622558594,9.0,27.0,360.5400085449219
AMD,AMD,2026-08-21,0.29863013698630136,P,530.0,0.3852740752719327,176.9,179.5,176.95,0.6022378643798829,12.0,3.0,360.5400085449219
AMD,AMD,2026-08-21,0.29863013698630136,P,540.0,0.4039662082840852,186.5,188.6,186.45,0.6072426971435547,12.0,5.0,360.5400085449219
AMD,AMD,2026-08-21,0.29863013698630136,P,550.0,0.4223153469522817,195.65,197.85,195.1,0.6073647662353516,12.0,3.0,360.5400085449219
AMD,AMD,2026-08-21,0.29863013698630136,P,560.0,0.4403338524549601,204.1,206.9,203.95,0.594455959777832,12.0,6.0,360.5400085449219
AMD,AMD,2026-08-21,0.29863013698630136,P,570.0,0.458033429554361,213.35,216.15,213.55,0.5910685424804689,12.0,6.0,360.5400085449219
AMD,AMD,2026-08-21,0.29863013698630136,P,580.0,0.4754251722662301,222.7,225.5,223.07,0.5882609533691407,12.0,3.0,360.5400085449219
AMD,AMD,2026-08-21,0.29863013698630136,P,590.0,0.4925196056255303,232.15,234.9,232.45,0.5855754333496093,3.0,15.0,360.5400085449219
AMD,AMD,2026-08-21,0.29863013698630136,P,600.0,0.5093267239419115,241.65,244.4,268.65,0.5833171551513672,20.0,40.0,360.5400085449219
AMD,AMD,2026-11-20,0.547945205479452,C,100.0,-1.2824327452861435,261.7,265.4,236.77,1.0540818780517578,48.0,101.0,360.5400085449219
AMD,AMD,2026-11-20,0.547945205479452,C,105.0,-1.2336425811167115,256.85,260.8,222.59,1.0350390045166018,2.0,104.0,360.5400085449219
AMD,AMD,2026-11-20,0.547945205479452,C,110.0,-1.1871225654818185,252.05,256.05,252.47,1.0127002490234376,1.0,59.0,360.5400085449219
AMD,AMD,2026-11-20,0.547945205479452,C,115.0,-1.1426708029109849,247.4,251.1,246.26,0.9893799890136719,3.0,58.0,360.5400085449219
AMD,AMD,2026-11-20,0.547945205479452,C,120.0,-1.1001111884921888,242.5,246.2,217.89,0.9609378906249999,10.0,65.0,360.5400085449219
AMD,AMD,2026-11-20,0.547945205479452,C,125.0,-1.0592891939719338,237.9,241.65,200.0,0.9508061560058592,4.0,98.0,360.5400085449219
AMD,AMD,2026-11-20,0.547945205479452,C,130.0,-1.0200684808186524,233.2,236.85,193.6,0.9310919976806642,14.0,60.0,360.5400085449219
AMD,AMD,2026-11-20,0.547945205479452,C,135.0,-0.9823281528358054,228.35,232.1,198.6,0.9093026647949218,1.0,103.0,360.5400085449219
AMD,AMD,2026-11-20,0.547945205479452,C,140.0,-0.9459605086649305,224.1,227.5,187.16,0.90429783203125,2.0,243.0,360.5400085449219
AMD,AMD,2026-11-20,0.547945205479452,C,145.0,-0.9108691888536605,219.45,222.45,213.35,0.8806774627685545,2.0,85.0,360.5400085449219
AMD,AMD,2026-11-20,0.547945205479452,C,150.0,-0.8769676371779791,214.8,217.8,217.27,0.8654798608398437,6.0,259.0,360.5400085449219
AMD,AMD,2026-11-20,0.547945205479452,C,155.0,-0.8441778143549882,210.2,213.25,205.16,0.8529067443847658,2.0,129.0,360.5400085449219
AMD,AMD,2026-11-20,0.547945205479452,C,160.0,-0.812429116040408,205.65,208.6,179.29,0.8390519024658203,25.0,107.0,360.5400085449219
AMD,AMD,2026-11-20,0.547945205479452,C,165.0,-0.7816574573736542,201.1,204.1,195.82,0.8273943041992187,2.0,174.0,360.5400085449219
AMD,AMD,2026-11-20,0.547945205479452,C,170.0,-0.7518044942239731,196.2,199.55,178.94,0.8092060095214844,1.0,101.0,360.5400085449219
AMD,AMD,2026-11-20,0.547945205479452,C,175.0,-0.7228169573507208,192.1,195.1,186.0,0.8044453149414061,6.0,78.0,360.5400085449219
AMD,AMD,2026-11-20,0.547945205479452,C,180.0,-0.6946460803840245,187.75,190.65,187.25,0.7951070294189453,22.0,142.0,360.5400085449219
AMD,AMD,2026-11-20,0.547945205479452,C,185.0,-0.6672471061959101,183.5,186.15,176.85,0.7858908129882812,10.0,109.0,360.5400085449219
AMD,AMD,2026-11-20,0.547945205479452,C,190.0,-0.6405788591137487,179.2,181.95,178.18,0.7791770129394531,5.0,112.0,360.5400085449219
AMD,AMD,2026-11-20,0.547945205479452,C,195.0,-0.614603372710488,174.75,177.7,168.25,0.7693504510498048,2.0,402.0,360.5400085449219
AMD,AMD,2026-11-20,0.547945205479452,C,200.0,-0.5892855647261982,170.8,173.6,172.0,0.7663597583007813,37.0,437.0,360.5400085449219
AMD,AMD,2026-11-20,0.547945205479452,C,210.0,-0.5404954005567661,162.55,165.2,165.5,0.7516809500122069,3.0,265.0,360.5400085449219
AMD,AMD,2026-11-20,0.547945205479452,C,220.0,-0.49397538492187326,154.55,157.2,155.33,0.740664214477539,4.0,896.0,360.5400085449219
AMD,AMD,2026-11-20,0.547945205479452,C,230.0,-0.44952362235103954,146.8,149.25,147.0,0.7294643753051758,2.0,941.0,360.5400085449219
AMD,AMD,2026-11-20,0.547945205479452,C,240.0,-0.4069640079322436,139.3,141.8,140.49,0.7215604016113282,4.0,16780.0,360.5400085449219
AMD,AMD,2026-11-20,0.547945205479452,C,250.0,-0.3661420134119884,132.0,134.6,134.63,0.7140836697387696,4.0,1617.0,360.5400085449219
AMD,AMD,2026-11-20,0.547945205479452,C,260.0,-0.3269213002587072,125.05,127.65,125.7,0.7079191806030273,22.0,9807.0,360.5400085449219
AMD,AMD,2026-11-20,0.547945205479452,C,270.0,-0.2891809722758601,118.45,120.9,120.19,0.7025328819274903,4.0,617.0,360.5400085449219
AMD,AMD,2026-11-20,0.547945205479452,C,280.0,-0.2528133281049852,112.05,114.55,113.42,0.6980773600769044,109.0,1244.0,360.5400085449219
AMD,AMD,2026-11-20,0.547945205479452,C,290.0,-0.21772200829371519,105.9,108.45,107.4,0.6938507177734375,4.0,442.0,360.5400085449219
AMD,AMD,2026-11-20,0.547945205479452,C,300.0,-0.1838204566180338,100.1,102.6,100.89,0.690402265930176,11.0,1111.0,360.5400085449219
AMD,AMD,2026-11-20,0.547945205479452,C,310.0,-0.1510306337950429,94.7,96.8,95.75,0.6868775209045412,19.0,553.0,360.5400085449219
AMD,AMD,2026-11-20,0.547945205479452,C,320.0,-0.11928193548046268,89.15,91.7,90.88,0.6838257936096193,14.0,401.0,360.5400085449219
AMD,AMD,2026-11-20,0.547945205479452,C,330.0,-0.08851027681370895,84.2,86.65,77.1,0.6817658776855471,7.0,863.0,360.5400085449219
AMD,AMD,2026-11-20,0.547945205479452,C,340.0,-0.058657313664027745,79.9,81.8,79.84,0.6817048431396486,254.0,717.0,360.5400085449219
AMD,AMD,2026-11-20,0.547945205479452,C,350.0,-0.029669776790775534,75.3,77.1,75.72,0.6786378572082521,108.0,897.0,360.5400085449219
AMD,AMD,2026-11-20,0.547945205479452,C,360.0,-0.0014988998240791738,70.9,72.75,71.42,0.6762117340087892,91.0,601.0,360.5400085449219
AMD,AMD,2026-11-20,0.547945205479452,C,370.0,0.025900074364035196,66.7,68.8,66.64,0.6746706117248538,15.0,416.0,360.5400085449219
AMD,AMD,2026-11-20,0.547945205479452,C,380.0,0.052568321446196664,62.75,64.55,63.1,0.6709932803344728,43.0,469.0,360.5400085449219
AMD,AMD,2026-11-20,0.547945205479452,C,390.0,0.07854380784945725,59.15,61.0,59.27,0.6704439694213868,34.0,408.0,360.5400085449219
AMD,AMD,2026-11-20,0.547945205479452,C,400.0,0.10386161583374706,55.8,57.3,57.1,0.6685976744079591,65.0,1142.0,360.5400085449219
AMD,AMD,2026-11-20,0.547945205479452,C,410.0,0.1285542284241187,52.55,54.45,52.8,0.6695131925964355,46.0,254.0,360.5400085449219
AMD,AMD,2026-11-20,0.547945205479452,C,420.0,0.15265178000317914,49.95,51.75,50.6,0.6725649198913575,22.0,209.0,360.5400085449219
AMD,AMD,2026-11-20,0.547945205479452,C,430.0,0.1761822774133732,46.8,48.7,46.95,0.6698641412353517,14.0,232.0,360.5400085449219
AMD,AMD,2026-11-20,0.547945205479452,C,440.0,0.19917179563807205,43.95,46.15,45.0,0.6694674166870118,4.0,73.0,360.5400085449219
AMD,AMD,2026-11-20,0.547945205479452,C,450.0,0.22164465149013057,41.6,43.65,42.5,0.6702761244201663,3.0,190.0,360.5400085449219
AMD,AMD,2026-11-20,0.547945205479452,C,460.0,0.24362355820890577,39.2,41.2,37.25,0.6697420721435547,1.0,168.0,360.5400085449219
AMD,AMD,2026-11-20,0.547945205479452,C,470.0,0.2651297634298695,37.0,38.95,38.05,0.6698641412353517,9.0,37.0,360.5400085449219
AMD,AMD,2026-11-20,0.547945205479452,C,480.0,0.28618317262770177,34.9,36.55,31.1,0.6685213812255861,1.0,210.0,360.5400085449219
AMD,AMD,2026-11-20,0.547945205479452,C,490.0,0.30680245983043736,32.95,34.75,31.4,0.6696810375976563,12.0,66.0,360.5400085449219
AMD,AMD,2026-11-20,0.547945205479452,C,500.0,0.3270051671479569,30.95,32.75,32.2,0.6684603466796877,236.0,3238.0,360.5400085449219
AMD,AMD,2026-11-20,0.547945205479452,C,510.0,0.3468077944441366,29.35,30.9,28.6,0.6689486230468751,2.0,33.0,360.5400085449219
AMD,AMD,2026-11-20,0.547945205479452,C,520.0,0.36622588030123815,27.65,29.6,26.3,0.670749142150879,4.0,38.0,360.5400085449219
AMD,AMD,2026-11-20,0.547945205479452,C,530.0,0.3852740752719327,26.1,28.0,24.0,0.6708101766967774,18.0,91.0,360.5400085449219
AMD,AMD,2026-11-20,0.547945205479452,C,540.0,0.4039662082840852,24.7,26.55,18.0,0.6715425912475587,2.0,29.0,360.5400085449219
AMD,AMD,2026-11-20,0.547945205479452,C,550.0,0.4223153469522817,23.4,25.1,22.95,0.6719087985229494,7.0,124.0,360.5400085449219
AMD,AMD,2026-11-20,0.547945205479452,C,560.0,0.4403338524549601,22.6,23.5,16.05,0.6733736276245119,2.0,87.0,360.5400085449219
AMD,AMD,2026-11-20,0.547945205479452,C,570.0,0.458033429554361,21.4,22.8,19.4,0.6769441485595704,1.0,22.0,360.5400085449219
AMD,AMD,2026-11-20,0.547945205479452,C,580.0,0.4754251722662301,20.2,21.0,20.62,0.6732973344421389,134.0,1.0,360.5400085449219
AMD,AMD,2026-11-20,0.547945205479452,C,590.0,0.4925196056255303,18.8,20.5,19.6,0.6753572503662111,40.0,2.0,360.5400085449219
AMD,AMD,2026-11-20,0.547945205479452,C,600.0,0.5093267239419115,18.15,18.9,17.94,0.6745332839965822,55.0,206.0,360.5400085449219
AMD,AMD,2026-11-20,0.547945205479452,C,610.0,0.5258560258931221,17.35,18.15,17.64,0.6774019076538086,4.0,43.0,360.5400085449219
AMD,AMD,2026-11-20,0.547945205479452,C,620.0,0.5421165467649024,16.25,17.5,10.9,0.6783784603881836,,1.0,360.5400085449219
AMD,AMD,2026-11-20,0.547945205479452,C,630.0,0.5581168881113435,15.4,16.7,11.05,0.6793550131225586,,0.0,360.5400085449219
AMD,AMD,2026-11-20,0.547945205479452,C,650.0,0.589369431615448,13.95,14.95,13.55,0.6800874276733401,1.0,2.0,360.5400085449219
AMD,AMD,2026-11-20,0.547945205479452,C,660.0,0.6046369037462364,13.15,14.25,12.45,0.6802094967651369,,11.0,360.5400085449219
AMD,AMD,2026-11-20,0.547945205479452,C,670.0,0.6196747811107769,12.7,13.65,10.82,0.6831086376953126,,11.0,360.5400085449219
AMD,AMD,2026-11-20,0.547945205479452,C,680.0,0.6344898668959176,11.85,13.05,11.0,0.6824677749633791,,1.0,360.5400085449219
AMD,AMD,2026-11-20,0.547945205479452,C,690.0,0.6490886663170702,11.25,12.25,10.47,0.681613291320801,,1.0,360.5400085449219
AMD,AMD,2026-11-20,0.547945205479452,C,700.0,0.6634774037691697,10.9,11.65,11.17,0.6837800177001954,81.0,157.0,360.5400085449219
AMD,AMD,2026-11-20,0.547945205479452,P,100.0,-1.2824327452861435,0.53,1.15,0.85,0.8398453515625,41.0,722.0,360.5400085449219
AMD,AMD,2026-11-20,0.547945205479452,P,105.0,-1.2336425811167115,0.64,1.14,1.34,0.8164080859374999,2.0,195.0,360.5400085449219
AMD,AMD,2026-11-20,0.547945205479452,P,110.0,-1.1871225654818185,0.77,1.17,1.27,0.797853583984375,37.0,333.0,360.5400085449219
AMD,AMD,2026-11-20,0.547945205479452,P,115.0,-1.1426708029109849,0.91,1.35,1.3,0.789064609375,64.0,208.0,360.5400085449219
AMD,AMD,2026-11-20,0.547945205479452,P,120.0,-1.1001111884921888,1.07,1.49,1.25,0.7773459765625,14.0,441.0,360.5400085449219
AMD,AMD,2026-11-20,0.547945205479452,P,125.0,-1.0592891939719338,1.25,1.65,1.52,0.7668480346679689,1.0,589.0,360.5400085449219
AMD,AMD,2026-11-20,0.547945205479452,P,130.0,-1.0200684808186524,1.22,1.98,1.8,0.7536645727539062,2.0,1847.0,360.5400085449219
AMD,AMD,2026-11-20,0.547945205479452,P,135.0,-0.9823281528358054,1.59,2.01,1.85,0.7437769763183593,56.0,516.0,360.5400085449219
AMD,AMD,2026-11-20,0.547945205479452,P,140.0,-0.9459605086649305,1.63,2.13,1.93,0.7243679907226561,4.0,2835.0,360.5400085449219
AMD,AMD,2026-11-20,0.547945205479452,P,145.0,-0.9108691888536605,2.02,2.59,2.34,0.7281521325683593,52.0,375.0,360.5400085449219
AMD,AMD,2026-11-20,0.547945205479452,P,150.0,-0.8769676371779791,2.11,2.6,2.49,0.7067900415039063,5.0,4025.0,360.5400085449219
AMD,AMD,2026-11-20,0.547945205479452,P,155.0,-0.8441778143549882,2.57,3.0,2.86,0.7071562487792968,19.0,1061.0,360.5400085449219
AMD,AMD,2026-11-20,0.547945205479452,P,160.0,-0.812429116040408,2.72,3.3,3.1,0.6949493395996094,1.0,3731.0,360.5400085449219
AMD,AMD,2026-11-20,0.547945205479452,P,165.0,-0.7816574573736542,3.2,3.55,3.32,0.6888458850097658,25.0,1550.0,360.5400085449219
AMD,AMD,2026-11-20,0.547945205479452,P,170.0,-0.7518044942239731,3.6,4.0,3.76,0.6842072595214845,1.0,747.0,360.5400085449219
AMD,AMD,2026-11-20,0.547945205479452,P,175.0,-0.7228169573507208,4.0,4.55,4.7,0.6801179449462893,4.0,697.0,360.5400085449219
AMD,AMD,2026-11-20,0.547945205479452,P,180.0,-0.6946460803840245,4.45,5.0,4.92,0.6738313867187502,10.0,1017.0,360.5400085449219
AMD,AMD,2026-11-20,0.547945205479452,P,185.0,-0.6672471061959101,4.95,5.4,5.2,0.6666293103027345,10.0,974.0,360.5400085449219
AMD,AMD,2026-11-20,0.547945205479452,P,190.0,-0.6405788591137487,5.55,5.9,5.7,0.6616244775390626,6.0,5010.0,360.5400085449219
AMD,AMD,2026-11-20,0.547945205479452,P,195.0,-0.614603372710488,6.1,6.45,6.35,0.6556430920410157,14.0,1360.0,360.5400085449219
AMD,AMD,2026-11-20,0.547945205479452,P,200.0,-0.5892855647261982,6.85,7.2,7.65,0.6541782629394532,1.0,4403.0,360.5400085449219
AMD,AMD,2026-11-20,0.547945205479452,P,210.0,-0.5404954005567661,8.45,9.0,8.69,0.6519199847412109,113.0,4728.0,360.5400085449219
AMD,AMD,2026-11-20,0.547945205479452,P,220.0,-0.49397538492187326,10.15,10.75,10.42,0.6451146328735352,54.0,1384.0,360.5400085449219
AMD,AMD,2026-11-20,0.547945205479452,P,230.0,-0.44952362235103954,12.05,12.9,12.28,0.6401708346557617,4.0,390.0,360.5400085449219
AMD,AMD,2026-11-20,0.547945205479452,P,240.0,-0.4069640079322436,14.4,15.25,14.6,0.6368749691772461,12.0,1208.0,360.5400085449219
AMD,AMD,2026-11-20,0.547945205479452,P,250.0,-0.3661420134119884,16.9,17.7,17.6,0.6315954809570312,5.0,1624.0,360.5400085449219
AMD,AMD,2026-11-20,0.547945205479452,P,260.0,-0.3269213002587072,19.55,20.85,20.55,0.6290320300292969,25.0,627.0,360.5400085449219
AMD,AMD,2026-11-20,0.547945205479452,P,270.0,-0.2891809722758601,22.85,23.7,23.6,0.6252478881835939,38.0,294.0,360.5400085449219
AMD,AMD,2026-11-20,0.547945205479452,P,280.0,-0.2528133281049852,26.05,27.6,26.9,0.6242103009033204,11.0,76.0,360.5400085449219
AMD,AMD,2026-11-20,0.547945205479452,P,290.0,-0.21772200829371519,29.65,31.2,30.85,0.6203956417846681,15.0,117.0,360.5400085449219
AMD,AMD,2026-11-20,0.547945205479452,P,300.0,-0.1838204566180338,33.6,35.15,34.4,0.6176490872192384,41.0,123.0,360.5400085449219
AMD,AMD,2026-11-20,0.547945205479452,P,310.0,-0.1510306337950429,37.65,39.5,38.61,0.6147499462890625,6.0,66.0,360.5400085449219
AMD,AMD,2026-11-20,0.547945205479452,P,320.0,-0.11928193548046268,42.3,44.0,43.24,0.6130714962768556,305.0,955.0,360.5400085449219
AMD,AMD,2026-11-20,0.547945205479452,P,330.0,-0.08851027681370895,47.0,49.05,48.35,0.6117897708129885,4.0,216.0,360.5400085449219
AMD,AMD,2026-11-20,0.547945205479452,P,340.0,-0.058657313664027745,52.05,53.85,52.9,0.6084328707885743,9.0,90.0,360.5400085449219
AMD,AMD,2026-11-20,0.547945205479452,P,350.0,-0.029669776790775534,57.7,59.2,58.55,0.6083108016967774,29.0,83.0,360.5400085449219
AMD,AMD,2026-11-20,0.547945205479452,P,360.0,-0.0014988998240791738,62.75,64.85,64.0,0.6043740734863283,11.0,29.0,360.5400085449219
AMD,AMD,2026-11-20,0.547945205479452,P,370.0,0.025900074364035196,68.55,70.7,84.7,0.6027719166564944,18.0,110.0,360.5400085449219
AMD,AMD,2026-11-20,0.547945205479452,P,380.0,0.052568321446196664,74.7,76.6,75.45,0.600910363006592,91.0,8.0,360.5400085449219
AMD,AMD,2026-11-20,0.547945205479452,P,390.0,0.07854380784945725,80.85,83.05,85.2,0.5995828616333009,3.0,44.0,360.5400085449219
AMD,AMD,2026-11-20,0.547945205479452,P,400.0,0.10386161583374706,87.35,89.7,104.41,0.598835188446045,25.0,38.0,360.5400085449219
AMD,AMD,2026-11-20,0.547945205479452,P,410.0,0.1285542284241187,94.05,96.3,112.5,0.5968973416137696,1.0,11.0,360.5400085449219
AMD,AMD,2026-11-20,0.547945205479452,P,420.0,0.15265178000317914,100.85,103.25,109.02,0.5952646675109863,26.0,16.0,360.5400085449219
AMD,AMD,2026-11-20,0.547945205479452,P,430.0,0.1761822774133732,107.9,110.4,169.65,0.5940134593200683,3.0,1.0,360.5400085449219
AMD,AMD,2026-11-20,0.547945205479452,P,440.0,0.19917179563807205,114.9,117.45,122.1,0.5903513865661623,30.0,86.0,360.5400085449219
AMD,AMD,2026-11-20,0.547945205479452,P,450.0,0.22164465149013057,122.35,125.1,176.35,0.5900919897460939,3.0,5.0,360.5400085449219
AMD,AMD,2026-11-20,0.547945205479452,P,460.0,0.24362355820890577,129.9,132.55,131.45,0.5878031942749024,30.0,39.0,360.5400085449219
AMD,AMD,2026-11-20,0.547945205479452,P,470.0,0.2651297634298695,137.75,140.45,138.75,0.5877421597290039,30.0,9.0,360.5400085449219
AMD,AMD,2026-11-20,0.547945205479452,P,480.0,0.28618317262770177,145.4,148.3,194.45,0.584965087890625,3.0,4.0,360.5400085449219
AMD,AMD,2026-11-20,0.547945205479452,P,490.0,0.30680245983043736,153.45,156.3,203.05,0.58359181060791,,3.0,360.5400085449219
AMD,AMD,2026-11-20,0.547945205479452,P,500.0,0.3270051671479569,161.55,164.45,181.8,0.5819133605957032,15.0,35.0,360.5400085449219
AMD,AMD,2026-11-20,0.547945205479452,P,550.0,0.4223153469522817,203.9,206.9,224.05,0.5742687837219238,,1.0,360.5400085449219
AMD,AMD,2026-11-20,0.547945205479452,P,600.0,0.5093267239419115,248.4,251.35,270.45,0.5634198931884766,21.0,11.0,360.5400085449219
AMD,AMD,2026-11-20,0.547945205479452,P,680.0,0.6344898668959176,322.85,325.6,338.6,0.5405014212036134,,1.0,360.5400085449219
AMD,AMD,2027-03-19,0.873972602739726,C,25.0,-2.6687271064060343,334.9,338.9,196.01,1.5273461132812498,,1.0,360.5400085449219
AMD,AMD,2027-03-19,0.873972602739726,C,50.0,-1.9755799258460889,311.0,315.0,152.72,1.233280200805664,1.0,3.0,360.5400085449219
AMD,AMD,2027-03-19,0.873972602739726,C,55.0,-1.880269746041764,306.25,310.35,167.09,1.19922275390625,,2.0,360.5400085449219
AMD,AMD,2027-03-19,0.873972602739726,C,75.0,-1.5701148177379245,287.3,291.4,232.38,1.0703171484375003,,1.0,360.5400085449219
AMD,AMD,2027-03-19,0.873972602739726,C,80.0,-1.5055762966003532,282.55,286.7,242.63,1.0429735351562504,2.0,10.0,360.5400085449219
AMD,AMD,2027-03-19,0.873972602739726,C,90.0,-1.3877932609439698,273.2,277.3,162.0,0.9957275817871094,1.0,11.0,360.5400085449219
AMD,AMD,2027-03-19,0.873972602739726,C,95.0,-1.3337260396736939,268.0,272.65,238.5,0.9620365124511718,5.0,7.0,360.5400085449219
AMD,AMD,2027-03-19,0.873972602739726,C,100.0,-1.2824327452861435,263.9,268.0,244.04,0.9547123669433593,5.0,37.0,360.5400085449219
AMD,AMD,2027-03-19,0.873972602739726,C,105.0,-1.2336425811167115,258.5,263.35,221.6,0.9193123303222657,2.0,19.0,360.5400085449219
AMD,AMD,2027-03-19,0.873972602739726,C,110.0,-1.1871225654818185,254.65,258.75,233.55,0.9173592248535156,2.0,11.0,360.5400085449219
AMD,AMD,2027-03-19,0.873972602739726,C,115.0,-1.1426708029109849,249.5,254.2,244.07,0.8909923010253906,2.0,4.0,360.5400085449219
AMD,AMD,2027-03-19,0.873972602739726,C,120.0,-1.1001111884921888,245.55,249.65,209.0,0.8863536755371093,3.0,34.0,360.5400085449219
AMD,AMD,2027-03-19,0.873972602739726,C,125.0,-1.0592891939719338,241.45,244.55,203.0,0.8693250372314454,5.0,35.0,360.5400085449219
AMD,AMD,2027-03-19,0.873972602739726,C,130.0,-1.0200684808186524,236.95,240.05,225.87,0.8555312298583984,4.0,9.0,360.5400085449219
AMD,AMD,2027-03-19,0.873972602739726,C,135.0,-0.9823281528358054,232.5,235.65,220.7,0.8438125970458983,2.0,37.0,360.5400085449219
AMD,AMD,2027-03-19,0.873972602739726,C,140.0,-0.9459605086649305,228.05,231.15,210.68,0.8304460314941406,1.0,74.0,360.5400085449219
AMD,AMD,2027-03-19,0.873972602739726,C,145.0,-0.9108691888536605,223.65,226.8,217.38,0.8195818823242187,4.0,34.0,360.5400085449219
AMD,AMD,2027-03-19,0.873972602739726,C,150.0,-0.8769676371779791,219.35,222.45,212.86,0.8096637686157225,8.0,56.0,360.5400085449219
AMD,AMD,2027-03-19,0.873972602739726,C,155.0,-0.8441778143549882,215.05,218.0,209.12,0.7982197912597657,2.0,74.0,360.5400085449219
AMD,AMD,2027-03-19,0.873972602739726,C,160.0,-0.812429116040408,210.8,213.9,213.86,0.7909871975708008,3.0,70.0,360.5400085449219
AMD,AMD,2027-03-19,0.873972602739726,C,165.0,-0.7816574573736542,206.55,209.7,205.76,0.7821677056884766,1.0,71.0,360.5400085449219
AMD,AMD,2027-03-19,0.873972602739726,C,170.0,-0.7518044942239731,202.4,205.55,195.73,0.7744163183593751,1.0,39.0,360.5400085449219
AMD,AMD,2027-03-19,0.873972602739726,C,175.0,-0.7228169573507208,198.35,201.45,192.52,0.7676414837646486,3.0,21.0,360.5400085449219
AMD,AMD,2027-03-19,0.873972602739726,C,180.0,-0.6946460803840245,194.3,197.4,189.95,0.7608361318969729,3.0,67.0,360.5400085449219
AMD,AMD,2027-03-19,0.873972602739726,C,185.0,-0.6672471061959101,190.35,193.4,191.58,0.7548242291259766,2.0,38.0,360.5400085449219
AMD,AMD,2027-03-19,0.873972602739726,C,190.0,-0.6405788591137487,186.4,189.5,180.8,0.7491174990844728,2.0,219.0,360.5400085449219
AMD,AMD,2027-03-19,0.873972602739726,C,195.0,-0.614603372710488,182.5,185.6,183.43,0.7432886999511719,3.0,139.0,360.5400085449219
AMD,AMD,2027-03-19,0.873972602739726,C,200.0,-0.5892855647261982,178.65,181.75,179.22,0.737734556274414,36.0,340.0,360.5400085449219
AMD,AMD,2027-03-19,0.873972602739726,C,210.0,-0.5404954005567661,171.2,174.3,172.3,0.7287319607543946,21.0,237.0,360.5400085449219
AMD,AMD,2027-03-19,0.873972602739726,C,220.0,-0.49397538492187326,163.95,167.0,165.2,0.7200040206909181,23.0,359.0,360.5400085449219
AMD,AMD,2027-03-19,0.873972602739726,C,230.0,-0.44952362235103954,156.85,160.0,158.25,0.7121305642700196,2.0,580.0,360.5400085449219
AMD,AMD,2027-03-19,0.873972602739726,C,240.0,-0.4069640079322436,150.15,153.25,154.7,0.7061186614990236,4.0,305.0,360.5400085449219
AMD,AMD,2027-03-19,0.873972602739726,C,250.0,-0.3661420134119884,143.8,146.7,145.15,0.7011443460083008,8.0,1106.0,360.5400085449219
AMD,AMD,2027-03-19,0.873972602739726,C,260.0,-0.3269213002587072,137.45,140.4,137.6,0.6954986505126954,5.0,1129.0,360.5400085449219
AMD,AMD,2027-03-19,0.873972602739726,C,270.0,-0.2891809722758601,131.25,134.25,132.32,0.6895782995605471,4.0,269.0,360.5400085449219
AMD,AMD,2027-03-19,0.873972602739726,C,280.0,-0.2528133281049852,125.35,128.45,126.36,0.6850922604370118,8.0,729.0,360.5400085449219
AMD,AMD,2027-03-19,0.873972602739726,C,290.0,-0.21772200829371519,119.75,122.25,119.73,0.6784394949340821,7.0,375.0,360.5400085449219
AMD,AMD,2027-03-19,0.873972602739726,C,300.0,-0.1838204566180338,114.35,117.6,116.4,0.6781190635681154,37.0,2325.0,360.5400085449219
AMD,AMD,2027-03-19,0.873972602739726,C,310.0,-0.1510306337950429,109.2,111.9,110.57,0.6725496612548829,6.0,541.0,360.5400085449219
AMD,AMD,2027-03-19,0.873972602739726,C,320.0,-0.11928193548046268,104.5,106.8,105.73,0.6700014689636231,14.0,308.0,360.5400085449219
AMD,AMD,2027-03-19,0.873972602739726,C,330.0,-0.08851027681370895,99.55,102.5,102.2,0.6682162084960939,7.0,301.0,360.5400085449219
AMD,AMD,2027-03-19,0.873972602739726,C,340.0,-0.058657313664027745,95.05,98.2,97.71,0.6667971553039553,11.0,663.0,360.5400085449219
AMD,AMD,2027-03-19,0.873972602739726,C,350.0,-0.029669776790775534,90.7,94.05,91.64,0.6651644812011721,87.0,1053.0,360.5400085449219
AMD,AMD,2027-03-19,0.873972602739726,C,360.0,-0.0014988998240791738,86.65,89.0,88.13,0.6598697343444824,30.0,1242.0,360.5400085449219
AMD,AMD,2027-03-19,0.873972602739726,C,370.0,0.025900074364035196,82.7,86.05,83.65,0.6618686157226563,70.0,496.0,360.5400085449219
AMD,AMD,2027-03-19,0.873972602739726,C,380.0,0.052568321446196664,79.1,82.35,80.7,0.6610599079895021,288.0,225.0,360.5400085449219
AMD,AMD,2027-03-19,0.873972602739726,C,390.0,0.07854380784945725,76.25,78.6,76.05,0.6617312879943849,6.0,194.0,360.5400085449219
AMD,AMD,2027-03-19,0.873972602739726,C,400.0,0.10386161583374706,73.3,75.4,73.78,0.6629519789123537,34.0,1806.0,360.5400085449219
AMD,AMD,2027-03-19,0.873972602739726,C,410.0,0.1285542284241187,69.4,71.35,69.52,0.6563755065917969,6.0,40.0,360.5400085449219
AMD,AMD,2027-03-19,0.873972602739726,C,420.0,0.15265178000317914,66.3,68.25,63.0,0.6553302899932864,510.0,533.0,360.5400085449219
AMD,AMD,2027-03-19,0.873972602739726,C,430.0,0.1761822774133732,63.45,65.55,63.7,0.6557193852233887,11.0,190.0,360.5400085449219
AMD,AMD,2027-03-19,0.873972602739726,C,440.0,0.19917179563807205,61.1,63.25,61.11,0.6584964570617677,2.0,121.0,360.5400085449219
AMD,AMD,2027-03-19,0.873972602739726,C,450.0,0.22164465149013057,58.65,60.5,57.5,0.6583591293334962,10.0,1352.0,360.5400085449219
AMD,AMD,2027-03-19,0.873972602739726,C,460.0,0.24362355820890577,55.5,57.6,56.85,0.6541935215759278,1.0,140.0,360.5400085449219
AMD,AMD,2027-03-19,0.873972602739726,C,470.0,0.2651297634298695,53.25,55.65,53.94,0.6560855924987794,4.0,125.0,360.5400085449219
AMD,AMD,2027-03-19,0.873972602739726,C,480.0,0.28618317262770177,50.8,52.8,49.03,0.6530796411132813,2.0,88.0,360.5400085449219
AMD,AMD,2027-03-19,0.873972602739726,C,490.0,0.30680245983043736,48.75,50.9,49.5,0.6543766252136232,11.0,170.0,360.5400085449219
AMD,AMD,2027-03-19,0.873972602739726,C,500.0,0.3270051671479569,46.75,49.25,49.3,0.6561008511352541,27.0,181.0,360.5400085449219
AMD,AMD,2027-03-19,0.873972602739726,C,510.0,0.3468077944441366,44.9,47.05,42.7,0.6556278334045411,1.0,46.0,360.5400085449219
AMD,AMD,2027-03-19,0.873972602739726,C,520.0,0.36622588030123815,42.85,45.4,38.5,0.6558109370422365,1.0,69.0,360.5400085449219
AMD,AMD,2027-03-19,0.873972602739726,C,530.0,0.3852740752719327,41.2,42.9,42.5,0.6535984347534182,15.0,78.0,360.5400085449219
AMD,AMD,2027-03-19,0.873972602739726,C,540.0,0.4039662082840852,39.5,41.9,38.65,0.6564365411376953,7.0,100.0,360.5400085449219
AMD,AMD,2027-03-19,0.873972602739726,C,550.0,0.4223153469522817,37.9,39.65,36.5,0.6541630043029787,566.0,1461.0,360.5400085449219
AMD,AMD,2027-03-19,0.873972602739726,C,560.0,0.4403338524549601,36.85,38.75,35.66,0.6588931816101073,3.0,228.0,360.5400085449219
AMD,AMD,2027-03-19,0.873972602739726,C,570.0,0.458033429554361,35.2,36.35,33.65,0.654620763397217,2.0,96.0,360.5400085449219
AMD,AMD,2027-03-19,0.873972602739726,C,580.0,0.4754251722662301,33.9,35.5,32.6,0.6575504216003418,37.0,54.0,360.5400085449219
AMD,AMD,2027-03-19,0.873972602739726,C,590.0,0.4925196056255303,32.7,34.05,32.8,0.6579471461486817,10.0,135.0,360.5400085449219
AMD,AMD,2027-03-19,0.873972602739726,C,600.0,0.5093267239419115,31.1,32.4,31.91,0.6553074020385744,38.0,260.0,360.5400085449219
AMD,AMD,2027-03-19,0.873972602739726,C,690.0,0.6490886663170702,22.25,23.85,22.2,0.6632418930053713,3.0,39.0,360.5400085449219
AMD,AMD,2027-03-19,0.873972602739726,C,700.0,0.6634774037691697,21.5,22.2,22.2,0.659884992980957,18.0,135.0,360.5400085449219
AMD,AMD,2027-03-19,0.873972602739726,P,25.0,-2.6687271064060343,0.0,0.5,0.24,1.18359783203125,,11.0,360.5400085449219
AMD,AMD,2027-03-19,0.873972602739726,P,30.0,-2.4864055496120794,0.0,0.0,0.14,0.500005,,0.0,360.5400085449219
AMD,AMD,2027-03-19,0.873972602739726,P,45.0,-2.080940441503915,0.1,0.66,0.2,0.9619144433593749,2.0,56.0,360.5400085449219
AMD,AMD,2027-03-19,0.873972602739726,P,50.0,-1.9755799258460889,0.1,0.72,0.25,0.9213875048828125,1.0,61.0,360.5400085449219
AMD,AMD,2027-03-19,0.873972602739726,P,55.0,-1.880269746041764,0.0,0.79,0.79,0.8720715917968749,2.0,14.0,360.5400085449219
AMD,AMD,2027-03-19,0.873972602739726,P,60.0,-1.7932583690521342,0.07,0.83,0.54,0.8461929443359374,4.0,9.0,360.5400085449219
AMD,AMD,2027-03-19,0.873972602739726,P,65.0,-1.7132156613785978,0.2,0.8,0.63,0.8198260205078124,1.0,9.0,360.5400085449219
AMD,AMD,2027-03-19,0.873972602739726,P,70.0,-1.639107689224876,0.23,0.9,0.6,0.7980977221679688,1.0,92.0,360.5400085449219
AMD,AMD,2027-03-19,0.873972602739726,P,75.0,-1.5701148177379245,0.32,0.96,0.6,0.7788108056640625,1.0,43.0,360.5400085449219
AMD,AMD,2027-03-19,0.873972602739726,P,80.0,-1.5055762966003532,0.53,1.2,0.85,0.7814963256835938,1.0,51.0,360.5400085449219
AMD,AMD,2027-03-19,0.873972602739726,P,85.0,-1.4449516747839184,0.59,1.14,0.87,0.7507349145507812,1.0,46.0,360.5400085449219
AMD,AMD,2027-03-19,0.873972602739726,P,90.0,-1.3877932609439698,0.82,1.47,1.65,0.754885263671875,1.0,129.0,360.5400085449219
AMD,AMD,2027-03-19,0.873972602739726,P,95.0,-1.3337260396736939,0.97,1.51,1.4,0.7360866235351562,6.0,137.0,360.5400085449219
AMD,AMD,2027-03-19,0.873972602739726,P,100.0,-1.2824327452861435,1.21,1.5,1.47,0.719729365234375,27.0,145.0,360.5400085449219
AMD,AMD,2027-03-19,0.873972602739726,P,105.0,-1.2336425811167115,1.26,2.1,1.68,0.7203397106933593,1.0,29.0,360.5400085449219
AMD,AMD,2027-03-19,0.873972602739726,P,110.0,-1.1871225654818185,1.54,2.24,2.12,0.7097196997070312,19.0,110.0,360.5400085449219
AMD,AMD,2027-03-19,0.873972602739726,P,115.0,-1.1426708029109849,1.79,2.8,2.35,0.7105741833496093,1.0,253.0,360.5400085449219
AMD,AMD,2027-03-19,0.873972602739726,P,120.0,-1.1001111884921888,2.13,2.88,2.64,0.6978789978027344,1.0,387.0,360.5400085449219
AMD,AMD,2027-03-19,0.873972602739726,P,125.0,-1.0592891939719338,2.23,2.91,2.88,0.6774934594726563,1.0,120.0,360.5400085449219
AMD,AMD,2027-03-19,0.873972602739726,P,130.0,-1.0200684808186524,2.73,3.55,3.51,0.682193119506836,10.0,2074.0,360.5400085449219
AMD,AMD,2027-03-19,0.873972602739726,P,135.0,-0.9823281528358054,3.15,4.05,3.74,0.6792024267578126,1.0,418.0,360.5400085449219
AMD,AMD,2027-03-19,0.873972602739726,P,140.0,-0.9459605086649305,3.55,4.1,4.28,0.6654696539306644,1.0,374.0,360.5400085449219
AMD,AMD,2027-03-19,0.873972602739726,P,145.0,-0.9108691888536605,4.05,4.55,4.3,0.6610141320800782,40.0,1689.0,360.5400085449219
AMD,AMD,2027-03-19,0.873972602739726,P,150.0,-0.8769676371779791,4.25,5.3,5.38,0.6553989538574221,7.0,1500.0,360.5400085449219
AMD,AMD,2027-03-19,0.873972602739726,P,155.0,-0.8441778143549882,5.15,5.65,5.74,0.6535679174804689,82.0,407.0,360.5400085449219
AMD,AMD,2027-03-19,0.873972602739726,P,160.0,-0.812429116040408,5.55,6.2,6.0,0.6460606683349608,50.0,1703.0,360.5400085449219
AMD,AMD,2027-03-19,0.873972602739726,P,165.0,-0.7816574573736542,5.95,7.1,6.45,0.6426427337646485,11.0,506.0,360.5400085449219
AMD,AMD,2027-03-19,0.873972602739726,P,170.0,-0.7518044942239731,6.9,7.75,7.15,0.6419103192138673,9.0,3731.0,360.5400085449219
AMD,AMD,2027-03-19,0.873972602739726,P,175.0,-0.7228169573507208,7.4,8.25,7.9,0.632938240966797,9.0,510.0,360.5400085449219
AMD,AMD,2027-03-19,0.873972602739726,P,180.0,-0.6946460803840245,8.55,9.05,8.65,0.6340368627929689,12.0,717.0,360.5400085449219
AMD,AMD,2027-03-19,0.873972602739726,P,185.0,-0.6672471061959101,9.35,10.3,9.85,0.6347387600708009,9.0,292.0,360.5400085449219
AMD,AMD,2027-03-19,0.873972602739726,P,190.0,-0.6405788591137487,9.95,10.8,10.55,0.6249732327270509,2.0,1244.0,360.5400085449219
AMD,AMD,2027-03-19,0.873972602739726,P,195.0,-0.614603372710488,10.8,12.35,11.4,0.6269568554687501,70.0,306.0,360.5400085449219
AMD,AMD,2027-03-19,0.873972602739726,P,200.0,-0.5892855647261982,12.25,12.8,12.5,0.6232642654418946,44.0,1642.0,360.5400085449219
AMD,AMD,2027-03-19,0.873972602739726,P,210.0,-0.5404954005567661,14.3,15.05,14.6,0.6177711563110352,2.0,375.0,360.5400085449219
AMD,AMD,2027-03-19,0.873972602739726,P,220.0,-0.49397538492187326,16.3,17.8,17.24,0.6126747717285157,6.0,1311.0,360.5400085449219
AMD,AMD,2027-03-19,0.873972602739726,P,230.0,-0.44952362235103954,19.05,20.2,19.55,0.6074868353271485,6.0,414.0,360.5400085449219
AMD,AMD,2027-03-19,0.873972602739726,P,240.0,-0.4069640079322436,22.25,23.5,23.95,0.6080666635131836,24.0,390.0,360.5400085449219
AMD,AMD,2027-03-19,0.873972602739726,P,250.0,-0.3661420134119884,25.0,26.45,25.55,0.6009561389160158,26.0,1837.0,360.5400085449219
AMD,AMD,2027-03-19,0.873972602739726,P,260.0,-0.3269213002587072,28.8,30.4,29.05,0.6028787271118167,5.0,343.0,360.5400085449219
AMD,AMD,2027-03-19,0.873972602739726,P,270.0,-0.2891809722758601,31.95,33.5,32.65,0.5943186320495606,18.0,375.0,360.5400085449219
AMD,AMD,2027-03-19,0.873972602739726,P,280.0,-0.2528133281049852,35.8,37.5,36.5,0.5918619915771486,16.0,406.0,360.5400085449219
AMD,AMD,2027-03-19,0.873972602739726,P,290.0,-0.21772200829371519,39.7,41.75,40.96,0.5886881951904297,17.0,285.0,360.5400085449219
AMD,AMD,2027-03-19,0.873972602739726,P,300.0,-0.1838204566180338,44.35,45.95,45.4,0.5866740551757812,20.0,659.0,360.5400085449219
AMD,AMD,2027-03-19,0.873972602739726,P,310.0,-0.1510306337950429,48.8,50.7,50.1,0.5842326733398437,6.0,466.0,360.5400085449219
AMD,AMD,2027-03-19,0.873972602739726,P,320.0,-0.11928193548046268,53.65,55.9,55.45,0.5835307760620116,11.0,182.0,360.5400085449219
AMD,AMD,2027-03-19,0.873972602739726,P,330.0,-0.08851027681370895,58.85,61.0,60.0,0.5820354296875,101.0,124.0,360.5400085449219
AMD,AMD,2027-03-19,0.873972602739726,P,340.0,-0.058657313664027745,65.0,66.25,65.3,0.5832408619689942,61.0,112.0,360.5400085449219
AMD,AMD,2027-03-19,0.873972602739726,P,350.0,-0.029669776790775534,69.3,71.75,71.6,0.5764965446472168,369.0,699.0,360.5400085449219
AMD,AMD,2027-03-19,0.873972602739726,P,360.0,-0.0014988998240791738,75.5,77.55,79.27,0.5768474932861327,1.0,63.0,360.5400085449219
AMD,AMD,2027-03-19,0.873972602739726,P,370.0,0.025900074364035196,81.0,83.45,81.75,0.5734143000793459,7.0,53.0,360.5400085449219
AMD,AMD,2027-03-19,0.873972602739726,P,380.0,0.052568321446196664,87.4,89.4,87.95,0.5722088677978516,7.0,67.0,360.5400085449219
AMD,AMD,2027-03-19,0.873972602739726,P,390.0,0.07854380784945725,93.15,95.95,95.3,0.5694623132324219,2.0,153.0,360.5400085449219
AMD,AMD,2027-03-19,0.873972602739726,P,400.0,0.10386161583374706,99.65,102.3,100.6,0.5674786904907226,2.0,272.0,360.5400085449219
AMD,AMD,2027-03-19,0.873972602739726,P,410.0,0.1285542284241187,106.55,109.0,117.65,0.567036190032959,2.0,139.0,360.5400085449219
AMD,AMD,2027-03-19,0.873972602739726,P,420.0,0.15265178000317914,113.35,115.95,116.35,0.5659680854797364,501.0,583.0,360.5400085449219
AMD,AMD,2027-03-19,0.873972602739726,P,430.0,0.1761822774133732,119.95,122.9,127.75,0.5630079100036622,25.0,34.0,360.5400085449219
AMD,AMD,2027-03-19,0.873972602739726,P,440.0,0.19917179563807205,127.05,130.05,142.65,0.561550710220337,2.0,20.0,360.5400085449219
AMD,AMD,2027-03-19,0.873972602739726,P,450.0,0.22164465149013057,134.05,137.55,148.01,0.5599561827087403,2.0,21.0,360.5400085449219
AMD,AMD,2027-03-19,0.873972602739726,P,470.0,0.2651297634298695,149.0,152.45,163.25,0.5569502313232424,1.0,20.0,360.5400085449219
AMD,AMD,2027-03-19,0.873972602739726,P,480.0,0.28618317262770177,156.65,160.05,171.45,0.5552260054016114,1.0,30.0,360.5400085449219
AMD,AMD,2027-03-19,0.873972602739726,P,490.0,0.30680245983043736,164.15,167.8,180.2,0.5525557440185547,2.0,22.0,360.5400085449219
AMD,AMD,2027-03-19,0.873972602739726,P,500.0,0.3270051671479569,172.25,175.65,177.67,0.5517317776489258,,1.0,360.5400085449219
AMD,AMD,2027-03-19,0.873972602739726,P,520.0,0.36622588030123815,188.35,191.7,223.0,0.5485122053527833,,1.0,360.5400085449219
AMD,AMD,2027-03-19,0.873972602739726,P,530.0,0.3852740752719327,196.5,199.85,207.33,0.5465590998840333,17.0,17.0,360.5400085449219
AMD,AMD,2027-03-19,0.873972602739726,P,550.0,0.4223153469522817,213.15,216.45,233.1,0.5430038375854493,,15.0,360.5400085449219
AMD,AMD,2027-03-19,0.873972602739726,P,560.0,0.4403338524549601,221.6,224.9,236.85,0.5412490943908694,10.0,10.0,360.5400085449219
AMD,AMD,2027-03-19,0.873972602739726,P,570.0,0.458033429554361,230.1,233.4,250.9,0.539189178466797,2.0,71.0,360.5400085449219
AMD,AMD,2027-03-19,0.873972602739726,P,580.0,0.4754251722662301,238.7,242.0,249.15,0.5372971075439454,10.0,10.0,360.5400085449219
AMD,AMD,2027-03-19,0.873972602739726,P,600.0,0.5093267239419115,256.1,259.4,300.45,0.5332688275146484,,1.0,360.5400085449219
AMD,AMD,2027-03-19,0.873972602739726,P,690.0,0.6490886663170702,337.45,340.15,362.0,0.5097400100708008,,11.0,360.5400085449219
AMD,AMD,2027-03-19,0.873972602739726,P,700.0,0.6634774037691697,346.7,349.9,376.35,0.5102588037109376,,16.0,360.5400085449219
AMD,AMD,2027-12-17,1.621917808219178,C,5.0,-4.278165018840134,354.9,359.05,351.0,2.1162156469726563,2.0,4394.0,360.5400085449219
AMD,AMD,2027-12-17,1.621917808219178,C,10.0,-3.5850178382801894,350.3,354.4,339.51,1.7177748486328124,1.0,95.0,360.5400085449219
AMD,AMD,2027-12-17,1.621917808219178,C,25.0,-2.6687271064060343,336.45,340.55,331.26,1.3183627832031248,1.0,366.0,360.5400085449219
AMD,AMD,2027-12-17,1.621917808219178,C,40.0,-2.1987234771602986,322.7,326.8,251.94,1.1457562243652344,1.0,161.0,360.5400085449219
AMD,AMD,2027-12-17,1.621917808219178,C,45.0,-2.080940441503915,318.15,322.25,205.2,1.1052290832519533,1.0,13.0,360.5400085449219
AMD,AMD,2027-12-17,1.621917808219178,C,50.0,-1.9755799258460889,313.65,317.75,306.0,1.0714157757568363,1.0,395.0,360.5400085449219
AMD,AMD,2027-12-17,1.621917808219178,C,55.0,-1.880269746041764,309.15,313.25,199.74,1.040349036560059,2.0,469.0,360.5400085449219
AMD,AMD,2027-12-17,1.621917808219178,C,60.0,-1.7932583690521342,304.7,308.8,181.7,1.0137378414916993,1.0,182.0,360.5400085449219
AMD,AMD,2027-12-17,1.621917808219178,C,65.0,-1.7132156613785978,300.25,304.35,191.0,0.9887086090087891,1.0,395.0,360.5400085449219
AMD,AMD,2027-12-17,1.621917808219178,C,70.0,-1.639107689224876,295.85,299.95,289.45,0.9668582415771485,12.0,974.0,360.5400085449219
AMD,AMD,2027-12-17,1.621917808219178,C,75.0,-1.5701148177379245,291.0,296.0,287.25,0.9459233923339843,1.0,183.0,360.5400085449219
AMD,AMD,2027-12-17,1.621917808219178,C,80.0,-1.5055762966003532,287.1,291.25,284.4,0.9281013049316407,2.0,402.0,360.5400085449219
AMD,AMD,2027-12-17,1.621917808219178,C,85.0,-1.4449516747839184,282.8,286.95,259.25,0.9114999084472657,3.0,397.0,360.5400085449219
AMD,AMD,2027-12-17,1.621917808219178,C,90.0,-1.3877932609439698,278.55,282.65,259.0,0.8958750646972655,1.0,616.0,360.5400085449219
AMD,AMD,2027-12-17,1.621917808219178,C,95.0,-1.3337260396736939,274.35,278.45,270.5,0.8824474645996092,15.0,593.0,360.5400085449219
AMD,AMD,2027-12-17,1.621917808219178,C,100.0,-1.2824327452861435,270.55,274.05,265.25,0.8714002117919921,7.0,1251.0,360.5400085449219
AMD,AMD,2027-12-17,1.621917808219178,C,105.0,-1.2336425811167115,266.4,269.9,262.1,0.8590407162475585,32.0,805.0,360.5400085449219
AMD,AMD,2027-12-17,1.621917808219178,C,110.0,-1.1871225654818185,262.35,265.8,258.5,0.8482681188964842,4.0,614.0,360.5400085449219
AMD,AMD,2027-12-17,1.621917808219178,C,115.0,-1.1426708029109849,258.25,261.4,261.06,0.8338639660644529,3.0,643.0,360.5400085449219
AMD,AMD,2027-12-17,1.621917808219178,C,120.0,-1.1001111884921888,254.25,257.35,248.95,0.8239763696289062,4.0,992.0,360.5400085449219
AMD,AMD,2027-12-17,1.621917808219178,C,125.0,-1.0592891939719338,250.25,253.85,245.0,0.8188494677734374,8.0,828.0,360.5400085449219
AMD,AMD,2027-12-17,1.621917808219178,C,130.0,-1.0200684808186524,246.3,249.9,241.2,0.8097553204345702,4.0,632.0,360.5400085449219
AMD,AMD,2027-12-17,1.621917808219178,C,135.0,-0.9823281528358054,242.5,246.05,237.25,0.8024922094726561,5.0,528.0,360.5400085449219
AMD,AMD,2027-12-17,1.621917808219178,C,140.0,-0.9459605086649305,238.7,242.2,235.0,0.7949239257812499,1.0,984.0,360.5400085449219
AMD,AMD,2027-12-17,1.621917808219178,C,145.0,-0.9108691888536605,234.85,238.45,228.21,0.7874777111816407,1.0,633.0,360.5400085449219
AMD,AMD,2027-12-17,1.621917808219178,C,150.0,-0.8769676371779791,231.2,234.7,235.0,0.7811911529541016,2.0,2892.0,360.5400085449219
AMD,AMD,2027-12-17,1.621917808219178,C,155.0,-0.8441778143549882,227.55,231.05,190.51,0.7752860606384278,4.0,580.0,360.5400085449219
AMD,AMD,2027-12-17,1.621917808219178,C,160.0,-0.812429116040408,223.9,227.4,225.0,0.7690757955932618,7.0,921.0,360.5400085449219
AMD,AMD,2027-12-17,1.621917808219178,C,165.0,-0.7816574573736542,220.35,223.25,223.1,0.7600732000732424,2.0,977.0,360.5400085449219
AMD,AMD,2027-12-17,1.621917808219178,C,170.0,-0.7518044942239731,216.85,220.35,209.65,0.7588677677917481,1.0,1348.0,360.5400085449219
AMD,AMD,2027-12-17,1.621917808219178,C,175.0,-0.7228169573507208,213.4,216.85,213.75,0.7538781936645508,1.0,825.0,360.5400085449219
AMD,AMD,2027-12-17,1.621917808219178,C,180.0,-0.6946460803840245,209.95,212.8,204.17,0.7454859436035157,15.0,1471.0,360.5400085449219
AMD,AMD,2027-12-17,1.621917808219178,C,185.0,-0.6672471061959101,206.6,210.1,206.0,0.7449366326904296,3.0,250.0,360.5400085449219
AMD,AMD,2027-12-17,1.621917808219178,C,190.0,-0.6405788591137487,203.3,206.55,204.12,0.7396266271972656,3.0,457.0,360.5400085449219
AMD,AMD,2027-12-17,1.621917808219178,C,195.0,-0.614603372710488,200.0,203.5,202.39,0.7366359344482423,8.0,2817.0,360.5400085449219
AMD,AMD,2027-12-17,1.621917808219178,C,200.0,-0.5892855647261982,196.85,200.0,198.2,0.7317836880493164,10.0,4168.0,360.5400085449219
AMD,AMD,2027-12-17,1.621917808219178,C,210.0,-0.5404954005567661,190.6,193.7,186.0,0.7249478189086914,7.0,1571.0,360.5400085449219
AMD,AMD,2027-12-17,1.621917808219178,C,220.0,-0.49397538492187326,184.5,187.4,185.81,0.7176541906738281,2.0,950.0,360.5400085449219
AMD,AMD,2027-12-17,1.621917808219178,C,230.0,-0.44952362235103954,178.75,181.75,182.25,0.7136106520080567,8.0,958.0,360.5400085449219
AMD,AMD,2027-12-17,1.621917808219178,C,240.0,-0.4069640079322436,172.95,175.95,171.75,0.7075529733276368,4.0,511.0,360.5400085449219
AMD,AMD,2027-12-17,1.621917808219178,C,250.0,-0.3661420134119884,167.5,170.65,170.2,0.7038756419372558,30.0,1257.0,360.5400085449219
AMD,AMD,2027-12-17,1.621917808219178,C,260.0,-0.3269213002587072,162.15,165.3,163.37,0.6993133096313476,2.0,1847.0,360.5400085449219
AMD,AMD,2027-12-17,1.621917808219178,C,270.0,-0.2891809722758601,157.0,160.25,156.54,0.6956359782409669,1.0,862.0,360.5400085449219
AMD,AMD,2027-12-17,1.621917808219178,C,280.0,-0.2528133281049852,152.1,155.3,148.33,0.6922485609436035,56.0,1087.0,360.5400085449219
AMD,AMD,2027-12-17,1.621917808219178,C,290.0,-0.21772200829371519,147.3,150.5,143.02,0.6888306263732913,16.0,497.0,360.5400085449219
AMD,AMD,2027-12-17,1.621917808219178,C,300.0,-0.1838204566180338,142.7,145.95,141.2,0.6860688131713868,50.0,2083.0,360.5400085449219
AMD,AMD,2027-12-17,1.621917808219178,C,310.0,-0.1510306337950429,138.25,141.0,140.84,0.6816590672302247,4.0,742.0,360.5400085449219
AMD,AMD,2027-12-17,1.621917808219178,C,320.0,-0.11928193548046268,134.0,136.55,137.22,0.678759926300049,3.0,1016.0,360.5400085449219
AMD,AMD,2027-12-17,1.621917808219178,C,330.0,-0.08851027681370895,129.85,133.05,131.13,0.6784242362976074,13.0,989.0,360.5400085449219
AMD,AMD,2027-12-17,1.621917808219178,C,340.0,-0.058657313664027745,125.85,128.6,126.88,0.6748155687713625,10.0,425.0,360.5400085449219
AMD,AMD,2027-12-17,1.621917808219178,C,350.0,-0.029669776790775534,122.0,125.3,121.48,0.674502766723633,48.0,1442.0,360.5400085449219
AMD,AMD,2027-12-17,1.621917808219178,C,360.0,-0.0014988998240791738,118.35,121.5,117.67,0.6725649198913575,29.0,1681.0,360.5400085449219
AMD,AMD,2027-12-17,1.621917808219178,C,370.0,0.025900074364035196,114.7,118.0,116.3,0.6708712112426759,7.0,1007.0,360.5400085449219
AMD,AMD,2027-12-17,1.621917808219178,C,380.0,0.052568321446196664,111.25,114.55,114.0,0.6692843130493166,39.0,476.0,360.5400085449219
AMD,AMD,2027-12-17,1.621917808219178,C,390.0,0.07854380784945725,107.95,110.85,110.0,0.6668276725769045,2.0,362.0,360.5400085449219
AMD,AMD,2027-12-17,1.621917808219178,C,400.0,0.10386161583374706,105.1,108.0,105.46,0.6675143112182619,188.0,1130.0,360.5400085449219
AMD,AMD,2027-12-17,1.621917808219178,C,410.0,0.1285542284241187,101.65,104.85,103.29,0.6650881880187991,11.0,284.0,360.5400085449219
AMD,AMD,2027-12-17,1.621917808219178,C,420.0,0.15265178000317914,98.7,102.05,99.4,0.6645236184692385,3.0,442.0,360.5400085449219
AMD,AMD,2027-12-17,1.621917808219178,C,430.0,0.1761822774133732,95.85,99.2,98.34,0.6636004709625246,1.0,299.0,360.5400085449219
AMD,AMD,2027-12-17,1.621917808219178,C,440.0,0.19917179563807205,93.1,96.45,95.22,0.662738358001709,5.0,318.0,360.5400085449219
AMD,AMD,2027-12-17,1.621917808219178,C,450.0,0.22164465149013057,90.65,93.15,92.15,0.6607242179870605,9.0,510.0,360.5400085449219
AMD,AMD,2027-12-17,1.621917808219178,C,460.0,0.24362355820890577,87.9,91.1,69.39,0.6608768043518067,3.0,123.0,360.5400085449219
AMD,AMD,2027-12-17,1.621917808219178,C,470.0,0.2651297634298695,85.7,88.15,82.05,0.6596255961608888,20.0,371.0,360.5400085449219
AMD,AMD,2027-12-17,1.621917808219178,C,480.0,0.28618317262770177,83.2,86.3,76.9,0.6601596484375001,1.0,433.0,360.5400085449219
AMD,AMD,2027-12-17,1.621917808219178,C,490.0,0.30680245983043736,81.15,84.05,82.4,0.6604114159393312,3.0,129.0,360.5400085449219
AMD,AMD,2027-12-17,1.621917808219178,C,500.0,0.3270051671479569,79.35,81.65,80.36,0.66055637298584,151.0,981.0,360.5400085449219
AMD,AMD,2027-12-17,1.621917808219178,C,510.0,0.3468077944441366,76.9,79.35,69.2,0.6588321470642089,3.0,968.0,360.5400085449219
AMD,AMD,2027-12-17,1.621917808219178,C,520.0,0.36622588030123815,74.3,78.1,72.84,0.6591983543395996,1.0,509.0,360.5400085449219
AMD,AMD,2027-12-17,1.621917808219178,C,530.0,0.3852740752719327,72.95,75.5,71.0,0.6589465868377685,28.0,1587.0,360.5400085449219
AMD,AMD,2027-12-17,1.621917808219178,C,540.0,0.4039662082840852,70.65,73.65,67.7,0.6578174477386474,20.0,47.0,360.5400085449219
AMD,AMD,2027-12-17,1.621917808219178,C,550.0,0.4223153469522817,68.8,71.85,65.8,0.6577335252380372,2.0,22.0,360.5400085449219
AMD,AMD,2027-12-17,1.621917808219178,C,560.0,0.4403338524549601,67.0,70.05,63.6,0.6574741284179688,21.0,37.0,360.5400085449219
AMD,AMD,2027-12-17,1.621917808219178,C,570.0,0.458033429554361,65.7,68.3,45.7,0.6584201638793946,8.0,17.0,360.5400085449219
AMD,AMD,2027-12-17,1.621917808219178,C,580.0,0.4754251722662301,63.65,66.65,64.09,0.657306283416748,2.0,30.0,360.5400085449219
AMD,AMD,2027-12-17,1.621917808219178,C,590.0,0.4925196056255303,61.95,65.0,52.0,0.6568637829589845,14.0,30.0,360.5400085449219
AMD,AMD,2027-12-17,1.621917808219178,C,600.0,0.5093267239419115,60.55,63.45,61.91,0.6572605075073242,19.0,273.0,360.5400085449219
AMD,AMD,2027-12-17,1.621917808219178,C,610.0,0.5258560258931221,59.35,61.9,59.3,0.6579547754669189,18.0,0.0,360.5400085449219
AMD,AMD,2027-12-17,1.621917808219178,C,620.0,0.5421165467649024,58.3,60.45,58.87,0.6590991732025147,11.0,0.0,360.5400085449219
AMD,AMD,2027-12-17,1.621917808219178,C,640.0,0.5738652450794827,55.0,57.65,56.35,0.6575961975097657,2.0,15.0,360.5400085449219
AMD,AMD,2027-12-17,1.621917808219178,C,650.0,0.589369431615448,53.85,56.3,54.03,0.6580463272857666,3.0,0.0,360.5400085449219
AMD,AMD,2027-12-17,1.621917808219178,C,660.0,0.6046369037462364,52.65,55.0,53.0,0.658282836151123,1.0,0.0,360.5400085449219
AMD,AMD,2027-12-17,1.621917808219178,C,670.0,0.6196747811107769,51.05,53.75,51.48,0.6572910247802735,4.0,5.0,360.5400085449219
AMD,AMD,2027-12-17,1.621917808219178,C,680.0,0.6344898668959176,50.1,52.55,47.56,0.6581073618316651,,12.0,360.5400085449219
AMD,AMD,2027-12-17,1.621917808219178,C,690.0,0.6490886663170702,48.65,51.35,46.57,0.6572757661437989,,2.0,360.5400085449219
AMD,AMD,2027-12-17,1.621917808219178,C,700.0,0.6634774037691697,47.15,50.25,48.57,0.6563831359100342,18.0,35.0,360.5400085449219
AMD,AMD,2027-12-17,1.621917808219178,P,5.0,-4.278165018840134,0.0,0.0,0.03,0.500005,46.0,0.0,360.5400085449219
AMD,AMD,2027-12-17,1.621917808219178,P,10.0,-3.5850178382801894,0.0,0.5,0.02,1.2109414453124998,55.0,189.0,360.5400085449219
AMD,AMD,2027-12-17,1.621917808219178,P,15.0,-3.1795527301720248,0.0,0.0,0.08,0.500005,6.0,0.0,360.5400085449219
AMD,AMD,2027-12-17,1.621917808219178,P,20.0,-2.891870657720244,0.0,0.35,0.18,0.9091805957031249,1.0,353.0,360.5400085449219
AMD,AMD,2027-12-17,1.621917808219178,P,25.0,-2.6687271064060343,0.17,0.31,0.35,0.866212275390625,2.0,360.0,360.5400085449219
AMD,AMD,2027-12-17,1.621917808219178,P,30.0,-2.4864055496120794,0.1,0.76,0.57,0.866212275390625,1.0,615.0,360.5400085449219
AMD,AMD,2027-12-17,1.621917808219178,P,35.0,-2.3322548697848213,0.1,0.94,0.53,0.831056376953125,1.0,108.0,360.5400085449219
AMD,AMD,2027-12-17,1.621917808219178,P,40.0,-2.1987234771602986,0.07,0.98,0.63,0.782228740234375,1.0,471.0,360.5400085449219
AMD,AMD,2027-12-17,1.621917808219178,P,45.0,-2.080940441503915,0.44,1.2,0.81,0.789064609375,2.0,284.0,360.5400085449219
AMD,AMD,2027-12-17,1.621917808219178,P,50.0,-1.9755799258460889,0.24,1.37,0.9,0.7456080126953125,1.0,463.0,360.5400085449219
AMD,AMD,2027-12-17,1.621917808219178,P,55.0,-1.880269746041764,0.64,1.53,1.34,0.743166630859375,3.0,284.0,360.5400085449219
AMD,AMD,2027-12-17,1.621917808219178,P,60.0,-1.7932583690521342,0.85,1.63,1.35,0.7241238525390624,2.0,417.0,360.5400085449219
AMD,AMD,2027-12-17,1.621917808219178,P,65.0,-1.7132156613785978,1.18,1.78,1.61,0.7128934960937501,1.0,237.0,360.5400085449219
AMD,AMD,2027-12-17,1.621917808219178,P,70.0,-1.639107689224876,1.53,2.19,1.86,0.7104521142578125,1.0,2164.0,360.5400085449219
AMD,AMD,2027-12-17,1.621917808219178,P,75.0,-1.5701148177379245,2.0,2.35,2.28,0.70117486328125,1.0,1186.0,360.5400085449219
AMD,AMD,2027-12-17,1.621917808219178,P,80.0,-1.5055762966003532,2.0,2.81,2.48,0.6860382958984376,2.0,417.0,360.5400085449219
AMD,AMD,2027-12-17,1.621917808219178,P,85.0,-1.4449516747839184,2.8,2.98,3.14,0.6838410522460938,1.0,3026.0,360.5400085449219
AMD,AMD,2027-12-17,1.621917808219178,P,90.0,-1.3877932609439698,2.99,3.65,3.32,0.6770051831054689,4.0,1471.0,360.5400085449219
AMD,AMD,2027-12-17,1.621917808219178,P,95.0,-1.3337260396736939,2.94,3.85,3.75,0.6547886083984377,2.0,2008.0,360.5400085449219
AMD,AMD,2027-12-17,1.621917808219178,P,100.0,-1.2824327452861435,3.65,4.35,4.2,0.6539951593017579,4.0,3458.0,360.5400085449219
AMD,AMD,2027-12-17,1.621917808219178,P,105.0,-1.2336425811167115,4.5,4.9,4.91,0.6543613665771486,4.0,803.0,360.5400085449219
AMD,AMD,2027-12-17,1.621917808219178,P,110.0,-1.1871225654818185,4.7,5.75,5.5,0.6475254974365234,9.0,794.0,360.5400085449219
AMD,AMD,2027-12-17,1.621917808219178,P,115.0,-1.1426708029109849,5.5,6.1,6.1,0.6413915255737305,1.0,2237.0,360.5400085449219
AMD,AMD,2027-12-17,1.621917808219178,P,120.0,-1.1001111884921888,6.3,6.95,6.85,0.6409948010253907,4.0,2434.0,360.5400085449219
AMD,AMD,2027-12-17,1.621917808219178,P,125.0,-1.0592891939719338,6.65,7.5,7.25,0.6302527209472657,1.0,712.0,360.5400085449219
AMD,AMD,2027-12-17,1.621917808219178,P,130.0,-1.0200684808186524,7.85,8.6,8.05,0.6350134155273439,1.0,8495.0,360.5400085449219
AMD,AMD,2027-12-17,1.621917808219178,P,135.0,-0.9823281528358054,8.7,9.15,8.9,0.6286353054809571,1.0,2106.0,360.5400085449219
AMD,AMD,2027-12-17,1.621917808219178,P,140.0,-0.9459605086649305,9.55,10.1,10.1,0.6256140954589844,2.0,2422.0,360.5400085449219
AMD,AMD,2027-12-17,1.621917808219178,P,145.0,-0.9108691888536605,9.5,10.95,10.65,0.6127663235473634,1.0,598.0,360.5400085449219
AMD,AMD,2027-12-17,1.621917808219178,P,150.0,-0.8769676371779791,10.95,12.3,11.65,0.6174049490356447,1.0,2292.0,360.5400085449219
AMD,AMD,2027-12-17,1.621917808219178,P,155.0,-0.8441778143549882,11.55,12.95,12.3,0.6079751116943359,11.0,572.0,360.5400085449219
AMD,AMD,2027-12-17,1.621917808219178,P,160.0,-0.812429116040408,13.05,14.0,13.8,0.6084939053344728,112.0,1260.0,360.5400085449219
AMD,AMD,2027-12-17,1.621917808219178,P,165.0,-0.7816574573736542,14.45,15.1,14.88,0.6076699389648439,14.0,2153.0,360.5400085449219
AMD,AMD,2027-12-17,1.621917808219178,P,170.0,-0.7518044942239731,15.4,16.8,16.05,0.6070595935058594,16.0,1667.0,360.5400085449219
AMD,AMD,2027-12-17,1.621917808219178,P,175.0,-0.7228169573507208,16.8,17.55,17.02,0.6024209680175783,226.0,1969.0,360.5400085449219
AMD,AMD,2027-12-17,1.621917808219178,P,180.0,-0.6946460803840245,17.8,19.35,18.3,0.6014749325561525,3.0,1474.0,360.5400085449219
AMD,AMD,2027-12-17,1.621917808219178,P,185.0,-0.6672471061959101,19.6,20.15,20.5,0.5986520848083496,1.0,910.0,360.5400085449219
AMD,AMD,2027-12-17,1.621917808219178,P,190.0,-0.6405788591137487,20.75,22.1,21.2,0.5982095843505859,17.0,914.0,360.5400085449219
AMD,AMD,2027-12-17,1.621917808219178,P,195.0,-0.614603372710488,21.9,23.15,23.18,0.5921671643066408,8.0,504.0,360.5400085449219
AMD,AMD,2027-12-17,1.621917808219178,P,200.0,-0.5892855647261982,23.45,24.85,24.5,0.5914957843017579,2.0,3293.0,360.5400085449219
AMD,AMD,2027-12-17,1.621917808219178,P,210.0,-0.5404954005567661,26.55,27.75,27.99,0.586017933807373,9.0,1394.0,360.5400085449219
AMD,AMD,2027-12-17,1.621917808219178,P,220.0,-0.49397538492187326,30.15,31.35,30.75,0.5845988806152342,8.0,1219.0,360.5400085449219
AMD,AMD,2027-12-17,1.621917808219178,P,230.0,-0.44952362235103954,33.25,34.65,34.31,0.5777935287475585,6.0,2879.0,360.5400085449219
AMD,AMD,2027-12-17,1.621917808219178,P,240.0,-0.4069640079322436,37.7,39.3,39.2,0.5810588769531251,10.0,644.0,360.5400085449219
AMD,AMD,2027-12-17,1.621917808219178,P,250.0,-0.3661420134119884,41.1,42.4,42.3,0.5719494709777833,28.0,2013.0,360.5400085449219
AMD,AMD,2027-12-17,1.621917808219178,P,260.0,-0.3269213002587072,45.3,47.5,47.95,0.5726208509826662,2.0,125.0,360.5400085449219
AMD,AMD,2027-12-17,1.621917808219178,P,270.0,-0.2891809722758601,49.55,51.1,52.15,0.5664411032104493,1.0,438.0,360.5400085449219
AMD,AMD,2027-12-17,1.621917808219178,P,280.0,-0.2528133281049852,54.55,55.8,56.6,0.5657849818420411,4.0,870.0,360.5400085449219
AMD,AMD,2027-12-17,1.621917808219178,P,290.0,-0.21772200829371519,58.8,60.45,60.22,0.5611082097625731,2.0,99.0,360.5400085449219
AMD,AMD,2027-12-17,1.621917808219178,P,300.0,-0.1838204566180338,64.05,65.35,65.25,0.559574716796875,61.0,454.0,360.5400085449219
AMD,AMD,2027-12-17,1.621917808219178,P,310.0,-0.1510306337950429,68.75,70.55,71.63,0.556141523590088,2.0,450.0,360.5400085449219
AMD,AMD,2027-12-17,1.621917808219178,P,320.0,-0.11928193548046268,74.15,76.65,75.3,0.556767127685547,4.0,126.0,360.5400085449219
AMD,AMD,2027-12-17,1.621917808219178,P,330.0,-0.08851027681370895,80.0,81.3,83.65,0.5532423826599122,31.0,645.0,360.5400085449219
AMD,AMD,2027-12-17,1.621917808219178,P,340.0,-0.058657313664027745,84.95,87.8,87.21,0.5517165190124511,1.0,51.0,360.5400085449219
AMD,AMD,2027-12-17,1.621917808219178,P,350.0,-0.029669776790775534,91.0,93.2,91.9,0.5492980251312257,6.0,100.0,360.5400085449219
AMD,AMD,2027-12-17,1.621917808219178,P,360.0,-0.0014988998240791738,96.9,99.6,109.07,0.5485198346710206,3.0,71.0,360.5400085449219
AMD,AMD,2027-12-17,1.621917808219178,P,370.0,0.025900074364035196,102.6,104.8,104.27,0.5429046564483645,4.0,363.0,360.5400085449219
AMD,AMD,2027-12-17,1.621917808219178,P,380.0,0.052568321446196664,108.75,111.95,113.15,0.5433929328155519,1.0,33.0,360.5400085449219
AMD,AMD,2027-12-17,1.621917808219178,P,390.0,0.07854380784945725,115.05,117.4,117.0,0.5387619366455079,2.0,81.0,360.5400085449219
AMD,AMD,2027-12-17,1.621917808219178,P,400.0,0.10386161583374706,121.5,124.95,123.55,0.5397079721069337,10.0,77.0,360.5400085449219
AMD,AMD,2027-12-17,1.621917808219178,P,410.0,0.1285542284241187,128.15,130.5,198.75,0.5349777947998047,2.0,70.0,360.5400085449219
AMD,AMD,2027-12-17,1.621917808219178,P,420.0,0.15265178000317914,134.95,137.65,143.8,0.5344132252502443,1.0,380.0,360.5400085449219
AMD,AMD,2027-12-17,1.621917808219178,P,430.0,0.1761822774133732,141.9,144.25,223.55,0.532109171142578,2.0,149.0,360.5400085449219
AMD,AMD,2027-12-17,1.621917808219178,P,440.0,0.19917179563807205,148.8,152.2,158.77,0.5327500338745117,1.0,606.0,360.5400085449219
AMD,AMD,2027-12-17,1.621917808219178,P,450.0,0.22164465149013057,155.95,158.4,189.25,0.5287064952087404,2.0,489.0,360.5400085449219
AMD,AMD,2027-12-17,1.621917808219178,P,460.0,0.24362355820890577,202.35,205.8,262.75,0.7449824085998535,6.0,50.0,360.5400085449219
AMD,AMD,2027-12-17,1.621917808219178,P,470.0,0.2651297634298695,170.2,173.0,188.85,0.5247697669982911,2.0,162.0,360.5400085449219
AMD,AMD,2027-12-17,1.621917808219178,P,480.0,0.28618317262770177,218.9,222.8,277.12,0.7521081918334961,42.0,20.0,360.5400085449219
AMD,AMD,2027-12-17,1.621917808219178,P,510.0,0.3468077944441366,311.25,315.15,269.0,1.147266836929321,,10.0,360.5400085449219
AMD,AMD,2027-12-17,1.621917808219178,P,530.0,0.3852740752719327,215.9,219.35,268.3,0.5156756196594239,5.0,5.0,360.5400085449219
AMD,AMD,2027-12-17,1.621917808219178,P,540.0,0.4039662082840852,223.8,227.25,235.0,0.5137835487365723,2.0,1.0,360.5400085449219
AMD,AMD,2027-12-17,1.621917808219178,P,550.0,0.4223153469522817,231.8,235.25,241.75,0.5120288055419921,4.0,2.0,360.5400085449219
AMD,AMD,2027-12-17,1.621917808219178,P,580.0,0.4754251722662301,256.2,259.6,264.75,0.5063373341369628,2.0,22.0,360.5400085449219
AMD,AMD,2027-12-17,1.621917808219178,P,590.0,0.4925196056255303,264.45,267.85,275.35,0.504361340713501,4.0,2.0,360.5400085449219
AMD,AMD,2027-12-17,1.621917808219178,P,600.0,0.5093267239419115,272.75,276.15,283.1,0.5022785368347169,57.0,32.0,360.5400085449219
AMD,AMD,2027-12-17,1.621917808219178,P,620.0,0.5421165467649024,289.6,292.95,298.65,0.5087787159729005,,1.0,360.5400085449219
AMD,AMD,2027-12-17,1.621917808219178,P,700.0,0.6634774037691697,358.85,362.5,380.0,0.4944661149597169,,1.0,360.5400085449219
AMD,AMD,2028-12-15,2.6191780821917807,C,5.0,-4.278165018840134,355.5,360.5,352.45,1.9873047509765625,1.0,16799.0,360.5400085449219
AMD,AMD,2028-12-15,2.6191780821917807,C,10.0,-3.5850178382801894,351.0,356.0,349.5,1.54297103515625,2.0,4.0,360.5400085449219
AMD,AMD,2028-12-15,2.6191780821917807,C,15.0,-3.1795527301720248,347.0,352.0,276.55,1.4067412475585939,3.0,4.0,360.5400085449219
AMD,AMD,2028-12-15,2.6191780821917807,C,20.0,-2.891870657720244,342.5,347.5,325.23,1.276859084472656,20.0,11.0,360.5400085449219
AMD,AMD,2028-12-15,2.6191780821917807,C,30.0,-2.4864055496120794,334.0,339.0,320.79,1.1430706909179689,1.0,6.0,360.5400085449219
AMD,AMD,2028-12-15,2.6191780821917807,C,35.0,-2.3322548697848213,330.0,334.5,316.55,1.0944869494628908,1.0,1.0,360.5400085449219
AMD,AMD,2028-12-15,2.6191780821917807,C,40.0,-2.1987234771602986,325.5,330.5,317.4,1.0529832507324217,1.0,31.0,360.5400085449219
AMD,AMD,2028-12-15,2.6191780821917807,C,45.0,-2.080940441503915,321.5,326.5,193.15,1.0261889511108397,1.0,2.0,360.5400085449219
AMD,AMD,2028-12-15,2.6191780821917807,C,50.0,-1.9755799258460889,317.5,322.0,303.11,0.9929199926757812,2.0,11.0,360.5400085449219
AMD,AMD,2028-12-15,2.6191780821917807,C,60.0,-1.7932583690521342,309.5,314.0,230.3,0.949646499633789,1.0,10.0,360.5400085449219
AMD,AMD,2028-12-15,2.6191780821917807,C,65.0,-1.7132156613785978,305.5,310.0,224.95,0.9298102722167969,1.0,6.0,360.5400085449219
AMD,AMD,2028-12-15,2.6191780821917807,C,70.0,-1.639107689224876,301.5,306.0,244.0,0.9110116320800781,5.0,6.0,360.5400085449219
AMD,AMD,2028-12-15,2.6191780821917807,C,75.0,-1.5701148177379245,297.5,302.5,274.62,0.898591101989746,2.0,6.0,360.5400085449219
AMD,AMD,2028-12-15,2.6191780821917807,C,80.0,-1.5055762966003532,293.5,298.5,209.7,0.8811047045898437,1.0,38.0,360.5400085449219
AMD,AMD,2028-12-15,2.6191780821917807,C,85.0,-1.4449516747839184,290.0,294.5,269.25,0.8692029681396485,15.0,39.0,360.5400085449219
AMD,AMD,2028-12-15,2.6191780821917807,C,90.0,-1.3877932609439698,286.5,291.0,264.77,0.8618788226318359,1.0,51.0,360.5400085449219
AMD,AMD,2028-12-15,2.6191780821917807,C,95.0,-1.3337260396736939,282.5,287.0,241.82,0.8457046679687499,22.0,37.0,360.5400085449219
AMD,AMD,2028-12-15,2.6191780821917807,C,100.0,-1.2824327452861435,279.0,283.5,272.0,0.8381974188232422,1.0,297.0,360.5400085449219
AMD,AMD,2028-12-15,2.6191780821917807,C,105.0,-1.2336425811167115,275.5,280.0,274.95,0.8304460314941406,1.0,145.0,360.5400085449219
AMD,AMD,2028-12-15,2.6191780821917807,C,110.0,-1.1871225654818185,271.5,276.5,233.23,0.8188799850463866,14.0,258.0,360.5400085449219
AMD,AMD,2028-12-15,2.6191780821917807,C,115.0,-1.1426708029109849,268.0,273.0,262.73,0.810976011352539,2.0,45.0,360.5400085449219
AMD,AMD,2028-12-15,2.6191780821917807,C,120.0,-1.1001111884921888,264.5,269.5,257.0,0.8029499685668945,7.0,83.0,360.5400085449219
AMD,AMD,2028-12-15,2.6191780821917807,C,125.0,-1.0592891939719338,261.5,266.0,238.09,0.7980061703491211,4.0,78.0,360.5400085449219
AMD,AMD,2028-12-15,2.6191780821917807,C,130.0,-1.0200684808186524,258.0,262.0,235.0,0.78671477935791,1.0,108.0,360.5400085449219
AMD,AMD,2028-12-15,2.6191780821917807,C,135.0,-0.9823281528358054,254.5,258.6,218.23,0.7791159783935546,4.0,51.0,360.5400085449219
AMD,AMD,2028-12-15,2.6191780821917807,C,140.0,-0.9459605086649305,251.5,255.35,246.5,0.7750876983642578,1.0,178.0,360.5400085449219
AMD,AMD,2028-12-15,2.6191780821917807,C,145.0,-0.9108691888536605,248.0,252.15,242.7,0.7683433810424806,3.0,116.0,360.5400085449219
AMD,AMD,2028-12-15,2.6191780821917807,C,150.0,-0.8769676371779791,245.0,249.0,245.0,0.7643608769226073,8.0,667.0,360.5400085449219
AMD,AMD,2028-12-15,2.6191780821917807,C,155.0,-0.8441778143549882,242.0,245.9,244.5,0.7603631141662599,50.0,110.0,360.5400085449219
AMD,AMD,2028-12-15,2.6191780821917807,C,160.0,-0.812429116040408,239.0,242.85,242.44,0.7563653514099122,2.0,185.0,360.5400085449219
AMD,AMD,2028-12-15,2.6191780821917807,C,165.0,-0.7816574573736542,236.0,239.85,230.79,0.7523828472900391,8.0,109.0,360.5400085449219
AMD,AMD,2028-12-15,2.6191780821917807,C,170.0,-0.7518044942239731,233.0,236.85,228.01,0.748171463623047,93.0,222.0,360.5400085449219
AMD,AMD,2028-12-15,2.6191780821917807,C,175.0,-0.7228169573507208,230.0,233.95,232.57,0.7442347354125977,1.0,175.0,360.5400085449219
AMD,AMD,2028-12-15,2.6191780821917807,C,180.0,-0.6946460803840245,227.0,231.0,228.92,0.7398860240173337,6.0,362.0,360.5400085449219
AMD,AMD,2028-12-15,2.6191780821917807,C,185.0,-0.6672471061959101,224.0,228.25,225.79,0.7362239512634277,2.0,287.0,360.5400085449219
AMD,AMD,2028-12-15,2.6191780821917807,C,190.0,-0.6405788591137487,221.0,225.5,223.13,0.732378774871826,15.0,359.0,360.5400085449219
AMD,AMD,2028-12-15,2.6191780821917807,C,195.0,-0.614603372710488,218.5,222.75,220.5,0.7303646348571777,40.0,444.0,360.5400085449219
AMD,AMD,2028-12-15,2.6191780821917807,C,200.0,-0.5892855647261982,215.5,220.0,217.45,0.72616850982666,11.0,1204.0,360.5400085449219
AMD,AMD,2028-12-15,2.6191780821917807,C,210.0,-0.5404954005567661,210.0,214.8,213.12,0.7203549693298339,4.0,850.0,360.5400085449219
AMD,AMD,2028-12-15,2.6191780821917807,C,220.0,-0.49397538492187326,205.0,209.5,207.45,0.715319619293213,2.0,720.0,360.5400085449219
AMD,AMD,2028-12-15,2.6191780821917807,C,230.0,-0.44952362235103954,200.0,204.5,198.12,0.7106199592590332,2.0,591.0,360.5400085449219
AMD,AMD,2028-12-15,2.6191780821917807,C,240.0,-0.4069640079322436,195.0,200.0,198.45,0.7069426278686525,62.0,451.0,360.5400085449219
AMD,AMD,2028-12-15,2.6191780821917807,C,250.0,-0.3661420134119884,191.0,194.95,193.53,0.7040282283020021,541.0,1568.0,360.5400085449219
AMD,AMD,2028-12-15,2.6191780821917807,C,260.0,-0.3269213002587072,186.0,190.35,188.51,0.6987639987182618,31.0,665.0,360.5400085449219
AMD,AMD,2028-12-15,2.6191780821917807,C,270.0,-0.2891809722758601,181.5,186.5,183.99,0.696765117340088,11.0,437.0,360.5400085449219
AMD,AMD,2028-12-15,2.6191780821917807,C,280.0,-0.2528133281049852,178.05,182.5,181.06,0.6967880052947999,24.0,354.0,360.5400085449219
AMD,AMD,2028-12-15,2.6191780821917807,C,290.0,-0.21772200829371519,174.0,178.5,176.96,0.6944076580047608,12.0,388.0,360.5400085449219
AMD,AMD,2028-12-15,2.6191780821917807,C,300.0,-0.1838204566180338,170.1,174.4,173.3,0.6916382154846192,36.0,1370.0,360.5400085449219
AMD,AMD,2028-12-15,2.6191780821917807,C,310.0,-0.1510306337950429,166.0,170.5,162.55,0.6883957552337647,5.0,570.0,360.5400085449219
AMD,AMD,2028-12-15,2.6191780821917807,C,320.0,-0.11928193548046268,163.6,166.95,164.75,0.6902039036560059,25.0,418.0,360.5400085449219
AMD,AMD,2028-12-15,2.6191780821917807,C,330.0,-0.08851027681370895,160.15,163.5,161.89,0.6889145488739016,31.0,402.0,360.5400085449219
AMD,AMD,2028-12-15,2.6191780821917807,C,340.0,-0.058657313664027745,155.7,160.0,156.1,0.6844666563415527,31.0,426.0,360.5400085449219
AMD,AMD,2028-12-15,2.6191780821917807,C,350.0,-0.029669776790775534,152.85,156.5,154.63,0.6837495004272461,25.0,1089.0,360.5400085449219
AMD,AMD,2028-12-15,2.6191780821917807,C,360.0,-0.0014988998240791738,149.7,153.05,151.37,0.6819794985961917,105.0,280.0,360.5400085449219
AMD,AMD,2028-12-15,2.6191780821917807,C,370.0,0.025900074364035196,145.5,150.0,147.73,0.6782258740234376,5.0,196.0,360.5400085449219
AMD,AMD,2028-12-15,2.6191780821917807,C,380.0,0.052568321446196664,142.95,146.85,146.45,0.6779512185668947,7.0,376.0,360.5400085449219
AMD,AMD,2028-12-15,2.6191780821917807,C,390.0,0.07854380784945725,139.9,142.5,140.64,0.6732057826232913,27.0,255.0,360.5400085449219
AMD,AMD,2028-12-15,2.6191780821917807,C,400.0,0.10386161583374706,137.8,141.1,139.4,0.6774705715179443,43.0,1659.0,360.5400085449219
AMD,AMD,2028-12-15,2.6191780821917807,C,410.0,0.1285542284241187,135.45,138.5,134.73,0.6778901840209962,8.0,155.0,360.5400085449219
AMD,AMD,2028-12-15,2.6191780821917807,C,420.0,0.15265178000317914,132.6,135.55,134.0,0.67598285446167,27.0,390.0,360.5400085449219
AMD,AMD,2028-12-15,2.6191780821917807,C,430.0,0.1761822774133732,129.75,133.45,125.83,0.6757539749145509,7.0,479.0,360.5400085449219
AMD,AMD,2028-12-15,2.6191780821917807,C,440.0,0.19917179563807205,127.15,130.9,123.01,0.674777422180176,44.0,174.0,360.5400085449219
AMD,AMD,2028-12-15,2.6191780821917807,C,450.0,0.22164465149013057,124.0,128.5,125.42,0.6726106958007814,508.0,1089.0,360.5400085449219
AMD,AMD,2028-12-15,2.6191780821917807,C,460.0,0.24362355820890577,121.5,125.7,124.6,0.6707644007873537,3.0,100.0,360.5400085449219
AMD,AMD,2028-12-15,2.6191780821917807,C,470.0,0.2651297634298695,119.35,123.0,114.75,0.6696886669158936,3.0,41.0,360.5400085449219
AMD,AMD,2028-12-15,2.6191780821917807,C,480.0,0.28618317262770177,117.0,121.45,114.65,0.6704897453308105,2.0,419.0,360.5400085449219
AMD,AMD,2028-12-15,2.6191780821917807,C,490.0,0.30680245983043736,115.9,119.2,116.7,0.6722521178436281,2.0,335.0,360.5400085449219
AMD,AMD,2028-12-15,2.6191780821917807,C,500.0,0.3270051671479569,113.3,115.7,114.48,0.66768978553772,47.0,2582.0,360.5400085449219
AMD,AMD,2028-12-15,2.6191780821917807,C,510.0,0.3468077944441366,112.2,114.4,111.15,0.6710772028350832,2.0,31.0,360.5400085449219
AMD,AMD,2028-12-15,2.6191780821917807,C,520.0,0.36622588030123815,109.1,112.8,95.13,0.6691775025939943,5.0,279.0,360.5400085449219
AMD,AMD,2028-12-15,2.6191780821917807,C,530.0,0.3852740752719327,108.1,110.7,108.25,0.6705812971496583,2.0,4.0,360.5400085449219
AMD,AMD,2028-12-15,2.6191780821917807,C,540.0,0.4039662082840852,106.2,108.7,106.85,0.6700319862365725,30.0,33.0,360.5400085449219
AMD,AMD,2028-12-15,2.6191780821917807,C,550.0,0.4223153469522817,104.25,106.75,103.44,0.6692919423675538,334.0,88.0,360.5400085449219
AMD,AMD,2028-12-15,2.6191780821917807,C,560.0,0.4403338524549601,101.9,105.15,101.96,0.6682543550872804,578.0,32.0,360.5400085449219
AMD,AMD,2028-12-15,2.6191780821917807,C,570.0,0.458033429554361,100.05,103.5,99.97,0.668017846221924,168.0,518.0,360.5400085449219
AMD,AMD,2028-12-15,2.6191780821917807,C,580.0,0.4754251722662301,98.3,101.75,97.93,0.6676058630371096,2.0,9.0,360.5400085449219
AMD,AMD,2028-12-15,2.6191780821917807,C,590.0,0.4925196056255303,96.6,100.0,95.77,0.6671328453063967,2.0,28.0,360.5400085449219
AMD,AMD,2028-12-15,2.6191780821917807,C,600.0,0.5093267239419115,95.4,98.4,96.5,0.6678957771301273,25.0,936.0,360.5400085449219
AMD,AMD,2028-12-15,2.6191780821917807,C,610.0,0.5258560258931221,93.45,96.8,94.0,0.6668887071228029,2.0,1.0,360.5400085449219
AMD,AMD,2028-12-15,2.6191780821917807,C,620.0,0.5421165467649024,91.9,95.0,90.35,0.6661562925720217,2.0,20.0,360.5400085449219
AMD,AMD,2028-12-15,2.6191780821917807,C,630.0,0.5581168881113435,89.65,93.5,90.86,0.6644168080139163,1.0,2.0,360.5400085449219
AMD,AMD,2028-12-15,2.6191780821917807,C,640.0,0.5738652450794827,88.5,91.7,72.25,0.6642565923309328,,1.0,360.5400085449219
AMD,AMD,2028-12-15,2.6191780821917807,C,650.0,0.589369431615448,87.0,90.5,85.42,0.6644854718780521,2.0,3.0,360.5400085449219
AMD,AMD,2028-12-15,2.6191780821917807,C,660.0,0.6046369037462364,85.85,88.7,87.32,0.6640506007385256,3.0,0.0,360.5400085449219
AMD,AMD,2028-12-15,2.6191780821917807,C,670.0,0.6196747811107769,84.6,87.5,85.7,0.6645541357421877,27.0,9.0,360.5400085449219
AMD,AMD,2028-12-15,2.6191780821917807,C,680.0,0.6344898668959176,83.35,86.0,84.05,0.6642794802856448,344.0,4.0,360.5400085449219
AMD,AMD,2028-12-15,2.6191780821917807,C,690.0,0.6490886663170702,81.75,84.7,81.9,0.663562324371338,580.0,5.0,360.5400085449219
AMD,AMD,2028-12-15,2.6191780821917807,C,700.0,0.6634774037691697,80.25,82.1,80.3,0.6601367604827881,216.0,199.0,360.5400085449219
AMD,AMD,2028-12-15,2.6191780821917807,P,5.0,-4.278165018840134,0.03,0.25,0.1,1.091801416015625,2.0,68.0,360.5400085449219
AMD,AMD,2028-12-15,2.6191780821917807,P,10.0,-3.5850178382801894,0.1,2.63,0.28,1.2690466235351558,1.0,110.0,360.5400085449219
AMD,AMD,2028-12-15,2.6191780821917807,P,15.0,-3.1795527301720248,0.01,3.4,0.36,1.138920321044922,2.0,22.0,360.5400085449219
AMD,AMD,2028-12-15,2.6191780821917807,P,20.0,-2.891870657720244,0.1,5.0,0.24,1.106205640869141,2.0,67.0,360.5400085449219
AMD,AMD,2028-12-15,2.6191780821917807,P,25.0,-2.6687271064060343,0.1,0.85,0.54,0.7465845654296875,35.0,76.0,360.5400085449219
AMD,AMD,2028-12-15,2.6191780821917807,P,30.0,-2.4864055496120794,0.01,1.2,0.86,0.7163114306640624,7.0,148.0,360.5400085449219
AMD,AMD,2028-12-15,2.6191780821917807,P,35.0,-2.3322548697848213,0.01,2.01,1.55,0.7242459216308592,6.0,37.0,360.5400085449219
AMD,AMD,2028-12-15,2.6191780821917807,P,40.0,-2.1987234771602986,1.11,1.65,1.35,0.7171659143066407,1.0,129.0,360.5400085449219
AMD,AMD,2028-12-15,2.6191780821917807,P,45.0,-2.080940441503915,1.39,2.23,1.78,0.7106962524414062,14.0,76.0,360.5400085449219
AMD,AMD,2028-12-15,2.6191780821917807,P,50.0,-1.9755799258460889,1.54,2.89,2.38,0.6994658959960938,8.0,116.0,360.5400085449219
AMD,AMD,2028-12-15,2.6191780821917807,P,55.0,-1.880269746041764,1.56,4.9,2.89,0.7179593634033203,4.0,33.0,360.5400085449219
AMD,AMD,2028-12-15,2.6191780821917807,P,60.0,-1.7932583690521342,2.14,5.1,3.89,0.7009307250976562,1.0,62.0,360.5400085449219
AMD,AMD,2028-12-15,2.6191780821917807,P,65.0,-1.7132156613785978,2.73,4.15,5.03,0.6615024084472658,2.0,29.0,360.5400085449219
AMD,AMD,2028-12-15,2.6191780821917807,P,70.0,-1.639107689224876,2.94,4.6,4.05,0.6455113574218749,1.0,84.0,360.5400085449219
AMD,AMD,2028-12-15,2.6191780821917807,P,75.0,-1.5701148177379245,3.0,7.05,4.58,0.6610141320800782,52.0,152.0,360.5400085449219
AMD,AMD,2028-12-15,2.6191780821917807,P,80.0,-1.5055762966003532,3.05,6.8,5.6,0.6309851354980469,1.0,240.0,360.5400085449219
AMD,AMD,2028-12-15,2.6191780821917807,P,85.0,-1.4449516747839184,4.4,7.4,7.6,0.6336096209716797,1.0,534.0,360.5400085449219
AMD,AMD,2028-12-15,2.6191780821917807,P,90.0,-1.3877932609439698,5.6,8.9,6.9,0.6429479064941408,1.0,186.0,360.5400085449219
AMD,AMD,2028-12-15,2.6191780821917807,P,95.0,-1.3337260396736939,7.3,10.5,7.72,0.6551548156738283,1.0,107.0,360.5400085449219
AMD,AMD,2028-12-15,2.6191780821917807,P,100.0,-1.2824327452861435,8.0,9.6,8.67,0.6290930645751953,8.0,2662.0,360.5400085449219
AMD,AMD,2028-12-15,2.6191780821917807,P,105.0,-1.2336425811167115,8.95,10.75,9.3,0.626804269104004,4.0,108.0,360.5400085449219
AMD,AMD,2028-12-15,2.6191780821917807,P,110.0,-1.1871225654818185,9.6,10.75,10.25,0.6106301144409182,5.0,278.0,360.5400085449219
AMD,AMD,2028-12-15,2.6191780821917807,P,115.0,-1.1426708029109849,10.8,12.7,12.1,0.6162758099365235,1.0,148.0,360.5400085449219
AMD,AMD,2028-12-15,2.6191780821917807,P,120.0,-1.1001111884921888,11.9,14.8,12.25,0.6204261590576172,10.0,726.0,360.5400085449219
AMD,AMD,2028-12-15,2.6191780821917807,P,125.0,-1.0592891939719338,13.15,14.9,14.17,0.6096230444335939,2.0,230.0,360.5400085449219
AMD,AMD,2028-12-15,2.6191780821917807,P,130.0,-1.0200684808186524,13.95,15.6,14.9,0.6000711380004884,1.0,2282.0,360.5400085449219
AMD,AMD,2028-12-15,2.6191780821917807,P,135.0,-0.9823281528358054,14.75,17.15,16.27,0.5962259616088867,5.0,839.0,360.5400085449219
AMD,AMD,2028-12-15,2.6191780821917807,P,140.0,-0.9459605086649305,16.55,17.7,17.2,0.5919535433959963,3.0,606.0,360.5400085449219
AMD,AMD,2028-12-15,2.6191780821917807,P,145.0,-0.9108691888536605,17.8,19.1,18.45,0.5891154370117189,1.0,948.0,360.5400085449219
AMD,AMD,2028-12-15,2.6191780821917807,P,150.0,-0.8769676371779791,19.05,20.25,20.45,0.5844005183410645,1.0,1223.0,360.5400085449219
AMD,AMD,2028-12-15,2.6191780821917807,P,155.0,-0.8441778143549882,20.2,21.95,21.1,0.5818675846862793,2.0,887.0,360.5400085449219
AMD,AMD,2028-12-15,2.6191780821917807,P,160.0,-0.812429116040408,22.05,24.0,22.05,0.5843852597045899,33.0,2545.0,360.5400085449219
AMD,AMD,2028-12-15,2.6191780821917807,P,165.0,-0.7816574573736542,23.65,26.2,24.15,0.5855754333496093,1.0,935.0,360.5400085449219
AMD,AMD,2028-12-15,2.6191780821917807,P,170.0,-0.7518044942239731,24.4,26.45,26.89,0.5726361096191408,22.0,1484.0,360.5400085449219
AMD,AMD,2028-12-15,2.6191780821917807,P,175.0,-0.7228169573507208,26.35,29.2,27.45,0.5772594764709473,2.0,513.0,360.5400085449219
AMD,AMD,2028-12-15,2.6191780821917807,P,180.0,-0.6946460803840245,28.4,30.1,29.05,0.5732159378051759,50.0,507.0,360.5400085449219
AMD,AMD,2028-12-15,2.6191780821917807,P,185.0,-0.6672471061959101,30.75,31.65,31.27,0.5730480928039552,1.0,64.0,360.5400085449219
AMD,AMD,2028-12-15,2.6191780821917807,P,190.0,-0.6405788591137487,30.4,34.0,32.62,0.5644727391052247,4.0,946.0,360.5400085449219
AMD,AMD,2028-12-15,2.6191780821917807,P,195.0,-0.614603372710488,33.15,36.1,35.51,0.5675397250366211,2.0,437.0,360.5400085449219
AMD,AMD,2028-12-15,2.6191780821917807,P,200.0,-0.5892855647261982,34.4,36.75,35.77,0.5583845431518556,93.0,2235.0,360.5400085449219
AMD,AMD,2028-12-15,2.6191780821917807,P,210.0,-0.5404954005567661,38.0,41.1,40.5,0.5558516094970705,8.0,980.0,360.5400085449219
AMD,AMD,2028-12-15,2.6191780821917807,P,220.0,-0.49397538492187326,43.0,45.4,44.54,0.5568739381408694,8.0,500.0,360.5400085449219
AMD,AMD,2028-12-15,2.6191780821917807,P,230.0,-0.44952362235103954,47.55,50.05,48.88,0.5561110063171388,133.0,635.0,360.5400085449219
AMD,AMD,2028-12-15,2.6191780821917807,P,240.0,-0.4069640079322436,51.25,54.4,52.6,0.5504805694580079,32.0,524.0,360.5400085449219
AMD,AMD,2028-12-15,2.6191780821917807,P,250.0,-0.3661420134119884,56.5,58.05,57.52,0.5467727207946778,24.0,942.0,360.5400085449219
AMD,AMD,2028-12-15,2.6191780821917807,P,260.0,-0.3269213002587072,60.05,63.45,62.64,0.5424240093994142,7.0,188.0,360.5400085449219
AMD,AMD,2028-12-15,2.6191780821917807,P,270.0,-0.2891809722758601,65.85,67.75,67.0,0.5406845248413087,5.0,290.0,360.5400085449219
AMD,AMD,2028-12-15,2.6191780821917807,P,280.0,-0.2528133281049852,70.2,73.25,74.17,0.5374191766357423,2.0,171.0,360.5400085449219
AMD,AMD,2028-12-15,2.6191780821917807,P,290.0,-0.21772200829371519,75.75,79.2,79.17,0.5379455995941163,4.0,169.0,360.5400085449219
AMD,AMD,2028-12-15,2.6191780821917807,P,300.0,-0.1838204566180338,80.65,83.75,81.0,0.5322007229614257,4.0,550.0,360.5400085449219
AMD,AMD,2028-12-15,2.6191780821917807,P,310.0,-0.1510306337950429,86.6,90.5,90.26,0.5343521907043458,4.0,156.0,360.5400085449219
AMD,AMD,2028-12-15,2.6191780821917807,P,320.0,-0.11928193548046268,92.3,94.95,93.9,0.5292405474853517,97.0,84.0,360.5400085449219
AMD,AMD,2028-12-15,2.6191780821917807,P,330.0,-0.08851027681370895,98.05,101.5,99.37,0.5289658920288086,176.0,161.0,360.5400085449219
AMD,AMD,2028-12-15,2.6191780821917807,P,340.0,-0.058657313664027745,104.55,107.95,105.5,0.5296296427154543,6.0,39.0,360.5400085449219
AMD,AMD,2028-12-15,2.6191780821917807,P,350.0,-0.029669776790775534,109.45,112.75,112.0,0.5219011433410645,17.0,301.0,360.5400085449219
AMD,AMD,2028-12-15,2.6191780821917807,P,360.0,-0.0014988998240791738,115.6,119.8,116.1,0.5220537297058103,29.0,104.0,360.5400085449219
AMD,AMD,2028-12-15,2.6191780821917807,P,370.0,0.025900074364035196,122.6,125.95,130.68,0.5215349360656738,57.0,129.0,360.5400085449219
AMD,AMD,2028-12-15,2.6191780821917807,P,380.0,0.052568321446196664,128.35,132.35,154.05,0.5182085533142089,20.0,52.0,360.5400085449219
AMD,AMD,2028-12-15,2.6191780821917807,P,390.0,0.07854380784945725,134.95,139.0,137.05,0.5169420864868165,93.0,46.0,360.5400085449219
AMD,AMD,2028-12-15,2.6191780821917807,P,400.0,0.10386161583374706,141.55,145.3,143.65,0.5144396701049804,3.0,77.0,360.5400085449219
AMD,AMD,2028-12-15,2.6191780821917807,P,410.0,0.1285542284241187,148.8,151.55,150.79,0.5128604012298583,1.0,22.0,360.5400085449219
AMD,AMD,2028-12-15,2.6191780821917807,P,420.0,0.15265178000317914,154.65,157.85,156.68,0.5078860857391357,84.0,42.0,360.5400085449219
AMD,AMD,2028-12-15,2.6191780821917807,P,430.0,0.1761822774133732,161.5,164.75,176.46,0.5060626786804199,31.0,83.0,360.5400085449219
AMD,AMD,2028-12-15,2.6191780821917807,P,440.0,0.19917179563807205,168.7,172.65,183.75,0.5067950932312011,2.0,17.0,360.5400085449219
AMD,AMD,2028-12-15,2.6191780821917807,P,450.0,0.22164465149013057,175.5,179.9,187.0,0.5048496170806884,1.0,50.0,360.5400085449219
AMD,AMD,2028-12-15,2.6191780821917807,P,460.0,0.24362355820890577,182.55,187.1,184.57,0.5029880634307863,2.0,37.0,360.5400085449219
AMD,AMD,2028-12-15,2.6191780821917807,P,470.0,0.2651297634298695,190.0,194.45,193.14,0.5019581054687501,3.0,49.0,360.5400085449219
AMD,AMD,2028-12-15,2.6191780821917807,P,480.0,0.28618317262770177,197.5,201.6,214.25,0.5002796554565431,40.0,68.0,360.5400085449219
AMD,AMD,2028-12-15,2.6191780821917807,P,490.0,0.30680245983043736,204.5,208.95,217.95,0.5071765591430665,51.0,44.0,360.5400085449219
AMD,AMD,2028-12-15,2.6191780821917807,P,500.0,0.3270051671479569,212.0,216.5,217.2,0.5058032818603515,1.0,292.0,360.5400085449219
AMD,AMD,2028-12-15,2.6191780821917807,P,510.0,0.3468077944441366,219.5,223.95,226.45,0.5037128486633302,,1.0,360.5400085449219
AMD,AMD,2028-12-15,2.6191780821917807,P,520.0,0.36622588030123815,227.0,231.5,239.37,0.5017521138763428,2.0,23.0,360.5400085449219
AMD,AMD,2028-12-15,2.6191780821917807,P,530.0,0.3852740752719327,235.0,239.1,239.85,0.4997227152252198,46.0,35.0,360.5400085449219
AMD,AMD,2028-12-15,2.6191780821917807,P,540.0,0.4039662082840852,242.5,246.8,244.13,0.4978382736206055,80.0,55.0,360.5400085449219
AMD,AMD,2028-12-15,2.6191780821917807,P,550.0,0.4223153469522817,250.5,254.5,251.54,0.49569443519592293,80.0,120.0,360.5400085449219
AMD,AMD,2028-12-15,2.6191780821917807,P,560.0,0.4403338524549601,258.0,262.4,261.0,0.4941380542755127,2.0,50.0,360.5400085449219
AMD,AMD,2028-12-15,2.6191780821917807,P,570.0,0.458033429554361,266.0,270.25,273.45,0.492116284942627,20.0,58.0,360.5400085449219
AMD,AMD,2028-12-15,2.6191780821917807,P,580.0,0.4754251722662301,274.0,278.2,282.75,0.49026998992919923,42.0,20.0,360.5400085449219
AMD,AMD,2028-12-15,2.6191780821917807,P,590.0,0.4925196056255303,282.0,286.2,286.8,0.48839317764282236,2.0,52.0,360.5400085449219
AMD,AMD,2028-12-15,2.6191780821917807,P,600.0,0.5093267239419115,290.0,294.25,293.32,0.48649347740173343,12.0,78.0,360.5400085449219
AMD,AMD,2028-12-15,2.6191780821917807,P,610.0,0.5258560258931221,298.0,302.3,308.95,0.48434963897705086,,4.0,360.5400085449219
AMD,AMD,2028-12-15,2.6191780821917807,P,620.0,0.5421165467649024,306.5,310.5,320.5,0.4826483010101319,,2.0,360.5400085449219
AMD,AMD,2028-12-15,2.6191780821917807,P,630.0,0.5581168881113435,314.5,318.7,321.05,0.4807104541778564,2.0,0.0,360.5400085449219
AMD,AMD,2028-12-15,2.6191780821917807,P,640.0,0.5738652450794827,323.0,326.95,331.15,0.47876497802734375,,2.0,360.5400085449219
AMD,AMD,2028-12-15,2.6191780821917807,P,650.0,0.589369431615448,331.0,335.25,335.15,0.47683476051330564,20.0,0.0,360.5400085449219
AMD,AMD,2028-12-15,2.6191780821917807,P,670.0,0.6196747811107769,348.0,351.95,355.65,0.4727530752563477,,1.0,360.5400085449219
AMD,AMD,2028-12-15,2.6191780821917807,P,680.0,0.6344898668959176,356.5,360.4,359.5,0.4708610043334961,4.0,1.0,360.5400085449219
AMD,AMD,2028-12-15,2.6191780821917807,P,690.0,0.6490886663170702,365.0,368.9,368.12,0.46899182136535644,4.0,1.0,360.5400085449219
AMD,AMD,2028-12-15,2.6191780821917807,P,700.0,0.6634774037691697,373.5,377.4,376.95,0.46690901748657226,104.0,9.0,360.5400085449219
