underlying,equity_ticker,expiration,T,side,strike,log_moneyness,bid,ask,last,iv,volume,open_interest,spot_at_fetch
COIN,COIN,2026-05-08,0.010958904109589041,C,50.0,-1.341558467278499,137.45,145.05,142.43,0.500005,20.0,2,191.25
COIN,COIN,2026-05-08,0.010958904109589041,C,75.0,-0.9360933591703348,114.5,119.25,92.5,3.8300785498046874,,10,191.25
COIN,COIN,2026-05-08,0.010958904109589041,C,80.0,-0.8715548380327636,109.5,114.25,120.13,3.5878916552734372,2.0,11,191.25
COIN,COIN,2026-05-08,0.010958904109589041,C,85.0,-0.8109302162163288,104.5,109.15,82.65,3.3125017187499997,16.0,9,191.25
COIN,COIN,2026-05-08,0.010958904109589041,C,90.0,-0.7537718023763802,98.7,104.25,77.9,2.685550161132813,,11,191.25
COIN,COIN,2026-05-08,0.010958904109589041,C,95.0,-0.6997045811061043,93.9,99.2,73.05,2.615237836914063,,11,191.25
COIN,COIN,2026-05-08,0.010958904109589041,C,100.0,-0.6484112867185537,88.7,94.3,69.4,2.376957182617187,4.0,3,191.25
COIN,COIN,2026-05-08,0.010958904109589041,C,105.0,-0.5996211225491218,83.85,88.4,63.2,3.325196999511718,2.0,3,191.25
COIN,COIN,2026-05-08,0.010958904109589041,C,110.0,-0.5531011069142291,78.8,85.55,58.95,2.577151994628906,2.0,2,191.25
COIN,COIN,2026-05-08,0.010958904109589041,C,115.0,-0.5086493443433951,74.0,78.5,81.57,0.500005,2.0,6,191.25
COIN,COIN,2026-05-08,0.010958904109589041,C,120.0,-0.46608972992459924,69.15,72.65,61.1,2.436527346191406,10.0,16,191.25
COIN,COIN,2026-05-08,0.010958904109589041,C,125.0,-0.4252677354043441,64.4,69.35,54.16,1.9072270263671878,8.0,27,191.25
COIN,COIN,2026-05-08,0.010958904109589041,C,130.0,-0.38604702225106274,58.9,64.3,57.65,1.5820333398437496,21.0,17,191.25
COIN,COIN,2026-05-08,0.010958904109589041,C,135.0,-0.3483066942682157,54.45,57.95,52.72,2.0166065209960937,44.0,9,191.25
COIN,COIN,2026-05-08,0.010958904109589041,C,140.0,-0.31193905009734096,49.65,53.55,52.02,1.3173862255859374,29.0,33,191.25
COIN,COIN,2026-05-08,0.010958904109589041,C,141.0,-0.3048215823284769,48.3,54.35,59.49,1.62109564453125,1.0,1,191.25
COIN,COIN,2026-05-08,0.010958904109589041,C,145.0,-0.27684773028607085,44.5,48.4,46.77,1.083988955078125,41.0,35,191.25
COIN,COIN,2026-05-08,0.010958904109589041,C,146.0,-0.26997485099830887,43.9,48.5,39.5,1.4287137939453123,,15,191.25
COIN,COIN,2026-05-08,0.010958904109589041,C,147.0,-0.26314888592790886,43.35,47.55,35.36,1.480959626464844,,6,191.25
COIN,COIN,2026-05-08,0.010958904109589041,C,148.0,-0.25636919894253013,41.7,46.55,39.82,1.3452181176757811,,1,191.25
COIN,COIN,2026-05-08,0.010958904109589041,C,149.0,-0.24963516676118608,40.45,45.65,38.87,1.2900426123046875,,1,191.25
COIN,COIN,2026-05-08,0.010958904109589041,C,150.0,-0.24294617861038947,39.4,43.55,41.93,0.9873048144531251,27.0,38,191.25
COIN,COIN,2026-05-08,0.010958904109589041,C,152.5,-0.22641687665917884,37.3,42.3,31.3,1.2734411328124997,,3,191.25
COIN,COIN,2026-05-08,0.010958904109589041,C,155.0,-0.21015635578739858,35.25,38.7,36.91,1.0996138769531252,36.0,97,191.25
COIN,COIN,2026-05-08,0.010958904109589041,C,157.5,-0.1941560144409575,32.75,37.7,31.79,1.2392616162109373,,1,191.25
COIN,COIN,2026-05-08,0.010958904109589041,C,160.0,-0.17840765747281825,30.35,33.95,33.71,1.0185595947265624,12.0,55,191.25
COIN,COIN,2026-05-08,0.010958904109589041,C,162.5,-0.16290347093685306,28.2,31.2,27.17,0.96289099609375,,2,191.25
COIN,COIN,2026-05-08,0.010958904109589041,C,165.0,-0.14763599880606457,25.8,29.35,27.6,0.9819337744140625,3.0,62,191.25
COIN,COIN,2026-05-08,0.010958904109589041,C,167.5,-0.1325981214415241,23.05,27.15,25.98,0.914063359375,1.0,2,191.25
COIN,COIN,2026-05-08,0.010958904109589041,C,170.0,-0.11778303565638351,22.55,24.3,23.5,0.9890137817382813,44.0,183,191.25
COIN,COIN,2026-05-08,0.010958904109589041,C,172.5,-0.10318423623523075,20.8,22.0,21.0,0.9816896362304688,48.0,19,191.25
COIN,COIN,2026-05-08,0.010958904109589041,C,175.0,-0.0887954987831312,17.65,20.6,19.35,0.928711650390625,18.0,114,191.25
COIN,COIN,2026-05-08,0.010958904109589041,C,177.5,-0.0746108637911747,16.2,18.45,17.82,0.9333502758789063,15.0,242,191.25
COIN,COIN,2026-05-08,0.010958904109589041,C,180.0,-0.060624621816434854,15.3,16.85,15.85,0.9907227490234375,111.0,569,191.25
COIN,COIN,2026-05-08,0.010958904109589041,C,182.5,-0.04683129968409897,13.7,14.45,14.1,0.9458013232421875,49.0,1126,191.25
COIN,COIN,2026-05-08,0.010958904109589041,C,185.0,-0.03322564762832039,12.2,12.85,12.43,0.9421392504882812,199.0,5965,191.25
COIN,COIN,2026-05-08,0.010958904109589041,C,187.5,-0.019802627296179754,10.75,11.4,10.95,0.9377447631835938,50.0,4704,191.25
COIN,COIN,2026-05-08,0.010958904109589041,C,190.0,-0.006557400546159052,9.6,10.05,9.82,0.9426275268554687,774.0,1403,191.25
COIN,COIN,2026-05-08,0.010958904109589041,C,192.5,0.006514681021193672,8.45,8.85,8.39,0.9443364941406249,486.0,1985,191.25
COIN,COIN,2026-05-08,0.010958904109589041,C,195.0,0.019418085857101516,7.4,7.75,7.55,0.9450689086914061,2274.0,6749,191.25
COIN,COIN,2026-05-08,0.010958904109589041,C,197.5,0.03215711163453144,6.35,6.75,6.54,0.940430283203125,3651.0,4688,191.25
COIN,COIN,2026-05-08,0.010958904109589041,C,200.0,0.04473589384139152,5.6,5.85,5.8,0.9465337377929688,3146.0,1935,191.25
COIN,COIN,2026-05-08,0.010958904109589041,C,202.5,0.05715841383994862,4.8,5.15,5.05,0.9506840869140624,420.0,2091,191.25
COIN,COIN,2026-05-08,0.010958904109589041,C,205.0,0.06942850643176293,4.2,4.4,4.34,0.953979952392578,1094.0,4658,191.25
COIN,COIN,2026-05-08,0.010958904109589041,C,207.5,0.0815498669641077,3.6,3.8,3.78,0.9567875415039062,3112.0,292,191.25
COIN,COIN,2026-05-08,0.010958904109589041,C,210.0,0.09352605801082355,3.05,3.35,3.25,0.96289099609375,2829.0,1048,191.25
COIN,COIN,2026-05-08,0.010958904109589041,C,212.5,0.10536051565782635,2.64,2.87,2.75,0.9682620361328125,157.0,357,191.25
COIN,COIN,2026-05-08,0.010958904109589041,C,215.0,0.11705655542101759,2.35,2.45,2.4,0.9782717016601563,550.0,479,191.25
COIN,COIN,2026-05-08,0.010958904109589041,C,217.5,0.12861737782209354,1.96,2.14,2.04,0.9819337744140625,190.0,142,191.25
COIN,COIN,2026-05-08,0.010958904109589041,C,220.0,0.14004607364571625,1.73,1.85,1.81,0.993164130859375,616.0,1297,191.25
COIN,COIN,2026-05-08,0.010958904109589041,C,222.5,0.15134562889964975,1.44,1.78,1.56,1.0127002490234376,86.0,195,191.25
COIN,COIN,2026-05-08,0.010958904109589041,C,225.0,0.16251892949777494,1.28,1.38,1.34,1.007329182128906,362.0,2429,191.25
COIN,COIN,2026-05-08,0.010958904109589041,C,227.5,0.1735687656843599,1.08,1.25,1.13,1.0190478735351562,87.0,224,191.25
COIN,COIN,2026-05-08,0.010958904109589041,C,230.0,0.1844978362165501,0.93,1.0,0.96,1.0161182006835938,710.0,967,191.25
COIN,COIN,2026-05-08,0.010958904109589041,C,232.5,0.1953087523207657,0.76,1.1,0.83,1.0502977172851562,54.0,68,191.25
COIN,COIN,2026-05-08,0.010958904109589041,C,235.0,0.2060040414375138,0.64,1.0,0.77,1.0620164086914063,78.0,1701,191.25
COIN,COIN,2026-05-08,0.010958904109589041,C,237.5,0.2165861507680507,0.56,0.9,0.65,1.0751999365234377,79.0,90,191.25
COIN,COIN,2026-05-08,0.010958904109589041,C,240.0,0.22705745063534608,0.49,0.58,0.53,1.0468797656250002,406.0,1849,191.25
COIN,COIN,2026-05-08,0.010958904109589041,C,242.5,0.23742023767089263,0.24,0.51,0.51,1.0146533642578124,19.0,43,191.25
COIN,COIN,2026-05-08,0.010958904109589041,C,245.0,0.24767673783808167,0.25,0.42,0.42,1.0293017285156252,67.0,229,191.25
COIN,COIN,2026-05-08,0.010958904109589041,C,247.5,0.25782910930209985,0.15,0.57,0.32,1.076176494140625,5.0,92,191.25
COIN,COIN,2026-05-08,0.010958904109589041,C,250.0,0.26787944515560125,0.2,0.31,0.3,1.0488328808593752,364.0,2158,191.25
COIN,COIN,2026-05-08,0.010958904109589041,C,252.5,0.2778297760087693,0.08,0.47,0.26,1.09375453125,7.0,103,191.25
COIN,COIN,2026-05-08,0.010958904109589041,C,255.0,0.28768207245178085,0.2,0.42,0.22,1.1474652001953123,51.0,268,191.25
COIN,COIN,2026-05-08,0.010958904109589041,C,257.5,0.2974382473971457,0.0,1.0,0.16,1.2788121997070312,,5,191.25
COIN,COIN,2026-05-08,0.010958904109589041,C,260.0,0.30710015830888254,0.16,0.2,0.18,1.115238798828125,115.0,380,191.25
COIN,COIN,2026-05-08,0.010958904109589041,C,262.5,0.31666960932503324,0.0,0.34,0.2,1.1347699511718752,3.0,2,191.25
COIN,COIN,2026-05-08,0.010958904109589041,C,265.0,0.326148353279577,0.05,0.21,0.13,1.12109814453125,173.0,184,191.25
COIN,COIN,2026-05-08,0.010958904109589041,C,267.5,0.33553809362941595,0.0,0.16,0.16,1.08203583984375,1.0,4,191.25
COIN,COIN,2026-05-08,0.010958904109589041,C,270.0,0.3448404862917296,0.01,0.27,0.13,1.1875040625,20.0,125,191.25
COIN,COIN,2026-05-08,0.010958904109589041,C,272.5,0.35405714139665356,0.0,2.44,0.68,1.741700510253906,1.0,3,191.25
COIN,COIN,2026-05-08,0.010958904109589041,C,275.0,0.36318962495992607,0.08,0.09,0.1,1.1660197949218751,277.0,167,191.25
COIN,COIN,2026-05-08,0.010958904109589041,C,277.5,0.37223946047984396,0.0,4.15,0.15,2.037114282226563,,20,191.25
COIN,COIN,2026-05-08,0.010958904109589041,C,280.0,0.3812081304626043,0.0,0.16,0.11,1.2070352148437498,52.0,112,191.25
COIN,COIN,2026-05-08,0.010958904109589041,C,285.0,0.39890770756200533,0.0,0.11,0.07,1.203128984375,11.0,158,191.25
COIN,COIN,2026-05-08,0.010958904109589041,C,290.0,0.41629945027387444,0.0,0.22,0.24,1.3515657421874998,1.0,19,191.25
COIN,COIN,2026-05-08,0.010958904109589041,C,295.0,0.43339388363317466,0.0,0.22,0.22,1.3984405078125,61.0,101,191.25
COIN,COIN,2026-05-08,0.010958904109589041,C,300.0,0.4502010019495558,0.01,0.04,0.01,1.2343788281249999,46.0,2807,191.25
COIN,COIN,2026-05-08,0.010958904109589041,C,305.0,0.4667303039007665,0.01,0.21,0.02,1.4902369238281248,93.0,54,191.25
COIN,COIN,2026-05-08,0.010958904109589041,P,50.0,-1.341558467278499,0.0,0.07,0.01,3.7343756640625,10.0,13,191.25
COIN,COIN,2026-05-08,0.010958904109589041,P,55.0,-1.2462482874741745,0.0,0.72,0.16,4.589848012695313,2.0,12,191.25
COIN,COIN,2026-05-08,0.010958904109589041,P,60.0,-1.1592369104845446,0.0,0.21,0.01,3.6484383789062504,2.0,12,191.25
COIN,COIN,2026-05-08,0.010958904109589041,P,65.0,-1.079194202811008,0.0,0.18,0.1,3.3437516406249994,20.0,6,191.25
COIN,COIN,2026-05-08,0.010958904109589041,P,70.0,-1.0050862306572863,0.0,0.45,0.09,3.50781373046875,10.0,18,191.25
COIN,COIN,2026-05-08,0.010958904109589041,P,75.0,-0.9360933591703348,0.0,0.02,0.01,2.3750040624999995,5.0,219,191.25
COIN,COIN,2026-05-08,0.010958904109589041,P,80.0,-0.8715548380327636,0.0,0.05,0.05,2.3906290234374996,8.0,44,191.25
COIN,COIN,2026-05-08,0.010958904109589041,P,85.0,-0.8109302162163288,0.0,0.05,0.03,2.2343794140624995,46.0,327,191.25
COIN,COIN,2026-05-08,0.010958904109589041,P,90.0,-0.7537718023763802,0.02,0.05,0.02,2.156254609375,91.0,263,191.25
COIN,COIN,2026-05-08,0.010958904109589041,P,95.0,-0.6997045811061043,0.0,0.1,0.03,2.0859422851562495,100.0,357,191.25
COIN,COIN,2026-05-08,0.010958904109589041,P,100.0,-0.6484112867185537,0.02,0.09,0.05,1.9609376953125,123.0,1130,191.25
COIN,COIN,2026-05-08,0.010958904109589041,P,105.0,-0.5996211225491218,0.04,0.06,0.05,1.8046884765624998,313.0,584,191.25
COIN,COIN,2026-05-08,0.010958904109589041,P,110.0,-0.5531011069142291,0.01,0.08,0.07,1.65625171875,887.0,671,191.25
COIN,COIN,2026-05-08,0.010958904109589041,P,115.0,-0.5086493443433951,0.01,0.23,0.07,1.7265638671875,13.0,597,191.25
COIN,COIN,2026-05-08,0.010958904109589041,P,120.0,-0.46608972992459924,0.01,0.25,0.09,1.61328318359375,21.0,426,191.25
COIN,COIN,2026-05-08,0.010958904109589041,P,125.0,-0.4252677354043441,0.02,0.27,0.12,1.5078149609375,210.0,87,191.25
COIN,COIN,2026-05-08,0.010958904109589041,P,130.0,-0.38604702225106274,0.01,0.3,0.16,1.39453427734375,6.0,372,191.25
COIN,COIN,2026-05-08,0.010958904109589041,P,135.0,-0.3483066942682157,0.01,0.34,0.19,1.2968785156249998,86.0,306,191.25
COIN,COIN,2026-05-08,0.010958904109589041,P,140.0,-0.31193905009734096,0.1,0.2,0.15,1.150394873046875,95.0,475,191.25
COIN,COIN,2026-05-08,0.010958904109589041,P,141.0,-0.3048215823284769,0.0,0.41,0.21,1.1816447167968749,18.0,62,191.25
COIN,COIN,2026-05-08,0.010958904109589041,P,142.0,-0.2977544151053845,0.1,0.22,0.21,1.115238798828125,2025.0,105,191.25
COIN,COIN,2026-05-08,0.010958904109589041,P,143.0,-0.2907368424467379,0.1,0.5,0.37,1.2080117724609374,1.0,15,191.25
COIN,COIN,2026-05-08,0.010958904109589041,P,144.0,-0.2837681731306446,0.04,0.47,0.34,1.1513714306640623,2.0,14,191.25
COIN,COIN,2026-05-08,0.010958904109589041,P,145.0,-0.27684773028607085,0.1,0.34,0.25,1.0996138769531252,90.0,290,191.25
COIN,COIN,2026-05-08,0.010958904109589041,P,146.0,-0.26997485099830887,0.07,0.51,0.29,1.1279340478515625,15.0,74,191.25
COIN,COIN,2026-05-08,0.010958904109589041,P,147.0,-0.26314888592790886,0.06,0.72,0.38,1.1640666796875,4.0,24,191.25
COIN,COIN,2026-05-08,0.010958904109589041,P,148.0,-0.25636919894253013,0.12,0.55,0.35,1.107426337890625,2.0,55,191.25
COIN,COIN,2026-05-08,0.010958904109589041,P,149.0,-0.24963516676118608,0.15,0.56,0.35,1.09375453125,18.0,64,191.25
COIN,COIN,2026-05-08,0.010958904109589041,P,150.0,-0.24294617861038947,0.2,0.4,0.4,1.0371141894531253,168.0,406,191.25
COIN,COIN,2026-05-08,0.010958904109589041,P,152.5,-0.22641687665917884,0.35,0.7,0.51,1.0888717431640624,37.0,74,191.25
COIN,COIN,2026-05-08,0.010958904109589041,P,155.0,-0.21015635578739858,0.54,0.65,0.58,1.0522508325195314,101.0,316,191.25
COIN,COIN,2026-05-08,0.010958904109589041,P,157.5,-0.1941560144409575,0.66,0.76,0.68,1.0273486132812502,23.0,173,191.25
COIN,COIN,2026-05-08,0.010958904109589041,P,160.0,-0.17840765747281825,0.82,0.89,0.88,1.0053760668945313,319.0,1229,191.25
COIN,COIN,2026-05-08,0.010958904109589041,P,162.5,-0.16290347093685306,1.02,1.17,1.05,1.0004932788085936,158.0,156,191.25
COIN,COIN,2026-05-08,0.010958904109589041,P,165.0,-0.14763599880606457,1.27,1.39,1.35,0.9829103271484375,168.0,836,191.25
COIN,COIN,2026-05-08,0.010958904109589041,P,167.5,-0.1325981214415241,1.56,1.69,1.64,0.9689944506835937,61.0,269,191.25
COIN,COIN,2026-05-08,0.010958904109589041,P,170.0,-0.11778303565638351,1.91,2.09,2.06,0.9594730615234374,507.0,918,191.25
COIN,COIN,2026-05-08,0.010958904109589041,P,172.5,-0.10318423623523075,2.32,2.57,2.45,0.9504399487304687,143.0,237,191.25
COIN,COIN,2026-05-08,0.010958904109589041,P,175.0,-0.0887954987831312,2.88,3.1,2.97,0.9448247705078124,1402.0,1507,191.25
COIN,COIN,2026-05-08,0.010958904109589041,P,177.5,-0.0746108637911747,3.45,3.75,3.56,0.936524072265625,66.0,398,191.25
COIN,COIN,2026-05-08,0.010958904109589041,P,180.0,-0.060624621816434854,4.2,4.5,4.31,0.9343268286132812,358.0,738,191.25
COIN,COIN,2026-05-08,0.010958904109589041,P,182.5,-0.04683129968409897,5.05,5.35,5.1,0.93164130859375,52.0,1075,191.25
COIN,COIN,2026-05-08,0.010958904109589041,P,185.0,-0.03322564762832039,6.0,6.25,6.22,0.9257819921875,1258.0,344,191.25
COIN,COIN,2026-05-08,0.010958904109589041,P,187.5,-0.019802627296179754,7.05,7.5,7.35,0.9323737231445313,138.0,106,191.25
COIN,COIN,2026-05-08,0.010958904109589041,P,190.0,-0.006557400546159052,8.25,8.55,8.46,0.9248054394531251,624.0,370,191.25
COIN,COIN,2026-05-08,0.010958904109589041,P,192.5,0.006514681021193672,9.55,10.0,9.8,0.9315192395019531,173.0,151,191.25
COIN,COIN,2026-05-08,0.010958904109589041,P,195.0,0.019418085857101516,10.95,11.55,11.37,0.937500625,257.0,592,191.25
COIN,COIN,2026-05-08,0.010958904109589041,P,197.5,0.03215711163453144,12.45,13.1,12.82,0.9379889013671875,37.0,290,191.25
COIN,COIN,2026-05-08,0.010958904109589041,P,200.0,0.04473589384139152,14.1,14.75,14.43,0.9411626977539063,145.0,967,191.25
COIN,COIN,2026-05-08,0.010958904109589041,P,202.5,0.05715841383994862,15.75,16.35,16.1,0.9313971704101562,134.0,180,191.25
COIN,COIN,2026-05-08,0.010958904109589041,P,205.0,0.06942850643176293,17.55,18.3,18.2,0.93945373046875,84.0,259,191.25
COIN,COIN,2026-05-08,0.010958904109589041,P,207.5,0.0815498669641077,18.55,21.7,18.66,0.9780275634765626,2.0,45,191.25
COIN,COIN,2026-05-08,0.010958904109589041,P,210.0,0.09352605801082355,21.2,23.15,20.8,0.992187578125,37.0,285,191.25
COIN,COIN,2026-05-08,0.010958904109589041,P,212.5,0.10536051565782635,22.7,25.7,26.68,0.9951172363281251,3.0,34,191.25
COIN,COIN,2026-05-08,0.010958904109589041,P,215.0,0.11705655542101759,24.45,27.8,25.8,0.97460962890625,10.0,93,191.25
COIN,COIN,2026-05-08,0.010958904109589041,P,217.5,0.12861737782209354,25.8,30.25,21.5,0.9362799340820311,1.0,3,191.25
COIN,COIN,2026-05-08,0.010958904109589041,P,220.0,0.14004607364571625,28.7,32.45,30.47,0.9992675854492188,11.0,87,191.25
COIN,COIN,2026-05-08,0.010958904109589041,P,222.5,0.15134562889964975,30.65,34.8,43.8,0.9873048144531251,1.0,7,191.25
COIN,COIN,2026-05-08,0.010958904109589041,P,225.0,0.16251892949777494,33.4,37.15,32.92,1.0468797656250002,2.0,4,191.25
COIN,COIN,2026-05-08,0.010958904109589041,P,227.5,0.1735687656843599,34.7,39.15,38.01,0.893555751953125,1.0,1,191.25
COIN,COIN,2026-05-08,0.010958904109589041,P,230.0,0.1844978362165501,36.2,42.75,51.49,0.9506840869140624,1.0,17,191.25
COIN,COIN,2026-05-08,0.010958904109589041,P,235.0,0.2060040414375138,40.55,48.3,37.2,1.0180713159179686,1.0,2,191.25
COIN,COIN,2026-05-08,0.010958904109589041,P,240.0,0.22705745063534608,45.8,50.45,42.84,1.3625520153808592,2.0,15,191.25
COIN,COIN,2026-05-08,0.010958904109589041,P,245.0,0.24767673783808167,50.55,56.25,48.93,1.6103535107421876,2.0,3,191.25
COIN,COIN,2026-05-08,0.010958904109589041,P,250.0,0.26787944515560125,55.5,61.35,46.48,1.7175307092285155,1.0,3,191.25
COIN,COIN,2026-05-08,0.010958904109589041,P,255.0,0.28768207245178085,60.4,66.25,75.87,1.7834483483886716,4.0,10,191.25
COIN,COIN,2026-05-08,0.010958904109589041,P,260.0,0.30710015830888254,65.45,70.8,50.73,1.7709972387695312,1.0,0,191.25
COIN,COIN,2026-05-08,0.010958904109589041,P,265.0,0.326148353279577,70.75,76.2,63.05,1.9345706396484377,,0,191.25
COIN,COIN,2026-05-08,0.010958904109589041,P,280.0,0.3812081304626043,85.0,92.7,114.95,1.2402381738281247,,1,191.25
COIN,COIN,2026-05-08,0.010958904109589041,P,300.0,0.4502010019495558,105.3,112.65,107.22,1.5839864550781246,1.0,0,191.25
COIN,COIN,2026-05-29,0.0684931506849315,C,55.0,-1.2462482874741745,132.45,140.95,132.2,2.2382856542968748,,1,191.25
COIN,COIN,2026-05-29,0.0684931506849315,C,70.0,-1.0050862306572863,117.55,126.0,112.7,1.873047509765625,2.0,2,191.25
COIN,COIN,2026-05-29,0.0684931506849315,C,90.0,-0.7537718023763802,97.75,106.0,100.8,1.4834010205078125,,1,191.25
COIN,COIN,2026-05-29,0.0684931506849315,C,105.0,-0.5996211225491218,82.9,91.3,85.35,1.2812535937499998,,1,191.25
COIN,COIN,2026-05-29,0.0684931506849315,C,110.0,-0.5531011069142291,77.95,86.4,88.45,1.2148476757812499,2.0,6,191.25
COIN,COIN,2026-05-29,0.0684931506849315,C,115.0,-0.5086493443433951,73.05,81.5,59.1,1.1547893823242186,,20,191.25
COIN,COIN,2026-05-29,0.0684931506849315,C,120.0,-0.46608972992459924,70.1,74.9,75.0,1.1196333081054686,1.0,14,191.25
COIN,COIN,2026-05-29,0.0684931506849315,C,125.0,-0.4252677354043441,65.25,69.6,75.25,1.0231982434082032,1.0,13,191.25
COIN,COIN,2026-05-29,0.0684931506849315,C,130.0,-0.38604702225106274,60.45,65.15,65.65,1.0083057397460937,2.0,9,191.25
COIN,COIN,2026-05-29,0.0684931506849315,C,135.0,-0.3483066942682157,56.1,60.2,42.23,0.9785158398437501,60.0,60,191.25
COIN,COIN,2026-05-29,0.0684931506849315,C,140.0,-0.31193905009734096,51.1,55.6,55.95,0.9230964721679689,2.0,96,191.25
COIN,COIN,2026-05-29,0.0684931506849315,C,145.0,-0.27684773028607085,46.1,51.15,37.36,0.8737805590820311,2.0,5,191.25
COIN,COIN,2026-05-29,0.0684931506849315,C,150.0,-0.24294617861038947,40.25,46.9,34.95,0.7883321948242188,2.0,19,191.25
COIN,COIN,2026-05-29,0.0684931506849315,C,155.0,-0.21015635578739858,36.55,42.4,40.57,0.7919942675781251,2.0,12,191.25
COIN,COIN,2026-05-29,0.0684931506849315,C,160.0,-0.17840765747281825,32.25,38.3,36.47,0.7717307983398438,3.0,9,191.25
COIN,COIN,2026-05-29,0.0684931506849315,C,165.0,-0.14763599880606457,29.85,33.2,26.72,0.7712425219726562,1.0,29,191.25
COIN,COIN,2026-05-29,0.0684931506849315,C,170.0,-0.11778303565638351,26.25,29.45,28.89,0.7609887182617189,22.0,101,191.25
COIN,COIN,2026-05-29,0.0684931506849315,C,175.0,-0.0887954987831312,23.8,27.05,25.0,0.807619111328125,1.0,348,191.25
COIN,COIN,2026-05-29,0.0684931506849315,C,180.0,-0.060624621816434854,20.65,22.2,22.5,0.7531762963867188,4.0,177,191.25
COIN,COIN,2026-05-29,0.0684931506849315,C,185.0,-0.03322564762832039,18.4,19.1,18.7,0.756960438232422,6.0,95,191.25
COIN,COIN,2026-05-29,0.0684931506849315,C,190.0,-0.006557400546159052,15.85,16.45,15.9,0.7514673291015624,26.0,107,191.25
COIN,COIN,2026-05-29,0.0684931506849315,C,195.0,0.019418085857101516,13.5,14.1,13.8,0.7458521508789062,14.0,217,191.25
COIN,COIN,2026-05-29,0.0684931506849315,C,200.0,0.04473589384139152,11.4,12.1,12.17,0.7429224926757811,94.0,252,191.25
COIN,COIN,2026-05-29,0.0684931506849315,C,205.0,0.06942850643176293,9.55,10.4,11.0,0.7418238708496092,11.0,167,191.25
COIN,COIN,2026-05-29,0.0684931506849315,C,210.0,0.09352605801082355,7.75,8.7,8.4,0.7307155834960937,35.0,227,191.25
COIN,COIN,2026-05-29,0.0684931506849315,C,215.0,0.11705655542101759,6.75,7.25,6.95,0.7360255889892577,16.0,163,191.25
COIN,COIN,2026-05-29,0.0684931506849315,C,220.0,0.14004607364571625,5.65,6.1,5.7,0.7371852453613281,44.0,201,191.25
COIN,COIN,2026-05-29,0.0684931506849315,C,225.0,0.16251892949777494,4.5,5.1,4.8,0.7314479980468749,38.0,162,191.25
COIN,COIN,2026-05-29,0.0684931506849315,C,230.0,0.1844978362165501,3.75,4.3,4.55,0.7349880017089843,61.0,220,191.25
COIN,COIN,2026-05-29,0.0684931506849315,C,235.0,0.2060040414375138,3.15,3.6,3.45,0.7390162817382812,42.0,61,191.25
COIN,COIN,2026-05-29,0.0684931506849315,C,240.0,0.22705745063534608,2.4,3.05,3.15,0.7347438635253907,24.0,361,191.25
COIN,COIN,2026-05-29,0.0684931506849315,C,245.0,0.24767673783808167,2.03,3.0,2.7,0.7603783728027345,5.0,115,191.25
COIN,COIN,2026-05-29,0.0684931506849315,C,250.0,0.26787944515560125,1.97,2.27,2.15,0.7651390673828126,30.0,342,191.25
COIN,COIN,2026-05-29,0.0684931506849315,C,255.0,0.28768207245178085,1.27,2.25,1.45,0.7668480346679689,1.0,44,191.25
COIN,COIN,2026-05-29,0.0684931506849315,C,260.0,0.30710015830888254,1.36,1.69,1.48,0.776491492919922,23.0,407,191.25
COIN,COIN,2026-05-29,0.0684931506849315,C,265.0,0.326148353279577,0.77,1.77,1.28,0.7788108056640625,3.0,91,191.25
COIN,COIN,2026-05-29,0.0684931506849315,C,270.0,0.3448404862917296,0.73,1.69,1.14,0.8034687622070311,25.0,67,191.25
COIN,COIN,2026-05-29,0.0684931506849315,C,275.0,0.36318962495992607,0.41,1.89,1.09,0.8266618896484373,4.0,36,191.25
COIN,COIN,2026-05-29,0.0684931506849315,C,280.0,0.3812081304626043,0.02,1.9,0.89,0.8271501660156249,1.0,55,191.25
COIN,COIN,2026-05-29,0.0684931506849315,C,285.0,0.39890770756200533,0.0,4.8,0.73,1.0452928594970705,1.0,56,191.25
COIN,COIN,2026-05-29,0.0684931506849315,C,290.0,0.41629945027387444,0.28,1.02,0.67,0.8244646459960936,1.0,124,191.25
COIN,COIN,2026-05-29,0.0684931506849315,C,295.0,0.43339388363317466,0.0,4.8,0.88,1.1088911743164065,5.0,56,191.25
COIN,COIN,2026-05-29,0.0684931506849315,C,300.0,0.4502010019495558,0.45,0.7,0.5,0.85937640625,17.0,557,191.25
COIN,COIN,2026-05-29,0.0684931506849315,C,305.0,0.4667303039007665,0.08,1.5,1.04,0.9335944140625,45.0,67,191.25
COIN,COIN,2026-05-29,0.0684931506849315,P,40.0,-1.564702018592709,0.0,4.3,0.02,3.730469423828125,,1,191.25
COIN,COIN,2026-05-29,0.0684931506849315,P,45.0,-1.4469189829363254,0.0,4.3,0.04,3.454102927246094,,3,191.25
COIN,COIN,2026-05-29,0.0684931506849315,P,50.0,-1.341558467278499,0.0,4.3,2.14,3.2109394726562495,1.0,1,191.25
COIN,COIN,2026-05-29,0.0684931506849315,P,80.0,-0.8715548380327636,0.0,4.3,0.32,2.161625689697266,,3,191.25
COIN,COIN,2026-05-29,0.0684931506849315,P,85.0,-0.8109302162163288,0.0,4.25,0.05,2.02344244140625,20.0,21,191.25
COIN,COIN,2026-05-29,0.0684931506849315,P,90.0,-0.7537718023763802,0.04,0.59,0.16,1.3291049169921871,10.0,146,191.25
COIN,COIN,2026-05-29,0.0684931506849315,P,95.0,-0.6997045811061043,0.08,0.83,0.26,1.3154331103515622,7.0,74,191.25
COIN,COIN,2026-05-29,0.0684931506849315,P,100.0,-0.6484112867185537,0.02,0.72,0.19,1.1884806201171876,1.0,569,191.25
COIN,COIN,2026-05-29,0.0684931506849315,P,105.0,-0.5996211225491218,0.05,0.79,0.43,1.1308637207031251,192.0,606,191.25
COIN,COIN,2026-05-29,0.0684931506849315,P,110.0,-0.5531011069142291,0.01,1.01,0.64,1.087895185546875,40.0,125,191.25
COIN,COIN,2026-05-29,0.0684931506849315,P,115.0,-0.5086493443433951,0.08,0.93,0.27,1.009770576171875,2.0,94,191.25
COIN,COIN,2026-05-29,0.0684931506849315,P,120.0,-0.46608972992459924,0.19,0.71,0.46,0.9169930175781251,3.0,62,191.25
COIN,COIN,2026-05-29,0.0684931506849315,P,125.0,-0.4252677354043441,0.15,1.22,0.7,0.9150399121093751,7.0,45,191.25
COIN,COIN,2026-05-29,0.0684931506849315,P,130.0,-0.38604702225106274,0.46,1.0,1.0,0.8540053662109376,1.0,41,191.25
COIN,COIN,2026-05-29,0.0684931506849315,P,135.0,-0.3483066942682157,0.57,1.47,1.05,0.8413101806640625,5.0,40,191.25
COIN,COIN,2026-05-29,0.0684931506849315,P,140.0,-0.31193905009734096,1.01,1.58,1.39,0.8137225659179688,20.0,78,191.25
COIN,COIN,2026-05-29,0.0684931506849315,P,145.0,-0.27684773028607085,1.65,2.0,1.75,0.8103046313476561,18.0,389,191.25
COIN,COIN,2026-05-29,0.0684931506849315,P,150.0,-0.24294617861038947,2.0,2.59,2.25,0.7852804675292968,20.0,232,191.25
COIN,COIN,2026-05-29,0.0684931506849315,P,155.0,-0.21015635578739858,2.6,3.3,2.91,0.7678245874023439,16.0,85,191.25
COIN,COIN,2026-05-29,0.0684931506849315,P,160.0,-0.17840765747281825,3.2,4.15,3.66,0.7448755981445312,17.0,189,191.25
COIN,COIN,2026-05-29,0.0684931506849315,P,165.0,-0.14763599880606457,4.4,5.15,5.0,0.7375514526367187,20.0,196,191.25
COIN,COIN,2026-05-29,0.0684931506849315,P,170.0,-0.11778303565638351,5.6,6.6,6.0,0.7307155834960937,18.0,190,191.25
COIN,COIN,2026-05-29,0.0684931506849315,P,175.0,-0.0887954987831312,7.25,8.25,7.76,0.7286404089355469,9.0,112,191.25
COIN,COIN,2026-05-29,0.0684931506849315,P,180.0,-0.060624621816434854,9.5,10.0,9.75,0.7310817907714844,32.0,145,191.25
COIN,COIN,2026-05-29,0.0684931506849315,P,185.0,-0.03322564762832039,11.65,12.35,11.77,0.7320583435058592,59.0,151,191.25
COIN,COIN,2026-05-29,0.0684931506849315,P,190.0,-0.006557400546159052,14.05,14.75,14.26,0.7272366143798827,18.0,183,191.25
COIN,COIN,2026-05-29,0.0684931506849315,P,195.0,0.019418085857101516,16.75,17.4,17.05,0.7230252307128906,4.0,100,191.25
COIN,COIN,2026-05-29,0.0684931506849315,P,200.0,0.04473589384139152,19.65,20.35,19.95,0.7186307434082031,3.0,287,191.25
COIN,COIN,2026-05-29,0.0684931506849315,P,205.0,0.06942850643176293,22.4,23.5,31.25,0.703250037841797,65.0,134,191.25
COIN,COIN,2026-05-29,0.0684931506849315,P,210.0,0.09352605801082355,25.6,28.0,25.5,0.7216824707031251,1.0,112,191.25
COIN,COIN,2026-05-29,0.0684931506849315,P,215.0,0.11705655542101759,28.1,31.65,41.01,0.6881134704589844,1.0,23,191.25
COIN,COIN,2026-05-29,0.0684931506849315,P,220.0,0.14004607364571625,33.35,35.0,33.68,0.7111234942626954,1.0,39,191.25
COIN,COIN,2026-05-29,0.0684931506849315,P,225.0,0.16251892949777494,35.95,39.9,37.82,0.6917755432128907,2.0,6,191.25
COIN,COIN,2026-05-29,0.0684931506849315,P,230.0,0.1844978362165501,41.1,43.95,42.6,0.7180203979492188,2.0,14,191.25
COIN,COIN,2026-05-29,0.0684931506849315,P,235.0,0.2060040414375138,43.9,48.5,57.75,0.6669955175781253,2.0,7,191.25
COIN,COIN,2026-05-29,0.0684931506849315,P,240.0,0.22705745063534608,47.7,53.4,50.37,0.6523472265625001,1.0,8,191.25
COIN,COIN,2026-05-29,0.0684931506849315,P,245.0,0.24767673783808167,54.05,59.8,59.33,0.8156756713867187,1.0,38,191.25
COIN,COIN,2026-05-29,0.0684931506849315,P,250.0,0.26787944515560125,58.8,62.35,60.9,0.7355983471679688,4.0,7,191.25
COIN,COIN,2026-05-29,0.0684931506849315,P,255.0,0.28768207245178085,62.55,66.85,59.65,0.6657748266601564,2.0,3,191.25
COIN,COIN,2026-05-29,0.0684931506849315,P,260.0,0.30710015830888254,66.35,71.95,60.9,0.5952188916015625,4.0,2,191.25
COIN,COIN,2026-05-29,0.0684931506849315,P,265.0,0.326148353279577,71.35,76.75,72.85,0.596683720703125,2.0,1,191.25
COIN,COIN,2026-05-29,0.0684931506849315,P,270.0,0.3448404862917296,76.35,83.2,77.3,0.7763694238281251,22.0,17,191.25
COIN,COIN,2026-05-29,0.0684931506849315,P,280.0,0.3812081304626043,85.9,91.6,93.52,1.057743969116211,1.0,3,191.25
COIN,COIN,2026-05-29,0.0684931506849315,P,285.0,0.39890770756200533,90.55,96.5,85.5,1.0816696307373046,,1,191.25
COIN,COIN,2026-05-29,0.0684931506849315,P,290.0,0.41629945027387444,95.55,101.1,87.71,1.0722702636718753,2.0,2,191.25
COIN,COIN,2026-05-29,0.0684931506849315,P,295.0,0.43339388363317466,100.25,106.0,94.95,1.0922896948242187,,1,191.25
COIN,COIN,2026-05-29,0.0684931506849315,P,300.0,0.4502010019495558,105.65,111.2,100.1,1.1452679455566406,,10,191.25
COIN,COIN,2026-05-29,0.0684931506849315,P,305.0,0.4667303039007665,110.4,116.3,125.05,1.1862833654785154,,1,191.25
COIN,COIN,2026-06-18,0.1232876712328767,C,40.0,-1.564702018592709,147.0,155.95,157.65,1.9140629296875002,1.0,128,191.25
COIN,COIN,2026-06-18,0.1232876712328767,C,75.0,-0.9360933591703348,112.8,121.2,105.39,1.4121123144531251,1.0,66,191.25
COIN,COIN,2026-06-18,0.1232876712328767,C,80.0,-0.8715548380327636,107.9,116.25,100.02,1.3457063964843747,1.0,11,191.25
COIN,COIN,2026-06-18,0.1232876712328767,C,85.0,-0.8109302162163288,102.95,111.35,106.19,1.2812535937499998,1.0,32,191.25
COIN,COIN,2026-06-18,0.1232876712328767,C,95.0,-0.6997045811061043,93.15,101.55,117.9,1.1689494677734376,1.0,12,191.25
COIN,COIN,2026-06-18,0.1232876712328767,C,100.0,-0.6484112867185537,87.7,96.0,79.5,0.975586181640625,2.0,92,191.25
COIN,COIN,2026-06-18,0.1232876712328767,C,105.0,-0.5996211225491218,83.45,90.2,66.8,0.9038095556640625,2.0,17,191.25
COIN,COIN,2026-06-18,0.1232876712328767,C,110.0,-0.5531011069142291,80.45,84.1,66.5,0.9399420068359375,2.0,118,191.25
COIN,COIN,2026-06-18,0.1232876712328767,C,115.0,-0.5086493443433951,75.2,80.75,82.75,0.98242205078125,2.0,33,191.25
COIN,COIN,2026-06-18,0.1232876712328767,C,120.0,-0.46608972992459924,71.25,74.35,81.99,0.8911143701171874,20.0,40,191.25
COIN,COIN,2026-06-18,0.1232876712328767,C,125.0,-0.4252677354043441,66.45,70.05,78.31,0.8806164282226561,7.0,24,191.25
COIN,COIN,2026-06-18,0.1232876712328767,C,130.0,-0.38604702225106274,59.8,67.4,80.87,0.8513198461914062,7.0,78,191.25
COIN,COIN,2026-06-18,0.1232876712328767,C,135.0,-0.3483066942682157,57.1,60.4,49.48,0.799806689453125,1.0,92,191.25
COIN,COIN,2026-06-18,0.1232876712328767,C,140.0,-0.31193905009734096,53.3,56.5,56.37,0.8276384423828124,1.0,91,191.25
COIN,COIN,2026-06-18,0.1232876712328767,C,145.0,-0.27684773028607085,48.65,51.95,58.9,0.7874777111816407,2.0,90,191.25
COIN,COIN,2026-06-18,0.1232876712328767,C,150.0,-0.24294617861038947,44.3,48.05,47.25,0.7742942492675782,4.0,195,191.25
COIN,COIN,2026-06-18,0.1232876712328767,C,155.0,-0.21015635578739858,40.65,44.4,43.85,0.7798483929443358,1.0,154,191.25
COIN,COIN,2026-06-18,0.1232876712328767,C,160.0,-0.17840765747281825,36.75,40.55,40.2,0.7637963073730469,1.0,453,191.25
COIN,COIN,2026-06-18,0.1232876712328767,C,165.0,-0.14763599880606457,33.3,36.8,35.85,0.7536645727539062,3.0,220,191.25
COIN,COIN,2026-06-18,0.1232876712328767,C,170.0,-0.11778303565638351,30.1,33.0,32.75,0.7404811108398437,3.0,12472,191.25
COIN,COIN,2026-06-18,0.1232876712328767,C,175.0,-0.0887954987831312,28.15,29.8,28.81,0.757936990966797,2.0,553,191.25
COIN,COIN,2026-06-18,0.1232876712328767,C,180.0,-0.060624621816434854,25.3,26.0,25.75,0.7365748999023438,39.0,1169,191.25
COIN,COIN,2026-06-18,0.1232876712328767,C,185.0,-0.03322564762832039,22.4,23.6,23.42,0.734255587158203,35.0,484,191.25
COIN,COIN,2026-06-18,0.1232876712328767,C,190.0,-0.006557400546159052,20.25,21.05,20.73,0.7356593817138672,71.0,2191,191.25
COIN,COIN,2026-06-18,0.1232876712328767,C,195.0,0.019418085857101516,17.85,18.6,18.3,0.7270535107421875,40.0,733,191.25
COIN,COIN,2026-06-18,0.1232876712328767,C,200.0,0.04473589384139152,16.0,16.5,16.05,0.7279690289306642,290.0,3404,191.25
COIN,COIN,2026-06-18,0.1232876712328767,C,210.0,0.09352605801082355,12.45,12.95,12.75,0.7246731634521484,352.0,2589,191.25
COIN,COIN,2026-06-18,0.1232876712328767,C,220.0,0.14004607364571625,9.5,10.1,9.8,0.7211941943359376,189.0,3697,191.25
COIN,COIN,2026-06-18,0.1232876712328767,C,230.0,0.1844978362165501,7.3,7.8,7.75,0.7211331597900392,148.0,2661,191.25
COIN,COIN,2026-06-18,0.1232876712328767,C,240.0,0.22705745063534608,5.75,6.05,5.95,0.7272976489257812,156.0,3366,191.25
COIN,COIN,2026-06-18,0.1232876712328767,C,250.0,0.26787944515560125,4.45,4.8,4.7,0.734255587158203,195.0,6682,191.25
COIN,COIN,2026-06-18,0.1232876712328767,C,260.0,0.30710015830888254,3.45,3.8,3.7,0.7409693872070311,74.0,2733,191.25
COIN,COIN,2026-06-18,0.1232876712328767,C,270.0,0.3448404862917296,2.74,2.95,2.95,0.7475611181640626,117.0,1742,191.25
COIN,COIN,2026-06-18,0.1232876712328767,C,280.0,0.3812081304626043,2.23,2.52,2.3,0.7651390673828126,209.0,2378,191.25
COIN,COIN,2026-06-18,0.1232876712328767,C,290.0,0.41629945027387444,1.71,2.37,1.73,0.7858908129882812,23.0,1790,191.25
COIN,COIN,2026-06-18,0.1232876712328767,C,300.0,0.4502010019495558,1.45,1.57,1.45,0.77929908203125,133.0,8176,191.25
COIN,COIN,2026-06-18,0.1232876712328767,C,310.0,0.48299082477254673,1.1,1.41,1.2,0.7917501293945313,5.0,740,191.25
COIN,COIN,2026-06-18,0.1232876712328767,C,320.0,0.514739523087127,0.76,1.1,1.0,0.7861349511718749,12.0,965,191.25
COIN,COIN,2026-06-18,0.1232876712328767,C,330.0,0.5455111817538808,0.6,1.0,0.85,0.8017597949218749,38.0,1166,191.25
COIN,COIN,2026-06-18,0.1232876712328767,C,340.0,0.5753641449035618,0.48,0.8,0.65,0.8061542822265625,2.0,774,191.25
COIN,COIN,2026-06-18,0.1232876712328767,C,350.0,0.6043516817768141,0.38,0.72,0.58,0.8188494677734374,31.0,3058,191.25
COIN,COIN,2026-06-18,0.1232876712328767,C,360.0,0.6325225587435105,0.29,0.73,0.47,0.8403336279296875,3.0,1325,191.25
COIN,COIN,2026-06-18,0.1232876712328767,C,370.0,0.6599215329316249,0.35,0.64,0.41,0.8657239990234374,109.0,920,191.25
COIN,COIN,2026-06-18,0.1232876712328767,C,380.0,0.6865897800137862,0.33,0.57,0.58,0.8818371191406249,1.0,480,191.25
COIN,COIN,2026-06-18,0.1232876712328767,C,390.0,0.7125652664170469,0.16,0.52,0.33,0.87500125,14.0,638,191.25
COIN,COIN,2026-06-18,0.1232876712328767,C,400.0,0.7378830744013368,0.25,0.43,0.33,0.9003916210937499,72.0,8066,191.25
COIN,COIN,2026-06-18,0.1232876712328767,C,410.0,0.7625756869917082,0.04,0.45,0.25,0.8876964355468748,26.0,1799,191.25
COIN,COIN,2026-06-18,0.1232876712328767,C,420.0,0.7866732385707689,0.0,0.42,0.2,0.8945323046874999,9.0,1947,191.25
COIN,COIN,2026-06-18,0.1232876712328767,C,430.0,0.8102037359809628,0.13,0.32,0.33,0.9248054394531251,3.0,1011,191.25
COIN,COIN,2026-06-18,0.1232876712328767,C,440.0,0.8331932542056616,0.0,0.29,0.17,0.9003916210937499,32.0,904,191.25
COIN,COIN,2026-06-18,0.1232876712328767,C,450.0,0.8556661100577203,0.15,0.27,0.15,0.9599613378906249,108.0,2555,191.25
COIN,COIN,2026-06-18,0.1232876712328767,C,460.0,0.8776450167764954,0.0,0.26,0.1,0.929688203125,40.0,615,191.25
COIN,COIN,2026-06-18,0.1232876712328767,C,470.0,0.8991512219974591,0.01,0.22,0.11,0.937500625,1.0,439,191.25
COIN,COIN,2026-06-18,0.1232876712328767,C,480.0,0.9202046311952914,0.01,0.19,0.1,0.9414068359375,2.0,541,191.25
COIN,COIN,2026-06-18,0.1232876712328767,C,490.0,0.940823918398027,0.0,0.18,0.11,0.9511723632812499,1.0,1257,191.25
COIN,COIN,2026-06-18,0.1232876712328767,C,500.0,0.9610266257155465,0.1,0.16,0.13,1.0039112304687499,198.0,4503,191.25
COIN,COIN,2026-06-18,0.1232876712328767,C,510.0,0.9808292530117262,0.0,0.16,0.09,0.9726565234375,2.0,1366,191.25
COIN,COIN,2026-06-18,0.1232876712328767,C,520.0,1.0002473388688278,0.0,0.23,0.27,1.0253954980468751,35.0,381,191.25
COIN,COIN,2026-06-18,0.1232876712328767,C,530.0,1.0192955338395222,0.0,0.21,0.08,1.0332079589843752,3.0,287,191.25
COIN,COIN,2026-06-18,0.1232876712328767,C,540.0,1.037987666851675,0.0,0.15,0.07,1.015629921875,2.0,113,191.25
COIN,COIN,2026-06-18,0.1232876712328767,C,550.0,1.0563368055198714,0.04,0.13,0.08,1.0429735351562504,10.0,869,191.25
COIN,COIN,2026-06-18,0.1232876712328767,C,560.0,1.0743553110225497,0.02,0.14,0.11,1.052739111328125,1.0,694,191.25
COIN,COIN,2026-06-18,0.1232876712328767,C,570.0,1.0920548881219507,0.0,0.21,0.25,1.0957076464843751,1.0,815,191.25
COIN,COIN,2026-06-18,0.1232876712328767,C,580.0,1.1094466308338198,0.0,0.74,0.11,1.272464575195312,26.0,889,191.25
COIN,COIN,2026-06-18,0.1232876712328767,C,590.0,1.12654106419312,0.0,0.2,0.12,1.12109814453125,50.0,648,191.25
COIN,COIN,2026-06-18,0.1232876712328767,C,600.0,1.143348182509501,0.01,0.14,0.1,1.1035201074218752,1.0,1744,191.25
COIN,COIN,2026-06-18,0.1232876712328767,C,610.0,1.1598774844607118,0.0,0.14,0.1,1.109379453125,9.0,854,191.25
COIN,COIN,2026-06-18,0.1232876712328767,C,620.0,1.1761380053324921,0.01,0.14,0.08,1.1308637207031251,4.0,1062,191.25
COIN,COIN,2026-06-18,0.1232876712328767,C,630.0,1.192138346678933,0.0,2.76,0.18,1.6086445349121092,50.0,778,191.25
COIN,COIN,2026-06-18,0.1232876712328767,C,640.0,1.2078867036470724,0.0,2.27,0.14,1.5786153881835934,3.0,795,191.25
COIN,COIN,2026-06-18,0.1232876712328767,C,650.0,1.2233908901830375,0.0,0.2,0.06,1.201175869140625,5.0,614,191.25
COIN,COIN,2026-06-18,0.1232876712328767,C,660.0,1.238658362313826,0.0,2.57,0.06,1.6391619604492185,3.0,764,191.25
COIN,COIN,2026-06-18,0.1232876712328767,C,670.0,1.2536962396783666,0.0,2.01,0.05,1.597169982910156,6.0,165,191.25
COIN,COIN,2026-06-18,0.1232876712328767,C,680.0,1.2685113254635072,0.0,2.12,0.05,1.6240253173828125,6.0,126,191.25
COIN,COIN,2026-06-18,0.1232876712328767,C,690.0,1.28311012488466,0.0,1.02,0.06,1.4887720874023436,6.0,309,191.25
COIN,COIN,2026-06-18,0.1232876712328767,C,700.0,1.2974988623367594,0.0,2.02,0.05,1.6416033544921875,6.0,871,191.25
COIN,COIN,2026-06-18,0.1232876712328767,C,710.0,1.311683497328716,0.0,1.13,0.05,1.534670295410156,7.0,222,191.25
COIN,COIN,2026-06-18,0.1232876712328767,C,720.0,1.3256697393034558,0.0,0.78,0.05,1.48047134765625,6.0,234,191.25
COIN,COIN,2026-06-18,0.1232876712328767,C,730.0,1.3394630614357916,0.0,4.3,0.1,1.8830572253417968,4.0,265,191.25
COIN,COIN,2026-06-18,0.1232876712328767,C,740.0,1.3530687134915702,0.0,0.9,0.05,1.5312523437499999,6.0,176,191.25
COIN,COIN,2026-06-18,0.1232876712328767,C,750.0,1.3664917338237108,0.0,4.3,0.04,1.9113773962402347,7.0,144,191.25
COIN,COIN,2026-06-18,0.1232876712328767,C,760.0,1.3797369605737315,0.0,0.15,0.09,1.2968785156249998,5.0,324,191.25
COIN,COIN,2026-06-18,0.1232876712328767,C,770.0,1.3928090421410844,0.0,4.3,0.04,1.9387210095214846,60.0,350,191.25
COIN,COIN,2026-06-18,0.1232876712328767,C,780.0,1.4057124469769922,0.0,2.61,0.1,1.8110361010742184,16.0,127,191.25
COIN,COIN,2026-06-18,0.1232876712328767,C,790.0,1.418451472754422,0.0,1.01,0.03,1.6123066259765624,2.0,115,191.25
COIN,COIN,2026-06-18,0.1232876712328767,C,800.0,1.4310302549612821,0.0,0.06,0.06,1.2421912890624998,6.0,1701,191.25
COIN,COIN,2026-06-18,0.1232876712328767,C,810.0,1.4434527749598391,0.0,0.32,0.05,1.4453152734375,20.0,247,191.25
COIN,COIN,2026-06-18,0.1232876712328767,C,820.0,1.4557228675516536,0.0,2.2,0.04,1.8168954467773437,2.0,249,191.25
COIN,COIN,2026-06-18,0.1232876712328767,C,830.0,1.4678442280839983,0.0,0.1,0.03,1.3203158984374999,2.0,119,191.25
COIN,COIN,2026-06-18,0.1232876712328767,C,840.0,1.4798204191307143,0.0,0.21,0.03,1.4179716601562502,4.0,533,191.25
COIN,COIN,2026-06-18,0.1232876712328767,C,850.0,1.491654876777717,0.0,0.42,0.15,1.5263695556640622,16.0,1582,191.25
COIN,COIN,2026-06-18,0.1232876712328767,C,860.0,1.5033509165409082,0.01,0.05,0.03,1.2968785156249998,53.0,1352,191.25
COIN,COIN,2026-06-18,0.1232876712328767,C,870.0,1.5149117389419842,0.0,0.09,0.01,1.3437532812499997,15.0,795,191.25
COIN,COIN,2026-06-18,0.1232876712328767,C,880.0,1.5263404347656069,0.0,0.04,0.03,1.2734411328124997,44.0,3979,191.25
COIN,COIN,2026-06-18,0.1232876712328767,P,40.0,-1.564702018592709,0.0,2.84,0.07,2.5874058752441402,149.0,47,191.25
COIN,COIN,2026-06-18,0.1232876712328767,P,45.0,-1.4469189829363254,0.01,0.48,0.02,1.7949229003906249,10.0,96,191.25
COIN,COIN,2026-06-18,0.1232876712328767,P,50.0,-1.341558467278499,0.0,2.6,0.09,2.18896937133789,1.0,14,191.25
COIN,COIN,2026-06-18,0.1232876712328767,P,55.0,-1.2462482874741745,0.0,2.6,0.2,2.0405322424316403,1.0,63,191.25
COIN,COIN,2026-06-18,0.1232876712328767,P,60.0,-1.1592369104845446,0.0,1.74,0.26,1.767579287109375,8.0,214,191.25
COIN,COIN,2026-06-18,0.1232876712328767,P,65.0,-1.079194202811008,0.0,0.74,0.18,1.4375028125,1.0,95,191.25
COIN,COIN,2026-06-18,0.1232876712328767,P,70.0,-1.0050862306572863,0.1,0.34,0.15,1.2490271923828122,3.0,198,191.25
COIN,COIN,2026-06-18,0.1232876712328767,P,75.0,-0.9360933591703348,0.05,0.39,0.22,1.1689494677734376,2.0,2723,191.25
COIN,COIN,2026-06-18,0.1232876712328767,P,80.0,-0.8715548380327636,0.15,0.5,0.3,1.15625421875,2.0,5130,191.25
COIN,COIN,2026-06-18,0.1232876712328767,P,85.0,-0.8109302162163288,0.09,0.49,0.38,1.0634812451171878,1.0,220,191.25
COIN,COIN,2026-06-18,0.1232876712328767,P,90.0,-0.7537718023763802,0.15,0.64,0.39,1.0429735351562504,4.0,701,191.25
COIN,COIN,2026-06-18,0.1232876712328767,P,95.0,-0.6997045811061043,0.23,0.61,0.48,0.98437515625,2.0,410,191.25
COIN,COIN,2026-06-18,0.1232876712328767,P,100.0,-0.6484112867185537,0.55,0.67,0.6,0.9790041162109376,12.0,1403,191.25
COIN,COIN,2026-06-18,0.1232876712328767,P,105.0,-0.5996211225491218,0.46,0.75,0.65,0.91211025390625,2.0,1354,191.25
COIN,COIN,2026-06-18,0.1232876712328767,P,110.0,-0.5531011069142291,0.7,0.9,0.83,0.8950205810546874,25.0,701,191.25
COIN,COIN,2026-06-18,0.1232876712328767,P,115.0,-0.5086493443433951,0.79,1.12,0.99,0.8627943408203125,30.0,375,191.25
COIN,COIN,2026-06-18,0.1232876712328767,P,120.0,-0.46608972992459924,1.02,1.43,1.23,0.8447281152343749,35.0,760,191.25
COIN,COIN,2026-06-18,0.1232876712328767,P,125.0,-0.4252677354043441,1.47,1.7,1.53,0.8313005151367187,31.0,972,191.25
COIN,COIN,2026-06-18,0.1232876712328767,P,130.0,-0.38604702225106274,1.76,1.97,1.88,0.8007832421875,30.0,2641,191.25
COIN,COIN,2026-06-18,0.1232876712328767,P,135.0,-0.3483066942682157,2.19,2.54,2.32,0.7873556420898438,58.0,510,191.25
COIN,COIN,2026-06-18,0.1232876712328767,P,140.0,-0.31193905009734096,2.82,3.05,2.9,0.7719749365234375,33.0,1919,191.25
COIN,COIN,2026-06-18,0.1232876712328767,P,145.0,-0.27684773028607085,3.15,3.75,3.57,0.7453638745117188,49.0,624,191.25
COIN,COIN,2026-06-18,0.1232876712328767,P,150.0,-0.24294617861038947,4.2,4.55,4.37,0.7402369726562499,139.0,5018,191.25
COIN,COIN,2026-06-18,0.1232876712328767,P,155.0,-0.21015635578739858,5.1,5.6,5.36,0.7287624780273438,48.0,1000,191.25
COIN,COIN,2026-06-18,0.1232876712328767,P,160.0,-0.17840765747281825,6.4,6.8,6.55,0.723513507080078,409.0,4697,191.25
COIN,COIN,2026-06-18,0.1232876712328767,P,165.0,-0.14763599880606457,7.55,8.3,8.0,0.7131376342773439,52.0,1770,191.25
COIN,COIN,2026-06-18,0.1232876712328767,P,170.0,-0.11778303565638351,9.2,9.85,9.52,0.7070341796875,31.0,1324,191.25
COIN,COIN,2026-06-18,0.1232876712328767,P,175.0,-0.0887954987831312,11.05,11.7,11.4,0.7030058996582031,60.0,751,191.25
COIN,COIN,2026-06-18,0.1232876712328767,P,180.0,-0.060624621816434854,13.2,13.95,13.57,0.7044707287597658,109.0,2662,191.25
COIN,COIN,2026-06-18,0.1232876712328767,P,185.0,-0.03322564762832039,15.55,16.3,15.7,0.703250037841797,69.0,1306,191.25
COIN,COIN,2026-06-18,0.1232876712328767,P,190.0,-0.006557400546159052,18.05,19.0,18.35,0.7034331414794923,80.0,2313,191.25
COIN,COIN,2026-06-18,0.1232876712328767,P,195.0,0.019418085857101516,20.8,21.5,21.3,0.6969634796142579,67.0,719,191.25
COIN,COIN,2026-06-18,0.1232876712328767,P,200.0,0.04473589384139152,23.7,24.45,24.08,0.6942169250488281,67.0,8963,191.25
COIN,COIN,2026-06-18,0.1232876712328767,P,210.0,0.09352605801082355,30.0,30.75,30.35,0.6843293286132813,229.0,2138,191.25
COIN,COIN,2026-06-18,0.1232876712328767,P,220.0,0.14004607364571625,36.5,39.3,37.15,0.6953155468750001,58.0,2410,191.25
COIN,COIN,2026-06-18,0.1232876712328767,P,230.0,0.1844978362165501,44.1,47.1,44.36,0.6906158868408205,32.0,3866,191.25
COIN,COIN,2026-06-18,0.1232876712328767,P,240.0,0.22705745063534608,52.4,55.25,63.35,0.6868927795410158,12.0,2625,191.25
COIN,COIN,2026-06-18,0.1232876712328767,P,250.0,0.26787944515560125,61.05,64.05,61.12,0.6883576086425782,2.0,3511,191.25
COIN,COIN,2026-06-18,0.1232876712328767,P,260.0,0.30710015830888254,69.35,72.95,83.55,0.6595493029785158,2.0,1306,191.25
COIN,COIN,2026-06-18,0.1232876712328767,P,270.0,0.3448404862917296,78.7,82.15,74.65,0.6550327465820314,1.0,1371,191.25
COIN,COIN,2026-06-18,0.1232876712328767,P,280.0,0.3812081304626043,88.3,92.25,89.69,0.6904327832031252,1.0,1532,191.25
COIN,COIN,2026-06-18,0.1232876712328767,P,290.0,0.41629945027387444,96.55,101.7,97.2,0.5717816259765626,1.0,2233,191.25
COIN,COIN,2026-06-18,0.1232876712328767,P,300.0,0.4502010019495558,107.1,111.6,109.12,0.6567417138671876,1.0,667,191.25
COIN,COIN,2026-06-18,0.1232876712328767,P,310.0,0.48299082477254673,116.1,121.45,104.51,0.9339606213378906,1.0,232,191.25
COIN,COIN,2026-06-18,0.1232876712328767,P,320.0,0.514739523087127,125.15,132.05,151.35,1.0252734283447267,100.0,26,191.25
COIN,COIN,2026-06-18,0.1232876712328767,P,330.0,0.5455111817538808,135.85,141.05,161.35,0.9826661889648438,200.0,102,191.25
COIN,COIN,2026-06-18,0.1232876712328767,P,340.0,0.5753641449035618,144.6,153.45,153.51,0.7143583251953125,1.0,288,191.25
COIN,COIN,2026-06-18,0.1232876712328767,P,350.0,0.6043516817768141,154.4,163.6,179.65,0.735354208984375,5.0,20,191.25
COIN,COIN,2026-06-18,0.1232876712328767,P,360.0,0.6325225587435105,164.1,171.75,151.15,1.1591838916015624,2.0,0,191.25
COIN,COIN,2026-06-18,0.1232876712328767,P,370.0,0.6599215329316249,174.4,183.55,204.3,0.7807639111328125,1.0,2,191.25
COIN,COIN,2026-06-18,0.1232876712328767,P,380.0,0.6865897800137862,184.05,191.7,214.28,1.224613251953125,1.0,1,191.25
COIN,COIN,2026-06-18,0.1232876712328767,P,390.0,0.7125652664170469,194.3,202.85,218.58,1.3537629968261715,1.0,0,191.25
COIN,COIN,2026-06-18,0.1232876712328767,P,400.0,0.7378830744013368,204.3,213.5,185.95,0.8183611914062499,7.0,0,191.25
COIN,COIN,2026-06-18,0.1232876712328767,P,440.0,0.8331932542056616,282.85,290.7,192.2,3.0711693142700196,1.0,0,191.25
COIN,COIN,2026-06-18,0.1232876712328767,P,460.0,0.8776450167764954,290.85,297.75,209.66,2.6590609695434577,2.0,0,191.25
COIN,COIN,2026-06-18,0.1232876712328767,P,470.0,0.8991512219974591,300.85,307.75,219.43,2.691287451477051,2.0,0,191.25
COIN,COIN,2026-06-18,0.1232876712328767,P,480.0,0.9202046311952914,310.85,317.75,229.06,2.7225984083557133,2.0,0,191.25
COIN,COIN,2026-06-18,0.1232876712328767,P,490.0,0.940823918398027,303.55,309.15,270.29,1.8955083349609376,4.0,0,191.25
COIN,COIN,2026-06-18,0.1232876712328767,P,560.0,1.0743553110225497,390.9,397.75,309.01,2.946413766784668,,0,191.25
COIN,COIN,2026-06-18,0.1232876712328767,P,650.0,1.2233908901830375,492.85,501.0,404.95,3.650330464019776,1.0,0,191.25
COIN,COIN,2026-09-18,0.37534246575342467,C,5.0,-3.644143560272545,182.4,190.9,209.31,3.0292993017578125,6.0,7,191.25
COIN,COIN,2026-09-18,0.37534246575342467,C,15.0,-2.5455312716044354,172.55,181.1,171.97,2.1152390869140625,,1,191.25
COIN,COIN,2026-09-18,0.37534246575342467,C,40.0,-1.564702018592709,148.2,156.75,137.77,1.4609401953124999,1.0,1,191.25
COIN,COIN,2026-09-18,0.37534246575342467,C,65.0,-1.079194202811008,124.2,132.75,142.8,1.1633342614746094,2.0,2,191.25
COIN,COIN,2026-09-18,0.37534246575342467,C,70.0,-1.0050862306572863,119.45,128.0,138.12,1.1180464019775391,2.0,10,191.25
COIN,COIN,2026-09-18,0.37534246575342467,C,75.0,-0.9360933591703348,114.75,123.3,97.85,1.0786178881835937,2.0,28,191.25
COIN,COIN,2026-09-18,0.37534246575342467,C,85.0,-0.8109302162163288,105.5,114.0,120.75,1.0105029943847654,7.0,44,191.25
COIN,COIN,2026-09-18,0.37534246575342467,C,90.0,-0.7537718023763802,102.7,107.9,114.45,0.9888917126464845,1.0,40,191.25
COIN,COIN,2026-09-18,0.37534246575342467,C,95.0,-0.6997045811061043,96.55,103.0,118.6,0.8936778210449219,2.0,80,191.25
COIN,COIN,2026-09-18,0.37534246575342467,C,100.0,-0.6484112867185537,93.75,98.75,114.1,0.9300544104003907,2.0,91,191.25
COIN,COIN,2026-09-18,0.37534246575342467,C,105.0,-0.5996211225491218,89.2,94.4,82.75,0.9034433483886719,2.0,172,191.25
COIN,COIN,2026-09-18,0.37534246575342467,C,110.0,-0.5531011069142291,85.05,90.2,102.31,0.8889171264648437,12.0,87,191.25
COIN,COIN,2026-09-18,0.37534246575342467,C,115.0,-0.5086493443433951,79.25,84.75,100.9,0.8048725567626953,2.0,62,191.25
COIN,COIN,2026-09-18,0.37534246575342467,C,120.0,-0.46608972992459924,77.4,81.05,81.16,0.84961087890625,1.0,166,191.25
COIN,COIN,2026-09-18,0.37534246575342467,C,125.0,-0.4252677354043441,73.7,76.65,83.5,0.8328263787841794,1.0,76,191.25
COIN,COIN,2026-09-18,0.37534246575342467,C,130.0,-0.38604702225106274,70.3,72.55,78.1,0.8244646459960936,3.0,394,191.25
COIN,COIN,2026-09-18,0.37534246575342467,C,135.0,-0.3483066942682157,66.05,70.1,75.9,0.8260515441894529,1.0,107,191.25
COIN,COIN,2026-09-18,0.37534246575342467,C,140.0,-0.31193905009734096,62.75,66.5,71.5,0.8202532623291015,1.0,135,191.25
COIN,COIN,2026-09-18,0.37534246575342467,C,145.0,-0.27684773028607085,59.5,62.45,66.79,0.8054218676757812,2.0,578,191.25
COIN,COIN,2026-09-18,0.37534246575342467,C,150.0,-0.24294617861038947,56.0,58.45,54.6,0.7855856402587891,6.0,978,191.25
COIN,COIN,2026-09-18,0.37534246575342467,C,155.0,-0.21015635578739858,52.4,55.8,53.25,0.7807639111328125,3.0,88,191.25
COIN,COIN,2026-09-18,0.37534246575342467,C,160.0,-0.17840765747281825,49.6,53.4,49.16,0.7864401239013672,1.0,1784,191.25
COIN,COIN,2026-09-18,0.37534246575342467,C,165.0,-0.14763599880606457,47.05,49.75,56.75,0.776216837463379,1.0,209,191.25
COIN,COIN,2026-09-18,0.37534246575342467,C,170.0,-0.11778303565638351,43.9,46.4,47.25,0.7600732000732424,110.0,231,191.25
COIN,COIN,2026-09-18,0.37534246575342467,C,175.0,-0.0887954987831312,41.2,43.6,43.02,0.7536035382080077,2.0,232,191.25
COIN,COIN,2026-09-18,0.37534246575342467,C,180.0,-0.060624621816434854,38.65,41.1,41.32,0.7497583618164063,1.0,615,191.25
COIN,COIN,2026-09-18,0.37534246575342467,C,185.0,-0.03322564762832039,36.3,38.5,37.45,0.7445704254150391,12.0,418,191.25
COIN,COIN,2026-09-18,0.37534246575342467,C,190.0,-0.006557400546159052,34.0,35.75,36.54,0.7359645544433593,4.0,610,191.25
COIN,COIN,2026-09-18,0.37534246575342467,C,195.0,0.019418085857101516,31.8,34.05,33.27,0.7375514526367187,8.0,452,191.25
COIN,COIN,2026-09-18,0.37534246575342467,C,200.0,0.04473589384139152,30.25,31.5,31.09,0.7346217944335938,17.0,1576,191.25
COIN,COIN,2026-09-18,0.37534246575342467,C,210.0,0.09352605801082355,26.25,28.15,28.4,0.7313869635009764,8.0,870,191.25
COIN,COIN,2026-09-18,0.37534246575342467,C,220.0,0.14004607364571625,23.15,24.6,24.13,0.7274197180175781,15.0,714,191.25
COIN,COIN,2026-09-18,0.37534246575342467,C,230.0,0.1844978362165501,20.35,21.4,21.6,0.7228726443481445,16.0,1086,191.25
COIN,COIN,2026-09-18,0.37534246575342467,C,240.0,0.22705745063534608,17.65,19.2,18.51,0.7232693688964844,6.0,1082,191.25
COIN,COIN,2026-09-18,0.37534246575342467,C,250.0,0.26787944515560125,15.4,16.55,16.26,0.7172269488525391,48.0,1620,191.25
COIN,COIN,2026-09-18,0.37534246575342467,C,260.0,0.30710015830888254,13.45,14.65,14.31,0.7171048797607422,20.0,1263,191.25
COIN,COIN,2026-09-18,0.37534246575342467,C,270.0,0.3448404862917296,11.85,13.2,12.64,0.7211941943359376,15.0,994,191.25
COIN,COIN,2026-09-18,0.37534246575342467,C,280.0,0.3812081304626043,10.4,11.45,11.0,0.7185086743164062,28.0,2083,191.25
COIN,COIN,2026-09-18,0.37534246575342467,C,290.0,0.41629945027387444,9.1,10.05,9.7,0.7174100524902343,60.0,548,191.25
COIN,COIN,2026-09-18,0.37534246575342467,C,300.0,0.4502010019495558,8.05,8.65,8.6,0.7152738433837891,50.0,1584,191.25
COIN,COIN,2026-09-18,0.37534246575342467,C,310.0,0.48299082477254673,6.9,8.15,7.75,0.7208890216064454,6.0,1043,191.25
COIN,COIN,2026-09-18,0.37534246575342467,C,320.0,0.514739523087127,6.15,7.1,6.85,0.7207669525146485,23.0,743,191.25
COIN,COIN,2026-09-18,0.37534246575342467,C,330.0,0.5455111817538808,5.55,6.3,6.0,0.7238186798095703,24.0,721,191.25
COIN,COIN,2026-09-18,0.37534246575342467,C,340.0,0.5753641449035618,4.85,5.65,5.6,0.7246121289062499,7.0,240,191.25
COIN,COIN,2026-09-18,0.37534246575342467,C,350.0,0.6043516817768141,4.4,4.9,4.63,0.7252224743652342,62.0,1199,191.25
COIN,COIN,2026-09-18,0.37534246575342467,C,360.0,0.6325225587435105,3.8,4.9,4.34,0.7354762780761719,5.0,242,191.25
COIN,COIN,2026-09-18,0.37534246575342467,C,370.0,0.6599215329316249,2.9,4.05,3.55,0.7178983288574219,13.0,314,191.25
COIN,COIN,2026-09-18,0.37534246575342467,C,380.0,0.6865897800137862,3.0,4.0,3.52,0.7393824890136718,1.0,262,191.25
COIN,COIN,2026-09-18,0.37534246575342467,C,390.0,0.7125652664170469,2.75,3.75,2.8,0.7465845654296875,7.0,227,191.25
COIN,COIN,2026-09-18,0.37534246575342467,C,400.0,0.7378830744013368,2.57,2.95,2.9,0.7391993853759764,1.0,2351,191.25
COIN,COIN,2026-09-18,0.37534246575342467,C,410.0,0.7625756869917082,2.0,2.69,3.3,0.7325466198730468,2.0,153,191.25
COIN,COIN,2026-09-18,0.37534246575342467,C,420.0,0.7866732385707689,1.65,2.97,1.88,0.7473169799804689,10.0,549,191.25
COIN,COIN,2026-09-18,0.37534246575342467,C,430.0,0.8102037359809628,1.32,2.4,1.53,0.7331569653320311,2.0,104,191.25
COIN,COIN,2026-09-18,0.37534246575342467,C,440.0,0.8331932542056616,1.31,2.44,1.88,0.7498804309082032,6.0,165,191.25
COIN,COIN,2026-09-18,0.37534246575342467,C,450.0,0.8556661100577203,1.35,2.0,1.77,0.7497583618164063,1.0,677,191.25
COIN,COIN,2026-09-18,0.37534246575342467,C,460.0,0.8776450167764954,1.5,2.16,1.55,0.7762473547363282,1.0,94,191.25
COIN,COIN,2026-09-18,0.37534246575342467,C,470.0,0.8991512219974591,0.93,2.31,1.38,0.7739280419921876,6.0,199,191.25
COIN,COIN,2026-09-18,0.37534246575342467,C,480.0,0.9202046311952914,0.76,2.01,1.51,0.7673363110351563,5.0,288,191.25
COIN,COIN,2026-09-18,0.37534246575342467,C,490.0,0.940823918398027,0.83,1.91,1.37,0.7790549438476562,1.0,200,191.25
COIN,COIN,2026-09-18,0.37534246575342467,C,500.0,0.9610266257155465,1.0,1.89,1.12,0.79883013671875,3.0,1468,191.25
COIN,COIN,2026-09-18,0.37534246575342467,C,510.0,0.9808292530117262,0.01,3.1,1.21,0.821168780517578,16.0,185,191.25
COIN,COIN,2026-09-18,0.37534246575342467,C,520.0,1.0002473388688278,0.0,2.9,1.62,0.8239763696289062,1.0,346,191.25
COIN,COIN,2026-09-18,0.37534246575342467,C,530.0,1.0192955338395222,0.0,2.87,1.04,0.8345963806152341,1.0,229,191.25
COIN,COIN,2026-09-18,0.37534246575342467,C,540.0,1.037987666851675,0.0,3.55,1.3,0.8762219409179688,18.0,187,191.25
COIN,COIN,2026-09-18,0.37534246575342467,C,550.0,1.0563368055198714,0.0,3.25,1.41,0.8751233190917969,1.0,521,191.25
COIN,COIN,2026-09-18,0.37534246575342467,C,560.0,1.0743553110225497,0.0,4.8,1.2,0.9471440832519531,2.0,222,191.25
COIN,COIN,2026-09-18,0.37534246575342467,C,570.0,1.0920548881219507,0.0,4.8,0.79,0.9586185778808591,1.0,108,191.25
COIN,COIN,2026-09-18,0.37534246575342467,C,580.0,1.1094466308338198,0.0,4.8,0.29,0.9699710034179687,7.0,94,191.25
COIN,COIN,2026-09-18,0.37534246575342467,C,590.0,1.12654106419312,0.0,2.05,0.62,0.8566908862304687,4.0,197,191.25
COIN,COIN,2026-09-18,0.37534246575342467,C,600.0,1.143348182509501,0.4,1.15,0.6,0.8332536206054686,3.0,1449,191.25
COIN,COIN,2026-09-18,0.37534246575342467,C,610.0,1.1598774844607118,0.0,2.06,0.28,0.87695435546875,38.0,140,191.25
COIN,COIN,2026-09-18,0.37534246575342467,C,620.0,1.1761380053324921,0.0,2.8,0.87,0.92773509765625,1.0,75,191.25
COIN,COIN,2026-09-18,0.37534246575342467,C,630.0,1.192138346678933,0.0,2.07,0.79,0.8964854101562498,2.0,61,191.25
COIN,COIN,2026-09-18,0.37534246575342467,C,640.0,1.2078867036470724,0.0,1.65,0.72,0.8776867700195312,4.0,66,191.25
COIN,COIN,2026-09-18,0.37534246575342467,C,650.0,1.2233908901830375,0.0,0.0,0.55,0.500005,1.0,0,191.25
COIN,COIN,2026-09-18,0.37534246575342467,C,660.0,1.238658362313826,0.0,1.55,0.28,0.8876964355468748,21.0,310,191.25
COIN,COIN,2026-09-18,0.37534246575342467,C,670.0,1.2536962396783666,0.0,1.58,0.3,0.8986826538085937,2.0,82,191.25
COIN,COIN,2026-09-18,0.37534246575342467,C,680.0,1.2685113254635072,0.0,0.0,0.89,0.500005,2.0,0,191.25
COIN,COIN,2026-09-18,0.37534246575342467,C,690.0,1.28311012488466,0.0,0.0,0.43,0.500005,18.0,0,191.25
COIN,COIN,2026-09-18,0.37534246575342467,C,700.0,1.2974988623367594,0.05,0.5,0.2,0.813478427734375,15.0,881,191.25
COIN,COIN,2026-09-18,0.37534246575342467,C,710.0,1.311683497328716,0.0,0.81,0.29,0.85742330078125,3.0,60,191.25
COIN,COIN,2026-09-18,0.37534246575342467,C,720.0,1.3256697393034558,0.0,1.32,0.43,0.9174812939453125,5.0,126,191.25
COIN,COIN,2026-09-18,0.37534246575342467,C,730.0,1.3394630614357916,0.0,2.94,0.64,1.0324755407714847,6.0,102,191.25
COIN,COIN,2026-09-18,0.37534246575342467,C,740.0,1.3530687134915702,0.0,1.02,0.23,0.9035654174804688,20.0,33,191.25
COIN,COIN,2026-09-18,0.37534246575342467,C,750.0,1.3664917338237108,0.0,1.27,0.3,0.9355475195312499,50.0,346,191.25
COIN,COIN,2026-09-18,0.37534246575342467,C,760.0,1.3797369605737315,0.0,1.84,0.23,0.9890137817382813,41.0,75,191.25
COIN,COIN,2026-09-18,0.37534246575342467,C,770.0,1.3928090421410844,0.0,1.23,0.22,0.946289599609375,57.0,198,191.25
COIN,COIN,2026-09-18,0.37534246575342467,C,780.0,1.4057124469769922,0.0,0.0,0.45,0.500005,2.0,0,191.25
COIN,COIN,2026-09-18,0.37534246575342467,C,790.0,1.418451472754422,0.0,0.0,0.17,0.500005,5.0,0,191.25
COIN,COIN,2026-09-18,0.37534246575342467,C,800.0,1.4310302549612821,0.0,0.24,0.15,0.8115253222656249,1.0,714,191.25
COIN,COIN,2026-09-18,0.37534246575342467,C,810.0,1.4434527749598391,0.0,0.0,0.25,0.500005,10.0,0,191.25
COIN,COIN,2026-09-18,0.37534246575342467,C,820.0,1.4557228675516536,0.0,0.0,0.2,0.500005,73.0,0,191.25
COIN,COIN,2026-09-18,0.37534246575342467,C,830.0,1.4678442280839983,0.0,1.48,0.35,1.0095264367675783,18.0,79,191.25
COIN,COIN,2026-09-18,0.37534246575342467,C,840.0,1.4798204191307143,0.0,0.0,0.47,0.500005,1.0,0,191.25
COIN,COIN,2026-09-18,0.37534246575342467,C,850.0,1.491654876777717,0.0,0.92,0.85,0.965820654296875,1.0,1447,191.25
COIN,COIN,2026-09-18,0.37534246575342467,C,860.0,1.5033509165409082,0.0,1.5,0.35,1.0305224255371095,1.0,115,191.25
COIN,COIN,2026-09-18,0.37534246575342467,C,870.0,1.5149117389419842,0.0,0.46,0.35,0.9072274902343749,2.0,748,191.25
COIN,COIN,2026-09-18,0.37534246575342467,C,880.0,1.5263404347656069,0.02,0.2,0.08,0.850587431640625,224.0,3532,191.25
COIN,COIN,2026-09-18,0.37534246575342467,P,5.0,-3.644143560272545,0.0,4.3,0.01,4.630863586425781,,75,191.25
COIN,COIN,2026-09-18,0.37534246575342467,P,10.0,-2.9509963797125995,0.01,0.1,0.1,1.8125009374999999,5.0,112,191.25
COIN,COIN,2026-09-18,0.37534246575342467,P,20.0,-2.257849199152654,0.0,4.35,0.04,2.425296905517578,25.0,26,191.25
COIN,COIN,2026-09-18,0.37534246575342467,P,30.0,-1.8523840910444898,0.0,0.0,0.57,0.500005,2.0,0,191.25
COIN,COIN,2026-09-18,0.37534246575342467,P,40.0,-1.564702018592709,0.0,4.6,0.63,1.669923525390625,18.0,37,191.25
COIN,COIN,2026-09-18,0.37534246575342467,P,45.0,-1.4469189829363254,0.0,1.75,0.71,1.2714880175781247,2.0,68,191.25
COIN,COIN,2026-09-18,0.37534246575342467,P,50.0,-1.341558467278499,0.05,1.0,1.62,1.0844772338867186,1.0,95,191.25
COIN,COIN,2026-09-18,0.37534246575342467,P,55.0,-1.2462482874741745,0.0,2.25,1.07,1.1538128247070314,1.0,14,191.25
COIN,COIN,2026-09-18,0.37534246575342467,P,60.0,-1.1592369104845446,0.0,2.64,0.67,1.111820847167969,1.0,73,191.25
COIN,COIN,2026-09-18,0.37534246575342467,P,65.0,-1.079194202811008,0.0,2.61,1.06,1.0380907470703127,1.0,16,191.25
COIN,COIN,2026-09-18,0.37534246575342467,P,70.0,-1.0050862306572863,0.0,2.12,1.1,0.9338385522460937,1.0,647,191.25
COIN,COIN,2026-09-18,0.37534246575342467,P,75.0,-0.9360933591703348,0.49,1.68,1.29,0.8789074609374999,1.0,228,191.25
COIN,COIN,2026-09-18,0.37534246575342467,P,80.0,-0.8715548380327636,0.85,1.7,1.58,0.8508315698242188,2.0,164,191.25
COIN,COIN,2026-09-18,0.37534246575342467,P,85.0,-0.8109302162163288,1.01,2.82,2.34,0.8707288317871094,8.0,173,191.25
COIN,COIN,2026-09-18,0.37534246575342467,P,90.0,-0.7537718023763802,1.52,2.86,2.83,0.8428970788574219,2.0,191,191.25
COIN,COIN,2026-09-18,0.37534246575342467,P,95.0,-0.6997045811061043,2.39,3.55,2.73,0.853639158935547,1.0,676,191.25
COIN,COIN,2026-09-18,0.37534246575342467,P,100.0,-0.6484112867185537,3.0,3.35,3.61,0.815431533203125,6.0,2193,191.25
COIN,COIN,2026-09-18,0.37534246575342467,P,105.0,-0.5996211225491218,3.6,4.45,4.63,0.8178729150390623,1.0,372,191.25
COIN,COIN,2026-09-18,0.37534246575342467,P,110.0,-0.5531011069142291,4.0,4.75,4.55,0.7863790893554687,74.0,337,191.25
COIN,COIN,2026-09-18,0.37534246575342467,P,115.0,-0.5086493443433951,4.7,5.5,5.1,0.773439765625,1.0,250,191.25
COIN,COIN,2026-09-18,0.37534246575342467,P,120.0,-0.46608972992459924,5.85,6.4,5.97,0.7707542456054688,3.0,462,191.25
COIN,COIN,2026-09-18,0.37534246575342467,P,125.0,-0.4252677354043441,6.7,7.45,8.33,0.7601342346191409,2.0,1062,191.25
COIN,COIN,2026-09-18,0.37534246575342467,P,130.0,-0.38604702225106274,7.75,8.5,8.05,0.7500025,2.0,552,191.25
COIN,COIN,2026-09-18,0.37534246575342467,P,135.0,-0.3483066942682157,8.95,9.6,9.3,0.740114903564453,1.0,947,191.25
COIN,COIN,2026-09-18,0.37534246575342467,P,140.0,-0.31193905009734096,10.3,11.1,10.35,0.7359645544433593,1.0,897,191.25
COIN,COIN,2026-09-18,0.37534246575342467,P,145.0,-0.27684773028607085,11.55,12.6,11.8,0.7266262689208984,1.0,852,191.25
COIN,COIN,2026-09-18,0.37534246575342467,P,150.0,-0.24294617861038947,13.2,14.1,13.82,0.7200345379638673,1.0,2055,191.25
COIN,COIN,2026-09-18,0.37534246575342467,P,155.0,-0.21015635578739858,14.95,15.95,15.32,0.7164334997558592,1.0,463,191.25
COIN,COIN,2026-09-18,0.37534246575342467,P,160.0,-0.17840765747281825,16.8,17.9,17.2,0.7120695297241212,6.0,2719,191.25
COIN,COIN,2026-09-18,0.37534246575342467,P,165.0,-0.14763599880606457,18.75,19.95,18.95,0.7071257315063476,1.0,629,191.25
COIN,COIN,2026-09-18,0.37534246575342467,P,170.0,-0.11778303565638351,20.9,21.85,21.65,0.6998321032714845,4.0,796,191.25
COIN,COIN,2026-09-18,0.37534246575342467,P,175.0,-0.0887954987831312,22.65,24.4,25.42,0.6928131304931642,36.0,494,191.25
COIN,COIN,2026-09-18,0.37534246575342467,P,180.0,-0.060624621816434854,25.4,26.75,27.5,0.6921722677612305,10.0,1051,191.25
COIN,COIN,2026-09-18,0.37534246575342467,P,185.0,-0.03322564762832039,27.9,29.2,28.25,0.6870453659057618,4.0,1031,191.25
COIN,COIN,2026-09-18,0.37534246575342467,P,190.0,-0.006557400546159052,30.55,32.0,31.11,0.6848176049804688,5.0,942,191.25
COIN,COIN,2026-09-18,0.37534246575342467,P,195.0,0.019418085857101516,33.0,35.0,33.63,0.6799958758544924,35.0,388,191.25
COIN,COIN,2026-09-18,0.37534246575342467,P,200.0,0.04473589384139152,36.0,37.8,35.88,0.6765169067382814,9.0,1793,191.25
COIN,COIN,2026-09-18,0.37534246575342467,P,210.0,0.09352605801082355,42.35,44.05,42.6,0.6731294894409182,2.0,1281,191.25
COIN,COIN,2026-09-18,0.37534246575342467,P,220.0,0.14004607364571625,48.95,50.75,49.55,0.6683077603149415,1.0,2574,191.25
COIN,COIN,2026-09-18,0.37534246575342467,P,230.0,0.1844978362165501,55.75,58.0,59.25,0.6632418930053713,2.0,2823,191.25
COIN,COIN,2026-09-18,0.37534246575342467,P,240.0,0.22705745063534608,62.9,65.25,72.5,0.6541172283935548,1.0,1131,191.25
COIN,COIN,2026-09-18,0.37534246575342467,P,250.0,0.26787944515560125,70.3,72.8,70.97,0.6434972174072267,3.0,3147,191.25
COIN,COIN,2026-09-18,0.37534246575342467,P,260.0,0.30710015830888254,77.5,81.05,79.91,0.6310766873168946,4.0,901,191.25
COIN,COIN,2026-09-18,0.37534246575342467,P,270.0,0.3448404862917296,86.85,89.35,83.5,0.6401098001098633,3.0,220,191.25
COIN,COIN,2026-09-18,0.37534246575342467,P,280.0,0.3812081304626043,95.35,98.05,105.56,0.6378820391845703,20.0,1175,191.25
COIN,COIN,2026-09-18,0.37534246575342467,P,290.0,0.41629945027387444,102.15,106.75,114.54,0.6024209680175783,20.0,516,191.25
COIN,COIN,2026-09-18,0.37534246575342467,P,300.0,0.4502010019495558,112.75,115.75,113.0,0.6262854754638674,2.0,615,191.25
COIN,COIN,2026-09-18,0.37534246575342467,P,310.0,0.48299082477254673,120.15,124.75,119.0,0.5875895733642578,10.0,326,191.25
COIN,COIN,2026-09-18,0.37534246575342467,P,320.0,0.514739523087127,130.75,134.1,127.09,0.6127358062744142,1.0,271,191.25
COIN,COIN,2026-09-18,0.37534246575342467,P,330.0,0.5455111817538808,138.8,143.45,127.2,0.5758709405517577,4.0,757,191.25
COIN,COIN,2026-09-18,0.37534246575342467,P,340.0,0.5753641449035618,148.1,153.0,166.5,0.5649457568359376,2.0,294,191.25
COIN,COIN,2026-09-18,0.37534246575342467,P,380.0,0.6865897800137862,186.1,191.3,218.0,0.6909210595703126,1.0,5,191.25
COIN,COIN,2026-09-18,0.37534246575342467,P,400.0,0.7378830744013368,205.75,211.75,202.72,0.7530542272949219,1.0,1,191.25
COIN,COIN,2026-09-18,0.37534246575342467,P,420.0,0.7866732385707689,234.55,239.5,203.25,1.0054371017456054,1.0,0,191.25
COIN,COIN,2026-09-18,0.37534246575342467,P,430.0,0.8102037359809628,244.05,249.4,212.78,1.0141040505981445,3.0,0,191.25
COIN,COIN,2026-09-18,0.37534246575342467,P,440.0,0.8331932542056616,253.95,259.25,221.81,1.0280810314941409,2.0,0,191.25
COIN,COIN,2026-09-18,0.37534246575342467,P,530.0,1.0192955338395222,372.8,380.7,295.18,1.9498293524169925,3.0,0,191.25
COIN,COIN,2026-09-18,0.37534246575342467,P,540.0,1.037987666851675,370.15,377.75,288.87,1.674684243774414,2.0,0,191.25
COIN,COIN,2026-09-18,0.37534246575342467,P,610.0,1.1598774844607118,440.15,447.75,358.62,1.7738353593444822,2.0,0,191.25
COIN,COIN,2026-09-18,0.37534246575342467,P,650.0,1.2233908901830375,492.6,500.7,406.85,2.116887032012939,2.0,0,191.25
COIN,COIN,2026-12-18,0.6246575342465753,C,5.0,-3.644143560272545,182.05,191.3,209.48,2.3808634228515624,36.0,720,191.25
COIN,COIN,2026-12-18,0.6246575342465753,C,10.0,-2.9509963797125995,177.65,186.2,205.83,2.0019581201171874,60.0,34,191.25
COIN,COIN,2026-12-18,0.6246575342465753,C,20.0,-2.257849199152654,168.0,176.55,185.17,1.6015644921874999,30.0,14,191.25
COIN,COIN,2026-12-18,0.6246575342465753,C,45.0,-1.4469189829363254,144.35,152.9,125.27,1.210453166503906,8.0,11,191.25
COIN,COIN,2026-12-18,0.6246575342465753,C,50.0,-1.341558467278499,139.7,148.25,150.7,1.1626018432617187,2.0,31,191.25
COIN,COIN,2026-12-18,0.6246575342465753,C,75.0,-0.9360933591703348,119.15,123.85,111.07,0.99804689453125,8.0,26,191.25
COIN,COIN,2026-12-18,0.6246575342465753,C,80.0,-0.8715548380327636,114.85,119.5,91.31,0.9741213525390625,1.0,83,191.25
COIN,COIN,2026-12-18,0.6246575342465753,C,85.0,-0.8109302162163288,109.25,115.25,94.9,0.9201668139648438,2.0,20,191.25
COIN,COIN,2026-12-18,0.6246575342465753,C,90.0,-0.7537718023763802,106.45,111.05,100.5,0.9332282067871094,2.0,26,191.25
COIN,COIN,2026-12-18,0.6246575342465753,C,95.0,-0.6997045811061043,102.65,107.05,94.7,0.9232185412597658,2.0,30,191.25
COIN,COIN,2026-12-18,0.6246575342465753,C,100.0,-0.6484112867185537,98.95,102.0,90.0,0.8930064410400391,1.0,97,191.25
COIN,COIN,2026-12-18,0.6246575342465753,C,105.0,-0.5996211225491218,94.65,98.95,96.45,0.887147124633789,2.0,17,191.25
COIN,COIN,2026-12-18,0.6246575342465753,C,110.0,-0.5531011069142291,90.9,95.2,99.25,0.875977802734375,1.0,25,191.25
COIN,COIN,2026-12-18,0.6246575342465753,C,115.0,-0.5086493443433951,87.75,91.45,77.9,0.8717053845214844,1.0,594,191.25
COIN,COIN,2026-12-18,0.6246575342465753,C,120.0,-0.46608972992459924,83.6,87.85,90.29,0.8528457098388673,2.0,87,191.25
COIN,COIN,2026-12-18,0.6246575342465753,C,125.0,-0.4252677354043441,80.15,84.3,83.15,0.8430191479492187,3.0,86,191.25
COIN,COIN,2026-12-18,0.6246575342465753,C,130.0,-0.38604702225106274,75.9,80.85,76.05,0.822542057800293,1.0,43,191.25
COIN,COIN,2026-12-18,0.6246575342465753,C,135.0,-0.3483066942682157,73.9,77.55,82.35,0.8300798242187499,2.0,63,191.25
COIN,COIN,2026-12-18,0.6246575342465753,C,140.0,-0.31193905009734096,70.75,74.3,66.0,0.8219011950683592,1.0,44,191.25
COIN,COIN,2026-12-18,0.6246575342465753,C,145.0,-0.27684773028607085,67.7,70.35,60.05,0.8054218676757812,1.0,35,191.25
COIN,COIN,2026-12-18,0.6246575342465753,C,150.0,-0.24294617861038947,64.25,67.3,57.6,0.7932454757690429,2.0,477,191.25
COIN,COIN,2026-12-18,0.6246575342465753,C,155.0,-0.21015635578739858,61.85,64.35,58.1,0.7915059912109376,2.0,135,191.25
COIN,COIN,2026-12-18,0.6246575342465753,C,160.0,-0.17840765747281825,59.45,62.55,62.2,0.7991963439941407,3.0,1418,191.25
COIN,COIN,2026-12-18,0.6246575342465753,C,165.0,-0.14763599880606457,56.0,59.7,56.0,0.7843954666137696,2.0,937,191.25
COIN,COIN,2026-12-18,0.6246575342465753,C,170.0,-0.11778303565638351,53.5,56.1,57.4,0.7704490728759765,3.0,430,191.25
COIN,COIN,2026-12-18,0.6246575342465753,C,175.0,-0.0887954987831312,51.05,54.4,49.6,0.7732566619873047,1.0,158,191.25
COIN,COIN,2026-12-18,0.6246575342465753,C,180.0,-0.060624621816434854,48.85,51.6,50.0,0.7666649310302736,1.0,131,191.25
COIN,COIN,2026-12-18,0.6246575342465753,C,185.0,-0.03322564762832039,46.5,50.4,48.61,0.7715171774291992,2.0,458,191.25
COIN,COIN,2026-12-18,0.6246575342465753,C,190.0,-0.006557400546159052,44.35,47.15,48.0,0.7586999227905274,2.0,147,191.25
COIN,COIN,2026-12-18,0.6246575342465753,C,195.0,0.019418085857101516,42.4,45.8,42.1,0.7627587200927735,2.0,223,191.25
COIN,COIN,2026-12-18,0.6246575342465753,C,200.0,0.04473589384139152,40.65,42.5,41.51,0.7505823281860352,6.0,1352,191.25
COIN,COIN,2026-12-18,0.6246575342465753,C,210.0,0.09352605801082355,36.75,38.95,35.89,0.7450587017822266,1.0,605,191.25
COIN,COIN,2026-12-18,0.6246575342465753,C,220.0,0.14004607364571625,33.35,35.6,34.53,0.740664214477539,1.0,261,191.25
COIN,COIN,2026-12-18,0.6246575342465753,C,230.0,0.1844978362165501,30.35,32.1,31.53,0.7339198971557617,4.0,1915,191.25
COIN,COIN,2026-12-18,0.6246575342465753,C,240.0,0.22705745063534608,27.6,29.95,26.04,0.7363612789916992,3.0,518,191.25
COIN,COIN,2026-12-18,0.6246575342465753,C,250.0,0.26787944515560125,25.1,26.65,26.67,0.7274807525634766,3.0,849,191.25
COIN,COIN,2026-12-18,0.6246575342465753,C,260.0,0.30710015830888254,22.6,24.9,20.19,0.7280605807495117,3.0,846,191.25
COIN,COIN,2026-12-18,0.6246575342465753,C,270.0,0.3448404862917296,20.95,23.35,22.55,0.7344081735229492,25.0,386,191.25
COIN,COIN,2026-12-18,0.6246575342465753,C,280.0,0.3812081304626043,19.05,21.1,20.72,0.729616961669922,67.0,1693,191.25
COIN,COIN,2026-12-18,0.6246575342465753,C,290.0,0.41629945027387444,17.2,18.8,16.0,0.7217435052490235,1.0,476,191.25
COIN,COIN,2026-12-18,0.6246575342465753,C,300.0,0.4502010019495558,16.0,17.0,16.8,0.7214688497924805,4.0,4009,191.25
COIN,COIN,2026-12-18,0.6246575342465753,C,310.0,0.48299082477254673,14.25,15.8,17.43,0.7191190197753907,72.0,1131,191.25
COIN,COIN,2026-12-18,0.6246575342465753,C,320.0,0.514739523087127,13.15,14.4,13.8,0.7187833297729492,1.0,962,191.25
COIN,COIN,2026-12-18,0.6246575342465753,C,330.0,0.5455111817538808,12.05,13.0,10.0,0.7161283270263672,8.0,1554,191.25
COIN,COIN,2026-12-18,0.6246575342465753,C,340.0,0.5753641449035618,11.1,12.4,11.8,0.721407815246582,2.0,694,191.25
COIN,COIN,2026-12-18,0.6246575342465753,C,350.0,0.6043516817768141,10.05,11.0,10.95,0.7150602224731445,2.0,953,191.25
COIN,COIN,2026-12-18,0.6246575342465753,C,360.0,0.6325225587435105,9.3,10.6,9.25,0.721407815246582,2.0,327,191.25
COIN,COIN,2026-12-18,0.6246575342465753,C,370.0,0.6599215329316249,8.55,10.1,7.8,0.7252529916381835,45.0,376,191.25
COIN,COIN,2026-12-18,0.6246575342465753,C,380.0,0.6865897800137862,7.85,9.65,10.2,0.7289760989379883,2.0,435,191.25
COIN,COIN,2026-12-18,0.6246575342465753,C,390.0,0.7125652664170469,6.5,7.95,10.7,0.7064848687744141,10.0,518,191.25
COIN,COIN,2026-12-18,0.6246575342465753,C,400.0,0.7378830744013368,6.7,7.5,7.0,0.7190885025024415,32.0,1876,191.25
COIN,COIN,2026-12-18,0.6246575342465753,C,410.0,0.7625756869917082,6.05,7.15,7.12,0.7204617797851562,1.0,101,191.25
COIN,COIN,2026-12-18,0.6246575342465753,C,420.0,0.7866732385707689,5.65,6.55,7.52,0.7205838488769531,10.0,320,191.25
COIN,COIN,2026-12-18,0.6246575342465753,C,430.0,0.8102037359809628,5.25,5.95,8.23,0.7194852270507812,25.0,218,191.25
COIN,COIN,2026-12-18,0.6246575342465753,C,440.0,0.8331932542056616,4.9,5.7,5.45,0.723513507080078,1.0,271,191.25
COIN,COIN,2026-12-18,0.6246575342465753,C,450.0,0.8556661100577203,4.55,5.1,5.04,0.72070591796875,6.0,997,191.25
COIN,COIN,2026-12-18,0.6246575342465753,C,460.0,0.8776450167764954,4.25,4.9,4.72,0.7246121289062499,4.0,281,191.25
COIN,COIN,2026-12-18,0.6246575342465753,C,470.0,0.8991512219974591,3.85,4.5,4.6,0.7221707470703125,2.0,371,191.25
COIN,COIN,2026-12-18,0.6246575342465753,C,480.0,0.9202046311952914,3.65,4.4,6.22,0.7282131671142578,14.0,244,191.25
COIN,COIN,2026-12-18,0.6246575342465753,C,490.0,0.940823918398027,3.4,4.1,3.62,0.7287624780273438,2.0,184,191.25
COIN,COIN,2026-12-18,0.6246575342465753,C,500.0,0.9610266257155465,3.35,3.8,3.66,0.7325466198730468,6.0,2143,191.25
COIN,COIN,2026-12-18,0.6246575342465753,C,510.0,0.9808292530117262,2.84,4.05,5.05,0.7377955908203124,2.0,506,191.25
COIN,COIN,2026-12-18,0.6246575342465753,C,520.0,1.0002473388688278,2.43,3.35,2.85,0.7230252307128906,40.0,591,191.25
COIN,COIN,2026-12-18,0.6246575342465753,C,530.0,1.0192955338395222,2.37,3.2,4.74,0.7279079943847657,1.0,165,191.25
COIN,COIN,2026-12-18,0.6246575342465753,C,540.0,1.037987666851675,1.49,3.15,2.1,0.7135038415527344,7.0,336,191.25
COIN,COIN,2026-12-18,0.6246575342465753,C,550.0,1.0563368055198714,2.13,3.0,2.5,0.7359645544433593,20.0,1217,191.25
COIN,COIN,2026-12-18,0.6246575342465753,C,560.0,1.0743553110225497,1.83,3.05,2.36,0.7384669708251952,3.0,185,191.25
COIN,COIN,2026-12-18,0.6246575342465753,C,570.0,1.0920548881219507,1.7,2.74,2.2,0.7351100708007812,3.0,407,191.25
COIN,COIN,2026-12-18,0.6246575342465753,C,580.0,1.1094466308338198,1.66,2.61,1.07,0.7388942126464844,2.0,265,191.25
COIN,COIN,2026-12-18,0.6246575342465753,C,590.0,1.12654106419312,2.18,3.75,2.69,0.7919942675781251,1.0,290,191.25
COIN,COIN,2026-12-18,0.6246575342465753,C,600.0,1.143348182509501,1.24,2.37,1.62,0.7348659326171875,20.0,806,191.25
COIN,COIN,2026-12-18,0.6246575342465753,C,610.0,1.1598774844607118,0.72,2.86,2.4,0.7418238708496092,2.0,123,191.25
COIN,COIN,2026-12-18,0.6246575342465753,C,620.0,1.1761380053324921,0.81,2.65,2.05,0.7456080126953125,2.0,434,191.25
COIN,COIN,2026-12-18,0.6246575342465753,C,630.0,1.192138346678933,0.16,2.71,2.06,0.7314479980468749,2.0,132,191.25
COIN,COIN,2026-12-18,0.6246575342465753,C,640.0,1.2078867036470724,0.05,2.71,2.06,0.7344997253417969,2.0,65,191.25
COIN,COIN,2026-12-18,0.6246575342465753,C,650.0,1.2233908901830375,0.09,2.5,1.2,0.7347438635253907,1.0,163,191.25
COIN,COIN,2026-12-18,0.6246575342465753,C,660.0,1.238658362313826,0.22,2.65,1.64,0.7532983654785157,78.0,363,191.25
COIN,COIN,2026-12-18,0.6246575342465753,C,670.0,1.2536962396783666,0.04,2.26,1.68,0.7358424853515625,36.0,745,191.25
COIN,COIN,2026-12-18,0.6246575342465753,C,680.0,1.2685113254635072,0.0,2.89,4.97,0.7679466564941408,3.0,536,191.25
COIN,COIN,2026-12-18,0.6246575342465753,C,690.0,1.28311012488466,0.83,2.35,2.44,0.786012882080078,21.0,769,191.25
COIN,COIN,2026-12-18,0.6246575342465753,C,700.0,1.2974988623367594,0.72,1.25,1.2,0.7395045581054687,4.0,750,191.25
COIN,COIN,2026-12-18,0.6246575342465753,C,710.0,1.311683497328716,0.13,1.91,1.43,0.7495142236328125,97.0,247,191.25
COIN,COIN,2026-12-18,0.6246575342465753,C,720.0,1.3256697393034558,0.0,0.0,1.0,0.2500075,1.0,0,191.25
COIN,COIN,2026-12-18,0.6246575342465753,C,730.0,1.3394630614357916,0.0,3.3,1.03,0.8166522241210936,1.0,85,191.25
COIN,COIN,2026-12-18,0.6246575342465753,C,740.0,1.3530687134915702,0.0,4.8,0.45,0.8731702136230468,1.0,41,191.25
COIN,COIN,2026-12-18,0.6246575342465753,C,750.0,1.3664917338237108,0.02,1.99,1.38,0.7722190747070312,28.0,61,191.25
COIN,COIN,2026-12-18,0.6246575342465753,C,760.0,1.3797369605737315,0.02,2.84,1.11,0.8176287768554686,1.0,4,191.25
COIN,COIN,2026-12-18,0.6246575342465753,C,770.0,1.3928090421410844,0.0,5.25,1.7,0.905274384765625,1.0,8,191.25
COIN,COIN,2026-12-18,0.6246575342465753,C,780.0,1.4057124469769922,0.0,3.05,1.25,0.8372819006347656,6.0,85,191.25
COIN,COIN,2026-12-18,0.6246575342465753,C,790.0,1.418451472754422,0.0,0.0,0.01,0.2500075,,0,191.25
COIN,COIN,2026-12-18,0.6246575342465753,C,800.0,1.4310302549612821,0.0,3.55,1.0,0.868165380859375,4.0,208,191.25
COIN,COIN,2026-12-18,0.6246575342465753,C,810.0,1.4434527749598391,0.0,2.88,0.8,0.8472915661621092,67.0,44,191.25
COIN,COIN,2026-12-18,0.6246575342465753,C,820.0,1.4557228675516536,0.0,3.0,0.9,0.8579115771484375,5.0,8,191.25
COIN,COIN,2026-12-18,0.6246575342465753,C,830.0,1.4678442280839983,0.2,2.72,0.3,0.8598646826171875,1.0,38,191.25
COIN,COIN,2026-12-18,0.6246575342465753,C,840.0,1.4798204191307143,0.0,2.67,1.04,0.8542495043945313,6.0,29,191.25
COIN,COIN,2026-12-18,0.6246575342465753,C,850.0,1.491654876777717,0.05,1.29,0.82,0.7851583984375,1.0,859,191.25
COIN,COIN,2026-12-18,0.6246575342465753,C,860.0,1.5033509165409082,0.0,2.22,0.48,0.8430191479492187,1.0,25,191.25
COIN,COIN,2026-12-18,0.6246575342465753,C,870.0,1.5149117389419842,0.0,2.1,0.46,0.84179845703125,1.0,349,191.25
COIN,COIN,2026-12-18,0.6246575342465753,C,880.0,1.5263404347656069,0.35,0.59,0.42,0.7666038964843751,8.0,604,191.25
COIN,COIN,2026-12-18,0.6246575342465753,P,5.0,-3.644143560272545,0.0,0.05,0.01,1.640626796875,6.0,976,191.25
COIN,COIN,2026-12-18,0.6246575342465753,P,10.0,-2.9509963797125995,0.0,0.78,0.03,1.8203133984375,4.0,14,191.25
COIN,COIN,2026-12-18,0.6246575342465753,P,15.0,-2.5455312716044354,0.0,1.29,0.06,1.677735986328125,2.0,4,191.25
COIN,COIN,2026-12-18,0.6246575342465753,P,20.0,-2.257849199152654,0.0,0.32,0.2,1.201175869140625,2.0,761,191.25
COIN,COIN,2026-12-18,0.6246575342465753,P,25.0,-2.0347056478384444,0.0,4.55,0.59,1.6992202539062502,3.0,13,191.25
COIN,COIN,2026-12-18,0.6246575342465753,P,30.0,-1.8523840910444898,0.0,1.6,0.4,1.2436561254882812,10.0,63,191.25
COIN,COIN,2026-12-18,0.6246575342465753,P,35.0,-1.6982334112172317,0.0,1.16,0.59,1.0791061669921875,1.0,62,191.25
COIN,COIN,2026-12-18,0.6246575342465753,P,40.0,-1.564702018592709,0.05,1.05,0.6,0.9863282617187501,32.0,187,191.25
COIN,COIN,2026-12-18,0.6246575342465753,P,45.0,-1.4469189829363254,0.04,1.85,0.82,1.001958115234375,10.0,111,191.25
COIN,COIN,2026-12-18,0.6246575342465753,P,50.0,-1.341558467278499,0.52,1.5,1.25,0.9428716650390624,11.0,154,191.25
COIN,COIN,2026-12-18,0.6246575342465753,P,75.0,-0.9360933591703348,2.79,3.15,3.28,0.8531508825683594,5.0,315,191.25
COIN,COIN,2026-12-18,0.6246575342465753,P,80.0,-0.8715548380327636,3.5,3.85,3.65,0.8472915661621092,3.0,399,191.25
COIN,COIN,2026-12-18,0.6246575342465753,P,85.0,-0.8109302162163288,3.9,4.5,4.26,0.8265398205566405,2.0,371,191.25
COIN,COIN,2026-12-18,0.6246575342465753,P,90.0,-0.7537718023763802,4.2,5.15,5.75,0.8017597949218749,4.0,155,191.25
COIN,COIN,2026-12-18,0.6246575342465753,P,95.0,-0.6997045811061043,5.2,6.15,5.67,0.8006001385498047,1.0,105,191.25
COIN,COIN,2026-12-18,0.6246575342465753,P,100.0,-0.6484112867185537,6.2,7.1,7.12,0.7937032348632812,4.0,724,191.25
COIN,COIN,2026-12-18,0.6246575342465753,P,105.0,-0.5996211225491218,7.1,8.1,7.55,0.7826559820556642,2.0,669,191.25
COIN,COIN,2026-12-18,0.6246575342465753,P,110.0,-0.5531011069142291,8.1,9.05,10.03,0.770082865600586,176.0,190,191.25
COIN,COIN,2026-12-18,0.6246575342465753,P,115.0,-0.5086493443433951,9.4,10.1,11.21,0.7618432019042969,31.0,142,191.25
COIN,COIN,2026-12-18,0.6246575342465753,P,120.0,-0.46608972992459924,10.65,11.6,11.02,0.7570825073242189,1.0,385,191.25
COIN,COIN,2026-12-18,0.6246575342465753,P,125.0,-0.4252677354043441,11.55,13.15,14.27,0.7454249090576173,6.0,172,191.25
COIN,COIN,2026-12-18,0.6246575342465753,P,130.0,-0.38604702225106274,13.35,14.2,13.85,0.7372157626342773,4.0,398,191.25
COIN,COIN,2026-12-18,0.6246575342465753,P,135.0,-0.3483066942682157,14.9,15.85,15.4,0.7312038598632812,1.0,1282,191.25
COIN,COIN,2026-12-18,0.6246575342465753,P,140.0,-0.31193905009734096,16.7,17.65,17.2,0.7276943734741211,7.0,500,191.25
COIN,COIN,2026-12-18,0.6246575342465753,P,145.0,-0.27684773028607085,18.55,19.45,19.9,0.7224148852539063,7.0,1226,191.25
COIN,COIN,2026-12-18,0.6246575342465753,P,150.0,-0.24294617861038947,20.4,21.45,20.78,0.7172269488525391,4.0,918,191.25
COIN,COIN,2026-12-18,0.6246575342465753,P,155.0,-0.21015635578739858,22.35,23.45,22.71,0.7110624597167969,3.0,345,191.25
COIN,COIN,2026-12-18,0.6246575342465753,P,160.0,-0.17840765747281825,24.4,25.0,24.85,0.6997100341796876,11.0,1119,191.25
COIN,COIN,2026-12-18,0.6246575342465753,P,165.0,-0.14763599880606457,26.6,27.9,28.0,0.7012664151000977,1.0,655,191.25
COIN,COIN,2026-12-18,0.6246575342465753,P,170.0,-0.11778303565638351,28.9,30.25,29.41,0.6965362377929689,1.0,573,191.25
COIN,COIN,2026-12-18,0.6246575342465753,P,175.0,-0.0887954987831312,30.8,32.75,34.87,0.6878388150024416,1.0,471,191.25
COIN,COIN,2026-12-18,0.6246575342465753,P,180.0,-0.060624621816434854,33.5,35.8,39.18,0.689700368652344,6.0,839,191.25
COIN,COIN,2026-12-18,0.6246575342465753,P,185.0,-0.03322564762832039,36.55,38.15,39.71,0.6866791586303712,5.0,349,191.25
COIN,COIN,2026-12-18,0.6246575342465753,P,190.0,-0.006557400546159052,39.25,40.7,39.82,0.6808198422241213,67.0,556,191.25
COIN,COIN,2026-12-18,0.6246575342465753,P,195.0,0.019418085857101516,41.85,43.3,42.18,0.673098972167969,54.0,791,191.25
COIN,COIN,2026-12-18,0.6246575342465753,P,200.0,0.04473589384139152,44.95,46.55,45.5,0.6736482830810548,81.0,1152,191.25
COIN,COIN,2026-12-18,0.6246575342465753,P,210.0,0.09352605801082355,51.25,53.3,53.75,0.6733736276245119,2.0,393,191.25
COIN,COIN,2026-12-18,0.6246575342465753,P,220.0,0.14004607364571625,57.35,59.25,57.6,0.6595187857055665,3.0,759,191.25
COIN,COIN,2026-12-18,0.6246575342465753,P,230.0,0.1844978362165501,64.3,66.3,71.5,0.6568332656860353,24.0,1055,191.25
COIN,COIN,2026-12-18,0.6246575342465753,P,240.0,0.22705745063534608,71.15,73.55,71.32,0.6503330865478516,4.0,532,191.25
COIN,COIN,2026-12-18,0.6246575342465753,P,250.0,0.26787944515560125,78.65,80.65,76.9,0.6435582519531251,11.0,703,191.25
COIN,COIN,2026-12-18,0.6246575342465753,P,260.0,0.30710015830888254,85.0,88.4,84.49,0.6280249600219728,21.0,558,191.25
COIN,COIN,2026-12-18,0.6246575342465753,P,270.0,0.3448404862917296,93.15,96.65,93.59,0.6286353054809571,1.0,422,191.25
COIN,COIN,2026-12-18,0.6246575342465753,P,280.0,0.3812081304626043,101.85,104.55,106.5,0.6275672009277344,1.0,351,191.25
COIN,COIN,2026-12-18,0.6246575342465753,P,290.0,0.41629945027387444,109.55,112.6,101.28,0.614658394470215,1.0,412,191.25
COIN,COIN,2026-12-18,0.6246575342465753,P,300.0,0.4502010019495558,117.75,121.1,116.68,0.6071206280517578,1.0,1607,191.25
COIN,COIN,2026-12-18,0.6246575342465753,P,310.0,0.48299082477254673,126.6,129.9,114.42,0.6062051098632814,1.0,750,191.25
COIN,COIN,2026-12-18,0.6246575342465753,P,320.0,0.514739523087127,135.2,138.5,137.0,0.5970194107055665,2.0,179,191.25
COIN,COIN,2026-12-18,0.6246575342465753,P,330.0,0.5455111817538808,143.5,147.95,145.55,0.5907633697509767,2.0,395,191.25
COIN,COIN,2026-12-18,0.6246575342465753,P,340.0,0.5753641449035618,153.2,156.6,151.7,0.5891154370117189,20.0,103,191.25
COIN,COIN,2026-12-18,0.6246575342465753,P,350.0,0.6043516817768141,162.3,165.6,160.5,0.5811199114990235,2.0,585,191.25
COIN,COIN,2026-12-18,0.6246575342465753,P,360.0,0.6325225587435105,171.85,175.05,172.65,0.5836833624267577,1.0,109,191.25
COIN,COIN,2026-12-18,0.6246575342465753,P,370.0,0.6599215329316249,178.6,186.9,181.95,0.5775799078369142,1.0,74,191.25
COIN,COIN,2026-12-18,0.6246575342465753,P,380.0,0.6865897800137862,188.35,196.05,179.15,0.573795765991211,2.0,37,191.25
COIN,COIN,2026-12-18,0.6246575342465753,P,400.0,0.7378830744013368,208.3,212.7,209.3,0.5267381311035157,2.0,73,191.25
COIN,COIN,2026-12-18,0.6246575342465753,P,410.0,0.7625756869917082,216.75,224.15,205.99,0.537236072998047,2.0,8,191.25
COIN,COIN,2026-12-18,0.6246575342465753,P,420.0,0.7866732385707689,223.9,229.1,274.48,0.4348201049804688,1.0,3,191.25
COIN,COIN,2026-12-18,0.6246575342465753,P,490.0,0.940823918398027,303.9,309.55,280.43,0.8680433117675781,1.0,0,191.25
COIN,COIN,2026-12-18,0.6246575342465753,P,520.0,1.0002473388688278,362.0,371.0,275.44,1.4990564598083493,1.0,0,191.25
COIN,COIN,2026-12-18,0.6246575342465753,P,530.0,1.0192955338395222,372.0,381.0,285.68,1.511751708831787,1.0,0,191.25
COIN,COIN,2027-03-19,0.873972602739726,C,10.0,-2.9509963797125995,177.0,187.0,151.9,1.7285169824218751,2.0,0,191.25
COIN,COIN,2027-03-19,0.873972602739726,C,25.0,-2.0347056478384444,163.0,173.0,148.3,1.3537629968261715,2.0,1,191.25
COIN,COIN,2027-03-19,0.873972602739726,C,30.0,-1.8523840910444898,158.0,168.0,152.0,1.226322227783203,,2,191.25
COIN,COIN,2027-03-19,0.873972602739726,C,40.0,-1.564702018592709,164.0,174.0,160.3,2.232548363952636,20.0,0,191.25
COIN,COIN,2027-03-19,0.873972602739726,C,45.0,-1.4469189829363254,145.0,154.0,161.8,1.106205640869141,,1,191.25
COIN,COIN,2027-03-19,0.873972602739726,C,50.0,-1.341558467278499,140.0,150.0,149.98,1.0673874755859378,,7,191.25
COIN,COIN,2027-03-19,0.873972602739726,C,80.0,-0.8715548380327636,115.0,124.0,103.95,0.9209602630615235,,1,191.25
COIN,COIN,2027-03-19,0.873972602739726,C,85.0,-0.8109302162163288,111.0,120.3,100.74,0.9094857684326172,1.0,1,191.25
COIN,COIN,2027-03-19,0.873972602739726,C,90.0,-0.7537718023763802,107.0,117.0,95.5,0.9025278302001953,20.0,9,191.25
COIN,COIN,2027-03-19,0.873972602739726,C,95.0,-0.6997045811061043,103.0,111.25,129.75,0.855042953491211,2.0,22,191.25
COIN,COIN,2027-03-19,0.873972602739726,C,100.0,-0.6484112867185537,101.6,108.2,100.25,0.8873912628173828,7.0,25,191.25
COIN,COIN,2027-03-19,0.873972602739726,C,105.0,-0.5996211225491218,96.0,103.6,102.4,0.8349015533447264,8.0,30,191.25
COIN,COIN,2027-03-19,0.873972602739726,C,110.0,-0.5531011069142291,95.0,99.5,86.1,0.8507705352783204,3.0,14,191.25
COIN,COIN,2027-03-19,0.873972602739726,C,115.0,-0.5086493443433951,89.0,97.0,90.05,0.8213518841552734,5.0,40,191.25
COIN,COIN,2027-03-19,0.873972602739726,C,120.0,-0.46608972992459924,88.3,93.75,103.6,0.8443924252319336,2.0,42,191.25
COIN,COIN,2027-03-19,0.873972602739726,C,125.0,-0.4252677354043441,83.0,89.5,88.1,0.8022480712890624,7.0,33,191.25
COIN,COIN,2027-03-19,0.873972602739726,C,130.0,-0.38604702225106274,82.4,87.75,88.87,0.836366382446289,7.0,62,191.25
COIN,COIN,2027-03-19,0.873972602739726,C,135.0,-0.3483066942682157,77.5,84.6,96.55,0.8091144577026367,2.0,13,191.25
COIN,COIN,2027-03-19,0.873972602739726,C,140.0,-0.31193905009734096,74.0,81.35,81.5,0.7944966839599608,1.0,32,191.25
COIN,COIN,2027-03-19,0.873972602739726,C,145.0,-0.27684773028607085,72.7,80.0,94.16,0.8169879141235351,13.0,27,191.25
COIN,COIN,2027-03-19,0.873972602739726,C,150.0,-0.24294617861038947,71.2,75.0,77.9,0.8020344503784179,3.0,42,191.25
COIN,COIN,2027-03-19,0.873972602739726,C,155.0,-0.21015635578739858,68.0,74.6,78.03,0.8115863568115234,2.0,4,191.25
COIN,COIN,2027-03-19,0.873972602739726,C,160.0,-0.17840765747281825,64.75,72.0,68.75,0.8002034140014648,2.0,24,191.25
COIN,COIN,2027-03-19,0.873972602739726,C,165.0,-0.14763599880606457,63.4,67.25,56.25,0.7859823648071288,10.0,22,191.25
COIN,COIN,2027-03-19,0.873972602739726,C,170.0,-0.11778303565638351,60.0,65.6,59.2,0.7796042547607422,1.0,29,191.25
COIN,COIN,2027-03-19,0.873972602739726,C,175.0,-0.0887954987831312,58.5,64.65,57.9,0.7926961648559571,5.0,43,191.25
COIN,COIN,2027-03-19,0.873972602739726,C,180.0,-0.060624621816434854,54.6,61.85,55.87,0.7712730392456054,5.0,30,191.25
COIN,COIN,2027-03-19,0.873972602739726,C,185.0,-0.03322564762832039,53.1,58.5,55.8,0.7635521691894531,2.0,58,191.25
COIN,COIN,2027-03-19,0.873972602739726,C,190.0,-0.006557400546159052,51.0,55.85,49.6,0.7557702645874024,2.0,61,191.25
COIN,COIN,2027-03-19,0.873972602739726,C,195.0,0.019418085857101516,47.0,54.0,53.22,0.7390467990112304,3.0,60,191.25
COIN,COIN,2027-03-19,0.873972602739726,C,200.0,0.04473589384139152,47.6,52.35,50.05,0.756685782775879,6.0,737,191.25
COIN,COIN,2027-03-19,0.873972602739726,C,210.0,0.09352605801082355,43.85,47.9,44.5,0.7446009426879883,9.0,140,191.25
COIN,COIN,2027-03-19,0.873972602739726,C,220.0,0.14004607364571625,41.25,45.55,39.2,0.7524133645629882,2.0,109,191.25
COIN,COIN,2027-03-19,0.873972602739726,C,230.0,0.1844978362165501,38.1,41.7,40.24,0.7425868026733399,3.0,70,191.25
COIN,COIN,2027-03-19,0.873972602739726,C,240.0,0.22705745063534608,35.7,38.45,41.7,0.739413006286621,4.0,52,191.25
COIN,COIN,2027-03-19,0.873972602739726,C,250.0,0.26787944515560125,32.9,36.85,35.1,0.7423426644897461,3.0,69,191.25
COIN,COIN,2027-03-19,0.873972602739726,C,260.0,0.30710015830888254,30.6,34.75,30.5,0.7428004235839842,2.0,43,191.25
COIN,COIN,2027-03-19,0.873972602739726,C,270.0,0.3448404862917296,27.65,30.65,25.16,0.7222317816162109,12.0,48,191.25
COIN,COIN,2027-03-19,0.873972602739726,C,280.0,0.3812081304626043,26.0,28.05,28.03,0.71914953704834,1.0,38,191.25
COIN,COIN,2027-03-19,0.873972602739726,C,290.0,0.41629945027387444,23.8,26.5,22.4,0.7175626388549804,1.0,38,191.25
COIN,COIN,2027-03-19,0.873972602739726,C,300.0,0.4502010019495558,21.5,25.45,24.5,0.7169522933959961,1.0,684,191.25
COIN,COIN,2027-03-19,0.873972602739726,C,310.0,0.48299082477254673,19.9,24.0,20.25,0.71679970703125,40.0,50,191.25
COIN,COIN,2027-03-19,0.873972602739726,P,10.0,-2.9509963797125995,0.0,8.6,0.04,2.7910186474609375,,0,191.25
COIN,COIN,2027-03-19,0.873972602739726,P,30.0,-1.8523840910444898,0.25,5.45,0.7,1.3750031249999999,2.0,4,191.25
COIN,COIN,2027-03-19,0.873972602739726,P,35.0,-1.6982334112172317,0.0,5.65,1.02,1.253665841064453,,7,191.25
COIN,COIN,2027-03-19,0.873972602739726,P,40.0,-1.564702018592709,0.0,5.8,1.04,1.1616252856445315,,2,191.25
COIN,COIN,2027-03-19,0.873972602739726,P,45.0,-1.4469189829363254,0.01,5.95,1.39,1.0825241186523438,,1,191.25
COIN,COIN,2027-03-19,0.873972602739726,P,50.0,-1.341558467278499,0.08,6.2,2.06,1.01953615234375,100.0,299,191.25
COIN,COIN,2027-03-19,0.873972602739726,P,75.0,-0.9360933591703348,4.55,5.45,4.44,0.8328874133300779,1.0,5,191.25
COIN,COIN,2027-03-19,0.873972602739726,P,80.0,-0.8715548380327636,4.1,6.6,5.5,0.7990742749023438,1.0,21,191.25
COIN,COIN,2027-03-19,0.873972602739726,P,85.0,-0.8109302162163288,6.1,7.4,6.68,0.8096942858886718,6.0,137,191.25
COIN,COIN,2027-03-19,0.873972602739726,P,90.0,-0.7537718023763802,6.1,8.8,7.35,0.7883321948242188,1.0,79,191.25
COIN,COIN,2027-03-19,0.873972602739726,P,95.0,-0.6997045811061043,6.45,10.5,8.85,0.7774680456542968,27.0,41,191.25
COIN,COIN,2027-03-19,0.873972602739726,P,100.0,-0.6484112867185537,9.1,10.35,9.5,0.7716697637939454,2.0,119,191.25
COIN,COIN,2027-03-19,0.873972602739726,P,105.0,-0.5996211225491218,8.9,13.7,10.7,0.7725852819824219,1.0,67,191.25
COIN,COIN,2027-03-19,0.873972602739726,P,110.0,-0.5531011069142291,11.55,14.0,12.05,0.7676414837646486,1.0,122,191.25
COIN,COIN,2027-03-19,0.873972602739726,P,115.0,-0.5086493443433951,11.3,17.5,13.5,0.7641930319213868,1.0,154,191.25
COIN,COIN,2027-03-19,0.873972602739726,P,120.0,-0.46608972992459924,13.25,18.05,14.9,0.7497583618164063,7.0,109,191.25
COIN,COIN,2027-03-19,0.873972602739726,P,125.0,-0.4252677354043441,14.2,18.3,16.45,0.7199124688720704,4.0,114,191.25
COIN,COIN,2027-03-19,0.873972602739726,P,130.0,-0.38604702225106274,17.0,21.05,17.65,0.7366664517211915,2.0,67,191.25
COIN,COIN,2027-03-19,0.873972602739726,P,135.0,-0.3483066942682157,19.4,21.3,24.95,0.7204617797851562,22.0,40,191.25
COIN,COIN,2027-03-19,0.873972602739726,P,140.0,-0.31193905009734096,20.3,24.45,22.05,0.7171048797607422,36.0,221,191.25
COIN,COIN,2027-03-19,0.873972602739726,P,145.0,-0.27684773028607085,22.15,26.0,24.05,0.7060576269531251,40.0,97,191.25
COIN,COIN,2027-03-19,0.873972602739726,P,150.0,-0.24294617861038947,25.6,27.2,25.55,0.7051115914916993,21.0,41,191.25
COIN,COIN,2027-03-19,0.873972602739726,P,155.0,-0.21015635578739858,27.8,29.35,27.8,0.699923655090332,26.0,79,191.25
COIN,COIN,2027-03-19,0.873972602739726,P,160.0,-0.17840765747281825,30.2,33.1,30.2,0.7084684915161132,11.0,616,191.25
COIN,COIN,2027-03-19,0.873972602739726,P,165.0,-0.14763599880606457,32.6,34.55,32.6,0.6962920996093751,9.0,82,191.25
COIN,COIN,2027-03-19,0.873972602739726,P,170.0,-0.11778303565638351,33.55,37.15,35.1,0.680911394042969,3.0,23,191.25
COIN,COIN,2027-03-19,0.873972602739726,P,175.0,-0.0887954987831312,37.2,39.25,41.73,0.6818574295043948,2.0,692,191.25
COIN,COIN,2027-03-19,0.873972602739726,P,180.0,-0.060624621816434854,39.75,41.95,44.63,0.6776460458374024,15.0,49,191.25
COIN,COIN,2027-03-19,0.873972602739726,P,185.0,-0.03322564762832039,39.65,47.4,42.75,0.6730684548950198,15.0,144,191.25
COIN,COIN,2027-03-19,0.873972602739726,P,190.0,-0.006557400546159052,43.1,47.7,46.03,0.6556430920410157,3.0,148,191.25
COIN,COIN,2027-03-19,0.873972602739726,P,195.0,0.019418085857101516,46.5,51.3,48.18,0.6611056838989259,2.0,148,191.25
COIN,COIN,2027-03-19,0.873972602739726,P,200.0,0.04473589384139152,50.7,54.55,57.2,0.6685824157714846,1.0,202,191.25
COIN,COIN,2027-03-19,0.873972602739726,P,210.0,0.09352605801082355,56.45,60.25,60.85,0.6556125747680664,1.0,125,191.25
COIN,COIN,2027-03-19,0.873972602739726,P,220.0,0.14004607364571625,63.8,66.15,67.1,0.6517063638305666,1.0,482,191.25
COIN,COIN,2027-03-19,0.873972602739726,P,230.0,0.1844978362165501,70.35,73.05,71.2,0.6456334265136718,2.0,236,191.25
COIN,COIN,2027-03-19,0.873972602739726,P,240.0,0.22705745063534608,76.75,79.65,84.35,0.6330603100585939,1.0,86,191.25
COIN,COIN,2027-03-19,0.873972602739726,P,250.0,0.26787944515560125,83.8,89.7,84.5,0.6461522201538085,2.0,425,191.25
COIN,COIN,2027-03-19,0.873972602739726,P,260.0,0.30710015830888254,90.05,94.35,92.9,0.6122475299072268,2.0,37,191.25
COIN,COIN,2027-03-19,0.873972602739726,P,270.0,0.3448404862917296,96.0,104.35,98.2,0.6113625289916994,2.0,69,191.25
COIN,COIN,2027-03-19,0.873972602739726,P,280.0,0.3812081304626043,106.4,113.0,99.4,0.6309851354980469,10.0,20,191.25
COIN,COIN,2027-03-19,0.873972602739726,P,290.0,0.41629945027387444,112.0,117.9,113.65,0.583286637878418,2.0,8,191.25
COIN,COIN,2027-03-19,0.873972602739726,P,300.0,0.4502010019495558,122.05,126.3,115.45,0.5939371661376953,3.0,9,191.25
COIN,COIN,2027-03-19,0.873972602739726,P,310.0,0.48299082477254673,130.2,135.6,124.9,0.594730615234375,2.0,6,191.25
COIN,COIN,2027-12-17,1.621917808219178,C,5.0,-3.644143560272545,182.0,192.0,203.0,1.6601579492187502,1.0,1863,191.25
COIN,COIN,2027-12-17,1.621917808219178,C,20.0,-2.257849199152654,184.0,193.0,182.22,3.069338264160156,3.0,4,191.25
COIN,COIN,2027-12-17,1.621917808219178,C,30.0,-1.8523840910444898,161.0,170.0,144.99,1.1261030023193361,,3,191.25
COIN,COIN,2027-12-17,1.621917808219178,C,40.0,-1.564702018592709,152.0,162.0,141.5,1.0332079589843752,1.0,1,191.25
COIN,COIN,2027-12-17,1.621917808219178,C,45.0,-1.4469189829363254,149.0,158.0,155.51,1.0296679376220703,1.0,4,191.25
COIN,COIN,2027-12-17,1.621917808219178,C,50.0,-1.341558467278499,145.0,155.0,158.53,1.0205127099609377,2.0,5,191.25
COIN,COIN,2027-12-17,1.621917808219178,C,80.0,-0.8715548380327636,124.5,133.0,109.0,0.9202888830566407,1.0,81,191.25
COIN,COIN,2027-12-17,1.621917808219178,C,85.0,-0.8109302162163288,122.0,127.35,114.82,0.8895885064697264,1.0,175,191.25
COIN,COIN,2027-12-17,1.621917808219178,C,90.0,-0.7537718023763802,119.35,125.15,111.77,0.8965464447021483,8.0,29,191.25
COIN,COIN,2027-12-17,1.621917808219178,C,95.0,-0.6997045811061043,114.0,122.0,138.0,0.8628553753662109,16.0,23,191.25
COIN,COIN,2027-12-17,1.621917808219178,C,100.0,-0.6484112867185537,111.7,118.75,121.88,0.8598646826171875,12.0,66,191.25
COIN,COIN,2027-12-17,1.621917808219178,C,105.0,-0.5996211225491218,109.35,114.55,122.64,0.846131909790039,4.0,19,191.25
COIN,COIN,2027-12-17,1.621917808219178,C,110.0,-0.5531011069142291,105.0,112.75,100.43,0.8356339678955076,1.0,27,191.25
COIN,COIN,2027-12-17,1.621917808219178,C,115.0,-0.5086493443433951,103.7,111.0,116.94,0.8511367425537109,8.0,26,191.25
COIN,COIN,2027-12-17,1.621917808219178,C,120.0,-0.46608972992459924,100.45,107.75,114.03,0.835695002441406,1.0,16,191.25
COIN,COIN,2027-12-17,1.621917808219178,C,125.0,-0.4252677354043441,97.5,104.75,106.22,0.824525680541992,2.0,75,191.25
COIN,COIN,2027-12-17,1.621917808219178,C,130.0,-0.38604702225106274,94.0,103.0,98.9,0.8183306741333006,2.0,38,191.25
COIN,COIN,2027-12-17,1.621917808219178,C,135.0,-0.3483066942682157,91.0,100.7,106.01,0.811128597717285,8.0,48,191.25
COIN,COIN,2027-12-17,1.621917808219178,C,140.0,-0.31193905009734096,89.0,98.0,106.02,0.807619111328125,1.0,79,191.25
COIN,COIN,2027-12-17,1.621917808219178,C,145.0,-0.27684773028607085,89.4,95.95,94.99,0.8247087841796874,2.0,89,191.25
COIN,COIN,2027-12-17,1.621917808219178,C,150.0,-0.24294617861038947,87.3,93.45,89.53,0.8199480895996092,3.0,49,191.25
COIN,COIN,2027-12-17,1.621917808219178,C,155.0,-0.21015635578739858,83.5,90.05,78.45,0.7972737557983399,2.0,26,191.25
COIN,COIN,2027-12-17,1.621917808219178,C,160.0,-0.17840765747281825,82.95,86.5,90.5,0.7950459948730468,10.0,98,191.25
COIN,COIN,2027-12-17,1.621917808219178,C,165.0,-0.14763599880606457,78.8,85.75,95.4,0.7870809866333007,1.0,38,191.25
COIN,COIN,2027-12-17,1.621917808219178,C,170.0,-0.11778303565638351,78.45,84.9,79.88,0.8017750535583494,8.0,45,191.25
COIN,COIN,2027-12-17,1.621917808219178,C,175.0,-0.0887954987831312,76.85,83.0,68.93,0.801210484008789,1.0,72,191.25
COIN,COIN,2027-12-17,1.621917808219178,C,180.0,-0.060624621816434854,72.55,79.2,76.71,0.7723716610717773,1.0,74,191.25
COIN,COIN,2027-12-17,1.621917808219178,C,185.0,-0.03322564762832039,70.2,77.15,66.15,0.7657799301147462,2.0,42,191.25
COIN,COIN,2027-12-17,1.621917808219178,C,190.0,-0.006557400546159052,71.3,76.55,73.83,0.7873251248168945,3.0,126,191.25
COIN,COIN,2027-12-17,1.621917808219178,C,195.0,0.019418085857101516,69.35,73.75,63.4,0.7775595974731445,22.0,77,191.25
COIN,COIN,2027-12-17,1.621917808219178,C,200.0,0.04473589384139152,66.55,71.5,69.5,0.7658409646606447,21.0,203,191.25
COIN,COIN,2027-12-17,1.621917808219178,C,210.0,0.09352605801082355,63.6,69.9,61.9,0.7725547647094727,2.0,83,191.25
COIN,COIN,2027-12-17,1.621917808219178,C,220.0,0.14004607364571625,58.5,65.75,68.75,0.7516351741027831,1.0,84,191.25
COIN,COIN,2027-12-17,1.621917808219178,C,230.0,0.1844978362165501,57.0,61.5,52.44,0.7485071536254884,1.0,64,191.25
COIN,COIN,2027-12-17,1.621917808219178,C,240.0,0.22705745063534608,54.35,60.5,57.15,0.7550378500366212,2.0,154,191.25
COIN,COIN,2027-12-17,1.621917808219178,C,250.0,0.26787944515560125,50.5,57.55,54.4,0.7435175794982911,2.0,454,191.25
COIN,COIN,2027-12-17,1.621917808219178,C,260.0,0.30710015830888254,48.35,54.5,48.5,0.7391993853759764,1.0,391,191.25
COIN,COIN,2027-12-17,1.621917808219178,C,270.0,0.3448404862917296,46.8,51.75,60.73,0.7383601603698728,2.0,97,191.25
COIN,COIN,2027-12-17,1.621917808219178,C,280.0,0.3812081304626043,43.95,50.3,41.34,0.7363917962646485,3.0,722,191.25
COIN,COIN,2027-12-17,1.621917808219178,C,290.0,0.41629945027387444,43.55,48.7,53.0,0.745196029510498,2.0,66,191.25
COIN,COIN,2027-12-17,1.621917808219178,C,300.0,0.4502010019495558,39.5,47.15,44.0,0.7344997253417969,2.0,654,191.25
COIN,COIN,2027-12-17,1.621917808219178,C,310.0,0.48299082477254673,39.2,43.8,36.65,0.7328975685119627,2.0,118,191.25
COIN,COIN,2027-12-17,1.621917808219178,C,320.0,0.514739523087127,36.8,41.0,43.6,0.7224148852539063,2.0,188,191.25
COIN,COIN,2027-12-17,1.621917808219178,C,330.0,0.5455111817538808,35.85,41.0,31.35,0.7330348962402342,1.0,155,191.25
COIN,COIN,2027-12-17,1.621917808219178,C,340.0,0.5753641449035618,34.25,37.55,39.55,0.7216519534301759,2.0,78,191.25
COIN,COIN,2027-12-17,1.621917808219178,C,350.0,0.6043516817768141,32.1,36.9,36.0,0.7211789356994629,2.0,327,191.25
COIN,COIN,2027-12-17,1.621917808219178,C,360.0,0.6325225587435105,31.75,35.85,34.2,0.7273739421081542,2.0,327,191.25
COIN,COIN,2027-12-17,1.621917808219178,C,370.0,0.6599215329316249,28.3,35.2,35.39,0.7186612606811523,1.0,305,191.25
COIN,COIN,2027-12-17,1.621917808219178,C,380.0,0.6865897800137862,27.05,32.9,30.0,0.712115305633545,1.0,345,191.25
COIN,COIN,2027-12-17,1.621917808219178,C,390.0,0.7125652664170469,27.05,30.95,27.35,0.7135191001892089,2.0,73,191.25
COIN,COIN,2027-12-17,1.621917808219178,C,400.0,0.7378830744013368,25.8,29.6,29.11,0.7108183215332031,2.0,715,191.25
COIN,COIN,2027-12-17,1.621917808219178,C,410.0,0.7625756869917082,23.0,29.25,31.05,0.7044554701232912,10.0,178,191.25
COIN,COIN,2027-12-17,1.621917808219178,C,420.0,0.7866732385707689,23.05,28.1,25.85,0.7089262506103515,2.0,83,191.25
COIN,COIN,2027-12-17,1.621917808219178,C,430.0,0.8102037359809628,22.8,28.5,24.21,0.7200345379638673,1.0,102,191.25
COIN,COIN,2027-12-17,1.621917808219178,C,440.0,0.8331932542056616,21.55,26.0,29.12,0.7086821124267577,1.0,69,191.25
COIN,COIN,2027-12-17,1.621917808219178,C,450.0,0.8556661100577203,21.0,25.95,23.89,0.7147855670166017,20.0,307,191.25
COIN,COIN,2027-12-17,1.621917808219178,C,460.0,0.8776450167764954,20.0,25.95,23.06,0.7182645361328125,20.0,80,191.25
COIN,COIN,2027-12-17,1.621917808219178,C,470.0,0.8991512219974591,18.1,24.0,25.33,0.7045317633056642,1.0,92,191.25
COIN,COIN,2027-12-17,1.621917808219178,C,480.0,0.9202046311952914,18.6,22.7,14.95,0.7083921983337402,14.0,112,191.25
COIN,COIN,2027-12-17,1.621917808219178,C,490.0,0.940823918398027,16.85,22.4,23.55,0.7043181423950197,2.0,31,191.25
COIN,COIN,2027-12-17,1.621917808219178,C,500.0,0.9610266257155465,17.35,20.85,21.5,0.7059660751342774,1.0,1815,191.25
COIN,COIN,2027-12-17,1.621917808219178,C,510.0,0.9808292530117262,15.65,20.85,16.3,0.7032195205688477,4.0,242,191.25
COIN,COIN,2027-12-17,1.621917808219178,C,520.0,1.0002473388688278,16.7,20.25,16.4,0.7137479797363282,21.0,121,191.25
COIN,COIN,2027-12-17,1.621917808219178,C,530.0,1.0192955338395222,14.5,19.2,18.15,0.7003508969116211,4.0,423,191.25
COIN,COIN,2027-12-17,1.621917808219178,C,540.0,1.037987666851675,14.7,18.15,19.95,0.7020140882873536,1.0,29,191.25
COIN,COIN,2027-12-17,1.621917808219178,C,550.0,1.0563368055198714,14.15,17.9,20.4,0.7037383142089844,1.0,78,191.25
COIN,COIN,2027-12-17,1.621917808219178,C,560.0,1.0743553110225497,15.0,22.15,19.0,0.7439753385925292,2.0,23,191.25
COIN,COIN,2027-12-17,1.621917808219178,C,570.0,1.0920548881219507,13.25,16.9,12.55,0.7044402114868166,2.0,55,191.25
COIN,COIN,2027-12-17,1.621917808219178,C,580.0,1.1094466308338198,13.05,16.25,10.34,0.7050505569458009,1.0,285,191.25
COIN,COIN,2027-12-17,1.621917808219178,C,590.0,1.12654106419312,13.0,20.4,17.95,0.7394435235595702,2.0,47,191.25
COIN,COIN,2027-12-17,1.621917808219178,C,600.0,1.143348182509501,11.8,15.85,16.77,0.7059660751342774,1.0,270,191.25
COIN,COIN,2027-12-17,1.621917808219178,C,610.0,1.1598774844607118,12.1,15.8,16.15,0.7138395315551759,2.0,9,191.25
COIN,COIN,2027-12-17,1.621917808219178,C,620.0,1.1761380053324921,10.9,15.1,17.35,0.7059355578613282,20.0,305,191.25
COIN,COIN,2027-12-17,1.621917808219178,C,630.0,1.192138346678933,10.75,15.15,16.5,0.7109709078979493,2.0,29,191.25
COIN,COIN,2027-12-17,1.621917808219178,C,640.0,1.2078867036470724,0.0,0.0,12.05,0.12500875,66.0,0,191.25
COIN,COIN,2027-12-17,1.621917808219178,C,650.0,1.2233908901830375,9.6,14.25,12.4,0.706606937866211,40.0,162,191.25
COIN,COIN,2027-12-17,1.621917808219178,C,660.0,1.238658362313826,12.35,15.6,13.7,0.7428156822204588,82.0,63,191.25
COIN,COIN,2027-12-17,1.621917808219178,C,670.0,1.2536962396783666,8.15,13.9,13.55,0.7030974514770508,2.0,183,191.25
COIN,COIN,2027-12-17,1.621917808219178,C,680.0,1.2685113254635072,7.85,12.15,10.8,0.6913483013916017,2.0,46,191.25
COIN,COIN,2027-12-17,1.621917808219178,C,690.0,1.28311012488466,6.1,13.45,8.1,0.6925689923095704,2.0,22,191.25
COIN,COIN,2027-12-17,1.621917808219178,C,700.0,1.2974988623367594,8.35,11.7,13.72,0.7017546914672851,10.0,162,191.25
COIN,COIN,2027-12-17,1.621917808219178,C,710.0,1.311683497328716,10.55,13.6,12.35,0.7400233517456053,2.0,6,191.25
COIN,COIN,2027-12-17,1.621917808219178,C,720.0,1.3256697393034558,6.35,12.45,11.9,0.7005950350952149,2.0,28,191.25
COIN,COIN,2027-12-17,1.621917808219178,C,730.0,1.3394630614357916,7.55,11.2,12.45,0.7048369360351563,10.0,22,191.25
COIN,COIN,2027-12-17,1.621917808219178,C,740.0,1.3530687134915702,7.0,14.0,12.0,0.7287929953002931,2.0,4,191.25
COIN,COIN,2027-12-17,1.621917808219178,C,750.0,1.3664917338237108,6.0,10.75,9.6,0.69571227142334,2.0,29,191.25
COIN,COIN,2027-12-17,1.621917808219178,C,760.0,1.3797369605737315,7.8,10.85,7.5,0.7174710870361327,22.0,37,191.25
COIN,COIN,2027-12-17,1.621917808219178,C,770.0,1.3928090421410844,6.65,11.1,6.01,0.713717462463379,2.0,30,191.25
COIN,COIN,2027-12-17,1.621917808219178,C,780.0,1.4057124469769922,6.2,10.95,5.77,0.7124357369995118,60.0,67,191.25
COIN,COIN,2027-12-17,1.621917808219178,C,790.0,1.418451472754422,6.75,10.45,7.1,0.7171048797607422,2.0,26,191.25
COIN,COIN,2027-12-17,1.621917808219178,C,800.0,1.4310302549612821,6.05,10.3,8.97,0.7131986688232423,1.0,157,191.25
COIN,COIN,2027-12-17,1.621917808219178,C,810.0,1.4434527749598391,5.0,12.65,9.75,0.7295254098510743,2.0,54,191.25
COIN,COIN,2027-12-17,1.621917808219178,C,820.0,1.4557228675516536,5.7,8.75,6.35,0.7023650369262696,2.0,61,191.25
COIN,COIN,2027-12-17,1.621917808219178,C,830.0,1.4678442280839983,5.25,9.15,9.17,0.7057524542236329,2.0,176,191.25
COIN,COIN,2027-12-17,1.621917808219178,C,840.0,1.4798204191307143,0.0,0.0,9.65,0.2500075,2.0,0,191.25
COIN,COIN,2027-12-17,1.621917808219178,C,850.0,1.491654876777717,4.95,9.5,8.3,0.7138700488281251,1.0,392,191.25
COIN,COIN,2027-12-17,1.621917808219178,C,860.0,1.5033509165409082,5.05,9.0,6.75,0.7134428070068359,1.0,169,191.25
COIN,COIN,2027-12-17,1.621917808219178,C,870.0,1.5149117389419842,4.9,8.05,6.65,0.7052641778564455,77.0,260,191.25
COIN,COIN,2027-12-17,1.621917808219178,C,880.0,1.5263404347656069,4.75,7.85,6.83,0.7049590051269532,3.0,1266,191.25
COIN,COIN,2027-12-17,1.621917808219178,P,5.0,-3.644143560272545,0.01,0.26,0.08,1.2382850585937497,3626.0,1234,191.25
COIN,COIN,2027-12-17,1.621917808219178,P,10.0,-2.9509963797125995,0.0,0.4,0.35,1.0253954980468751,2.0,2,191.25
COIN,COIN,2027-12-17,1.621917808219178,P,15.0,-2.5455312716044354,0.0,2.89,0.43,1.2241249731445314,3.0,1,191.25
COIN,COIN,2027-12-17,1.621917808219178,P,20.0,-2.257849199152654,0.08,5.6,0.81,1.255863095703125,6.0,79,191.25
COIN,COIN,2027-12-17,1.621917808219178,P,25.0,-2.0347056478384444,1.02,2.33,1.5,0.9858399853515626,2.0,18,191.25
COIN,COIN,2027-12-17,1.621917808219178,P,30.0,-1.8523840910444898,1.44,6.05,1.9,1.0866744885253907,1.0,14,191.25
COIN,COIN,2027-12-17,1.621917808219178,P,35.0,-1.6982334112172317,0.06,6.4,2.6,0.9534916760253906,2.0,37,191.25
COIN,COIN,2027-12-17,1.621917808219178,P,40.0,-1.564702018592709,0.0,0.0,3.27,0.2500075,2.0,0,191.25
COIN,COIN,2027-12-17,1.621917808219178,P,45.0,-1.4469189829363254,0.0,0.0,3.82,0.2500075,10.0,0,191.25
COIN,COIN,2027-12-17,1.621917808219178,P,50.0,-1.341558467278499,2.36,6.05,4.65,0.8096942858886718,2.0,209,191.25
COIN,COIN,2027-12-17,1.621917808219178,P,80.0,-0.8715548380327636,10.4,13.25,11.11,0.7758811474609376,1.0,447,191.25
COIN,COIN,2027-12-17,1.621917808219178,P,85.0,-0.8109302162163288,11.85,14.7,12.75,0.767153207397461,2.0,170,191.25
COIN,COIN,2027-12-17,1.621917808219178,P,90.0,-0.7537718023763802,13.2,15.7,14.35,0.7508264663696288,1.0,268,191.25
COIN,COIN,2027-12-17,1.621917808219178,P,95.0,-0.6997045811061043,14.9,17.85,14.95,0.7503076727294922,3.0,172,191.25
COIN,COIN,2027-12-17,1.621917808219178,P,100.0,-0.6484112867185537,15.55,18.5,17.49,0.7220486779785156,1.0,1315,191.25
COIN,COIN,2027-12-17,1.621917808219178,P,105.0,-0.5996211225491218,18.25,21.55,20.35,0.7373378317260743,2.0,106,191.25
COIN,COIN,2027-12-17,1.621917808219178,P,110.0,-0.5531011069142291,16.4,24.15,21.17,0.7041045214843751,2.0,158,191.25
COIN,COIN,2027-12-17,1.621917808219178,P,115.0,-0.5086493443433951,20.5,25.3,22.5,0.7111234942626954,2.0,82,191.25
COIN,COIN,2027-12-17,1.621917808219178,P,120.0,-0.46608972992459924,23.6,27.75,24.85,0.7183560879516601,1.0,942,191.25
COIN,COIN,2027-12-17,1.621917808219178,P,125.0,-0.4252677354043441,26.2,29.3,27.7,0.7125883233642578,2.0,54,191.25
COIN,COIN,2027-12-17,1.621917808219178,P,130.0,-0.38604702225106274,28.3,31.3,29.49,0.7055388333129884,3.0,304,191.25
COIN,COIN,2027-12-17,1.621917808219178,P,135.0,-0.3483066942682157,27.0,32.6,31.59,0.6678805184936526,3.0,90,191.25
COIN,COIN,2027-12-17,1.621917808219178,P,140.0,-0.31193905009734096,32.85,37.3,33.7,0.705905040588379,2.0,963,191.25
COIN,COIN,2027-12-17,1.621917808219178,P,145.0,-0.27684773028607085,34.85,40.2,35.9,0.701876760559082,43.0,92,191.25
COIN,COIN,2027-12-17,1.621917808219178,P,150.0,-0.24294617861038947,36.1,42.0,37.88,0.6847565704345704,1.0,194,191.25
COIN,COIN,2027-12-17,1.621917808219178,P,155.0,-0.21015635578739858,40.2,43.4,37.6,0.6834443276977541,20.0,78,191.25
COIN,COIN,2027-12-17,1.621917808219178,P,160.0,-0.17840765747281825,42.4,44.8,43.45,0.6693300889587404,20.0,158,191.25
COIN,COIN,2027-12-17,1.621917808219178,P,165.0,-0.14763599880606457,45.2,50.9,46.0,0.687625194091797,1.0,57,191.25
COIN,COIN,2027-12-17,1.621917808219178,P,170.0,-0.11778303565638351,45.8,51.5,50.8,0.6579013702392578,3.0,134,191.25
COIN,COIN,2027-12-17,1.621917808219178,P,175.0,-0.0887954987831312,48.95,53.6,51.0,0.6524998129272462,3.0,937,191.25
COIN,COIN,2027-12-17,1.621917808219178,P,180.0,-0.060624621816434854,52.1,56.85,58.5,0.6532017102050782,1.0,144,191.25
COIN,COIN,2027-12-17,1.621917808219178,P,185.0,-0.03322564762832039,54.4,59.35,60.55,0.6440770455932617,200.0,281,191.25
COIN,COIN,2027-12-17,1.621917808219178,P,190.0,-0.006557400546159052,56.15,62.5,58.75,0.6350897087097169,4.0,183,191.25
COIN,COIN,2027-12-17,1.621917808219178,P,195.0,0.019418085857101516,61.7,67.05,61.5,0.654468177032471,21.0,188,191.25
COIN,COIN,2027-12-17,1.621917808219178,P,200.0,0.04473589384139152,63.9,68.5,65.08,0.6374547973632813,4.0,521,191.25
COIN,COIN,2027-12-17,1.621917808219178,P,210.0,0.09352605801082355,70.9,74.7,70.6,0.634418328704834,2.0,174,191.25
COIN,COIN,2027-12-17,1.621917808219178,P,220.0,0.14004607364571625,74.2,81.75,77.9,0.6143227044677735,100.0,259,191.25
COIN,COIN,2027-12-17,1.621917808219178,P,230.0,0.1844978362165501,82.45,87.2,92.55,0.6101418380737306,97.0,99,191.25
COIN,COIN,2027-12-17,1.621917808219178,P,240.0,0.22705745063534608,90.05,95.5,86.35,0.6154823608398439,2.0,670,191.25
COIN,COIN,2027-12-17,1.621917808219178,P,250.0,0.26787944515560125,98.35,102.3,105.25,0.6149330499267578,1.0,607,191.25
COIN,COIN,2027-12-17,1.621917808219178,P,260.0,0.30710015830888254,104.4,108.45,107.0,0.5979044116210939,2.0,213,191.25
COIN,COIN,2027-12-17,1.621917808219178,P,270.0,0.3448404862917296,111.9,119.0,114.15,0.6094399407958986,10.0,93,191.25
COIN,COIN,2027-12-17,1.621917808219178,P,280.0,0.3812081304626043,119.15,127.0,127.1,0.605167522583008,14.0,87,191.25
COIN,COIN,2027-12-17,1.621917808219178,P,290.0,0.41629945027387444,125.0,131.75,120.95,0.5752911123657226,10.0,99,191.25
COIN,COIN,2027-12-17,1.621917808219178,P,300.0,0.4502010019495558,134.5,138.75,144.5,0.5746807669067383,1.0,400,191.25
COIN,COIN,2027-12-17,1.621917808219178,P,310.0,0.48299082477254673,141.05,149.45,133.86,0.5768932691955566,6.0,145,191.25
COIN,COIN,2027-12-17,1.621917808219178,P,320.0,0.514739523087127,151.5,156.35,164.47,0.5785869778442383,2.0,240,191.25
COIN,COIN,2027-12-17,1.621917808219178,P,330.0,0.5455111817538808,157.0,164.8,152.3,0.5604292004394531,1.0,133,191.25
COIN,COIN,2027-12-17,1.621917808219178,P,340.0,0.5753641449035618,166.25,172.25,165.62,0.5561110063171388,1.0,133,191.25
COIN,COIN,2027-12-17,1.621917808219178,P,350.0,0.6043516817768141,175.05,183.0,180.0,0.5671430004882813,1.0,480,191.25
COIN,COIN,2027-12-17,1.621917808219178,P,370.0,0.6599215329316249,192.7,196.75,191.9,0.541264353027344,4.0,142,191.25
COIN,COIN,2027-12-17,1.621917808219178,P,380.0,0.6865897800137862,199.0,208.8,223.65,0.5426528889465334,5.0,81,191.25
COIN,COIN,2027-12-17,1.621917808219178,P,390.0,0.7125652664170469,208.05,215.2,221.85,0.5242051974487304,2.0,34,191.25
COIN,COIN,2027-12-17,1.621917808219178,P,400.0,0.7378830744013368,217.0,224.1,211.0,0.5201464001464844,1.0,79,191.25
COIN,COIN,2027-12-17,1.621917808219178,P,410.0,0.7625756869917082,222.75,232.0,230.14,0.5502669485473634,1.0,27,191.25
COIN,COIN,2027-12-17,1.621917808219178,P,420.0,0.7866732385707689,234.95,243.5,244.59,0.5211229528808592,2.0,19,191.25
COIN,COIN,2027-12-17,1.621917808219178,P,430.0,0.8102037359809628,251.0,258.0,224.27,0.6029550202941898,1.0,58,191.25
COIN,COIN,2027-12-17,1.621917808219178,P,450.0,0.8556661100577203,262.05,269.0,258.4,0.5451400466918946,2.0,76,191.25
COIN,COIN,2027-12-17,1.621917808219178,P,460.0,0.8776450167764954,271.15,278.35,270.74,0.5437057348632813,2.0,47,191.25
COIN,COIN,2027-12-17,1.621917808219178,P,480.0,0.9202046311952914,298.3,305.0,275.65,0.6091652853393555,21.0,37,191.25
COIN,COIN,2027-12-17,1.621917808219178,P,510.0,0.9808292530117262,318.0,326.0,331.0,0.5428207339477541,1.0,6,191.25
COIN,COIN,2027-12-17,1.621917808219178,P,520.0,1.0002473388688278,336.0,344.0,298.76,0.615940119934082,12.0,0,191.25
COIN,COIN,2027-12-17,1.621917808219178,P,530.0,1.0192955338395222,345.0,351.0,312.1,0.5914957843017579,2.0,0,191.25
COIN,COIN,2027-12-17,1.621917808219178,P,540.0,1.037987666851675,343.0,352.0,354.35,0.47510290527343746,4.0,0,191.25
COIN,COIN,2027-12-17,1.621917808219178,P,660.0,1.238658362313826,472.0,482.0,422.52,0.6522556747436524,1.0,0,191.25
COIN,COIN,2027-12-17,1.621917808219178,P,700.0,1.2974988623367594,512.0,522.0,461.52,0.6723970748901369,1.0,0,191.25
COIN,COIN,2027-12-17,1.621917808219178,P,830.0,1.4678442280839983,672.0,682.0,574.0,1.1210065922546386,1.0,0,191.25
COIN,COIN,2027-12-17,1.621917808219178,P,850.0,1.491654876777717,692.0,702.0,608.55,1.1297193172454836,1.0,1,191.25
COIN,COIN,2027-12-17,1.621917808219178,P,880.0,1.5263404347656069,684.0,694.0,710.0,0.6838410522460938,1.0,0,191.25
COIN,COIN,2028-12-15,2.6191780821917807,C,5.0,-3.644143560272545,183.0,193.0,186.4,1.6396502392578123,1.0,982,191.25
COIN,COIN,2028-12-15,2.6191780821917807,C,10.0,-2.9509963797125995,179.0,189.0,153.85,1.3740265673828125,1.0,0,191.25
COIN,COIN,2028-12-15,2.6191780821917807,C,20.0,-2.257849199152654,171.0,181.0,195.53,1.1518597094726561,26.0,45,191.25
COIN,COIN,2028-12-15,2.6191780821917807,C,40.0,-1.564702018592709,157.0,167.0,150.25,1.0181323507690427,1.0,1,191.25
COIN,COIN,2028-12-15,2.6191780821917807,C,45.0,-1.4469189829363254,154.0,163.0,147.0,0.9896241271972657,,1,191.25
COIN,COIN,2028-12-15,2.6191780821917807,C,50.0,-1.341558467278499,152.0,160.0,156.0,0.9937744763183594,2.0,1,191.25
COIN,COIN,2028-12-15,2.6191780821917807,C,55.0,-1.2462482874741745,147.0,156.0,153.0,0.9373785559082031,2.0,6,191.25
COIN,COIN,2028-12-15,2.6191780821917807,C,60.0,-1.1592369104845446,144.7,153.0,155.72,0.93515079498291,1.0,2,191.25
COIN,COIN,2028-12-15,2.6191780821917807,C,65.0,-1.079194202811008,141.0,150.0,151.93,0.9140023248291016,2.0,4,191.25
COIN,COIN,2028-12-15,2.6191780821917807,C,70.0,-1.0050862306572863,138.0,147.0,146.14,0.9013071392822265,2.0,7,191.25
COIN,COIN,2028-12-15,2.6191780821917807,C,75.0,-0.9360933591703348,135.5,144.0,155.95,0.8934031655883788,2.0,7,191.25
COIN,COIN,2028-12-15,2.6191780821917807,C,80.0,-0.8715548380327636,132.5,142.0,138.0,0.889527471923828,1.0,12,191.25
COIN,COIN,2028-12-15,2.6191780821917807,C,85.0,-0.8109302162163288,130.5,138.9,129.95,0.8835766036987304,1.0,5,191.25
COIN,COIN,2028-12-15,2.6191780821917807,C,90.0,-0.7537718023763802,128.5,136.0,131.9,0.8785717709350586,1.0,103,191.25
COIN,COIN,2028-12-15,2.6191780821917807,C,95.0,-0.6997045811061043,126.6,131.95,142.98,0.8640150317382812,2.0,10,191.25
COIN,COIN,2028-12-15,2.6191780821917807,C,100.0,-0.6484112867185537,122.0,131.0,126.5,0.8527846752929689,2.0,83,191.25
COIN,COIN,2028-12-15,2.6191780821917807,C,105.0,-0.5996211225491218,120.45,126.55,139.24,0.8379837979125976,10.0,10,191.25
COIN,COIN,2028-12-15,2.6191780821917807,C,110.0,-0.5531011069142291,117.0,126.0,135.56,0.8379532806396484,10.0,74,191.25
COIN,COIN,2028-12-15,2.6191780821917807,C,115.0,-0.5086493443433951,116.1,124.0,135.11,0.8447891497802733,2.0,16,191.25
COIN,COIN,2028-12-15,2.6191780821917807,C,120.0,-0.46608972992459924,112.0,120.1,118.0,0.8156451541137695,2.0,158,191.25
COIN,COIN,2028-12-15,2.6191780821917807,C,125.0,-0.4252677354043441,111.75,119.0,123.88,0.8313005151367187,7.0,24,191.25
COIN,COIN,2028-12-15,2.6191780821917807,C,130.0,-0.38604702225106274,109.2,117.0,115.0,0.8248918878173828,2.0,49,191.25
COIN,COIN,2028-12-15,2.6191780821917807,C,135.0,-0.3483066942682157,107.75,112.5,100.93,0.8094806649780272,3.0,35,191.25
COIN,COIN,2028-12-15,2.6191780821917807,C,140.0,-0.31193905009734096,106.0,110.5,102.66,0.8075580767822266,8.0,50,191.25
COIN,COIN,2028-12-15,2.6191780821917807,C,145.0,-0.27684773028607085,102.85,111.0,97.73,0.8116168740844726,3.0,24,191.25
COIN,COIN,2028-12-15,2.6191780821917807,C,150.0,-0.24294617861038947,100.0,107.0,95.52,0.7908346112060547,4.0,117,191.25
COIN,COIN,2028-12-15,2.6191780821917807,C,155.0,-0.21015635578739858,98.0,107.0,114.22,0.7976399630737304,1.0,15,191.25
COIN,COIN,2028-12-15,2.6191780821917807,C,160.0,-0.17840765747281825,98.4,105.0,102.12,0.8059101440429688,1.0,99,191.25
COIN,COIN,2028-12-15,2.6191780821917807,C,165.0,-0.14763599880606457,97.0,102.7,96.0,0.8020344503784179,1.0,54,191.25
COIN,COIN,2028-12-15,2.6191780821917807,C,170.0,-0.11778303565638351,95.5,100.1,102.65,0.795778409423828,3.0,82,191.25
COIN,COIN,2028-12-15,2.6191780821917807,C,175.0,-0.0887954987831312,93.05,97.4,100.55,0.7838766729736328,2.0,82,191.25
COIN,COIN,2028-12-15,2.6191780821917807,C,180.0,-0.060624621816434854,89.0,95.7,95.25,0.7689689851379395,1.0,167,191.25
COIN,COIN,2028-12-15,2.6191780821917807,C,185.0,-0.03322564762832039,89.5,95.75,90.0,0.7857382266235352,1.0,53,191.25
COIN,COIN,2028-12-15,2.6191780821917807,C,190.0,-0.006557400546159052,88.1,93.35,91.58,0.7801535656738281,6.0,25,191.25
COIN,COIN,2028-12-15,2.6191780821917807,C,195.0,0.019418085857101516,86.5,92.0,89.92,0.7785361502075195,3.0,227,191.25
COIN,COIN,2028-12-15,2.6191780821917807,C,200.0,0.04473589384139152,84.0,89.4,87.65,0.7662987237548828,17.0,383,191.25
COIN,COIN,2028-12-15,2.6191780821917807,C,210.0,0.09352605801082355,80.6,87.45,85.4,0.7645897564697266,1.0,49,191.25
COIN,COIN,2028-12-15,2.6191780821917807,C,220.0,0.14004607364571625,79.05,84.6,79.68,0.7662224305725098,1.0,89,191.25
COIN,COIN,2028-12-15,2.6191780821917807,C,230.0,0.1844978362165501,75.85,84.0,73.05,0.7695030374145508,2.0,53,191.25
COIN,COIN,2028-12-15,2.6191780821917807,C,240.0,0.22705745063534608,73.45,79.45,78.05,0.7577386286926271,1.0,72,191.25
COIN,COIN,2028-12-15,2.6191780821917807,C,250.0,0.26787944515560125,73.05,77.5,72.5,0.7656120851135255,13.0,109,191.25
COIN,COIN,2028-12-15,2.6191780821917807,C,260.0,0.30710015830888254,69.75,75.75,65.38,0.7608208732604982,2.0,35,191.25
COIN,COIN,2028-12-15,2.6191780821917807,C,270.0,0.3448404862917296,68.25,72.5,64.54,0.756685782775879,1.0,21,191.25
COIN,COIN,2028-12-15,2.6191780821917807,C,280.0,0.3812081304626043,65.05,71.65,73.5,0.7549157809448243,5.0,48,191.25
COIN,COIN,2028-12-15,2.6191780821917807,C,290.0,0.41629945027387444,64.3,70.95,69.57,0.7634758760070801,10.0,118,191.25
COIN,COIN,2028-12-15,2.6191780821917807,C,300.0,0.4502010019495558,62.25,67.25,69.16,0.7533594000244141,4.0,269,191.25
COIN,COIN,2028-12-15,2.6191780821917807,C,310.0,0.48299082477254673,59.0,65.35,66.17,0.7453333572387696,1.0,47,191.25
COIN,COIN,2028-12-15,2.6191780821917807,C,320.0,0.514739523087127,58.8,63.9,62.07,0.7512689668273926,1.0,19,191.25
COIN,COIN,2028-12-15,2.6191780821917807,C,330.0,0.5455111817538808,56.0,62.75,52.73,0.7472406867980959,19.0,56,191.25
COIN,COIN,2028-12-15,2.6191780821917807,C,340.0,0.5753641449035618,55.25,59.45,66.62,0.7423579231262207,10.0,51,191.25
COIN,COIN,2028-12-15,2.6191780821917807,C,350.0,0.6043516817768141,53.7,59.75,56.89,0.7484613777160647,5.0,110,191.25
COIN,COIN,2028-12-15,2.6191780821917807,C,360.0,0.6325225587435105,52.15,56.7,52.66,0.7405116281127929,3.0,44,191.25
COIN,COIN,2028-12-15,2.6191780821917807,C,370.0,0.6599215329316249,51.2,56.75,49.5,0.747194910888672,1.0,75,191.25
COIN,COIN,2028-12-15,2.6191780821917807,C,380.0,0.6865897800137862,48.05,56.0,52.1,0.7413508531188964,1.0,53,191.25
COIN,COIN,2028-12-15,2.6191780821917807,C,390.0,0.7125652664170469,48.05,52.5,39.45,0.7367732621765137,2.0,21,191.25
COIN,COIN,2028-12-15,2.6191780821917807,C,400.0,0.7378830744013368,44.3,52.05,49.33,0.7290218748474122,1.0,270,191.25
COIN,COIN,2028-12-15,2.6191780821917807,C,410.0,0.7625756869917082,45.5,50.45,45.18,0.7363155030822754,15.0,35,191.25
COIN,COIN,2028-12-15,2.6191780821917807,C,420.0,0.7866732385707689,43.65,49.4,45.95,0.7331874826049803,2.0,72,191.25
COIN,COIN,2028-12-15,2.6191780821917807,C,430.0,0.8102037359809628,42.0,48.75,49.26,0.7321956712341307,30.0,35,191.25
COIN,COIN,2028-12-15,2.6191780821917807,C,440.0,0.8331932542056616,41.25,47.3,46.8,0.731325928955078,6.0,138,191.25
COIN,COIN,2028-12-15,2.6191780821917807,C,450.0,0.8556661100577203,41.1,46.15,44.1,0.7338436039733887,1.0,202,191.25
COIN,COIN,2028-12-15,2.6191780821917807,C,460.0,0.8776450167764954,38.6,46.4,42.75,0.7322414471435545,7.0,444,191.25
COIN,COIN,2028-12-15,2.6191780821917807,P,5.0,-3.644143560272545,0.06,0.4,0.32,1.052739111328125,40.0,486,191.25
COIN,COIN,2028-12-15,2.6191780821917807,P,10.0,-2.9509963797125995,0.0,5.0,0.72,1.3344759838867182,48.0,57,191.25
COIN,COIN,2028-12-15,2.6191780821917807,P,15.0,-2.5455312716044354,0.41,5.0,1.5,1.1259809326171877,1.0,1,191.25
COIN,COIN,2028-12-15,2.6191780821917807,P,20.0,-2.257849199152654,0.01,5.0,2.2,0.9570316796874999,,1,191.25
COIN,COIN,2028-12-15,2.6191780821917807,P,25.0,-2.0347056478384444,0.33,4.85,3.1,0.8594984753417969,,3,191.25
COIN,COIN,2028-12-15,2.6191780821917807,P,30.0,-1.8523840910444898,1.23,6.2,2.86,0.8538832971191408,1.0,18,191.25
COIN,COIN,2028-12-15,2.6191780821917807,P,35.0,-1.6982334112172317,2.16,7.0,4.0,0.8267229241943357,2.0,10,191.25
COIN,COIN,2028-12-15,2.6191780821917807,P,40.0,-1.564702018592709,2.2,7.6,5.5,0.7751487329101563,1.0,16,191.25
COIN,COIN,2028-12-15,2.6191780821917807,P,45.0,-1.4469189829363254,4.0,9.6,7.16,0.7938863385009765,1.0,4,191.25
COIN,COIN,2028-12-15,2.6191780821917807,P,50.0,-1.341558467278499,4.0,13.0,8.46,0.7955953057861327,1.0,19,191.25
COIN,COIN,2028-12-15,2.6191780821917807,P,55.0,-1.2462482874741745,6.0,14.0,9.21,0.7866842620849608,,1,191.25
COIN,COIN,2028-12-15,2.6191780821917807,P,60.0,-1.1592369104845446,9.45,11.5,10.2,0.748171463623047,15.0,26,191.25
COIN,COIN,2028-12-15,2.6191780821917807,P,65.0,-1.079194202811008,10.05,14.1,12.55,0.7412745599365234,3.0,18,191.25
COIN,COIN,2028-12-15,2.6191780821917807,P,70.0,-1.0050862306572863,12.85,16.3,13.74,0.7532373309326172,1.0,7,191.25
COIN,COIN,2028-12-15,2.6191780821917807,P,75.0,-0.9360933591703348,13.65,17.35,16.79,0.7279079943847657,1.0,40,191.25
COIN,COIN,2028-12-15,2.6191780821917807,P,80.0,-0.8715548380327636,16.8,20.05,17.62,0.743044561767578,561.0,38,191.25
COIN,COIN,2028-12-15,2.6191780821917807,P,85.0,-0.8109302162163288,18.15,21.5,21.25,0.7265041998291015,2.0,1,191.25
COIN,COIN,2028-12-15,2.6191780821917807,P,90.0,-0.7537718023763802,19.5,22.85,22.3,0.7092924578857422,5.0,42,191.25
COIN,COIN,2028-12-15,2.6191780821917807,P,95.0,-0.6997045811061043,22.45,23.95,22.03,0.7034331414794923,16.0,29,191.25
COIN,COIN,2028-12-15,2.6191780821917807,P,100.0,-0.6484112867185537,23.85,27.4,26.7,0.7029753823852539,3.0,219,191.25
COIN,COIN,2028-12-15,2.6191780821917807,P,105.0,-0.5996211225491218,26.4,28.2,29.3,0.6901733863830568,1.0,12,191.25
COIN,COIN,2028-12-15,2.6191780821917807,P,110.0,-0.5531011069142291,27.2,31.7,28.0,0.6840241558837892,2.0,48,191.25
COIN,COIN,2028-12-15,2.6191780821917807,P,115.0,-0.5086493443433951,29.4,34.05,33.72,0.6789888058471681,3.0,14,191.25
COIN,COIN,2028-12-15,2.6191780821917807,P,120.0,-0.46608972992459924,29.7,36.9,35.85,0.6642184457397463,1.0,50,191.25
COIN,COIN,2028-12-15,2.6191780821917807,P,125.0,-0.4252677354043441,35.35,37.5,42.72,0.6689638816833496,1.0,41,191.25
COIN,COIN,2028-12-15,2.6191780821917807,P,130.0,-0.38604702225106274,37.4,43.25,39.5,0.6819184640502932,1.0,206,191.25
COIN,COIN,2028-12-15,2.6191780821917807,P,135.0,-0.3483066942682157,38.25,44.8,40.35,0.661532925720215,1.0,7,191.25
COIN,COIN,2028-12-15,2.6191780821917807,P,140.0,-0.31193905009734096,42.3,46.9,46.19,0.6629672375488282,1.0,34,191.25
COIN,COIN,2028-12-15,2.6191780821917807,P,145.0,-0.27684773028607085,43.25,48.5,46.05,0.6436955796813966,83.0,88,191.25
COIN,COIN,2028-12-15,2.6191780821917807,P,150.0,-0.24294617861038947,45.3,53.9,48.5,0.6511265356445313,5.0,234,191.25
COIN,COIN,2028-12-15,2.6191780821917807,P,155.0,-0.21015635578739858,49.05,54.6,51.5,0.6417882501220704,3.0,22,191.25
COIN,COIN,2028-12-15,2.6191780821917807,P,160.0,-0.17840765747281825,53.15,57.95,53.0,0.6476933424377442,1.0,85,191.25
COIN,COIN,2028-12-15,2.6191780821917807,P,165.0,-0.14763599880606457,56.15,58.75,56.71,0.6344030700683594,1.0,95,191.25
COIN,COIN,2028-12-15,2.6191780821917807,P,170.0,-0.11778303565638351,58.5,61.7,63.13,0.6285132363891602,8.0,353,191.25
COIN,COIN,2028-12-15,2.6191780821917807,P,175.0,-0.0887954987831312,60.8,64.75,60.65,0.6225928854370117,1.0,29,191.25
COIN,COIN,2028-12-15,2.6191780821917807,P,180.0,-0.060624621816434854,63.85,67.85,67.5,0.6201515036010744,5.0,195,191.25
COIN,COIN,2028-12-15,2.6191780821917807,P,185.0,-0.03322564762832039,65.0,70.75,68.47,0.6075631285095215,1.0,50,191.25
COIN,COIN,2028-12-15,2.6191780821917807,P,190.0,-0.006557400546159052,69.0,73.95,70.35,0.6093331303405762,2.0,42,191.25
COIN,COIN,2028-12-15,2.6191780821917807,P,195.0,0.019418085857101516,72.9,78.5,78.25,0.6163063272094728,151.0,164,191.25
COIN,COIN,2028-12-15,2.6191780821917807,P,200.0,0.04473589384139152,76.95,81.55,82.25,0.6166572758483888,21.0,161,191.25
COIN,COIN,2028-12-15,2.6191780821917807,P,210.0,0.09352605801082355,82.3,86.8,80.3,0.6004526039123537,1.0,195,191.25
COIN,COIN,2028-12-15,2.6191780821917807,P,220.0,0.14004607364571625,88.0,96.25,89.35,0.603016054840088,5.0,22,191.25
COIN,COIN,2028-12-15,2.6191780821917807,P,230.0,0.1844978362165501,96.8,100.5,96.13,0.5953409606933593,2.0,41,191.25
COIN,COIN,2028-12-15,2.6191780821917807,P,240.0,0.22705745063534608,103.4,108.75,103.95,0.5941813043212891,1.0,25,191.25
COIN,COIN,2028-12-15,2.6191780821917807,P,250.0,0.26787944515560125,109.7,114.8,118.05,0.5816387051391602,5.0,85,191.25
COIN,COIN,2028-12-15,2.6191780821917807,P,260.0,0.30710015830888254,116.9,124.0,124.55,0.5848277601623535,2.0,15,191.25
COIN,COIN,2028-12-15,2.6191780821917807,P,270.0,0.3448404862917296,124.2,131.0,121.07,0.5784801673889162,4.0,25,191.25
COIN,COIN,2028-12-15,2.6191780821917807,P,280.0,0.3812081304626043,132.25,137.75,133.88,0.5733227482604981,1.0,35,191.25
COIN,COIN,2028-12-15,2.6191780821917807,P,290.0,0.41629945027387444,139.1,145.3,142.1,0.5657086886596681,2.0,35,191.25
COIN,COIN,2028-12-15,2.6191780821917807,P,300.0,0.4502010019495558,147.0,155.0,149.5,0.5702710209655761,1.0,67,191.25
COIN,COIN,2028-12-15,2.6191780821917807,P,310.0,0.48299082477254673,154.95,163.0,157.15,0.567387138671875,15.0,348,191.25
COIN,COIN,2028-12-15,2.6191780821917807,P,320.0,0.514739523087127,162.6,168.55,165.15,0.5526015199279786,8.0,12,191.25
COIN,COIN,2028-12-15,2.6191780821917807,P,330.0,0.5455111817538808,171.1,178.25,178.26,0.5574842835998537,,1,191.25
COIN,COIN,2028-12-15,2.6191780821917807,P,340.0,0.5753641449035618,177.0,186.15,181.0,0.5436294416809084,2.0,3,191.25
COIN,COIN,2028-12-15,2.6191780821917807,P,350.0,0.6043516817768141,185.0,195.0,188.92,0.541645818939209,2.0,33,191.25
COIN,COIN,2028-12-15,2.6191780821917807,P,360.0,0.6325225587435105,193.3,203.0,204.8,0.5367325379943848,2.0,4,191.25
COIN,COIN,2028-12-15,2.6191780821917807,P,380.0,0.6865897800137862,210.0,219.5,222.25,0.5275010629272462,1.0,16,191.25
COIN,COIN,2028-12-15,2.6191780821917807,P,390.0,0.7125652664170469,216.0,222.1,227.8,0.5134936346435546,,0,191.25
COIN,COIN,2028-12-15,2.6191780821917807,P,400.0,0.7378830744013368,227.0,235.0,223.19,0.5125170819091796,3.0,11,191.25
COIN,COIN,2028-12-15,2.6191780821917807,P,420.0,0.7866732385707689,244.0,254.0,239.12,0.5109301837158204,3.0,4,191.25
COIN,COIN,2028-12-15,2.6191780821917807,P,430.0,0.8102037359809628,253.0,263.0,269.0,0.5094500959777832,1.0,0,191.25
COIN,COIN,2028-12-15,2.6191780821917807,P,440.0,0.8331932542056616,262.0,270.0,269.23,0.5359390888977051,1.0,2,191.25
COIN,COIN,2028-12-15,2.6191780821917807,P,450.0,0.8556661100577203,271.0,280.0,262.28,0.5000965518188477,8.0,23,191.25
COIN,COIN,2028-12-15,2.6191780821917807,P,460.0,0.8776450167764954,280.0,288.0,286.77,0.5317582225036621,1.0,59,191.25
