underlying,equity_ticker,expiration,T,side,strike,log_moneyness,bid,ask,last,iv,volume,open_interest,spot_at_fetch
MSFT,MSFT,2026-05-04,0.0027397260273972603,C,355.0,-0.15481042779899093,57.4,61.1,60.58,0.8476577734374999,3.0,18.0,414.44000244140625
MSFT,MSFT,2026-05-04,0.0027397260273972603,C,357.5,-0.1477928551403444,55.0,58.0,58.83,1.3774445190429687,7.0,1.0,414.44000244140625
MSFT,MSFT,2026-05-04,0.0027397260273972603,C,360.0,-0.1408241858242511,52.55,56.1,55.78,0.8710950390625,4.0,3.0,414.44000244140625
MSFT,MSFT,2026-05-04,0.0027397260273972603,C,362.5,-0.13390374297967722,49.9,53.0,52.55,1.2753942480468747,2.0,0.0,414.44000244140625
MSFT,MSFT,2026-05-04,0.0027397260273972603,C,365.0,-0.1270308636919152,47.65,50.25,50.62,1.1635784008789063,66.0,63.0,414.44000244140625
MSFT,MSFT,2026-05-04,0.0027397260273972603,C,367.5,-0.12020489862151539,44.9,47.7,48.25,1.1015669921875002,2.0,7.0,414.44000244140625
MSFT,MSFT,2026-05-04,0.0027397260273972603,C,370.0,-0.11342521163613664,42.5,45.55,46.22,1.1328168359375002,1.0,12.0,414.44000244140625
MSFT,MSFT,2026-05-04,0.0027397260273972603,C,372.5,-0.10669117945479259,40.0,43.0,43.22,1.070805427246094,4.0,0.0,414.44000244140625
MSFT,MSFT,2026-05-04,0.0027397260273972603,C,375.0,-0.10000219130399589,37.5,40.95,40.22,0.5351608984375,3.0,31.0,414.44000244140625
MSFT,MSFT,2026-05-04,0.0027397260273972603,C,380.0,-0.0867569645539753,33.0,35.0,33.93,0.8105487695312499,12.0,25.0,414.44000244140625
MSFT,MSFT,2026-05-04,0.0027397260273972603,C,382.5,-0.08019956400781626,30.3,33.45,32.58,0.5634809277343751,1.0,0.0,414.44000244140625
MSFT,MSFT,2026-05-04,0.0027397260273972603,C,385.0,-0.07368488298662247,27.85,31.0,31.19,0.5478560839843751,4.0,30.0,414.44000244140625
MSFT,MSFT,2026-05-04,0.0027397260273972603,C,387.5,-0.06721236848100504,25.1,28.2,16.6,0.7929708203125,,10.0,414.44000244140625
MSFT,MSFT,2026-05-04,0.0027397260273972603,C,390.0,-0.060781478150714635,23.0,24.95,23.97,0.6069375244140626,14.0,86.0,414.44000244140625
MSFT,MSFT,2026-05-04,0.0027397260273972603,C,392.5,-0.05439168005194365,20.15,23.5,19.98,0.726565234375,3.0,83.0,414.44000244140625
MSFT,MSFT,2026-05-04,0.0027397260273972603,C,395.0,-0.04804245237328481,17.85,20.0,21.25,0.5180712255859375,46.0,39.0,414.44000244140625
MSFT,MSFT,2026-05-04,0.0027397260273972603,C,397.5,-0.04173328318002012,15.25,17.65,18.78,0.49170430175781255,14.0,125.0,414.44000244140625
MSFT,MSFT,2026-05-04,0.0027397260273972603,C,400.0,-0.03546367016642475,13.7,15.2,14.5,0.44605046142578125,432.0,466.0,414.44000244140625
MSFT,MSFT,2026-05-04,0.0027397260273972603,C,402.5,-0.0292331204157887,11.5,12.7,12.55,0.39111937011718745,220.0,533.0,414.44000244140625
MSFT,MSFT,2026-05-04,0.0027397260273972603,C,405.0,-0.023041150167867647,9.65,10.4,9.75,0.35864899169921877,402.0,686.0,414.44000244140625
MSFT,MSFT,2026-05-04,0.0027397260273972603,C,407.5,-0.016887284593489302,7.55,8.1,7.85,0.3186103295898437,620.0,646.0,414.44000244140625
MSFT,MSFT,2026-05-04,0.0027397260273972603,C,410.0,-0.010771057576053237,5.7,6.05,5.8,0.2930978894042968,3558.0,882.0,414.44000244140625
MSFT,MSFT,2026-05-04,0.0027397260273972603,C,412.5,-0.004692011499671075,4.1,4.4,4.2,0.28565167480468745,5024.0,455.0,414.44000244140625
MSFT,MSFT,2026-05-04,0.0027397260273972603,C,415.0,0.001350302956291634,2.86,2.94,2.89,0.27173579833984374,10378.0,766.0,414.44000244140625
MSFT,MSFT,2026-05-04,0.0027397260273972603,C,417.5,0.007356327016503373,1.87,1.95,1.95,0.27246821289062495,7749.0,565.0,414.44000244140625
MSFT,MSFT,2026-05-04,0.0027397260273972603,C,420.0,0.013326494003007276,1.19,1.3,1.22,0.28040270385742183,12981.0,2892.0,414.44000244140625
MSFT,MSFT,2026-05-04,0.0027397260273972603,C,422.5,0.01926122952282169,0.75,0.82,0.77,0.2846751220703124,3434.0,366.0,414.44000244140625
MSFT,MSFT,2026-05-04,0.0027397260273972603,C,425.0,0.025160951650010067,0.46,0.49,0.49,0.2873606420898437,6316.0,1023.0,414.44000244140625
MSFT,MSFT,2026-05-04,0.0027397260273972603,C,427.5,0.03102607110240823,0.28,0.33,0.3,0.3012765185546875,2305.0,1164.0,414.44000244140625
MSFT,MSFT,2026-05-04,0.0027397260273972603,C,430.0,0.0368569914132013,0.18,0.2,0.19,0.30762411132812495,3289.0,1239.0,414.44000244140625
MSFT,MSFT,2026-05-04,0.0027397260273972603,C,432.5,0.04265410909752729,0.11,0.15,0.14,0.32617861328125,502.0,482.0,414.44000244140625
MSFT,MSFT,2026-05-04,0.0027397260273972603,C,435.0,0.04841781381427745,0.07,0.11,0.08,0.34278000976562495,1030.0,474.0,414.44000244140625
MSFT,MSFT,2026-05-04,0.0027397260273972603,C,437.5,0.054148488523262345,0.03,0.08,0.06,0.35742830078125,390.0,196.0,414.44000244140625
MSFT,MSFT,2026-05-04,0.0027397260273972603,C,440.0,0.059846509637900155,0.04,0.06,0.05,0.37305314453125,738.0,1007.0,414.44000244140625
MSFT,MSFT,2026-05-04,0.0027397260273972603,C,442.5,0.06551224717357738,0.03,0.04,0.04,0.38281867187499996,31.0,77.0,414.44000244140625
MSFT,MSFT,2026-05-04,0.0027397260273972603,C,445.0,0.07114606489183348,0.01,0.03,0.03,0.39649041015625003,124.0,484.0,414.44000244140625
MSFT,MSFT,2026-05-04,0.0027397260273972603,C,447.5,0.0767483204405034,0.01,0.07,0.04,0.47070841796875,371.0,257.0,414.44000244140625
MSFT,MSFT,2026-05-04,0.0027397260273972603,C,450.0,0.08231936548995865,0.01,0.02,0.02,0.42969320312500003,546.0,1305.0,414.44000244140625
MSFT,MSFT,2026-05-04,0.0027397260273972603,C,452.5,0.08785954586557411,0.01,0.04,0.02,0.49219257812500006,10.0,139.0,414.44000244140625
MSFT,MSFT,2026-05-04,0.0027397260273972603,C,455.0,0.09336920167654358,0.01,0.04,0.02,0.5195360546875,219.0,610.0,414.44000244140625
MSFT,MSFT,2026-05-04,0.0027397260273972603,C,457.5,0.09884866744116926,0.01,0.03,0.04,0.507817421875,30.0,104.0,414.44000244140625
MSFT,MSFT,2026-05-04,0.0027397260273972603,C,460.0,0.10429827220873401,0.01,0.04,0.01,0.5429733203125001,143.0,1889.0,414.44000244140625
MSFT,MSFT,2026-05-04,0.0027397260273972603,C,462.5,0.10971833967807308,0.01,0.04,0.01,0.570316796875,16.0,65.0,414.44000244140625
MSFT,MSFT,2026-05-04,0.0027397260273972603,C,465.0,0.11510918831294958,0.01,0.03,0.01,0.57812921875,57.0,619.0,414.44000244140625
MSFT,MSFT,2026-05-04,0.0027397260273972603,C,467.5,0.12047113145433505,0.0,0.1,0.01,0.6660189648437502,24.0,104.0,414.44000244140625
MSFT,MSFT,2026-05-04,0.0027397260273972603,C,470.0,0.1258044774296975,0.0,0.04,0.02,0.6250037500000001,96.0,360.0,414.44000244140625
MSFT,MSFT,2026-05-04,0.0027397260273972603,C,472.5,0.13110952965939077,0.0,0.01,0.01,0.57812921875,25.0,118.0,414.44000244140625
MSFT,MSFT,2026-05-04,0.0027397260273972603,C,475.0,0.1363865867602344,0.0,0.01,0.01,0.5937540625000001,55.0,321.0,414.44000244140625
MSFT,MSFT,2026-05-04,0.0027397260273972603,C,477.5,0.14163594264637822,0.0,0.5,0.01,0.9501958105468749,39.0,83.0,414.44000244140625
MSFT,MSFT,2026-05-04,0.0027397260273972603,C,480.0,0.14685788662752997,0.0,0.01,0.01,0.6250037500000001,21.0,995.0,414.44000244140625
MSFT,MSFT,2026-05-04,0.0027397260273972603,C,482.5,0.15205270350463385,0.0,0.01,0.01,0.6562534375000001,53.0,89.0,414.44000244140625
MSFT,MSFT,2026-05-04,0.0027397260273972603,C,485.0,0.1572206736630765,0.0,0.01,0.03,0.6718782812500002,2.0,328.0,414.44000244140625
MSFT,MSFT,2026-05-04,0.0027397260273972603,C,487.5,0.16236207316349505,0.0,0.4,0.01,1.0302782861328126,1.0,156.0,414.44000244140625
MSFT,MSFT,2026-05-04,0.0027397260273972603,C,490.0,0.16747717383026556,0.0,0.01,0.01,0.7187528125,7.0,395.0,414.44000244140625
MSFT,MSFT,2026-05-04,0.0027397260273972603,C,492.5,0.1725662433377369,0.0,0.01,0.01,0.73437765625,1.0,131.0,414.44000244140625
MSFT,MSFT,2026-05-04,0.0027397260273972603,C,495.0,0.17762954529428351,0.0,0.01,0.01,0.7500025,1.0,584.0,414.44000244140625
MSFT,MSFT,2026-05-04,0.0027397260273972603,C,497.5,0.18266733932424076,0.0,1.31,0.01,1.3740265673828125,,64.0,414.44000244140625
MSFT,MSFT,2026-05-04,0.0027397260273972603,C,500.0,0.18767988114778492,0.0,0.01,0.01,0.79687703125,10.0,1602.0,414.44000244140625
MSFT,MSFT,2026-05-04,0.0027397260273972603,C,502.5,0.19266742265882406,0.0,0.01,0.1,0.8125018749999999,1.0,13.0,414.44000244140625
MSFT,MSFT,2026-05-04,0.0027397260273972603,C,505.0,0.19763021200095313,0.0,0.01,0.02,0.8437515624999999,5.0,740.0,414.44000244140625
MSFT,MSFT,2026-05-04,0.0027397260273972603,C,507.5,0.2025684936415356,0.0,0.01,0.01,0.8437515624999999,,85.0,414.44000244140625
MSFT,MSFT,2026-05-04,0.0027397260273972603,C,510.0,0.20748250844396474,0.0,0.01,0.01,0.87500125,2.0,485.0,414.44000244140625
MSFT,MSFT,2026-05-04,0.0027397260273972603,C,512.5,0.2123724937381566,0.0,0.01,0.61,0.8906260937499999,,2.0,414.44000244140625
MSFT,MSFT,2026-05-04,0.0027397260273972603,C,515.0,0.2172386833893294,0.0,0.01,0.01,0.9062509375,1.0,111.0,414.44000244140625
MSFT,MSFT,2026-05-04,0.0027397260273972603,P,355.0,-0.15481042779899093,0.0,0.01,0.01,0.6718782812500002,3.0,348.0,414.44000244140625
MSFT,MSFT,2026-05-04,0.0027397260273972603,P,357.5,-0.1477928551403444,0.0,0.01,0.02,0.64062859375,2.0,39.0,414.44000244140625
MSFT,MSFT,2026-05-04,0.0027397260273972603,P,360.0,-0.1408241858242511,0.0,0.01,0.01,0.6093789062500001,7.0,198.0,414.44000244140625
MSFT,MSFT,2026-05-04,0.0027397260273972603,P,362.5,-0.13390374297967722,0.0,0.01,0.02,0.5937540625000001,4.0,82.0,414.44000244140625
MSFT,MSFT,2026-05-04,0.0027397260273972603,P,365.0,-0.1270308636919152,0.0,0.05,0.01,0.648441015625,17.0,310.0,414.44000244140625
MSFT,MSFT,2026-05-04,0.0027397260273972603,P,367.5,-0.12020489862151539,0.01,0.12,0.02,0.6914093359375001,10.0,79.0,414.44000244140625
MSFT,MSFT,2026-05-04,0.0027397260273972603,P,370.0,-0.11342521163613664,0.01,0.02,0.01,0.5546919531250001,31.0,263.0,414.44000244140625
MSFT,MSFT,2026-05-04,0.0027397260273972603,P,372.5,-0.10669117945479259,0.01,0.13,0.01,0.6269568554687501,10.0,89.0,414.44000244140625
MSFT,MSFT,2026-05-04,0.0027397260273972603,P,375.0,-0.10000219130399589,0.01,0.04,0.02,0.523442265625,21.0,312.0,414.44000244140625
MSFT,MSFT,2026-05-04,0.0027397260273972603,P,377.5,-0.09335764858532734,0.02,0.11,0.06,0.55273884765625,117.0,297.0,414.44000244140625
MSFT,MSFT,2026-05-04,0.0027397260273972603,P,380.0,-0.0867569645539753,0.02,0.03,0.04,0.4687553125,68.0,468.0,414.44000244140625
MSFT,MSFT,2026-05-04,0.0027397260273972603,P,382.5,-0.08019956400781626,0.01,0.05,0.02,0.46680220703125,66.0,135.0,414.44000244140625
MSFT,MSFT,2026-05-04,0.0027397260273972603,P,385.0,-0.07368488298662247,0.03,0.08,0.05,0.46289599609375004,102.0,646.0,414.44000244140625
MSFT,MSFT,2026-05-04,0.0027397260273972603,P,387.5,-0.06721236848100504,0.04,0.05,0.05,0.40039662109375,174.0,287.0,414.44000244140625
MSFT,MSFT,2026-05-04,0.0027397260273972603,P,390.0,-0.060781478150714635,0.06,0.09,0.08,0.398443515625,588.0,508.0,414.44000244140625
MSFT,MSFT,2026-05-04,0.0027397260273972603,P,392.5,-0.05439168005194365,0.08,0.11,0.09,0.37402969726562496,295.0,297.0,414.44000244140625
MSFT,MSFT,2026-05-04,0.0027397260273972603,P,395.0,-0.04804245237328481,0.1,0.12,0.11,0.34180345703125,663.0,497.0,414.44000244140625
MSFT,MSFT,2026-05-04,0.0027397260273972603,P,397.5,-0.04173328318002012,0.13,0.22,0.1,0.3403386279296875,551.0,609.0,414.44000244140625
MSFT,MSFT,2026-05-04,0.0027397260273972603,P,400.0,-0.03546367016642475,0.21,0.23,0.23,0.3012765185546875,2239.0,896.0,414.44000244140625
MSFT,MSFT,2026-05-04,0.0027397260273972603,P,402.5,-0.0292331204157887,0.33,0.36,0.33,0.2876047802734374,628.0,202.0,414.44000244140625
MSFT,MSFT,2026-05-04,0.0027397260273972603,P,405.0,-0.023041150167867647,0.52,0.58,0.58,0.2766185620117187,1127.0,514.0,414.44000244140625
MSFT,MSFT,2026-05-04,0.0027397260273972603,P,407.5,-0.016887284593489302,0.85,0.94,0.92,0.26758544921875,1077.0,342.0,414.44000244140625
MSFT,MSFT,2026-05-04,0.0027397260273972603,P,410.0,-0.010771057576053237,1.41,1.52,1.51,0.26197027099609377,6895.0,1658.0,414.44000244140625
MSFT,MSFT,2026-05-04,0.0027397260273972603,P,412.5,-0.004692011499671075,2.26,2.4,2.41,0.2602613037109375,1824.0,62.0,414.44000244140625
MSFT,MSFT,2026-05-04,0.0027397260273972603,P,415.0,0.001350302956291634,3.4,3.6,3.5,0.25977302734375,2474.0,510.0,414.44000244140625
MSFT,MSFT,2026-05-04,0.0027397260273972603,P,417.5,0.007356327016503373,4.8,5.15,4.95,0.26319096191406255,680.0,295.0,414.44000244140625
MSFT,MSFT,2026-05-04,0.0027397260273972603,P,420.0,0.013326494003007276,6.55,7.05,6.7,0.2749095947265625,2256.0,207.0,414.44000244140625
MSFT,MSFT,2026-05-04,0.0027397260273972603,P,422.5,0.01926122952282169,8.45,9.3,7.15,0.3061592822265625,57.0,150.0,414.44000244140625
MSFT,MSFT,2026-05-04,0.0027397260273972603,P,425.0,0.025160951650010067,10.65,11.5,9.25,0.3193427441406249,105.0,490.0,414.44000244140625
MSFT,MSFT,2026-05-04,0.0027397260273972603,P,427.5,0.03102607110240823,12.55,14.85,13.69,0.4819387744140625,29.0,139.0,414.44000244140625
MSFT,MSFT,2026-05-04,0.0027397260273972603,P,430.0,0.0368569914132013,14.95,17.35,16.17,0.5354050366210938,34.0,175.0,414.44000244140625
MSFT,MSFT,2026-05-04,0.0027397260273972603,P,432.5,0.04265410909752729,17.1,20.05,17.19,0.6125527026367189,8.0,26.0,414.44000244140625
MSFT,MSFT,2026-05-04,0.0027397260273972603,P,435.0,0.04841781381427745,19.4,22.5,20.22,0.657229990234375,6.0,36.0,414.44000244140625
MSFT,MSFT,2026-05-04,0.0027397260273972603,P,437.5,0.054148488523262345,22.25,24.95,34.19,0.6997100341796876,,7.0,414.44000244140625
MSFT,MSFT,2026-05-04,0.0027397260273972603,P,440.0,0.059846509637900155,24.8,27.1,23.95,0.6948272705078126,12.0,50.0,414.44000244140625
MSFT,MSFT,2026-05-04,0.0027397260273972603,P,442.5,0.06551224717357738,26.45,30.05,39.8,0.8090839404296875,,0.0,414.44000244140625
MSFT,MSFT,2026-05-04,0.0027397260273972603,P,445.0,0.07114606489183348,29.1,32.45,42.25,0.8400894897460938,,0.0,414.44000244140625
MSFT,MSFT,2026-05-04,0.0027397260273972603,P,447.5,0.0767483204405034,31.65,34.95,31.25,0.88476677734375,,0.0,414.44000244140625
MSFT,MSFT,2026-05-04,0.0027397260273972603,P,450.0,0.08231936548995865,34.75,37.25,35.2,0.5830119824218749,2.0,4.0,414.44000244140625
MSFT,MSFT,2026-05-04,0.0027397260273972603,P,452.5,0.08785954586557411,36.65,39.95,33.71,0.9721682470703125,,0.0,414.44000244140625
MSFT,MSFT,2026-05-04,0.0027397260273972603,P,455.0,0.09336920167654358,39.75,42.4,42.4,0.6831086376953126,2.0,2.0,414.44000244140625
MSFT,MSFT,2026-05-04,0.0027397260273972603,P,457.5,0.09884866744116926,42.05,44.95,40.06,0.6777375976562501,,1.0,414.44000244140625
MSFT,MSFT,2026-05-04,0.0027397260273972603,P,460.0,0.10429827220873401,44.75,47.45,48.0,0.7587914746093751,10.0,0.0,414.44000244140625
MSFT,MSFT,2026-05-04,0.0027397260273972603,P,462.5,0.10971833967807308,46.65,49.95,39.95,1.1381879028320312,,0.0,414.44000244140625
MSFT,MSFT,2026-05-04,0.0027397260273972603,P,465.0,0.11510918831294958,49.35,52.45,58.2,0.6953155468750001,,0.0,414.44000244140625
MSFT,MSFT,2026-05-04,0.0027397260273972603,P,467.5,0.12047113145433505,52.25,54.95,59.55,0.8535170898437501,,0.0,414.44000244140625
MSFT,MSFT,2026-05-04,0.0027397260273972603,P,470.0,0.1258044774296975,54.1,57.45,62.03,1.2565955139160154,2.0,0.0,414.44000244140625
MSFT,MSFT,2026-05-04,0.0027397260273972603,P,480.0,0.14685788662752997,64.6,67.45,71.4,0.9609378906249999,,0.0,414.44000244140625
MSFT,MSFT,2026-05-04,0.0027397260273972603,P,482.5,0.15205270350463385,67.05,69.95,73.91,0.971679970703125,,0.0,414.44000244140625
MSFT,MSFT,2026-05-04,0.0027397260273972603,P,490.0,0.16747717383026556,74.15,77.45,83.25,1.5512717749023435,10.0,0.0,414.44000244140625
MSFT,MSFT,2026-05-04,0.0027397260273972603,P,497.5,0.18266733932424076,82.1,84.95,89.55,1.1533245458984376,,0.0,414.44000244140625
MSFT,MSFT,2026-05-04,0.0027397260273972603,P,500.0,0.18767988114778492,84.55,87.45,92.03,1.16016044921875,,0.0,414.44000244140625
MSFT,MSFT,2026-05-11,0.019178082191780823,C,350.0,-0.16899506279094745,63.0,65.6,60.7,0.7341335180664061,,4.0,414.44000244140625
MSFT,MSFT,2026-05-11,0.019178082191780823,C,352.5,-0.16187759502208335,60.45,63.75,72.9,0.551762294921875,,1.0,414.44000244140625
MSFT,MSFT,2026-05-11,0.019178082191780823,C,355.0,-0.15481042779899093,57.95,61.25,70.95,0.5312546875,,2.0,414.44000244140625
MSFT,MSFT,2026-05-11,0.019178082191780823,C,360.0,-0.1408241858242511,53.0,55.9,51.36,0.6682162084960939,,9.0,414.44000244140625
MSFT,MSFT,2026-05-11,0.019178082191780823,C,362.5,-0.13390374297967722,50.45,53.8,64.35,0.6806672558593752,,1.0,414.44000244140625
MSFT,MSFT,2026-05-11,0.019178082191780823,C,365.0,-0.1270308636919152,48.0,51.35,64.95,0.6588168884277343,,1.0,414.44000244140625
MSFT,MSFT,2026-05-11,0.019178082191780823,C,367.5,-0.12020489862151539,45.5,48.85,59.7,0.6325720336914062,,1.0,414.44000244140625
MSFT,MSFT,2026-05-11,0.019178082191780823,C,370.0,-0.11342521163613664,43.05,46.15,31.6,0.5896037133789063,,11.0,414.44000244140625
MSFT,MSFT,2026-05-11,0.019178082191780823,C,375.0,-0.10000219130399589,38.1,40.85,41.6,0.512578116455078,1.0,4.0,414.44000244140625
MSFT,MSFT,2026-05-11,0.019178082191780823,C,380.0,-0.0867569645539753,33.25,36.6,46.96,0.5185595019531251,,12.0,414.44000244140625
MSFT,MSFT,2026-05-11,0.019178082191780823,C,382.5,-0.08019956400781626,30.8,34.1,20.8,0.49121602539062503,,20.0,414.44000244140625
MSFT,MSFT,2026-05-11,0.019178082191780823,C,385.0,-0.07368488298662247,28.4,31.3,20.4,0.44336494140625,,61.0,414.44000244140625
MSFT,MSFT,2026-05-11,0.019178082191780823,C,387.5,-0.06721236848100504,26.1,28.75,27.5,0.41296973754882804,1.0,5.0,414.44000244140625
MSFT,MSFT,2026-05-11,0.019178082191780823,C,390.0,-0.060781478150714635,24.15,26.4,27.25,0.39551385742187506,2.0,53.0,414.44000244140625
MSFT,MSFT,2026-05-11,0.019178082191780823,C,392.5,-0.05439168005194365,21.55,24.65,21.53,0.4115049084472656,2.0,35.0,414.44000244140625
MSFT,MSFT,2026-05-11,0.019178082191780823,C,395.0,-0.04804245237328481,19.75,21.85,21.95,0.36511865356445317,2.0,24.0,414.44000244140625
MSFT,MSFT,2026-05-11,0.019178082191780823,C,397.5,-0.04173328318002012,17.2,20.3,19.8,0.3841614318847656,1.0,3.0,414.44000244140625
MSFT,MSFT,2026-05-11,0.019178082191780823,C,400.0,-0.03546367016642475,15.75,17.7,16.0,0.34705242797851554,35.0,106.0,414.44000244140625
MSFT,MSFT,2026-05-11,0.019178082191780823,C,402.5,-0.0292331204157887,14.4,15.65,16.0,0.3347234497070312,41.0,88.0,414.44000244140625
MSFT,MSFT,2026-05-11,0.019178082191780823,C,405.0,-0.023041150167867647,12.5,13.4,13.4,0.31073687316894527,64.0,125.0,414.44000244140625
MSFT,MSFT,2026-05-11,0.019178082191780823,C,407.5,-0.016887284593489302,10.75,11.75,12.66,0.3092110095214844,176.0,96.0,414.44000244140625
MSFT,MSFT,2026-05-11,0.019178082191780823,C,410.0,-0.010771057576053237,9.15,10.2,10.95,0.3070137658691406,65.0,249.0,414.44000244140625
MSFT,MSFT,2026-05-11,0.019178082191780823,C,412.5,-0.004692011499671075,7.85,8.45,8.15,0.29242650939941395,80.0,34.0,414.44000244140625
MSFT,MSFT,2026-05-11,0.019178082191780823,C,415.0,0.001350302956291634,6.5,7.2,6.85,0.2924875439453124,253.0,83.0,414.44000244140625
MSFT,MSFT,2026-05-11,0.019178082191780823,C,417.5,0.007356327016503373,5.45,6.05,5.48,0.2912668530273437,117.0,33.0,414.44000244140625
MSFT,MSFT,2026-05-11,0.019178082191780823,C,420.0,0.013326494003007276,4.5,5.3,4.7,0.30097134582519536,262.0,232.0,414.44000244140625
MSFT,MSFT,2026-05-11,0.019178082191780823,C,422.5,0.01926122952282169,3.7,4.5,4.45,0.3043282458496094,53.0,137.0,414.44000244140625
MSFT,MSFT,2026-05-11,0.019178082191780823,C,425.0,0.025160951650010067,3.05,3.35,3.39,0.28748271118164054,228.0,233.0,414.44000244140625
MSFT,MSFT,2026-05-11,0.019178082191780823,C,427.5,0.03102607110240823,2.34,3.05,2.79,0.3036568658447265,62.0,56.0,414.44000244140625
MSFT,MSFT,2026-05-11,0.019178082191780823,C,430.0,0.0368569914132013,1.79,2.36,2.1,0.2973703076171874,173.0,152.0,414.44000244140625
MSFT,MSFT,2026-05-11,0.019178082191780823,C,432.5,0.04265410909752729,1.55,2.11,1.9,0.30982135498046875,173.0,34.0,414.44000244140625
MSFT,MSFT,2026-05-11,0.019178082191780823,C,435.0,0.04841781381427745,1.27,1.77,1.49,0.3143379113769531,62.0,147.0,414.44000244140625
MSFT,MSFT,2026-05-11,0.019178082191780823,C,437.5,0.054148488523262345,1.05,1.28,1.41,0.304694453125,11.0,34.0,414.44000244140625
MSFT,MSFT,2026-05-11,0.019178082191780823,C,440.0,0.059846509637900155,0.91,1.19,1.0,0.3194648132324218,200.0,255.0,414.44000244140625
MSFT,MSFT,2026-05-11,0.019178082191780823,C,442.5,0.06551224717357738,0.75,1.04,0.8,0.3280096496582031,11.0,29.0,414.44000244140625
MSFT,MSFT,2026-05-11,0.019178082191780823,C,445.0,0.07114606489183348,0.64,0.77,0.65,0.32263860961914054,35.0,75.0,414.44000244140625
MSFT,MSFT,2026-05-11,0.019178082191780823,C,447.5,0.0767483204405034,0.53,0.64,0.66,0.327155166015625,134.0,2.0,414.44000244140625
MSFT,MSFT,2026-05-11,0.019178082191780823,C,450.0,0.08231936548995865,0.42,0.64,0.49,0.3450993225097656,49.0,62.0,414.44000244140625
MSFT,MSFT,2026-05-11,0.019178082191780823,C,452.5,0.08785954586557411,0.37,0.47,0.5,0.34009448974609374,20.0,2.0,414.44000244140625
MSFT,MSFT,2026-05-11,0.019178082191780823,C,455.0,0.09336920167654358,0.17,0.42,0.35,0.3491276025390625,42.0,63.0,414.44000244140625
MSFT,MSFT,2026-05-11,0.019178082191780823,C,457.5,0.09884866744116926,0.12,0.4,0.3,0.3618227880859375,2.0,0.0,414.44000244140625
MSFT,MSFT,2026-05-11,0.019178082191780823,C,460.0,0.10429827220873401,0.13,0.51,0.27,0.39551385742187506,29.0,63.0,414.44000244140625
MSFT,MSFT,2026-05-11,0.019178082191780823,C,462.5,0.10971833967807308,0.05,0.4,4.71,0.393560751953125,,3.0,414.44000244140625
MSFT,MSFT,2026-05-11,0.019178082191780823,C,465.0,0.11510918831294958,0.03,0.44,0.25,0.41602146484374997,5.0,23.0,414.44000244140625
MSFT,MSFT,2026-05-11,0.019178082191780823,C,467.5,0.12047113145433505,0.09,0.36,0.36,0.4165097412109374,6.0,10.0,414.44000244140625
MSFT,MSFT,2026-05-11,0.019178082191780823,C,470.0,0.1258044774296975,0.09,0.27,0.28,0.411138701171875,,57.0,414.44000244140625
MSFT,MSFT,2026-05-11,0.019178082191780823,C,472.5,0.13110952965939077,0.09,0.23,0.14,0.4145566357421875,5.0,10.0,414.44000244140625
MSFT,MSFT,2026-05-11,0.019178082191780823,C,475.0,0.1363865867602344,0.06,0.32,0.2,0.45166563964843753,2.0,9.0,414.44000244140625
MSFT,MSFT,2026-05-11,0.019178082191780823,C,477.5,0.14163594264637822,0.03,0.17,0.16,0.422857333984375,21.0,22.0,414.44000244140625
MSFT,MSFT,2026-05-11,0.019178082191780823,C,480.0,0.14685788662752997,0.09,0.21,0.09,0.4497125341796875,9.0,42.0,414.44000244140625
MSFT,MSFT,2026-05-11,0.019178082191780823,C,482.5,0.15205270350463385,0.09,0.22,2.7,0.46582565429687506,,4.0,414.44000244140625
MSFT,MSFT,2026-05-11,0.019178082191780823,C,485.0,0.1572206736630765,0.08,0.3,0.15,0.5024463818359376,5.0,338.0,414.44000244140625
MSFT,MSFT,2026-05-11,0.019178082191780823,C,487.5,0.16236207316349505,0.09,0.16,0.1,0.47070841796875,1.0,4.0,414.44000244140625
MSFT,MSFT,2026-05-11,0.019178082191780823,C,490.0,0.16747717383026556,0.09,0.1,0.14,0.454107021484375,11.0,68.0,414.44000244140625
MSFT,MSFT,2026-05-11,0.019178082191780823,C,492.5,0.1725662433377369,0.09,0.15,0.2,0.49121602539062503,2.0,454.0,414.44000244140625
MSFT,MSFT,2026-05-11,0.019178082191780823,C,495.0,0.17762954529428351,0.08,0.18,0.09,0.516606396484375,1.0,90.0,414.44000244140625
MSFT,MSFT,2026-05-11,0.019178082191780823,C,497.5,0.18266733932424076,0.03,0.11,0.08,0.49609878906250005,2.0,2.0,414.44000244140625
MSFT,MSFT,2026-05-11,0.019178082191780823,C,500.0,0.18767988114778492,0.02,0.08,0.05,0.48828636718750007,34.0,65.0,414.44000244140625
MSFT,MSFT,2026-05-11,0.019178082191780823,C,502.5,0.19266742265882406,0.01,0.09,0.06,0.50586431640625,1.0,0.0,414.44000244140625
MSFT,MSFT,2026-05-11,0.019178082191780823,C,505.0,0.19763021200095313,0.01,0.12,0.19,0.5361374511718751,2.0,21.0,414.44000244140625
MSFT,MSFT,2026-05-11,0.019178082191780823,C,507.5,0.2025684936415356,0.01,0.11,1.19,0.50586431640625,,3.0,414.44000244140625
MSFT,MSFT,2026-05-11,0.019178082191780823,C,510.0,0.20748250844396474,0.01,0.07,0.19,0.52539537109375,3.0,2.0,414.44000244140625
MSFT,MSFT,2026-05-11,0.019178082191780823,C,512.5,0.2123724937381566,0.01,0.28,0.11,0.5839885351562499,1.0,0.0,414.44000244140625
MSFT,MSFT,2026-05-11,0.019178082191780823,C,517.5,0.22208130786511743,0.0,0.07,0.05,0.51758294921875,4.0,0.0,414.44000244140625
MSFT,MSFT,2026-05-11,0.019178082191780823,C,520.0,0.22690059430106624,0.0,0.16,0.1,0.57617611328125,2.0,0.0,414.44000244140625
MSFT,MSFT,2026-05-11,0.019178082191780823,C,522.5,0.23169676656455934,0.0,0.25,0.22,0.6181678808593751,1.0,1.0,414.44000244140625
MSFT,MSFT,2026-05-11,0.019178082191780823,C,525.0,0.23647004531721708,0.0,0.51,0.13,0.6899445068359377,,5.0,414.44000244140625
MSFT,MSFT,2026-05-11,0.019178082191780823,P,350.0,-0.16899506279094745,0.02,0.13,0.07,0.481450498046875,9.0,25.0,414.44000244140625
MSFT,MSFT,2026-05-11,0.019178082191780823,P,352.5,-0.16187759502208335,0.02,0.15,0.25,0.4726615234375,1.0,0.0,414.44000244140625
MSFT,MSFT,2026-05-11,0.019178082191780823,P,355.0,-0.15481042779899093,0.02,0.3,0.69,0.5053760400390624,,13.0,414.44000244140625
MSFT,MSFT,2026-05-11,0.019178082191780823,P,357.5,-0.1477928551403444,0.05,0.3,0.13,0.4858449853515625,2.0,2.0,414.44000244140625
MSFT,MSFT,2026-05-11,0.019178082191780823,P,360.0,-0.1408241858242511,0.02,0.42,0.25,0.49414568359375005,1.0,54.0,414.44000244140625
MSFT,MSFT,2026-05-11,0.019178082191780823,P,362.5,-0.13390374297967722,0.08,0.19,0.29,0.415044912109375,27.0,53.0,414.44000244140625
MSFT,MSFT,2026-05-11,0.019178082191780823,P,365.0,-0.1270308636919152,0.07,0.22,0.25,0.4062559375,47.0,104.0,414.44000244140625
MSFT,MSFT,2026-05-11,0.019178082191780823,P,367.5,-0.12020489862151539,0.1,0.32,0.1,0.41260353027343744,61.0,115.0,414.44000244140625
MSFT,MSFT,2026-05-11,0.019178082191780823,P,370.0,-0.11342521163613664,0.09,0.3,0.14,0.3881897119140625,25.0,53.0,414.44000244140625
MSFT,MSFT,2026-05-11,0.019178082191780823,P,372.5,-0.10669117945479259,0.08,0.28,0.21,0.3645083081054688,2.0,23.0,414.44000244140625
MSFT,MSFT,2026-05-11,0.019178082191780823,P,375.0,-0.10000219130399589,0.18,0.31,0.22,0.35156898437499995,40.0,74.0,414.44000244140625
MSFT,MSFT,2026-05-11,0.019178082191780823,P,377.5,-0.09335764858532734,0.24,0.49,0.24,0.3627993408203125,5.0,126.0,414.44000244140625
MSFT,MSFT,2026-05-11,0.019178082191780823,P,380.0,-0.0867569645539753,0.16,0.54,0.32,0.3491276025390625,12.0,66.0,414.44000244140625
MSFT,MSFT,2026-05-11,0.019178082191780823,P,382.5,-0.08019956400781626,0.2,0.58,0.39,0.33301448242187504,3.0,37.0,414.44000244140625
MSFT,MSFT,2026-05-11,0.019178082191780823,P,385.0,-0.07368488298662247,0.46,0.7,0.55,0.3254461987304687,15.0,111.0,414.44000244140625
MSFT,MSFT,2026-05-11,0.019178082191780823,P,387.5,-0.06721236848100504,0.58,0.72,0.57,0.3051827294921875,10.0,40.0,414.44000244140625
MSFT,MSFT,2026-05-11,0.019178082191780823,P,390.0,-0.060781478150714635,0.58,0.94,0.73,0.30322962402343745,97.0,74.0,414.44000244140625
MSFT,MSFT,2026-05-11,0.019178082191780823,P,392.5,-0.05439168005194365,0.88,1.18,0.95,0.2985909985351562,7.0,41.0,414.44000244140625
MSFT,MSFT,2026-05-11,0.019178082191780823,P,395.0,-0.04804245237328481,1.18,1.46,1.32,0.2929758203124999,15.0,60.0,414.44000244140625
MSFT,MSFT,2026-05-11,0.019178082191780823,P,397.5,-0.04173328318002012,1.49,1.77,1.63,0.28565167480468745,19.0,24.0,414.44000244140625
MSFT,MSFT,2026-05-11,0.019178082191780823,P,400.0,-0.03546367016642475,1.86,2.25,1.93,0.28394270751953116,164.0,138.0,414.44000244140625
MSFT,MSFT,2026-05-11,0.019178082191780823,P,402.5,-0.0292331204157887,2.34,2.79,2.48,0.28040270385742183,16.0,78.0,414.44000244140625
MSFT,MSFT,2026-05-11,0.019178082191780823,P,405.0,-0.023041150167867647,2.97,3.35,2.63,0.2732006274414062,60.0,208.0,414.44000244140625
MSFT,MSFT,2026-05-11,0.019178082191780823,P,407.5,-0.016887284593489302,3.75,4.3,3.97,0.27802235656738283,14.0,27.0,414.44000244140625
MSFT,MSFT,2026-05-11,0.019178082191780823,P,410.0,-0.010771057576053237,4.6,5.1,4.25,0.2711254528808594,52.0,176.0,414.44000244140625
MSFT,MSFT,2026-05-11,0.019178082191780823,P,412.5,-0.004692011499671075,5.65,6.55,5.43,0.2845530529785155,97.0,8.0,414.44000244140625
MSFT,MSFT,2026-05-11,0.019178082191780823,P,415.0,0.001350302956291634,6.9,7.65,6.48,0.2788158056640625,81.0,76.0,414.44000244140625
MSFT,MSFT,2026-05-11,0.019178082191780823,P,417.5,0.007356327016503373,8.25,9.3,10.25,0.28919167846679683,3.0,1.0,414.44000244140625
MSFT,MSFT,2026-05-11,0.019178082191780823,P,420.0,0.013326494003007276,9.75,10.9,11.75,0.292853751220703,10.0,101.0,414.44000244140625
MSFT,MSFT,2026-05-11,0.019178082191780823,P,422.5,0.01926122952282169,11.0,12.55,11.15,0.2937082348632812,17.0,15.0,414.44000244140625
MSFT,MSFT,2026-05-11,0.019178082191780823,P,425.0,0.025160951650010067,13.1,14.35,12.19,0.29614961669921874,20.0,159.0,414.44000244140625
MSFT,MSFT,2026-05-11,0.019178082191780823,P,427.5,0.03102607110240823,14.55,16.8,16.06,0.3244696459960937,1.0,20.0,414.44000244140625
MSFT,MSFT,2026-05-11,0.019178082191780823,P,430.0,0.0368569914132013,17.1,18.4,16.8,0.30951618225097655,10.0,91.0,414.44000244140625
MSFT,MSFT,2026-05-11,0.019178082191780823,P,432.5,0.04265410909752729,18.15,21.4,22.15,0.3619448571777344,,1.0,414.44000244140625
MSFT,MSFT,2026-05-11,0.019178082191780823,P,435.0,0.04841781381427745,21.1,23.3,22.15,0.35657381713867187,5.0,132.0,414.44000244140625
MSFT,MSFT,2026-05-11,0.019178082191780823,P,437.5,0.054148488523262345,23.05,25.35,25.15,0.3549869189453124,,1.0,414.44000244140625
MSFT,MSFT,2026-05-11,0.019178082191780823,P,440.0,0.059846509637900155,24.8,28.2,28.57,0.39978627563476565,6.0,0.0,414.44000244140625
MSFT,MSFT,2026-05-11,0.019178082191780823,P,442.5,0.06551224717357738,27.2,30.55,26.9,0.414068359375,,5.0,414.44000244140625
MSFT,MSFT,2026-05-11,0.019178082191780823,P,445.0,0.07114606489183348,29.55,33.0,39.23,0.4335994140625,,4.0,414.44000244140625
MSFT,MSFT,2026-05-11,0.019178082191780823,P,447.5,0.0767483204405034,31.95,34.65,41.51,0.3939269592285156,,6.0,414.44000244140625
MSFT,MSFT,2026-05-11,0.019178082191780823,P,450.0,0.08231936548995865,34.4,37.8,34.6,0.46362841064453125,,6.0,414.44000244140625
MSFT,MSFT,2026-05-11,0.019178082191780823,P,452.5,0.08785954586557411,37.25,40.2,35.75,0.4774222180175781,,1.0,414.44000244140625
MSFT,MSFT,2026-05-11,0.019178082191780823,P,515.0,0.2172386833893294,99.7,102.45,90.65,0.6479527392578125,,0.0,414.44000244140625
MSFT,MSFT,2026-05-22,0.049315068493150684,C,270.0,-0.428506258276032,142.85,146.65,132.95,0.901368173828125,,1.0,414.44000244140625
MSFT,MSFT,2026-05-22,0.049315068493150684,C,290.0,-0.35704729429388704,123.1,126.75,105.72,0.8037129003906249,11.0,14.0,414.44000244140625
MSFT,MSFT,2026-05-22,0.049315068493150684,C,300.0,-0.32314574261820567,113.0,116.75,105.95,0.72851833984375,,3.0,414.44000244140625
MSFT,MSFT,2026-05-22,0.049315068493150684,C,315.0,-0.27435557844877373,98.05,101.8,108.97,0.6413610083007812,,9.0,414.44000244140625
MSFT,MSFT,2026-05-22,0.049315068493150684,C,320.0,-0.2586072214806345,93.15,96.85,104.1,0.6210975390625001,,9.0,414.44000244140625
MSFT,MSFT,2026-05-22,0.049315068493150684,C,325.0,-0.24310303494466928,88.2,92.0,99.43,0.602787175292969,68.0,28.0,414.44000244140625
MSFT,MSFT,2026-05-22,0.049315068493150684,C,330.0,-0.2278355628138808,83.1,86.9,94.58,0.5583540258789064,68.0,48.0,414.44000244140625
MSFT,MSFT,2026-05-22,0.049315068493150684,C,335.0,-0.21279768544934033,78.3,82.1,81.87,0.5512740185546876,2.0,55.0,414.44000244140625
MSFT,MSFT,2026-05-22,0.049315068493150684,C,340.0,-0.19798259966419962,73.25,77.05,76.97,0.5141650146484374,2.0,39.0,414.44000244140625
MSFT,MSFT,2026-05-22,0.049315068493150684,C,345.0,-0.18338380024304698,68.45,72.1,71.46,0.6315954809570312,1.0,33.0,414.44000244140625
MSFT,MSFT,2026-05-22,0.049315068493150684,C,350.0,-0.16899506279094745,63.55,66.9,67.21,0.5824016369628906,132.0,56.0,414.44000244140625
MSFT,MSFT,2026-05-22,0.049315068493150684,C,355.0,-0.15481042779899093,58.65,61.95,62.33,0.5485884985351563,132.0,19.0,414.44000244140625
MSFT,MSFT,2026-05-22,0.049315068493150684,C,360.0,-0.1408241858242511,53.75,57.05,50.73,0.5173388110351562,91.0,48.0,414.44000244140625
MSFT,MSFT,2026-05-22,0.049315068493150684,C,365.0,-0.1270308636919152,48.9,51.6,60.0,0.45618219604492194,5.0,123.0,414.44000244140625
MSFT,MSFT,2026-05-22,0.049315068493150684,C,370.0,-0.11342521163613664,44.6,47.0,47.4,0.44067942138671873,34.0,172.0,414.44000244140625
MSFT,MSFT,2026-05-22,0.049315068493150684,C,375.0,-0.10000219130399589,39.35,42.05,43.14,0.40595076477050784,14.0,110.0,414.44000244140625
MSFT,MSFT,2026-05-22,0.049315068493150684,C,380.0,-0.0867569645539753,35.9,37.4,38.5,0.3836731555175781,33.0,428.0,414.44000244140625
MSFT,MSFT,2026-05-22,0.049315068493150684,C,385.0,-0.07368488298662247,31.2,32.9,31.79,0.36463037719726565,3.0,371.0,414.44000244140625
MSFT,MSFT,2026-05-22,0.049315068493150684,C,390.0,-0.060781478150714635,27.1,28.4,27.82,0.34192552612304683,54.0,316.0,414.44000244140625
MSFT,MSFT,2026-05-22,0.049315068493150684,C,395.0,-0.04804245237328481,22.95,24.45,23.0,0.33338068969726564,13.0,185.0,414.44000244140625
MSFT,MSFT,2026-05-22,0.049315068493150684,C,400.0,-0.03546367016642475,19.35,20.0,19.45,0.30359583129882806,89.0,731.0,414.44000244140625
MSFT,MSFT,2026-05-22,0.049315068493150684,C,405.0,-0.023041150167867647,15.85,17.0,17.15,0.3095466995239258,367.0,594.0,414.44000244140625
MSFT,MSFT,2026-05-22,0.049315068493150684,C,410.0,-0.010771057576053237,13.0,13.6,12.97,0.29572237487792963,558.0,683.0,414.44000244140625
MSFT,MSFT,2026-05-22,0.049315068493150684,C,415.0,0.001350302956291634,10.35,10.8,10.7,0.2892527130126953,2191.0,417.0,414.44000244140625
MSFT,MSFT,2026-05-22,0.049315068493150684,C,420.0,0.013326494003007276,8.0,8.65,8.2,0.2905649557495117,607.0,857.0,414.44000244140625
MSFT,MSFT,2026-05-22,0.049315068493150684,C,425.0,0.025160951650010067,6.2,6.65,6.3,0.2868113311767577,457.0,1421.0,414.44000244140625
MSFT,MSFT,2026-05-22,0.049315068493150684,C,430.0,0.0368569914132013,4.8,5.15,5.0,0.28784891845703114,407.0,942.0,414.44000244140625
MSFT,MSFT,2026-05-22,0.049315068493150684,C,435.0,0.04841781381427745,3.65,3.9,3.65,0.28784891845703114,274.0,2553.0,414.44000244140625
MSFT,MSFT,2026-05-22,0.049315068493150684,C,440.0,0.059846509637900155,2.8,3.1,2.95,0.2951120294189453,261.0,1082.0,414.44000244140625
MSFT,MSFT,2026-05-22,0.049315068493150684,C,445.0,0.07114606489183348,1.94,2.31,2.17,0.2957834094238281,96.0,539.0,414.44000244140625
MSFT,MSFT,2026-05-22,0.049315068493150684,C,450.0,0.08231936548995865,1.57,1.7,1.65,0.29651582397460935,581.0,1485.0,414.44000244140625
MSFT,MSFT,2026-05-22,0.049315068493150684,C,455.0,0.09336920167654358,1.21,1.35,1.26,0.3042061767578125,96.0,234.0,414.44000244140625
MSFT,MSFT,2026-05-22,0.049315068493150684,C,460.0,0.10429827220873401,0.92,1.09,1.01,0.3127510131835937,1035.0,1687.0,414.44000244140625
MSFT,MSFT,2026-05-22,0.049315068493150684,C,465.0,0.11510918831294958,0.73,0.85,0.8,0.31836619140624994,154.0,903.0,414.44000244140625
MSFT,MSFT,2026-05-22,0.049315068493150684,C,470.0,0.1258044774296975,0.56,0.71,0.63,0.3283758569335937,171.0,447.0,414.44000244140625
MSFT,MSFT,2026-05-22,0.049315068493150684,C,475.0,0.1363865867602344,0.45,0.59,0.59,0.3375310388183594,74.0,310.0,414.44000244140625
MSFT,MSFT,2026-05-22,0.049315068493150684,C,480.0,0.14685788662752997,0.44,0.55,0.51,0.3532779516601562,80.0,813.0,414.44000244140625
MSFT,MSFT,2026-05-22,0.049315068493150684,C,485.0,0.1572206736630765,0.35,0.41,0.47,0.3544986425781249,75.0,656.0,414.44000244140625
MSFT,MSFT,2026-05-22,0.049315068493150684,C,490.0,0.16747717383026556,0.28,0.37,0.39,0.367193828125,9.0,561.0,414.44000244140625
MSFT,MSFT,2026-05-22,0.049315068493150684,C,495.0,0.17762954529428351,0.23,0.33,0.41,0.37842418457031246,53.0,385.0,414.44000244140625
MSFT,MSFT,2026-05-22,0.049315068493150684,C,500.0,0.18767988114778492,0.25,0.28,0.27,0.38623660644531244,125.0,2353.0,414.44000244140625
MSFT,MSFT,2026-05-22,0.049315068493150684,C,505.0,0.19763021200095313,0.08,0.26,0.23,0.39893179199218753,153.0,154.0,414.44000244140625
MSFT,MSFT,2026-05-22,0.049315068493150684,C,510.0,0.20748250844396474,0.07,0.28,0.28,0.4204159521484375,3.0,215.0,414.44000244140625
MSFT,MSFT,2026-05-22,0.049315068493150684,C,515.0,0.2172386833893294,0.02,0.4,0.22,0.46045461425781253,2.0,57.0,414.44000244140625
MSFT,MSFT,2026-05-22,0.049315068493150684,C,520.0,0.22690059430106624,0.11,0.18,0.18,0.42627526855468756,7.0,144.0,414.44000244140625
MSFT,MSFT,2026-05-22,0.049315068493150684,C,525.0,0.23647004531721708,0.02,0.35,0.16,0.48438015625,10.0,150.0,414.44000244140625
MSFT,MSFT,2026-05-22,0.049315068493150684,C,530.0,0.2459487892717608,0.05,0.16,0.18,0.450200810546875,2.0,157.0,414.44000244140625
MSFT,MSFT,2026-05-22,0.049315068493150684,C,535.0,0.2553385296215998,0.03,0.13,0.13,0.45313046875,8.0,254.0,414.44000244140625
MSFT,MSFT,2026-05-22,0.049315068493150684,C,540.0,0.2646409222839133,0.01,0.18,0.1,0.48633326171875,17.0,98.0,414.44000244140625
MSFT,MSFT,2026-05-22,0.049315068493150684,C,545.0,0.27385757738883726,0.04,0.12,0.11,0.476567734375,7.0,115.0,414.44000244140625
MSFT,MSFT,2026-05-22,0.049315068493150684,C,550.0,0.28299006095210993,0.08,0.11,0.11,0.485356708984375,1.0,128.0,414.44000244140625
MSFT,MSFT,2026-05-22,0.049315068493150684,C,555.0,0.29203989647202777,0.04,0.11,0.08,0.499028447265625,17.0,209.0,414.44000244140625
MSFT,MSFT,2026-05-22,0.049315068493150684,P,270.0,-0.428506258276032,0.0,2.14,0.04,1.0058643457031249,14.0,48.0,414.44000244140625
MSFT,MSFT,2026-05-22,0.049315068493150684,P,280.0,-0.39213861410515716,0.01,0.3,0.1,0.6992217578125001,35.0,52.0,414.44000244140625
MSFT,MSFT,2026-05-22,0.049315068493150684,P,290.0,-0.35704729429388704,0.01,0.1,0.04,0.5722699023437501,3.0,103.0,414.44000244140625
MSFT,MSFT,2026-05-22,0.049315068493150684,P,300.0,-0.32314574261820567,0.04,0.08,0.06,0.5273484765625001,38.0,601.0,414.44000244140625
MSFT,MSFT,2026-05-22,0.049315068493150684,P,305.0,-0.30661644066699517,0.03,0.1,0.07,0.50586431640625,5.0,127.0,414.44000244140625
MSFT,MSFT,2026-05-22,0.049315068493150684,P,310.0,-0.2903559197952148,0.06,0.14,0.19,0.50586431640625,2.0,375.0,414.44000244140625
MSFT,MSFT,2026-05-22,0.049315068493150684,P,315.0,-0.27435557844877373,0.08,0.2,0.11,0.5009815527343751,14.0,233.0,414.44000244140625
MSFT,MSFT,2026-05-22,0.049315068493150684,P,320.0,-0.2586072214806345,0.03,0.17,0.14,0.48730981445312505,17.0,235.0,414.44000244140625
MSFT,MSFT,2026-05-22,0.049315068493150684,P,325.0,-0.24310303494466928,0.08,0.19,0.13,0.4687553125,3.0,89.0,414.44000244140625
MSFT,MSFT,2026-05-22,0.049315068493150684,P,330.0,-0.2278355628138808,0.09,0.22,0.17,0.45166563964843753,5.0,169.0,414.44000244140625
MSFT,MSFT,2026-05-22,0.049315068493150684,P,335.0,-0.21279768544934033,0.13,0.4,0.18,0.46631393066406257,19.0,365.0,414.44000244140625
MSFT,MSFT,2026-05-22,0.049315068493150684,P,340.0,-0.19798259966419962,0.19,0.27,0.2,0.4118711157226562,7.0,363.0,414.44000244140625
MSFT,MSFT,2026-05-22,0.049315068493150684,P,345.0,-0.18338380024304698,0.24,0.36,0.29,0.4035704174804688,12.0,371.0,414.44000244140625
MSFT,MSFT,2026-05-22,0.049315068493150684,P,350.0,-0.16899506279094745,0.33,0.57,0.37,0.40820904296875,86.0,485.0,414.44000244140625
MSFT,MSFT,2026-05-22,0.049315068493150684,P,355.0,-0.15481042779899093,0.42,0.55,0.48,0.37695935546875,83.0,300.0,414.44000244140625
MSFT,MSFT,2026-05-22,0.049315068493150684,P,360.0,-0.1408241858242511,0.54,0.66,0.54,0.36133451171875,167.0,399.0,414.44000244140625
MSFT,MSFT,2026-05-22,0.049315068493150684,P,365.0,-0.1270308636919152,0.69,0.88,0.66,0.35315588256835934,132.0,523.0,414.44000244140625
MSFT,MSFT,2026-05-22,0.049315068493150684,P,370.0,-0.11342521163613664,0.9,0.99,0.87,0.33179379150390625,95.0,466.0,414.44000244140625
MSFT,MSFT,2026-05-22,0.049315068493150684,P,375.0,-0.10000219130399589,1.17,1.27,1.25,0.32019722778320303,105.0,365.0,414.44000244140625
MSFT,MSFT,2026-05-22,0.049315068493150684,P,380.0,-0.0867569645539753,1.53,1.66,1.74,0.31018756225585936,338.0,989.0,414.44000244140625
MSFT,MSFT,2026-05-22,0.049315068493150684,P,385.0,-0.07368488298662247,2.04,2.32,1.93,0.3073189385986328,190.0,653.0,414.44000244140625
MSFT,MSFT,2026-05-22,0.049315068493150684,P,390.0,-0.060781478150714635,2.76,3.1,2.6,0.3013985876464844,257.0,749.0,414.44000244140625
MSFT,MSFT,2026-05-22,0.049315068493150684,P,395.0,-0.04804245237328481,3.65,4.1,3.45,0.2957834094238281,146.0,340.0,414.44000244140625
MSFT,MSFT,2026-05-22,0.049315068493150684,P,400.0,-0.03546367016642475,4.9,5.4,5.15,0.29157202575683583,346.0,1157.0,414.44000244140625
MSFT,MSFT,2026-05-22,0.049315068493150684,P,405.0,-0.023041150167867647,6.5,7.0,6.8,0.28742167663574214,57.0,322.0,414.44000244140625
MSFT,MSFT,2026-05-22,0.049315068493150684,P,410.0,-0.010771057576053237,8.45,9.05,7.68,0.2864451239013671,57.0,366.0,414.44000244140625
MSFT,MSFT,2026-05-22,0.049315068493150684,P,415.0,0.001350302956291634,10.8,11.4,11.15,0.28400374206542955,156.0,1253.0,414.44000244140625
MSFT,MSFT,2026-05-22,0.049315068493150684,P,420.0,0.013326494003007276,13.35,14.15,12.9,0.2825999475097656,34.0,398.0,414.44000244140625
MSFT,MSFT,2026-05-22,0.049315068493150684,P,425.0,0.025160951650010067,16.6,17.6,16.35,0.2908396112060546,17.0,930.0,414.44000244140625
MSFT,MSFT,2026-05-22,0.049315068493150684,P,430.0,0.0368569914132013,20.1,21.3,21.2,0.2981027221679687,22.0,165.0,414.44000244140625
MSFT,MSFT,2026-05-22,0.049315068493150684,P,435.0,0.04841781381427745,23.85,25.4,23.62,0.31037066589355466,17.0,363.0,414.44000244140625
MSFT,MSFT,2026-05-22,0.049315068493150684,P,440.0,0.059846509637900155,27.85,30.05,28.4,0.3354558642578125,2.0,34.0,414.44000244140625
MSFT,MSFT,2026-05-22,0.049315068493150684,P,445.0,0.07114606489183348,31.8,34.25,35.46,0.3409489733886719,1.0,12.0,414.44000244140625
MSFT,MSFT,2026-05-22,0.049315068493150684,P,450.0,0.08231936548995865,36.2,38.95,35.5,0.36096830444335937,7.0,30.0,414.44000244140625
MSFT,MSFT,2026-05-22,0.049315068493150684,P,455.0,0.09336920167654358,40.3,43.65,40.58,0.378363150024414,1.0,8.0,414.44000244140625
MSFT,MSFT,2026-05-22,0.049315068493150684,P,460.0,0.10429827220873401,45.05,48.45,59.85,0.3979552392578125,2.0,10.0,414.44000244140625
MSFT,MSFT,2026-05-22,0.049315068493150684,P,465.0,0.11510918831294958,49.8,53.2,56.0,0.4131528411865234,1.0,85.0,414.44000244140625
MSFT,MSFT,2026-05-22,0.049315068493150684,P,470.0,0.1258044774296975,55.1,58.0,67.85,0.42889975402832037,1.0,8.0,414.44000244140625
MSFT,MSFT,2026-05-22,0.049315068493150684,P,475.0,0.1363865867602344,60.0,62.9,53.26,0.4484918432617187,,1.0,414.44000244140625
MSFT,MSFT,2026-05-22,0.049315068493150684,P,480.0,0.14685788662752997,64.45,67.8,65.3,0.4670463452148438,2.0,24.0,414.44000244140625
MSFT,MSFT,2026-05-22,0.049315068493150684,P,485.0,0.1572206736630765,70.0,72.8,60.79,0.4907277490234375,,1.0,414.44000244140625
MSFT,MSFT,2026-05-22,0.049315068493150684,P,490.0,0.16747717383026556,74.35,77.65,67.6,0.5042774182128906,11.0,12.0,414.44000244140625
MSFT,MSFT,2026-05-22,0.049315068493150684,P,495.0,0.17762954529428351,79.2,82.65,80.05,0.5267381311035157,,1.0,414.44000244140625
MSFT,MSFT,2026-05-22,0.049315068493150684,P,540.0,0.2646409222839133,124.05,127.6,158.09,0.7065459033203125,,0.0,414.44000244140625
MSFT,MSFT,2026-05-22,0.049315068493150684,P,545.0,0.27385757738883726,128.95,132.65,129.6,0.7293728234863281,,0.0,414.44000244140625
MSFT,MSFT,2026-06-12,0.10684931506849316,C,345.0,-0.18338380024304698,69.3,72.65,71.83,0.46362841064453125,1.0,,414.44000244140625
MSFT,MSFT,2026-06-12,0.10684931506849316,C,360.0,-0.1408241858242511,55.1,58.55,46.65,0.41345801391601555,,26.0,414.44000244140625
MSFT,MSFT,2026-06-12,0.10684931506849316,C,370.0,-0.11342521163613664,46.0,49.45,38.06,0.3834290173339844,,1.0,414.44000244140625
MSFT,MSFT,2026-06-12,0.10684931506849316,C,375.0,-0.10000219130399589,41.55,45.25,38.8,0.37525038818359374,,2.0,414.44000244140625
MSFT,MSFT,2026-06-12,0.10684931506849316,C,380.0,-0.0867569645539753,37.4,40.75,41.2,0.35712312805175783,2.0,51.0,414.44000244140625
MSFT,MSFT,2026-06-12,0.10684931506849316,C,385.0,-0.07368488298662247,33.15,36.7,26.12,0.3477238079833984,,3.0,414.44000244140625
MSFT,MSFT,2026-06-12,0.10684931506849316,C,390.0,-0.060781478150714635,29.4,32.7,31.45,0.33661552062988287,14.0,16.0,414.44000244140625
MSFT,MSFT,2026-06-12,0.10684931506849316,C,395.0,-0.04804245237328481,26.6,29.1,28.8,0.33081723876953123,3.0,3.0,414.44000244140625
MSFT,MSFT,2026-06-12,0.10684931506849316,C,400.0,-0.03546367016642475,22.15,25.8,25.42,0.32733826965332036,40.0,55.0,414.44000244140625
MSFT,MSFT,2026-06-12,0.10684931506849316,C,405.0,-0.023041150167867647,19.95,21.75,22.25,0.30597617858886716,28.0,65.0,414.44000244140625
MSFT,MSFT,2026-06-12,0.10684931506849316,C,410.0,-0.010771057576053237,17.0,18.3,18.45,0.29254857849121085,35.0,98.0,414.44000244140625
MSFT,MSFT,2026-06-12,0.10684931506849316,C,415.0,0.001350302956291634,14.3,15.95,15.5,0.29502047760009764,259.0,18.0,414.44000244140625
MSFT,MSFT,2026-06-12,0.10684931506849316,C,420.0,0.013326494003007276,12.0,13.55,12.97,0.292151853942871,42.0,17.0,414.44000244140625
MSFT,MSFT,2026-06-12,0.10684931506849316,C,425.0,0.025160951650010067,9.9,12.8,11.2,0.31525342956542957,17.0,30.0,414.44000244140625
MSFT,MSFT,2026-06-12,0.10684931506849316,C,430.0,0.0368569914132013,8.15,9.55,9.1,0.28794047027587877,45.0,22.0,414.44000244140625
MSFT,MSFT,2026-06-12,0.10684931506849316,C,435.0,0.04841781381427745,6.0,8.75,8.09,0.30289393402099607,61.0,64.0,414.44000244140625
MSFT,MSFT,2026-06-12,0.10684931506849316,C,440.0,0.059846509637900155,4.95,8.15,6.34,0.31925119232177723,43.0,120.0,414.44000244140625
MSFT,MSFT,2026-06-12,0.10684931506849316,C,445.0,0.07114606489183348,4.5,5.6,5.0,0.2903513348388671,18.0,6.0,414.44000244140625
MSFT,MSFT,2026-06-12,0.10684931506849316,C,450.0,0.08231936548995865,4.05,4.7,4.21,0.29279271667480455,53.0,39.0,414.44000244140625
MSFT,MSFT,2026-06-12,0.10684931506849316,C,455.0,0.09336920167654358,3.05,4.15,3.82,0.30103238037109376,28.0,7.0,414.44000244140625
MSFT,MSFT,2026-06-12,0.10684931506849316,C,460.0,0.10429827220873401,2.62,3.3,2.98,0.2981027221679687,46.0,12.0,414.44000244140625
MSFT,MSFT,2026-06-12,0.10684931506849316,C,465.0,0.11510918831294958,1.55,2.44,2.52,0.29004616210937495,6.0,9.0,414.44000244140625
MSFT,MSFT,2026-06-12,0.10684931506849316,C,470.0,0.1258044774296975,1.01,3.95,2.09,0.3572451971435546,17.0,3.0,414.44000244140625
MSFT,MSFT,2026-06-12,0.10684931506849316,C,475.0,0.1363865867602344,1.35,1.8,1.66,0.30109341491699215,15.0,5.0,414.44000244140625
MSFT,MSFT,2026-06-12,0.10684931506849316,C,485.0,0.1572206736630765,0.0,1.31,1.17,0.31018756225585936,5.0,2.0,414.44000244140625
MSFT,MSFT,2026-06-12,0.10684931506849316,C,490.0,0.16747717383026556,0.62,1.29,1.1,0.32434757690429683,10.0,0.0,414.44000244140625
MSFT,MSFT,2026-06-12,0.10684931506849316,C,495.0,0.17762954529428351,0.6,1.12,0.89,0.32923034057617184,3.0,3.0,414.44000244140625
MSFT,MSFT,2026-06-12,0.10684931506849316,C,500.0,0.18767988114778492,0.53,0.9,0.8,0.32898620239257803,12.0,,414.44000244140625
MSFT,MSFT,2026-06-12,0.10684931506849316,C,530.0,0.2459487892717608,0.16,0.46,0.35,0.36426416992187505,2.0,,414.44000244140625
MSFT,MSFT,2026-06-12,0.10684931506849316,C,550.0,0.28299006095210993,0.11,0.32,0.25,0.38794557373046873,3.0,,414.44000244140625
MSFT,MSFT,2026-06-12,0.10684931506849316,C,555.0,0.29203989647202777,0.08,0.3,0.2,0.39502558105468755,678.0,,414.44000244140625
MSFT,MSFT,2026-06-12,0.10684931506849316,P,305.0,-0.30661644066699517,0.01,0.5,0.17,0.4624077197265626,1.0,,414.44000244140625
MSFT,MSFT,2026-06-12,0.10684931506849316,P,325.0,-0.24310303494466928,0.07,2.46,0.47,0.5241746801757812,1.0,,414.44000244140625
MSFT,MSFT,2026-06-12,0.10684931506849316,P,350.0,-0.16899506279094745,0.84,1.65,1.15,0.35748933532714844,16.0,,414.44000244140625
MSFT,MSFT,2026-06-12,0.10684931506849316,P,355.0,-0.15481042779899093,0.92,1.82,1.48,0.3423527679443359,8.0,115.0,414.44000244140625
MSFT,MSFT,2026-06-12,0.10684931506849316,P,360.0,-0.1408241858242511,1.34,2.25,1.59,0.33728690063476563,21.0,31.0,414.44000244140625
MSFT,MSFT,2026-06-12,0.10684931506849316,P,365.0,-0.1270308636919152,1.81,2.5,2.09,0.32233343688964833,17.0,59.0,414.44000244140625
MSFT,MSFT,2026-06-12,0.10684931506849316,P,370.0,-0.11342521163613664,2.32,2.98,2.46,0.31391066955566405,250.0,94.0,414.44000244140625
MSFT,MSFT,2026-06-12,0.10684931506849316,P,375.0,-0.10000219130399589,2.74,3.45,3.01,0.30249720947265624,74.0,58.0,414.44000244140625
MSFT,MSFT,2026-06-12,0.10684931506849316,P,380.0,-0.0867569645539753,3.6,4.4,4.0,0.3019478985595704,321.0,186.0,414.44000244140625
MSFT,MSFT,2026-06-12,0.10684931506849316,P,385.0,-0.07368488298662247,4.3,5.25,4.72,0.2945016839599609,256.0,183.0,414.44000244140625
MSFT,MSFT,2026-06-12,0.10684931506849316,P,390.0,-0.060781478150714635,5.35,6.25,5.88,0.28705546936035153,50.0,30.0,414.44000244140625
MSFT,MSFT,2026-06-12,0.10684931506849316,P,395.0,-0.04804245237328481,6.7,7.9,6.85,0.28971047210693357,25.0,20.0,414.44000244140625
MSFT,MSFT,2026-06-12,0.10684931506849316,P,400.0,-0.03546367016642475,7.5,9.25,8.22,0.28147080841064454,41.0,93.0,414.44000244140625
MSFT,MSFT,2026-06-12,0.10684931506849316,P,405.0,-0.023041150167867647,9.85,11.65,11.0,0.28910012664794915,30.0,22.0,414.44000244140625
MSFT,MSFT,2026-06-12,0.10684931506849316,P,410.0,-0.010771057576053237,12.1,13.4,12.47,0.2797618411254882,12.0,16.0,414.44000244140625
MSFT,MSFT,2026-06-12,0.10684931506849316,P,415.0,0.001350302956291634,13.95,16.4,14.68,0.2886728848266601,13.0,2.0,414.44000244140625
MSFT,MSFT,2026-06-12,0.10684931506849316,P,420.0,0.013326494003007276,16.85,18.6,16.7,0.27854115020751957,1.0,21.0,414.44000244140625
MSFT,MSFT,2026-06-12,0.10684931506849316,P,425.0,0.025160951650010067,19.5,22.15,20.07,0.28852029846191396,31.0,1.0,414.44000244140625
MSFT,MSFT,2026-06-12,0.10684931506849316,P,430.0,0.0368569914132013,22.0,25.1,22.9,0.28314925842285155,61.0,2.0,414.44000244140625
MSFT,MSFT,2026-06-12,0.10684931506849316,P,435.0,0.04841781381427745,25.55,29.0,37.4,0.29193823303222644,,20.0,414.44000244140625
MSFT,MSFT,2026-06-12,0.10684931506849316,P,440.0,0.059846509637900155,29.1,32.8,35.55,0.29529513305664057,,1.0,414.44000244140625
MSFT,MSFT,2026-06-12,0.10684931506849316,P,450.0,0.08231936548995865,37.2,40.9,50.03,0.30261927856445314,,1.0,414.44000244140625
MSFT,MSFT,2026-06-12,0.10684931506849316,P,495.0,0.17762954529428351,79.55,82.9,91.42,0.3794007373046875,,0.0,414.44000244140625
MSFT,MSFT,2026-09-18,0.37534246575342467,C,215.0,-0.656290189146744,199.65,203.5,212.4,0.6418492846679689,1.0,5.0,414.44000244140625
MSFT,MSFT,2026-09-18,0.37534246575342467,C,225.0,-0.6108278150699866,190.05,193.6,150.91,0.6157264990234376,6.0,6.0,414.44000244140625
MSFT,MSFT,2026-09-18,0.37534246575342467,C,230.0,-0.5888489083512113,185.0,188.95,204.03,0.6037026934814456,10.0,72.0,414.44000244140625
MSFT,MSFT,2026-09-18,0.37534246575342467,C,235.0,-0.5673427031302478,180.15,184.1,171.27,0.5915568188476563,2.0,4.0,414.44000244140625
MSFT,MSFT,2026-09-18,0.37534246575342467,C,240.0,-0.5462892939324153,175.4,179.05,177.05,0.577152666015625,9.0,12.0,414.44000244140625
MSFT,MSFT,2026-09-18,0.37534246575342467,C,250.0,-0.5054672994121604,165.7,169.4,180.0,0.5533491931152343,1.0,48.0,414.44000244140625
MSFT,MSFT,2026-09-18,0.37534246575342467,C,260.0,-0.4662465862588791,156.2,159.75,105.0,0.5324753784179688,2.0,35.0,414.44000244140625
MSFT,MSFT,2026-09-18,0.37534246575342467,C,265.0,-0.4471983912881845,151.35,154.15,138.45,0.5070239727783203,1.0,20.0,414.44000244140625
MSFT,MSFT,2026-09-18,0.37534246575342467,C,270.0,-0.428506258276032,146.75,149.35,141.55,0.5385788330078126,1.0,51.0,414.44000244140625
MSFT,MSFT,2026-09-18,0.37534246575342467,C,275.0,-0.4101571196078354,141.8,144.6,136.77,0.5270127865600586,1.0,13.0,414.44000244140625
MSFT,MSFT,2026-09-18,0.37534246575342467,C,280.0,-0.39213861410515716,137.05,139.85,147.2,0.5152636364746093,1.0,41.0,414.44000244140625
MSFT,MSFT,2026-09-18,0.37534246575342467,C,285.0,-0.37443903700575615,132.35,135.3,139.95,0.5082446636962892,4.0,47.0,414.44000244140625
MSFT,MSFT,2026-09-18,0.37534246575342467,C,290.0,-0.35704729429388704,127.6,130.4,99.5,0.4924367163085938,1.0,8.0,414.44000244140625
MSFT,MSFT,2026-09-18,0.37534246575342467,C,295.0,-0.3399528609345868,123.05,125.75,130.65,0.4823965335083008,10.0,34.0,414.44000244140625
MSFT,MSFT,2026-09-18,0.37534246575342467,C,300.0,-0.32314574261820567,118.4,120.9,118.0,0.4676872079467773,1.0,473.0,414.44000244140625
MSFT,MSFT,2026-09-18,0.37534246575342467,C,310.0,-0.2903559197952148,109.8,111.9,112.55,0.45227598510742195,2.0,70.0,414.44000244140625
MSFT,MSFT,2026-09-18,0.37534246575342467,C,320.0,-0.2586072214806345,100.05,102.85,94.05,0.4337825177001954,2.0,103.0,414.44000244140625
MSFT,MSFT,2026-09-18,0.37534246575342467,C,330.0,-0.2278355628138808,91.15,93.9,94.29,0.41519749847412113,9.0,161.0,414.44000244140625
MSFT,MSFT,2026-09-18,0.37534246575342467,C,340.0,-0.19798259966419962,82.75,85.3,82.7,0.4000609310913086,2.0,101.0,414.44000244140625
MSFT,MSFT,2026-09-18,0.37534246575342467,C,350.0,-0.16899506279094745,74.85,76.95,75.6,0.38587039916992183,8.0,413.0,414.44000244140625
MSFT,MSFT,2026-09-18,0.37534246575342467,C,360.0,-0.1408241858242511,66.55,68.95,69.5,0.3733888345336914,11.0,1596.0,414.44000244140625
MSFT,MSFT,2026-09-18,0.37534246575342467,C,370.0,-0.11342521163613664,58.7,61.55,60.8,0.36484399810791024,6.0,1548.0,414.44000244140625
MSFT,MSFT,2026-09-18,0.37534246575342467,C,380.0,-0.0867569645539753,51.75,54.4,53.0,0.35527683303832996,172.0,2165.0,414.44000244140625
MSFT,MSFT,2026-09-18,0.37534246575342467,C,390.0,-0.060781478150714635,45.5,47.7,48.1,0.3466709620666503,35.0,1519.0,414.44000244140625
MSFT,MSFT,2026-09-18,0.37534246575342467,C,400.0,-0.03546367016642475,40.1,41.35,40.7,0.3375920733642578,181.0,7172.0,414.44000244140625
MSFT,MSFT,2026-09-18,0.37534246575342467,C,410.0,-0.010771057576053237,34.8,35.5,34.9,0.3293218923950195,182.0,3465.0,414.44000244140625
MSFT,MSFT,2026-09-18,0.37534246575342467,C,420.0,0.013326494003007276,29.75,30.6,31.05,0.3259649923706054,328.0,7390.0,414.44000244140625
MSFT,MSFT,2026-09-18,0.37534246575342467,C,430.0,0.0368569914132013,25.15,25.75,25.4,0.31856455368041986,265.0,4389.0,414.44000244140625
MSFT,MSFT,2026-09-18,0.37534246575342467,C,440.0,0.059846509637900155,21.05,21.85,21.5,0.3159858441162109,122.0,6236.0,414.44000244140625
MSFT,MSFT,2026-09-18,0.37534246575342467,C,450.0,0.08231936548995865,18.0,18.35,18.05,0.31297989273071286,689.0,7311.0,414.44000244140625
MSFT,MSFT,2026-09-18,0.37534246575342467,C,460.0,0.10429827220873401,14.6,16.2,15.45,0.3200141241455078,111.0,4623.0,414.44000244140625
MSFT,MSFT,2026-09-18,0.37534246575342467,C,470.0,0.1258044774296975,12.55,13.15,12.73,0.3133918759155273,107.0,4358.0,414.44000244140625
MSFT,MSFT,2026-09-18,0.37534246575342467,C,480.0,0.14685788662752997,10.25,10.8,10.62,0.3104011831665039,222.0,6361.0,414.44000244140625
MSFT,MSFT,2026-09-18,0.37534246575342467,C,490.0,0.16747717383026556,8.5,9.3,8.95,0.3142463595581054,72.0,4103.0,414.44000244140625
MSFT,MSFT,2026-09-18,0.37534246575342467,C,500.0,0.18767988114778492,7.3,7.5,7.4,0.3106453213500976,666.0,9813.0,414.44000244140625
MSFT,MSFT,2026-09-18,0.37534246575342467,C,510.0,0.20748250844396474,5.95,6.35,6.19,0.312934116821289,74.0,4778.0,414.44000244140625
MSFT,MSFT,2026-09-18,0.37534246575342467,C,520.0,0.22690059430106624,4.85,5.5,5.17,0.317389638671875,311.0,6233.0,414.44000244140625
MSFT,MSFT,2026-09-18,0.37534246575342467,C,530.0,0.2459487892717608,4.25,4.6,4.2,0.31842722595214834,89.0,2219.0,414.44000244140625
MSFT,MSFT,2026-09-18,0.37534246575342467,C,540.0,0.2646409222839133,3.35,4.0,3.8,0.32285223052978507,1046.0,2335.0,414.44000244140625
MSFT,MSFT,2026-09-18,0.37534246575342467,C,550.0,0.28299006095210993,2.93,3.2,3.25,0.32044136596679684,426.0,5270.0,414.44000244140625
MSFT,MSFT,2026-09-18,0.37534246575342467,C,560.0,0.30100856645478813,2.42,2.8,2.69,0.32507999145507804,48.0,2339.0,414.44000244140625
MSFT,MSFT,2026-09-18,0.37534246575342467,C,570.0,0.31870814355418914,2.09,2.45,2.38,0.3294134442138671,2.0,1414.0,414.44000244140625
MSFT,MSFT,2026-09-18,0.37534246575342467,C,580.0,0.33609988626605825,1.76,2.2,1.93,0.33521172607421873,94.0,5591.0,414.44000244140625
MSFT,MSFT,2026-09-18,0.37534246575342467,C,590.0,0.35319431962535847,1.44,1.84,1.3,0.33600517517089845,24.0,1930.0,414.44000244140625
MSFT,MSFT,2026-09-18,0.37534246575342467,C,600.0,0.3700014379417396,1.41,1.59,1.5,0.33887379882812496,108.0,4961.0,414.44000244140625
MSFT,MSFT,2026-09-18,0.37534246575342467,C,610.0,0.3865307398929501,1.11,1.37,1.3,0.3414372497558594,17.0,1850.0,414.44000244140625
MSFT,MSFT,2026-09-18,0.37534246575342467,C,620.0,0.40279126076473054,0.99,1.3,1.13,0.3494938098144531,67.0,1429.0,414.44000244140625
MSFT,MSFT,2026-09-18,0.37534246575342467,C,630.0,0.41879160211117156,0.85,1.21,1.02,0.3561465753173828,10.0,610.0,414.44000244140625
MSFT,MSFT,2026-09-18,0.37534246575342467,C,640.0,0.4345399590793108,0.77,0.99,0.86,0.3549869189453124,1.0,138.0,414.44000244140625
MSFT,MSFT,2026-09-18,0.37534246575342467,C,650.0,0.450044145615276,0.63,1.02,0.8,0.36694968994140625,37.0,3245.0,414.44000244140625
MSFT,MSFT,2026-09-18,0.37534246575342467,C,660.0,0.46531161774606455,0.59,0.8,1.17,0.3631655480957031,1.0,291.0,414.44000244140625
MSFT,MSFT,2026-09-18,0.37534246575342467,C,670.0,0.480349495110605,0.59,0.87,0.5,0.37744763183593744,12.0,287.0,414.44000244140625
MSFT,MSFT,2026-09-18,0.37534246575342467,C,680.0,0.4951645808957457,0.51,0.81,0.61,0.38281867187499996,1.0,381.0,414.44000244140625
MSFT,MSFT,2026-09-18,0.37534246575342467,C,700.0,0.5241521177689978,0.43,0.54,0.42,0.3789124609375,11.0,951.0,414.44000244140625
MSFT,MSFT,2026-09-18,0.37534246575342467,C,720.0,0.5523229947356942,0.24,0.49,0.4,0.39087523193359375,2.0,191.0,414.44000244140625
MSFT,MSFT,2026-09-18,0.37534246575342467,C,740.0,0.5797219689238087,0.1,0.6,0.14,0.41785250122070305,25.0,594.0,414.44000244140625
MSFT,MSFT,2026-09-18,0.37534246575342467,C,760.0,0.60639021600597,0.05,0.6,0.17,0.4337214831542969,139.0,441.0,414.44000244140625
MSFT,MSFT,2026-09-18,0.37534246575342467,C,780.0,0.6323657024092306,0.1,0.29,0.2,0.41089456298828125,4.0,239.0,414.44000244140625
MSFT,MSFT,2026-09-18,0.37534246575342467,C,800.0,0.6576835103935206,0.19,0.24,0.22,0.41602146484374997,29.0,1576.0,414.44000244140625
MSFT,MSFT,2026-09-18,0.37534246575342467,P,215.0,-0.656290189146744,0.1,0.3,0.25,0.4602104760742188,25.0,464.0,414.44000244140625
MSFT,MSFT,2026-09-18,0.37534246575342467,P,220.0,-0.6333006709220451,0.1,0.66,0.34,0.4973194799804688,12.0,326.0,414.44000244140625
MSFT,MSFT,2026-09-18,0.37534246575342467,P,225.0,-0.6108278150699866,0.1,0.78,0.33,0.49414568359375005,1.0,95.0,414.44000244140625
MSFT,MSFT,2026-09-18,0.37534246575342467,P,230.0,-0.5888489083512113,0.04,0.55,0.46,0.45337460693359377,2.0,393.0,414.44000244140625
MSFT,MSFT,2026-09-18,0.37534246575342467,P,235.0,-0.5673427031302478,0.08,0.91,0.41,0.47437049072265625,1.0,80.0,414.44000244140625
MSFT,MSFT,2026-09-18,0.37534246575342467,P,240.0,-0.5462892939324153,0.37,0.76,0.64,0.44556218505859374,4.0,253.0,414.44000244140625
MSFT,MSFT,2026-09-18,0.37534246575342467,P,245.0,-0.5256700067296798,0.54,0.71,0.71,0.42590906127929695,3.0,247.0,414.44000244140625
MSFT,MSFT,2026-09-18,0.37534246575342467,P,250.0,-0.5054672994121604,0.64,0.88,0.66,0.4260311303710938,1.0,319.0,414.44000244140625
MSFT,MSFT,2026-09-18,0.37534246575342467,P,255.0,-0.4856646721159806,0.73,0.87,0.91,0.4105283557128906,16.0,155.0,414.44000244140625
MSFT,MSFT,2026-09-18,0.37534246575342467,P,260.0,-0.4662465862588791,0.83,1.02,1.1,0.40698835205078127,14.0,479.0,414.44000244140625
MSFT,MSFT,2026-09-18,0.37534246575342467,P,265.0,-0.4471983912881845,0.86,1.26,1.06,0.4078428356933594,6.0,165.0,414.44000244140625
MSFT,MSFT,2026-09-18,0.37534246575342467,P,270.0,-0.428506258276032,1.03,1.23,1.42,0.3913635083007812,9.0,337.0,414.44000244140625
MSFT,MSFT,2026-09-18,0.37534246575342467,P,275.0,-0.4101571196078354,1.26,1.53,1.35,0.3930724755859375,42.0,1232.0,414.44000244140625
MSFT,MSFT,2026-09-18,0.37534246575342467,P,280.0,-0.39213861410515716,1.41,1.73,1.44,0.3878235046386719,33.0,516.0,414.44000244140625
MSFT,MSFT,2026-09-18,0.37534246575342467,P,285.0,-0.37443903700575615,1.59,1.81,2.0,0.37665418273925777,3.0,1549.0,414.44000244140625
MSFT,MSFT,2026-09-18,0.37534246575342467,P,290.0,-0.35704729429388704,1.63,2.02,2.18,0.3706117626953125,33.0,1239.0,414.44000244140625
MSFT,MSFT,2026-09-18,0.37534246575342467,P,295.0,-0.3399528609345868,2.06,2.28,2.16,0.365667964477539,6.0,800.0,414.44000244140625
MSFT,MSFT,2026-09-18,0.37534246575342467,P,300.0,-0.32314574261820567,2.35,2.5,2.36,0.35846588806152346,8.0,4323.0,414.44000244140625
MSFT,MSFT,2026-09-18,0.37534246575342467,P,310.0,-0.2903559197952148,2.98,3.35,3.05,0.35388829711914055,12.0,4050.0,414.44000244140625
MSFT,MSFT,2026-09-18,0.37534246575342467,P,320.0,-0.2586072214806345,3.7,4.05,3.82,0.34085742156982424,28.0,6383.0,414.44000244140625
MSFT,MSFT,2026-09-18,0.37534246575342467,P,330.0,-0.2278355628138808,4.55,5.1,4.74,0.33231258514404294,627.0,8195.0,414.44000244140625
MSFT,MSFT,2026-09-18,0.37534246575342467,P,340.0,-0.19798259966419962,5.85,6.35,6.0,0.32343205871582026,41.0,5022.0,414.44000244140625
MSFT,MSFT,2026-09-18,0.37534246575342467,P,350.0,-0.16899506279094745,7.45,7.95,7.66,0.316138430480957,123.0,7846.0,414.44000244140625
MSFT,MSFT,2026-09-18,0.37534246575342467,P,360.0,-0.1408241858242511,9.35,9.9,9.3,0.3093635958862304,131.0,7510.0,414.44000244140625
MSFT,MSFT,2026-09-18,0.37534246575342467,P,370.0,-0.11342521163613664,11.55,12.4,12.0,0.30493859130859374,262.0,5705.0,414.44000244140625
MSFT,MSFT,2026-09-18,0.37534246575342467,P,380.0,-0.0867569645539753,14.3,15.2,14.3,0.2989877230834961,112.0,5542.0,414.44000244140625
MSFT,MSFT,2026-09-18,0.37534246575342467,P,390.0,-0.060781478150714635,17.65,18.45,17.35,0.29303685485839837,132.0,5458.0,414.44000244140625
MSFT,MSFT,2026-09-18,0.37534246575342467,P,400.0,-0.03546367016642475,21.35,22.35,21.74,0.2887796952819824,1010.0,7746.0,414.44000244140625
MSFT,MSFT,2026-09-18,0.37534246575342467,P,410.0,-0.010771057576053237,25.65,26.75,25.65,0.2843089147949218,71.0,5594.0,414.44000244140625
MSFT,MSFT,2026-09-18,0.37534246575342467,P,420.0,0.013326494003007276,30.4,31.65,29.89,0.27948718566894526,207.0,5328.0,414.44000244140625
MSFT,MSFT,2026-09-18,0.37534246575342467,P,430.0,0.0368569914132013,36.15,37.2,35.43,0.2757335610961914,24.0,2425.0,414.44000244140625
MSFT,MSFT,2026-09-18,0.37534246575342467,P,440.0,0.059846509637900155,42.1,43.4,41.38,0.27317011016845705,26.0,3838.0,414.44000244140625
MSFT,MSFT,2026-09-18,0.37534246575342467,P,450.0,0.08231936548995865,48.2,50.65,49.7,0.27640494110107416,4.0,3575.0,414.44000244140625
MSFT,MSFT,2026-09-18,0.37534246575342467,P,460.0,0.10429827220873401,55.25,58.0,65.95,0.2761302856445312,27.0,4123.0,414.44000244140625
MSFT,MSFT,2026-09-18,0.37534246575342467,P,470.0,0.1258044774296975,62.65,65.45,73.35,0.272193557434082,12.0,2686.0,414.44000244140625
MSFT,MSFT,2026-09-18,0.37534246575342467,P,480.0,0.14685788662752997,70.9,73.65,83.57,0.2727886442565917,1.0,2097.0,414.44000244140625
MSFT,MSFT,2026-09-18,0.37534246575342467,P,490.0,0.16747717383026556,79.35,82.05,80.15,0.2718578674316406,1.0,1024.0,414.44000244140625
MSFT,MSFT,2026-09-18,0.37534246575342467,P,500.0,0.18767988114778492,87.5,90.95,94.66,0.2745433874511719,2.0,610.0,414.44000244140625
MSFT,MSFT,2026-09-18,0.37534246575342467,P,510.0,0.20748250844396474,96.55,99.85,108.9,0.2735973519897461,5.0,456.0,414.44000244140625
MSFT,MSFT,2026-09-18,0.37534246575342467,P,520.0,0.22690059430106624,105.9,109.2,103.94,0.2778392529296875,1.0,121.0,414.44000244140625
MSFT,MSFT,2026-09-18,0.37534246575342467,P,530.0,0.2459487892717608,115.15,118.6,104.2,0.2805858074951171,1.0,79.0,414.44000244140625
MSFT,MSFT,2026-09-18,0.37534246575342467,P,540.0,0.2646409222839133,124.65,128.15,125.9,0.28443098388671867,2.0,19.0,414.44000244140625
MSFT,MSFT,2026-09-18,0.37534246575342467,P,550.0,0.28299006095210993,134.45,137.9,142.4,0.291877198486328,2.0,26.0,414.44000244140625
MSFT,MSFT,2026-09-18,0.37534246575342467,P,560.0,0.30100856645478813,144.3,147.65,165.59,0.29798065307617183,3.0,12.0,414.44000244140625
MSFT,MSFT,2026-09-18,0.37534246575342467,P,570.0,0.31870814355418914,154.0,157.65,199.45,0.3113472186279296,1.0,0.0,414.44000244140625
MSFT,MSFT,2026-09-18,0.37534246575342467,P,580.0,0.33609988626605825,163.8,167.55,209.43,0.3208686077880859,1.0,1.0,414.44000244140625
MSFT,MSFT,2026-09-18,0.37534246575342467,P,590.0,0.35319431962535847,192.85,196.4,154.43,0.6313513427734375,3.0,0.0,414.44000244140625
MSFT,MSFT,2026-09-18,0.37534246575342467,P,600.0,0.3700014379417396,184.05,187.6,229.2,0.34754070434570306,1.0,0.0,414.44000244140625
MSFT,MSFT,2026-09-18,0.37534246575342467,P,610.0,0.3865307398929501,193.95,197.65,196.14,0.36133451171875,1.0,1.0,414.44000244140625
MSFT,MSFT,2026-12-18,0.6246575342465753,C,175.0,-0.8621422433508927,240.3,244.3,241.3,0.670047244873047,1.0,15.0,414.44000244140625
MSFT,MSFT,2026-12-18,0.6246575342465753,C,180.0,-0.8339713663841964,235.7,239.4,207.0,0.661258270263672,1.0,3.0,414.44000244140625
MSFT,MSFT,2026-12-18,0.6246575342465753,C,185.0,-0.8065723921960819,230.85,234.45,180.72,0.6461217028808592,2.0,1002.0,414.44000244140625
MSFT,MSFT,2026-12-18,0.6246575342465753,C,190.0,-0.7799041451139206,225.95,229.7,240.74,0.6340978973388673,1.0,89.0,414.44000244140625
MSFT,MSFT,2026-12-18,0.6246575342465753,C,195.0,-0.75392865871066,285.9,290.5,290.28,1.8233651409912108,2.0,107.0,414.44000244140625
MSFT,MSFT,2026-12-18,0.6246575342465753,C,200.0,-0.7286108507263701,216.1,219.9,205.95,0.6038857971191409,1.0,337.0,414.44000244140625
MSFT,MSFT,2026-12-18,0.6246575342465753,C,205.0,-0.7039182381359985,211.5,215.2,172.32,0.5980264807128908,2.0,73.0,414.44000244140625
MSFT,MSFT,2026-12-18,0.6246575342465753,C,210.0,-0.6798206865569381,206.65,210.3,168.5,0.5844768115234374,10.0,101.0,414.44000244140625
MSFT,MSFT,2026-12-18,0.6246575342465753,C,215.0,-0.656290189146744,210.75,214.35,188.2,0.7804282211303711,43.0,36.0,414.44000244140625
MSFT,MSFT,2026-12-18,0.6246575342465753,C,220.0,-0.6333006709220451,197.15,200.7,208.17,0.5636640313720704,5.0,277.0,414.44000244140625
MSFT,MSFT,2026-12-18,0.6246575342465753,C,225.0,-0.6108278150699866,192.15,196.15,140.96,0.5531660894775392,1.0,67.0,414.44000244140625
MSFT,MSFT,2026-12-18,0.6246575342465753,C,230.0,-0.5888489083512113,187.55,191.3,199.49,0.5438888385009766,1.0,254.0,414.44000244140625
MSFT,MSFT,2026-12-18,0.6246575342465753,C,235.0,-0.5673427031302478,182.85,186.65,194.0,0.5356491748046875,1.0,12.0,414.44000244140625
MSFT,MSFT,2026-12-18,0.6246575342465753,C,240.0,-0.5462892939324153,178.1,180.85,184.82,0.5124560473632812,1.0,128.0,414.44000244140625
MSFT,MSFT,2026-12-18,0.6246575342465753,C,245.0,-0.5256700067296798,173.4,176.25,187.03,0.5050403500366211,16.0,57.0,414.44000244140625
MSFT,MSFT,2026-12-18,0.6246575342465753,C,250.0,-0.5054672994121604,168.75,171.4,170.5,0.5239610592651367,1.0,697.0,414.44000244140625
MSFT,MSFT,2026-12-18,0.6246575342465753,C,255.0,-0.4856646721159806,164.05,166.85,171.93,0.5167284655761719,1.0,29.0,414.44000244140625
MSFT,MSFT,2026-12-18,0.6246575342465753,C,260.0,-0.4662465862588791,159.45,162.2,162.8,0.5072375936889649,3.0,769.0,414.44000244140625
MSFT,MSFT,2026-12-18,0.6246575342465753,C,265.0,-0.4471983912881845,154.65,157.55,167.72,0.49762465270996104,1.0,50.0,414.44000244140625
MSFT,MSFT,2026-12-18,0.6246575342465753,C,270.0,-0.428506258276032,150.15,152.85,163.4,0.48694360717773444,1.0,64.0,414.44000244140625
MSFT,MSFT,2026-12-18,0.6246575342465753,C,275.0,-0.4101571196078354,145.85,148.9,127.13,0.4888967126464845,1.0,51.0,414.44000244140625
MSFT,MSFT,2026-12-18,0.6246575342465753,C,280.0,-0.39213861410515716,140.95,143.8,104.9,0.47119669433593747,10.0,138.0,414.44000244140625
MSFT,MSFT,2026-12-18,0.6246575342465753,C,285.0,-0.37443903700575615,136.5,139.85,149.71,0.4718375570678711,1.0,225.0,414.44000244140625
MSFT,MSFT,2026-12-18,0.6246575342465753,C,290.0,-0.35704729429388704,132.0,135.35,144.5,0.46335375518798827,11.0,159.0,414.44000244140625
MSFT,MSFT,2026-12-18,0.6246575342465753,C,295.0,-0.3399528609345868,127.55,130.4,120.1,0.44815615325927727,1.0,138.0,414.44000244140625
MSFT,MSFT,2026-12-18,0.6246575342465753,C,300.0,-0.32314574261820567,123.25,126.0,126.48,0.4408320077514648,6.0,652.0,414.44000244140625
MSFT,MSFT,2026-12-18,0.6246575342465753,C,305.0,-0.30661644066699517,118.9,121.65,112.4,0.4338588108825684,7.0,33.0,414.44000244140625
MSFT,MSFT,2026-12-18,0.6246575342465753,C,310.0,-0.2903559197952148,114.75,117.25,118.22,0.4258785440063477,2.0,43.0,414.44000244140625
MSFT,MSFT,2026-12-18,0.6246575342465753,C,315.0,-0.27435557844877373,110.15,113.05,112.0,0.42012603805542,1.0,54.0,414.44000244140625
MSFT,MSFT,2026-12-18,0.6246575342465753,C,320.0,-0.2586072214806345,106.2,108.8,110.0,0.41330542755126953,2.0,140.0,414.44000244140625
MSFT,MSFT,2026-12-18,0.6246575342465753,C,325.0,-0.24310303494466928,102.1,104.7,93.8,0.40787335296630856,2.0,129.0,414.44000244140625
MSFT,MSFT,2026-12-18,0.6246575342465753,C,330.0,-0.2278355628138808,97.65,100.65,91.0,0.40250231292724614,6.0,118.0,414.44000244140625
MSFT,MSFT,2026-12-18,0.6246575342465753,C,335.0,-0.21279768544934033,93.7,96.6,85.51,0.39667351379394533,2.0,149.0,414.44000244140625
MSFT,MSFT,2026-12-18,0.6246575342465753,C,340.0,-0.19798259966419962,89.9,92.55,92.5,0.3903716969299316,2.0,276.0,414.44000244140625
MSFT,MSFT,2026-12-18,0.6246575342465753,C,345.0,-0.18338380024304698,86.55,88.75,82.25,0.386175571899414,5.0,2976.0,414.44000244140625
MSFT,MSFT,2026-12-18,0.6246575342465753,C,350.0,-0.16899506279094745,82.3,84.9,85.0,0.38092660095214836,15.0,2752.0,414.44000244140625
MSFT,MSFT,2026-12-18,0.6246575342465753,C,355.0,-0.15481042779899093,78.65,81.25,71.33,0.3770661659240722,6.0,208.0,414.44000244140625
MSFT,MSFT,2026-12-18,0.6246575342465753,C,360.0,-0.1408241858242511,74.7,77.5,78.16,0.3717103845214844,7.0,8426.0,414.44000244140625
MSFT,MSFT,2026-12-18,0.6246575342465753,C,365.0,-0.1270308636919152,71.15,74.5,72.0,0.37258012680053715,2.0,1293.0,414.44000244140625
MSFT,MSFT,2026-12-18,0.6246575342465753,C,370.0,-0.11342521163613664,67.9,70.6,70.15,0.36473718765258795,4.0,1823.0,414.44000244140625
MSFT,MSFT,2026-12-18,0.6246575342465753,C,375.0,-0.10000219130399589,64.45,67.1,65.4,0.3599154585266113,6.0,4509.0,414.44000244140625
MSFT,MSFT,2026-12-18,0.6246575342465753,C,380.0,-0.0867569645539753,62.25,63.95,63.46,0.3574740766906738,9.0,5546.0,414.44000244140625
MSFT,MSFT,2026-12-18,0.6246575342465753,C,385.0,-0.07368488298662247,58.35,60.75,61.4,0.3539798489379882,15.0,2810.0,414.44000244140625
MSFT,MSFT,2026-12-18,0.6246575342465753,C,390.0,-0.060781478150714635,55.4,57.6,57.65,0.35027200027465816,34.0,966.0,414.44000244140625
MSFT,MSFT,2026-12-18,0.6246575342465753,C,395.0,-0.04804245237328481,52.1,54.5,54.15,0.34633527206420894,18.0,1794.0,414.44000244140625
MSFT,MSFT,2026-12-18,0.6246575342465753,C,400.0,-0.03546367016642475,50.05,51.25,51.25,0.3406132833862304,72.0,4599.0,414.44000244140625
MSFT,MSFT,2026-12-18,0.6246575342465753,C,405.0,-0.023041150167867647,47.0,49.15,49.5,0.3432835447692871,18.0,1893.0,414.44000244140625
MSFT,MSFT,2026-12-18,0.6246575342465753,C,410.0,-0.010771057576053237,44.05,46.45,46.42,0.3405522488403321,76.0,2314.0,414.44000244140625
MSFT,MSFT,2026-12-18,0.6246575342465753,C,415.0,0.001350302956291634,42.25,43.2,42.8,0.3329534478759766,45.0,1312.0,414.44000244140625
MSFT,MSFT,2026-12-18,0.6246575342465753,C,420.0,0.013326494003007276,40.25,41.0,39.5,0.33280086151123045,68.0,2946.0,414.44000244140625
MSFT,MSFT,2026-12-18,0.6246575342465753,C,425.0,0.025160951650010067,37.15,38.85,39.0,0.33234310241699216,19.0,1040.0,414.44000244140625
MSFT,MSFT,2026-12-18,0.6246575342465753,C,430.0,0.0368569914132013,35.75,36.35,36.01,0.32854370193481436,55.0,3169.0,414.44000244140625
MSFT,MSFT,2026-12-18,0.6246575342465753,C,435.0,0.04841781381427745,33.1,34.6,34.85,0.3298406860351562,8.0,861.0,414.44000244140625
MSFT,MSFT,2026-12-18,0.6246575342465753,C,440.0,0.059846509637900155,30.9,32.5,32.25,0.32781128738403315,51.0,2246.0,414.44000244140625
MSFT,MSFT,2026-12-18,0.6246575342465753,C,445.0,0.07114606489183348,28.5,30.4,31.13,0.3251257673645019,39.0,1272.0,414.44000244140625
MSFT,MSFT,2026-12-18,0.6246575342465753,C,450.0,0.08231936548995865,27.4,28.3,27.84,0.3217993846130371,1308.0,4312.0,414.44000244140625
MSFT,MSFT,2026-12-18,0.6246575342465753,C,455.0,0.09336920167654358,25.7,27.05,26.7,0.32445438735961907,12.0,780.0,414.44000244140625
MSFT,MSFT,2026-12-18,0.6246575342465753,C,460.0,0.10429827220873401,24.2,25.25,24.6,0.32221136779785153,33.0,4111.0,414.44000244140625
MSFT,MSFT,2026-12-18,0.6246575342465753,C,465.0,0.11510918831294958,22.5,23.85,23.85,0.3225317991638183,305.0,916.0,414.44000244140625
MSFT,MSFT,2026-12-18,0.6246575342465753,C,470.0,0.1258044774296975,21.1,22.25,22.3,0.3206549868774413,36.0,2020.0,414.44000244140625
MSFT,MSFT,2026-12-18,0.6246575342465753,C,475.0,0.1363865867602344,19.35,21.3,20.7,0.32355412780761705,356.0,8087.0,414.44000244140625
MSFT,MSFT,2026-12-18,0.6246575342465753,C,480.0,0.14685788662752997,18.65,19.55,19.02,0.319220675048828,896.0,6748.0,414.44000244140625
MSFT,MSFT,2026-12-18,0.6246575342465753,C,485.0,0.1572206736630765,17.35,18.5,17.91,0.32022774505615226,104.0,567.0,414.44000244140625
MSFT,MSFT,2026-12-18,0.6246575342465753,C,490.0,0.16747717383026556,16.3,17.15,16.52,0.31807627731323235,830.0,2385.0,414.44000244140625
MSFT,MSFT,2026-12-18,0.6246575342465753,C,495.0,0.17762954529428351,15.15,16.0,15.9,0.31709972457885743,22.0,1599.0,414.44000244140625
MSFT,MSFT,2026-12-18,0.6246575342465753,C,500.0,0.18767988114778492,14.5,14.85,14.64,0.31555860229492183,441.0,9046.0,414.44000244140625
MSFT,MSFT,2026-12-18,0.6246575342465753,C,505.0,0.19763021200095313,13.2,14.15,14.14,0.3176948114013671,3.0,569.0,414.44000244140625
MSFT,MSFT,2026-12-18,0.6246575342465753,C,510.0,0.20748250844396474,12.35,13.1,13.18,0.31603162002563473,16.0,1116.0,414.44000244140625
MSFT,MSFT,2026-12-18,0.6246575342465753,C,515.0,0.2172386833893294,11.55,12.35,11.02,0.31677929321289056,40.0,1711.0,414.44000244140625
MSFT,MSFT,2026-12-18,0.6246575342465753,C,520.0,0.22690059430106624,10.8,11.45,11.35,0.3155433436584472,20.0,2502.0,414.44000244140625
MSFT,MSFT,2026-12-18,0.6246575342465753,C,525.0,0.23647004531721708,10.05,10.55,10.34,0.31374282455444336,46.0,53058.0,414.44000244140625
MSFT,MSFT,2026-12-18,0.6246575342465753,C,530.0,0.2459487892717608,9.5,9.95,9.65,0.3146736013793945,56.0,1419.0,414.44000244140625
MSFT,MSFT,2026-12-18,0.6246575342465753,C,535.0,0.2553385296215998,8.8,9.45,9.2,0.31632153411865227,32.0,1245.0,414.44000244140625
MSFT,MSFT,2026-12-18,0.6246575342465753,C,540.0,0.2646409222839133,8.25,8.7,8.75,0.3147041186523437,21.0,2094.0,414.44000244140625
MSFT,MSFT,2026-12-18,0.6246575342465753,C,545.0,0.27385757738883726,7.65,8.3,7.8,0.31677929321289056,15.0,1085.0,414.44000244140625
MSFT,MSFT,2026-12-18,0.6246575342465753,C,550.0,0.28299006095210993,7.15,7.7,7.72,0.31604687866210934,85.0,6499.0,414.44000244140625
MSFT,MSFT,2026-12-18,0.6246575342465753,C,555.0,0.29203989647202777,6.8,7.35,7.0,0.3181067945861816,14.0,569.0,414.44000244140625
MSFT,MSFT,2026-12-18,0.6246575342465753,C,560.0,0.30100856645478813,6.3,6.75,6.69,0.31650463775634763,9.0,2264.0,414.44000244140625
MSFT,MSFT,2026-12-18,0.6246575342465753,C,565.0,0.3098975138720341,5.9,6.4,4.85,0.3178779150390625,12.0,280.0,414.44000244140625
MSFT,MSFT,2026-12-18,0.6246575342465753,C,570.0,0.31870814355418914,5.55,5.95,6.05,0.3175117077636719,19.0,850.0,414.44000244140625
MSFT,MSFT,2026-12-18,0.6246575342465753,C,575.0,0.3274418235229437,5.2,5.6,5.9,0.31821360504150387,220.0,129143.0,414.44000244140625
MSFT,MSFT,2026-12-18,0.6246575342465753,C,580.0,0.33609988626605825,4.85,5.3,5.14,0.3193427441406249,55.0,1363.0,414.44000244140625
MSFT,MSFT,2026-12-18,0.6246575342465753,C,585.0,0.3446836299574497,4.4,5.0,5.09,0.32022774505615226,1.0,656.0,414.44000244140625
MSFT,MSFT,2026-12-18,0.6246575342465753,C,590.0,0.35319431962535847,4.3,4.6,4.62,0.319068088684082,42.0,1276.0,414.44000244140625
MSFT,MSFT,2026-12-18,0.6246575342465753,C,595.0,0.36163318827122304,4.1,4.3,4.2,0.319220675048828,10.0,642.0,414.44000244140625
MSFT,MSFT,2026-12-18,0.6246575342465753,C,600.0,0.3700014379417396,3.8,4.3,4.09,0.3245306805419921,282.0,2908.0,414.44000244140625
MSFT,MSFT,2026-12-18,0.6246575342465753,C,605.0,0.3783002407564347,3.45,3.9,3.65,0.32233343688964833,42.0,550.0,414.44000244140625
MSFT,MSFT,2026-12-18,0.6246575342465753,C,610.0,0.3865307398929501,3.3,3.7,3.72,0.3235236105346678,3.0,387.0,414.44000244140625
MSFT,MSFT,2026-12-18,0.6246575342465753,C,615.0,0.3946940505321112,3.1,3.5,3.31,0.3244696459960937,40.0,286.0,414.44000244140625
MSFT,MSFT,2026-12-18,0.6246575342465753,C,620.0,0.40279126076473054,3.0,3.45,3.32,0.3283453396606445,1.0,642.0,414.44000244140625
MSFT,MSFT,2026-12-18,0.6246575342465753,C,625.0,0.41082343246199476,2.87,3.15,3.19,0.32672792419433594,3.0,102271.0,414.44000244140625
MSFT,MSFT,2026-12-18,0.6246575342465753,C,630.0,0.41879160211117156,2.65,3.15,2.8,0.3314275842285156,1.0,2985.0,414.44000244140625
MSFT,MSFT,2026-12-18,0.6246575342465753,C,635.0,0.42669678161828495,2.48,2.73,2.7,0.32636171691894533,81.0,2628.0,414.44000244140625
MSFT,MSFT,2026-12-18,0.6246575342465753,C,640.0,0.4345399590793108,2.4,2.63,2.59,0.32840637420654295,43.0,1442.0,414.44000244140625
MSFT,MSFT,2026-12-18,0.6246575342465753,C,645.0,0.44232209952136575,2.3,2.48,2.39,0.3290472369384765,40.0,259.0,414.44000244140625
MSFT,MSFT,2026-12-18,0.6246575342465753,C,650.0,0.450044145615276,2.06,2.51,2.09,0.3341741387939453,138.0,1116.0,414.44000244140625
MSFT,MSFT,2026-12-18,0.6246575342465753,C,655.0,0.4577070183608451,1.98,2.24,2.15,0.33124448059082034,40.0,331.0,414.44000244140625
MSFT,MSFT,2026-12-18,0.6246575342465753,C,660.0,0.46531161774606455,1.86,2.15,2.03,0.33289241333007813,40.0,412.0,414.44000244140625
MSFT,MSFT,2026-12-18,0.6246575342465753,C,665.0,0.4728588233814474,1.8,2.01,2.0,0.33289241333007813,1.0,271.0,414.44000244140625
MSFT,MSFT,2026-12-18,0.6246575342465753,C,670.0,0.480349495110605,1.64,1.93,2.85,0.3345403460693359,47.0,833.0,414.44000244140625
MSFT,MSFT,2026-12-18,0.6246575342465753,C,675.0,0.48778447359812305,1.58,1.88,1.87,0.3369817279052735,19.0,37538.0,414.44000244140625
MSFT,MSFT,2026-12-18,0.6246575342465753,C,680.0,0.4951645808957457,1.59,1.95,1.35,0.34314621704101556,2.0,338.0,414.44000244140625
MSFT,MSFT,2026-12-18,0.6246575342465753,C,685.0,0.5024906209878186,1.39,1.67,1.55,0.3378362115478516,1.0,589.0,414.44000244140625
MSFT,MSFT,2026-12-18,0.6246575342465753,C,690.0,0.5097633803168983,1.32,1.61,2.22,0.33954517883300783,17.0,391.0,414.44000244140625
MSFT,MSFT,2026-12-18,0.6246575342465753,C,695.0,0.5169836282903854,1.28,1.52,1.47,0.34003345520019534,6.0,2006.0,414.44000244140625
MSFT,MSFT,2026-12-18,0.6246575342465753,C,700.0,0.5241521177689978,1.31,1.45,1.39,0.34107104248046877,25.0,4654.0,414.44000244140625
MSFT,MSFT,2026-12-18,0.6246575342465753,C,720.0,0.5523229947356942,0.96,1.22,1.2,0.3459538061523437,1.0,373.0,414.44000244140625
MSFT,MSFT,2026-12-18,0.6246575342465753,C,740.0,0.5797219689238087,0.9,1.04,1.02,0.35108070800781244,45.0,246.0,414.44000244140625
MSFT,MSFT,2026-12-18,0.6246575342465753,C,760.0,0.60639021600597,0.69,1.09,0.82,0.3665834826660156,5.0,269.0,414.44000244140625
MSFT,MSFT,2026-12-18,0.6246575342465753,C,780.0,0.6323657024092306,0.53,0.95,0.74,0.3717103845214844,14.0,331.0,414.44000244140625
MSFT,MSFT,2026-12-18,0.6246575342465753,C,800.0,0.6576835103935206,0.55,0.7,0.66,0.36804831176757813,52.0,1642.0,414.44000244140625
MSFT,MSFT,2026-12-18,0.6246575342465753,P,175.0,-0.8621422433508927,0.19,0.29,0.26,0.4585015087890626,1.0,464.0,414.44000244140625
MSFT,MSFT,2026-12-18,0.6246575342465753,P,180.0,-0.8339713663841964,0.1,0.66,0.35,0.49670913452148446,18.0,98.0,414.44000244140625
MSFT,MSFT,2026-12-18,0.6246575342465753,P,185.0,-0.8065723921960819,0.01,0.55,0.4,0.46924358886718753,6.0,918.0,414.44000244140625
MSFT,MSFT,2026-12-18,0.6246575342465753,P,190.0,-0.7799041451139206,0.01,0.75,0.31,0.4760794580078125,29.0,269.0,414.44000244140625
MSFT,MSFT,2026-12-18,0.6246575342465753,P,195.0,-0.75392865871066,0.03,0.6,0.47,0.44653873779296877,9.0,143.0,414.44000244140625
MSFT,MSFT,2026-12-18,0.6246575342465753,P,200.0,-0.7286108507263701,0.1,1.0,0.5,0.4682670361328125,1.0,586.0,414.44000244140625
MSFT,MSFT,2026-12-18,0.6246575342465753,P,205.0,-0.7039182381359985,0.16,0.78,0.47,0.4364070031738281,1.0,118.0,414.44000244140625
MSFT,MSFT,2026-12-18,0.6246575342465753,P,210.0,-0.6798206865569381,0.52,0.82,0.64,0.42615319946289065,10.0,165.0,414.44000244140625
MSFT,MSFT,2026-12-18,0.6246575342465753,P,215.0,-0.656290189146744,0.45,0.91,0.83,0.4198056066894531,3.0,146.0,414.44000244140625
MSFT,MSFT,2026-12-18,0.6246575342465753,P,220.0,-0.6333006709220451,0.51,1.01,0.9,0.41358008300781246,1.0,240.0,414.44000244140625
MSFT,MSFT,2026-12-18,0.6246575342465753,P,225.0,-0.6108278150699866,0.63,1.13,1.03,0.40820904296875,1.0,113.0,414.44000244140625
MSFT,MSFT,2026-12-18,0.6246575342465753,P,230.0,-0.5888489083512113,0.94,1.23,1.17,0.4010069665527344,12.0,292.0,414.44000244140625
MSFT,MSFT,2026-12-18,0.6246575342465753,P,235.0,-0.5673427031302478,0.93,1.35,1.18,0.39465937377929694,1.0,160.0,414.44000244140625
MSFT,MSFT,2026-12-18,0.6246575342465753,P,240.0,-0.5462892939324153,1.17,1.51,1.29,0.38977661010742193,1.0,289.0,414.44000244140625
MSFT,MSFT,2026-12-18,0.6246575342465753,P,245.0,-0.5256700067296798,1.22,1.66,1.44,0.383795224609375,5.0,150.0,414.44000244140625
MSFT,MSFT,2026-12-18,0.6246575342465753,P,250.0,-0.5054672994121604,1.58,1.86,1.65,0.3794007373046875,11.0,1500.0,414.44000244140625
MSFT,MSFT,2026-12-18,0.6246575342465753,P,255.0,-0.4856646721159806,1.57,2.09,2.2,0.37543349182128904,1.0,381.0,414.44000244140625
MSFT,MSFT,2026-12-18,0.6246575342465753,P,260.0,-0.4662465862588791,2.0,2.32,2.07,0.3707338317871094,1.0,427.0,414.44000244140625
MSFT,MSFT,2026-12-18,0.6246575342465753,P,265.0,-0.4471983912881845,2.05,2.5,2.73,0.363836928100586,2.0,464.0,414.44000244140625
MSFT,MSFT,2026-12-18,0.6246575342465753,P,270.0,-0.428506258276032,2.51,2.82,2.63,0.36072416625976556,2.0,1873.0,414.44000244140625
MSFT,MSFT,2026-12-18,0.6246575342465753,P,275.0,-0.4101571196078354,2.82,3.2,3.48,0.358404853515625,3.0,293.0,414.44000244140625
MSFT,MSFT,2026-12-18,0.6246575342465753,P,280.0,-0.39213861410515716,3.1,3.45,3.3,0.35190467437744133,49.0,1405.0,414.44000244140625
MSFT,MSFT,2026-12-18,0.6246575342465753,P,285.0,-0.37443903700575615,3.4,3.9,4.1,0.3497074307250976,5.0,597.0,414.44000244140625
MSFT,MSFT,2026-12-18,0.6246575342465753,P,290.0,-0.35704729429388704,3.85,4.2,3.9,0.3433293206787109,11.0,1114.0,414.44000244140625
MSFT,MSFT,2026-12-18,0.6246575342465753,P,295.0,-0.3399528609345868,4.3,4.6,4.45,0.3386296606445312,46.0,1187.0,414.44000244140625
MSFT,MSFT,2026-12-18,0.6246575342465753,P,300.0,-0.32314574261820567,4.8,5.0,4.85,0.3333196551513672,41.0,2433.0,414.44000244140625
MSFT,MSFT,2026-12-18,0.6246575342465753,P,305.0,-0.30661644066699517,5.15,5.65,5.36,0.33197689514160156,15.0,754.0,414.44000244140625
MSFT,MSFT,2026-12-18,0.6246575342465753,P,310.0,-0.2903559197952148,5.8,6.2,6.1,0.32794861511230466,30.0,1268.0,414.44000244140625
MSFT,MSFT,2026-12-18,0.6246575342465753,P,315.0,-0.27435557844877373,6.4,6.9,6.75,0.3255987850952148,3.0,468.0,414.44000244140625
MSFT,MSFT,2026-12-18,0.6246575342465753,P,320.0,-0.2586072214806345,6.9,7.65,7.2,0.323126885986328,16.0,7400.0,414.44000244140625
MSFT,MSFT,2026-12-18,0.6246575342465753,P,325.0,-0.24310303494466928,7.7,8.3,8.0,0.31845774322509757,217.0,647.0,414.44000244140625
MSFT,MSFT,2026-12-18,0.6246575342465753,P,330.0,-0.2278355628138808,8.65,9.0,8.81,0.3138496350097656,12.0,1746.0,414.44000244140625
MSFT,MSFT,2026-12-18,0.6246575342465753,P,335.0,-0.21279768544934033,9.2,10.0,9.75,0.31235428863525383,9.0,1329.0,414.44000244140625
MSFT,MSFT,2026-12-18,0.6246575342465753,P,340.0,-0.19798259966419962,10.35,11.1,10.41,0.3111183390808105,36.0,2678.0,414.44000244140625
MSFT,MSFT,2026-12-18,0.6246575342465753,P,345.0,-0.18338380024304698,11.2,12.05,11.52,0.30728842132568357,16.0,1427.0,414.44000244140625
MSFT,MSFT,2026-12-18,0.6246575342465753,P,350.0,-0.16899506279094745,12.35,13.1,12.5,0.30383996948242187,729.0,6998.0,414.44000244140625
MSFT,MSFT,2026-12-18,0.6246575342465753,P,355.0,-0.15481042779899093,13.55,14.35,14.05,0.30170376037597657,13.0,924.0,414.44000244140625
MSFT,MSFT,2026-12-18,0.6246575342465753,P,360.0,-0.1408241858242511,14.9,15.65,14.95,0.2992471199035644,81.0,4339.0,414.44000244140625
MSFT,MSFT,2026-12-18,0.6246575342465753,P,365.0,-0.1270308636919152,15.85,17.0,16.7,0.29647004806518557,28.0,1754.0,414.44000244140625
MSFT,MSFT,2026-12-18,0.6246575342465753,P,370.0,-0.11342521163613664,17.85,18.5,17.7,0.2942728044128417,39.0,1385.0,414.44000244140625
MSFT,MSFT,2026-12-18,0.6246575342465753,P,375.0,-0.10000219130399589,19.05,20.05,19.05,0.29172461212158196,19.0,1465.0,414.44000244140625
MSFT,MSFT,2026-12-18,0.6246575342465753,P,380.0,-0.0867569645539753,20.7,21.65,20.7,0.28881021255493156,133.0,4688.0,414.44000244140625
MSFT,MSFT,2026-12-18,0.6246575342465753,P,385.0,-0.07368488298662247,22.15,23.4,22.5,0.2863840893554687,34.0,1679.0,414.44000244140625
MSFT,MSFT,2026-12-18,0.6246575342465753,P,390.0,-0.060781478150714635,24.2,25.25,25.0,0.28398848342895494,59.0,2259.0,414.44000244140625
MSFT,MSFT,2026-12-18,0.6246575342465753,P,395.0,-0.04804245237328481,26.2,27.45,26.84,0.28359175888061516,21.0,1008.0,414.44000244140625
MSFT,MSFT,2026-12-18,0.6246575342465753,P,400.0,-0.03546367016642475,27.9,29.6,28.0,0.28194382614135743,32.0,4493.0,414.44000244140625
MSFT,MSFT,2026-12-18,0.6246575342465753,P,405.0,-0.023041150167867647,30.05,32.0,30.38,0.2814097738647461,9.0,660.0,414.44000244140625
MSFT,MSFT,2026-12-18,0.6246575342465753,P,410.0,-0.010771057576053237,32.8,34.1,32.68,0.2777324424743652,10.0,2329.0,414.44000244140625
MSFT,MSFT,2026-12-18,0.6246575342465753,P,415.0,0.001350302956291634,34.5,36.45,35.0,0.27519950881958005,5.0,660.0,414.44000244140625
MSFT,MSFT,2026-12-18,0.6246575342465753,P,420.0,0.013326494003007276,37.35,39.2,37.28,0.2748943360900879,12.0,4190.0,414.44000244140625
MSFT,MSFT,2026-12-18,0.6246575342465753,P,425.0,0.025160951650010067,39.65,41.6,39.8,0.2711254528808594,7.0,1139.0,414.44000244140625
MSFT,MSFT,2026-12-18,0.6246575342465753,P,430.0,0.0368569914132013,42.55,44.7,43.05,0.2718731260681152,6.0,1899.0,414.44000244140625
MSFT,MSFT,2026-12-18,0.6246575342465753,P,435.0,0.04841781381427745,45.4,47.4,45.3,0.26877562286376955,16.0,701.0,414.44000244140625
MSFT,MSFT,2026-12-18,0.6246575342465753,P,440.0,0.059846509637900155,48.4,50.95,48.6,0.27141536697387697,2.0,2954.0,414.44000244140625
MSFT,MSFT,2026-12-18,0.6246575342465753,P,445.0,0.07114606489183348,51.4,53.6,54.3,0.26630372375488287,20.0,747.0,414.44000244140625
MSFT,MSFT,2026-12-18,0.6246575342465753,P,450.0,0.08231936548995865,54.7,56.85,56.65,0.2650677742004394,889.0,1534.0,414.44000244140625
MSFT,MSFT,2026-12-18,0.6246575342465753,P,455.0,0.09336920167654358,57.9,60.05,59.85,0.26262639236450197,10.0,284.0,414.44000244140625
MSFT,MSFT,2026-12-18,0.6246575342465753,P,460.0,0.10429827220873401,61.35,63.4,64.64,0.26059699371337885,1.0,1840.0,414.44000244140625
MSFT,MSFT,2026-12-18,0.6246575342465753,P,465.0,0.11510918831294958,64.8,67.5,75.55,0.2640759628295898,1.0,508.0,414.44000244140625
MSFT,MSFT,2026-12-18,0.6246575342465753,P,470.0,0.1258044774296975,68.35,70.95,68.56,0.261375184173584,2.0,1454.0,414.44000244140625
MSFT,MSFT,2026-12-18,0.6246575342465753,P,475.0,0.1363865867602344,71.8,74.6,69.98,0.25960518234252933,19.0,14590.0,414.44000244140625
MSFT,MSFT,2026-12-18,0.6246575342465753,P,480.0,0.14685788662752997,75.8,78.45,76.03,0.2588727677917481,2.0,2784.0,414.44000244140625
MSFT,MSFT,2026-12-18,0.6246575342465753,P,485.0,0.1572206736630765,79.5,82.45,89.25,0.2588269918823243,1.0,354.0,414.44000244140625
MSFT,MSFT,2026-12-18,0.6246575342465753,P,490.0,0.16747717383026556,83.6,86.3,76.79,0.2566297482299804,2.0,927.0,414.44000244140625
MSFT,MSFT,2026-12-18,0.6246575342465753,P,495.0,0.17762954529428351,87.0,90.45,99.0,0.25666026550292964,1.0,932.0,414.44000244140625
MSFT,MSFT,2026-12-18,0.6246575342465753,P,500.0,0.18767988114778492,91.75,94.05,91.36,0.2500990518188476,4.0,4321.0,414.44000244140625
MSFT,MSFT,2026-12-18,0.6246575342465753,P,505.0,0.19763021200095313,95.85,98.7,107.84,0.2541578491210938,2.0,272.0,414.44000244140625
MSFT,MSFT,2026-12-18,0.6246575342465753,P,510.0,0.20748250844396474,99.7,102.75,108.27,0.25086198364257806,1.0,512.0,414.44000244140625
MSFT,MSFT,2026-12-18,0.6246575342465753,P,515.0,0.2172386833893294,104.4,107.2,149.75,0.25156388092041015,1.0,545.0,414.44000244140625
MSFT,MSFT,2026-12-18,0.6246575342465753,P,520.0,0.22690059430106624,108.7,111.55,121.12,0.25040422454833977,3.0,92.0,414.44000244140625
MSFT,MSFT,2026-12-18,0.6246575342465753,P,525.0,0.23647004531721708,113.2,115.95,114.16,0.2491835336303711,1.0,35.0,414.44000244140625
MSFT,MSFT,2026-12-18,0.6246575342465753,P,530.0,0.2459487892717608,117.65,120.45,112.77,0.2486952572631836,1.0,5.0,414.44000244140625
MSFT,MSFT,2026-12-18,0.6246575342465753,P,535.0,0.2553385296215998,122.0,125.0,116.19,0.24832904998779298,8.0,4.0,414.44000244140625
MSFT,MSFT,2026-12-18,0.6246575342465753,P,550.0,0.28299006095210993,135.5,139.0,134.04,0.24964129272460936,20.0,20.0,414.44000244140625
MSFT,MSFT,2026-12-18,0.6246575342465753,P,555.0,0.29203989647202777,140.25,143.7,144.59,0.24970232727050778,2.0,2.0,414.44000244140625
MSFT,MSFT,2026-12-18,0.6246575342465753,P,560.0,0.30100856645478813,145.45,148.5,137.0,0.2512587081909179,2.0,2.0,414.44000244140625
MSFT,MSFT,2026-12-18,0.6246575342465753,P,570.0,0.31870814355418914,154.6,158.05,208.4,0.25220474365234374,1.0,0.0,414.44000244140625
MSFT,MSFT,2026-12-18,0.6246575342465753,P,580.0,0.33609988626605825,164.4,167.85,168.8,0.2576673355102539,1.0,0.0,414.44000244140625
MSFT,MSFT,2026-12-18,0.6246575342465753,P,595.0,0.36163318827122304,178.95,182.8,181.56,0.2712475219726562,5.0,5.0,414.44000244140625
MSFT,MSFT,2026-12-18,0.6246575342465753,P,600.0,0.3700014379417396,183.8,187.6,196.3,0.27057614196777346,6.0,0.0,414.44000244140625
MSFT,MSFT,2026-12-18,0.6246575342465753,P,620.0,0.40279126076473054,222.85,226.4,189.26,0.5291642543029786,1.0,0.0,414.44000244140625
MSFT,MSFT,2026-12-18,0.6246575342465753,P,625.0,0.41082343246199476,223.2,226.95,182.04,0.5074206973266601,20.0,0.0,414.44000244140625
MSFT,MSFT,2026-12-18,0.6246575342465753,P,630.0,0.41879160211117156,213.8,217.7,214.62,0.30084927673339845,1.0,0.0,414.44000244140625
MSFT,MSFT,2026-12-18,0.6246575342465753,P,640.0,0.4345399590793108,233.75,237.5,160.65,0.4739432489013672,1.0,0.0,414.44000244140625
MSFT,MSFT,2026-12-18,0.6246575342465753,P,800.0,0.6576835103935206,403.0,406.5,373.0,0.7107878042602539,2.0,0.0,414.44000244140625
MSFT,MSFT,2027-06-17,1.1205479452054794,C,175.0,-0.8621422433508927,243.0,247.5,234.35,0.5838969833374023,2.0,18.0,414.44000244140625
MSFT,MSFT,2027-06-17,1.1205479452054794,C,180.0,-0.8339713663841964,238.5,243.0,247.5,0.5788005987548828,1.0,12.0,414.44000244140625
MSFT,MSFT,2027-06-17,1.1205479452054794,C,185.0,-0.8065723921960819,233.5,238.5,235.0,0.5678143804931641,1.0,26.0,414.44000244140625
MSFT,MSFT,2027-06-17,1.1205479452054794,C,190.0,-0.7799041451139206,229.0,233.5,209.9,0.5569197140502932,3.0,16.0,414.44000244140625
MSFT,MSFT,2027-06-17,1.1205479452054794,C,195.0,-0.75392865871066,224.5,229.0,207.0,0.5511519494628907,1.0,6.0,414.44000244140625
MSFT,MSFT,2027-06-17,1.1205479452054794,C,200.0,-0.7286108507263701,219.5,224.5,208.48,0.540287800292969,10.0,107.0,414.44000244140625
MSFT,MSFT,2027-06-17,1.1205479452054794,C,210.0,-0.6798206865569381,210.5,215.0,226.5,0.523320196533203,1.0,20.0,414.44000244140625
MSFT,MSFT,2027-06-17,1.1205479452054794,C,220.0,-0.6333006709220451,201.5,206.0,212.63,0.5101367346191408,2.0,258.0,414.44000244140625
MSFT,MSFT,2027-06-17,1.1205479452054794,C,230.0,-0.5888489083512113,192.5,197.0,199.93,0.5282945120239259,1.0,212.0,414.44000244140625
MSFT,MSFT,2027-06-17,1.1205479452054794,C,240.0,-0.5462892939324153,183.5,188.0,174.81,0.5114794946289063,18.0,156.0,414.44000244140625
MSFT,MSFT,2027-06-17,1.1205479452054794,C,250.0,-0.5054672994121604,174.5,179.0,178.0,0.49442033905029303,3.0,214.0,414.44000244140625
MSFT,MSFT,2027-06-17,1.1205479452054794,C,260.0,-0.4662465862588791,166.0,170.5,179.0,0.4828390339660645,1.0,137.0,414.44000244140625
MSFT,MSFT,2027-06-17,1.1205479452054794,C,270.0,-0.428506258276032,157.5,162.0,150.0,0.4704032452392578,1.0,146.0,414.44000244140625
MSFT,MSFT,2027-06-17,1.1205479452054794,C,280.0,-0.39213861410515716,150.1,153.5,150.5,0.45725030059814464,3.0,886.0,414.44000244140625
MSFT,MSFT,2027-06-17,1.1205479452054794,C,290.0,-0.35704729429388704,141.0,145.0,143.5,0.4434717518615722,1.0,720.0,414.44000244140625
MSFT,MSFT,2027-06-17,1.1205479452054794,C,300.0,-0.32314574261820567,132.5,137.0,136.25,0.43352312088012696,10.0,432.0,414.44000244140625
MSFT,MSFT,2027-06-17,1.1205479452054794,C,310.0,-0.2903559197952148,125.0,129.0,127.8,0.4226131958007812,33.0,137.0,414.44000244140625
MSFT,MSFT,2027-06-17,1.1205479452054794,C,320.0,-0.2586072214806345,117.6,121.5,119.0,0.41475499801635746,2.0,167.0,414.44000244140625
MSFT,MSFT,2027-06-17,1.1205479452054794,C,330.0,-0.2278355628138808,109.5,113.6,112.64,0.40273119247436523,22.0,394.0,414.44000244140625
MSFT,MSFT,2027-06-17,1.1205479452054794,C,340.0,-0.19798259966419962,102.5,107.0,105.14,0.3992522233581543,9.0,778.0,414.44000244140625
MSFT,MSFT,2027-06-17,1.1205479452054794,C,350.0,-0.16899506279094745,96.5,99.4,97.0,0.38733522827148437,103.0,1401.0,414.44000244140625
MSFT,MSFT,2027-06-17,1.1205479452054794,C,360.0,-0.1408241858242511,89.0,92.25,91.0,0.37755444229125973,13.0,818.0,414.44000244140625
MSFT,MSFT,2027-06-17,1.1205479452054794,C,370.0,-0.11342521163613664,82.5,85.75,85.0,0.3708864181518554,17.0,714.0,414.44000244140625
MSFT,MSFT,2027-06-17,1.1205479452054794,C,380.0,-0.0867569645539753,78.0,80.6,78.85,0.37134417724609375,24.0,864.0,414.44000244140625
MSFT,MSFT,2027-06-17,1.1205479452054794,C,390.0,-0.060781478150714635,72.15,74.25,74.0,0.3628908926391602,9.0,1926.0,414.44000244140625
MSFT,MSFT,2027-06-17,1.1205479452054794,C,400.0,-0.03546367016642475,66.8,68.45,67.04,0.35650515327453614,126.0,3394.0,414.44000244140625
MSFT,MSFT,2027-06-17,1.1205479452054794,C,410.0,-0.010771057576053237,61.8,63.65,62.5,0.35466648757934566,63.0,765.0,414.44000244140625
MSFT,MSFT,2027-06-17,1.1205479452054794,C,420.0,0.013326494003007276,57.0,58.25,58.1,0.34794505821228017,108.0,1850.0,414.44000244140625
MSFT,MSFT,2027-06-17,1.1205479452054794,C,430.0,0.0368569914132013,51.75,53.65,54.5,0.3444966063690186,70.0,3286.0,414.44000244140625
MSFT,MSFT,2027-06-17,1.1205479452054794,C,440.0,0.059846509637900155,46.95,50.35,49.93,0.3471058332061767,23.0,1199.0,414.44000244140625
MSFT,MSFT,2027-06-17,1.1205479452054794,C,450.0,0.08231936548995865,44.5,45.2,44.73,0.3378285822296143,98.0,4503.0,414.44000244140625
MSFT,MSFT,2027-06-17,1.1205479452054794,C,460.0,0.10429827220873401,39.1,41.45,41.97,0.33522698471069334,6.0,792.0,414.44000244140625
MSFT,MSFT,2027-06-17,1.1205479452054794,C,470.0,0.1258044774296975,36.3,39.0,38.2,0.33884328155517573,21.0,637.0,414.44000244140625
MSFT,MSFT,2027-06-17,1.1205479452054794,C,480.0,0.14685788662752997,33.5,36.25,35.2,0.33958332542419434,28.0,1541.0,414.44000244140625
MSFT,MSFT,2027-06-17,1.1205479452054794,C,490.0,0.16747717383026556,30.55,32.7,31.8,0.3344335356140136,161.0,1392.0,414.44000244140625
MSFT,MSFT,2027-06-17,1.1205479452054794,C,500.0,0.18767988114778492,28.6,30.35,29.05,0.3352422433471679,622.0,5552.0,414.44000244140625
MSFT,MSFT,2027-06-17,1.1205479452054794,C,505.0,0.19763021200095313,27.35,28.85,28.17,0.3332738792419434,3.0,1132.0,414.44000244140625
MSFT,MSFT,2027-06-17,1.1205479452054794,C,510.0,0.20748250844396474,25.95,27.7,27.0,0.33315181015014655,5.0,1774.0,414.44000244140625
MSFT,MSFT,2027-06-17,1.1205479452054794,C,515.0,0.2172386833893294,24.8,26.35,25.7,0.33151913604736327,3.0,2216.0,414.44000244140625
MSFT,MSFT,2027-06-17,1.1205479452054794,C,520.0,0.22690059430106624,23.15,25.0,24.5,0.32958891853332517,46.0,1010.0,414.44000244140625
MSFT,MSFT,2027-06-17,1.1205479452054794,C,525.0,0.23647004531721708,21.75,24.35,24.5,0.33187008468627927,1.0,261.0,414.44000244140625
MSFT,MSFT,2027-06-17,1.1205479452054794,C,530.0,0.2459487892717608,20.8,23.35,22.45,0.331686981048584,1.0,534.0,414.44000244140625
MSFT,MSFT,2027-06-17,1.1205479452054794,C,535.0,0.2553385296215998,20.15,21.75,21.0,0.32725434715270996,1.0,632.0,414.44000244140625
MSFT,MSFT,2027-06-17,1.1205479452054794,C,540.0,0.2646409222839133,19.8,21.25,20.15,0.32988646194458,73.0,850.0,414.44000244140625
MSFT,MSFT,2027-06-17,1.1205479452054794,C,545.0,0.27385757738883726,18.9,20.9,19.75,0.33338068969726564,1.0,355.0,414.44000244140625
MSFT,MSFT,2027-06-17,1.1205479452054794,C,550.0,0.28299006095210993,18.05,19.5,18.4,0.32945922012329093,133.0,2837.0,414.44000244140625
MSFT,MSFT,2027-06-17,1.1205479452054794,C,555.0,0.29203989647202777,17.3,18.95,17.8,0.3311987046813965,2.0,238.0,414.44000244140625
MSFT,MSFT,2027-06-17,1.1205479452054794,C,560.0,0.30100856645478813,15.65,19.1,16.97,0.33775991836547853,8.0,747.0,414.44000244140625
MSFT,MSFT,2027-06-17,1.1205479452054794,C,565.0,0.3098975138720341,15.8,17.45,14.65,0.33124448059082034,2.0,416.0,414.44000244140625
MSFT,MSFT,2027-06-17,1.1205479452054794,C,570.0,0.31870814355418914,15.0,16.4,16.28,0.3287039176177978,2.0,515.0,414.44000244140625
MSFT,MSFT,2027-06-17,1.1205479452054794,C,575.0,0.3274418235229437,13.45,15.8,15.27,0.3292913751220703,1.0,327.0,414.44000244140625
MSFT,MSFT,2027-06-17,1.1205479452054794,C,580.0,0.33609988626605825,13.5,14.8,14.3,0.3265600791931152,10.0,375.0,414.44000244140625
MSFT,MSFT,2027-06-17,1.1205479452054794,C,585.0,0.3446836299574497,12.35,13.85,13.79,0.32388981781005854,1.0,261.0,414.44000244140625
MSFT,MSFT,2027-06-17,1.1205479452054794,C,590.0,0.35319431962535847,12.3,14.15,11.0,0.3311071528625488,1.0,222.0,414.44000244140625
MSFT,MSFT,2027-06-17,1.1205479452054794,C,595.0,0.36163318827122304,11.45,13.0,14.64,0.32639223419189456,23.0,197.0,414.44000244140625
MSFT,MSFT,2027-06-17,1.1205479452054794,C,600.0,0.3700014379417396,11.8,12.85,12.3,0.3297491342163086,358.0,2777.0,414.44000244140625
MSFT,MSFT,2027-06-17,1.1205479452054794,C,605.0,0.3783002407564347,10.25,12.25,11.7,0.3291693060302734,23.0,207.0,414.44000244140625
MSFT,MSFT,2027-06-17,1.1205479452054794,C,610.0,0.3865307398929501,9.4,12.2,11.01,0.3331975860595704,2.0,359.0,414.44000244140625
MSFT,MSFT,2027-06-17,1.1205479452054794,C,615.0,0.3946940505321112,9.8,11.2,10.01,0.3287115469360351,33.0,319.0,414.44000244140625
MSFT,MSFT,2027-06-17,1.1205479452054794,C,620.0,0.40279126076473054,8.7,11.3,9.49,0.3338994833374024,43.0,219.0,414.44000244140625
MSFT,MSFT,2027-06-17,1.1205479452054794,C,625.0,0.41082343246199476,9.3,10.55,8.47,0.3312139633178711,2.0,177.0,414.44000244140625
MSFT,MSFT,2027-06-17,1.1205479452054794,C,630.0,0.41879160211117156,8.85,10.2,9.35,0.3320379296875,6.0,264.0,414.44000244140625
MSFT,MSFT,2027-06-17,1.1205479452054794,C,635.0,0.42669678161828495,8.5,9.25,11.8,0.3268194760131836,1.0,93.0,414.44000244140625
MSFT,MSFT,2027-06-17,1.1205479452054794,C,640.0,0.4345399590793108,7.3,9.1,9.1,0.3292761164855957,1.0,634.0,414.44000244140625
MSFT,MSFT,2027-06-17,1.1205479452054794,C,645.0,0.44232209952136575,7.85,9.4,7.15,0.3362187960815429,9.0,34.0,414.44000244140625
MSFT,MSFT,2027-06-17,1.1205479452054794,C,650.0,0.450044145615276,7.55,8.8,7.7,0.33396051788330083,5.0,567.0,414.44000244140625
MSFT,MSFT,2027-06-17,1.1205479452054794,C,655.0,0.4577070183608451,7.3,8.7,7.53,0.33672233108520505,21.0,158.0,414.44000244140625
MSFT,MSFT,2027-06-17,1.1205479452054794,C,660.0,0.46531161774606455,6.95,8.35,7.29,0.3367528483581543,12.0,712.0,414.44000244140625
MSFT,MSFT,2027-06-17,1.1205479452054794,C,665.0,0.4728588233814474,5.75,7.05,8.25,0.3258734405517578,1.0,22.0,414.44000244140625
MSFT,MSFT,2027-06-17,1.1205479452054794,C,670.0,0.480349495110605,6.25,6.75,6.57,0.32588869918823243,3.0,15.0,414.44000244140625
MSFT,MSFT,2027-06-17,1.1205479452054794,C,675.0,0.48778447359812305,5.25,7.55,6.43,0.3387822470092773,15.0,135.0,414.44000244140625
MSFT,MSFT,2027-06-17,1.1205479452054794,C,680.0,0.4951645808957457,4.25,7.3,6.3,0.3393925924682617,300.0,962.0,414.44000244140625
MSFT,MSFT,2027-06-17,1.1205479452054794,C,685.0,0.5024906209878186,5.25,7.05,7.23,0.33991138610839844,1.0,77.0,414.44000244140625
MSFT,MSFT,2027-06-17,1.1205479452054794,C,690.0,0.5097633803168983,5.4,6.9,7.07,0.341528801574707,10.0,121.0,414.44000244140625
MSFT,MSFT,2027-06-17,1.1205479452054794,C,695.0,0.5169836282903854,5.2,5.7,5.65,0.3296270651245117,1.0,30.0,414.44000244140625
MSFT,MSFT,2027-06-17,1.1205479452054794,C,700.0,0.5241521177689978,4.8,5.35,5.25,0.3281012014770508,726.0,1298.0,414.44000244140625
MSFT,MSFT,2027-06-17,1.1205479452054794,C,705.0,0.531269585537862,4.8,5.3,7.03,0.3306036178588867,4.0,201.0,414.44000244140625
MSFT,MSFT,2027-06-17,1.1205479452054794,C,710.0,0.5383367527609544,3.65,4.95,4.87,0.32874206420898433,2.0,150.0,414.44000244140625
MSFT,MSFT,2027-06-17,1.1205479452054794,C,715.0,0.5453543254196009,2.9,4.9,4.37,0.33112241149902344,1.0,243.0,414.44000244140625
MSFT,MSFT,2027-06-17,1.1205479452054794,C,720.0,0.5523229947356942,4.3,4.75,4.23,0.33194637786865233,6.0,135.0,414.44000244140625
MSFT,MSFT,2027-06-17,1.1205479452054794,C,725.0,0.5592434375802681,4.1,4.45,5.45,0.3303594796752929,2.0,149.0,414.44000244140625
MSFT,MSFT,2027-06-17,1.1205479452054794,C,730.0,0.5661163168680301,3.05,4.25,4.2,0.3301458587646484,1.0,119.0,414.44000244140625
MSFT,MSFT,2027-06-17,1.1205479452054794,C,735.0,0.5729422819384299,2.97,4.2,4.4,0.33228206787109377,22.0,116.0,414.44000244140625
MSFT,MSFT,2027-06-17,1.1205479452054794,C,740.0,0.5797219689238087,3.65,3.95,3.8,0.33100034240722653,12.0,177.0,414.44000244140625
MSFT,MSFT,2027-06-17,1.1205479452054794,C,745.0,0.5864560011051527,3.1,3.3,5.17,0.32224188507080076,3.0,6.0,414.44000244140625
MSFT,MSFT,2027-06-17,1.1205479452054794,C,750.0,0.5931449892559494,2.85,3.8,3.5,0.33411310424804685,2.0,695.0,414.44000244140625
MSFT,MSFT,2027-06-17,1.1205479452054794,C,755.0,0.5997895319746179,3.05,3.65,4.9,0.33423517333984376,1.0,191.0,414.44000244140625
MSFT,MSFT,2027-06-17,1.1205479452054794,C,760.0,0.60639021600597,2.64,3.85,3.45,0.34052173156738286,1.0,381.0,414.44000244140625
MSFT,MSFT,2027-06-17,1.1205479452054794,C,765.0,0.612947616552129,3.0,3.45,3.75,0.33600517517089845,12.0,85.0,414.44000244140625
MSFT,MSFT,2027-06-17,1.1205479452054794,C,770.0,0.6194622975733228,2.92,3.2,3.1,0.3338994833374024,1400.0,275.0,414.44000244140625
MSFT,MSFT,2027-06-17,1.1205479452054794,C,775.0,0.6259348120789403,2.74,3.1,2.67,0.3345403460693359,46.0,110.0,414.44000244140625
MSFT,MSFT,2027-06-17,1.1205479452054794,C,780.0,0.6323657024092306,2.65,3.05,3.04,0.33612724426269536,2.0,408.0,414.44000244140625
MSFT,MSFT,2027-06-17,1.1205479452054794,C,800.0,0.6576835103935206,2.32,2.65,2.53,0.33768362518310546,759.0,6953.0,414.44000244140625
MSFT,MSFT,2027-06-17,1.1205479452054794,P,175.0,-0.8621422433508927,0.76,1.2,0.8,0.4204159521484375,9.0,302.0,414.44000244140625
MSFT,MSFT,2027-06-17,1.1205479452054794,P,180.0,-0.8339713663841964,0.86,1.15,1.0,0.4050352465820312,1.0,346.0,414.44000244140625
MSFT,MSFT,2027-06-17,1.1205479452054794,P,185.0,-0.8065723921960819,0.64,1.91,1.16,0.4295100994873047,1.0,93.0,414.44000244140625
MSFT,MSFT,2027-06-17,1.1205479452054794,P,190.0,-0.7799041451139206,1.13,1.5,1.25,0.3988707574462891,1.0,69.0,414.44000244140625
MSFT,MSFT,2027-06-17,1.1205479452054794,P,195.0,-0.75392865871066,0.23,1.61,1.34,0.3918517846679687,20.0,47.0,414.44000244140625
MSFT,MSFT,2027-06-17,1.1205479452054794,P,200.0,-0.7286108507263701,0.62,1.78,1.53,0.387152124633789,47.0,149.0,414.44000244140625
MSFT,MSFT,2027-06-17,1.1205479452054794,P,210.0,-0.6798206865569381,0.67,2.35,1.93,0.38422246643066404,1.0,492.0,414.44000244140625
MSFT,MSFT,2027-06-17,1.1205479452054794,P,220.0,-0.6333006709220451,2.12,2.56,2.44,0.36762106994628907,1.0,159.0,414.44000244140625
MSFT,MSFT,2027-06-17,1.1205479452054794,P,230.0,-0.5888489083512113,2.67,3.75,2.85,0.37555556091308595,1.0,91.0,414.44000244140625
MSFT,MSFT,2027-06-17,1.1205479452054794,P,240.0,-0.5462892939324153,3.4,4.15,3.5,0.3612734771728515,7.0,747.0,414.44000244140625
MSFT,MSFT,2027-06-17,1.1205479452054794,P,250.0,-0.5054672994121604,4.15,4.55,4.55,0.3466251861572265,12.0,1449.0,414.44000244140625
MSFT,MSFT,2027-06-17,1.1205479452054794,P,260.0,-0.4662465862588791,5.05,6.25,5.2,0.35333898620605464,1.0,726.0,414.44000244140625
MSFT,MSFT,2027-06-17,1.1205479452054794,P,270.0,-0.428506258276032,5.9,7.2,6.25,0.34455001159667964,1.0,441.0,414.44000244140625
MSFT,MSFT,2027-06-17,1.1205479452054794,P,280.0,-0.39213861410515716,7.05,7.85,7.35,0.33054258331298825,3.0,427.0,414.44000244140625
MSFT,MSFT,2027-06-17,1.1205479452054794,P,290.0,-0.35704729429388704,8.1,9.65,8.81,0.3297796514892578,3.0,938.0,414.44000244140625
MSFT,MSFT,2027-06-17,1.1205479452054794,P,300.0,-0.32314574261820567,10.0,11.15,9.94,0.323126885986328,43.0,2332.0,414.44000244140625
MSFT,MSFT,2027-06-17,1.1205479452054794,P,310.0,-0.2903559197952148,11.4,12.85,12.0,0.316840327758789,111.0,1376.0,414.44000244140625
MSFT,MSFT,2027-06-17,1.1205479452054794,P,320.0,-0.2586072214806345,13.25,14.8,13.57,0.3111488563537597,24.0,1111.0,414.44000244140625
MSFT,MSFT,2027-06-17,1.1205479452054794,P,330.0,-0.2278355628138808,14.65,16.45,16.0,0.3012765185546875,4.0,1859.0,414.44000244140625
MSFT,MSFT,2027-06-17,1.1205479452054794,P,340.0,-0.19798259966419962,17.85,19.4,18.07,0.3003457417297363,47.0,2048.0,414.44000244140625
MSFT,MSFT,2027-06-17,1.1205479452054794,P,350.0,-0.16899506279094745,20.6,21.65,20.95,0.29206030212402334,13.0,2996.0,414.44000244140625
MSFT,MSFT,2027-06-17,1.1205479452054794,P,360.0,-0.1408241858242511,23.35,25.05,26.2,0.2902903002929687,111.0,1637.0,414.44000244140625
MSFT,MSFT,2027-06-17,1.1205479452054794,P,370.0,-0.11342521163613664,25.35,28.3,28.1,0.2854838298034667,138.0,1525.0,414.44000244140625
MSFT,MSFT,2027-06-17,1.1205479452054794,P,380.0,-0.0867569645539753,29.45,31.9,31.57,0.2811122304534911,17.0,3737.0,414.44000244140625
MSFT,MSFT,2027-06-17,1.1205479452054794,P,390.0,-0.060781478150714635,34.6,36.0,35.0,0.27798420997619633,6.0,632.0,414.44000244140625
MSFT,MSFT,2027-06-17,1.1205479452054794,P,400.0,-0.03546367016642475,38.9,40.05,38.72,0.2726970924377441,174.0,2710.0,414.44000244140625
MSFT,MSFT,2027-06-17,1.1205479452054794,P,410.0,-0.010771057576053237,43.35,45.45,43.3,0.2734829122161865,16.0,614.0,414.44000244140625
MSFT,MSFT,2027-06-17,1.1205479452054794,P,420.0,0.013326494003007276,47.75,49.95,48.1,0.2671734660339356,19.0,1026.0,414.44000244140625
MSFT,MSFT,2027-06-17,1.1205479452054794,P,430.0,0.0368569914132013,53.5,55.55,57.43,0.26537294692993163,7.0,913.0,414.44000244140625
MSFT,MSFT,2027-06-17,1.1205479452054794,P,440.0,0.059846509637900155,58.1,61.5,61.95,0.263755531463623,1.0,961.0,414.44000244140625
MSFT,MSFT,2027-06-17,1.1205479452054794,P,450.0,0.08231936548995865,63.5,68.0,67.25,0.26354191055297854,3.0,746.0,414.44000244140625
MSFT,MSFT,2027-06-17,1.1205479452054794,P,460.0,0.10429827220873401,70.75,74.0,78.7,0.25868966415405276,21.0,501.0,414.44000244140625
MSFT,MSFT,2027-06-17,1.1205479452054794,P,470.0,0.1258044774296975,77.75,79.95,77.89,0.25167069137573245,9.0,557.0,414.44000244140625
MSFT,MSFT,2027-06-17,1.1205479452054794,P,480.0,0.14685788662752997,84.55,87.5,93.5,0.2525556922912598,10.0,197.0,414.44000244140625
MSFT,MSFT,2027-06-17,1.1205479452054794,P,490.0,0.16747717383026556,90.5,95.0,97.75,0.25160202751159666,1.0,226.0,414.44000244140625
MSFT,MSFT,2027-06-17,1.1205479452054794,P,500.0,0.18767988114778492,97.5,102.5,98.0,0.249030947265625,3.0,612.0,414.44000244140625
MSFT,MSFT,2027-06-17,1.1205479452054794,P,505.0,0.19763021200095313,101.95,106.0,106.33,0.24536887451171874,10.0,112.0,414.44000244140625
MSFT,MSFT,2027-06-17,1.1205479452054794,P,510.0,0.20748250844396474,105.5,110.0,135.25,0.2447127531433106,1.0,624.0,414.44000244140625
MSFT,MSFT,2027-06-17,1.1205479452054794,P,515.0,0.2172386833893294,109.5,114.0,157.25,0.2436599072265625,5.0,24.0,414.44000244140625
MSFT,MSFT,2027-06-17,1.1205479452054794,P,520.0,0.22690059430106624,114.6,118.05,111.22,0.2425612854003906,1.0,710.0,414.44000244140625
MSFT,MSFT,2027-06-17,1.1205479452054794,P,525.0,0.23647004531721708,118.65,122.0,148.5,0.2402724899291992,6.0,131.0,414.44000244140625
MSFT,MSFT,2027-06-17,1.1205479452054794,P,530.0,0.2459487892717608,122.7,126.0,125.25,0.23787688400268553,1.0,441.0,414.44000244140625
MSFT,MSFT,2027-06-17,1.1205479452054794,P,535.0,0.2553385296215998,126.0,130.5,129.25,0.23918912673950193,1.0,81.0,414.44000244140625
MSFT,MSFT,2027-06-17,1.1205479452054794,P,540.0,0.2646409222839133,130.0,134.5,124.4,0.2358932612609863,14.0,404.0,414.44000244140625
MSFT,MSFT,2027-06-17,1.1205479452054794,P,545.0,0.27385757738883726,134.45,139.0,180.3,0.2365493826293945,2.0,6.0,414.44000244140625
MSFT,MSFT,2027-06-17,1.1205479452054794,P,550.0,0.28299006095210993,138.5,143.5,133.92,0.23694610717773437,10.0,42.0,414.44000244140625
MSFT,MSFT,2027-06-17,1.1205479452054794,P,560.0,0.30100856645478813,147.5,152.0,195.3,0.2316666189575195,2.0,1.0,414.44000244140625
MSFT,MSFT,2027-06-17,1.1205479452054794,P,565.0,0.3098975138720341,152.0,156.5,199.75,0.23090368713378906,4.0,0.0,414.44000244140625
MSFT,MSFT,2027-06-17,1.1205479452054794,P,570.0,0.31870814355418914,156.5,161.0,200.0,0.22972877212524412,1.0,0.0,414.44000244140625
MSFT,MSFT,2027-06-17,1.1205479452054794,P,580.0,0.33609988626605825,179.6,183.55,133.23,0.3494632925415039,1.0,50.0,414.44000244140625
MSFT,MSFT,2027-06-17,1.1205479452054794,P,600.0,0.3700014379417396,184.5,189.0,183.5,0.2278519598388672,1.0,4.0,414.44000244140625
MSFT,MSFT,2027-06-17,1.1205479452054794,P,635.0,0.42669678161828495,232.5,237.5,191.5,0.3929504064941406,2.0,0.0,414.44000244140625
MSFT,MSFT,2027-06-17,1.1205479452054794,P,640.0,0.4345399590793108,237.5,242.5,197.07,0.3972533419799804,1.0,0.0,414.44000244140625
MSFT,MSFT,2027-06-17,1.1205479452054794,P,650.0,0.450044145615276,248.0,252.5,184.63,0.40570662658691403,2.0,0.0,414.44000244140625
MSFT,MSFT,2027-06-17,1.1205479452054794,P,660.0,0.46531161774606455,259.0,264.0,193.0,0.4259548371887208,2.0,0.0,414.44000244140625
MSFT,MSFT,2028-12-15,2.6191780821917807,C,185.0,-0.8065723921960819,245.0,250.0,249.75,0.5035907795715333,3.0,53.0,414.44000244140625
MSFT,MSFT,2028-12-15,2.6191780821917807,C,190.0,-0.7799041451139206,241.0,245.5,223.5,0.5182543292236328,1.0,6.0,414.44000244140625
MSFT,MSFT,2028-12-15,2.6191780821917807,C,195.0,-0.75392865871066,237.0,241.5,229.75,0.5133105310058592,1.0,27.0,414.44000244140625
MSFT,MSFT,2028-12-15,2.6191780821917807,C,200.0,-0.7286108507263701,233.0,237.5,236.63,0.5082294050598146,2.0,300.0,414.44000244140625
MSFT,MSFT,2028-12-15,2.6191780821917807,C,205.0,-0.7039182381359985,229.0,233.5,219.75,0.503056727294922,13.0,759.0,414.44000244140625
MSFT,MSFT,2028-12-15,2.6191780821917807,C,210.0,-0.6798206865569381,225.0,229.5,228.03,0.4978077563476563,2.0,1132.0,414.44000244140625
MSFT,MSFT,2028-12-15,2.6191780821917807,C,215.0,-0.656290189146744,221.0,225.5,222.0,0.4924824922180176,1.0,34.0,414.44000244140625
MSFT,MSFT,2028-12-15,2.6191780821917807,C,220.0,-0.6333006709220451,217.0,221.5,208.51,0.48709619354248046,8.0,52.0,414.44000244140625
MSFT,MSFT,2028-12-15,2.6191780821917807,C,225.0,-0.6108278150699866,213.0,217.5,215.55,0.48163360168457037,4.0,124.0,414.44000244140625
MSFT,MSFT,2028-12-15,2.6191780821917807,C,230.0,-0.5888489083512113,209.5,214.0,213.5,0.4797262721252441,13.0,1820.0,414.44000244140625
MSFT,MSFT,2028-12-15,2.6191780821917807,C,235.0,-0.5673427031302478,205.5,210.0,219.1,0.4740805766296387,1.0,3.0,414.44000244140625
MSFT,MSFT,2028-12-15,2.6191780821917807,C,240.0,-0.5462892939324153,202.0,206.0,206.0,0.4683891052246094,2.0,171.0,414.44000244140625
MSFT,MSFT,2028-12-15,2.6191780821917807,C,245.0,-0.5256700067296798,198.0,202.5,207.5,0.4659934992980958,3.0,6.0,414.44000244140625
MSFT,MSFT,2028-12-15,2.6191780821917807,C,250.0,-0.5054672994121604,194.5,199.0,197.0,0.4633995310974121,13.0,542.0,414.44000244140625
MSFT,MSFT,2028-12-15,2.6191780821917807,C,255.0,-0.4856646721159806,190.5,195.0,190.39,0.4574639215087891,1.0,65.0,414.44000244140625
MSFT,MSFT,2028-12-15,2.6191780821917807,C,260.0,-0.4662465862588791,187.0,192.0,187.15,0.4576622837829591,2.0,181.0,414.44000244140625
MSFT,MSFT,2028-12-15,2.6191780821917807,C,265.0,-0.4471983912881845,183.5,188.0,175.0,0.4515511998748779,2.0,4.0,414.44000244140625
MSFT,MSFT,2028-12-15,2.6191780821917807,C,270.0,-0.428506258276032,180.0,184.45,171.5,0.4480798600769042,4.0,88.0,414.44000244140625
MSFT,MSFT,2028-12-15,2.6191780821917807,C,275.0,-0.4101571196078354,176.5,181.0,168.14,0.44504339141845706,2.0,14.0,414.44000244140625
MSFT,MSFT,2028-12-15,2.6191780821917807,C,280.0,-0.39213861410515716,173.0,177.5,175.25,0.44159493957519536,2.0,145.0,414.44000244140625
MSFT,MSFT,2028-12-15,2.6191780821917807,C,285.0,-0.37443903700575615,169.5,174.0,163.42,0.43802441864013675,1.0,8.0,414.44000244140625
MSFT,MSFT,2028-12-15,2.6191780821917807,C,290.0,-0.35704729429388704,166.0,170.5,160.35,0.4343394579315186,3.0,156.0,414.44000244140625
MSFT,MSFT,2028-12-15,2.6191780821917807,C,295.0,-0.3399528609345868,163.0,167.5,166.17,0.4331950601959229,1.0,4.0,414.44000244140625
MSFT,MSFT,2028-12-15,2.6191780821917807,C,300.0,-0.32314574261820567,159.5,163.95,163.0,0.42899130584716794,28.0,961.0,414.44000244140625
MSFT,MSFT,2028-12-15,2.6191780821917807,C,305.0,-0.30661644066699517,156.5,160.25,133.99,0.42393306785583496,,2.0,414.44000244140625
MSFT,MSFT,2028-12-15,2.6191780821917807,C,310.0,-0.2903559197952148,153.0,157.5,156.53,0.4235821192169189,10.0,99.0,414.44000244140625
MSFT,MSFT,2028-12-15,2.6191780821917807,C,315.0,-0.27435557844877373,150.0,154.5,142.22,0.4217816001129151,1.0,5.0,414.44000244140625
MSFT,MSFT,2028-12-15,2.6191780821917807,C,320.0,-0.2586072214806345,147.0,151.5,148.75,0.4198208653259277,3.0,301.0,414.44000244140625
MSFT,MSFT,2028-12-15,2.6191780821917807,C,325.0,-0.24310303494466928,144.35,148.5,141.0,0.4177075441741943,2.0,11.0,414.44000244140625
MSFT,MSFT,2028-12-15,2.6191780821917807,C,330.0,-0.2278355628138808,142.0,145.0,140.79,0.4130994359588622,1.0,118.0,414.44000244140625
MSFT,MSFT,2028-12-15,2.6191780821917807,C,335.0,-0.21279768544934033,137.5,142.0,140.07,0.41072671798706056,3.0,11.0,414.44000244140625
MSFT,MSFT,2028-12-15,2.6191780821917807,C,340.0,-0.19798259966419962,135.7,139.0,138.27,0.4082243016052246,2.0,298.0,414.44000244140625
MSFT,MSFT,2028-12-15,2.6191780821917807,C,345.0,-0.18338380024304698,132.0,136.5,143.5,0.4078428356933594,1.0,17.0,414.44000244140625
MSFT,MSFT,2028-12-15,2.6191780821917807,C,350.0,-0.16899506279094745,129.0,133.5,133.0,0.40505050521850583,17.0,1361.0,414.44000244140625
MSFT,MSFT,2028-12-15,2.6191780821917807,C,355.0,-0.15481042779899093,126.0,130.5,138.69,0.4021437349700927,11.0,53.0,414.44000244140625
MSFT,MSFT,2028-12-15,2.6191780821917807,C,360.0,-0.1408241858242511,123.5,128.0,122.0,0.4012892513275146,11.0,602.0,414.44000244140625
MSFT,MSFT,2028-12-15,2.6191780821917807,C,365.0,-0.1270308636919152,121.0,125.0,123.6,0.3981307135772706,1.0,17.0,414.44000244140625
MSFT,MSFT,2028-12-15,2.6191780821917807,C,370.0,-0.11342521163613664,118.0,122.5,120.75,0.3969786865234375,2.0,351.0,414.44000244140625
MSFT,MSFT,2028-12-15,2.6191780821917807,C,375.0,-0.10000219130399589,115.85,120.0,118.0,0.3956817024230958,6.0,80.0,414.44000244140625
MSFT,MSFT,2028-12-15,2.6191780821917807,C,380.0,-0.0867569645539753,113.0,117.5,116.0,0.3942321319580079,4.0,952.0,414.44000244140625
MSFT,MSFT,2028-12-15,2.6191780821917807,C,385.0,-0.07368488298662247,110.5,115.0,105.25,0.3926528630828857,3.0,56.0,414.44000244140625
MSFT,MSFT,2028-12-15,2.6191780821917807,C,390.0,-0.060781478150714635,108.0,112.5,112.0,0.3909362664794922,1.0,664.0,414.44000244140625
MSFT,MSFT,2028-12-15,2.6191780821917807,C,395.0,-0.04804245237328481,105.5,110.0,108.5,0.38908997146606444,10.0,60.0,414.44000244140625
MSFT,MSFT,2028-12-15,2.6191780821917807,C,400.0,-0.03546367016642475,103.8,106.0,105.3,0.38112496322631834,144.0,2869.0,414.44000244140625
MSFT,MSFT,2028-12-15,2.6191780821917807,C,405.0,-0.023041150167867647,100.5,105.0,102.5,0.385023544845581,7.0,85.0,414.44000244140625
MSFT,MSFT,2028-12-15,2.6191780821917807,C,410.0,-0.010771057576053237,98.5,102.45,101.0,0.3826050509643554,72.0,726.0,414.44000244140625
MSFT,MSFT,2028-12-15,2.6191780821917807,C,415.0,0.001350302956291634,96.5,100.5,99.85,0.3824295766448974,14.0,162.0,414.44000244140625
MSFT,MSFT,2028-12-15,2.6191780821917807,C,420.0,0.013326494003007276,94.35,98.0,96.18,0.3799729361724854,181.0,1423.0,414.44000244140625
MSFT,MSFT,2028-12-15,2.6191780821917807,C,425.0,0.025160951650010067,93.0,96.35,94.77,0.38068246276855466,22.0,172.0,414.44000244140625
MSFT,MSFT,2028-12-15,2.6191780821917807,C,430.0,0.0368569914132013,89.5,94.0,92.0,0.378561512298584,155.0,889.0,414.44000244140625
MSFT,MSFT,2028-12-15,2.6191780821917807,C,435.0,0.04841781381427745,87.0,91.5,90.18,0.3757462938690186,11.0,27.0,414.44000244140625
MSFT,MSFT,2028-12-15,2.6191780821917807,C,440.0,0.059846509637900155,85.8,89.5,88.0,0.37473159454345706,2.0,345.0,414.44000244140625
MSFT,MSFT,2028-12-15,2.6191780821917807,C,445.0,0.07114606489183348,83.0,87.5,78.14,0.3735948261260986,2.0,86.0,414.44000244140625
MSFT,MSFT,2028-12-15,2.6191780821917807,C,450.0,0.08231936548995865,81.0,84.6,83.28,0.3689256833648682,59.0,877.0,414.44000244140625
MSFT,MSFT,2028-12-15,2.6191780821917807,C,455.0,0.09336920167654358,79.6,82.2,83.7,0.36604943038940424,11.0,691.0,414.44000244140625
MSFT,MSFT,2028-12-15,2.6191780821917807,C,460.0,0.10429827220873401,77.4,81.5,81.9,0.3694597356414795,178.0,960.0,414.44000244140625
MSFT,MSFT,2028-12-15,2.6191780821917807,C,465.0,0.11510918831294958,75.45,79.85,78.84,0.3691698215484619,1.0,23.0,414.44000244140625
MSFT,MSFT,2028-12-15,2.6191780821917807,C,470.0,0.1258044774296975,73.85,77.35,76.72,0.36557641265869145,5.0,341.0,414.44000244140625
MSFT,MSFT,2028-12-15,2.6191780821917807,C,475.0,0.1363865867602344,72.5,75.15,75.25,0.36299007377624515,14.0,55.0,414.44000244140625
MSFT,MSFT,2028-12-15,2.6191780821917807,C,480.0,0.14685788662752997,69.6,73.3,73.5,0.3616091671752929,49.0,277.0,414.44000244140625
MSFT,MSFT,2028-12-15,2.6191780821917807,C,485.0,0.1572206736630765,68.0,71.7,66.93,0.36105222694396977,3.0,44.0,414.44000244140625
MSFT,MSFT,2028-12-15,2.6191780821917807,C,490.0,0.16747717383026556,66.85,70.4,67.67,0.3615023567199707,50.0,697.0,414.44000244140625
MSFT,MSFT,2028-12-15,2.6191780821917807,C,495.0,0.17762954529428351,64.5,68.3,67.5,0.358854983291626,1.0,18.0,414.44000244140625
MSFT,MSFT,2028-12-15,2.6191780821917807,C,500.0,0.18767988114778492,63.15,66.1,66.0,0.3557193334960937,94.0,2544.0,414.44000244140625
MSFT,MSFT,2028-12-15,2.6191780821917807,C,505.0,0.19763021200095313,62.0,66.0,60.0,0.3603274417114257,48.0,377.0,414.44000244140625
MSFT,MSFT,2028-12-15,2.6191780821917807,C,510.0,0.20748250844396474,60.8,64.5,62.66,0.3596026564788818,48.0,425.0,414.44000244140625
MSFT,MSFT,2028-12-15,2.6191780821917807,C,515.0,0.2172386833893294,59.2,62.1,61.02,0.35539890213012687,1.0,59.0,414.44000244140625
MSFT,MSFT,2028-12-15,2.6191780821917807,C,520.0,0.22690059430106624,58.05,60.7,59.72,0.3548343325805663,64.0,1861.0,414.44000244140625
MSFT,MSFT,2028-12-15,2.6191780821917807,C,525.0,0.23647004531721708,56.7,59.3,54.5,0.3541705818939208,4.0,77.0,414.44000244140625
MSFT,MSFT,2028-12-15,2.6191780821917807,C,530.0,0.2459487892717608,55.1,58.55,57.25,0.35585666122436516,45.0,2680.0,414.44000244140625
MSFT,MSFT,2028-12-15,2.6191780821917807,C,535.0,0.2553385296215998,53.55,57.05,55.95,0.3546207116699218,8.0,146.0,414.44000244140625
MSFT,MSFT,2028-12-15,2.6191780821917807,C,540.0,0.2646409222839133,51.5,54.85,55.0,0.35063057823181143,47.0,308.0,414.44000244140625
MSFT,MSFT,2028-12-15,2.6191780821917807,C,545.0,0.27385757738883726,51.0,53.9,53.04,0.3512790702819824,1.0,852.0,414.44000244140625
MSFT,MSFT,2028-12-15,2.6191780821917807,C,550.0,0.28299006095210993,50.5,52.85,52.71,0.3514545446014403,38.0,1751.0,414.44000244140625
MSFT,MSFT,2028-12-15,2.6191780821917807,C,555.0,0.29203989647202777,48.75,52.5,49.11,0.354223987121582,2.0,634.0,414.44000244140625
MSFT,MSFT,2028-12-15,2.6191780821917807,C,560.0,0.30100856645478813,47.3,50.2,47.2,0.3494251459503174,18.0,460.0,414.44000244140625
MSFT,MSFT,2028-12-15,2.6191780821917807,C,565.0,0.3098975138720341,46.55,48.95,54.12,0.3485554036712646,22.0,65.0,414.44000244140625
MSFT,MSFT,2028-12-15,2.6191780821917807,C,570.0,0.31870814355418914,45.65,48.5,47.32,0.35070687141418455,31.0,231.0,414.44000244140625
MSFT,MSFT,2028-12-15,2.6191780821917807,C,575.0,0.3274418235229437,44.45,47.25,41.0,0.34966165481567374,22.0,134.0,414.44000244140625
MSFT,MSFT,2028-12-15,2.6191780821917807,C,580.0,0.33609988626605825,43.55,46.4,43.54,0.3501041552734374,57.0,1188.0,414.44000244140625
MSFT,MSFT,2028-12-15,2.6191780821917807,C,585.0,0.3446836299574497,42.3,45.1,39.5,0.3486851020812988,28.0,764.0,414.44000244140625
MSFT,MSFT,2028-12-15,2.6191780821917807,C,590.0,0.35319431962535847,40.95,44.75,41.24,0.3509433802795409,241.0,1144.0,414.44000244140625
MSFT,MSFT,2028-12-15,2.6191780821917807,C,595.0,0.36163318827122304,40.0,43.35,38.16,0.34895975753784175,152.0,144.0,414.44000244140625
MSFT,MSFT,2028-12-15,2.6191780821917807,C,600.0,0.3700014379417396,39.5,42.0,41.48,0.3470753159332275,226.0,3336.0,414.44000244140625
MSFT,MSFT,2028-12-15,2.6191780821917807,C,605.0,0.3783002407564347,38.15,41.2,36.7,0.34731182479858397,4.0,85.0,414.44000244140625
MSFT,MSFT,2028-12-15,2.6191780821917807,C,610.0,0.3865307398929501,37.4,40.05,35.05,0.34606061660766596,16.0,91.0,414.44000244140625
MSFT,MSFT,2028-12-15,2.6191780821917807,C,615.0,0.3946940505321112,36.75,39.45,41.51,0.34696087615966786,2.0,33.0,414.44000244140625
MSFT,MSFT,2028-12-15,2.6191780821917807,C,620.0,0.40279126076473054,35.5,38.1,38.5,0.34471022727966305,35.0,550.0,414.44000244140625
MSFT,MSFT,2028-12-15,2.6191780821917807,C,625.0,0.41082343246199476,34.7,37.75,33.23,0.3465031170654296,51.0,177.0,414.44000244140625
MSFT,MSFT,2028-12-15,2.6191780821917807,C,630.0,0.41879160211117156,34.35,37.55,36.67,0.34886820571899413,1.0,202.0,414.44000244140625
MSFT,MSFT,2028-12-15,2.6191780821917807,C,635.0,0.42669678161828495,33.45,36.3,41.09,0.34680066047668456,1.0,28.0,414.44000244140625
MSFT,MSFT,2028-12-15,2.6191780821917807,C,640.0,0.4345399590793108,33.0,35.35,34.55,0.34590040092468255,1.0,108.0,414.44000244140625
MSFT,MSFT,2028-12-15,2.6191780821917807,C,645.0,0.44232209952136575,32.3,35.0,37.05,0.3474720404815673,3.0,180.0,414.44000244140625
MSFT,MSFT,2028-12-15,2.6191780821917807,C,650.0,0.450044145615276,31.75,34.35,31.5,0.3477085493469238,44.0,412.0,414.44000244140625
MSFT,MSFT,2028-12-15,2.6191780821917807,C,655.0,0.4577070183608451,30.75,33.0,32.44,0.3448704429626465,2.0,510.0,414.44000244140625
MSFT,MSFT,2028-12-15,2.6191780821917807,C,660.0,0.46531161774606455,29.5,32.45,31.5,0.3453968659210205,1.0,61.0,414.44000244140625
MSFT,MSFT,2028-12-15,2.6191780821917807,C,665.0,0.4728588233814474,29.5,33.5,27.19,0.3528354512023925,1.0,324.0,414.44000244140625
MSFT,MSFT,2028-12-15,2.6191780821917807,C,670.0,0.480349495110605,28.55,30.95,28.45,0.3445194943237304,1.0,337.0,414.44000244140625
MSFT,MSFT,2028-12-15,2.6191780821917807,C,675.0,0.48778447359812305,27.95,31.0,35.73,0.34754070434570306,1.0,33.0,414.44000244140625
MSFT,MSFT,2028-12-15,2.6191780821917807,C,680.0,0.4951645808957457,27.3,29.75,29.3,0.3447178565979004,2.0,165.0,414.44000244140625
MSFT,MSFT,2028-12-15,2.6191780821917807,C,685.0,0.5024906209878186,27.35,29.05,28.2,0.3442753561401367,100.0,222.0,414.44000244140625
MSFT,MSFT,2028-12-15,2.6191780821917807,C,690.0,0.5097633803168983,26.0,29.6,26.15,0.34944803390502926,2.0,47.0,414.44000244140625
MSFT,MSFT,2028-12-15,2.6191780821917807,C,695.0,0.5169836282903854,25.55,27.9,25.01,0.34433639068603517,2.0,19.0,414.44000244140625
MSFT,MSFT,2028-12-15,2.6191780821917807,C,700.0,0.5241521177689978,25.0,27.6,26.5,0.3455570816040039,14.0,758.0,414.44000244140625
MSFT,MSFT,2028-12-15,2.6191780821917807,C,705.0,0.531269585537862,24.85,26.85,30.18,0.34463393409729004,3.0,110.0,414.44000244140625
MSFT,MSFT,2028-12-15,2.6191780821917807,C,710.0,0.5383367527609544,24.6,27.0,25.62,0.34787639434814455,1.0,70.0,414.44000244140625
MSFT,MSFT,2028-12-15,2.6191780821917807,C,715.0,0.5453543254196009,23.8,25.75,27.1,0.34447371841430663,1.0,19.0,414.44000244140625
MSFT,MSFT,2028-12-15,2.6191780821917807,C,720.0,0.5523229947356942,23.0,25.95,25.4,0.3479069116210937,20.0,507.0,414.44000244140625
MSFT,MSFT,2028-12-15,2.6191780821917807,C,725.0,0.5592434375802681,22.5,24.4,25.15,0.3428791909027099,165.0,1161.0,414.44000244140625
MSFT,MSFT,2028-12-15,2.6191780821917807,C,730.0,0.5661163168680301,22.0,23.95,23.6,0.3430851824951171,399.0,3860.0,414.44000244140625
MSFT,MSFT,2028-12-15,2.6191780821917807,P,185.0,-0.8065723921960819,5.05,6.05,5.2,0.36118192535400384,100.0,558.0,414.44000244140625
MSFT,MSFT,2028-12-15,2.6191780821917807,P,190.0,-0.7799041451139206,3.8,6.35,6.0,0.3552310571289062,2.0,407.0,414.44000244140625
MSFT,MSFT,2028-12-15,2.6191780821917807,P,195.0,-0.75392865871066,5.25,7.6,6.15,0.3619448571777344,3.0,4482.0,414.44000244140625
MSFT,MSFT,2028-12-15,2.6191780821917807,P,200.0,-0.7286108507263701,5.95,7.5,6.55,0.35037881072998034,10.0,171.0,414.44000244140625
MSFT,MSFT,2028-12-15,2.6191780821917807,P,205.0,-0.7039182381359985,5.8,7.7,7.41,0.34287156158447263,18.0,87.0,414.44000244140625
MSFT,MSFT,2028-12-15,2.6191780821917807,P,210.0,-0.6798206865569381,7.45,9.1,8.59,0.34931070617675775,3.0,429.0,414.44000244140625
MSFT,MSFT,2028-12-15,2.6191780821917807,P,215.0,-0.656290189146744,7.05,9.75,8.68,0.3463963066101074,1.0,218.0,414.44000244140625
MSFT,MSFT,2028-12-15,2.6191780821917807,P,220.0,-0.6333006709220451,8.25,10.05,8.92,0.3396367306518554,3.0,1562.0,414.44000244140625
MSFT,MSFT,2028-12-15,2.6191780821917807,P,225.0,-0.6108278150699866,8.6,10.15,9.57,0.33090879058837885,15.0,112.0,414.44000244140625
MSFT,MSFT,2028-12-15,2.6191780821917807,P,230.0,-0.5888489083512113,10.0,10.85,10.0,0.32816223602294914,9.0,1069.0,414.44000244140625
MSFT,MSFT,2028-12-15,2.6191780821917807,P,235.0,-0.5673427031302478,10.6,12.4,12.1,0.3328618960571289,20.0,21.0,414.44000244140625
MSFT,MSFT,2028-12-15,2.6191780821917807,P,240.0,-0.5462892939324153,10.55,12.3,12.03,0.32236395416259755,15.0,662.0,414.44000244140625
MSFT,MSFT,2028-12-15,2.6191780821917807,P,245.0,-0.5256700067296798,12.2,13.7,13.25,0.3247748187255859,1.0,8.0,414.44000244140625
MSFT,MSFT,2028-12-15,2.6191780821917807,P,250.0,-0.5054672994121604,12.9,14.55,13.17,0.32211981597900385,58.0,344.0,414.44000244140625
MSFT,MSFT,2028-12-15,2.6191780821917807,P,255.0,-0.4856646721159806,13.8,15.7,15.3,0.3215247291564941,2.0,4.0,414.44000244140625
MSFT,MSFT,2028-12-15,2.6191780821917807,P,260.0,-0.4662465862588791,14.55,17.45,16.78,0.3248968878173828,1.0,263.0,414.44000244140625
MSFT,MSFT,2028-12-15,2.6191780821917807,P,265.0,-0.4471983912881845,15.45,17.55,17.2,0.31604687866210934,2.0,3.0,414.44000244140625
MSFT,MSFT,2028-12-15,2.6191780821917807,P,270.0,-0.428506258276032,15.5,18.6,17.5,0.3138496350097656,10.0,117.0,414.44000244140625
MSFT,MSFT,2028-12-15,2.6191780821917807,P,275.0,-0.4101571196078354,17.35,19.55,18.35,0.3107521318054199,200.0,206.0,414.44000244140625
MSFT,MSFT,2028-12-15,2.6191780821917807,P,280.0,-0.39213861410515716,18.5,20.4,19.81,0.3068306622314453,15.0,443.0,414.44000244140625
MSFT,MSFT,2028-12-15,2.6191780821917807,P,285.0,-0.37443903700575615,19.65,21.65,20.9,0.30525902267456057,5.0,35.0,414.44000244140625
MSFT,MSFT,2028-12-15,2.6191780821917807,P,290.0,-0.35704729429388704,20.75,22.05,21.0,0.2983163430786132,20.0,463.0,414.44000244140625
MSFT,MSFT,2028-12-15,2.6191780821917807,P,295.0,-0.3399528609345868,21.65,24.3,23.5,0.3022072953796387,1.0,176.0,414.44000244140625
MSFT,MSFT,2028-12-15,2.6191780821917807,P,300.0,-0.32314574261820567,23.15,25.1,23.7,0.2973397903442382,16.0,1233.0,414.44000244140625
MSFT,MSFT,2028-12-15,2.6191780821917807,P,305.0,-0.30661644066699517,24.65,27.0,27.6,0.29843078285217284,5.0,14.0,414.44000244140625
MSFT,MSFT,2028-12-15,2.6191780821917807,P,310.0,-0.2903559197952148,26.1,28.15,29.22,0.29512728805541993,5.0,406.0,414.44000244140625
MSFT,MSFT,2028-12-15,2.6191780821917807,P,315.0,-0.27435557844877373,27.55,28.75,31.25,0.28881021255493156,1.0,33.0,414.44000244140625
MSFT,MSFT,2028-12-15,2.6191780821917807,P,320.0,-0.2586072214806345,28.4,30.25,29.5,0.28705546936035153,68.0,1025.0,414.44000244140625
MSFT,MSFT,2028-12-15,2.6191780821917807,P,325.0,-0.24310303494466928,29.35,32.45,31.1,0.2885508157348632,42.0,22.0,414.44000244140625
MSFT,MSFT,2028-12-15,2.6191780821917807,P,330.0,-0.2278355628138808,32.0,33.95,32.33,0.2862772789001465,41.0,1635.0,414.44000244140625
MSFT,MSFT,2028-12-15,2.6191780821917807,P,335.0,-0.21279768544934033,33.7,35.35,34.78,0.2833323620605468,1.0,4.0,414.44000244140625
MSFT,MSFT,2028-12-15,2.6191780821917807,P,340.0,-0.19798259966419962,34.05,36.6,35.96,0.27952533226013176,220.0,690.0,414.44000244140625
MSFT,MSFT,2028-12-15,2.6191780821917807,P,345.0,-0.18338380024304698,35.85,38.1,40.51,0.2767177431488036,1.0,76.0,414.44000244140625
MSFT,MSFT,2028-12-15,2.6191780821917807,P,350.0,-0.16899506279094745,38.15,40.5,38.95,0.27777058906555174,96.0,1718.0,414.44000244140625
MSFT,MSFT,2028-12-15,2.6191780821917807,P,355.0,-0.15481042779899093,40.35,43.05,42.0,0.27915912498474116,1.0,21.0,414.44000244140625
MSFT,MSFT,2028-12-15,2.6191780821917807,P,360.0,-0.1408241858242511,41.85,44.8,43.55,0.2767864070129394,4.0,625.0,414.44000244140625
MSFT,MSFT,2028-12-15,2.6191780821917807,P,365.0,-0.1270308636919152,43.2,46.25,44.45,0.2729488599395752,1.0,14.0,414.44000244140625
MSFT,MSFT,2028-12-15,2.6191780821917807,P,370.0,-0.11342521163613664,45.65,48.7,46.66,0.27316248085021977,52.0,580.0,414.44000244140625
MSFT,MSFT,2028-12-15,2.6191780821917807,P,375.0,-0.10000219130399589,48.45,50.3,49.4,0.2696072185516357,4.0,149.0,414.44000244140625
MSFT,MSFT,2028-12-15,2.6191780821917807,P,380.0,-0.0867569645539753,48.85,52.8,53.74,0.2695690719604492,189.0,669.0,414.44000244140625
MSFT,MSFT,2028-12-15,2.6191780821917807,P,385.0,-0.07368488298662247,52.45,54.45,53.95,0.26586122329711914,1.0,26.0,414.44000244140625
MSFT,MSFT,2028-12-15,2.6191780821917807,P,390.0,-0.060781478150714635,53.0,58.0,54.77,0.2695690719604492,24.0,481.0,414.44000244140625
MSFT,MSFT,2028-12-15,2.6191780821917807,P,395.0,-0.04804245237328481,56.5,58.95,63.0,0.262725573501587,1.0,7.0,414.44000244140625
MSFT,MSFT,2028-12-15,2.6191780821917807,P,400.0,-0.03546367016642475,57.85,60.75,60.56,0.2591016473388672,19.0,1811.0,414.44000244140625
MSFT,MSFT,2028-12-15,2.6191780821917807,P,405.0,-0.023041150167867647,61.3,63.55,69.15,0.25917794052124027,13.0,25.0,414.44000244140625
MSFT,MSFT,2028-12-15,2.6191780821917807,P,410.0,-0.010771057576053237,63.6,65.7,64.61,0.25653819641113285,16.0,437.0,414.44000244140625
MSFT,MSFT,2028-12-15,2.6191780821917807,P,415.0,0.001350302956291634,64.6,68.25,67.58,0.25524121231079105,1.0,25.0,414.44000244140625
MSFT,MSFT,2028-12-15,2.6191780821917807,P,420.0,0.013326494003007276,67.8,70.75,68.8,0.2535551329803467,17.0,1015.0,414.44000244140625
MSFT,MSFT,2028-12-15,2.6191780821917807,P,425.0,0.025160951650010067,69.55,73.6,71.5,0.2529905634307862,1.0,19.0,414.44000244140625
MSFT,MSFT,2028-12-15,2.6191780821917807,P,430.0,0.0368569914132013,73.3,75.45,74.05,0.24846637771606445,1.0,194.0,414.44000244140625
MSFT,MSFT,2028-12-15,2.6191780821917807,P,435.0,0.04841781381427745,75.5,78.5,76.35,0.24826801544189453,4.0,6.0,414.44000244140625
MSFT,MSFT,2028-12-15,2.6191780821917807,P,440.0,0.059846509637900155,78.7,81.6,80.52,0.2480467652130127,1.0,327.0,414.44000244140625
MSFT,MSFT,2028-12-15,2.6191780821917807,P,445.0,0.07114606489183348,80.5,84.35,82.3,0.24633016860961915,2.0,96.0,414.44000244140625
MSFT,MSFT,2028-12-15,2.6191780821917807,P,450.0,0.08231936548995865,83.7,86.4,85.5,0.24179835357666019,53.0,420.0,414.44000244140625
MSFT,MSFT,2028-12-15,2.6191780821917807,P,455.0,0.09336920167654358,86.0,90.5,93.45,0.2447356410980225,2.0,55.0,414.44000244140625
MSFT,MSFT,2028-12-15,2.6191780821917807,P,460.0,0.10429827220873401,89.0,92.9,91.71,0.24111934425354,220.0,232.0,414.44000244140625
MSFT,MSFT,2028-12-15,2.6191780821917807,P,465.0,0.11510918831294958,92.0,96.5,92.91,0.2418136122131348,1.0,4.0,414.44000244140625
MSFT,MSFT,2028-12-15,2.6191780821917807,P,470.0,0.1258044774296975,95.0,98.1,95.23,0.23478701011657713,92.0,81.0,414.44000244140625
MSFT,MSFT,2028-12-15,2.6191780821917807,P,475.0,0.1363865867602344,98.15,101.95,98.15,0.23604584762573239,2.0,4.0,414.44000244140625
MSFT,MSFT,2028-12-15,2.6191780821917807,P,480.0,0.14685788662752997,101.0,104.7,101.2,0.23294071510314943,7.0,349.0,414.44000244140625
MSFT,MSFT,2028-12-15,2.6191780821917807,P,485.0,0.1572206736630765,104.1,107.9,127.75,0.23134618759155273,,1.0,414.44000244140625
MSFT,MSFT,2028-12-15,2.6191780821917807,P,490.0,0.16747717383026556,107.5,111.2,108.99,0.22994239303588865,2.0,269.0,414.44000244140625
MSFT,MSFT,2028-12-15,2.6191780821917807,P,495.0,0.17762954529428351,111.2,115.0,117.55,0.2302933416748047,,10.0,414.44000244140625
MSFT,MSFT,2028-12-15,2.6191780821917807,P,500.0,0.18767988114778492,114.05,117.5,116.1,0.22535717277526854,14.0,369.0,414.44000244140625
MSFT,MSFT,2028-12-15,2.6191780821917807,P,505.0,0.19763021200095313,117.5,121.0,127.1,0.22413648185729976,1.0,68.0,414.44000244140625
MSFT,MSFT,2028-12-15,2.6191780821917807,P,510.0,0.20748250844396474,121.1,124.5,119.75,0.22271742866516112,160.0,114.0,414.44000244140625
MSFT,MSFT,2028-12-15,2.6191780821917807,P,515.0,0.2172386833893294,122.0,126.5,140.98,0.21492789474487306,10.0,35.0,414.44000244140625
MSFT,MSFT,2028-12-15,2.6191780821917807,P,520.0,0.22690059430106624,128.0,131.55,138.47,0.21949022705078125,36.0,165.0,414.44000244140625
MSFT,MSFT,2028-12-15,2.6191780821917807,P,525.0,0.23647004531721708,131.5,135.5,143.41,0.21934527000427248,5.0,24.0,414.44000244140625
MSFT,MSFT,2028-12-15,2.6191780821917807,P,530.0,0.2459487892717608,135.0,139.5,141.0,0.2192613475036621,52.0,52.0,414.44000244140625
MSFT,MSFT,2028-12-15,2.6191780821917807,P,535.0,0.2553385296215998,139.0,142.4,160.35,0.21422599746704102,1.0,20.0,414.44000244140625
MSFT,MSFT,2028-12-15,2.6191780821917807,P,540.0,0.2646409222839133,142.65,146.4,140.88,0.2137377210998535,2.0,20.0,414.44000244140625
MSFT,MSFT,2028-12-15,2.6191780821917807,P,545.0,0.27385757738883726,146.5,149.85,142.8,0.21057155403137207,35.0,34.0,414.44000244140625
MSFT,MSFT,2028-12-15,2.6191780821917807,P,550.0,0.28299006095210993,150.0,154.0,149.7,0.21038082107543943,11.0,290.0,414.44000244140625
MSFT,MSFT,2028-12-15,2.6191780821917807,P,560.0,0.30100856645478813,158.0,161.6,169.36,0.2061236614990234,4.0,260.0,414.44000244140625
MSFT,MSFT,2028-12-15,2.6191780821917807,P,565.0,0.3098975138720341,162.15,165.9,196.45,0.20610840286254878,1.0,55.0,414.44000244140625
MSFT,MSFT,2028-12-15,2.6191780821917807,P,570.0,0.31870814355418914,166.1,170.4,161.28,0.2069781451416015,1.0,5.0,414.44000244140625
MSFT,MSFT,2028-12-15,2.6191780821917807,P,575.0,0.3274418235229437,170.0,174.0,164.77,0.20302615829467768,30.0,18.0,414.44000244140625
MSFT,MSFT,2028-12-15,2.6191780821917807,P,580.0,0.33609988626605825,174.0,178.5,177.81,0.20357546920776365,42.0,529.0,414.44000244140625
MSFT,MSFT,2028-12-15,2.6191780821917807,P,585.0,0.3446836299574497,178.0,183.0,187.31,0.2040027110290527,2.0,11.0,414.44000244140625
MSFT,MSFT,2028-12-15,2.6191780821917807,P,590.0,0.35319431962535847,182.0,187.0,180.48,0.2014850360107422,96.0,101.0,414.44000244140625
MSFT,MSFT,2028-12-15,2.6191780821917807,P,595.0,0.36163318827122304,186.5,191.5,191.92,0.20161473442077635,1.0,5.0,414.44000244140625
MSFT,MSFT,2028-12-15,2.6191780821917807,P,600.0,0.3700014379417396,190.5,195.5,192.0,0.1985858950805664,45.0,485.0,414.44000244140625
MSFT,MSFT,2028-12-15,2.6191780821917807,P,605.0,0.3783002407564347,195.0,200.0,191.91,0.19835701553344726,1.0,1.0,414.44000244140625
MSFT,MSFT,2028-12-15,2.6191780821917807,P,610.0,0.3865307398929501,199.5,204.5,211.91,0.19799080825805665,4.0,209.0,414.44000244140625
MSFT,MSFT,2028-12-15,2.6191780821917807,P,615.0,0.3946940505321112,204.0,208.5,201.63,0.19409985595703128,4.0,3.0,414.44000244140625
MSFT,MSFT,2028-12-15,2.6191780821917807,P,620.0,0.40279126076473054,208.0,213.0,201.8,0.19329114822387694,2.0,6.0,414.44000244140625
MSFT,MSFT,2028-12-15,2.6191780821917807,P,625.0,0.41082343246199476,212.5,217.5,250.0,0.19229170753479005,10.0,0.0,414.44000244140625
MSFT,MSFT,2028-12-15,2.6191780821917807,P,630.0,0.41879160211117156,217.0,222.0,231.2,0.1910939045715332,2.0,5.0,414.44000244140625
MSFT,MSFT,2028-12-15,2.6191780821917807,P,635.0,0.42669678161828495,216.0,221.0,244.9,0.11524322265625,1.0,0.0,414.44000244140625
MSFT,MSFT,2028-12-15,2.6191780821917807,P,645.0,0.44232209952136575,231.0,236.0,234.0,0.19040726593017582,3.0,250.0,414.44000244140625
MSFT,MSFT,2028-12-15,2.6191780821917807,P,650.0,0.450044145615276,235.5,240.5,238.0,0.18840838455200193,1.0,0.0,414.44000244140625
MSFT,MSFT,2028-12-15,2.6191780821917807,P,660.0,0.46531161774606455,262.0,267.0,251.5,0.2945169425964355,1.0,1.0,414.44000244140625
MSFT,MSFT,2028-12-15,2.6191780821917807,P,670.0,0.480349495110605,268.0,273.0,216.5,0.2795634788513183,1.0,0.0,414.44000244140625
MSFT,MSFT,2028-12-15,2.6191780821917807,P,675.0,0.48778447359812305,277.0,282.0,244.0,0.30264979583740237,,1.0,414.44000244140625
MSFT,MSFT,2028-12-15,2.6191780821917807,P,680.0,0.4951645808957457,264.0,269.0,259.0,0.1866383827209473,1.0,1.0,414.44000244140625
MSFT,MSFT,2028-12-15,2.6191780821917807,P,685.0,0.5024906209878186,282.5,287.5,220.25,0.284614087524414,1.0,0.0,414.44000244140625
MSFT,MSFT,2028-12-15,2.6191780821917807,P,700.0,0.5241521177689978,283.5,288.5,298.0,0.1887898504638672,1.0,1.0,414.44000244140625
MSFT,MSFT,2028-12-15,2.6191780821917807,P,705.0,0.531269585537862,288.5,293.0,330.01,0.18402915588378904,1.0,0.0,414.44000244140625
MSFT,MSFT,2028-12-15,2.6191780821917807,P,710.0,0.5383367527609544,293.5,298.0,307.0,0.1859517440795898,1.0,2.0,414.44000244140625
MSFT,MSFT,2028-12-15,2.6191780821917807,P,720.0,0.5523229947356942,303.5,308.0,307.76,0.18969011001586916,1.0,1.0,414.44000244140625
MSFT,MSFT,2028-12-15,2.6191780821917807,P,725.0,0.5592434375802681,308.5,313.0,312.74,0.1915364050292969,1.0,0.0,414.44000244140625
MSFT,MSFT,2028-12-15,2.6191780821917807,P,730.0,0.5661163168680301,313.5,318.0,317.28,0.19336744140625,42.0,4.0,414.44000244140625
