underlying,equity_ticker,expiration,T,side,strike,log_moneyness,bid,ask,last,iv,volume,open_interest,spot_at_fetch
MSTR,MSTR,2026-05-08,0.010958904109589041,C,50.0,-1.2650867078491843,124.0,130.85,89.0,4.484379394531249,1.0,0.0,177.1699981689453
MSTR,MSTR,2026-05-08,0.010958904109589041,C,60.0,-1.0827651510552299,114.8,120.8,70.2,4.445316943359375,1.0,2.0,177.1699981689453
MSTR,MSTR,2026-05-08,0.010958904109589041,C,65.0,-1.0027224433816935,110.2,114.45,111.0,3.3671890820312496,1.0,20.0,177.1699981689453
MSTR,MSTR,2026-05-08,0.010958904109589041,C,80.0,-0.795083078603449,95.95,98.65,89.16,2.6484408789062504,,60.0,177.1699981689453
MSTR,MSTR,2026-05-08,0.010958904109589041,C,85.0,-0.734458456787014,89.05,95.6,94.13,2.5195349511718748,1.0,3.0,177.1699981689453
MSTR,MSTR,2026-05-08,0.010958904109589041,C,90.0,-0.6773000429470655,85.85,88.65,87.13,2.1523483691406247,21.0,50.0,177.1699981689453
MSTR,MSTR,2026-05-08,0.010958904109589041,C,95.0,-0.6232328216767896,80.8,83.7,82.64,1.9921875390625,3.0,69.0,177.1699981689453
MSTR,MSTR,2026-05-08,0.010958904109589041,C,100.0,-0.571939527289239,75.85,78.65,76.88,1.8437507812499998,2.0,118.0,177.1699981689453
MSTR,MSTR,2026-05-08,0.010958904109589041,C,105.0,-0.5231493631198071,70.9,73.4,66.8,2.6513705590820313,3.0,29.0,177.1699981689453
MSTR,MSTR,2026-05-08,0.010958904109589041,C,110.0,-0.4766293474849142,66.05,68.95,62.69,1.9072270263671878,3.0,23.0,177.1699981689453
MSTR,MSTR,2026-05-08,0.010958904109589041,C,111.0,-0.46757951196499636,64.2,70.05,58.52,2.2841839770507812,1.0,2.0,177.1699981689453
MSTR,MSTR,2026-05-08,0.010958904109589041,C,112.0,-0.4586108419822359,63.2,69.05,63.2,2.247074694824218,,1.0,177.1699981689453
MSTR,MSTR,2026-05-08,0.010958904109589041,C,113.0,-0.44972189456498995,62.2,68.05,20.74,2.2109419726562494,,5.0,177.1699981689453
MSTR,MSTR,2026-05-08,0.010958904109589041,C,115.0,-0.4321775849140805,60.9,64.25,62.73,1.8125009374999999,5.0,10.0,177.1699981689453
MSTR,MSTR,2026-05-08,0.010958904109589041,C,117.0,-0.4149357784795743,58.45,64.05,44.49,2.123051567382812,1.0,3.0,177.1699981689453
MSTR,MSTR,2026-05-08,0.010958904109589041,C,118.0,-0.4064250888116658,57.45,62.65,60.65,1.99609376953125,1.0,0.0,177.1699981689453
MSTR,MSTR,2026-05-08,0.010958904109589041,C,119.0,-0.39798622016580104,56.7,60.5,58.0,1.7060561572265625,1.0,2.0,177.1699981689453
MSTR,MSTR,2026-05-08,0.010958904109589041,C,120.0,-0.38961797049528457,56.05,58.75,57.09,1.509768076171875,1.0,54.0,177.1699981689453
MSTR,MSTR,2026-05-08,0.010958904109589041,C,121.0,-0.3813191676805894,55.0,58.15,43.19,1.626954990234375,1.0,28.0,177.1699981689453
MSTR,MSTR,2026-05-08,0.010958904109589041,C,122.0,-0.37308866854407385,53.7,57.6,55.54,1.6474627001953124,4.0,5.0,177.1699981689453
MSTR,MSTR,2026-05-08,0.010958904109589041,C,123.0,-0.364925357904913,52.35,58.0,51.0,1.8798834130859374,3.0,5.0,177.1699981689453
MSTR,MSTR,2026-05-08,0.010958904109589041,C,124.0,-0.3568281476722936,51.2,56.0,42.11,1.5546897265624997,5.0,15.0,177.1699981689453
MSTR,MSTR,2026-05-08,0.010958904109589041,C,125.0,-0.3487959759750294,51.0,53.6,52.16,1.2578162109375,702.0,177.0,177.1699981689453
MSTR,MSTR,2026-05-08,0.010958904109589041,C,126.0,-0.34082780632585247,50.0,52.85,51.8,1.365237548828125,3.0,67.0,177.1699981689453
MSTR,MSTR,2026-05-08,0.010958904109589041,C,127.0,-0.3329226268187393,48.7,51.95,51.81,1.2382850585937497,2.0,12.0,177.1699981689453
MSTR,MSTR,2026-05-08,0.010958904109589041,C,128.0,-0.3250794493577133,48.0,51.45,47.97,1.5078149609375,13.0,13.0,177.1699981689453
MSTR,MSTR,2026-05-08,0.010958904109589041,C,129.0,-0.3172973089156583,46.05,51.85,29.2,1.5854512915039058,4.0,67.0,177.1699981689453
MSTR,MSTR,2026-05-08,0.010958904109589041,C,130.0,-0.3095752628217481,46.55,48.6,47.51,1.3623078759765623,113.0,2735.0,177.1699981689453
MSTR,MSTR,2026-05-08,0.010958904109589041,C,131.0,-0.30191239007617887,45.05,48.05,28.67,1.3183627832031248,16.0,21.0,177.1699981689453
MSTR,MSTR,2026-05-08,0.010958904109589041,C,132.0,-0.2943077906909597,44.05,47.05,45.95,1.2900426123046875,8.0,15.0,177.1699981689453
MSTR,MSTR,2026-05-08,0.010958904109589041,C,133.0,-0.2867605850555767,43.0,46.05,31.05,1.2470740771484374,4.0,93.0,177.1699981689453
MSTR,MSTR,2026-05-08,0.010958904109589041,C,134.0,-0.2792699133264192,42.1,44.95,44.65,1.21875390625,9.0,32.0,177.1699981689453
MSTR,MSTR,2026-05-08,0.010958904109589041,C,135.0,-0.27183493483890103,41.15,44.1,42.77,1.2490271923828122,27.0,383.0,177.1699981689453
MSTR,MSTR,2026-05-08,0.010958904109589041,C,136.0,-0.2644548275412784,40.0,42.7,41.03,1.0371141894531253,13.0,47.0,177.1699981689453
MSTR,MSTR,2026-05-08,0.010958904109589041,C,137.0,-0.2571287874492056,39.15,42.2,39.36,1.2177773486328123,2.0,47.0,177.1699981689453
MSTR,MSTR,2026-05-08,0.010958904109589041,C,138.0,-0.24985602812012575,38.2,41.05,38.15,1.1650432373046877,11.0,55.0,177.1699981689453
MSTR,MSTR,2026-05-08,0.010958904109589041,C,139.0,-0.24263578014663878,37.0,40.5,37.16,1.1953165234375,7.0,57.0,177.1699981689453
MSTR,MSTR,2026-05-08,0.010958904109589041,C,140.0,-0.23546729066802619,36.45,38.1,37.68,0.8632826171875,135.0,795.0,177.1699981689453
MSTR,MSTR,2026-05-08,0.010958904109589041,C,141.0,-0.22834982289916228,35.2,37.95,36.3,1.056645341796875,18.0,211.0,177.1699981689453
MSTR,MSTR,2026-05-08,0.010958904109589041,C,142.0,-0.22128265567606978,34.1,37.0,36.9,1.0166064794921876,31.0,164.0,177.1699981689453
MSTR,MSTR,2026-05-08,0.010958904109589041,C,143.0,-0.21426508301742317,33.5,35.85,35.75,1.0488328808593752,18.0,125.0,177.1699981689453
MSTR,MSTR,2026-05-08,0.010958904109589041,C,144.0,-0.2072964137013299,32.3,35.1,35.24,1.031743122558594,5.0,30.0,177.1699981689453
MSTR,MSTR,2026-05-08,0.010958904109589041,C,145.0,-0.20037597085675607,32.2,33.35,32.81,1.0336962377929688,123.0,1643.0,177.1699981689453
MSTR,MSTR,2026-05-08,0.010958904109589041,C,146.0,-0.1935030915689941,30.35,33.2,34.05,1.0053760668945313,1.0,80.0,177.1699981689453
MSTR,MSTR,2026-05-08,0.010958904109589041,C,147.0,-0.1866771264985942,29.25,32.2,30.88,0.9580082324218748,283.0,45.0,177.1699981689453
MSTR,MSTR,2026-05-08,0.010958904109589041,C,148.0,-0.17989743951321535,28.85,31.25,30.86,1.0390673046875003,9.0,45.0,177.1699981689453
MSTR,MSTR,2026-05-08,0.010958904109589041,C,149.0,-0.17316340733187136,27.35,29.85,29.15,0.8535170898437501,14.0,114.0,177.1699981689453
MSTR,MSTR,2026-05-08,0.010958904109589041,C,150.0,-0.1664744191810747,27.65,28.35,28.15,0.9643558251953125,584.0,2261.0,177.1699981689453
MSTR,MSTR,2026-05-08,0.010958904109589041,C,152.5,-0.14994511722986412,24.75,26.5,25.16,0.9248054394531251,24.0,200.0,177.1699981689453
MSTR,MSTR,2026-05-08,0.010958904109589041,C,155.0,-0.1336845963580838,22.8,24.7,23.1,0.9899903344726562,191.0,1759.0,177.1699981689453
MSTR,MSTR,2026-05-08,0.010958904109589041,C,157.5,-0.11768425501164267,20.4,21.4,20.57,0.8354508642578123,18.0,173.0,177.1699981689453
MSTR,MSTR,2026-05-08,0.010958904109589041,C,160.0,-0.10193589804350363,18.1,19.2,18.0,0.804689453125,659.0,2109.0,177.1699981689453
MSTR,MSTR,2026-05-08,0.010958904109589041,C,162.5,-0.08643171150753837,16.25,17.3,16.8,0.8271501660156249,255.0,393.0,177.1699981689453
MSTR,MSTR,2026-05-08,0.010958904109589041,C,165.0,-0.07116423937674991,14.5,15.2,14.88,0.8217791259765624,1014.0,2560.0,177.1699981689453
MSTR,MSTR,2026-05-08,0.010958904109589041,C,167.5,-0.0561263620122094,12.5,13.25,12.55,0.7949239257812499,7566.0,19480.0,177.1699981689453
MSTR,MSTR,2026-05-08,0.010958904109589041,C,170.0,-0.041311276227068754,11.05,11.45,11.25,0.7995625512695312,2276.0,19814.0,177.1699981689453
MSTR,MSTR,2026-05-08,0.010958904109589041,C,172.5,-0.026712476805916062,9.55,9.95,9.55,0.8027363476562499,1788.0,774.0,177.1699981689453
MSTR,MSTR,2026-05-08,0.010958904109589041,C,175.0,-0.012323739353816449,8.2,8.4,8.3,0.7956563403320311,6671.0,15503.0,177.1699981689453
MSTR,MSTR,2026-05-08,0.010958904109589041,C,177.5,0.0018608956381401015,7.0,7.2,7.15,0.8011494494628906,6075.0,18724.0,177.1699981689453
MSTR,MSTR,2026-05-08,0.010958904109589041,C,180.0,0.015847137612879886,5.9,6.15,6.0,0.8054218676757812,48360.0,2487.0,177.1699981689453
MSTR,MSTR,2026-05-08,0.010958904109589041,C,182.5,0.029640459745215602,5.0,5.2,5.2,0.8117694604492187,16512.0,1275.0,177.1699981689453
MSTR,MSTR,2026-05-08,0.010958904109589041,C,185.0,0.043246111800994344,4.2,4.35,4.3,0.8159198095703124,4584.0,1922.0,177.1699981689453
MSTR,MSTR,2026-05-08,0.010958904109589041,C,187.5,0.05666913213313493,3.5,3.75,3.65,0.8278825805664061,32149.0,377.0,177.1699981689453
MSTR,MSTR,2026-05-08,0.010958904109589041,C,190.0,0.06991435888315568,3.0,3.15,3.15,0.8403336279296875,28391.0,1651.0,177.1699981689453
MSTR,MSTR,2026-05-08,0.010958904109589041,C,192.5,0.08298644045050835,2.52,2.65,2.56,0.8498550170898438,1431.0,489.0,177.1699981689453
MSTR,MSTR,2026-05-08,0.010958904109589041,C,195.0,0.09588984528641635,2.12,2.23,2.17,0.860352958984375,2397.0,966.0,177.1699981689453
MSTR,MSTR,2026-05-08,0.010958904109589041,C,197.5,0.10862887106384601,1.79,1.88,1.84,0.8715833154296875,547.0,101.0,177.1699981689453
MSTR,MSTR,2026-05-08,0.010958904109589041,C,200.0,0.12120765327070623,1.51,1.6,1.6,0.8842785009765625,7539.0,2784.0,177.1699981689453
MSTR,MSTR,2026-05-08,0.010958904109589041,C,202.5,0.1336301732692633,1.28,1.37,1.33,0.8981943774414061,529.0,127.0,177.1699981689453
MSTR,MSTR,2026-05-08,0.010958904109589041,C,205.0,0.14590026586107774,1.09,1.15,1.14,0.9096688720703124,621.0,459.0,177.1699981689453
MSTR,MSTR,2026-05-08,0.010958904109589041,C,207.5,0.15802162639342246,0.92,1.01,0.99,0.9252937158203125,826.0,208.0,177.1699981689453
MSTR,MSTR,2026-05-08,0.010958904109589041,C,210.0,0.16999781744013825,0.8,0.86,0.83,0.93945373046875,2040.0,582.0,177.1699981689453
MSTR,MSTR,2026-05-08,0.010958904109589041,C,212.5,0.181832275087141,0.67,0.75,0.72,0.9521489160156249,144.0,35.0,177.1699981689453
MSTR,MSTR,2026-05-08,0.010958904109589041,C,215.0,0.19352831485033237,0.59,0.64,0.64,0.96679720703125,1899.0,538.0,177.1699981689453
MSTR,MSTR,2026-05-08,0.010958904109589041,C,217.5,0.2050891372514083,0.49,0.55,0.58,0.9760744580078126,72.0,802.0,177.1699981689453
MSTR,MSTR,2026-05-08,0.010958904109589041,C,220.0,0.21651783307503114,0.45,0.49,0.48,0.99804689453125,1870.0,1923.0,177.1699981689453
MSTR,MSTR,2026-05-08,0.010958904109589041,C,222.5,0.22781738832896442,0.32,0.59,0.45,1.0322314013671878,6.0,81.0,177.1699981689453
MSTR,MSTR,2026-05-08,0.010958904109589041,C,225.0,0.23899068892708972,0.34,0.38,0.38,1.0263720556640625,2545.0,651.0,177.1699981689453
MSTR,MSTR,2026-05-08,0.010958904109589041,C,227.5,0.25004052511367464,0.28,0.58,0.34,1.0996138769531252,503.0,26.0,177.1699981689453
MSTR,MSTR,2026-05-08,0.010958904109589041,C,230.0,0.2609695956458648,0.29,0.32,0.3,1.0703171484375003,1978.0,754.0,177.1699981689453
MSTR,MSTR,2026-05-08,0.010958904109589041,C,232.5,0.2717805117500805,0.12,0.47,0.21,1.1005904345703126,33.0,17.0,177.1699981689453
MSTR,MSTR,2026-05-08,0.010958904109589041,C,235.0,0.2824758008668284,0.08,0.32,0.24,1.0683640332031252,133.0,71.0,177.1699981689453
MSTR,MSTR,2026-05-08,0.010958904109589041,C,237.5,0.29305791019736543,0.2,0.42,0.2,1.1796916015624999,96.0,0.0,177.1699981689453
MSTR,MSTR,2026-05-08,0.010958904109589041,C,240.0,0.30352921006466077,0.1,0.27,0.2,1.12109814453125,617.0,650.0,177.1699981689453
MSTR,MSTR,2026-05-08,0.010958904109589041,C,242.5,0.31389199710020743,0.09,0.28,0.28,1.15234798828125,158.0,0.0,177.1699981689453
MSTR,MSTR,2026-05-08,0.010958904109589041,C,245.0,0.3241484972673965,0.02,0.3,0.15,1.16016044921875,525.0,683.0,177.1699981689453
MSTR,MSTR,2026-05-08,0.010958904109589041,C,250.0,0.3443512045849159,0.1,0.14,0.14,1.173832255859375,1626.0,1833.0,177.1699981689453
MSTR,MSTR,2026-05-08,0.010958904109589041,C,255.0,0.3641538318810956,0.08,0.14,0.1,1.21875390625,56.0,174.0,177.1699981689453
MSTR,MSTR,2026-05-08,0.010958904109589041,C,260.0,0.3835719177381972,0.0,0.13,0.13,1.1953165234375,5.0,31.0,177.1699981689453
MSTR,MSTR,2026-05-08,0.010958904109589041,C,265.0,0.4026201127088917,0.0,0.3,0.08,1.3789093554687497,1.0,125.0,177.1699981689453
MSTR,MSTR,2026-05-08,0.010958904109589041,C,270.0,0.42131224572104425,0.03,0.07,0.06,1.2578162109375,182.0,24.0,177.1699981689453
MSTR,MSTR,2026-05-08,0.010958904109589041,C,275.0,0.4396613843892408,0.0,0.42,0.11,1.5546897265624997,,1.0,177.1699981689453
MSTR,MSTR,2026-05-08,0.010958904109589041,C,280.0,0.45767988989191916,0.03,0.06,0.05,1.3359408203124996,113.0,283.0,177.1699981689453
MSTR,MSTR,2026-05-08,0.010958904109589041,C,285.0,0.47537946699132005,0.0,0.67,0.68,1.7714855175781248,,5.0,177.1699981689453
MSTR,MSTR,2026-05-08,0.010958904109589041,C,290.0,0.4927712097031893,0.01,0.04,0.04,1.3437532812499997,7.0,23.0,177.1699981689453
MSTR,MSTR,2026-05-08,0.010958904109589041,C,300.0,0.5266727613788706,0.01,0.11,0.11,1.5585959570312498,342.0,253.0,177.1699981689453
MSTR,MSTR,2026-05-08,0.010958904109589041,C,310.0,0.5594625842018615,0.0,0.11,0.03,1.625001875,1.0,17.0,177.1699981689453
MSTR,MSTR,2026-05-08,0.010958904109589041,C,330.0,0.6219829411831954,0.01,0.06,0.06,1.7109389453125,2.0,1.0,177.1699981689453
MSTR,MSTR,2026-05-08,0.010958904109589041,C,345.0,0.6664347037540292,0.0,0.02,0.02,1.625001875,14.0,183.0,177.1699981689453
MSTR,MSTR,2026-05-08,0.010958904109589041,P,30.0,-1.7759123316151753,0.0,0.01,0.01,4.2500046875,70.0,2.0,177.1699981689453
MSTR,MSTR,2026-05-08,0.010958904109589041,P,35.0,-1.6217616517879168,0.0,0.01,0.01,3.8750003125,1.0,9.0,177.1699981689453
MSTR,MSTR,2026-05-08,0.010958904109589041,P,40.0,-1.4882302591633942,0.0,0.01,0.02,3.50000125,222.0,260.0,177.1699981689453
MSTR,MSTR,2026-05-08,0.010958904109589041,P,45.0,-1.3704472235070106,0.0,0.01,0.01,3.2500018749999997,3000.0,605.0,177.1699981689453
MSTR,MSTR,2026-05-08,0.010958904109589041,P,50.0,-1.2650867078491843,0.0,0.01,0.01,3.0000025,2250.0,35.0,177.1699981689453
MSTR,MSTR,2026-05-08,0.010958904109589041,P,55.0,-1.1697765280448595,0.0,0.01,0.01,2.750003125,1750.0,636.0,177.1699981689453
MSTR,MSTR,2026-05-08,0.010958904109589041,P,60.0,-1.0827651510552299,0.0,0.01,0.01,2.6250034375,1560.0,616.0,177.1699981689453
MSTR,MSTR,2026-05-08,0.010958904109589041,P,65.0,-1.0027224433816935,0.0,0.04,0.01,2.68750328125,15.0,2503.0,177.1699981689453
MSTR,MSTR,2026-05-08,0.010958904109589041,P,70.0,-0.9286144712279715,0.01,0.02,0.02,2.43750390625,310.0,1914.0,177.1699981689453
MSTR,MSTR,2026-05-08,0.010958904109589041,P,75.0,-0.85962159974102,0.01,0.04,0.02,2.3750040624999995,16.0,3447.0,177.1699981689453
MSTR,MSTR,2026-05-08,0.010958904109589041,P,80.0,-0.795083078603449,0.01,0.03,0.02,2.156254609375,81.0,5754.0,177.1699981689453
MSTR,MSTR,2026-05-08,0.010958904109589041,P,85.0,-0.734458456787014,0.02,0.06,0.03,2.14844212890625,597.0,5604.0,177.1699981689453
MSTR,MSTR,2026-05-08,0.010958904109589041,P,90.0,-0.6773000429470655,0.02,0.07,0.03,2.0156299609375,2344.0,12712.0,177.1699981689453
MSTR,MSTR,2026-05-08,0.010958904109589041,P,95.0,-0.6232328216767896,0.03,0.04,0.04,1.8203133984375,264.0,9802.0,177.1699981689453
MSTR,MSTR,2026-05-08,0.010958904109589041,P,100.0,-0.571939527289239,0.05,0.06,0.05,1.765626171875,3171.0,13458.0,177.1699981689453
MSTR,MSTR,2026-05-08,0.010958904109589041,P,105.0,-0.5231493631198071,0.05,0.09,0.07,1.671876640625,4223.0,2451.0,177.1699981689453
MSTR,MSTR,2026-05-08,0.010958904109589041,P,110.0,-0.4766293474849142,0.05,0.08,0.07,1.5234398828124998,4489.0,3602.0,177.1699981689453
MSTR,MSTR,2026-05-08,0.010958904109589041,P,111.0,-0.46757951196499636,0.05,0.14,0.15,1.5664084179687499,34.0,68.0,177.1699981689453
MSTR,MSTR,2026-05-08,0.010958904109589041,P,112.0,-0.4586108419822359,0.05,0.16,0.15,1.5585959570312498,8.0,158.0,177.1699981689453
MSTR,MSTR,2026-05-08,0.010958904109589041,P,113.0,-0.44972189456498995,0.05,0.19,0.16,1.5585959570312498,119.0,48.0,177.1699981689453
MSTR,MSTR,2026-05-08,0.010958904109589041,P,114.0,-0.440911264882835,0.08,0.12,0.08,1.4960962695312499,267.0,127.0,177.1699981689453
MSTR,MSTR,2026-05-08,0.010958904109589041,P,115.0,-0.4321775849140805,0.06,0.14,0.09,1.46875265625,1342.0,2225.0,177.1699981689453
MSTR,MSTR,2026-05-08,0.010958904109589041,P,116.0,-0.42351952217096583,0.02,0.2,0.23,1.4609401953124999,1.0,65.0,177.1699981689453
MSTR,MSTR,2026-05-08,0.010958904109589041,P,117.0,-0.4149357784795743,0.02,0.18,0.26,1.4179716601562502,53.0,44.0,177.1699981689453
MSTR,MSTR,2026-05-08,0.010958904109589041,P,118.0,-0.4064250888116658,0.03,0.26,0.35,1.4628933105468749,1.0,48.0,177.1699981689453
MSTR,MSTR,2026-05-08,0.010958904109589041,P,119.0,-0.39798622016580104,0.1,0.27,0.11,1.4882838085937498,39.0,45.0,177.1699981689453
MSTR,MSTR,2026-05-08,0.010958904109589041,P,120.0,-0.38961797049528457,0.07,0.15,0.07,1.3554719726562499,2428.0,3033.0,177.1699981689453
MSTR,MSTR,2026-05-08,0.010958904109589041,P,121.0,-0.3813191676805894,0.09,0.23,0.15,1.40234673828125,34.0,127.0,177.1699981689453
MSTR,MSTR,2026-05-08,0.010958904109589041,P,122.0,-0.37308866854407385,0.08,0.38,0.14,1.453127734375,3.0,72.0,177.1699981689453
MSTR,MSTR,2026-05-08,0.010958904109589041,P,123.0,-0.364925357904913,0.07,0.37,0.14,1.4160185449218752,727.0,634.0,177.1699981689453
MSTR,MSTR,2026-05-08,0.010958904109589041,P,124.0,-0.3568281476722936,0.1,0.38,0.32,1.40625296875,12.0,80.0,177.1699981689453
MSTR,MSTR,2026-05-08,0.010958904109589041,P,125.0,-0.3487959759750294,0.14,0.21,0.17,1.3125034374999998,1681.0,1691.0,177.1699981689453
MSTR,MSTR,2026-05-08,0.010958904109589041,P,126.0,-0.34082780632585247,0.11,0.36,0.15,1.3476595117187498,25.0,131.0,177.1699981689453
MSTR,MSTR,2026-05-08,0.010958904109589041,P,127.0,-0.3329226268187393,0.11,0.22,0.18,1.2500037499999999,22.0,181.0,177.1699981689453
MSTR,MSTR,2026-05-08,0.010958904109589041,P,128.0,-0.3250794493577133,0.15,0.29,0.19,1.2793004785156248,17.0,349.0,177.1699981689453
MSTR,MSTR,2026-05-08,0.010958904109589041,P,129.0,-0.3172973089156583,0.18,0.26,0.19,1.25390998046875,255.0,32.0,177.1699981689453
MSTR,MSTR,2026-05-08,0.010958904109589041,P,130.0,-0.3095752628217481,0.18,0.23,0.2,1.2128945605468748,8559.0,2077.0,177.1699981689453
MSTR,MSTR,2026-05-08,0.010958904109589041,P,131.0,-0.30191239007617887,0.17,0.31,0.2,1.2168007910156249,16.0,53.0,177.1699981689453
MSTR,MSTR,2026-05-08,0.010958904109589041,P,132.0,-0.2943077906909597,0.18,0.36,0.23,1.2148476757812499,52.0,564.0,177.1699981689453
MSTR,MSTR,2026-05-08,0.010958904109589041,P,133.0,-0.2867605850555767,0.22,0.43,0.24,1.2265663671875,244.0,221.0,177.1699981689453
MSTR,MSTR,2026-05-08,0.010958904109589041,P,134.0,-0.2792699133264192,0.21,0.43,0.27,1.197269638671875,58.0,123.0,177.1699981689453
MSTR,MSTR,2026-05-08,0.010958904109589041,P,135.0,-0.27183493483890103,0.24,0.3,0.25,1.1347699511718752,1753.0,1734.0,177.1699981689453
MSTR,MSTR,2026-05-08,0.010958904109589041,P,136.0,-0.2644548275412784,0.16,0.38,0.28,1.109379453125,88.0,199.0,177.1699981689453
MSTR,MSTR,2026-05-08,0.010958904109589041,P,137.0,-0.2571287874492056,0.13,0.51,0.36,1.1162153564453123,32.0,170.0,177.1699981689453
MSTR,MSTR,2026-05-08,0.010958904109589041,P,138.0,-0.24985602812012575,0.16,0.47,0.32,1.0859420703125,95.0,299.0,177.1699981689453
MSTR,MSTR,2026-05-08,0.010958904109589041,P,139.0,-0.24263578014663878,0.21,0.35,0.33,1.0371141894531253,69.0,283.0,177.1699981689453
MSTR,MSTR,2026-05-08,0.010958904109589041,P,140.0,-0.23546729066802619,0.29,0.35,0.32,1.0361376318359379,883.0,2707.0,177.1699981689453
MSTR,MSTR,2026-05-08,0.010958904109589041,P,141.0,-0.22834982289916228,0.27,0.54,0.27,1.056645341796875,11.0,127.0,177.1699981689453
MSTR,MSTR,2026-05-08,0.010958904109589041,P,142.0,-0.22128265567606978,0.25,0.45,0.34,1.0009815576171874,79.0,197.0,177.1699981689453
MSTR,MSTR,2026-05-08,0.010958904109589041,P,143.0,-0.21426508301742317,0.29,0.4,0.36,0.971679970703125,193.0,169.0,177.1699981689453
MSTR,MSTR,2026-05-08,0.010958904109589041,P,144.0,-0.2072964137013299,0.38,0.43,0.4,0.975586181640625,24.0,99.0,177.1699981689453
MSTR,MSTR,2026-05-08,0.010958904109589041,P,145.0,-0.20037597085675607,0.42,0.45,0.43,0.96289099609375,672.0,2241.0,177.1699981689453
MSTR,MSTR,2026-05-08,0.010958904109589041,P,146.0,-0.1935030915689941,0.41,0.51,0.48,0.94726615234375,28.0,2513.0,177.1699981689453
MSTR,MSTR,2026-05-08,0.010958904109589041,P,147.0,-0.1866771264985942,0.45,0.55,0.48,0.936524072265625,307.0,238.0,177.1699981689453
MSTR,MSTR,2026-05-08,0.010958904109589041,P,148.0,-0.17989743951321535,0.49,0.56,0.51,0.918946123046875,426.0,835.0,177.1699981689453
MSTR,MSTR,2026-05-08,0.010958904109589041,P,149.0,-0.17316340733187136,0.53,0.58,0.56,0.9023447265625,793.0,149.0,177.1699981689453
MSTR,MSTR,2026-05-08,0.010958904109589041,P,150.0,-0.1664744191810747,0.56,0.63,0.56,0.8891612646484374,2596.0,2483.0,177.1699981689453
MSTR,MSTR,2026-05-08,0.010958904109589041,P,152.5,-0.14994511722986412,0.69,0.78,0.73,0.8632826171875,1350.0,1124.0,177.1699981689453
MSTR,MSTR,2026-05-08,0.010958904109589041,P,155.0,-0.1336845963580838,0.88,0.92,0.9,0.8354508642578123,2346.0,1613.0,177.1699981689453
MSTR,MSTR,2026-05-08,0.010958904109589041,P,157.5,-0.11768425501164267,1.09,1.19,1.16,0.8159198095703124,504.0,951.0,177.1699981689453
MSTR,MSTR,2026-05-08,0.010958904109589041,P,160.0,-0.10193589804350363,1.42,1.51,1.47,0.8020039331054687,6495.0,2101.0,177.1699981689453
MSTR,MSTR,2026-05-08,0.010958904109589041,P,162.5,-0.08643171150753837,1.79,1.94,1.91,0.788088056640625,1141.0,405.0,177.1699981689453
MSTR,MSTR,2026-05-08,0.010958904109589041,P,165.0,-0.07116423937674991,2.35,2.45,2.41,0.7810080493164062,2381.0,1350.0,177.1699981689453
MSTR,MSTR,2026-05-08,0.010958904109589041,P,167.5,-0.0561263620122094,2.99,3.15,3.05,0.7771018383789063,533.0,598.0,177.1699981689453
MSTR,MSTR,2026-05-08,0.010958904109589041,P,170.0,-0.041311276227068754,3.8,3.95,3.9,0.7746604565429689,6757.0,1034.0,177.1699981689453
MSTR,MSTR,2026-05-08,0.010958904109589041,P,172.5,-0.026712476805916062,4.75,4.95,4.84,0.7761252856445313,1423.0,393.0,177.1699981689453
MSTR,MSTR,2026-05-08,0.010958904109589041,P,175.0,-0.012323739353816449,5.9,6.05,6.0,0.778322529296875,2117.0,328.0,177.1699981689453
MSTR,MSTR,2026-05-08,0.010958904109589041,P,177.5,0.0018608956381401015,7.15,7.35,7.28,0.7812521875,1058.0,68.0,177.1699981689453
MSTR,MSTR,2026-05-08,0.010958904109589041,P,180.0,0.015847137612879886,8.4,8.85,8.67,0.7799094274902343,1601.0,651.0,177.1699981689453
MSTR,MSTR,2026-05-08,0.010958904109589041,P,182.5,0.029640459745215602,9.95,10.45,10.72,0.7858908129882812,43.0,33.0,177.1699981689453
MSTR,MSTR,2026-05-08,0.010958904109589041,P,185.0,0.043246111800994344,11.65,12.15,12.0,0.7917501293945313,45.0,96.0,177.1699981689453
MSTR,MSTR,2026-05-08,0.010958904109589041,P,187.5,0.05666913213313493,13.45,14.05,12.91,0.8022480712890624,11.0,4.0,177.1699981689453
MSTR,MSTR,2026-05-08,0.010958904109589041,P,190.0,0.06991435888315568,15.0,16.4,15.62,0.8132342895507811,44.0,197.0,177.1699981689453
MSTR,MSTR,2026-05-08,0.010958904109589041,P,192.5,0.08298644045050835,17.1,18.4,16.35,0.8264177514648436,11.0,23.0,177.1699981689453
MSTR,MSTR,2026-05-08,0.010958904109589041,P,195.0,0.09588984528641635,19.1,20.55,20.2,0.8322770678710936,28.0,6.0,177.1699981689453
MSTR,MSTR,2026-05-08,0.010958904109589041,P,197.5,0.10862887106384601,19.45,24.4,23.0,0.8305681005859374,2.0,0.0,177.1699981689453
MSTR,MSTR,2026-05-08,0.010958904109589041,P,200.0,0.12120765327070623,23.5,25.05,24.55,0.8637708935546875,24.0,38.0,177.1699981689453
MSTR,MSTR,2026-05-08,0.010958904109589041,P,205.0,0.14590026586107774,26.35,31.05,39.15,0.8500991552734375,2.0,2.0,177.1699981689453
MSTR,MSTR,2026-05-08,0.010958904109589041,P,207.5,0.15802162639342246,27.8,34.25,46.77,0.8530288134765626,,4.0,177.1699981689453
MSTR,MSTR,2026-05-08,0.010958904109589041,P,210.0,0.16999781744013825,32.15,34.85,33.57,0.893555751953125,12.0,12.0,177.1699981689453
MSTR,MSTR,2026-05-08,0.010958904109589041,P,220.0,0.21651783307503114,41.8,44.3,54.92,0.8710950390625,1.0,54.0,177.1699981689453
MSTR,MSTR,2026-05-08,0.010958904109589041,P,250.0,0.3443512045849159,70.15,75.6,80.2,1.0468797656250002,,0.0,177.1699981689453
MSTR,MSTR,2026-05-08,0.010958904109589041,P,335.0,0.637020818547736,154.7,160.75,173.05,3.296388477783203,,0.0,177.1699981689453
MSTR,MSTR,2026-05-08,0.010958904109589041,P,340.0,0.6518359043328765,159.7,165.7,178.03,3.3378922802734365,1.0,0.0,177.1699981689453
MSTR,MSTR,2026-05-22,0.049315068493150684,C,60.0,-1.0827651510552299,113.55,121.55,110.8,2.2441450146484367,1.0,1.0,177.1699981689453
MSTR,MSTR,2026-05-22,0.049315068493150684,C,75.0,-0.85962159974102,98.65,106.65,95.13,1.8808599707031248,2.0,9.0,177.1699981689453
MSTR,MSTR,2026-05-22,0.049315068493150684,C,100.0,-0.571939527289239,74.05,82.0,72.0,1.4521511767578126,1.0,19.0,177.1699981689453
MSTR,MSTR,2026-05-22,0.049315068493150684,C,105.0,-0.5231493631198071,70.9,74.45,30.0,1.2177773486328123,,5.0,177.1699981689453
MSTR,MSTR,2026-05-22,0.049315068493150684,C,110.0,-0.4766293474849142,65.5,71.25,31.03,1.3369173779296872,1.0,32.0,177.1699981689453
MSTR,MSTR,2026-05-22,0.049315068493150684,C,111.0,-0.46757951196499636,64.65,70.7,23.78,1.3852569799804684,,44.0,177.1699981689453
MSTR,MSTR,2026-05-22,0.049315068493150684,C,114.0,-0.440911264882835,61.65,67.75,18.7,1.3251986865234373,2.0,5.0,177.1699981689453
MSTR,MSTR,2026-05-22,0.049315068493150684,C,115.0,-0.4321775849140805,60.95,66.8,32.64,1.339114632568359,1.0,4.0,177.1699981689453
MSTR,MSTR,2026-05-22,0.049315068493150684,C,117.0,-0.4149357784795743,58.8,64.8,16.25,1.2812535937499998,2.0,1.0,177.1699981689453
MSTR,MSTR,2026-05-22,0.049315068493150684,C,118.0,-0.4064250888116658,58.4,61.5,30.9,1.0664109179687502,1.0,69.0,177.1699981689453
MSTR,MSTR,2026-05-22,0.049315068493150684,C,119.0,-0.39798622016580104,57.6,61.35,45.6,1.173832255859375,8.0,107.0,177.1699981689453
MSTR,MSTR,2026-05-22,0.049315068493150684,C,120.0,-0.38961797049528457,56.9,59.35,58.25,1.0742233789062503,1.0,69.0,177.1699981689453
MSTR,MSTR,2026-05-22,0.049315068493150684,C,121.0,-0.3813191676805894,55.0,59.35,54.77,1.0673874755859378,1.0,24.0,177.1699981689453
MSTR,MSTR,2026-05-22,0.049315068493150684,C,122.0,-0.37308866854407385,54.05,58.7,16.7,1.0927779736328125,51.0,23.0,177.1699981689453
MSTR,MSTR,2026-05-22,0.049315068493150684,C,123.0,-0.364925357904913,52.95,58.95,44.6,1.1828654138183592,1.0,4.0,177.1699981689453
MSTR,MSTR,2026-05-22,0.049315068493150684,C,124.0,-0.3568281476722936,52.45,56.3,44.05,1.0542039477539062,1.0,34.0,177.1699981689453
MSTR,MSTR,2026-05-22,0.049315068493150684,C,125.0,-0.3487959759750294,51.65,55.25,47.0,1.0500535778808593,1.0,25.0,177.1699981689453
MSTR,MSTR,2026-05-22,0.049315068493150684,C,126.0,-0.34082780632585247,50.05,56.05,42.07,1.1376996240234376,1.0,9.0,177.1699981689453
MSTR,MSTR,2026-05-22,0.049315068493150684,C,127.0,-0.3329226268187393,49.15,53.45,48.52,0.9819337744140625,1.0,21.0,177.1699981689453
MSTR,MSTR,2026-05-22,0.049315068493150684,C,128.0,-0.3250794493577133,48.35,52.6,45.3,0.9973144799804687,2.0,27.0,177.1699981689453
MSTR,MSTR,2026-05-22,0.049315068493150684,C,129.0,-0.3172973089156583,47.6,51.65,44.25,1.0053760668945313,74.0,75.0,177.1699981689453
MSTR,MSTR,2026-05-22,0.049315068493150684,C,130.0,-0.3095752628217481,46.5,50.0,47.77,0.9160164648437501,23.0,101.0,177.1699981689453
MSTR,MSTR,2026-05-22,0.049315068493150684,C,131.0,-0.30191239007617887,45.45,49.6,47.55,0.9497075341796875,40.0,24.0,177.1699981689453
MSTR,MSTR,2026-05-22,0.049315068493150684,C,132.0,-0.2943077906909597,44.5,48.75,46.49,0.9479985668945312,44.0,15.0,177.1699981689453
MSTR,MSTR,2026-05-22,0.049315068493150684,C,133.0,-0.2867605850555767,43.6,47.55,45.16,0.9204109521484375,44.0,78.0,177.1699981689453
MSTR,MSTR,2026-05-22,0.049315068493150684,C,134.0,-0.2792699133264192,42.85,46.85,43.76,0.9460454614257812,40.0,24.0,177.1699981689453
MSTR,MSTR,2026-05-22,0.049315068493150684,C,135.0,-0.27183493483890103,42.45,45.25,44.38,0.9267585449218749,45.0,169.0,177.1699981689453
MSTR,MSTR,2026-05-22,0.049315068493150684,C,136.0,-0.2644548275412784,41.05,44.7,41.54,0.911133701171875,40.0,154.0,177.1699981689453
MSTR,MSTR,2026-05-22,0.049315068493150684,C,137.0,-0.2571287874492056,40.15,43.95,40.37,0.9172371557617188,40.0,38.0,177.1699981689453
MSTR,MSTR,2026-05-22,0.049315068493150684,C,138.0,-0.24985602812012575,39.1,43.05,40.25,0.901368173828125,45.0,12.0,177.1699981689453
MSTR,MSTR,2026-05-22,0.049315068493150684,C,139.0,-0.24263578014663878,38.3,41.95,40.13,0.8886729882812499,60.0,233.0,177.1699981689453
MSTR,MSTR,2026-05-22,0.049315068493150684,C,140.0,-0.23546729066802619,37.35,40.95,40.29,0.8725598681640624,108.0,273.0,177.1699981689453
MSTR,MSTR,2026-05-22,0.049315068493150684,C,141.0,-0.22834982289916228,36.45,40.3,39.95,0.8818371191406249,107.0,14.0,177.1699981689453
MSTR,MSTR,2026-05-22,0.049315068493150684,C,142.0,-0.22128265567606978,35.85,39.5,37.35,0.8984385156249999,77.0,33.0,177.1699981689453
MSTR,MSTR,2026-05-22,0.049315068493150684,C,143.0,-0.21426508301742317,34.95,38.2,36.65,0.8664564135742188,81.0,14.0,177.1699981689453
MSTR,MSTR,2026-05-22,0.049315068493150684,C,144.0,-0.2072964137013299,34.0,37.45,34.12,0.8635267553710937,61.0,18.0,177.1699981689453
MSTR,MSTR,2026-05-22,0.049315068493150684,C,145.0,-0.20037597085675607,33.5,36.25,34.56,0.8601088208007812,84.0,482.0,177.1699981689453
MSTR,MSTR,2026-05-22,0.049315068493150684,C,146.0,-0.1935030915689941,31.75,35.1,33.19,0.7893087475585938,55.0,35.0,177.1699981689453
MSTR,MSTR,2026-05-22,0.049315068493150684,C,147.0,-0.1866771264985942,31.45,34.2,32.7,0.8139667041015625,41.0,23.0,177.1699981689453
MSTR,MSTR,2026-05-22,0.049315068493150684,C,148.0,-0.17989743951321535,30.5,33.4,31.89,0.8068866967773438,25.0,25.0,177.1699981689453
MSTR,MSTR,2026-05-22,0.049315068493150684,C,149.0,-0.17316340733187136,29.35,32.7,32.94,0.7941915112304687,5.0,9.0,177.1699981689453
MSTR,MSTR,2026-05-22,0.049315068493150684,C,150.0,-0.1664744191810747,28.7,30.9,30.1,0.7507349145507812,22.0,370.0,177.1699981689453
MSTR,MSTR,2026-05-22,0.049315068493150684,C,152.5,-0.14994511722986412,26.4,30.35,30.37,0.801637725830078,3.0,36.0,177.1699981689453
MSTR,MSTR,2026-05-22,0.049315068493150684,C,155.0,-0.1336845963580838,24.85,27.35,25.93,0.7669701037597658,51.0,352.0,177.1699981689453
MSTR,MSTR,2026-05-22,0.049315068493150684,C,157.5,-0.11768425501164267,23.1,25.55,24.05,0.7707542456054688,14.0,57.0,177.1699981689453
MSTR,MSTR,2026-05-22,0.049315068493150684,C,160.0,-0.10193589804350363,21.4,22.95,21.87,0.7402369726562499,93.0,1901.0,177.1699981689453
MSTR,MSTR,2026-05-22,0.049315068493150684,C,162.5,-0.08643171150753837,19.45,21.5,21.5,0.7395045581054687,7.0,50.0,177.1699981689453
MSTR,MSTR,2026-05-22,0.049315068493150684,C,165.0,-0.07116423937674991,18.3,19.5,19.6,0.7418238708496092,131.0,533.0,177.1699981689453
MSTR,MSTR,2026-05-22,0.049315068493150684,C,167.5,-0.0561263620122094,16.5,18.1,17.5,0.7369411071777343,12.0,58.0,177.1699981689453
MSTR,MSTR,2026-05-22,0.049315068493150684,C,170.0,-0.041311276227068754,14.8,16.8,15.9,0.7334011035156249,138.0,693.0,177.1699981689453
MSTR,MSTR,2026-05-22,0.049315068493150684,C,172.5,-0.026712476805916062,13.7,15.45,15.47,0.7418238708496092,18.0,64.0,177.1699981689453
MSTR,MSTR,2026-05-22,0.049315068493150684,C,175.0,-0.012323739353816449,12.85,13.8,13.4,0.7434107690429688,235.0,1353.0,177.1699981689453
MSTR,MSTR,2026-05-22,0.049315068493150684,C,177.5,0.0018608956381401015,11.7,12.85,11.9,0.7520776745605469,218.0,52.0,177.1699981689453
MSTR,MSTR,2026-05-22,0.049315068493150684,C,180.0,0.015847137612879886,10.65,11.0,10.9,0.7316921362304687,346.0,865.0,177.1699981689453
MSTR,MSTR,2026-05-22,0.049315068493150684,C,182.5,0.029640459745215602,9.7,10.25,10.55,0.7428004235839842,68.0,118.0,177.1699981689453
MSTR,MSTR,2026-05-22,0.049315068493150684,C,185.0,0.043246111800994344,8.8,9.2,9.05,0.7418238708496092,287.0,686.0,177.1699981689453
MSTR,MSTR,2026-05-22,0.049315068493150684,C,187.5,0.05666913213313493,7.95,8.45,8.7,0.747072841796875,55.0,55.0,177.1699981689453
MSTR,MSTR,2026-05-22,0.049315068493150684,C,190.0,0.06991435888315568,7.2,7.65,7.21,0.7497583618164063,151.0,1231.0,177.1699981689453
MSTR,MSTR,2026-05-22,0.049315068493150684,C,192.5,0.08298644045050835,6.45,6.95,6.71,0.7514673291015624,14.0,36.0,177.1699981689453
MSTR,MSTR,2026-05-22,0.049315068493150684,C,195.0,0.09588984528641635,5.85,6.3,6.0,0.7557397473144531,513.0,611.0,177.1699981689453
MSTR,MSTR,2026-05-22,0.049315068493150684,C,197.5,0.10862887106384601,5.2,5.75,5.51,0.757936990966797,22.0,19.0,177.1699981689453
MSTR,MSTR,2026-05-22,0.049315068493150684,C,200.0,0.12120765327070623,4.75,5.15,5.15,0.7615990637207033,517.0,745.0,177.1699981689453
MSTR,MSTR,2026-05-22,0.049315068493150684,C,205.0,0.14590026586107774,3.85,4.3,4.1,0.7718528674316407,245.0,368.0,177.1699981689453
MSTR,MSTR,2026-05-22,0.049315068493150684,C,210.0,0.16999781744013825,3.15,3.65,3.3,0.7858908129882812,166.0,362.0,177.1699981689453
MSTR,MSTR,2026-05-22,0.049315068493150684,C,215.0,0.19352831485033237,2.65,3.1,2.91,0.8024922094726561,53.0,138.0,177.1699981689453
MSTR,MSTR,2026-05-22,0.049315068493150684,C,220.0,0.21651783307503114,2.22,2.62,2.55,0.8166522241210936,81.0,155.0,177.1699981689453
MSTR,MSTR,2026-05-22,0.049315068493150684,C,225.0,0.23899068892708972,1.87,2.28,2.17,0.8342301733398436,265.0,110.0,177.1699981689453
MSTR,MSTR,2026-05-22,0.049315068493150684,C,230.0,0.2609695956458648,1.53,1.84,1.59,0.8381363842773437,22.0,360.0,177.1699981689453
MSTR,MSTR,2026-05-22,0.049315068493150684,C,235.0,0.2824758008668284,1.39,1.64,1.5,0.8635267553710937,108.0,193.0,177.1699981689453
MSTR,MSTR,2026-05-22,0.049315068493150684,C,240.0,0.30352921006466077,1.17,1.45,1.3,0.8789074609374999,32.0,556.0,177.1699981689453
MSTR,MSTR,2026-05-22,0.049315068493150684,C,245.0,0.3241484972673965,1.02,1.3,1.35,0.8979502392578124,2.0,33.0,177.1699981689453
MSTR,MSTR,2026-05-22,0.049315068493150684,C,250.0,0.3443512045849159,0.9,1.09,0.9,0.9094247338867187,132.0,156.0,177.1699981689453
MSTR,MSTR,2026-05-22,0.049315068493150684,C,255.0,0.3641538318810956,0.72,1.04,1.0,0.9257819921875,6.0,87.0,177.1699981689453
MSTR,MSTR,2026-05-22,0.049315068493150684,C,260.0,0.3835719177381972,0.56,0.9,0.85,0.929688203125,17.0,62.0,177.1699981689453
MSTR,MSTR,2026-05-22,0.049315068493150684,C,265.0,0.4026201127088917,0.51,0.9,0.77,0.9594730615234374,59.0,27.0,177.1699981689453
MSTR,MSTR,2026-05-22,0.049315068493150684,C,270.0,0.42131224572104425,0.43,0.83,0.67,0.97460962890625,1.0,82.0,177.1699981689453
MSTR,MSTR,2026-05-22,0.049315068493150684,C,275.0,0.4396613843892408,0.37,0.79,0.6,0.9941406835937501,6.0,12.0,177.1699981689453
MSTR,MSTR,2026-05-22,0.049315068493150684,C,280.0,0.45767988989191916,0.36,0.6,0.55,0.9946289599609376,52.0,50.0,177.1699981689453
MSTR,MSTR,2026-05-22,0.049315068493150684,C,285.0,0.47537946699132005,0.25,1.02,0.65,1.0737351000976565,51.0,101.0,177.1699981689453
MSTR,MSTR,2026-05-22,0.049315068493150684,C,290.0,0.4927712097031893,0.2,1.49,0.37,1.1611370068359377,1.0,19.0,177.1699981689453
MSTR,MSTR,2026-05-22,0.049315068493150684,C,295.0,0.5098656430624894,0.0,2.0,0.54,1.2294960400390624,,1.0,177.1699981689453
MSTR,MSTR,2026-05-22,0.049315068493150684,C,300.0,0.5266727613788706,0.31,0.54,0.39,1.0927779736328125,159.0,91.0,177.1699981689453
MSTR,MSTR,2026-05-22,0.049315068493150684,C,305.0,0.5432020633300811,0.0,3.6,0.87,1.4477566674804687,1.0,2.0,177.1699981689453
MSTR,MSTR,2026-05-22,0.049315068493150684,C,310.0,0.5594625842018615,0.0,3.85,0.34,1.5007349182128906,2.0,7.0,177.1699981689453
MSTR,MSTR,2026-05-22,0.049315068493150684,C,315.0,0.5754629255483026,0.02,0.8,0.86,1.1679729101562502,1.0,14.0,177.1699981689453
MSTR,MSTR,2026-05-22,0.049315068493150684,C,320.0,0.5912112825164417,0.0,3.0,0.55,1.486330693359375,1.0,1.0,177.1699981689453
MSTR,MSTR,2026-05-22,0.049315068493150684,C,330.0,0.6219829411831954,0.08,0.5,0.3,1.185550947265625,30.0,19.0,177.1699981689453
MSTR,MSTR,2026-05-22,0.049315068493150684,C,340.0,0.6518359043328765,0.08,4.9,0.45,1.7719737963867184,2.0,4.0,177.1699981689453
MSTR,MSTR,2026-05-22,0.049315068493150684,C,345.0,0.6664347037540292,0.07,0.52,0.2,1.2587927685546876,101.0,66.0,177.1699981689453
MSTR,MSTR,2026-05-22,0.049315068493150684,P,35.0,-1.6217616517879168,0.0,5.95,0.02,4.9501991247558585,3.0,70.0,177.1699981689453
MSTR,MSTR,2026-05-22,0.049315068493150684,P,40.0,-1.4882302591633942,0.0,0.65,0.05,2.972658818359375,4.0,28.0,177.1699981689453
MSTR,MSTR,2026-05-22,0.049315068493150684,P,45.0,-1.3704472235070106,0.0,0.64,0.04,2.7382844042968753,26.0,39.0,177.1699981689453
MSTR,MSTR,2026-05-22,0.049315068493150684,P,50.0,-1.2650867078491843,0.03,0.21,0.15,2.2265669335937495,149.0,118.0,177.1699981689453
MSTR,MSTR,2026-05-22,0.049315068493150684,P,55.0,-1.1697765280448595,0.0,0.46,0.07,2.2460981347656244,2.0,56.0,177.1699981689453
MSTR,MSTR,2026-05-22,0.049315068493150684,P,60.0,-1.0827651510552299,0.0,0.15,0.1,1.8203133984375,12.0,140.0,177.1699981689453
MSTR,MSTR,2026-05-22,0.049315068493150684,P,65.0,-1.0027224433816935,0.05,0.16,0.12,1.7578137109375,5.0,520.0,177.1699981689453
MSTR,MSTR,2026-05-22,0.049315068493150684,P,70.0,-0.9286144712279715,0.0,0.23,0.1,1.65234548828125,48.0,386.0,177.1699981689453
MSTR,MSTR,2026-05-22,0.049315068493150684,P,75.0,-0.85962159974102,0.09,0.16,0.16,1.5527366113281247,18.0,206.0,177.1699981689453
MSTR,MSTR,2026-05-22,0.049315068493150684,P,80.0,-0.795083078603449,0.12,0.2,0.16,1.4902369238281248,19.0,282.0,177.1699981689453
MSTR,MSTR,2026-05-22,0.049315068493150684,P,85.0,-0.734458456787014,0.14,0.24,0.23,1.4179716601562502,13.0,245.0,177.1699981689453
MSTR,MSTR,2026-05-22,0.049315068493150684,P,90.0,-0.6773000429470655,0.18,0.37,0.27,1.3886749316406248,1.0,464.0,177.1699981689453
MSTR,MSTR,2026-05-22,0.049315068493150684,P,95.0,-0.6232328216767896,0.21,0.4,0.34,1.3085972070312497,14.0,850.0,177.1699981689453
MSTR,MSTR,2026-05-22,0.049315068493150684,P,100.0,-0.571939527289239,0.31,0.43,0.34,1.2500037499999999,121.0,1968.0,177.1699981689453
MSTR,MSTR,2026-05-22,0.049315068493150684,P,105.0,-0.5231493631198071,0.32,0.54,0.45,1.1845743896484375,203.0,2070.0,177.1699981689453
MSTR,MSTR,2026-05-22,0.049315068493150684,P,110.0,-0.4766293474849142,0.46,0.56,0.52,1.1259809326171877,216.0,2254.0,177.1699981689453
MSTR,MSTR,2026-05-22,0.049315068493150684,P,111.0,-0.46757951196499636,0.32,0.76,0.6,1.1186567504882814,1.0,30.0,177.1699981689453
MSTR,MSTR,2026-05-22,0.049315068493150684,P,112.0,-0.4586108419822359,0.11,1.07,0.94,1.1181684716796876,1.0,9.0,177.1699981689453
MSTR,MSTR,2026-05-22,0.049315068493150684,P,113.0,-0.44972189456498995,0.34,0.8,0.95,1.0927779736328125,1.0,103.0,177.1699981689453
MSTR,MSTR,2026-05-22,0.049315068493150684,P,114.0,-0.440911264882835,0.39,0.71,1.23,1.0673874755859378,5.0,18.0,177.1699981689453
MSTR,MSTR,2026-05-22,0.049315068493150684,P,115.0,-0.4321775849140805,0.56,0.66,0.62,1.0698288696289064,262.0,1624.0,177.1699981689453
MSTR,MSTR,2026-05-22,0.049315068493150684,P,116.0,-0.42351952217096583,0.28,1.05,0.63,1.0693405908203126,2.0,399.0,177.1699981689453
MSTR,MSTR,2026-05-22,0.049315068493150684,P,117.0,-0.4149357784795743,0.45,0.87,0.72,1.049321159667969,1.0,46.0,177.1699981689453
MSTR,MSTR,2026-05-22,0.049315068493150684,P,118.0,-0.4064250888116658,0.45,1.08,0.78,1.0620164086914063,2.0,45.0,177.1699981689453
MSTR,MSTR,2026-05-22,0.049315068493150684,P,119.0,-0.39798622016580104,0.61,0.95,0.7,1.0478563232421876,7.0,27.0,177.1699981689453
MSTR,MSTR,2026-05-22,0.049315068493150684,P,120.0,-0.38961797049528457,0.62,0.79,0.73,1.0083057397460937,316.0,1705.0,177.1699981689453
MSTR,MSTR,2026-05-22,0.049315068493150684,P,121.0,-0.3813191676805894,0.61,0.84,0.8,0.9960937890625,20.0,57.0,177.1699981689453
MSTR,MSTR,2026-05-22,0.049315068493150684,P,122.0,-0.37308866854407385,0.64,1.01,1.15,1.0043995092773437,1.0,17.0,177.1699981689453
MSTR,MSTR,2026-05-22,0.049315068493150684,P,123.0,-0.364925357904913,0.66,1.0,1.18,0.9877930908203125,2.0,15.0,177.1699981689453
MSTR,MSTR,2026-05-22,0.049315068493150684,P,124.0,-0.3568281476722936,0.68,0.93,0.93,0.96289099609375,2.0,26.0,177.1699981689453
MSTR,MSTR,2026-05-22,0.049315068493150684,P,125.0,-0.3487959759750294,0.75,0.92,0.87,0.9526371923828124,132.0,710.0,177.1699981689453
MSTR,MSTR,2026-05-22,0.049315068493150684,P,126.0,-0.34082780632585247,0.74,1.1,1.63,0.9545902978515625,1.0,29.0,177.1699981689453
MSTR,MSTR,2026-05-22,0.049315068493150684,P,127.0,-0.3329226268187393,0.76,1.12,1.08,0.9411626977539063,1.0,47.0,177.1699981689453
MSTR,MSTR,2026-05-22,0.049315068493150684,P,128.0,-0.3250794493577133,0.8,1.15,1.09,0.930664755859375,1.0,29.0,177.1699981689453
MSTR,MSTR,2026-05-22,0.049315068493150684,P,129.0,-0.3172973089156583,0.83,1.26,2.8,0.9274909594726561,1.0,6.0,177.1699981689453
MSTR,MSTR,2026-05-22,0.049315068493150684,P,130.0,-0.3095752628217481,0.92,1.09,0.97,0.9008798974609374,24.0,769.0,177.1699981689453
MSTR,MSTR,2026-05-22,0.049315068493150684,P,131.0,-0.30191239007617887,0.94,1.31,2.37,0.9069833520507812,3.0,10.0,177.1699981689453
MSTR,MSTR,2026-05-22,0.049315068493150684,P,132.0,-0.2943077906909597,0.98,1.28,1.04,0.8896495410156249,12.0,37.0,177.1699981689453
MSTR,MSTR,2026-05-22,0.049315068493150684,P,133.0,-0.2867605850555767,1.05,1.27,1.13,0.8771984936523438,2.0,142.0,177.1699981689453
MSTR,MSTR,2026-05-22,0.049315068493150684,P,134.0,-0.2792699133264192,1.09,1.38,2.58,0.8725598681640624,4.0,239.0,177.1699981689453
MSTR,MSTR,2026-05-22,0.049315068493150684,P,135.0,-0.27183493483890103,1.2,1.29,1.27,0.8559584716796875,292.0,880.0,177.1699981689453
MSTR,MSTR,2026-05-22,0.049315068493150684,P,136.0,-0.2644548275412784,1.19,1.45,1.3,0.850587431640625,6.0,39.0,177.1699981689453
MSTR,MSTR,2026-05-22,0.049315068493150684,P,137.0,-0.2571287874492056,1.21,1.75,3.41,0.8579115771484375,1.0,18.0,177.1699981689453
MSTR,MSTR,2026-05-22,0.049315068493150684,P,138.0,-0.24985602812012575,1.29,1.59,1.49,0.8330094824218748,1.0,47.0,177.1699981689453
MSTR,MSTR,2026-05-22,0.049315068493150684,P,139.0,-0.24263578014663878,1.35,1.86,2.69,0.8393570751953124,22.0,155.0,177.1699981689453
MSTR,MSTR,2026-05-22,0.049315068493150684,P,140.0,-0.23546729066802619,1.47,1.66,1.56,0.8149432568359375,154.0,1199.0,177.1699981689453
MSTR,MSTR,2026-05-22,0.049315068493150684,P,141.0,-0.22834982289916228,1.52,1.79,4.65,0.8090839404296875,2.0,33.0,177.1699981689453
MSTR,MSTR,2026-05-22,0.049315068493150684,P,142.0,-0.22128265567606978,1.6,1.87,2.07,0.8012715185546875,2.0,182.0,177.1699981689453
MSTR,MSTR,2026-05-22,0.049315068493150684,P,143.0,-0.21426508301742317,1.73,1.94,1.79,0.795900478515625,7.0,89.0,177.1699981689453
MSTR,MSTR,2026-05-22,0.049315068493150684,P,144.0,-0.2072964137013299,1.81,2.03,2.02,0.7875997802734375,27.0,25.0,177.1699981689453
MSTR,MSTR,2026-05-22,0.049315068493150684,P,145.0,-0.20037597085675607,1.9,2.18,1.97,0.7834494311523439,56.0,1104.0,177.1699981689453
MSTR,MSTR,2026-05-22,0.049315068493150684,P,146.0,-0.1935030915689941,1.99,2.31,4.23,0.7771018383789063,1.0,76.0,177.1699981689453
MSTR,MSTR,2026-05-22,0.049315068493150684,P,147.0,-0.1866771264985942,2.06,2.55,4.28,0.7753928710937501,3.0,100.0,177.1699981689453
MSTR,MSTR,2026-05-22,0.049315068493150684,P,148.0,-0.17989743951321535,2.18,2.66,2.4,0.7685570019531252,3.0,58.0,177.1699981689453
MSTR,MSTR,2026-05-22,0.049315068493150684,P,149.0,-0.17316340733187136,2.32,2.82,4.7,0.764650791015625,4.0,17.0,177.1699981689453
MSTR,MSTR,2026-05-22,0.049315068493150684,P,150.0,-0.1664744191810747,2.52,2.83,2.66,0.7553735400390625,321.0,1592.0,177.1699981689453
MSTR,MSTR,2026-05-22,0.049315068493150684,P,152.5,-0.14994511722986412,2.94,3.3,2.85,0.7478052563476563,7.0,40.0,177.1699981689453
MSTR,MSTR,2026-05-22,0.049315068493150684,P,155.0,-0.1336845963580838,3.4,3.75,3.6,0.73633076171875,159.0,1400.0,177.1699981689453
MSTR,MSTR,2026-05-22,0.049315068493150684,P,157.5,-0.11768425501164267,3.95,4.4,3.75,0.7321804125976561,63.0,58.0,177.1699981689453
MSTR,MSTR,2026-05-22,0.049315068493150684,P,160.0,-0.10193589804350363,4.6,5.0,4.8,0.7246121289062499,188.0,1312.0,177.1699981689453
MSTR,MSTR,2026-05-22,0.049315068493150684,P,162.5,-0.08643171150753837,5.2,5.85,5.95,0.7193631579589843,6.0,38.0,177.1699981689453
MSTR,MSTR,2026-05-22,0.049315068493150684,P,165.0,-0.07116423937674991,6.05,6.55,6.55,0.7124052197265626,154.0,1160.0,177.1699981689453
MSTR,MSTR,2026-05-22,0.049315068493150684,P,167.5,-0.0561263620122094,7.0,7.45,7.43,0.7102079760742188,30.0,41.0,177.1699981689453
MSTR,MSTR,2026-05-22,0.049315068493150684,P,170.0,-0.041311276227068754,8.0,8.45,8.2,0.7075224560546876,286.0,1231.0,177.1699981689453
MSTR,MSTR,2026-05-22,0.049315068493150684,P,172.5,-0.026712476805916062,9.05,9.55,9.4,0.704226590576172,8.0,45.0,177.1699981689453
MSTR,MSTR,2026-05-22,0.049315068493150684,P,175.0,-0.012323739353816449,10.45,10.75,10.55,0.7094755615234375,179.0,903.0,177.1699981689453
MSTR,MSTR,2026-05-22,0.049315068493150684,P,177.5,0.0018608956381401015,11.6,12.1,11.3,0.7064238342285156,143.0,18.0,177.1699981689453
MSTR,MSTR,2026-05-22,0.049315068493150684,P,180.0,0.015847137612879886,12.85,13.5,13.44,0.7027617614746093,153.0,617.0,177.1699981689453
MSTR,MSTR,2026-05-22,0.049315068493150684,P,182.5,0.029640459745215602,14.25,15.05,14.2,0.70312796875,1.0,26.0,177.1699981689453
MSTR,MSTR,2026-05-22,0.049315068493150684,P,185.0,0.043246111800994344,15.75,16.65,15.9,0.703250037841797,3.0,92.0,177.1699981689453
MSTR,MSTR,2026-05-22,0.049315068493150684,P,187.5,0.05666913213313493,16.65,19.2,16.83,0.7094755615234375,2.0,1.0,177.1699981689453
MSTR,MSTR,2026-05-22,0.049315068493150684,P,190.0,0.06991435888315568,19.05,20.85,20.25,0.7304714453125,36.0,34.0,177.1699981689453
MSTR,MSTR,2026-05-22,0.049315068493150684,P,192.5,0.08298644045050835,20.5,22.65,25.7,0.721804539794922,,15.0,177.1699981689453
MSTR,MSTR,2026-05-22,0.049315068493150684,P,195.0,0.09588984528641635,22.4,24.35,36.87,0.7199735034179688,1.0,27.0,177.1699981689453
MSTR,MSTR,2026-05-22,0.049315068493150684,P,197.5,0.10862887106384601,23.9,26.8,35.14,0.7261990270996093,,1.0,177.1699981689453
MSTR,MSTR,2026-05-22,0.049315068493150684,P,200.0,0.12120765327070623,26.5,28.45,26.9,0.7396266271972656,17.0,71.0,177.1699981689453
MSTR,MSTR,2026-05-22,0.049315068493150684,P,205.0,0.14590026586107774,29.95,32.9,33.95,0.7337673107910156,2.0,6.0,177.1699981689453
MSTR,MSTR,2026-05-22,0.049315068493150684,P,210.0,0.16999781744013825,34.55,36.8,35.94,0.7371852453613281,16.0,17.0,177.1699981689453
MSTR,MSTR,2026-05-22,0.049315068493150684,P,215.0,0.19352831485033237,37.7,43.3,42.86,0.7832052929687501,2.0,3.0,177.1699981689453
MSTR,MSTR,2026-05-22,0.049315068493150684,P,220.0,0.21651783307503114,43.0,46.35,49.38,0.7541528491210938,1.0,0.0,177.1699981689453
MSTR,MSTR,2026-05-22,0.049315068493150684,P,225.0,0.23899068892708972,47.1,52.3,95.64,0.8103046313476561,,1.0,177.1699981689453
MSTR,MSTR,2026-05-22,0.049315068493150684,P,245.0,0.3241484972673965,64.85,70.95,68.74,0.5722699023437501,,1.0,177.1699981689453
MSTR,MSTR,2026-05-22,0.049315068493150684,P,260.0,0.3835719177381972,79.55,85.65,83.17,1.2557410260009765,1.0,1.0,177.1699981689453
MSTR,MSTR,2026-05-22,0.049315068493150684,P,270.0,0.42131224572104425,91.45,94.8,93.06,0.8632826171875,,50.0,177.1699981689453
MSTR,MSTR,2026-06-12,0.10684931506849316,C,140.0,-0.23546729066802619,37.8,43.1,39.63,0.7183866052246093,4.0,9.0,177.1699981689453
MSTR,MSTR,2026-06-12,0.10684931506849316,C,144.0,-0.2072964137013299,34.45,42.35,37.38,0.791139783935547,2.0,0.0,177.1699981689453
MSTR,MSTR,2026-06-12,0.10684931506849316,C,145.0,-0.20037597085675607,33.1,42.0,37.23,0.7840597766113282,3.0,0.0,177.1699981689453
MSTR,MSTR,2026-06-12,0.10684931506849316,C,146.0,-0.1935030915689941,32.95,40.75,34.87,0.786012882080078,2.0,0.0,177.1699981689453
MSTR,MSTR,2026-06-12,0.10684931506849316,C,150.0,-0.1664744191810747,31.3,36.1,33.6,0.7681907946777344,17.0,3.0,177.1699981689453
MSTR,MSTR,2026-06-12,0.10684931506849316,C,152.5,-0.14994511722986412,30.05,34.0,33.25,0.7704490728759765,21.0,0.0,177.1699981689453
MSTR,MSTR,2026-06-12,0.10684931506849316,C,155.0,-0.1336845963580838,27.6,32.45,31.89,0.7525659509277343,9.0,1.0,177.1699981689453
MSTR,MSTR,2026-06-12,0.10684931506849316,C,157.5,-0.11768425501164267,25.85,30.5,27.2,0.7406031799316406,240.0,0.0,177.1699981689453
MSTR,MSTR,2026-06-12,0.10684931506849316,C,160.0,-0.10193589804350363,25.15,28.35,25.67,0.7472559454345704,6.0,0.0,177.1699981689453
MSTR,MSTR,2026-06-12,0.10684931506849316,C,165.0,-0.07116423937674991,21.85,24.95,23.95,0.7281521325683593,6.0,3.0,177.1699981689453
MSTR,MSTR,2026-06-12,0.10684931506849316,C,167.5,-0.0561263620122094,20.75,23.9,19.54,0.7422511126708984,14.0,4.0,177.1699981689453
MSTR,MSTR,2026-06-12,0.10684931506849316,C,170.0,-0.041311276227068754,19.1,22.15,21.5,0.725588681640625,59.0,10.0,177.1699981689453
MSTR,MSTR,2026-06-12,0.10684931506849316,C,172.5,-0.026712476805916062,17.95,21.25,19.75,0.7360866235351562,8.0,0.0,177.1699981689453
MSTR,MSTR,2026-06-12,0.10684931506849316,C,175.0,-0.012323739353816449,16.8,19.15,18.65,0.7181424670410157,22.0,12.0,177.1699981689453
MSTR,MSTR,2026-06-12,0.10684931506849316,C,177.5,0.0018608956381401015,14.7,18.75,17.72,0.713992117919922,8.0,6.0,177.1699981689453
MSTR,MSTR,2026-06-12,0.10684931506849316,C,180.0,0.015847137612879886,14.45,16.9,15.67,0.7158231542968749,199.0,1.0,177.1699981689453
MSTR,MSTR,2026-06-12,0.10684931506849316,C,182.5,0.029640459745215602,13.1,15.6,15.62,0.7037383142089844,223.0,0.0,177.1699981689453
MSTR,MSTR,2026-06-12,0.10684931506849316,C,185.0,0.043246111800994344,12.3,15.2,13.8,0.7198514343261719,66.0,62.0,177.1699981689453
MSTR,MSTR,2026-06-12,0.10684931506849316,C,190.0,0.06991435888315568,11.65,13.65,12.4,0.7500025,184.0,4.0,177.1699981689453
MSTR,MSTR,2026-06-12,0.10684931506849316,C,195.0,0.09588984528641635,9.4,12.15,11.19,0.7390162817382812,13.0,14.0,177.1699981689453
MSTR,MSTR,2026-06-12,0.10684931506849316,C,200.0,0.12120765327070623,7.6,9.95,9.5,0.7133817724609376,17.0,,177.1699981689453
MSTR,MSTR,2026-06-12,0.10684931506849316,C,205.0,0.14590026586107774,5.75,8.9,8.2,0.7036162451171876,12.0,,177.1699981689453
MSTR,MSTR,2026-06-12,0.10684931506849316,C,210.0,0.16999781744013825,5.5,9.15,7.55,0.7572045764160158,17.0,,177.1699981689453
MSTR,MSTR,2026-06-12,0.10684931506849316,C,215.0,0.19352831485033237,4.05,7.45,6.3,0.7270535107421875,4.0,,177.1699981689453
MSTR,MSTR,2026-06-12,0.10684931506849316,C,220.0,0.21651783307503114,4.0,6.4,5.34,0.7432886999511719,5.0,,177.1699981689453
MSTR,MSTR,2026-06-12,0.10684931506849316,C,225.0,0.23899068892708972,3.1,6.75,4.99,0.7709983837890625,21.0,,177.1699981689453
MSTR,MSTR,2026-06-12,0.10684931506849316,C,230.0,0.2609695956458648,2.26,6.0,4.15,0.7640404455566407,6.0,,177.1699981689453
MSTR,MSTR,2026-06-12,0.10684931506849316,C,235.0,0.2824758008668284,2.28,4.35,4.0,0.7482935327148439,6.0,,177.1699981689453
MSTR,MSTR,2026-06-12,0.10684931506849316,C,240.0,0.30352921006466077,2.24,4.55,4.7,0.7899190930175781,7.0,,177.1699981689453
MSTR,MSTR,2026-06-12,0.10684931506849316,C,245.0,0.3241484972673965,2.02,4.45,3.3,0.8131122204589842,7.0,,177.1699981689453
MSTR,MSTR,2026-06-12,0.10684931506849316,C,250.0,0.3443512045849159,1.4,4.5,2.87,0.8247087841796874,273.0,,177.1699981689453
MSTR,MSTR,2026-06-12,0.10684931506849316,C,255.0,0.3641538318810956,1.02,3.2,2.23,0.7849142602539063,275.0,,177.1699981689453
MSTR,MSTR,2026-06-12,0.10684931506849316,C,260.0,0.3835719177381972,1.61,2.59,2.16,0.813478427734375,18.0,,177.1699981689453
MSTR,MSTR,2026-06-12,0.10684931506849316,C,265.0,0.4026201127088917,0.91,2.34,1.68,0.7934590966796875,26.0,,177.1699981689453
MSTR,MSTR,2026-06-12,0.10684931506849316,C,270.0,0.42131224572104425,1.19,2.4,1.7,0.8388687988281249,18.0,,177.1699981689453
MSTR,MSTR,2026-06-12,0.10684931506849316,C,280.0,0.45767988989191916,0.85,2.15,1.5,0.8571791625976561,277.0,,177.1699981689453
MSTR,MSTR,2026-06-12,0.10684931506849316,C,285.0,0.47537946699132005,0.66,1.89,1.09,0.8527846752929689,30.0,,177.1699981689453
MSTR,MSTR,2026-06-12,0.10684931506849316,C,290.0,0.4927712097031893,0.67,1.75,0.94,0.8674329663085938,120.0,,177.1699981689453
MSTR,MSTR,2026-06-12,0.10684931506849316,C,295.0,0.5098656430624894,0.54,1.65,0.9,0.8732922827148437,196.0,,177.1699981689453
MSTR,MSTR,2026-06-12,0.10684931506849316,C,300.0,0.5266727613788706,0.56,1.45,0.99,0.8811047045898437,319.0,,177.1699981689453
MSTR,MSTR,2026-06-12,0.10684931506849316,C,305.0,0.5432020633300811,0.08,1.39,0.76,0.8542495043945313,300.0,,177.1699981689453
MSTR,MSTR,2026-06-12,0.10684931506849316,C,310.0,0.5594625842018615,0.15,1.35,0.87,0.8774426318359375,486.0,,177.1699981689453
MSTR,MSTR,2026-06-12,0.10684931506849316,C,315.0,0.5754629255483026,0.09,1.25,0.68,0.8803722900390624,300.0,,177.1699981689453
MSTR,MSTR,2026-06-12,0.10684931506849316,C,320.0,0.5912112825164417,0.27,1.1,0.65,0.9028330029296875,640.0,,177.1699981689453
MSTR,MSTR,2026-06-12,0.10684931506849316,C,325.0,0.6067154690524069,0.0,1.2,0.73,0.9023447265625,300.0,,177.1699981689453
MSTR,MSTR,2026-06-12,0.10684931506849316,P,80.0,-0.795083078603449,0.11,0.57,0.4,1.158207333984375,768.0,,177.1699981689453
MSTR,MSTR,2026-06-12,0.10684931506849316,P,85.0,-0.734458456787014,0.21,0.64,0.21,1.1162153564453123,716.0,,177.1699981689453
MSTR,MSTR,2026-06-12,0.10684931506849316,P,90.0,-0.6773000429470655,0.3,0.74,0.56,1.0737351000976565,742.0,,177.1699981689453
MSTR,MSTR,2026-06-12,0.10684931506849316,P,95.0,-0.6232328216767896,0.01,0.82,0.66,0.9599613378906249,306.0,,177.1699981689453
MSTR,MSTR,2026-06-12,0.10684931506849316,P,100.0,-0.571939527289239,0.54,0.93,0.73,0.9853517089843751,278.0,,177.1699981689453
MSTR,MSTR,2026-06-12,0.10684931506849316,P,105.0,-0.5231493631198071,0.6,1.12,0.95,0.9409185595703125,934.0,,177.1699981689453
MSTR,MSTR,2026-06-12,0.10684931506849316,P,110.0,-0.4766293474849142,0.73,1.32,1.11,0.901368173828125,311.0,,177.1699981689453
MSTR,MSTR,2026-06-12,0.10684931506849316,P,115.0,-0.4321775849140805,0.87,2.47,1.26,0.930664755859375,2.0,,177.1699981689453
MSTR,MSTR,2026-06-12,0.10684931506849316,P,120.0,-0.38961797049528457,1.02,3.1,1.63,0.9045419702148438,8.0,,177.1699981689453
MSTR,MSTR,2026-06-12,0.10684931506849316,P,125.0,-0.3487959759750294,1.12,2.53,2.53,0.8027363476562499,6.0,,177.1699981689453
MSTR,MSTR,2026-06-12,0.10684931506849316,P,130.0,-0.3095752628217481,1.39,3.4,2.5,0.7907735766601562,4.0,,177.1699981689453
MSTR,MSTR,2026-06-12,0.10684931506849316,P,135.0,-0.27183493483890103,1.3,4.7,2.89,0.7712425219726562,1.0,,177.1699981689453
MSTR,MSTR,2026-06-12,0.10684931506849316,P,140.0,-0.23546729066802619,3.0,4.4,3.76,0.7502466381835937,8.0,2.0,177.1699981689453
MSTR,MSTR,2026-06-12,0.10684931506849316,P,143.0,-0.21426508301742317,2.15,6.1,3.6,0.7338893798828124,6.0,0.0,177.1699981689453
MSTR,MSTR,2026-06-12,0.10684931506849316,P,144.0,-0.2072964137013299,2.29,5.75,4.6,0.710940390625,7.0,0.0,177.1699981689453
MSTR,MSTR,2026-06-12,0.10684931506849316,P,145.0,-0.20037597085675607,2.5,5.85,4.41,0.7059355578613282,63.0,0.0,177.1699981689453
MSTR,MSTR,2026-06-12,0.10684931506849316,P,146.0,-0.1935030915689941,2.7,5.55,5.05,0.6868927795410158,14.0,0.0,177.1699981689453
MSTR,MSTR,2026-06-12,0.10684931506849316,P,148.0,-0.17989743951321535,4.35,6.85,5.35,0.7478052563476563,149.0,0.0,177.1699981689453
MSTR,MSTR,2026-06-12,0.10684931506849316,P,149.0,-0.17316340733187136,3.65,7.4,5.55,0.7266873034667969,14.0,0.0,177.1699981689453
MSTR,MSTR,2026-06-12,0.10684931506849316,P,150.0,-0.1664744191810747,4.9,6.0,5.78,0.7056914196777344,303.0,7.0,177.1699981689453
MSTR,MSTR,2026-06-12,0.10684931506849316,P,152.5,-0.14994511722986412,4.35,8.35,6.45,0.7152738433837891,11.0,0.0,177.1699981689453
MSTR,MSTR,2026-06-12,0.10684931506849316,P,155.0,-0.1336845963580838,4.9,7.5,7.55,0.6644320666503909,1.0,1.0,177.1699981689453
MSTR,MSTR,2026-06-12,0.10684931506849316,P,157.5,-0.11768425501164267,6.85,9.6,7.96,0.7265041998291015,1.0,0.0,177.1699981689453
MSTR,MSTR,2026-06-12,0.10684931506849316,P,160.0,-0.10193589804350363,7.7,9.25,8.55,0.6932403723144531,43.0,1.0,177.1699981689453
MSTR,MSTR,2026-06-12,0.10684931506849316,P,162.5,-0.08643171150753837,7.55,10.95,11.15,0.6842072595214845,6.0,2.0,177.1699981689453
MSTR,MSTR,2026-06-12,0.10684931506849316,P,165.0,-0.07116423937674991,9.15,11.45,10.89,0.6854279504394531,69.0,6.0,177.1699981689453
MSTR,MSTR,2026-06-12,0.10684931506849316,P,167.5,-0.0561263620122094,10.35,13.25,11.25,0.7039214178466797,1.0,0.0,177.1699981689453
MSTR,MSTR,2026-06-12,0.10684931506849316,P,170.0,-0.041311276227068754,10.6,13.5,12.05,0.6636996520996095,87.0,0.0,177.1699981689453
MSTR,MSTR,2026-06-12,0.10684931506849316,P,172.5,-0.026712476805916062,12.6,16.1,14.6,0.7110624597167969,14.0,0.0,177.1699981689453
MSTR,MSTR,2026-06-12,0.10684931506849316,P,175.0,-0.012323739353816449,12.55,17.0,20.75,0.674075524902344,,21.0,177.1699981689453
MSTR,MSTR,2026-06-12,0.10684931506849316,P,177.5,0.0018608956381401015,15.15,18.3,16.59,0.7000762414550781,3.0,0.0,177.1699981689453
MSTR,MSTR,2026-06-12,0.10684931506849316,P,190.0,0.06991435888315568,22.45,26.4,32.5,0.7049590051269532,,0.0,177.1699981689453
MSTR,MSTR,2026-06-12,0.10684931506849316,P,195.0,0.09588984528641635,25.5,29.05,27.15,0.6806672558593752,2.0,1.0,177.1699981689453
MSTR,MSTR,2026-06-12,0.10684931506849316,P,200.0,0.12120765327070623,29.55,32.55,30.7,0.6881134704589844,2.0,,177.1699981689453
MSTR,MSTR,2026-06-12,0.10684931506849316,P,215.0,0.19352831485033237,40.6,44.9,42.6,0.6823762231445314,12.0,,177.1699981689453
MSTR,MSTR,2026-06-12,0.10684931506849316,P,240.0,0.30352921006466077,61.5,68.85,67.82,0.7104521142578125,100.0,,177.1699981689453
MSTR,MSTR,2026-06-12,0.10684931506849316,P,260.0,0.3835719177381972,80.05,87.75,84.8,0.700198310546875,190.0,,177.1699981689453
MSTR,MSTR,2026-06-12,0.10684931506849316,P,270.0,0.42131224572104425,89.65,97.0,94.95,0.6538120556640626,2.0,,177.1699981689453
MSTR,MSTR,2026-06-12,0.10684931506849316,P,285.0,0.47537946699132005,104.25,112.0,113.27,0.6660189648437502,67.0,,177.1699981689453
MSTR,MSTR,2026-08-21,0.29863013698630136,C,5.0,-3.56767180084323,168.55,176.5,112.83,3.275392436523437,20.0,21.0,177.1699981689453
MSTR,MSTR,2026-08-21,0.29863013698630136,C,40.0,-1.4882302591633942,134.3,142.25,89.67,1.548342102050781,3.0,3.0,177.1699981689453
MSTR,MSTR,2026-08-21,0.29863013698630136,C,60.0,-1.0827651510552299,115.1,123.05,110.17,1.2827184301757812,2.0,9.0,177.1699981689453
MSTR,MSTR,2026-08-21,0.29863013698630136,C,65.0,-1.0027224433816935,112.4,116.65,64.9,1.2565955139160154,2.0,36.0,177.1699981689453
MSTR,MSTR,2026-08-21,0.29863013698630136,C,70.0,-0.9286144712279715,108.0,110.75,62.76,1.1547893823242186,2.0,106.0,177.1699981689453
MSTR,MSTR,2026-08-21,0.29863013698630136,C,75.0,-0.85962159974102,103.5,106.3,107.0,1.136967205810547,3.0,212.0,177.1699981689453
MSTR,MSTR,2026-08-21,0.29863013698630136,C,80.0,-0.795083078603449,98.45,101.85,97.5,1.0871627673339845,1.0,112.0,177.1699981689453
MSTR,MSTR,2026-08-21,0.29863013698630136,C,85.0,-0.734458456787014,93.6,96.65,84.6,1.0137988763427734,2.0,236.0,177.1699981689453
MSTR,MSTR,2026-08-21,0.29863013698630136,C,90.0,-0.6773000429470655,89.15,92.2,84.6,0.9927979235839843,22.0,89.0,177.1699981689453
MSTR,MSTR,2026-08-21,0.29863013698630136,C,95.0,-0.6232328216767896,84.95,87.9,77.93,0.9821779125976562,1.0,93.0,177.1699981689453
MSTR,MSTR,2026-08-21,0.29863013698630136,C,100.0,-0.571939527289239,80.55,83.25,64.89,0.9481206359863281,1.0,146.0,177.1699981689453
MSTR,MSTR,2026-08-21,0.29863013698630136,C,105.0,-0.5231493631198071,75.95,78.65,66.96,0.9085702502441406,6.0,36.0,177.1699981689453
MSTR,MSTR,2026-08-21,0.29863013698630136,C,110.0,-0.4766293474849142,71.65,74.65,73.83,0.8933116137695312,1.0,70.0,177.1699981689453
MSTR,MSTR,2026-08-21,0.29863013698630136,C,115.0,-0.4321775849140805,67.6,70.3,69.29,0.8714612463378906,35.0,85.0,177.1699981689453
MSTR,MSTR,2026-08-21,0.29863013698630136,C,120.0,-0.38961797049528457,63.45,66.45,55.0,0.8558364025878906,2.0,156.0,177.1699981689453
MSTR,MSTR,2026-08-21,0.29863013698630136,C,125.0,-0.3487959759750294,59.55,62.55,58.0,0.840821904296875,14.0,159.0,177.1699981689453
MSTR,MSTR,2026-08-21,0.29863013698630136,C,130.0,-0.3095752628217481,56.05,58.25,56.31,0.8222063677978515,101.0,327.0,177.1699981689453
MSTR,MSTR,2026-08-21,0.29863013698630136,C,135.0,-0.27183493483890103,53.05,54.75,54.5,0.8240984387207031,26.0,191.0,177.1699981689453
MSTR,MSTR,2026-08-21,0.29863013698630136,C,140.0,-0.23546729066802619,48.8,51.1,52.15,0.7968159967041015,16.0,535.0,177.1699981689453
MSTR,MSTR,2026-08-21,0.29863013698630136,C,145.0,-0.20037597085675607,45.45,48.1,45.46,0.7926046130371094,1.0,443.0,177.1699981689453
MSTR,MSTR,2026-08-21,0.29863013698630136,C,150.0,-0.1664744191810747,42.5,44.35,43.8,0.7786887365722657,102.0,1665.0,177.1699981689453
MSTR,MSTR,2026-08-21,0.29863013698630136,C,155.0,-0.1336845963580838,39.35,41.8,40.1,0.7762473547363282,50.0,263.0,177.1699981689453
MSTR,MSTR,2026-08-21,0.29863013698630136,C,160.0,-0.10193589804350363,36.55,38.95,37.7,0.770510107421875,325.0,2365.0,177.1699981689453
MSTR,MSTR,2026-08-21,0.29863013698630136,C,165.0,-0.07116423937674991,34.35,36.3,35.94,0.7720970056152343,32.0,627.0,177.1699981689453
MSTR,MSTR,2026-08-21,0.29863013698630136,C,170.0,-0.041311276227068754,31.4,33.1,33.6,0.7522607781982422,23.0,1129.0,177.1699981689453
MSTR,MSTR,2026-08-21,0.29863013698630136,C,175.0,-0.012323739353816449,30.0,30.9,29.85,0.7632469964599609,187.0,413.0,177.1699981689453
MSTR,MSTR,2026-08-21,0.29863013698630136,C,180.0,0.015847137612879886,27.45,28.5,27.45,0.7528100891113281,113.0,1103.0,177.1699981689453
MSTR,MSTR,2026-08-21,0.29863013698630136,C,185.0,0.043246111800994344,25.2,26.35,26.65,0.7464014617919923,14.0,643.0,177.1699981689453
MSTR,MSTR,2026-08-21,0.29863013698630136,C,190.0,0.06991435888315568,23.15,24.7,23.72,0.7458521508789062,181.0,327.0,177.1699981689453
MSTR,MSTR,2026-08-21,0.29863013698630136,C,195.0,0.09588984528641635,21.45,22.75,22.64,0.7428919754028319,31.0,532.0,177.1699981689453
MSTR,MSTR,2026-08-21,0.29863013698630136,C,200.0,0.12120765327070623,20.0,21.0,20.5,0.7428004235839842,113.0,1454.0,177.1699981689453
MSTR,MSTR,2026-08-21,0.29863013698630136,C,205.0,0.14590026586107774,18.4,19.55,20.3,0.7418543881225584,11.0,201.0,177.1699981689453
MSTR,MSTR,2026-08-21,0.29863013698630136,C,210.0,0.16999781744013825,17.15,18.15,18.78,0.7434718035888672,38.0,368.0,177.1699981689453
MSTR,MSTR,2026-08-21,0.29863013698630136,C,215.0,0.19352831485033237,15.9,16.8,16.97,0.7432886999511719,3.0,416.0,177.1699981689453
MSTR,MSTR,2026-08-21,0.29863013698630136,C,220.0,0.21651783307503114,14.85,15.65,15.3,0.7460352545166016,58.0,516.0,177.1699981689453
MSTR,MSTR,2026-08-21,0.29863013698630136,C,225.0,0.23899068892708972,13.7,14.5,14.3,0.7451807708740235,103.0,1515.0,177.1699981689453
MSTR,MSTR,2026-08-21,0.29863013698630136,C,230.0,0.2609695956458648,12.8,13.7,14.17,0.7504907763671875,18.0,843.0,177.1699981689453
MSTR,MSTR,2026-08-21,0.29863013698630136,C,235.0,0.2824758008668284,11.95,12.65,13.01,0.7510400872802734,8.0,316.0,177.1699981689453
MSTR,MSTR,2026-08-21,0.29863013698630136,C,240.0,0.30352921006466077,11.1,11.95,11.77,0.7547631945800781,54.0,397.0,177.1699981689453
MSTR,MSTR,2026-08-21,0.29863013698630136,C,245.0,0.3241484972673965,10.4,11.2,10.15,0.7582421636962893,2.0,190.0,177.1699981689453
MSTR,MSTR,2026-08-21,0.29863013698630136,C,250.0,0.3443512045849159,9.9,10.2,10.07,0.7592797509765626,128.0,1599.0,177.1699981689453
MSTR,MSTR,2026-08-21,0.29863013698630136,C,255.0,0.3641538318810956,9.1,9.65,9.4,0.7609887182617189,14.0,202.0,177.1699981689453
MSTR,MSTR,2026-08-21,0.29863013698630136,C,260.0,0.3835719177381972,8.4,9.2,9.04,0.7643456182861328,14.0,218.0,177.1699981689453
MSTR,MSTR,2026-08-21,0.29863013698630136,C,265.0,0.4026201127088917,8.0,8.6,8.41,0.7688011401367189,2.0,147.0,177.1699981689453
MSTR,MSTR,2026-08-21,0.29863013698630136,C,270.0,0.42131224572104425,7.5,8.2,8.35,0.7736839038085939,6.0,260.0,177.1699981689453
MSTR,MSTR,2026-08-21,0.29863013698630136,C,275.0,0.4396613843892408,7.05,7.75,7.2,0.7774070111083984,5.0,118.0,177.1699981689453
MSTR,MSTR,2026-08-21,0.29863013698630136,C,280.0,0.45767988989191916,6.65,7.3,6.96,0.7808859802246093,41.0,232.0,177.1699981689453
MSTR,MSTR,2026-08-21,0.29863013698630136,C,285.0,0.47537946699132005,6.15,6.85,5.95,0.7812521875,1.0,172.0,177.1699981689453
MSTR,MSTR,2026-08-21,0.29863013698630136,C,290.0,0.4927712097031893,5.9,6.5,5.83,0.7872335729980469,1.0,219.0,177.1699981689453
MSTR,MSTR,2026-08-21,0.29863013698630136,C,295.0,0.5098656430624894,5.6,6.0,6.0,0.7882101257324219,6.0,59.0,177.1699981689453
MSTR,MSTR,2026-08-21,0.29863013698630136,C,300.0,0.5266727613788706,5.1,5.85,5.7,0.7912618530273439,56.0,1043.0,177.1699981689453
MSTR,MSTR,2026-08-21,0.29863013698630136,C,305.0,0.5432020633300811,5.0,5.6,5.03,0.7997456549072266,3.0,116.0,177.1699981689453
MSTR,MSTR,2026-08-21,0.29863013698630136,C,310.0,0.5594625842018615,4.4,5.65,3.2,0.8032246240234374,4.0,151.0,177.1699981689453
MSTR,MSTR,2026-08-21,0.29863013698630136,C,315.0,0.5754629255483026,4.5,5.05,4.43,0.8070087658691407,22.0,272.0,177.1699981689453
MSTR,MSTR,2026-08-21,0.29863013698630136,C,320.0,0.5912112825164417,4.3,4.85,4.52,0.8122577368164061,5.0,181.0,177.1699981689453
MSTR,MSTR,2026-08-21,0.29863013698630136,C,325.0,0.6067154690524069,3.9,4.65,6.25,0.8121356677246092,5.0,62.0,177.1699981689453
MSTR,MSTR,2026-08-21,0.29863013698630136,C,330.0,0.6219829411831954,3.9,4.45,4.2,0.8209246423339842,3.0,82.0,177.1699981689453
MSTR,MSTR,2026-08-21,0.29863013698630136,C,335.0,0.637020818547736,3.4,4.35,3.83,0.8190936059570311,1.0,27.0,177.1699981689453
MSTR,MSTR,2026-08-21,0.29863013698630136,C,340.0,0.6518359043328765,3.55,4.1,3.55,0.8295915478515624,3.0,156.0,177.1699981689453
MSTR,MSTR,2026-08-21,0.29863013698630136,C,345.0,0.6664347037540292,3.4,3.9,2.36,0.8328874133300779,3.0,367.0,177.1699981689453
MSTR,MSTR,2026-08-21,0.29863013698630136,C,350.0,0.6808234412061288,3.25,3.5,3.6,0.8300798242187499,4.0,592.0,177.1699981689453
MSTR,MSTR,2026-08-21,0.29863013698630136,C,355.0,0.6950080761980854,3.1,3.6,3.15,0.8406998352050781,10.0,76.0,177.1699981689453
MSTR,MSTR,2026-08-21,0.29863013698630136,C,360.0,0.7089943181728252,2.99,3.5,3.3,0.8464370825195311,2.0,76.0,177.1699981689453
MSTR,MSTR,2026-08-21,0.29863013698630136,C,365.0,0.722787640305161,2.4,3.25,1.93,0.8323991369628905,1.0,23.0,177.1699981689453
MSTR,MSTR,2026-08-21,0.29863013698630136,C,370.0,0.7363932923609396,2.38,3.25,2.87,0.8428970788574219,1.0,56.0,177.1699981689453
MSTR,MSTR,2026-08-21,0.29863013698630136,C,375.0,0.7498163126930802,2.63,3.15,2.95,0.8586439916992188,4.0,221.0,177.1699981689453
MSTR,MSTR,2026-08-21,0.29863013698630136,C,380.0,0.763061539443101,2.33,3.0,2.53,0.8548598498535156,1.0,140.0,177.1699981689453
MSTR,MSTR,2026-08-21,0.29863013698630136,C,385.0,0.7761336210104537,2.24,2.95,2.51,0.8605970971679688,1.0,46.0,177.1699981689453
MSTR,MSTR,2026-08-21,0.29863013698630136,C,390.0,0.7890370258463617,2.34,2.79,2.36,0.8688977954101562,3.0,248.0,177.1699981689453
MSTR,MSTR,2026-08-21,0.29863013698630136,C,395.0,0.8017760516237913,2.25,2.74,2.67,0.8741467663574218,1.0,30.0,177.1699981689453
MSTR,MSTR,2026-08-21,0.29863013698630136,C,400.0,0.8143548338306515,2.28,2.52,2.34,0.8773205627441407,34.0,703.0,177.1699981689453
MSTR,MSTR,2026-08-21,0.29863013698630136,C,405.0,0.8267773538292086,1.76,2.55,1.35,0.8686536572265625,2.0,48.0,177.1699981689453
MSTR,MSTR,2026-08-21,0.29863013698630136,C,410.0,0.839047446421023,1.85,2.51,1.62,0.8800060827636718,25.0,75.0,177.1699981689453
MSTR,MSTR,2026-08-21,0.29863013698630136,C,415.0,0.8511688069533677,1.78,2.48,2.12,0.8854991918945312,1.0,29.0,177.1699981689453
MSTR,MSTR,2026-08-21,0.29863013698630136,C,420.0,0.8631449980000836,1.9,2.22,1.95,0.8890391955566406,11.0,225.0,177.1699981689453
MSTR,MSTR,2026-08-21,0.29863013698630136,C,425.0,0.8749794556470863,1.8,2.28,1.8,0.8964854101562498,2.0,23.0,177.1699981689453
MSTR,MSTR,2026-08-21,0.29863013698630136,C,430.0,0.8866754954102777,1.74,2.21,1.83,0.8999033447265624,10.0,86.0,177.1699981689453
MSTR,MSTR,2026-08-21,0.29863013698630136,C,435.0,0.8982363178113536,1.28,2.19,1.74,0.8876964355468748,1.0,35.0,177.1699981689453
MSTR,MSTR,2026-08-21,0.29863013698630136,C,440.0,0.9096650136349764,1.62,2.09,1.62,0.9067392138671875,1.0,106.0,177.1699981689453
MSTR,MSTR,2026-08-21,0.29863013698630136,C,445.0,0.9209645688889098,1.56,2.03,0.6,0.9099130102539061,1.0,131.0,177.1699981689453
MSTR,MSTR,2026-08-21,0.29863013698630136,C,450.0,0.932137869487035,1.5,1.94,1.64,0.9112557702636719,1.0,4289.0,177.1699981689453
MSTR,MSTR,2026-08-21,0.29863013698630136,C,455.0,0.94318770567362,1.5,1.75,1.64,0.9104012866210938,2.0,75.0,177.1699981689453
MSTR,MSTR,2026-08-21,0.29863013698630136,C,460.0,0.9541167762058101,1.13,1.96,0.51,0.9104012866210938,1.0,18.0,177.1699981689453
MSTR,MSTR,2026-08-21,0.29863013698630136,C,465.0,0.9649276923100258,0.96,2.15,0.44,0.9191902612304688,2.0,47.0,177.1699981689453
MSTR,MSTR,2026-08-21,0.29863013698630136,C,470.0,0.9756229814267737,0.0,0.0,1.48,0.2500075,47.0,0.0,177.1699981689453
MSTR,MSTR,2026-08-21,0.29863013698630136,C,475.0,0.9862050907573108,1.08,1.8,0.37,0.9226081958007812,1.0,59.0,177.1699981689453
MSTR,MSTR,2026-08-21,0.29863013698630136,C,480.0,0.9966763906246061,1.17,1.69,1.3,0.9289557885742188,3.0,101.0,177.1699981689453
MSTR,MSTR,2026-08-21,0.29863013698630136,C,485.0,1.0070391776601528,0.85,1.7,1.29,0.9191902612304688,2.0,41.0,177.1699981689453
MSTR,MSTR,2026-08-21,0.29863013698630136,C,490.0,1.0172956778273419,0.71,1.91,1.05,0.9304206176757812,2.0,41.0,177.1699981689453
MSTR,MSTR,2026-08-21,0.29863013698630136,C,495.0,1.0274480492913598,1.07,1.51,1.3,0.9353033813476561,2.0,115.0,177.1699981689453
MSTR,MSTR,2026-08-21,0.29863013698630136,C,500.0,1.0374983851448611,1.03,1.47,1.12,0.937500625,6.0,504.0,177.1699981689453
MSTR,MSTR,2026-08-21,0.29863013698630136,C,505.0,1.0474487159980295,0.84,1.56,1.36,0.938477177734375,2.0,65.0,177.1699981689453
MSTR,MSTR,2026-08-21,0.29863013698630136,C,510.0,1.057301012441041,0.57,1.74,0.65,0.9396978686523438,1.0,17.0,177.1699981689453
MSTR,MSTR,2026-08-21,0.29863013698630136,C,515.0,1.0670571873864056,0.54,1.71,1.26,0.9426275268554687,1.0,27.0,177.1699981689453
MSTR,MSTR,2026-08-21,0.29863013698630136,C,520.0,1.0767190982981425,0.81,1.36,0.78,0.9438482177734374,1.0,78.0,177.1699981689453
MSTR,MSTR,2026-08-21,0.29863013698630136,C,525.0,1.0862885493142933,0.95,1.35,3.72,0.958740646972656,1.0,64.0,177.1699981689453
MSTR,MSTR,2026-08-21,0.29863013698630136,C,530.0,1.095767293268837,0.45,1.6,1.71,0.9487309814453124,1.0,218.0,177.1699981689453
MSTR,MSTR,2026-08-21,0.29863013698630136,C,535.0,1.1051570336186762,0.9,1.43,0.84,0.973633076171875,2.0,56.0,177.1699981689453
MSTR,MSTR,2026-08-21,0.29863013698630136,C,540.0,1.1144594262809895,0.74,1.23,0.94,0.9555668505859375,1.0,502.0,177.1699981689453
MSTR,MSTR,2026-08-21,0.29863013698630136,P,5.0,-3.56767180084323,0.01,0.02,0.01,2.2187544531249994,75.0,6837.0,177.1699981689453
MSTR,MSTR,2026-08-21,0.29863013698630136,P,10.0,-2.874524620283285,0.02,0.25,0.17,2.2070357324218746,7.0,312.0,177.1699981689453
MSTR,MSTR,2026-08-21,0.29863013698630136,P,15.0,-2.4690595121751207,0.0,0.6,0.2,2.0898485253906243,1.0,36.0,177.1699981689453
MSTR,MSTR,2026-08-21,0.29863013698630136,P,20.0,-2.1813774397233394,0.01,0.54,0.34,1.8105478222656248,3.0,106.0,177.1699981689453
MSTR,MSTR,2026-08-21,0.29863013698630136,P,25.0,-1.9582338884091297,0.05,0.37,0.13,1.5625021874999998,6.0,346.0,177.1699981689453
MSTR,MSTR,2026-08-21,0.29863013698630136,P,30.0,-1.7759123316151753,0.07,0.47,0.19,1.46484642578125,16.0,302.0,177.1699981689453
MSTR,MSTR,2026-08-21,0.29863013698630136,P,35.0,-1.6217616517879168,0.09,0.66,0.35,1.40234673828125,1.0,413.0,177.1699981689453
MSTR,MSTR,2026-08-21,0.29863013698630136,P,40.0,-1.4882302591633942,0.14,0.72,0.41,1.3164096679687498,1.0,223.0,177.1699981689453
MSTR,MSTR,2026-08-21,0.29863013698630136,P,45.0,-1.3704472235070106,0.25,0.55,0.55,1.2016641479492187,25.0,325.0,177.1699981689453
MSTR,MSTR,2026-08-21,0.29863013698630136,P,50.0,-1.2650867078491843,0.32,0.65,0.7,1.1464886425781249,1.0,478.0,177.1699981689453
MSTR,MSTR,2026-08-21,0.29863013698630136,P,55.0,-1.1697765280448595,0.28,0.93,0.67,1.1035201074218752,1.0,478.0,177.1699981689453
MSTR,MSTR,2026-08-21,0.29863013698630136,P,60.0,-1.0827651510552299,0.78,0.9,0.83,1.0874069067382814,1.0,600.0,177.1699981689453
MSTR,MSTR,2026-08-21,0.29863013698630136,P,65.0,-1.0027224433816935,0.79,1.21,1.01,1.0463914868164066,1.0,455.0,177.1699981689453
MSTR,MSTR,2026-08-21,0.29863013698630136,P,70.0,-0.9286144712279715,1.01,1.41,1.25,1.0129443884277345,22.0,570.0,177.1699981689453
MSTR,MSTR,2026-08-21,0.29863013698630136,P,75.0,-0.85962159974102,1.28,1.68,1.42,0.9855958471679689,2.0,708.0,177.1699981689453
MSTR,MSTR,2026-08-21,0.29863013698630136,P,80.0,-0.795083078603449,1.41,1.94,1.7,0.945313046875,27.0,511.0,177.1699981689453
MSTR,MSTR,2026-08-21,0.29863013698630136,P,85.0,-0.734458456787014,1.72,2.47,2.0,0.9294440649414062,1.0,468.0,177.1699981689453
MSTR,MSTR,2026-08-21,0.29863013698630136,P,90.0,-0.6773000429470655,2.27,2.46,2.4,0.8937998901367187,10.0,353.0,177.1699981689453
MSTR,MSTR,2026-08-21,0.29863013698630136,P,95.0,-0.6232328216767896,2.53,2.99,2.72,0.8680433117675781,1.0,421.0,177.1699981689453
MSTR,MSTR,2026-08-21,0.29863013698630136,P,100.0,-0.571939527289239,3.05,3.4,3.35,0.8447281152343749,37.0,1825.0,177.1699981689453
MSTR,MSTR,2026-08-21,0.29863013698630136,P,105.0,-0.5231493631198071,3.7,4.0,3.75,0.8291032714843749,27.0,443.0,177.1699981689453
MSTR,MSTR,2026-08-21,0.29863013698630136,P,110.0,-0.4766293474849142,4.4,4.7,4.49,0.813478427734375,86.0,864.0,177.1699981689453
MSTR,MSTR,2026-08-21,0.29863013698630136,P,115.0,-0.4321775849140805,5.15,5.45,5.35,0.7963277203369141,77.0,599.0,177.1699981689453
MSTR,MSTR,2026-08-21,0.29863013698630136,P,120.0,-0.38961797049528457,5.95,6.4,6.38,0.7814963256835938,17.0,1805.0,177.1699981689453
MSTR,MSTR,2026-08-21,0.29863013698630136,P,125.0,-0.3487959759750294,7.0,7.45,7.04,0.7704490728759765,85.0,1028.0,177.1699981689453
MSTR,MSTR,2026-08-21,0.29863013698630136,P,130.0,-0.3095752628217481,8.15,8.55,8.4,0.7579980255126955,257.0,1193.0,177.1699981689453
MSTR,MSTR,2026-08-21,0.29863013698630136,P,135.0,-0.27183493483890103,9.4,9.9,9.8,0.7480493945312501,98.0,866.0,177.1699981689453
MSTR,MSTR,2026-08-21,0.29863013698630136,P,140.0,-0.23546729066802619,10.9,11.35,11.16,0.7399928344726561,82.0,1055.0,177.1699981689453
MSTR,MSTR,2026-08-21,0.29863013698630136,P,145.0,-0.20037597085675607,12.45,13.0,13.07,0.7316311016845702,63.0,1151.0,177.1699981689453
MSTR,MSTR,2026-08-21,0.29863013698630136,P,150.0,-0.1664744191810747,14.15,14.7,14.2,0.7222928161621094,58.0,925.0,177.1699981689453
MSTR,MSTR,2026-08-21,0.29863013698630136,P,155.0,-0.1336845963580838,16.1,16.7,16.7,0.7171659143066407,72.0,585.0,177.1699981689453
MSTR,MSTR,2026-08-21,0.29863013698630136,P,160.0,-0.10193589804350363,18.15,18.8,17.86,0.7107572869873047,38.0,1179.0,177.1699981689453
MSTR,MSTR,2026-08-21,0.29863013698630136,P,165.0,-0.07116423937674991,20.35,21.15,20.87,0.7059355578613282,7.0,789.0,177.1699981689453
MSTR,MSTR,2026-08-21,0.29863013698630136,P,170.0,-0.041311276227068754,22.8,23.45,23.84,0.6998931378173829,7.0,541.0,177.1699981689453
MSTR,MSTR,2026-08-21,0.29863013698630136,P,175.0,-0.012323739353816449,25.3,26.05,25.35,0.6947052014160158,88.0,1236.0,177.1699981689453
MSTR,MSTR,2026-08-21,0.29863013698630136,P,180.0,0.015847137612879886,28.05,28.9,28.37,0.6924469232177735,45.0,404.0,177.1699981689453
MSTR,MSTR,2026-08-21,0.29863013698630136,P,185.0,0.043246111800994344,31.0,31.8,31.19,0.6897614031982424,24.0,103.0,177.1699981689453
MSTR,MSTR,2026-08-21,0.29863013698630136,P,190.0,0.06991435888315568,33.75,34.9,33.72,0.6836579486083985,98.0,415.0,177.1699981689453
MSTR,MSTR,2026-08-21,0.29863013698630136,P,195.0,0.09588984528641635,37.15,38.15,38.85,0.6844819149780274,16.0,124.0,177.1699981689453
MSTR,MSTR,2026-08-21,0.29863013698630136,P,200.0,0.12120765327070623,40.35,41.5,39.95,0.6808503594970705,16.0,1049.0,177.1699981689453
MSTR,MSTR,2026-08-21,0.29863013698630136,P,205.0,0.14590026586107774,44.0,45.6,44.76,0.6898224377441409,1.0,34.0,177.1699981689453
MSTR,MSTR,2026-08-21,0.29863013698630136,P,210.0,0.16999781744013825,47.1,49.15,49.3,0.6815217395019533,2.0,278.0,177.1699981689453
MSTR,MSTR,2026-08-21,0.29863013698630136,P,215.0,0.19352831485033237,51.3,53.0,59.75,0.6890900231933594,1.0,83.0,177.1699981689453
MSTR,MSTR,2026-08-21,0.29863013698630136,P,220.0,0.21651783307503114,54.55,56.85,54.64,0.6811860494995119,7.0,368.0,177.1699981689453
MSTR,MSTR,2026-08-21,0.29863013698630136,P,225.0,0.23899068892708972,57.85,60.75,70.1,0.6717562121582032,2.0,68.0,177.1699981689453
MSTR,MSTR,2026-08-21,0.29863013698630136,P,230.0,0.2609695956458648,61.9,64.15,67.6,0.6629062030029298,2.0,61.0,177.1699981689453
MSTR,MSTR,2026-08-21,0.29863013698630136,P,235.0,0.2824758008668284,67.0,68.75,67.8,0.6851838122558593,22.0,124.0,177.1699981689453
MSTR,MSTR,2026-08-21,0.29863013698630136,P,240.0,0.30352921006466077,70.1,73.2,73.3,0.673098972167969,2.0,400.0,177.1699981689453
MSTR,MSTR,2026-08-21,0.29863013698630136,P,245.0,0.3241484972673965,74.8,77.4,79.15,0.679812772216797,2.0,36.0,177.1699981689453
MSTR,MSTR,2026-08-21,0.29863013698630136,P,250.0,0.3443512045849159,79.75,81.65,92.05,0.6898224377441409,60.0,383.0,177.1699981689453
MSTR,MSTR,2026-08-21,0.29863013698630136,P,255.0,0.3641538318810956,82.5,86.35,124.0,0.6682162084960939,2.0,14.0,177.1699981689453
MSTR,MSTR,2026-08-21,0.29863013698630136,P,260.0,0.3835719177381972,87.85,90.6,90.12,0.6820100158691409,100.0,330.0,177.1699981689453
MSTR,MSTR,2026-08-21,0.29863013698630136,P,265.0,0.4026201127088917,91.65,95.0,94.26,0.6683382775878908,2.0,174.0,177.1699981689453
MSTR,MSTR,2026-08-21,0.29863013698630136,P,270.0,0.42131224572104425,96.8,99.6,141.74,0.6827424304199221,10.0,27.0,177.1699981689453
MSTR,MSTR,2026-08-21,0.29863013698630136,P,275.0,0.4396613843892408,100.35,104.45,116.82,0.6683382775878908,1.0,8.0,177.1699981689453
MSTR,MSTR,2026-08-21,0.29863013698630136,P,280.0,0.45767988989191916,105.9,108.8,122.28,0.6838410522460938,7.0,46.0,177.1699981689453
MSTR,MSTR,2026-08-21,0.29863013698630136,P,290.0,0.4927712097031893,115.15,118.1,117.4,0.6844513977050781,2.0,30.0,177.1699981689453
MSTR,MSTR,2026-08-21,0.29863013698630136,P,295.0,0.5098656430624894,118.6,122.9,165.68,0.6555820574951172,3.0,9.0,177.1699981689453
MSTR,MSTR,2026-08-21,0.29863013698630136,P,300.0,0.5266727613788706,124.5,127.55,132.92,0.68555001953125,1.0,22.0,177.1699981689453
MSTR,MSTR,2026-08-21,0.29863013698630136,P,305.0,0.5432020633300811,160.45,171.15,193.27,1.7546398986816407,1.0,3.0,177.1699981689453
MSTR,MSTR,2026-08-21,0.29863013698630136,P,310.0,0.5594625842018615,131.65,137.05,192.5,0.607547869873047,2.0,0.0,177.1699981689453
MSTR,MSTR,2026-08-21,0.29863013698630136,P,315.0,0.5754629255483026,136.6,142.15,154.88,0.6225623681640625,1.0,1.0,177.1699981689453
MSTR,MSTR,2026-08-21,0.29863013698630136,P,320.0,0.5912112825164417,141.45,146.95,198.17,0.6207313317871095,40.0,0.0,177.1699981689453
MSTR,MSTR,2026-08-21,0.29863013698630136,P,330.0,0.6219829411831954,152.3,156.6,206.86,0.6660189648437502,60.0,0.0,177.1699981689453
MSTR,MSTR,2026-08-21,0.29863013698630136,P,340.0,0.6518359043328765,161.95,166.3,197.8,0.6616244775390626,2.0,2.0,177.1699981689453
MSTR,MSTR,2026-08-21,0.29863013698630136,P,345.0,0.6664347037540292,167.6,171.35,206.76,0.7034941760253908,1.0,0.0,177.1699981689453
MSTR,MSTR,2026-08-21,0.29863013698630136,P,350.0,0.6808234412061288,171.9,175.95,183.0,0.6640658593750002,110.0,110.0,177.1699981689453
MSTR,MSTR,2026-08-21,0.29863013698630136,P,355.0,0.6950080761980854,176.85,180.75,187.24,0.6610141320800782,120.0,120.0,177.1699981689453
MSTR,MSTR,2026-08-21,0.29863013698630136,P,365.0,0.722787640305161,219.75,230.75,238.27,1.9403994679260255,1.0,0.0,177.1699981689453
MSTR,MSTR,2026-08-21,0.29863013698630136,P,370.0,0.7363932923609396,192.0,195.4,212.11,0.6794465649414063,483.0,550.0,177.1699981689453
MSTR,MSTR,2026-08-21,0.29863013698630136,P,375.0,0.7498163126930802,232.5,236.15,220.04,1.9451296688842774,2.0,1.0,177.1699981689453
MSTR,MSTR,2026-08-21,0.29863013698630136,P,380.0,0.763061539443101,234.75,245.7,273.92,1.9824829977416991,50.0,0.0,177.1699981689453
MSTR,MSTR,2026-08-21,0.29863013698630136,P,390.0,0.7890370258463617,210.95,215.7,212.25,0.6601596484375001,100.0,50.0,177.1699981689453
MSTR,MSTR,2026-08-21,0.29863013698630136,P,395.0,0.8017760516237913,255.05,260.05,226.55,2.0831346749877926,2.0,0.0,177.1699981689453
MSTR,MSTR,2026-08-21,0.29863013698630136,P,400.0,0.8143548338306515,221.2,225.3,224.93,0.6626010302734376,120.0,20.0,177.1699981689453
MSTR,MSTR,2026-08-21,0.29863013698630136,P,410.0,0.839047446421023,231.25,234.9,231.57,0.6352575537109376,2.0,1.0,177.1699981689453
MSTR,MSTR,2026-08-21,0.29863013698630136,P,415.0,0.8511688069533677,234.4,240.35,236.53,0.9156502575683594,2.0,1.0,177.1699981689453
MSTR,MSTR,2026-08-21,0.29863013698630136,P,420.0,0.8631449980000836,279.8,286.35,239.13,2.159703087081909,12.0,0.0,177.1699981689453
MSTR,MSTR,2026-08-21,0.29863013698630136,P,425.0,0.8749794556470863,264.0,267.85,250.61,1.56482151184082,20.0,1.0,177.1699981689453
MSTR,MSTR,2026-08-21,0.29863013698630136,P,430.0,0.8866754954102777,270.2,273.25,201.6,1.6002217254638669,,1.0,177.1699981689453
MSTR,MSTR,2026-08-21,0.29863013698630136,P,440.0,0.9096650136349764,277.6,280.7,279.4,1.5427879306030272,1.0,0.0,177.1699981689453
MSTR,MSTR,2026-08-21,0.29863013698630136,P,450.0,0.932137869487035,304.7,315.65,309.96,2.1534164817047117,1.0,0.0,177.1699981689453
MSTR,MSTR,2026-08-21,0.29863013698630136,P,480.0,0.9966763906246061,319.05,323.95,299.65,1.6967788598632816,1.0,0.0,177.1699981689453
MSTR,MSTR,2026-08-21,0.29863013698630136,P,510.0,1.057301012441041,328.65,336.6,339.15,1.1594280310058593,2.0,0.0,177.1699981689453
MSTR,MSTR,2026-11-20,0.547945205479452,C,40.0,-1.4882302591633942,135.45,143.45,119.0,1.338870493164062,,10.0,177.1699981689453
MSTR,MSTR,2026-11-20,0.547945205479452,C,60.0,-1.0827651510552299,117.35,124.65,116.45,1.1314740692138672,2.0,21.0,177.1699981689453
MSTR,MSTR,2026-11-20,0.547945205479452,C,80.0,-0.795083078603449,100.9,107.0,75.0,1.0316210528564456,,2.0,177.1699981689453
MSTR,MSTR,2026-11-20,0.547945205479452,C,85.0,-0.734458456787014,95.45,102.75,87.95,0.9741823870849609,2.0,15.0,177.1699981689453
MSTR,MSTR,2026-11-20,0.547945205479452,C,90.0,-0.6773000429470655,91.3,98.6,62.0,0.9517827087402342,,11.0,177.1699981689453
MSTR,MSTR,2026-11-20,0.547945205479452,C,95.0,-0.6232328216767896,88.75,92.35,74.85,0.9174812939453125,2.0,22.0,177.1699981689453
MSTR,MSTR,2026-11-20,0.547945205479452,C,100.0,-0.571939527289239,85.3,88.3,86.35,0.9085702502441406,1.0,130.0,177.1699981689453
MSTR,MSTR,2026-11-20,0.547945205479452,C,105.0,-0.5231493631198071,80.95,84.7,73.25,0.888428850097656,2.0,14.0,177.1699981689453
MSTR,MSTR,2026-11-20,0.547945205479452,C,110.0,-0.4766293474849142,77.55,80.75,63.7,0.8767712518310546,2.0,11.0,177.1699981689453
MSTR,MSTR,2026-11-20,0.547945205479452,C,115.0,-0.4321775849140805,73.65,77.05,60.55,0.8587660607910157,4.0,6.0,177.1699981689453
MSTR,MSTR,2026-11-20,0.547945205479452,C,120.0,-0.38961797049528457,70.65,73.45,72.8,0.8538832971191408,2.0,19.0,177.1699981689453
MSTR,MSTR,2026-11-20,0.547945205479452,C,125.0,-0.3487959759750294,66.7,70.05,68.4,0.835695002441406,1.0,22.0,177.1699981689453
MSTR,MSTR,2026-11-20,0.547945205479452,C,130.0,-0.3095752628217481,65.3,66.7,56.25,0.8504043280029296,1.0,111.0,177.1699981689453
MSTR,MSTR,2026-11-20,0.547945205479452,C,135.0,-0.27183493483890103,60.55,63.4,62.65,0.8191546405029295,1.0,3.0,177.1699981689453
MSTR,MSTR,2026-11-20,0.547945205479452,C,140.0,-0.23546729066802619,57.9,60.45,58.98,0.8172625695800779,22.0,40.0,177.1699981689453
MSTR,MSTR,2026-11-20,0.547945205479452,C,145.0,-0.20037597085675607,54.8,57.4,59.77,0.8063984204101562,1.0,16.0,177.1699981689453
MSTR,MSTR,2026-11-20,0.547945205479452,C,150.0,-0.1664744191810747,52.2,54.65,54.2,0.8027363476562499,2.0,170.0,177.1699981689453
MSTR,MSTR,2026-11-20,0.547945205479452,C,155.0,-0.1336845963580838,49.25,51.85,51.0,0.7925130612182617,2.0,114.0,177.1699981689453
MSTR,MSTR,2026-11-20,0.547945205479452,C,160.0,-0.10193589804350363,46.75,49.35,48.24,0.7884847811889649,19.0,54.0,177.1699981689453
MSTR,MSTR,2026-11-20,0.547945205479452,C,165.0,-0.07116423937674991,44.45,47.2,45.55,0.7881796084594727,1.0,35.0,177.1699981689453
MSTR,MSTR,2026-11-20,0.547945205479452,C,170.0,-0.041311276227068754,42.15,44.5,44.65,0.7802451174926758,5.0,64.0,177.1699981689453
MSTR,MSTR,2026-11-20,0.547945205479452,C,175.0,-0.012323739353816449,40.0,42.3,42.42,0.7771018383789063,12.0,61.0,177.1699981689453
MSTR,MSTR,2026-11-20,0.547945205479452,C,180.0,0.015847137612879886,38.05,40.35,40.55,0.7766135620117188,22.0,139.0,177.1699981689453
MSTR,MSTR,2026-11-20,0.547945205479452,C,185.0,0.043246111800994344,36.1,38.15,38.02,0.7719444192504883,25.0,82.0,177.1699981689453
MSTR,MSTR,2026-11-20,0.547945205479452,C,190.0,0.06991435888315568,34.3,36.15,36.15,0.7690452783203126,10.0,71.0,177.1699981689453
MSTR,MSTR,2026-11-20,0.547945205479452,C,195.0,0.09588984528641635,32.55,34.3,35.25,0.7664818273925782,21.0,83.0,177.1699981689453
MSTR,MSTR,2026-11-20,0.547945205479452,C,200.0,0.12120765327070623,31.05,32.5,32.65,0.7652611364746094,71.0,211.0,177.1699981689453
MSTR,MSTR,2026-11-20,0.547945205479452,C,205.0,0.14590026586107774,29.35,31.0,24.93,0.7635216519165039,92.0,88.0,177.1699981689453
MSTR,MSTR,2026-11-20,0.547945205479452,C,210.0,0.16999781744013825,28.05,29.55,29.45,0.7646813082885743,54.0,214.0,177.1699981689453
MSTR,MSTR,2026-11-20,0.547945205479452,C,215.0,0.19352831485033237,26.65,28.25,19.15,0.7649559637451173,2.0,171.0,177.1699981689453
MSTR,MSTR,2026-11-20,0.547945205479452,C,220.0,0.21651783307503114,25.55,26.95,19.8,0.7668175173950197,1.0,179.0,177.1699981689453
MSTR,MSTR,2026-11-20,0.547945205479452,C,225.0,0.23899068892708972,24.35,25.55,25.01,0.7655663092041016,79.0,67.0,177.1699981689453
MSTR,MSTR,2026-11-20,0.547945205479452,C,230.0,0.2609695956458648,23.2,24.7,21.85,0.7688926919555664,3.0,104.0,177.1699981689453
MSTR,MSTR,2026-11-20,0.547945205479452,C,235.0,0.2824758008668284,22.1,24.2,17.5,0.7750571810913086,5.0,101.0,177.1699981689453
MSTR,MSTR,2026-11-20,0.547945205479452,C,240.0,0.30352921006466077,20.55,22.95,21.75,0.7684959674072267,1.0,94.0,177.1699981689453
MSTR,MSTR,2026-11-20,0.547945205479452,C,245.0,0.3241484972673965,20.15,21.25,19.18,0.7676720010375978,1.0,281.0,177.1699981689453
MSTR,MSTR,2026-11-20,0.547945205479452,C,250.0,0.3443512045849159,19.2,20.4,19.06,0.7688621746826172,3.0,266.0,177.1699981689453
MSTR,MSTR,2026-11-20,0.547945205479452,C,255.0,0.3641538318810956,17.85,20.3,17.68,0.7726768338012696,1.0,1.0,177.1699981689453
MSTR,MSTR,2026-11-20,0.547945205479452,C,260.0,0.3835719177381972,17.0,19.05,18.5,0.7690147610473633,5.0,63.0,177.1699981689453
MSTR,MSTR,2026-11-20,0.547945205479452,C,265.0,0.4026201127088917,16.55,18.25,11.5,0.7731956274414062,1.0,4.0,177.1699981689453
MSTR,MSTR,2026-11-20,0.547945205479452,C,270.0,0.42131224572104425,15.95,17.35,17.06,0.7739890765380859,3.0,94.0,177.1699981689453
MSTR,MSTR,2026-11-20,0.547945205479452,C,275.0,0.4396613843892408,15.15,17.0,14.0,0.7777427011108399,1.0,109.0,177.1699981689453
MSTR,MSTR,2026-11-20,0.547945205479452,C,280.0,0.45767988989191916,14.6,16.0,11.55,0.776491492919922,2.0,177.0,177.1699981689453
MSTR,MSTR,2026-11-20,0.547945205479452,C,285.0,0.47537946699132005,13.95,15.6,14.36,0.7799399447631835,13.0,14.0,177.1699981689453
MSTR,MSTR,2026-11-20,0.547945205479452,C,290.0,0.4927712097031893,13.5,14.8,13.76,0.780550290222168,19.0,442.0,177.1699981689453
MSTR,MSTR,2026-11-20,0.547945205479452,C,295.0,0.5098656430624894,12.9,14.2,13.25,0.7810385665893554,1.0,90.0,177.1699981689453
MSTR,MSTR,2026-11-20,0.547945205479452,C,300.0,0.5266727613788706,12.4,13.65,13.0,0.7825949475097658,2.0,47.0,177.1699981689453
MSTR,MSTR,2026-11-20,0.547945205479452,C,305.0,0.5432020633300811,11.9,13.1,12.45,0.7835409829711916,1.0,6.0,177.1699981689453
MSTR,MSTR,2026-11-20,0.547945205479452,C,310.0,0.5594625842018615,11.15,12.95,10.87,0.785707709350586,,64.0,177.1699981689453
MSTR,MSTR,2026-11-20,0.547945205479452,C,315.0,0.5754629255483026,10.55,12.4,8.48,0.7842733975219728,2.0,18.0,177.1699981689453
MSTR,MSTR,2026-11-20,0.547945205479452,C,320.0,0.5912112825164417,10.55,11.85,10.15,0.7896139202880859,10.0,28.0,177.1699981689453
MSTR,MSTR,2026-11-20,0.547945205479452,C,325.0,0.6067154690524069,10.2,11.6,10.95,0.7938863385009765,3.0,4.0,177.1699981689453
MSTR,MSTR,2026-11-20,0.547945205479452,C,330.0,0.6219829411831954,9.55,11.15,9.5,0.7914449566650392,1.0,12.0,177.1699981689453
MSTR,MSTR,2026-11-20,0.547945205479452,C,335.0,0.637020818547736,8.9,10.65,9.8,0.7877218493652343,1.0,10.0,177.1699981689453
MSTR,MSTR,2026-11-20,0.547945205479452,C,340.0,0.6518359043328765,9.1,10.4,6.55,0.7979146185302735,12.0,57.0,177.1699981689453
MSTR,MSTR,2026-11-20,0.547945205479452,C,345.0,0.6664347037540292,8.75,9.8,9.2,0.7958394439697265,7.0,58.0,177.1699981689453
MSTR,MSTR,2026-11-20,0.547945205479452,P,25.0,-1.9582338884091297,0.01,2.6,0.31,1.5649435815429684,2.0,7.0,177.1699981689453
MSTR,MSTR,2026-11-20,0.547945205479452,P,30.0,-1.7759123316151753,0.0,1.27,0.84,1.2382850585937497,,10.0,177.1699981689453
MSTR,MSTR,2026-11-20,0.547945205479452,P,35.0,-1.6217616517879168,0.35,1.11,0.7,1.158207333984375,23.0,486.0,177.1699981689453
MSTR,MSTR,2026-11-20,0.547945205479452,P,40.0,-1.4882302591633942,0.13,1.79,0.93,1.1176801928710938,6.0,27.0,177.1699981689453
MSTR,MSTR,2026-11-20,0.547945205479452,P,45.0,-1.3704472235070106,0.35,2.09,1.31,1.080571003417969,2.0,11.0,177.1699981689453
MSTR,MSTR,2026-11-20,0.547945205479452,P,50.0,-1.2650867078491843,0.61,2.41,1.48,1.045414929199219,8.0,14.0,177.1699981689453
MSTR,MSTR,2026-11-20,0.547945205479452,P,55.0,-1.1697765280448595,0.9,2.74,1.91,1.0112354125976561,2.0,8.0,177.1699981689453
MSTR,MSTR,2026-11-20,0.547945205479452,P,60.0,-1.0827651510552299,1.24,3.15,1.94,0.98242205078125,2.0,11.0,177.1699981689453
MSTR,MSTR,2026-11-20,0.547945205479452,P,65.0,-1.0027224433816935,1.62,3.55,2.9,0.9531254687499999,4.0,7.0,177.1699981689453
MSTR,MSTR,2026-11-20,0.547945205479452,P,70.0,-0.9286144712279715,2.6,3.65,3.5,0.9340826904296875,21.0,85.0,177.1699981689453
MSTR,MSTR,2026-11-20,0.547945205479452,P,75.0,-0.85962159974102,3.15,3.9,3.7,0.9019785192871093,2.0,21.0,177.1699981689453
MSTR,MSTR,2026-11-20,0.547945205479452,P,80.0,-0.795083078603449,3.65,4.7,4.83,0.8851329846191407,5.0,15.0,177.1699981689453
MSTR,MSTR,2026-11-20,0.547945205479452,P,85.0,-0.734458456787014,4.4,5.4,5.15,0.8693860717773438,1.0,10.0,177.1699981689453
MSTR,MSTR,2026-11-20,0.547945205479452,P,90.0,-0.6773000429470655,4.85,6.25,6.87,0.8468032897949218,4.0,17.0,177.1699981689453
MSTR,MSTR,2026-11-20,0.547945205479452,P,95.0,-0.6232328216767896,5.8,6.65,7.45,0.8238543005371093,6.0,81.0,177.1699981689453
MSTR,MSTR,2026-11-20,0.547945205479452,P,100.0,-0.571939527289239,7.05,7.5,7.47,0.8152484295654296,5.0,110.0,177.1699981689453
MSTR,MSTR,2026-11-20,0.547945205479452,P,105.0,-0.5231493631198071,7.9,8.65,8.1,0.8011494494628906,3.0,137.0,177.1699981689453
MSTR,MSTR,2026-11-20,0.547945205479452,P,110.0,-0.4766293474849142,9.15,9.7,9.28,0.7899190930175781,13.0,91.0,177.1699981689453
MSTR,MSTR,2026-11-20,0.547945205479452,P,115.0,-0.4321775849140805,10.4,11.0,10.8,0.7800925311279296,2.0,27.0,177.1699981689453
MSTR,MSTR,2026-11-20,0.547945205479452,P,120.0,-0.38961797049528457,11.7,12.4,11.9,0.7697776928710938,9.0,212.0,177.1699981689453
MSTR,MSTR,2026-11-20,0.547945205479452,P,125.0,-0.3487959759750294,13.15,13.9,14.48,0.7605004418945314,4.0,38.0,177.1699981689453
MSTR,MSTR,2026-11-20,0.547945205479452,P,130.0,-0.3095752628217481,14.7,15.55,15.04,0.7521081918334961,3.0,92.0,177.1699981689453
MSTR,MSTR,2026-11-20,0.547945205479452,P,135.0,-0.27183493483890103,16.45,17.4,17.52,0.7463404272460938,2.0,6.0,177.1699981689453
MSTR,MSTR,2026-11-20,0.547945205479452,P,140.0,-0.23546729066802619,18.2,19.15,18.33,0.73672748626709,31.0,74.0,177.1699981689453
MSTR,MSTR,2026-11-20,0.547945205479452,P,145.0,-0.20037597085675607,19.9,21.6,24.44,0.7325466198730468,1.0,55.0,177.1699981689453
MSTR,MSTR,2026-11-20,0.547945205479452,P,150.0,-0.1664744191810747,22.5,23.35,22.62,0.7280910980224609,10.0,164.0,177.1699981689453
MSTR,MSTR,2026-11-20,0.547945205479452,P,155.0,-0.1336845963580838,24.4,25.65,29.1,0.7196683306884766,5.0,102.0,177.1699981689453
MSTR,MSTR,2026-11-20,0.547945205479452,P,160.0,-0.10193589804350363,26.95,28.05,28.73,0.7171659143066407,4.0,16.0,177.1699981689453
MSTR,MSTR,2026-11-20,0.547945205479452,P,165.0,-0.07116423937674991,29.55,30.5,30.45,0.7133817724609376,9.0,22.0,177.1699981689453
MSTR,MSTR,2026-11-20,0.547945205479452,P,170.0,-0.041311276227068754,31.95,33.2,33.0,0.708010732421875,17.0,45.0,177.1699981689453
MSTR,MSTR,2026-11-20,0.547945205479452,P,175.0,-0.012323739353816449,34.8,35.95,35.75,0.705630385131836,3.0,17.0,177.1699981689453
MSTR,MSTR,2026-11-20,0.547945205479452,P,180.0,0.015847137612879886,37.6,38.8,38.9,0.7017241741943359,34.0,11.0,177.1699981689453
MSTR,MSTR,2026-11-20,0.547945205479452,P,185.0,0.043246111800994344,40.45,41.9,50.0,0.6988860678100587,3.0,14.0,177.1699981689453
MSTR,MSTR,2026-11-20,0.547945205479452,P,190.0,0.06991435888315568,43.3,44.95,43.13,0.6937286486816407,1.0,4.0,177.1699981689453
MSTR,MSTR,2026-11-20,0.547945205479452,P,195.0,0.09588984528641635,46.3,48.25,52.8,0.6906464041137697,8.0,32.0,177.1699981689453
MSTR,MSTR,2026-11-20,0.547945205479452,P,200.0,0.12120765327070623,49.45,51.55,53.98,0.6873200213623047,2.0,15.0,177.1699981689453
MSTR,MSTR,2026-11-20,0.547945205479452,P,205.0,0.14590026586107774,52.85,54.95,55.45,0.685672088623047,3.0,108.0,177.1699981689453
MSTR,MSTR,2026-11-20,0.547945205479452,P,210.0,0.16999781744013825,56.25,58.4,56.75,0.6829255340576172,24.0,4.0,177.1699981689453
MSTR,MSTR,2026-11-20,0.547945205479452,P,220.0,0.21651783307503114,63.2,65.95,67.65,0.6805757040405275,70.0,1.0,177.1699981689453
MSTR,MSTR,2026-11-20,0.547945205479452,P,225.0,0.23899068892708972,66.75,69.7,71.67,0.6777681149291993,10.0,16.0,177.1699981689453
MSTR,MSTR,2026-11-20,0.547945205479452,P,230.0,0.2609695956458648,70.5,73.55,103.94,0.6765169067382814,,15.0,177.1699981689453
MSTR,MSTR,2026-11-20,0.547945205479452,P,240.0,0.30352921006466077,78.55,81.4,87.3,0.6771882867431642,2.0,2.0,177.1699981689453
MSTR,MSTR,2026-11-20,0.547945205479452,P,245.0,0.3241484972673965,81.95,85.35,93.5,0.6695589685058594,30.0,15.0,177.1699981689453
MSTR,MSTR,2026-11-20,0.547945205479452,P,250.0,0.3443512045849159,85.95,89.45,95.95,0.6683993121337892,2.0,36.0,177.1699981689453
MSTR,MSTR,2026-11-20,0.547945205479452,P,260.0,0.3835719177381972,94.15,97.75,98.7,0.6658968957519533,2.0,1.0,177.1699981689453
MSTR,MSTR,2026-11-20,0.547945205479452,P,265.0,0.4026201127088917,97.8,102.0,102.95,0.6590610266113281,3.0,0.0,177.1699981689453
MSTR,MSTR,2026-11-20,0.547945205479452,P,270.0,0.42131224572104425,102.7,106.3,112.65,0.6658053439331056,,1.0,177.1699981689453
MSTR,MSTR,2026-11-20,0.547945205479452,P,280.0,0.45767988989191916,111.05,114.95,114.17,0.6605868902587892,1.0,2.0,177.1699981689453
MSTR,MSTR,2026-11-20,0.547945205479452,P,285.0,0.47537946699132005,114.25,119.35,119.3,0.6451451501464844,4.0,0.0,177.1699981689453
MSTR,MSTR,2026-11-20,0.547945205479452,P,295.0,0.5098656430624894,123.9,128.4,130.46,0.6551548156738283,4.0,0.0,177.1699981689453
MSTR,MSTR,2026-11-20,0.547945205479452,P,315.0,0.5754629255483026,141.9,146.4,148.61,0.6477086010742188,4.0,0.0,177.1699981689453
MSTR,MSTR,2026-11-20,0.547945205479452,P,330.0,0.6219829411831954,155.65,160.05,163.95,0.6388585919189453,2.0,1.0,177.1699981689453
MSTR,MSTR,2026-11-20,0.547945205479452,P,345.0,0.6664347037540292,169.55,174.0,175.3,0.6297644445800781,2.0,3.0,177.1699981689453
MSTR,MSTR,2027-03-19,0.873972602739726,C,35.0,-1.6217616517879168,141.6,149.6,102.57,1.2824742907714843,,1.0,177.1699981689453
MSTR,MSTR,2027-03-19,0.873972602739726,C,45.0,-1.3704472235070106,133.05,140.35,88.66,1.1733439770507812,,4.0,177.1699981689453
MSTR,MSTR,2027-03-19,0.873972602739726,C,50.0,-1.2650867078491843,128.75,136.0,120.6,1.1328168359375002,2.0,11.0,177.1699981689453
MSTR,MSTR,2027-03-19,0.873972602739726,C,55.0,-1.1697765280448595,123.9,131.7,124.9,1.0787399578857422,1.0,5.0,177.1699981689453
MSTR,MSTR,2027-03-19,0.873972602739726,C,60.0,-1.0827651510552299,120.25,127.5,104.75,1.0637864193725588,1.0,13.0,177.1699981689453
MSTR,MSTR,2027-03-19,0.873972602739726,C,65.0,-1.0027224433816935,116.1,123.35,100.82,1.034794865112305,1.0,22.0,177.1699981689453
MSTR,MSTR,2027-03-19,0.873972602739726,C,70.0,-0.9286144712279715,112.05,119.3,104.6,1.0100147155761716,2.0,31.0,177.1699981689453
MSTR,MSTR,2027-03-19,0.873972602739726,C,75.0,-0.85962159974102,108.05,115.35,100.3,0.9874879180908205,2.0,6.0,177.1699981689453
MSTR,MSTR,2027-03-19,0.873972602739726,C,80.0,-0.795083078603449,104.2,111.5,94.75,0.9686282434082032,2.0,10.0,177.1699981689453
MSTR,MSTR,2027-03-19,0.873972602739726,C,85.0,-0.734458456787014,100.4,107.7,97.18,0.9502568450927733,2.0,9.0,177.1699981689453
MSTR,MSTR,2027-03-19,0.873972602739726,C,90.0,-0.6773000429470655,96.75,104.05,97.7,0.935425450439453,24.0,37.0,177.1699981689453
MSTR,MSTR,2027-03-19,0.873972602739726,C,95.0,-0.6232328216767896,94.95,100.2,90.1,0.9432989068603514,2.0,173.0,177.1699981689453
MSTR,MSTR,2027-03-19,0.873972602739726,C,100.0,-0.571939527289239,91.35,97.0,80.9,0.9312751013183593,4.0,107.0,177.1699981689453
MSTR,MSTR,2027-03-19,0.873972602739726,C,105.0,-0.5231493631198071,86.3,93.65,74.55,0.8970347210693357,4.0,89.0,177.1699981689453
MSTR,MSTR,2027-03-19,0.873972602739726,C,110.0,-0.4766293474849142,84.1,90.35,69.87,0.8993540338134765,2.0,339.0,177.1699981689453
MSTR,MSTR,2027-03-19,0.873972602739726,C,115.0,-0.4321775849140805,81.65,87.2,67.1,0.8977671356201171,2.0,156.0,177.1699981689453
MSTR,MSTR,2027-03-19,0.873972602739726,C,120.0,-0.38961797049528457,77.6,84.05,67.7,0.8762219409179688,2.0,26.0,177.1699981689453
MSTR,MSTR,2027-03-19,0.873972602739726,C,125.0,-0.3487959759750294,75.35,81.15,62.75,0.8762219409179688,3.0,49.0,177.1699981689453
MSTR,MSTR,2027-03-19,0.873972602739726,C,130.0,-0.3095752628217481,72.85,76.55,75.55,0.8541884698486328,6.0,134.0,177.1699981689453
MSTR,MSTR,2027-03-19,0.873972602739726,C,135.0,-0.27183493483890103,69.95,75.4,69.92,0.8621229608154297,8.0,48.0,177.1699981689453
MSTR,MSTR,2027-03-19,0.873972602739726,C,140.0,-0.23546729066802619,67.25,72.55,59.0,0.8533950207519532,2.0,52.0,177.1699981689453
MSTR,MSTR,2027-03-19,0.873972602739726,C,145.0,-0.20037597085675607,63.85,69.8,64.72,0.8379227633666991,8.0,31.0,177.1699981689453
MSTR,MSTR,2027-03-19,0.873972602739726,C,150.0,-0.1664744191810747,61.8,65.15,64.38,0.816835327758789,4.0,148.0,177.1699981689453
MSTR,MSTR,2027-03-19,0.873972602739726,C,155.0,-0.1336845963580838,59.35,65.0,52.6,0.8314531015014647,2.0,72.0,177.1699981689453
MSTR,MSTR,2027-03-19,0.873972602739726,C,160.0,-0.10193589804350363,57.35,62.0,58.22,0.8233049896240234,5.0,102.0,177.1699981689453
MSTR,MSTR,2027-03-19,0.873972602739726,C,165.0,-0.07116423937674991,55.35,60.1,55.95,0.8234575759887695,3.0,72.0,177.1699981689453
MSTR,MSTR,2027-03-19,0.873972602739726,C,170.0,-0.041311276227068754,53.05,55.0,55.24,0.793398062133789,5.0,197.0,177.1699981689453
MSTR,MSTR,2027-03-19,0.873972602739726,C,175.0,-0.012323739353816449,51.2,56.1,52.2,0.8173236041259764,7.0,78.0,177.1699981689453
MSTR,MSTR,2027-03-19,0.873972602739726,C,180.0,0.015847137612879886,49.3,52.15,52.2,0.7984028948974609,25.0,232.0,177.1699981689453
MSTR,MSTR,2027-03-19,0.873972602739726,C,185.0,0.043246111800994344,47.3,51.75,48.05,0.8063068685913085,1.0,69.0,177.1699981689453
MSTR,MSTR,2027-03-19,0.873972602739726,C,190.0,0.06991435888315568,45.3,49.15,46.56,0.7957173748779296,70.0,218.0,177.1699981689453
MSTR,MSTR,2027-03-19,0.873972602739726,C,195.0,0.09588984528641635,43.95,48.6,42.12,0.8053913504028319,20.0,153.0,177.1699981689453
MSTR,MSTR,2027-03-19,0.873972602739726,C,200.0,0.12120765327070623,41.75,46.7,44.95,0.7969685830688477,19.0,375.0,177.1699981689453
MSTR,MSTR,2027-03-19,0.873972602739726,C,210.0,0.16999781744013825,38.7,43.0,42.05,0.7889425402832031,11.0,231.0,177.1699981689453
MSTR,MSTR,2027-03-19,0.873972602739726,C,220.0,0.21651783307503114,36.3,38.7,37.45,0.778200460205078,67.0,226.0,177.1699981689453
MSTR,MSTR,2027-03-19,0.873972602739726,C,230.0,0.2609695956458648,33.5,37.5,26.8,0.7848837429809571,93.0,135.0,177.1699981689453
MSTR,MSTR,2027-03-19,0.873972602739726,C,240.0,0.30352921006466077,31.8,33.9,32.15,0.7790244265747069,2.0,375.0,177.1699981689453
MSTR,MSTR,2027-03-19,0.873972602739726,C,250.0,0.3443512045849159,29.7,31.7,30.3,0.7781699429321288,23.0,554.0,177.1699981689453
MSTR,MSTR,2027-03-19,0.873972602739726,C,255.0,0.3641538318810956,28.45,31.95,21.95,0.7855856402587891,6.0,17.0,177.1699981689453
MSTR,MSTR,2027-03-19,0.873972602739726,C,260.0,0.3835719177381972,27.7,29.75,27.87,0.777620632019043,1.0,362.0,177.1699981689453
MSTR,MSTR,2027-03-19,0.873972602739726,C,265.0,0.4026201127088917,26.35,30.05,23.02,0.78360201751709,3.0,78.0,177.1699981689453
MSTR,MSTR,2027-03-19,0.873972602739726,C,270.0,0.42131224572104425,26.1,27.7,27.56,0.777193390197754,4.0,664.0,177.1699981689453
MSTR,MSTR,2027-03-19,0.873972602739726,C,275.0,0.4396613843892408,25.05,27.05,26.6,0.7771628729248048,4.0,30.0,177.1699981689453
MSTR,MSTR,2027-03-19,0.873972602739726,C,280.0,0.45767988989191916,24.4,26.3,25.2,0.7789939093017577,100.0,130.0,177.1699981689453
MSTR,MSTR,2027-03-19,0.873972602739726,C,285.0,0.47537946699132005,23.25,25.45,23.7,0.7756980438232424,100.0,32.0,177.1699981689453
MSTR,MSTR,2027-03-19,0.873972602739726,C,290.0,0.4927712097031893,22.35,24.7,24.5,0.7746299392700197,358.0,1.0,177.1699981689453
MSTR,MSTR,2027-03-19,0.873972602739726,C,295.0,0.5098656430624894,22.2,23.95,20.8,0.7791159783935546,30.0,12.0,177.1699981689453
MSTR,MSTR,2027-03-19,0.873972602739726,C,300.0,0.5266727613788706,21.3,22.95,22.8,0.7751792501831055,25.0,89.0,177.1699981689453
MSTR,MSTR,2027-03-19,0.873972602739726,C,305.0,0.5432020633300811,20.05,23.2,17.62,0.7781089083862305,2.0,2.0,177.1699981689453
MSTR,MSTR,2027-03-19,0.873972602739726,C,310.0,0.5594625842018615,19.65,22.1,21.5,0.7765525274658205,45.0,9.0,177.1699981689453
MSTR,MSTR,2027-03-19,0.873972602739726,C,315.0,0.5754629255483026,19.05,21.5,21.13,0.7771018383789063,4.0,4.0,177.1699981689453
MSTR,MSTR,2027-03-19,0.873972602739726,C,320.0,0.5912112825164417,18.45,20.9,20.27,0.7772849420166017,1.0,70.0,177.1699981689453
MSTR,MSTR,2027-03-19,0.873972602739726,C,325.0,0.6067154690524069,17.95,20.35,19.84,0.7783530465698242,7.0,223.0,177.1699981689453
MSTR,MSTR,2027-03-19,0.873972602739726,C,330.0,0.6219829411831954,17.3,20.95,14.05,0.7875387457275391,1.0,2.0,177.1699981689453
MSTR,MSTR,2027-03-19,0.873972602739726,C,335.0,0.637020818547736,15.6,20.7,12.9,0.7803671865844727,4.0,2.0,177.1699981689453
MSTR,MSTR,2027-03-19,0.873972602739726,C,340.0,0.6518359043328765,16.0,19.35,15.12,0.7813437393188477,10.0,7.0,177.1699981689453
MSTR,MSTR,2027-03-19,0.873972602739726,C,345.0,0.6664347037540292,16.35,18.3,16.0,0.7842123629760743,1.0,93.0,177.1699981689453
MSTR,MSTR,2027-03-19,0.873972602739726,P,5.0,-3.56767180084323,0.04,0.18,0.04,1.61328318359375,9.0,17.0,177.1699981689453
MSTR,MSTR,2027-03-19,0.873972602739726,P,15.0,-2.4690595121751207,0.0,2.68,1.08,1.6079121166992185,40.0,2.0,177.1699981689453
MSTR,MSTR,2027-03-19,0.873972602739726,P,20.0,-2.1813774397233394,0.0,1.44,0.87,1.241703010253906,,2.0,177.1699981689453
MSTR,MSTR,2027-03-19,0.873972602739726,P,35.0,-1.6217616517879168,1.02,2.73,2.2,1.106205640869141,,1.0,177.1699981689453
MSTR,MSTR,2027-03-19,0.873972602739726,P,40.0,-1.4882302591633942,0.81,3.2,2.08,1.0312548437500002,3.0,52.0,177.1699981689453
MSTR,MSTR,2027-03-19,0.873972602739726,P,45.0,-1.3704472235070106,1.48,3.4,2.44,0.9965820654296875,6.0,10.0,177.1699981689453
MSTR,MSTR,2027-03-19,0.873972602739726,P,50.0,-1.2650867078491843,2.58,3.5,3.05,0.9750979052734375,2.0,12.0,177.1699981689453
MSTR,MSTR,2027-03-19,0.873972602739726,P,55.0,-1.1697765280448595,2.74,4.15,3.7,0.936402003173828,9.0,16.0,177.1699981689453
MSTR,MSTR,2027-03-19,0.873972602739726,P,60.0,-1.0827651510552299,3.75,4.7,4.55,0.922852333984375,5.0,41.0,177.1699981689453
MSTR,MSTR,2027-03-19,0.873972602739726,P,65.0,-1.0027224433816935,4.2,5.45,5.13,0.8956309265136717,1.0,482.0,177.1699981689453
MSTR,MSTR,2027-03-19,0.873972602739726,P,70.0,-0.9286144712279715,5.25,6.25,6.34,0.8839122937011719,2.0,40.0,177.1699981689453
MSTR,MSTR,2027-03-19,0.873972602739726,P,75.0,-0.85962159974102,6.1,6.75,6.95,0.8579726116943358,40.0,298.0,177.1699981689453
MSTR,MSTR,2027-03-19,0.873972602739726,P,80.0,-0.795083078603449,7.15,8.05,7.57,0.8518081225585938,45.0,89.0,177.1699981689453
MSTR,MSTR,2027-03-19,0.873972602739726,P,85.0,-0.734458456787014,8.0,9.65,8.91,0.8439957006835936,1.0,92.0,177.1699981689453
MSTR,MSTR,2027-03-19,0.873972602739726,P,90.0,-0.6773000429470655,8.9,9.95,9.79,0.8122577368164061,4.0,115.0,177.1699981689453
MSTR,MSTR,2027-03-19,0.873972602739726,P,95.0,-0.6232328216767896,9.6,12.2,11.9,0.8086566986083983,4.0,37.0,177.1699981689453
MSTR,MSTR,2027-03-19,0.873972602739726,P,100.0,-0.571939527289239,11.55,12.8,12.85,0.7962056512451172,21.0,70.0,177.1699981689453
MSTR,MSTR,2027-03-19,0.873972602739726,P,105.0,-0.5231493631198071,13.1,14.4,13.35,0.7902242657470704,6.0,26.0,177.1699981689453
MSTR,MSTR,2027-03-19,0.873972602739726,P,110.0,-0.4766293474849142,14.5,15.9,15.45,0.7787802883911132,1.0,97.0,177.1699981689453
MSTR,MSTR,2027-03-19,0.873972602739726,P,115.0,-0.4321775849140805,15.7,18.2,18.28,0.7729820065307618,12.0,72.0,177.1699981689453
MSTR,MSTR,2027-03-19,0.873972602739726,P,120.0,-0.38961797049528457,18.0,19.95,20.6,0.7713951083374023,2.0,28.0,177.1699981689453
MSTR,MSTR,2027-03-19,0.873972602739726,P,125.0,-0.3487959759750294,19.8,20.95,20.32,0.7540307800292969,2.0,232.0,177.1699981689453
MSTR,MSTR,2027-03-19,0.873972602739726,P,130.0,-0.3095752628217481,21.75,23.0,22.4,0.7483240499877931,2.0,63.0,177.1699981689453
MSTR,MSTR,2027-03-19,0.873972602739726,P,135.0,-0.27183493483890103,23.9,25.0,24.45,0.7424036990356445,30.0,19.0,177.1699981689453
MSTR,MSTR,2027-03-19,0.873972602739726,P,140.0,-0.23546729066802619,25.9,27.3,26.65,0.73633076171875,3.0,247.0,177.1699981689453
MSTR,MSTR,2027-03-19,0.873972602739726,P,145.0,-0.20037597085675607,28.1,30.05,28.63,0.7348048980712891,3.0,90.0,177.1699981689453
MSTR,MSTR,2027-03-19,0.873972602739726,P,150.0,-0.1664744191810747,30.6,32.25,31.75,0.7293117889404297,10.0,37.0,177.1699981689453
MSTR,MSTR,2027-03-19,0.873972602739726,P,155.0,-0.1336845963580838,33.35,34.45,33.95,0.7246121289062499,3.0,27.0,177.1699981689453
MSTR,MSTR,2027-03-19,0.873972602739726,P,160.0,-0.10193589804350363,35.95,37.05,36.5,0.72070591796875,1.0,64.0,177.1699981689453
MSTR,MSTR,2027-03-19,0.873972602739726,P,165.0,-0.07116423937674991,38.45,39.9,43.31,0.7167081552124023,1.0,2.0,177.1699981689453
MSTR,MSTR,2027-03-19,0.873972602739726,P,170.0,-0.041311276227068754,41.15,42.8,45.45,0.7135038415527344,8.0,50.0,177.1699981689453
MSTR,MSTR,2027-03-19,0.873972602739726,P,175.0,-0.012323739353816449,44.05,45.35,43.55,0.7078276287841796,1.0,28.0,177.1699981689453
MSTR,MSTR,2027-03-19,0.873972602739726,P,180.0,0.015847137612879886,46.3,48.2,46.95,0.6982452050781252,2.0,10.0,177.1699981689453
MSTR,MSTR,2027-03-19,0.873972602739726,P,185.0,0.043246111800994344,49.1,51.65,51.35,0.696688824157715,1.0,17.0,177.1699981689453
MSTR,MSTR,2027-03-19,0.873972602739726,P,190.0,0.06991435888315568,52.35,54.55,58.25,0.6931793377685547,,17.0,177.1699981689453
MSTR,MSTR,2027-03-19,0.873972602739726,P,195.0,0.09588984528641635,55.2,57.75,64.0,0.6878693322753908,2.0,9.0,177.1699981689453
MSTR,MSTR,2027-03-19,0.873972602739726,P,200.0,0.12120765327070623,58.4,61.1,66.65,0.6853363986206055,1.0,42.0,177.1699981689453
MSTR,MSTR,2027-03-19,0.873972602739726,P,210.0,0.16999781744013825,65.7,67.4,67.1,0.6810944976806643,3.0,24.0,177.1699981689453
MSTR,MSTR,2027-03-19,0.873972602739726,P,220.0,0.21651783307503114,71.45,75.05,77.4,0.6716036257934571,2.0,49.0,177.1699981689453
MSTR,MSTR,2027-03-19,0.873972602739726,P,230.0,0.2609695956458648,79.35,82.15,80.35,0.6706881076049805,76.0,49.0,177.1699981689453
MSTR,MSTR,2027-03-19,0.873972602739726,P,240.0,0.30352921006466077,86.95,89.8,89.6,0.6684298294067385,72.0,25.0,177.1699981689453
MSTR,MSTR,2027-03-19,0.873972602739726,P,250.0,0.3443512045849159,94.45,97.6,95.8,0.6634860311889651,53.0,7.0,177.1699981689453
MSTR,MSTR,2027-03-19,0.873972602739726,P,260.0,0.3835719177381972,101.05,105.85,115.65,0.6520420538330078,2.0,2.0,177.1699981689453
MSTR,MSTR,2027-03-19,0.873972602739726,P,270.0,0.42131224572104425,109.95,114.0,117.55,0.6553074020385744,4.0,2.0,177.1699981689453
MSTR,MSTR,2027-03-19,0.873972602739726,P,280.0,0.45767988989191916,116.4,122.2,131.8,0.6362341064453125,,4.0,177.1699981689453
MSTR,MSTR,2027-03-19,0.873972602739726,P,285.0,0.47537946699132005,120.6,126.4,123.29,0.6345251391601563,,1.0,177.1699981689453
MSTR,MSTR,2027-03-19,0.873972602739726,P,290.0,0.4927712097031893,126.65,130.65,134.55,0.6486241192626954,,1.0,177.1699981689453
MSTR,MSTR,2027-03-19,0.873972602739726,P,300.0,0.5266727613788706,135.2,139.0,147.0,0.6436498037719728,,4.0,177.1699981689453
MSTR,MSTR,2027-03-19,0.873972602739726,P,310.0,0.5594625842018615,141.6,147.8,158.5,0.6203651245117189,,1.0,177.1699981689453
MSTR,MSTR,2027-12-17,1.621917808219178,C,5.0,-3.56767180084323,170.1,177.2,163.5,1.955078349609375,3.0,1908.0,177.1699981689453
MSTR,MSTR,2027-12-17,1.621917808219178,C,30.0,-1.7759123316151753,148.85,156.85,150.0,1.2055703784179688,6.0,79.0,177.1699981689453
MSTR,MSTR,2027-12-17,1.621917808219178,C,35.0,-1.6217616517879168,145.15,152.9,103.75,1.1660197949218751,2.0,5.0,177.1699981689453
MSTR,MSTR,2027-12-17,1.621917808219178,C,40.0,-1.4882302591633942,141.3,148.6,108.5,1.1154219033813475,2.0,48.0,177.1699981689453
MSTR,MSTR,2027-12-17,1.621917808219178,C,45.0,-1.3704472235070106,137.55,144.85,129.75,1.0847824081420896,12.0,15.0,177.1699981689453
MSTR,MSTR,2027-12-17,1.621917808219178,C,50.0,-1.2650867078491843,123.0,132.0,108.44,0.8140887731933593,2.0,76.0,177.1699981689453
MSTR,MSTR,2027-12-17,1.621917808219178,C,55.0,-1.1697765280448595,130.35,137.65,90.48,1.0368700500488286,2.0,107.0,177.1699981689453
MSTR,MSTR,2027-12-17,1.621917808219178,C,60.0,-1.0827651510552299,126.9,134.15,119.3,1.016972688598633,12.0,200.0,177.1699981689453
MSTR,MSTR,2027-12-17,1.621917808219178,C,65.0,-1.0027224433816935,123.25,130.8,128.2,0.9957886163330079,2.0,31.0,177.1699981689453
MSTR,MSTR,2027-12-17,1.621917808219178,C,70.0,-0.9286144712279715,120.2,127.5,117.8,0.9837342935180665,2.0,73.0,177.1699981689453
MSTR,MSTR,2027-12-17,1.621917808219178,C,75.0,-0.85962159974102,117.5,124.3,120.0,0.9763185961914063,1.0,37.0,177.1699981689453
MSTR,MSTR,2027-12-17,1.621917808219178,C,80.0,-0.795083078603449,113.95,121.2,111.0,0.9580692669677733,1.0,31.0,177.1699981689453
MSTR,MSTR,2027-12-17,1.621917808219178,C,85.0,-0.734458456787014,110.9,118.2,110.0,0.9465947723388672,1.0,20.0,177.1699981689453
MSTR,MSTR,2027-12-17,1.621917808219178,C,90.0,-0.6773000429470655,109.55,115.3,97.37,0.9539494351196288,5.0,42.0,177.1699981689453
MSTR,MSTR,2027-12-17,1.621917808219178,C,95.0,-0.6232328216767896,105.1,112.45,103.0,0.9270026831054687,5.0,28.0,177.1699981689453
MSTR,MSTR,2027-12-17,1.621917808219178,C,100.0,-0.571939527289239,101.65,109.65,106.15,0.9112557702636719,12.0,400.0,177.1699981689453
MSTR,MSTR,2027-12-17,1.621917808219178,C,105.0,-0.5231493631198071,101.1,106.95,107.2,0.9236457830810547,5.0,40.0,177.1699981689453
MSTR,MSTR,2027-12-17,1.621917808219178,C,110.0,-0.4766293474849142,97.0,104.35,105.1,0.9022836920166015,2.0,105.0,177.1699981689453
MSTR,MSTR,2027-12-17,1.621917808219178,C,115.0,-0.4321775849140805,96.0,101.8,92.2,0.9086923193359374,2.0,50.0,177.1699981689453
MSTR,MSTR,2027-12-17,1.621917808219178,C,120.0,-0.38961797049528457,93.45,99.3,98.22,0.9007578283691406,2.0,121.0,177.1699981689453
MSTR,MSTR,2027-12-17,1.621917808219178,C,125.0,-0.3487959759750294,90.2,95.0,93.5,0.8719190054321287,3.0,36.0,177.1699981689453
MSTR,MSTR,2027-12-17,1.621917808219178,C,130.0,-0.3095752628217481,87.2,94.55,85.5,0.8760083200073242,2.0,215.0,177.1699981689453
MSTR,MSTR,2027-12-17,1.621917808219178,C,135.0,-0.27183493483890103,84.9,92.25,84.62,0.8700879690551758,4.0,184.0,177.1699981689453
MSTR,MSTR,2027-12-17,1.621917808219178,C,140.0,-0.23546729066802619,84.2,90.05,76.85,0.8762219409179688,30.0,141.0,177.1699981689453
MSTR,MSTR,2027-12-17,1.621917808219178,C,145.0,-0.20037597085675607,82.4,87.6,82.5,0.8713391772460937,3.0,21.0,177.1699981689453
MSTR,MSTR,2027-12-17,1.621917808219178,C,150.0,-0.1664744191810747,78.8,85.8,81.47,0.857697956237793,1.0,218.0,177.1699981689453
MSTR,MSTR,2027-12-17,1.621917808219178,C,155.0,-0.1336845963580838,78.3,82.7,79.47,0.8563857135009765,1.0,43.0,177.1699981689453
MSTR,MSTR,2027-12-17,1.621917808219178,C,160.0,-0.10193589804350363,76.45,81.15,78.78,0.8557143334960937,2.0,99.0,177.1699981689453
MSTR,MSTR,2027-12-17,1.621917808219178,C,165.0,-0.07116423937674991,74.5,79.95,75.95,0.8560805407714844,4.0,44.0,177.1699981689453
MSTR,MSTR,2027-12-17,1.621917808219178,C,170.0,-0.041311276227068754,72.85,76.7,72.8,0.8443008734130859,2.0,104.0,177.1699981689453
MSTR,MSTR,2027-12-17,1.621917808219178,C,175.0,-0.012323739353816449,70.6,76.25,72.45,0.846482858428955,4.0,163.0,177.1699981689453
MSTR,MSTR,2027-12-17,1.621917808219178,C,180.0,0.015847137612879886,68.75,74.35,72.0,0.8413406979370117,8.0,193.0,177.1699981689453
MSTR,MSTR,2027-12-17,1.621917808219178,C,185.0,0.043246111800994344,67.35,71.95,69.62,0.8354508642578123,8.0,1681.0,177.1699981689453
MSTR,MSTR,2027-12-17,1.621917808219178,C,190.0,0.06991435888315568,66.0,69.8,56.9,0.8310716355895995,2.0,335.0,177.1699981689453
MSTR,MSTR,2027-12-17,1.621917808219178,C,195.0,0.09588984528641635,63.75,69.5,58.6,0.8320787055969237,2.0,111.0,177.1699981689453
MSTR,MSTR,2027-12-17,1.621917808219178,C,200.0,0.12120765327070623,62.7,67.3,66.0,0.8283403396606445,63.0,378.0,177.1699981689453
MSTR,MSTR,2027-12-17,1.621917808219178,C,210.0,0.16999781744013825,59.9,65.25,62.52,0.8295610305786132,1.0,145.0,177.1699981689453
MSTR,MSTR,2027-12-17,1.621917808219178,C,220.0,0.21651783307503114,57.35,62.6,58.75,0.8270128382873534,1.0,167.0,177.1699981689453
MSTR,MSTR,2027-12-17,1.621917808219178,C,230.0,0.2609695956458648,54.1,60.05,48.66,0.8195818823242187,13.0,72.0,177.1699981689453
MSTR,MSTR,2027-12-17,1.621917808219178,C,240.0,0.30352921006466077,51.3,57.65,56.4,0.8143329113769531,1.0,309.0,177.1699981689453
MSTR,MSTR,2027-12-17,1.621917808219178,C,250.0,0.3443512045849159,50.05,54.15,52.33,0.810426700439453,15.0,1315.0,177.1699981689453
MSTR,MSTR,2027-12-17,1.621917808219178,C,260.0,0.3835719177381972,47.5,52.95,48.4,0.810976011352539,2.0,268.0,177.1699981689453
MSTR,MSTR,2027-12-17,1.621917808219178,C,270.0,0.42131224572104425,45.95,49.9,49.0,0.805666005859375,1.0,109.0,177.1699981689453
MSTR,MSTR,2027-12-17,1.621917808219178,C,280.0,0.45767988989191916,43.85,49.1,43.22,0.8088092849731444,2.0,141.0,177.1699981689453
MSTR,MSTR,2027-12-17,1.621917808219178,C,290.0,0.4927712097031893,42.6,45.6,42.48,0.8006916903686524,1.0,329.0,177.1699981689453
MSTR,MSTR,2027-12-17,1.621917808219178,C,300.0,0.5266727613788706,40.8,43.7,43.19,0.7975178939819335,36.0,825.0,177.1699981689453
MSTR,MSTR,2027-12-17,1.621917808219178,C,310.0,0.5594625842018615,40.4,42.25,41.6,0.8037434176635742,3.0,163.0,177.1699981689453
MSTR,MSTR,2027-12-17,1.621917808219178,C,320.0,0.5912112825164417,38.15,41.85,31.78,0.8047352290344238,3.0,257.0,177.1699981689453
MSTR,MSTR,2027-12-17,1.621917808219178,C,330.0,0.6219829411831954,35.95,40.35,32.4,0.7991353094482423,2.0,207.0,177.1699981689453
MSTR,MSTR,2027-12-17,1.621917808219178,C,340.0,0.6518359043328765,35.1,38.0,36.8,0.7955953057861327,2.0,177.0,177.1699981689453
MSTR,MSTR,2027-12-17,1.621917808219178,C,350.0,0.6808234412061288,33.9,36.75,34.65,0.7955647885131835,21.0,660.0,177.1699981689453
MSTR,MSTR,2027-12-17,1.621917808219178,C,360.0,0.7089943181728252,32.7,35.75,29.16,0.7963124617004396,2.0,305.0,177.1699981689453
MSTR,MSTR,2027-12-17,1.621917808219178,C,370.0,0.7363932923609396,31.65,34.8,30.84,0.7976094458007812,2.0,354.0,177.1699981689453
MSTR,MSTR,2027-12-17,1.621917808219178,C,380.0,0.763061539443101,30.0,34.55,27.23,0.798906429901123,4.0,556.0,177.1699981689453
MSTR,MSTR,2027-12-17,1.621917808219178,C,390.0,0.7890370258463617,29.9,32.6,18.15,0.79883013671875,1.0,350.0,177.1699981689453
MSTR,MSTR,2027-12-17,1.621917808219178,C,400.0,0.8143548338306515,29.1,31.55,29.72,0.7994099649047851,53.0,1275.0,177.1699981689453
MSTR,MSTR,2027-12-17,1.621917808219178,C,410.0,0.839047446421023,28.15,30.6,31.0,0.7992116026306153,2.0,311.0,177.1699981689453
MSTR,MSTR,2027-12-17,1.621917808219178,C,420.0,0.8631449980000836,26.2,30.6,23.4,0.7982655671691896,2.0,207.0,177.1699981689453
MSTR,MSTR,2027-12-17,1.621917808219178,C,430.0,0.8866754954102777,25.95,29.05,24.68,0.7977467735290527,1.0,3164.0,177.1699981689453
MSTR,MSTR,2027-12-17,1.621917808219178,C,440.0,0.9096650136349764,24.95,29.05,26.0,0.8015766912841795,1.0,133.0,177.1699981689453
MSTR,MSTR,2027-12-17,1.621917808219178,C,450.0,0.932137869487035,24.55,27.45,26.52,0.7990437576293946,2.0,286.0,177.1699981689453
MSTR,MSTR,2027-12-17,1.621917808219178,C,460.0,0.9541167762058101,23.1,27.8,29.9,0.8015461740112304,2.0,177.0,177.1699981689453
MSTR,MSTR,2027-12-17,1.621917808219178,C,470.0,0.9756229814267737,21.6,27.85,23.27,0.8015919499206541,1.0,96.0,177.1699981689453
MSTR,MSTR,2027-12-17,1.621917808219178,C,480.0,0.9966763906246061,20.95,26.95,20.8,0.8006611730957032,2.0,97.0,177.1699981689453
MSTR,MSTR,2027-12-17,1.621917808219178,C,490.0,1.0172956778273419,21.15,25.65,13.75,0.802187036743164,2.0,64.0,177.1699981689453
MSTR,MSTR,2027-12-17,1.621917808219178,C,500.0,1.0374983851448611,21.75,23.0,23.0,0.7974568594360351,94.0,1279.0,177.1699981689453
MSTR,MSTR,2027-12-17,1.621917808219178,C,510.0,1.057301012441041,20.3,24.7,13.15,0.806917214050293,2.0,55.0,177.1699981689453
MSTR,MSTR,2027-12-17,1.621917808219178,C,520.0,1.0767190982981425,19.45,23.4,18.19,0.8008747940063475,2.0,128.0,177.1699981689453
MSTR,MSTR,2027-12-17,1.621917808219178,C,530.0,1.095767293268837,18.2,24.15,9.71,0.8051166949462891,3.0,86.0,177.1699981689453
MSTR,MSTR,2027-12-17,1.621917808219178,C,540.0,1.1144594262809895,17.7,23.1,9.74,0.8023091058349607,1.0,90.0,177.1699981689453
MSTR,MSTR,2027-12-17,1.621917808219178,C,550.0,1.1328085649491861,17.85,23.25,17.26,0.8113727359008788,2.0,202.0,177.1699981689453
MSTR,MSTR,2027-12-17,1.621917808219178,C,560.0,1.1508270704518644,16.75,22.75,15.15,0.8077259217834474,4.0,240.0,177.1699981689453
MSTR,MSTR,2027-12-17,1.621917808219178,C,570.0,1.1685266475512655,16.35,22.25,17.93,0.8084430776977539,3.0,60.0,177.1699981689453
MSTR,MSTR,2027-12-17,1.621917808219178,C,580.0,1.1859183902631345,15.9,21.55,17.5,0.8072681626892089,4.0,1081.0,177.1699981689453
MSTR,MSTR,2027-12-17,1.621917808219178,C,590.0,1.2030128236224347,16.1,19.95,17.02,0.8041096249389649,1.0,79.0,177.1699981689453
MSTR,MSTR,2027-12-17,1.621917808219178,C,600.0,1.2198199419388158,17.05,18.95,18.0,0.8100299758911131,3.0,3336.0,177.1699981689453
MSTR,MSTR,2027-12-17,1.621917808219178,C,610.0,1.2363492438900265,15.35,19.6,8.55,0.8088398022460936,2.0,95.0,177.1699981689453
MSTR,MSTR,2027-12-17,1.621917808219178,C,620.0,1.2526097647618069,15.0,19.65,15.02,0.8127460131835937,3.0,55.0,177.1699981689453
MSTR,MSTR,2027-12-17,1.621917808219178,C,630.0,1.268610106108248,14.65,19.3,14.9,0.8136615313720703,2.0,114.0,177.1699981689453
MSTR,MSTR,2027-12-17,1.621917808219178,C,640.0,1.284358463076387,15.15,18.95,17.03,0.820466883239746,2.0,192.0,177.1699981689453
MSTR,MSTR,2027-12-17,1.621917808219178,C,650.0,1.2998626496123522,15.15,17.3,14.65,0.8142413595581054,1.0,791.0,177.1699981689453
MSTR,MSTR,2027-12-17,1.621917808219178,C,660.0,1.3151301217431406,14.15,17.7,14.34,0.8153704986572266,1.0,176.0,177.1699981689453
MSTR,MSTR,2027-12-17,1.621917808219178,C,670.0,1.3301679991076811,14.7,16.7,8.12,0.8174456732177733,1.0,3635.0,177.1699981689453
MSTR,MSTR,2027-12-17,1.621917808219178,C,680.0,1.344983084892822,12.55,18.1,17.5,0.8171710177612304,1.0,201.0,177.1699981689453
MSTR,MSTR,2027-12-17,1.621917808219178,C,690.0,1.3595818843139746,13.85,16.35,14.44,0.8189715368652342,2.0,252.0,177.1699981689453
MSTR,MSTR,2027-12-17,1.621917808219178,C,700.0,1.373970621766074,14.2,15.75,14.37,0.8221758505249023,2.0,725.0,177.1699981689453
MSTR,MSTR,2027-12-17,1.621917808219178,C,710.0,1.3881552567580306,13.55,15.45,13.68,0.81991757232666,4.0,785.0,177.1699981689453
MSTR,MSTR,2027-12-17,1.621917808219178,C,720.0,1.4021414987327705,11.55,16.95,13.19,0.8209551596069334,1.0,220.0,177.1699981689453
MSTR,MSTR,2027-12-17,1.621917808219178,C,730.0,1.4159348208651061,11.8,16.65,7.2,0.8253496469116209,2.0,37.0,177.1699981689453
MSTR,MSTR,2027-12-17,1.621917808219178,C,740.0,1.429540472920885,8.7,16.8,9.3,0.80664255859375,2.0,74.0,177.1699981689453
MSTR,MSTR,2027-12-17,1.621917808219178,C,750.0,1.4429634932530255,10.85,15.4,13.25,0.8172930868530272,3.0,443.0,177.1699981689453
MSTR,MSTR,2027-12-17,1.621917808219178,C,760.0,1.4562087200030462,10.65,14.0,10.35,0.8087787677001952,1.0,243.0,177.1699981689453
MSTR,MSTR,2027-12-17,1.621917808219178,C,770.0,1.4692808015703989,10.45,15.65,12.61,0.8250749914550779,20.0,65.0,177.1699981689453
MSTR,MSTR,2027-12-17,1.621917808219178,C,780.0,1.4821842064063069,10.3,15.45,12.27,0.826600855102539,2.0,27.0,177.1699981689453
MSTR,MSTR,2027-12-17,1.621917808219178,C,790.0,1.4949232321837367,11.6,15.2,12.02,0.8394181097412108,2.0,228.0,177.1699981689453
MSTR,MSTR,2027-12-17,1.621917808219178,C,800.0,1.5075020143905968,11.6,13.35,10.7,0.8285844778442382,2.0,718.0,177.1699981689453
MSTR,MSTR,2027-12-17,1.621917808219178,C,810.0,1.5199245343891539,11.35,13.45,11.9,0.8314836187744139,1.0,306.0,177.1699981689453
MSTR,MSTR,2027-12-17,1.621917808219178,C,820.0,1.5321946269809683,11.0,13.5,12.28,0.8331010342407225,112.0,91.0,177.1699981689453
MSTR,MSTR,2027-12-17,1.621917808219178,C,830.0,1.544315987513313,10.6,13.0,11.08,0.8294999960327148,2.0,877.0,177.1699981689453
MSTR,MSTR,2027-12-17,1.621917808219178,C,840.0,1.5562921785600288,10.4,12.9,11.1,0.8309037905883788,6.0,313.0,177.1699981689453
MSTR,MSTR,2027-12-17,1.621917808219178,C,850.0,1.5681266362070316,10.25,12.6,11.3,0.8309037905883788,2.0,466.0,177.1699981689453
MSTR,MSTR,2027-12-17,1.621917808219178,C,860.0,1.579822675970223,10.6,12.15,9.39,0.8338639660644529,2.0,659.0,177.1699981689453
MSTR,MSTR,2027-12-17,1.621917808219178,C,870.0,1.5913834983712989,10.25,12.15,11.02,0.8345963806152341,506.0,304.0,177.1699981689453
MSTR,MSTR,2027-12-17,1.621917808219178,C,880.0,1.6028121941949218,10.25,11.8,9.35,0.8352372433471679,4.0,430.0,177.1699981689453
MSTR,MSTR,2027-12-17,1.621917808219178,C,890.0,1.614111749448855,10.05,11.8,10.7,0.8371293142700195,3.0,467.0,177.1699981689453
MSTR,MSTR,2027-12-17,1.621917808219178,C,900.0,1.6252850500469804,10.0,11.35,10.95,0.8362443133544921,11.0,2734.0,177.1699981689453
MSTR,MSTR,2027-12-17,1.621917808219178,C,910.0,1.6363348862335652,9.75,11.35,10.82,0.8375260388183592,6.0,4422.0,177.1699981689453
MSTR,MSTR,2027-12-17,1.621917808219178,P,5.0,-3.56767180084323,0.1,0.21,0.17,1.2421912890624998,1.0,4644.0,177.1699981689453
MSTR,MSTR,2027-12-17,1.621917808219178,P,10.0,-2.874524620283285,0.28,0.65,0.6,1.1464886425781249,6.0,2226.0,177.1699981689453
MSTR,MSTR,2027-12-17,1.621917808219178,P,15.0,-2.4690595121751207,0.82,1.13,0.87,1.105961501464844,4.0,8785.0,177.1699981689453
MSTR,MSTR,2027-12-17,1.621917808219178,P,20.0,-2.1813774397233394,1.3,1.71,1.65,1.0556687841796877,4.0,1562.0,177.1699981689453
MSTR,MSTR,2027-12-17,1.621917808219178,P,25.0,-1.9582338884091297,1.93,2.15,2.1,1.0068409033203123,1.0,480.0,177.1699981689453
MSTR,MSTR,2027-12-17,1.621917808219178,P,30.0,-1.7759123316151753,2.35,3.05,3.0,0.9726565234375,3.0,716.0,177.1699981689453
MSTR,MSTR,2027-12-17,1.621917808219178,P,35.0,-1.6217616517879168,3.3,3.85,3.51,0.9537358142089842,2.0,4968.0,177.1699981689453
MSTR,MSTR,2027-12-17,1.621917808219178,P,40.0,-1.4882302591633942,3.95,4.7,4.6,0.922974403076172,70.0,515.0,177.1699981689453
MSTR,MSTR,2027-12-17,1.621917808219178,P,45.0,-1.3704472235070106,4.25,6.55,8.4,0.9096688720703124,12.0,110.0,177.1699981689453
MSTR,MSTR,2027-12-17,1.621917808219178,P,50.0,-1.2650867078491843,6.1,6.85,6.4,0.8928233374023438,18.0,12357.0,177.1699981689453
MSTR,MSTR,2027-12-17,1.621917808219178,P,55.0,-1.1697765280448595,7.3,8.1,7.55,0.8800671173095702,301.0,650.0,177.1699981689453
MSTR,MSTR,2027-12-17,1.621917808219178,P,60.0,-1.0827651510552299,8.05,9.5,13.0,0.8596205444335938,1.0,186.0,177.1699981689453
MSTR,MSTR,2027-12-17,1.621917808219178,P,65.0,-1.0027224433816935,9.55,11.5,10.65,0.8605970971679688,2.0,190.0,177.1699981689453
MSTR,MSTR,2027-12-17,1.621917808219178,P,70.0,-0.9286144712279715,10.85,12.2,11.65,0.8354508642578123,6.0,220.0,177.1699981689453
MSTR,MSTR,2027-12-17,1.621917808219178,P,75.0,-0.85962159974102,12.45,13.7,14.2,0.825929475097656,50.0,531.0,177.1699981689453
MSTR,MSTR,2027-12-17,1.621917808219178,P,80.0,-0.795083078603449,14.0,15.35,15.8,0.8160418786621093,5.0,601.0,177.1699981689453
MSTR,MSTR,2027-12-17,1.621917808219178,P,85.0,-0.734458456787014,15.55,17.6,17.95,0.8118915295410156,61.0,119.0,177.1699981689453
MSTR,MSTR,2027-12-17,1.621917808219178,P,90.0,-0.6773000429470655,17.35,18.8,20.6,0.7969991003417969,64.0,262.0,177.1699981689453
MSTR,MSTR,2027-12-17,1.621917808219178,P,95.0,-0.6232328216767896,19.4,20.6,19.7,0.7904684039306642,25.0,2371.0,177.1699981689453
MSTR,MSTR,2027-12-17,1.621917808219178,P,100.0,-0.571939527289239,21.0,22.65,22.3,0.7806418420410157,5.0,2890.0,177.1699981689453
MSTR,MSTR,2027-12-17,1.621917808219178,P,105.0,-0.5231493631198071,22.9,24.95,26.4,0.7750876983642578,14.0,333.0,177.1699981689453
MSTR,MSTR,2027-12-17,1.621917808219178,P,110.0,-0.4766293474849142,25.0,26.7,25.6,0.7652306192016601,120.0,943.0,177.1699981689453
MSTR,MSTR,2027-12-17,1.621917808219178,P,115.0,-0.4321775849140805,27.05,29.7,29.7,0.7648949291992189,1.0,213.0,177.1699981689453
MSTR,MSTR,2027-12-17,1.621917808219178,P,120.0,-0.38961797049528457,29.4,31.0,33.2,0.7516199154663085,1.0,461.0,177.1699981689453
MSTR,MSTR,2027-12-17,1.621917808219178,P,125.0,-0.3487959759750294,31.7,33.85,33.71,0.749849913635254,2.0,442.0,177.1699981689453
MSTR,MSTR,2027-12-17,1.621917808219178,P,130.0,-0.3095752628217481,33.25,35.85,37.55,0.7347133462524414,5.0,208.0,177.1699981689453
MSTR,MSTR,2027-12-17,1.621917808219178,P,135.0,-0.27183493483890103,36.45,38.75,41.0,0.7381923153686524,2.0,380.0,177.1699981689453
MSTR,MSTR,2027-12-17,1.621917808219178,P,140.0,-0.23546729066802619,39.05,42.2,43.07,0.7400080931091306,6.0,187.0,177.1699981689453
MSTR,MSTR,2027-12-17,1.621917808219178,P,145.0,-0.20037597085675607,41.75,43.8,42.95,0.7284573052978516,1.0,84.0,177.1699981689453
MSTR,MSTR,2027-12-17,1.621917808219178,P,150.0,-0.1664744191810747,44.45,46.65,50.3,0.7250241120910645,100.0,628.0,177.1699981689453
MSTR,MSTR,2027-12-17,1.621917808219178,P,155.0,-0.1336845963580838,47.05,49.2,52.0,0.7181729843139649,1.0,149.0,177.1699981689453
MSTR,MSTR,2027-12-17,1.621917808219178,P,160.0,-0.10193589804350363,49.7,52.25,51.35,0.7143278079223633,1.0,123.0,177.1699981689453
MSTR,MSTR,2027-12-17,1.621917808219178,P,165.0,-0.07116423937674991,52.6,54.65,55.9,0.7072478005981445,1.0,114.0,177.1699981689453
MSTR,MSTR,2027-12-17,1.621917808219178,P,170.0,-0.041311276227068754,55.6,57.95,57.25,0.7059355578613282,1.0,211.0,177.1699981689453
MSTR,MSTR,2027-12-17,1.621917808219178,P,175.0,-0.012323739353816449,58.95,60.85,59.82,0.7036009864807129,2.0,185.0,177.1699981689453
MSTR,MSTR,2027-12-17,1.621917808219178,P,180.0,0.015847137612879886,61.2,65.1,63.5,0.702151416015625,1.0,91.0,177.1699981689453
MSTR,MSTR,2027-12-17,1.621917808219178,P,185.0,0.043246111800994344,64.25,67.4,70.25,0.6931793377685547,2.0,225.0,177.1699981689453
MSTR,MSTR,2027-12-17,1.621917808219178,P,190.0,0.06991435888315568,67.95,70.25,70.45,0.690905800933838,2.0,175.0,177.1699981689453
MSTR,MSTR,2027-12-17,1.621917808219178,P,195.0,0.09588984528641635,70.6,74.0,79.75,0.6871979522705078,2.0,142.0,177.1699981689453
MSTR,MSTR,2027-12-17,1.621917808219178,P,200.0,0.12120765327070623,74.35,76.95,75.05,0.6847107945251465,3.0,931.0,177.1699981689453
MSTR,MSTR,2027-12-17,1.621917808219178,P,210.0,0.16999781744013825,81.2,83.6,83.82,0.6788057022094728,31.0,258.0,177.1699981689453
MSTR,MSTR,2027-12-17,1.621917808219178,P,220.0,0.21651783307503114,87.7,90.85,95.29,0.672427592163086,2.0,229.0,177.1699981689453
MSTR,MSTR,2027-12-17,1.621917808219178,P,230.0,0.2609695956458648,95.05,97.8,98.25,0.667392242126465,2.0,784.0,177.1699981689453
MSTR,MSTR,2027-12-17,1.621917808219178,P,240.0,0.30352921006466077,102.15,105.25,108.1,0.6620669779968262,2.0,119.0,177.1699981689453
MSTR,MSTR,2027-12-17,1.621917808219178,P,250.0,0.3443512045849159,109.5,112.65,110.65,0.6562839547729493,6.0,295.0,177.1699981689453
MSTR,MSTR,2027-12-17,1.621917808219178,P,260.0,0.3835719177381972,117.15,120.35,118.15,0.6523167092895509,8.0,138.0,177.1699981689453
MSTR,MSTR,2027-12-17,1.621917808219178,P,270.0,0.42131224572104425,123.95,128.2,132.3,0.6430547169494629,3.0,154.0,177.1699981689453
MSTR,MSTR,2027-12-17,1.621917808219178,P,280.0,0.45767988989191916,131.75,137.55,136.55,0.6463963583374023,1.0,109.0,177.1699981689453
MSTR,MSTR,2027-12-17,1.621917808219178,P,290.0,0.4927712097031893,138.65,144.3,175.85,0.628757374572754,3.0,46.0,177.1699981689453
MSTR,MSTR,2027-12-17,1.621917808219178,P,300.0,0.5266727613788706,146.6,153.0,151.17,0.6267737518310548,1.0,236.0,177.1699981689453
MSTR,MSTR,2027-12-17,1.621917808219178,P,310.0,0.5594625842018615,155.65,160.8,159.95,0.6247901290893555,2.0,81.0,177.1699981689453
MSTR,MSTR,2027-12-17,1.621917808219178,P,320.0,0.5912112825164417,163.85,169.1,177.55,0.6196632272338869,2.0,297.0,177.1699981689453
MSTR,MSTR,2027-12-17,1.621917808219178,P,330.0,0.6219829411831954,171.65,177.5,177.8,0.611576149902344,5.0,134.0,177.1699981689453
MSTR,MSTR,2027-12-17,1.621917808219178,P,340.0,0.6518359043328765,180.15,186.05,185.77,0.6074563180541993,10.0,72.0,177.1699981689453
MSTR,MSTR,2027-12-17,1.621917808219178,P,350.0,0.6808234412061288,188.8,194.45,195.73,0.6022988989257814,1.0,187.0,177.1699981689453
MSTR,MSTR,2027-12-17,1.621917808219178,P,360.0,0.7089943181728252,197.45,203.7,242.89,0.6015359671020509,1.0,207.0,177.1699981689453
MSTR,MSTR,2027-12-17,1.621917808219178,P,370.0,0.7363932923609396,206.25,213.75,232.35,0.6061135580444338,2.0,209.0,177.1699981689453
MSTR,MSTR,2027-12-17,1.621917808219178,P,380.0,0.763061539443101,215.05,222.55,254.04,0.601810622558594,2.0,153.0,177.1699981689453
MSTR,MSTR,2027-12-17,1.621917808219178,P,390.0,0.7890370258463617,224.0,230.6,230.25,0.5924418197631837,2.0,52.0,177.1699981689453
MSTR,MSTR,2027-12-17,1.621917808219178,P,400.0,0.8143548338306515,233.0,239.65,250.62,0.5892832820129397,5.0,477.0,177.1699981689453
MSTR,MSTR,2027-12-17,1.621917808219178,P,410.0,0.839047446421023,242.0,249.4,260.06,0.5903971624755859,10.0,58.0,177.1699981689453
MSTR,MSTR,2027-12-17,1.621917808219178,P,420.0,0.8631449980000836,251.0,258.45,269.55,0.5856975024414062,5.0,50.0,177.1699981689453
MSTR,MSTR,2027-12-17,1.621917808219178,P,430.0,0.8866754954102777,260.1,267.55,303.0,0.5812724978637696,6.0,51.0,177.1699981689453
MSTR,MSTR,2027-12-17,1.621917808219178,P,440.0,0.9096650136349764,269.25,276.7,279.94,0.5767864587402343,30.0,47.0,177.1699981689453
MSTR,MSTR,2027-12-17,1.621917808219178,P,450.0,0.932137869487035,278.5,285.95,327.03,0.5730633514404297,2.0,184.0,177.1699981689453
MSTR,MSTR,2027-12-17,1.621917808219178,P,460.0,0.9541167762058101,288.0,294.65,336.5,0.5659528268432618,2.0,11.0,177.1699981689453
MSTR,MSTR,2027-12-17,1.621917808219178,P,480.0,0.9966763906246061,340.15,346.35,317.75,0.9934693035888673,6.0,18.0,177.1699981689453
MSTR,MSTR,2027-12-17,1.621917808219178,P,490.0,1.0172956778273419,326.0,334.0,358.87,0.7223233334350586,2.0,96.0,177.1699981689453
MSTR,MSTR,2027-12-17,1.621917808219178,P,500.0,1.0374983851448611,325.25,332.65,347.4,0.5510909149169922,1.0,149.0,177.1699981689453
MSTR,MSTR,2027-12-17,1.621917808219178,P,510.0,1.057301012441041,345.0,353.0,375.95,0.7241238525390624,19.0,27.0,177.1699981689453
MSTR,MSTR,2027-12-17,1.621917808219178,P,520.0,1.0767190982981425,344.2,351.6,357.4,0.5418136639404298,2.0,10.0,177.1699981689453
MSTR,MSTR,2027-12-17,1.621917808219178,P,530.0,1.095767293268837,382.0,400.0,399.4,1.009022899246216,6.0,16.0,177.1699981689453
MSTR,MSTR,2027-12-17,1.621917808219178,P,540.0,1.1144594262809895,381.15,385.4,322.35,0.8040485903930664,2.0,3.0,177.1699981689453
MSTR,MSTR,2027-12-17,1.621917808219178,P,550.0,1.1328085649491861,373.0,380.25,387.98,0.5288133056640626,1.0,1.0,177.1699981689453
MSTR,MSTR,2027-12-17,1.621917808219178,P,570.0,1.1685266475512655,392.15,399.5,396.29,0.5171557073974609,2.0,1.0,177.1699981689453
MSTR,MSTR,2027-12-17,1.621917808219178,P,590.0,1.2030128236224347,431.9,432.3,417.7,0.8223589541625976,4.0,0.0,177.1699981689453
MSTR,MSTR,2027-12-17,1.621917808219178,P,600.0,1.2198199419388158,462.35,476.05,435.35,1.1507153060150144,1.0,1.0,177.1699981689453
MSTR,MSTR,2027-12-17,1.621917808219178,P,620.0,1.2526097647618069,441.0,448.1,445.5,0.6059609716796877,2.0,12.0,177.1699981689453
MSTR,MSTR,2027-12-17,1.621917808219178,P,630.0,1.268610106108248,451.0,457.85,453.25,0.6052285571289064,20.0,10.0,177.1699981689453
MSTR,MSTR,2027-12-17,1.621917808219178,P,650.0,1.2998626496123522,470.15,477.5,473.15,0.6066933862304689,2.0,3.0,177.1699981689453
MSTR,MSTR,2027-12-17,1.621917808219178,P,660.0,1.3151301217431406,480.55,487.35,484.75,0.6077920080566408,2.0,1.0,177.1699981689453
MSTR,MSTR,2027-12-17,1.621917808219178,P,670.0,1.3301679991076811,489.85,497.2,494.6,0.6086464916992189,118.0,58.0,177.1699981689453
MSTR,MSTR,2027-12-17,1.621917808219178,P,680.0,1.344983084892822,499.7,507.05,502.2,0.6093483889770509,88.0,44.0,177.1699981689453
MSTR,MSTR,2027-12-17,1.621917808219178,P,690.0,1.3595818843139746,509.65,516.95,512.85,0.6112709771728517,204.0,102.0,177.1699981689453
MSTR,MSTR,2027-12-17,1.621917808219178,P,700.0,1.373970621766074,519.5,526.85,521.65,0.6130409790039064,20.0,10.0,177.1699981689453
MSTR,MSTR,2027-12-17,1.621917808219178,P,710.0,1.3881552567580306,529.45,536.75,532.45,0.6146278771972657,52.0,26.0,177.1699981689453
MSTR,MSTR,2027-12-17,1.621917808219178,P,720.0,1.4021414987327705,538.95,546.95,541.6,0.6246985772705078,2.0,1.0,177.1699981689453
MSTR,MSTR,2027-12-17,1.621917808219178,P,730.0,1.4159348208651061,594.0,614.0,562.59,1.2795141004943844,1.0,0.0,177.1699981689453
MSTR,MSTR,2027-12-17,1.621917808219178,P,740.0,1.429540472920885,572.0,590.4,564.48,0.892853854675293,4.0,0.0,177.1699981689453
MSTR,MSTR,2027-12-17,1.621917808219178,P,750.0,1.4429634932530255,582.0,599.95,575.0,0.8944407528686523,8.0,0.0,177.1699981689453
MSTR,MSTR,2027-12-17,1.621917808219178,P,760.0,1.4562087200030462,593.15,609.25,583.27,0.9022836920166015,35.0,0.0,177.1699981689453
MSTR,MSTR,2027-12-17,1.621917808219178,P,770.0,1.4692808015703989,588.7,596.7,592.85,0.6385229019165038,2.0,0.0,177.1699981689453
MSTR,MSTR,2027-12-17,1.621917808219178,P,780.0,1.4821842064063069,612.0,629.6,609.88,0.9057626611328125,9.0,0.0,177.1699981689453
MSTR,MSTR,2027-12-17,1.621917808219178,P,790.0,1.4949232321837367,621.3,639.5,619.72,0.9044809356689454,7.0,0.0,177.1699981689453
MSTR,MSTR,2027-12-17,1.621917808219178,P,800.0,1.5075020143905968,628.0,652.0,635.0,0.9031076583862304,1.0,0.0,177.1699981689453
MSTR,MSTR,2027-12-17,1.621917808219178,P,820.0,1.5321946269809683,650.0,672.0,642.11,0.9260261303710937,10.0,0.0,177.1699981689453
MSTR,MSTR,2027-12-17,1.621917808219178,P,830.0,1.544315987513313,662.0,680.0,653.08,0.9302069967651367,8.0,0.0,177.1699981689453
MSTR,MSTR,2027-12-17,1.621917808219178,P,840.0,1.5562921785600288,672.0,692.0,661.08,0.9484868432617187,6.0,0.0,177.1699981689453
MSTR,MSTR,2027-12-17,1.621917808219178,P,850.0,1.5681266362070316,682.0,702.0,651.91,0.9525761578369141,1.0,0.0,177.1699981689453
MSTR,MSTR,2027-12-17,1.621917808219178,P,860.0,1.579822675970223,696.0,710.0,688.89,0.9704897970581053,1.0,0.0,177.1699981689453
MSTR,MSTR,2027-12-17,1.621917808219178,P,870.0,1.5913834983712989,702.0,720.0,618.95,0.9464116687011719,4.0,0.0,177.1699981689453
MSTR,MSTR,2027-12-17,1.621917808219178,P,900.0,1.6252850500469804,728.0,738.0,762.0,0.8297136169433592,5.0,0.0,177.1699981689453
MSTR,MSTR,2027-12-17,1.621917808219178,P,910.0,1.6363348862335652,760.0,780.0,740.0,1.2018472525024415,1.0,0.0,177.1699981689453
MSTR,MSTR,2028-12-15,2.6191780821917807,C,5.0,-3.56767180084323,165.5,180.5,175.83,1.3217807348632813,3.0,5555.0,177.1699981689453
MSTR,MSTR,2028-12-15,2.6191780821917807,C,10.0,-2.874524620283285,161.9,176.5,159.89,1.2395057556152342,3.0,3.0,177.1699981689453
MSTR,MSTR,2028-12-15,2.6191780821917807,C,15.0,-2.4690595121751207,158.2,172.0,119.09,1.133305114746094,1.0,4.0,177.1699981689453
MSTR,MSTR,2028-12-15,2.6191780821917807,C,20.0,-2.1813774397233394,154.6,169.5,152.5,1.1431927606201173,1.0,4.0,177.1699981689453
MSTR,MSTR,2028-12-15,2.6191780821917807,C,25.0,-1.9582338884091297,155.0,166.5,153.51,1.2408485223388668,1.0,1.0,177.1699981689453
MSTR,MSTR,2028-12-15,2.6191780821917807,C,30.0,-1.7759123316151753,151.0,161.0,163.45,1.1165815655517577,1.0,8.0,177.1699981689453
MSTR,MSTR,2028-12-15,2.6191780821917807,C,35.0,-1.6217616517879168,148.0,158.0,140.62,1.0974166223144532,2.0,4.0,177.1699981689453
MSTR,MSTR,2028-12-15,2.6191780821917807,C,40.0,-1.4882302591633942,145.0,154.0,152.44,1.057499829711914,1.0,8.0,177.1699981689453
MSTR,MSTR,2028-12-15,2.6191780821917807,C,45.0,-1.3704472235070106,142.0,151.0,129.15,1.038701095581055,2.0,9.0,177.1699981689453
MSTR,MSTR,2028-12-15,2.6191780821917807,C,50.0,-1.2650867078491843,140.95,148.0,143.0,1.0498094384765626,4.0,115.0,177.1699981689453
MSTR,MSTR,2028-12-15,2.6191780821917807,C,60.0,-1.0827651510552299,133.0,143.0,125.5,0.9943237872314454,38.0,29.0,177.1699981689453
MSTR,MSTR,2028-12-15,2.6191780821917807,C,65.0,-1.0027224433816935,131.0,140.0,123.45,0.98672498626709,2.0,8.0,177.1699981689453
MSTR,MSTR,2028-12-15,2.6191780821917807,C,70.0,-0.9286144712279715,128.0,137.0,117.25,0.9666751379394531,10.0,23.0,177.1699981689453
MSTR,MSTR,2028-12-15,2.6191780821917807,C,75.0,-0.85962159974102,126.0,135.0,111.1,0.9683841052246094,3.0,7.0,177.1699981689453
MSTR,MSTR,2028-12-15,2.6191780821917807,C,80.0,-0.795083078603449,125.0,132.0,111.71,0.968201001586914,1.0,167.0,177.1699981689453
MSTR,MSTR,2028-12-15,2.6191780821917807,C,85.0,-0.734458456787014,121.0,130.0,125.0,0.9475713250732423,3.0,10.0,177.1699981689453
MSTR,MSTR,2028-12-15,2.6191780821917807,C,90.0,-0.6773000429470655,118.0,127.0,110.49,0.927613028564453,21.0,57.0,177.1699981689453
MSTR,MSTR,2028-12-15,2.6191780821917807,C,95.0,-0.6232328216767896,116.0,125.0,109.83,0.9254463021850586,35.0,31.0,177.1699981689453
MSTR,MSTR,2028-12-15,2.6191780821917807,C,100.0,-0.571939527289239,114.0,123.0,116.25,0.9223640576171875,3.0,468.0,177.1699981689453
MSTR,MSTR,2028-12-15,2.6191780821917807,C,105.0,-0.5231493631198071,113.9,120.0,116.0,0.9256599230957032,2.0,198.0,177.1699981689453
MSTR,MSTR,2028-12-15,2.6191780821917807,C,110.0,-0.4766293474849142,111.7,117.65,108.27,0.9166878448486329,3.0,170.0,177.1699981689453
MSTR,MSTR,2028-12-15,2.6191780821917807,C,115.0,-0.4321775849140805,109.0,116.0,109.17,0.9089669747924803,2.0,30.0,177.1699981689453
MSTR,MSTR,2028-12-15,2.6191780821917807,C,120.0,-0.38961797049528457,107.3,114.0,110.48,0.9056405920410155,2.0,200.0,177.1699981689453
MSTR,MSTR,2028-12-15,2.6191780821917807,C,125.0,-0.3487959759750294,105.95,111.9,108.1,0.9035349002075196,3.0,231.0,177.1699981689453
MSTR,MSTR,2028-12-15,2.6191780821917807,C,130.0,-0.3095752628217481,104.05,110.25,107.24,0.9002085174560546,2.0,316.0,177.1699981689453
MSTR,MSTR,2028-12-15,2.6191780821917807,C,135.0,-0.27183493483890103,102.0,109.0,106.25,0.8980723083496092,5.0,539.0,177.1699981689453
MSTR,MSTR,2028-12-15,2.6191780821917807,C,140.0,-0.23546729066802619,100.35,105.95,104.5,0.886445227355957,95.0,242.0,177.1699981689453
MSTR,MSTR,2028-12-15,2.6191780821917807,C,145.0,-0.20037597085675607,98.35,105.0,103.47,0.8858501405334473,3.0,48.0,177.1699981689453
MSTR,MSTR,2028-12-15,2.6191780821917807,C,150.0,-0.1664744191810747,97.0,102.35,100.3,0.8782971154785155,6.0,235.0,177.1699981689453
MSTR,MSTR,2028-12-15,2.6191780821917807,C,155.0,-0.1336845963580838,95.25,101.7,90.75,0.8802502209472656,2.0,29.0,177.1699981689453
MSTR,MSTR,2028-12-15,2.6191780821917807,C,160.0,-0.10193589804350363,93.55,99.65,96.58,0.8736890072631834,12.0,91.0,177.1699981689453
MSTR,MSTR,2028-12-15,2.6191780821917807,C,165.0,-0.07116423937674991,92.6,97.0,95.48,0.8677991735839843,4.0,87.0,177.1699981689453
MSTR,MSTR,2028-12-15,2.6191780821917807,C,170.0,-0.041311276227068754,90.8,95.1,97.4,0.8611769253540039,15.0,762.0,177.1699981689453
MSTR,MSTR,2028-12-15,2.6191780821917807,C,175.0,-0.012323739353816449,89.2,94.1,87.72,0.8605360626220704,6.0,138.0,177.1699981689453
MSTR,MSTR,2028-12-15,2.6191780821917807,C,180.0,0.015847137612879886,87.7,93.45,90.29,0.8620619262695313,2.0,249.0,177.1699981689453
MSTR,MSTR,2028-12-15,2.6191780821917807,C,185.0,0.043246111800994344,86.4,92.95,88.0,0.865113653564453,2.0,53.0,177.1699981689453
MSTR,MSTR,2028-12-15,2.6191780821917807,C,190.0,0.06991435888315568,85.55,89.9,78.44,0.8564620066833495,1.0,208.0,177.1699981689453
MSTR,MSTR,2028-12-15,2.6191780821917807,C,195.0,0.09588984528641635,83.0,90.0,77.55,0.8554396780395508,51.0,51.0,177.1699981689453
MSTR,MSTR,2028-12-15,2.6191780821917807,C,200.0,0.12120765327070623,82.85,86.95,85.87,0.8502059657287597,30.0,1129.0,177.1699981689453
MSTR,MSTR,2028-12-15,2.6191780821917807,C,205.0,0.14590026586107774,81.0,87.45,82.69,0.8544020907592774,35.0,42.0,177.1699981689453
MSTR,MSTR,2028-12-15,2.6191780821917807,C,210.0,0.16999781744013825,80.0,86.25,74.35,0.8538985557556154,8.0,104.0,177.1699981689453
MSTR,MSTR,2028-12-15,2.6191780821917807,C,215.0,0.19352831485033237,79.4,85.5,81.05,0.8574690766906738,1.0,12.0,177.1699981689453
MSTR,MSTR,2028-12-15,2.6191780821917807,C,220.0,0.21651783307503114,77.25,83.4,80.95,0.846131909790039,2.0,93.0,177.1699981689453
MSTR,MSTR,2028-12-15,2.6191780821917807,C,225.0,0.23899068892708972,76.5,82.25,78.9,0.8464981170654295,131.0,122.0,177.1699981689453
MSTR,MSTR,2028-12-15,2.6191780821917807,C,230.0,0.2609695956458648,75.4,81.2,75.5,0.8453994952392576,1.0,106.0,177.1699981689453
MSTR,MSTR,2028-12-15,2.6191780821917807,C,235.0,0.2824758008668284,74.35,79.3,77.5,0.8401810415649414,1.0,36.0,177.1699981689453
MSTR,MSTR,2028-12-15,2.6191780821917807,C,240.0,0.30352921006466077,73.05,79.7,64.9,0.8448044084167479,1.0,150.0,177.1699981689453
MSTR,MSTR,2028-12-15,2.6191780821917807,C,245.0,0.3241484972673965,72.3,76.45,74.5,0.8342301733398436,11.0,242.0,177.1699981689453
MSTR,MSTR,2028-12-15,2.6191780821917807,C,250.0,0.3443512045849159,71.3,77.1,73.8,0.8410660424804688,8.0,287.0,177.1699981689453
MSTR,MSTR,2028-12-15,2.6191780821917807,C,255.0,0.3641538318810956,70.45,76.55,72.65,0.8426529406738281,5.0,72.0,177.1699981689453
MSTR,MSTR,2028-12-15,2.6191780821917807,C,260.0,0.3835719177381972,69.0,75.2,63.19,0.8374344869995116,2.0,404.0,177.1699981689453
MSTR,MSTR,2028-12-15,2.6191780821917807,C,265.0,0.4026201127088917,68.9,74.2,69.9,0.8400894897460938,1.0,134.0,177.1699981689453
MSTR,MSTR,2028-12-15,2.6191780821917807,C,270.0,0.42131224572104425,67.7,73.9,68.45,0.8406845765686035,5.0,250.0,177.1699981689453
MSTR,MSTR,2028-12-15,2.6191780821917807,C,275.0,0.4396613843892408,69.0,71.2,68.78,0.8415848361206054,96.0,1338.0,177.1699981689453
MSTR,MSTR,2028-12-15,2.6191780821917807,C,280.0,0.45767988989191916,66.1,70.15,71.75,0.8305375833129882,1.0,35.0,177.1699981689453
MSTR,MSTR,2028-12-15,2.6191780821917807,C,285.0,0.47537946699132005,64.6,70.15,65.65,0.8307206869506835,2.0,32.0,177.1699981689453
MSTR,MSTR,2028-12-15,2.6191780821917807,C,290.0,0.4927712097031893,63.6,69.25,64.85,0.8289201678466795,3.0,3.0,177.1699981689453
MSTR,MSTR,2028-12-15,2.6191780821917807,C,295.0,0.5098656430624894,63.2,68.6,66.37,0.8308885319519042,4.0,37.0,177.1699981689453
MSTR,MSTR,2028-12-15,2.6191780821917807,C,300.0,0.5266727613788706,63.5,66.45,64.73,0.8290727542114257,51.0,113.0,177.1699981689453
MSTR,MSTR,2028-12-15,2.6191780821917807,C,305.0,0.5432020633300811,61.0,67.25,61.53,0.8278215460205076,1.0,60.0,177.1699981689453
MSTR,MSTR,2028-12-15,2.6191780821917807,C,310.0,0.5594625842018615,60.0,64.9,57.6,0.8190325714111326,1.0,53.0,177.1699981689453
MSTR,MSTR,2028-12-15,2.6191780821917807,C,315.0,0.5754629255483026,59.0,64.9,59.17,0.8207110214233398,30.0,30.0,177.1699981689453
MSTR,MSTR,2028-12-15,2.6191780821917807,C,320.0,0.5912112825164417,59.6,64.8,62.0,0.8289964610290526,1.0,30.0,177.1699981689453
MSTR,MSTR,2028-12-15,2.6191780821917807,C,325.0,0.6067154690524069,58.75,64.55,60.25,0.8299730137634276,2.0,21.0,177.1699981689453
MSTR,MSTR,2028-12-15,2.6191780821917807,C,330.0,0.6219829411831954,57.8,64.5,55.85,0.831285256500244,4.0,5.0,177.1699981689453
MSTR,MSTR,2028-12-15,2.6191780821917807,C,335.0,0.637020818547736,57.5,64.0,52.18,0.8333756896972655,7.0,66.0,177.1699981689453
MSTR,MSTR,2028-12-15,2.6191780821917807,C,340.0,0.6518359043328765,57.2,62.3,59.2,0.830034048309326,7.0,133.0,177.1699981689453
MSTR,MSTR,2028-12-15,2.6191780821917807,C,345.0,0.6664347037540292,56.15,60.55,58.0,0.8230455928039551,209.0,840.0,177.1699981689453
MSTR,MSTR,2028-12-15,2.6191780821917807,P,5.0,-3.56767180084323,0.28,0.69,0.58,1.1806681591796875,32.0,1137.0,177.1699981689453
MSTR,MSTR,2028-12-15,2.6191780821917807,P,10.0,-2.874524620283285,0.84,1.1,1.1,1.0376024682617189,6.0,294.0,177.1699981689453
MSTR,MSTR,2028-12-15,2.6191780821917807,P,15.0,-2.4690595121751207,1.43,1.85,1.92,0.9743654907226562,4.0,110.0,177.1699981689453
MSTR,MSTR,2028-12-15,2.6191780821917807,P,20.0,-2.1813774397233394,2.43,2.98,2.74,0.9577640942382811,2.0,412.0,177.1699981689453
MSTR,MSTR,2028-12-15,2.6191780821917807,P,25.0,-1.9582338884091297,3.5,4.1,3.81,0.9329840686035156,1.0,32.0,177.1699981689453
MSTR,MSTR,2028-12-15,2.6191780821917807,P,30.0,-1.7759123316151753,4.5,5.3,5.07,0.9055185229492188,1.0,54.0,177.1699981689453
MSTR,MSTR,2028-12-15,2.6191780821917807,P,35.0,-1.6217616517879168,4.45,11.0,6.62,0.958740646972656,2.0,11.0,177.1699981689453
MSTR,MSTR,2028-12-15,2.6191780821917807,P,40.0,-1.4882302591633942,2.36,12.0,7.52,0.8538832971191408,3.0,14.0,177.1699981689453
MSTR,MSTR,2028-12-15,2.6191780821917807,P,45.0,-1.3704472235070106,7.3,9.85,8.97,0.8380753497314453,3.0,36.0,177.1699981689453
MSTR,MSTR,2028-12-15,2.6191780821917807,P,50.0,-1.2650867078491843,7.4,11.3,11.5,0.8009053112792968,1.0,440.0,177.1699981689453
MSTR,MSTR,2028-12-15,2.6191780821917807,P,55.0,-1.1697765280448595,8.95,13.2,13.1,0.7949239257812499,2.0,37.0,177.1699981689453
MSTR,MSTR,2028-12-15,2.6191780821917807,P,60.0,-1.0827651510552299,13.05,15.2,14.39,0.8212298150634765,10.0,413.0,177.1699981689453
MSTR,MSTR,2028-12-15,2.6191780821917807,P,65.0,-1.0027224433816935,12.6,16.9,20.91,0.7819235675048828,2.0,94.0,177.1699981689453
MSTR,MSTR,2028-12-15,2.6191780821917807,P,70.0,-0.9286144712279715,15.85,19.7,17.67,0.7992573785400392,15.0,76.0,177.1699981689453
MSTR,MSTR,2028-12-15,2.6191780821917807,P,75.0,-0.85962159974102,18.0,20.85,20.67,0.7834799484252931,1.0,152.0,177.1699981689453
MSTR,MSTR,2028-12-15,2.6191780821917807,P,80.0,-0.795083078603449,20.15,23.35,21.34,0.7807639111328125,118.0,19.0,177.1699981689453
MSTR,MSTR,2028-12-15,2.6191780821917807,P,85.0,-0.734458456787014,21.95,25.4,25.04,0.7692894165039064,4.0,9.0,177.1699981689453
MSTR,MSTR,2028-12-15,2.6191780821917807,P,90.0,-0.6773000429470655,22.9,27.8,28.08,0.7531457791137696,3.0,151.0,177.1699981689453
MSTR,MSTR,2028-12-15,2.6191780821917807,P,95.0,-0.6232328216767896,24.65,30.2,30.0,0.7436854244995117,3.0,33.0,177.1699981689453
MSTR,MSTR,2028-12-15,2.6191780821917807,P,100.0,-0.571939527289239,29.9,31.0,30.59,0.7485681881713868,5.0,112.0,177.1699981689453
MSTR,MSTR,2028-12-15,2.6191780821917807,P,105.0,-0.5231493631198071,29.9,34.35,34.77,0.7316616189575195,46.0,33.0,177.1699981689453
MSTR,MSTR,2028-12-15,2.6191780821917807,P,110.0,-0.4766293474849142,34.3,36.45,35.75,0.737581969909668,1.0,151.0,177.1699981689453
MSTR,MSTR,2028-12-15,2.6191780821917807,P,115.0,-0.4321775849140805,36.25,41.05,39.15,0.7423731817626953,8.0,29.0,177.1699981689453
MSTR,MSTR,2028-12-15,2.6191780821917807,P,120.0,-0.38961797049528457,39.5,41.65,41.0,0.7278469598388673,51.0,219.0,177.1699981689453
MSTR,MSTR,2028-12-15,2.6191780821917807,P,125.0,-0.3487959759750294,41.15,44.85,44.45,0.7198514343261719,2.0,56.0,177.1699981689453
MSTR,MSTR,2028-12-15,2.6191780821917807,P,130.0,-0.3095752628217481,41.3,47.2,46.09,0.696917703704834,23.0,100.0,177.1699981689453
MSTR,MSTR,2028-12-15,2.6191780821917807,P,135.0,-0.27183493483890103,45.25,51.95,49.05,0.712039012451172,3.0,58.0,177.1699981689453
MSTR,MSTR,2028-12-15,2.6191780821917807,P,140.0,-0.23546729066802619,50.8,53.0,51.89,0.7132749620056154,7.0,109.0,177.1699981689453
MSTR,MSTR,2028-12-15,2.6191780821917807,P,145.0,-0.20037597085675607,52.5,57.95,55.0,0.714068411102295,1.0,50.0,177.1699981689453
MSTR,MSTR,2028-12-15,2.6191780821917807,P,150.0,-0.1664744191810747,55.8,61.15,57.4,0.7133665138244629,21.0,116.0,177.1699981689453
MSTR,MSTR,2028-12-15,2.6191780821917807,P,155.0,-0.1336845963580838,59.2,64.2,64.55,0.7118253915405274,13.0,27.0,177.1699981689453
MSTR,MSTR,2028-12-15,2.6191780821917807,P,160.0,-0.10193589804350363,62.5,65.3,64.7,0.6986724468994141,19.0,26.0,177.1699981689453
MSTR,MSTR,2028-12-15,2.6191780821917807,P,165.0,-0.07116423937674991,65.45,68.0,67.5,0.6921722677612305,2.0,8.0,177.1699981689453
MSTR,MSTR,2028-12-15,2.6191780821917807,P,170.0,-0.041311276227068754,68.95,73.95,67.1,0.7052641778564455,24.0,195.0,177.1699981689453
MSTR,MSTR,2028-12-15,2.6191780821917807,P,175.0,-0.012323739353816449,70.7,76.15,73.3,0.6891357991027833,14.0,14.0,177.1699981689453
MSTR,MSTR,2028-12-15,2.6191780821917807,P,180.0,0.015847137612879886,74.3,78.9,77.42,0.6852448468017578,1.0,40.0,177.1699981689453
MSTR,MSTR,2028-12-15,2.6191780821917807,P,185.0,0.043246111800994344,77.0,84.0,99.51,0.6882660568237305,20.0,25.0,177.1699981689453
MSTR,MSTR,2028-12-15,2.6191780821917807,P,190.0,0.06991435888315568,80.15,85.35,86.56,0.674579059906006,10.0,24.0,177.1699981689453
MSTR,MSTR,2028-12-15,2.6191780821917807,P,195.0,0.09588984528641635,84.65,91.0,91.0,0.6882965740966798,1.0,22.0,177.1699981689453
MSTR,MSTR,2028-12-15,2.6191780821917807,P,200.0,0.12120765327070623,86.65,92.25,91.55,0.6681856912231446,2.0,62.0,177.1699981689453
MSTR,MSTR,2028-12-15,2.6191780821917807,P,205.0,0.14590026586107774,90.25,97.1,93.8,0.6728548339843752,1.0,31.0,177.1699981689453
MSTR,MSTR,2028-12-15,2.6191780821917807,P,210.0,0.16999781744013825,94.5,101.0,101.15,0.6756929403686526,1.0,136.0,177.1699981689453
MSTR,MSTR,2028-12-15,2.6191780821917807,P,215.0,0.19352831485033237,97.8,105.0,101.1,0.6741975939941409,1.0,28.0,177.1699981689453
MSTR,MSTR,2028-12-15,2.6191780821917807,P,220.0,0.21651783307503114,101.8,106.45,103.0,0.6638674971008303,11.0,48.0,177.1699981689453
MSTR,MSTR,2028-12-15,2.6191780821917807,P,225.0,0.23899068892708972,104.5,110.15,107.25,0.6577793011474609,2.0,5.0,177.1699981689453
MSTR,MSTR,2028-12-15,2.6191780821917807,P,230.0,0.2609695956458648,107.05,114.55,133.85,0.6539799006652833,2.0,4.0,177.1699981689453
MSTR,MSTR,2028-12-15,2.6191780821917807,P,240.0,0.30352921006466077,115.8,121.65,118.0,0.6544986943054201,11.0,22.0,177.1699981689453
MSTR,MSTR,2028-12-15,2.6191780821917807,P,245.0,0.3241484972673965,118.0,126.0,124.19,0.6482273947143554,2.0,166.0,177.1699981689453
MSTR,MSTR,2028-12-15,2.6191780821917807,P,250.0,0.3443512045849159,121.9,130.0,123.4,0.6477696356201172,2.0,56.0,177.1699981689453
MSTR,MSTR,2028-12-15,2.6191780821917807,P,255.0,0.3641538318810956,125.6,134.0,130.25,0.6461979960632322,2.0,9.0,177.1699981689453
MSTR,MSTR,2028-12-15,2.6191780821917807,P,260.0,0.3835719177381972,130.9,135.85,132.0,0.6419713537597658,13.0,7.0,177.1699981689453
MSTR,MSTR,2028-12-15,2.6191780821917807,P,265.0,0.4026201127088917,133.4,140.25,141.59,0.6364629859924318,8.0,23.0,177.1699981689453
MSTR,MSTR,2028-12-15,2.6191780821917807,P,270.0,0.42131224572104425,137.0,145.0,141.76,0.6371343659973145,1.0,12.0,177.1699981689453
MSTR,MSTR,2028-12-15,2.6191780821917807,P,275.0,0.4396613843892408,140.05,149.0,147.36,0.6319006536865235,1.0,77.0,177.1699981689453
MSTR,MSTR,2028-12-15,2.6191780821917807,P,280.0,0.45767988989191916,144.0,153.0,148.5,0.6304358245849608,10.0,10.0,177.1699981689453
MSTR,MSTR,2028-12-15,2.6191780821917807,P,285.0,0.47537946699132005,148.35,157.0,156.54,0.6305121177673338,,1.0,177.1699981689453
MSTR,MSTR,2028-12-15,2.6191780821917807,P,290.0,0.4927712097031893,153.0,160.75,157.25,0.6306341868591308,1.0,4.0,177.1699981689453
MSTR,MSTR,2028-12-15,2.6191780821917807,P,295.0,0.5098656430624894,156.65,164.05,164.5,0.6242408181762696,,2.0,177.1699981689453
MSTR,MSTR,2028-12-15,2.6191780821917807,P,300.0,0.5266727613788706,160.0,168.55,162.07,0.6216010740661622,2.0,26.0,177.1699981689453
MSTR,MSTR,2028-12-15,2.6191780821917807,P,305.0,0.5432020633300811,164.0,172.9,174.55,0.6209754699707033,1.0,2.0,177.1699981689453
MSTR,MSTR,2028-12-15,2.6191780821917807,P,310.0,0.5594625842018615,168.95,176.9,175.0,0.6228065063476562,2.0,6.0,177.1699981689453
MSTR,MSTR,2028-12-15,2.6191780821917807,P,315.0,0.5754629255483026,172.0,180.95,181.65,0.6163826203918459,,3.0,177.1699981689453
MSTR,MSTR,2028-12-15,2.6191780821917807,P,320.0,0.5912112825164417,176.0,184.95,181.55,0.6137428762817384,3.0,0.0,177.1699981689453
MSTR,MSTR,2028-12-15,2.6191780821917807,P,325.0,0.6067154690524069,180.05,189.0,185.6,0.6113625289916994,6.0,0.0,177.1699981689453
MSTR,MSTR,2028-12-15,2.6191780821917807,P,330.0,0.6219829411831954,185.0,193.0,189.75,0.6125832199096681,6.0,0.0,177.1699981689453
MSTR,MSTR,2028-12-15,2.6191780821917807,P,335.0,0.637020818547736,189.0,197.0,194.77,0.6094704580688478,,10.0,177.1699981689453
MSTR,MSTR,2028-12-15,2.6191780821917807,P,340.0,0.6518359043328765,193.0,200.9,202.93,0.6057473507690431,3.0,16.0,177.1699981689453
MSTR,MSTR,2028-12-15,2.6191780821917807,P,345.0,0.6664347037540292,197.05,204.4,202.0,0.6003152761840821,7.0,162.0,177.1699981689453
