underlying,equity_ticker,expiration,T,side,strike,log_moneyness,bid,ask,last,iv,volume,open_interest,spot_at_fetch
NFLX,NFLX,2026-05-08,0.010958904109589041,C,40.0,-0.8335610577554298,50.15,52.8,51.97,4.091801760253906,10.0,5.0,92.05999755859375
NFLX,NFLX,2026-05-08,0.010958904109589041,C,50.0,-0.61041750644122,40.15,43.9,42.06,3.9335939160156252,5.0,0.0,92.05999755859375
NFLX,NFLX,2026-05-08,0.010958904109589041,C,60.0,-0.42809594964726544,30.45,33.65,32.2,2.8466825708007812,13.0,48.0,92.05999755859375
NFLX,NFLX,2026-05-08,0.010958904109589041,C,65.0,-0.34805324197372894,25.4,29.1,26.41,1.4765651171875,,62.0,92.05999755859375
NFLX,NFLX,2026-05-08,0.010958904109589041,C,70.0,-0.27394526982000705,20.6,22.75,23.48,1.5986348193359374,2.0,0.0,92.05999755859375
NFLX,NFLX,2026-05-08,0.010958904109589041,C,75.0,-0.20495239833305556,15.25,17.95,17.05,1.3774445190429687,4.0,18.0,92.05999755859375
NFLX,NFLX,2026-05-08,0.010958904109589041,C,80.0,-0.14041387719548448,11.55,12.8,12.15,0.6289099609375001,67.0,87.0,92.05999755859375
NFLX,NFLX,2026-05-08,0.010958904109589041,C,81.0,-0.1279913571969273,10.9,11.95,11.75,0.75586181640625,5.0,62.0,92.05999755859375
NFLX,NFLX,2026-05-08,0.010958904109589041,C,82.0,-0.11572126460511292,9.6,10.6,10.31,0.7836935693359376,49.0,55.0,92.05999755859375
NFLX,NFLX,2026-05-08,0.010958904109589041,C,83.0,-0.10359990407276808,8.55,10.25,10.9,0.632816171875,5.0,42.0,92.05999755859375
NFLX,NFLX,2026-05-08,0.010958904109589041,C,84.0,-0.09162371302605248,7.85,9.0,9.55,0.5898478515625001,7.0,147.0,92.05999755859375
NFLX,NFLX,2026-05-08,0.010958904109589041,C,85.0,-0.07978925537904961,6.9,7.8,7.39,0.500005,12.0,113.0,92.05999755859375
NFLX,NFLX,2026-05-08,0.010958904109589041,C,86.0,-0.06809321561585831,5.7,7.1,6.45,0.7026396923828125,34.0,75.0,92.05999755859375
NFLX,NFLX,2026-05-08,0.010958904109589041,C,87.0,-0.05653239321478229,5.15,5.4,5.3,0.4101621484375,333.0,77.0,92.05999755859375
NFLX,NFLX,2026-05-08,0.010958904109589041,C,88.0,-0.045103697391159624,4.2,4.5,4.32,0.38672488281249995,261.0,77.0,92.05999755859375
NFLX,NFLX,2026-05-08,0.010958904109589041,C,89.0,-0.03380414213722623,3.4,3.6,3.5,0.3530338134765625,127.0,110.0,92.05999755859375
NFLX,NFLX,2026-05-08,0.010958904109589041,C,90.0,-0.022630841539100974,2.68,2.79,2.73,0.3320379296875,466.0,522.0,92.05999755859375
NFLX,NFLX,2026-05-08,0.010958904109589041,C,91.0,-0.011581005352515971,2.0,2.1,2.05,0.3227606787109374,733.0,2069.0,92.05999755859375
NFLX,NFLX,2026-05-08,0.010958904109589041,C,92.0,-0.0006519348203257871,1.5,1.53,1.51,0.3186103295898437,5115.0,4487.0,92.05999755859375
NFLX,NFLX,2026-05-08,0.010958904109589041,C,93.0,0.010158981283889978,1.06,1.09,1.07,0.3198310205078124,9311.0,6541.0,92.05999755859375
NFLX,NFLX,2026-05-08,0.010958904109589041,C,94.0,0.020854270400637746,0.73,0.74,0.74,0.3188544677734374,10094.0,4770.0,92.05999755859375
NFLX,NFLX,2026-05-08,0.010958904109589041,C,95.0,0.03143637973117471,0.48,0.5,0.49,0.3232489550781249,12010.0,5437.0,92.05999755859375
NFLX,NFLX,2026-05-08,0.010958904109589041,C,96.0,0.041907679598470145,0.33,0.34,0.33,0.331061376953125,8182.0,9574.0,92.05999755859375
NFLX,NFLX,2026-05-08,0.010958904109589041,C,97.0,0.05227046663401675,0.22,0.23,0.22,0.3393620751953125,5673.0,6183.0,92.05999755859375
NFLX,NFLX,2026-05-08,0.010958904109589041,C,98.0,0.06252696680120587,0.16,0.17,0.16,0.35645174804687496,4754.0,3783.0,92.05999755859375
NFLX,NFLX,2026-05-08,0.010958904109589041,C,99.0,0.07267933826522391,0.12,0.13,0.13,0.37500625,7257.0,1618.0,92.05999755859375
NFLX,NFLX,2026-05-08,0.010958904109589041,C,100.0,0.08272967411872538,0.1,0.11,0.1,0.39942006835937505,9246.0,12320.0,92.05999755859375
NFLX,NFLX,2026-05-08,0.010958904109589041,C,101.0,0.09268000497189348,0.08,0.09,0.08,0.41992767578125,625.0,825.0,92.05999755859375
NFLX,NFLX,2026-05-08,0.010958904109589041,C,102.0,0.10253230141490513,0.06,0.08,0.07,0.445318046875,789.0,2972.0,92.05999755859375
NFLX,NFLX,2026-05-08,0.010958904109589041,C,103.0,0.11228847636026965,0.06,0.08,0.07,0.4804739453125,470.0,1195.0,92.05999755859375
NFLX,NFLX,2026-05-08,0.010958904109589041,C,104.0,0.12195038727200656,0.05,0.07,0.06,0.5019581054687501,102.0,1193.0,92.05999755859375
NFLX,NFLX,2026-05-08,0.010958904109589041,C,105.0,0.1315198382881573,0.05,0.06,0.05,0.5117236328125,3903.0,4755.0,92.05999755859375
NFLX,NFLX,2026-05-08,0.010958904109589041,C,106.0,0.1409985822427011,0.04,0.07,0.06,0.5429733203125001,74.0,577.0,92.05999755859375
NFLX,NFLX,2026-05-08,0.010958904109589041,C,107.0,0.15038832259254015,0.04,0.05,0.04,0.5585981640625001,660.0,1963.0,92.05999755859375
NFLX,NFLX,2026-05-08,0.010958904109589041,C,108.0,0.1596907152548537,0.04,0.05,0.04,0.585941640625,1492.0,2687.0,92.05999755859375
NFLX,NFLX,2026-05-08,0.010958904109589041,C,109.0,0.1689073703597777,0.04,0.05,0.04,0.6132851171875001,150.0,611.0,92.05999755859375
NFLX,NFLX,2026-05-08,0.010958904109589041,C,110.0,0.17803985392305027,0.04,0.05,0.04,0.64062859375,3823.0,12664.0,92.05999755859375
NFLX,NFLX,2026-05-08,0.010958904109589041,C,111.0,0.18708968944296803,0.03,0.05,0.04,0.6601596484375001,96.0,901.0,92.05999755859375
NFLX,NFLX,2026-05-08,0.010958904109589041,C,112.0,0.19605835942572844,0.02,0.04,0.04,0.6601596484375001,139.0,143.0,92.05999755859375
NFLX,NFLX,2026-05-08,0.010958904109589041,C,113.0,0.2049473068429745,0.02,0.04,0.02,0.6875031250000001,110.0,417.0,92.05999755859375
NFLX,NFLX,2026-05-08,0.010958904109589041,C,114.0,0.21375793652512942,0.02,0.03,0.03,0.6953155468750001,8.0,312.0,92.05999755859375
NFLX,NFLX,2026-05-08,0.010958904109589041,C,115.0,0.22249161649388405,0.02,0.03,0.03,0.7187528125,1669.0,9406.0,92.05999755859375
NFLX,NFLX,2026-05-08,0.010958904109589041,C,116.0,0.23114967923699864,0.01,0.04,0.04,0.7421900781249999,172.0,545.0,92.05999755859375
NFLX,NFLX,2026-05-08,0.010958904109589041,C,117.0,0.23973342292839014,0.01,0.03,0.03,0.7500025,51.0,1827.0,92.05999755859375
NFLX,NFLX,2026-05-08,0.010958904109589041,C,118.0,0.2482441125962988,0.01,0.03,0.03,0.773439765625,75.0,247.0,92.05999755859375
NFLX,NFLX,2026-05-08,0.010958904109589041,C,119.0,0.25668298124216327,0.0,0.01,0.01,0.6875031250000001,3.0,553.0,92.05999755859375
NFLX,NFLX,2026-05-08,0.010958904109589041,C,120.0,0.2650512309126799,0.0,0.02,0.01,0.7656273437500001,316.0,4835.0,92.05999755859375
NFLX,NFLX,2026-05-08,0.010958904109589041,C,125.0,0.3058732254329351,0.0,0.01,0.05,0.8125018749999999,86.0,1202.0,92.05999755859375
NFLX,NFLX,2026-05-08,0.010958904109589041,C,130.0,0.34509393858621634,0.0,0.01,0.01,0.9062509375,14.0,1693.0,92.05999755859375
NFLX,NFLX,2026-05-08,0.010958904109589041,C,135.0,0.38283426656906333,0.0,0.01,0.02,0.98437515625,110.0,1629.0,92.05999755859375
NFLX,NFLX,2026-05-08,0.010958904109589041,C,140.0,0.4192019107399383,0.0,0.03,0.03,1.1875040625,1.0,478.0,92.05999755859375
NFLX,NFLX,2026-05-08,0.010958904109589041,C,145.0,0.45429323055120835,0.0,0.03,0.02,1.2656286718749998,4.0,113.0,92.05999755859375
NFLX,NFLX,2026-05-08,0.010958904109589041,C,150.0,0.4881947822268898,0.0,0.03,0.01,1.359378203125,11.0,66.0,92.05999755859375
NFLX,NFLX,2026-05-08,0.010958904109589041,C,155.0,0.5209846050498805,0.0,0.01,0.01,1.3125034374999998,1.0,51.0,92.05999755859375
NFLX,NFLX,2026-05-08,0.010958904109589041,P,40.0,-0.8335610577554298,0.0,0.01,0.01,2.1250046874999997,,1.0,92.05999755859375
NFLX,NFLX,2026-05-08,0.010958904109589041,P,45.0,-0.7157780220990463,0.0,0.01,0.01,1.8125009374999999,2.0,2.0,92.05999755859375
NFLX,NFLX,2026-05-08,0.010958904109589041,P,50.0,-0.61041750644122,0.0,0.01,0.01,1.5625021874999998,1.0,100.0,92.05999755859375
NFLX,NFLX,2026-05-08,0.010958904109589041,P,60.0,-0.42809594964726544,0.0,0.03,0.02,1.2656286718749998,,2.0,92.05999755859375
NFLX,NFLX,2026-05-08,0.010958904109589041,P,65.0,-0.34805324197372894,0.0,0.03,0.03,1.0468797656250002,1.0,122.0,92.05999755859375
NFLX,NFLX,2026-05-08,0.010958904109589041,P,70.0,-0.27394526982000705,0.0,0.04,0.02,0.867188828125,1.0,246.0,92.05999755859375
NFLX,NFLX,2026-05-08,0.010958904109589041,P,75.0,-0.20495239833305556,0.0,0.01,0.04,0.57812921875,21.0,397.0,92.05999755859375
NFLX,NFLX,2026-05-08,0.010958904109589041,P,80.0,-0.14041387719548448,0.01,0.03,0.02,0.507817421875,108.0,872.0,92.05999755859375
NFLX,NFLX,2026-05-08,0.010958904109589041,P,81.0,-0.1279913571969273,0.01,0.03,0.02,0.4687553125,30.0,172.0,92.05999755859375
NFLX,NFLX,2026-05-08,0.010958904109589041,P,82.0,-0.11572126460511292,0.02,0.04,0.04,0.445318046875,62.0,341.0,92.05999755859375
NFLX,NFLX,2026-05-08,0.010958904109589041,P,83.0,-0.10359990407276808,0.03,0.04,0.03,0.4062559375,141.0,831.0,92.05999755859375
NFLX,NFLX,2026-05-08,0.010958904109589041,P,84.0,-0.09162371302605248,0.05,0.06,0.06,0.39258419921875,131.0,1003.0,92.05999755859375
NFLX,NFLX,2026-05-08,0.010958904109589041,P,85.0,-0.07978925537904961,0.07,0.08,0.08,0.36914693359375,1617.0,1890.0,92.05999755859375
NFLX,NFLX,2026-05-08,0.010958904109589041,P,86.0,-0.06809321561585831,0.11,0.12,0.12,0.35547519531249994,941.0,1918.0,92.05999755859375
NFLX,NFLX,2026-05-08,0.010958904109589041,P,87.0,-0.05653239321478229,0.16,0.18,0.16,0.340826904296875,1230.0,1692.0,92.05999755859375
NFLX,NFLX,2026-05-08,0.010958904109589041,P,88.0,-0.045103697391159624,0.25,0.26,0.26,0.32227240234374993,1950.0,1771.0,92.05999755859375
NFLX,NFLX,2026-05-08,0.010958904109589041,P,89.0,-0.03380414213722623,0.38,0.4,0.4,0.31153032226562494,1111.0,1365.0,92.05999755859375
NFLX,NFLX,2026-05-08,0.010958904109589041,P,90.0,-0.022630841539100974,0.6,0.62,0.62,0.304694453125,3224.0,5540.0,92.05999755859375
NFLX,NFLX,2026-05-08,0.010958904109589041,P,91.0,-0.011581005352515971,0.91,0.94,0.93,0.30054410400390624,3018.0,2965.0,92.05999755859375
NFLX,NFLX,2026-05-08,0.010958904109589041,P,92.0,-0.0006519348203257871,1.34,1.38,1.38,0.29932341308593746,4517.0,3427.0,92.05999755859375
NFLX,NFLX,2026-05-08,0.010958904109589041,P,93.0,0.010158981283889978,1.9,1.96,1.93,0.304694453125,3804.0,1994.0,92.05999755859375
NFLX,NFLX,2026-05-08,0.010958904109589041,P,94.0,0.020854270400637746,2.56,2.78,2.62,0.3425358715820312,6088.0,2435.0,92.05999755859375
NFLX,NFLX,2026-05-08,0.010958904109589041,P,95.0,0.03143637973117471,3.3,3.5,3.43,0.3393620751953125,1638.0,2185.0,92.05999755859375
NFLX,NFLX,2026-05-08,0.010958904109589041,P,96.0,0.041907679598470145,4.15,4.4,4.39,0.36963520996093746,288.0,909.0,92.05999755859375
NFLX,NFLX,2026-05-08,0.010958904109589041,P,97.0,0.05227046663401675,4.9,5.3,5.09,0.389654541015625,102.0,655.0,92.05999755859375
NFLX,NFLX,2026-05-08,0.010958904109589041,P,98.0,0.06252696680120587,5.95,6.7,5.85,0.5712933496093751,36.0,643.0,92.05999755859375
NFLX,NFLX,2026-05-08,0.010958904109589041,P,99.0,0.07267933826522391,6.15,7.4,6.8,0.52539537109375,109.0,285.0,92.05999755859375
NFLX,NFLX,2026-05-08,0.010958904109589041,P,100.0,0.08272967411872538,7.3,8.2,7.75,0.48828636718750007,121.0,907.0,92.05999755859375
NFLX,NFLX,2026-05-08,0.010958904109589041,P,101.0,0.09268000497189348,8.55,9.2,8.74,0.5302781347656251,39.0,94.0,92.05999755859375
NFLX,NFLX,2026-05-08,0.010958904109589041,P,102.0,0.10253230141490513,9.35,10.5,9.35,0.7045927978515626,16.0,304.0,92.05999755859375
NFLX,NFLX,2026-05-08,0.010958904109589041,P,103.0,0.11228847636026965,9.75,11.55,9.48,0.7695335546875001,47.0,191.0,92.05999755859375
NFLX,NFLX,2026-05-08,0.010958904109589041,P,104.0,0.12195038727200656,10.65,12.0,10.64,0.48828636718750007,60.0,39.0,92.05999755859375
NFLX,NFLX,2026-05-08,0.010958904109589041,P,105.0,0.1315198382881573,11.95,14.4,11.78,0.6728548339843752,1.0,26.0,92.05999755859375
NFLX,NFLX,2026-05-08,0.010958904109589041,P,106.0,0.1409985822427011,11.95,14.35,13.76,0.8085956640624999,1.0,2.0,92.05999755859375
NFLX,NFLX,2026-05-08,0.010958904109589041,P,107.0,0.15038832259254015,13.75,15.6,14.89,0.9624027197265624,28.0,35.0,92.05999755859375
NFLX,NFLX,2026-05-08,0.010958904109589041,P,108.0,0.1596907152548537,14.55,17.9,14.55,0.81445498046875,66.0,1.0,92.05999755859375
NFLX,NFLX,2026-05-08,0.010958904109589041,P,109.0,0.1689073703597777,15.75,18.4,18.1,0.7324245507812499,2.0,3.0,92.05999755859375
NFLX,NFLX,2026-05-08,0.010958904109589041,P,110.0,0.17803985392305027,16.8,18.45,18.0,1.0127002490234376,16.0,23.0,92.05999755859375
NFLX,NFLX,2026-05-08,0.010958904109589041,P,111.0,0.18708968944296803,17.65,20.35,18.0,0.6992217578125001,15.0,20.0,92.05999755859375
NFLX,NFLX,2026-05-08,0.010958904109589041,P,113.0,0.2049473068429745,19.55,21.8,19.0,1.2851598242187499,1.0,0.0,92.05999755859375
NFLX,NFLX,2026-05-08,0.010958904109589041,P,115.0,0.22249161649388405,21.5,24.25,21.65,1.537111689453125,45.0,18.0,92.05999755859375
NFLX,NFLX,2026-05-08,0.010958904109589041,P,116.0,0.23114967923699864,22.5,24.85,21.77,1.419924775390625,1.0,0.0,92.05999755859375
NFLX,NFLX,2026-05-08,0.010958904109589041,P,120.0,0.2650512309126799,26.5,29.05,27.6,1.6484392578125,2.0,0.0,92.05999755859375
NFLX,NFLX,2026-05-08,0.010958904109589041,P,125.0,0.3058732254329351,31.6,33.05,32.12,1.15234798828125,2.0,0.0,92.05999755859375
NFLX,NFLX,2026-05-08,0.010958904109589041,P,135.0,0.38283426656906333,41.5,44.9,41.93,1.5859395703124997,1.0,0.0,92.05999755859375
NFLX,NFLX,2026-05-08,0.010958904109589041,P,140.0,0.4192019107399383,46.5,49.25,42.65,2.3691447021484366,3.0,0.0,92.05999755859375
NFLX,NFLX,2026-05-08,0.010958904109589041,P,145.0,0.45429323055120835,51.5,54.05,47.65,2.410160224609375,1.0,0.0,92.05999755859375
NFLX,NFLX,2026-05-08,0.010958904109589041,P,150.0,0.4881947822268898,56.5,59.3,41.95,2.6621127197265633,,0.0,92.05999755859375
NFLX,NFLX,2026-05-08,0.010958904109589041,P,155.0,0.5209846050498805,61.5,63.55,47.05,2.3515666210937494,,0.0,92.05999755859375
NFLX,NFLX,2026-05-22,0.049315068493150684,C,40.0,-0.8335610577554298,50.2,54.25,59.24,1.71484517578125,,1.0,92.05999755859375
NFLX,NFLX,2026-05-22,0.049315068493150684,C,45.0,-0.7157780220990463,45.25,49.25,49.22,1.5234398828124998,1.0,16.0,92.05999755859375
NFLX,NFLX,2026-05-22,0.049315068493150684,C,50.0,-0.61041750644122,40.25,44.25,42.37,1.3222690136718749,5.0,10.0,92.05999755859375
NFLX,NFLX,2026-05-22,0.049315068493150684,C,60.0,-0.42809594964726544,30.3,34.3,33.24,1.0078174609375,2.0,2.0,92.05999755859375
NFLX,NFLX,2026-05-22,0.049315068493150684,C,65.0,-0.34805324197372894,25.3,29.3,30.75,0.8437515624999999,,5.0,92.05999755859375
NFLX,NFLX,2026-05-22,0.049315068493150684,C,70.0,-0.27394526982000705,20.3,23.7,22.25,1.129398884277344,1.0,6.0,92.05999755859375
NFLX,NFLX,2026-05-22,0.049315068493150684,C,75.0,-0.20495239833305556,15.4,18.85,17.43,0.9526371923828124,1.0,12.0,92.05999755859375
NFLX,NFLX,2026-05-22,0.049315068493150684,C,80.0,-0.14041387719548448,11.85,13.0,13.65,0.586918193359375,8.0,69.0,92.05999755859375
NFLX,NFLX,2026-05-22,0.049315068493150684,C,81.0,-0.1279913571969273,10.45,13.45,13.25,0.5405319384765627,6.0,0.0,92.05999755859375
NFLX,NFLX,2026-05-22,0.049315068493150684,C,82.0,-0.11572126460511292,10.0,11.65,12.54,0.631839619140625,,1.0,92.05999755859375
NFLX,NFLX,2026-05-22,0.049315068493150684,C,83.0,-0.10359990407276808,8.7,10.2,9.79,0.5151415673828125,7.0,117.0,92.05999755859375
NFLX,NFLX,2026-05-22,0.049315068493150684,C,84.0,-0.09162371302605248,8.25,9.4,8.92,0.5107470800781251,4.0,60.0,92.05999755859375
NFLX,NFLX,2026-05-22,0.049315068493150684,C,85.0,-0.07978925537904961,7.25,8.35,8.17,0.4633842724609375,14.0,56.0,92.05999755859375
NFLX,NFLX,2026-05-22,0.049315068493150684,C,86.0,-0.06809321561585831,6.6,7.3,8.95,0.41602146484374997,7.0,46.0,92.05999755859375
NFLX,NFLX,2026-05-22,0.049315068493150684,C,87.0,-0.05653239321478229,5.75,6.75,6.24,0.44043528320312497,1.0,55.0,92.05999755859375
NFLX,NFLX,2026-05-22,0.049315068493150684,C,88.0,-0.045103697391159624,5.1,5.45,5.4,0.35596347167968745,19.0,26.0,92.05999755859375
NFLX,NFLX,2026-05-22,0.049315068493150684,C,89.0,-0.03380414213722623,4.35,4.95,4.74,0.37744763183593744,10.0,41.0,92.05999755859375
NFLX,NFLX,2026-05-22,0.049315068493150684,C,90.0,-0.022630841539100974,3.75,4.0,3.83,0.33570000244140624,203.0,587.0,92.05999755859375
NFLX,NFLX,2026-05-22,0.049315068493150684,C,91.0,-0.011581005352515971,3.15,3.55,3.35,0.3498600170898437,1038.0,336.0,92.05999755859375
NFLX,NFLX,2026-05-22,0.049315068493150684,C,92.0,-0.0006519348203257871,2.62,2.77,2.69,0.3188544677734374,1252.0,445.0,92.05999755859375
NFLX,NFLX,2026-05-22,0.049315068493150684,C,93.0,0.010158981283889978,2.17,2.26,2.2,0.3129951513671875,410.0,683.0,92.05999755859375
NFLX,NFLX,2026-05-22,0.049315068493150684,C,94.0,0.020854270400637746,1.81,1.84,1.81,0.3107979077148437,1502.0,2193.0,92.05999755859375
NFLX,NFLX,2026-05-22,0.049315068493150684,C,95.0,0.03143637973117471,1.45,1.48,1.47,0.3090889404296875,765.0,2991.0,92.05999755859375
NFLX,NFLX,2026-05-22,0.049315068493150684,C,96.0,0.041907679598470145,1.16,1.19,1.14,0.309577216796875,201.0,1419.0,92.05999755859375
NFLX,NFLX,2026-05-22,0.049315068493150684,C,97.0,0.05227046663401675,0.92,0.95,0.92,0.31055376953124997,187.0,3000.0,92.05999755859375
NFLX,NFLX,2026-05-22,0.049315068493150684,C,98.0,0.06252696680120587,0.73,0.75,0.74,0.3112861840820312,551.0,4020.0,92.05999755859375
NFLX,NFLX,2026-05-22,0.049315068493150684,C,99.0,0.07267933826522391,0.58,0.61,0.56,0.31641308593749995,537.0,2905.0,92.05999755859375
NFLX,NFLX,2026-05-22,0.049315068493150684,C,100.0,0.08272967411872538,0.46,0.49,0.47,0.32031929687499994,1729.0,4789.0,92.05999755859375
NFLX,NFLX,2026-05-22,0.049315068493150684,C,101.0,0.09268000497189348,0.37,0.39,0.38,0.3237372314453124,145.0,1064.0,92.05999755859375
NFLX,NFLX,2026-05-22,0.049315068493150684,C,102.0,0.10253230141490513,0.3,0.32,0.3,0.32959654785156245,49.0,1068.0,92.05999755859375
NFLX,NFLX,2026-05-22,0.049315068493150684,C,103.0,0.11228847636026965,0.24,0.26,0.26,0.334967587890625,38.0,938.0,92.05999755859375
NFLX,NFLX,2026-05-22,0.049315068493150684,C,104.0,0.12195038727200656,0.2,0.22,0.22,0.34278000976562495,169.0,676.0,92.05999755859375
NFLX,NFLX,2026-05-22,0.049315068493150684,C,105.0,0.1315198382881573,0.17,0.19,0.21,0.35205726074218746,51.0,5185.0,92.05999755859375
NFLX,NFLX,2026-05-22,0.049315068493150684,C,106.0,0.1409985822427011,0.15,0.16,0.16,0.35938140625,42.0,522.0,92.05999755859375
NFLX,NFLX,2026-05-22,0.049315068493150684,C,107.0,0.15038832259254015,0.12,0.14,0.14,0.36817038085937503,52.0,510.0,92.05999755859375
NFLX,NFLX,2026-05-22,0.049315068493150684,C,108.0,0.1596907152548537,0.11,0.13,0.11,0.38086556640624997,321.0,611.0,92.05999755859375
NFLX,NFLX,2026-05-22,0.049315068493150684,C,109.0,0.1689073703597777,0.09,0.12,0.13,0.39258419921875,1.0,357.0,92.05999755859375
NFLX,NFLX,2026-05-22,0.049315068493150684,C,110.0,0.17803985392305027,0.09,0.1,0.09,0.397466962890625,98.0,1637.0,92.05999755859375
NFLX,NFLX,2026-05-22,0.049315068493150684,C,111.0,0.18708968944296803,0.07,0.09,0.08,0.407232490234375,4.0,564.0,92.05999755859375
NFLX,NFLX,2026-05-22,0.049315068493150684,C,112.0,0.19605835942572844,0.06,0.09,0.08,0.422857333984375,16.0,271.0,92.05999755859375
NFLX,NFLX,2026-05-22,0.049315068493150684,C,113.0,0.2049473068429745,0.06,0.08,0.07,0.43066975585937506,50.0,263.0,92.05999755859375
NFLX,NFLX,2026-05-22,0.049315068493150684,C,114.0,0.21375793652512942,0.05,0.07,0.06,0.437505625,15.0,48.0,92.05999755859375
NFLX,NFLX,2026-05-22,0.049315068493150684,C,115.0,0.22249161649388405,0.04,0.06,0.05,0.4414118359375,63.0,954.0,92.05999755859375
NFLX,NFLX,2026-05-22,0.049315068493150684,C,116.0,0.23114967923699864,0.04,0.06,0.03,0.45703667968750006,34.0,124.0,92.05999755859375
NFLX,NFLX,2026-05-22,0.049315068493150684,C,117.0,0.23973342292839014,0.03,0.06,0.04,0.47070841796875,3.0,11.0,92.05999755859375
NFLX,NFLX,2026-05-22,0.049315068493150684,C,118.0,0.2482441125962988,0.03,0.05,0.04,0.4726615234375,1.0,156.0,92.05999755859375
NFLX,NFLX,2026-05-22,0.049315068493150684,C,119.0,0.25668298124216327,0.02,0.05,0.05,0.48633326171875,1.0,125.0,92.05999755859375
NFLX,NFLX,2026-05-22,0.049315068493150684,C,120.0,0.2650512309126799,0.02,0.04,0.02,0.48438015625,8.0,845.0,92.05999755859375
NFLX,NFLX,2026-05-22,0.049315068493150684,C,125.0,0.3058732254329351,0.01,0.04,0.04,0.5195360546875,20.0,1062.0,92.05999755859375
NFLX,NFLX,2026-05-22,0.049315068493150684,C,130.0,0.34509393858621634,0.01,0.05,0.02,0.5898478515625001,359.0,856.0,92.05999755859375
NFLX,NFLX,2026-05-22,0.049315068493150684,C,135.0,0.38283426656906333,0.0,0.04,0.05,0.6171913281250001,2.0,103.0,92.05999755859375
NFLX,NFLX,2026-05-22,0.049315068493150684,C,140.0,0.4192019107399383,0.0,0.04,0.03,0.6679720703125002,36.0,813.0,92.05999755859375
NFLX,NFLX,2026-05-22,0.049315068493150684,C,145.0,0.45429323055120835,0.0,0.04,0.01,0.7187528125,6.0,46.0,92.05999755859375
NFLX,NFLX,2026-05-22,0.049315068493150684,C,150.0,0.4881947822268898,0.0,0.04,0.01,0.7656273437500001,1.0,190.0,92.05999755859375
NFLX,NFLX,2026-05-22,0.049315068493150684,C,155.0,0.5209846050498805,0.0,0.01,0.01,0.7187528125,6.0,289.0,92.05999755859375
NFLX,NFLX,2026-05-22,0.049315068493150684,P,40.0,-0.8335610577554298,0.0,0.03,0.02,1.2812535937499998,15.0,17.0,92.05999755859375
NFLX,NFLX,2026-05-22,0.049315068493150684,P,45.0,-0.7157780220990463,0.0,0.03,0.02,1.109379453125,1.0,2.0,92.05999755859375
NFLX,NFLX,2026-05-22,0.049315068493150684,P,60.0,-0.42809594964726544,0.0,0.05,0.02,0.7304714453125,10.0,15.0,92.05999755859375
NFLX,NFLX,2026-05-22,0.049315068493150684,P,65.0,-0.34805324197372894,0.0,0.05,0.02,0.6054726953125001,2.0,314.0,92.05999755859375
NFLX,NFLX,2026-05-22,0.049315068493150684,P,70.0,-0.27394526982000705,0.02,0.04,0.03,0.500005,3.0,134.0,92.05999755859375
NFLX,NFLX,2026-05-22,0.049315068493150684,P,75.0,-0.20495239833305556,0.04,0.07,0.06,0.43555251953125,17.0,247.0,92.05999755859375
NFLX,NFLX,2026-05-22,0.049315068493150684,P,80.0,-0.14041387719548448,0.14,0.16,0.14,0.36817038085937503,56.0,1247.0,92.05999755859375
NFLX,NFLX,2026-05-22,0.049315068493150684,P,81.0,-0.1279913571969273,0.18,0.2,0.19,0.358404853515625,38.0,47.0,92.05999755859375
NFLX,NFLX,2026-05-22,0.049315068493150684,P,82.0,-0.11572126460511292,0.23,0.25,0.22,0.348639326171875,357.0,56.0,92.05999755859375
NFLX,NFLX,2026-05-22,0.049315068493150684,P,83.0,-0.10359990407276808,0.29,0.32,0.32,0.3413151806640625,6.0,265.0,92.05999755859375
NFLX,NFLX,2026-05-22,0.049315068493150684,P,84.0,-0.09162371302605248,0.38,0.4,0.39,0.3320379296875,36.0,6164.0,92.05999755859375
NFLX,NFLX,2026-05-22,0.049315068493150684,P,85.0,-0.07978925537904961,0.48,0.51,0.5,0.3249579223632812,25.0,4284.0,92.05999755859375
NFLX,NFLX,2026-05-22,0.049315068493150684,P,86.0,-0.06809321561585831,0.61,0.64,0.64,0.3166572241210937,44.0,804.0,92.05999755859375
NFLX,NFLX,2026-05-22,0.049315068493150684,P,87.0,-0.05653239321478229,0.78,0.81,0.79,0.3100654931640625,205.0,1352.0,92.05999755859375
NFLX,NFLX,2026-05-22,0.049315068493150684,P,88.0,-0.045103697391159624,0.99,1.02,1.02,0.30371790039062496,295.0,11995.0,92.05999755859375
NFLX,NFLX,2026-05-22,0.049315068493150684,P,89.0,-0.03380414213722623,1.25,1.28,1.32,0.2981027221679687,136.0,790.0,92.05999755859375
NFLX,NFLX,2026-05-22,0.049315068493150684,P,90.0,-0.022630841539100974,1.57,1.6,1.62,0.2937082348632812,491.0,8280.0,92.05999755859375
NFLX,NFLX,2026-05-22,0.049315068493150684,P,91.0,-0.011581005352515971,1.96,2.0,2.0,0.2919992675781249,2176.0,1856.0,92.05999755859375
NFLX,NFLX,2026-05-22,0.049315068493150684,P,92.0,-0.0006519348203257871,2.4,2.46,2.44,0.2898020239257812,2274.0,1265.0,92.05999755859375
NFLX,NFLX,2026-05-22,0.049315068493150684,P,93.0,0.010158981283889978,2.91,3.05,3.0,0.2954172021484375,75.0,945.0,92.05999755859375
NFLX,NFLX,2026-05-22,0.049315068493150684,P,94.0,0.020854270400637746,3.45,3.65,3.65,0.2951730639648437,196.0,939.0,92.05999755859375
NFLX,NFLX,2026-05-22,0.049315068493150684,P,95.0,0.03143637973117471,4.05,4.4,4.11,0.30664755859375,112.0,786.0,92.05999755859375
NFLX,NFLX,2026-05-22,0.049315068493150684,P,96.0,0.041907679598470145,4.8,5.15,4.82,0.3122627368164062,14.0,569.0,92.05999755859375
NFLX,NFLX,2026-05-22,0.049315068493150684,P,97.0,0.05227046663401675,5.45,5.8,5.58,0.2973703076171874,8.0,324.0,92.05999755859375
NFLX,NFLX,2026-05-22,0.049315068493150684,P,98.0,0.06252696680120587,5.95,6.85,5.39,0.33667655517578127,7.0,321.0,92.05999755859375
NFLX,NFLX,2026-05-22,0.049315068493150684,P,99.0,0.07267933826522391,5.8,7.7,7.3,0.34278000976562495,10.0,408.0,92.05999755859375
NFLX,NFLX,2026-05-22,0.049315068493150684,P,100.0,0.08272967411872538,7.85,8.45,8.1,0.3244696459960937,8.0,535.0,92.05999755859375
NFLX,NFLX,2026-05-22,0.049315068493150684,P,101.0,0.09268000497189348,7.95,9.75,7.06,0.40796490478515623,5.0,505.0,92.05999755859375
NFLX,NFLX,2026-05-22,0.049315068493150684,P,102.0,0.10253230141490513,8.9,11.55,9.19,0.5654340332031251,30.0,90.0,92.05999755859375
NFLX,NFLX,2026-05-22,0.049315068493150684,P,103.0,0.11228847636026965,10.55,11.65,9.96,0.4419001123046875,30.0,141.0,92.05999755859375
NFLX,NFLX,2026-05-22,0.049315068493150684,P,104.0,0.12195038727200656,10.15,12.55,10.2,0.4458063232421875,1.0,100.0,92.05999755859375
NFLX,NFLX,2026-05-22,0.049315068493150684,P,105.0,0.1315198382881573,12.2,13.65,12.65,0.49121602539062503,4.0,86.0,92.05999755859375
NFLX,NFLX,2026-05-22,0.049315068493150684,P,106.0,0.1409985822427011,12.0,14.65,11.5,0.5151415673828125,2.0,29.0,92.05999755859375
NFLX,NFLX,2026-05-22,0.049315068493150684,P,107.0,0.15038832259254015,14.05,15.4,13.9,0.47852083984375,1.0,112.0,92.05999755859375
NFLX,NFLX,2026-05-22,0.049315068493150684,P,108.0,0.1596907152548537,13.9,17.9,15.3,0.7878439184570312,8.0,194.0,92.05999755859375
NFLX,NFLX,2026-05-22,0.049315068493150684,P,109.0,0.1689073703597777,14.9,18.9,15.05,0.8142108422851562,1.0,6.0,92.05999755859375
NFLX,NFLX,2026-05-22,0.049315068493150684,P,110.0,0.17803985392305027,15.9,19.9,17.97,0.8398453515625,2.0,1.0,92.05999755859375
NFLX,NFLX,2026-05-22,0.049315068493150684,P,111.0,0.18708968944296803,16.9,20.9,13.0,0.8649915844726561,4.0,0.0,92.05999755859375
NFLX,NFLX,2026-05-22,0.049315068493150684,P,113.0,0.2049473068429745,18.9,22.9,20.81,0.9138192211914062,1.0,0.0,92.05999755859375
NFLX,NFLX,2026-05-22,0.049315068493150684,P,115.0,0.22249161649388405,20.9,24.9,21.2,0.9609378906249999,1.0,0.0,92.05999755859375
NFLX,NFLX,2026-05-22,0.049315068493150684,P,120.0,0.2650512309126799,25.9,29.9,23.66,1.0717819848632817,3.0,0.0,92.05999755859375
NFLX,NFLX,2026-05-22,0.049315068493150684,P,125.0,0.3058732254329351,30.9,34.9,20.0,1.1743205346679688,,0.0,92.05999755859375
NFLX,NFLX,2026-05-22,0.049315068493150684,P,130.0,0.34509393858621634,35.9,39.9,22.2,1.2697790417480466,,0.0,92.05999755859375
NFLX,NFLX,2026-05-22,0.049315068493150684,P,150.0,0.4881947822268898,55.9,59.9,56.0,1.5991230981445312,,0.0,92.05999755859375
NFLX,NFLX,2026-06-12,0.10684931506849316,C,70.0,-0.27394526982000705,20.8,24.55,24.7,0.5937540625000001,3.0,,92.05999755859375
NFLX,NFLX,2026-06-12,0.10684931506849316,C,83.0,-0.10359990407276808,8.5,12.2,11.36,0.5756878369140624,3.0,0.0,92.05999755859375
NFLX,NFLX,2026-06-12,0.10684931506849316,C,85.0,-0.07978925537904961,6.8,10.25,9.0,0.5144091528320311,10.0,0.0,92.05999755859375
NFLX,NFLX,2026-06-12,0.10684931506849316,C,89.0,-0.03380414213722623,4.75,5.95,5.8,0.35095863891601553,1.0,0.0,92.05999755859375
NFLX,NFLX,2026-06-12,0.10684931506849316,C,90.0,-0.022630841539100974,4.6,5.65,5.42,0.3737855590820312,5.0,2.0,92.05999755859375
NFLX,NFLX,2026-06-12,0.10684931506849316,C,91.0,-0.011581005352515971,4.15,4.75,4.49,0.34326828613281246,3.0,0.0,92.05999755859375
NFLX,NFLX,2026-06-12,0.10684931506849316,C,92.0,-0.0006519348203257871,3.75,4.15,3.97,0.334967587890625,20.0,2.0,92.05999755859375
NFLX,NFLX,2026-06-12,0.10684931506849316,C,93.0,0.010158981283889978,3.2,3.85,3.25,0.34802898071289057,12.0,22.0,92.05999755859375
NFLX,NFLX,2026-06-12,0.10684931506849316,C,94.0,0.020854270400637746,2.66,3.05,2.96,0.3171455004882812,166.0,11.0,92.05999755859375
NFLX,NFLX,2026-06-12,0.10684931506849316,C,95.0,0.03143637973117471,2.3,2.74,2.5,0.3232489550781249,44.0,54.0,92.05999755859375
NFLX,NFLX,2026-06-12,0.10684931506849316,C,96.0,0.041907679598470145,1.94,2.34,2.91,0.31873239868164055,,1.0,92.05999755859375
NFLX,NFLX,2026-06-12,0.10684931506849316,C,97.0,0.05227046663401675,1.67,2.05,2.08,0.3205634350585937,104.0,3.0,92.05999755859375
NFLX,NFLX,2026-06-12,0.10684931506849316,C,98.0,0.06252696680120587,1.37,1.78,1.58,0.32129584960937496,5.0,3.0,92.05999755859375
NFLX,NFLX,2026-06-12,0.10684931506849316,C,99.0,0.07267933826522391,1.14,1.54,1.8,0.3221503332519531,3.0,20.0,92.05999755859375
NFLX,NFLX,2026-06-12,0.10684931506849316,C,100.0,0.08272967411872538,1.05,1.23,1.06,0.31262894409179687,388.0,66.0,92.05999755859375
NFLX,NFLX,2026-06-12,0.10684931506849316,C,101.0,0.09268000497189348,0.76,1.16,0.96,0.3259344750976562,5.0,29.0,92.05999755859375
NFLX,NFLX,2026-06-12,0.10684931506849316,C,102.0,0.10253230141490513,0.64,1.01,0.89,0.3283758569335937,4.0,6.0,92.05999755859375
NFLX,NFLX,2026-06-12,0.10684931506849316,C,103.0,0.11228847636026965,0.58,0.89,0.73,0.3325262060546875,11.0,17.0,92.05999755859375
NFLX,NFLX,2026-06-12,0.10684931506849316,C,104.0,0.12195038727200656,0.43,0.78,0.77,0.335944140625,10.0,47.0,92.05999755859375
NFLX,NFLX,2026-06-12,0.10684931506849316,C,105.0,0.1315198382881573,0.41,0.67,0.53,0.3371648315429688,13.0,,92.05999755859375
NFLX,NFLX,2026-06-12,0.10684931506849316,C,110.0,0.17803985392305027,0.25,0.33,0.34,0.34961587890624996,2.0,,92.05999755859375
NFLX,NFLX,2026-06-12,0.10684931506849316,C,115.0,0.22249161649388405,0.07,0.23,0.2,0.3857483300781249,2.0,,92.05999755859375
NFLX,NFLX,2026-06-12,0.10684931506849316,C,120.0,0.2650512309126799,0.0,0.23,0.06,0.442388388671875,1.0,,92.05999755859375
NFLX,NFLX,2026-06-12,0.10684931506849316,P,70.0,-0.27394526982000705,0.0,0.14,0.11,0.437505625,1.0,,92.05999755859375
NFLX,NFLX,2026-06-12,0.10684931506849316,P,75.0,-0.20495239833305556,0.13,0.32,0.17,0.40430283203125,10.0,,92.05999755859375
NFLX,NFLX,2026-06-12,0.10684931506849316,P,80.0,-0.14041387719548448,0.29,0.59,0.44,0.3540103662109374,18.0,11.0,92.05999755859375
NFLX,NFLX,2026-06-12,0.10684931506849316,P,81.0,-0.1279913571969273,0.36,0.71,0.42,0.3505924316406249,,1.0,92.05999755859375
NFLX,NFLX,2026-06-12,0.10684931506849316,P,83.0,-0.10359990407276808,0.62,0.96,0.72,0.3371648315429688,1.0,0.0,92.05999755859375
NFLX,NFLX,2026-06-12,0.10684931506849316,P,84.0,-0.09162371302605248,0.73,1.13,0.84,0.33228206787109377,22.0,0.0,92.05999755859375
NFLX,NFLX,2026-06-12,0.10684931506849316,P,85.0,-0.07978925537904961,0.95,1.15,1.11,0.30811238769531246,37.0,3.0,92.05999755859375
NFLX,NFLX,2026-06-12,0.10684931506849316,P,86.0,-0.06809321561585831,1.15,1.44,1.25,0.3117744604492187,38.0,10.0,92.05999755859375
NFLX,NFLX,2026-06-12,0.10684931506849316,P,87.0,-0.05653239321478229,1.39,1.68,1.35,0.30664755859375,6.0,52.0,92.05999755859375
NFLX,NFLX,2026-06-12,0.10684931506849316,P,88.0,-0.045103697391159624,1.65,2.01,1.82,0.30676962768554683,114.0,11.0,92.05999755859375
NFLX,NFLX,2026-06-12,0.10684931506849316,P,89.0,-0.03380414213722623,1.99,2.39,1.87,0.30762411132812495,4.0,1.0,92.05999755859375
NFLX,NFLX,2026-06-12,0.10684931506849316,P,90.0,-0.022630841539100974,2.31,2.76,2.4,0.30408410766601557,10.0,24.0,92.05999755859375
NFLX,NFLX,2026-06-12,0.10684931506849316,P,91.0,-0.011581005352515971,2.74,3.2,2.11,0.30298548583984375,18.0,3.0,92.05999755859375
NFLX,NFLX,2026-06-12,0.10684931506849316,P,92.0,-0.0006519348203257871,3.15,3.65,3.29,0.29920134399414056,19.0,0.0,92.05999755859375
NFLX,NFLX,2026-06-12,0.10684931506849316,P,93.0,0.010158981283889978,3.65,4.15,3.63,0.2960275476074219,1.0,11.0,92.05999755859375
NFLX,NFLX,2026-06-12,0.10684931506849316,P,94.0,0.020854270400637746,4.25,4.7,3.3,0.2934640966796874,1.0,0.0,92.05999755859375
NFLX,NFLX,2026-06-12,0.10684931506849316,P,95.0,0.03143637973117471,4.75,5.3,4.9,0.2915109912109374,10.0,4.0,92.05999755859375
NFLX,NFLX,2026-06-12,0.10684931506849316,P,96.0,0.041907679598470145,5.4,6.05,4.32,0.29895720581054686,3.0,0.0,92.05999755859375
NFLX,NFLX,2026-06-12,0.10684931506849316,P,99.0,0.07267933826522391,5.9,8.95,6.98,0.367193828125,2.0,0.0,92.05999755859375
NFLX,NFLX,2026-08-21,0.29863013698630136,C,10.0,-2.2198554188753206,80.3,84.35,84.79,2.0273486816406248,2.0,6.0,92.05999755859375
NFLX,NFLX,2026-08-21,0.29863013698630136,C,40.0,-0.8335610577554298,50.7,54.8,53.05,0.9370123486328125,3.0,7.0,92.05999755859375
NFLX,NFLX,2026-08-21,0.29863013698630136,C,45.0,-0.7157780220990463,45.85,49.9,48.02,0.84961087890625,30.0,46.0,92.05999755859375
NFLX,NFLX,2026-08-21,0.29863013698630136,C,50.0,-0.61041750644122,40.95,44.9,43.69,0.7517114672851561,3.0,112.0,92.05999755859375
NFLX,NFLX,2026-08-21,0.29863013698630136,C,55.0,-0.5151073266368951,36.05,40.1,38.02,0.6782258740234376,20.0,66.0,92.05999755859375
NFLX,NFLX,2026-08-21,0.29863013698630136,C,56.0,-0.4970888211342169,35.1,39.1,37.69,0.6628451684570313,,1.0,92.05999755859375
NFLX,NFLX,2026-08-21,0.29863013698630136,C,58.0,-0.46199750132294665,33.1,37.2,38.9,0.6323278955078125,4.0,4.0,92.05999755859375
NFLX,NFLX,2026-08-21,0.29863013698630136,C,60.0,-0.42809594964726544,32.25,35.15,34.4,0.6677279321289065,8.0,142.0,92.05999755859375
NFLX,NFLX,2026-08-21,0.29863013698630136,C,61.0,-0.41156664769605483,35.5,39.45,38.2,1.087895185546875,1.0,26.0,92.05999755859375
NFLX,NFLX,2026-08-21,0.29863013698630136,C,63.0,-0.3793057854778333,29.6,32.3,32.05,0.6367223828125,1.0,123.0,92.05999755859375
NFLX,NFLX,2026-08-21,0.29863013698630136,C,65.0,-0.34805324197372894,27.5,30.45,28.3,0.6001016552734376,1.0,108.0,92.05999755859375
NFLX,NFLX,2026-08-21,0.29863013698630136,C,66.0,-0.33278576984294045,26.3,29.5,41.5,0.5730023168945313,5.0,32.0,92.05999755859375
NFLX,NFLX,2026-08-21,0.29863013698630136,C,67.0,-0.3177478924783999,25.8,28.5,30.5,0.5786174951171875,1.0,40.0,92.05999755859375
NFLX,NFLX,2026-08-21,0.29863013698630136,C,68.0,-0.3029328066932594,25.0,27.6,26.61,0.573368524169922,2.0,14.0,92.05999755859375
NFLX,NFLX,2026-08-21,0.29863013698630136,C,69.0,-0.2883340072721067,24.0,26.65,24.79,0.5561567822265626,1.0,145.0,92.05999755859375
NFLX,NFLX,2026-08-21,0.29863013698630136,C,70.0,-0.27394526982000705,23.05,25.75,24.2,0.5434615966796876,1.0,292.0,92.05999755859375
NFLX,NFLX,2026-08-21,0.29863013698630136,C,71.0,-0.25976063482805056,22.15,24.85,24.56,0.5327195166015625,2.0,19.0,92.05999755859375
NFLX,NFLX,2026-08-21,0.29863013698630136,C,72.0,-0.2457743928533108,21.15,23.95,24.56,0.5174608801269531,5.0,106.0,92.05999755859375
NFLX,NFLX,2026-08-21,0.29863013698630136,C,73.0,-0.23198107072097493,20.6,22.2,22.0,0.5485884985351563,1.0,82.0,92.05999755859375
NFLX,NFLX,2026-08-21,0.29863013698630136,C,74.0,-0.21837541866519627,19.55,22.15,22.85,0.5022022436523439,1.0,71.0,92.05999755859375
NFLX,NFLX,2026-08-21,0.29863013698630136,C,75.0,-0.20495239833305556,18.7,20.05,20.47,0.4974415490722657,5.0,1045.0,92.05999755859375
NFLX,NFLX,2026-08-21,0.29863013698630136,C,76.0,-0.19170717158303502,17.75,19.2,18.8,0.488408436279297,1.0,40.0,92.05999755859375
NFLX,NFLX,2026-08-21,0.29863013698630136,C,77.0,-0.1786350900156822,16.95,18.7,19.45,0.5025684509277344,5.0,91.0,92.05999755859375
NFLX,NFLX,2026-08-21,0.29863013698630136,C,78.0,-0.1657316851797743,16.35,18.65,16.8,0.5432174584960938,10.0,515.0,92.05999755859375
NFLX,NFLX,2026-08-21,0.29863013698630136,C,79.0,-0.1529926594023445,15.4,17.8,17.88,0.5307664111328125,5.0,280.0,92.05999755859375
NFLX,NFLX,2026-08-21,0.29863013698630136,C,80.0,-0.14041387719548448,14.75,15.8,16.87,0.44739322143554683,6.0,2111.0,92.05999755859375
NFLX,NFLX,2026-08-21,0.29863013698630136,C,81.0,-0.1279913571969273,13.85,15.55,14.3,0.4722953161621094,3.0,773.0,92.05999755859375
NFLX,NFLX,2026-08-21,0.29863013698630136,C,82.0,-0.11572126460511292,13.25,14.4,13.97,0.4419001123046875,3.0,424.0,92.05999755859375
NFLX,NFLX,2026-08-21,0.29863013698630136,C,83.0,-0.10359990407276808,12.6,13.75,14.58,0.44067942138671873,1.0,662.0,92.05999755859375
NFLX,NFLX,2026-08-21,0.29863013698630136,C,84.0,-0.09162371302605248,12.0,12.55,12.35,0.4075376629638672,6.0,192.0,92.05999755859375
NFLX,NFLX,2026-08-21,0.29863013698630136,C,85.0,-0.07978925537904961,11.3,11.9,12.27,0.40515731567382807,32.0,1052.0,92.05999755859375
NFLX,NFLX,2026-08-21,0.29863013698630136,C,86.0,-0.06809321561585831,10.55,11.7,11.84,0.42590906127929695,1.0,247.0,92.05999755859375
NFLX,NFLX,2026-08-21,0.29863013698630136,C,87.0,-0.05653239321478229,10.15,10.45,10.27,0.38941040283203127,24.0,549.0,92.05999755859375
NFLX,NFLX,2026-08-21,0.29863013698630136,C,88.0,-0.045103697391159624,9.45,10.1,9.75,0.39990834472656256,13.0,899.0,92.05999755859375
NFLX,NFLX,2026-08-21,0.29863013698630136,C,89.0,-0.03380414213722623,8.85,9.45,9.2,0.39362178649902346,3.0,256.0,92.05999755859375
NFLX,NFLX,2026-08-21,0.29863013698630136,C,90.0,-0.022630841539100974,8.5,9.05,8.6,0.3991148956298829,184.0,1934.0,92.05999755859375
NFLX,NFLX,2026-08-21,0.29863013698630136,C,91.0,-0.011581005352515971,7.8,8.15,8.15,0.37842418457031246,6.0,308.0,92.05999755859375
NFLX,NFLX,2026-08-21,0.29863013698630136,C,92.0,-0.0006519348203257871,7.3,7.6,7.5,0.3745179736328125,83.0,1394.0,92.05999755859375
NFLX,NFLX,2026-08-21,0.29863013698630136,C,93.0,0.010158981283889978,6.9,7.1,6.95,0.3719545227050781,168.0,1100.0,92.05999755859375
NFLX,NFLX,2026-08-21,0.29863013698630136,C,94.0,0.020854270400637746,6.25,6.95,7.1,0.3857483300781249,42.0,385.0,92.05999755859375
NFLX,NFLX,2026-08-21,0.29863013698630136,C,95.0,0.03143637973117471,6.0,6.15,6.12,0.36646141357421874,304.0,2879.0,92.05999755859375
NFLX,NFLX,2026-08-21,0.29863013698630136,C,96.0,0.041907679598470145,5.5,5.85,5.65,0.37085590087890624,64.0,819.0,92.05999755859375
NFLX,NFLX,2026-08-21,0.29863013698630136,C,97.0,0.05227046663401675,5.2,5.5,5.57,0.37189348815917966,26.0,685.0,92.05999755859375
NFLX,NFLX,2026-08-21,0.29863013698630136,C,98.0,0.06252696680120587,4.8,5.15,4.9,0.3719545227050781,37.0,524.0,92.05999755859375
NFLX,NFLX,2026-08-21,0.29863013698630136,C,99.0,0.07267933826522391,4.35,4.6,4.35,0.36084623535156246,457.0,1110.0,92.05999755859375
NFLX,NFLX,2026-08-21,0.29863013698630136,C,100.0,0.08272967411872538,4.15,4.25,4.2,0.3588931298828125,1016.0,6639.0,92.05999755859375
NFLX,NFLX,2026-08-21,0.29863013698630136,C,101.0,0.09268000497189348,3.6,4.25,4.53,0.37439590454101557,13.0,587.0,92.05999755859375
NFLX,NFLX,2026-08-21,0.29863013698630136,C,102.0,0.10253230141490513,3.35,3.65,3.6,0.3573062316894531,17.0,1203.0,92.05999755859375
NFLX,NFLX,2026-08-21,0.29863013698630136,C,103.0,0.11228847636026965,3.2,3.4,3.25,0.3579165771484375,16.0,416.0,92.05999755859375
NFLX,NFLX,2026-08-21,0.29863013698630136,C,104.0,0.12195038727200656,2.92,3.2,3.07,0.36035795898437495,10.0,877.0,92.05999755859375
NFLX,NFLX,2026-08-21,0.29863013698630136,C,105.0,0.1315198382881573,2.84,2.91,2.85,0.3569400244140625,169.0,70658.0,92.05999755859375
NFLX,NFLX,2026-08-21,0.29863013698630136,C,106.0,0.1409985822427011,2.48,2.79,2.65,0.36255520263671875,18.0,724.0,92.05999755859375
NFLX,NFLX,2026-08-21,0.29863013698630136,C,107.0,0.15038832259254015,2.35,2.47,2.41,0.35547519531249994,2.0,429.0,92.05999755859375
NFLX,NFLX,2026-08-21,0.29863013698630136,C,108.0,0.1596907152548537,2.2,2.29,2.25,0.35584140258789054,42.0,993.0,92.05999755859375
NFLX,NFLX,2026-08-21,0.29863013698630136,C,109.0,0.1689073703597777,1.92,2.59,2.25,0.38635867553710934,34.0,1353.0,92.05999755859375
NFLX,NFLX,2026-08-21,0.29863013698630136,C,110.0,0.17803985392305027,1.86,1.94,1.91,0.3549869189453124,268.0,18734.0,92.05999755859375
NFLX,NFLX,2026-08-21,0.29863013698630136,C,111.0,0.18708968944296803,1.65,1.96,2.0,0.3670717590332031,8.0,660.0,92.05999755859375
NFLX,NFLX,2026-08-21,0.29863013698630136,C,112.0,0.19605835942572844,1.55,1.94,1.79,0.37622694091796877,2.0,683.0,92.05999755859375
NFLX,NFLX,2026-08-21,0.29863013698630136,C,114.0,0.21375793652512942,1.33,1.45,1.47,0.35950347534179683,14.0,1875.0,92.05999755859375
NFLX,NFLX,2026-08-21,0.29863013698630136,C,115.0,0.22249161649388405,1.25,1.73,1.3,0.39075316284179684,51.0,2345.0,92.05999755859375
NFLX,NFLX,2026-08-21,0.29863013698630136,C,116.0,0.23114967923699864,1.14,1.52,1.14,0.383795224609375,11.0,580.0,92.05999755859375
NFLX,NFLX,2026-08-21,0.29863013698630136,C,118.0,0.2482441125962988,0.97,1.31,1.02,0.3842835009765625,9.0,641.0,92.05999755859375
NFLX,NFLX,2026-08-21,0.29863013698630136,C,120.0,0.2650512309126799,0.88,1.09,0.9,0.3813538427734374,253.0,6319.0,92.05999755859375
NFLX,NFLX,2026-08-21,0.29863013698630136,C,122.0,0.2815805328638905,0.7,0.94,0.81,0.38233039550781245,364.0,1596.0,92.05999755859375
NFLX,NFLX,2026-08-21,0.29863013698630136,C,124.0,0.2978410537356708,0.5,0.87,0.82,0.39014281738281253,14.0,1638.0,92.05999755859375
NFLX,NFLX,2026-08-21,0.29863013698630136,C,125.0,0.3058732254329351,0.62,0.66,0.63,0.37256486816406253,152.0,68896.0,92.05999755859375
NFLX,NFLX,2026-08-21,0.29863013698630136,C,126.0,0.313841395082112,0.55,0.62,0.59,0.3742738354492187,31.0,706.0,92.05999755859375
NFLX,NFLX,2026-08-21,0.29863013698630136,C,128.0,0.3295897520502511,0.28,0.64,0.54,0.39111937011718745,1.0,666.0,92.05999755859375
NFLX,NFLX,2026-08-21,0.29863013698630136,C,130.0,0.34509393858621634,0.45,0.46,0.46,0.37744763183593744,302.0,13115.0,92.05999755859375
NFLX,NFLX,2026-08-21,0.29863013698630136,C,132.0,0.36036141071700484,0.36,0.52,0.44,0.39990834472656256,3.0,802.0,92.05999755859375
NFLX,NFLX,2026-08-21,0.29863013698630136,C,134.0,0.3753992880815454,0.1,0.65,0.42,0.43237872314453124,1.0,375.0,92.05999755859375
NFLX,NFLX,2026-08-21,0.29863013698630136,C,135.0,0.38283426656906333,0.19,0.49,0.44,0.414068359375,1.0,854.0,92.05999755859375
NFLX,NFLX,2026-08-21,0.29863013698630136,C,136.0,0.3902143738666859,0.2,0.56,0.32,0.43140217041015627,4.0,195.0,92.05999755859375
NFLX,NFLX,2026-08-21,0.29863013698630136,C,138.0,0.4048131732878386,0.07,0.54,0.38,0.44043528320312497,31.0,326.0,92.05999755859375
NFLX,NFLX,2026-08-21,0.29863013698630136,C,140.0,0.4192019107399383,0.03,0.34,0.25,0.415044912109375,15.0,3476.0,92.05999755859375
NFLX,NFLX,2026-08-21,0.29863013698630136,C,142.0,0.4333865457318947,0.13,0.41,0.24,0.44043528320312497,51.0,204.0,92.05999755859375
NFLX,NFLX,2026-08-21,0.29863013698630136,C,144.0,0.4473727877066345,0.06,0.67,0.31,0.4963429272460938,1.0,273.0,92.05999755859375
NFLX,NFLX,2026-08-21,0.29863013698630136,C,145.0,0.45429323055120835,0.18,0.27,0.19,0.42529871582031253,2.0,28.0,92.05999755859375
NFLX,NFLX,2026-08-21,0.29863013698630136,C,146.0,0.4611661098389704,0.0,0.62,0.4,0.500005,2.0,225.0,92.05999755859375
NFLX,NFLX,2026-08-21,0.29863013698630136,C,148.0,0.474771761894749,0.04,0.62,0.31,0.5109912182617188,1.0,180.0,92.05999755859375
NFLX,NFLX,2026-08-21,0.29863013698630136,C,150.0,0.4881947822268898,0.1,0.25,0.19,0.44482977050781247,14.0,717.0,92.05999755859375
NFLX,NFLX,2026-08-21,0.29863013698630136,C,152.0,0.5014400089769103,0.01,0.58,0.28,0.5258836474609375,1.0,764.0,92.05999755859375
NFLX,NFLX,2026-08-21,0.29863013698630136,C,154.0,0.5145120905442631,0.0,0.25,0.14,0.463872548828125,1.0,150.0,92.05999755859375
NFLX,NFLX,2026-08-21,0.29863013698630136,C,155.0,0.5209846050498805,0.0,0.76,0.57,0.5019581054687501,6.0,252.0,92.05999755859375
NFLX,NFLX,2026-08-21,0.29863013698630136,C,156.0,0.527415495380171,0.05,0.29,0.52,0.48438015625,15.0,38.0,92.05999755859375
NFLX,NFLX,2026-08-21,0.29863013698630136,C,158.0,0.5401545211576008,0.0,0.94,0.47,0.5356491748046875,6.0,21.0,92.05999755859375
NFLX,NFLX,2026-08-21,0.29863013698630136,C,160.0,0.5527333033644608,0.1,0.36,0.07,0.5210008837890624,5.0,512.0,92.05999755859375
NFLX,NFLX,2026-08-21,0.29863013698630136,C,162.0,0.5651558233630181,0.0,0.92,0.4,0.55273884765625,7.0,13.0,92.05999755859375
NFLX,NFLX,2026-08-21,0.29863013698630136,C,164.0,0.5774259159548324,0.0,0.98,0.42,0.56836369140625,1.0,130.0,92.05999755859375
NFLX,NFLX,2026-08-21,0.29863013698630136,C,165.0,0.5835049620312146,0.0,0.2,0.07,0.49707534179687507,1.0,48.0,92.05999755859375
NFLX,NFLX,2026-08-21,0.29863013698630136,C,166.0,0.5895472764871772,0.0,2.36,0.11,0.68555001953125,1.0,21.0,92.05999755859375
NFLX,NFLX,2026-08-21,0.29863013698630136,C,168.0,0.6015234675338929,0.0,2.2,0.45,0.6853058813476562,1.0,2.0,92.05999755859375
NFLX,NFLX,2026-08-21,0.29863013698630136,C,170.0,0.6133579251808957,0.0,0.92,0.38,0.5893595751953126,6.0,82.0,92.05999755859375
NFLX,NFLX,2026-08-21,0.29863013698630136,C,172.0,0.625053964944087,0.08,0.51,1.89,0.5566450585937501,,117.0,92.05999755859375
NFLX,NFLX,2026-08-21,0.29863013698630136,C,174.0,0.636614787345163,0.0,0.5,0.01,0.5507857421875001,4.0,321.0,92.05999755859375
NFLX,NFLX,2026-08-21,0.29863013698630136,C,175.0,0.6423454620541481,0.0,0.2,0.04,0.5371140039062501,1.0,157.0,92.05999755859375
NFLX,NFLX,2026-08-21,0.29863013698630136,C,176.0,0.6480434831687857,0.0,0.98,0.27,0.6218299536132813,4.0,235.0,92.05999755859375
NFLX,NFLX,2026-08-21,0.29863013698630136,C,178.0,0.6593430384227191,0.0,0.5,0.1,0.5668988623046876,3.0,73.0,92.05999755859375
NFLX,NFLX,2026-08-21,0.29863013698630136,C,180.0,0.6705163390208443,0.0,0.5,0.23,0.5747112841796875,1.0,334.0,92.05999755859375
NFLX,NFLX,2026-08-21,0.29863013698630136,C,182.0,0.6815661752074293,0.79,1.05,1.58,0.7246121289062499,,50.0,92.05999755859375
NFLX,NFLX,2026-08-21,0.29863013698630136,C,184.0,0.6924952457396195,0.0,0.5,0.12,0.5898478515625001,1.0,124.0,92.05999755859375
NFLX,NFLX,2026-08-21,0.29863013698630136,C,186.0,0.7033061618438353,0.0,0.1,0.12,0.5293015820312501,1.0,654.0,92.05999755859375
NFLX,NFLX,2026-08-21,0.29863013698630136,C,630.0,1.9232793075162125,0.0,0.0,591.25,0.500005,,0.0,92.05999755859375
NFLX,NFLX,2026-08-21,0.29863013698630136,C,1480.0,2.7773568548887946,42.05,46.5,42.95,4.87018213493347,1.0,9.0,92.05999755859375
NFLX,NFLX,2026-08-21,0.29863013698630136,C,1500.0,2.7907798752209354,39.1,43.7,42.02,4.731815608673095,1.0,34.0,92.05999755859375
NFLX,NFLX,2026-08-21,0.29863013698630136,C,1520.0,2.804025101970956,36.95,41.0,40.5,4.618412430114746,2.0,76.0,92.05999755859375
NFLX,NFLX,2026-08-21,0.29863013698630136,C,1550.0,2.823569698043926,33.55,36.9,36.45,4.444828662719726,2.0,3.0,92.05999755859375
NFLX,NFLX,2026-08-21,0.29863013698630136,C,1560.0,2.8300005883742165,30.8,35.65,34.25,4.350285323867796,,4.0,92.05999755859375
NFLX,NFLX,2026-08-21,0.29863013698630136,C,1580.0,2.8427396141516463,28.75,33.6,30.0,4.25757303741455,,1.0,92.05999755859375
NFLX,NFLX,2026-08-21,0.29863013698630136,C,1600.0,2.8553183963585065,26.75,31.4,35.0,4.161992102203369,1.0,36.0,92.05999755859375
NFLX,NFLX,2026-08-21,0.29863013698630136,C,1620.0,2.867740916357064,24.85,29.65,23.7,4.079472674102783,10.0,0.0,92.05999755859375
NFLX,NFLX,2026-08-21,0.29863013698630136,C,1640.0,2.880011008948878,23.2,27.4,27.33,3.989746119384766,2.0,13.0,92.05999755859375
NFLX,NFLX,2026-08-21,0.29863013698630136,C,1650.0,2.88609005502526,22.4,26.45,22.03,3.9494630169677736,1.0,2.0,92.05999755859375
NFLX,NFLX,2026-08-21,0.29863013698630136,C,1660.0,2.8921323694812227,21.65,25.65,25.5,3.914001679840088,1.0,2.0,92.05999755859375
NFLX,NFLX,2026-08-21,0.29863013698630136,C,1700.0,2.9159430181749415,18.8,22.7,20.15,3.779419496765137,1.0,8.0,92.05999755859375
NFLX,NFLX,2026-08-21,0.29863013698630136,C,1720.0,2.9276390579381326,21.15,30.7,45.9,4.052617238922119,,12.0,92.05999755859375
NFLX,NFLX,2026-08-21,0.29863013698630136,C,1740.0,2.9391998803392085,16.3,20.15,15.65,3.65942467956543,2.0,32.0,92.05999755859375
NFLX,NFLX,2026-08-21,0.29863013698630136,C,1750.0,2.944930555048194,16.15,19.45,17.15,3.639893478393555,1.0,11.0,92.05999755859375
NFLX,NFLX,2026-08-21,0.29863013698630136,C,1760.0,2.9506285761628317,15.6,18.9,17.85,3.6131601467895513,5.0,27.0,92.05999755859375
NFLX,NFLX,2026-08-21,0.29863013698630136,C,1780.0,2.961928131416765,14.65,17.75,14.21,3.561524533691406,2.0,2.0,92.05999755859375
NFLX,NFLX,2026-08-21,0.29863013698630136,C,1800.0,2.97310143201489,13.3,16.75,13.28,3.5012219500732416,2.0,4.0,92.05999755859375
NFLX,NFLX,2026-08-21,0.29863013698630136,C,1820.0,2.984151268201475,12.4,15.8,15.8,3.4538587872314457,5.0,5.0,92.05999755859375
NFLX,NFLX,2026-08-21,0.29863013698630136,C,1840.0,2.9950803387336653,11.6,14.65,13.37,3.4018569641113277,2.0,12.0,92.05999755859375
NFLX,NFLX,2026-08-21,0.29863013698630136,C,1860.0,3.005891254837881,12.1,14.15,12.5,3.4086928845214843,1.0,70.0,92.05999755859375
NFLX,NFLX,2026-08-21,0.29863013698630136,P,1.0,-4.522440511869366,0.0,0.2,0.01,4.01562998046875,1.0,260.0,92.05999755859375
NFLX,NFLX,2026-08-21,0.29863013698630136,P,1.5,-4.116975403761201,0.0,0.2,0.01,3.5468761328125,80.0,10671.0,92.05999755859375
NFLX,NFLX,2026-08-21,0.29863013698630136,P,2.0,-3.8292933313094206,0.0,0.0,0.01,0.500005,7006.0,0.0,92.05999755859375
NFLX,NFLX,2026-08-21,0.29863013698630136,P,2.5,-3.606149779995211,0.0,0.0,0.01,0.500005,51.0,0.0,92.05999755859375
NFLX,NFLX,2026-08-21,0.29863013698630136,P,3.0,-3.4238282232012565,0.0,0.2,0.01,2.8281279296874997,1.0,251.0,92.05999755859375
NFLX,NFLX,2026-08-21,0.29863013698630136,P,3.5,-3.269677543373998,0.0,0.0,0.01,0.500005,10.0,0.0,92.05999755859375
NFLX,NFLX,2026-08-21,0.29863013698630136,P,4.0,-3.1361461507494757,0.0,0.0,0.01,0.500005,750.0,0.0,92.05999755859375
NFLX,NFLX,2026-08-21,0.29863013698630136,P,4.5,-3.018363115093092,0.0,2.13,0.02,3.9003908740234374,1.0,2263.0,92.05999755859375
NFLX,NFLX,2026-08-21,0.29863013698630136,P,5.0,-2.9130025994352655,0.0,2.13,0.02,3.7167975830078124,1040.0,2040.0,92.05999755859375
NFLX,NFLX,2026-08-21,0.29863013698630136,P,10.0,-2.2198554188753206,0.0,1.19,0.01,2.349613500976562,,0.0,92.05999755859375
NFLX,NFLX,2026-08-21,0.29863013698630136,P,20.0,-1.5267082383153752,0.0,1.45,0.04,1.6630876220703126,,501.0,92.05999755859375
NFLX,NFLX,2026-08-21,0.29863013698630136,P,25.0,-1.3035646870011652,0.0,1.27,0.01,1.3896514892578122,344.0,2245.0,92.05999755859375
NFLX,NFLX,2026-08-21,0.29863013698630136,P,30.0,-1.1212431302072108,0.0,1.27,0.01,1.2060586572265624,250.0,10354.0,92.05999755859375
NFLX,NFLX,2026-08-21,0.29863013698630136,P,35.0,-0.9670924503799524,0.0,0.35,0.02,0.84179845703125,250.0,1378.0,92.05999755859375
NFLX,NFLX,2026-08-21,0.29863013698630136,P,40.0,-0.8335610577554298,0.0,0.15,0.09,0.6523472265625001,1.0,127.0,92.05999755859375
NFLX,NFLX,2026-08-21,0.29863013698630136,P,45.0,-0.7157780220990463,0.0,0.7,0.08,0.717776259765625,9.0,467.0,92.05999755859375
NFLX,NFLX,2026-08-21,0.29863013698630136,P,50.0,-0.61041750644122,0.0,0.25,0.06,0.526371923828125,40.0,170.0,92.05999755859375
NFLX,NFLX,2026-08-21,0.29863013698630136,P,55.0,-0.5151073266368951,0.0,0.26,0.2,0.5092822509765625,1.0,968.0,92.05999755859375
NFLX,NFLX,2026-08-21,0.29863013698630136,P,56.0,-0.4970888211342169,0.01,0.55,0.16,0.5004932763671875,2.0,400.0,92.05999755859375
NFLX,NFLX,2026-08-21,0.29863013698630136,P,58.0,-0.46199750132294665,0.12,0.44,0.2,0.5127001855468749,5.0,575.0,92.05999755859375
NFLX,NFLX,2026-08-21,0.29863013698630136,P,60.0,-0.42809594964726544,0.22,0.35,0.26,0.45898978515625005,1.0,3022.0,92.05999755859375
NFLX,NFLX,2026-08-21,0.29863013698630136,P,61.0,-0.41156664769605483,0.09,0.45,0.41,0.46753462158203124,1.0,563.0,92.05999755859375
NFLX,NFLX,2026-08-21,0.29863013698630136,P,62.0,-0.39530612682427446,0.07,0.53,0.25,0.4682670361328125,5.0,56.0,92.05999755859375
NFLX,NFLX,2026-08-21,0.29863013698630136,P,63.0,-0.3793057854778333,0.3,0.39,0.37,0.42383388671875,1.0,323.0,92.05999755859375
NFLX,NFLX,2026-08-21,0.29863013698630136,P,64.0,-0.36355742850969425,0.13,0.7,0.24,0.46680220703125,1.0,752.0,92.05999755859375
NFLX,NFLX,2026-08-21,0.29863013698630136,P,65.0,-0.34805324197372894,0.32,0.56,0.42,0.4272518212890626,3.0,561.0,92.05999755859375
NFLX,NFLX,2026-08-21,0.29863013698630136,P,66.0,-0.33278576984294045,0.14,0.76,0.65,0.44385321777343745,7.0,856.0,92.05999755859375
NFLX,NFLX,2026-08-21,0.29863013698630136,P,67.0,-0.3177478924783999,0.19,0.6,0.7,0.4035704174804688,3.0,1004.0,92.05999755859375
NFLX,NFLX,2026-08-21,0.29863013698630136,P,68.0,-0.3029328066932594,0.36,0.73,0.66,0.40796490478515623,17.0,1066.0,92.05999755859375
NFLX,NFLX,2026-08-21,0.29863013698630136,P,69.0,-0.2883340072721067,0.45,0.72,0.63,0.39111937011718745,6.0,368.0,92.05999755859375
NFLX,NFLX,2026-08-21,0.29863013698630136,P,70.0,-0.27394526982000705,0.71,0.79,0.75,0.3852600537109374,28.0,2530.0,92.05999755859375
NFLX,NFLX,2026-08-21,0.29863013698630136,P,71.0,-0.25976063482805056,0.68,1.04,0.88,0.3996642065429688,10.0,1481.0,92.05999755859375
NFLX,NFLX,2026-08-21,0.29863013698630136,P,72.0,-0.2457743928533108,0.88,0.98,0.82,0.37695935546875,10.0,722.0,92.05999755859375
NFLX,NFLX,2026-08-21,0.29863013698630136,P,73.0,-0.23198107072097493,1.0,1.19,1.01,0.3833069482421875,2.0,48182.0,92.05999755859375
NFLX,NFLX,2026-08-21,0.29863013698630136,P,74.0,-0.21837541866519627,0.78,1.34,1.0,0.3815979809570312,5.0,430.0,92.05999755859375
NFLX,NFLX,2026-08-21,0.29863013698630136,P,75.0,-0.20495239833305556,1.24,1.33,1.21,0.3640200317382813,31.0,2862.0,92.05999755859375
NFLX,NFLX,2026-08-21,0.29863013698630136,P,76.0,-0.19170717158303502,1.29,1.5,1.37,0.36255520263671875,1.0,406.0,92.05999755859375
NFLX,NFLX,2026-08-21,0.29863013698630136,P,77.0,-0.1786350900156822,1.54,1.67,1.61,0.35962554443359374,121.0,686.0,92.05999755859375
NFLX,NFLX,2026-08-21,0.29863013698630136,P,78.0,-0.1657316851797743,1.43,1.83,1.75,0.3549869189453124,15.0,925.0,92.05999755859375
NFLX,NFLX,2026-08-21,0.29863013698630136,P,79.0,-0.1529926594023445,1.47,2.03,2.12,0.3523013989257812,4.0,1084.0,92.05999755859375
NFLX,NFLX,2026-08-21,0.29863013698630136,P,80.0,-0.14041387719548448,1.86,2.49,2.16,0.3663393444824219,164.0,10208.0,92.05999755859375
NFLX,NFLX,2026-08-21,0.29863013698630136,P,81.0,-0.1279913571969273,2.13,2.57,2.2,0.3529117443847656,214.0,2437.0,92.05999755859375
NFLX,NFLX,2026-08-21,0.29863013698630136,P,82.0,-0.11572126460511292,2.23,2.8,2.48,0.3485172570800781,16.0,1111.0,92.05999755859375
NFLX,NFLX,2026-08-21,0.29863013698630136,P,83.0,-0.10359990407276808,2.63,2.98,2.9,0.3402165588378906,13.0,1087.0,92.05999755859375
NFLX,NFLX,2026-08-21,0.29863013698630136,P,84.0,-0.09162371302605248,2.83,3.4,3.15,0.3452213916015625,11.0,1585.0,92.05999755859375
NFLX,NFLX,2026-08-21,0.29863013698630136,P,85.0,-0.07978925537904961,3.4,3.55,3.5,0.3332586206054688,46.0,2861.0,92.05999755859375
NFLX,NFLX,2026-08-21,0.29863013698630136,P,86.0,-0.06809321561585831,3.5,4.0,3.39,0.3371648315429688,3.0,2829.0,92.05999755859375
NFLX,NFLX,2026-08-21,0.29863013698630136,P,87.0,-0.05653239321478229,3.9,4.3,4.22,0.3316717224121094,15.0,1615.0,92.05999755859375
NFLX,NFLX,2026-08-21,0.29863013698630136,P,88.0,-0.045103697391159624,4.35,4.7,4.0,0.3302679278564453,3.0,933.0,92.05999755859375
NFLX,NFLX,2026-08-21,0.29863013698630136,P,89.0,-0.03380414213722623,4.75,5.05,4.95,0.3251410260009765,7.0,605.0,92.05999755859375
NFLX,NFLX,2026-08-21,0.29863013698630136,P,90.0,-0.022630841539100974,5.3,5.55,5.35,0.3265448205566406,55.0,6004.0,92.05999755859375
NFLX,NFLX,2026-08-21,0.29863013698630136,P,91.0,-0.011581005352515971,5.75,6.0,5.89,0.324103438720703,81.0,378.0,92.05999755859375
NFLX,NFLX,2026-08-21,0.29863013698630136,P,92.0,-0.0006519348203257871,6.2,6.5,6.36,0.32300481689453114,96.0,815.0,92.05999755859375
NFLX,NFLX,2026-08-21,0.29863013698630136,P,93.0,0.010158981283889978,6.55,7.15,6.7,0.32813171874999997,47.0,918.0,92.05999755859375
NFLX,NFLX,2026-08-21,0.29863013698630136,P,94.0,0.020854270400637746,7.25,7.45,7.43,0.31482618774414056,18.0,947.0,92.05999755859375
NFLX,NFLX,2026-08-21,0.29863013698630136,P,95.0,0.03143637973117471,7.65,8.0,7.95,0.31262894409179687,35.0,1630.0,92.05999755859375
NFLX,NFLX,2026-08-21,0.29863013698630136,P,96.0,0.041907679598470145,8.25,8.6,8.3,0.3117744604492187,5.0,1091.0,92.05999755859375
NFLX,NFLX,2026-08-21,0.29863013698630136,P,97.0,0.05227046663401675,8.95,9.3,8.75,0.31482618774414056,19.0,1138.0,92.05999755859375
NFLX,NFLX,2026-08-21,0.29863013698630136,P,98.0,0.06252696680120587,9.3,10.0,10.02,0.31677929321289056,30.0,993.0,92.05999755859375
NFLX,NFLX,2026-08-21,0.29863013698630136,P,99.0,0.07267933826522391,9.65,10.6,10.02,0.31250687499999996,1.0,366.0,92.05999755859375
NFLX,NFLX,2026-08-21,0.29863013698630136,P,100.0,0.08272967411872538,10.8,11.35,10.92,0.3149482568359374,40.0,2509.0,92.05999755859375
NFLX,NFLX,2026-08-21,0.29863013698630136,P,101.0,0.09268000497189348,11.25,12.15,10.97,0.31909860595703116,2.0,277.0,92.05999755859375
NFLX,NFLX,2026-08-21,0.29863013698630136,P,102.0,0.10253230141490513,11.8,12.8,11.17,0.31409377319335935,1.0,465.0,92.05999755859375
NFLX,NFLX,2026-08-21,0.29863013698630136,P,103.0,0.11228847636026965,12.1,13.6,13.1,0.31641308593749995,4.0,534.0,92.05999755859375
NFLX,NFLX,2026-08-21,0.29863013698630136,P,104.0,0.12195038727200656,13.5,14.3,13.74,0.31189652954101554,20.0,197.0,92.05999755859375
NFLX,NFLX,2026-08-21,0.29863013698630136,P,105.0,0.1315198382881573,14.35,15.0,14.55,0.30591514404296877,12.0,458.0,92.05999755859375
NFLX,NFLX,2026-08-21,0.29863013698630136,P,106.0,0.1409985822427011,14.35,16.0,14.25,0.31799998413085934,14.0,216.0,92.05999755859375
NFLX,NFLX,2026-08-21,0.29863013698630136,P,107.0,0.15038832259254015,15.15,16.75,16.0,0.31323928955078123,3.0,161.0,92.05999755859375
NFLX,NFLX,2026-08-21,0.29863013698630136,P,108.0,0.1596907152548537,15.95,17.6,16.93,0.31409377319335935,5.0,626.0,92.05999755859375
NFLX,NFLX,2026-08-21,0.29863013698630136,P,109.0,0.1689073703597777,17.25,18.55,17.28,0.32141791870117187,103.0,172.0,92.05999755859375
NFLX,NFLX,2026-08-21,0.29863013698630136,P,110.0,0.17803985392305027,18.3,19.3,18.62,0.31323928955078123,50.0,1067.0,92.05999755859375
NFLX,NFLX,2026-08-21,0.29863013698630136,P,111.0,0.18708968944296803,19.2,20.15,18.68,0.31140825317382803,9.0,608.0,92.05999755859375
NFLX,NFLX,2026-08-21,0.29863013698630136,P,112.0,0.19605835942572844,18.85,21.25,20.34,0.32923034057617184,30.0,316.0,92.05999755859375
NFLX,NFLX,2026-08-21,0.29863013698630136,P,114.0,0.21375793652512942,20.55,22.95,15.35,0.32227240234374993,1.0,888.0,92.05999755859375
NFLX,NFLX,2026-08-21,0.29863013698630136,P,115.0,0.22249161649388405,21.5,24.0,23.87,0.3358220715332031,1.0,145.0,92.05999755859375
NFLX,NFLX,2026-08-21,0.29863013698630136,P,116.0,0.23114967923699864,22.35,25.0,22.55,0.344733115234375,6.0,284.0,92.05999755859375
NFLX,NFLX,2026-08-21,0.29863013698630136,P,118.0,0.2482441125962988,24.05,26.85,24.98,0.34729656616210935,25.0,73.0,92.05999755859375
NFLX,NFLX,2026-08-21,0.29863013698630136,P,120.0,0.2650512309126799,27.3,28.85,27.45,0.36377589355468753,5.0,100.0,92.05999755859375
NFLX,NFLX,2026-08-21,0.29863013698630136,P,122.0,0.2815805328638905,28.0,31.8,28.8,0.4650932397460938,6.0,54.0,92.05999755859375
NFLX,NFLX,2026-08-21,0.29863013698630136,P,124.0,0.2978410537356708,29.9,33.9,27.25,0.49023947265625006,5.0,21.0,92.05999755859375
NFLX,NFLX,2026-08-21,0.29863013698630136,P,125.0,0.3058732254329351,30.85,34.9,31.0,0.4986622399902344,75.0,86.0,92.05999755859375
NFLX,NFLX,2026-08-21,0.29863013698630136,P,130.0,0.34509393858621634,35.85,39.9,32.55,0.5393112475585939,5.0,0.0,92.05999755859375
NFLX,NFLX,2026-08-21,0.29863013698630136,P,132.0,0.36036141071700484,43.65,44.15,39.39,0.6994658959960938,5.0,0.0,92.05999755859375
NFLX,NFLX,2026-08-21,0.29863013698630136,P,134.0,0.3753992880815454,48.75,52.7,41.45,0.9967041345214844,5.0,0.0,92.05999755859375
NFLX,NFLX,2026-08-21,0.29863013698630136,P,135.0,0.38283426656906333,45.15,53.65,42.3,0.8768322863769531,,0.0,92.05999755859375
NFLX,NFLX,2026-08-21,0.29863013698630136,P,144.0,0.4473727877066345,51.25,55.2,33.96,0.5742230078125,,0.0,92.05999755859375
NFLX,NFLX,2026-08-21,0.29863013698630136,P,146.0,0.4611661098389704,53.2,57.2,38.07,0.5839885351562499,,0.0,92.05999755859375
NFLX,NFLX,2026-08-21,0.29863013698630136,P,150.0,0.4881947822268898,55.85,59.9,58.3,0.6790803576660158,10.0,0.0,92.05999755859375
NFLX,NFLX,2026-08-21,0.29863013698630136,P,175.0,0.6423454620541481,84.65,88.65,76.85,0.9702151416015624,30.0,0.0,92.05999755859375
NFLX,NFLX,2026-08-21,0.29863013698630136,P,176.0,0.6480434831687857,83.8,87.45,62.65,0.7951680639648437,,0.0,92.05999755859375
NFLX,NFLX,2026-08-21,0.29863013698630136,P,178.0,0.6593430384227191,85.5,89.45,64.65,0.7879659875488281,,0.0,92.05999755859375
NFLX,NFLX,2026-08-21,0.29863013698630136,P,180.0,0.6705163390208443,89.6,93.6,80.26,0.9929199926757812,30.0,0.0,92.05999755859375
NFLX,NFLX,2026-08-21,0.29863013698630136,P,184.0,0.6924952457396195,93.6,97.35,84.0,1.0035450213623045,1.0,0.0,92.05999755859375
NFLX,NFLX,2026-10-16,0.4520547945205479,C,50.0,-0.61041750644122,41.35,45.35,45.25,0.6762727685546877,1.0,66.0,92.05999755859375
NFLX,NFLX,2026-10-16,0.4520547945205479,C,55.0,-0.5151073266368951,37.5,40.6,40.79,0.6665072412109377,,1.0,92.05999755859375
NFLX,NFLX,2026-10-16,0.4520547945205479,C,65.0,-0.34805324197372894,28.55,31.3,29.95,0.5638471350097658,7.0,7.0,92.05999755859375
NFLX,NFLX,2026-10-16,0.4520547945205479,C,70.0,-0.27394526982000705,24.15,26.0,23.79,0.547978153076172,10.0,14.0,92.05999755859375
NFLX,NFLX,2026-10-16,0.4520547945205479,C,75.0,-0.20495239833305556,20.05,21.45,20.95,0.4852346398925781,1.0,256.0,92.05999755859375
NFLX,NFLX,2026-10-16,0.4520547945205479,C,80.0,-0.14041387719548448,16.5,18.2,17.18,0.48303739624023445,9.0,87.0,92.05999755859375
NFLX,NFLX,2026-10-16,0.4520547945205479,C,85.0,-0.07978925537904961,13.25,13.9,13.65,0.4190731921386719,12.0,31.0,92.05999755859375
NFLX,NFLX,2026-10-16,0.4520547945205479,C,90.0,-0.022630841539100974,10.25,10.8,10.95,0.397466962890625,41.0,157.0,92.05999755859375
NFLX,NFLX,2026-10-16,0.4520547945205479,C,95.0,0.03143637973117471,7.85,8.4,8.28,0.38934936828613287,33.0,259.0,92.05999755859375
NFLX,NFLX,2026-10-16,0.4520547945205479,C,100.0,0.08272967411872538,5.95,6.3,6.13,0.37781383911132804,63.0,358.0,92.05999755859375
NFLX,NFLX,2026-10-16,0.4520547945205479,C,105.0,0.1315198382881573,4.4,4.7,4.58,0.37183245361328127,8.0,202.0,92.05999755859375
NFLX,NFLX,2026-10-16,0.4520547945205479,C,110.0,0.17803985392305027,3.15,3.45,3.5,0.36688865539550786,20.0,382.0,92.05999755859375
NFLX,NFLX,2026-10-16,0.4520547945205479,C,115.0,0.22249161649388405,2.18,2.69,2.43,0.3734193518066406,15.0,165.0,92.05999755859375
NFLX,NFLX,2026-10-16,0.4520547945205479,C,120.0,0.2650512309126799,1.8,1.99,1.88,0.3726869372558594,8.0,78.0,92.05999755859375
NFLX,NFLX,2026-10-16,0.4520547945205479,C,125.0,0.3058732254329351,1.05,1.55,1.36,0.37854625366210937,7.0,1516.0,92.05999755859375
NFLX,NFLX,2026-10-16,0.4520547945205479,C,130.0,0.34509393858621634,0.75,1.2,0.99,0.38318487915039057,9.0,37.0,92.05999755859375
NFLX,NFLX,2026-10-16,0.4520547945205479,C,135.0,0.38283426656906333,0.7,0.9,0.76,0.3845276391601562,1.0,7.0,92.05999755859375
NFLX,NFLX,2026-10-16,0.4520547945205479,C,140.0,0.4192019107399383,0.44,0.67,0.55,0.3852600537109374,20.0,20.0,92.05999755859375
NFLX,NFLX,2026-10-16,0.4520547945205479,C,145.0,0.45429323055120835,0.17,0.78,0.4,0.42236905761718746,1.0,2.0,92.05999755859375
NFLX,NFLX,2026-10-16,0.4520547945205479,C,150.0,0.4881947822268898,0.0,0.92,0.5,0.46143116699218756,,2.0,92.05999755859375
NFLX,NFLX,2026-10-16,0.4520547945205479,C,160.0,0.5527333033644608,0.15,0.25,0.26,0.4008848974609375,,21.0,92.05999755859375
NFLX,NFLX,2026-10-16,0.4520547945205479,P,55.0,-0.5151073266368951,0.0,0.9,0.29,0.5371140039062501,1.0,40.0,92.05999755859375
NFLX,NFLX,2026-10-16,0.4520547945205479,P,60.0,-0.42809594964726544,0.25,0.99,0.65,0.4731497998046875,,120.0,92.05999755859375
NFLX,NFLX,2026-10-16,0.4520547945205479,P,65.0,-0.34805324197372894,0.57,1.06,1.06,0.40930766479492187,86.0,109.0,92.05999755859375
NFLX,NFLX,2026-10-16,0.4520547945205479,P,70.0,-0.27394526982000705,1.42,1.57,1.35,0.3852600537109374,10.0,262.0,92.05999755859375
NFLX,NFLX,2026-10-16,0.4520547945205479,P,75.0,-0.20495239833305556,2.06,2.43,2.3,0.3715883154296875,10.0,1451.0,92.05999755859375
NFLX,NFLX,2026-10-16,0.4520547945205479,P,80.0,-0.14041387719548448,3.2,3.65,3.41,0.36023588989257804,7.0,2300.0,92.05999755859375
NFLX,NFLX,2026-10-16,0.4520547945205479,P,85.0,-0.07978925537904961,4.75,5.15,4.95,0.34430587341308594,65.0,2813.0,92.05999755859375
NFLX,NFLX,2026-10-16,0.4520547945205479,P,90.0,-0.022630841539100974,6.6,7.15,6.95,0.33209896423339846,58.0,713.0,92.05999755859375
NFLX,NFLX,2026-10-16,0.4520547945205479,P,95.0,0.03143637973117471,9.25,9.65,9.33,0.3215399877929687,12.0,373.0,92.05999755859375
NFLX,NFLX,2026-10-16,0.4520547945205479,P,100.0,0.08272967411872538,11.45,12.65,11.18,0.31214066772460936,1.0,1.0,92.05999755859375
NFLX,NFLX,2026-10-16,0.4520547945205479,P,105.0,0.1315198382881573,14.8,16.25,15.91,0.30988238952636715,4.0,28.0,92.05999755859375
NFLX,NFLX,2027-01-15,0.7013698630136986,C,0.5,-5.215587692429311,89.75,93.7,95.6,3.6718758203125006,1.0,14630.0,92.05999755859375
NFLX,NFLX,2027-01-15,0.7013698630136986,C,1.0,-4.522440511869366,89.25,93.3,100.57,3.07031482421875,55.0,2207.0,92.05999755859375
NFLX,NFLX,2027-01-15,0.7013698630136986,C,1.5,-4.116975403761201,88.8,92.8,100.12,2.7343781640625,55.0,2305.0,92.05999755859375
NFLX,NFLX,2027-01-15,0.7013698630136986,C,10.0,-2.2198554188753206,80.55,84.6,82.69,1.4970728271484375,1.0,11.0,92.05999755859375
NFLX,NFLX,2027-01-15,0.7013698630136986,C,11.0,-2.1245452390709954,84.65,88.6,75.6,2.9736353784179688,1.0,1.0,92.05999755859375
NFLX,NFLX,2027-01-15,0.7013698630136986,C,12.0,-2.0375338620813657,81.75,85.5,70.05,2.2934612976074216,1.0,0.0,92.05999755859375
NFLX,NFLX,2027-01-15,0.7013698630136986,C,15.0,-1.814390310767156,78.85,82.5,66.0,2.010747160644531,1.0,221.0,92.05999755859375
NFLX,NFLX,2027-01-15,0.7013698630136986,C,18.5,-1.6046697797850868,72.3,76.25,75.88,1.142582412109375,86.0,59.0,92.05999755859375
NFLX,NFLX,2027-01-15,0.7013698630136986,C,19.0,-1.5780015327029255,71.85,75.9,75.4,1.154301103515625,86.0,57.0,92.05999755859375
NFLX,NFLX,2027-01-15,0.7013698630136986,C,19.5,-1.552026046299665,76.5,80.5,72.77,2.0625048437499998,4.0,2.0,92.05999755859375
NFLX,NFLX,2027-01-15,0.7013698630136986,C,20.0,-1.5267082383153752,76.0,80.1,72.3,2.0332080419921876,4.0,21.0,92.05999755859375
NFLX,NFLX,2027-01-15,0.7013698630136986,C,22.0,-1.4313980585110502,79.0,88.0,91.36,2.9848658190917967,,10.0,92.05999755859375
NFLX,NFLX,2027-01-15,0.7013698630136986,C,24.0,-1.3443866815214205,67.0,71.05,70.39,1.0244189404296877,1.0,102.0,92.05999755859375
NFLX,NFLX,2027-01-15,0.7013698630136986,C,25.0,-1.3035646870011652,66.05,70.1,75.73,1.0058643457031249,2.0,130.0,92.05999755859375
NFLX,NFLX,2027-01-15,0.7013698630136986,C,27.0,-1.226603645865037,64.1,68.15,67.12,0.9599613378906249,1.0,60.0,92.05999755859375
NFLX,NFLX,2027-01-15,0.7013698630136986,C,29.0,-1.1551446818828919,62.2,66.15,74.97,0.9174812939453125,1.0,81.0,92.05999755859375
NFLX,NFLX,2027-01-15,0.7013698630136986,C,30.0,-1.1212431302072108,61.25,65.15,64.07,0.897217824707031,1.0,92.0,92.05999755859375
NFLX,NFLX,2027-01-15,0.7013698630136986,C,32.0,-1.0567046090696395,59.3,63.35,62.0,0.8710950390625,1.0,10.0,92.05999755859375
NFLX,NFLX,2027-01-15,0.7013698630136986,C,35.0,-0.9670924503799524,56.45,60.35,60.6,0.815431533203125,10.0,177.0,92.05999755859375
NFLX,NFLX,2027-01-15,0.7013698630136986,C,36.0,-0.9389215734132561,55.45,59.5,60.5,0.8051777294921875,2.0,62.0,92.05999755859375
NFLX,NFLX,2027-01-15,0.7013698630136986,C,37.0,-0.9115225992251416,59.65,63.7,56.33,1.3005406066894527,20.0,30.0,92.05999755859375
NFLX,NFLX,2027-01-15,0.7013698630136986,C,38.0,-0.8848543521429804,53.55,57.6,55.4,0.7775901147460937,1.0,70.0,92.05999755859375
NFLX,NFLX,2027-01-15,0.7013698630136986,C,39.0,-0.8588788657397196,52.6,56.5,54.0,0.7543969873046875,1.0,66.0,92.05999755859375
NFLX,NFLX,2027-01-15,0.7013698630136986,C,40.0,-0.8335610577554298,52.25,55.55,54.3,0.7778342529296876,2751.0,30134.0,92.05999755859375
NFLX,NFLX,2027-01-15,0.7013698630136986,C,41.0,-0.8088684451650582,51.7,53.9,53.32,0.7465845654296875,5502.0,60294.0,92.05999755859375
NFLX,NFLX,2027-01-15,0.7013698630136986,C,42.0,-0.7847708935859978,50.9,52.9,52.37,0.7387721435546875,2751.0,31712.0,92.05999755859375
NFLX,NFLX,2027-01-15,0.7013698630136986,C,43.0,-0.7612403961758036,48.8,52.8,55.63,0.7088652160644531,2.0,470.0,92.05999755859375
NFLX,NFLX,2027-01-15,0.7013698630136986,C,44.0,-0.7382508779511049,47.85,51.85,49.83,0.6962920996093751,2.0,34.0,92.05999755859375
NFLX,NFLX,2027-01-15,0.7013698630136986,C,45.0,-0.7157780220990463,46.95,50.9,49.02,0.6862824340820313,3.0,117.0,92.05999755859375
NFLX,NFLX,2027-01-15,0.7013698630136986,C,46.0,-0.6937991153802711,51.15,55.1,50.48,1.0756882153320313,2.0,120.0,92.05999755859375
NFLX,NFLX,2027-01-15,0.7013698630136986,C,47.0,-0.6722929101593076,46.4,48.95,48.0,0.7214383325195313,1.0,582.0,92.05999755859375
NFLX,NFLX,2027-01-15,0.7013698630136986,C,48.0,-0.6512395009614752,45.5,48.05,48.95,0.7116728051757812,1.0,255.0,92.05999755859375
NFLX,NFLX,2027-01-15,0.7013698630136986,C,49.0,-0.6306202137587394,44.45,47.1,59.2,0.6936065795898438,10.0,81.0,92.05999755859375
NFLX,NFLX,2027-01-15,0.7013698630136986,C,50.0,-0.61041750644122,43.65,45.45,44.34,0.6573520593261719,42.0,1483.0,92.05999755859375
NFLX,NFLX,2027-01-15,0.7013698630136986,C,51.0,-0.5906148791450402,42.65,45.2,48.35,0.6705355212402344,1.0,1122.0,92.05999755859375
NFLX,NFLX,2027-01-15,0.7013698630136986,C,52.0,-0.5711967932879387,40.65,44.3,42.31,0.6176796044921876,4.0,197.0,92.05999755859375
NFLX,NFLX,2027-01-15,0.7013698630136986,C,53.0,-0.5521485983172442,40.15,43.4,43.52,0.6250037500000001,6.0,115.0,92.05999755859375
NFLX,NFLX,2027-01-15,0.7013698630136986,C,54.0,-0.5334564653050916,38.8,42.55,50.9,0.6010782080078126,3.0,114.0,92.05999755859375
NFLX,NFLX,2027-01-15,0.7013698630136986,C,55.0,-0.5151073266368951,37.9,41.55,39.61,0.5887492297363282,6.0,299.0,92.05999755859375
NFLX,NFLX,2027-01-15,0.7013698630136986,C,56.0,-0.4970888211342169,37.05,40.65,55.0,0.5820354296875,1.0,120.0,92.05999755859375
NFLX,NFLX,2027-01-15,0.7013698630136986,C,57.0,-0.4793892440348159,36.9,39.75,42.0,0.5988809643554689,3.0,323.0,92.05999755859375
NFLX,NFLX,2027-01-15,0.7013698630136986,C,58.0,-0.46199750132294665,35.15,38.85,48.85,0.5612836840820312,19.0,251.0,92.05999755859375
NFLX,NFLX,2027-01-15,0.7013698630136986,C,59.0,-0.44490306796364654,34.1,37.95,50.2,0.5474898767089844,33.0,185.0,92.05999755859375
NFLX,NFLX,2027-01-15,0.7013698630136986,C,60.0,-0.42809594964726544,34.45,36.3,35.98,0.5546919531250001,5.0,915.0,92.05999755859375
NFLX,NFLX,2027-01-15,0.7013698630136986,C,61.0,-0.41156664769605483,32.8,36.2,35.88,0.547001600341797,4.0,313.0,92.05999755859375
NFLX,NFLX,2027-01-15,0.7013698630136986,C,62.0,-0.39530612682427446,31.45,35.3,34.97,0.5241746801757812,2.0,228.0,92.05999755859375
NFLX,NFLX,2027-01-15,0.7013698630136986,C,63.0,-0.3793057854778333,31.1,34.25,34.27,0.5267381311035157,4.0,90.0,92.05999755859375
NFLX,NFLX,2027-01-15,0.7013698630136986,C,64.0,-0.36355742850969425,29.75,33.6,33.42,0.5116015637207032,6.0,218.0,92.05999755859375
NFLX,NFLX,2027-01-15,0.7013698630136986,C,65.0,-0.34805324197372894,30.25,31.8,32.5,0.5159960510253907,1.0,470.0,92.05999755859375
NFLX,NFLX,2027-01-15,0.7013698630136986,C,66.0,-0.33278576984294045,29.2,31.0,29.85,0.5048877636718749,2.0,223.0,92.05999755859375
NFLX,NFLX,2027-01-15,0.7013698630136986,C,67.0,-0.3177478924783999,27.2,30.35,27.71,0.5531050549316407,1.0,319.0,92.05999755859375
NFLX,NFLX,2027-01-15,0.7013698630136986,C,68.0,-0.3029328066932594,26.95,28.85,28.49,0.5127001855468749,2.0,302.0,92.05999755859375
NFLX,NFLX,2027-01-15,0.7013698630136986,C,69.0,-0.2883340072721067,26.7,29.4,27.75,0.5069629382324219,256.0,454.0,92.05999755859375
NFLX,NFLX,2027-01-15,0.7013698630136986,C,70.0,-0.27394526982000705,26.2,27.15,26.62,0.4963429272460938,16.0,1326.0,92.05999755859375
NFLX,NFLX,2027-01-15,0.7013698630136986,C,71.0,-0.25976063482805056,25.2,27.35,24.85,0.5354660711669923,3.0,2594.0,92.05999755859375
NFLX,NFLX,2027-01-15,0.7013698630136986,C,72.0,-0.2457743928533108,24.25,27.0,25.32,0.5477340148925782,100.0,244.0,92.05999755859375
NFLX,NFLX,2027-01-15,0.7013698630136986,C,73.0,-0.23198107072097493,23.8,25.6,25.6,0.5141650146484374,1.0,729.0,92.05999755859375
NFLX,NFLX,2027-01-15,0.7013698630136986,C,74.0,-0.21837541866519627,22.95,25.45,25.32,0.5338181384277343,4.0,309.0,92.05999755859375
NFLX,NFLX,2027-01-15,0.7013698630136986,C,75.0,-0.20495239833305556,22.65,23.25,22.87,0.46759565612792964,11.0,3820.0,92.05999755859375
NFLX,NFLX,2027-01-15,0.7013698630136986,C,76.0,-0.19170717158303502,21.65,22.85,22.2,0.47662876892089845,19.0,2808.0,92.05999755859375
NFLX,NFLX,2027-01-15,0.7013698630136986,C,77.0,-0.1786350900156822,20.9,22.0,22.45,0.46674117248535163,1.0,1462.0,92.05999755859375
NFLX,NFLX,2027-01-15,0.7013698630136986,C,78.0,-0.1657316851797743,20.35,21.25,21.35,0.4606987524414063,4.0,537.0,92.05999755859375
NFLX,NFLX,2027-01-15,0.7013698630136986,C,79.0,-0.1529926594023445,19.6,20.75,20.67,0.4639946179199219,2.0,1012.0,92.05999755859375
NFLX,NFLX,2027-01-15,0.7013698630136986,C,80.0,-0.14041387719548448,19.0,19.5,19.25,0.43836010864257813,21.0,7274.0,92.05999755859375
NFLX,NFLX,2027-01-15,0.7013698630136986,C,81.0,-0.1279913571969273,18.3,19.25,19.15,0.4503228796386719,10.0,600.0,92.05999755859375
NFLX,NFLX,2027-01-15,0.7013698630136986,C,82.0,-0.11572126460511292,17.4,18.65,18.01,0.4485528778076171,11.0,859.0,92.05999755859375
NFLX,NFLX,2027-01-15,0.7013698630136986,C,83.0,-0.10359990407276808,17.0,18.05,16.19,0.4464166687011719,1.0,1932.0,92.05999755859375
NFLX,NFLX,2027-01-15,0.7013698630136986,C,84.0,-0.09162371302605248,16.4,17.6,16.71,0.44922425781249997,2.0,831.0,92.05999755859375
NFLX,NFLX,2027-01-15,0.7013698630136986,C,85.0,-0.07978925537904961,15.85,16.4,16.4,0.42517664672851563,19.0,4279.0,92.05999755859375
NFLX,NFLX,2027-01-15,0.7013698630136986,C,86.0,-0.06809321561585831,15.15,15.9,16.07,0.4256038885498047,85.0,795.0,92.05999755859375
NFLX,NFLX,2027-01-15,0.7013698630136986,C,87.0,-0.05653239321478229,14.8,15.3,14.88,0.42212491943359376,6.0,975.0,92.05999755859375
NFLX,NFLX,2027-01-15,0.7013698630136986,C,88.0,-0.045103697391159624,14.0,14.85,14.3,0.4233456103515625,3.0,1224.0,92.05999755859375
NFLX,NFLX,2027-01-15,0.7013698630136986,C,89.0,-0.03380414213722623,13.45,14.15,13.8,0.41571629211425776,45.0,4030.0,92.05999755859375
NFLX,NFLX,2027-01-15,0.7013698630136986,C,90.0,-0.022630841539100974,13.15,13.3,13.16,0.4028380029296875,123.0,14742.0,92.05999755859375
NFLX,NFLX,2027-01-15,0.7013698630136986,C,91.0,-0.011581005352515971,12.35,12.75,13.2,0.3996031719970704,42.0,2011.0,92.05999755859375
NFLX,NFLX,2027-01-15,0.7013698630136986,C,92.0,-0.0006519348203257871,11.95,12.25,12.15,0.39765006652832036,41.0,1856.0,92.05999755859375
NFLX,NFLX,2027-01-15,0.7013698630136986,C,93.0,0.010158981283889978,11.25,12.0,11.65,0.40344834838867194,83.0,1302.0,92.05999755859375
NFLX,NFLX,2027-01-15,0.7013698630136986,C,94.0,0.020854270400637746,10.65,11.65,11.29,0.4055845574951171,159.0,1227.0,92.05999755859375
NFLX,NFLX,2027-01-15,0.7013698630136986,C,95.0,0.03143637973117471,10.55,11.15,10.68,0.40241076110839846,90.0,11833.0,92.05999755859375
NFLX,NFLX,2027-01-15,0.7013698630136986,C,96.0,0.041907679598470145,10.2,10.7,11.6,0.4004576556396484,4.0,1792.0,92.05999755859375
NFLX,NFLX,2027-01-15,0.7013698630136986,C,97.0,0.05227046663401675,9.7,10.15,9.95,0.3949645465087891,10.0,5712.0,92.05999755859375
NFLX,NFLX,2027-01-15,0.7013698630136986,C,98.0,0.06252696680120587,9.15,9.85,9.35,0.3971007556152344,1017.0,11452.0,92.05999755859375
NFLX,NFLX,2027-01-15,0.7013698630136986,C,99.0,0.07267933826522391,8.65,9.55,10.26,0.39893179199218753,3.0,19020.0,92.05999755859375
NFLX,NFLX,2027-01-15,0.7013698630136986,C,100.0,0.08272967411872538,8.5,8.65,8.6,0.38086556640624997,2194.0,25564.0,92.05999755859375
NFLX,NFLX,2027-01-15,0.7013698630136986,C,101.0,0.09268000497189348,8.05,8.35,8.25,0.38196418823242184,116.0,11705.0,92.05999755859375
NFLX,NFLX,2027-01-15,0.7013698630136986,C,102.0,0.10253230141490513,7.65,8.05,7.95,0.3826355682373046,15.0,3195.0,92.05999755859375
NFLX,NFLX,2027-01-15,0.7013698630136986,C,103.0,0.11228847636026965,7.2,8.15,8.35,0.3961242028808594,8.0,3110.0,92.05999755859375
NFLX,NFLX,2027-01-15,0.7013698630136986,C,104.0,0.12195038727200656,7.0,7.6,8.26,0.38794557373046873,5.0,847.0,92.05999755859375
NFLX,NFLX,2027-01-15,0.7013698630136986,C,105.0,0.1315198382881573,6.7,7.35,6.88,0.3892883337402344,42.0,5182.0,92.05999755859375
NFLX,NFLX,2027-01-15,0.7013698630136986,C,106.0,0.1409985822427011,6.25,6.8,7.5,0.3802552209472656,14.0,2337.0,92.05999755859375
NFLX,NFLX,2027-01-15,0.7013698630136986,C,107.0,0.15038832259254015,6.0,6.35,6.5,0.3740907318115234,2.0,1406.0,92.05999755859375
NFLX,NFLX,2027-01-15,0.7013698630136986,C,108.0,0.1596907152548537,5.8,6.3,6.38,0.3812317736816406,1.0,5643.0,92.05999755859375
NFLX,NFLX,2027-01-15,0.7013698630136986,C,109.0,0.1689073703597777,5.4,6.4,6.7,0.39331661376953125,74.0,811.0,92.05999755859375
NFLX,NFLX,2027-01-15,0.7013698630136986,C,110.0,0.17803985392305027,5.35,5.6,5.46,0.3739686627197265,340.0,13385.0,92.05999755859375
NFLX,NFLX,2027-01-15,0.7013698630136986,C,111.0,0.18708968944296803,4.7,5.5,5.27,0.3786072882080078,117.0,1722.0,92.05999755859375
NFLX,NFLX,2027-01-15,0.7013698630136986,C,112.0,0.19605835942572844,4.8,5.4,5.0,0.3830017755126953,5.0,10347.0,92.05999755859375
NFLX,NFLX,2027-01-15,0.7013698630136986,C,114.0,0.21375793652512942,4.3,4.65,4.66,0.3709779699707031,1.0,2486.0,92.05999755859375
NFLX,NFLX,2027-01-15,0.7013698630136986,C,115.0,0.22249161649388405,4.25,4.85,4.3,0.38587039916992183,28.0,8819.0,92.05999755859375
NFLX,NFLX,2027-01-15,0.7013698630136986,C,116.0,0.23114967923699864,3.9,4.4,4.1,0.37616590637207037,33.0,10999.0,92.05999755859375
NFLX,NFLX,2027-01-15,0.7013698630136986,C,118.0,0.2482441125962988,3.6,3.8,3.95,0.3665834826660156,4.0,1727.0,92.05999755859375
NFLX,NFLX,2027-01-15,0.7013698630136986,C,120.0,0.2650512309126799,3.3,3.5,3.4,0.36762106994628907,87.0,17562.0,92.05999755859375
NFLX,NFLX,2027-01-15,0.7013698630136986,C,122.0,0.2815805328638905,3.0,3.7,3.65,0.38867798828125,13.0,2765.0,92.05999755859375
NFLX,NFLX,2027-01-15,0.7013698630136986,C,124.0,0.2978410537356708,2.59,2.97,2.83,0.369574175415039,5.0,2971.0,92.05999755859375
NFLX,NFLX,2027-01-15,0.7013698630136986,C,125.0,0.3058732254329351,2.61,2.76,2.69,0.36591210266113283,114.0,5868.0,92.05999755859375
NFLX,NFLX,2027-01-15,0.7013698630136986,C,126.0,0.313841395082112,2.41,2.74,2.6,0.3707338317871094,81.0,9711.0,92.05999755859375
NFLX,NFLX,2027-01-15,0.7013698630136986,C,128.0,0.3295897520502511,2.05,2.8,2.43,0.38477177734374995,93.0,9110.0,92.05999755859375
NFLX,NFLX,2027-01-15,0.7013698630136986,C,130.0,0.34509393858621634,2.05,2.23,2.18,0.3676821044921875,84.0,9577.0,92.05999755859375
NFLX,NFLX,2027-01-15,0.7013698630136986,C,132.0,0.36036141071700484,1.85,2.11,2.21,0.3717103845214844,6.0,1243.0,92.05999755859375
NFLX,NFLX,2027-01-15,0.7013698630136986,C,134.0,0.3753992880815454,1.61,1.92,2.15,0.37134417724609375,3.0,1093.0,92.05999755859375
NFLX,NFLX,2027-01-15,0.7013698630136986,C,135.0,0.38283426656906333,1.52,1.95,1.77,0.37781383911132804,4.0,3852.0,92.05999755859375
NFLX,NFLX,2027-01-15,0.7013698630136986,C,136.0,0.3902143738666859,1.5,1.85,1.54,0.37695935546875,1.0,966.0,92.05999755859375
NFLX,NFLX,2027-01-15,0.7013698630136986,C,138.0,0.4048131732878386,1.34,1.9,1.75,0.3891662646484375,3.0,928.0,92.05999755859375
NFLX,NFLX,2027-01-15,0.7013698630136986,C,140.0,0.4192019107399383,1.4,1.45,1.37,0.3706117626953125,85.0,11492.0,92.05999755859375
NFLX,NFLX,2027-01-15,0.7013698630136986,C,142.0,0.4333865457318947,1.17,1.76,1.4,0.39905386108398444,5.0,2392.0,92.05999755859375
NFLX,NFLX,2027-01-15,0.7013698630136986,C,144.0,0.4473727877066345,1.0,1.78,1.12,0.4089414575195312,1.0,4686.0,92.05999755859375
NFLX,NFLX,2027-01-15,0.7013698630136986,C,145.0,0.45429323055120835,0.91,1.65,1.33,0.4050352465820312,10.0,326.0,92.05999755859375
NFLX,NFLX,2027-01-15,0.7013698630136986,C,146.0,0.4611661098389704,0.93,1.28,1.12,0.3841614318847656,68.0,4661.0,92.05999755859375
NFLX,NFLX,2027-01-15,0.7013698630136986,C,148.0,0.474771761894749,0.77,1.53,1.2,0.4096738720703125,1.0,2049.0,92.05999755859375
NFLX,NFLX,2027-01-15,0.7013698630136986,C,150.0,0.4881947822268898,0.92,0.96,0.93,0.37476211181640623,136.0,16793.0,92.05999755859375
NFLX,NFLX,2027-01-15,0.7013698630136986,C,152.0,0.5014400089769103,0.64,1.05,0.91,0.38977661010742193,7.0,976.0,92.05999755859375
NFLX,NFLX,2027-01-15,0.7013698630136986,C,154.0,0.5145120905442631,0.58,0.85,0.87,0.3795228063964844,3.0,835.0,92.05999755859375
NFLX,NFLX,2027-01-15,0.7013698630136986,C,155.0,0.5209846050498805,0.6,0.86,0.81,0.38403936279296874,2.0,1789.0,92.05999755859375
NFLX,NFLX,2027-01-15,0.7013698630136986,C,156.0,0.527415495380171,0.58,0.93,0.79,0.3939269592285156,2.0,896.0,92.05999755859375
NFLX,NFLX,2027-01-15,0.7013698630136986,C,158.0,0.5401545211576008,0.47,0.73,0.73,0.3815979809570312,2.0,549.0,92.05999755859375
NFLX,NFLX,2027-01-15,0.7013698630136986,C,160.0,0.5527333033644608,0.5,1.0,0.73,0.414068359375,154.0,5072.0,92.05999755859375
NFLX,NFLX,2027-01-15,0.7013698630136986,C,162.0,0.5651558233630181,0.3,0.87,0.6,0.4089414575195312,1.0,239.0,92.05999755859375
NFLX,NFLX,2027-01-15,0.7013698630136986,C,164.0,0.5774259159548324,0.42,1.11,0.55,0.4371394177246094,20.0,416.0,92.05999755859375
NFLX,NFLX,2027-01-15,0.7013698630136986,C,165.0,0.5835049620312146,0.21,1.08,0.62,0.4379939013671875,2.0,2190.0,92.05999755859375
NFLX,NFLX,2027-01-15,0.7013698630136986,C,166.0,0.5895472764871772,0.05,1.06,0.45,0.43945873046875,6.0,878.0,92.05999755859375
NFLX,NFLX,2027-01-15,0.7013698630136986,C,168.0,0.6015234675338929,0.16,1.01,0.57,0.4415339050292969,6.0,1922.0,92.05999755859375
NFLX,NFLX,2027-01-15,0.7013698630136986,C,170.0,0.6133579251808957,0.12,0.69,0.5,0.4155331884765625,10.0,2492.0,92.05999755859375
NFLX,NFLX,2027-01-15,0.7013698630136986,C,172.0,0.625053964944087,0.0,0.91,0.42,0.44470770141601557,1.0,525.0,92.05999755859375
NFLX,NFLX,2027-01-15,0.7013698630136986,C,174.0,0.636614787345163,0.0,0.9,0.41,0.4498346032714844,1.0,240.0,92.05999755859375
NFLX,NFLX,2027-01-15,0.7013698630136986,C,175.0,0.6423454620541481,0.0,0.88,0.4,0.45093322509765627,4.0,717.0,92.05999755859375
NFLX,NFLX,2027-01-15,0.7013698630136986,C,176.0,0.6480434831687857,0.25,0.68,0.36,0.4321345849609375,1.0,462.0,92.05999755859375
NFLX,NFLX,2027-01-15,0.7013698630136986,C,178.0,0.6593430384227191,0.0,0.76,0.37,0.4470270141601562,1.0,347.0,92.05999755859375
NFLX,NFLX,2027-01-15,0.7013698630136986,C,180.0,0.6705163390208443,0.25,0.75,0.32,0.45166563964843753,3.0,3306.0,92.05999755859375
NFLX,NFLX,2027-01-15,0.7013698630136986,C,182.0,0.6815661752074293,0.05,0.52,0.3,0.42847251220703125,2.0,146.0,92.05999755859375
NFLX,NFLX,2027-01-15,0.7013698630136986,C,184.0,0.6924952457396195,0.2,0.46,0.32,0.4250545776367188,2.0,184.0,92.05999755859375
NFLX,NFLX,2027-01-15,0.7013698630136986,C,185.0,0.6979153132089588,0.0,0.59,0.31,0.44605046142578125,1.0,657.0,92.05999755859375
NFLX,NFLX,2027-01-15,0.7013698630136986,C,186.0,0.7033061618438353,0.01,0.75,0.56,0.4682670361328125,1.0,271.0,92.05999755859375
NFLX,NFLX,2027-01-15,0.7013698630136986,C,188.0,0.7140014509605831,0.0,0.67,0.29,0.46411668701171876,2.0,671.0,92.05999755859375
NFLX,NFLX,2027-01-15,0.7013698630136986,C,190.0,0.72458356029112,0.0,1.71,0.23,0.565556102294922,1.0,1179.0,92.05999755859375
NFLX,NFLX,2027-01-15,0.7013698630136986,C,192.0,0.7350548601584155,0.0,1.05,0.19,0.5158739819335938,60.0,229.0,92.05999755859375
NFLX,NFLX,2027-01-15,0.7013698630136986,C,195.0,0.7505590466943808,0.2,0.68,0.25,0.48340360351562506,2.0,2474.0,92.05999755859375
NFLX,NFLX,2027-01-15,0.7013698630136986,C,200.0,0.7758768546786707,0.19,0.25,0.22,0.4243221630859375,156.0,16908.0,92.05999755859375
NFLX,NFLX,2027-01-15,0.7013698630136986,C,201.0,0.7808643961897098,0.0,0.64,0.44,0.4931691308593751,1.0,213.0,92.05999755859375
NFLX,NFLX,2027-01-15,0.7013698630136986,C,202.0,0.7858271855318388,0.0,0.45,0.05,0.467778759765625,1.0,131.0,92.05999755859375
NFLX,NFLX,2027-01-15,0.7013698630136986,C,203.0,0.7907654671724214,0.0,0.63,0.45,0.49658706542968756,13.0,226.0,92.05999755859375
NFLX,NFLX,2027-01-15,0.7013698630136986,C,204.0,0.7956794819748504,0.0,1.43,0.16,0.5100146655273439,4.0,66.0,92.05999755859375
NFLX,NFLX,2027-01-15,0.7013698630136986,C,205.0,0.800569467269042,0.0,0.5,0.13,0.48242705078125003,76.0,1542.0,92.05999755859375
NFLX,NFLX,2027-01-15,0.7013698630136986,C,206.0,0.8054356569202149,0.0,0.27,0.32,0.4419001123046875,1.0,368.0,92.05999755859375
NFLX,NFLX,2027-01-15,0.7013698630136986,C,207.0,0.810278281396003,0.0,0.61,0.19,0.5031787963867188,10.0,24.0,92.05999755859375
NFLX,NFLX,2027-01-15,0.7013698630136986,C,208.0,0.8150975678319519,0.0,0.78,0.25,0.5273484765625001,1.0,232.0,92.05999755859375
NFLX,NFLX,2027-01-15,0.7013698630136986,C,209.0,0.8198937400954449,0.0,1.2,0.36,0.5063525927734375,1.0,29.0,92.05999755859375
NFLX,NFLX,2027-01-15,0.7013698630136986,C,210.0,0.8246670188481026,0.01,0.44,0.28,0.48389187988281257,3.0,1532.0,92.05999755859375
NFLX,NFLX,2027-01-15,0.7013698630136986,C,211.0,0.8294176216067004,0.0,0.78,0.19,0.5344284838867188,2.0,493.0,92.05999755859375
NFLX,NFLX,2027-01-15,0.7013698630136986,C,212.0,0.8341457628026464,0.0,0.49,0.35,0.49658706542968756,7.0,1623.0,92.05999755859375
NFLX,NFLX,2027-01-15,0.7013698630136986,C,213.0,0.8388516538400591,0.0,0.79,0.35,0.5400436621093752,1.0,57.0,92.05999755859375
NFLX,NFLX,2027-01-15,0.7013698630136986,C,214.0,0.8435355031524855,0.0,0.38,0.31,0.4819387744140625,10.0,225.0,92.05999755859375
NFLX,NFLX,2027-01-15,0.7013698630136986,C,215.0,0.8481975162582968,0.0,1.65,0.18,0.5488326367187502,2.0,594.0,92.05999755859375
NFLX,NFLX,2027-01-15,0.7013698630136986,C,216.0,0.852837895814799,0.0,0.59,0.22,0.5205126074218749,1.0,34.0,92.05999755859375
NFLX,NFLX,2027-01-15,0.7013698630136986,C,217.0,0.8574568416710936,0.0,2.44,0.27,0.5949747534179688,3.0,49.0,92.05999755859375
NFLX,NFLX,2027-01-15,0.7013698630136986,C,218.0,0.862054550919723,0.0,0.97,0.17,0.508793974609375,2.0,65.0,92.05999755859375
NFLX,NFLX,2027-01-15,0.7013698630136986,C,219.0,0.8666312179471348,0.0,1.18,0.26,0.5271043383789062,24.0,96.0,92.05999755859375
NFLX,NFLX,2027-01-15,0.7013698630136986,C,220.0,0.8711870344829956,0.0,0.76,0.46,0.5522505712890625,21.0,817.0,92.05999755859375
NFLX,NFLX,2027-01-15,0.7013698630136986,C,221.0,0.8757221896483867,0.0,0.4,0.16,0.500005,1.0,23.0,92.05999755859375
NFLX,NFLX,2027-01-15,0.7013698630136986,C,222.0,0.8802368700029133,0.0,1.15,0.36,0.5312546875,2.0,170.0,92.05999755859375
NFLX,NFLX,2027-01-15,0.7013698630136986,C,223.0,0.8847312595907526,0.0,2.38,0.12,0.6058389025878907,11.0,19.0,92.05999755859375
NFLX,NFLX,2027-01-15,0.7013698630136986,C,224.0,0.8892055399856738,0.0,2.39,0.12,0.6086464916992189,7.0,17.0,92.05999755859375
NFLX,NFLX,2027-01-15,0.7013698630136986,C,225.0,0.893659890335054,0.0,0.32,0.1,0.49219257812500006,6.0,168.0,92.05999755859375
NFLX,NFLX,2027-01-15,0.7013698630136986,C,226.0,0.8980944874029197,0.0,2.39,0.22,0.6130409790039064,8.0,33.0,92.05999755859375
NFLX,NFLX,2027-01-15,0.7013698630136986,C,227.0,0.9025095056120366,0.0,0.0,0.15,0.2500075,2.0,0.0,92.05999755859375
NFLX,NFLX,2027-01-15,0.7013698630136986,C,228.0,0.9069051170850747,0.01,0.31,0.34,0.49561051269531253,1.0,61.0,92.05999755859375
NFLX,NFLX,2027-01-15,0.7013698630136986,C,229.0,0.9112814916848736,0.0,0.74,0.16,0.5102588037109376,1.0,1606.0,92.05999755859375
NFLX,NFLX,2027-01-15,0.7013698630136986,C,230.0,0.9156387970538293,0.01,0.3,0.18,0.49707534179687507,4.0,2853.0,92.05999755859375
NFLX,NFLX,2027-01-15,0.7013698630136986,C,231.0,0.9199771986524276,0.0,2.34,0.1,0.6215858154296876,3.0,20.0,92.05999755859375
NFLX,NFLX,2027-01-15,0.7013698630136986,C,232.0,0.924296859796944,0.0,0.26,0.22,0.49121602539062503,2.0,188.0,92.05999755859375
NFLX,NFLX,2027-01-15,0.7013698630136986,C,233.0,0.9285979416963346,0.0,2.35,0.15,0.6262244409179689,1.0,46.0,92.05999755859375
NFLX,NFLX,2027-01-15,0.7013698630136986,C,234.0,0.9328806034883355,0.0,0.0,0.36,0.2500075,3.0,0.0,92.05999755859375
NFLX,NFLX,2027-01-15,0.7013698630136986,C,235.0,0.937145002274793,0.0,0.3,0.12,0.5063525927734375,4.0,257.0,92.05999755859375
NFLX,NFLX,2027-01-15,0.7013698630136986,C,236.0,0.9413912931562441,0.0,0.29,0.32,0.50586431640625,1.0,192.0,92.05999755859375
NFLX,NFLX,2027-01-15,0.7013698630136986,C,237.0,0.945619629265765,0.08,0.29,0.09,0.507817421875,7.0,106.0,92.05999755859375
NFLX,NFLX,2027-01-15,0.7013698630136986,C,238.0,0.9498301618021086,0.39,0.86,0.82,0.5710492114257812,,60.0,92.05999755859375
NFLX,NFLX,2027-01-15,0.7013698630136986,C,239.0,0.9540230400621446,0.01,0.29,0.1,0.5112353564453125,2.0,1034.0,92.05999755859375
NFLX,NFLX,2027-01-15,0.7013698630136986,C,240.0,0.9581984114726252,0.0,0.92,0.1,0.5483443603515626,1.0,131.0,92.05999755859375
NFLX,NFLX,2027-01-15,0.7013698630136986,C,241.0,0.9623564216212889,0.19,0.53,0.62,0.5307664111328125,15.0,27.0,92.05999755859375
NFLX,NFLX,2027-01-15,0.7013698630136986,C,242.0,0.9664972142873203,0.0,2.3,0.13,0.6424596301269532,,11.0,92.05999755859375
NFLX,NFLX,2027-01-15,0.7013698630136986,C,243.0,0.9706209314711824,0.0,0.0,0.2,0.2500075,,0.0,92.05999755859375
NFLX,NFLX,2027-01-15,0.7013698630136986,C,244.0,0.9747277134238358,0.0,2.3,0.13,0.64648791015625,2.0,300.0,92.05999755859375
NFLX,NFLX,2027-01-15,0.7013698630136986,C,245.0,0.978817698675361,0.05,0.25,0.1,0.5117236328125,1.0,201.0,92.05999755859375
NFLX,NFLX,2027-01-15,0.7013698630136986,C,246.0,0.9828910240629968,0.0,0.49,0.16,0.5122119091796875,1.0,30.0,92.05999755859375
NFLX,NFLX,2027-01-15,0.7013698630136986,C,248.0,0.9909882342956161,0.0,0.7,0.19,0.5410202148437502,1.0,104.0,92.05999755859375
NFLX,NFLX,2027-01-15,0.7013698630136986,C,250.0,0.9990204059928804,0.0,0.47,0.05,0.5161181201171875,45.0,478.0,92.05999755859375
NFLX,NFLX,2027-01-15,0.7013698630136986,C,252.0,1.0069885756420573,0.03,0.15,0.15,0.49121602539062503,5.0,1366.0,92.05999755859375
NFLX,NFLX,2027-01-15,0.7013698630136986,C,254.0,1.0148937551491706,0.0,0.49,0.15,0.52539537109375,1.0,381.0,92.05999755859375
NFLX,NFLX,2027-01-15,0.7013698630136986,C,256.0,1.0227369326101963,0.0,0.39,0.08,0.5136767382812499,1.0,1832.0,92.05999755859375
NFLX,NFLX,2027-01-15,0.7013698630136986,C,257.0,1.0266355730258536,0.0,0.0,0.26,0.2500075,1.0,0.0,92.05999755859375
NFLX,NFLX,2027-01-15,0.7013698630136986,C,258.0,1.0305190730522513,0.0,0.0,0.17,0.2500075,5.0,0.0,92.05999755859375
NFLX,NFLX,2027-01-15,0.7013698630136986,C,259.0,1.0343875498301718,0.0,1.99,0.19,0.6584506811523438,2.0,31.0,92.05999755859375
NFLX,NFLX,2027-01-15,0.7013698630136986,C,260.0,1.0382411191461616,0.0,0.27,0.13,0.5419967675781252,2.0,221.0,92.05999755859375
NFLX,NFLX,2027-01-15,0.7013698630136986,C,261.0,1.0420798954533275,0.12,0.44,0.28,0.5463912548828126,1.0,0.0,92.05999755859375
NFLX,NFLX,2027-01-15,0.7013698630136986,C,262.0,1.0459039918917308,0.0,0.45,0.04,0.5327195166015625,1.0,32.0,92.05999755859375
NFLX,NFLX,2027-01-15,0.7013698630136986,C,263.0,1.0497135203083985,0.0,0.33,0.19,0.5141650146484374,21.0,72.0,92.05999755859375
NFLX,NFLX,2027-01-15,0.7013698630136986,C,264.0,1.0535085912769502,0.0,0.14,0.07,0.50586431640625,5.0,389.0,92.05999755859375
NFLX,NFLX,2027-01-15,0.7013698630136986,C,265.0,1.0572893141168562,0.01,0.16,0.07,0.51562984375,4.0,1503.0,92.05999755859375
NFLX,NFLX,2027-01-15,0.7013698630136986,C,266.0,1.061055796912333,0.05,0.09,0.09,0.48438015625,662.0,21632.0,92.05999755859375
NFLX,NFLX,2027-01-15,0.7013698630136986,C,280.0,1.1123490912998837,0.0,0.0,679.65,0.2500075,2.0,0.0,92.05999755859375
NFLX,NFLX,2027-01-15,0.7013698630136986,C,1460.0,2.7637512028330162,75.9,82.1,92.75,4.828983455963134,1.0,452.0,92.05999755859375
NFLX,NFLX,2027-01-15,0.7013698630136986,C,1480.0,2.7773568548887946,72.8,77.45,87.9,4.553715245361328,1.0,200.0,92.05999755859375
NFLX,NFLX,2027-01-15,0.7013698630136986,C,1500.0,2.7907798752209354,69.15,73.2,74.35,4.320072959289551,53.0,956.0,92.05999755859375
NFLX,NFLX,2027-01-15,0.7013698630136986,C,1520.0,2.804025101970956,65.05,69.95,78.75,4.131474562225343,2.0,87.0,92.05999755859375
NFLX,NFLX,2027-01-15,0.7013698630136986,C,1540.0,2.817097183538309,61.45,66.5,74.99,3.9691773231506344,3.0,101.0,92.05999755859375
NFLX,NFLX,2027-01-15,0.7013698630136986,C,1550.0,2.823569698043926,58.0,64.7,63.9,3.8559573913574217,2.0,158.0,92.05999755859375
NFLX,NFLX,2027-01-15,0.7013698630136986,C,1560.0,2.8300005883742165,58.35,63.15,62.05,3.833130299987793,1.0,82.0,92.05999755859375
NFLX,NFLX,2027-01-15,0.7013698630136986,C,1580.0,2.8427396141516463,55.1,60.1,67.75,3.7089851025390628,4.0,33.0,92.05999755859375
NFLX,NFLX,2027-01-15,0.7013698630136986,C,1600.0,2.8553183963585065,53.0,57.3,56.75,3.6185312271118164,100.0,370.0,92.05999755859375
NFLX,NFLX,2027-01-15,0.7013698630136986,C,1620.0,2.867740916357064,50.75,54.25,59.01,3.5240490414428707,2.0,20.0,92.05999755859375
NFLX,NFLX,2027-01-15,0.7013698630136986,C,1640.0,2.880011008948878,45.45,52.0,45.7,3.3930679235839842,3.0,35.0,92.05999755859375
NFLX,NFLX,2027-01-15,0.7013698630136986,C,1650.0,2.88609005502526,46.7,50.15,56.94,3.3850723381042473,2.0,213.0,92.05999755859375
NFLX,NFLX,2027-01-15,0.7013698630136986,C,1660.0,2.8921323694812227,45.45,48.95,55.46,3.344789235687255,2.0,82.0,92.05999755859375
NFLX,NFLX,2027-01-15,0.7013698630136986,C,1680.0,2.9041085605279386,42.85,46.55,46.95,3.264039925842285,2.0,193.0,92.05999755859375
NFLX,NFLX,2027-01-15,0.7013698630136986,C,1700.0,2.9159430181749415,40.8,44.25,45.5,3.1957417567443844,3.0,241.0,92.05999755859375
NFLX,NFLX,2027-01-15,0.7013698630136986,C,1720.0,2.9276390579381326,38.6,41.3,47.85,3.1152365869140626,5.0,62.0,92.05999755859375
NFLX,NFLX,2027-01-15,0.7013698630136986,C,1740.0,2.9391998803392085,36.2,40.45,43.9,3.0667747940063474,10.0,21.0,92.05999755859375
NFLX,NFLX,2027-01-15,0.7013698630136986,C,1750.0,2.944930555048194,33.9,39.5,44.04,3.016237810974121,8.0,64.0,92.05999755859375
NFLX,NFLX,2027-01-15,0.7013698630136986,C,1760.0,2.9506285761628317,33.05,38.55,40.7,2.989382409362793,2.0,45.0,92.05999755859375
NFLX,NFLX,2027-01-15,0.7013698630136986,C,1780.0,2.961928131416765,31.35,36.3,30.94,2.930178455810547,1.0,22.0,92.05999755859375
NFLX,NFLX,2027-01-15,0.7013698630136986,C,1800.0,2.97310143201489,30.8,34.55,32.69,2.897768868865967,1.0,330.0,92.05999755859375
NFLX,NFLX,2027-01-15,0.7013698630136986,C,1820.0,2.984151268201475,28.05,33.3,33.5,2.8376493902587887,1.0,5.0,92.05999755859375
NFLX,NFLX,2027-01-15,0.7013698630136986,C,1840.0,2.9950803387336653,27.8,31.35,24.77,2.8066436083984376,4.0,3.0,92.05999755859375
NFLX,NFLX,2027-01-15,0.7013698630136986,C,1850.0,3.0005004062030043,27.0,30.6,30.54,2.783755482025147,1.0,63.0,92.05999755859375
NFLX,NFLX,2027-01-15,0.7013698630136986,C,1860.0,3.005891254837881,26.0,29.85,23.75,2.7575104304504396,2.0,26.0,92.05999755859375
NFLX,NFLX,2027-01-15,0.7013698630136986,C,1880.0,3.016586543954629,24.9,28.45,31.82,2.7210725332641603,4.0,10.0,92.05999755859375
NFLX,NFLX,2027-01-15,0.7013698630136986,C,1900.0,3.0271686532851656,24.8,27.1,29.51,2.701663402099609,1.0,130.0,92.05999755859375
NFLX,NFLX,2027-01-15,0.7013698630136986,C,1920.0,3.037639953152461,21.65,26.15,29.25,2.6380038932800294,2.0,3.0,92.05999755859375
NFLX,NFLX,2027-01-15,0.7013698630136986,C,1950.0,3.0531441396884262,20.4,24.05,25.5,2.5880162252807613,1.0,102.0,92.05999755859375
NFLX,NFLX,2027-01-15,0.7013698630136986,C,2000.0,3.078461947672716,19.75,20.5,20.5,2.5263098365783687,10.0,596.0,92.05999755859375
NFLX,NFLX,2027-01-15,0.7013698630136986,C,2010.0,3.0834494891837556,18.85,20.85,21.54,2.518802531127929,2.0,2.0,92.05999755859375
NFLX,NFLX,2027-01-15,0.7013698630136986,C,2020.0,3.0884122785258845,16.7,20.65,20.85,2.4793128837585447,1.0,10.0,92.05999755859375
NFLX,NFLX,2027-01-15,0.7013698630136986,C,2030.0,3.093350560166467,25.5,29.65,51.95,2.783206166992188,15.0,15.0,92.05999755859375
NFLX,NFLX,2027-01-15,0.7013698630136986,C,2050.0,3.103154560263088,15.65,19.15,15.35,2.4395180613708494,2.0,6.0,92.05999755859375
NFLX,NFLX,2027-01-15,0.7013698630136986,C,2060.0,3.1080207499142607,15.05,18.75,18.0,2.4232217153930664,1.0,9.0,92.05999755859375
NFLX,NFLX,2027-01-15,0.7013698630136986,C,2070.0,3.1128633743900487,46.0,56.0,47.02,3.572754974365234,2.0,1.0,92.05999755859375
NFLX,NFLX,2027-01-15,0.7013698630136986,C,2080.0,3.1176826608259978,14.75,17.8,28.42,2.404056724243164,2.0,5.0,92.05999755859375
NFLX,NFLX,2027-01-15,0.7013698630136986,C,2090.0,3.122478833089491,14.4,16.9,16.31,2.382572402954101,1.0,2.0,92.05999755859375
NFLX,NFLX,2027-01-15,0.7013698630136986,C,2100.0,3.1272521118421484,14.9,16.6,16.11,2.388309693298339,1.0,131.0,92.05999755859375
NFLX,NFLX,2027-01-15,0.7013698630136986,C,2110.0,3.132002714600746,14.95,16.6,17.5,2.3912393734741206,1.0,48.0,92.05999755859375
NFLX,NFLX,2027-01-15,0.7013698630136986,C,2120.0,3.136730855796692,14.3,16.25,15.2,2.374210607452392,1.0,43.0,92.05999755859375
NFLX,NFLX,2027-01-15,0.7013698630136986,C,2130.0,3.141436746834105,13.8,15.85,13.77,2.3588908215332025,1.0,5.0,92.05999755859375
NFLX,NFLX,2027-01-15,0.7013698630136986,C,2140.0,3.146120596146531,12.25,15.6,13.1,2.3256267445373524,8.0,21.0,92.05999755859375
NFLX,NFLX,2027-01-15,0.7013698630136986,C,2150.0,3.1507826092523423,11.95,15.25,12.64,2.314640443878173,2.0,45.0,92.05999755859375
NFLX,NFLX,2027-01-15,0.7013698630136986,C,2160.0,3.1554229888088448,11.65,15.0,12.25,2.305546228332519,4.0,3.0,92.05999755859375
NFLX,NFLX,2027-01-15,0.7013698630136986,C,2170.0,3.160041934665139,12.8,14.4,12.5,2.318424614105224,2.0,4.0,92.05999755859375
NFLX,NFLX,2027-01-15,0.7013698630136986,C,2180.0,3.1646396439137687,11.05,14.25,12.27,2.281864646911621,2.0,3.0,92.05999755859375
NFLX,NFLX,2027-01-15,0.7013698630136986,C,2190.0,3.1692163109411804,11.9,13.8,15.64,2.2918743875122067,7.0,7.0,92.05999755859375
NFLX,NFLX,2027-01-15,0.7013698630136986,C,2200.0,3.173772127477041,10.5,13.65,11.7,2.2617230957031245,1.0,80.0,92.05999755859375
NFLX,NFLX,2027-01-15,0.7013698630136986,C,2210.0,3.1783072826424323,10.25,13.35,11.2,2.2519574951171872,1.0,2.0,92.05999755859375
NFLX,NFLX,2027-01-15,0.7013698630136986,C,2220.0,3.182821962996959,9.95,13.05,10.67,2.240971194458008,1.0,17.0,92.05999755859375
NFLX,NFLX,2027-01-15,0.7013698630136986,C,2230.0,3.1873163525847983,9.7,12.85,10.64,2.2331587139892575,4.0,2.0,92.05999755859375
NFLX,NFLX,2027-01-15,0.7013698630136986,C,2240.0,3.1917906329797194,10.2,12.5,11.75,2.2381635842895506,1.0,1.0,92.05999755859375
NFLX,NFLX,2027-01-15,0.7013698630136986,C,2250.0,3.1962449833291,10.2,12.15,13.45,2.232426293945312,2.0,22.0,92.05999755859375
NFLX,NFLX,2027-01-15,0.7013698630136986,C,2260.0,3.2006795803969657,8.95,12.0,10.25,2.2033736322021475,2.0,3.0,92.05999755859375
NFLX,NFLX,2027-01-15,0.7013698630136986,C,2270.0,3.2050945986060824,8.75,11.75,9.62,2.1950728717041015,2.0,2.0,92.05999755859375
NFLX,NFLX,2027-01-15,0.7013698630136986,C,2280.0,3.2094902100791205,8.5,11.5,9.25,2.1854903761291506,3.0,5.0,92.05999755859375
NFLX,NFLX,2027-01-15,0.7013698630136986,C,2290.0,3.2138665846789194,8.3,11.3,9.72,2.1780441056823725,1.0,160.0,92.05999755859375
NFLX,NFLX,2027-01-15,0.7013698630136986,C,2300.0,3.218223890047875,8.5,10.9,9.07,2.175175460510254,1.0,263.0,92.05999755859375
NFLX,NFLX,2027-01-15,0.7013698630136986,C,2310.0,3.222562291646473,8.55,10.45,9.82,2.167607120056152,4.0,2.0,92.05999755859375
NFLX,NFLX,2027-01-15,0.7013698630136986,C,2320.0,3.2268819527909898,9.05,10.45,11.2,2.1809127508544917,6.0,17.0,92.05999755859375
NFLX,NFLX,2027-01-15,0.7013698630136986,C,2330.0,3.23118303469038,8.85,10.3,9.25,2.174565110473633,4.0,4.0,92.05999755859375
NFLX,NFLX,2027-01-15,0.7013698630136986,C,2340.0,3.235465696482381,8.15,9.9,9.04,2.150273179016113,2.0,11.0,92.05999755859375
NFLX,NFLX,2027-01-15,0.7013698630136986,C,2350.0,3.239730095268839,8.05,9.75,8.89,2.1458786587524417,4.0,20.0,92.05999755859375
NFLX,NFLX,2027-01-15,0.7013698630136986,C,2360.0,3.24397638615029,7.0,9.7,8.52,2.1206101672363276,2.0,23.0,92.05999755859375
NFLX,NFLX,2027-01-15,0.7013698630136986,C,2370.0,3.248204722259811,7.95,9.5,8.23,2.140751718444824,1.0,11.0,92.05999755859375
NFLX,NFLX,2027-01-15,0.7013698630136986,C,2380.0,3.2524152547961545,7.3,9.3,8.17,2.1214646572875973,2.0,6.0,92.05999755859375
NFLX,NFLX,2027-01-15,0.7013698630136986,C,2390.0,3.2566081330561905,7.1,9.15,9.77,2.1143235618591305,2.0,98.0,92.05999755859375
NFLX,NFLX,2027-01-15,0.7013698630136986,C,2400.0,3.260783504466671,6.95,8.95,9.73,2.107060396423339,1.0,13.0,92.05999755859375
NFLX,NFLX,2027-01-15,0.7013698630136986,C,2410.0,3.2649415146153347,6.0,9.0,7.45,2.0853319351196284,2.0,1.0,92.05999755859375
NFLX,NFLX,2027-01-15,0.7013698630136986,C,2420.0,3.269082307281366,5.85,8.85,9.33,2.0790453297424314,,1.0,92.05999755859375
NFLX,NFLX,2027-01-15,0.7013698630136986,C,2440.0,3.2773128064178816,5.55,8.65,8.45,2.068852484130859,1.0,28.0,92.05999755859375
NFLX,NFLX,2027-01-15,0.7013698630136986,C,2450.0,3.2814027916694064,5.2,8.35,8.25,2.052617173156738,2.0,11.0,92.05999755859375
NFLX,NFLX,2027-01-15,0.7013698630136986,C,2460.0,3.2854761170570423,5.4,8.35,5.25,2.059697233581543,5.0,0.0,92.05999755859375
NFLX,NFLX,2027-01-15,0.7013698630136986,C,2480.0,3.293573327289662,4.75,8.05,6.24,2.036137722167969,1.0,13.0,92.05999755859375
NFLX,NFLX,2027-01-15,0.7013698630136986,C,2500.0,3.301605498986926,5.4,7.4,7.1,2.0393115423583987,2.0,15.0,92.05999755859375
NFLX,NFLX,2027-01-15,0.7013698630136986,C,2520.0,3.309573668636103,5.95,7.4,6.32,2.0579272184753417,12.0,47.0,92.05999755859375
NFLX,NFLX,2027-01-15,0.7013698630136986,C,2540.0,3.3174788481432165,5.5,7.1,5.82,2.039677752380371,1.0,38.0,92.05999755859375
NFLX,NFLX,2027-01-15,0.7013698630136986,C,2560.0,3.325322025604242,4.65,7.05,6.15,2.016118240966797,3.0,105.0,92.05999755859375
NFLX,NFLX,2027-01-15,0.7013698630136986,C,2570.0,3.3292206660198995,3.95,6.8,5.3,1.9882813085937499,2.0,7.0,92.05999755859375
NFLX,NFLX,2027-01-15,0.7013698630136986,C,2580.0,3.3331041660462972,3.85,6.7,5.38,1.9833985205078126,1.0,27.0,92.05999755859375
NFLX,NFLX,2027-01-15,0.7013698630136986,C,2590.0,3.3369726428242172,3.75,6.6,5.05,1.9783936627197267,4.0,3.0,92.05999755859375
NFLX,NFLX,2027-01-15,0.7013698630136986,C,2600.0,3.3408262121402075,3.65,6.6,5.87,1.9766846868896486,2.0,10.0,92.05999755859375
NFLX,NFLX,2027-01-15,0.7013698630136986,C,2610.0,3.344664988447373,3.55,6.5,4.92,1.971557759399414,4.0,7.0,92.05999755859375
NFLX,NFLX,2027-01-15,0.7013698630136986,C,2620.0,3.3484890848857765,4.5,6.4,4.05,2.0003712100219726,1.0,3.0,92.05999755859375
NFLX,NFLX,2027-01-15,0.7013698630136986,C,2630.0,3.352298613302444,4.5,5.95,4.55,1.987426820678711,1.0,2.0,92.05999755859375
NFLX,NFLX,2027-01-15,0.7013698630136986,C,2640.0,3.356093684270996,3.3,6.1,3.33,1.9541017919921875,15.0,17.0,92.05999755859375
NFLX,NFLX,2027-01-15,0.7013698630136986,C,2650.0,3.359874407110902,3.7,5.75,5.95,1.9572756042480468,2.0,126.0,92.05999755859375
NFLX,NFLX,2027-01-15,0.7013698630136986,C,2660.0,3.3636408899063786,3.1,5.4,4.5,1.9254154119873046,21.0,516.0,92.05999755859375
NFLX,NFLX,2027-01-15,0.7013698630136986,P,0.5,-5.215587692429311,0.0,0.01,0.01,2.1250046874999997,1245.0,11643.0,92.05999755859375
NFLX,NFLX,2027-01-15,0.7013698630136986,P,1.0,-4.522440511869366,0.0,0.04,0.01,2.0937547656249995,2987.0,4428.0,92.05999755859375
NFLX,NFLX,2027-01-15,0.7013698630136986,P,1.5,-4.116975403761201,0.0,0.01,0.01,1.625001875,995.0,6567.0,92.05999755859375
NFLX,NFLX,2027-01-15,0.7013698630136986,P,2.0,-3.8292933313094206,0.0,0.09,0.1,1.890625546875,1.0,66618.0,92.05999755859375
NFLX,NFLX,2027-01-15,0.7013698630136986,P,2.5,-3.606149779995211,0.0,2.13,0.02,3.3710953222656244,2.0,16216.0,92.05999755859375
NFLX,NFLX,2027-01-15,0.7013698630136986,P,3.0,-3.4238282232012565,0.0,2.13,0.01,3.0859397851562496,1.0,13918.0,92.05999755859375
NFLX,NFLX,2027-01-15,0.7013698630136986,P,3.5,-3.269677543373998,0.0,2.13,0.01,2.8710965722656248,10520.0,11521.0,92.05999755859375
NFLX,NFLX,2027-01-15,0.7013698630136986,P,4.0,-3.1361461507494757,0.0,0.33,0.04,1.8046884765624998,2.0,14060.0,92.05999755859375
NFLX,NFLX,2027-01-15,0.7013698630136986,P,4.5,-3.018363115093092,0.0,0.06,0.01,1.3828155859374998,2.0,30768.0,92.05999755859375
NFLX,NFLX,2027-01-15,0.7013698630136986,P,5.0,-2.9130025994352655,0.0,0.03,0.01,1.2343788281249999,3.0,176444.0,92.05999755859375
NFLX,NFLX,2027-01-15,0.7013698630136986,P,6.0,-2.730681042641311,0.0,0.2,0.01,1.4375028125,1.0,22439.0,92.05999755859375
NFLX,NFLX,2027-01-15,0.7013698630136986,P,7.0,-2.576530362814053,0.0,0.2,0.02,1.3476595117187498,1.0,9801.0,92.05999755859375
NFLX,NFLX,2027-01-15,0.7013698630136986,P,8.0,-2.4429989701895303,0.0,0.1,0.03,1.1679729101562502,10.0,110.0,92.05999755859375
NFLX,NFLX,2027-01-15,0.7013698630136986,P,9.0,-2.325215934533147,0.0,2.13,0.02,1.8486335693359375,1.0,760.0,92.05999755859375
NFLX,NFLX,2027-01-15,0.7013698630136986,P,10.0,-2.2198554188753206,0.0,1.0,0.02,1.4892603662109374,3.0,2362.0,92.05999755859375
NFLX,NFLX,2027-01-15,0.7013698630136986,P,11.0,-2.1245452390709954,0.0,0.5,0.1,1.2578162109375,1.0,776.0,92.05999755859375
NFLX,NFLX,2027-01-15,0.7013698630136986,P,12.0,-2.0375338620813657,0.0,1.87,0.03,1.548342102050781,4.0,248.0,92.05999755859375
NFLX,NFLX,2027-01-15,0.7013698630136986,P,13.0,-1.9574911544078293,0.0,1.35,0.1,1.3828155859374998,1.0,1042.0,92.05999755859375
NFLX,NFLX,2027-01-15,0.7013698630136986,P,14.0,-1.8833831822541074,0.0,1.56,0.03,1.369143779296875,32.0,387.0,92.05999755859375
NFLX,NFLX,2027-01-15,0.7013698630136986,P,15.0,-1.814390310767156,0.0,2.14,0.02,1.4130888720703125,107.0,2679.0,92.05999755859375
NFLX,NFLX,2027-01-15,0.7013698630136986,P,16.0,-1.7498517896295849,0.0,1.2,0.03,1.203128984375,2.0,423.0,92.05999755859375
NFLX,NFLX,2027-01-15,0.7013698630136986,P,17.0,-1.68922716781315,0.0,0.12,0.04,0.8203142968749999,44.0,3135.0,92.05999755859375
NFLX,NFLX,2027-01-15,0.7013698630136986,P,18.0,-1.6320687539732015,0.0,0.33,0.04,0.90429783203125,1.0,1970.0,92.05999755859375
NFLX,NFLX,2027-01-15,0.7013698630136986,P,18.5,-1.6046697797850868,0.0,0.6,0.04,0.97460962890625,22.0,273.0,92.05999755859375
NFLX,NFLX,2027-01-15,0.7013698630136986,P,19.0,-1.5780015327029255,0.01,0.08,0.1,0.7421900781249999,2.0,2530.0,92.05999755859375
NFLX,NFLX,2027-01-15,0.7013698630136986,P,19.5,-1.552026046299665,0.0,1.84,0.04,1.1660197949218751,18.0,245.0,92.05999755859375
NFLX,NFLX,2027-01-15,0.7013698630136986,P,20.0,-1.5267082383153752,0.01,0.05,0.04,0.6875031250000001,2.0,37388.0,92.05999755859375
NFLX,NFLX,2027-01-15,0.7013698630136986,P,21.0,-1.477918074145943,0.0,1.22,0.05,1.0205127099609377,5.0,4119.0,92.05999755859375
NFLX,NFLX,2027-01-15,0.7013698630136986,P,22.0,-1.4313980585110502,0.0,0.2,0.1,0.7421900781249999,10.0,1881.0,92.05999755859375
NFLX,NFLX,2027-01-15,0.7013698630136986,P,23.0,-1.3869462959402163,0.0,0.14,0.05,0.6875031250000001,68.0,1451.0,92.05999755859375
NFLX,NFLX,2027-01-15,0.7013698630136986,P,24.0,-1.3443866815214205,0.0,2.25,0.07,1.0610398510742187,1.0,1469.0,92.05999755859375
NFLX,NFLX,2027-01-15,0.7013698630136986,P,25.0,-1.3035646870011652,0.0,0.83,0.09,0.84179845703125,70.0,656.0,92.05999755859375
NFLX,NFLX,2027-01-15,0.7013698630136986,P,26.0,-1.264343973847884,0.0,1.32,0.06,0.89257919921875,,310.0,92.05999755859375
NFLX,NFLX,2027-01-15,0.7013698630136986,P,27.0,-1.226603645865037,0.01,0.23,0.05,0.6543003320312502,28.0,1093.0,92.05999755859375
NFLX,NFLX,2027-01-15,0.7013698630136986,P,28.0,-1.1902360016941622,0.0,0.45,0.12,0.6972686523437501,20.0,1860.0,92.05999755859375
NFLX,NFLX,2027-01-15,0.7013698630136986,P,29.0,-1.1551446818828919,0.01,0.45,0.05,0.6796907031250001,4.0,856.0,92.05999755859375
NFLX,NFLX,2027-01-15,0.7013698630136986,P,30.0,-1.1212431302072108,0.02,0.45,0.08,0.6630893066406252,10.0,1945.0,92.05999755859375
NFLX,NFLX,2027-01-15,0.7013698630136986,P,31.0,-1.0884533073842197,0.0,0.46,0.16,0.6430699755859376,8.0,356.0,92.05999755859375
NFLX,NFLX,2027-01-15,0.7013698630136986,P,32.0,-1.0567046090696395,0.0,0.0,0.3,0.2500075,4.0,0.0,92.05999755859375
NFLX,NFLX,2027-01-15,0.7013698630136986,P,33.0,-1.0259329504028858,0.0,0.0,0.18,0.2500075,8.0,0.0,92.05999755859375
NFLX,NFLX,2027-01-15,0.7013698630136986,P,34.0,-0.9960799872532047,0.0,0.95,0.2,0.6709017285156251,10.0,1280.0,92.05999755859375
NFLX,NFLX,2027-01-15,0.7013698630136986,P,35.0,-0.9670924503799524,0.04,0.5,0.13,0.5908244042968751,4.0,4860.0,92.05999755859375
NFLX,NFLX,2027-01-15,0.7013698630136986,P,36.0,-0.9389215734132561,0.04,0.6,0.12,0.5918009570312501,1.0,363.0,92.05999755859375
NFLX,NFLX,2027-01-15,0.7013698630136986,P,37.0,-0.9115225992251416,0.0,0.0,0.24,0.2500075,2.0,0.0,92.05999755859375
NFLX,NFLX,2027-01-15,0.7013698630136986,P,38.0,-0.8848543521429804,0.0,0.95,0.23,0.6020547607421877,2.0,726.0,92.05999755859375
NFLX,NFLX,2027-01-15,0.7013698630136986,P,39.0,-0.8588788657397196,0.0,0.57,0.21,0.5351608984375,460.0,1252.0,92.05999755859375
NFLX,NFLX,2027-01-15,0.7013698630136986,P,40.0,-0.8335610577554298,0.09,0.52,0.25,0.5268602001953125,1.0,3457.0,92.05999755859375
NFLX,NFLX,2027-01-15,0.7013698630136986,P,41.0,-0.8088684451650582,0.0,0.0,0.38,0.2500075,14.0,0.0,92.05999755859375
NFLX,NFLX,2027-01-15,0.7013698630136986,P,42.0,-0.7847708935859978,0.0,0.75,0.44,0.51758294921875,2.0,486.0,92.05999755859375
NFLX,NFLX,2027-01-15,0.7013698630136986,P,43.0,-0.7612403961758036,0.0,0.66,0.58,0.5620160986328125,10.0,294.0,92.05999755859375
NFLX,NFLX,2027-01-15,0.7013698630136986,P,44.0,-0.7382508779511049,0.0,0.69,0.4,0.5522505712890625,1.0,193.0,92.05999755859375
NFLX,NFLX,2027-01-15,0.7013698630136986,P,45.0,-0.7157780220990463,0.24,0.72,0.3,0.5427291821289064,1.0,2469.0,92.05999755859375
NFLX,NFLX,2027-01-15,0.7013698630136986,P,46.0,-0.6937991153802711,0.02,1.01,0.5,0.570316796875,30.0,2447.0,92.05999755859375
NFLX,NFLX,2027-01-15,0.7013698630136986,P,47.0,-0.6722929101593076,0.0,1.06,0.43,0.5617719604492188,1.0,2218.0,92.05999755859375
NFLX,NFLX,2027-01-15,0.7013698630136986,P,48.0,-0.6512395009614752,0.34,0.54,0.45,0.47070841796875,10.0,2016.0,92.05999755859375
NFLX,NFLX,2027-01-15,0.7013698630136986,P,49.0,-0.6306202137587394,0.0,0.98,0.42,0.5222215747070311,5.0,599.0,92.05999755859375
NFLX,NFLX,2027-01-15,0.7013698630136986,P,50.0,-0.61041750644122,0.3,0.6,0.49,0.45483943603515625,3.0,2965.0,92.05999755859375
NFLX,NFLX,2027-01-15,0.7013698630136986,P,51.0,-0.5906148791450402,0.0,1.58,0.5,0.5593305786132813,20.0,320.0,92.05999755859375
NFLX,NFLX,2027-01-15,0.7013698630136986,P,52.0,-0.5711967932879387,0.2,1.07,0.59,0.49121602539062503,5.0,1377.0,92.05999755859375
NFLX,NFLX,2027-01-15,0.7013698630136986,P,53.0,-0.5521485983172442,0.04,0.77,0.65,0.44116769775390624,1.0,1192.0,92.05999755859375
NFLX,NFLX,2027-01-15,0.7013698630136986,P,54.0,-0.5334564653050916,0.0,1.44,0.7,0.502080174560547,5.0,348.0,92.05999755859375
NFLX,NFLX,2027-01-15,0.7013698630136986,P,55.0,-0.5151073266368951,0.6,1.0,0.79,0.44336494140625,7.0,3315.0,92.05999755859375
NFLX,NFLX,2027-01-15,0.7013698630136986,P,56.0,-0.4970888211342169,0.44,1.06,0.78,0.4370173486328125,20.0,980.0,92.05999755859375
NFLX,NFLX,2027-01-15,0.7013698630136986,P,57.0,-0.4793892440348159,0.89,1.08,0.88,0.4265194067382813,6.0,2034.0,92.05999755859375
NFLX,NFLX,2027-01-15,0.7013698630136986,P,58.0,-0.46199750132294665,0.53,1.25,1.05,0.4304256176757813,10.0,367.0,92.05999755859375
NFLX,NFLX,2027-01-15,0.7013698630136986,P,59.0,-0.44490306796364654,0.86,1.5,1.06,0.43970286865234376,4.0,1526.0,92.05999755859375
NFLX,NFLX,2027-01-15,0.7013698630136986,P,60.0,-0.42809594964726544,0.93,1.52,1.11,0.42847251220703125,16.0,5451.0,92.05999755859375
NFLX,NFLX,2027-01-15,0.7013698630136986,P,61.0,-0.41156664769605483,1.27,1.4,1.31,0.4057676611328125,11.0,1000.0,92.05999755859375
NFLX,NFLX,2027-01-15,0.7013698630136986,P,62.0,-0.39530612682427446,1.08,1.8,1.35,0.4243221630859375,4.0,551.0,92.05999755859375
NFLX,NFLX,2027-01-15,0.7013698630136986,P,63.0,-0.3793057854778333,1.17,1.91,1.47,0.41919526123046874,10.0,1886.0,92.05999755859375
NFLX,NFLX,2027-01-15,0.7013698630136986,P,64.0,-0.36355742850969425,1.42,1.84,1.62,0.401373173828125,184.0,914.0,92.05999755859375
NFLX,NFLX,2027-01-15,0.7013698630136986,P,65.0,-0.34805324197372894,1.56,2.0,1.78,0.39942006835937505,185.0,5622.0,92.05999755859375
NFLX,NFLX,2027-01-15,0.7013698630136986,P,66.0,-0.33278576984294045,1.25,2.39,1.92,0.41138283935546877,1.0,1460.0,92.05999755859375
NFLX,NFLX,2027-01-15,0.7013698630136986,P,67.0,-0.3177478924783999,1.22,2.67,1.98,0.4149228430175781,6.0,1304.0,92.05999755859375
NFLX,NFLX,2027-01-15,0.7013698630136986,P,68.0,-0.3029328066932594,1.35,2.57,2.35,0.3957579956054688,1.0,1764.0,92.05999755859375
NFLX,NFLX,2027-01-15,0.7013698630136986,P,69.0,-0.2883340072721067,1.69,2.76,2.22,0.3931945446777344,30.0,4649.0,92.05999755859375
NFLX,NFLX,2027-01-15,0.7013698630136986,P,70.0,-0.27394526982000705,2.45,2.65,2.41,0.37402969726562496,4.0,14168.0,92.05999755859375
NFLX,NFLX,2027-01-15,0.7013698630136986,P,71.0,-0.25976063482805056,2.5,3.1,2.78,0.3846497082519531,12.0,2779.0,92.05999755859375
NFLX,NFLX,2027-01-15,0.7013698630136986,P,72.0,-0.2457743928533108,2.41,3.3,2.96,0.3813538427734374,3.0,1982.0,92.05999755859375
NFLX,NFLX,2027-01-15,0.7013698630136986,P,73.0,-0.23198107072097493,2.76,3.4,3.1,0.3726869372558594,9.0,690.0,92.05999755859375
NFLX,NFLX,2027-01-15,0.7013698630136986,P,74.0,-0.21837541866519627,2.76,3.6,3.14,0.36865865722656255,1.0,1733.0,92.05999755859375
NFLX,NFLX,2027-01-15,0.7013698630136986,P,75.0,-0.20495239833305556,3.4,3.7,3.55,0.35962554443359374,190.0,9335.0,92.05999755859375
NFLX,NFLX,2027-01-15,0.7013698630136986,P,76.0,-0.19170717158303502,3.65,3.95,3.9,0.3570620935058594,1.0,2194.0,92.05999755859375
NFLX,NFLX,2027-01-15,0.7013698630136986,P,77.0,-0.1786350900156822,3.95,4.2,4.15,0.35407140075683585,4.0,2026.0,92.05999755859375
NFLX,NFLX,2027-01-15,0.7013698630136986,P,78.0,-0.1657316851797743,4.0,4.5,4.1,0.3526676062011719,7.0,1682.0,92.05999755859375
NFLX,NFLX,2027-01-15,0.7013698630136986,P,79.0,-0.1529926594023445,4.25,4.9,4.6,0.35474278076171867,8.0,2669.0,92.05999755859375
NFLX,NFLX,2027-01-15,0.7013698630136986,P,80.0,-0.14041387719548448,4.6,5.25,4.92,0.3541324353027343,31.0,13483.0,92.05999755859375
NFLX,NFLX,2027-01-15,0.7013698630136986,P,81.0,-0.1279913571969273,5.05,5.35,5.2,0.3433293206787109,10.0,1656.0,92.05999755859375
NFLX,NFLX,2027-01-15,0.7013698630136986,P,82.0,-0.11572126460511292,5.25,5.7,5.2,0.34180345703125,2.0,2981.0,92.05999755859375
NFLX,NFLX,2027-01-15,0.7013698630136986,P,83.0,-0.10359990407276808,5.75,6.0,5.8,0.33789724609375,16.0,2057.0,92.05999755859375
NFLX,NFLX,2027-01-15,0.7013698630136986,P,84.0,-0.09162371302605248,5.9,6.4,6.22,0.3371648315429688,114.0,2748.0,92.05999755859375
NFLX,NFLX,2027-01-15,0.7013698630136986,P,85.0,-0.07978925537904961,6.35,6.75,6.57,0.33411310424804685,16.0,8166.0,92.05999755859375
NFLX,NFLX,2027-01-15,0.7013698630136986,P,86.0,-0.06809321561585831,6.8,7.2,6.78,0.33411310424804685,5.0,2024.0,92.05999755859375
NFLX,NFLX,2027-01-15,0.7013698630136986,P,87.0,-0.05653239321478229,7.1,7.5,7.2,0.3283758569335937,11.0,2193.0,92.05999755859375
NFLX,NFLX,2027-01-15,0.7013698630136986,P,88.0,-0.045103697391159624,7.2,7.9,7.55,0.32556826782226556,7.0,3278.0,92.05999755859375
NFLX,NFLX,2027-01-15,0.7013698630136986,P,89.0,-0.03380414213722623,7.85,8.45,8.15,0.32739930419921875,2.0,1548.0,92.05999755859375
NFLX,NFLX,2027-01-15,0.7013698630136986,P,90.0,-0.022630841539100974,8.4,8.8,8.5,0.3219061950683593,23.0,19434.0,92.05999755859375
NFLX,NFLX,2027-01-15,0.7013698630136986,P,91.0,-0.011581005352515971,8.9,9.25,8.95,0.3193427441406249,1.0,1439.0,92.05999755859375
NFLX,NFLX,2027-01-15,0.7013698630136986,P,92.0,-0.0006519348203257871,9.35,9.75,9.49,0.3178779150390625,18.0,4288.0,92.05999755859375
NFLX,NFLX,2027-01-15,0.7013698630136986,P,93.0,0.010158981283889978,9.85,10.2,9.4,0.3143379113769531,8.0,881.0,92.05999755859375
NFLX,NFLX,2027-01-15,0.7013698630136986,P,94.0,0.020854270400637746,9.95,10.75,10.05,0.313483427734375,6.0,1886.0,92.05999755859375
NFLX,NFLX,2027-01-15,0.7013698630136986,P,95.0,0.03143637973117471,10.75,11.25,10.56,0.31055376953124997,2.0,9528.0,92.05999755859375
NFLX,NFLX,2027-01-15,0.7013698630136986,P,96.0,0.041907679598470145,11.35,11.8,11.2,0.3087227331542969,10.0,4962.0,92.05999755859375
NFLX,NFLX,2027-01-15,0.7013698630136986,P,97.0,0.05227046663401675,12.0,12.35,11.45,0.30634238586425777,1.0,2645.0,92.05999755859375
NFLX,NFLX,2027-01-15,0.7013698630136986,P,98.0,0.06252696680120587,12.6,13.0,12.0,0.30676962768554683,53.0,10991.0,92.05999755859375
NFLX,NFLX,2027-01-15,0.7013698630136986,P,99.0,0.07267933826522391,12.95,13.65,12.55,0.3067085931396484,2.0,2837.0,92.05999755859375
NFLX,NFLX,2027-01-15,0.7013698630136986,P,100.0,0.08272967411872538,13.3,14.15,13.36,0.30121548400878906,2.0,14779.0,92.05999755859375
NFLX,NFLX,2027-01-15,0.7013698630136986,P,101.0,0.09268000497189348,13.95,14.9,14.8,0.3034737622070312,1.0,2087.0,92.05999755859375
NFLX,NFLX,2027-01-15,0.7013698630136986,P,102.0,0.10253230141490513,14.4,15.55,15.13,0.3020089331054688,2.0,1225.0,92.05999755859375
NFLX,NFLX,2027-01-15,0.7013698630136986,P,103.0,0.11228847636026965,15.15,16.2,15.89,0.29999479309082033,1.0,1589.0,92.05999755859375
NFLX,NFLX,2027-01-15,0.7013698630136986,P,104.0,0.12195038727200656,16.0,16.85,16.49,0.2974923767089843,40.0,789.0,92.05999755859375
NFLX,NFLX,2027-01-15,0.7013698630136986,P,105.0,0.1315198382881573,16.55,17.65,17.03,0.29968962036132807,77.0,1770.0,92.05999755859375
NFLX,NFLX,2027-01-15,0.7013698630136986,P,106.0,0.1409985822427011,17.2,18.25,18.49,0.29444064941406245,2.0,651.0,92.05999755859375
NFLX,NFLX,2027-01-15,0.7013698630136986,P,107.0,0.15038832259254015,17.65,18.9,17.49,0.29041236938476556,1.0,413.0,92.05999755859375
NFLX,NFLX,2027-01-15,0.7013698630136986,P,108.0,0.1596907152548537,18.6,19.7,18.75,0.29132788757324213,20.0,880.0,92.05999755859375
NFLX,NFLX,2027-01-15,0.7013698630136986,P,109.0,0.1689073703597777,19.3,20.4,20.43,0.28803202209472645,2.0,750.0,92.05999755859375
NFLX,NFLX,2027-01-15,0.7013698630136986,P,110.0,0.17803985392305027,20.25,21.15,20.75,0.28613995117187496,10.0,2072.0,92.05999755859375
NFLX,NFLX,2027-01-15,0.7013698630136986,P,111.0,0.18708968944296803,20.45,21.95,13.15,0.2857127093505859,1.0,1359.0,92.05999755859375
NFLX,NFLX,2027-01-15,0.7013698630136986,P,112.0,0.19605835942572844,21.75,22.65,22.98,0.280707876586914,1.0,1325.0,92.05999755859375
NFLX,NFLX,2027-01-15,0.7013698630136986,P,114.0,0.21375793652512942,23.3,24.25,19.96,0.27735097656249996,40.0,994.0,92.05999755859375
NFLX,NFLX,2027-01-15,0.7013698630136986,P,115.0,0.22249161649388405,24.15,25.15,25.98,0.27948718566894526,10.0,273.0,92.05999755859375
NFLX,NFLX,2027-01-15,0.7013698630136986,P,116.0,0.23114967923699864,24.65,26.0,22.12,0.27899890930175775,1.0,526.0,92.05999755859375
NFLX,NFLX,2027-01-15,0.7013698630136986,P,118.0,0.2482441125962988,26.25,27.7,27.98,0.27674063110351554,1.0,1637.0,92.05999755859375
NFLX,NFLX,2027-01-15,0.7013698630136986,P,120.0,0.2650512309126799,28.0,29.4,28.35,0.27246821289062495,3.0,1624.0,92.05999755859375
NFLX,NFLX,2027-01-15,0.7013698630136986,P,122.0,0.2815805328638905,29.0,31.4,30.15,0.2836985693359374,10.0,938.0,92.05999755859375
NFLX,NFLX,2027-01-15,0.7013698630136986,P,124.0,0.2978410537356708,32.1,32.95,32.49,0.26636475830078127,5.0,271.0,92.05999755859375
NFLX,NFLX,2027-01-15,0.7013698630136986,P,125.0,0.3058732254329351,32.2,34.05,29.5,0.2782054602050781,3.0,369.0,92.05999755859375
NFLX,NFLX,2027-01-15,0.7013698630136986,P,126.0,0.313841395082112,33.3,34.85,34.34,0.26929441650390623,2.0,313.0,92.05999755859375
NFLX,NFLX,2027-01-15,0.7013698630136986,P,130.0,0.34509393858621634,36.7,39.35,38.4,0.32227240234374993,8.0,1340.0,92.05999755859375
NFLX,NFLX,2027-01-15,0.7013698630136986,P,132.0,0.36036141071700484,38.0,40.85,39.35,0.2974923767089843,40.0,47.0,92.05999755859375
NFLX,NFLX,2027-01-15,0.7013698630136986,P,135.0,0.38283426656906333,41.4,43.7,41.5,0.29846892944335934,10.0,13.0,92.05999755859375
NFLX,NFLX,2027-01-15,0.7013698630136986,P,136.0,0.3902143738666859,41.95,45.7,42.54,0.3723207299804688,1.0,2.0,92.05999755859375
NFLX,NFLX,2027-01-15,0.7013698630136986,P,140.0,0.4192019107399383,45.9,49.9,43.35,0.4024717956542969,2.0,200.0,92.05999755859375
NFLX,NFLX,2027-01-15,0.7013698630136986,P,144.0,0.4473727877066345,49.85,53.9,36.85,0.4202938830566406,10.0,0.0,92.05999755859375
NFLX,NFLX,2027-01-15,0.7013698630136986,P,146.0,0.4611661098389704,51.85,55.9,53.86,0.42896078857421877,1.0,0.0,92.05999755859375
NFLX,NFLX,2027-01-15,0.7013698630136986,P,148.0,0.474771761894749,66.1,70.2,57.0,0.8501601898193358,4.0,0.0,92.05999755859375
NFLX,NFLX,2027-01-15,0.7013698630136986,P,150.0,0.4881947822268898,55.85,59.9,53.19,0.4458063232421875,7.0,1.0,92.05999755859375
NFLX,NFLX,2027-01-15,0.7013698630136986,P,155.0,0.5209846050498805,64.45,69.45,55.5,0.5730023168945313,1.0,0.0,92.05999755859375
NFLX,NFLX,2027-01-15,0.7013698630136986,P,156.0,0.527415495380171,61.85,65.9,56.65,0.46973186523437505,3.0,0.0,92.05999755859375
NFLX,NFLX,2027-01-15,0.7013698630136986,P,160.0,0.5527333033644608,67.0,72.0,51.15,0.5963175134277343,4.0,0.0,92.05999755859375
NFLX,NFLX,2027-01-15,0.7013698630136986,P,162.0,0.5651558233630181,69.0,73.5,55.88,0.5804485314941408,20.0,0.0,92.05999755859375
NFLX,NFLX,2027-01-15,0.7013698630136986,P,190.0,0.72458356029112,104.55,108.5,96.33,0.8984385156249999,1.0,0.0,92.05999755859375
NFLX,NFLX,2027-01-15,0.7013698630136986,P,205.0,0.800569467269042,123.15,131.35,113.41,1.1550945565795896,2.0,0.0,92.05999755859375
NFLX,NFLX,2027-01-15,0.7013698630136986,P,210.0,0.8246670188481026,119.45,123.7,109.99,0.7423121472167968,100.0,0.0,92.05999755859375
NFLX,NFLX,2027-01-15,0.7013698630136986,P,215.0,0.8481975162582968,129.5,133.45,120.98,0.9761965270996094,1.0,0.0,92.05999755859375
NFLX,NFLX,2027-01-15,0.7013698630136986,P,220.0,0.8711870344829956,126.5,132.0,109.5,0.6116982189941409,310.0,0.0,92.05999755859375
NFLX,NFLX,2027-01-15,0.7013698630136986,P,230.0,0.9156387970538293,136.5,142.0,119.5,0.6342810009765626,240.0,0.0,92.05999755859375
NFLX,NFLX,2027-01-15,0.7013698630136986,P,240.0,0.9581984114726252,146.5,152.0,129.5,0.6557651611328126,250.0,0.0,92.05999755859375
NFLX,NFLX,2027-01-15,0.7013698630136986,P,250.0,0.9990204059928804,155.85,159.9,152.3,0.7315700671386718,2.0,0.0,92.05999755859375
NFLX,NFLX,2027-01-15,0.7013698630136986,P,260.0,1.0382411191461616,166.5,172.0,149.5,0.6953155468750001,60.0,0.0,92.05999755859375
NFLX,NFLX,2027-01-15,0.7013698630136986,P,266.0,1.061055796912333,187.0,191.15,176.25,1.3502229754638668,2.0,0.0,92.05999755859375
NFLX,NFLX,2027-12-17,1.621917808219178,C,0.5,-5.215587692429311,89.5,94.5,91.87,3.8593753515625,50.0,1068.0,92.05999755859375
NFLX,NFLX,2027-12-17,1.621917808219178,C,2.0,-3.8292933313094206,88.0,93.0,93.49,1.8671881640625,1.0,419.0,92.05999755859375
NFLX,NFLX,2027-12-17,1.621917808219178,C,4.0,-3.1361461507494757,86.0,91.0,103.0,1.423831005859375,1.0,4.0,92.05999755859375
NFLX,NFLX,2027-12-17,1.621917808219178,C,7.0,-2.576530362814053,82.0,87.0,97.5,1.640626796875,,5.0,92.05999755859375
NFLX,NFLX,2027-12-17,1.621917808219178,C,9.0,-2.325215934533147,85.0,89.5,74.0,1.9384768701171877,20.0,20.0,92.05999755859375
NFLX,NFLX,2027-12-17,1.621917808219178,C,10.0,-2.2198554188753206,80.5,85.5,85.1,1.1215864233398438,1.0,13.0,92.05999755859375
NFLX,NFLX,2027-12-17,1.621917808219178,C,14.0,-1.8833831822541074,82.0,87.0,73.0,1.7846690454101561,1.0,0.0,92.05999755859375
NFLX,NFLX,2027-12-17,1.621917808219178,C,17.0,-1.68922716781315,74.0,79.0,86.0,0.9294440649414062,1.0,42.0,92.05999755859375
NFLX,NFLX,2027-12-17,1.621917808219178,C,20.0,-1.5267082383153752,76.5,81.5,77.13,1.433352442626953,3.0,262.0,92.05999755859375
NFLX,NFLX,2027-12-17,1.621917808219178,C,25.0,-1.3035646870011652,67.0,72.0,78.68,0.8305681005859374,10.0,70.0,92.05999755859375
NFLX,NFLX,2027-12-17,1.621917808219178,C,27.0,-1.226603645865037,75.0,85.0,99.7,1.7546398986816407,,150.0,92.05999755859375
NFLX,NFLX,2027-12-17,1.621917808219178,C,30.0,-1.1212431302072108,62.5,67.5,66.55,0.7639183764648438,2.0,41.0,92.05999755859375
NFLX,NFLX,2027-12-17,1.621917808219178,C,32.0,-1.0567046090696395,65.5,70.5,65.48,1.0570115509033202,20.0,51.0,92.05999755859375
NFLX,NFLX,2027-12-17,1.621917808219178,C,33.0,-1.0259329504028858,59.5,64.5,64.8,0.705203143310547,1.0,24.0,92.05999755859375
NFLX,NFLX,2027-12-17,1.621917808219178,C,35.0,-0.9670924503799524,58.0,63.0,75.54,0.7043486596679689,3.0,35.0,92.05999755859375
NFLX,NFLX,2027-12-17,1.621917808219178,C,36.0,-0.9389215734132561,57.0,62.0,61.2,0.6865265722656251,10.0,162.0,92.05999755859375
NFLX,NFLX,2027-12-17,1.621917808219178,C,38.0,-0.8848543521429804,60.5,65.0,59.9,0.9458013232421875,30.0,47.0,92.05999755859375
NFLX,NFLX,2027-12-17,1.621917808219178,C,39.0,-0.8588788657397196,59.5,64.0,61.75,0.922852333984375,2.0,130.0,92.05999755859375
NFLX,NFLX,2027-12-17,1.621917808219178,C,40.0,-0.8335610577554298,53.5,58.05,70.38,0.6369665209960937,2.0,445.0,92.05999755859375
NFLX,NFLX,2027-12-17,1.621917808219178,C,42.0,-0.7847708935859978,52.0,56.5,65.2,0.6325720336914062,17.0,222.0,92.05999755859375
NFLX,NFLX,2027-12-17,1.621917808219178,C,44.0,-0.7382508779511049,50.0,54.85,59.5,0.6112099426269533,1.0,486.0,92.05999755859375
NFLX,NFLX,2027-12-17,1.621917808219178,C,45.0,-0.7157780220990463,49.0,53.75,53.5,0.5937540625000001,1.0,99.0,92.05999755859375
NFLX,NFLX,2027-12-17,1.621917808219178,C,46.0,-0.6937991153802711,48.5,52.2,52.55,0.5780071496582031,2.0,140.0,92.05999755859375
NFLX,NFLX,2027-12-17,1.621917808219178,C,48.0,-0.6512395009614752,52.0,56.5,53.32,0.8070698004150392,10.0,68.0,92.05999755859375
NFLX,NFLX,2027-12-17,1.621917808219178,C,49.0,-0.6306202137587394,47.3,51.0,50.14,0.6181068463134767,2.0,24.0,92.05999755859375
NFLX,NFLX,2027-12-17,1.621917808219178,C,50.0,-0.61041750644122,45.55,48.9,51.0,0.5631147204589844,1.0,369.0,92.05999755859375
NFLX,NFLX,2027-12-17,1.621917808219178,C,54.0,-0.5334564653050916,47.0,51.5,44.01,0.7393824890136718,2.0,98.0,92.05999755859375
NFLX,NFLX,2027-12-17,1.621917808219178,C,55.0,-0.5151073266368951,42.0,44.95,43.77,0.5466353930664063,1.0,134.0,92.05999755859375
NFLX,NFLX,2027-12-17,1.621917808219178,C,56.0,-0.4970888211342169,40.5,44.15,55.87,0.5275926147460939,4.0,86.0,92.05999755859375
NFLX,NFLX,2027-12-17,1.621917808219178,C,58.0,-0.46199750132294665,39.0,43.45,41.53,0.5345505529785157,1.0,131.0,92.05999755859375
NFLX,NFLX,2027-12-17,1.621917808219178,C,60.0,-0.42809594964726544,37.5,41.7,39.0,0.5214891601562499,20.0,364.0,92.05999755859375
NFLX,NFLX,2027-12-17,1.621917808219178,C,62.0,-0.39530612682427446,36.0,40.0,45.88,0.5091601818847658,10.0,144.0,92.05999755859375
NFLX,NFLX,2027-12-17,1.621917808219178,C,64.0,-0.36355742850969425,34.5,39.0,41.05,0.5077563873291016,2.0,37.0,92.05999755859375
NFLX,NFLX,2027-12-17,1.621917808219178,C,65.0,-0.34805324197372894,33.5,38.05,36.22,0.5656781713867188,1.0,99.0,92.05999755859375
NFLX,NFLX,2027-12-17,1.621917808219178,C,66.0,-0.33278576984294045,33.0,38.0,36.5,0.5053150054931641,6.0,60.0,92.05999755859375
NFLX,NFLX,2027-12-17,1.621917808219178,C,68.0,-0.3029328066932594,32.0,36.0,35.05,0.5528609167480469,20.0,355.0,92.05999755859375
NFLX,NFLX,2027-12-17,1.621917808219178,C,70.0,-0.27394526982000705,30.5,34.15,33.0,0.5302171002197267,3.0,1410.0,92.05999755859375
NFLX,NFLX,2027-12-17,1.621917808219178,C,72.0,-0.2457743928533108,29.0,33.3,33.45,0.5353440020751954,2.0,44.0,92.05999755859375
NFLX,NFLX,2027-12-17,1.621917808219178,C,74.0,-0.21837541866519627,27.5,32.2,33.55,0.5326584820556641,20.0,572.0,92.05999755859375
NFLX,NFLX,2027-12-17,1.621917808219178,C,75.0,-0.20495239833305556,27.5,30.8,31.27,0.5087329400634766,5.0,389.0,92.05999755859375
NFLX,NFLX,2027-12-17,1.621917808219178,C,76.0,-0.19170717158303502,27.45,30.75,29.1,0.5202074346923828,1.0,158.0,92.05999755859375
NFLX,NFLX,2027-12-17,1.621917808219178,C,78.0,-0.1657316851797743,25.25,29.55,29.1,0.5138598419189453,1.0,130.0,92.05999755859375
NFLX,NFLX,2027-12-17,1.621917808219178,C,80.0,-0.14041387719548448,24.55,27.35,27.28,0.48242705078125003,19.0,674.0,92.05999755859375
NFLX,NFLX,2027-12-17,1.621917808219178,C,82.0,-0.11572126460511292,23.0,26.65,26.66,0.4877370562744141,1.0,308.0,92.05999755859375
NFLX,NFLX,2027-12-17,1.621917808219178,C,84.0,-0.09162371302605248,22.55,25.55,26.1,0.4826406716918946,1.0,84.0,92.05999755859375
NFLX,NFLX,2027-12-17,1.621917808219178,C,85.0,-0.07978925537904961,21.5,24.55,25.3,0.46936565795898444,7.0,561.0,92.05999755859375
NFLX,NFLX,2027-12-17,1.621917808219178,C,86.0,-0.06809321561585831,21.0,25.5,23.6,0.5015308636474609,2.0,204.0,92.05999755859375
NFLX,NFLX,2027-12-17,1.621917808219178,C,88.0,-0.045103697391159624,21.45,23.45,23.48,0.473210834350586,9.0,129.0,92.05999755859375
NFLX,NFLX,2027-12-17,1.621917808219178,C,90.0,-0.022630841539100974,19.65,22.4,22.55,0.4676566906738281,1.0,2084.0,92.05999755859375
NFLX,NFLX,2027-12-17,1.621917808219178,C,92.0,-0.0006519348203257871,18.0,22.5,21.11,0.4873708489990235,6.0,489.0,92.05999755859375
NFLX,NFLX,2027-12-17,1.621917808219178,C,94.0,0.020854270400637746,18.8,20.8,19.21,0.46619186157226566,5.0,226.0,92.05999755859375
NFLX,NFLX,2027-12-17,1.621917808219178,C,95.0,0.03143637973117471,17.75,19.4,19.7,0.44351752777099607,2.0,338.0,92.05999755859375
NFLX,NFLX,2027-12-17,1.621917808219178,C,96.0,0.041907679598470145,18.0,19.0,18.0,0.4427240786743164,108.0,252.0,92.05999755859375
NFLX,NFLX,2027-12-17,1.621917808219178,C,98.0,0.06252696680120587,16.45,18.4,17.62,0.44507390869140623,7.0,508.0,92.05999755859375
NFLX,NFLX,2027-12-17,1.621917808219178,C,100.0,0.08272967411872538,15.0,17.6,17.6,0.4425104577636719,16.0,3546.0,92.05999755859375
NFLX,NFLX,2027-12-17,1.621917808219178,C,102.0,0.10253230141490513,15.0,17.0,16.0,0.4436701141357422,1.0,177.0,92.05999755859375
NFLX,NFLX,2027-12-17,1.621917808219178,C,104.0,0.12195038727200656,14.05,15.75,15.72,0.4304256176757813,9.0,290.0,92.05999755859375
NFLX,NFLX,2027-12-17,1.621917808219178,C,105.0,0.1315198382881573,13.2,16.0,14.95,0.44232735412597657,6.0,229.0,92.05999755859375
NFLX,NFLX,2027-12-17,1.621917808219178,C,106.0,0.1409985822427011,13.0,15.85,15.29,0.44553166778564457,1.0,238.0,92.05999755859375
NFLX,NFLX,2027-12-17,1.621917808219178,C,108.0,0.1596907152548537,12.65,15.15,13.79,0.4430597686767578,1.0,343.0,92.05999755859375
NFLX,NFLX,2027-12-17,1.621917808219178,C,110.0,0.17803985392305027,11.5,14.85,13.3,0.44861391235351555,41.0,6505.0,92.05999755859375
NFLX,NFLX,2027-12-17,1.621917808219178,C,112.0,0.19605835942572844,12.35,15.0,13.5,0.46335375518798827,1.0,292.0,92.05999755859375
NFLX,NFLX,2027-12-17,1.621917808219178,C,114.0,0.21375793652512942,9.5,12.65,12.2,0.42413905944824215,22.0,535.0,92.05999755859375
NFLX,NFLX,2027-12-17,1.621917808219178,C,115.0,0.22249161649388405,9.0,13.0,12.55,0.43707838317871095,4.0,407.0,92.05999755859375
NFLX,NFLX,2027-12-17,1.621917808219178,C,116.0,0.23114967923699864,9.0,12.7,19.0,0.4359187268066406,3.0,506.0,92.05999755859375
NFLX,NFLX,2027-12-17,1.621917808219178,C,118.0,0.2482441125962988,9.75,12.1,10.89,0.43329424133300787,5.0,9410.0,92.05999755859375
NFLX,NFLX,2027-12-17,1.621917808219178,C,120.0,0.2650512309126799,10.0,11.2,10.75,0.42365078308105464,37.0,4899.0,92.05999755859375
NFLX,NFLX,2027-12-17,1.621917808219178,C,122.0,0.2815805328638905,9.1,10.95,10.4,0.42780113220214844,2.0,753.0,92.05999755859375
NFLX,NFLX,2027-12-17,1.621917808219178,C,124.0,0.2978410537356708,9.0,10.6,9.7,0.4293880303955079,1.0,682.0,92.05999755859375
NFLX,NFLX,2027-12-17,1.621917808219178,C,125.0,0.3058732254329351,8.25,9.6,9.1,0.4116269775390625,1.0,227.0,92.05999755859375
NFLX,NFLX,2027-12-17,1.621917808219178,C,126.0,0.313841395082112,7.8,10.1,9.15,0.4272518212890626,1.0,569.0,92.05999755859375
NFLX,NFLX,2027-12-17,1.621917808219178,C,128.0,0.3295897520502511,6.0,9.75,7.51,0.42810630493164065,1.0,432.0,92.05999755859375
NFLX,NFLX,2027-12-17,1.621917808219178,C,130.0,0.34509393858621634,5.5,9.3,8.32,0.42636682037353524,2.0,2350.0,92.05999755859375
NFLX,NFLX,2027-12-17,1.621917808219178,C,132.0,0.36036141071700484,5.0,8.9,8.51,0.4253902676391602,9.0,1594.0,92.05999755859375
NFLX,NFLX,2027-12-17,1.621917808219178,C,134.0,0.3753992880815454,6.9,7.8,8.45,0.40759869750976563,10.0,1124.0,92.05999755859375
NFLX,NFLX,2027-12-17,1.621917808219178,C,135.0,0.38283426656906333,4.65,8.15,6.87,0.4197140548706054,1.0,138.0,92.05999755859375
NFLX,NFLX,2027-12-17,1.621917808219178,C,136.0,0.3902143738666859,5.75,7.8,8.45,0.41522801574707036,1.0,1478.0,92.05999755859375
NFLX,NFLX,2027-12-17,1.621917808219178,C,138.0,0.4048131732878386,5.25,7.55,6.66,0.4166928448486328,30.0,475.0,92.05999755859375
NFLX,NFLX,2027-12-17,1.621917808219178,C,140.0,0.4192019107399383,5.15,7.45,6.45,0.4215145739746094,3.0,1392.0,92.05999755859375
NFLX,NFLX,2027-12-17,1.621917808219178,C,142.0,0.4333865457318947,4.5,7.3,7.13,0.4249325085449219,5.0,569.0,92.05999755859375
NFLX,NFLX,2027-12-17,1.621917808219178,C,144.0,0.4473727877066345,4.5,7.15,5.5,0.42810630493164065,1.0,1028.0,92.05999755859375
NFLX,NFLX,2027-12-17,1.621917808219178,C,145.0,0.45429323055120835,3.8,6.85,5.22,0.42401699035644536,2.0,34.0,92.05999755859375
NFLX,NFLX,2027-12-17,1.621917808219178,C,146.0,0.4611661098389704,0.0,0.0,7.95,0.062509375,12.0,0.0,92.05999755859375
NFLX,NFLX,2027-12-17,1.621917808219178,C,148.0,0.474771761894749,3.7,6.45,4.88,0.4237118176269531,1.0,1072.0,92.05999755859375
NFLX,NFLX,2027-12-17,1.621917808219178,C,150.0,0.4881947822268898,3.4,5.75,4.75,0.41174904663085937,2.0,1558.0,92.05999755859375
NFLX,NFLX,2027-12-17,1.621917808219178,C,152.0,0.5014400089769103,3.6,5.65,8.3,0.41519749847412113,2.0,492.0,92.05999755859375
NFLX,NFLX,2027-12-17,1.621917808219178,C,154.0,0.5145120905442631,2.87,5.4,4.9,0.41440404937744135,1.0,670.0,92.05999755859375
NFLX,NFLX,2027-12-17,1.621917808219178,C,155.0,0.5209846050498805,3.3,5.35,4.0,0.41596043029785157,1.0,170.0,92.05999755859375
NFLX,NFLX,2027-12-17,1.621917808219178,C,156.0,0.527415495380171,2.2,5.55,4.76,0.42438319763183596,1.0,285.0,92.05999755859375
NFLX,NFLX,2027-12-17,1.621917808219178,C,158.0,0.5401545211576008,2.59,5.3,4.39,0.4232235412597656,6.0,414.0,92.05999755859375
NFLX,NFLX,2027-12-17,1.621917808219178,C,160.0,0.5527333033644608,3.45,3.9,4.0,0.387701435546875,1.0,2844.0,92.05999755859375
NFLX,NFLX,2027-12-17,1.621917808219178,C,162.0,0.5651558233630181,2.98,4.55,3.99,0.4127866339111328,1.0,331.0,92.05999755859375
NFLX,NFLX,2027-12-17,1.621917808219178,C,164.0,0.5774259159548324,1.46,4.8,3.6,0.4254818194580079,1.0,532.0,92.05999755859375
NFLX,NFLX,2027-12-17,1.621917808219178,C,166.0,0.5895472764871772,0.0,0.0,1.93,0.12500875,30.0,0.0,92.05999755859375
NFLX,NFLX,2027-12-17,1.621917808219178,C,168.0,0.6015234675338929,1.94,4.45,6.55,0.4254818194580079,1.0,562.0,92.05999755859375
NFLX,NFLX,2027-12-17,1.621917808219178,C,170.0,0.6133579251808957,2.8,4.35,2.9,0.42743492492675783,12.0,1012.0,92.05999755859375
NFLX,NFLX,2027-12-17,1.621917808219178,C,172.0,0.625053964944087,1.97,3.85,2.95,0.41663181030273433,1.0,112.0,92.05999755859375
NFLX,NFLX,2027-12-17,1.621917808219178,C,174.0,0.636614787345163,1.04,3.7,3.95,0.4165097412109374,10.0,40.0,92.05999755859375
NFLX,NFLX,2027-12-17,1.621917808219178,C,175.0,0.6423454620541481,0.5,4.0,2.64,0.4285945812988281,16.0,1733.0,92.05999755859375
NFLX,NFLX,2027-12-17,1.621917808219178,C,176.0,0.6480434831687857,2.36,3.4,2.78,0.41107766662597656,1.0,198.0,92.05999755859375
NFLX,NFLX,2027-12-17,1.621917808219178,C,178.0,0.6593430384227191,1.07,3.65,2.59,0.42413905944824215,1.0,310.0,92.05999755859375
NFLX,NFLX,2027-12-17,1.621917808219178,C,180.0,0.6705163390208443,1.98,3.15,2.39,0.41132180480957037,2.0,5801.0,92.05999755859375
NFLX,NFLX,2027-12-17,1.621917808219178,C,182.0,0.6815661752074293,0.0,0.0,3.67,0.12500875,33.0,0.0,92.05999755859375
NFLX,NFLX,2027-12-17,1.621917808219178,C,184.0,0.6924952457396195,0.8,3.7,2.24,0.43921459228515625,2.0,184.0,92.05999755859375
NFLX,NFLX,2027-12-17,1.621917808219178,C,185.0,0.6979153132089588,1.55,2.82,2.11,0.4099790447998046,1.0,137.0,92.05999755859375
NFLX,NFLX,2027-12-17,1.621917808219178,C,186.0,0.7033061618438353,1.6,2.76,2.28,0.4097349066162109,1.0,185.0,92.05999755859375
NFLX,NFLX,2027-12-17,1.621917808219178,C,188.0,0.7140014509605831,0.62,3.6,2.13,0.44434149414062496,15.0,29.0,92.05999755859375
NFLX,NFLX,2027-12-17,1.621917808219178,C,190.0,0.72458356029112,1.21,2.71,1.99,0.41602146484374997,2.0,204.0,92.05999755859375
NFLX,NFLX,2027-12-17,1.621917808219178,C,192.0,0.7350548601584155,0.47,3.5,1.99,0.44922425781249997,11.0,180.0,92.05999755859375
NFLX,NFLX,2027-12-17,1.621917808219178,C,195.0,0.7505590466943808,0.38,3.45,1.52,0.4534966760253906,1.0,1435.0,92.05999755859375
NFLX,NFLX,2027-12-17,1.621917808219178,C,200.0,0.7758768546786707,1.3,2.25,1.63,0.4162656030273437,3.0,1552.0,92.05999755859375
NFLX,NFLX,2027-12-17,1.621917808219178,C,201.0,0.7808643961897098,1.9,5.0,6.09,0.5164843273925781,,110.0,92.05999755859375
NFLX,NFLX,2027-12-17,1.621917808219178,C,202.0,0.7858271855318388,0.17,3.35,1.57,0.46356737609863286,17.0,182.0,92.05999755859375
NFLX,NFLX,2027-12-17,1.621917808219178,C,203.0,0.7907654671724214,0.21,3.05,1.49,0.45429012512207034,2.0,15.0,92.05999755859375
NFLX,NFLX,2027-12-17,1.621917808219178,C,204.0,0.7956794819748504,1.18,3.85,1.78,0.4849905017089844,14.0,58.0,92.05999755859375
NFLX,NFLX,2027-12-17,1.621917808219178,C,205.0,0.800569467269042,0.77,3.3,1.27,0.46735151794433594,3.0,207.0,92.05999755859375
NFLX,NFLX,2027-12-17,1.621917808219178,C,206.0,0.8054356569202149,0.07,1.92,1.34,0.4119321502685547,1.0,119.0,92.05999755859375
NFLX,NFLX,2027-12-17,1.621917808219178,C,207.0,0.810278281396003,0.04,2.45,1.39,0.437505625,1.0,641.0,92.05999755859375
NFLX,NFLX,2027-12-17,1.621917808219178,C,208.0,0.8150975678319519,4.0,4.85,4.38,0.5118457019042968,,60.0,92.05999755859375
NFLX,NFLX,2027-12-17,1.621917808219178,C,209.0,0.8198937400954449,0.1,3.3,2.24,0.4746756634521484,2.0,41.0,92.05999755859375
NFLX,NFLX,2027-12-17,1.621917808219178,C,210.0,0.8246670188481026,0.0,1.92,1.39,0.4187680194091796,4.0,2229.0,92.05999755859375
NFLX,NFLX,2027-12-17,1.621917808219178,C,211.0,0.8294176216067004,0.0,1.96,2.43,0.42236905761718746,1.0,31.0,92.05999755859375
NFLX,NFLX,2027-12-17,1.621917808219178,C,212.0,0.8341457628026464,0.0,2.14,0.94,0.4325007922363281,1.0,2.0,92.05999755859375
NFLX,NFLX,2027-12-17,1.621917808219178,C,213.0,0.8388516538400591,0.67,1.71,1.0,0.4133359448242187,1.0,53.0,92.05999755859375
NFLX,NFLX,2027-12-17,1.621917808219178,C,214.0,0.8435355031524855,0.0,2.08,1.0,0.4331111376953125,1.0,2.0,92.05999755859375
NFLX,NFLX,2027-12-17,1.621917808219178,C,215.0,0.8481975162582968,1.14,1.43,1.26,0.401373173828125,8.0,74.0,92.05999755859375
NFLX,NFLX,2027-12-17,1.621917808219178,C,216.0,0.852837895814799,0.6,1.42,1.0,0.4024717956542969,1.0,120.0,92.05999755859375
NFLX,NFLX,2027-12-17,1.621917808219178,C,217.0,0.8574568416710936,0.0,1.8,1.0,0.4244442321777344,2.0,124.0,92.05999755859375
NFLX,NFLX,2027-12-17,1.621917808219178,C,218.0,0.862054550919723,0.12,1.77,1.32,0.4244442321777344,1.0,78.0,92.05999755859375
NFLX,NFLX,2027-12-17,1.621917808219178,C,219.0,0.8666312179471348,0.38,1.7,1.23,0.42249112670898437,3.0,22.0,92.05999755859375
NFLX,NFLX,2027-12-17,1.621917808219178,C,220.0,0.8711870344829956,1.05,1.53,1.17,0.4149228430175781,18.0,1102.0,92.05999755859375
NFLX,NFLX,2027-12-17,1.621917808219178,C,221.0,0.8757221896483867,0.14,1.59,1.09,0.41968353759765625,4.0,38.0,92.05999755859375
NFLX,NFLX,2027-12-17,1.621917808219178,C,222.0,0.8802368700029133,0.57,1.47,1.89,0.4145566357421875,7.0,28.0,92.05999755859375
NFLX,NFLX,2027-12-17,1.621917808219178,C,223.0,0.8847312595907526,1.01,1.4,1.1,0.41211525390625,2.0,12.0,92.05999755859375
NFLX,NFLX,2027-12-17,1.621917808219178,C,224.0,0.8892055399856738,0.98,1.46,1.12,0.41712008666992184,8.0,13.0,92.05999755859375
NFLX,NFLX,2027-12-17,1.621917808219178,C,225.0,0.893659890335054,0.92,1.3,1.12,0.40906352661132805,3.0,6029.0,92.05999755859375
NFLX,NFLX,2027-12-17,1.621917808219178,C,226.0,0.8980944874029197,0.96,1.67,1.04,0.4317073431396484,8.0,31.0,92.05999755859375
NFLX,NFLX,2027-12-17,1.621917808219178,C,227.0,0.9025095056120366,0.95,1.53,1.15,0.4255428540039063,2.0,19.0,92.05999755859375
NFLX,NFLX,2027-12-17,1.621917808219178,C,228.0,0.9069051170850747,0.0,1.54,0.94,0.4276180285644532,5.0,36.0,92.05999755859375
NFLX,NFLX,2027-12-17,1.621917808219178,C,229.0,0.9112814916848736,0.0,1.73,0.94,0.4393976959228516,4.0,537.0,92.05999755859375
NFLX,NFLX,2027-12-17,1.621917808219178,C,230.0,0.9156387970538293,0.27,1.27,0.92,0.4145566357421875,2.0,1844.0,92.05999755859375
NFLX,NFLX,2027-12-17,1.621917808219178,C,231.0,0.9199771986524276,0.34,1.48,0.82,0.4285945812988281,12.0,12.0,92.05999755859375
NFLX,NFLX,2027-12-17,1.621917808219178,C,232.0,0.924296859796944,0.35,1.27,0.91,0.41736422485351554,3.0,267.0,92.05999755859375
NFLX,NFLX,2027-12-17,1.621917808219178,C,233.0,0.9285979416963346,0.82,2.06,0.94,0.462041512451172,14.0,16.0,92.05999755859375
NFLX,NFLX,2027-12-17,1.621917808219178,C,234.0,0.9328806034883355,0.16,1.24,0.71,0.41834077758789057,1.0,11.0,92.05999755859375
NFLX,NFLX,2027-12-17,1.621917808219178,C,235.0,0.937145002274793,0.77,1.23,0.89,0.4190731921386719,6.0,52.0,92.05999755859375
NFLX,NFLX,2027-12-17,1.621917808219178,C,236.0,0.9413912931562441,0.31,1.19,0.73,0.41785250122070305,2.0,60.0,92.05999755859375
NFLX,NFLX,2027-12-17,1.621917808219178,C,237.0,0.945619629265765,0.0,1.35,0.94,0.4294490649414063,4.0,18.0,92.05999755859375
NFLX,NFLX,2027-12-17,1.621917808219178,C,238.0,0.9498301618021086,0.08,1.15,0.73,0.41797457031249996,4.0,10.0,92.05999755859375
NFLX,NFLX,2027-12-17,1.621917808219178,C,239.0,0.9540230400621446,0.76,1.19,0.88,0.42200285034179685,7.0,359.0,92.05999755859375
NFLX,NFLX,2027-12-17,1.621917808219178,C,240.0,0.9581984114726252,0.74,1.13,0.84,0.4193173303222656,11.0,386.0,92.05999755859375
NFLX,NFLX,2027-12-17,1.621917808219178,C,241.0,0.9623564216212889,0.73,2.93,0.84,0.512578116455078,4.0,16.0,92.05999755859375
NFLX,NFLX,2027-12-17,1.621917808219178,C,242.0,0.9664972142873203,0.75,1.3,0.92,0.4331111376953125,4.0,46.0,92.05999755859375
NFLX,NFLX,2027-12-17,1.621917808219178,C,243.0,0.9706209314711824,0.0,1.21,0.75,0.428716650390625,2.0,70.0,92.05999755859375
NFLX,NFLX,2027-12-17,1.621917808219178,C,244.0,0.9747277134238358,0.0,2.08,0.69,0.4788870471191406,2.0,349.0,92.05999755859375
NFLX,NFLX,2027-12-17,1.621917808219178,C,245.0,0.978817698675361,0.5,1.08,0.74,0.42249112670898437,1.0,1467.0,92.05999755859375
NFLX,NFLX,2027-12-17,1.621917808219178,C,246.0,0.9828910240629968,0.18,1.15,0.67,0.428716650390625,5.0,617.0,92.05999755859375
NFLX,NFLX,2027-12-17,1.621917808219178,C,247.0,0.9869478247586112,0.18,1.04,0.7,0.4222469885253906,2.0,94.0,92.05999755859375
NFLX,NFLX,2027-12-17,1.621917808219178,C,248.0,0.9909882342956161,0.66,1.01,0.72,0.42139250488281255,7.0,524.0,92.05999755859375
NFLX,NFLX,2027-12-17,1.621917808219178,C,250.0,0.9990204059928804,0.65,1.43,0.83,0.4519097778320313,4.0,1359.0,92.05999755859375
NFLX,NFLX,2027-12-17,1.621917808219178,C,252.0,1.0069885756420573,0.01,0.97,0.65,0.4233456103515625,3.0,16.0,92.05999755859375
NFLX,NFLX,2027-12-17,1.621917808219178,C,254.0,1.0148937551491706,0.0,1.15,0.64,0.43897045410156255,2.0,44.0,92.05999755859375
NFLX,NFLX,2027-12-17,1.621917808219178,C,256.0,1.0227369326101963,0.0,1.73,0.79,0.4769339416503906,4.0,800.0,92.05999755859375
NFLX,NFLX,2027-12-17,1.621917808219178,C,257.0,1.0266355730258536,0.0,2.85,0.66,0.5319260675048829,12.0,9.0,92.05999755859375
NFLX,NFLX,2027-12-17,1.621917808219178,C,258.0,1.0305190730522513,0.0,1.33,0.62,0.4558159887695313,8.0,79.0,92.05999755859375
NFLX,NFLX,2027-12-17,1.621917808219178,C,259.0,1.0343875498301718,0.0,1.1,0.59,0.44165597412109375,2.0,22.0,92.05999755859375
NFLX,NFLX,2027-12-17,1.621917808219178,C,260.0,1.0382411191461616,0.05,0.89,0.69,0.426885614013672,6.0,244.0,92.05999755859375
NFLX,NFLX,2027-12-17,1.621917808219178,C,261.0,1.0420798954533275,0.01,0.88,0.6,0.4272518212890626,4.0,47.0,92.05999755859375
NFLX,NFLX,2027-12-17,1.621917808219178,C,262.0,1.0459039918917308,0.05,0.86,0.57,0.42676354492187507,2.0,36.0,92.05999755859375
NFLX,NFLX,2027-12-17,1.621917808219178,C,263.0,1.0497135203083985,0.0,1.65,0.56,0.481450498046875,2.0,115.0,92.05999755859375
NFLX,NFLX,2027-12-17,1.621917808219178,C,264.0,1.0535085912769502,0.04,0.84,0.71,0.4274959594726563,8.0,715.0,92.05999755859375
NFLX,NFLX,2027-12-17,1.621917808219178,C,265.0,1.0572893141168562,0.01,1.24,0.56,0.4585015087890626,8.0,856.0,92.05999755859375
NFLX,NFLX,2027-12-17,1.621917808219178,C,266.0,1.061055796912333,0.49,0.66,0.48,0.4133359448242187,16.0,4082.0,92.05999755859375
NFLX,NFLX,2027-12-17,1.621917808219178,C,1740.0,2.9391998803392085,85.25,94.05,83.85,4.243168758544922,2.0,5.0,92.05999755859375
NFLX,NFLX,2027-12-17,1.621917808219178,C,1750.0,2.944930555048194,84.0,94.0,82.5,4.115239230957031,1.0,170.0,92.05999755859375
NFLX,NFLX,2027-12-17,1.621917808219178,C,1760.0,2.9506285761628317,82.35,92.0,79.05,3.85156287109375,2.0,19.0,92.05999755859375
NFLX,NFLX,2027-12-17,1.621917808219178,C,1780.0,2.961928131416765,81.0,88.35,79.25,3.605591806335449,2.0,32.0,92.05999755859375
NFLX,NFLX,2027-12-17,1.621917808219178,C,1800.0,2.97310143201489,78.0,87.0,83.58,3.444581466674805,32.0,511.0,92.05999755859375
NFLX,NFLX,2027-12-17,1.621917808219178,C,1820.0,2.984151268201475,75.05,83.05,73.0,3.241823184509277,8.0,14.0,92.05999755859375
NFLX,NFLX,2027-12-17,1.621917808219178,C,1840.0,2.9950803387336653,72.0,81.0,67.05,3.119264897155761,1.0,20.0,92.05999755859375
NFLX,NFLX,2027-12-17,1.621917808219178,C,1850.0,3.0005004062030043,70.7,80.0,93.75,3.069338264160156,,10.0,92.05999755859375
NFLX,NFLX,2027-12-17,1.621917808219178,C,1860.0,3.005891254837881,69.5,79.0,84.75,3.024172361450195,2.0,18.0,92.05999755859375
NFLX,NFLX,2027-12-17,1.621917808219178,C,1880.0,3.016586543954629,67.2,74.35,63.57,2.892763998565674,2.0,2.0,92.05999755859375
NFLX,NFLX,2027-12-17,1.621917808219178,C,1900.0,3.0271686532851656,65.0,74.0,64.56,2.85040570602417,3.0,28.0,92.05999755859375
NFLX,NFLX,2027-12-17,1.621917808219178,C,1920.0,3.037639953152461,63.45,71.2,76.15,2.7801544168090824,2.0,18.0,92.05999755859375
NFLX,NFLX,2027-12-17,1.621917808219178,C,1950.0,3.0531441396884262,60.45,69.0,58.59,2.702762032165527,4.0,6.0,92.05999755859375
NFLX,NFLX,2027-12-17,1.621917808219178,C,2000.0,3.078461947672716,55.75,63.95,62.0,2.5695836541748047,102.0,54.0,92.05999755859375
NFLX,NFLX,2027-12-17,1.621917808219178,C,2010.0,3.0834494891837556,54.9,61.3,60.9,2.5239905064392083,3.0,11.0,92.05999755859375
NFLX,NFLX,2027-12-17,1.621917808219178,C,2020.0,3.0884122785258845,54.0,61.25,57.5,2.5128821357727045,1.0,13.0,92.05999755859375
NFLX,NFLX,2027-12-17,1.621917808219178,C,2030.0,3.093350560166467,66.75,75.45,92.25,2.92474634048462,,1.0,92.05999755859375
NFLX,NFLX,2027-12-17,1.621917808219178,C,2040.0,3.098264574968896,66.45,72.0,85.35,2.8596830265808104,,5.0,92.05999755859375
NFLX,NFLX,2027-12-17,1.621917808219178,C,2050.0,3.103154560263088,51.05,59.05,74.8,2.450870572052002,1.0,7.0,92.05999755859375
NFLX,NFLX,2027-12-17,1.621917808219178,C,2060.0,3.1080207499142607,50.15,57.8,67.15,2.4254189755249023,1.0,12.0,92.05999755859375
NFLX,NFLX,2027-12-17,1.621917808219178,C,2070.0,3.1128633743900487,49.2,57.7,46.71,2.41379180732727,140.0,64.0,92.05999755859375
NFLX,NFLX,2027-12-17,1.621917808219178,C,2080.0,3.1176826608259978,48.5,56.85,43.75,2.396183208770752,1.0,6.0,92.05999755859375
NFLX,NFLX,2027-12-17,1.621917808219178,C,2100.0,3.1272521118421484,47.5,54.35,51.01,2.3567545964050285,1.0,121.0,92.05999755859375
NFLX,NFLX,2027-12-17,1.621917808219178,C,2110.0,3.132002714600746,0.0,0.0,61.0,0.500005,2.0,0.0,92.05999755859375
NFLX,NFLX,2027-12-17,1.621917808219178,C,2150.0,3.1507826092523423,43.4,51.25,58.25,2.279362211761474,2.0,8.0,92.05999755859375
NFLX,NFLX,2027-12-17,1.621917808219178,C,2160.0,3.1554229888088448,43.0,50.5,37.47,2.2675519385528564,20.0,12.0,92.05999755859375
NFLX,NFLX,2027-12-17,1.621917808219178,C,2170.0,3.160041934665139,42.0,49.8,36.62,2.249577129974365,14.0,11.0,92.05999755859375
NFLX,NFLX,2027-12-17,1.621917808219178,C,2180.0,3.1646396439137687,41.35,49.1,47.98,2.235630631637573,1.0,9.0,92.05999755859375
NFLX,NFLX,2027-12-17,1.621917808219178,C,2190.0,3.1692163109411804,40.7,48.4,35.42,2.221806203308105,2.0,2.0,92.05999755859375
NFLX,NFLX,2027-12-17,1.621917808219178,C,2200.0,3.173772127477041,40.2,47.45,36.1,2.2069136624145504,2.0,21.0,92.05999755859375
NFLX,NFLX,2027-12-17,1.621917808219178,C,2210.0,3.1783072826424323,48.95,55.05,61.35,2.3963968312835693,1.0,3.0,92.05999755859375
NFLX,NFLX,2027-12-17,1.621917808219178,C,2220.0,3.182821962996959,0.0,0.0,47.83,0.500005,3.0,0.0,92.05999755859375
NFLX,NFLX,2027-12-17,1.621917808219178,C,2230.0,3.1873163525847983,0.0,0.0,87.15,0.500005,1.0,0.0,92.05999755859375
NFLX,NFLX,2027-12-17,1.621917808219178,C,2240.0,3.1917906329797194,37.6,45.05,53.1,2.156803924407959,,1.0,92.05999755859375
NFLX,NFLX,2027-12-17,1.621917808219178,C,2250.0,3.1962449833291,37.35,42.9,36.18,2.1319016429138182,1.0,602.0,92.05999755859375
NFLX,NFLX,2027-12-17,1.621917808219178,C,2260.0,3.2006795803969657,36.45,43.8,38.06,2.1331223429870603,4.0,2.0,92.05999755859375
NFLX,NFLX,2027-12-17,1.621917808219178,C,2270.0,3.2050945986060824,44.45,49.95,79.9,2.29138610748291,5.0,0.0,92.05999755859375
NFLX,NFLX,2027-12-17,1.621917808219178,C,2280.0,3.2094902100791205,43.5,49.15,59.68,2.2727093963623046,2.0,2.0,92.05999755859375
NFLX,NFLX,2027-12-17,1.621917808219178,C,2290.0,3.2138665846789194,35.1,41.95,31.05,2.1021165611267083,118.0,53.0,92.05999755859375
NFLX,NFLX,2027-12-17,1.621917808219178,C,2300.0,3.218223890047875,34.25,41.4,36.0,2.0882616152954094,1.0,184.0,92.05999755859375
NFLX,NFLX,2027-12-17,1.621917808219178,C,2310.0,3.222562291646473,42.4,46.85,74.85,2.2380415142822265,5.0,0.0,92.05999755859375
NFLX,NFLX,2027-12-17,1.621917808219178,C,2320.0,3.2268819527909898,41.1,46.15,73.75,2.216984438018798,1.0,6.0,92.05999755859375
NFLX,NFLX,2027-12-17,1.621917808219178,C,2330.0,3.23118303469038,40.45,45.35,72.65,2.2021529321289055,,1.0,92.05999755859375
NFLX,NFLX,2027-12-17,1.621917808219178,C,2350.0,3.239730095268839,31.7,38.55,27.2,2.036259792175293,,5.0,92.05999755859375
NFLX,NFLX,2027-12-17,1.621917808219178,C,2360.0,3.24397638615029,31.2,38.05,42.35,2.0267383316040037,,6.0,92.05999755859375
NFLX,NFLX,2027-12-17,1.621917808219178,C,2370.0,3.248204722259811,31.05,37.5,28.37,2.0204212087249758,,1.0,92.05999755859375
NFLX,NFLX,2027-12-17,1.621917808219178,C,2390.0,3.2566081330561905,29.8,36.5,25.93,1.9987182681274414,2.0,36.0,92.05999755859375
NFLX,NFLX,2027-12-17,1.621917808219178,C,2400.0,3.260783504466671,29.35,36.0,27.75,1.9897156275939942,1.0,7.0,92.05999755859375
NFLX,NFLX,2027-12-17,1.621917808219178,C,2410.0,3.2649415146153347,28.9,35.5,40.62,1.980712987060547,,1.0,92.05999755859375
NFLX,NFLX,2027-12-17,1.621917808219178,C,2420.0,3.269082307281366,28.45,35.0,26.1,1.9716798291015625,2.0,1.0,92.05999755859375
NFLX,NFLX,2027-12-17,1.621917808219178,C,2430.0,3.273206024465228,28.0,34.55,26.65,1.9631959848022458,10.0,7.0,92.05999755859375
NFLX,NFLX,2027-12-17,1.621917808219178,C,2440.0,3.2773128064178816,27.9,34.05,30.67,1.957885952758789,4.0,35.0,92.05999755859375
NFLX,NFLX,2027-12-17,1.621917808219178,C,2450.0,3.2814027916694064,27.15,33.6,27.45,1.9461672613525394,1.0,10.0,92.05999755859375
NFLX,NFLX,2027-12-17,1.621917808219178,C,2460.0,3.2854761170570423,27.05,33.15,24.69,1.9414065429687501,10.0,53.0,92.05999755859375
NFLX,NFLX,2027-12-17,1.621917808219178,C,2470.0,3.289532917752657,26.35,32.7,26.7,1.9301761303710938,2.0,9.0,92.05999755859375
NFLX,NFLX,2027-12-17,1.621917808219178,C,2480.0,3.293573327289662,25.95,32.25,26.5,1.9221195300292968,1.0,34.0,92.05999755859375
NFLX,NFLX,2027-12-17,1.621917808219178,C,2500.0,3.301605498986926,25.15,31.4,28.43,1.9065556430053712,1.0,9.0,92.05999755859375
NFLX,NFLX,2027-12-17,1.621917808219178,C,2520.0,3.309573668636103,28.95,33.6,74.86,1.9730836306762698,1.0,1.0,92.05999755859375
NFLX,NFLX,2027-12-17,1.621917808219178,C,2540.0,3.3174788481432165,0.0,0.0,32.0,0.500005,1.0,4.0,92.05999755859375
NFLX,NFLX,2027-12-17,1.621917808219178,C,2560.0,3.325322025604242,23.4,29.0,26.23,1.8680426519775393,1.0,72.0,92.05999755859375
NFLX,NFLX,2027-12-17,1.621917808219178,C,2570.0,3.3292206660198995,23.05,28.6,25.91,1.8609015744018556,1.0,1.0,92.05999755859375
NFLX,NFLX,2027-12-17,1.621917808219178,C,2580.0,3.3331041660462972,23.85,27.65,28.62,1.8602912258911135,2.0,6.0,92.05999755859375
NFLX,NFLX,2027-12-17,1.621917808219178,C,2590.0,3.3369726428242172,22.3,27.9,28.08,1.847107698059082,,1.0,92.05999755859375
NFLX,NFLX,2027-12-17,1.621917808219178,C,2600.0,3.3408262121402075,21.9,27.55,27.64,1.8399055856323239,2.0,22.0,92.05999755859375
NFLX,NFLX,2027-12-17,1.621917808219178,C,2610.0,3.344664988447373,21.75,27.15,19.6,1.8348702104187007,1.0,1.0,92.05999755859375
NFLX,NFLX,2027-12-17,1.621917808219178,C,2620.0,3.3484890848857765,21.6,26.55,24.17,1.8276070631408692,1.0,1.0,92.05999755859375
NFLX,NFLX,2027-12-17,1.621917808219178,C,2630.0,3.352298613302444,21.3,26.2,23.84,1.821412025756836,1.0,9.0,92.05999755859375
NFLX,NFLX,2027-12-17,1.621917808219178,C,2640.0,3.356093684270996,21.8,25.3,26.2,1.8179940740966798,1.0,70.0,92.05999755859375
NFLX,NFLX,2027-12-17,1.621917808219178,C,2650.0,3.359874407110902,20.5,25.8,23.92,1.8101205783081054,2.0,71.0,92.05999755859375
NFLX,NFLX,2027-12-17,1.621917808219178,C,2660.0,3.3636408899063786,20.2,25.5,23.0,1.8044138197326658,10.0,330.0,92.05999755859375
NFLX,NFLX,2027-12-17,1.621917808219178,P,0.5,-5.215587692429311,0.0,0.04,0.01,1.65625171875,1.0,14334.0,92.05999755859375
NFLX,NFLX,2027-12-17,1.621917808219178,P,4.0,-3.1361461507494757,0.0,5.0,0.21,2.5234411914062496,2.0,2.0,92.05999755859375
NFLX,NFLX,2027-12-17,1.621917808219178,P,5.0,-2.9130025994352655,0.0,5.0,0.1,2.183598291015625,200.0,111.0,92.05999755859375
NFLX,NFLX,2027-12-17,1.621917808219178,P,8.0,-2.4429989701895303,0.0,0.0,0.05,0.500005,,0.0,92.05999755859375
NFLX,NFLX,2027-12-17,1.621917808219178,P,9.0,-2.325215934533147,0.0,0.33,0.06,0.8554701953125,,510.0,92.05999755859375
NFLX,NFLX,2027-12-17,1.621917808219178,P,10.0,-2.2198554188753206,0.0,0.49,0.05,0.8652357226562499,1.0,151.0,92.05999755859375
NFLX,NFLX,2027-12-17,1.621917808219178,P,11.0,-2.1245452390709954,0.0,0.34,0.1,0.7812521875,,30.0,92.05999755859375
NFLX,NFLX,2027-12-17,1.621917808219178,P,12.0,-2.0375338620813657,0.0,1.63,0.1,0.9897461962890625,1.0,12.0,92.05999755859375
NFLX,NFLX,2027-12-17,1.621917808219178,P,13.0,-1.9574911544078293,0.02,1.83,0.2,0.975586181640625,2.0,43.0,92.05999755859375
NFLX,NFLX,2027-12-17,1.621917808219178,P,14.0,-1.8833831822541074,0.0,1.63,0.15,0.911133701171875,1.0,32.0,92.05999755859375
NFLX,NFLX,2027-12-17,1.621917808219178,P,15.0,-1.814390310767156,0.0,0.0,0.08,0.2500075,84.0,0.0,92.05999755859375
NFLX,NFLX,2027-12-17,1.621917808219178,P,16.0,-1.7498517896295849,0.0,0.44,0.71,0.6660189648437502,10.0,0.0,92.05999755859375
NFLX,NFLX,2027-12-17,1.621917808219178,P,17.0,-1.68922716781315,0.0,0.32,0.72,0.6132851171875001,10.0,10.0,92.05999755859375
NFLX,NFLX,2027-12-17,1.621917808219178,P,18.0,-1.6320687539732015,0.0,0.54,0.18,0.641605146484375,2.0,122.0,92.05999755859375
NFLX,NFLX,2027-12-17,1.621917808219178,P,19.0,-1.5780015327029255,0.04,0.52,0.33,0.6245154736328126,,1.0,92.05999755859375
NFLX,NFLX,2027-12-17,1.621917808219178,P,20.0,-1.5267082383153752,0.0,0.71,0.3,0.6289099609375001,2.0,917.0,92.05999755859375
NFLX,NFLX,2027-12-17,1.621917808219178,P,21.0,-1.477918074145943,0.0,0.0,0.27,0.2500075,4.0,0.0,92.05999755859375
NFLX,NFLX,2027-12-17,1.621917808219178,P,22.0,-1.4313980585110502,0.0,0.0,0.31,0.2500075,10.0,0.0,92.05999755859375
NFLX,NFLX,2027-12-17,1.621917808219178,P,23.0,-1.3869462959402163,0.12,0.5,0.15,0.5600629931640625,5.0,208.0,92.05999755859375
NFLX,NFLX,2027-12-17,1.621917808219178,P,24.0,-1.3443866815214205,0.01,0.61,0.17,0.5434615966796876,2.0,76.0,92.05999755859375
NFLX,NFLX,2027-12-17,1.621917808219178,P,25.0,-1.3035646870011652,0.0,0.82,0.21,0.5537154003906251,20.0,61.0,92.05999755859375
NFLX,NFLX,2027-12-17,1.621917808219178,P,26.0,-1.264343973847884,0.0,0.0,0.63,0.2500075,12.0,0.0,92.05999755859375
NFLX,NFLX,2027-12-17,1.621917808219178,P,27.0,-1.226603645865037,0.0,0.0,0.65,0.2500075,16.0,0.0,92.05999755859375
NFLX,NFLX,2027-12-17,1.621917808219178,P,28.0,-1.1902360016941622,0.0,0.0,0.64,0.2500075,2.0,0.0,92.05999755859375
NFLX,NFLX,2027-12-17,1.621917808219178,P,29.0,-1.1551446818828919,0.0,0.0,0.74,0.2500075,22.0,0.0,92.05999755859375
NFLX,NFLX,2027-12-17,1.621917808219178,P,30.0,-1.1212431302072108,0.03,1.3,0.5,0.526371923828125,10.0,1727.0,92.05999755859375
NFLX,NFLX,2027-12-17,1.621917808219178,P,31.0,-1.0884533073842197,0.0,0.0,0.8,0.12500875,20.0,0.0,92.05999755859375
NFLX,NFLX,2027-12-17,1.621917808219178,P,32.0,-1.0567046090696395,0.0,0.0,1.12,0.12500875,6.0,0.0,92.05999755859375
NFLX,NFLX,2027-12-17,1.621917808219178,P,33.0,-1.0259329504028858,0.0,0.0,1.05,0.12500875,10.0,0.0,92.05999755859375
NFLX,NFLX,2027-12-17,1.621917808219178,P,34.0,-0.9960799872532047,0.0,2.81,0.6,0.5587202331542969,3.0,1747.0,92.05999755859375
NFLX,NFLX,2027-12-17,1.621917808219178,P,35.0,-0.9670924503799524,0.0,1.39,0.8,0.5427291821289064,4.0,576.0,92.05999755859375
NFLX,NFLX,2027-12-17,1.621917808219178,P,36.0,-0.9389215734132561,0.0,1.45,0.72,0.5343064147949219,10.0,930.0,92.05999755859375
NFLX,NFLX,2027-12-17,1.621917808219178,P,37.0,-0.9115225992251416,0.0,0.0,1.7,0.12500875,8.0,0.0,92.05999755859375
NFLX,NFLX,2027-12-17,1.621917808219178,P,38.0,-0.8848543521429804,0.0,0.0,1.66,0.12500875,2.0,0.0,92.05999755859375
NFLX,NFLX,2027-12-17,1.621917808219178,P,39.0,-0.8588788657397196,0.0,0.0,1.8,0.12500875,8.0,0.0,92.05999755859375
NFLX,NFLX,2027-12-17,1.621917808219178,P,40.0,-0.8335610577554298,0.0,2.5,1.14,0.56055126953125,6.0,796.0,92.05999755859375
NFLX,NFLX,2027-12-17,1.621917808219178,P,42.0,-0.7847708935859978,0.0,1.64,1.11,0.4720511779785156,10.0,177.0,92.05999755859375
NFLX,NFLX,2027-12-17,1.621917808219178,P,44.0,-0.7382508779511049,0.0,3.1,2.56,0.5423629748535157,1.0,120.0,92.05999755859375
NFLX,NFLX,2027-12-17,1.621917808219178,P,45.0,-0.7157780220990463,0.05,3.25,0.85,0.5373581420898439,1.0,6.0,92.05999755859375
NFLX,NFLX,2027-12-17,1.621917808219178,P,46.0,-0.6937991153802711,0.13,2.29,0.91,0.4683891052246094,2.0,243.0,92.05999755859375
NFLX,NFLX,2027-12-17,1.621917808219178,P,47.0,-0.6722929101593076,0.01,3.4,0.99,0.5189257092285156,1.0,465.0,92.05999755859375
NFLX,NFLX,2027-12-17,1.621917808219178,P,48.0,-0.6512395009614752,0.02,1.54,2.2,0.3967345483398438,2.0,353.0,92.05999755859375
NFLX,NFLX,2027-12-17,1.621917808219178,P,49.0,-0.6306202137587394,0.42,2.32,2.27,0.4351863122558594,1.0,529.0,92.05999755859375
NFLX,NFLX,2027-12-17,1.621917808219178,P,50.0,-0.61041750644122,0.63,2.66,1.9,0.44275459594726563,4.0,732.0,92.05999755859375
NFLX,NFLX,2027-12-17,1.621917808219178,P,52.0,-0.5711967932879387,1.6,2.43,2.02,0.40808697387695314,12.0,999.0,92.05999755859375
NFLX,NFLX,2027-12-17,1.621917808219178,P,54.0,-0.5334564653050916,0.0,0.0,3.2,0.062509375,2.0,0.0,92.05999755859375
NFLX,NFLX,2027-12-17,1.621917808219178,P,55.0,-0.5151073266368951,1.93,3.35,2.08,0.4205380212402344,5.0,22.0,92.05999755859375
NFLX,NFLX,2027-12-17,1.621917808219178,P,56.0,-0.4970888211342169,1.03,4.05,2.93,0.4398249377441406,1.0,879.0,92.05999755859375
NFLX,NFLX,2027-12-17,1.621917808219178,P,58.0,-0.46199750132294665,0.54,3.7,3.3,0.4028380029296875,1.0,1068.0,92.05999755859375
NFLX,NFLX,2027-12-17,1.621917808219178,P,60.0,-0.42809594964726544,2.76,3.85,3.75,0.3874572973632812,8.0,637.0,92.05999755859375
NFLX,NFLX,2027-12-17,1.621917808219178,P,62.0,-0.39530612682427446,2.69,4.3,3.95,0.38349005187988283,30.0,275.0,92.05999755859375
NFLX,NFLX,2027-12-17,1.621917808219178,P,64.0,-0.36355742850969425,2.37,5.75,3.71,0.4126645648193359,2.0,840.0,92.05999755859375
NFLX,NFLX,2027-12-17,1.621917808219178,P,65.0,-0.34805324197372894,2.55,5.9,4.63,0.40643904113769536,1.0,400.0,92.05999755859375
NFLX,NFLX,2027-12-17,1.621917808219178,P,66.0,-0.33278576984294045,4.25,6.1,4.85,0.40180041564941404,2.0,406.0,92.05999755859375
NFLX,NFLX,2027-12-17,1.621917808219178,P,68.0,-0.3029328066932594,3.9,5.75,5.3,0.3687807263183594,10.0,326.0,92.05999755859375
NFLX,NFLX,2027-12-17,1.621917808219178,P,70.0,-0.27394526982000705,3.75,6.3,6.07,0.36414210083007814,1.0,2723.0,92.05999755859375
NFLX,NFLX,2027-12-17,1.621917808219178,P,72.0,-0.2457743928533108,5.85,6.9,6.86,0.3600527862548828,1.0,936.0,92.05999755859375
NFLX,NFLX,2027-12-17,1.621917808219178,P,74.0,-0.21837541866519627,6.3,7.6,6.8,0.3577945080566406,3.0,1147.0,92.05999755859375
NFLX,NFLX,2027-12-17,1.621917808219178,P,75.0,-0.20495239833305556,5.0,7.55,7.3,0.3454655297851562,107.0,1335.0,92.05999755859375
NFLX,NFLX,2027-12-17,1.621917808219178,P,76.0,-0.19170717158303502,6.8,8.2,7.16,0.3518741571044921,1.0,1378.0,92.05999755859375
NFLX,NFLX,2027-12-17,1.621917808219178,P,78.0,-0.1657316851797743,6.9,9.7,8.71,0.36807882904052736,1.0,1060.0,92.05999755859375
NFLX,NFLX,2027-12-17,1.621917808219178,P,80.0,-0.14041387719548448,8.0,11.2,9.24,0.3821778091430663,15.0,2301.0,92.05999755859375
NFLX,NFLX,2027-12-17,1.621917808219178,P,82.0,-0.11572126460511292,7.5,10.5,10.17,0.34180345703125,5.0,1380.0,92.05999755859375
NFLX,NFLX,2027-12-17,1.621917808219178,P,84.0,-0.09162371302605248,9.85,12.0,10.5,0.35388829711914055,1.0,1049.0,92.05999755859375
NFLX,NFLX,2027-12-17,1.621917808219178,P,85.0,-0.07978925537904961,9.55,11.9,10.22,0.3396672479248046,1.0,1907.0,92.05999755859375
NFLX,NFLX,2027-12-17,1.621917808219178,P,86.0,-0.06809321561585831,10.1,13.05,8.55,0.3541324353027343,2.0,1124.0,92.05999755859375
NFLX,NFLX,2027-12-17,1.621917808219178,P,88.0,-0.045103697391159624,11.0,13.45,13.9,0.33884328155517573,2.0,635.0,92.05999755859375
NFLX,NFLX,2027-12-17,1.621917808219178,P,90.0,-0.022630841539100974,12.3,14.15,12.88,0.3297796514892578,2.0,3162.0,92.05999755859375
NFLX,NFLX,2027-12-17,1.621917808219178,P,92.0,-0.0006519348203257871,12.5,15.2,13.85,0.3277349942016602,4.0,810.0,92.05999755859375
NFLX,NFLX,2027-12-17,1.621917808219178,P,94.0,0.020854270400637746,13.9,16.75,14.82,0.33563896789550784,3.0,399.0,92.05999755859375
NFLX,NFLX,2027-12-17,1.621917808219178,P,95.0,0.03143637973117471,14.15,17.3,15.79,0.3343877597045898,2.0,515.0,92.05999755859375
NFLX,NFLX,2027-12-17,1.621917808219178,P,96.0,0.041907679598470145,15.5,17.6,16.3,0.32758240783691406,221.0,1420.0,92.05999755859375
NFLX,NFLX,2027-12-17,1.621917808219178,P,98.0,0.06252696680120587,15.0,19.85,17.33,0.34873087799072267,8.0,469.0,92.05999755859375
NFLX,NFLX,2027-12-17,1.621917808219178,P,100.0,0.08272967411872538,16.5,20.0,18.0,0.3241949905395507,5.0,2097.0,92.05999755859375
NFLX,NFLX,2027-12-17,1.621917808219178,P,102.0,0.10253230141490513,17.5,21.85,19.66,0.33521172607421873,211.0,396.0,92.05999755859375
NFLX,NFLX,2027-12-17,1.621917808219178,P,104.0,0.12195038727200656,19.5,22.35,20.98,0.3166877413940429,101.0,399.0,92.05999755859375
NFLX,NFLX,2027-12-17,1.621917808219178,P,105.0,0.1315198382881573,20.05,24.5,21.01,0.3478458770751953,2.0,44.0,92.05999755859375
NFLX,NFLX,2027-12-17,1.621917808219178,P,106.0,0.1409985822427011,20.0,25.0,23.67,0.3435429415893554,500.0,298.0,92.05999755859375
NFLX,NFLX,2027-12-17,1.621917808219178,P,108.0,0.1596907152548537,21.5,26.0,23.4,0.3343572424316406,2.0,971.0,92.05999755859375
NFLX,NFLX,2027-12-17,1.621917808219178,P,110.0,0.17803985392305027,22.5,27.5,25.66,0.3352727606201171,201.0,1529.0,92.05999755859375
NFLX,NFLX,2027-12-17,1.621917808219178,P,112.0,0.19605835942572844,24.0,29.0,26.84,0.33563896789550784,3.0,412.0,92.05999755859375
NFLX,NFLX,2027-12-17,1.621917808219178,P,114.0,0.21375793652512942,25.5,30.45,30.95,0.334265690612793,10.0,408.0,92.05999755859375
NFLX,NFLX,2027-12-17,1.621917808219178,P,115.0,0.22249161649388405,26.3,31.0,25.32,0.3294439614868163,2.0,153.0,92.05999755859375
NFLX,NFLX,2027-12-17,1.621917808219178,P,116.0,0.23114967923699864,23.5,28.5,29.57,0.2523268127441406,34.0,566.0,92.05999755859375
NFLX,NFLX,2027-12-17,1.621917808219178,P,118.0,0.2482441125962988,25.0,29.5,29.9,0.2357254162597656,15.0,168.0,92.05999755859375
NFLX,NFLX,2027-12-17,1.621917808219178,P,120.0,0.2650512309126799,30.0,34.5,32.78,0.3194648132324218,200.0,2229.0,92.05999755859375
NFLX,NFLX,2027-12-17,1.621917808219178,P,122.0,0.2815805328638905,31.5,36.45,24.07,0.32739930419921875,30.0,809.0,92.05999755859375
NFLX,NFLX,2027-12-17,1.621917808219178,P,124.0,0.2978410537356708,34.1,37.5,29.55,0.3131172204589844,25.0,1076.0,92.05999755859375
NFLX,NFLX,2027-12-17,1.621917808219178,P,125.0,0.3058732254329351,33.5,38.5,35.15,0.317389638671875,5.0,156.0,92.05999755859375
NFLX,NFLX,2027-12-17,1.621917808219178,P,128.0,0.3295897520502511,36.6,41.0,38.5,0.31702343139648437,20.0,560.0,92.05999755859375
NFLX,NFLX,2027-12-17,1.621917808219178,P,130.0,0.34509393858621634,38.0,42.5,39.35,0.3117134259033203,5.0,1650.0,92.05999755859375
NFLX,NFLX,2027-12-17,1.621917808219178,P,132.0,0.36036141071700484,39.5,44.5,38.3,0.31928170959472646,5.0,383.0,92.05999755859375
NFLX,NFLX,2027-12-17,1.621917808219178,P,134.0,0.3753992880815454,41.0,46.0,39.6,0.31284256500244134,5.0,655.0,92.05999755859375
NFLX,NFLX,2027-12-17,1.621917808219178,P,135.0,0.38283426656906333,42.45,47.0,33.3,0.31641308593749995,20.0,24.0,92.05999755859375
NFLX,NFLX,2027-12-17,1.621917808219178,P,142.0,0.4333865457318947,48.6,53.0,44.0,0.30976032043457036,5.0,244.0,92.05999755859375
NFLX,NFLX,2027-12-17,1.621917808219178,P,146.0,0.4611661098389704,52.0,57.0,45.25,0.3220282641601562,5.0,3.0,92.05999755859375
NFLX,NFLX,2027-12-17,1.621917808219178,P,152.0,0.5014400089769103,57.5,62.5,58.79,0.32227240234374993,5.0,4.0,92.05999755859375
NFLX,NFLX,2027-12-17,1.621917808219178,P,154.0,0.5145120905442631,59.5,64.5,51.5,0.32776551147460936,5.0,3.0,92.05999755859375
NFLX,NFLX,2027-12-17,1.621917808219178,P,155.0,0.5209846050498805,60.5,65.5,52.25,0.33045103149414057,5.0,0.0,92.05999755859375
NFLX,NFLX,2027-12-17,1.621917808219178,P,156.0,0.527415495380171,61.5,66.5,50.1,0.3330755169677735,5.0,0.0,92.05999755859375
NFLX,NFLX,2027-12-17,1.621917808219178,P,158.0,0.5401545211576008,63.5,68.5,60.5,0.338324487915039,5.0,0.0,92.05999755859375
NFLX,NFLX,2027-12-17,1.621917808219178,P,164.0,0.5774259159548324,73.5,78.5,70.47,0.47485876708984376,60.0,0.0,92.05999755859375
NFLX,NFLX,2027-12-17,1.621917808219178,P,166.0,0.5895472764871772,75.5,80.5,66.95,0.4803518762207031,10.0,0.0,92.05999755859375
NFLX,NFLX,2027-12-17,1.621917808219178,P,174.0,0.636614787345163,80.5,85.5,61.25,0.4127866339111328,,0.0,92.05999755859375
NFLX,NFLX,2027-12-17,1.621917808219178,P,202.0,0.7858271855318388,108.5,114.0,93.0,0.489384989013672,,0.0,92.05999755859375
NFLX,NFLX,2027-12-17,1.621917808219178,P,210.0,0.8246670188481026,130.5,135.5,119.92,0.7891256439208985,2.0,0.0,92.05999755859375
NFLX,NFLX,2027-12-17,1.621917808219178,P,220.0,0.8711870344829956,127.0,132.0,116.0,0.5224657128906249,10.0,0.0,92.05999755859375
NFLX,NFLX,2027-12-17,1.621917808219178,P,266.0,1.061055796912333,172.5,177.5,155.0,0.5743450769042968,,0.0,92.05999755859375
NFLX,NFLX,2028-12-15,2.6191780821917807,C,5.0,-2.9130025994352655,86.0,91.0,90.56,1.3857452587890622,1.0,123.0,92.05999755859375
NFLX,NFLX,2028-12-15,2.6191780821917807,C,10.0,-2.2198554188753206,82.75,86.5,84.72,1.1726115588378905,1.0,30.0,92.05999755859375
NFLX,NFLX,2028-12-15,2.6191780821917807,C,20.0,-1.5267082383153752,72.5,77.5,74.9,0.8085956640624999,4.0,10.0,92.05999755859375
NFLX,NFLX,2028-12-15,2.6191780821917807,C,25.0,-1.3035646870011652,68.5,73.5,70.75,0.7629418237304688,3.0,62.0,92.05999755859375
NFLX,NFLX,2028-12-15,2.6191780821917807,C,30.0,-1.1212431302072108,64.0,69.0,67.35,0.6914093359375001,1.0,72.0,92.05999755859375
NFLX,NFLX,2028-12-15,2.6191780821917807,C,35.0,-0.9670924503799524,60.0,65.0,61.31,0.6549106774902345,1.0,76.0,92.05999755859375
NFLX,NFLX,2028-12-15,2.6191780821917807,C,40.0,-0.8335610577554298,56.0,61.0,58.38,0.619388571777344,2.0,148.0,92.05999755859375
NFLX,NFLX,2028-12-15,2.6191780821917807,C,45.0,-0.7157780220990463,53.85,57.0,54.8,0.6178016735839844,3.0,844.0,92.05999755859375
NFLX,NFLX,2028-12-15,2.6191780821917807,C,50.0,-0.61041750644122,50.0,51.95,53.0,0.5667157586669922,1.0,1360.0,92.05999755859375
NFLX,NFLX,2028-12-15,2.6191780821917807,C,55.0,-0.5151073266368951,46.2,49.75,47.25,0.5611616149902343,1.0,365.0,92.05999755859375
NFLX,NFLX,2028-12-15,2.6191780821917807,C,60.0,-0.42809594964726544,42.5,45.7,44.05,0.5289353747558594,13.0,769.0,92.05999755859375
NFLX,NFLX,2028-12-15,2.6191780821917807,C,65.0,-0.34805324197372894,38.9,42.45,41.05,0.5080005255126954,5.0,946.0,92.05999755859375
NFLX,NFLX,2028-12-15,2.6191780821917807,C,70.0,-0.27394526982000705,37.0,38.95,37.9,0.502080174560547,130.0,1840.0,92.05999755859375
NFLX,NFLX,2028-12-15,2.6191780821917807,C,75.0,-0.20495239833305556,33.0,37.5,35.2,0.5398300411987306,14.0,1369.0,92.05999755859375
NFLX,NFLX,2028-12-15,2.6191780821917807,C,80.0,-0.14041387719548448,31.15,33.5,32.62,0.5003712072753908,6.0,3558.0,92.05999755859375
NFLX,NFLX,2028-12-15,2.6191780821917807,C,85.0,-0.07978925537904961,28.55,30.85,30.04,0.4874013662719727,63.0,1536.0,92.05999755859375
NFLX,NFLX,2028-12-15,2.6191780821917807,C,90.0,-0.022630841539100974,27.6,28.45,27.65,0.47736118347167966,137.0,1444.0,92.05999755859375
NFLX,NFLX,2028-12-15,2.6191780821917807,C,95.0,0.03143637973117471,25.0,26.5,25.75,0.47354652435302735,94.0,1451.0,92.05999755859375
NFLX,NFLX,2028-12-15,2.6191780821917807,C,100.0,0.08272967411872538,23.1,23.8,23.5,0.4546868496704102,134.0,3552.0,92.05999755859375
NFLX,NFLX,2028-12-15,2.6191780821917807,C,105.0,0.1315198382881573,19.95,22.1,21.6,0.4516046051025391,10.0,689.0,92.05999755859375
NFLX,NFLX,2028-12-15,2.6191780821917807,C,110.0,0.17803985392305027,18.25,21.1,19.7,0.4585320260620118,5.0,1078.0,92.05999755859375
NFLX,NFLX,2028-12-15,2.6191780821917807,C,115.0,0.22249161649388405,18.0,19.8,18.0,0.4585930606079103,27.0,611.0,92.05999755859375
NFLX,NFLX,2028-12-15,2.6191780821917807,C,120.0,0.2650512309126799,16.0,18.05,17.87,0.4495294305419921,16.0,1428.0,92.05999755859375
NFLX,NFLX,2028-12-15,2.6191780821917807,C,125.0,0.3058732254329351,14.5,16.85,16.25,0.44824770507812495,2.0,1561.0,92.05999755859375
NFLX,NFLX,2028-12-15,2.6191780821917807,C,130.0,0.34509393858621634,14.0,15.45,14.27,0.44220528503417966,1.0,640.0,92.05999755859375
NFLX,NFLX,2028-12-15,2.6191780821917807,C,135.0,0.38283426656906333,12.35,13.8,13.18,0.4304866522216797,53.0,229.0,92.05999755859375
NFLX,NFLX,2028-12-15,2.6191780821917807,C,140.0,0.4192019107399383,11.3,13.25,12.85,0.43637648590087885,2.0,588.0,92.05999755859375
NFLX,NFLX,2028-12-15,2.6191780821917807,C,145.0,0.45429323055120835,9.6,13.5,11.0,0.4551751260375977,4.0,374.0,92.05999755859375
NFLX,NFLX,2028-12-15,2.6191780821917807,C,150.0,0.4881947822268898,9.1,10.25,10.1,0.41116921844482424,143.0,1668.0,92.05999755859375
NFLX,NFLX,2028-12-15,2.6191780821917807,C,155.0,0.5209846050498805,8.3,10.0,9.89,0.41928681304931636,1.0,245.0,92.05999755859375
NFLX,NFLX,2028-12-15,2.6191780821917807,C,160.0,0.5527333033644608,7.45,10.0,8.27,0.4313411358642578,3.0,341.0,92.05999755859375
NFLX,NFLX,2028-12-15,2.6191780821917807,C,165.0,0.5835049620312146,6.0,10.5,8.13,0.4521233987426758,206.0,244.0,92.05999755859375
NFLX,NFLX,2028-12-15,2.6191780821917807,C,170.0,0.6133579251808957,6.3,9.7,8.07,0.4481866705322265,5.0,156.0,92.05999755859375
NFLX,NFLX,2028-12-15,2.6191780821917807,C,175.0,0.6423454620541481,6.5,8.8,7.25,0.4414118359375,18.0,437.0,92.05999755859375
NFLX,NFLX,2028-12-15,2.6191780821917807,C,180.0,0.6705163390208443,6.3,6.8,6.6,0.41083352844238286,21.0,1960.0,92.05999755859375
NFLX,NFLX,2028-12-15,2.6191780821917807,P,5.0,-2.9130025994352655,0.0,0.09,0.06,0.7226590234375,10.0,22.0,92.05999755859375
NFLX,NFLX,2028-12-15,2.6191780821917807,P,10.0,-2.2198554188753206,0.05,2.57,1.94,0.9589847851562499,21.0,12.0,92.05999755859375
NFLX,NFLX,2028-12-15,2.6191780821917807,P,15.0,-1.814390310767156,0.0,2.65,0.13,0.7722190747070312,1.0,14.0,92.05999755859375
NFLX,NFLX,2028-12-15,2.6191780821917807,P,20.0,-1.5267082383153752,0.01,2.71,0.25,0.6521030883789063,2.0,36.0,92.05999755859375
NFLX,NFLX,2028-12-15,2.6191780821917807,P,25.0,-1.3035646870011652,0.0,0.67,0.46,0.47827670166015623,5.0,69.0,92.05999755859375
NFLX,NFLX,2028-12-15,2.6191780821917807,P,30.0,-1.1212431302072108,0.54,1.09,0.82,0.46094289062500005,2.0,109.0,92.05999755859375
NFLX,NFLX,2028-12-15,2.6191780821917807,P,35.0,-0.9670924503799524,0.0,2.4,1.35,0.49573258178710944,1.0,50.0,92.05999755859375
NFLX,NFLX,2028-12-15,2.6191780821917807,P,40.0,-0.8335610577554298,1.17,2.8,1.62,0.45715874877929696,2.0,71.0,92.05999755859375
NFLX,NFLX,2028-12-15,2.6191780821917807,P,45.0,-0.7157780220990463,1.93,2.85,2.55,0.40515731567382807,1.0,380.0,92.05999755859375
NFLX,NFLX,2028-12-15,2.6191780821917807,P,50.0,-0.61041750644122,3.0,3.6,3.4,0.3866638482666015,55.0,1434.0,92.05999755859375
NFLX,NFLX,2028-12-15,2.6191780821917807,P,55.0,-0.5151073266368951,4.1,4.5,4.3,0.3704896936035156,1.0,172.0,92.05999755859375
NFLX,NFLX,2028-12-15,2.6191780821917807,P,60.0,-0.42809594964726544,5.25,5.55,5.5,0.3557803680419921,11.0,1702.0,92.05999755859375
NFLX,NFLX,2028-12-15,2.6191780821917807,P,65.0,-0.34805324197372894,6.4,7.05,6.65,0.34943277526855465,24.0,4482.0,92.05999755859375
NFLX,NFLX,2028-12-15,2.6191780821917807,P,70.0,-0.27394526982000705,8.05,8.55,7.61,0.3386906951904296,4.0,4766.0,92.05999755859375
NFLX,NFLX,2028-12-15,2.6191780821917807,P,75.0,-0.20495239833305556,9.5,10.25,10.09,0.32877258148193356,47.0,3615.0,92.05999755859375
NFLX,NFLX,2028-12-15,2.6191780821917807,P,80.0,-0.14041387719548448,11.05,13.55,12.32,0.34647259979248035,68.0,1333.0,92.05999755859375
NFLX,NFLX,2028-12-15,2.6191780821917807,P,85.0,-0.07978925537904961,13.05,15.05,14.17,0.3250494741821288,49.0,1285.0,92.05999755859375
NFLX,NFLX,2028-12-15,2.6191780821917807,P,90.0,-0.022630841539100974,16.25,17.2,16.2,0.3131172204589844,14.0,3553.0,92.05999755859375
NFLX,NFLX,2028-12-15,2.6191780821917807,P,95.0,0.03143637973117471,17.9,20.1,18.9,0.3111335977172851,12.0,1218.0,92.05999755859375
NFLX,NFLX,2028-12-15,2.6191780821917807,P,100.0,0.08272967411872538,21.25,23.35,21.77,0.3117744604492187,17.0,1172.0,92.05999755859375
NFLX,NFLX,2028-12-15,2.6191780821917807,P,105.0,0.1315198382881573,24.35,26.3,24.35,0.3043282458496094,20.0,796.0,92.05999755859375
NFLX,NFLX,2028-12-15,2.6191780821917807,P,110.0,0.17803985392305027,27.5,29.2,27.82,0.29312840667724605,11.0,545.0,92.05999755859375
NFLX,NFLX,2028-12-15,2.6191780821917807,P,115.0,0.22249161649388405,29.7,32.85,31.19,0.291877198486328,1.0,324.0,92.05999755859375
NFLX,NFLX,2028-12-15,2.6191780821917807,P,120.0,0.2650512309126799,34.3,36.0,34.68,0.2790599438476562,11.0,101.0,92.05999755859375
NFLX,NFLX,2028-12-15,2.6191780821917807,P,125.0,0.3058732254329351,36.0,41.0,37.46,0.29706513488769526,3.0,33.0,92.05999755859375
NFLX,NFLX,2028-12-15,2.6191780821917807,P,130.0,0.34509393858621634,40.0,44.0,42.2,0.27600821655273433,13.0,60.0,92.05999755859375
NFLX,NFLX,2028-12-15,2.6191780821917807,P,135.0,0.38283426656906333,44.0,47.8,44.98,0.2666699310302735,4.0,9.0,92.05999755859375
NFLX,NFLX,2028-12-15,2.6191780821917807,P,140.0,0.4192019107399383,48.0,53.0,50.01,0.2847361566162109,5.0,188.0,92.05999755859375
NFLX,NFLX,2028-12-15,2.6191780821917807,P,145.0,0.45429323055120835,52.5,57.0,54.09,0.2756420092773437,2.0,9.0,92.05999755859375
NFLX,NFLX,2028-12-15,2.6191780821917807,P,150.0,0.4881947822268898,57.05,61.5,57.85,0.2757640783691406,2.0,36.0,92.05999755859375
NFLX,NFLX,2028-12-15,2.6191780821917807,P,155.0,0.5209846050498805,62.8,65.2,63.82,0.2518385363769531,1.0,25.0,92.05999755859375
NFLX,NFLX,2028-12-15,2.6191780821917807,P,160.0,0.5527333033644608,66.0,70.5,68.44,0.2708813146972656,1.0,34.0,92.05999755859375
NFLX,NFLX,2028-12-15,2.6191780821917807,P,165.0,0.5835049620312146,70.5,75.5,71.95,0.28076891113281244,2.0,11.0,92.05999755859375
NFLX,NFLX,2028-12-15,2.6191780821917807,P,170.0,0.6133579251808957,75.5,80.5,75.99,0.2902292657470703,2.0,2.0,92.05999755859375
NFLX,NFLX,2028-12-15,2.6191780821917807,P,175.0,0.6423454620541481,80.5,85.5,81.25,0.299262378540039,2.0,0.0,92.05999755859375
NFLX,NFLX,2028-12-15,2.6191780821917807,P,180.0,0.6705163390208443,85.5,90.5,87.72,0.30799031860351556,4.0,0.0,92.05999755859375
