underlying,equity_ticker,expiration,T,side,strike,log_moneyness,bid,ask,last,iv,volume,open_interest,spot_at_fetch
OIL,USO,2026-05-06,0.005479452054794521,C,100.0,-0.35627488528824547,41.8,43.7,41.5,2.3125042187499996,9.0,28,142.8000030517578
OIL,USO,2026-05-06,0.005479452054794521,C,101.0,-0.3463245544350774,40.4,43.1,38.36,2.473636628417969,,4,142.8000030517578
OIL,USO,2026-05-06,0.005479452054794521,C,102.0,-0.3364722579920657,39.7,41.8,36.72,2.264652775878906,20.0,4,142.8000030517578
OIL,USO,2026-05-06,0.005479452054794521,C,103.0,-0.3267160830467011,38.8,40.7,35.75,2.156254609375,20.0,2,142.8000030517578
OIL,USO,2026-05-06,0.005479452054794521,C,104.0,-0.31705417213496423,37.4,40.15,42.5,2.3310588598632807,,5,142.8000030517578
OIL,USO,2026-05-06,0.005479452054794521,C,105.0,-0.3074847211188134,36.4,39.1,41.53,2.253910615234375,,4,142.8000030517578
OIL,USO,2026-05-06,0.005479452054794521,C,106.0,-0.2980059771642697,35.4,38.15,40.02,2.221684133300781,1.0,2,142.8000030517578
OIL,USO,2026-05-06,0.005479452054794521,C,107.0,-0.2886162368144307,34.45,37.15,39.53,0.500005,,13,142.8000030517578
OIL,USO,2026-05-06,0.005479452054794521,C,108.0,-0.2793138441521171,33.45,36.1,38.56,2.0927782055664057,,14,142.8000030517578
OIL,USO,2026-05-06,0.005479452054794521,C,109.0,-0.27009718904719315,32.6,35.15,37.95,1.171879140625,,28,142.8000030517578
OIL,USO,2026-05-06,0.005479452054794521,C,110.0,-0.26096470548392064,31.6,34.2,32.47,1.1875040625,12.0,44,142.8000030517578
OIL,USO,2026-05-06,0.005479452054794521,C,111.0,-0.25191486996400264,30.45,33.4,38.43,1.189457177734375,,7,142.8000030517578
OIL,USO,2026-05-06,0.005479452054794521,C,112.0,-0.24294619998124228,29.5,32.05,37.55,1.861328818359375,,8,142.8000030517578
OIL,USO,2026-05-06,0.005479452054794521,C,113.0,-0.23405725256399632,28.5,31.05,37.5,1.8095712646484374,,4,142.8000030517578
OIL,USO,2026-05-06,0.005479452054794521,C,114.0,-0.22524662288184133,27.55,30.2,28.25,1.000005,3.0,12,142.8000030517578
OIL,USO,2026-05-06,0.005479452054794521,C,115.0,-0.21651294291308676,27.15,28.75,27.12,1.0742233789062503,28.0,10,142.8000030517578
OIL,USO,2026-05-06,0.005479452054794521,C,116.0,-0.2078548801699721,25.75,28.1,27.05,1.0078174609375,6.0,6,142.8000030517578
OIL,USO,2026-05-06,0.005479452054794521,C,117.0,-0.19927113647858066,24.45,27.05,26.05,1.6044941650390623,6.0,3,142.8000030517578
OIL,USO,2026-05-06,0.005479452054794521,C,118.0,-0.19076044681067209,23.65,26.4,24.45,1.0380907470703127,4.0,40,142.8000030517578
OIL,USO,2026-05-06,0.005479452054794521,C,119.0,-0.18232157816480737,22.85,25.15,23.45,0.9785158398437501,4.0,10,142.8000030517578
OIL,USO,2026-05-06,0.005479452054794521,C,120.0,-0.1739533284942908,22.3,23.9,22.2,1.017583037109375,109.0,77,142.8000030517578
OIL,USO,2026-05-06,0.005479452054794521,C,121.0,-0.16565452567959577,20.7,23.15,21.49,0.8320329296874999,6.0,6,142.8000030517578
OIL,USO,2026-05-06,0.005479452054794521,C,122.0,-0.1574240265430802,20.2,22.5,20.5,1.0771530517578127,538.0,2,142.8000030517578
OIL,USO,2026-05-06,0.005479452054794521,C,123.0,-0.14926071590391932,20.2,21.45,20.0,1.2251015307617186,48.0,42,142.8000030517578
OIL,USO,2026-05-06,0.005479452054794521,C,124.0,-0.14116350567129998,19.2,20.25,19.5,1.1411175756835936,35.0,105,142.8000030517578
OIL,USO,2026-05-06,0.005479452054794521,C,125.0,-0.13313133397403565,17.95,19.4,17.95,1.076176494140625,30.0,74,142.8000030517578
OIL,USO,2026-05-06,0.005479452054794521,C,126.0,-0.1251631643248588,16.2,18.85,17.47,0.9741213525390625,9.0,15,142.8000030517578
OIL,USO,2026-05-06,0.005479452054794521,C,127.0,-0.11725798481774558,15.75,17.95,16.47,1.0395555834960941,78.0,353,142.8000030517578
OIL,USO,2026-05-06,0.005479452054794521,C,128.0,-0.1094148073567196,15.05,16.6,15.45,0.9829103271484375,26.0,31,142.8000030517578
OIL,USO,2026-05-06,0.005479452054794521,C,129.0,-0.10163266691466469,14.45,15.7,14.96,1.0068409033203123,20.0,134,142.8000030517578
OIL,USO,2026-05-06,0.005479452054794521,C,130.0,-0.09391062082075442,13.4,14.95,14.31,0.9829103271484375,252.0,261,142.8000030517578
OIL,USO,2026-05-06,0.005479452054794521,C,131.0,-0.08624774807518522,12.25,14.8,12.79,1.0185595947265624,15.0,344,142.8000030517578
OIL,USO,2026-05-06,0.005479452054794521,C,132.0,-0.07864314868996596,12.05,13.35,12.37,1.0048877880859375,131.0,265,142.8000030517578
OIL,USO,2026-05-06,0.005479452054794521,C,133.0,-0.07109594305458308,11.45,12.55,12.01,1.0146533642578124,325.0,122,142.8000030517578
OIL,USO,2026-05-06,0.005479452054794521,C,134.0,-0.0636052713254254,10.15,11.8,10.51,0.9501958105468749,10.0,229,142.8000030517578
OIL,USO,2026-05-06,0.005479452054794521,C,135.0,-0.05617029283790736,9.95,10.95,10.27,0.9873048144531251,456.0,242,142.8000030517578
OIL,USO,2026-05-06,0.005479452054794521,C,136.0,-0.048790185540284844,9.15,10.1,9.38,0.958740646972656,9.0,24,142.8000030517578
OIL,USO,2026-05-06,0.005479452054794521,C,137.0,-0.04146414544821186,8.5,9.45,8.8,0.9597171997070311,25.0,9,142.8000030517578
OIL,USO,2026-05-06,0.005479452054794521,C,138.0,-0.03419138611913212,7.75,8.8,8.23,0.9467778759765625,236.0,37,142.8000030517578
OIL,USO,2026-05-06,0.005479452054794521,C,139.0,-0.026971138145645095,7.2,8.2,7.65,0.9514165014648437,198.0,410,142.8000030517578
OIL,USO,2026-05-06,0.005479452054794521,C,140.0,-0.019802648667032477,6.85,7.45,7.0,0.9555668505859375,633.0,503,142.8000030517578
OIL,USO,2026-05-06,0.005479452054794521,C,141.0,-0.012685180898168537,6.2,6.8,6.4,0.937500625,176.0,361,142.8000030517578
OIL,USO,2026-05-06,0.005479452054794521,C,142.0,-0.005618013675076122,5.7,6.1,5.95,0.9235847485351563,681.0,80,142.8000030517578
OIL,USO,2026-05-06,0.005479452054794521,C,143.0,0.0013995589835703896,5.2,5.65,5.4,0.9260261303710937,805.0,39,142.8000030517578
OIL,USO,2026-05-06,0.005479452054794521,C,144.0,0.008368228299663914,4.85,5.25,5.05,0.940430283203125,203.0,35,142.8000030517578
OIL,USO,2026-05-06,0.005479452054794521,C,145.0,0.015288671144237657,4.35,4.65,4.5,0.9206550903320312,1638.0,369,142.8000030517578
OIL,USO,2026-05-06,0.005479452054794521,C,146.0,0.022161550431999657,4.0,4.5,3.95,0.9467778759765625,496.0,1194,142.8000030517578
OIL,USO,2026-05-06,0.005479452054794521,C,147.0,0.02898751550239948,3.7,3.95,3.84,0.9389654541015625,587.0,201,142.8000030517578
OIL,USO,2026-05-06,0.005479452054794521,C,148.0,0.035767202487778205,3.1,3.85,3.4,0.93945373046875,301.0,249,142.8000030517578
OIL,USO,2026-05-06,0.005479452054794521,C,149.0,0.04250123466912225,3.0,3.35,3.15,0.9443364941406249,590.0,70,142.8000030517578
OIL,USO,2026-05-06,0.005479452054794521,C,150.0,0.049190222819919034,2.7,3.05,2.8,0.9450689086914061,1533.0,2202,142.8000030517578
OIL,USO,2026-05-06,0.005479452054794521,C,151.0,0.05583476553858758,2.38,2.9,2.57,0.9538578833007811,71.0,96,142.8000030517578
OIL,USO,2026-05-06,0.005479452054794521,C,152.0,0.0624354495699396,2.25,2.57,2.42,0.9599613378906249,140.0,507,142.8000030517578
OIL,USO,2026-05-06,0.005479452054794521,C,152.5,0.06571952477112951,2.0,2.58,2.6,0.9604496142578124,45.0,202,142.8000030517578
OIL,USO,2026-05-06,0.005479452054794521,C,153.0,0.06899285011609864,2.01,2.26,2.11,0.9526371923828124,250.0,177,142.8000030517578
OIL,USO,2026-05-06,0.005479452054794521,C,154.0,0.0755075311372923,1.76,2.07,1.9,0.9526371923828124,284.0,234,142.8000030517578
OIL,USO,2026-05-06,0.005479452054794521,C,155.0,0.08198004564290973,1.51,1.82,1.66,0.9414068359375,690.0,419,142.8000030517578
OIL,USO,2026-05-06,0.005479452054794521,C,156.0,0.08841093597320032,1.33,1.8,1.56,0.9606937524414061,90.0,50,142.8000030517578
OIL,USO,2026-05-06,0.005479452054794521,C,157.0,0.0948007340719713,1.22,1.5,1.37,0.9516606396484374,31.0,36,142.8000030517578
OIL,USO,2026-05-06,0.005479452054794521,C,157.5,0.09798038698935098,1.19,1.62,1.3,0.9829103271484375,99.0,28,142.8000030517578
OIL,USO,2026-05-06,0.005479452054794521,C,158.0,0.10114996175063001,1.16,1.32,1.3,0.9594730615234374,173.0,6631,142.8000030517578
OIL,USO,2026-05-06,0.005479452054794521,C,159.0,0.1074591309438947,0.94,1.26,1.11,0.9589847851562499,470.0,29,142.8000030517578
OIL,USO,2026-05-06,0.005479452054794521,C,160.0,0.11372874395749007,0.95,1.0,0.95,0.9589847851562499,1448.0,276,142.8000030517578
OIL,USO,2026-05-06,0.005479452054794521,C,161.0,0.11995929370812611,0.8,1.04,0.88,0.9775392871093751,107.0,89,142.8000030517578
OIL,USO,2026-05-06,0.005479452054794521,C,162.0,0.12615126395604734,0.63,1.0,0.82,0.9775392871093751,135.0,24,142.8000030517578
OIL,USO,2026-05-06,0.005479452054794521,C,162.5,0.12923293049345544,0.64,0.99,0.79,0.9941406835937501,24.0,30,142.8000030517578
OIL,USO,2026-05-06,0.005479452054794521,C,163.0,0.13230512953042556,0.65,0.83,0.75,0.98437515625,12.0,53,142.8000030517578
OIL,USO,2026-05-06,0.005479452054794521,C,164.0,0.1384213565478616,0.57,0.72,0.63,0.9809572216796876,22.0,24,142.8000030517578
OIL,USO,2026-05-06,0.005479452054794521,C,165.0,0.14450040262424377,0.53,0.65,0.55,0.99023447265625,433.0,366,142.8000030517578
OIL,USO,2026-05-06,0.005479452054794521,C,166.0,0.15054271708020636,0.44,0.72,0.51,1.0161182006835938,85.0,22,142.8000030517578
OIL,USO,2026-05-06,0.005479452054794521,C,167.0,0.15654874114041822,0.34,0.62,0.49,1.0009815576171874,9.0,19,142.8000030517578
OIL,USO,2026-05-06,0.005479452054794521,C,167.5,0.1595382799887844,0.38,0.58,0.55,1.015629921875,29.0,19,142.8000030517578
OIL,USO,2026-05-06,0.005479452054794521,C,168.0,0.16251890812692218,0.25,0.55,0.39,0.989257919921875,131.0,13,142.8000030517578
OIL,USO,2026-05-06,0.005479452054794521,C,169.0,0.1684536436467367,0.28,0.48,0.36,1.0058643457031249,140.0,31,142.8000030517578
OIL,USO,2026-05-06,0.005479452054794521,C,170.0,0.17435336577392496,0.28,0.42,0.43,1.015629921875,787.0,502,142.8000030517578
OIL,USO,2026-05-06,0.005479452054794521,C,171.0,0.180218485226323,0.22,0.39,0.35,1.013676806640625,29.0,9,142.8000030517578
OIL,USO,2026-05-06,0.005479452054794521,C,172.0,0.18604940553711619,0.17,0.27,0.23,0.9785158398437501,101.0,6,142.8000030517578
OIL,USO,2026-05-06,0.005479452054794521,C,172.5,0.18895216519507757,0.1,0.35,0.37,0.9951172363281251,1.0,4,142.8000030517578
OIL,USO,2026-05-06,0.005479452054794521,C,173.0,0.19184652322144205,0.01,0.59,0.88,1.0625046875000002,,34,142.8000030517578
OIL,USO,2026-05-06,0.005479452054794521,C,174.0,0.19761022793819227,0.0,0.6,0.51,1.087895185546875,,22,142.8000030517578
OIL,USO,2026-05-06,0.005479452054794521,C,175.0,0.20334090264717727,0.02,0.24,0.11,0.9648441015625,520.0,463,142.8000030517578
OIL,USO,2026-05-06,0.005479452054794521,C,176.0,0.209038923761815,0.12,0.26,0.18,1.0488328808593752,19.0,8,142.8000030517578
OIL,USO,2026-05-06,0.005479452054794521,C,177.0,0.2147046612974923,0.05,0.27,0.19,1.0429735351562504,6.0,8,142.8000030517578
OIL,USO,2026-05-06,0.005479452054794521,C,177.5,0.21752553763913363,0.02,0.27,0.36,1.0371141894531253,70.0,15,142.8000030517578
OIL,USO,2026-05-06,0.005479452054794521,C,178.0,0.22033847901574827,0.11,0.18,0.15,1.0468797656250002,153.0,97,142.8000030517578
OIL,USO,2026-05-06,0.005479452054794521,P,100.0,-0.35627488528824547,0.01,0.04,0.03,1.3125034374999998,255.0,524,142.8000030517578
OIL,USO,2026-05-06,0.005479452054794521,P,101.0,-0.3463245544350774,0.0,0.05,0.05,1.2812535937499998,20.0,175,142.8000030517578
OIL,USO,2026-05-06,0.005479452054794521,P,102.0,-0.3364722579920657,0.0,0.05,0.1,1.2500037499999999,,151,142.8000030517578
OIL,USO,2026-05-06,0.005479452054794521,P,103.0,-0.3267160830467011,0.0,0.05,0.05,1.21875390625,31.0,0,142.8000030517578
OIL,USO,2026-05-06,0.005479452054794521,P,104.0,-0.31705417213496423,0.03,0.05,0.08,1.2500037499999999,14.0,0,142.8000030517578
OIL,USO,2026-05-06,0.005479452054794521,P,105.0,-0.3074847211188134,0.0,0.05,0.14,1.1484417578125,5.0,27,142.8000030517578
OIL,USO,2026-05-06,0.005479452054794521,P,106.0,-0.2980059771642697,0.0,0.41,0.05,1.4882838085937498,20.0,72,142.8000030517578
OIL,USO,2026-05-06,0.005479452054794521,P,107.0,-0.2886162368144307,0.0,0.34,0.14,1.404299853515625,14.0,11,142.8000030517578
OIL,USO,2026-05-06,0.005479452054794521,P,108.0,-0.2793138441521171,0.02,0.22,0.22,1.29297228515625,17.0,14,142.8000030517578
OIL,USO,2026-05-06,0.005479452054794521,P,109.0,-0.27009718904719315,0.0,0.15,0.08,1.171879140625,42.0,40,142.8000030517578
OIL,USO,2026-05-06,0.005479452054794521,P,110.0,-0.26096470548392064,0.05,0.13,0.11,1.1679729101562502,164.0,802,142.8000030517578
OIL,USO,2026-05-06,0.005479452054794521,P,111.0,-0.25191486996400264,0.06,0.2,0.15,1.197269638671875,56.0,141,142.8000030517578
OIL,USO,2026-05-06,0.005479452054794521,P,112.0,-0.24294619998124228,0.1,0.32,0.27,1.255863095703125,6.0,64,142.8000030517578
OIL,USO,2026-05-06,0.005479452054794521,P,113.0,-0.23405725256399632,0.11,0.29,0.2,1.2070352148437498,8.0,26,142.8000030517578
OIL,USO,2026-05-06,0.005479452054794521,P,114.0,-0.22524662288184133,0.1,0.28,0.21,1.158207333984375,12.0,171,142.8000030517578
OIL,USO,2026-05-06,0.005479452054794521,P,115.0,-0.21651294291308676,0.12,0.29,0.21,1.1347699511718752,328.0,197,142.8000030517578
OIL,USO,2026-05-06,0.005479452054794521,P,116.0,-0.2078548801699721,0.1,0.29,0.33,1.0859420703125,68.0,99,142.8000030517578
OIL,USO,2026-05-06,0.005479452054794521,P,117.0,-0.19927113647858066,0.05,0.46,0.24,1.1015669921875002,152.0,86,142.8000030517578
OIL,USO,2026-05-06,0.005479452054794521,P,118.0,-0.19076044681067209,0.12,0.39,0.32,1.0625046875000002,48.0,97,142.8000030517578
OIL,USO,2026-05-06,0.005479452054794521,P,119.0,-0.18232157816480737,0.18,0.36,0.32,1.0351610742187503,33.0,16,142.8000030517578
OIL,USO,2026-05-06,0.005479452054794521,P,120.0,-0.1739533284942908,0.32,0.36,0.35,1.0449266503906252,953.0,2148,142.8000030517578
OIL,USO,2026-05-06,0.005479452054794521,P,121.0,-0.16565452567959577,0.24,0.57,0.5,1.0439500927734378,30.0,49,142.8000030517578
OIL,USO,2026-05-06,0.005479452054794521,P,122.0,-0.1574240265430802,0.37,0.52,0.48,1.0244189404296877,136.0,214,142.8000030517578
OIL,USO,2026-05-06,0.005479452054794521,P,123.0,-0.14926071590391932,0.39,0.68,0.5,1.0263720556640625,614.0,134,142.8000030517578
OIL,USO,2026-05-06,0.005479452054794521,P,124.0,-0.14116350567129998,0.53,0.78,0.62,1.0361376318359379,111.0,72,142.8000030517578
OIL,USO,2026-05-06,0.005479452054794521,P,125.0,-0.13313133397403565,0.62,0.73,0.67,0.9995117236328125,1729.0,2160,142.8000030517578
OIL,USO,2026-05-06,0.005479452054794521,P,126.0,-0.1251631643248588,0.66,0.85,0.76,0.9853517089843751,414.0,185,142.8000030517578
OIL,USO,2026-05-06,0.005479452054794521,P,127.0,-0.11725798481774558,0.8,0.91,0.86,0.9750979052734375,64.0,332,142.8000030517578
OIL,USO,2026-05-06,0.005479452054794521,P,128.0,-0.1094148073567196,0.91,1.19,0.97,0.9907227490234375,137.0,198,142.8000030517578
OIL,USO,2026-05-06,0.005479452054794521,P,129.0,-0.10163266691466469,1.03,1.28,1.15,0.9726565234375,137.0,69,142.8000030517578
OIL,USO,2026-05-06,0.005479452054794521,P,130.0,-0.09391062082075442,1.21,1.48,1.28,0.9750979052734375,1377.0,1635,142.8000030517578
OIL,USO,2026-05-06,0.005479452054794521,P,131.0,-0.08624774807518522,1.38,1.65,1.46,0.96679720703125,73.0,86,142.8000030517578
OIL,USO,2026-05-06,0.005479452054794521,P,132.0,-0.07864314868996596,1.48,1.7,1.66,0.93164130859375,130.0,217,142.8000030517578
OIL,USO,2026-05-06,0.005479452054794521,P,133.0,-0.07109594305458308,1.77,2.02,1.88,0.94726615234375,544.0,1143,142.8000030517578
OIL,USO,2026-05-06,0.005479452054794521,P,134.0,-0.0636052713254254,1.95,2.31,2.15,0.9409185595703125,375.0,147,142.8000030517578
OIL,USO,2026-05-06,0.005479452054794521,P,135.0,-0.05617029283790736,2.32,2.65,2.35,0.9543461596679688,1175.0,1161,142.8000030517578
OIL,USO,2026-05-06,0.005479452054794521,P,136.0,-0.048790185540284844,2.48,2.69,2.6,0.91211025390625,530.0,122,142.8000030517578
OIL,USO,2026-05-06,0.005479452054794521,P,137.0,-0.04146414544821186,2.8,3.35,3.1,0.9409185595703125,212.0,37,142.8000030517578
OIL,USO,2026-05-06,0.005479452054794521,P,138.0,-0.03419138611913212,3.05,3.75,3.35,0.9331061376953125,364.0,346,142.8000030517578
OIL,USO,2026-05-06,0.005479452054794521,P,139.0,-0.026971138145645095,3.55,3.9,3.71,0.9204109521484375,854.0,434,142.8000030517578
OIL,USO,2026-05-06,0.005479452054794521,P,140.0,-0.019802648667032477,4.05,4.25,4.11,0.920899228515625,1701.0,4355,142.8000030517578
OIL,USO,2026-05-06,0.005479452054794521,P,141.0,-0.012685180898168537,4.45,4.8,4.5,0.9248054394531251,220.0,509,142.8000030517578
OIL,USO,2026-05-06,0.005479452054794521,P,142.0,-0.005618013675076122,4.7,5.35,5.0,0.911133701171875,294.0,143,142.8000030517578
OIL,USO,2026-05-06,0.005479452054794521,P,143.0,0.0013995589835703896,5.4,5.85,5.57,0.9260261303710937,127.0,33,142.8000030517578
OIL,USO,2026-05-06,0.005479452054794521,P,144.0,0.008368228299663914,5.65,6.7,6.27,0.92773509765625,68.0,164,142.8000030517578
OIL,USO,2026-05-06,0.005479452054794521,P,145.0,0.015288671144237657,6.2,7.25,6.91,0.9248054394531251,134.0,259,142.8000030517578
OIL,USO,2026-05-06,0.005479452054794521,P,146.0,0.022161550431999657,6.75,7.75,7.37,0.9128426684570312,389.0,112,142.8000030517578
OIL,USO,2026-05-06,0.005479452054794521,P,147.0,0.02898751550239948,7.55,8.4,8.04,0.9304206176757812,59.0,110,142.8000030517578
OIL,USO,2026-05-06,0.005479452054794521,P,148.0,0.035767202487778205,8.2,9.15,8.8,0.93945373046875,28.0,39,142.8000030517578
OIL,USO,2026-05-06,0.005479452054794521,P,149.0,0.04250123466912225,8.85,9.85,9.4,0.9399420068359375,15.0,285,142.8000030517578
OIL,USO,2026-05-06,0.005479452054794521,P,150.0,0.049190222819919034,9.45,10.4,10.27,0.9172371557617188,178.0,55,142.8000030517578
OIL,USO,2026-05-06,0.005479452054794521,P,151.0,0.05583476553858758,10.2,11.45,10.86,0.9511723632812499,11.0,24,142.8000030517578
OIL,USO,2026-05-06,0.005479452054794521,P,152.0,0.0624354495699396,10.9,12.05,11.69,0.9331061376953125,15.0,9,142.8000030517578
OIL,USO,2026-05-06,0.005479452054794521,P,152.5,0.06571952477112951,11.25,13.05,12.7,0.9924317163085938,5.0,1,142.8000030517578
OIL,USO,2026-05-06,0.005479452054794521,P,153.0,0.06899285011609864,11.65,12.85,12.38,0.9353033813476561,6.0,10,142.8000030517578
OIL,USO,2026-05-06,0.005479452054794521,P,154.0,0.0755075311372923,12.5,14.0,13.5,0.981445498046875,5.0,9,142.8000030517578
OIL,USO,2026-05-06,0.005479452054794521,P,155.0,0.08198004564290973,13.3,14.55,14.04,0.95507857421875,47.0,22,142.8000030517578
OIL,USO,2026-05-06,0.005479452054794521,P,156.0,0.08841093597320032,14.1,15.45,14.89,0.96289099609375,1.0,0,142.8000030517578
OIL,USO,2026-05-06,0.005479452054794521,P,157.0,0.0948007340719713,14.85,16.7,15.58,1.0043995092773437,1.0,0,142.8000030517578
OIL,USO,2026-05-06,0.005479452054794521,P,157.5,0.09798038698935098,15.15,17.65,11.59,1.0546922265625,,1,142.8000030517578
OIL,USO,2026-05-06,0.005479452054794521,P,158.0,0.10114996175063001,16.1,18.2,16.92,1.1337933935546878,5.0,50,142.8000030517578
OIL,USO,2026-05-06,0.005479452054794521,P,159.0,0.1074591309438947,16.45,18.5,17.2,1.007329182128906,1.0,8,142.8000030517578
OIL,USO,2026-05-06,0.005479452054794521,P,160.0,0.11372874395749007,17.45,19.25,18.39,1.0102588549804685,73.0,117,142.8000030517578
OIL,USO,2026-05-06,0.005479452054794521,P,161.0,0.11995929370812611,17.85,19.85,16.0,0.8867198828124999,,3,142.8000030517578
OIL,USO,2026-05-06,0.005479452054794521,P,162.0,0.12615126395604734,19.1,20.95,23.8,0.9809572216796876,,2,142.8000030517578
OIL,USO,2026-05-06,0.005479452054794521,P,162.5,0.12923293049345544,19.25,21.6,24.29,0.96289099609375,,2,142.8000030517578
OIL,USO,2026-05-06,0.005479452054794521,P,166.0,0.15054271708020636,22.65,25.25,35.44,1.083988955078125,39.0,21,142.8000030517578
OIL,USO,2026-05-06,0.005479452054794521,P,167.0,0.15654874114041822,23.5,26.15,20.4,1.0654343603515626,1.0,3,142.8000030517578
OIL,USO,2026-05-06,0.005479452054794521,P,167.5,0.1595382799887844,23.95,26.65,22.32,1.0693405908203126,1.0,60,142.8000030517578
OIL,USO,2026-05-06,0.005479452054794521,P,168.0,0.16251890812692218,24.6,26.75,22.77,1.0273486132812502,,1,142.8000030517578
OIL,USO,2026-05-06,0.005479452054794521,P,170.0,0.17435336577392496,26.75,28.05,28.0,0.914063359375,48.0,45,142.8000030517578
OIL,USO,2026-05-06,0.005479452054794521,P,171.0,0.180218485226323,27.3,30.0,25.35,1.0986373193359378,,3,142.8000030517578
OIL,USO,2026-05-06,0.005479452054794521,P,172.0,0.18604940553711619,28.15,31.0,26.25,1.083988955078125,,3,142.8000030517578
OIL,USO,2026-05-06,0.005479452054794521,P,172.5,0.18895216519507757,28.9,31.45,26.37,1.15234798828125,,0,142.8000030517578
OIL,USO,2026-05-06,0.005479452054794521,P,173.0,0.19184652322144205,29.25,31.95,26.86,1.125004375,,0,142.8000030517578
OIL,USO,2026-05-06,0.005479452054794521,P,174.0,0.19761022793819227,30.15,32.9,24.07,1.1044966650390626,,25,142.8000030517578
OIL,USO,2026-05-06,0.005479452054794521,P,175.0,0.20334090264717727,31.1,33.85,35.41,1.0947310888671877,4.0,6,142.8000030517578
OIL,USO,2026-05-06,0.005479452054794521,P,176.0,0.209038923761815,32.1,34.85,29.37,1.119145029296875,,2,142.8000030517578
OIL,USO,2026-05-06,0.005479452054794521,P,177.5,0.21752553763913363,33.55,36.3,31.01,1.115238798828125,,0,142.8000030517578
OIL,USO,2026-05-06,0.005479452054794521,P,178.0,0.22033847901574827,34.05,36.8,31.47,1.126957490234375,,1,142.8000030517578
OIL,USO,2026-05-13,0.024657534246575342,C,100.0,-0.35627488528824547,41.4,43.85,45.65,1.4462918310546877,,8,142.8000030517578
OIL,USO,2026-05-13,0.024657534246575342,C,101.0,-0.3463245544350774,40.45,42.95,44.69,1.4462918310546877,,14,142.8000030517578
OIL,USO,2026-05-13,0.024657534246575342,C,102.0,-0.3364722579920657,39.05,42.95,44.96,0.992187578125,,1,142.8000030517578
OIL,USO,2026-05-13,0.024657534246575342,C,105.0,-0.3074847211188134,36.5,40.1,42.05,1.0869186279296876,,1,142.8000030517578
OIL,USO,2026-05-13,0.024657534246575342,C,106.0,-0.2980059771642697,35.1,39.25,41.1,1.000005,,1,142.8000030517578
OIL,USO,2026-05-13,0.024657534246575342,C,123.0,-0.14926071590391932,20.4,22.45,27.26,0.8559584716796875,,2,142.8000030517578
OIL,USO,2026-05-13,0.024657534246575342,C,124.0,-0.14116350567129998,19.75,21.1,23.8,0.8242205078124999,,2,142.8000030517578
OIL,USO,2026-05-13,0.024657534246575342,C,125.0,-0.13313133397403565,18.85,20.6,22.0,0.842775009765625,,66,142.8000030517578
OIL,USO,2026-05-13,0.024657534246575342,C,126.0,-0.1251631643248588,18.05,19.9,18.8,0.8491226025390625,1.0,0,142.8000030517578
OIL,USO,2026-05-13,0.024657534246575342,C,127.0,-0.11725798481774558,17.65,18.8,17.4,0.852540537109375,20.0,0,142.8000030517578
OIL,USO,2026-05-13,0.024657534246575342,C,130.0,-0.09391062082075442,15.35,16.55,14.4,0.8447281152343749,4.0,46,142.8000030517578
OIL,USO,2026-05-13,0.024657534246575342,C,132.0,-0.07864314868996596,13.8,15.35,13.55,0.8469253588867187,10.0,0,142.8000030517578
OIL,USO,2026-05-13,0.024657534246575342,C,133.0,-0.07109594305458308,13.15,14.55,13.25,0.8403336279296875,60.0,0,142.8000030517578
OIL,USO,2026-05-13,0.024657534246575342,C,134.0,-0.0636052713254254,12.9,14.1,12.5,0.8747571118164061,2.0,11,142.8000030517578
OIL,USO,2026-05-13,0.024657534246575342,C,135.0,-0.05617029283790736,12.25,13.25,12.0,0.8608412353515625,1.0,42,142.8000030517578
OIL,USO,2026-05-13,0.024657534246575342,C,136.0,-0.048790185540284844,11.7,12.6,12.0,0.8618177880859376,20.0,0,142.8000030517578
OIL,USO,2026-05-13,0.024657534246575342,C,137.0,-0.04146414544821186,10.85,12.1,11.06,0.852540537109375,31.0,0,142.8000030517578
OIL,USO,2026-05-13,0.024657534246575342,C,138.0,-0.03419138611913212,10.4,11.4,8.5,0.8522963989257812,2.0,2,142.8000030517578
OIL,USO,2026-05-13,0.024657534246575342,C,139.0,-0.026971138145645095,9.65,11.0,14.0,0.8500991552734375,,0,142.8000030517578
OIL,USO,2026-05-13,0.024657534246575342,C,140.0,-0.019802648667032477,8.9,10.5,9.95,0.8405777661132812,62.0,93,142.8000030517578
OIL,USO,2026-05-13,0.024657534246575342,C,141.0,-0.012685180898168537,9.1,9.5,9.35,0.8522963989257812,15.0,0,142.8000030517578
OIL,USO,2026-05-13,0.024657534246575342,C,142.0,-0.005618013675076122,8.55,9.4,8.7,0.8696302099609375,70.0,8,142.8000030517578
OIL,USO,2026-05-13,0.024657534246575342,C,143.0,0.0013995589835703896,8.1,8.95,8.38,0.8723157299804687,61.0,14,142.8000030517578
OIL,USO,2026-05-13,0.024657534246575342,C,144.0,0.008368228299663914,7.6,8.35,7.8,0.8627943408203125,10.0,5,142.8000030517578
OIL,USO,2026-05-13,0.024657534246575342,C,145.0,0.015288671144237657,7.3,7.7,7.5,0.8591322680664062,128.0,57,142.8000030517578
OIL,USO,2026-05-13,0.024657534246575342,C,146.0,0.022161550431999657,6.65,7.4,6.93,0.8537612280273439,208.0,258,142.8000030517578
OIL,USO,2026-05-13,0.024657534246575342,C,147.0,0.02898751550239948,6.15,7.2,8.82,0.8591322680664062,,26,142.8000030517578
OIL,USO,2026-05-13,0.024657534246575342,C,148.0,0.035767202487778205,5.9,6.65,6.01,0.8575453698730469,90.0,130,142.8000030517578
OIL,USO,2026-05-13,0.024657534246575342,C,149.0,0.04250123466912225,5.5,6.5,6.17,0.867188828125,2.0,234,142.8000030517578
OIL,USO,2026-05-13,0.024657534246575342,C,150.0,0.049190222819919034,5.15,6.1,5.48,0.8647474462890624,35.0,114,142.8000030517578
OIL,USO,2026-05-13,0.024657534246575342,C,151.0,0.05583476553858758,5.0,5.55,5.1,0.8632826171875,8.0,17,142.8000030517578
OIL,USO,2026-05-13,0.024657534246575342,C,152.0,0.0624354495699396,4.5,5.35,4.72,0.8598646826171875,17.0,14,142.8000030517578
OIL,USO,2026-05-13,0.024657534246575342,C,152.5,0.06571952477112951,4.4,4.95,3.99,0.84961087890625,1.0,1,142.8000030517578
OIL,USO,2026-05-13,0.024657534246575342,C,153.0,0.06899285011609864,4.2,4.95,4.62,0.8548598498535156,16.0,5,142.8000030517578
OIL,USO,2026-05-13,0.024657534246575342,C,154.0,0.0755075311372923,3.95,4.7,4.5,0.8590101989746093,3.0,2,142.8000030517578
OIL,USO,2026-05-13,0.024657534246575342,C,155.0,0.08198004564290973,3.7,4.45,4.05,0.8615736499023439,29.0,54,142.8000030517578
OIL,USO,2026-05-13,0.024657534246575342,C,156.0,0.08841093597320032,3.3,4.25,3.83,0.8569350244140624,2.0,18,142.8000030517578
OIL,USO,2026-05-13,0.024657534246575342,C,157.0,0.0948007340719713,3.2,3.85,4.84,0.8564467480468749,,16,142.8000030517578
OIL,USO,2026-05-13,0.024657534246575342,C,157.5,0.09798038698935098,3.2,3.75,3.03,0.8645033081054687,6.0,8,142.8000030517578
OIL,USO,2026-05-13,0.024657534246575342,C,158.0,0.10114996175063001,2.95,3.7,2.8,0.860352958984375,3.0,3,142.8000030517578
OIL,USO,2026-05-13,0.024657534246575342,C,159.0,0.1074591309438947,2.85,3.5,3.1,0.8688977954101562,1.0,7,142.8000030517578
OIL,USO,2026-05-13,0.024657534246575342,C,160.0,0.11372874395749007,2.84,3.3,2.64,0.8820812573242187,52.0,60,142.8000030517578
OIL,USO,2026-05-13,0.024657534246575342,C,161.0,0.11995929370812611,2.39,3.05,2.23,0.8625502026367188,5.0,1,142.8000030517578
OIL,USO,2026-05-13,0.024657534246575342,C,162.0,0.12615126395604734,2.37,2.84,2.65,0.8720715917968749,2.0,3,142.8000030517578
OIL,USO,2026-05-13,0.024657534246575342,C,162.5,0.12923293049345544,2.27,2.7,2.47,0.8679212426757812,19.0,3,142.8000030517578
OIL,USO,2026-05-13,0.024657534246575342,C,163.0,0.13230512953042556,1.92,2.84,2.35,0.8652357226562499,15.0,17,142.8000030517578
OIL,USO,2026-05-13,0.024657534246575342,C,164.0,0.1384213565478616,1.95,2.57,2.11,0.8715833154296875,2.0,3,142.8000030517578
OIL,USO,2026-05-13,0.024657534246575342,C,165.0,0.14450040262424377,2.05,2.29,2.31,0.8815929809570311,16.0,9,142.8000030517578
OIL,USO,2026-05-13,0.024657534246575342,C,166.0,0.15054271708020636,1.6,2.27,1.99,0.868165380859375,7.0,3,142.8000030517578
OIL,USO,2026-05-13,0.024657534246575342,C,167.0,0.15654874114041822,1.52,2.19,1.77,0.8774426318359375,7.0,6,142.8000030517578
OIL,USO,2026-05-13,0.024657534246575342,C,167.5,0.1595382799887844,1.48,2.13,1.67,0.8801281518554687,11.0,9,142.8000030517578
OIL,USO,2026-05-13,0.024657534246575342,C,168.0,0.16251890812692218,1.4,1.99,1.71,0.8725598681640624,20.0,11,142.8000030517578
OIL,USO,2026-05-13,0.024657534246575342,C,169.0,0.1684536436467367,1.27,1.77,1.52,0.8632826171875,7.0,12,142.8000030517578
OIL,USO,2026-05-13,0.024657534246575342,C,170.0,0.17435336577392496,1.44,1.71,1.45,0.8930674755859375,42.0,10,142.8000030517578
OIL,USO,2026-05-13,0.024657534246575342,C,171.0,0.180218485226323,1.22,1.59,1.41,0.8823253955078124,6.0,4,142.8000030517578
OIL,USO,2026-05-13,0.024657534246575342,C,172.0,0.18604940553711619,1.08,1.42,1.24,0.8715833154296875,10.0,6,142.8000030517578
OIL,USO,2026-05-13,0.024657534246575342,C,172.5,0.18895216519507757,1.15,1.39,1.1,0.8852550537109375,4.0,0,142.8000030517578
OIL,USO,2026-05-13,0.024657534246575342,C,173.0,0.19184652322144205,1.11,1.57,1.09,0.9082040429687499,4.0,0,142.8000030517578
OIL,USO,2026-05-13,0.024657534246575342,C,174.0,0.19761022793819227,0.93,1.36,0.92,0.8876964355468748,4.0,5,142.8000030517578
OIL,USO,2026-05-13,0.024657534246575342,C,175.0,0.20334090264717727,0.84,1.19,1.14,0.8774426318359375,2.0,3,142.8000030517578
OIL,USO,2026-05-13,0.024657534246575342,C,180.0,0.23151177961387362,0.7,0.85,0.77,0.903321279296875,4.0,2,142.8000030517578
OIL,USO,2026-05-13,0.024657534246575342,C,186.0,0.2643016024368645,0.0,2.15,1.15,1.0756882153320313,,1,142.8000030517578
OIL,USO,2026-05-13,0.024657534246575342,P,100.0,-0.35627488528824547,0.0,0.14,0.1,0.8964854101562498,1.0,14,142.8000030517578
OIL,USO,2026-05-13,0.024657534246575342,P,101.0,-0.3463245544350774,0.0,0.87,0.36,1.1679729101562502,,4,142.8000030517578
OIL,USO,2026-05-13,0.024657534246575342,P,105.0,-0.3074847211188134,0.0,1.74,0.15,1.228519482421875,,1,142.8000030517578
OIL,USO,2026-05-13,0.024657534246575342,P,109.0,-0.27009718904719315,0.05,0.68,0.39,0.9169930175781251,10.0,0,142.8000030517578
OIL,USO,2026-05-13,0.024657534246575342,P,110.0,-0.26096470548392064,0.09,0.37,0.38,0.8173846386718748,13.0,0,142.8000030517578
OIL,USO,2026-05-13,0.024657534246575342,P,114.0,-0.22524662288184133,0.0,1.29,0.63,0.893555751953125,1.0,0,142.8000030517578
OIL,USO,2026-05-13,0.024657534246575342,P,115.0,-0.21651294291308676,0.39,0.73,0.55,0.8378922460937499,4.0,0,142.8000030517578
OIL,USO,2026-05-13,0.024657534246575342,P,116.0,-0.2078548801699721,0.59,0.86,0.78,0.8627943408203125,31.0,23,142.8000030517578
OIL,USO,2026-05-13,0.024657534246575342,P,117.0,-0.19927113647858066,0.58,0.85,0.79,0.8320329296874999,8.0,7,142.8000030517578
OIL,USO,2026-05-13,0.024657534246575342,P,118.0,-0.19076044681067209,0.64,0.97,0.94,0.8291032714843749,1.0,1,142.8000030517578
OIL,USO,2026-05-13,0.024657534246575342,P,119.0,-0.18232157816480737,0.79,1.13,1.15,0.8403336279296875,1.0,6,142.8000030517578
OIL,USO,2026-05-13,0.024657534246575342,P,120.0,-0.1739533284942908,0.92,1.37,1.12,0.8535170898437501,106.0,33,142.8000030517578
OIL,USO,2026-05-13,0.024657534246575342,P,121.0,-0.16565452567959577,1.08,1.41,1.36,0.8447281152343749,23.0,40,142.8000030517578
OIL,USO,2026-05-13,0.024657534246575342,P,122.0,-0.1574240265430802,1.25,1.68,1.45,0.8579115771484375,16.0,69,142.8000030517578
OIL,USO,2026-05-13,0.024657534246575342,P,123.0,-0.14926071590391932,1.4,1.75,1.76,0.8471694970703124,38.0,138,142.8000030517578
OIL,USO,2026-05-13,0.024657534246575342,P,124.0,-0.14116350567129998,1.47,1.83,1.8,0.8286149951171874,8.0,9,142.8000030517578
OIL,USO,2026-05-13,0.024657534246575342,P,125.0,-0.13313133397403565,1.74,2.18,1.97,0.848634326171875,23.0,215,142.8000030517578
OIL,USO,2026-05-13,0.024657534246575342,P,126.0,-0.1251631643248588,1.88,2.3,2.27,0.8359391406249999,11.0,14,142.8000030517578
OIL,USO,2026-05-13,0.024657534246575342,P,127.0,-0.11725798481774558,2.01,2.71,2.47,0.8430191479492187,18.0,22,142.8000030517578
OIL,USO,2026-05-13,0.024657534246575342,P,128.0,-0.1094148073567196,2.46,2.89,2.51,0.8532729516601563,20.0,22,142.8000030517578
OIL,USO,2026-05-13,0.024657534246575342,P,129.0,-0.10163266691466469,2.57,3.2,2.8,0.8464370825195311,6.0,57,142.8000030517578
OIL,USO,2026-05-13,0.024657534246575342,P,130.0,-0.09391062082075442,2.62,3.3,2.96,0.8198260205078124,233.0,169,142.8000030517578
OIL,USO,2026-05-13,0.024657534246575342,P,131.0,-0.08624774807518522,3.15,3.85,3.6,0.8518081225585938,220.0,4,142.8000030517578
OIL,USO,2026-05-13,0.024657534246575342,P,132.0,-0.07864314868996596,3.55,4.0,3.61,0.8469253588867187,12.0,15,142.8000030517578
OIL,USO,2026-05-13,0.024657534246575342,P,133.0,-0.07109594305458308,3.75,4.45,4.37,0.8461929443359374,23.0,16,142.8000030517578
OIL,USO,2026-05-13,0.024657534246575342,P,134.0,-0.0636052713254254,4.25,4.6,4.56,0.8432632861328124,12.0,5,142.8000030517578
OIL,USO,2026-05-13,0.024657534246575342,P,135.0,-0.05617029283790736,4.6,4.9,4.83,0.8383805224609374,14.0,74,142.8000030517578
OIL,USO,2026-05-13,0.024657534246575342,P,136.0,-0.048790185540284844,5.0,5.45,5.2,0.8481460498046874,5.0,17,142.8000030517578
OIL,USO,2026-05-13,0.024657534246575342,P,137.0,-0.04146414544821186,5.25,6.35,5.71,0.866212275390625,47.0,25,142.8000030517578
OIL,USO,2026-05-13,0.024657534246575342,P,138.0,-0.03419138611913212,5.6,6.5,6.25,0.8471694970703124,22.0,5,142.8000030517578
OIL,USO,2026-05-13,0.024657534246575342,P,139.0,-0.026971138145645095,6.2,6.8,6.49,0.8474136352539061,2.0,15,142.8000030517578
OIL,USO,2026-05-13,0.024657534246575342,P,140.0,-0.019802648667032477,6.65,7.45,7.09,0.8562026098632812,144.0,156,142.8000030517578
OIL,USO,2026-05-13,0.024657534246575342,P,141.0,-0.012685180898168537,7.1,7.9,7.9,0.8524184680175781,2.0,3,142.8000030517578
OIL,USO,2026-05-13,0.024657534246575342,P,142.0,-0.005618013675076122,7.5,8.35,8.45,0.8442398388671875,343.0,7,142.8000030517578
OIL,USO,2026-05-13,0.024657534246575342,P,143.0,0.0013995589835703896,8.2,8.9,8.57,0.8544936425781251,65.0,6,142.8000030517578
OIL,USO,2026-05-13,0.024657534246575342,P,144.0,0.008368228299663914,8.75,9.3,9.18,0.8476577734374999,4.0,3,142.8000030517578
OIL,USO,2026-05-13,0.024657534246575342,P,145.0,0.015288671144237657,9.15,10.05,11.04,0.8491226025390625,10.0,34,142.8000030517578
OIL,USO,2026-05-13,0.024657534246575342,P,146.0,0.022161550431999657,9.6,10.65,12.0,0.8436294934082031,3.0,26,142.8000030517578
OIL,USO,2026-05-13,0.024657534246575342,P,147.0,0.02898751550239948,10.3,11.3,11.15,0.851563984375,6.0,13,142.8000030517578
OIL,USO,2026-05-13,0.024657534246575342,P,148.0,0.035767202487778205,10.95,12.0,10.87,0.8576674389648438,1.0,2,142.8000030517578
OIL,USO,2026-05-13,0.024657534246575342,P,149.0,0.04250123466912225,11.65,12.6,12.3,0.85937640625,2.0,57,142.8000030517578
OIL,USO,2026-05-13,0.024657534246575342,P,150.0,0.049190222819919034,12.25,13.55,14.5,0.8725598681640624,6.0,52,142.8000030517578
OIL,USO,2026-05-13,0.024657534246575342,P,151.0,0.05583476553858758,13.0,13.7,11.8,0.8500991552734375,,3,142.8000030517578
OIL,USO,2026-05-13,0.024657534246575342,P,152.0,0.0624354495699396,13.6,14.75,14.3,0.8653577917480468,110.0,11,142.8000030517578
OIL,USO,2026-05-13,0.024657534246575342,P,152.5,0.06571952477112951,14.0,15.1,13.0,0.8684095190429688,,2,142.8000030517578
OIL,USO,2026-05-13,0.024657534246575342,P,156.0,0.08841093597320032,16.5,17.65,12.75,0.8686536572265625,,0,142.8000030517578
OIL,USO,2026-05-13,0.024657534246575342,P,160.0,0.11372874395749007,19.6,21.0,17.5,0.8859874682617187,,209,142.8000030517578
OIL,USO,2026-05-13,0.024657534246575342,P,161.0,0.11995929370812611,20.15,22.0,16.9,0.8828136718749999,,57,142.8000030517578
OIL,USO,2026-05-13,0.024657534246575342,P,166.0,0.15054271708020636,24.55,25.6,20.7,0.8591322680664062,,30,142.8000030517578
OIL,USO,2026-05-29,0.0684931506849315,C,50.0,-1.0494220658481908,90.9,95.0,64.48,1.6953140234375002,2.0,0,142.8000030517578
OIL,USO,2026-05-29,0.0684931506849315,C,65.0,-0.7870578013806997,76.05,79.95,77.7,1.3496126269531248,1.0,1,142.8000030517578
OIL,USO,2026-05-29,0.0684931506849315,C,70.0,-0.7129498292269778,71.0,75.1,78.03,1.2744176904296873,,5,142.8000030517578
OIL,USO,2026-05-29,0.0684931506849315,C,80.0,-0.5794184366024553,61.0,65.15,35.85,1.0742233789062503,4.0,3,142.8000030517578
OIL,USO,2026-05-29,0.0684931506849315,C,90.0,-0.4616354009460717,51.15,55.2,50.3,0.9267585449218749,80.0,69,142.8000030517578
OIL,USO,2026-05-29,0.0684931506849315,C,95.0,-0.40756817967579606,46.15,50.2,51.25,0.8320329296874999,2.0,37,142.8000030517578
OIL,USO,2026-05-29,0.0684931506849315,C,100.0,-0.35627488528824547,41.65,44.05,43.2,0.5468795312500001,3.0,338,142.8000030517578
OIL,USO,2026-05-29,0.0684931506849315,C,101.0,-0.3463245544350774,40.4,44.3,44.65,0.7812521875,,2,142.8000030517578
OIL,USO,2026-05-29,0.0684931506849315,C,103.0,-0.3267160830467011,38.5,42.3,19.94,0.7578149218750001,,1,142.8000030517578
OIL,USO,2026-05-29,0.0684931506849315,C,104.0,-0.31705417213496423,37.65,40.85,45.52,0.6967803759765626,1.0,1,142.8000030517578
OIL,USO,2026-05-29,0.0684931506849315,C,105.0,-0.3074847211188134,37.1,39.75,45.5,0.727541787109375,2.0,100,142.8000030517578
OIL,USO,2026-05-29,0.0684931506849315,C,107.0,-0.2886162368144307,35.3,37.7,39.09,0.7084990087890625,104.0,118,142.8000030517578
OIL,USO,2026-05-29,0.0684931506849315,C,108.0,-0.2793138441521171,34.1,36.95,38.04,0.6958038232421876,,6,142.8000030517578
OIL,USO,2026-05-29,0.0684931506849315,C,109.0,-0.27009718904719315,33.2,36.4,40.98,0.7324245507812499,4.0,15,142.8000030517578
OIL,USO,2026-05-29,0.0684931506849315,C,110.0,-0.26096470548392064,32.7,35.05,32.57,0.7263210961914062,12.0,50,142.8000030517578
OIL,USO,2026-05-29,0.0684931506849315,C,111.0,-0.25191486996400264,31.2,34.6,23.18,0.7111845288085938,28.0,77,142.8000030517578
OIL,USO,2026-05-29,0.0684931506849315,C,112.0,-0.24294619998124228,30.3,32.9,36.05,0.6372106591796876,1.0,18,142.8000030517578
OIL,USO,2026-05-29,0.0684931506849315,C,113.0,-0.23405725256399632,29.5,32.4,25.0,0.6804231176757813,8.0,29,142.8000030517578
OIL,USO,2026-05-29,0.0684931506849315,C,114.0,-0.22524662288184133,29.0,31.45,18.77,0.7026396923828125,10.0,49,142.8000030517578
OIL,USO,2026-05-29,0.0684931506849315,C,115.0,-0.21651294291308676,28.65,30.15,29.9,0.7067900415039063,12.0,152,142.8000030517578
OIL,USO,2026-05-29,0.0684931506849315,C,116.0,-0.2078548801699721,27.35,29.75,32.02,0.7058134887695313,1.0,12,142.8000030517578
OIL,USO,2026-05-29,0.0684931506849315,C,117.0,-0.19927113647858066,26.45,28.85,32.24,0.6975127905273439,1.0,36,142.8000030517578
OIL,USO,2026-05-29,0.0684931506849315,C,118.0,-0.19076044681067209,25.65,27.95,25.9,0.6945831323242189,3.0,36,142.8000030517578
OIL,USO,2026-05-29,0.0684931506849315,C,119.0,-0.18232157816480737,24.85,27.7,28.24,0.726565234375,4.0,20,142.8000030517578
OIL,USO,2026-05-29,0.0684931506849315,C,120.0,-0.1739533284942908,24.35,26.55,22.98,0.7229031616210937,4.0,248,142.8000030517578
OIL,USO,2026-05-29,0.0684931506849315,C,120.5,-0.16979531834562714,23.65,25.95,28.4,0.6958038232421876,2.0,50,142.8000030517578
OIL,USO,2026-05-29,0.0684931506849315,C,121.0,-0.16565452567959577,23.3,25.7,28.0,0.7053252124023439,2.0,23,142.8000030517578
OIL,USO,2026-05-29,0.0684931506849315,C,121.5,-0.1615308084957337,22.9,25.25,31.61,0.7016631396484375,1.0,18,142.8000030517578
OIL,USO,2026-05-29,0.0684931506849315,C,122.0,-0.1574240265430802,22.55,24.85,25.84,0.7026396923828125,3.0,161,142.8000030517578
OIL,USO,2026-05-29,0.0684931506849315,C,122.5,-0.1533340412915551,21.95,24.65,22.6,0.7009307250976562,4.0,66,142.8000030517578
OIL,USO,2026-05-29,0.0684931506849315,C,123.0,-0.14926071590391932,21.8,24.15,25.7,0.7060576269531251,2.0,418,142.8000030517578
OIL,USO,2026-05-29,0.0684931506849315,C,123.5,-0.14520391520830495,21.45,23.75,15.61,0.7059355578613282,3.0,402,142.8000030517578
OIL,USO,2026-05-29,0.0684931506849315,C,124.0,-0.14116350567129998,20.9,23.4,22.34,0.6987334814453126,3.0,231,142.8000030517578
OIL,USO,2026-05-29,0.0684931506849315,C,124.5,-0.13713935537157457,22.0,23.55,14.22,0.7857687438964844,246.0,82,142.8000030517578
OIL,USO,2026-05-29,0.0684931506849315,C,125.0,-0.13313133397403565,21.1,22.65,19.3,0.7388942126464844,3.0,161,142.8000030517578
OIL,USO,2026-05-29,0.0684931506849315,C,125.5,-0.12913931270449822,19.6,22.75,20.67,0.7092314233398438,168.0,36,142.8000030517578
OIL,USO,2026-05-29,0.0684931506849315,C,126.0,-0.1251631643248588,19.6,22.15,19.9,0.7141141870117188,170.0,98,142.8000030517578
OIL,USO,2026-05-29,0.0684931506849315,C,126.5,-0.1212027631087619,19.3,21.65,24.0,0.7100859069824219,2.0,84,142.8000030517578
OIL,USO,2026-05-29,0.0684931506849315,C,127.0,-0.11725798481774558,19.75,21.25,22.0,0.7407252490234374,1.0,125,142.8000030517578
OIL,USO,2026-05-29,0.0684931506849315,C,128.0,-0.1094148073567196,19.4,20.15,25.33,0.7370631762695312,33.0,52,142.8000030517578
OIL,USO,2026-05-29,0.0684931506849315,C,129.0,-0.10163266691466469,18.15,19.6,19.15,0.7187528125,8.0,131,142.8000030517578
OIL,USO,2026-05-29,0.0684931506849315,C,130.0,-0.09391062082075442,17.95,19.35,18.42,0.7514673291015624,23.0,252,142.8000030517578
OIL,USO,2026-05-29,0.0684931506849315,C,131.0,-0.08624774807518522,16.75,18.6,17.3,0.7260769580078125,52.0,98,142.8000030517578
OIL,USO,2026-05-29,0.0684931506849315,C,132.0,-0.07864314868996596,16.35,18.15,16.65,0.7406031799316406,34.0,52,142.8000030517578
OIL,USO,2026-05-29,0.0684931506849315,C,133.0,-0.07109594305458308,16.45,17.05,16.45,0.7482935327148439,2.0,57,142.8000030517578
OIL,USO,2026-05-29,0.0684931506849315,C,134.0,-0.0636052713254254,15.65,16.65,15.65,0.7475611181640626,6.0,98,142.8000030517578
OIL,USO,2026-05-29,0.0684931506849315,C,135.0,-0.05617029283790736,15.35,16.45,15.5,0.7702659692382813,12.0,393,142.8000030517578
OIL,USO,2026-05-29,0.0684931506849315,C,136.0,-0.048790185540284844,14.7,15.55,14.52,0.7553735400390625,3.0,63,142.8000030517578
OIL,USO,2026-05-29,0.0684931506849315,C,137.0,-0.04146414544821186,14.15,15.0,17.0,0.7551294018554688,1.0,31,142.8000030517578
OIL,USO,2026-05-29,0.0684931506849315,C,138.0,-0.03419138611913212,13.8,14.45,14.2,0.7606225109863283,6.0,34,142.8000030517578
OIL,USO,2026-05-29,0.0684931506849315,C,139.0,-0.026971138145645095,13.15,13.95,12.9,0.7568383691406251,3.0,25,142.8000030517578
OIL,USO,2026-05-29,0.0684931506849315,C,140.0,-0.019802648667032477,13.0,13.45,13.2,0.7686790710449221,36.0,375,142.8000030517578
OIL,USO,2026-05-29,0.0684931506849315,C,141.0,-0.012685180898168537,12.3,13.1,11.31,0.7663597583007813,7.0,509,142.8000030517578
OIL,USO,2026-05-29,0.0684931506849315,C,142.0,-0.005618013675076122,11.95,12.65,12.1,0.7712425219726562,9.0,30,142.8000030517578
OIL,USO,2026-05-29,0.0684931506849315,C,143.0,0.0013995589835703896,11.45,12.15,11.8,0.7688011401367189,29.0,23,142.8000030517578
OIL,USO,2026-05-29,0.0684931506849315,C,144.0,0.008368228299663914,11.05,11.85,11.58,0.7752708020019532,9.0,33,142.8000030517578
OIL,USO,2026-05-29,0.0684931506849315,C,145.0,0.015288671144237657,10.7,11.25,10.91,0.7727073510742188,91.0,954,142.8000030517578
OIL,USO,2026-05-29,0.0684931506849315,C,146.0,0.022161550431999657,10.3,11.0,10.37,0.7790549438476562,9.0,38,142.8000030517578
OIL,USO,2026-05-29,0.0684931506849315,C,147.0,0.02898751550239948,9.75,10.65,9.5,0.776491492919922,3.0,28,142.8000030517578
OIL,USO,2026-05-29,0.0684931506849315,C,148.0,0.035767202487778205,9.5,10.35,8.8,0.7844259838867188,10.0,113,142.8000030517578
OIL,USO,2026-05-29,0.0684931506849315,C,149.0,0.04250123466912225,9.2,9.95,10.0,0.7867452966308592,2.0,14,142.8000030517578
OIL,USO,2026-05-29,0.0684931506849315,C,150.0,0.049190222819919034,8.8,9.55,9.11,0.7850363293457032,86.0,733,142.8000030517578
OIL,USO,2026-05-29,0.0684931506849315,C,151.0,0.05583476553858758,8.45,9.2,7.95,0.7858908129882812,1.0,51,142.8000030517578
OIL,USO,2026-05-29,0.0684931506849315,C,152.0,0.0624354495699396,8.2,8.8,10.54,0.7875997802734375,1.0,91,142.8000030517578
OIL,USO,2026-05-29,0.0684931506849315,C,153.0,0.06899285011609864,7.65,8.55,8.14,0.7835715002441408,11.0,49,142.8000030517578
OIL,USO,2026-05-29,0.0684931506849315,C,154.0,0.0755075311372923,7.4,8.4,7.87,0.7919942675781251,43.0,43,142.8000030517578
OIL,USO,2026-05-29,0.0684931506849315,C,155.0,0.08198004564290973,6.65,8.7,7.0,0.7983418603515625,8.0,712,142.8000030517578
OIL,USO,2026-05-29,0.0684931506849315,C,156.0,0.08841093597320032,7.1,7.6,7.43,0.7971211694335938,1.0,91,142.8000030517578
OIL,USO,2026-05-29,0.0684931506849315,C,157.0,0.0948007340719713,6.75,7.45,6.6,0.8004170349121094,1.0,68,142.8000030517578
OIL,USO,2026-05-29,0.0684931506849315,C,158.0,0.10114996175063001,6.45,7.2,5.88,0.8012715185546875,1.0,10,142.8000030517578
OIL,USO,2026-05-29,0.0684931506849315,C,159.0,0.1074591309438947,5.15,6.7,6.65,0.7578149218750001,1.0,14,142.8000030517578
OIL,USO,2026-05-29,0.0684931506849315,C,160.0,0.11372874395749007,6.1,6.7,6.37,0.8098163549804687,252.0,349,142.8000030517578
OIL,USO,2026-05-29,0.0684931506849315,C,162.0,0.12615126395604734,5.5,6.25,5.67,0.8089618713378905,1.0,1,142.8000030517578
OIL,USO,2026-05-29,0.0684931506849315,C,163.0,0.13230512953042556,5.35,6.05,5.4,0.8139667041015625,2.0,2,142.8000030517578
OIL,USO,2026-05-29,0.0684931506849315,C,165.0,0.14450040262424377,5.0,5.5,4.95,0.8148211877441407,9.0,79,142.8000030517578
OIL,USO,2026-05-29,0.0684931506849315,C,170.0,0.17435336577392496,4.05,4.6,4.41,0.82226740234375,107.0,1094,142.8000030517578
OIL,USO,2026-05-29,0.0684931506849315,C,175.0,0.20334090264717727,3.4,3.85,3.65,0.8352067260742186,3.0,205,142.8000030517578
OIL,USO,2026-05-29,0.0684931506849315,C,180.0,0.23151177961387362,2.77,3.25,3.19,0.8444839770507812,3.0,189,142.8000030517578
OIL,USO,2026-05-29,0.0684931506849315,C,185.0,0.2589107538019881,1.99,2.81,2.51,0.842775009765625,2.0,33,142.8000030517578
OIL,USO,2026-05-29,0.0684931506849315,C,190.0,0.2855790008841493,1.76,2.41,2.08,0.8627943408203125,13.0,60,142.8000030517578
OIL,USO,2026-05-29,0.0684931506849315,C,195.0,0.31155448728741,1.47,1.84,1.73,0.860352958984375,20.0,25,142.8000030517578
OIL,USO,2026-05-29,0.0684931506849315,C,200.0,0.3368722952716999,1.19,1.5,1.5,0.8640150317382812,17.0,201,142.8000030517578
OIL,USO,2026-05-29,0.0684931506849315,C,205.0,0.3615649078620714,1.15,1.36,1.2,0.8950205810546874,3.0,91,142.8000030517578
OIL,USO,2026-05-29,0.0684931506849315,C,210.0,0.3856624594411319,0.95,1.3,1.12,0.9157723266601563,5.0,14,142.8000030517578
OIL,USO,2026-05-29,0.0684931506849315,C,215.0,0.40919295685132606,0.47,1.48,1.08,0.928711650390625,1.0,36,142.8000030517578
OIL,USO,2026-05-29,0.0684931506849315,C,220.0,0.43218247507602464,0.0,2.99,0.95,1.0607957116699218,1.0,5,142.8000030517578
OIL,USO,2026-05-29,0.0684931506849315,C,225.0,0.4546553309280833,0.59,1.04,1.13,0.9707034179687499,24.0,22,142.8000030517578
OIL,USO,2026-05-29,0.0684931506849315,C,230.0,0.4766342376468585,0.31,1.19,0.87,0.991211025390625,2.0,49,142.8000030517578
OIL,USO,2026-05-29,0.0684931506849315,C,235.0,0.49814044286782216,0.51,0.8,0.6,1.0009815576171874,54.0,210,142.8000030517578
OIL,USO,2026-05-29,0.0684931506849315,C,240.0,0.5191938520656545,0.01,1.24,1.92,1.0253954980468751,3.0,6,142.8000030517578
OIL,USO,2026-05-29,0.0684931506849315,C,250.0,0.5600158465859096,0.35,0.91,0.2,1.0893600219726562,16.0,86,142.8000030517578
OIL,USO,2026-05-29,0.0684931506849315,C,255.0,0.5798184738820893,0.0,1.09,0.63,1.0927779736328125,20.0,827,142.8000030517578
OIL,USO,2026-05-29,0.0684931506849315,C,260.0,0.5992365597391909,0.08,0.98,0.36,1.1171919140625,279.0,170,142.8000030517578
OIL,USO,2026-05-29,0.0684931506849315,C,265.0,0.6182847547098854,0.0,0.88,0.47,1.1123091259765625,,6,142.8000030517578
OIL,USO,2026-05-29,0.0684931506849315,C,270.0,0.636976887722038,0.0,0.39,0.01,1.0166064794921876,1.0,78,142.8000030517578
OIL,USO,2026-05-29,0.0684931506849315,P,60.0,-0.8671005090542361,0.0,0.05,0.03,1.15625421875,1.0,19,142.8000030517578
OIL,USO,2026-05-29,0.0684931506849315,P,65.0,-0.7870578013806997,0.0,0.55,0.18,1.4160185449218752,,1,142.8000030517578
OIL,USO,2026-05-29,0.0684931506849315,P,70.0,-0.7129498292269778,0.03,0.14,0.05,1.1015669921875002,4.0,79,142.8000030517578
OIL,USO,2026-05-29,0.0684931506849315,P,75.0,-0.6439569577400263,0.0,0.17,0.08,1.001958115234375,3.0,41,142.8000030517578
OIL,USO,2026-05-29,0.0684931506849315,P,80.0,-0.5794184366024553,0.06,0.2,0.06,0.9609378906249999,1.0,1308,142.8000030517578
OIL,USO,2026-05-29,0.0684931506849315,P,85.0,-0.5187938147860204,0.01,0.27,0.09,0.8789074609374999,11.0,292,142.8000030517578
OIL,USO,2026-05-29,0.0684931506849315,P,90.0,-0.4616354009460717,0.15,0.24,0.15,0.8320329296874999,134.0,1454,142.8000030517578
OIL,USO,2026-05-29,0.0684931506849315,P,95.0,-0.40756817967579606,0.05,0.42,0.36,0.7685570019531252,1.0,300,142.8000030517578
OIL,USO,2026-05-29,0.0684931506849315,P,100.0,-0.35627488528824547,0.3,0.45,0.36,0.7421900781249999,169.0,982,142.8000030517578
OIL,USO,2026-05-29,0.0684931506849315,P,101.0,-0.3463245544350774,0.22,0.44,0.29,0.708010732421875,4.0,122,142.8000030517578
OIL,USO,2026-05-29,0.0684931506849315,P,102.0,-0.3364722579920657,0.0,0.85,1.1,0.7246121289062499,3.0,6,142.8000030517578
OIL,USO,2026-05-29,0.0684931506849315,P,103.0,-0.3267160830467011,0.05,0.59,0.67,0.6699251757812501,2.0,12,142.8000030517578
OIL,USO,2026-05-29,0.0684931506849315,P,104.0,-0.31705417213496423,0.0,1.36,0.92,0.7597680273437502,4.0,4,142.8000030517578
OIL,USO,2026-05-29,0.0684931506849315,P,105.0,-0.3074847211188134,0.47,0.61,0.54,0.7050810742187501,36.0,365,142.8000030517578
OIL,USO,2026-05-29,0.0684931506849315,P,106.0,-0.2980059771642697,0.01,1.3,0.48,0.7163114306640624,4.0,8,142.8000030517578
OIL,USO,2026-05-29,0.0684931506849315,P,107.0,-0.2886162368144307,0.1,1.36,0.55,0.7153348779296875,6.0,8,142.8000030517578
OIL,USO,2026-05-29,0.0684931506849315,P,108.0,-0.2793138441521171,0.62,0.97,0.79,0.710940390625,10.0,15,142.8000030517578
OIL,USO,2026-05-29,0.0684931506849315,P,109.0,-0.27009718904719315,0.69,1.27,0.8,0.72851833984375,3.0,194,142.8000030517578
OIL,USO,2026-05-29,0.0684931506849315,P,110.0,-0.26096470548392064,0.74,1.1,0.94,0.6982452050781252,130.0,1167,142.8000030517578
OIL,USO,2026-05-29,0.0684931506849315,P,111.0,-0.25191486996400264,0.92,1.42,0.98,0.7231472998046875,1.0,48,142.8000030517578
OIL,USO,2026-05-29,0.0684931506849315,P,112.0,-0.24294619998124228,1.05,1.28,1.24,0.7026396923828125,10.0,387,142.8000030517578
OIL,USO,2026-05-29,0.0684931506849315,P,113.0,-0.23405725256399632,1.11,1.47,1.41,0.7026396923828125,12.0,82,142.8000030517578
OIL,USO,2026-05-29,0.0684931506849315,P,114.0,-0.22524662288184133,1.23,1.67,1.47,0.7063017651367188,1.0,32,142.8000030517578
OIL,USO,2026-05-29,0.0684931506849315,P,115.0,-0.21651294291308676,1.47,1.82,1.58,0.7128934960937501,38.0,342,142.8000030517578
OIL,USO,2026-05-29,0.0684931506849315,P,116.0,-0.2078548801699721,1.37,1.94,2.45,0.6936065795898438,3.0,29,142.8000030517578
OIL,USO,2026-05-29,0.0684931506849315,P,117.0,-0.19927113647858066,1.58,2.01,1.72,0.6906769213867189,9.0,93,142.8000030517578
OIL,USO,2026-05-29,0.0684931506849315,P,118.0,-0.19076044681067209,1.95,2.21,2.2,0.7041045214843751,6.0,77,142.8000030517578
OIL,USO,2026-05-29,0.0684931506849315,P,119.0,-0.18232157816480737,2.22,2.55,2.31,0.71679970703125,3.0,40,142.8000030517578
OIL,USO,2026-05-29,0.0684931506849315,P,120.0,-0.1739533284942908,2.27,2.82,2.56,0.711916943359375,368.0,2863,142.8000030517578
OIL,USO,2026-05-29,0.0684931506849315,P,120.5,-0.16979531834562714,2.49,2.73,2.63,0.7075224560546876,29.0,107,142.8000030517578
OIL,USO,2026-05-29,0.0684931506849315,P,121.0,-0.16565452567959577,2.42,3.2,2.81,0.7165555688476561,104.0,134,142.8000030517578
OIL,USO,2026-05-29,0.0684931506849315,P,121.5,-0.1615308084957337,2.55,3.2,2.82,0.7116728051757812,108.0,56,142.8000030517578
OIL,USO,2026-05-29,0.0684931506849315,P,122.0,-0.1574240265430802,2.63,3.25,3.0,0.7066679724121094,254.0,163,142.8000030517578
OIL,USO,2026-05-29,0.0684931506849315,P,122.5,-0.1533340412915551,2.81,3.3,3.16,0.7063017651367188,203.0,72,142.8000030517578
OIL,USO,2026-05-29,0.0684931506849315,P,123.0,-0.14926071590391932,2.92,3.6,3.25,0.7141141870117188,177.0,79,142.8000030517578
OIL,USO,2026-05-29,0.0684931506849315,P,123.5,-0.14520391520830495,3.05,3.8,3.3,0.7175321215820312,51.0,76,142.8000030517578
OIL,USO,2026-05-29,0.0684931506849315,P,124.0,-0.14116350567129998,3.05,3.95,3.5,0.7124052197265626,84.0,68,142.8000030517578
OIL,USO,2026-05-29,0.0684931506849315,P,124.5,-0.13713935537157457,3.3,4.2,3.77,0.7227810925292968,82.0,124,142.8000030517578
OIL,USO,2026-05-29,0.0684931506849315,P,125.0,-0.13313133397403565,3.7,4.15,3.9,0.7259548889160157,266.0,828,142.8000030517578
OIL,USO,2026-05-29,0.0684931506849315,P,125.5,-0.12913931270449822,3.7,4.25,3.9,0.7180203979492188,227.0,191,142.8000030517578
OIL,USO,2026-05-29,0.0684931506849315,P,126.0,-0.1251631643248588,3.85,4.45,4.09,0.7204617797851562,502.0,90,142.8000030517578
OIL,USO,2026-05-29,0.0684931506849315,P,126.5,-0.1212027631087619,3.95,4.65,4.5,0.7205838488769531,251.0,84,142.8000030517578
OIL,USO,2026-05-29,0.0684931506849315,P,127.0,-0.11725798481774558,4.2,4.75,4.49,0.7224148852539063,51.0,123,142.8000030517578
OIL,USO,2026-05-29,0.0684931506849315,P,128.0,-0.1094148073567196,4.6,5.0,4.65,0.7231472998046875,24.0,113,142.8000030517578
OIL,USO,2026-05-29,0.0684931506849315,P,129.0,-0.10163266691466469,4.85,5.5,5.08,0.726565234375,10.0,37,142.8000030517578
OIL,USO,2026-05-29,0.0684931506849315,P,130.0,-0.09391062082075442,5.1,5.75,5.52,0.7192410888671875,170.0,490,142.8000030517578
OIL,USO,2026-05-29,0.0684931506849315,P,131.0,-0.08624774807518522,5.65,6.15,6.08,0.7280300634765625,19.0,79,142.8000030517578
OIL,USO,2026-05-29,0.0684931506849315,P,132.0,-0.07864314868996596,6.1,6.5,6.32,0.7297390307617188,15.0,59,142.8000030517578
OIL,USO,2026-05-29,0.0684931506849315,P,133.0,-0.07109594305458308,6.5,7.0,6.57,0.7340114489746092,5.0,33,142.8000030517578
OIL,USO,2026-05-29,0.0684931506849315,P,134.0,-0.0636052713254254,6.8,7.45,7.2,0.7318142053222656,110.0,175,142.8000030517578
OIL,USO,2026-05-29,0.0684931506849315,P,135.0,-0.05617029283790736,7.3,8.0,7.67,0.739138350830078,60.0,195,142.8000030517578
OIL,USO,2026-05-29,0.0684931506849315,P,136.0,-0.048790185540284844,7.95,8.25,8.3,0.740114903564453,9.0,20,142.8000030517578
OIL,USO,2026-05-29,0.0684931506849315,P,137.0,-0.04146414544821186,8.3,8.85,8.95,0.7417018017578124,46.0,73,142.8000030517578
OIL,USO,2026-05-29,0.0684931506849315,P,138.0,-0.03419138611913212,8.85,9.3,9.0,0.7440211145019531,15.0,124,142.8000030517578
OIL,USO,2026-05-29,0.0684931506849315,P,139.0,-0.026971138145645095,9.35,9.8,11.1,0.7453638745117188,6.0,36,142.8000030517578
OIL,USO,2026-05-29,0.0684931506849315,P,140.0,-0.019802648667032477,9.75,10.4,10.34,0.7457300817871093,168.0,283,142.8000030517578
OIL,USO,2026-05-29,0.0684931506849315,P,141.0,-0.012685180898168537,10.25,11.0,10.5,0.7484156018066408,5.0,39,142.8000030517578
OIL,USO,2026-05-29,0.0684931506849315,P,142.0,-0.005618013675076122,11.05,11.75,11.4,0.7648949291992189,14.0,9,142.8000030517578
OIL,USO,2026-05-29,0.0684931506849315,P,143.0,0.0013995589835703896,11.5,12.15,12.09,0.7575707836914063,25.0,4,142.8000030517578
OIL,USO,2026-05-29,0.0684931506849315,P,144.0,0.008368228299663914,12.05,12.65,11.09,0.75586181640625,,10,142.8000030517578
OIL,USO,2026-05-29,0.0684931506849315,P,145.0,0.015288671144237657,11.95,13.4,13.0,0.7404811108398437,44.0,104,142.8000030517578
OIL,USO,2026-05-29,0.0684931506849315,P,146.0,0.022161550431999657,13.35,14.05,14.05,0.7694114855957033,1.0,26,142.8000030517578
OIL,USO,2026-05-29,0.0684931506849315,P,147.0,0.02898751550239948,13.9,14.6,14.5,0.7668480346679689,6.0,37,142.8000030517578
OIL,USO,2026-05-29,0.0684931506849315,P,148.0,0.035767202487778205,14.65,15.05,14.75,0.766725965576172,13.0,319,142.8000030517578
OIL,USO,2026-05-29,0.0684931506849315,P,149.0,0.04250123466912225,15.35,15.7,16.0,0.7706321765136719,10.0,29,142.8000030517578
OIL,USO,2026-05-29,0.0684931506849315,P,150.0,0.049190222819919034,15.95,16.45,16.25,0.7738059729003908,42.0,281,142.8000030517578
OIL,USO,2026-05-29,0.0684931506849315,P,151.0,0.05583476553858758,14.75,17.25,16.85,0.7187528125,9.0,9,142.8000030517578
OIL,USO,2026-05-29,0.0684931506849315,P,152.0,0.0624354495699396,17.0,17.95,16.45,0.7728294201660157,4.0,448,142.8000030517578
OIL,USO,2026-05-29,0.0684931506849315,P,153.0,0.06899285011609864,17.85,18.55,25.45,0.7769797692871094,,26,142.8000030517578
OIL,USO,2026-05-29,0.0684931506849315,P,154.0,0.0755075311372923,18.35,19.5,19.2,0.7805197729492188,79.0,2,142.8000030517578
OIL,USO,2026-05-29,0.0684931506849315,P,155.0,0.08198004564290973,19.35,20.15,19.75,0.790041162109375,45.0,16,142.8000030517578
OIL,USO,2026-05-29,0.0684931506849315,P,156.0,0.08841093597320032,19.6,20.6,21.28,0.766725965576172,2.0,0,142.8000030517578
OIL,USO,2026-05-29,0.0684931506849315,P,158.0,0.10114996175063001,21.2,22.15,21.8,0.7772239074707032,5.0,6,142.8000030517578
OIL,USO,2026-05-29,0.0684931506849315,P,159.0,0.1074591309438947,21.85,23.05,20.3,0.7807639111328125,,6,142.8000030517578
OIL,USO,2026-05-29,0.0684931506849315,P,160.0,0.11372874395749007,23.05,23.85,23.5,0.7994404821777343,10.0,117,142.8000030517578
OIL,USO,2026-05-29,0.0684931506849315,P,161.0,0.11995929370812611,23.75,24.35,25.28,0.7894308166503907,100.0,5,142.8000030517578
OIL,USO,2026-05-29,0.0684931506849315,P,162.0,0.12615126395604734,24.45,25.25,22.41,0.7928487512207032,,5,142.8000030517578
OIL,USO,2026-05-29,0.0684931506849315,P,163.0,0.13230512953042556,25.25,26.3,25.96,0.8049335913085938,20.0,0,142.8000030517578
OIL,USO,2026-05-29,0.0684931506849315,P,165.0,0.14450040262424377,25.75,27.9,27.25,0.7675804492187501,17.0,143,142.8000030517578
OIL,USO,2026-05-29,0.0684931506849315,P,170.0,0.17435336577392496,30.4,32.15,32.0,0.8020039331054687,10.0,55,142.8000030517578
OIL,USO,2026-05-29,0.0684931506849315,P,175.0,0.20334090264717727,34.65,37.0,30.0,0.8354508642578123,,20,142.8000030517578
OIL,USO,2026-05-29,0.0684931506849315,P,180.0,0.23151177961387362,39.15,41.4,48.2,0.8508315698242188,,1,142.8000030517578
OIL,USO,2026-05-29,0.0684931506849315,P,185.0,0.2589107538019881,43.5,46.1,47.5,0.864137100830078,,2,142.8000030517578
OIL,USO,2026-05-29,0.0684931506849315,P,195.0,0.31155448728741,52.75,55.35,62.0,0.8862316064453124,,4,142.8000030517578
OIL,USO,2026-05-29,0.0684931506849315,P,200.0,0.3368722952716999,56.8,60.25,66.65,0.8610853735351562,,2,142.8000030517578
OIL,USO,2026-05-29,0.0684931506849315,P,220.0,0.43218247507602464,76.65,79.45,73.6,0.9418951123046875,,1,142.8000030517578
OIL,USO,2026-06-18,0.1232876712328767,C,25.0,-1.7425692464081362,116.0,120.0,99.62,2.1816451708984372,,0,142.8000030517578
OIL,USO,2026-06-18,0.1232876712328767,C,30.0,-1.5602476896141815,110.9,115.0,107.45,1.8828130859374999,,0,142.8000030517578
OIL,USO,2026-06-18,0.1232876712328767,C,50.0,-1.0494220658481908,91.0,95.0,100.85,1.3359408203124996,1.0,3,142.8000030517578
OIL,USO,2026-06-18,0.1232876712328767,C,55.0,-0.954111886043866,85.9,90.05,71.25,1.19922275390625,5.0,6,142.8000030517578
OIL,USO,2026-06-18,0.1232876712328767,C,60.0,-0.8671005090542361,80.95,85.05,74.5,1.1181684716796876,4.0,28,142.8000030517578
OIL,USO,2026-06-18,0.1232876712328767,C,65.0,-0.7870578013806997,76.0,79.95,62.15,1.0039112304687499,1.0,2,142.8000030517578
OIL,USO,2026-06-18,0.1232876712328767,C,70.0,-0.7129498292269778,71.0,75.15,69.33,0.9804689453125001,10.0,80,142.8000030517578
OIL,USO,2026-06-18,0.1232876712328767,C,72.0,-0.6847789522602814,69.1,73.05,67.35,0.945313046875,10.0,41,142.8000030517578
OIL,USO,2026-06-18,0.1232876712328767,C,73.0,-0.6709856301279457,68.0,72.0,55.2,0.88476677734375,2.0,10,142.8000030517578
OIL,USO,2026-06-18,0.1232876712328767,C,74.0,-0.6573799780721671,67.05,71.15,56.53,0.9238288867187501,1.0,21,142.8000030517578
OIL,USO,2026-06-18,0.1232876712328767,C,75.0,-0.6439569577400263,66.05,70.2,60.65,0.918946123046875,1.0,42,142.8000030517578
OIL,USO,2026-06-18,0.1232876712328767,C,76.0,-0.6307117309900057,65.05,69.25,39.69,0.913086806640625,1.0,1,142.8000030517578
OIL,USO,2026-06-18,0.1232876712328767,C,77.0,-0.617639649422653,64.15,68.05,37.03,0.8730481445312499,5.0,17,142.8000030517578
OIL,USO,2026-06-18,0.1232876712328767,C,78.0,-0.604736244586745,63.15,66.5,36.0,0.6210975390625001,20.0,12,142.8000030517578
OIL,USO,2026-06-18,0.1232876712328767,C,79.0,-0.5919972188093153,62.1,64.95,60.8,1.0869186279296876,1.0,7,142.8000030517578
OIL,USO,2026-06-18,0.1232876712328767,C,80.0,-0.5794184366024553,61.0,65.15,63.92,0.813478427734375,1.0,418,142.8000030517578
OIL,USO,2026-06-18,0.1232876712328767,C,81.0,-0.5669959166038979,60.2,64.3,46.73,0.8676771044921875,1.0,14,142.8000030517578
OIL,USO,2026-06-18,0.1232876712328767,C,82.0,-0.5547258240120837,59.1,62.55,41.24,0.5742230078125,15.0,37,142.8000030517578
OIL,USO,2026-06-18,0.1232876712328767,C,83.0,-0.5426044634797389,58.15,62.25,51.37,0.8173846386718748,3.0,109,142.8000030517578
OIL,USO,2026-06-18,0.1232876712328767,C,84.0,-0.5306282724330231,57.25,61.3,50.38,0.8271501660156249,3.0,41,142.8000030517578
OIL,USO,2026-06-18,0.1232876712328767,C,85.0,-0.5187938147860204,56.3,60.15,62.87,0.7949239257812499,3.0,320,142.8000030517578
OIL,USO,2026-06-18,0.1232876712328767,C,86.0,-0.5070977750228292,55.2,59.35,51.01,0.7949239257812499,4.0,16,142.8000030517578
OIL,USO,2026-06-18,0.1232876712328767,C,87.0,-0.495536952621753,54.65,57.85,62.51,0.77148666015625,5.0,31,142.8000030517578
OIL,USO,2026-06-18,0.1232876712328767,C,88.0,-0.48410825679813035,53.65,56.2,47.76,0.6162147753906251,2.0,64,142.8000030517578
OIL,USO,2026-06-18,0.1232876712328767,C,89.0,-0.472808701544197,52.7,55.35,46.8,0.65820654296875,6.0,82,142.8000030517578
OIL,USO,2026-06-18,0.1232876712328767,C,90.0,-0.4616354009460717,52.25,54.0,53.49,0.684573466796875,40.0,11315,142.8000030517578
OIL,USO,2026-06-18,0.1232876712328767,C,91.0,-0.45058556475948675,51.15,53.2,51.93,0.6875031250000001,1.0,39,142.8000030517578
OIL,USO,2026-06-18,0.1232876712328767,C,92.0,-0.4396564942272966,49.8,52.3,43.91,0.6279334082031252,2.0,7,142.8000030517578
OIL,USO,2026-06-18,0.1232876712328767,C,93.0,-0.42884557812308083,48.85,51.5,33.08,0.659183095703125,1.0,14,142.8000030517578
OIL,USO,2026-06-18,0.1232876712328767,C,94.0,-0.41815028900633294,47.9,50.15,55.33,0.5908244042968751,11.0,22,142.8000030517578
OIL,USO,2026-06-18,0.1232876712328767,C,95.0,-0.40756817967579606,47.35,49.15,47.46,0.6523472265625001,7.0,3206,142.8000030517578
OIL,USO,2026-06-18,0.1232876712328767,C,96.0,-0.3970968798085005,46.1,48.6,50.94,0.6635775830078127,5.0,74,142.8000030517578
OIL,USO,2026-06-18,0.1232876712328767,C,97.0,-0.386734092772954,45.05,47.45,52.84,0.624027197265625,1.0,110,142.8000030517578
OIL,USO,2026-06-18,0.1232876712328767,C,98.0,-0.37647759260576497,44.1,46.8,49.18,0.6567417138671876,10.0,29,142.8000030517578
OIL,USO,2026-06-18,0.1232876712328767,C,99.0,-0.3663252211417468,43.25,45.6,20.05,0.6367223828125,43.0,55,142.8000030517578
OIL,USO,2026-06-18,0.1232876712328767,C,100.0,-0.35627488528824547,42.45,44.55,44.39,0.637698935546875,18.0,1316,142.8000030517578
OIL,USO,2026-06-18,0.1232876712328767,C,101.0,-0.3463245544350774,41.35,44.0,44.75,0.6547886083984377,1.0,62,142.8000030517578
OIL,USO,2026-06-18,0.1232876712328767,C,102.0,-0.3364722579920657,40.85,42.7,40.15,0.6562534375000001,1.0,62,142.8000030517578
OIL,USO,2026-06-18,0.1232876712328767,C,103.0,-0.3267160830467011,39.55,41.95,49.0,0.6372106591796876,40.0,127,142.8000030517578
OIL,USO,2026-06-18,0.1232876712328767,C,104.0,-0.31705417213496423,38.6,41.05,21.57,0.6335485864257813,1.0,141,142.8000030517578
OIL,USO,2026-06-18,0.1232876712328767,C,105.0,-0.3074847211188134,38.3,39.7,39.0,0.6435582519531251,43.0,889,142.8000030517578
OIL,USO,2026-06-18,0.1232876712328767,C,106.0,-0.2980059771642697,36.85,39.5,35.07,0.6513706738281251,1.0,46,142.8000030517578
OIL,USO,2026-06-18,0.1232876712328767,C,107.0,-0.2886162368144307,35.9,38.35,35.3,0.6291540991210938,1.0,36,142.8000030517578
OIL,USO,2026-06-18,0.1232876712328767,C,108.0,-0.2793138441521171,35.2,37.6,39.88,0.6467320483398438,1.0,275,142.8000030517578
OIL,USO,2026-06-18,0.1232876712328767,C,109.0,-0.27009718904719315,34.2,36.25,41.99,0.6101113208007813,1.0,42,142.8000030517578
OIL,USO,2026-06-18,0.1232876712328767,C,110.0,-0.26096470548392064,34.1,35.5,34.77,0.6577182666015625,14.0,1678,142.8000030517578
OIL,USO,2026-06-18,0.1232876712328767,C,111.0,-0.25191486996400264,33.1,34.9,37.0,0.6611362011718751,7.0,90,142.8000030517578
OIL,USO,2026-06-18,0.1232876712328767,C,112.0,-0.24294619998124228,31.7,33.75,32.87,0.6169471899414063,3.0,92,142.8000030517578
OIL,USO,2026-06-18,0.1232876712328767,C,113.0,-0.23405725256399632,31.2,33.3,35.8,0.6506382592773439,3.0,343,142.8000030517578
OIL,USO,2026-06-18,0.1232876712328767,C,114.0,-0.22524662288184133,30.3,32.2,38.5,0.6335485864257813,9.0,149,142.8000030517578
OIL,USO,2026-06-18,0.1232876712328767,C,115.0,-0.21651294291308676,30.0,31.8,31.05,0.6717562121582032,22.0,1781,142.8000030517578
OIL,USO,2026-06-18,0.1232876712328767,C,116.0,-0.2078548801699721,28.85,31.05,32.67,0.6578403356933593,10.0,537,142.8000030517578
OIL,USO,2026-06-18,0.1232876712328767,C,117.0,-0.19927113647858066,27.85,30.35,26.25,0.6517368811035158,2.0,57,142.8000030517578
OIL,USO,2026-06-18,0.1232876712328767,C,118.0,-0.19076044681067209,27.45,29.05,32.59,0.6451451501464844,20.0,201,142.8000030517578
OIL,USO,2026-06-18,0.1232876712328767,C,119.0,-0.18232157816480737,26.95,28.3,26.7,0.6546665393066409,3.0,279,142.8000030517578
OIL,USO,2026-06-18,0.1232876712328767,C,120.0,-0.1739533284942908,26.55,27.65,27.08,0.6696810375976563,168.0,1960,142.8000030517578
OIL,USO,2026-06-18,0.1232876712328767,C,121.0,-0.16565452567959577,25.8,26.9,25.85,0.6677279321289065,2.0,302,142.8000030517578
OIL,USO,2026-06-18,0.1232876712328767,C,122.0,-0.1574240265430802,24.8,26.2,25.2,0.6585727502441407,10.0,216,142.8000030517578
OIL,USO,2026-06-18,0.1232876712328767,C,123.0,-0.14926071590391932,24.55,25.5,25.4,0.6732210412597659,1.0,193,142.8000030517578
OIL,USO,2026-06-18,0.1232876712328767,C,124.0,-0.14116350567129998,23.4,25.2,24.45,0.6706575903320313,1.0,204,142.8000030517578
OIL,USO,2026-06-18,0.1232876712328767,C,125.0,-0.13313133397403565,23.1,24.35,23.78,0.6766389758300781,52.0,3669,142.8000030517578
OIL,USO,2026-06-18,0.1232876712328767,C,126.0,-0.1251631643248588,22.4,23.8,22.53,0.6787141503906251,2.0,171,142.8000030517578
OIL,USO,2026-06-18,0.1232876712328767,C,127.0,-0.11725798481774558,21.4,22.95,25.22,0.6623568920898439,2.0,173,142.8000030517578
OIL,USO,2026-06-18,0.1232876712328767,C,128.0,-0.1094148073567196,21.15,22.65,23.0,0.6833527758789064,3.0,139,142.8000030517578
OIL,USO,2026-06-18,0.1232876712328767,C,129.0,-0.10163266691466469,21.1,21.7,24.2,0.6901886450195314,16.0,321,142.8000030517578
OIL,USO,2026-06-18,0.1232876712328767,C,130.0,-0.09391062082075442,20.55,21.15,20.8,0.69336244140625,297.0,3310,142.8000030517578
OIL,USO,2026-06-18,0.1232876712328767,C,131.0,-0.08624774807518522,19.4,20.7,19.94,0.6821320849609377,10.0,112,142.8000030517578
OIL,USO,2026-06-18,0.1232876712328767,C,132.0,-0.07864314868996596,19.45,19.95,19.4,0.6947052014160158,9.0,3170,142.8000030517578
OIL,USO,2026-06-18,0.1232876712328767,C,133.0,-0.07109594305458308,18.85,19.55,18.7,0.6984893432617189,1.0,44,142.8000030517578
OIL,USO,2026-06-18,0.1232876712328767,C,134.0,-0.0636052713254254,18.0,19.0,22.19,0.6909210595703126,2.0,49,142.8000030517578
OIL,USO,2026-06-18,0.1232876712328767,C,135.0,-0.05617029283790736,17.9,18.35,18.13,0.6998321032714845,77.0,1635,142.8000030517578
OIL,USO,2026-06-18,0.1232876712328767,C,136.0,-0.048790185540284844,17.2,18.15,16.7,0.7041655560302735,1.0,111,142.8000030517578
OIL,USO,2026-06-18,0.1232876712328767,C,137.0,-0.04146414544821186,16.9,17.55,16.63,0.7077665942382813,1.0,81,142.8000030517578
OIL,USO,2026-06-18,0.1232876712328767,C,138.0,-0.03419138611913212,16.45,17.1,16.74,0.7107572869873047,3.0,95,142.8000030517578
OIL,USO,2026-06-18,0.1232876712328767,C,139.0,-0.026971138145645095,14.95,16.85,14.95,0.6917755432128907,11.0,49,142.8000030517578
OIL,USO,2026-06-18,0.1232876712328767,C,140.0,-0.019802648667032477,15.6,16.25,15.88,0.7174100524902343,528.0,3153,142.8000030517578
OIL,USO,2026-06-18,0.1232876712328767,C,141.0,-0.012685180898168537,15.1,15.75,15.35,0.7160672924804687,49.0,140,142.8000030517578
OIL,USO,2026-06-18,0.1232876712328767,C,142.0,-0.005618013675076122,14.8,15.35,14.7,0.7216824707031251,28.0,468,142.8000030517578
OIL,USO,2026-06-18,0.1232876712328767,C,143.0,0.0013995589835703896,14.3,15.0,14.63,0.7230252307128906,43.0,186,142.8000030517578
OIL,USO,2026-06-18,0.1232876712328767,C,144.0,0.008368228299663914,14.0,14.55,12.5,0.7261990270996093,11.0,26,142.8000030517578
OIL,USO,2026-06-18,0.1232876712328767,C,145.0,0.015288671144237657,13.8,14.0,13.84,0.7289455816650392,411.0,2586,142.8000030517578
OIL,USO,2026-06-18,0.1232876712328767,C,146.0,0.022161550431999657,13.15,13.8,13.0,0.7287014434814454,7.0,261,142.8000030517578
OIL,USO,2026-06-18,0.1232876712328767,C,147.0,0.02898751550239948,12.8,13.4,12.94,0.7303493762207032,15.0,120,142.8000030517578
OIL,USO,2026-06-18,0.1232876712328767,C,148.0,0.035767202487778205,12.45,13.15,12.63,0.7352321398925781,21.0,97,142.8000030517578
OIL,USO,2026-06-18,0.1232876712328767,C,149.0,0.04250123466912225,12.2,12.75,12.33,0.7384059362792967,54.0,677,142.8000030517578
OIL,USO,2026-06-18,0.1232876712328767,C,150.0,0.049190222819919034,12.0,12.3,12.18,0.741091456298828,1375.0,4811,142.8000030517578
OIL,USO,2026-06-18,0.1232876712328767,C,151.0,0.05583476553858758,11.5,12.1,11.64,0.7421290435791015,14.0,168,142.8000030517578
OIL,USO,2026-06-18,0.1232876712328767,C,152.0,0.0624354495699396,11.1,11.75,11.37,0.7414576635742187,18.0,222,142.8000030517578
OIL,USO,2026-06-18,0.1232876712328767,C,153.0,0.06899285011609864,10.85,11.4,10.95,0.7440211145019531,16.0,19,142.8000030517578
OIL,USO,2026-06-18,0.1232876712328767,C,154.0,0.0755075311372923,10.5,11.1,10.57,0.7448755981445312,32.0,9,142.8000030517578
OIL,USO,2026-06-18,0.1232876712328767,C,155.0,0.08198004564290973,10.2,10.65,10.42,0.7429224926757811,231.0,4122,142.8000030517578
OIL,USO,2026-06-18,0.1232876712328767,C,156.0,0.08841093597320032,9.8,10.65,10.01,0.749148016357422,41.0,41,142.8000030517578
OIL,USO,2026-06-18,0.1232876712328767,C,157.0,0.0948007340719713,9.7,10.35,9.66,0.7550073327636719,3.0,23,142.8000030517578
OIL,USO,2026-06-18,0.1232876712328767,C,158.0,0.10114996175063001,9.35,10.1,9.85,0.7554956091308593,28.0,143,142.8000030517578
OIL,USO,2026-06-18,0.1232876712328767,C,159.0,0.1074591309438947,9.15,9.7,9.5,0.7555566436767578,76.0,66,142.8000030517578
OIL,USO,2026-06-18,0.1232876712328767,C,160.0,0.11372874395749007,9.1,9.3,9.25,0.7590356127929689,251.0,2610,142.8000030517578
OIL,USO,2026-06-18,0.1232876712328767,C,161.0,0.11995929370812611,8.6,9.35,8.7,0.7622094091796876,34.0,67,142.8000030517578
OIL,USO,2026-06-18,0.1232876712328767,C,162.0,0.12615126395604734,8.5,8.95,8.12,0.76367423828125,1.0,110,142.8000030517578
OIL,USO,2026-06-18,0.1232876712328767,C,163.0,0.13230512953042556,8.4,8.7,9.67,0.7686790710449221,13.0,190,142.8000030517578
OIL,USO,2026-06-18,0.1232876712328767,C,164.0,0.1384213565478616,8.15,8.45,8.2,0.7694114855957033,1.0,29,142.8000030517578
OIL,USO,2026-06-18,0.1232876712328767,C,165.0,0.14450040262424377,7.95,8.3,8.13,0.7738059729003908,120.0,1626,142.8000030517578
OIL,USO,2026-06-18,0.1232876712328767,C,170.0,0.17435336577392496,7.0,7.25,7.1,0.7841818457031251,1205.0,1731,142.8000030517578
OIL,USO,2026-06-18,0.1232876712328767,C,175.0,0.20334090264717727,6.05,6.45,6.26,0.7938863385009765,394.0,633,142.8000030517578
OIL,USO,2026-06-18,0.1232876712328767,C,180.0,0.23151177961387362,5.25,5.7,5.52,0.8023701403808592,421.0,1176,142.8000030517578
OIL,USO,2026-06-18,0.1232876712328767,C,185.0,0.2589107538019881,4.65,5.1,4.75,0.8151873950195312,78.0,435,142.8000030517578
OIL,USO,2026-06-18,0.1232876712328767,C,190.0,0.2855790008841493,4.1,4.45,4.22,0.82226740234375,20.0,666,142.8000030517578
OIL,USO,2026-06-18,0.1232876712328767,C,195.0,0.31155448728741,3.7,3.9,3.7,0.8326432751464843,20.0,192,142.8000030517578
OIL,USO,2026-06-18,0.1232876712328767,C,200.0,0.3368722952716999,3.0,3.45,3.35,0.8300798242187499,670.0,3395,142.8000030517578
OIL,USO,2026-06-18,0.1232876712328767,C,205.0,0.3615649078620714,2.8,3.35,2.9,0.8566908862304687,55.0,265,142.8000030517578
OIL,USO,2026-06-18,0.1232876712328767,C,210.0,0.3856624594411319,2.44,2.96,2.53,0.861451580810547,17.0,169,142.8000030517578
OIL,USO,2026-06-18,0.1232876712328767,C,215.0,0.40919295685132606,2.22,2.66,2.33,0.8725598681640624,127.0,1337,142.8000030517578
OIL,USO,2026-06-18,0.1232876712328767,C,220.0,0.43218247507602464,1.97,2.27,2.06,0.873902628173828,12.0,373,142.8000030517578
OIL,USO,2026-06-18,0.1232876712328767,C,225.0,0.4546553309280833,1.58,2.04,1.82,0.8718274536132812,36.0,66,142.8000030517578
OIL,USO,2026-06-18,0.1232876712328767,C,230.0,0.4766342376468585,1.59,1.88,1.71,0.8930674755859375,7.0,376,142.8000030517578
OIL,USO,2026-06-18,0.1232876712328767,C,235.0,0.49814044286782216,1.24,1.73,1.47,0.8906260937499999,3.0,101,142.8000030517578
OIL,USO,2026-06-18,0.1232876712328767,C,240.0,0.5191938520656545,1.13,1.55,1.31,0.8984385156249999,10.0,122,142.8000030517578
OIL,USO,2026-06-18,0.1232876712328767,C,245.0,0.5398131392683903,0.93,1.43,1.17,0.9011240356445311,16.0,384,142.8000030517578
OIL,USO,2026-06-18,0.1232876712328767,C,250.0,0.5600158465859096,0.96,1.29,1.14,0.9177254321289063,77.0,531,142.8000030517578
OIL,USO,2026-06-18,0.1232876712328767,C,255.0,0.5798184738820893,0.72,1.16,0.96,0.9106454248046875,3.0,81,142.8000030517578
OIL,USO,2026-06-18,0.1232876712328767,C,260.0,0.5992365597391909,0.8,1.0,0.85,0.9267585449218749,18.0,742,142.8000030517578
OIL,USO,2026-06-18,0.1232876712328767,C,265.0,0.6182847547098854,0.66,0.92,0.72,0.9274909594726561,8.0,173,142.8000030517578
OIL,USO,2026-06-18,0.1232876712328767,C,270.0,0.636976887722038,0.67,0.9,0.8,0.948242705078125,8.0,576,142.8000030517578
OIL,USO,2026-06-18,0.1232876712328767,C,275.0,0.6553260263902345,0.57,0.75,0.5,0.9414068359375,9.0,978,142.8000030517578
OIL,USO,2026-06-18,0.1232876712328767,C,280.0,0.6733445318929129,0.48,0.74,0.52,0.9497075341796875,4.0,2,142.8000030517578
OIL,USO,2026-06-18,0.1232876712328767,C,285.0,0.6910441089923137,0.33,0.82,0.49,0.9604496142578124,2.0,0,142.8000030517578
OIL,USO,2026-06-18,0.1232876712328767,C,295.0,0.7255302850634829,0.18,0.7,0.49,0.9584965087890623,1.0,1,142.8000030517578
OIL,USO,2026-06-18,0.1232876712328767,C,300.0,0.7423374033798643,0.21,0.45,0.43,0.937500625,128.0,2331,142.8000030517578
OIL,USO,2026-06-18,0.1232876712328767,P,25.0,-1.7425692464081362,0.0,0.02,0.01,1.5937520312499998,2.0,1244,142.8000030517578
OIL,USO,2026-06-18,0.1232876712328767,P,30.0,-1.5602476896141815,0.0,0.03,0.02,1.46875265625,143.0,488,142.8000030517578
OIL,USO,2026-06-18,0.1232876712328767,P,35.0,-1.4060970097869232,0.0,2.11,0.01,2.328129179687499,1.0,328,142.8000030517578
OIL,USO,2026-06-18,0.1232876712328767,P,40.0,-1.2725656171624005,0.0,0.03,0.03,1.203128984375,370.0,805,142.8000030517578
OIL,USO,2026-06-18,0.1232876712328767,P,45.0,-1.154782581506017,0.0,0.03,0.03,1.09375453125,20.0,804,142.8000030517578
OIL,USO,2026-06-18,0.1232876712328767,P,50.0,-1.0494220658481908,0.02,0.08,0.07,1.125004375,4.0,7267,142.8000030517578
OIL,USO,2026-06-18,0.1232876712328767,P,55.0,-0.954111886043866,0.0,0.19,0.08,1.109379453125,3.0,1402,142.8000030517578
OIL,USO,2026-06-18,0.1232876712328767,P,60.0,-0.8671005090542361,0.05,0.11,0.06,0.992187578125,26.0,748,142.8000030517578
OIL,USO,2026-06-18,0.1232876712328767,P,65.0,-0.7870578013806997,0.05,0.18,0.09,0.9492192578124999,10.0,1708,142.8000030517578
OIL,USO,2026-06-18,0.1232876712328767,P,70.0,-0.7129498292269778,0.1,0.22,0.12,0.9062509375,153.0,18819,142.8000030517578
OIL,USO,2026-06-18,0.1232876712328767,P,71.0,-0.6987651942350215,0.0,0.38,0.11,0.911133701171875,10.0,175,142.8000030517578
OIL,USO,2026-06-18,0.1232876712328767,P,72.0,-0.6847789522602814,0.0,0.55,0.39,0.945313046875,1.0,2539,142.8000030517578
OIL,USO,2026-06-18,0.1232876712328767,P,73.0,-0.6709856301279457,0.01,0.36,0.22,0.87500125,2.0,21,142.8000030517578
OIL,USO,2026-06-18,0.1232876712328767,P,74.0,-0.6573799780721671,0.05,0.21,0.2,0.8183611914062499,7.0,23,142.8000030517578
OIL,USO,2026-06-18,0.1232876712328767,P,75.0,-0.6439569577400263,0.1,0.14,0.13,0.7929708203125,332.0,3673,142.8000030517578
OIL,USO,2026-06-18,0.1232876712328767,P,76.0,-0.6307117309900057,0.0,0.39,0.34,0.8339860351562498,239.0,416,142.8000030517578
OIL,USO,2026-06-18,0.1232876712328767,P,77.0,-0.617639649422653,0.0,1.5,0.23,1.0297900073242188,172.0,231,142.8000030517578
OIL,USO,2026-06-18,0.1232876712328767,P,78.0,-0.604736244586745,0.0,0.22,0.18,0.7402369726562499,3.0,47,142.8000030517578
OIL,USO,2026-06-18,0.1232876712328767,P,79.0,-0.5919972188093153,0.0,0.51,0.42,0.8203142968749999,2.0,194,142.8000030517578
OIL,USO,2026-06-18,0.1232876712328767,P,80.0,-0.5794184366024553,0.18,0.21,0.17,0.772463212890625,2753.0,10360,142.8000030517578
OIL,USO,2026-06-18,0.1232876712328767,P,81.0,-0.5669959166038979,0.0,0.75,0.39,0.840821904296875,3.0,143,142.8000030517578
OIL,USO,2026-06-18,0.1232876712328767,P,82.0,-0.5547258240120837,0.17,0.28,0.35,0.7587914746093751,30.0,236,142.8000030517578
OIL,USO,2026-06-18,0.1232876712328767,P,83.0,-0.5426044634797389,0.0,0.74,0.33,0.80664255859375,1.0,171,142.8000030517578
OIL,USO,2026-06-18,0.1232876712328767,P,84.0,-0.5306282724330231,0.08,0.32,0.44,0.71679970703125,3.0,150,142.8000030517578
OIL,USO,2026-06-18,0.1232876712328767,P,85.0,-0.5187938147860204,0.23,0.3,0.26,0.7338893798828124,51.0,10095,142.8000030517578
OIL,USO,2026-06-18,0.1232876712328767,P,86.0,-0.5070977750228292,0.0,0.34,0.34,0.6718782812500002,1.0,98,142.8000030517578
OIL,USO,2026-06-18,0.1232876712328767,P,87.0,-0.495536952621753,0.0,0.55,0.98,0.70898728515625,1.0,246,142.8000030517578
OIL,USO,2026-06-18,0.1232876712328767,P,88.0,-0.48410825679813035,0.28,0.53,0.35,0.7421900781249999,2.0,107,142.8000030517578
OIL,USO,2026-06-18,0.1232876712328767,P,89.0,-0.472808701544197,0.22,0.41,0.32,0.6962920996093751,16.0,301,142.8000030517578
OIL,USO,2026-06-18,0.1232876712328767,P,90.0,-0.4616354009460717,0.3,0.45,0.38,0.7026396923828125,196.0,27745,142.8000030517578
OIL,USO,2026-06-18,0.1232876712328767,P,91.0,-0.45058556475948675,0.25,0.44,0.3,0.6777375976562501,4.0,257,142.8000030517578
OIL,USO,2026-06-18,0.1232876712328767,P,92.0,-0.4396564942272966,0.17,0.52,0.45,0.6640658593750002,15.0,152,142.8000030517578
OIL,USO,2026-06-18,0.1232876712328767,P,93.0,-0.42884557812308083,0.41,0.67,0.47,0.7060576269531251,8.0,126,142.8000030517578
OIL,USO,2026-06-18,0.1232876712328767,P,94.0,-0.41815028900633294,0.2,0.7,0.38,0.6669955175781253,10.0,120,142.8000030517578
OIL,USO,2026-06-18,0.1232876712328767,P,95.0,-0.40756817967579606,0.44,0.57,0.53,0.6674837939453127,223.0,9251,142.8000030517578
OIL,USO,2026-06-18,0.1232876712328767,P,96.0,-0.3970968798085005,0.38,0.77,0.6,0.6699251757812501,21.0,236,142.8000030517578
OIL,USO,2026-06-18,0.1232876712328767,P,97.0,-0.386734092772954,0.51,0.83,0.58,0.6762727685546877,13.0,256,142.8000030517578
OIL,USO,2026-06-18,0.1232876712328767,P,98.0,-0.37647759260576497,0.46,0.88,0.68,0.6611362011718751,11.0,4689,142.8000030517578
OIL,USO,2026-06-18,0.1232876712328767,P,99.0,-0.3663252211417468,0.54,0.93,0.72,0.6596713720703126,128.0,1163,142.8000030517578
OIL,USO,2026-06-18,0.1232876712328767,P,100.0,-0.35627488528824547,0.72,0.87,0.84,0.6557651611328126,1766.0,25593,142.8000030517578
OIL,USO,2026-06-18,0.1232876712328767,P,101.0,-0.3463245544350774,0.72,1.06,0.89,0.6577182666015625,19.0,561,142.8000030517578
OIL,USO,2026-06-18,0.1232876712328767,P,102.0,-0.3364722579920657,0.95,1.23,0.98,0.6748079394531252,28.0,140,142.8000030517578
OIL,USO,2026-06-18,0.1232876712328767,P,103.0,-0.3267160830467011,0.81,1.38,1.09,0.6599155102539063,13.0,322,142.8000030517578
OIL,USO,2026-06-18,0.1232876712328767,P,104.0,-0.31705417213496423,1.08,1.19,1.15,0.6501499829101562,6.0,401,142.8000030517578
OIL,USO,2026-06-18,0.1232876712328767,P,105.0,-0.3074847211188134,1.15,1.45,1.26,0.6574741284179688,943.0,3966,142.8000030517578
OIL,USO,2026-06-18,0.1232876712328767,P,106.0,-0.2980059771642697,1.29,1.42,1.35,0.6489292919921875,34.0,1928,142.8000030517578
OIL,USO,2026-06-18,0.1232876712328767,P,107.0,-0.2886162368144307,1.4,1.55,1.49,0.6481968774414062,45.0,196,142.8000030517578
OIL,USO,2026-06-18,0.1232876712328767,P,108.0,-0.2793138441521171,1.35,1.84,1.58,0.64648791015625,21.0,2099,142.8000030517578
OIL,USO,2026-06-18,0.1232876712328767,P,109.0,-0.27009718904719315,1.53,1.98,1.73,0.648441015625,2.0,451,142.8000030517578
OIL,USO,2026-06-18,0.1232876712328767,P,110.0,-0.26096470548392064,1.65,1.98,1.84,0.6384313500976562,1046.0,8493,142.8000030517578
OIL,USO,2026-06-18,0.1232876712328767,P,111.0,-0.25191486996400264,1.84,2.25,2.15,0.6457554956054687,27.0,154,142.8000030517578
OIL,USO,2026-06-18,0.1232876712328767,P,112.0,-0.24294619998124228,2.16,2.6,2.24,0.6615024084472658,34.0,126,142.8000030517578
OIL,USO,2026-06-18,0.1232876712328767,P,113.0,-0.23405725256399632,2.25,2.55,2.43,0.6462437719726561,16.0,733,142.8000030517578
OIL,USO,2026-06-18,0.1232876712328767,P,114.0,-0.22524662288184133,2.42,2.73,2.63,0.6447789428710937,4.0,249,142.8000030517578
OIL,USO,2026-06-18,0.1232876712328767,P,115.0,-0.21651294291308676,2.74,3.0,2.85,0.6528355029296876,1553.0,3509,142.8000030517578
OIL,USO,2026-06-18,0.1232876712328767,P,116.0,-0.2078548801699721,2.84,3.2,3.08,0.647464462890625,19.0,1412,142.8000030517578
OIL,USO,2026-06-18,0.1232876712328767,P,117.0,-0.19927113647858066,3.15,3.6,3.27,0.6577182666015625,14.0,285,142.8000030517578
OIL,USO,2026-06-18,0.1232876712328767,P,118.0,-0.19076044681067209,3.3,3.75,3.55,0.6510044665527344,15.0,344,142.8000030517578
OIL,USO,2026-06-18,0.1232876712328767,P,119.0,-0.18232157816480737,3.75,3.95,3.77,0.6566196447753907,110.0,242,142.8000030517578
OIL,USO,2026-06-18,0.1232876712328767,P,120.0,-0.1739533284942908,4.0,4.15,4.1,0.6540561938476563,929.0,2211,142.8000030517578
OIL,USO,2026-06-18,0.1232876712328767,P,121.0,-0.16565452567959577,4.15,4.8,4.46,0.6628451684570313,26.0,182,142.8000030517578
OIL,USO,2026-06-18,0.1232876712328767,P,122.0,-0.1574240265430802,4.4,4.95,4.75,0.6569858520507813,30.0,286,142.8000030517578
OIL,USO,2026-06-18,0.1232876712328767,P,123.0,-0.14926071590391932,4.95,5.4,5.0,0.670047244873047,28.0,190,142.8000030517578
OIL,USO,2026-06-18,0.1232876712328767,P,124.0,-0.14116350567129998,5.05,5.7,5.43,0.6628451684570313,27.0,450,142.8000030517578
OIL,USO,2026-06-18,0.1232876712328767,P,125.0,-0.13313133397403565,5.5,5.95,5.7,0.6645541357421877,3406.0,1718,142.8000030517578
OIL,USO,2026-06-18,0.1232876712328767,P,126.0,-0.1251631643248588,5.9,6.4,6.05,0.6698031066894532,21.0,78,142.8000030517578
OIL,USO,2026-06-18,0.1232876712328767,P,127.0,-0.11725798481774558,6.2,6.8,6.55,0.6698031066894532,124.0,199,142.8000030517578
OIL,USO,2026-06-18,0.1232876712328767,P,128.0,-0.1094148073567196,6.65,7.05,6.9,0.669070692138672,44.0,130,142.8000030517578
OIL,USO,2026-06-18,0.1232876712328767,P,129.0,-0.10163266691466469,7.15,7.5,7.35,0.6748079394531252,16.0,223,142.8000030517578
OIL,USO,2026-06-18,0.1232876712328767,P,130.0,-0.09391062082075442,7.7,7.9,7.8,0.6795686340332032,495.0,1784,142.8000030517578
OIL,USO,2026-06-18,0.1232876712328767,P,131.0,-0.08624774807518522,7.95,8.35,8.2,0.6767000103759766,12.0,92,142.8000030517578
OIL,USO,2026-06-18,0.1232876712328767,P,132.0,-0.07864314868996596,8.45,8.9,8.71,0.6827424304199221,49.0,3065,142.8000030517578
OIL,USO,2026-06-18,0.1232876712328767,P,133.0,-0.07109594305458308,8.8,9.55,9.17,0.6865876068115235,67.0,155,142.8000030517578
OIL,USO,2026-06-18,0.1232876712328767,P,134.0,-0.0636052713254254,9.4,9.75,9.58,0.6844513977050781,66.0,146,142.8000030517578
OIL,USO,2026-06-18,0.1232876712328767,P,135.0,-0.05617029283790736,9.8,10.4,10.18,0.6882355395507813,268.0,1323,142.8000030517578
OIL,USO,2026-06-18,0.1232876712328767,P,136.0,-0.048790185540284844,10.4,10.8,10.5,0.6900665759277345,17.0,282,142.8000030517578
OIL,USO,2026-06-18,0.1232876712328767,P,137.0,-0.04146414544821186,10.95,11.5,10.9,0.6976348596191408,1.0,83,142.8000030517578
OIL,USO,2026-06-18,0.1232876712328767,P,138.0,-0.03419138611913212,11.45,11.95,11.72,0.6969024450683594,298.0,94,142.8000030517578
OIL,USO,2026-06-18,0.1232876712328767,P,139.0,-0.026971138145645095,12.05,12.4,12.55,0.6981231359863282,268.0,188,142.8000030517578
OIL,USO,2026-06-18,0.1232876712328767,P,140.0,-0.019802648667032477,12.65,12.95,12.8,0.7012358978271485,230.0,751,142.8000030517578
OIL,USO,2026-06-18,0.1232876712328767,P,141.0,-0.012685180898168537,13.1,13.65,13.54,0.7037383142089844,9.0,54,142.8000030517578
OIL,USO,2026-06-18,0.1232876712328767,P,142.0,-0.005618013675076122,13.8,14.1,13.96,0.7056914196777344,32.0,66,142.8000030517578
OIL,USO,2026-06-18,0.1232876712328767,P,143.0,0.0013995589835703896,14.25,14.75,14.57,0.7058134887695313,23.0,107,142.8000030517578
OIL,USO,2026-06-18,0.1232876712328767,P,144.0,0.008368228299663914,14.85,15.55,14.75,0.7127714270019532,2.0,67,142.8000030517578
OIL,USO,2026-06-18,0.1232876712328767,P,145.0,0.015288671144237657,15.5,16.35,15.75,0.7204617797851562,69.0,343,142.8000030517578
OIL,USO,2026-06-18,0.1232876712328767,P,146.0,0.022161550431999657,16.05,16.8,16.3,0.7165555688476561,22.0,78,142.8000030517578
OIL,USO,2026-06-18,0.1232876712328767,P,147.0,0.02898751550239948,16.85,17.2,17.6,0.7170438452148438,82.0,151,142.8000030517578
OIL,USO,2026-06-18,0.1232876712328767,P,148.0,0.035767202487778205,17.3,18.15,17.61,0.7219266088867188,3.0,57,142.8000030517578
OIL,USO,2026-06-18,0.1232876712328767,P,149.0,0.04250123466912225,17.95,18.5,18.25,0.7164945343017577,34.0,48,142.8000030517578
OIL,USO,2026-06-18,0.1232876712328767,P,150.0,0.049190222819919034,18.75,19.25,19.0,0.7240628179931641,63.0,337,142.8000030517578
OIL,USO,2026-06-18,0.1232876712328767,P,151.0,0.05583476553858758,19.3,20.0,19.5,0.7250393707275391,3.0,10,142.8000030517578
OIL,USO,2026-06-18,0.1232876712328767,P,152.0,0.0624354495699396,20.05,20.55,18.2,0.725588681640625,,7,142.8000030517578
OIL,USO,2026-06-18,0.1232876712328767,P,153.0,0.06899285011609864,20.7,21.3,24.1,0.7280300634765625,1.0,1,142.8000030517578
OIL,USO,2026-06-18,0.1232876712328767,P,154.0,0.0755075311372923,21.35,22.05,19.71,0.7301052380371094,,2,142.8000030517578
OIL,USO,2026-06-18,0.1232876712328767,P,155.0,0.08198004564290973,22.1,22.65,22.4,0.7305935144042968,5.0,76,142.8000030517578
OIL,USO,2026-06-18,0.1232876712328767,P,156.0,0.08841093597320032,22.7,23.5,19.8,0.7330348962402342,,5,142.8000030517578
OIL,USO,2026-06-18,0.1232876712328767,P,157.0,0.0948007340719713,23.55,24.15,20.93,0.73633076171875,1.0,4,142.8000030517578
OIL,USO,2026-06-18,0.1232876712328767,P,158.0,0.10114996175063001,24.25,24.95,20.84,0.7392604199218749,1.0,1,142.8000030517578
OIL,USO,2026-06-18,0.1232876712328767,P,159.0,0.1074591309438947,25.0,25.95,26.06,0.7480493945312501,1.0,2,142.8000030517578
OIL,USO,2026-06-18,0.1232876712328767,P,160.0,0.11372874395749007,25.65,26.4,26.49,0.7399928344726561,12.0,125,142.8000030517578
OIL,USO,2026-06-18,0.1232876712328767,P,161.0,0.11995929370812611,25.45,27.2,28.5,0.7185086743164062,1.0,3,142.8000030517578
OIL,USO,2026-06-18,0.1232876712328767,P,162.0,0.12615126395604734,27.15,28.05,29.68,0.7469507727050781,,1,142.8000030517578
OIL,USO,2026-06-18,0.1232876712328767,P,163.0,0.13230512953042556,28.0,28.75,34.31,0.7492700854492188,,1,142.8000030517578
OIL,USO,2026-06-18,0.1232876712328767,P,164.0,0.1384213565478616,28.85,29.6,44.9,0.7551294018554688,64.0,64,142.8000030517578
OIL,USO,2026-06-18,0.1232876712328767,P,165.0,0.14450040262424377,29.4,30.25,30.04,0.7474390490722658,6.0,48,142.8000030517578
OIL,USO,2026-06-18,0.1232876712328767,P,170.0,0.17435336577392496,33.55,34.2,34.36,0.7595238891601563,10.0,33,142.8000030517578
OIL,USO,2026-06-18,0.1232876712328767,P,175.0,0.20334090264717727,37.5,38.5,38.25,0.7679466564941408,5.0,94,142.8000030517578
OIL,USO,2026-06-18,0.1232876712328767,P,180.0,0.23151177961387362,41.8,42.75,39.76,0.7778342529296876,130.0,139,142.8000030517578
OIL,USO,2026-06-18,0.1232876712328767,P,185.0,0.2589107538019881,45.5,47.5,43.84,0.7777121838378906,4.0,5,142.8000030517578
OIL,USO,2026-06-18,0.1232876712328767,P,190.0,0.2855790008841493,50.4,51.65,51.81,0.791139783935547,9.0,31,142.8000030517578
OIL,USO,2026-06-18,0.1232876712328767,P,195.0,0.31155448728741,54.75,56.2,63.37,0.7935811657714844,100.0,105,142.8000030517578
OIL,USO,2026-06-18,0.1232876712328767,P,200.0,0.3368722952716999,59.6,60.65,61.08,0.8061542822265625,45.0,127,142.8000030517578
OIL,USO,2026-06-18,0.1232876712328767,P,205.0,0.3615649078620714,64.2,65.55,61.8,0.8229998168945312,4.0,101,142.8000030517578
OIL,USO,2026-06-18,0.1232876712328767,P,210.0,0.3856624594411319,68.6,70.25,69.13,0.8177508459472655,100.0,72,142.8000030517578
OIL,USO,2026-06-18,0.1232876712328767,P,215.0,0.40919295685132606,73.15,74.8,87.14,0.8051777294921875,1.0,3,142.8000030517578
OIL,USO,2026-06-18,0.1232876712328767,P,220.0,0.43218247507602464,77.85,79.6,79.88,0.8081073876953124,30.0,0,142.8000030517578
OIL,USO,2026-06-18,0.1232876712328767,P,230.0,0.4766342376468585,87.2,89.65,91.44,0.8278825805664061,,1,142.8000030517578
OIL,USO,2026-06-18,0.1232876712328767,P,240.0,0.5191938520656545,97.15,99.6,93.73,0.87500125,,2,142.8000030517578
OIL,USO,2026-06-18,0.1232876712328767,P,250.0,0.5600158465859096,106.85,109.4,107.63,0.88476677734375,100.0,0,142.8000030517578
OIL,USO,2026-06-18,0.1232876712328767,P,270.0,0.636976887722038,126.55,129.05,120.82,0.9072274902343749,,54,142.8000030517578
OIL,USO,2026-06-18,0.1232876712328767,P,275.0,0.6553260263902345,131.5,134.0,124.35,0.9150399121093751,,5,142.8000030517578
OIL,USO,2026-10-16,0.4520547945205479,C,35.0,-1.4060970097869232,106.0,110.0,106.0,0.936524072265625,1.0,0,142.8000030517578
OIL,USO,2026-10-16,0.4520547945205479,C,45.0,-1.154782581506017,96.15,100.05,104.32,0.82226740234375,1.0,4,142.8000030517578
OIL,USO,2026-10-16,0.4520547945205479,C,50.0,-1.0494220658481908,91.1,95.25,99.47,0.7778342529296876,1.0,4,142.8000030517578
OIL,USO,2026-10-16,0.4520547945205479,C,55.0,-0.954111886043866,86.25,90.35,59.35,0.747072841796875,,1,142.8000030517578
OIL,USO,2026-10-16,0.4520547945205479,C,60.0,-0.8671005090542361,81.8,84.5,64.35,0.6445348046875,2.0,8,142.8000030517578
OIL,USO,2026-10-16,0.4520547945205479,C,65.0,-0.7870578013806997,77.0,79.65,56.4,0.6323278955078125,1.0,10,142.8000030517578
OIL,USO,2026-10-16,0.4520547945205479,C,68.0,-0.7419373661002302,74.15,77.1,44.13,0.6533237792968751,10.0,11,142.8000030517578
OIL,USO,2026-10-16,0.4520547945205479,C,69.0,-0.7273385666790775,73.15,76.15,57.7,0.6457554956054687,42.0,41,142.8000030517578
OIL,USO,2026-10-16,0.4520547945205479,C,70.0,-0.7129498292269778,72.25,74.85,51.3,0.6189002954101563,1.0,61,142.8000030517578
OIL,USO,2026-10-16,0.4520547945205479,C,71.0,-0.6987651942350215,71.25,74.15,53.6,0.6306189282226562,11.0,21,142.8000030517578
OIL,USO,2026-10-16,0.4520547945205479,C,72.0,-0.6847789522602814,70.35,72.95,56.15,0.6123085644531252,1.0,3,142.8000030517578
OIL,USO,2026-10-16,0.4520547945205479,C,74.0,-0.6573799780721671,68.45,71.05,55.0,0.6047402807617189,2.0,19,142.8000030517578
OIL,USO,2026-10-16,0.4520547945205479,C,75.0,-0.6439569577400263,67.5,70.2,61.4,0.6069375244140626,2.0,97,142.8000030517578
OIL,USO,2026-10-16,0.4520547945205479,C,76.0,-0.6307117309900057,66.25,69.25,37.9,0.5835002587890624,1.0,2,142.8000030517578
OIL,USO,2026-10-16,0.4520547945205479,C,78.0,-0.604736244586745,64.75,67.35,37.15,0.5979044116210939,4.0,7,142.8000030517578
OIL,USO,2026-10-16,0.4520547945205479,C,79.0,-0.5919972188093153,63.8,66.45,42.3,0.5952188916015625,1.0,10,142.8000030517578
OIL,USO,2026-10-16,0.4520547945205479,C,80.0,-0.5794184366024553,63.05,65.6,55.42,0.6046182116699221,6.0,222,142.8000030517578
OIL,USO,2026-10-16,0.4520547945205479,C,81.0,-0.5669959166038979,61.95,64.65,44.65,0.5913126806640626,1.0,24,142.8000030517578
OIL,USO,2026-10-16,0.4520547945205479,C,82.0,-0.5547258240120837,61.1,63.85,33.15,0.5969278588867188,1.0,12,142.8000030517578
OIL,USO,2026-10-16,0.4520547945205479,C,83.0,-0.5426044634797389,60.15,62.85,47.9,0.5882609533691407,10.0,3,142.8000030517578
OIL,USO,2026-10-16,0.4520547945205479,C,84.0,-0.5306282724330231,59.25,62.0,53.0,0.5882609533691407,31.0,18,142.8000030517578
OIL,USO,2026-10-16,0.4520547945205479,C,85.0,-0.5187938147860204,58.3,61.55,48.6,0.6015664843750002,1.0,186,142.8000030517578
OIL,USO,2026-10-16,0.4520547945205479,C,86.0,-0.5070977750228292,57.5,60.05,37.69,0.5789837023925781,1.0,68,142.8000030517578
OIL,USO,2026-10-16,0.4520547945205479,C,87.0,-0.495536952621753,56.7,59.1,47.15,0.5778850805664062,37.0,312,142.8000030517578
OIL,USO,2026-10-16,0.4520547945205479,C,88.0,-0.48410825679813035,55.65,58.2,39.74,0.5690961059570312,2.0,184,142.8000030517578
OIL,USO,2026-10-16,0.4520547945205479,C,89.0,-0.472808701544197,54.8,57.5,30.62,0.5745892150878906,1.0,82,142.8000030517578
OIL,USO,2026-10-16,0.4520547945205479,C,90.0,-0.4616354009460717,54.1,56.6,51.5,0.5775188732910157,3.0,153,142.8000030517578
OIL,USO,2026-10-16,0.4520547945205479,C,92.0,-0.4396564942272966,52.2,55.4,50.6,0.5844768115234374,3.0,9,142.8000030517578
OIL,USO,2026-10-16,0.4520547945205479,C,93.0,-0.42884557812308083,51.3,53.7,35.39,0.5549360913085939,2.0,5,142.8000030517578
OIL,USO,2026-10-16,0.4520547945205479,C,94.0,-0.41815028900633294,50.5,52.65,35.22,0.5489547058105471,,2,142.8000030517578
OIL,USO,2026-10-16,0.4520547945205479,C,95.0,-0.40756817967579606,50.15,51.8,50.87,0.5620160986328125,6.0,444,142.8000030517578
OIL,USO,2026-10-16,0.4520547945205479,C,96.0,-0.3970968798085005,48.85,51.2,46.19,0.5539595385742189,1.0,100,142.8000030517578
OIL,USO,2026-10-16,0.4520547945205479,C,97.0,-0.386734092772954,48.0,50.3,29.95,0.5501753967285157,162.0,127,142.8000030517578
OIL,USO,2026-10-16,0.4520547945205479,C,98.0,-0.37647759260576497,47.2,49.3,29.95,0.5447433221435547,54.0,284,142.8000030517578
OIL,USO,2026-10-16,0.4520547945205479,C,99.0,-0.3663252211417468,46.4,48.5,40.15,0.5444381494140625,2.0,749,142.8000030517578
OIL,USO,2026-10-16,0.4520547945205479,C,100.0,-0.35627488528824547,46.3,48.2,47.0,0.573368524169922,24.0,6118,142.8000030517578
OIL,USO,2026-10-16,0.4520547945205479,C,101.0,-0.3463245544350774,44.7,47.1,20.0,0.5452926330566408,1.0,8,142.8000030517578
OIL,USO,2026-10-16,0.4520547945205479,C,102.0,-0.3364722579920657,45.05,47.35,51.28,0.5943644079589845,1.0,53,142.8000030517578
OIL,USO,2026-10-16,0.4520547945205479,C,103.0,-0.3267160830467011,43.2,45.4,19.42,0.5422409057617189,1.0,54,142.8000030517578
OIL,USO,2026-10-16,0.4520547945205479,C,104.0,-0.31705417213496423,42.4,44.55,18.86,0.5391281439208986,1.0,15,142.8000030517578
OIL,USO,2026-10-16,0.4520547945205479,C,105.0,-0.3074847211188134,42.45,43.8,43.0,0.5565229895019532,500.0,2597,142.8000030517578
OIL,USO,2026-10-16,0.4520547945205479,C,106.0,-0.2980059771642697,40.9,43.2,40.81,0.5419357330322268,1.0,15,142.8000030517578
OIL,USO,2026-10-16,0.4520547945205479,C,107.0,-0.2886162368144307,40.1,42.65,31.8,0.5443160803222657,3.0,114,142.8000030517578
OIL,USO,2026-10-16,0.4520547945205479,C,108.0,-0.2793138441521171,39.4,41.8,37.59,0.5421188366699221,1.0,32,142.8000030517578
OIL,USO,2026-10-16,0.4520547945205479,C,109.0,-0.27009718904719315,38.65,40.75,17.01,0.5347336566162109,1.0,33,142.8000030517578
OIL,USO,2026-10-16,0.4520547945205479,C,110.0,-0.26096470548392064,37.9,40.15,42.64,0.5360764166259766,21.0,2601,142.8000030517578
OIL,USO,2026-10-16,0.4520547945205479,C,111.0,-0.25191486996400264,38.0,39.35,41.05,0.549381947631836,1.0,137,142.8000030517578
OIL,USO,2026-10-16,0.4520547945205479,C,112.0,-0.24294619998124228,36.7,38.6,24.97,0.5367477966308594,18.0,21,142.8000030517578
OIL,USO,2026-10-16,0.4520547945205479,C,113.0,-0.23405725256399632,36.1,37.9,36.81,0.5379684875488282,1.0,20,142.8000030517578
OIL,USO,2026-10-16,0.4520547945205479,C,114.0,-0.22524662288184133,36.2,37.5,39.02,0.5565229895019532,1.0,157,142.8000030517578
OIL,USO,2026-10-16,0.4520547945205479,C,115.0,-0.21651294291308676,35.0,36.45,36.0,0.5401657312011721,3.0,2016,142.8000030517578
OIL,USO,2026-10-16,0.4520547945205479,C,116.0,-0.2078548801699721,34.9,36.15,37.89,0.5557295404052736,1.0,664,142.8000030517578
OIL,USO,2026-10-16,0.4520547945205479,C,117.0,-0.19927113647858066,33.45,35.25,34.64,0.5376022802734376,1.0,36,142.8000030517578
OIL,USO,2026-10-16,0.4520547945205479,C,118.0,-0.19076044681067209,32.95,34.5,32.1,0.5380905566406251,2.0,43,142.8000030517578
OIL,USO,2026-10-16,0.4520547945205479,C,119.0,-0.18232157816480737,32.85,33.85,29.7,0.5463912548828126,1.0,101,142.8000030517578
OIL,USO,2026-10-16,0.4520547945205479,C,120.0,-0.1739533284942908,32.7,33.2,31.01,0.5533491931152343,4.0,2171,142.8000030517578
OIL,USO,2026-10-16,0.4520547945205479,C,121.0,-0.16565452567959577,31.1,32.75,34.46,0.5400436621093752,6.0,64,142.8000030517578
OIL,USO,2026-10-16,0.4520547945205479,C,122.0,-0.1574240265430802,30.85,32.1,28.9,0.5448043566894532,6.0,108,142.8000030517578
OIL,USO,2026-10-16,0.4520547945205479,C,123.0,-0.14926071590391932,30.4,31.65,35.63,0.5491988439941409,20.0,170,142.8000030517578
OIL,USO,2026-10-16,0.4520547945205479,C,124.0,-0.14116350567129998,29.3,30.95,30.0,0.5394943511962893,1.0,107,142.8000030517578
OIL,USO,2026-10-16,0.4520547945205479,C,125.0,-0.13313133397403565,29.15,30.35,27.0,0.5455367712402344,13.0,2977,142.8000030517578
OIL,USO,2026-10-16,0.4520547945205479,C,126.0,-0.1251631643248588,27.95,29.85,26.08,0.5371140039062501,1.0,80,142.8000030517578
OIL,USO,2026-10-16,0.4520547945205479,C,127.0,-0.11725798481774558,27.1,29.3,30.22,0.5329636547851562,5.0,24,142.8000030517578
OIL,USO,2026-10-16,0.4520547945205479,C,128.0,-0.1094148073567196,26.55,28.65,33.25,0.5316208947753907,6.0,79,142.8000030517578
OIL,USO,2026-10-16,0.4520547945205479,C,129.0,-0.10163266691466469,26.1,28.15,23.77,0.5336350347900392,2.0,45,142.8000030517578
OIL,USO,2026-10-16,0.4520547945205479,C,130.0,-0.09391062082075442,26.85,27.95,25.6,0.5568281622314455,3.0,3154,142.8000030517578
OIL,USO,2026-10-16,0.4520547945205479,C,131.0,-0.08624774807518522,25.1,27.1,20.83,0.5347336566162109,52.0,23,142.8000030517578
OIL,USO,2026-10-16,0.4520547945205479,C,132.0,-0.07864314868996596,25.45,26.6,20.1,0.5471847039794924,6.0,11,142.8000030517578
OIL,USO,2026-10-16,0.4520547945205479,C,133.0,-0.07109594305458308,25.1,26.1,26.45,0.5495040167236329,8.0,7,142.8000030517578
OIL,USO,2026-10-16,0.4520547945205479,C,134.0,-0.0636052713254254,23.7,25.6,19.03,0.5369919348144532,262.0,86,142.8000030517578
OIL,USO,2026-10-16,0.4520547945205479,C,135.0,-0.05617029283790736,23.65,25.15,24.28,0.5436752175903321,2.0,181,142.8000030517578
OIL,USO,2026-10-16,0.4520547945205479,C,136.0,-0.048790185540284844,23.35,24.65,27.1,0.5459640130615235,2.0,5,142.8000030517578
OIL,USO,2026-10-16,0.4520547945205479,C,137.0,-0.04146414544821186,22.2,24.2,19.05,0.5371445211791993,1.0,3,142.8000030517578
OIL,USO,2026-10-16,0.4520547945205479,C,138.0,-0.03419138611913212,21.95,23.75,26.0,0.5403488348388674,2.0,1,142.8000030517578
OIL,USO,2026-10-16,0.4520547945205479,C,139.0,-0.026971138145645095,21.3,23.35,15.15,0.538639867553711,1.0,1,142.8000030517578
OIL,USO,2026-10-16,0.4520547945205479,C,140.0,-0.019802648667032477,22.35,22.8,22.6,0.5573774731445313,22.0,1410,142.8000030517578
OIL,USO,2026-10-16,0.4520547945205479,C,141.0,-0.012685180898168537,20.65,22.55,21.55,0.5432174584960938,6.0,37,142.8000030517578
OIL,USO,2026-10-16,0.4520547945205479,C,142.0,-0.005618013675076122,21.45,22.15,22.15,0.5601240277099608,10.0,5,142.8000030517578
OIL,USO,2026-10-16,0.4520547945205479,C,143.0,0.0013995589835703896,21.05,21.8,21.5,0.5614667877197266,6.0,18,142.8000030517578
OIL,USO,2026-10-16,0.4520547945205479,C,144.0,0.008368228299663914,20.65,21.5,20.8,0.5632978240966797,5.0,2,142.8000030517578
OIL,USO,2026-10-16,0.4520547945205479,C,145.0,0.015288671144237657,20.3,21.05,20.25,0.5636640313720704,3.0,881,142.8000030517578
OIL,USO,2026-10-16,0.4520547945205479,C,146.0,0.022161550431999657,20.0,20.75,16.0,0.5664105859375,2.0,2,142.8000030517578
OIL,USO,2026-10-16,0.4520547945205479,C,147.0,0.02898751550239948,19.65,20.25,21.0,0.5656781713867188,,1,142.8000030517578
OIL,USO,2026-10-16,0.4520547945205479,C,148.0,0.035767202487778205,18.2,20.0,21.93,0.5537154003906251,2.0,3,142.8000030517578
OIL,USO,2026-10-16,0.4520547945205479,C,149.0,0.04250123466912225,18.45,19.6,20.05,0.5618329949951173,1.0,3,142.8000030517578
OIL,USO,2026-10-16,0.4520547945205479,C,150.0,0.049190222819919034,18.6,19.15,19.0,0.5677533459472657,17.0,3798,142.8000030517578
OIL,USO,2026-10-16,0.4520547945205479,C,152.0,0.0624354495699396,17.9,18.95,23.31,0.5751385260009765,4.0,2,142.8000030517578
OIL,USO,2026-10-16,0.4520547945205479,C,153.0,0.06899285011609864,17.15,19.3,21.23,0.5792888751220704,,1,142.8000030517578
OIL,USO,2026-10-16,0.4520547945205479,C,154.0,0.0755075311372923,17.3,18.0,20.73,0.5734905932617188,4.0,58,142.8000030517578
OIL,USO,2026-10-16,0.4520547945205479,C,155.0,0.08198004564290973,17.15,17.9,17.1,0.5792278405761719,4.0,254,142.8000030517578
OIL,USO,2026-10-16,0.4520547945205479,C,156.0,0.08841093597320032,16.85,17.45,11.18,0.5783123223876954,4.0,23,142.8000030517578
OIL,USO,2026-10-16,0.4520547945205479,C,157.0,0.0948007340719713,16.35,17.55,11.04,0.5817607742309571,1.0,21,142.8000030517578
OIL,USO,2026-10-16,0.4520547945205479,C,158.0,0.10114996175063001,15.7,17.25,18.35,0.5779461151123046,1.0,11,142.8000030517578
OIL,USO,2026-10-16,0.4520547945205479,C,159.0,0.1074591309438947,15.95,16.5,13.33,0.5798381860351562,1.0,16,142.8000030517578
OIL,USO,2026-10-16,0.4520547945205479,C,160.0,0.11372874395749007,15.75,16.2,15.85,0.5815471533203125,4.0,1198,142.8000030517578
OIL,USO,2026-10-16,0.4520547945205479,C,161.0,0.11995929370812611,15.4,16.15,13.01,0.5844157769775391,1.0,1,142.8000030517578
OIL,USO,2026-10-16,0.4520547945205479,C,162.0,0.12615126395604734,15.2,16.0,18.2,0.5878337115478516,1.0,96,142.8000030517578
OIL,USO,2026-10-16,0.4520547945205479,C,163.0,0.13230512953042556,14.9,15.9,12.57,0.5904581970214844,15.0,9,142.8000030517578
OIL,USO,2026-10-16,0.4520547945205479,C,164.0,0.1384213565478616,14.65,15.5,9.25,0.5896647479248047,1.0,12,142.8000030517578
OIL,USO,2026-10-16,0.4520547945205479,C,165.0,0.14450040262424377,14.4,15.15,15.63,0.5894206097412109,2.0,282,142.8000030517578
OIL,USO,2026-10-16,0.4520547945205479,C,170.0,0.17435336577392496,13.35,13.9,12.32,0.5953409606933593,5.0,158,142.8000030517578
OIL,USO,2026-10-16,0.4520547945205479,C,175.0,0.20334090264717727,12.4,13.0,13.5,0.6043740734863283,1.0,438,142.8000030517578
OIL,USO,2026-10-16,0.4520547945205479,C,180.0,0.23151177961387362,11.5,12.25,13.0,0.6134682208251954,16.0,229,142.8000030517578
OIL,USO,2026-10-16,0.4520547945205479,C,185.0,0.2589107538019881,10.6,11.3,9.65,0.617313397216797,8.0,120,142.8000030517578
OIL,USO,2026-10-16,0.4520547945205479,C,190.0,0.2855790008841493,10.05,10.4,11.55,0.6245154736328126,2.0,266,142.8000030517578
OIL,USO,2026-10-16,0.4520547945205479,C,195.0,0.31155448728741,9.25,9.95,10.64,0.6325720336914062,261.0,98,142.8000030517578
OIL,USO,2026-10-16,0.4520547945205479,C,200.0,0.3368722952716999,8.7,9.35,8.95,0.6403234210205078,21.0,669,142.8000030517578
OIL,USO,2026-10-16,0.4520547945205479,C,205.0,0.3615649078620714,8.3,8.85,8.67,0.6502110174560547,1.0,258,142.8000030517578
OIL,USO,2026-10-16,0.4520547945205479,C,210.0,0.3856624594411319,7.85,8.35,8.0,0.6577793011474609,2.0,173,142.8000030517578
OIL,USO,2026-10-16,0.4520547945205479,C,215.0,0.40919295685132606,7.2,7.95,7.2,0.6622958575439455,13.0,217,142.8000030517578
OIL,USO,2026-10-16,0.4520547945205479,C,220.0,0.43218247507602464,6.95,7.55,8.15,0.6720613848876955,66.0,429,142.8000030517578
OIL,USO,2026-10-16,0.4520547945205479,C,225.0,0.4546553309280833,6.6,7.15,5.8,0.6788972540283205,26.0,146,142.8000030517578
OIL,USO,2026-10-16,0.4520547945205479,C,230.0,0.4766342376468585,6.2,6.85,6.37,0.68555001953125,209.0,129,142.8000030517578
OIL,USO,2026-10-16,0.4520547945205479,C,235.0,0.49814044286782216,5.9,6.55,5.47,0.6928131304931642,2.0,71,142.8000030517578
OIL,USO,2026-10-16,0.4520547945205479,C,240.0,0.5191938520656545,5.4,6.2,4.75,0.694461063232422,2.0,216,142.8000030517578
OIL,USO,2026-10-16,0.4520547945205479,C,245.0,0.5398131392683903,5.15,5.85,4.8,0.6996489996337891,1.0,755,142.8000030517578
OIL,USO,2026-10-16,0.4520547945205479,C,250.0,0.5600158465859096,4.75,5.6,4.85,0.7028838305664062,12.0,152,142.8000030517578
OIL,USO,2026-10-16,0.4520547945205479,C,255.0,0.5798184738820893,3.75,5.5,4.74,0.6955596850585939,2.0,694,142.8000030517578
OIL,USO,2026-10-16,0.4520547945205479,C,260.0,0.5992365597391909,4.4,5.35,5.0,0.7211941943359376,30.0,115,142.8000030517578
OIL,USO,2026-10-16,0.4520547945205479,C,265.0,0.6182847547098854,4.3,4.95,4.32,0.7251004052734374,2.0,177,142.8000030517578
OIL,USO,2026-10-16,0.4520547945205479,C,270.0,0.636976887722038,3.2,4.75,3.77,0.7098417687988281,2.0,375,142.8000030517578
OIL,USO,2026-10-16,0.4520547945205479,C,275.0,0.6553260263902345,3.75,4.5,3.82,0.7304104107666016,5.0,537,142.8000030517578
OIL,USO,2026-10-16,0.4520547945205479,C,285.0,0.6910441089923137,3.5,4.15,3.61,0.7421900781249999,,4,142.8000030517578
OIL,USO,2026-10-16,0.4520547945205479,C,290.0,0.708435851704183,3.3,3.95,3.4,0.7447535290527343,1.0,8,142.8000030517578
OIL,USO,2026-10-16,0.4520547945205479,C,295.0,0.7255302850634829,2.24,3.8,3.42,0.7247341979980468,,94,142.8000030517578
OIL,USO,2026-10-16,0.4520547945205479,C,300.0,0.7423374033798643,1.89,3.45,2.89,0.7160672924804687,,7,142.8000030517578
OIL,USO,2026-10-16,0.4520547945205479,P,25.0,-1.7425692464081362,0.0,0.52,0.51,1.201175869140625,9.0,54,142.8000030517578
OIL,USO,2026-10-16,0.4520547945205479,P,30.0,-1.5602476896141815,0.0,1.05,0.2,1.2021524267578125,,20,142.8000030517578
OIL,USO,2026-10-16,0.4520547945205479,P,35.0,-1.4060970097869232,0.04,0.32,0.32,0.9238288867187501,4.0,151,142.8000030517578
OIL,USO,2026-10-16,0.4520547945205479,P,40.0,-1.2725656171624005,0.05,0.65,0.57,0.9238288867187501,1.0,129,142.8000030517578
OIL,USO,2026-10-16,0.4520547945205479,P,45.0,-1.154782581506017,0.17,0.28,0.22,0.789064609375,30.0,322,142.8000030517578
OIL,USO,2026-10-16,0.4520547945205479,P,50.0,-1.0494220658481908,0.1,0.98,0.37,0.8271501660156249,6.0,334,142.8000030517578
OIL,USO,2026-10-16,0.4520547945205479,P,55.0,-0.954111886043866,0.26,0.65,0.36,0.7358424853515625,10.0,180,142.8000030517578
OIL,USO,2026-10-16,0.4520547945205479,P,60.0,-0.8671005090542361,0.41,0.7,0.42,0.6977569287109376,17.0,425,142.8000030517578
OIL,USO,2026-10-16,0.4520547945205479,P,64.0,-0.8025619879166649,0.54,1.0,0.62,0.6914093359375001,1.0,29,142.8000030517578
OIL,USO,2026-10-16,0.4520547945205479,P,65.0,-0.7870578013806997,0.56,0.97,0.73,0.6787141503906251,29.0,475,142.8000030517578
OIL,USO,2026-10-16,0.4520547945205479,P,66.0,-0.7717903292499113,0.55,0.96,0.7,0.665286550292969,3.0,124,142.8000030517578
OIL,USO,2026-10-16,0.4520547945205479,P,67.0,-0.7567524518853707,0.48,1.14,0.79,0.6628451684570313,6.0,729,142.8000030517578
OIL,USO,2026-10-16,0.4520547945205479,P,68.0,-0.7419373661002302,0.72,1.12,0.89,0.6682162084960939,8.0,47,142.8000030517578
OIL,USO,2026-10-16,0.4520547945205479,P,69.0,-0.7273385666790775,0.65,1.14,0.75,0.6528355029296876,11.0,34,142.8000030517578
OIL,USO,2026-10-16,0.4520547945205479,P,70.0,-0.7129498292269778,0.82,1.04,0.9,0.6467320483398438,9.0,8775,142.8000030517578
OIL,USO,2026-10-16,0.4520547945205479,P,71.0,-0.6987651942350215,0.8,1.17,0.91,0.6430699755859376,1.0,37,142.8000030517578
OIL,USO,2026-10-16,0.4520547945205479,P,72.0,-0.6847789522602814,0.77,1.2,1.0,0.631839619140625,2.0,46,142.8000030517578
OIL,USO,2026-10-16,0.4520547945205479,P,73.0,-0.6709856301279457,0.72,1.42,0.98,0.631839619140625,1.0,48,142.8000030517578
OIL,USO,2026-10-16,0.4520547945205479,P,74.0,-0.6573799780721671,0.85,1.42,1.06,0.6289099609375001,1.0,61,142.8000030517578
OIL,USO,2026-10-16,0.4520547945205479,P,75.0,-0.6439569577400263,0.88,1.54,1.4,0.6267127172851563,7.0,9396,142.8000030517578
OIL,USO,2026-10-16,0.4520547945205479,P,76.0,-0.6307117309900057,0.94,1.43,1.27,0.6127968408203126,13.0,547,142.8000030517578
OIL,USO,2026-10-16,0.4520547945205479,P,77.0,-0.617639649422653,1.0,1.33,1.17,0.5996133789062501,19.0,52,142.8000030517578
OIL,USO,2026-10-16,0.4520547945205479,P,78.0,-0.604736244586745,1.12,1.68,1.36,0.614261669921875,1.0,145,142.8000030517578
OIL,USO,2026-10-16,0.4520547945205479,P,79.0,-0.5919972188093153,1.11,1.74,1.5,0.6059609716796877,1.0,40,142.8000030517578
OIL,USO,2026-10-16,0.4520547945205479,P,80.0,-0.5794184366024553,1.35,1.7,1.5,0.6049844189453126,230.0,4773,142.8000030517578
OIL,USO,2026-10-16,0.4520547945205479,P,81.0,-0.5669959166038979,1.41,1.91,1.52,0.6066933862304689,3.0,614,142.8000030517578
OIL,USO,2026-10-16,0.4520547945205479,P,82.0,-0.5547258240120837,1.41,1.85,1.7,0.5931437170410157,3.0,269,142.8000030517578
OIL,USO,2026-10-16,0.4520547945205479,P,83.0,-0.5426044634797389,1.38,2.04,1.78,0.5894816442871094,2.0,76,142.8000030517578
OIL,USO,2026-10-16,0.4520547945205479,P,84.0,-0.5306282724330231,1.54,2.16,1.72,0.5907023352050782,7.0,79,142.8000030517578
OIL,USO,2026-10-16,0.4520547945205479,P,85.0,-0.5187938147860204,1.79,2.12,1.81,0.5885050915527343,29.0,8414,142.8000030517578
OIL,USO,2026-10-16,0.4520547945205479,P,86.0,-0.5070977750228292,1.89,2.35,1.93,0.5905802661132813,108.0,1129,142.8000030517578
OIL,USO,2026-10-16,0.4520547945205479,P,87.0,-0.495536952621753,1.86,2.46,2.07,0.5827678442382812,6.0,95,142.8000030517578
OIL,USO,2026-10-16,0.4520547945205479,P,88.0,-0.48410825679813035,1.94,2.38,2.25,0.5720257641601563,8.0,131,142.8000030517578
OIL,USO,2026-10-16,0.4520547945205479,P,89.0,-0.472808701544197,2.08,2.69,2.41,0.5773968041992188,4.0,159,142.8000030517578
OIL,USO,2026-10-16,0.4520547945205479,P,90.0,-0.4616354009460717,2.0,2.48,2.4,0.5565229895019532,65.0,3239,142.8000030517578
OIL,USO,2026-10-16,0.4520547945205479,P,91.0,-0.45058556475948675,2.31,2.8,2.63,0.567387138671875,2.0,116,142.8000030517578
OIL,USO,2026-10-16,0.4520547945205479,P,92.0,-0.4396564942272966,2.48,3.05,2.64,0.5700726586914062,2.0,43,142.8000030517578
OIL,USO,2026-10-16,0.4520547945205479,P,93.0,-0.42884557812308083,2.72,3.05,2.65,0.5667767932128907,1.0,1401,142.8000030517578
OIL,USO,2026-10-16,0.4520547945205479,P,94.0,-0.41815028900633294,2.68,3.2,2.91,0.5592085095214845,1.0,106,142.8000030517578
OIL,USO,2026-10-16,0.4520547945205479,P,95.0,-0.40756817967579606,2.6,3.25,3.1,0.5476119458007813,75.0,22460,142.8000030517578
OIL,USO,2026-10-16,0.4520547945205479,P,96.0,-0.3970968798085005,2.95,3.5,3.22,0.5542036767578126,1.0,1465,142.8000030517578
OIL,USO,2026-10-16,0.4520547945205479,P,97.0,-0.386734092772954,3.15,3.65,3.25,0.5531050549316407,1.0,530,142.8000030517578
OIL,USO,2026-10-16,0.4520547945205479,P,98.0,-0.37647759260576497,3.25,3.8,3.43,0.5489547058105471,1.0,1127,142.8000030517578
OIL,USO,2026-10-16,0.4520547945205479,P,99.0,-0.3663252211417468,3.4,3.95,3.73,0.546025047607422,11.0,103,142.8000030517578
OIL,USO,2026-10-16,0.4520547945205479,P,100.0,-0.35627488528824547,3.7,4.2,4.0,0.549076774902344,447.0,28249,142.8000030517578
OIL,USO,2026-10-16,0.4520547945205479,P,101.0,-0.3463245544350774,3.85,4.55,4.11,0.5504195349121095,1.0,1042,142.8000030517578
OIL,USO,2026-10-16,0.4520547945205479,P,102.0,-0.3364722579920657,3.95,4.65,4.9,0.5441329766845704,1.0,3440,142.8000030517578
OIL,USO,2026-10-16,0.4520547945205479,P,103.0,-0.3267160830467011,4.35,4.9,4.51,0.5482222912597658,2.0,43,142.8000030517578
OIL,USO,2026-10-16,0.4520547945205479,P,104.0,-0.31705417213496423,4.35,4.95,4.75,0.538212625732422,1.0,29,142.8000030517578
OIL,USO,2026-10-16,0.4520547945205479,P,105.0,-0.3074847211188134,4.55,5.3,4.79,0.5393112475585939,62.0,6897,142.8000030517578
OIL,USO,2026-10-16,0.4520547945205479,P,106.0,-0.2980059771642697,4.9,5.4,4.52,0.5378464184570313,2.0,1062,142.8000030517578
OIL,USO,2026-10-16,0.4520547945205479,P,107.0,-0.2886162368144307,5.1,5.85,4.8,0.5403488348388674,5.0,47,142.8000030517578
OIL,USO,2026-10-16,0.4520547945205479,P,108.0,-0.2793138441521171,5.35,6.05,4.97,0.538212625732422,2.0,127,142.8000030517578
OIL,USO,2026-10-16,0.4520547945205479,P,109.0,-0.27009718904719315,5.55,6.15,5.3,0.5329636547851562,3.0,223,142.8000030517578
OIL,USO,2026-10-16,0.4520547945205479,P,110.0,-0.26096470548392064,5.8,6.5,6.3,0.5333298620605469,30.0,8705,142.8000030517578
OIL,USO,2026-10-16,0.4520547945205479,P,111.0,-0.25191486996400264,6.1,6.65,6.34,0.5305833074951172,2.0,4005,142.8000030517578
OIL,USO,2026-10-16,0.4520547945205479,P,112.0,-0.24294619998124228,6.35,6.9,5.81,0.5285081329345704,1.0,89,142.8000030517578
OIL,USO,2026-10-16,0.4520547945205479,P,113.0,-0.23405725256399632,6.85,7.35,5.88,0.5344895184326173,20.0,118,142.8000030517578
OIL,USO,2026-10-16,0.4520547945205479,P,114.0,-0.22524662288184133,7.15,7.6,6.15,0.5327195166015625,21.0,73,142.8000030517578
OIL,USO,2026-10-16,0.4520547945205479,P,115.0,-0.21651294291308676,7.45,7.85,7.5,0.5306443420410156,4.0,4642,142.8000030517578
OIL,USO,2026-10-16,0.4520547945205479,P,116.0,-0.2078548801699721,7.8,8.25,8.45,0.5318650329589845,3.0,4158,142.8000030517578
OIL,USO,2026-10-16,0.4520547945205479,P,117.0,-0.19927113647858066,8.1,8.55,9.07,0.5301560656738282,4.0,131,142.8000030517578
OIL,USO,2026-10-16,0.4520547945205479,P,118.0,-0.19076044681067209,8.45,8.9,8.43,0.5299119274902344,1.0,159,142.8000030517578
OIL,USO,2026-10-16,0.4520547945205479,P,119.0,-0.18232157816480737,8.8,9.25,8.2,0.5293626165771486,30.0,124,142.8000030517578
OIL,USO,2026-10-16,0.4520547945205479,P,120.0,-0.1739533284942908,9.0,9.6,9.41,0.5261277856445312,158.0,6272,142.8000030517578
OIL,USO,2026-10-16,0.4520547945205479,P,121.0,-0.16565452567959577,9.55,10.0,9.71,0.5291184783935547,4.0,60,142.8000030517578
OIL,USO,2026-10-16,0.4520547945205479,P,122.0,-0.1574240265430802,9.75,10.45,10.1,0.5269822692871093,10.0,950,142.8000030517578
OIL,USO,2026-10-16,0.4520547945205479,P,123.0,-0.14926071590391932,10.35,10.8,10.2,0.5293015820312501,1.0,100,142.8000030517578
OIL,USO,2026-10-16,0.4520547945205479,P,124.0,-0.14116350567129998,10.75,11.15,10.94,0.5282029602050782,2.0,65,142.8000030517578
OIL,USO,2026-10-16,0.4520547945205479,P,125.0,-0.13313133397403565,11.15,11.6,11.4,0.5283860638427735,21.0,4495,142.8000030517578
OIL,USO,2026-10-16,0.4520547945205479,P,126.0,-0.1251631643248588,11.35,12.1,12.0,0.5260667510986328,2.0,84,142.8000030517578
OIL,USO,2026-10-16,0.4520547945205479,P,127.0,-0.11725798481774558,12.0,12.5,10.55,0.5287522711181643,1.0,70,142.8000030517578
OIL,USO,2026-10-16,0.4520547945205479,P,128.0,-0.1094148073567196,12.45,12.9,12.86,0.5281419256591797,1.0,71,142.8000030517578
OIL,USO,2026-10-16,0.4520547945205479,P,129.0,-0.10163266691466469,12.75,13.45,11.3,0.5273179592895508,33.0,105,142.8000030517578
OIL,USO,2026-10-16,0.4520547945205479,P,130.0,-0.09391062082075442,13.05,13.95,13.5,0.5255784747314454,209.0,7970,142.8000030517578
OIL,USO,2026-10-16,0.4520547945205479,P,131.0,-0.08624774807518522,13.85,14.5,12.15,0.5313767565917968,84.0,23,142.8000030517578
OIL,USO,2026-10-16,0.4520547945205479,P,132.0,-0.07864314868996596,14.3,14.8,14.6,0.5283860638427735,7.0,39,142.8000030517578
OIL,USO,2026-10-16,0.4520547945205479,P,133.0,-0.07109594305458308,14.6,15.3,14.63,0.5259446820068359,1.0,51,142.8000030517578
OIL,USO,2026-10-16,0.4520547945205479,P,134.0,-0.0636052713254254,15.3,15.9,15.69,0.5302476174926759,4.0,51,142.8000030517578
OIL,USO,2026-10-16,0.4520547945205479,P,135.0,-0.05617029283790736,15.85,16.35,16.15,0.5300950311279298,8.0,1448,142.8000030517578
OIL,USO,2026-10-16,0.4520547945205479,P,136.0,-0.048790185540284844,16.35,17.15,16.7,0.5338486557006835,4.0,8,142.8000030517578
OIL,USO,2026-10-16,0.4520547945205479,P,137.0,-0.04146414544821186,16.9,17.5,14.5,0.5318955502319337,1.0,8,142.8000030517578
OIL,USO,2026-10-16,0.4520547945205479,P,138.0,-0.03419138611913212,17.45,18.05,18.06,0.5324143438720703,2.0,16,142.8000030517578
OIL,USO,2026-10-16,0.4520547945205479,P,139.0,-0.026971138145645095,18.0,18.55,18.45,0.532109171142578,4.0,113,142.8000030517578
OIL,USO,2026-10-16,0.4520547945205479,P,140.0,-0.019802648667032477,18.35,19.1,18.85,0.5295457202148439,64.0,1058,142.8000030517578
OIL,USO,2026-10-16,0.4520547945205479,P,141.0,-0.012685180898168537,18.95,19.85,31.2,0.5327805511474608,,6,142.8000030517578
OIL,USO,2026-10-16,0.4520547945205479,P,142.0,-0.005618013675076122,19.6,20.3,20.1,0.5324753784179688,11.0,36,142.8000030517578
OIL,USO,2026-10-16,0.4520547945205479,P,143.0,0.0013995589835703896,20.3,21.05,21.1,0.5365646929931642,68.0,100,142.8000030517578
OIL,USO,2026-10-16,0.4520547945205479,P,144.0,0.008368228299663914,20.7,21.55,22.3,0.5332688275146484,2.0,5,142.8000030517578
OIL,USO,2026-10-16,0.4520547945205479,P,145.0,0.015288671144237657,21.55,22.1,22.2,0.536259520263672,3.0,67,142.8000030517578
OIL,USO,2026-10-16,0.4520547945205479,P,146.0,0.022161550431999657,22.15,22.8,22.65,0.5377853839111328,6.0,176,142.8000030517578
OIL,USO,2026-10-16,0.4520547945205479,P,147.0,0.02898751550239948,22.75,23.4,23.33,0.5377853839111328,1.0,92,142.8000030517578
OIL,USO,2026-10-16,0.4520547945205479,P,148.0,0.035767202487778205,23.3,24.05,22.8,0.5376327975463868,2.0,29,142.8000030517578
OIL,USO,2026-10-16,0.4520547945205479,P,149.0,0.04250123466912225,23.9,24.75,24.76,0.5385788330078126,1.0,12,142.8000030517578
OIL,USO,2026-10-16,0.4520547945205479,P,150.0,0.049190222819919034,24.55,25.3,25.04,0.5380295220947267,76.0,190,142.8000030517578
OIL,USO,2026-10-16,0.4520547945205479,P,151.0,0.05583476553858758,25.35,26.6,22.13,0.5490157403564455,,1,142.8000030517578
OIL,USO,2026-10-16,0.4520547945205479,P,152.0,0.0624354495699396,25.75,26.95,31.89,0.5422409057617189,9.0,5,142.8000030517578
OIL,USO,2026-10-16,0.4520547945205479,P,155.0,0.08198004564290973,28.0,29.35,34.17,0.5521285021972657,25.0,25,142.8000030517578
OIL,USO,2026-10-16,0.4520547945205479,P,157.0,0.0948007340719713,28.9,31.1,36.69,0.5520674676513673,,24,142.8000030517578
OIL,USO,2026-10-16,0.4520547945205479,P,158.0,0.10114996175063001,29.85,31.55,46.55,0.55273884765625,,2,142.8000030517578
OIL,USO,2026-10-16,0.4520547945205479,P,159.0,0.1074591309438947,30.9,32.15,50.49,0.5565840240478517,1.0,1,142.8000030517578
OIL,USO,2026-10-16,0.4520547945205479,P,160.0,0.11372874395749007,31.55,32.45,44.21,0.5510909149169922,1.0,13,142.8000030517578
OIL,USO,2026-10-16,0.4520547945205479,P,164.0,0.1384213565478616,34.25,35.4,47.23,0.5517317776489258,,11,142.8000030517578
OIL,USO,2026-10-16,0.4520547945205479,P,165.0,0.14450040262424377,35.1,36.2,54.22,0.5546614358520509,1.0,0,142.8000030517578
OIL,USO,2026-10-16,0.4520547945205479,P,170.0,0.17435336577392496,38.95,40.2,36.35,0.5620771331787109,2.0,64,142.8000030517578
OIL,USO,2026-10-16,0.4520547945205479,P,175.0,0.20334090264717727,43.05,44.85,40.5,0.5787395642089843,2.0,19,142.8000030517578
OIL,USO,2026-10-16,0.4520547945205479,P,180.0,0.23151177961387362,47.05,48.45,43.55,0.5767864587402343,40.0,77,142.8000030517578
OIL,USO,2026-10-16,0.4520547945205479,P,185.0,0.2589107538019881,51.45,53.15,66.66,0.5933878552246095,4.0,59,142.8000030517578
OIL,USO,2026-10-16,0.4520547945205479,P,190.0,0.2855790008841493,55.65,56.75,64.42,0.5889323333740235,5.0,7,142.8000030517578
OIL,USO,2026-10-16,0.4520547945205479,P,200.0,0.3368722952716999,64.25,65.65,61.5,0.601139242553711,30.0,69,142.8000030517578
OIL,USO,2026-10-16,0.4520547945205479,P,205.0,0.3615649078620714,68.7,70.75,98.59,0.6172523626708986,2.0,1,142.8000030517578
OIL,USO,2026-10-16,0.4520547945205479,P,210.0,0.3856624594411319,73.3,74.6,91.36,0.6138954626464845,2.0,3,142.8000030517578
OIL,USO,2026-10-16,0.4520547945205479,P,220.0,0.43218247507602464,82.25,83.7,89.5,0.6208534008789064,10.0,81,142.8000030517578
OIL,USO,2026-10-16,0.4520547945205479,P,225.0,0.4546553309280833,86.85,88.2,81.0,0.6232947827148438,3.0,11,142.8000030517578
OIL,USO,2026-10-16,0.4520547945205479,P,230.0,0.4766342376468585,113.75,116.8,119.55,1.3006016415405268,,1,142.8000030517578
OIL,USO,2026-10-16,0.4520547945205479,P,235.0,0.49814044286782216,95.4,97.65,102.36,0.6192054681396486,3.0,4,142.8000030517578
OIL,USO,2026-10-16,0.4520547945205479,P,240.0,0.5191938520656545,100.55,102.1,115.67,0.6273230627441408,1.0,0,142.8000030517578
OIL,USO,2026-10-16,0.4520547945205479,P,245.0,0.5398131392683903,105.15,107.0,129.13,0.6323278955078125,,1,142.8000030517578
OIL,USO,2026-10-16,0.4520547945205479,P,250.0,0.5600158465859096,110.25,111.55,119.46,0.6398351446533204,60.0,120,142.8000030517578
OIL,USO,2026-10-16,0.4520547945205479,P,255.0,0.5798184738820893,114.35,116.85,121.27,0.6405065246582031,1.0,1,142.8000030517578
OIL,USO,2026-10-16,0.4520547945205479,P,260.0,0.5992365597391909,118.8,121.3,125.98,0.6267127172851563,1.0,1,142.8000030517578
OIL,USO,2026-10-16,0.4520547945205479,P,270.0,0.636976887722038,129.4,130.9,123.72,0.6592441302490235,,1,142.8000030517578
OIL,USO,2027-03-19,0.873972602739726,C,5.0,-3.3520071588422367,135.5,140.5,120.3,1.68359533203125,2.0,0,142.8000030517578
OIL,USO,2027-03-19,0.873972602739726,C,10.0,-2.6588599782822913,130.5,135.5,119.75,1.2949254003906248,2.0,1,142.8000030517578
OIL,USO,2027-03-19,0.873972602739726,C,20.0,-1.9657127977223459,120.5,125.5,110.25,0.9414068359375,,0,142.8000030517578
OIL,USO,2027-03-19,0.873972602739726,C,30.0,-1.5602476896141815,110.5,115.5,116.45,0.747072841796875,2.0,3,142.8000030517578
OIL,USO,2027-03-19,0.873972602739726,C,40.0,-1.2725656171624005,100.5,105.5,90.84,0.6123085644531252,,0,142.8000030517578
OIL,USO,2027-03-19,0.873972602739726,C,50.0,-1.0494220658481908,91.9,95.3,92.4,0.6401403173828125,74.0,531,142.8000030517578
OIL,USO,2027-03-19,0.873972602739726,C,60.0,-0.8671005090542361,82.2,86.3,83.1,0.6092568371582032,364.0,601,142.8000030517578
OIL,USO,2027-03-19,0.873972602739726,C,65.0,-0.7870578013806997,77.55,81.7,57.17,0.5908244042968751,,26,142.8000030517578
OIL,USO,2027-03-19,0.873972602739726,C,70.0,-0.7129498292269778,73.35,76.85,79.45,0.5758099060058592,4.0,80,142.8000030517578
OIL,USO,2027-03-19,0.873972602739726,C,75.0,-0.6439569577400263,68.9,72.4,69.45,0.5612836840820312,12.0,24,142.8000030517578
OIL,USO,2027-03-19,0.873972602739726,C,80.0,-0.5794184366024553,64.4,67.9,70.4,0.5407760766601564,2.0,10,142.8000030517578
OIL,USO,2027-03-19,0.873972602739726,C,85.0,-0.5187938147860204,60.75,63.85,45.65,0.5462691857910158,1.0,2,142.8000030517578
OIL,USO,2027-03-19,0.873972602739726,C,90.0,-0.4616354009460717,56.95,58.7,57.27,0.5207567456054687,8.0,95,142.8000030517578
OIL,USO,2027-03-19,0.873972602739726,C,95.0,-0.40756817967579606,53.2,55.85,57.89,0.5341233111572266,10.0,130,142.8000030517578
OIL,USO,2027-03-19,0.873972602739726,C,100.0,-0.35627488528824547,49.45,51.55,53.75,0.5177050183105469,2.0,177,142.8000030517578
OIL,USO,2027-03-19,0.873972602739726,C,105.0,-0.3074847211188134,44.75,48.8,49.67,0.5073901800537108,1.0,439,142.8000030517578
OIL,USO,2027-03-19,0.873972602739726,C,110.0,-0.26096470548392064,42.45,45.0,48.72,0.5112353564453125,10.0,320,142.8000030517578
OIL,USO,2027-03-19,0.873972602739726,C,115.0,-0.21651294291308676,38.5,41.6,33.38,0.5321702056884765,5.0,103,142.8000030517578
OIL,USO,2027-03-19,0.873972602739726,C,120.0,-0.1739533284942908,36.25,38.8,39.9,0.5031787963867188,2.0,189,142.8000030517578
OIL,USO,2027-03-19,0.873972602739726,C,125.0,-0.13313133397403565,33.5,35.95,33.3,0.5005543109130859,2.0,123,142.8000030517578
OIL,USO,2027-03-19,0.873972602739726,C,130.0,-0.09391062082075442,30.9,33.05,31.07,0.5178270874023438,5.0,149,142.8000030517578
OIL,USO,2027-03-19,0.873972602739726,C,135.0,-0.05617029283790736,28.3,30.75,31.55,0.518284846496582,4.0,59,142.8000030517578
OIL,USO,2027-03-19,0.873972602739726,C,140.0,-0.019802648667032477,26.3,27.95,26.74,0.5060474200439453,27.0,75,142.8000030517578
OIL,USO,2027-03-19,0.873972602739726,C,145.0,0.015288671144237657,23.1,25.3,22.74,0.49442033905029303,20.0,116,142.8000030517578
OIL,USO,2027-03-19,0.873972602739726,C,150.0,0.049190222819919034,22.2,23.45,22.65,0.4954884436035156,29.0,89,142.8000030517578
OIL,USO,2027-03-19,0.873972602739726,C,155.0,0.08198004564290973,19.9,21.7,21.1,0.4959156854248047,6.0,28,142.8000030517578
OIL,USO,2027-03-19,0.873972602739726,C,160.0,0.11372874395749007,18.4,20.3,19.0,0.5004932763671875,2.0,110,142.8000030517578
OIL,USO,2027-03-19,0.873972602739726,C,165.0,0.14450040262424377,17.85,20.0,17.57,0.5033008654785156,2.0,6,142.8000030517578
OIL,USO,2027-03-19,0.873972602739726,C,170.0,0.17435336577392496,15.85,17.55,16.6,0.5040943145751953,1.0,126,142.8000030517578
OIL,USO,2027-03-19,0.873972602739726,C,175.0,0.20334090264717727,15.2,17.7,17.65,0.5081225946044923,16.0,143,142.8000030517578
OIL,USO,2027-03-19,0.873972602739726,C,180.0,0.23151177961387362,14.15,16.65,16.15,0.5113574255371094,1.0,148,142.8000030517578
OIL,USO,2027-03-19,0.873972602739726,C,185.0,0.2589107538019881,13.05,15.9,7.04,0.5154162228393554,3.0,136,142.8000030517578
OIL,USO,2027-03-19,0.873972602739726,C,190.0,0.2855790008841493,12.1,15.0,12.26,0.5179491564941407,6.0,9,142.8000030517578
OIL,USO,2027-03-19,0.873972602739726,C,195.0,0.31155448728741,11.2,14.05,14.35,0.5190172610473632,8.0,53,142.8000030517578
OIL,USO,2027-03-19,0.873972602739726,C,200.0,0.3368722952716999,10.5,13.3,11.5,0.5228014028930664,1.0,48,142.8000030517578
OIL,USO,2027-03-19,0.873972602739726,C,205.0,0.3615649078620714,9.55,12.2,10.76,0.5190172610473632,1.0,113,142.8000030517578
OIL,USO,2027-03-19,0.873972602739726,C,210.0,0.3856624594411319,9.65,10.9,11.0,0.5229234719848632,10.0,134,142.8000030517578
OIL,USO,2027-03-19,0.873972602739726,C,215.0,0.40919295685132606,9.15,9.95,10.0,0.5230150238037108,10.0,35,142.8000030517578
OIL,USO,2027-03-19,0.873972602739726,C,220.0,0.43218247507602464,8.65,9.5,10.45,0.5275620974731446,1.0,4,142.8000030517578
OIL,USO,2027-03-19,0.873972602739726,C,225.0,0.4546553309280833,8.3,9.1,8.65,0.5335740002441407,7.0,505,142.8000030517578
OIL,USO,2027-03-19,0.873972602739726,C,230.0,0.4766342376468585,7.7,8.75,7.92,0.5364426239013673,116.0,1613,142.8000030517578
OIL,USO,2027-03-19,0.873972602739726,C,235.0,0.49814044286782216,7.35,8.45,5.41,0.5420578021240237,2.0,29,142.8000030517578
OIL,USO,2027-03-19,0.873972602739726,C,240.0,0.5191938520656545,6.95,7.9,7.27,0.5433090103149415,40.0,92,142.8000030517578
OIL,USO,2027-03-19,0.873972602739726,C,245.0,0.5398131392683903,6.6,7.95,7.1,0.5520064331054688,12.0,259,142.8000030517578
OIL,USO,2027-03-19,0.873972602739726,C,250.0,0.5600158465859096,6.1,8.25,6.0,0.561527822265625,1.0,28,142.8000030517578
OIL,USO,2027-03-19,0.873972602739726,C,255.0,0.5798184738820893,5.85,8.5,2.5,0.5732464550781251,1.0,16,142.8000030517578
OIL,USO,2027-03-19,0.873972602739726,C,260.0,0.5992365597391909,5.75,7.1,3.94,0.5646405841064455,4.0,33,142.8000030517578
OIL,USO,2027-03-19,0.873972602739726,C,265.0,0.6182847547098854,5.2,7.6,5.97,0.5748943878173829,1.0,353,142.8000030517578
OIL,USO,2027-03-19,0.873972602739726,C,270.0,0.636976887722038,5.35,8.0,5.4,0.5930521652221681,1.0,2,142.8000030517578
OIL,USO,2027-03-19,0.873972602739726,C,275.0,0.6553260263902345,4.7,7.45,5.15,0.5866740551757812,1.0,13,142.8000030517578
OIL,USO,2027-03-19,0.873972602739726,P,5.0,-3.3520071588422367,0.0,0.02,0.09,1.1875040625,1.0,5,142.8000030517578
OIL,USO,2027-03-19,0.873972602739726,P,10.0,-2.6588599782822913,0.0,4.9,1.16,2.176762370605468,2.0,2,142.8000030517578
OIL,USO,2027-03-19,0.873972602739726,P,15.0,-2.2533948701741267,0.0,0.2,0.15,0.992187578125,1.0,6,142.8000030517578
OIL,USO,2027-03-19,0.873972602739726,P,30.0,-1.5602476896141815,0.15,0.84,0.2,0.858399853515625,1.0,26,142.8000030517578
OIL,USO,2027-03-19,0.873972602739726,P,40.0,-1.2725656171624005,0.2,1.2,0.85,0.7485376708984376,6.0,2,142.8000030517578
OIL,USO,2027-03-19,0.873972602739726,P,45.0,-1.154782581506017,0.47,0.92,1.2,0.6821320849609377,1.0,12,142.8000030517578
OIL,USO,2027-03-19,0.873972602739726,P,50.0,-1.0494220658481908,0.65,1.44,0.8,0.6752962158203126,10.0,673,142.8000030517578
OIL,USO,2027-03-19,0.873972602739726,P,55.0,-0.954111886043866,0.01,1.42,2.02,0.5747112841796875,,1,142.8000030517578
OIL,USO,2027-03-19,0.873972602739726,P,60.0,-0.8671005090542361,1.05,1.45,1.31,0.5900919897460939,3.0,65,142.8000030517578
OIL,USO,2027-03-19,0.873972602739726,P,65.0,-0.7870578013806997,1.1,2.19,1.98,0.5766643896484375,9.0,53,142.8000030517578
OIL,USO,2027-03-19,0.873972602739726,P,70.0,-0.7129498292269778,1.72,2.79,2.15,0.5732464550781251,38.0,63,142.8000030517578
OIL,USO,2027-03-19,0.873972602739726,P,75.0,-0.6439569577400263,1.85,2.83,2.5,0.5316208947753907,4.0,264,142.8000030517578
OIL,USO,2027-03-19,0.873972602739726,P,80.0,-0.5794184366024553,2.66,3.2,3.0,0.5197191583251952,20.0,327,142.8000030517578
OIL,USO,2027-03-19,0.873972602739726,P,85.0,-0.5187938147860204,2.89,3.9,3.45,0.5208788146972656,11.0,117,142.8000030517578
OIL,USO,2027-03-19,0.873972602739726,P,90.0,-0.4616354009460717,3.4,5.35,4.5,0.5332688275146484,3.0,174,142.8000030517578
OIL,USO,2027-03-19,0.873972602739726,P,95.0,-0.40756817967579606,5.15,6.3,5.83,0.5007374145507812,1.0,64,142.8000030517578
OIL,USO,2027-03-19,0.873972602739726,P,100.0,-0.35627488528824547,6.25,6.7,6.44,0.4873708489990235,25.0,453,142.8000030517578
OIL,USO,2027-03-19,0.873972602739726,P,105.0,-0.3074847211188134,7.6,8.0,7.98,0.48041291076660153,1.0,290,142.8000030517578
OIL,USO,2027-03-19,0.873972602739726,P,110.0,-0.26096470548392064,9.0,9.55,9.26,0.47614049255371094,3.0,1183,142.8000030517578
OIL,USO,2027-03-19,0.873972602739726,P,115.0,-0.21651294291308676,10.45,11.1,10.93,0.4679923806762696,12.0,792,142.8000030517578
OIL,USO,2027-03-19,0.873972602739726,P,120.0,-0.1739533284942908,11.3,14.05,12.8,0.4882253326416016,69.0,935,142.8000030517578
OIL,USO,2027-03-19,0.873972602739726,P,125.0,-0.13313133397403565,14.3,15.05,14.89,0.46057668334960944,17.0,630,142.8000030517578
OIL,USO,2027-03-19,0.873972602739726,P,130.0,-0.09391062082075442,15.45,18.0,17.1,0.47174600524902344,203.0,392,142.8000030517578
OIL,USO,2027-03-19,0.873972602739726,P,135.0,-0.05617029283790736,18.55,20.95,19.61,0.47864290893554684,131.0,138,142.8000030517578
OIL,USO,2027-03-19,0.873972602739726,P,140.0,-0.019802648667032477,21.05,23.95,22.35,0.482976361694336,68.0,226,142.8000030517578
OIL,USO,2027-03-19,0.873972602739726,P,145.0,0.015288671144237657,24.35,25.45,25.25,0.45560236785888675,23.0,175,142.8000030517578
OIL,USO,2027-03-19,0.873972602739726,P,150.0,0.049190222819919034,26.3,28.5,27.9,0.45526667785644537,55.0,273,142.8000030517578
OIL,USO,2027-03-19,0.873972602739726,P,155.0,0.08198004564290973,30.8,33.5,30.16,0.4886525744628907,203.0,91,142.8000030517578
OIL,USO,2027-03-19,0.873972602739726,P,160.0,0.11372874395749007,33.55,35.45,31.9,0.46237720245361336,67.0,86,142.8000030517578
OIL,USO,2027-03-19,0.873972602739726,P,165.0,0.14450040262424377,36.35,40.25,38.5,0.4871572280883789,3.0,3,142.8000030517578
OIL,USO,2027-03-19,0.873972602739726,P,170.0,0.17435336577392496,40.8,42.55,42.22,0.4626518579101563,2.0,10,142.8000030517578
OIL,USO,2027-03-19,0.873972602739726,P,175.0,0.20334090264717727,44.4,46.9,43.26,0.4749198016357422,18.0,14,142.8000030517578
OIL,USO,2027-03-19,0.873972602739726,P,180.0,0.23151177961387362,48.15,51.25,46.74,0.48553981262207035,1.0,5,142.8000030517578
OIL,USO,2027-03-19,0.873972602739726,P,185.0,0.2589107538019881,51.85,55.95,49.5,0.5015308636474609,2.0,3,142.8000030517578
OIL,USO,2027-03-19,0.873972602739726,P,190.0,0.2855790008841493,56.35,60.0,54.21,0.5033008654785156,37.0,20,142.8000030517578
OIL,USO,2027-03-19,0.873972602739726,P,195.0,0.31155448728741,61.5,64.25,82.41,0.5076953527832031,30.0,17,142.8000030517578
OIL,USO,2027-03-19,0.873972602739726,P,200.0,0.3368722952716999,65.0,66.95,68.0,0.4779104943847656,1.0,160,142.8000030517578
OIL,USO,2027-03-19,0.873972602739726,P,205.0,0.3615649078620714,68.6,71.35,67.35,0.4821218780517579,2.0,75,142.8000030517578
OIL,USO,2027-03-19,0.873972602739726,P,210.0,0.3856624594411319,74.15,77.0,69.36,0.512974841003418,4.0,7,142.8000030517578
OIL,USO,2027-03-19,0.873972602739726,P,215.0,0.40919295685132606,77.5,81.5,73.6,0.5178270874023438,2.0,123,142.8000030517578
OIL,USO,2027-03-19,0.873972602739726,P,220.0,0.43218247507602464,81.95,85.8,78.11,0.5171251901245117,624.0,429,142.8000030517578
OIL,USO,2027-03-19,0.873972602739726,P,230.0,0.4766342376468585,91.5,94.2,88.33,0.5069934555053711,4.0,4,142.8000030517578
OIL,USO,2027-03-19,0.873972602739726,P,235.0,0.49814044286782216,95.9,99.2,112.6,0.5202684692382812,,1,142.8000030517578
OIL,USO,2027-03-19,0.873972602739726,P,250.0,0.5600158465859096,110.2,113.2,104.99,0.5308884802246094,1.0,9,142.8000030517578
OIL,USO,2027-03-19,0.873972602739726,P,260.0,0.5992365597391909,119.45,122.75,122.5,0.5407760766601564,3.0,3,142.8000030517578
OIL,USO,2027-03-19,0.873972602739726,P,270.0,0.636976887722038,129.1,131.8,124.2,0.5331467584228515,,3,142.8000030517578
OIL,USO,2027-03-19,0.873972602739726,P,275.0,0.6553260263902345,133.4,137.4,152.2,0.5617109259033204,6.0,7,142.8000030517578
OIL,USO,2028-01-21,1.7178082191780821,C,20.0,-1.9657127977223459,120.5,125.5,104.4,0.6718782812500002,2.0,2,142.8000030517578
OIL,USO,2028-01-21,1.7178082191780821,C,30.0,-1.5602476896141815,110.5,115.5,97.28,0.5327195166015625,,11,142.8000030517578
OIL,USO,2028-01-21,1.7178082191780821,C,35.0,-1.4060970097869232,105.5,110.5,97.45,0.790041162109375,3.0,39,142.8000030517578
OIL,USO,2028-01-21,1.7178082191780821,C,40.0,-1.2725656171624005,101.5,106.0,92.55,0.5659223095703125,2.0,43,142.8000030517578
OIL,USO,2028-01-21,1.7178082191780821,C,45.0,-1.154782581506017,97.0,100.75,80.7,0.5293015820312501,2.0,108,142.8000030517578
OIL,USO,2028-01-21,1.7178082191780821,C,50.0,-1.0494220658481908,92.5,96.35,87.18,0.5299119274902344,1.0,27,142.8000030517578
OIL,USO,2028-01-21,1.7178082191780821,C,55.0,-0.954111886043866,88.5,92.5,75.14,0.551762294921875,2.0,82,142.8000030517578
OIL,USO,2028-01-21,1.7178082191780821,C,60.0,-0.8671005090542361,85.05,88.0,86.1,0.5560347131347658,6.0,53,142.8000030517578
OIL,USO,2028-01-21,1.7178082191780821,C,61.0,-0.8505712071030255,83.0,87.0,82.8,0.5231981274414061,10.0,7,142.8000030517578
OIL,USO,2028-01-21,1.7178082191780821,C,62.0,-0.8343106862312453,82.0,86.5,82.38,0.5259446820068359,6.0,7,142.8000030517578
OIL,USO,2028-01-21,1.7178082191780821,C,63.0,-0.8183103448848041,81.0,86.0,81.3,0.5282029602050782,10.0,10,142.8000030517578
OIL,USO,2028-01-21,1.7178082191780821,C,64.0,-0.8025619879166649,80.5,85.0,80.54,0.5300339965820313,4.0,14,142.8000030517578
OIL,USO,2028-01-21,1.7178082191780821,C,65.0,-0.7870578013806997,79.5,84.0,80.33,0.5214281256103515,9.0,37,142.8000030517578
OIL,USO,2028-01-21,1.7178082191780821,C,66.0,-0.7717903292499113,78.5,83.5,77.0,0.5228929547119141,40.0,19,142.8000030517578
OIL,USO,2028-01-21,1.7178082191780821,C,67.0,-0.7567524518853707,78.0,82.5,68.7,0.5239915765380858,4.0,64,142.8000030517578
OIL,USO,2028-01-21,1.7178082191780821,C,68.0,-0.7419373661002302,77.0,82.0,67.7,0.5247850256347657,6.0,25,142.8000030517578
OIL,USO,2028-01-21,1.7178082191780821,C,69.0,-0.7273385666790775,76.5,80.5,66.9,0.5163622583007812,4.0,17,142.8000030517578
OIL,USO,2028-01-21,1.7178082191780821,C,70.0,-0.7129498292269778,75.5,80.0,77.2,0.5169115692138673,82.0,307,142.8000030517578
OIL,USO,2028-01-21,1.7178082191780821,C,72.0,-0.6847789522602814,74.0,78.5,76.0,0.5172167419433593,5.0,85,142.8000030517578
OIL,USO,2028-01-21,1.7178082191780821,C,74.0,-0.6573799780721671,72.75,76.45,72.6,0.5119677709960937,1.0,26,142.8000030517578
OIL,USO,2028-01-21,1.7178082191780821,C,75.0,-0.6439569577400263,72.2,76.0,75.8,0.5192308819580078,1.0,258,142.8000030517578
OIL,USO,2028-01-21,1.7178082191780821,C,76.0,-0.6307117309900057,72.25,75.0,77.5,0.5266160620117188,1.0,15,142.8000030517578
OIL,USO,2028-01-21,1.7178082191780821,C,77.0,-0.617639649422653,70.0,74.5,57.15,0.5072070764160157,2.0,10,142.8000030517578
OIL,USO,2028-01-21,1.7178082191780821,C,78.0,-0.604736244586745,69.5,74.0,58.25,0.513554669189453,1.0,90,142.8000030517578
OIL,USO,2028-01-21,1.7178082191780821,C,80.0,-0.5794184366024553,68.8,72.0,69.56,0.5152636364746093,1.0,458,142.8000030517578
OIL,USO,2028-01-21,1.7178082191780821,C,81.0,-0.5669959166038979,67.5,71.75,55.01,0.5131274273681641,4.0,55,142.8000030517578
OIL,USO,2028-01-21,1.7178082191780821,C,82.0,-0.5547258240120837,66.5,71.0,67.9,0.5082446636962892,2.0,98,142.8000030517578
OIL,USO,2028-01-21,1.7178082191780821,C,83.0,-0.5426044634797389,65.5,70.0,56.25,0.5001270690917969,2.0,20,142.8000030517578
OIL,USO,2028-01-21,1.7178082191780821,C,84.0,-0.5306282724330231,65.0,69.0,54.76,0.548405394897461,1.0,89,142.8000030517578
OIL,USO,2028-01-21,1.7178082191780821,C,85.0,-0.5187938147860204,64.85,68.5,66.03,0.5074512145996093,1.0,181,142.8000030517578
OIL,USO,2028-01-21,1.7178082191780821,C,86.0,-0.5070977750228292,63.5,67.25,54.0,0.5373581420898439,10.0,51,142.8000030517578
OIL,USO,2028-01-21,1.7178082191780821,C,87.0,-0.495536952621753,62.5,67.5,51.1,0.5579878186035157,2.0,115,142.8000030517578
OIL,USO,2028-01-21,1.7178082191780821,C,88.0,-0.48410825679813035,62.05,66.5,42.0,0.5493209130859377,6.0,13,142.8000030517578
OIL,USO,2028-01-21,1.7178082191780821,C,89.0,-0.472808701544197,61.95,64.95,66.32,0.5283250292968751,2.0,167,142.8000030517578
OIL,USO,2028-01-21,1.7178082191780821,C,90.0,-0.4616354009460717,61.0,64.75,62.44,0.5378464184570313,6.0,633,142.8000030517578
OIL,USO,2028-01-21,1.7178082191780821,C,91.0,-0.45058556475948675,60.35,64.0,52.85,0.5349167602539062,94.0,80,142.8000030517578
OIL,USO,2028-01-21,1.7178082191780821,C,92.0,-0.4396564942272966,59.8,63.45,36.91,0.5361984857177735,1.0,9,142.8000030517578
OIL,USO,2028-01-21,1.7178082191780821,C,93.0,-0.42884557812308083,59.0,62.25,51.3,0.5235338174438476,6.0,11,142.8000030517578
OIL,USO,2028-01-21,1.7178082191780821,C,94.0,-0.41815028900633294,58.0,61.45,34.05,0.5194750201416016,1.0,6,142.8000030517578
OIL,USO,2028-01-21,1.7178082191780821,C,95.0,-0.40756817967579606,57.5,61.25,58.9,0.5278672702026368,4.0,966,142.8000030517578
OIL,USO,2028-01-21,1.7178082191780821,C,96.0,-0.3970968798085005,57.1,60.9,48.4,0.53281106842041,2.0,4,142.8000030517578
OIL,USO,2028-01-21,1.7178082191780821,C,97.0,-0.386734092772954,56.0,60.5,44.3,0.5365036584472658,4.0,10,142.8000030517578
OIL,USO,2028-01-21,1.7178082191780821,C,98.0,-0.37647759260576497,55.0,60.0,49.75,0.5379684875488282,26.0,27,142.8000030517578
OIL,USO,2028-01-21,1.7178082191780821,C,99.0,-0.3663252211417468,54.95,58.9,53.8,0.5275926147460939,2.0,38,142.8000030517578
OIL,USO,2028-01-21,1.7178082191780821,C,100.0,-0.35627488528824547,54.0,58.0,55.4,0.5211839874267576,76.0,710,142.8000030517578
OIL,USO,2028-01-21,1.7178082191780821,C,101.0,-0.3463245544350774,53.9,57.4,55.91,0.5205736419677733,18.0,87,142.8000030517578
OIL,USO,2028-01-21,1.7178082191780821,C,102.0,-0.3364722579920657,53.25,57.0,54.91,0.5236253692626953,30.0,97,142.8000030517578
OIL,USO,2028-01-21,1.7178082191780821,C,103.0,-0.3267160830467011,52.15,56.5,53.6,0.5246629565429688,2.0,61,142.8000030517578
OIL,USO,2028-01-21,1.7178082191780821,C,104.0,-0.31705417213496423,52.9,55.5,52.9,0.516331741027832,2.0,134,142.8000030517578
OIL,USO,2028-01-21,1.7178082191780821,C,105.0,-0.3074847211188134,51.0,55.0,52.25,0.5172167419433593,20.0,96,142.8000030517578
OIL,USO,2028-01-21,1.7178082191780821,C,106.0,-0.2980059771642697,50.5,54.4,51.55,0.5161791546630858,24.0,15,142.8000030517578
OIL,USO,2028-01-21,1.7178082191780821,C,107.0,-0.2886162368144307,50.75,53.8,51.05,0.5150500155639649,20.0,47,142.8000030517578
OIL,USO,2028-01-21,1.7178082191780821,C,108.0,-0.2793138441521171,49.0,53.0,50.45,0.5103198382568359,20.0,30,142.8000030517578
OIL,USO,2028-01-21,1.7178082191780821,C,109.0,-0.27009718904719315,48.85,52.5,49.85,0.5108386318969728,2.0,25,142.8000030517578
OIL,USO,2028-01-21,1.7178082191780821,C,110.0,-0.26096470548392064,47.5,52.0,49.65,0.5112353564453125,438.0,145,142.8000030517578
OIL,USO,2028-01-21,1.7178082191780821,C,111.0,-0.25191486996400264,47.0,51.5,48.65,0.511571046447754,20.0,11,142.8000030517578
OIL,USO,2028-01-21,1.7178082191780821,C,112.0,-0.24294619998124228,46.5,51.0,47.95,0.5117846673583983,30.0,17,142.8000030517578
OIL,USO,2028-01-21,1.7178082191780821,C,113.0,-0.23405725256399632,46.55,50.0,47.2,0.503483969116211,2.0,137,142.8000030517578
OIL,USO,2028-01-21,1.7178082191780821,C,114.0,-0.22524662288184133,46.65,49.5,46.55,0.5035755209350586,2.0,85,142.8000030517578
OIL,USO,2028-01-21,1.7178082191780821,C,115.0,-0.21651294291308676,45.0,48.95,46.05,0.502782071838379,33.0,335,142.8000030517578
OIL,USO,2028-01-21,1.7178082191780821,C,116.0,-0.2078548801699721,44.7,48.35,45.55,0.5010731045532227,42.0,45,142.8000030517578
OIL,USO,2028-01-21,1.7178082191780821,C,117.0,-0.19927113647858066,44.25,47.8,46.25,0.5001270690917969,149.0,41,142.8000030517578
OIL,USO,2028-01-21,1.7178082191780821,C,118.0,-0.19076044681067209,43.15,47.2,44.8,0.4982960327148438,12.0,49,142.8000030517578
OIL,USO,2028-01-21,1.7178082191780821,C,119.0,-0.18232157816480737,42.5,46.5,43.3,0.49481706359863287,26.0,60,142.8000030517578
OIL,USO,2028-01-21,1.7178082191780821,C,120.0,-0.1739533284942908,42.05,45.95,43.65,0.49371844177246105,5.0,740,142.8000030517578
OIL,USO,2028-01-21,1.7178082191780821,C,121.0,-0.16565452567959577,41.95,45.5,42.55,0.4941151663208009,2.0,13,142.8000030517578
OIL,USO,2028-01-21,1.7178082191780821,C,122.0,-0.1574240265430802,41.0,44.9,42.05,0.49207050903320315,2.0,15,142.8000030517578
OIL,USO,2028-01-21,1.7178082191780821,C,123.0,-0.14926071590391932,40.5,44.35,41.5,0.49075826629638675,2.0,50,142.8000030517578
OIL,USO,2028-01-21,1.7178082191780821,C,124.0,-0.14116350567129998,39.5,44.0,41.2,0.4924977508544922,22.0,87,142.8000030517578
OIL,USO,2028-01-21,1.7178082191780821,C,125.0,-0.13313133397403565,40.25,43.3,40.4,0.48874412628173836,158.0,792,142.8000030517578
OIL,USO,2028-01-21,1.7178082191780821,C,126.0,-0.1251631643248588,39.45,42.75,39.25,0.4872487799072266,876.0,143,142.8000030517578
OIL,USO,2028-01-21,1.7178082191780821,C,127.0,-0.11725798481774558,38.85,42.3,32.59,0.48721826263427737,39.0,126,142.8000030517578
OIL,USO,2028-01-21,1.7178082191780821,C,128.0,-0.1094148073567196,38.65,41.8,39.45,0.48636377899169925,4.0,520,142.8000030517578
OIL,USO,2028-01-21,1.7178082191780821,C,129.0,-0.10163266691466469,38.0,41.25,41.85,0.48468532897949224,2.0,80,142.8000030517578
OIL,USO,2028-01-21,1.7178082191780821,C,130.0,-0.09391062082075442,36.5,41.0,37.12,0.48743188354492195,33.0,291,142.8000030517578
OIL,USO,2028-01-21,1.7178082191780821,C,131.0,-0.08624774807518522,36.65,40.0,39.87,0.4789785989379882,2.0,240,142.8000030517578
OIL,USO,2028-01-21,1.7178082191780821,C,132.0,-0.07864314868996596,36.95,39.3,31.5,0.4749808361816406,64.0,73,142.8000030517578
OIL,USO,2028-01-21,1.7178082191780821,C,133.0,-0.07109594305458308,36.15,38.5,37.14,0.4694572097778321,20.0,130,142.8000030517578
OIL,USO,2028-01-21,1.7178082191780821,C,134.0,-0.0636052713254254,35.45,38.4,36.3,0.47415686981201177,2.0,124,142.8000030517578
OIL,USO,2028-01-21,1.7178082191780821,C,135.0,-0.05617029283790736,35.35,38.35,36.65,0.4794363580322265,1.0,682,142.8000030517578
OIL,USO,2028-01-21,1.7178082191780821,C,136.0,-0.048790185540284844,34.65,37.9,32.8,0.4788260125732422,65.0,417,142.8000030517578
OIL,USO,2028-01-21,1.7178082191780821,C,137.0,-0.04146414544821186,33.55,37.0,37.81,0.4717154879760742,5.0,143,142.8000030517578
OIL,USO,2028-01-21,1.7178082191780821,C,138.0,-0.03419138611913212,33.75,36.75,38.67,0.4738822143554688,2.0,52,142.8000030517578
OIL,USO,2028-01-21,1.7178082191780821,C,139.0,-0.026971138145645095,33.65,36.3,38.95,0.4731192825317383,2.0,3,142.8000030517578
OIL,USO,2028-01-21,1.7178082191780821,C,140.0,-0.019802648667032477,33.55,35.45,34.95,0.46664962066650395,35.0,665,142.8000030517578
OIL,USO,2028-01-21,1.7178082191780821,C,141.0,-0.012685180898168537,32.55,34.9,26.0,0.46439134246826175,2.0,3,142.8000030517578
OIL,USO,2028-01-21,1.7178082191780821,C,142.0,-0.005618013675076122,31.7,35.0,37.1,0.4712272116088867,,2,142.8000030517578
OIL,USO,2028-01-21,1.7178082191780821,C,143.0,0.0013995589835703896,30.6,34.5,24.3,0.4695487615966797,4.0,8,142.8000030517578
OIL,USO,2028-01-21,1.7178082191780821,C,145.0,0.015288671144237657,31.55,33.2,32.28,0.4618584088134766,5.0,692,142.8000030517578
OIL,USO,2028-01-21,1.7178082191780821,C,146.0,0.022161550431999657,30.5,33.0,35.21,0.4642082388305664,2.0,89,142.8000030517578
OIL,USO,2028-01-21,1.7178082191780821,C,147.0,0.02898751550239948,28.95,32.5,23.2,0.4623161679077149,,52,142.8000030517578
OIL,USO,2028-01-21,1.7178082191780821,C,148.0,0.035767202487778205,28.5,32.5,33.21,0.4672904833984375,,2,142.8000030517578
OIL,USO,2028-01-21,1.7178082191780821,C,150.0,0.049190222819919034,27.5,32.0,29.58,0.4701285897827149,3.0,289,142.8000030517578
OIL,USO,2028-01-21,1.7178082191780821,C,151.0,0.05583476553858758,27.0,30.65,19.88,0.45642633422851564,20.0,11,142.8000030517578
OIL,USO,2028-01-21,1.7178082191780821,C,155.0,0.08198004564290973,26.75,29.45,26.67,0.45854728469848643,1.0,109,142.8000030517578
OIL,USO,2028-01-21,1.7178082191780821,C,157.0,0.0948007340719713,25.0,29.35,20.3,0.46603927520751964,3.0,1,142.8000030517578
OIL,USO,2028-01-21,1.7178082191780821,C,158.0,0.10114996175063001,24.5,29.5,11.5,0.4723868679809571,1.0,1,142.8000030517578
OIL,USO,2028-01-21,1.7178082191780821,C,159.0,0.1074591309438947,25.75,28.5,18.65,0.463170651550293,,1,142.8000030517578
OIL,USO,2028-01-21,1.7178082191780821,C,160.0,0.11372874395749007,24.0,28.0,29.0,0.4606682351684571,1.0,178,142.8000030517578
OIL,USO,2028-01-21,1.7178082191780821,C,161.0,0.11995929370812611,23.5,27.5,16.8,0.45810478424072276,,2,142.8000030517578
OIL,USO,2028-01-21,1.7178082191780821,C,162.0,0.12615126395604734,23.0,28.0,17.0,0.46895367477417,,10,142.8000030517578
OIL,USO,2028-01-21,1.7178082191780821,C,163.0,0.13230512953042556,23.35,27.5,17.2,0.46629867202758796,,2,142.8000030517578
OIL,USO,2028-01-21,1.7178082191780821,C,165.0,0.14450040262424377,22.5,26.85,24.0,0.46555099884033213,3.0,83,142.8000030517578
OIL,USO,2028-01-21,1.7178082191780821,C,168.0,0.16251890812692218,21.5,25.5,25.85,0.4590813369750977,,2,142.8000030517578
OIL,USO,2028-01-21,1.7178082191780821,C,169.0,0.1684536436467367,22.35,24.9,25.37,0.45483943603515625,2.0,7,142.8000030517578
OIL,USO,2028-01-21,1.7178082191780821,C,170.0,0.17435336577392496,21.05,25.5,18.5,0.4665885861206055,3.0,11,142.8000030517578
OIL,USO,2028-01-21,1.7178082191780821,C,171.0,0.180218485226323,20.55,25.5,18.49,0.470281176147461,,2,142.8000030517578
OIL,USO,2028-01-21,1.7178082191780821,C,173.0,0.19184652322144205,20.0,24.6,15.47,0.4654899642944337,,0,142.8000030517578
OIL,USO,2028-01-21,1.7178082191780821,C,174.0,0.19761022793819227,20.0,24.0,18.0,0.4610344424438477,,1,142.8000030517578
OIL,USO,2028-01-21,1.7178082191780821,C,175.0,0.20334090264717727,20.0,24.0,21.23,0.4645439288330079,2.0,12,142.8000030517578
OIL,USO,2028-01-21,1.7178082191780821,C,177.0,0.2147046612974923,19.65,24.0,14.96,0.4714713497924804,2.0,15,142.8000030517578
OIL,USO,2028-01-21,1.7178082191780821,C,178.0,0.22033847901574827,19.0,23.5,13.41,0.46819074295043944,1.0,1,142.8000030517578
OIL,USO,2028-01-21,1.7178082191780821,C,180.0,0.23151177961387362,18.5,22.5,22.54,0.461492201538086,6.0,1349,142.8000030517578
OIL,USO,2028-01-21,1.7178082191780821,C,181.0,0.23705195998948897,19.75,22.45,16.23,0.46411668701171876,,16,142.8000030517578
OIL,USO,2028-01-21,1.7178082191780821,C,182.0,0.24256161580045854,18.0,23.0,16.08,0.47473669799804685,24.0,17,142.8000030517578
OIL,USO,2028-01-21,1.7178082191780821,C,183.0,0.2480410815650841,18.0,21.5,21.5,0.4578148701477051,2.0,51,142.8000030517578
OIL,USO,2028-01-21,1.7178082191780821,C,184.0,0.25349068633264876,17.55,22.5,15.93,0.4744467839050293,,20,142.8000030517578
OIL,USO,2028-01-21,1.7178082191780821,C,185.0,0.2589107538019881,17.8,21.95,14.6,0.47022014160156256,1.0,1814,142.8000030517578
OIL,USO,2028-01-21,1.7178082191780821,C,186.0,0.2643016024368645,17.4,21.95,12.7,0.4733329034423829,,3,142.8000030517578
OIL,USO,2028-01-21,1.7178082191780821,C,188.0,0.2749968915536124,16.5,21.5,11.95,0.47342445526123045,13.0,67,142.8000030517578
OIL,USO,2028-01-21,1.7178082191780821,C,189.0,0.28030194378330553,16.75,21.5,15.11,0.4764456652832031,10.0,86,142.8000030517578
OIL,USO,2028-01-21,1.7178082191780821,C,190.0,0.2855790008841493,16.05,21.0,21.8,0.47269204071044923,3.0,498,142.8000030517578
OIL,USO,2028-01-21,1.7178082191780821,C,191.0,0.2908283567702931,17.25,21.0,19.63,0.4756522161865234,2.0,318,142.8000030517578
OIL,USO,2028-01-21,1.7178082191780821,C,192.0,0.2960503007514448,16.05,20.6,19.38,0.47318031707763675,2.0,15,142.8000030517578
OIL,USO,2028-01-21,1.7178082191780821,C,193.0,0.3012451176285488,16.0,20.5,18.8,0.47473669799804685,2.0,2,142.8000030517578
OIL,USO,2028-01-21,1.7178082191780821,C,194.0,0.30641308778699133,15.55,19.45,11.25,0.46332323791503904,2.0,5,142.8000030517578
OIL,USO,2028-01-21,1.7178082191780821,C,195.0,0.31155448728741,15.55,19.25,15.25,0.46344530700683595,1.0,1111,142.8000030517578
OIL,USO,2028-01-21,1.7178082191780821,C,196.0,0.3166695879541804,15.0,20.0,11.24,0.47650669982910154,40.0,108,142.8000030517578
OIL,USO,2028-01-21,1.7178082191780821,C,197.0,0.3217586574616518,15.0,20.0,11.08,0.479299030303955,2.0,77,142.8000030517578
OIL,USO,2028-01-21,1.7178082191780821,C,198.0,0.32682195941819847,14.5,19.0,14.0,0.4683891052246094,2.0,61,142.8000030517578
OIL,USO,2028-01-21,1.7178082191780821,C,199.0,0.3318597534481556,14.5,19.0,13.92,0.471135659790039,1.0,64,142.8000030517578
OIL,USO,2028-01-21,1.7178082191780821,C,200.0,0.3368722952716999,14.5,19.0,16.8,0.4738516970825196,57.0,653,142.8000030517578
OIL,USO,2028-01-21,1.7178082191780821,C,205.0,0.3615649078620714,13.5,17.4,11.2,0.4649406533813477,26.0,569,142.8000030517578
OIL,USO,2028-01-21,1.7178082191780821,C,210.0,0.3856624594411319,13.0,16.85,10.15,0.4698234170532227,11.0,289,142.8000030517578
OIL,USO,2028-01-21,1.7178082191780821,C,215.0,0.40919295685132606,12.0,16.05,10.99,0.47055583160400394,14.0,49,142.8000030517578
OIL,USO,2028-01-21,1.7178082191780821,C,220.0,0.43218247507602464,11.5,15.85,8.14,0.4792837716674804,1.0,129,142.8000030517578
OIL,USO,2028-01-21,1.7178082191780821,C,225.0,0.4546553309280833,11.05,14.85,10.24,0.47592687164306635,2.0,69,142.8000030517578
OIL,USO,2028-01-21,1.7178082191780821,C,230.0,0.4766342376468585,10.0,15.0,4.73,0.4888051608276368,1.0,5,142.8000030517578
OIL,USO,2028-01-21,1.7178082191780821,C,235.0,0.49814044286782216,9.9,13.75,12.08,0.4806265316772461,4.0,7,142.8000030517578
OIL,USO,2028-01-21,1.7178082191780821,C,240.0,0.5191938520656545,11.05,13.5,8.2,0.4867605035400391,1.0,217,142.8000030517578
OIL,USO,2028-01-21,1.7178082191780821,C,245.0,0.5398131392683903,9.9,12.8,11.55,0.4856313644409179,3.0,1052,142.8000030517578
OIL,USO,2028-01-21,1.7178082191780821,C,250.0,0.5600158465859096,8.0,12.4,9.49,0.4886525744628907,15.0,387,142.8000030517578
OIL,USO,2028-01-21,1.7178082191780821,C,255.0,0.5798184738820893,9.15,12.0,7.98,0.4913075772094727,50.0,373,142.8000030517578
OIL,USO,2028-01-21,1.7178082191780821,C,260.0,0.5992365597391909,7.0,12.0,5.44,0.4999439654541016,1.0,63,142.8000030517578
OIL,USO,2028-01-21,1.7178082191780821,C,265.0,0.6182847547098854,8.2,11.5,9.42,0.5003101727294923,2.0,83,142.8000030517578
OIL,USO,2028-01-21,1.7178082191780821,C,270.0,0.636976887722038,6.0,11.0,9.2,0.5002796554565431,10.0,91,142.8000030517578
OIL,USO,2028-01-21,1.7178082191780821,C,275.0,0.6553260263902345,6.8,10.5,8.7,0.4998218963623047,1.0,24,142.8000030517578
OIL,USO,2028-01-21,1.7178082191780821,C,290.0,0.708435851704183,5.25,9.5,7.65,0.5048877636718749,8.0,0,142.8000030517578
OIL,USO,2028-01-21,1.7178082191780821,P,20.0,-1.9657127977223459,0.0,5.0,0.29,1.0920455554199218,1.0,103,142.8000030517578
OIL,USO,2028-01-21,1.7178082191780821,P,25.0,-1.7425692464081362,0.05,2.75,0.44,0.8354508642578123,24.0,40,142.8000030517578
OIL,USO,2028-01-21,1.7178082191780821,P,30.0,-1.5602476896141815,0.1,2.83,0.89,0.7551294018554688,60.0,59,142.8000030517578
OIL,USO,2028-01-21,1.7178082191780821,P,35.0,-1.4060970097869232,0.68,1.19,0.83,0.6215858154296876,26.0,703,142.8000030517578
OIL,USO,2028-01-21,1.7178082191780821,P,40.0,-1.2725656171624005,0.75,1.33,1.35,0.5769085278320312,172.0,524,142.8000030517578
OIL,USO,2028-01-21,1.7178082191780821,P,45.0,-1.154782581506017,0.12,1.84,1.67,0.5202684692382812,193.0,166,142.8000030517578
OIL,USO,2028-01-21,1.7178082191780821,P,50.0,-1.0494220658481908,1.75,2.54,2.02,0.5668988623046876,1.0,471,142.8000030517578
OIL,USO,2028-01-21,1.7178082191780821,P,55.0,-0.954111886043866,1.14,2.95,2.2,0.5142870837402342,4.0,250,142.8000030517578
OIL,USO,2028-01-21,1.7178082191780821,P,60.0,-0.8671005090542361,2.59,4.0,3.0,0.5368698657226563,2.0,70,142.8000030517578
OIL,USO,2028-01-21,1.7178082191780821,P,61.0,-0.8505712071030255,2.47,4.4,4.32,0.5344895184326173,154.0,76,142.8000030517578
OIL,USO,2028-01-21,1.7178082191780821,P,62.0,-0.8343106862312453,0.5,5.5,3.09,0.505742247314453,1.0,14,142.8000030517578
OIL,USO,2028-01-21,1.7178082191780821,P,63.0,-0.8183103448848041,1.8,6.0,5.44,0.5371750384521485,260.0,78,142.8000030517578
OIL,USO,2028-01-21,1.7178082191780821,P,64.0,-0.8025619879166649,0.0,0.0,5.65,0.12500875,4.0,0,142.8000030517578
OIL,USO,2028-01-21,1.7178082191780821,P,65.0,-0.7870578013806997,1.8,6.0,3.45,0.5198412274169921,1.0,79,142.8000030517578
OIL,USO,2028-01-21,1.7178082191780821,P,66.0,-0.7717903292499113,0.0,0.0,7.0,0.12500875,2.0,0,142.8000030517578
OIL,USO,2028-01-21,1.7178082191780821,P,67.0,-0.7567524518853707,2.6,6.5,5.75,0.5282029602050782,1.0,67,142.8000030517578
OIL,USO,2028-01-21,1.7178082191780821,P,68.0,-0.7419373661002302,0.0,0.0,7.94,0.12500875,25.0,0,142.8000030517578
OIL,USO,2028-01-21,1.7178082191780821,P,69.0,-0.7273385666790775,0.0,0.0,9.6,0.12500875,1.0,0,142.8000030517578
OIL,USO,2028-01-21,1.7178082191780821,P,70.0,-0.7129498292269778,4.15,5.0,4.6,0.5039722454833984,7.0,219,142.8000030517578
OIL,USO,2028-01-21,1.7178082191780821,P,71.0,-0.6987651942350215,4.3,6.25,4.66,0.5201464001464844,1.0,64,142.8000030517578
OIL,USO,2028-01-21,1.7178082191780821,P,72.0,-0.6847789522602814,3.75,8.5,8.45,0.539616420288086,2.0,85,142.8000030517578
OIL,USO,2028-01-21,1.7178082191780821,P,73.0,-0.6709856301279457,3.55,7.5,5.0,0.5117846673583983,5.0,40,142.8000030517578
OIL,USO,2028-01-21,1.7178082191780821,P,74.0,-0.6573799780721671,3.7,7.5,9.0,0.5059863854980469,1.0,3,142.8000030517578
OIL,USO,2028-01-21,1.7178082191780821,P,75.0,-0.6439569577400263,4.8,5.9,4.24,0.5072681109619142,5.0,88,142.8000030517578
OIL,USO,2028-01-21,1.7178082191780821,P,76.0,-0.6307117309900057,6.6,9.5,9.29,0.5623212713623047,10.0,30,142.8000030517578
OIL,USO,2028-01-21,1.7178082191780821,P,77.0,-0.617639649422653,5.15,10.0,9.8,0.5401657312011721,2.0,15,142.8000030517578
OIL,USO,2028-01-21,1.7178082191780821,P,78.0,-0.604736244586745,4.45,8.0,5.59,0.5434615966796876,8.0,35,142.8000030517578
OIL,USO,2028-01-21,1.7178082191780821,P,79.0,-0.5919972188093153,6.5,10.45,10.95,0.5477950494384767,2.0,12,142.8000030517578
OIL,USO,2028-01-21,1.7178082191780821,P,80.0,-0.5794184366024553,6.1,7.25,6.65,0.5060169027709961,1.0,182,142.8000030517578
OIL,USO,2028-01-21,1.7178082191780821,P,81.0,-0.5669959166038979,5.25,7.7,7.69,0.5101367346191408,86.0,59,142.8000030517578
OIL,USO,2028-01-21,1.7178082191780821,P,82.0,-0.5547258240120837,6.5,11.5,11.29,0.5358933129882812,1.0,9,142.8000030517578
OIL,USO,2028-01-21,1.7178082191780821,P,83.0,-0.5426044634797389,5.5,9.0,7.25,0.527470545654297,5.0,6,142.8000030517578
OIL,USO,2028-01-21,1.7178082191780821,P,84.0,-0.5306282724330231,9.05,11.95,14.55,0.5560957476806643,,11,142.8000030517578
OIL,USO,2028-01-21,1.7178082191780821,P,85.0,-0.5187938147860204,6.8,7.95,7.15,0.48456325988769533,1.0,128,142.8000030517578
OIL,USO,2028-01-21,1.7178082191780821,P,86.0,-0.5070977750228292,9.45,12.5,13.33,0.5501143621826172,1.0,1,142.8000030517578
OIL,USO,2028-01-21,1.7178082191780821,P,87.0,-0.495536952621753,0.0,0.0,13.2,0.062509375,,0,142.8000030517578
OIL,USO,2028-01-21,1.7178082191780821,P,88.0,-0.48410825679813035,6.45,10.5,9.32,0.5220995056152342,20.0,32,142.8000030517578
OIL,USO,2028-01-21,1.7178082191780821,P,89.0,-0.472808701544197,0.0,0.0,18.95,0.062509375,2.0,0,142.8000030517578
OIL,USO,2028-01-21,1.7178082191780821,P,90.0,-0.4616354009460717,8.05,10.05,8.25,0.4954274090576172,1.0,189,142.8000030517578
OIL,USO,2028-01-21,1.7178082191780821,P,91.0,-0.45058556475948675,11.1,13.65,17.03,0.5390671093750001,,51,142.8000030517578
OIL,USO,2028-01-21,1.7178082191780821,P,92.0,-0.4396564942272966,0.0,0.0,17.0,0.062509375,1.0,0,142.8000030517578
OIL,USO,2028-01-21,1.7178082191780821,P,93.0,-0.42884557812308083,8.9,10.8,9.2,0.48828636718750007,1.0,21,142.8000030517578
OIL,USO,2028-01-21,1.7178082191780821,P,94.0,-0.41815028900633294,0.0,0.0,16.7,0.062509375,,0,142.8000030517578
OIL,USO,2028-01-21,1.7178082191780821,P,95.0,-0.40756817967579606,9.45,11.0,9.66,0.4768423898315429,5.0,81,142.8000030517578
OIL,USO,2028-01-21,1.7178082191780821,P,96.0,-0.3970968798085005,9.7,12.5,10.8,0.5003101727294923,2.0,6,142.8000030517578
OIL,USO,2028-01-21,1.7178082191780821,P,97.0,-0.386734092772954,9.7,12.15,14.55,0.48511257080078124,3.0,5,142.8000030517578
OIL,USO,2028-01-21,1.7178082191780821,P,98.0,-0.37647759260576497,8.9,13.0,14.75,0.49442033905029303,1.0,4,142.8000030517578
OIL,USO,2028-01-21,1.7178082191780821,P,99.0,-0.3663252211417468,10.4,12.4,17.95,0.4744315252685547,1.0,14,142.8000030517578
OIL,USO,2028-01-21,1.7178082191780821,P,100.0,-0.35627488528824547,10.85,12.55,11.3,0.46960979614257814,10.0,345,142.8000030517578
OIL,USO,2028-01-21,1.7178082191780821,P,101.0,-0.3463245544350774,11.0,13.45,10.89,0.4794058407592773,1.0,44,142.8000030517578
OIL,USO,2028-01-21,1.7178082191780821,P,102.0,-0.3364722579920657,11.3,12.9,12.45,0.46094289062500005,2.0,57,142.8000030517578
OIL,USO,2028-01-21,1.7178082191780821,P,103.0,-0.3267160830467011,11.7,13.25,15.87,0.45990530334472657,,3,142.8000030517578
OIL,USO,2028-01-21,1.7178082191780821,P,104.0,-0.31705417213496423,11.9,14.75,16.25,0.4803823934936523,16.0,17,142.8000030517578
OIL,USO,2028-01-21,1.7178082191780821,P,105.0,-0.3074847211188134,12.2,14.25,14.17,0.46320116882324225,2.0,122,142.8000030517578
OIL,USO,2028-01-21,1.7178082191780821,P,106.0,-0.2980059771642697,12.7,15.0,14.8,0.4691825543212891,1.0,9,142.8000030517578
OIL,USO,2028-01-21,1.7178082191780821,P,107.0,-0.2886162368144307,12.85,14.95,18.1,0.46045461425781253,16.0,13,142.8000030517578
OIL,USO,2028-01-21,1.7178082191780821,P,108.0,-0.2793138441521171,11.65,15.25,18.54,0.45807426696777354,16.0,14,142.8000030517578
OIL,USO,2028-01-21,1.7178082191780821,P,109.0,-0.27009718904719315,13.5,16.5,19.81,0.47241738525390625,1.0,1,142.8000030517578
OIL,USO,2028-01-21,1.7178082191780821,P,110.0,-0.26096470548392064,13.85,16.4,14.0,0.4627739270019532,1.0,168,142.8000030517578
OIL,USO,2028-01-21,1.7178082191780821,P,111.0,-0.25191486996400264,14.35,16.95,19.67,0.4644523770141602,40.0,103,142.8000030517578
OIL,USO,2028-01-21,1.7178082191780821,P,112.0,-0.24294619998124228,13.55,17.5,15.0,0.4660087579345704,3.0,97,142.8000030517578
OIL,USO,2028-01-21,1.7178082191780821,P,113.0,-0.23405725256399632,15.05,18.0,21.27,0.46655806884765627,6.0,20,142.8000030517578
OIL,USO,2028-01-21,1.7178082191780821,P,114.0,-0.22524662288184133,15.25,18.0,14.67,0.45862357788085945,1.0,24,142.8000030517578
OIL,USO,2028-01-21,1.7178082191780821,P,115.0,-0.21651294291308676,15.6,18.3,16.5,0.4557549542236329,1.0,289,142.8000030517578
OIL,USO,2028-01-21,1.7178082191780821,P,116.0,-0.2078548801699721,16.05,19.0,18.9,0.45941702697753906,1.0,27,142.8000030517578
OIL,USO,2028-01-21,1.7178082191780821,P,117.0,-0.19927113647858066,20.2,25.0,26.0,0.5102588037109376,1.0,7,142.8000030517578
OIL,USO,2028-01-21,1.7178082191780821,P,118.0,-0.19076044681067209,16.9,19.5,22.63,0.45169615692138676,6.0,7,142.8000030517578
OIL,USO,2028-01-21,1.7178082191780821,P,119.0,-0.18232157816480737,17.3,20.0,26.0,0.45181822601318367,65.0,23,142.8000030517578
OIL,USO,2028-01-21,1.7178082191780821,P,120.0,-0.1739533284942908,17.55,19.8,18.4,0.4407099386596679,1.0,1047,142.8000030517578
OIL,USO,2028-01-21,1.7178082191780821,P,121.0,-0.16565452567959577,17.95,21.0,20.85,0.45178770874023444,1.0,18,142.8000030517578
OIL,USO,2028-01-21,1.7178082191780821,P,122.0,-0.1574240265430802,18.5,21.0,25.01,0.443792183227539,65.0,169,142.8000030517578
OIL,USO,2028-01-21,1.7178082191780821,P,123.0,-0.14926071590391932,18.8,21.5,26.5,0.443639596862793,1.0,10,142.8000030517578
OIL,USO,2028-01-21,1.7178082191780821,P,124.0,-0.14116350567129998,17.85,22.0,25.7,0.44336494140625,2.0,13,142.8000030517578
OIL,USO,2028-01-21,1.7178082191780821,P,125.0,-0.13313133397403565,19.8,21.85,21.95,0.4331111376953125,2.0,1863,142.8000030517578
OIL,USO,2028-01-21,1.7178082191780821,P,126.0,-0.1251631643248588,20.15,23.0,20.86,0.4426325268554688,2.0,44,142.8000030517578
OIL,USO,2028-01-21,1.7178082191780821,P,127.0,-0.11725798481774558,20.6,23.5,25.15,0.44214425048828127,173.0,110,142.8000030517578
OIL,USO,2028-01-21,1.7178082191780821,P,128.0,-0.1094148073567196,21.05,23.5,20.96,0.43408769042968753,2.0,419,142.8000030517578
OIL,USO,2028-01-21,1.7178082191780821,P,129.0,-0.10163266691466469,21.5,24.0,27.0,0.43350786224365234,12.0,186,142.8000030517578
OIL,USO,2028-01-21,1.7178082191780821,P,130.0,-0.09391062082075442,21.95,24.45,21.61,0.43210406768798826,35.0,1749,142.8000030517578
OIL,USO,2028-01-21,1.7178082191780821,P,131.0,-0.08624774807518522,21.75,24.2,26.0,0.42035491760253907,16.0,31,142.8000030517578
OIL,USO,2028-01-21,1.7178082191780821,P,132.0,-0.07864314868996596,22.85,24.35,23.0,0.41449560119628903,1.0,59,142.8000030517578
OIL,USO,2028-01-21,1.7178082191780821,P,133.0,-0.07109594305458308,23.35,25.25,23.83,0.4195309512329102,6.0,30,142.8000030517578
OIL,USO,2028-01-21,1.7178082191780821,P,134.0,-0.0636052713254254,23.8,25.6,29.58,0.4165097412109374,3.0,83,142.8000030517578
OIL,USO,2028-01-21,1.7178082191780821,P,135.0,-0.05617029283790736,24.3,25.75,23.85,0.4105588729858398,9.0,819,142.8000030517578
OIL,USO,2028-01-21,1.7178082191780821,P,136.0,-0.048790185540284844,24.85,26.4,24.21,0.4117185293579102,12.0,432,142.8000030517578
OIL,USO,2028-01-21,1.7178082191780821,P,137.0,-0.04146414544821186,24.3,28.0,27.8,0.4263057858276368,40.0,100,142.8000030517578
OIL,USO,2028-01-21,1.7178082191780821,P,138.0,-0.03419138611913212,25.85,27.7,24.63,0.41379370391845705,15.0,18,142.8000030517578
OIL,USO,2028-01-21,1.7178082191780821,P,139.0,-0.026971138145645095,26.35,28.25,27.0,0.41330542755126953,2.0,272,142.8000030517578
OIL,USO,2028-01-21,1.7178082191780821,P,140.0,-0.019802648667032477,26.9,28.85,27.72,0.41344275527954094,38.0,131,142.8000030517578
OIL,USO,2028-01-21,1.7178082191780821,P,141.0,-0.012685180898168537,27.4,30.0,30.96,0.4212094012451172,2.0,24,142.8000030517578
OIL,USO,2028-01-21,1.7178082191780821,P,142.0,-0.005618013675076122,26.65,30.5,29.85,0.4197750894165039,8.0,29,142.8000030517578
OIL,USO,2028-01-21,1.7178082191780821,P,143.0,0.0013995589835703896,27.25,30.15,36.53,0.40650007568359375,4.0,16,142.8000030517578
OIL,USO,2028-01-21,1.7178082191780821,P,144.0,0.008368228299663914,28.1,30.4,27.2,0.40155627746582034,1.0,8,142.8000030517578
OIL,USO,2028-01-21,1.7178082191780821,P,145.0,0.015288671144237657,29.7,30.8,30.32,0.39864187789917,2.0,203,142.8000030517578
OIL,USO,2028-01-21,1.7178082191780821,P,146.0,0.022161550431999657,30.2,32.05,30.75,0.4073240420532227,1.0,7,142.8000030517578
OIL,USO,2028-01-21,1.7178082191780821,P,147.0,0.02898751550239948,30.55,32.35,29.0,0.402899037475586,5.0,10,142.8000030517578
OIL,USO,2028-01-21,1.7178082191780821,P,148.0,0.035767202487778205,29.4,34.0,28.5,0.4168454312133788,1.0,6,142.8000030517578
OIL,USO,2028-01-21,1.7178082191780821,P,149.0,0.04250123466912225,30.8,33.9,29.63,0.4068510243225098,22.0,13,142.8000030517578
OIL,USO,2028-01-21,1.7178082191780821,P,150.0,0.049190222819919034,32.35,34.35,33.3,0.40430283203125,42.0,2977,142.8000030517578
OIL,USO,2028-01-21,1.7178082191780821,P,151.0,0.05583476553858758,32.7,34.9,30.85,0.4030516238403321,1.0,2,142.8000030517578
OIL,USO,2028-01-21,1.7178082191780821,P,152.0,0.0624354495699396,31.5,36.0,30.7,0.40918559570312496,2.0,2,142.8000030517578
OIL,USO,2028-01-21,1.7178082191780821,P,153.0,0.06899285011609864,32.0,37.0,41.8,0.4138852557373046,46.0,18,142.8000030517578
OIL,USO,2028-01-21,1.7178082191780821,P,154.0,0.0755075311372923,33.85,36.2,31.8,0.3942626492309571,2.0,3,142.8000030517578
OIL,USO,2028-01-21,1.7178082191780821,P,155.0,0.08198004564290973,34.5,36.85,36.4,0.3941405801391602,2.0,6,142.8000030517578
OIL,USO,2028-01-21,1.7178082191780821,P,156.0,0.08841093597320032,35.15,37.45,47.3,0.3932860964965821,,2,142.8000030517578
OIL,USO,2028-01-21,1.7178082191780821,P,157.0,0.0948007340719713,34.5,39.5,47.79,0.411840598449707,,1,142.8000030517578
OIL,USO,2028-01-21,1.7178082191780821,P,158.0,0.10114996175063001,35.0,39.95,48.55,0.40881938842773435,2.0,3,142.8000030517578
OIL,USO,2028-01-21,1.7178082191780821,P,159.0,0.1074591309438947,37.1,40.3,44.65,0.40442490112304685,2.0,1,142.8000030517578
OIL,USO,2028-01-21,1.7178082191780821,P,160.0,0.11372874395749007,36.5,40.05,39.67,0.39194333648681634,3.0,2829,142.8000030517578
OIL,USO,2028-01-21,1.7178082191780821,P,161.0,0.11995929370812611,38.4,41.5,50.47,0.40216662292480465,,3,142.8000030517578
OIL,USO,2028-01-21,1.7178082191780821,P,162.0,0.12615126395604734,38.0,42.5,49.85,0.40631697204589845,,1,142.8000030517578
OIL,USO,2028-01-21,1.7178082191780821,P,163.0,0.13230512953042556,38.5,43.5,50.3,0.41040628662109374,,1,142.8000030517578
OIL,USO,2028-01-21,1.7178082191780821,P,165.0,0.14450040262424377,41.05,44.5,38.98,0.40505050521850583,4.0,53,142.8000030517578
OIL,USO,2028-01-21,1.7178082191780821,P,166.0,0.15054271708020636,41.7,45.45,54.32,0.4083005947875976,,1,142.8000030517578
OIL,USO,2028-01-21,1.7178082191780821,P,170.0,0.17435336577392496,43.5,48.0,62.5,0.4041197283935547,1.0,891,142.8000030517578
OIL,USO,2028-01-21,1.7178082191780821,P,171.0,0.180218485226323,44.0,49.0,56.7,0.4077970597839356,,1,142.8000030517578
OIL,USO,2028-01-21,1.7178082191780821,P,172.0,0.18604940553711619,45.0,49.5,57.4,0.404730073852539,4.0,5,142.8000030517578
OIL,USO,2028-01-21,1.7178082191780821,P,175.0,0.20334090264717727,47.0,51.5,49.76,0.40192248474121095,3.0,269,142.8000030517578
OIL,USO,2028-01-21,1.7178082191780821,P,176.0,0.209038923761815,48.95,51.4,62.0,0.39053954193115237,,2,142.8000030517578
OIL,USO,2028-01-21,1.7178082191780821,P,177.0,0.2147046612974923,48.5,53.5,63.9,0.4087888711547851,,2,142.8000030517578
OIL,USO,2028-01-21,1.7178082191780821,P,178.0,0.22033847901574827,49.5,53.7,63.92,0.401373173828125,,217,142.8000030517578
OIL,USO,2028-01-21,1.7178082191780821,P,179.0,0.2259407345644181,51.2,54.5,70.89,0.401998777923584,3.0,51,142.8000030517578
OIL,USO,2028-01-21,1.7178082191780821,P,180.0,0.23151177961387362,52.05,55.4,53.7,0.4039366247558594,51.0,1062,142.8000030517578
OIL,USO,2028-01-21,1.7178082191780821,P,181.0,0.23705195998948897,52.7,55.2,62.96,0.39087523193359375,42.0,84,142.8000030517578
OIL,USO,2028-01-21,1.7178082191780821,P,182.0,0.24256161580045854,52.5,56.45,69.18,0.3974974801635742,,73,142.8000030517578
OIL,USO,2028-01-21,1.7178082191780821,P,183.0,0.2480410815650841,53.0,58.0,55.17,0.4081785256958008,6.0,7,142.8000030517578
OIL,USO,2028-01-21,1.7178082191780821,P,184.0,0.25349068633264876,54.0,57.75,68.21,0.3942321319580079,,65,142.8000030517578
OIL,USO,2028-01-21,1.7178082191780821,P,185.0,0.2589107538019881,54.5,59.5,61.88,0.40762921478271485,46.0,312,142.8000030517578
OIL,USO,2028-01-21,1.7178082191780821,P,186.0,0.2643016024368645,56.5,59.25,55.47,0.39349971740722656,12.0,77,142.8000030517578
OIL,USO,2028-01-21,1.7178082191780821,P,187.0,0.26966354557824984,56.5,61.0,61.9,0.40689680023193364,2.0,13,142.8000030517578
OIL,USO,2028-01-21,1.7178082191780821,P,188.0,0.2749968915536124,58.85,60.8,56.59,0.39331661376953125,15.0,17,142.8000030517578
OIL,USO,2028-01-21,1.7178082191780821,P,189.0,0.28030194378330553,58.9,61.65,57.84,0.39420161468505865,,3,142.8000030517578
OIL,USO,2028-01-21,1.7178082191780821,P,190.0,0.2855790008841493,59.7,63.0,58.02,0.401998777923584,5.0,204,142.8000030517578
OIL,USO,2028-01-21,1.7178082191780821,P,191.0,0.2908283567702931,59.5,64.0,67.36,0.40491317749023437,2.0,37,142.8000030517578
OIL,USO,2028-01-21,1.7178082191780821,P,193.0,0.3012451176285488,61.0,65.9,77.5,0.4092466302490234,14.0,8,142.8000030517578
OIL,USO,2028-01-21,1.7178082191780821,P,194.0,0.30641308778699133,62.85,66.45,84.33,0.4057981784057617,8.0,1,142.8000030517578
OIL,USO,2028-01-21,1.7178082191780821,P,195.0,0.31155448728741,63.25,67.1,65.25,0.4036619692993164,8.0,1549,142.8000030517578
OIL,USO,2028-01-21,1.7178082191780821,P,196.0,0.3166695879541804,65.5,67.35,75.87,0.3958190301513672,12.0,28,142.8000030517578
OIL,USO,2028-01-21,1.7178082191780821,P,197.0,0.3217586574616518,64.5,69.0,77.66,0.40775128387451176,,1,142.8000030517578
OIL,USO,2028-01-21,1.7178082191780821,P,199.0,0.3318597534481556,67.9,70.5,67.87,0.4060423165893554,1.0,187,142.8000030517578
OIL,USO,2028-01-21,1.7178082191780821,P,200.0,0.3368722952716999,67.8,70.65,73.44,0.3965209274291992,4.0,279,142.8000030517578
OIL,USO,2028-01-21,1.7178082191780821,P,205.0,0.3615649078620714,71.75,75.5,73.6,0.4072019729614258,4.0,563,142.8000030517578
OIL,USO,2028-01-21,1.7178082191780821,P,210.0,0.3856624594411319,76.2,79.5,73.3,0.40476059112548823,2.0,503,142.8000030517578
OIL,USO,2028-01-21,1.7178082191780821,P,215.0,0.40919295685132606,80.55,84.0,98.0,0.4089719747924804,204.0,497,142.8000030517578
OIL,USO,2028-01-21,1.7178082191780821,P,220.0,0.43218247507602464,84.9,87.85,87.09,0.40250231292724614,4.0,115,142.8000030517578
OIL,USO,2028-01-21,1.7178082191780821,P,225.0,0.4546553309280833,89.35,92.5,102.12,0.4076902493286133,2.0,2,142.8000030517578
OIL,USO,2028-01-21,1.7178082191780821,P,230.0,0.4766342376468585,92.5,97.0,108.3,0.4099485275268554,2.0,2,142.8000030517578
OIL,USO,2028-01-21,1.7178082191780821,P,235.0,0.49814044286782216,97.0,101.5,115.48,0.4116269775390625,4.0,11,142.8000030517578
OIL,USO,2028-01-21,1.7178082191780821,P,240.0,0.5191938520656545,102.95,106.0,121.08,0.41272559936523434,2.0,24,142.8000030517578
OIL,USO,2028-01-21,1.7178082191780821,P,245.0,0.5398131392683903,107.2,110.5,109.15,0.4132749102783203,1.0,14,142.8000030517578
OIL,USO,2028-01-21,1.7178082191780821,P,250.0,0.5600158465859096,111.85,115.0,122.89,0.41321387573242185,2.0,17,142.8000030517578
OIL,USO,2028-01-21,1.7178082191780821,P,255.0,0.5798184738820893,116.45,119.5,132.88,0.41260353027343744,,1,142.8000030517578
OIL,USO,2028-01-21,1.7178082191780821,P,260.0,0.5992365597391909,119.95,124.5,147.01,0.42078215942382813,3.0,6,142.8000030517578
OIL,USO,2028-01-21,1.7178082191780821,P,265.0,0.6182847547098854,125.95,128.5,142.8,0.40955180297851557,4.0,4,142.8000030517578
OIL,USO,2028-01-21,1.7178082191780821,P,270.0,0.636976887722038,130.35,133.5,156.85,0.4171811212158203,2.0,1,142.8000030517578
OIL,USO,2028-01-21,1.7178082191780821,P,275.0,0.6553260263902345,135.05,138.0,149.8,0.4144345666503906,2.0,3,142.8000030517578
OIL,USO,2028-12-15,2.6191780821917807,C,20.0,-1.9657127977223459,120.5,125.5,126.29,0.543949873046875,4.0,2,142.8000030517578
OIL,USO,2028-12-15,2.6191780821917807,C,25.0,-1.7425692464081362,115.5,120.5,91.56,0.7940694421386718,,1,142.8000030517578
OIL,USO,2028-12-15,2.6191780821917807,C,30.0,-1.5602476896141815,111.0,116.0,82.27,0.5268602001953125,,1,142.8000030517578
OIL,USO,2028-12-15,2.6191780821917807,C,40.0,-1.2725656171624005,102.0,107.0,76.75,0.5188036401367188,,1,142.8000030517578
OIL,USO,2028-12-15,2.6191780821917807,C,45.0,-1.154782581506017,98.5,103.0,80.3,0.5438888385009766,2.0,1,142.8000030517578
OIL,USO,2028-12-15,2.6191780821917807,C,50.0,-1.0494220658481908,94.5,98.5,77.15,0.5314988256835937,52.0,24,142.8000030517578
OIL,USO,2028-12-15,2.6191780821917807,C,55.0,-0.954111886043866,90.5,95.0,88.95,0.5346115875244142,2.0,90,142.8000030517578
OIL,USO,2028-12-15,2.6191780821917807,C,60.0,-0.8671005090542361,86.5,91.0,84.0,0.5241746801757812,2.0,3,142.8000030517578
OIL,USO,2028-12-15,2.6191780821917807,C,65.0,-0.7870578013806997,82.5,87.5,81.4,0.5184984674072266,24.0,14,142.8000030517578
OIL,USO,2028-12-15,2.6191780821917807,C,70.0,-0.7129498292269778,79.45,84.0,78.0,0.5217027810668945,2.0,263,142.8000030517578
OIL,USO,2028-12-15,2.6191780821917807,C,75.0,-0.6439569577400263,75.5,80.5,83.48,0.5110522528076171,10.0,59,142.8000030517578
OIL,USO,2028-12-15,2.6191780821917807,C,80.0,-0.5794184366024553,72.5,77.0,71.65,0.5087329400634766,4.0,101,142.8000030517578
OIL,USO,2028-12-15,2.6191780821917807,C,85.0,-0.5187938147860204,69.5,73.5,68.06,0.504063797302246,12.0,285,142.8000030517578
OIL,USO,2028-12-15,2.6191780821917807,C,90.0,-0.4616354009460717,66.1,70.35,70.49,0.5340622766113281,1.0,131,142.8000030517578
OIL,USO,2028-12-15,2.6191780821917807,C,91.0,-0.45058556475948675,65.5,68.75,64.12,0.515904499206543,66.0,37,142.8000030517578
OIL,USO,2028-12-15,2.6191780821917807,C,92.0,-0.4396564942272966,64.5,69.25,63.25,0.5335740002441407,32.0,41,142.8000030517578
OIL,USO,2028-12-15,2.6191780821917807,C,93.0,-0.42884557812308083,64.0,68.25,62.65,0.5257005438232423,10.0,41,142.8000030517578
OIL,USO,2028-12-15,2.6191780821917807,C,94.0,-0.41815028900633294,63.5,68.0,61.86,0.5302781347656251,2.0,16,142.8000030517578
OIL,USO,2028-12-15,2.6191780821917807,C,95.0,-0.40756817967579606,63.0,66.65,61.76,0.5167284655761719,8.0,34,142.8000030517578
OIL,USO,2028-12-15,2.6191780821917807,C,96.0,-0.3970968798085005,62.5,67.0,47.9,0.5308579629516602,2.0,1,142.8000030517578
OIL,USO,2028-12-15,2.6191780821917807,C,97.0,-0.386734092772954,61.5,65.75,38.63,0.5190477783203125,4.0,3,142.8000030517578
OIL,USO,2028-12-15,2.6191780821917807,C,98.0,-0.37647759260576497,61.0,65.25,46.25,0.519261399230957,14.0,7,142.8000030517578
OIL,USO,2028-12-15,2.6191780821917807,C,99.0,-0.3663252211417468,61.0,63.65,52.0,0.5021717263793947,2.0,14,142.8000030517578
OIL,USO,2028-12-15,2.6191780821917807,C,100.0,-0.35627488528824547,60.0,63.2,60.17,0.5031787963867188,20.0,464,142.8000030517578
OIL,USO,2028-12-15,2.6191780821917807,C,101.0,-0.3463245544350774,59.5,63.0,42.48,0.5079394909667969,2.0,5,142.8000030517578
OIL,USO,2028-12-15,2.6191780821917807,C,102.0,-0.3364722579920657,58.5,63.5,57.35,0.5231370928955077,20.0,141,142.8000030517578
OIL,USO,2028-12-15,2.6191780821917807,C,103.0,-0.3267160830467011,58.0,63.0,42.58,0.5229234719848632,261.0,178,142.8000030517578
OIL,USO,2028-12-15,2.6191780821917807,C,104.0,-0.31705417213496423,57.5,62.0,56.26,0.51523311920166,2.0,71,142.8000030517578
OIL,USO,2028-12-15,2.6191780821917807,C,105.0,-0.3074847211188134,57.5,60.1,56.03,0.49432878723144535,350.0,202,142.8000030517578
OIL,USO,2028-12-15,2.6191780821917807,C,106.0,-0.2980059771642697,56.5,60.0,41.2,0.5000355172729493,2.0,45,142.8000030517578
OIL,USO,2028-12-15,2.6191780821917807,C,107.0,-0.2886162368144307,56.0,60.5,54.55,0.5142870837402342,2.0,67,142.8000030517578
OIL,USO,2028-12-15,2.6191780821917807,C,108.0,-0.2793138441521171,55.5,59.25,40.15,0.503056727294922,30.0,27,142.8000030517578
OIL,USO,2028-12-15,2.6191780821917807,C,109.0,-0.27009718904719315,54.5,57.95,53.48,0.4912770599365235,12.0,74,142.8000030517578
OIL,USO,2028-12-15,2.6191780821917807,C,110.0,-0.26096470548392064,54.0,59.0,53.11,0.5128222546386718,2.0,265,142.8000030517578
OIL,USO,2028-12-15,2.6191780821917807,C,111.0,-0.25191486996400264,53.5,58.5,52.0,0.5122119091796875,8.0,36,142.8000030517578
OIL,USO,2028-12-15,2.6191780821917807,C,112.0,-0.24294619998124228,53.0,57.05,51.55,0.49835706726074225,2.0,13,142.8000030517578
OIL,USO,2028-12-15,2.6191780821917807,C,113.0,-0.23405725256399632,52.5,57.25,51.5,0.5074206973266601,40.0,20,142.8000030517578
OIL,USO,2028-12-15,2.6191780821917807,C,114.0,-0.22524662288184133,52.0,57.0,50.96,0.5101367346191408,2.0,52,142.8000030517578
OIL,USO,2028-12-15,2.6191780821917807,C,115.0,-0.21651294291308676,51.5,56.25,50.33,0.5059253509521484,12.0,388,142.8000030517578
OIL,USO,2028-12-15,2.6191780821917807,C,116.0,-0.2078548801699721,51.0,56.0,36.3,0.5084888018798828,40.0,28,142.8000030517578
OIL,USO,2028-12-15,2.6191780821917807,C,117.0,-0.19927113647858066,50.5,55.25,36.15,0.5042774182128906,66.0,47,142.8000030517578
OIL,USO,2028-12-15,2.6191780821917807,C,118.0,-0.19076044681067209,50.0,55.0,44.09,0.5067035414123535,1.0,33,142.8000030517578
OIL,USO,2028-12-15,2.6191780821917807,C,119.0,-0.18232157816480737,49.5,52.45,41.0,0.4787039434814453,2.0,21,142.8000030517578
OIL,USO,2028-12-15,2.6191780821917807,C,120.0,-0.1739533284942908,49.0,51.95,54.69,0.4778799771118164,15.0,48,142.8000030517578
OIL,USO,2028-12-15,2.6191780821917807,C,121.0,-0.16565452567959577,48.5,51.5,43.0,0.4776663562011719,1.0,22,142.8000030517578
OIL,USO,2028-12-15,2.6191780821917807,C,122.0,-0.1574240265430802,48.0,52.0,46.55,0.4896596444702149,4.0,2,142.8000030517578
OIL,USO,2028-12-15,2.6191780821917807,C,123.0,-0.14926071590391932,47.5,52.25,36.15,0.4982807740783692,2.0,2,142.8000030517578
OIL,USO,2028-12-15,2.6191780821917807,C,124.0,-0.14116350567129998,47.0,51.5,46.0,0.4939320626831055,2.0,7,142.8000030517578
OIL,USO,2028-12-15,2.6191780821917807,C,125.0,-0.13313133397403565,46.5,49.95,48.34,0.47946687530517573,3.0,216,142.8000030517578
OIL,USO,2028-12-15,2.6191780821917807,C,126.0,-0.1251631643248588,46.0,49.45,45.18,0.4783529948425293,58.0,22,142.8000030517578
OIL,USO,2028-12-15,2.6191780821917807,C,127.0,-0.11725798481774558,45.5,49.65,44.65,0.48599757171630864,2.0,96,142.8000030517578
OIL,USO,2028-12-15,2.6191780821917807,C,128.0,-0.1094148073567196,45.0,50.0,43.75,0.49539689178466795,4.0,13,142.8000030517578
OIL,USO,2028-12-15,2.6191780821917807,C,129.0,-0.10163266691466469,44.5,49.0,43.3,0.4878286080932618,6.0,7,142.8000030517578
OIL,USO,2028-12-15,2.6191780821917807,C,130.0,-0.09391062082075442,44.0,48.15,48.25,0.4821829125976563,2.0,160,142.8000030517578
OIL,USO,2028-12-15,2.6191780821917807,C,131.0,-0.08624774807518522,44.0,47.5,48.85,0.47900911621093745,2.0,22,142.8000030517578
OIL,USO,2028-12-15,2.6191780821917807,C,132.0,-0.07864314868996596,43.0,47.45,42.22,0.4831594653320313,2.0,4,142.8000030517578
OIL,USO,2028-12-15,2.6191780821917807,C,133.0,-0.07109594305458308,42.5,47.0,37.7,0.4823660162353516,50.0,23,142.8000030517578
OIL,USO,2028-12-15,2.6191780821917807,C,134.0,-0.0636052713254254,42.5,45.85,41.1,0.47305824798583984,,6,142.8000030517578
OIL,USO,2028-12-15,2.6191780821917807,C,135.0,-0.05617029283790736,42.4,46.0,42.25,0.4794363580322265,1.0,10,142.8000030517578
OIL,USO,2028-12-15,2.6191780821917807,C,136.0,-0.048790185540284844,42.15,44.85,40.3,0.4701285897827149,2.0,5,142.8000030517578
OIL,USO,2028-12-15,2.6191780821917807,C,137.0,-0.04146414544821186,41.0,46.0,39.75,0.4883474017333985,2.0,2,142.8000030517578
OIL,USO,2028-12-15,2.6191780821917807,C,138.0,-0.03419138611913212,41.75,45.0,39.35,0.4807638594055175,2.0,1,142.8000030517578
OIL,USO,2028-12-15,2.6191780821917807,C,139.0,-0.026971138145645095,40.5,43.5,39.4,0.4673210006713867,7.0,7,142.8000030517578
OIL,USO,2028-12-15,2.6191780821917807,C,140.0,-0.019802648667032477,41.0,43.1,40.11,0.46689375885009765,4.0,64,142.8000030517578
OIL,USO,2028-12-15,2.6191780821917807,C,141.0,-0.012685180898168537,40.05,42.7,34.71,0.4664359997558594,20.0,63,142.8000030517578
OIL,USO,2028-12-15,2.6191780821917807,C,142.0,-0.005618013675076122,39.75,42.95,40.95,0.4735160070800781,4.0,33,142.8000030517578
OIL,USO,2028-12-15,2.6191780821917807,C,143.0,0.0013995589835703896,39.0,42.0,30.4,0.46655806884765627,,53,142.8000030517578
OIL,USO,2028-12-15,2.6191780821917807,C,144.0,0.008368228299663914,38.8,41.95,41.74,0.4700370379638672,1.0,46,142.8000030517578
OIL,USO,2028-12-15,2.6191780821917807,C,145.0,0.015288671144237657,39.4,41.55,43.79,0.4694266925048829,6.0,314,142.8000030517578
OIL,USO,2028-12-15,2.6191780821917807,C,146.0,0.022161550431999657,38.1,41.2,38.53,0.4693351406860352,1.0,3,142.8000030517578
OIL,USO,2028-12-15,2.6191780821917807,C,147.0,0.02898751550239948,37.75,40.75,37.66,0.46806867385864254,1.0,1,142.8000030517578
OIL,USO,2028-12-15,2.6191780821917807,C,148.0,0.035767202487778205,37.35,41.0,28.79,0.4747977325439453,9.0,3,142.8000030517578
OIL,USO,2028-12-15,2.6191780821917807,C,149.0,0.04250123466912225,36.5,41.0,41.0,0.4785818743896484,2.0,3,142.8000030517578
OIL,USO,2028-12-15,2.6191780821917807,C,150.0,0.049190222819919034,36.85,40.15,36.57,0.4726310061645508,1.0,351,142.8000030517578
OIL,USO,2028-12-15,2.6191780821917807,C,155.0,0.08198004564290973,34.5,38.0,40.5,0.4664207411193848,1.0,18,142.8000030517578
OIL,USO,2028-12-15,2.6191780821917807,C,156.0,0.08841093597320032,34.0,38.5,24.97,0.4755301470947265,,2,142.8000030517578
OIL,USO,2028-12-15,2.6191780821917807,C,157.0,0.0948007340719713,33.5,38.0,21.45,0.47337867935180666,1.0,1,142.8000030517578
OIL,USO,2028-12-15,2.6191780821917807,C,159.0,0.1074591309438947,33.85,37.5,32.25,0.4745535943603516,3.0,3,142.8000030517578
OIL,USO,2028-12-15,2.6191780821917807,C,160.0,0.11372874395749007,33.25,36.2,36.25,0.4634147897338867,2.0,28,142.8000030517578
OIL,USO,2028-12-15,2.6191780821917807,C,161.0,0.11995929370812611,33.25,37.0,21.66,0.4756216989135742,2.0,11,142.8000030517578
OIL,USO,2028-12-15,2.6191780821917807,C,162.0,0.12615126395604734,32.0,36.5,26.3,0.47331764480590827,,1,142.8000030517578
OIL,USO,2028-12-15,2.6191780821917807,C,164.0,0.1384213565478616,31.0,36.0,33.23,0.474187387084961,34.0,17,142.8000030517578
OIL,USO,2028-12-15,2.6191780821917807,C,165.0,0.14450040262424377,31.0,35.5,35.05,0.4718070397949219,20.0,39,142.8000030517578
OIL,USO,2028-12-15,2.6191780821917807,C,166.0,0.15054271708020636,30.5,35.5,22.22,0.4749198016357422,,1,142.8000030517578
OIL,USO,2028-12-15,2.6191780821917807,C,169.0,0.1684536436467367,30.0,34.5,25.37,0.47305824798583984,,1,142.8000030517578
OIL,USO,2028-12-15,2.6191780821917807,C,170.0,0.17435336577392496,29.55,34.0,32.99,0.47057109024047855,2.0,25,142.8000030517578
OIL,USO,2028-12-15,2.6191780821917807,C,175.0,0.20334090264717727,29.2,33.0,32.71,0.4740958352661133,50.0,122,142.8000030517578
OIL,USO,2028-12-15,2.6191780821917807,C,180.0,0.23151177961387362,28.25,31.5,29.99,0.4715018670654296,2.0,185,142.8000030517578
OIL,USO,2028-12-15,2.6191780821917807,C,185.0,0.2589107538019881,26.75,30.5,22.6,0.4737296279907227,127.0,165,142.8000030517578
OIL,USO,2028-12-15,2.6191780821917807,C,190.0,0.2855790008841493,24.55,28.95,27.3,0.4694114338684083,1.0,150,142.8000030517578
OIL,USO,2028-12-15,2.6191780821917807,C,195.0,0.31155448728741,24.1,28.0,26.75,0.47102884933471684,2.0,274,142.8000030517578
OIL,USO,2028-12-15,2.6191780821917807,C,200.0,0.3368722952716999,23.95,27.0,24.28,0.4715629016113281,1.0,302,142.8000030517578
OIL,USO,2028-12-15,2.6191780821917807,C,205.0,0.3615649078620714,23.0,26.5,24.75,0.4770560107421875,1.0,283,142.8000030517578
OIL,USO,2028-12-15,2.6191780821917807,C,210.0,0.3856624594411319,20.5,25.5,21.95,0.47662876892089845,2.0,171,142.8000030517578
OIL,USO,2028-12-15,2.6191780821917807,C,215.0,0.40919295685132606,21.4,24.5,21.25,0.4757437680053711,1.0,94,142.8000030517578
OIL,USO,2028-12-15,2.6191780821917807,C,220.0,0.43218247507602464,20.8,24.0,13.47,0.479924634399414,1.0,37,142.8000030517578
OIL,USO,2028-12-15,2.6191780821917807,C,225.0,0.4546553309280833,18.5,23.0,13.5,0.47818514984130855,1.0,3,142.8000030517578
OIL,USO,2028-12-15,2.6191780821917807,C,230.0,0.4766342376468585,18.15,22.5,20.76,0.48160308441162114,2.0,29,142.8000030517578
OIL,USO,2028-12-15,2.6191780821917807,C,235.0,0.49814044286782216,17.0,22.0,12.25,0.48468532897949224,1.0,93,142.8000030517578
OIL,USO,2028-12-15,2.6191780821917807,C,240.0,0.5191938520656545,16.5,21.0,11.75,0.48183196395874023,1.0,28,142.8000030517578
OIL,USO,2028-12-15,2.6191780821917807,C,245.0,0.5398131392683903,15.5,20.5,20.0,0.48424282852172856,2.0,313,142.8000030517578
OIL,USO,2028-12-15,2.6191780821917807,C,250.0,0.5600158465859096,17.0,19.5,18.0,0.48065704895019534,1.0,11,142.8000030517578
OIL,USO,2028-12-15,2.6191780821917807,C,255.0,0.5798184738820893,14.5,19.5,16.35,0.4881948153686524,1.0,321,142.8000030517578
OIL,USO,2028-12-15,2.6191780821917807,C,260.0,0.5992365597391909,14.0,18.9,14.81,0.48860679855346684,5.0,230,142.8000030517578
OIL,USO,2028-12-15,2.6191780821917807,C,265.0,0.6182847547098854,13.5,18.5,9.65,0.4910634390258789,,1,142.8000030517578
OIL,USO,2028-12-15,2.6191780821917807,C,270.0,0.636976887722038,14.25,18.0,7.05,0.4921010263061524,1.0,5,142.8000030517578
OIL,USO,2028-12-15,2.6191780821917807,C,275.0,0.6553260263902345,14.3,16.7,15.43,0.48337308624267583,1.0,39,142.8000030517578
OIL,USO,2028-12-15,2.6191780821917807,C,285.0,0.6910441089923137,13.3,15.85,13.5,0.48587550262451173,20.0,0,142.8000030517578
OIL,USO,2028-12-15,2.6191780821917807,C,300.0,0.7423374033798643,12.25,15.05,13.4,0.4939015454101563,,6,142.8000030517578
OIL,USO,2028-12-15,2.6191780821917807,P,20.0,-1.9657127977223459,0.23,0.65,0.54,0.6147499462890625,2.0,196,142.8000030517578
OIL,USO,2028-12-15,2.6191780821917807,P,25.0,-1.7425692464081362,0.05,1.18,0.91,0.5756878369140624,472.0,345,142.8000030517578
OIL,USO,2028-12-15,2.6191780821917807,P,30.0,-1.5602476896141815,0.05,5.0,1.4,0.6972686523437501,1.0,1,142.8000030517578
OIL,USO,2028-12-15,2.6191780821917807,P,35.0,-1.4060970097869232,0.89,3.45,1.7,0.6057168334960938,4.0,233,142.8000030517578
OIL,USO,2028-12-15,2.6191780821917807,P,40.0,-1.2725656171624005,0.0,5.0,2.96,0.5705609350585938,2.0,22,142.8000030517578
OIL,USO,2028-12-15,2.6191780821917807,P,45.0,-1.154782581506017,0.83,4.45,4.0,0.5285691674804689,1.0,67,142.8000030517578
OIL,USO,2028-12-15,2.6191780821917807,P,50.0,-1.0494220658481908,2.27,5.95,3.65,0.5490157403564455,8.0,104,142.8000030517578
OIL,USO,2028-12-15,2.6191780821917807,P,55.0,-0.954111886043866,2.75,7.0,3.25,0.5324753784179688,1.0,93,142.8000030517578
OIL,USO,2028-12-15,2.6191780821917807,P,60.0,-0.8671005090542361,3.0,7.5,4.5,0.5026905200195313,4.0,355,142.8000030517578
OIL,USO,2028-12-15,2.6191780821917807,P,65.0,-0.7870578013806997,4.5,8.5,6.37,0.5535628140258789,2.0,43,142.8000030517578
OIL,USO,2028-12-15,2.6191780821917807,P,70.0,-0.7129498292269778,5.8,9.45,6.7,0.5347336566162109,4.0,37,142.8000030517578
OIL,USO,2028-12-15,2.6191780821917807,P,75.0,-0.6439569577400263,6.4,10.5,7.5,0.5180712255859375,20.0,104,142.8000030517578
OIL,USO,2028-12-15,2.6191780821917807,P,80.0,-0.5794184366024553,8.6,12.0,8.57,0.51016725189209,1.0,139,142.8000030517578
OIL,USO,2028-12-15,2.6191780821917807,P,85.0,-0.5187938147860204,9.95,13.5,11.25,0.5007374145507812,5.0,23,142.8000030517578
OIL,USO,2028-12-15,2.6191780821917807,P,90.0,-0.4616354009460717,11.3,13.2,12.2,0.45847099151611337,9.0,9,142.8000030517578
OIL,USO,2028-12-15,2.6191780821917807,P,91.0,-0.45058556475948675,11.65,15.0,17.3,0.4827627407836914,9.0,66,142.8000030517578
OIL,USO,2028-12-15,2.6191780821917807,P,92.0,-0.4396564942272966,13.2,16.5,20.75,0.5009815527343751,,1,142.8000030517578
OIL,USO,2028-12-15,2.6191780821917807,P,93.0,-0.42884557812308083,13.2,16.5,17.95,0.493443786315918,,21,142.8000030517578
OIL,USO,2028-12-15,2.6191780821917807,P,94.0,-0.41815028900633294,12.55,15.95,15.35,0.47687290710449215,,1,142.8000030517578
OIL,USO,2028-12-15,2.6191780821917807,P,95.0,-0.40756817967579606,12.8,15.8,13.5,0.46713789703369146,1.0,9,142.8000030517578
OIL,USO,2028-12-15,2.6191780821917807,P,96.0,-0.3970968798085005,11.5,15.7,16.15,0.45831840515136724,,0,142.8000030517578
OIL,USO,2028-12-15,2.6191780821917807,P,97.0,-0.386734092772954,14.75,18.95,21.25,0.503483969116211,,5,142.8000030517578
OIL,USO,2028-12-15,2.6191780821917807,P,98.0,-0.37647759260576497,12.5,17.15,13.9,0.4674125524902344,1.0,4,142.8000030517578
OIL,USO,2028-12-15,2.6191780821917807,P,99.0,-0.3663252211417468,13.0,17.5,17.99,0.4657341024780274,2.0,22,142.8000030517578
OIL,USO,2028-12-15,2.6191780821917807,P,100.0,-0.35627488528824547,15.0,16.05,15.0,0.435979761352539,3.0,13031,142.8000030517578
OIL,USO,2028-12-15,2.6191780821917807,P,101.0,-0.3463245544350774,13.5,17.2,17.8,0.44690494506835937,2.0,1,142.8000030517578
OIL,USO,2028-12-15,2.6191780821917807,P,102.0,-0.3364722579920657,13.5,18.35,19.41,0.4574639215087891,2.0,0,142.8000030517578
OIL,USO,2028-12-15,2.6191780821917807,P,103.0,-0.3267160830467011,14.0,18.75,19.0,0.45642633422851564,5.0,13,142.8000030517578
OIL,USO,2028-12-15,2.6191780821917807,P,104.0,-0.31705417213496423,14.5,19.5,17.82,0.4605461660766602,4.0,15,142.8000030517578
OIL,USO,2028-12-15,2.6191780821917807,P,105.0,-0.3074847211188134,15.0,18.4,17.16,0.43720045227050786,6.0,16,142.8000030517578
OIL,USO,2028-12-15,2.6191780821917807,P,106.0,-0.2980059771642697,15.0,20.0,15.8,0.45371029693603515,1.0,200,142.8000030517578
OIL,USO,2028-12-15,2.6191780821917807,P,107.0,-0.2886162368144307,15.5,19.05,17.2,0.4328975167846679,6.0,213,142.8000030517578
OIL,USO,2028-12-15,2.6191780821917807,P,108.0,-0.2793138441521171,16.0,19.75,18.34,0.4360713131713867,1.0,15,142.8000030517578
OIL,USO,2028-12-15,2.6191780821917807,P,109.0,-0.27009718904719315,16.0,20.0,21.83,0.4327449304199219,7.0,14,142.8000030517578
OIL,USO,2028-12-15,2.6191780821917807,P,110.0,-0.26096470548392064,17.5,20.4,18.23,0.43149372222900395,13008.0,13034,142.8000030517578
OIL,USO,2028-12-15,2.6191780821917807,P,111.0,-0.25191486996400264,17.0,22.0,24.52,0.44693546234130854,1.0,1,142.8000030517578
OIL,USO,2028-12-15,2.6191780821917807,P,112.0,-0.24294619998124228,17.5,22.5,17.95,0.44681339324951175,1.0,2,142.8000030517578
OIL,USO,2028-12-15,2.6191780821917807,P,113.0,-0.23405725256399632,18.0,22.5,24.5,0.43979442047119144,10.0,33,142.8000030517578
OIL,USO,2028-12-15,2.6191780821917807,P,114.0,-0.22524662288184133,18.0,23.0,22.96,0.4396113168334961,1.0,17,142.8000030517578
OIL,USO,2028-12-15,2.6191780821917807,P,115.0,-0.21651294291308676,18.5,23.5,18.58,0.4393671786499024,1.0,489,142.8000030517578
OIL,USO,2028-12-15,2.6191780821917807,P,116.0,-0.2078548801699721,19.0,22.9,20.24,0.42438319763183596,1.0,73,142.8000030517578
OIL,USO,2028-12-15,2.6191780821917807,P,117.0,-0.19927113647858066,19.5,24.5,25.05,0.4386957986450196,1.0,0,142.8000030517578
OIL,USO,2028-12-15,2.6191780821917807,P,118.0,-0.19076044681067209,20.0,25.0,25.2,0.43828381546020506,48.0,26,142.8000030517578
OIL,USO,2028-12-15,2.6191780821917807,P,119.0,-0.18232157816480737,20.5,24.45,21.83,0.4241085421752929,1.0,2,142.8000030517578
OIL,USO,2028-12-15,2.6191780821917807,P,120.0,-0.1739533284942908,22.9,24.6,22.98,0.41913422668457034,6.0,797,142.8000030517578
OIL,USO,2028-12-15,2.6191780821917807,P,121.0,-0.16565452567959577,21.2,25.15,27.0,0.4193173303222656,606.0,331,142.8000030517578
OIL,USO,2028-12-15,2.6191780821917807,P,122.0,-0.1574240265430802,21.5,26.0,21.76,0.42328457580566403,11.0,204,142.8000030517578
OIL,USO,2028-12-15,2.6191780821917807,P,123.0,-0.14926071590391932,22.0,27.0,28.1,0.42902182312011716,977.0,501,142.8000030517578
OIL,USO,2028-12-15,2.6191780821917807,P,124.0,-0.14116350567129998,22.5,26.5,25.05,0.415746809387207,1.0,107,142.8000030517578
OIL,USO,2028-12-15,2.6191780821917807,P,125.0,-0.13313133397403565,24.6,27.35,25.6,0.4194546580505371,1.0,292,142.8000030517578
OIL,USO,2028-12-15,2.6191780821917807,P,126.0,-0.1251631643248588,23.5,27.6,30.24,0.4156247402954102,1.0,158,142.8000030517578
OIL,USO,2028-12-15,2.6191780821917807,P,127.0,-0.11725798481774558,24.0,28.5,30.0,0.4197903480529785,4.0,99,142.8000030517578
OIL,USO,2028-12-15,2.6191780821917807,P,128.0,-0.1094148073567196,24.0,29.0,33.0,0.418951123046875,3.0,29,142.8000030517578
OIL,USO,2028-12-15,2.6191780821917807,P,129.0,-0.10163266691466469,24.5,29.15,26.45,0.41379370391845705,2.0,150,142.8000030517578
OIL,USO,2028-12-15,2.6191780821917807,P,130.0,-0.09391062082075442,25.0,29.6,27.75,0.41226784027099606,1.0,164,142.8000030517578
OIL,USO,2028-12-15,2.6191780821917807,P,131.0,-0.08624774807518522,25.5,30.1,32.3,0.41132180480957037,2.0,143,142.8000030517578
OIL,USO,2028-12-15,2.6191780821917807,P,132.0,-0.07864314868996596,26.0,30.6,26.93,0.41034525207519534,1.0,21,142.8000030517578
OIL,USO,2028-12-15,2.6191780821917807,P,133.0,-0.07109594305458308,27.0,31.15,27.25,0.40988749298095706,1.0,18,142.8000030517578
OIL,USO,2028-12-15,2.6191780821917807,P,134.0,-0.0636052713254254,27.0,31.65,28.0,0.40881938842773435,1.0,19,142.8000030517578
OIL,USO,2028-12-15,2.6191780821917807,P,135.0,-0.05617029283790736,27.5,32.1,30.5,0.4071104211425781,1.0,504,142.8000030517578
OIL,USO,2028-12-15,2.6191780821917807,P,136.0,-0.048790185540284844,28.35,33.0,28.66,0.4106504248046875,1.0,3,142.8000030517578
OIL,USO,2028-12-15,2.6191780821917807,P,137.0,-0.04146414544821186,28.5,33.35,34.46,0.4076749906921387,4.0,11,142.8000030517578
OIL,USO,2028-12-15,2.6191780821917807,P,138.0,-0.03419138611913212,29.0,34.0,31.91,0.4081785256958008,1.0,24,142.8000030517578
OIL,USO,2028-12-15,2.6191780821917807,P,139.0,-0.026971138145645095,31.65,33.65,32.0,0.3970244624328613,1.0,40,142.8000030517578
OIL,USO,2028-12-15,2.6191780821917807,P,140.0,-0.019802648667032477,31.65,35.0,32.8,0.4055540402221679,3.0,284,142.8000030517578
OIL,USO,2028-12-15,2.6191780821917807,P,141.0,-0.012685180898168537,31.0,35.5,32.65,0.40418076293945315,10.0,11,142.8000030517578
OIL,USO,2028-12-15,2.6191780821917807,P,142.0,-0.005618013675076122,33.0,34.75,34.0,0.3884643673706054,7.0,5,142.8000030517578
OIL,USO,2028-12-15,2.6191780821917807,P,143.0,0.0013995589835703896,32.2,36.5,34.25,0.40132739791870115,8.0,9,142.8000030517578
OIL,USO,2028-12-15,2.6191780821917807,P,144.0,0.008368228299663914,33.75,36.95,35.1,0.3992827406311035,2.0,1,142.8000030517578
OIL,USO,2028-12-15,2.6191780821917807,P,145.0,0.015288671144237657,34.7,37.5,35.58,0.39833670516967773,10.0,168,142.8000030517578
OIL,USO,2028-12-15,2.6191780821917807,P,146.0,0.022161550431999657,35.2,37.8,36.2,0.39453730468750003,2.0,28,142.8000030517578
OIL,USO,2028-12-15,2.6191780821917807,P,147.0,0.02898751550239948,35.4,38.5,36.7,0.3952086846923829,4.0,28,142.8000030517578
OIL,USO,2028-12-15,2.6191780821917807,P,148.0,0.035767202487778205,34.5,39.5,36.92,0.39920644744873046,,2,142.8000030517578
OIL,USO,2028-12-15,2.6191780821917807,P,149.0,0.04250123466912225,37.0,40.0,38.0,0.39752799743652345,1.0,40,142.8000030517578
OIL,USO,2028-12-15,2.6191780821917807,P,150.0,0.049190222819919034,37.25,39.0,38.15,0.37911082321166995,193.0,622,142.8000030517578
OIL,USO,2028-12-15,2.6191780821917807,P,151.0,0.05583476553858758,37.3,41.0,36.4,0.39407954559326175,1.0,33,142.8000030517578
OIL,USO,2028-12-15,2.6191780821917807,P,152.0,0.0624354495699396,37.0,42.0,36.6,0.39786368743896483,2.0,43,142.8000030517578
OIL,USO,2028-12-15,2.6191780821917807,P,153.0,0.06899285011609864,37.5,42.5,36.56,0.3960479096984864,2.0,4,142.8000030517578
OIL,USO,2028-12-15,2.6191780821917807,P,154.0,0.0755075311372923,39.25,43.0,51.95,0.39420161468505865,,0,142.8000030517578
OIL,USO,2028-12-15,2.6191780821917807,P,155.0,0.08198004564290973,40.55,43.45,41.75,0.3917602328491211,6.0,3,142.8000030517578
OIL,USO,2028-12-15,2.6191780821917807,P,159.0,0.1074591309438947,42.75,46.0,50.17,0.38992919647216795,2.0,1,142.8000030517578
OIL,USO,2028-12-15,2.6191780821917807,P,160.0,0.11372874395749007,43.45,46.5,44.8,0.38788453918457033,4.0,87,142.8000030517578
OIL,USO,2028-12-15,2.6191780821917807,P,162.0,0.12615126395604734,43.0,48.0,53.4,0.3891357473754883,2.0,2,142.8000030517578
OIL,USO,2028-12-15,2.6191780821917807,P,163.0,0.13230512953042556,44.25,48.5,53.0,0.3869690209960937,,1,142.8000030517578
OIL,USO,2028-12-15,2.6191780821917807,P,164.0,0.1384213565478616,45.2,49.5,43.0,0.3902191105651856,1.0,1,142.8000030517578
OIL,USO,2028-12-15,2.6191780821917807,P,165.0,0.14450040262424377,46.7,50.0,45.5,0.3879760910034179,1.0,2,142.8000030517578
OIL,USO,2028-12-15,2.6191780821917807,P,166.0,0.15054271708020636,45.5,50.5,57.3,0.3857178128051757,4.0,5,142.8000030517578
OIL,USO,2028-12-15,2.6191780821917807,P,167.0,0.15654874114041822,46.5,51.5,55.56,0.38886109191894536,,3,142.8000030517578
OIL,USO,2028-12-15,2.6191780821917807,P,169.0,0.1684536436467367,49.4,52.5,64.25,0.3841614318847656,2.0,2,142.8000030517578
OIL,USO,2028-12-15,2.6191780821917807,P,170.0,0.17435336577392496,50.3,53.45,51.0,0.3866485896301269,1.0,53,142.8000030517578
OIL,USO,2028-12-15,2.6191780821917807,P,175.0,0.20334090264717727,53.45,57.0,60.19,0.38554996780395495,34.0,35,142.8000030517578
OIL,USO,2028-12-15,2.6191780821917807,P,180.0,0.23151177961387362,57.3,60.5,58.85,0.3830933273315429,16.0,22,142.8000030517578
OIL,USO,2028-12-15,2.6191780821917807,P,185.0,0.2589107538019881,60.75,64.0,59.49,0.37985849639892577,1.0,190,142.8000030517578
OIL,USO,2028-12-15,2.6191780821917807,P,190.0,0.2855790008841493,63.0,68.0,77.53,0.3813385841369628,2.0,3,142.8000030517578
OIL,USO,2028-12-15,2.6191780821917807,P,195.0,0.31155448728741,68.2,71.5,77.25,0.376608406829834,10.0,5,142.8000030517578
OIL,USO,2028-12-15,2.6191780821917807,P,200.0,0.3368722952716999,72.05,75.5,73.4,0.3767152172851562,34.0,111,142.8000030517578
OIL,USO,2028-12-15,2.6191780821917807,P,205.0,0.3615649078620714,76.15,79.5,75.0,0.37616590637207037,2.0,579,142.8000030517578
OIL,USO,2028-12-15,2.6191780821917807,P,210.0,0.3856624594411319,80.4,83.5,81.15,0.37500625,4.0,230,142.8000030517578
OIL,USO,2028-12-15,2.6191780821917807,P,215.0,0.40919295685132606,84.1,87.5,104.9,0.3732362481689453,2.0,17,142.8000030517578
OIL,USO,2028-12-15,2.6191780821917807,P,220.0,0.43218247507602464,87.0,92.0,90.48,0.37673047592163084,2.0,94,142.8000030517578
OIL,USO,2028-12-15,2.6191780821917807,P,225.0,0.4546553309280833,92.45,96.0,94.75,0.3738160763549804,2.0,43,142.8000030517578
OIL,USO,2028-12-15,2.6191780821917807,P,230.0,0.4766342376468585,97.1,100.5,95.1,0.37639478591918946,2.0,1,142.8000030517578
OIL,USO,2028-12-15,2.6191780821917807,P,235.0,0.49814044286782216,100.0,105.0,108.25,0.37854625366210937,23.0,434,142.8000030517578
OIL,USO,2028-12-15,2.6191780821917807,P,240.0,0.5191938520656545,104.5,108.45,119.4,0.3670565003967285,4.0,419,142.8000030517578
OIL,USO,2028-12-15,2.6191780821917807,P,245.0,0.5398131392683903,109.0,113.5,127.6,0.37532668136596675,2.0,18,142.8000030517578
OIL,USO,2028-12-15,2.6191780821917807,P,250.0,0.5600158465859096,113.5,118.0,132.58,0.37622694091796877,2.0,76,142.8000030517578
OIL,USO,2028-12-15,2.6191780821917807,P,260.0,0.5992365597391909,122.0,127.0,140.55,0.3768983209228516,2.0,1,142.8000030517578
OIL,USO,2028-12-15,2.6191780821917807,P,270.0,0.636976887722038,131.5,136.0,130.53,0.3760743545532227,1.0,13,142.8000030517578
OIL,USO,2028-12-15,2.6191780821917807,P,275.0,0.6553260263902345,136.0,139.15,131.0,0.3547122634887695,3.0,80,142.8000030517578
OIL,USO,2028-12-15,2.6191780821917807,P,300.0,0.7423374033798643,160.5,163.5,157.9,0.3722902127075196,,0,142.8000030517578
