underlying,equity_ticker,expiration,T,side,strike,log_moneyness,bid,ask,last,iv,volume,open_interest,spot_at_fetch
PLTR,PLTR,2026-05-08,0.010958904109589041,C,50.0,-1.0582763379831517,93.45,96.1,90.67,4.605472993164062,8.0,38.0,144.07000732421875
PLTR,PLTR,2026-05-08,0.010958904109589041,C,55.0,-0.9629661581788268,87.95,90.65,90.62,3.5156262109374996,10.0,0.0,144.07000732421875
PLTR,PLTR,2026-05-08,0.010958904109589041,C,65.0,-0.7959120735156606,78.4,81.0,75.64,3.480470048828125,1.0,4.0,144.07000732421875
PLTR,PLTR,2026-05-08,0.010958904109589041,C,70.0,-0.7218041013619387,72.9,76.05,82.15,2.949221376953125,2.0,3.0,144.07000732421875
PLTR,PLTR,2026-05-08,0.010958904109589041,C,75.0,-0.6528112298749872,68.55,70.95,72.4,2.961916657714843,1.0,1.0,144.07000732421875
PLTR,PLTR,2026-05-08,0.010958904109589041,C,80.0,-0.5882727087374161,62.9,65.85,68.19,2.3437541406249993,2.0,2.0,144.07000732421875
PLTR,PLTR,2026-05-08,0.010958904109589041,C,85.0,-0.5276480869209812,58.25,61.0,57.75,2.3671915820312495,2.0,12.0,144.07000732421875
PLTR,PLTR,2026-05-08,0.010958904109589041,C,90.0,-0.4704896730810326,53.3,56.05,49.45,2.1816451708984372,1.0,18.0,144.07000732421875
PLTR,PLTR,2026-05-08,0.010958904109589041,C,95.0,-0.41642245181075677,48.15,50.8,49.4,1.822266513671875,4.0,66.0,144.07000732421875
PLTR,PLTR,2026-05-08,0.010958904109589041,C,100.0,-0.36512915742320634,43.35,45.8,44.5,1.6992202539062502,36.0,159.0,144.07000732421875
PLTR,PLTR,2026-05-08,0.010958904109589041,C,105.0,-0.31633899325377424,38.4,40.85,39.77,1.537111689453125,9.0,35.0,144.07000732421875
PLTR,PLTR,2026-05-08,0.010958904109589041,C,106.0,-0.30686024929923045,37.3,39.9,38.83,1.484377578125,6.0,13.0,144.07000732421875
PLTR,PLTR,2026-05-08,0.010958904109589041,C,107.0,-0.2974705089493914,36.3,38.85,37.66,1.4326200244140623,11.0,0.0,144.07000732421875
PLTR,PLTR,2026-05-08,0.010958904109589041,C,108.0,-0.2881681162870779,35.35,37.9,36.72,1.423831005859375,11.0,3.0,144.07000732421875
PLTR,PLTR,2026-05-08,0.010958904109589041,C,109.0,-0.278951461182154,34.6,37.2,30.0,1.5185570947265623,,3.0,144.07000732421875
PLTR,PLTR,2026-05-08,0.010958904109589041,C,110.0,-0.26981897761888146,33.5,35.9,35.0,1.3876983740234374,21.0,98.0,144.07000732421875
PLTR,PLTR,2026-05-08,0.010958904109589041,C,111.0,-0.26076914209896357,32.8,34.95,31.08,1.4287137939453123,19.0,19.0,144.07000732421875
PLTR,PLTR,2026-05-08,0.010958904109589041,C,112.0,-0.2518004721162031,32.05,33.1,32.69,1.2500037499999999,10.0,0.0,144.07000732421875
PLTR,PLTR,2026-05-08,0.010958904109589041,C,113.0,-0.24291152469895708,31.1,33.2,31.65,1.456545686035156,1.0,0.0,144.07000732421875
PLTR,PLTR,2026-05-08,0.010958904109589041,C,114.0,-0.23410089501680217,29.7,32.35,24.68,1.3706086157226562,,2.0,144.07000732421875
PLTR,PLTR,2026-05-08,0.010958904109589041,C,115.0,-0.22536721504804758,28.65,30.9,30.59,1.2334022705078125,13.0,36.0,144.07000732421875
PLTR,PLTR,2026-05-08,0.010958904109589041,C,116.0,-0.21670915230493296,27.9,29.4,27.5,1.142582412109375,3.0,3.0,144.07000732421875
PLTR,PLTR,2026-05-08,0.010958904109589041,C,117.0,-0.20812540861354148,26.8,29.1,29.2,1.2255898095703124,2.0,3.0,144.07000732421875
PLTR,PLTR,2026-05-08,0.010958904109589041,C,118.0,-0.19961471894563282,26.05,27.9,28.32,1.1958048022460939,2.0,4.0,144.07000732421875
PLTR,PLTR,2026-05-08,0.010958904109589041,C,119.0,-0.19117585029976833,24.95,26.9,25.85,1.1396527392578126,323.0,390.0,144.07000732421875
PLTR,PLTR,2026-05-08,0.010958904109589041,C,120.0,-0.1828076006292517,23.75,25.9,24.85,1.0664109179687502,551.0,441.0,144.07000732421875
PLTR,PLTR,2026-05-08,0.010958904109589041,C,121.0,-0.1745087978145566,23.4,24.95,24.64,1.1430706909179689,13.0,0.0,144.07000732421875
PLTR,PLTR,2026-05-08,0.010958904109589041,C,122.0,-0.16627829867804111,21.9,24.6,22.68,1.125004375,2.0,28.0,144.07000732421875
PLTR,PLTR,2026-05-08,0.010958904109589041,C,123.0,-0.15811498803888016,21.3,23.05,22.4,1.0634812451171878,15.0,47.0,144.07000732421875
PLTR,PLTR,2026-05-08,0.010958904109589041,C,124.0,-0.15001777780626077,20.25,22.75,15.8,1.1108442895507813,,1.0,144.07000732421875
PLTR,PLTR,2026-05-08,0.010958904109589041,C,125.0,-0.14198560610899652,19.8,20.9,20.41,1.0312548437500002,20.0,413.0,144.07000732421875
PLTR,PLTR,2026-05-08,0.010958904109589041,C,126.0,-0.13401743645981962,18.55,21.1,20.19,1.1042525256347657,2.0,1.0,144.07000732421875
PLTR,PLTR,2026-05-08,0.010958904109589041,C,127.0,-0.12611225695270634,18.35,19.35,19.1,1.0664109179687502,3.0,3.0,144.07000732421875
PLTR,PLTR,2026-05-08,0.010958904109589041,C,128.0,-0.11826907949168043,17.25,18.4,17.9,1.0173388977050783,18.0,14.0,144.07000732421875
PLTR,PLTR,2026-05-08,0.010958904109589041,C,129.0,-0.11048693904962548,16.65,17.1,16.75,0.98437515625,24.0,369.0,144.07000732421875
PLTR,PLTR,2026-05-08,0.010958904109589041,C,130.0,-0.10276489295571528,15.85,16.65,16.21,1.015629921875,149.0,1214.0,144.07000732421875
PLTR,PLTR,2026-05-08,0.010958904109589041,C,131.0,-0.09510202021014615,15.1,15.8,15.57,1.007329182128906,53.0,138.0,144.07000732421875
PLTR,PLTR,2026-05-08,0.010958904109589041,C,132.0,-0.08749742082492681,14.25,15.05,14.64,0.9965820654296875,76.0,1216.0,144.07000732421875
PLTR,PLTR,2026-05-08,0.010958904109589041,C,133.0,-0.0799502151895439,13.55,14.3,13.76,0.9960937890625,47.0,208.0,144.07000732421875
PLTR,PLTR,2026-05-08,0.010958904109589041,C,134.0,-0.07245954346038629,12.85,13.55,13.26,0.9924317163085938,24.0,66.0,144.07000732421875
PLTR,PLTR,2026-05-08,0.010958904109589041,C,135.0,-0.0650245649728682,12.25,12.85,12.5,0.9978027563476561,402.0,909.0,144.07000732421875
PLTR,PLTR,2026-05-08,0.010958904109589041,C,136.0,-0.05764445767524562,11.5,12.2,11.78,0.9916993017578125,210.0,352.0,144.07000732421875
PLTR,PLTR,2026-05-08,0.010958904109589041,C,137.0,-0.0503184175831727,10.95,11.25,11.15,0.9753420434570312,287.0,431.0,144.07000732421875
PLTR,PLTR,2026-05-08,0.010958904109589041,C,138.0,-0.043045658254092914,10.35,10.65,10.6,0.9785158398437501,305.0,634.0,144.07000732421875
PLTR,PLTR,2026-05-08,0.010958904109589041,C,139.0,-0.03582541028060584,9.7,10.05,10.0,0.9748537670898438,490.0,984.0,144.07000732421875
PLTR,PLTR,2026-05-08,0.010958904109589041,C,140.0,-0.0286569208019934,9.2,9.4,9.4,0.9750979052734375,1735.0,3136.0,144.07000732421875
PLTR,PLTR,2026-05-08,0.010958904109589041,C,141.0,-0.02153945303312941,8.6,8.85,8.98,0.9724123852539062,243.0,465.0,144.07000732421875
PLTR,PLTR,2026-05-08,0.010958904109589041,C,142.0,-0.014472285810036945,8.1,8.3,8.2,0.9733889379882812,3066.0,14797.0,144.07000732421875
PLTR,PLTR,2026-05-08,0.010958904109589041,C,143.0,-0.007454713151390385,7.6,7.8,7.7,0.9748537670898438,2156.0,660.0,144.07000732421875
PLTR,PLTR,2026-05-08,0.010958904109589041,C,144.0,-0.0004860438352970334,7.05,7.25,7.15,0.9663089306640625,3285.0,886.0,144.07000732421875
PLTR,PLTR,2026-05-08,0.010958904109589041,C,145.0,0.006434399009276648,6.6,6.75,6.68,0.9650882397460938,7549.0,7100.0,144.07000732421875
PLTR,PLTR,2026-05-08,0.010958904109589041,C,146.0,0.013307278297038806,6.15,6.3,6.24,0.9643558251953125,3649.0,4676.0,144.07000732421875
PLTR,PLTR,2026-05-08,0.010958904109589041,C,147.0,0.02013324336743857,5.7,5.85,5.79,0.9604496142578124,997.0,691.0,144.07000732421875
PLTR,PLTR,2026-05-08,0.010958904109589041,C,148.0,0.02691293035281745,5.3,5.45,5.35,0.9604496142578124,1909.0,3085.0,144.07000732421875
PLTR,PLTR,2026-05-08,0.010958904109589041,C,149.0,0.03364696253416143,4.95,5.05,4.95,0.9609378906249999,1286.0,11352.0,144.07000732421875
PLTR,PLTR,2026-05-08,0.010958904109589041,C,150.0,0.040335950684958155,4.55,4.65,4.6,0.9553227124023438,14715.0,6423.0,144.07000732421875
PLTR,PLTR,2026-05-08,0.010958904109589041,C,152.5,0.05686525263616869,3.7,3.85,3.8,0.9528813305664061,3126.0,6817.0,144.07000732421875
PLTR,PLTR,2026-05-08,0.010958904109589041,C,155.0,0.07312577350794898,3.05,3.15,3.1,0.9555668505859375,9368.0,19627.0,144.07000732421875
PLTR,PLTR,2026-05-08,0.010958904109589041,C,157.5,0.08912611485439008,2.43,2.64,2.5,0.9592289233398437,6108.0,1543.0,144.07000732421875
PLTR,PLTR,2026-05-08,0.010958904109589041,C,160.0,0.10487447182252922,2.0,2.05,2.0,0.9562992651367187,11758.0,5893.0,144.07000732421875
PLTR,PLTR,2026-05-08,0.010958904109589041,C,162.5,0.12037865835849446,1.54,1.64,1.66,0.9506840869140624,1632.0,1397.0,144.07000732421875
PLTR,PLTR,2026-05-08,0.010958904109589041,C,165.0,0.13564613048928306,1.25,1.31,1.28,0.9565434033203124,4670.0,6059.0,144.07000732421875
PLTR,PLTR,2026-05-08,0.010958904109589041,C,167.5,0.15068400785382355,0.94,1.05,1.04,0.9536137451171874,1366.0,739.0,144.07000732421875
PLTR,PLTR,2026-05-08,0.010958904109589041,C,170.0,0.16549909363896417,0.8,0.86,0.85,0.9707034179687499,4887.0,6465.0,144.07000732421875
PLTR,PLTR,2026-05-08,0.010958904109589041,C,172.5,0.1800978930601168,0.65,0.69,0.65,0.9785158398437501,895.0,1012.0,144.07000732421875
PLTR,PLTR,2026-05-08,0.010958904109589041,C,175.0,0.1944866305122164,0.51,0.59,0.55,0.991211025390625,3170.0,3301.0,144.07000732421875
PLTR,PLTR,2026-05-08,0.010958904109589041,C,177.5,0.2086712655041728,0.41,0.47,0.44,0.9970703417968749,629.0,129.0,144.07000732421875
PLTR,PLTR,2026-05-08,0.010958904109589041,C,180.0,0.22265750747891266,0.39,0.4,0.39,1.0263720556640625,2753.0,4740.0,144.07000732421875
PLTR,PLTR,2026-05-08,0.010958904109589041,C,182.5,0.23645082961124847,0.3,0.33,0.32,1.0312548437500002,659.0,176.0,144.07000732421875
PLTR,PLTR,2026-05-08,0.010958904109589041,C,185.0,0.25005648166702726,0.27,0.3,0.28,1.0595750146484377,1082.0,1962.0,144.07000732421875
PLTR,PLTR,2026-05-08,0.010958904109589041,C,187.5,0.2634795019991679,0.24,0.26,0.24,1.0800827246093752,287.0,49.0,144.07000732421875
PLTR,PLTR,2026-05-08,0.010958904109589041,C,190.0,0.2767247287491885,0.2,0.22,0.21,1.0927779736328125,2414.0,1491.0,144.07000732421875
PLTR,PLTR,2026-05-08,0.010958904109589041,C,192.5,0.28979681031654125,0.15,0.22,0.2,1.11328568359375,27.0,18.0,144.07000732421875
PLTR,PLTR,2026-05-08,0.010958904109589041,C,195.0,0.30270021515244916,0.14,0.16,0.16,1.1171919140625,406.0,388.0,144.07000732421875
PLTR,PLTR,2026-05-08,0.010958904109589041,C,197.5,0.3154392409298789,0.1,0.15,0.15,1.126957490234375,131.0,70.0,144.07000732421875
PLTR,PLTR,2026-05-08,0.010958904109589041,C,200.0,0.328018023136739,0.11,0.14,0.13,1.1640666796875,1307.0,4502.0,144.07000732421875
PLTR,PLTR,2026-05-08,0.010958904109589041,C,202.5,0.3404405431352961,0.04,0.14,0.1,1.150394873046875,4.0,25.0,144.07000732421875
PLTR,PLTR,2026-05-08,0.010958904109589041,C,205.0,0.3527106357271106,0.08,0.11,0.1,1.1953165234375,150.0,710.0,144.07000732421875
PLTR,PLTR,2026-05-08,0.010958904109589041,C,210.0,0.37680818730617105,0.06,0.09,0.08,1.2265663671875,92.0,605.0,144.07000732421875
PLTR,PLTR,2026-05-08,0.010958904109589041,C,215.0,0.40033868471636513,0.0,0.08,0.07,1.203128984375,11.0,195.0,144.07000732421875
PLTR,PLTR,2026-05-08,0.010958904109589041,C,220.0,0.4233282029410638,0.04,0.11,0.06,1.3554719726562499,67.0,259.0,144.07000732421875
PLTR,PLTR,2026-05-08,0.010958904109589041,C,225.0,0.44580105879312254,0.03,0.13,0.08,1.4257841210937499,12.0,178.0,144.07000732421875
PLTR,PLTR,2026-05-08,0.010958904109589041,C,230.0,0.46777996551189777,0.01,0.37,0.13,1.6601579492187502,1.0,5.0,144.07000732421875
PLTR,PLTR,2026-05-08,0.010958904109589041,C,235.0,0.4892861707328613,0.01,0.12,0.1,1.5078149609375,1.0,380.0,144.07000732421875
PLTR,PLTR,2026-05-08,0.010958904109589041,C,240.0,0.5103395799306936,0.01,0.07,0.04,1.484377578125,5.0,201.0,144.07000732421875
PLTR,PLTR,2026-05-08,0.010958904109589041,C,245.0,0.5309588671334294,0.0,0.43,0.04,1.875000625,4.0,15.0,144.07000732421875
PLTR,PLTR,2026-05-08,0.010958904109589041,C,250.0,0.5511615744509488,0.01,0.04,0.04,1.5156274218749999,24.0,193.0,144.07000732421875
PLTR,PLTR,2026-05-08,0.010958904109589041,C,255.0,0.5709642017471285,0.0,0.54,0.11,2.0566454833984373,1.0,11.0,144.07000732421875
PLTR,PLTR,2026-05-08,0.010958904109589041,C,260.0,0.5903822876042301,0.0,0.07,0.07,1.6640641796875002,44.0,108.0,144.07000732421875
PLTR,PLTR,2026-05-08,0.010958904109589041,C,265.0,0.6094304825749246,0.0,0.57,0.02,2.1855514111328125,,1.0,144.07000732421875
PLTR,PLTR,2026-05-08,0.010958904109589041,C,270.0,0.6281226155870772,0.0,0.56,0.01,2.2343794140624995,,21.0,144.07000732421875
PLTR,PLTR,2026-05-08,0.010958904109589041,P,50.0,-1.0582763379831517,0.0,0.01,0.02,2.56250359375,5.0,3.0,144.07000732421875
PLTR,PLTR,2026-05-08,0.010958904109589041,P,55.0,-0.9629661581788268,0.0,0.01,0.05,2.3750040624999995,944.0,3.0,144.07000732421875
PLTR,PLTR,2026-05-08,0.010958904109589041,P,60.0,-0.875954781189197,0.0,0.04,0.01,2.4218789453125,840.0,23.0,144.07000732421875
PLTR,PLTR,2026-05-08,0.010958904109589041,P,65.0,-0.7959120735156606,0.01,0.15,0.04,2.56250359375,1046.0,86.0,144.07000732421875
PLTR,PLTR,2026-05-08,0.010958904109589041,P,70.0,-0.7218041013619387,0.0,0.14,0.05,2.3046917382812495,13.0,47.0,144.07000732421875
PLTR,PLTR,2026-05-08,0.010958904109589041,P,75.0,-0.6528112298749872,0.03,0.06,0.04,1.9921875390625,106.0,52.0,144.07000732421875
PLTR,PLTR,2026-05-08,0.010958904109589041,P,80.0,-0.5882727087374161,0.05,0.09,0.07,1.9062504687500001,2549.0,408.0,144.07000732421875
PLTR,PLTR,2026-05-08,0.010958904109589041,P,85.0,-0.5276480869209812,0.07,0.1,0.07,1.7695324023437498,2045.0,264.0,144.07000732421875
PLTR,PLTR,2026-05-08,0.010958904109589041,P,90.0,-0.4704896730810326,0.1,0.12,0.12,1.65234548828125,6426.0,245.0,144.07000732421875
PLTR,PLTR,2026-05-08,0.010958904109589041,P,95.0,-0.41642245181075677,0.11,0.16,0.15,1.5234398828124998,535.0,943.0,144.07000732421875
PLTR,PLTR,2026-05-08,0.010958904109589041,P,100.0,-0.36512915742320634,0.18,0.2,0.18,1.4296903515625,1110.0,4248.0,144.07000732421875
PLTR,PLTR,2026-05-08,0.010958904109589041,P,105.0,-0.31633899325377424,0.22,0.26,0.24,1.3125034374999998,694.0,1032.0,144.07000732421875
PLTR,PLTR,2026-05-08,0.010958904109589041,P,106.0,-0.30686024929923045,0.22,0.27,0.24,1.2832067089843748,101.0,58.0,144.07000732421875
PLTR,PLTR,2026-05-08,0.010958904109589041,P,107.0,-0.2974705089493914,0.25,0.29,0.25,1.2714880175781247,115.0,271.0,144.07000732421875
PLTR,PLTR,2026-05-08,0.010958904109589041,P,108.0,-0.2881681162870779,0.25,0.29,0.29,1.236331943359375,62.0,190.0,144.07000732421875
PLTR,PLTR,2026-05-08,0.010958904109589041,P,109.0,-0.278951461182154,0.26,0.34,0.3,1.2265663671875,87.0,22.0,144.07000732421875
PLTR,PLTR,2026-05-08,0.010958904109589041,P,110.0,-0.26981897761888146,0.29,0.32,0.31,1.197269638671875,596.0,1161.0,144.07000732421875
PLTR,PLTR,2026-05-08,0.010958904109589041,P,111.0,-0.26076914209896357,0.3,0.37,0.23,1.18359783203125,127.0,145.0,144.07000732421875
PLTR,PLTR,2026-05-08,0.010958904109589041,P,112.0,-0.2518004721162031,0.33,0.36,0.34,1.15625421875,115.0,107.0,144.07000732421875
PLTR,PLTR,2026-05-08,0.010958904109589041,P,113.0,-0.24291152469895708,0.32,0.41,0.37,1.1347699511718752,91.0,323.0,144.07000732421875
PLTR,PLTR,2026-05-08,0.010958904109589041,P,114.0,-0.23410089501680217,0.36,0.4,0.37,1.109379453125,116.0,61.0,144.07000732421875
PLTR,PLTR,2026-05-08,0.010958904109589041,P,115.0,-0.22536721504804758,0.41,0.43,0.41,1.0986373193359378,905.0,3638.0,144.07000732421875
PLTR,PLTR,2026-05-08,0.010958904109589041,P,116.0,-0.21670915230493296,0.44,0.5,0.46,1.08984830078125,347.0,94.0,144.07000732421875
PLTR,PLTR,2026-05-08,0.010958904109589041,P,117.0,-0.20812540861354148,0.49,0.51,0.5,1.0693405908203126,2428.0,211.0,144.07000732421875
PLTR,PLTR,2026-05-08,0.010958904109589041,P,118.0,-0.19961471894563282,0.53,0.56,0.54,1.0546922265625,1083.0,409.0,144.07000732421875
PLTR,PLTR,2026-05-08,0.010958904109589041,P,119.0,-0.19117585029976833,0.58,0.62,0.58,1.0429735351562504,228.0,224.0,144.07000732421875
PLTR,PLTR,2026-05-08,0.010958904109589041,P,120.0,-0.1828076006292517,0.65,0.69,0.65,1.0346727954101564,5960.0,6184.0,144.07000732421875
PLTR,PLTR,2026-05-08,0.010958904109589041,P,121.0,-0.1745087978145566,0.72,0.76,0.7,1.023930661621094,278.0,117.0,144.07000732421875
PLTR,PLTR,2026-05-08,0.010958904109589041,P,122.0,-0.16627829867804111,0.8,0.84,0.8,1.0141650854492186,671.0,230.0,144.07000732421875
PLTR,PLTR,2026-05-08,0.010958904109589041,P,123.0,-0.15811498803888016,0.88,0.95,0.9,1.0068409033203123,3266.0,3066.0,144.07000732421875
PLTR,PLTR,2026-05-08,0.010958904109589041,P,124.0,-0.15001777780626077,0.89,1.02,1.0,0.9804689453125001,450.0,131.0,144.07000732421875
PLTR,PLTR,2026-05-08,0.010958904109589041,P,125.0,-0.14198560610899652,1.1,1.15,1.12,0.99023447265625,5784.0,7297.0,144.07000732421875
PLTR,PLTR,2026-05-08,0.010958904109589041,P,126.0,-0.13401743645981962,1.21,1.31,1.25,0.9853517089843751,642.0,316.0,144.07000732421875
PLTR,PLTR,2026-05-08,0.010958904109589041,P,127.0,-0.12611225695270634,1.36,1.43,1.36,0.9775392871093751,450.0,198.0,144.07000732421875
PLTR,PLTR,2026-05-08,0.010958904109589041,P,128.0,-0.11826907949168043,1.53,1.62,1.53,0.9775392871093751,714.0,2350.0,144.07000732421875
PLTR,PLTR,2026-05-08,0.010958904109589041,P,129.0,-0.11048693904962548,1.69,1.79,1.73,0.9707034179687499,405.0,1947.0,144.07000732421875
PLTR,PLTR,2026-05-08,0.010958904109589041,P,130.0,-0.10276489295571528,1.9,1.95,1.91,0.9648441015625,4152.0,6180.0,144.07000732421875
PLTR,PLTR,2026-05-08,0.010958904109589041,P,131.0,-0.09510202021014615,2.11,2.19,2.1,0.963867548828125,374.0,707.0,144.07000732421875
PLTR,PLTR,2026-05-08,0.010958904109589041,P,132.0,-0.08749742082492681,2.35,2.56,2.39,0.9741213525390625,470.0,945.0,144.07000732421875
PLTR,PLTR,2026-05-08,0.010958904109589041,P,133.0,-0.0799502151895439,2.6,2.72,2.64,0.9624027197265624,3965.0,1780.0,144.07000732421875
PLTR,PLTR,2026-05-08,0.010958904109589041,P,134.0,-0.07245954346038629,2.89,3.0,2.91,0.9616703051757811,4099.0,327.0,144.07000732421875
PLTR,PLTR,2026-05-08,0.010958904109589041,P,135.0,-0.0650245649728682,3.2,3.3,3.25,0.9609378906249999,2877.0,2707.0,144.07000732421875
PLTR,PLTR,2026-05-08,0.010958904109589041,P,136.0,-0.05764445767524562,3.45,3.65,3.52,0.956055126953125,1100.0,741.0,144.07000732421875
PLTR,PLTR,2026-05-08,0.010958904109589041,P,137.0,-0.0503184175831727,3.8,4.0,3.9,0.9555668505859375,243.0,731.0,144.07000732421875
PLTR,PLTR,2026-05-08,0.010958904109589041,P,138.0,-0.043045658254092914,4.2,4.35,4.27,0.9555668505859375,3597.0,436.0,144.07000732421875
PLTR,PLTR,2026-05-08,0.010958904109589041,P,139.0,-0.03582541028060584,4.6,4.75,4.7,0.956055126953125,432.0,444.0,144.07000732421875
PLTR,PLTR,2026-05-08,0.010958904109589041,P,140.0,-0.0286569208019934,5.05,5.15,5.15,0.9567875415039062,2924.0,5074.0,144.07000732421875
PLTR,PLTR,2026-05-08,0.010958904109589041,P,141.0,-0.02153945303312941,5.45,5.65,5.58,0.9577640942382811,642.0,610.0,144.07000732421875
PLTR,PLTR,2026-05-08,0.010958904109589041,P,142.0,-0.014472285810036945,5.95,6.1,5.99,0.9589847851562499,2684.0,1505.0,144.07000732421875
PLTR,PLTR,2026-05-08,0.010958904109589041,P,143.0,-0.007454713151390385,6.4,6.6,6.5,0.9570316796874999,1936.0,329.0,144.07000732421875
PLTR,PLTR,2026-05-08,0.010958904109589041,P,144.0,-0.0004860438352970334,6.9,7.05,7.0,0.9521489160156249,1254.0,302.0,144.07000732421875
PLTR,PLTR,2026-05-08,0.010958904109589041,P,145.0,0.006434399009276648,7.45,7.6,7.5,0.9543461596679688,2268.0,2974.0,144.07000732421875
PLTR,PLTR,2026-05-08,0.010958904109589041,P,146.0,0.013307278297038806,7.95,8.15,7.93,0.9499516723632812,386.0,273.0,144.07000732421875
PLTR,PLTR,2026-05-08,0.010958904109589041,P,147.0,0.02013324336743857,8.55,8.85,8.37,0.9597171997070311,183.0,194.0,144.07000732421875
PLTR,PLTR,2026-05-08,0.010958904109589041,P,148.0,0.02691293035281745,9.1,9.35,8.72,0.9494633959960936,35.0,305.0,144.07000732421875
PLTR,PLTR,2026-05-08,0.010958904109589041,P,149.0,0.03364696253416143,9.7,9.95,9.75,0.9465337377929688,16.0,118.0,144.07000732421875
PLTR,PLTR,2026-05-08,0.010958904109589041,P,150.0,0.040335950684958155,10.4,10.55,10.4,0.9475102905273438,297.0,824.0,144.07000732421875
PLTR,PLTR,2026-05-08,0.010958904109589041,P,152.5,0.05686525263616869,11.95,12.45,12.04,0.9521489160156249,48.0,428.0,144.07000732421875
PLTR,PLTR,2026-05-08,0.010958904109589041,P,155.0,0.07312577350794898,13.65,14.1,13.74,0.9311530322265625,119.0,757.0,144.07000732421875
PLTR,PLTR,2026-05-08,0.010958904109589041,P,157.5,0.08912611485439008,15.15,16.15,15.59,0.905274384765625,235.0,68.0,144.07000732421875
PLTR,PLTR,2026-05-08,0.010958904109589041,P,160.0,0.10487447182252922,17.25,18.05,17.65,0.8981943774414061,71.0,233.0,144.07000732421875
PLTR,PLTR,2026-05-08,0.010958904109589041,P,162.5,0.12037865835849446,18.7,20.3,22.52,0.8349625878906248,1.0,17.0,144.07000732421875
PLTR,PLTR,2026-05-08,0.010958904109589041,P,165.0,0.13564613048928306,21.55,22.35,21.35,0.8930674755859375,11.0,71.0,144.07000732421875
PLTR,PLTR,2026-05-08,0.010958904109589041,P,167.5,0.15068400785382355,23.25,25.2,31.15,0.8969736865234373,41.0,40.0,144.07000732421875
PLTR,PLTR,2026-05-08,0.010958904109589041,P,170.0,0.16549909363896417,26.0,27.0,26.31,0.88476677734375,13.0,35.0,144.07000732421875
PLTR,PLTR,2026-05-08,0.010958904109589041,P,172.5,0.1800978930601168,28.3,29.95,30.35,0.9873048144531251,25.0,0.0,144.07000732421875
PLTR,PLTR,2026-05-08,0.010958904109589041,P,175.0,0.1944866305122164,30.8,31.8,30.8,0.91211025390625,26.0,89.0,144.07000732421875
PLTR,PLTR,2026-05-08,0.010958904109589041,P,180.0,0.22265750747891266,35.65,36.6,35.6,0.90429783203125,61.0,70.0,144.07000732421875
PLTR,PLTR,2026-05-08,0.010958904109589041,P,185.0,0.25005648166702726,39.7,42.1,47.63,1.4257841210937499,1.0,9.0,144.07000732421875
PLTR,PLTR,2026-05-08,0.010958904109589041,P,190.0,0.2767247287491885,44.8,47.05,52.0,1.517580537109375,10.0,46.0,144.07000732421875
PLTR,PLTR,2026-05-08,0.010958904109589041,P,192.5,0.28979681031654125,47.4,49.5,51.0,0.8437515624999999,,1.0,144.07000732421875
PLTR,PLTR,2026-05-08,0.010958904109589041,P,195.0,0.30270021515244916,49.6,52.0,69.62,1.6035176074218749,12.0,12.0,144.07000732421875
PLTR,PLTR,2026-05-08,0.010958904109589041,P,200.0,0.328018023136739,54.75,57.0,51.0,1.701173369140625,9.0,0.0,144.07000732421875
PLTR,PLTR,2026-05-08,0.010958904109589041,P,210.0,0.37680818730617105,64.7,66.95,67.3,1.8662116064453125,,0.0,144.07000732421875
PLTR,PLTR,2026-05-22,0.049315068493150684,C,50.0,-1.0582763379831517,92.45,96.15,88.69,2.1035203662109367,1.0,1.0,144.07000732421875
PLTR,PLTR,2026-05-22,0.049315068493150684,C,60.0,-0.875954781189197,82.75,86.05,82.86,1.86328193359375,10.0,59.0,144.07000732421875
PLTR,PLTR,2026-05-22,0.049315068493150684,C,65.0,-0.7959120735156606,77.5,81.25,59.72,1.685548447265625,,2.0,144.07000732421875
PLTR,PLTR,2026-05-22,0.049315068493150684,C,70.0,-0.7218041013619387,72.6,76.3,68.72,1.5976582617187498,1.0,1.0,144.07000732421875
PLTR,PLTR,2026-05-22,0.049315068493150684,C,75.0,-0.6528112298749872,67.6,71.3,69.09,1.4609401953124999,1.0,2.0,144.07000732421875
PLTR,PLTR,2026-05-22,0.049315068493150684,C,80.0,-0.5882727087374161,62.95,66.05,66.18,1.361331318359375,1.0,0.0,144.07000732421875
PLTR,PLTR,2026-05-22,0.049315068493150684,C,85.0,-0.5276480869209812,57.65,61.45,66.1,1.26172244140625,,1.0,144.07000732421875
PLTR,PLTR,2026-05-22,0.049315068493150684,C,90.0,-0.4704896730810326,53.9,56.2,56.5,1.3227572924804685,25.0,56.0,144.07000732421875
PLTR,PLTR,2026-05-22,0.049315068493150684,C,95.0,-0.41642245181075677,48.55,51.55,46.6,1.1958048022460939,1.0,2.0,144.07000732421875
PLTR,PLTR,2026-05-22,0.049315068493150684,C,100.0,-0.36512915742320634,43.8,46.25,44.66,1.0673874755859378,1.0,12.0,144.07000732421875
PLTR,PLTR,2026-05-22,0.049315068493150684,C,105.0,-0.31633899325377424,38.8,41.3,36.4,0.9570316796874999,5.0,17.0,144.07000732421875
PLTR,PLTR,2026-05-22,0.049315068493150684,C,110.0,-0.26981897761888146,34.05,36.25,35.25,0.8652357226562499,43.0,74.0,144.07000732421875
PLTR,PLTR,2026-05-22,0.049315068493150684,C,115.0,-0.22536721504804758,29.5,31.4,30.45,0.8071308349609375,38.0,25.0,144.07000732421875
PLTR,PLTR,2026-05-22,0.049315068493150684,C,120.0,-0.1828076006292517,25.0,27.5,26.96,0.8051777294921875,6.0,47.0,144.07000732421875
PLTR,PLTR,2026-05-22,0.049315068493150684,C,125.0,-0.14198560610899652,21.3,22.3,22.1,0.74414318359375,46.0,225.0,144.07000732421875
PLTR,PLTR,2026-05-22,0.049315068493150684,C,127.0,-0.12611225695270634,19.8,20.6,20.65,0.734255587158203,16.0,1.0,144.07000732421875
PLTR,PLTR,2026-05-22,0.049315068493150684,C,128.0,-0.11826907949168043,19.05,19.75,19.85,0.727541787109375,30.0,10.0,144.07000732421875
PLTR,PLTR,2026-05-22,0.049315068493150684,C,129.0,-0.11048693904962548,18.1,19.45,19.0,0.7369411071777343,2.0,256.0,144.07000732421875
PLTR,PLTR,2026-05-22,0.049315068493150684,C,130.0,-0.10276489295571528,17.6,18.2,18.45,0.72070591796875,28.0,135.0,144.07000732421875
PLTR,PLTR,2026-05-22,0.049315068493150684,C,131.0,-0.09510202021014615,16.35,17.95,12.4,0.7153348779296875,5.0,29.0,144.07000732421875
PLTR,PLTR,2026-05-22,0.049315068493150684,C,132.0,-0.08749742082492681,15.7,17.2,16.2,0.7133817724609376,1.0,81.0,144.07000732421875
PLTR,PLTR,2026-05-22,0.049315068493150684,C,133.0,-0.0799502151895439,15.45,16.05,14.23,0.7100859069824219,2.0,24.0,144.07000732421875
PLTR,PLTR,2026-05-22,0.049315068493150684,C,134.0,-0.07245954346038629,14.8,15.35,14.91,0.7076445251464845,30.0,32.0,144.07000732421875
PLTR,PLTR,2026-05-22,0.049315068493150684,C,135.0,-0.0650245649728682,14.15,14.7,14.67,0.7060576269531251,15.0,165.0,144.07000732421875
PLTR,PLTR,2026-05-22,0.049315068493150684,C,136.0,-0.05764445767524562,13.5,14.05,14.27,0.7030058996582031,20.0,99.0,144.07000732421875
PLTR,PLTR,2026-05-22,0.049315068493150684,C,137.0,-0.0503184175831727,12.9,13.4,13.5,0.7008086560058593,32.0,353.0,144.07000732421875
PLTR,PLTR,2026-05-22,0.049315068493150684,C,138.0,-0.043045658254092914,12.3,12.8,13.02,0.6992217578125001,52.0,162.0,144.07000732421875
PLTR,PLTR,2026-05-22,0.049315068493150684,C,139.0,-0.03582541028060584,11.75,12.05,11.9,0.6925079577636719,90.0,237.0,144.07000732421875
PLTR,PLTR,2026-05-22,0.049315068493150684,C,140.0,-0.0286569208019934,11.15,11.55,11.38,0.6922638195800781,367.0,2225.0,144.07000732421875
PLTR,PLTR,2026-05-22,0.049315068493150684,C,141.0,-0.02153945303312941,10.6,11.05,10.91,0.6926300268554688,22.0,56.0,144.07000732421875
PLTR,PLTR,2026-05-22,0.049315068493150684,C,142.0,-0.014472285810036945,10.1,10.4,10.47,0.6878693322753908,61.0,108.0,144.07000732421875
PLTR,PLTR,2026-05-22,0.049315068493150684,C,143.0,-0.007454713151390385,9.6,9.95,9.9,0.6893341613769532,378.0,207.0,144.07000732421875
PLTR,PLTR,2026-05-22,0.049315068493150684,C,144.0,-0.0004860438352970334,9.1,9.5,9.4,0.6894562304687502,98.0,142.0,144.07000732421875
PLTR,PLTR,2026-05-22,0.049315068493150684,C,145.0,0.006434399009276648,8.65,8.9,8.84,0.6846955358886719,408.0,468.0,144.07000732421875
PLTR,PLTR,2026-05-22,0.049315068493150684,C,146.0,0.013307278297038806,8.2,8.5,8.55,0.6861603649902344,47.0,161.0,144.07000732421875
PLTR,PLTR,2026-05-22,0.049315068493150684,C,147.0,0.02013324336743857,7.75,8.1,8.4,0.6862824340820313,30.0,155.0,144.07000732421875
PLTR,PLTR,2026-05-22,0.049315068493150684,C,148.0,0.02691293035281745,7.35,7.7,7.55,0.6870148486328126,94.0,224.0,144.07000732421875
PLTR,PLTR,2026-05-22,0.049315068493150684,C,149.0,0.03364696253416143,6.95,7.25,7.2,0.6846955358886719,34.0,68.0,144.07000732421875
PLTR,PLTR,2026-05-22,0.049315068493150684,C,150.0,0.040335950684958155,6.65,6.8,6.7,0.6849396740722657,5042.0,1302.0,144.07000732421875
PLTR,PLTR,2026-05-22,0.049315068493150684,C,152.5,0.05686525263616869,5.7,5.95,5.95,0.6831086376953126,95.0,174.0,144.07000732421875
PLTR,PLTR,2026-05-22,0.049315068493150684,C,155.0,0.07312577350794898,4.9,5.05,5.19,0.677859666748047,158.0,979.0,144.07000732421875
PLTR,PLTR,2026-05-22,0.049315068493150684,C,157.5,0.08912611485439008,4.2,4.35,4.4,0.6772493212890626,36.0,144.0,144.07000732421875
PLTR,PLTR,2026-05-22,0.049315068493150684,C,160.0,0.10487447182252922,3.6,3.8,3.69,0.6805451867675782,344.0,1184.0,144.07000732421875
PLTR,PLTR,2026-05-22,0.049315068493150684,C,162.5,0.12037865835849446,3.1,3.25,3.2,0.681887946777344,87.0,314.0,144.07000732421875
PLTR,PLTR,2026-05-22,0.049315068493150684,C,165.0,0.13564613048928306,2.66,2.77,2.7,0.6831086376953126,128.0,1295.0,144.07000732421875
PLTR,PLTR,2026-05-22,0.049315068493150684,C,167.5,0.15068400785382355,2.27,2.37,2.3,0.6850617431640625,53.0,194.0,144.07000732421875
PLTR,PLTR,2026-05-22,0.049315068493150684,C,170.0,0.16549909363896417,1.95,2.02,2.02,0.6877472631835939,146.0,1276.0,144.07000732421875
PLTR,PLTR,2026-05-22,0.049315068493150684,C,172.5,0.1800978930601168,1.65,1.74,1.74,0.6904327832031252,77.0,80.0,144.07000732421875
PLTR,PLTR,2026-05-22,0.049315068493150684,C,175.0,0.1944866305122164,1.42,1.5,1.5,0.6950714086914063,576.0,1121.0,144.07000732421875
PLTR,PLTR,2026-05-22,0.049315068493150684,C,177.5,0.2086712655041728,1.16,1.36,1.29,0.700198310546875,20.0,28.0,144.07000732421875
PLTR,PLTR,2026-05-22,0.049315068493150684,C,180.0,0.22265750747891266,1.06,1.12,1.1,0.7055693505859376,87.0,721.0,144.07000732421875
PLTR,PLTR,2026-05-22,0.049315068493150684,C,182.5,0.23645082961124847,0.91,0.98,0.95,0.7114286669921875,12.0,14.0,144.07000732421875
PLTR,PLTR,2026-05-22,0.049315068493150684,C,185.0,0.25005648166702726,0.79,0.86,0.83,0.7180203979492188,36.0,347.0,144.07000732421875
PLTR,PLTR,2026-05-22,0.049315068493150684,C,187.5,0.2634795019991679,0.65,0.8,0.7,0.725588681640625,2.0,27.0,144.07000732421875
PLTR,PLTR,2026-05-22,0.049315068493150684,C,190.0,0.2767247287491885,0.62,0.67,0.65,0.73437765625,227.0,592.0,144.07000732421875
PLTR,PLTR,2026-05-22,0.049315068493150684,C,195.0,0.30270021515244916,0.49,0.55,0.52,0.7539087109375,9.0,295.0,144.07000732421875
PLTR,PLTR,2026-05-22,0.049315068493150684,C,200.0,0.328018023136739,0.41,0.43,0.42,0.7719749365234375,161.0,2279.0,144.07000732421875
PLTR,PLTR,2026-05-22,0.049315068493150684,C,205.0,0.3527106357271106,0.29,0.38,0.25,0.7866232275390624,2.0,150.0,144.07000732421875
PLTR,PLTR,2026-05-22,0.049315068493150684,C,210.0,0.37680818730617105,0.28,0.32,0.29,0.8149432568359375,22.0,349.0,144.07000732421875
PLTR,PLTR,2026-05-22,0.049315068493150684,C,215.0,0.40033868471636513,0.2,0.32,0.25,0.8369156933593749,2.0,12.0,144.07000732421875
PLTR,PLTR,2026-05-22,0.049315068493150684,C,220.0,0.4233282029410638,0.21,0.34,0.15,0.883790224609375,5.0,54.0,144.07000732421875
PLTR,PLTR,2026-05-22,0.049315068493150684,C,225.0,0.44580105879312254,0.17,0.29,0.21,0.8984385156249999,2.0,289.0,144.07000732421875
PLTR,PLTR,2026-05-22,0.049315068493150684,C,230.0,0.46777996551189777,0.16,0.26,0.17,0.92187578125,22.0,13.0,144.07000732421875
PLTR,PLTR,2026-05-22,0.049315068493150684,C,235.0,0.4892861707328613,0.13,0.43,0.13,0.99804689453125,11.0,22.0,144.07000732421875
PLTR,PLTR,2026-05-22,0.049315068493150684,C,240.0,0.5103395799306936,0.11,0.2,0.12,0.9511723632812499,12.0,6.0,144.07000732421875
PLTR,PLTR,2026-05-22,0.049315068493150684,C,245.0,0.5309588671334294,0.09,0.28,0.1,1.0068409033203123,17.0,28.0,144.07000732421875
PLTR,PLTR,2026-05-22,0.049315068493150684,C,250.0,0.5511615744509488,0.08,0.15,0.11,0.9785158398437501,14.0,706.0,144.07000732421875
PLTR,PLTR,2026-05-22,0.049315068493150684,C,255.0,0.5709642017471285,0.06,0.33,0.14,1.0771530517578127,24.0,229.0,144.07000732421875
PLTR,PLTR,2026-05-22,0.049315068493150684,C,260.0,0.5903822876042301,0.05,0.33,0.11,1.1035201074218752,7.0,39.0,144.07000732421875
PLTR,PLTR,2026-05-22,0.049315068493150684,C,265.0,0.6094304825749246,0.04,0.25,0.14,1.0957076464843751,35.0,6.0,144.07000732421875
PLTR,PLTR,2026-05-22,0.049315068493150684,C,270.0,0.6281226155870772,0.03,0.26,0.07,1.123051259765625,10.0,96.0,144.07000732421875
PLTR,PLTR,2026-05-22,0.049315068493150684,P,50.0,-1.0582763379831517,0.01,0.29,0.04,1.984375078125,103.0,288.0,144.07000732421875
PLTR,PLTR,2026-05-22,0.049315068493150684,P,55.0,-0.9629661581788268,0.02,0.16,0.08,1.703126484375,1.0,429.0,144.07000732421875
PLTR,PLTR,2026-05-22,0.049315068493150684,P,60.0,-0.875954781189197,0.03,0.29,0.14,1.67578287109375,216.0,318.0,144.07000732421875
PLTR,PLTR,2026-05-22,0.049315068493150684,P,65.0,-0.7959120735156606,0.05,0.29,0.15,1.5468772656249998,5.0,128.0,144.07000732421875
PLTR,PLTR,2026-05-22,0.049315068493150684,P,70.0,-0.7218041013619387,0.07,0.1,0.07,1.29297228515625,5072.0,5373.0,144.07000732421875
PLTR,PLTR,2026-05-22,0.049315068493150684,P,75.0,-0.6528112298749872,0.08,0.12,0.1,1.203128984375,6.0,63.0,144.07000732421875
PLTR,PLTR,2026-05-22,0.049315068493150684,P,80.0,-0.5882727087374161,0.12,0.16,0.09,1.142582412109375,1.0,516.0,144.07000732421875
PLTR,PLTR,2026-05-22,0.049315068493150684,P,85.0,-0.5276480869209812,0.15,0.26,0.19,1.0957076464843751,11.0,125.0,144.07000732421875
PLTR,PLTR,2026-05-22,0.049315068493150684,P,90.0,-0.4704896730810326,0.2,0.35,0.3,1.0371141894531253,97.0,251.0,144.07000732421875
PLTR,PLTR,2026-05-22,0.049315068493150684,P,95.0,-0.41642245181075677,0.25,0.29,0.27,0.929688203125,48.0,246.0,144.07000732421875
PLTR,PLTR,2026-05-22,0.049315068493150684,P,100.0,-0.36512915742320634,0.34,0.37,0.37,0.870118486328125,71.0,414.0,144.07000732421875
PLTR,PLTR,2026-05-22,0.049315068493150684,P,105.0,-0.31633899325377424,0.45,0.5,0.45,0.815431533203125,37.0,480.0,144.07000732421875
PLTR,PLTR,2026-05-22,0.049315068493150684,P,110.0,-0.26981897761888146,0.65,0.69,0.66,0.770510107421875,165.0,871.0,144.07000732421875
PLTR,PLTR,2026-05-22,0.049315068493150684,P,115.0,-0.22536721504804758,0.95,1.01,0.97,0.7338893798828124,298.0,993.0,144.07000732421875
PLTR,PLTR,2026-05-22,0.049315068493150684,P,120.0,-0.1828076006292517,1.46,1.53,1.46,0.709963837890625,708.0,1801.0,144.07000732421875
PLTR,PLTR,2026-05-22,0.049315068493150684,P,124.0,-0.15001777780626077,2.06,2.14,2.1,0.6960479614257813,39.0,70.0,144.07000732421875
PLTR,PLTR,2026-05-22,0.049315068493150684,P,125.0,-0.14198560610899652,2.24,2.32,2.24,0.6926300268554688,338.0,1439.0,144.07000732421875
PLTR,PLTR,2026-05-22,0.049315068493150684,P,126.0,-0.13401743645981962,2.34,2.55,2.44,0.6865265722656251,4.0,12.0,144.07000732421875
PLTR,PLTR,2026-05-22,0.049315068493150684,P,127.0,-0.12611225695270634,2.64,2.73,2.68,0.6872589868164063,39.0,2.0,144.07000732421875
PLTR,PLTR,2026-05-22,0.049315068493150684,P,128.0,-0.11826907949168043,2.86,3.0,2.74,0.6867707104492189,26.0,201.0,144.07000732421875
PLTR,PLTR,2026-05-22,0.049315068493150684,P,129.0,-0.11048693904962548,3.1,3.2,3.05,0.6823762231445314,31.0,414.0,144.07000732421875
PLTR,PLTR,2026-05-22,0.049315068493150684,P,130.0,-0.10276489295571528,3.35,3.45,3.4,0.6796907031250001,160.0,3140.0,144.07000732421875
PLTR,PLTR,2026-05-22,0.049315068493150684,P,131.0,-0.09510202021014615,3.6,3.75,3.55,0.6779817358398439,36.0,124.0,144.07000732421875
PLTR,PLTR,2026-05-22,0.049315068493150684,P,132.0,-0.08749742082492681,3.9,4.05,3.85,0.6770051831054689,149.0,300.0,144.07000732421875
PLTR,PLTR,2026-05-22,0.049315068493150684,P,133.0,-0.0799502151895439,4.2,4.35,4.17,0.6746858703613283,78.0,225.0,144.07000732421875
PLTR,PLTR,2026-05-22,0.049315068493150684,P,134.0,-0.07245954346038629,4.5,4.7,4.38,0.673098972167969,13.0,168.0,144.07000732421875
PLTR,PLTR,2026-05-22,0.049315068493150684,P,135.0,-0.0650245649728682,4.85,5.0,4.95,0.6701693139648439,306.0,1169.0,144.07000732421875
PLTR,PLTR,2026-05-22,0.049315068493150684,P,136.0,-0.05764445767524562,5.2,5.4,5.2,0.6699251757812501,16.0,456.0,144.07000732421875
PLTR,PLTR,2026-05-22,0.049315068493150684,P,137.0,-0.0503184175831727,5.6,5.75,5.4,0.6683382775878908,8.0,319.0,144.07000732421875
PLTR,PLTR,2026-05-22,0.049315068493150684,P,138.0,-0.043045658254092914,6.0,6.15,6.1,0.667239655761719,12.0,410.0,144.07000732421875
PLTR,PLTR,2026-05-22,0.049315068493150684,P,139.0,-0.03582541028060584,6.4,6.6,6.46,0.6668734484863283,23.0,287.0,144.07000732421875
PLTR,PLTR,2026-05-22,0.049315068493150684,P,140.0,-0.0286569208019934,6.85,7.0,6.8,0.6650424121093752,154.0,1033.0,144.07000732421875
PLTR,PLTR,2026-05-22,0.049315068493150684,P,141.0,-0.02153945303312941,7.3,7.5,7.19,0.6656527575683595,24.0,84.0,144.07000732421875
PLTR,PLTR,2026-05-22,0.049315068493150684,P,142.0,-0.014472285810036945,7.75,7.95,7.73,0.6629672375488282,106.0,150.0,144.07000732421875
PLTR,PLTR,2026-05-22,0.049315068493150684,P,143.0,-0.007454713151390385,8.25,8.45,8.35,0.6628451684570313,31.0,140.0,144.07000732421875
PLTR,PLTR,2026-05-22,0.049315068493150684,P,144.0,-0.0004860438352970334,8.75,8.95,8.75,0.661258270263672,98.0,73.0,144.07000732421875
PLTR,PLTR,2026-05-22,0.049315068493150684,P,145.0,0.006434399009276648,9.25,9.5,9.15,0.660281717529297,117.0,274.0,144.07000732421875
PLTR,PLTR,2026-05-22,0.049315068493150684,P,146.0,0.013307278297038806,9.8,10.05,10.05,0.6597934411621094,49.0,44.0,144.07000732421875
PLTR,PLTR,2026-05-22,0.049315068493150684,P,147.0,0.02013324336743857,10.35,10.6,10.25,0.6579624047851562,2.0,100.0,144.07000732421875
PLTR,PLTR,2026-05-22,0.049315068493150684,P,148.0,0.02691293035281745,10.9,11.25,11.0,0.6586948193359375,1.0,55.0,144.07000732421875
PLTR,PLTR,2026-05-22,0.049315068493150684,P,149.0,0.03364696253416143,11.45,11.8,10.88,0.6544224011230471,1.0,35.0,144.07000732421875
PLTR,PLTR,2026-05-22,0.049315068493150684,P,150.0,0.040335950684958155,12.2,12.4,12.15,0.65820654296875,17.0,181.0,144.07000732421875
PLTR,PLTR,2026-05-22,0.049315068493150684,P,152.5,0.05686525263616869,13.75,14.05,13.21,0.6557651611328126,2.0,76.0,144.07000732421875
PLTR,PLTR,2026-05-22,0.049315068493150684,P,155.0,0.07312577350794898,15.35,15.8,15.7,0.6513706738281251,20.0,113.0,144.07000732421875
PLTR,PLTR,2026-05-22,0.049315068493150684,P,157.5,0.08912611485439008,17.05,17.8,20.4,0.6538120556640626,3.0,20.0,144.07000732421875
PLTR,PLTR,2026-05-22,0.049315068493150684,P,160.0,0.10487447182252922,19.0,19.5,19.46,0.6468541174316407,18.0,44.0,144.07000732421875
PLTR,PLTR,2026-05-22,0.049315068493150684,P,162.5,0.12037865835849446,20.9,21.55,21.5,0.6459996337890624,35.0,18.0,144.07000732421875
PLTR,PLTR,2026-05-22,0.049315068493150684,P,165.0,0.13564613048928306,23.0,23.6,23.1,0.6481968774414062,33.0,59.0,144.07000732421875
PLTR,PLTR,2026-05-22,0.049315068493150684,P,167.5,0.15068400785382355,24.65,26.1,28.1,0.6435582519531251,2.0,12.0,144.07000732421875
PLTR,PLTR,2026-05-22,0.049315068493150684,P,170.0,0.16549909363896417,27.35,27.95,27.35,0.6562534375000001,2.0,28.0,144.07000732421875
PLTR,PLTR,2026-05-22,0.049315068493150684,P,172.5,0.1800978930601168,29.1,30.45,31.55,0.6440465283203125,10.0,1.0,144.07000732421875
PLTR,PLTR,2026-05-22,0.049315068493150684,P,175.0,0.1944866305122164,31.8,32.55,32.38,0.6645541357421877,2.0,10.0,144.07000732421875
PLTR,PLTR,2026-05-22,0.049315068493150684,P,185.0,0.25005648166702726,41.15,42.0,42.0,0.6801789794921876,41.0,1.0,144.07000732421875
PLTR,PLTR,2026-05-22,0.049315068493150684,P,187.5,0.2634795019991679,43.55,44.35,43.2,0.6772493212890626,30.0,0.0,144.07000732421875
PLTR,PLTR,2026-05-22,0.049315068493150684,P,190.0,0.2767247287491885,45.55,47.0,47.47,0.6513706738281251,1.0,1.0,144.07000732421875
PLTR,PLTR,2026-05-22,0.049315068493150684,P,195.0,0.30270021515244916,50.3,52.0,60.23,0.649417568359375,,1.0,144.07000732421875
PLTR,PLTR,2026-05-22,0.049315068493150684,P,200.0,0.328018023136739,55.3,56.8,65.12,0.6347692773437501,1.0,151.0,144.07000732421875
PLTR,PLTR,2026-05-22,0.049315068493150684,P,205.0,0.3527106357271106,60.15,61.85,64.01,0.63086306640625,50.0,150.0,144.07000732421875
PLTR,PLTR,2026-05-22,0.049315068493150684,P,210.0,0.37680818730617105,65.2,66.7,65.07,0.585941640625,,110.0,144.07000732421875
PLTR,PLTR,2026-05-22,0.049315068493150684,P,215.0,0.40033868471636513,70.1,71.75,73.46,1.0229541040039063,5.0,115.0,144.07000732421875
PLTR,PLTR,2026-06-12,0.10684931506849316,C,100.0,-0.36512915742320634,43.85,46.95,46.35,0.8085956640624999,2.0,,144.07000732421875
PLTR,PLTR,2026-06-12,0.10684931506849316,C,115.0,-0.22536721504804758,29.7,33.65,30.83,0.6911651977539064,3.0,,144.07000732421875
PLTR,PLTR,2026-06-12,0.10684931506849316,C,120.0,-0.1828076006292517,25.8,28.95,27.0,0.6584506811523438,26.0,,144.07000732421875
PLTR,PLTR,2026-06-12,0.10684931506849316,C,124.0,-0.15001777780626077,22.9,25.7,24.3,0.6501499829101562,2.0,0.0,144.07000732421875
PLTR,PLTR,2026-06-12,0.10684931506849316,C,125.0,-0.14198560610899652,22.4,24.9,23.66,0.654544470214844,6.0,1.0,144.07000732421875
PLTR,PLTR,2026-06-12,0.10684931506849316,C,130.0,-0.10276489295571528,18.5,21.4,15.74,0.6336706555175782,,10.0,144.07000732421875
PLTR,PLTR,2026-06-12,0.10684931506849316,C,134.0,-0.07245954346038629,15.6,19.3,17.24,0.6325720336914062,1.0,10.0,144.07000732421875
PLTR,PLTR,2026-06-12,0.10684931506849316,C,135.0,-0.0650245649728682,15.45,18.65,16.65,0.6431310101318359,1.0,0.0,144.07000732421875
PLTR,PLTR,2026-06-12,0.10684931506849316,C,138.0,-0.043045658254092914,13.4,16.7,11.55,0.625125819091797,,3.0,144.07000732421875
PLTR,PLTR,2026-06-12,0.10684931506849316,C,139.0,-0.03582541028060584,13.15,15.4,12.65,0.6121864953613283,2.0,9.0,144.07000732421875
PLTR,PLTR,2026-06-12,0.10684931506849316,C,140.0,-0.0286569208019934,12.3,15.0,14.22,0.606571317138672,53.0,5.0,144.07000732421875
PLTR,PLTR,2026-06-12,0.10684931506849316,C,141.0,-0.02153945303312941,12.35,14.65,13.0,0.6256140954589844,1.0,0.0,144.07000732421875
PLTR,PLTR,2026-06-12,0.10684931506849316,C,142.0,-0.014472285810036945,11.75,13.95,13.65,0.617313397216797,23.0,0.0,144.07000732421875
PLTR,PLTR,2026-06-12,0.10684931506849316,C,143.0,-0.007454713151390385,10.65,13.75,12.33,0.6084023535156251,50.0,1.0,144.07000732421875
PLTR,PLTR,2026-06-12,0.10684931506849316,C,144.0,-0.0004860438352970334,10.8,12.4,11.96,0.6014444152832032,7.0,0.0,144.07000732421875
PLTR,PLTR,2026-06-12,0.10684931506849316,C,145.0,0.006434399009276648,10.5,12.0,11.3,0.6069375244140626,30.0,7.0,144.07000732421875
PLTR,PLTR,2026-06-12,0.10684931506849316,C,146.0,0.013307278297038806,9.8,11.65,10.75,0.6025430371093752,6.0,0.0,144.07000732421875
PLTR,PLTR,2026-06-12,0.10684931506849316,C,147.0,0.02013324336743857,9.95,10.95,9.74,0.6103554589843752,2.0,0.0,144.07000732421875
PLTR,PLTR,2026-06-12,0.10684931506849316,C,148.0,0.02691293035281745,9.0,10.65,9.63,0.5994913098144532,3.0,2.0,144.07000732421875
PLTR,PLTR,2026-06-12,0.10684931506849316,C,149.0,0.03364696253416143,8.5,10.75,9.18,0.6098671826171876,1.0,0.0,144.07000732421875
PLTR,PLTR,2026-06-12,0.10684931506849316,C,150.0,0.040335950684958155,8.25,10.1,8.5,0.6066933862304689,150.0,2.0,144.07000732421875
PLTR,PLTR,2026-06-12,0.10684931506849316,C,152.5,0.05686525263616869,7.15,9.0,8.26,0.5970499279785157,6.0,41.0,144.07000732421875
PLTR,PLTR,2026-06-12,0.10684931506849316,C,155.0,0.07312577350794898,6.1,7.85,6.58,0.582889913330078,22.0,3.0,144.07000732421875
PLTR,PLTR,2026-06-12,0.10684931506849316,C,157.5,0.08912611485439008,5.85,7.0,6.25,0.5945475115966796,6.0,,144.07000732421875
PLTR,PLTR,2026-06-12,0.10684931506849316,C,160.0,0.10487447182252922,5.2,6.2,5.59,0.5929606134033205,30.0,,144.07000732421875
PLTR,PLTR,2026-06-12,0.10684931506849316,C,165.0,0.13564613048928306,4.1,5.45,4.1,0.6099892517089844,8.0,,144.07000732421875
PLTR,PLTR,2026-06-12,0.10684931506849316,C,170.0,0.16549909363896417,2.8,4.4,3.62,0.5985147570800782,77.0,,144.07000732421875
PLTR,PLTR,2026-06-12,0.10684931506849316,C,175.0,0.1944866305122164,2.6,3.25,3.1,0.6076699389648439,31.0,,144.07000732421875
PLTR,PLTR,2026-06-12,0.10684931506849316,C,180.0,0.22265750747891266,1.41,3.05,2.24,0.6040078662109377,3.0,,144.07000732421875
PLTR,PLTR,2026-06-12,0.10684931506849316,C,185.0,0.25005648166702726,1.43,2.19,1.8,0.6130409790039064,2.0,,144.07000732421875
PLTR,PLTR,2026-06-12,0.10684931506849316,C,190.0,0.2767247287491885,1.08,1.55,1.39,0.6040078662109377,56.0,,144.07000732421875
PLTR,PLTR,2026-06-12,0.10684931506849316,C,195.0,0.30270021515244916,0.52,1.84,1.13,0.6274451318359376,1.0,,144.07000732421875
PLTR,PLTR,2026-06-12,0.10684931506849316,C,250.0,0.5511615744509488,0.14,0.35,0.28,0.7539087109375,404.0,,144.07000732421875
PLTR,PLTR,2026-06-12,0.10684931506849316,P,90.0,-0.4704896730810326,0.0,0.51,0.33,0.7158231542968749,1.0,,144.07000732421875
PLTR,PLTR,2026-06-12,0.10684931506849316,P,95.0,-0.41642245181075677,0.0,1.12,0.43,0.7412135253906249,32.0,,144.07000732421875
PLTR,PLTR,2026-06-12,0.10684931506849316,P,105.0,-0.31633899325377424,0.55,1.15,0.95,0.6462437719726561,10.0,,144.07000732421875
PLTR,PLTR,2026-06-12,0.10684931506849316,P,110.0,-0.26981897761888146,1.02,1.93,1.32,0.6577182666015625,16.0,,144.07000732421875
PLTR,PLTR,2026-06-12,0.10684931506849316,P,115.0,-0.22536721504804758,1.2,2.51,1.83,0.6168251208496094,4.0,,144.07000732421875
PLTR,PLTR,2026-06-12,0.10684931506849316,P,120.0,-0.1828076006292517,2.19,3.25,2.67,0.6099892517089844,22.0,,144.07000732421875
PLTR,PLTR,2026-06-12,0.10684931506849316,P,124.0,-0.15001777780626077,2.55,4.45,3.48,0.5970499279785157,2.0,8.0,144.07000732421875
PLTR,PLTR,2026-06-12,0.10684931506849316,P,125.0,-0.14198560610899652,3.1,4.7,3.64,0.6068154553222658,3.0,4.0,144.07000732421875
PLTR,PLTR,2026-06-12,0.10684931506849316,P,126.0,-0.13401743645981962,2.97,4.95,3.97,0.5913126806640626,6.0,1.0,144.07000732421875
PLTR,PLTR,2026-06-12,0.10684931506849316,P,127.0,-0.12611225695270634,3.2,5.25,5.55,0.5897257824707032,,2.0,144.07000732421875
PLTR,PLTR,2026-06-12,0.10684931506849316,P,128.0,-0.11826907949168043,3.55,5.35,4.56,0.5845988806152342,3.0,1.0,144.07000732421875
PLTR,PLTR,2026-06-12,0.10684931506849316,P,129.0,-0.11048693904962548,3.8,5.6,4.75,0.5805706005859376,5.0,0.0,144.07000732421875
PLTR,PLTR,2026-06-12,0.10684931506849316,P,130.0,-0.10276489295571528,4.35,6.0,4.98,0.5898478515625001,2.0,1.0,144.07000732421875
PLTR,PLTR,2026-06-12,0.10684931506849316,P,131.0,-0.09510202021014615,4.55,5.8,5.28,0.5687298986816407,3.0,0.0,144.07000732421875
PLTR,PLTR,2026-06-12,0.10684931506849316,P,132.0,-0.08749742082492681,4.7,6.8,5.5,0.5822795678710937,1.0,0.0,144.07000732421875
PLTR,PLTR,2026-06-12,0.10684931506849316,P,133.0,-0.0799502151895439,5.05,7.0,6.61,0.5766643896484375,1.0,0.0,144.07000732421875
PLTR,PLTR,2026-06-12,0.10684931506849316,P,134.0,-0.07245954346038629,5.3,7.3,6.29,0.570316796875,1.0,5.0,144.07000732421875
PLTR,PLTR,2026-06-12,0.10684931506849316,P,135.0,-0.0650245649728682,6.0,6.9,6.69,0.5562788513183594,121.0,6.0,144.07000732421875
PLTR,PLTR,2026-06-12,0.10684931506849316,P,136.0,-0.05764445767524562,6.35,8.05,7.9,0.5755657678222657,2.0,1.0,144.07000732421875
PLTR,PLTR,2026-06-12,0.10684931506849316,P,137.0,-0.0503184175831727,6.4,8.55,7.47,0.5671430004882813,5.0,0.0,144.07000732421875
PLTR,PLTR,2026-06-12,0.10684931506849316,P,138.0,-0.043045658254092914,6.9,9.05,8.0,0.5704388659667969,9.0,0.0,144.07000732421875
PLTR,PLTR,2026-06-12,0.10684931506849316,P,139.0,-0.03582541028060584,7.4,9.35,8.4,0.567387138671875,3.0,0.0,144.07000732421875
PLTR,PLTR,2026-06-12,0.10684931506849316,P,140.0,-0.0286569208019934,7.95,9.05,8.67,0.5489547058105471,104.0,3.0,144.07000732421875
PLTR,PLTR,2026-06-12,0.10684931506849316,P,141.0,-0.02153945303312941,8.2,10.35,9.55,0.5644574804687501,14.0,6.0,144.07000732421875
PLTR,PLTR,2026-06-12,0.10684931506849316,P,142.0,-0.014472285810036945,8.9,10.8,9.59,0.5684247259521484,11.0,0.0,144.07000732421875
PLTR,PLTR,2026-06-12,0.10684931506849316,P,143.0,-0.007454713151390385,9.35,10.6,10.67,0.547978153076172,1.0,0.0,144.07000732421875
PLTR,PLTR,2026-06-12,0.10684931506849316,P,144.0,-0.0004860438352970334,9.85,11.7,10.7,0.5621381677246093,1.0,0.0,144.07000732421875
PLTR,PLTR,2026-06-12,0.10684931506849316,P,145.0,0.006434399009276648,10.35,12.35,12.22,0.5638471350097658,1.0,0.0,144.07000732421875
PLTR,PLTR,2026-06-12,0.10684931506849316,P,150.0,0.040335950684958155,13.1,15.0,14.15,0.5516402258300781,15.0,3.0,144.07000732421875
PLTR,PLTR,2026-06-12,0.10684931506849316,P,160.0,0.10487447182252922,19.5,21.95,19.38,0.5408981457519533,2.0,,144.07000732421875
PLTR,PLTR,2026-06-12,0.10684931506849316,P,175.0,0.1944866305122164,31.5,34.4,33.15,0.5361374511718751,30.0,,144.07000732421875
PLTR,PLTR,2026-07-17,0.20273972602739726,C,25.0,-1.7514235185430969,117.65,121.3,111.3,1.9121098144531252,1.0,11.0,144.07000732421875
PLTR,PLTR,2026-07-17,0.20273972602739726,C,30.0,-1.5691019617491424,112.7,116.35,114.87,1.74609501953125,4.0,3.0,144.07000732421875
PLTR,PLTR,2026-07-17,0.20273972602739726,C,35.0,-1.414951281921884,108.15,111.1,109.93,1.6318377783203122,4.0,6.0,144.07000732421875
PLTR,PLTR,2026-07-17,0.20273972602739726,C,40.0,-1.2814198892973614,105.05,108.8,118.54,2.1059617663574213,1.0,3.0,144.07000732421875
PLTR,PLTR,2026-07-17,0.20273972602739726,C,45.0,-1.163636853640978,97.8,101.55,107.85,1.3750031249999999,20.0,38.0,144.07000732421875
PLTR,PLTR,2026-07-17,0.20273972602739726,C,50.0,-1.0582763379831517,92.9,96.65,90.0,1.2934605639648438,1.0,47.0,144.07000732421875
PLTR,PLTR,2026-07-17,0.20273972602739726,C,55.0,-0.9629661581788268,87.95,91.7,87.52,1.201175869140625,7.0,20.0,144.07000732421875
PLTR,PLTR,2026-07-17,0.20273972602739726,C,60.0,-0.875954781189197,83.05,86.8,79.16,1.12891060546875,7.0,9.0,144.07000732421875
PLTR,PLTR,2026-07-17,0.20273972602739726,C,65.0,-0.7959120735156606,78.5,81.35,77.65,1.0361376318359379,5.0,4.0,144.07000732421875
PLTR,PLTR,2026-07-17,0.20273972602739726,C,70.0,-0.7218041013619387,73.4,77.0,73.35,1.007329182128906,5.0,22.0,144.07000732421875
PLTR,PLTR,2026-07-17,0.20273972602739726,C,75.0,-0.6528112298749872,68.35,72.15,66.6,0.9323737231445313,13.0,162.0,144.07000732421875
PLTR,PLTR,2026-07-17,0.20273972602739726,C,80.0,-0.5882727087374161,64.0,67.1,60.57,0.8994150683593749,4.0,95.0,144.07000732421875
PLTR,PLTR,2026-07-17,0.20273972602739726,C,85.0,-0.5276480869209812,59.3,62.2,66.15,0.8481460498046874,1.0,30.0,144.07000732421875
PLTR,PLTR,2026-07-17,0.20273972602739726,C,90.0,-0.4704896730810326,54.75,57.55,51.58,0.8179949841308591,3.0,138.0,144.07000732421875
PLTR,PLTR,2026-07-17,0.20273972602739726,C,95.0,-0.41642245181075677,50.6,52.7,52.0,0.7912618530273439,1.0,79.0,144.07000732421875
PLTR,PLTR,2026-07-17,0.20273972602739726,C,100.0,-0.36512915742320634,45.5,47.85,46.5,0.7182645361328125,2.0,113.0,144.07000732421875
PLTR,PLTR,2026-07-17,0.20273972602739726,C,105.0,-0.31633899325377424,41.0,43.25,41.74,0.6810334631347659,7.0,114.0,144.07000732421875
PLTR,PLTR,2026-07-17,0.20273972602739726,C,110.0,-0.26981897761888146,36.8,38.8,38.05,0.6546665393066409,50.0,329.0,144.07000732421875
PLTR,PLTR,2026-07-17,0.20273972602739726,C,115.0,-0.22536721504804758,32.8,34.45,33.87,0.6303747900390625,10.0,267.0,144.07000732421875
PLTR,PLTR,2026-07-17,0.20273972602739726,C,120.0,-0.1828076006292517,29.1,30.3,29.94,0.6118202880859377,38.0,555.0,144.07000732421875
PLTR,PLTR,2026-07-17,0.20273972602739726,C,125.0,-0.14198560610899652,25.65,26.5,25.76,0.5990030334472658,33.0,963.0,144.07000732421875
PLTR,PLTR,2026-07-17,0.20273972602739726,C,130.0,-0.10276489295571528,22.4,23.1,22.79,0.5896037133789063,102.0,1681.0,144.07000732421875
PLTR,PLTR,2026-07-17,0.20273972602739726,C,135.0,-0.0650245649728682,19.35,19.8,19.68,0.5762981823730469,146.0,1829.0,144.07000732421875
PLTR,PLTR,2026-07-17,0.20273972602739726,C,140.0,-0.0286569208019934,16.65,16.9,16.83,0.5681805877685546,392.0,2666.0,144.07000732421875
PLTR,PLTR,2026-07-17,0.20273972602739726,C,145.0,0.006434399009276648,14.25,14.45,14.3,0.5643964459228517,323.0,3518.0,144.07000732421875
PLTR,PLTR,2026-07-17,0.20273972602739726,C,150.0,0.040335950684958155,12.05,12.25,12.2,0.5592695440673829,2011.0,45961.0,144.07000732421875
PLTR,PLTR,2026-07-17,0.20273972602739726,C,155.0,0.07312577350794898,10.2,10.6,10.35,0.5617719604492188,313.0,2577.0,144.07000732421875
PLTR,PLTR,2026-07-17,0.20273972602739726,C,160.0,0.10487447182252922,8.45,8.75,8.73,0.5533491931152343,450.0,3347.0,144.07000732421875
PLTR,PLTR,2026-07-17,0.20273972602739726,C,165.0,0.13564613048928306,7.2,7.55,7.4,0.5592085095214845,258.0,1872.0,144.07000732421875
PLTR,PLTR,2026-07-17,0.20273972602739726,C,170.0,0.16549909363896417,6.05,6.3,6.15,0.5584760949707033,396.0,2464.0,144.07000732421875
PLTR,PLTR,2026-07-17,0.20273972602739726,C,175.0,0.1944866305122164,5.1,5.2,5.15,0.5578657495117189,160.0,3988.0,144.07000732421875
PLTR,PLTR,2026-07-17,0.20273972602739726,C,180.0,0.22265750747891266,4.25,4.45,4.35,0.5607954077148438,661.0,5674.0,144.07000732421875
PLTR,PLTR,2026-07-17,0.20273972602739726,C,185.0,0.25005648166702726,3.55,3.75,3.64,0.562626444091797,192.0,2308.0,144.07000732421875
PLTR,PLTR,2026-07-17,0.20273972602739726,C,190.0,0.2767247287491885,3.0,3.2,3.1,0.5668988623046876,95.0,4099.0,144.07000732421875
PLTR,PLTR,2026-07-17,0.20273972602739726,C,195.0,0.30270021515244916,2.55,2.72,2.61,0.5710492114257812,174.0,812.0,144.07000732421875
PLTR,PLTR,2026-07-17,0.20273972602739726,C,200.0,0.328018023136739,2.16,2.27,2.19,0.5732464550781251,376.0,5189.0,144.07000732421875
PLTR,PLTR,2026-07-17,0.20273972602739726,C,210.0,0.37680818730617105,1.54,1.72,1.65,0.5832561206054687,121.0,2776.0,144.07000732421875
PLTR,PLTR,2026-07-17,0.20273972602739726,C,220.0,0.4233282029410638,1.16,1.32,1.25,0.5961954443359375,221.0,1878.0,144.07000732421875
PLTR,PLTR,2026-07-17,0.20273972602739726,C,230.0,0.46777996551189777,0.95,1.02,0.95,0.6125527026367189,10.0,621.0,144.07000732421875
PLTR,PLTR,2026-07-17,0.20273972602739726,C,240.0,0.5103395799306936,0.72,0.81,0.76,0.624027197265625,1.0,1177.0,144.07000732421875
PLTR,PLTR,2026-07-17,0.20273972602739726,C,250.0,0.5511615744509488,0.61,0.71,0.61,0.6455113574218749,465.0,1289.0,144.07000732421875
PLTR,PLTR,2026-07-17,0.20273972602739726,C,260.0,0.5903822876042301,0.47,0.6,0.4,0.6579624047851562,1.0,318.0,144.07000732421875
PLTR,PLTR,2026-07-17,0.20273972602739726,C,270.0,0.6281226155870772,0.4,0.51,0.45,0.6738313867187502,22.0,320.0,144.07000732421875
PLTR,PLTR,2026-07-17,0.20273972602739726,C,280.0,0.664490259757952,0.36,0.46,0.33,0.694338994140625,50.0,495.0,144.07000732421875
PLTR,PLTR,2026-07-17,0.20273972602739726,C,290.0,0.699581579569222,0.23,0.45,0.23,0.7045927978515626,2.0,266.0,144.07000732421875
PLTR,PLTR,2026-07-17,0.20273972602739726,C,300.0,0.7334831312449035,0.22,0.33,0.23,0.7114286669921875,3.0,349.0,144.07000732421875
PLTR,PLTR,2026-07-17,0.20273972602739726,C,310.0,0.7662729540678943,0.18,0.36,0.18,0.735354208984375,7.0,167.0,144.07000732421875
PLTR,PLTR,2026-07-17,0.20273972602739726,C,320.0,0.7980216523824746,0.1,0.3,0.28,0.7324245507812499,1.0,137.0,144.07000732421875
PLTR,PLTR,2026-07-17,0.20273972602739726,C,330.0,0.8287933110492284,0.08,0.28,0.15,0.7460962890625,36.0,106.0,144.07000732421875
PLTR,PLTR,2026-07-17,0.20273972602739726,C,340.0,0.8586462741989095,0.11,0.18,0.11,0.7500025,48.0,114.0,144.07000732421875
PLTR,PLTR,2026-07-17,0.20273972602739726,C,350.0,0.8876338110721617,0.1,0.17,0.12,0.764650791015625,1.0,383.0,144.07000732421875
PLTR,PLTR,2026-07-17,0.20273972602739726,C,360.0,0.915804688038858,0.09,0.15,0.11,0.7753928710937501,13.0,329.0,144.07000732421875
PLTR,PLTR,2026-07-17,0.20273972602739726,P,25.0,-1.7514235185430969,0.0,0.08,0.03,1.421877890625,1.0,12.0,144.07000732421875
PLTR,PLTR,2026-07-17,0.20273972602739726,P,30.0,-1.5691019617491424,0.0,0.44,0.04,1.5644553027343748,2.0,131.0,144.07000732421875
PLTR,PLTR,2026-07-17,0.20273972602739726,P,35.0,-1.414951281921884,0.0,0.32,0.06,1.3554719726562499,1.0,15.0,144.07000732421875
PLTR,PLTR,2026-07-17,0.20273972602739726,P,40.0,-1.2814198892973614,0.02,0.15,0.05,1.1367230664062502,1.0,43.0,144.07000732421875
PLTR,PLTR,2026-07-17,0.20273972602739726,P,45.0,-1.163636853640978,0.01,0.16,0.06,1.0371141894531253,1.0,25.0,144.07000732421875
PLTR,PLTR,2026-07-17,0.20273972602739726,P,50.0,-1.0582763379831517,0.05,0.17,0.1,0.9785158398437501,5.0,185.0,144.07000732421875
PLTR,PLTR,2026-07-17,0.20273972602739726,P,55.0,-0.9629661581788268,0.06,0.23,0.11,0.92773509765625,1.0,32.0,144.07000732421875
PLTR,PLTR,2026-07-17,0.20273972602739726,P,60.0,-0.875954781189197,0.16,0.2,0.2,0.8740246972656249,28.0,408.0,144.07000732421875
PLTR,PLTR,2026-07-17,0.20273972602739726,P,65.0,-0.7959120735156606,0.19,0.28,0.19,0.831056376953125,1.0,2706.0,144.07000732421875
PLTR,PLTR,2026-07-17,0.20273972602739726,P,70.0,-0.7218041013619387,0.27,0.35,0.3,0.7934590966796875,56.0,288.0,144.07000732421875
PLTR,PLTR,2026-07-17,0.20273972602739726,P,75.0,-0.6528112298749872,0.36,0.45,0.34,0.7578149218750001,27.0,424.0,144.07000732421875
PLTR,PLTR,2026-07-17,0.20273972602739726,P,80.0,-0.5882727087374161,0.48,0.55,0.52,0.7211941943359376,55.0,1689.0,144.07000732421875
PLTR,PLTR,2026-07-17,0.20273972602739726,P,85.0,-0.5276480869209812,0.59,0.72,0.62,0.6870148486328126,34.0,3066.0,144.07000732421875
PLTR,PLTR,2026-07-17,0.20273972602739726,P,90.0,-0.4704896730810326,0.81,0.91,0.8,0.6594272338867189,121.0,733.0,144.07000732421875
PLTR,PLTR,2026-07-17,0.20273972602739726,P,95.0,-0.41642245181075677,1.05,1.2,1.12,0.6335485864257813,93.0,1952.0,144.07000732421875
PLTR,PLTR,2026-07-17,0.20273972602739726,P,100.0,-0.36512915742320634,1.42,1.56,1.49,0.6118202880859377,116.0,7543.0,144.07000732421875
PLTR,PLTR,2026-07-17,0.20273972602739726,P,105.0,-0.31633899325377424,1.87,2.04,1.99,0.5910685424804689,2324.0,4061.0,144.07000732421875
PLTR,PLTR,2026-07-17,0.20273972602739726,P,110.0,-0.26981897761888146,2.49,2.6,2.58,0.5715374877929689,192.0,11278.0,144.07000732421875
PLTR,PLTR,2026-07-17,0.20273972602739726,P,115.0,-0.22536721504804758,3.3,3.55,3.37,0.5617719604492188,242.0,4272.0,144.07000732421875
PLTR,PLTR,2026-07-17,0.20273972602739726,P,120.0,-0.1828076006292517,4.4,4.55,4.47,0.5501753967285157,655.0,14741.0,144.07000732421875
PLTR,PLTR,2026-07-17,0.20273972602739726,P,125.0,-0.14198560610899652,5.65,5.9,5.78,0.5401657312011721,198.0,7369.0,144.07000732421875
PLTR,PLTR,2026-07-17,0.20273972602739726,P,130.0,-0.10276489295571528,7.35,7.55,7.45,0.5357712438964843,245.0,10203.0,144.07000732421875
PLTR,PLTR,2026-07-17,0.20273972602739726,P,135.0,-0.0650245649728682,9.2,9.45,9.32,0.5280198565673828,125.0,10388.0,144.07000732421875
PLTR,PLTR,2026-07-17,0.20273972602739726,P,140.0,-0.0286569208019934,11.5,11.65,11.55,0.5239305419921875,252.0,8426.0,144.07000732421875
PLTR,PLTR,2026-07-17,0.20273972602739726,P,145.0,0.006434399009276648,14.0,14.2,14.03,0.5192919165039063,115.0,3873.0,144.07000732421875
PLTR,PLTR,2026-07-17,0.20273972602739726,P,150.0,0.040335950684958155,16.8,17.05,16.79,0.5152636364746093,48.0,4617.0,144.07000732421875
PLTR,PLTR,2026-07-17,0.20273972602739726,P,155.0,0.07312577350794898,19.9,20.2,19.8,0.5123339782714844,23.0,929.0,144.07000732421875
PLTR,PLTR,2026-07-17,0.20273972602739726,P,160.0,0.10487447182252922,23.25,23.6,23.15,0.5092212164306642,15.0,2291.0,144.07000732421875
PLTR,PLTR,2026-07-17,0.20273972602739726,P,165.0,0.13564613048928306,26.8,27.3,26.7,0.5067188000488281,5.0,1632.0,144.07000732421875
PLTR,PLTR,2026-07-17,0.20273972602739726,P,170.0,0.16549909363896417,30.7,31.15,30.3,0.5059863854980469,51.0,1252.0,144.07000732421875
PLTR,PLTR,2026-07-17,0.20273972602739726,P,175.0,0.1944866305122164,34.55,35.25,35.15,0.501103621826172,13.0,572.0,144.07000732421875
PLTR,PLTR,2026-07-17,0.20273972602739726,P,180.0,0.22265750747891266,38.8,39.5,43.42,0.5017750018310547,10.0,832.0,144.07000732421875
PLTR,PLTR,2026-07-17,0.20273972602739726,P,185.0,0.25005648166702726,42.65,44.3,42.72,0.5473678076171876,1.0,132.0,144.07000732421875
PLTR,PLTR,2026-07-17,0.20273972602739726,P,190.0,0.2767247287491885,47.2,48.35,47.0,0.5249070947265625,2.0,148.0,144.07000732421875
PLTR,PLTR,2026-07-17,0.20273972602739726,P,195.0,0.30270021515244916,51.75,53.3,55.02,0.5537154003906251,2.0,74.0,144.07000732421875
PLTR,PLTR,2026-07-17,0.20273972602739726,P,200.0,0.328018023136739,56.45,57.75,56.88,0.5440719421386719,7.0,124.0,144.07000732421875
PLTR,PLTR,2026-07-17,0.20273972602739726,P,210.0,0.37680818730617105,65.25,67.6,60.04,0.5871623315429688,10.0,60.0,144.07000732421875
PLTR,PLTR,2026-07-17,0.20273972602739726,P,220.0,0.4233282029410638,75.0,77.5,73.95,0.6291540991210938,30.0,45.0,144.07000732421875
PLTR,PLTR,2026-07-17,0.20273972602739726,P,230.0,0.46777996551189777,84.8,87.3,86.16,0.6563755065917969,2.0,0.0,144.07000732421875
PLTR,PLTR,2026-10-16,0.4520547945205479,C,25.0,-1.7514235185430969,118.0,121.7,119.05,1.4443387158203125,1.0,1.0,144.07000732421875
PLTR,PLTR,2026-10-16,0.4520547945205479,C,40.0,-1.2814198892973614,103.65,107.15,104.4,1.183353692626953,1.0,2.0,144.07000732421875
PLTR,PLTR,2026-10-16,0.4520547945205479,C,45.0,-1.163636853640978,98.5,102.3,112.47,1.0808151428222659,1.0,1.0,144.07000732421875
PLTR,PLTR,2026-10-16,0.4520547945205479,C,50.0,-1.0582763379831517,94.2,97.5,107.7,1.0571336206054687,,1.0,144.07000732421875
PLTR,PLTR,2026-10-16,0.4520547945205479,C,55.0,-0.9629661581788268,88.9,92.7,90.49,0.9643558251953125,58.0,59.0,144.07000732421875
PLTR,PLTR,2026-10-16,0.4520547945205479,C,60.0,-0.875954781189197,87.05,90.2,93.17,1.1556438702392577,,50.0,144.07000732421875
PLTR,PLTR,2026-10-16,0.4520547945205479,C,65.0,-0.7959120735156606,80.0,83.1,85.18,0.892457130126953,,1.0,144.07000732421875
PLTR,PLTR,2026-10-16,0.4520547945205479,C,70.0,-0.7218041013619387,75.7,78.15,69.0,0.8537612280273439,3.0,5.0,144.07000732421875
PLTR,PLTR,2026-10-16,0.4520547945205479,C,75.0,-0.6528112298749872,70.95,73.8,69.95,0.8198260205078124,1.0,16.0,144.07000732421875
PLTR,PLTR,2026-10-16,0.4520547945205479,C,80.0,-0.5882727087374161,66.35,69.25,71.1,0.7825949475097658,2.0,11.0,144.07000732421875
PLTR,PLTR,2026-10-16,0.4520547945205479,C,85.0,-0.5276480869209812,61.75,64.85,68.11,0.7490259472656251,9.0,17.0,144.07000732421875
PLTR,PLTR,2026-10-16,0.4520547945205479,C,90.0,-0.4704896730810326,57.9,60.15,59.0,0.7261990270996093,3.0,9.0,144.07000732421875
PLTR,PLTR,2026-10-16,0.4520547945205479,C,95.0,-0.41642245181075677,53.3,55.95,54.8,0.6939117523193359,5.0,8.0,144.07000732421875
PLTR,PLTR,2026-10-16,0.4520547945205479,C,100.0,-0.36512915742320634,49.65,51.1,50.6,0.6667513793945314,34.0,247.0,144.07000732421875
PLTR,PLTR,2026-10-16,0.4520547945205479,C,105.0,-0.31633899325377424,45.25,47.8,46.85,0.6532017102050782,2.0,9.0,144.07000732421875
PLTR,PLTR,2026-10-16,0.4520547945205479,C,110.0,-0.26981897761888146,41.6,44.2,42.92,0.6432530792236328,16.0,181.0,144.07000732421875
PLTR,PLTR,2026-10-16,0.4520547945205479,C,115.0,-0.22536721504804758,38.45,40.7,34.1,0.6385534191894531,1.0,212.0,144.07000732421875
PLTR,PLTR,2026-10-16,0.4520547945205479,C,120.0,-0.1828076006292517,35.35,36.55,35.5,0.6189613299560548,3.0,280.0,144.07000732421875
PLTR,PLTR,2026-10-16,0.4520547945205479,C,125.0,-0.14198560610899652,32.25,33.15,32.7,0.6071206280517578,4.0,87.0,144.07000732421875
PLTR,PLTR,2026-10-16,0.4520547945205479,C,130.0,-0.10276489295571528,29.45,30.1,29.75,0.6002237243652344,23.0,447.0,144.07000732421875
PLTR,PLTR,2026-10-16,0.4520547945205479,C,135.0,-0.0650245649728682,26.45,27.35,27.53,0.5901530242919923,19.0,384.0,144.07000732421875
PLTR,PLTR,2026-10-16,0.4520547945205479,C,140.0,-0.0286569208019934,24.0,24.75,24.9,0.5850871569824219,246.0,774.0,144.07000732421875
PLTR,PLTR,2026-10-16,0.4520547945205479,C,145.0,0.006434399009276648,21.65,22.35,22.45,0.5795330133056642,124.0,615.0,144.07000732421875
PLTR,PLTR,2026-10-16,0.4520547945205479,C,150.0,0.040335950684958155,19.75,20.05,20.25,0.5768474932861327,207.0,970.0,144.07000732421875
PLTR,PLTR,2026-10-16,0.4520547945205479,C,155.0,0.07312577350794898,17.7,18.3,18.05,0.5751385260009765,206.0,791.0,144.07000732421875
PLTR,PLTR,2026-10-16,0.4520547945205479,C,160.0,0.10487447182252922,16.0,16.25,16.3,0.5700726586914062,33.0,655.0,144.07000732421875
PLTR,PLTR,2026-10-16,0.4520547945205479,C,165.0,0.13564613048928306,14.35,14.85,14.55,0.570316796875,30.0,1473.0,144.07000732421875
PLTR,PLTR,2026-10-16,0.4520547945205479,C,170.0,0.16549909363896417,13.0,13.35,13.4,0.5696454168701173,31.0,873.0,144.07000732421875
PLTR,PLTR,2026-10-16,0.4520547945205479,C,175.0,0.1944866305122164,11.6,12.05,12.05,0.5675702423095703,75.0,1090.0,144.07000732421875
PLTR,PLTR,2026-10-16,0.4520547945205479,C,180.0,0.22265750747891266,10.45,10.85,10.6,0.5670819659423829,26.0,537.0,144.07000732421875
PLTR,PLTR,2026-10-16,0.4520547945205479,C,185.0,0.25005648166702726,9.4,9.75,9.6,0.5662885168457032,30.0,1894.0,144.07000732421875
PLTR,PLTR,2026-10-16,0.4520547945205479,C,190.0,0.2767247287491885,8.5,8.75,8.6,0.5662274822998048,8.0,223.0,144.07000732421875
PLTR,PLTR,2026-10-16,0.4520547945205479,C,195.0,0.30270021515244916,7.55,7.95,7.9,0.5657392059326172,12.0,283.0,144.07000732421875
PLTR,PLTR,2026-10-16,0.4520547945205479,C,200.0,0.328018023136739,6.9,7.1,7.05,0.5665326550292968,199.0,1636.0,144.07000732421875
PLTR,PLTR,2026-10-16,0.4520547945205479,C,210.0,0.37680818730617105,5.55,5.8,5.65,0.5667767932128907,54.0,499.0,144.07000732421875
PLTR,PLTR,2026-10-16,0.4520547945205479,C,220.0,0.4233282029410638,4.5,4.8,4.65,0.5690961059570312,41.0,775.0,144.07000732421875
PLTR,PLTR,2026-10-16,0.4520547945205479,C,230.0,0.46777996551189777,3.75,4.0,3.76,0.5738568005371094,63.0,130.0,144.07000732421875
PLTR,PLTR,2026-10-16,0.4520547945205479,C,240.0,0.5103395799306936,3.05,3.3,3.17,0.5753216296386718,42.0,283.0,144.07000732421875
PLTR,PLTR,2026-10-16,0.4520547945205479,C,250.0,0.5511615744509488,2.42,2.91,2.11,0.5799602551269532,9.0,284.0,144.07000732421875
PLTR,PLTR,2026-10-16,0.4520547945205479,C,260.0,0.5903822876042301,2.15,2.34,2.3,0.5844768115234374,2.0,485.0,144.07000732421875
PLTR,PLTR,2026-10-16,0.4520547945205479,P,25.0,-1.7514235185430969,0.0,0.16,0.05,1.0351610742187503,1.0,278.0,144.07000732421875
PLTR,PLTR,2026-10-16,0.4520547945205479,P,30.0,-1.5691019617491424,0.05,0.2,0.1,0.9804689453125001,8.0,107.0,144.07000732421875
PLTR,PLTR,2026-10-16,0.4520547945205479,P,35.0,-1.414951281921884,0.1,0.26,0.16,0.928711650390625,22.0,25.0,144.07000732421875
PLTR,PLTR,2026-10-16,0.4520547945205479,P,40.0,-1.2814198892973614,0.14,0.33,0.3,0.875977802734375,47.0,59.0,144.07000732421875
PLTR,PLTR,2026-10-16,0.4520547945205479,P,45.0,-1.163636853640978,0.22,0.41,0.27,0.8339860351562498,3.0,118.0,144.07000732421875
PLTR,PLTR,2026-10-16,0.4520547945205479,P,50.0,-1.0582763379831517,0.32,0.56,0.41,0.8042011767578124,25.0,98.0,144.07000732421875
PLTR,PLTR,2026-10-16,0.4520547945205479,P,55.0,-0.9629661581788268,0.42,0.72,0.58,0.7700218310546876,2.0,23.0,144.07000732421875
PLTR,PLTR,2026-10-16,0.4520547945205479,P,60.0,-0.875954781189197,0.59,0.88,0.84,0.7399928344726561,1.0,79.0,144.07000732421875
PLTR,PLTR,2026-10-16,0.4520547945205479,P,65.0,-0.7959120735156606,0.85,1.01,0.83,0.7111845288085938,26.0,165.0,144.07000732421875
PLTR,PLTR,2026-10-16,0.4520547945205479,P,70.0,-0.7218041013619387,1.1,1.23,1.15,0.6843293286132813,95.0,276.0,144.07000732421875
PLTR,PLTR,2026-10-16,0.4520547945205479,P,75.0,-0.6528112298749872,1.39,1.5,1.43,0.6589389575195312,26.0,170.0,144.07000732421875
PLTR,PLTR,2026-10-16,0.4520547945205479,P,80.0,-0.5882727087374161,1.78,1.91,1.79,0.6409948010253907,103.0,91.0,144.07000732421875
PLTR,PLTR,2026-10-16,0.4520547945205479,P,85.0,-0.5276480869209812,2.2,2.39,2.24,0.6217078845214845,5.0,496.0,144.07000732421875
PLTR,PLTR,2026-10-16,0.4520547945205479,P,90.0,-0.4704896730810326,2.77,2.92,2.92,0.6043740734863283,3.0,5066.0,144.07000732421875
PLTR,PLTR,2026-10-16,0.4520547945205479,P,95.0,-0.41642245181075677,3.4,3.7,3.4,0.590946473388672,3.0,584.0,144.07000732421875
PLTR,PLTR,2026-10-16,0.4520547945205479,P,100.0,-0.36512915742320634,4.25,4.5,4.45,0.5780071496582031,60.0,3936.0,144.07000732421875
PLTR,PLTR,2026-10-16,0.4520547945205479,P,105.0,-0.31633899325377424,5.25,5.45,5.45,0.5662885168457032,50.0,2469.0,144.07000732421875
PLTR,PLTR,2026-10-16,0.4520547945205479,P,110.0,-0.26981897761888146,6.4,6.65,6.6,0.5570112658691408,34.0,4863.0,144.07000732421875
PLTR,PLTR,2026-10-16,0.4520547945205479,P,115.0,-0.22536721504804758,7.75,8.05,7.82,0.549076774902344,43.0,1179.0,144.07000732421875
PLTR,PLTR,2026-10-16,0.4520547945205479,P,120.0,-0.1828076006292517,9.3,9.6,9.45,0.5413253875732424,266.0,7314.0,144.07000732421875
PLTR,PLTR,2026-10-16,0.4520547945205479,P,125.0,-0.14198560610899652,11.05,11.4,11.25,0.5348557257080078,21.0,1489.0,144.07000732421875
PLTR,PLTR,2026-10-16,0.4520547945205479,P,130.0,-0.10276489295571528,13.05,13.3,13.25,0.5280808911132813,77.0,3611.0,144.07000732421875
PLTR,PLTR,2026-10-16,0.4520547945205479,P,135.0,-0.0650245649728682,15.2,15.55,15.4,0.5228929547119141,38.0,2647.0,144.07000732421875
PLTR,PLTR,2026-10-16,0.4520547945205479,P,140.0,-0.0286569208019934,17.6,18.0,17.75,0.5185595019531251,84.0,2782.0,144.07000732421875
PLTR,PLTR,2026-10-16,0.4520547945205479,P,145.0,0.006434399009276648,20.2,20.65,20.35,0.5143481182861327,139.0,280.0,144.07000732421875
PLTR,PLTR,2026-10-16,0.4520547945205479,P,150.0,0.040335950684958155,23.05,23.4,23.15,0.5098315618896485,183.0,894.0,144.07000732421875
PLTR,PLTR,2026-10-16,0.4520547945205479,P,155.0,0.07312577350794898,26.0,26.4,26.2,0.5050708673095703,119.0,190.0,144.07000732421875
PLTR,PLTR,2026-10-16,0.4520547945205479,P,160.0,0.10487447182252922,29.25,29.6,29.2,0.5022022436523439,10.0,199.0,144.07000732421875
PLTR,PLTR,2026-10-16,0.4520547945205479,P,165.0,0.13564613048928306,32.25,33.35,32.55,0.5134631173706053,1.0,70.0,144.07000732421875
PLTR,PLTR,2026-10-16,0.4520547945205479,P,170.0,0.16549909363896417,36.1,36.55,38.05,0.5015918981933594,1.0,1349.0,144.07000732421875
PLTR,PLTR,2026-10-16,0.4520547945205479,P,175.0,0.1944866305122164,39.25,40.65,42.35,0.5101977691650392,5.0,67.0,144.07000732421875
PLTR,PLTR,2026-10-16,0.4520547945205479,P,180.0,0.22265750747891266,43.1,44.55,48.88,0.5100146655273439,2.0,34.0,144.07000732421875
PLTR,PLTR,2026-10-16,0.4520547945205479,P,185.0,0.25005648166702726,46.95,48.45,49.28,0.5063525927734375,5.0,21.0,144.07000732421875
PLTR,PLTR,2026-10-16,0.4520547945205479,P,190.0,0.2767247287491885,51.05,52.55,61.7,0.5053760400390624,5.0,4.0,144.07000732421875
PLTR,PLTR,2026-10-16,0.4520547945205479,P,195.0,0.30270021515244916,55.15,56.75,68.21,0.5043994873046875,2.0,7.0,144.07000732421875
PLTR,PLTR,2026-10-16,0.4520547945205479,P,210.0,0.37680818730617105,68.25,69.7,69.29,0.4955494781494141,2.0,0.0,144.07000732421875
PLTR,PLTR,2026-10-16,0.4520547945205479,P,220.0,0.4233282029410638,76.6,79.1,81.7,0.5079394909667969,10.0,41.0,144.07000732421875
PLTR,PLTR,2026-10-16,0.4520547945205479,P,230.0,0.46777996551189777,85.8,88.4,83.11,0.5085498364257812,2.0,3.0,144.07000732421875
PLTR,PLTR,2026-12-18,0.6246575342465753,C,13.0,-2.4053499859497607,130.7,133.15,138.7,1.751954365234375,1.0,717.0,144.07000732421875
PLTR,PLTR,2026-12-18,0.6246575342465753,C,15.0,-2.262249142309088,128.5,131.4,127.48,1.6474627001953124,1.0,2620.0,144.07000732421875
PLTR,PLTR,2026-12-18,0.6246575342465753,C,18.0,-2.079927585515133,125.6,128.7,118.82,1.5688498120117185,8.0,960.0,144.07000732421875
PLTR,PLTR,2026-12-18,0.6246575342465753,C,20.0,-1.9745670698573068,123.6,126.75,123.95,1.491701760253906,9.0,1411.0,144.07000732421875
PLTR,PLTR,2026-12-18,0.6246575342465753,C,22.0,-1.8792568900529818,121.75,125.05,120.06,1.4736354443359376,2.0,2125.0,144.07000732421875
PLTR,PLTR,2026-12-18,0.6246575342465753,C,25.0,-1.7514235185430969,118.6,122.1,113.8,1.358889924316406,3.0,726.0,144.07000732421875
PLTR,PLTR,2026-12-18,0.6246575342465753,C,27.0,-1.6744624774069685,116.95,120.25,118.68,1.3501009057617184,6.0,2074.0,144.07000732421875
PLTR,PLTR,2026-12-18,0.6246575342465753,C,30.0,-1.5691019617491424,114.25,117.15,113.25,1.2832067089843748,2.0,2949.0,144.07000732421875
PLTR,PLTR,2026-12-18,0.6246575342465753,C,32.0,-1.504563440611571,112.35,115.5,112.35,1.2685583447265623,1.0,4126.0,144.07000732421875
PLTR,PLTR,2026-12-18,0.6246575342465753,C,35.0,-1.414951281921884,109.25,111.95,110.35,1.1430706909179689,1.0,2313.0,144.07000732421875
PLTR,PLTR,2026-12-18,0.6246575342465753,C,37.0,-1.359381430767073,107.6,110.65,108.6,1.1777384863281248,20.0,1225.0,144.07000732421875
PLTR,PLTR,2026-12-18,0.6246575342465753,C,40.0,-1.2814198892973614,104.9,107.5,105.92,1.123051259765625,2.0,1501.0,144.07000732421875
PLTR,PLTR,2026-12-18,0.6246575342465753,C,42.0,-1.2326297251279292,102.6,105.3,102.73,1.050541856689453,176.0,952.0,144.07000732421875
PLTR,PLTR,2026-12-18,0.6246575342465753,C,45.0,-1.163636853640978,99.8,102.9,100.1,1.0434618139648442,100.0,2063.0,144.07000732421875
PLTR,PLTR,2026-12-18,0.6246575342465753,C,47.0,-1.120151741701239,97.95,100.7,104.68,1.0046436486816406,5.0,1123.0,144.07000732421875
PLTR,PLTR,2026-12-18,0.6246575342465753,C,50.0,-1.0582763379831517,95.1,97.75,90.81,0.9643558251953125,2.0,1797.0,144.07000732421875
PLTR,PLTR,2026-12-18,0.6246575342465753,C,55.0,-0.9629661581788268,90.75,93.15,91.16,0.9343268286132812,25.0,1362.0,144.07000732421875
PLTR,PLTR,2026-12-18,0.6246575342465753,C,57.5,-0.9185143956079929,88.0,91.15,76.42,0.9067392138671875,70.0,118.0,144.07000732421875
PLTR,PLTR,2026-12-18,0.6246575342465753,C,60.0,-0.875954781189197,86.35,88.8,80.9,0.9091805957031249,3.0,1322.0,144.07000732421875
PLTR,PLTR,2026-12-18,0.6246575342465753,C,65.0,-0.7959120735156606,81.55,84.4,87.7,0.8654798608398437,1.0,844.0,144.07000732421875
PLTR,PLTR,2026-12-18,0.6246575342465753,C,67.5,-0.7581717455328135,79.2,81.9,80.2,0.835817071533203,1.0,223.0,144.07000732421875
PLTR,PLTR,2026-12-18,0.6246575342465753,C,70.0,-0.7218041013619387,77.15,79.5,79.0,0.8197039514160156,1.0,1221.0,144.07000732421875
PLTR,PLTR,2026-12-18,0.6246575342465753,C,72.5,-0.6867127815506686,74.45,77.55,74.25,0.7973653076171875,1.0,193.0,144.07000732421875
PLTR,PLTR,2026-12-18,0.6246575342465753,C,75.0,-0.6528112298749872,72.5,75.05,73.49,0.7810080493164062,36.0,631.0,144.07000732421875
PLTR,PLTR,2026-12-18,0.6246575342465753,C,77.5,-0.6200214070519964,70.3,73.2,75.99,0.7749045947265626,1.0,88.0,144.07000732421875
PLTR,PLTR,2026-12-18,0.6246575342465753,C,80.0,-0.5882727087374161,68.5,70.6,69.75,0.758913543701172,5.0,769.0,144.07000732421875
PLTR,PLTR,2026-12-18,0.6246575342465753,C,82.5,-0.5575010500706623,68.4,71.6,77.79,0.861451580810547,1.0,28.0,144.07000732421875
PLTR,PLTR,2026-12-18,0.6246575342465753,C,85.0,-0.5276480869209812,63.65,66.7,67.75,0.727541787109375,2.0,716.0,144.07000732421875
PLTR,PLTR,2026-12-18,0.6246575342465753,C,87.5,-0.4986605500477289,61.9,64.65,45.8,0.7238797143554687,1.0,255.0,144.07000732421875
PLTR,PLTR,2026-12-18,0.6246575342465753,C,90.0,-0.4704896730810326,60.3,62.6,61.4,0.7219266088867188,15.0,486.0,144.07000732421875
PLTR,PLTR,2026-12-18,0.6246575342465753,C,92.5,-0.4430906988929181,58.05,60.65,52.6,0.7079496978759765,1.0,56.0,144.07000732421875
PLTR,PLTR,2026-12-18,0.6246575342465753,C,95.0,-0.41642245181075677,56.0,58.95,55.35,0.7019683123779297,1.0,385.0,144.07000732421875
PLTR,PLTR,2026-12-18,0.6246575342465753,C,97.5,-0.3904469654074962,53.95,56.9,55.5,0.6888458850097658,2.0,171.0,144.07000732421875
PLTR,PLTR,2026-12-18,0.6246575342465753,C,100.0,-0.36512915742320634,52.45,54.4,53.5,0.6770051831054689,21.0,1405.0,144.07000732421875
PLTR,PLTR,2026-12-18,0.6246575342465753,C,105.0,-0.31633899325377424,48.75,50.65,48.75,0.6607089593505859,6.0,2861.0,144.07000732421875
PLTR,PLTR,2026-12-18,0.6246575342465753,C,110.0,-0.26981897761888146,46.0,46.95,44.9,0.6564365411376953,17.0,2361.0,144.07000732421875
PLTR,PLTR,2026-12-18,0.6246575342465753,C,115.0,-0.22536721504804758,42.2,43.35,42.82,0.6347692773437501,23.0,1408.0,144.07000732421875
PLTR,PLTR,2026-12-18,0.6246575342465753,C,120.0,-0.1828076006292517,39.15,40.1,39.96,0.6256140954589844,16.0,1131.0,144.07000732421875
PLTR,PLTR,2026-12-18,0.6246575342465753,C,125.0,-0.14198560610899652,36.25,37.15,36.8,0.6188087435913087,12.0,863.0,144.07000732421875
PLTR,PLTR,2026-12-18,0.6246575342465753,C,130.0,-0.10276489295571528,33.5,34.35,34.15,0.6123085644531252,27.0,3068.0,144.07000732421875
PLTR,PLTR,2026-12-18,0.6246575342465753,C,135.0,-0.0650245649728682,30.9,31.7,31.55,0.6060220062255861,5.0,651.0,144.07000732421875
PLTR,PLTR,2026-12-18,0.6246575342465753,C,140.0,-0.0286569208019934,28.35,29.25,28.85,0.5994913098144532,86.0,2140.0,144.07000732421875
PLTR,PLTR,2026-12-18,0.6246575342465753,C,145.0,0.006434399009276648,26.25,26.95,26.7,0.596683720703125,208.0,855.0,144.07000732421875
PLTR,PLTR,2026-12-18,0.6246575342465753,C,150.0,0.040335950684958155,24.1,24.8,24.3,0.5919840606689455,95.0,1871.0,144.07000732421875
PLTR,PLTR,2026-12-18,0.6246575342465753,C,155.0,0.07312577350794898,22.2,22.85,22.63,0.5893290579223633,14.0,744.0,144.07000732421875
PLTR,PLTR,2026-12-18,0.6246575342465753,C,160.0,0.10487447182252922,20.45,21.05,20.6,0.5872233660888673,67.0,2454.0,144.07000732421875
PLTR,PLTR,2026-12-18,0.6246575342465753,C,165.0,0.13564613048928306,18.75,19.4,19.1,0.5846599151611327,4.0,2047.0,144.07000732421875
PLTR,PLTR,2026-12-18,0.6246575342465753,C,170.0,0.16549909363896417,17.2,17.85,17.69,0.5823406024169921,82.0,3134.0,144.07000732421875
PLTR,PLTR,2026-12-18,0.6246575342465753,C,175.0,0.1944866305122164,15.8,16.45,16.25,0.5809368078613282,30.0,1713.0,144.07000732421875
PLTR,PLTR,2026-12-18,0.6246575342465753,C,180.0,0.22265750747891266,14.55,15.05,15.05,0.5789226678466797,32.0,3491.0,144.07000732421875
PLTR,PLTR,2026-12-18,0.6246575342465753,C,185.0,0.25005648166702726,13.35,13.95,13.8,0.5787395642089843,140.0,2083.0,144.07000732421875
PLTR,PLTR,2026-12-18,0.6246575342465753,C,190.0,0.2767247287491885,12.3,12.8,12.5,0.5777019769287108,17.0,1972.0,144.07000732421875
PLTR,PLTR,2026-12-18,0.6246575342465753,C,195.0,0.30270021515244916,11.25,11.75,11.49,0.5758709405517577,40.0,1030.0,144.07000732421875
PLTR,PLTR,2026-12-18,0.6246575342465753,C,200.0,0.328018023136739,10.55,10.85,10.78,0.5782207705688477,238.0,5248.0,144.07000732421875
PLTR,PLTR,2026-12-18,0.6246575342465753,C,210.0,0.37680818730617105,8.8,9.25,9.0,0.5761150787353515,260.0,2354.0,144.07000732421875
PLTR,PLTR,2026-12-18,0.6246575342465753,C,220.0,0.4233282029410638,7.55,7.8,7.7,0.576054044189453,128.0,2295.0,144.07000732421875
PLTR,PLTR,2026-12-18,0.6246575342465753,C,230.0,0.46777996551189777,6.35,6.8,6.64,0.5774578387451172,24.0,2117.0,144.07000732421875
PLTR,PLTR,2026-12-18,0.6246575342465753,C,240.0,0.5103395799306936,5.45,5.85,5.65,0.5790447369384766,25.0,1464.0,144.07000732421875
PLTR,PLTR,2026-12-18,0.6246575342465753,C,250.0,0.5511615744509488,4.65,5.05,4.85,0.5801433587646485,15.0,970.0,144.07000732421875
PLTR,PLTR,2026-12-18,0.6246575342465753,C,260.0,0.5903822876042301,4.0,4.4,4.18,0.5824016369628906,16.0,1881.0,144.07000732421875
PLTR,PLTR,2026-12-18,0.6246575342465753,C,270.0,0.6281226155870772,3.5,3.85,3.65,0.5857585369873046,9.0,843.0,144.07000732421875
PLTR,PLTR,2026-12-18,0.6246575342465753,C,280.0,0.664490259757952,3.1,3.3,3.15,0.5879557806396485,43.0,7085.0,144.07000732421875
PLTR,PLTR,2026-12-18,0.6246575342465753,C,290.0,0.699581579569222,2.67,2.96,2.8,0.5911906115722658,5.0,2949.0,144.07000732421875
PLTR,PLTR,2026-12-18,0.6246575342465753,C,300.0,0.7334831312449035,2.36,2.61,2.48,0.5943644079589845,6.0,1281.0,144.07000732421875
PLTR,PLTR,2026-12-18,0.6246575342465753,C,310.0,0.7662729540678943,2.1,2.37,2.18,0.5994913098144532,10.0,209.0,144.07000732421875
PLTR,PLTR,2026-12-18,0.6246575342465753,C,320.0,0.7980216523824746,1.87,2.13,1.98,0.6033975207519533,24.0,375.0,144.07000732421875
PLTR,PLTR,2026-12-18,0.6246575342465753,C,330.0,0.8287933110492284,1.7,1.92,1.68,0.6082802844238282,2.0,455.0,144.07000732421875
PLTR,PLTR,2026-12-18,0.6246575342465753,C,340.0,0.8586462741989095,1.34,1.9,1.5,0.6113320117187502,1.0,199.0,144.07000732421875
PLTR,PLTR,2026-12-18,0.6246575342465753,C,350.0,0.8876338110721617,1.34,1.55,1.44,0.6137733935546876,3.0,760.0,144.07000732421875
PLTR,PLTR,2026-12-18,0.6246575342465753,C,360.0,0.915804688038858,1.07,1.61,1.34,0.6199989172363283,2.0,219.0,144.07000732421875
PLTR,PLTR,2026-12-18,0.6246575342465753,C,370.0,0.9432036622269726,0.96,1.49,1.17,0.6242713354492189,1.0,282.0,144.07000732421875
PLTR,PLTR,2026-12-18,0.6246575342465753,C,380.0,0.9698719093091338,0.87,1.25,1.06,0.6225623681640625,2.0,247.0,144.07000732421875
PLTR,PLTR,2026-12-18,0.6246575342465753,C,390.0,0.9958473957123944,0.77,1.29,1.1,0.6323278955078125,2.0,225.0,144.07000732421875
PLTR,PLTR,2026-12-18,0.6246575342465753,C,400.0,1.0211652036966843,0.86,1.07,0.83,0.6381872119140625,160.0,1291.0,144.07000732421875
PLTR,PLTR,2026-12-18,0.6246575342465753,C,410.0,1.045857816287056,0.78,0.93,0.83,0.6379430737304688,60.0,1520.0,144.07000732421875
PLTR,PLTR,2026-12-18,0.6246575342465753,P,13.0,-2.4053499859497607,0.01,0.04,0.03,1.0781296093750001,1.0,9468.0,144.07000732421875
PLTR,PLTR,2026-12-18,0.6246575342465753,P,15.0,-2.262249142309088,0.0,0.06,0.04,1.0312548437500002,3.0,1054.0,144.07000732421875
PLTR,PLTR,2026-12-18,0.6246575342465753,P,18.0,-2.079927585515133,0.05,0.13,0.1,1.0644578027343752,17.0,604.0,144.07000732421875
PLTR,PLTR,2026-12-18,0.6246575342465753,P,20.0,-1.9745670698573068,0.02,0.14,0.08,0.9960937890625,9.0,3714.0,144.07000732421875
PLTR,PLTR,2026-12-18,0.6246575342465753,P,22.0,-1.8792568900529818,0.04,0.16,0.11,0.9726565234375,1.0,734.0,144.07000732421875
PLTR,PLTR,2026-12-18,0.6246575342465753,P,25.0,-1.7514235185430969,0.1,0.2,0.12,0.9531254687499999,23.0,1708.0,144.07000732421875
PLTR,PLTR,2026-12-18,0.6246575342465753,P,27.0,-1.6744624774069685,0.05,0.3,0.16,0.929688203125,2.0,266.0,144.07000732421875
PLTR,PLTR,2026-12-18,0.6246575342465753,P,30.0,-1.5691019617491424,0.15,0.25,0.22,0.8876964355468748,2.0,2012.0,144.07000732421875
PLTR,PLTR,2026-12-18,0.6246575342465753,P,32.0,-1.504563440611571,0.1,0.41,0.26,0.8818371191406249,2.0,231.0,144.07000732421875
PLTR,PLTR,2026-12-18,0.6246575342465753,P,35.0,-1.414951281921884,0.26,0.37,0.32,0.8569350244140624,10.0,5673.0,144.07000732421875
PLTR,PLTR,2026-12-18,0.6246575342465753,P,37.0,-1.359381430767073,0.29,0.44,0.36,0.842775009765625,1.0,886.0,144.07000732421875
PLTR,PLTR,2026-12-18,0.6246575342465753,P,40.0,-1.2814198892973614,0.4,0.52,0.44,0.8266618896484373,1.0,6467.0,144.07000732421875
PLTR,PLTR,2026-12-18,0.6246575342465753,P,42.0,-1.2326297251279292,0.43,0.59,0.52,0.8105487695312499,30.0,2433.0,144.07000732421875
PLTR,PLTR,2026-12-18,0.6246575342465753,P,45.0,-1.163636853640978,0.51,0.68,0.61,0.788088056640625,10.0,2014.0,144.07000732421875
PLTR,PLTR,2026-12-18,0.6246575342465753,P,47.0,-1.120151741701239,0.61,0.77,0.72,0.7810080493164062,1.0,2288.0,144.07000732421875
PLTR,PLTR,2026-12-18,0.6246575342465753,P,50.0,-1.0582763379831517,0.72,0.8,0.76,0.7541528491210938,2.0,3595.0,144.07000732421875
PLTR,PLTR,2026-12-18,0.6246575342465753,P,55.0,-0.9629661581788268,0.93,1.04,1.06,0.7272976489257812,23.0,1903.0,144.07000732421875
PLTR,PLTR,2026-12-18,0.6246575342465753,P,57.5,-0.9185143956079929,0.92,1.41,1.17,0.7214383325195313,11.0,202.0,144.07000732421875
PLTR,PLTR,2026-12-18,0.6246575342465753,P,60.0,-0.875954781189197,1.21,1.35,1.27,0.7055693505859376,12.0,6344.0,144.07000732421875
PLTR,PLTR,2026-12-18,0.6246575342465753,P,62.5,-0.8351327866689419,1.22,1.72,1.61,0.6975127905273439,1.0,245.0,144.07000732421875
PLTR,PLTR,2026-12-18,0.6246575342465753,P,65.0,-0.7959120735156606,1.56,1.71,1.64,0.68555001953125,1.0,934.0,144.07000732421875
PLTR,PLTR,2026-12-18,0.6246575342465753,P,67.5,-0.7581717455328135,1.73,1.93,1.88,0.6752962158203126,40.0,802.0,144.07000732421875
PLTR,PLTR,2026-12-18,0.6246575342465753,P,70.0,-0.7218041013619387,1.92,2.1,1.98,0.6628451684570313,1.0,1174.0,144.07000732421875
PLTR,PLTR,2026-12-18,0.6246575342465753,P,72.5,-0.6867127815506686,2.17,2.36,2.22,0.6553989538574221,33.0,566.0,144.07000732421875
PLTR,PLTR,2026-12-18,0.6246575342465753,P,75.0,-0.6528112298749872,2.39,2.6,2.43,0.6447789428710937,261.0,2263.0,144.07000732421875
PLTR,PLTR,2026-12-18,0.6246575342465753,P,77.5,-0.6200214070519964,2.64,2.89,2.95,0.6361120373535156,40.0,797.0,144.07000732421875
PLTR,PLTR,2026-12-18,0.6246575342465753,P,80.0,-0.5882727087374161,2.95,3.1,3.01,0.6257361645507813,16.0,3983.0,144.07000732421875
PLTR,PLTR,2026-12-18,0.6246575342465753,P,82.5,-0.5575010500706623,3.2,3.5,3.7,0.618289949951172,1.0,490.0,144.07000732421875
PLTR,PLTR,2026-12-18,0.6246575342465753,P,85.0,-0.5276480869209812,3.55,3.8,3.95,0.6097451135253908,3.0,1065.0,144.07000732421875
PLTR,PLTR,2026-12-18,0.6246575342465753,P,87.5,-0.4986605500477289,3.95,4.25,3.95,0.605167522583008,1.0,829.0,144.07000732421875
PLTR,PLTR,2026-12-18,0.6246575342465753,P,90.0,-0.4704896730810326,4.4,4.65,4.5,0.5992471716308594,2.0,2712.0,144.07000732421875
PLTR,PLTR,2026-12-18,0.6246575342465753,P,92.5,-0.4430906988929181,4.8,5.1,5.1,0.5921671643066408,1.0,528.0,144.07000732421875
PLTR,PLTR,2026-12-18,0.6246575342465753,P,95.0,-0.41642245181075677,5.25,5.6,5.4,0.5861247442626953,1.0,516.0,144.07000732421875
PLTR,PLTR,2026-12-18,0.6246575342465753,P,97.5,-0.3904469654074962,5.75,6.1,6.3,0.5799602551269532,18.0,2513.0,144.07000732421875
PLTR,PLTR,2026-12-18,0.6246575342465753,P,100.0,-0.36512915742320634,6.3,6.5,6.38,0.5718426605224609,104.0,9379.0,144.07000732421875
PLTR,PLTR,2026-12-18,0.6246575342465753,P,105.0,-0.31633899325377424,7.55,7.9,7.7,0.5659223095703125,13.0,1437.0,144.07000732421875
PLTR,PLTR,2026-12-18,0.6246575342465753,P,110.0,-0.26981897761888146,8.95,9.15,8.95,0.5551802294921876,12.0,8961.0,144.07000732421875
PLTR,PLTR,2026-12-18,0.6246575342465753,P,115.0,-0.22536721504804758,10.35,10.75,10.6,0.5455978057861328,83.0,1611.0,144.07000732421875
PLTR,PLTR,2026-12-18,0.6246575342465753,P,120.0,-0.1828076006292517,12.25,12.65,12.3,0.5429733203125001,54.0,6409.0,144.07000732421875
PLTR,PLTR,2026-12-18,0.6246575342465753,P,125.0,-0.14198560610899652,14.15,14.6,14.25,0.5365036584472658,287.0,2093.0,144.07000732421875
PLTR,PLTR,2026-12-18,0.6246575342465753,P,130.0,-0.10276489295571528,16.3,16.7,16.35,0.5309800320434571,26.0,5777.0,144.07000732421875
PLTR,PLTR,2026-12-18,0.6246575342465753,P,135.0,-0.0650245649728682,18.55,19.05,18.5,0.5257615783691407,14.0,4578.0,144.07000732421875
PLTR,PLTR,2026-12-18,0.6246575342465753,P,140.0,-0.0286569208019934,21.05,21.5,21.15,0.5208177801513671,23.0,3292.0,144.07000732421875
PLTR,PLTR,2026-12-18,0.6246575342465753,P,145.0,0.006434399009276648,23.65,24.15,24.01,0.51562984375,33.0,2133.0,144.07000732421875
PLTR,PLTR,2026-12-18,0.6246575342465753,P,150.0,0.040335950684958155,26.5,27.0,26.25,0.5119677709960937,2.0,3317.0,144.07000732421875
PLTR,PLTR,2026-12-18,0.6246575342465753,P,155.0,0.07312577350794898,29.45,29.95,29.6,0.5071460418701172,1.0,1663.0,144.07000732421875
PLTR,PLTR,2026-12-18,0.6246575342465753,P,160.0,0.10487447182252922,32.6,33.25,32.85,0.5051013845825195,3.0,2033.0,144.07000732421875
PLTR,PLTR,2026-12-18,0.6246575342465753,P,165.0,0.13564613048928306,35.9,36.45,35.0,0.5004932763671875,1.0,883.0,144.07000732421875
PLTR,PLTR,2026-12-18,0.6246575342465753,P,170.0,0.16549909363896417,39.35,40.0,39.81,0.505742247314453,4.0,796.0,144.07000732421875
PLTR,PLTR,2026-12-18,0.6246575342465753,P,175.0,0.1944866305122164,42.9,43.45,46.32,0.4998218963623047,2.0,943.0,144.07000732421875
PLTR,PLTR,2026-12-18,0.6246575342465753,P,180.0,0.22265750747891266,46.45,47.25,50.33,0.49921155090332037,2.0,1439.0,144.07000732421875
PLTR,PLTR,2026-12-18,0.6246575342465753,P,185.0,0.25005648166702726,49.65,51.35,53.17,0.5032398309326171,1.0,384.0,144.07000732421875
PLTR,PLTR,2026-12-18,0.6246575342465753,P,190.0,0.2767247287491885,53.6,55.2,59.0,0.4989063781738281,6.0,239.0,144.07000732421875
PLTR,PLTR,2026-12-18,0.6246575342465753,P,195.0,0.30270021515244916,57.5,59.5,61.5,0.5036060382080079,2.0,146.0,144.07000732421875
PLTR,PLTR,2026-12-18,0.6246575342465753,P,200.0,0.328018023136739,62.25,63.05,66.09,0.48633326171875,2.0,1052.0,144.07000732421875
PLTR,PLTR,2026-12-18,0.6246575342465753,P,210.0,0.37680818730617105,70.1,71.8,73.75,0.4891408508300782,6.0,415.0,144.07000732421875
PLTR,PLTR,2026-12-18,0.6246575342465753,P,220.0,0.4233282029410638,78.45,80.7,93.01,0.48932395446777355,7.0,64.0,144.07000732421875
PLTR,PLTR,2026-12-18,0.6246575342465753,P,230.0,0.46777996551189777,87.3,89.85,100.7,0.4911549908447266,5.0,108.0,144.07000732421875
PLTR,PLTR,2026-12-18,0.6246575342465753,P,240.0,0.5103395799306936,96.5,98.95,101.1,0.4845022253417969,2.0,132.0,144.07000732421875
PLTR,PLTR,2026-12-18,0.6246575342465753,P,250.0,0.5511615744509488,105.9,108.35,111.0,0.48352567260742196,5.0,103.0,144.07000732421875
PLTR,PLTR,2026-12-18,0.6246575342465753,P,260.0,0.5903822876042301,115.3,117.95,109.7,0.48718774536132814,4.0,27.0,144.07000732421875
PLTR,PLTR,2026-12-18,0.6246575342465753,P,270.0,0.6281226155870772,124.95,127.7,143.26,0.4952443054199219,1.0,12.0,144.07000732421875
PLTR,PLTR,2026-12-18,0.6246575342465753,P,290.0,0.699581579569222,144.8,147.25,141.85,0.5062305236816407,2.0,0.0,144.07000732421875
PLTR,PLTR,2026-12-18,0.6246575342465753,P,300.0,0.7334831312449035,154.4,157.05,149.13,0.5092822509765625,1.0,0.0,144.07000732421875
PLTR,PLTR,2026-12-18,0.6246575342465753,P,310.0,0.7662729540678943,164.1,167.55,161.88,0.5632367895507813,,0.0,144.07000732421875
PLTR,PLTR,2026-12-18,0.6246575342465753,P,320.0,0.7980216523824746,174.0,177.7,171.87,0.5903361279296876,42.0,0.0,144.07000732421875
PLTR,PLTR,2026-12-18,0.6246575342465753,P,330.0,0.8287933110492284,183.95,187.3,181.82,0.5789837023925781,76.0,0.0,144.07000732421875
PLTR,PLTR,2026-12-18,0.6246575342465753,P,340.0,0.8586462741989095,193.95,197.7,184.0,0.62305064453125,1.0,0.0,144.07000732421875
PLTR,PLTR,2026-12-18,0.6246575342465753,P,350.0,0.8876338110721617,221.7,224.2,170.2,1.1544842080688476,3.0,0.0,144.07000732421875
PLTR,PLTR,2026-12-18,0.6246575342465753,P,400.0,1.0211652036966843,262.55,265.95,224.9,0.9962158581542968,4.0,0.0,144.07000732421875
PLTR,PLTR,2027-06-17,1.1205479452054794,C,25.0,-1.7514235185430969,119.0,122.95,118.07,1.1125532653808592,1.0,4.0,144.07000732421875
PLTR,PLTR,2027-06-17,1.1205479452054794,C,30.0,-1.5691019617491424,114.5,118.4,108.84,1.0515184143066407,32.0,79.0,144.07000732421875
PLTR,PLTR,2027-06-17,1.1205479452054794,C,35.0,-1.414951281921884,110.45,113.95,112.05,1.02112305847168,3.0,1324.0,144.07000732421875
PLTR,PLTR,2027-06-17,1.1205479452054794,C,37.5,-1.3459584104349325,107.65,111.6,108.5,0.9664309997558593,1.0,183.0,144.07000732421875
PLTR,PLTR,2027-06-17,1.1205479452054794,C,40.0,-1.2814198892973614,106.0,109.5,98.97,0.9719241088867188,6.0,617.0,144.07000732421875
PLTR,PLTR,2027-06-17,1.1205479452054794,C,42.5,-1.2207952674809264,103.75,107.05,105.87,0.9395757995605469,1.0,118.0,144.07000732421875
PLTR,PLTR,2027-06-17,1.1205479452054794,C,45.0,-1.163636853640978,102.0,104.8,102.25,0.9324957922363282,27.0,373.0,144.07000732421875
PLTR,PLTR,2027-06-17,1.1205479452054794,C,47.5,-1.109569632370702,99.35,102.75,103.67,0.9022226574707031,14.0,143.0,144.07000732421875
PLTR,PLTR,2027-06-17,1.1205479452054794,C,50.0,-1.0582763379831517,97.5,100.15,97.72,0.8807995318603514,75.0,430.0,144.07000732421875
PLTR,PLTR,2027-06-17,1.1205479452054794,C,55.0,-0.9629661581788268,93.1,96.3,92.0,0.8565688171386718,1.0,317.0,144.07000732421875
PLTR,PLTR,2027-06-17,1.1205479452054794,C,60.0,-0.875954781189197,88.85,92.0,85.36,0.8238543005371093,1.0,364.0,144.07000732421875
PLTR,PLTR,2027-06-17,1.1205479452054794,C,65.0,-0.7959120735156606,84.0,87.9,86.6,0.7830832238769532,1.0,585.0,144.07000732421875
PLTR,PLTR,2027-06-17,1.1205479452054794,C,70.0,-0.7218041013619387,81.05,83.7,77.8,0.7784445983886719,12.0,369.0,144.07000732421875
PLTR,PLTR,2027-06-17,1.1205479452054794,C,72.5,-0.6867127815506686,78.05,81.8,78.57,0.7506128454589844,2.0,222.0,144.07000732421875
PLTR,PLTR,2027-06-17,1.1205479452054794,C,75.0,-0.6528112298749872,76.25,79.95,78.02,0.7454859436035157,2.0,385.0,144.07000732421875
PLTR,PLTR,2027-06-17,1.1205479452054794,C,77.5,-0.6200214070519964,74.6,77.95,69.6,0.7396266271972656,1.0,192.0,144.07000732421875
PLTR,PLTR,2027-06-17,1.1205479452054794,C,80.0,-0.5882727087374161,73.05,75.5,74.13,0.727541787109375,2.0,724.0,144.07000732421875
PLTR,PLTR,2027-06-17,1.1205479452054794,C,82.5,-0.5575010500706623,70.5,74.05,72.05,0.7153348779296875,11.0,893.0,144.07000732421875
PLTR,PLTR,2027-06-17,1.1205479452054794,C,85.0,-0.5276480869209812,69.8,71.4,70.45,0.7124662542724609,9.0,458.0,144.07000732421875
PLTR,PLTR,2027-06-17,1.1205479452054794,C,87.5,-0.4986605500477289,67.1,70.5,67.25,0.7053252124023439,1.0,171.0,144.07000732421875
PLTR,PLTR,2027-06-17,1.1205479452054794,C,90.0,-0.4704896730810326,65.65,68.3,66.95,0.6970245141601563,8.0,985.0,144.07000732421875
PLTR,PLTR,2027-06-17,1.1205479452054794,C,92.5,-0.4430906988929181,64.0,67.0,68.27,0.6975127905273439,1.0,70.0,144.07000732421875
PLTR,PLTR,2027-06-17,1.1205479452054794,C,95.0,-0.41642245181075677,62.5,64.75,63.75,0.6869538140869142,1.0,431.0,144.07000732421875
PLTR,PLTR,2027-06-17,1.1205479452054794,C,97.5,-0.3904469654074962,60.5,62.95,60.0,0.6755403540039064,2.0,400.0,144.07000732421875
PLTR,PLTR,2027-06-17,1.1205479452054794,C,100.0,-0.36512915742320634,59.3,61.25,60.6,0.674777422180176,18.0,3468.0,144.07000732421875
PLTR,PLTR,2027-06-17,1.1205479452054794,C,105.0,-0.31633899325377424,56.0,57.85,57.0,0.6608310284423828,26.0,7959.0,144.07000732421875
PLTR,PLTR,2027-06-17,1.1205479452054794,C,110.0,-0.26981897761888146,53.2,54.6,54.17,0.6524387783813478,7.0,2613.0,144.07000732421875
PLTR,PLTR,2027-06-17,1.1205479452054794,C,115.0,-0.22536721504804758,50.6,51.5,51.36,0.6456944610595703,17.0,7744.0,144.07000732421875
PLTR,PLTR,2027-06-17,1.1205479452054794,C,120.0,-0.1828076006292517,47.8,48.7,48.5,0.6380041082763672,54.0,1765.0,144.07000732421875
PLTR,PLTR,2027-06-17,1.1205479452054794,C,125.0,-0.14198560610899652,45.15,46.1,45.62,0.6319006536865235,18.0,1299.0,144.07000732421875
PLTR,PLTR,2027-06-17,1.1205479452054794,C,130.0,-0.10276489295571528,42.7,43.55,43.05,0.6262854754638674,60.0,1981.0,144.07000732421875
PLTR,PLTR,2027-06-17,1.1205479452054794,C,135.0,-0.0650245649728682,40.3,41.2,40.9,0.6211890908813477,68.0,2754.0,144.07000732421875
PLTR,PLTR,2027-06-17,1.1205479452054794,C,140.0,-0.0286569208019934,38.15,38.9,38.65,0.6170692590332032,145.0,4397.0,144.07000732421875
PLTR,PLTR,2027-06-17,1.1205479452054794,C,145.0,0.006434399009276648,35.95,36.85,36.28,0.6130104617309572,51.0,983.0,144.07000732421875
PLTR,PLTR,2027-06-17,1.1205479452054794,C,150.0,0.040335950684958155,34.0,34.8,34.7,0.6095314926147463,31.0,4421.0,144.07000732421875
PLTR,PLTR,2027-06-17,1.1205479452054794,C,155.0,0.07312577350794898,32.1,32.95,32.75,0.6066323516845704,31.0,1189.0,144.07000732421875
PLTR,PLTR,2027-06-17,1.1205479452054794,C,160.0,0.10487447182252922,30.35,31.1,31.19,0.6035501071166994,8.0,2410.0,144.07000732421875
PLTR,PLTR,2027-06-17,1.1205479452054794,C,165.0,0.13564613048928306,28.7,29.45,28.99,0.6015359671020509,67.0,867.0,144.07000732421875
PLTR,PLTR,2027-06-17,1.1205479452054794,C,170.0,0.16549909363896417,27.2,27.8,27.7,0.5994302752685547,49.0,2485.0,144.07000732421875
PLTR,PLTR,2027-06-17,1.1205479452054794,C,175.0,0.1944866305122164,25.55,26.35,26.5,0.5964700997924804,7.0,1326.0,144.07000732421875
PLTR,PLTR,2027-06-17,1.1205479452054794,C,180.0,0.22265750747891266,24.2,24.8,24.6,0.5939371661376953,19.0,5977.0,144.07000732421875
PLTR,PLTR,2027-06-17,1.1205479452054794,C,185.0,0.25005648166702726,22.85,23.6,23.06,0.5931437170410157,11.0,3330.0,144.07000732421875
PLTR,PLTR,2027-06-17,1.1205479452054794,C,190.0,0.2767247287491885,21.75,22.25,22.0,0.5920450952148439,30.0,3902.0,144.07000732421875
PLTR,PLTR,2027-06-17,1.1205479452054794,C,195.0,0.30270021515244916,20.45,21.1,20.8,0.5898783688354493,25.0,2589.0,144.07000732421875
PLTR,PLTR,2027-06-17,1.1205479452054794,C,200.0,0.328018023136739,19.45,19.95,19.95,0.5892069888305665,44.0,5500.0,144.07000732421875
PLTR,PLTR,2027-06-17,1.1205479452054794,C,210.0,0.37680818730617105,17.45,17.95,17.66,0.5875895733642578,2.0,2261.0,144.07000732421875
PLTR,PLTR,2027-06-17,1.1205479452054794,C,220.0,0.4233282029410638,15.7,16.05,16.0,0.5854228469848632,25.0,3987.0,144.07000732421875
PLTR,PLTR,2027-06-17,1.1205479452054794,C,230.0,0.46777996551189777,14.05,14.55,14.5,0.5844462942504882,1.0,1220.0,144.07000732421875
PLTR,PLTR,2027-06-17,1.1205479452054794,C,240.0,0.5103395799306936,12.65,13.15,11.45,0.5836833624267577,55.0,4843.0,144.07000732421875
PLTR,PLTR,2027-06-17,1.1205479452054794,C,250.0,0.5511615744509488,11.45,11.9,11.5,0.5835307760620116,25.0,5510.0,144.07000732421875
PLTR,PLTR,2027-06-17,1.1205479452054794,C,260.0,0.5903822876042301,10.3,10.8,10.71,0.5828288787841795,8.0,1683.0,144.07000732421875
PLTR,PLTR,2027-06-17,1.1205479452054794,C,270.0,0.6281226155870772,9.35,9.85,9.5,0.5834392242431641,4.0,634.0,144.07000732421875
PLTR,PLTR,2027-06-17,1.1205479452054794,C,280.0,0.664490259757952,8.45,8.95,8.94,0.5830119824218749,1.0,898.0,144.07000732421875
PLTR,PLTR,2027-06-17,1.1205479452054794,C,290.0,0.699581579569222,7.7,8.2,7.9,0.5839275006103515,5.0,251.0,144.07000732421875
PLTR,PLTR,2027-06-17,1.1205479452054794,C,300.0,0.7334831312449035,7.0,7.5,5.8,0.5842326733398437,3.0,1177.0,144.07000732421875
PLTR,PLTR,2027-06-17,1.1205479452054794,C,310.0,0.7662729540678943,6.4,6.85,6.15,0.5846904324340819,1.0,458.0,144.07000732421875
PLTR,PLTR,2027-06-17,1.1205479452054794,C,320.0,0.7980216523824746,5.85,6.2,5.05,0.5841716387939453,2.0,385.0,144.07000732421875
PLTR,PLTR,2027-06-17,1.1205479452054794,C,330.0,0.8287933110492284,5.35,5.8,4.5,0.5862468133544922,1.0,443.0,144.07000732421875
PLTR,PLTR,2027-06-17,1.1205479452054794,C,340.0,0.8586462741989095,4.9,5.35,5.11,0.5870402624511719,1.0,283.0,144.07000732421875
PLTR,PLTR,2027-06-17,1.1205479452054794,C,350.0,0.8876338110721617,4.55,4.95,4.65,0.5888102642822266,1.0,530.0,144.07000732421875
PLTR,PLTR,2027-06-17,1.1205479452054794,C,360.0,0.915804688038858,4.2,4.6,4.32,0.5902750933837893,1.0,313.0,144.07000732421875
PLTR,PLTR,2027-06-17,1.1205479452054794,C,370.0,0.9432036622269726,3.65,4.5,3.88,0.5914957843017579,1.0,132.0,144.07000732421875
PLTR,PLTR,2027-06-17,1.1205479452054794,C,380.0,0.9698719093091338,3.6,4.0,3.51,0.5934488897705079,1.0,3288.0,144.07000732421875
PLTR,PLTR,2027-06-17,1.1205479452054794,C,390.0,0.9958473957123944,3.4,3.7,3.35,0.5954019952392577,11.0,280.0,144.07000732421875
PLTR,PLTR,2027-06-17,1.1205479452054794,C,400.0,1.0211652036966843,3.1,3.45,3.24,0.5955850988769531,38.0,384.0,144.07000732421875
PLTR,PLTR,2027-06-17,1.1205479452054794,C,410.0,1.045857816287056,2.97,3.2,3.05,0.5981485498046876,400.0,5044.0,144.07000732421875
PLTR,PLTR,2027-06-17,1.1205479452054794,P,25.0,-1.7514235185430969,0.29,0.5,0.48,0.8193377441406249,1.0,257.0,144.07000732421875
PLTR,PLTR,2027-06-17,1.1205479452054794,P,30.0,-1.5691019617491424,0.49,0.9,0.7,0.8081073876953124,20.0,60.0,144.07000732421875
PLTR,PLTR,2027-06-17,1.1205479452054794,P,35.0,-1.414951281921884,0.85,1.01,0.82,0.77148666015625,44.0,8976.0,144.07000732421875
PLTR,PLTR,2027-06-17,1.1205479452054794,P,37.5,-1.3459584104349325,1.0,1.11,1.02,0.7536645727539062,1.0,291.0,144.07000732421875
PLTR,PLTR,2027-06-17,1.1205479452054794,P,40.0,-1.2814198892973614,1.19,1.25,1.18,0.7409693872070311,5.0,1653.0,144.07000732421875
PLTR,PLTR,2027-06-17,1.1205479452054794,P,42.5,-1.2207952674809264,1.29,1.46,1.4,0.7260769580078125,8.0,355.0,144.07000732421875
PLTR,PLTR,2027-06-17,1.1205479452054794,P,45.0,-1.163636853640978,1.5,1.68,1.5,0.71679970703125,12.0,2334.0,144.07000732421875
PLTR,PLTR,2027-06-17,1.1205479452054794,P,47.5,-1.109569632370702,1.63,1.85,1.78,0.700198310546875,2.0,926.0,144.07000732421875
PLTR,PLTR,2027-06-17,1.1205479452054794,P,50.0,-1.0582763379831517,1.9,2.0,1.95,0.6888458850097658,109.0,9349.0,144.07000732421875
PLTR,PLTR,2027-06-17,1.1205479452054794,P,55.0,-0.9629661581788268,2.34,2.51,2.51,0.668094139404297,11.0,559.0,144.07000732421875
PLTR,PLTR,2027-06-17,1.1205479452054794,P,60.0,-0.875954781189197,2.9,3.1,2.92,0.6508823974609376,23.0,2326.0,144.07000732421875
PLTR,PLTR,2027-06-17,1.1205479452054794,P,65.0,-0.7959120735156606,3.45,3.75,3.7,0.6319616882324219,17.0,394.0,144.07000732421875
PLTR,PLTR,2027-06-17,1.1205479452054794,P,70.0,-0.7218041013619387,4.2,4.4,4.4,0.6154823608398439,25.0,2002.0,144.07000732421875
PLTR,PLTR,2027-06-17,1.1205479452054794,P,72.5,-0.6867127815506686,4.55,4.9,5.4,0.609500975341797,1.0,335.0,144.07000732421875
PLTR,PLTR,2027-06-17,1.1205479452054794,P,75.0,-0.6528112298749872,5.0,5.3,5.13,0.6026651062011721,3.0,4742.0,144.07000732421875
PLTR,PLTR,2027-06-17,1.1205479452054794,P,77.5,-0.6200214070519964,5.45,5.8,5.65,0.5970499279785157,1.0,216.0,144.07000732421875
PLTR,PLTR,2027-06-17,1.1205479452054794,P,80.0,-0.5882727087374161,5.95,6.25,6.03,0.5905802661132813,522.0,6774.0,144.07000732421875
PLTR,PLTR,2027-06-17,1.1205479452054794,P,82.5,-0.5575010500706623,6.55,6.8,6.65,0.5868571588134766,12.0,378.0,144.07000732421875
PLTR,PLTR,2027-06-17,1.1205479452054794,P,85.0,-0.5276480869209812,7.0,7.35,7.2,0.5797771514892578,5.0,910.0,144.07000732421875
PLTR,PLTR,2027-06-17,1.1205479452054794,P,87.5,-0.4986605500477289,7.6,7.95,7.8,0.5752605950927734,6.0,802.0,144.07000732421875
PLTR,PLTR,2027-06-17,1.1205479452054794,P,90.0,-0.4704896730810326,8.2,8.6,8.3,0.5706830041503907,45.0,1704.0,144.07000732421875
PLTR,PLTR,2027-06-17,1.1205479452054794,P,92.5,-0.4430906988929181,8.85,9.3,9.8,0.5667767932128907,3.0,549.0,144.07000732421875
PLTR,PLTR,2027-06-17,1.1205479452054794,P,95.0,-0.41642245181075677,9.55,9.8,9.8,0.5600629931640625,5.0,1536.0,144.07000732421875
PLTR,PLTR,2027-06-17,1.1205479452054794,P,97.5,-0.3904469654074962,10.25,10.7,10.43,0.5580488531494141,5.0,1107.0,144.07000732421875
PLTR,PLTR,2027-06-17,1.1205479452054794,P,100.0,-0.36512915742320634,11.1,11.3,11.25,0.5532881585693359,66.0,9428.0,144.07000732421875
PLTR,PLTR,2027-06-17,1.1205479452054794,P,105.0,-0.31633899325377424,12.65,13.15,12.45,0.5478255667114259,78.0,5772.0,144.07000732421875
PLTR,PLTR,2027-06-17,1.1205479452054794,P,110.0,-0.26981897761888146,14.5,14.95,14.71,0.5423019403076172,25.0,3646.0,144.07000732421875
PLTR,PLTR,2027-06-17,1.1205479452054794,P,115.0,-0.22536721504804758,16.35,16.9,18.52,0.5357712438964843,1.0,2028.0,144.07000732421875
PLTR,PLTR,2027-06-17,1.1205479452054794,P,120.0,-0.1828076006292517,18.45,18.95,18.45,0.5303391693115236,4.0,2584.0,144.07000732421875
PLTR,PLTR,2027-06-17,1.1205479452054794,P,125.0,-0.14198560610899652,20.6,21.05,20.8,0.5235033001708984,29.0,2343.0,144.07000732421875
PLTR,PLTR,2027-06-17,1.1205479452054794,P,130.0,-0.10276489295571528,22.95,23.45,23.26,0.5191393301391601,18.0,7409.0,144.07000732421875
PLTR,PLTR,2027-06-17,1.1205479452054794,P,135.0,-0.0650245649728682,25.4,26.0,25.6,0.5148058773803711,13.0,2056.0,144.07000732421875
PLTR,PLTR,2027-06-17,1.1205479452054794,P,140.0,-0.0286569208019934,28.05,28.55,28.33,0.5101367346191408,910.0,3199.0,144.07000732421875
PLTR,PLTR,2027-06-17,1.1205479452054794,P,145.0,0.006434399009276648,30.75,31.4,31.0,0.5064136273193358,138.0,1236.0,144.07000732421875
PLTR,PLTR,2027-06-17,1.1205479452054794,P,150.0,0.040335950684958155,33.6,34.25,33.9,0.5020496572875978,17.0,1548.0,144.07000732421875
PLTR,PLTR,2027-06-17,1.1205479452054794,P,155.0,0.07312577350794898,36.55,37.2,36.95,0.5028431063842774,7.0,539.0,144.07000732421875
PLTR,PLTR,2027-06-17,1.1205479452054794,P,160.0,0.10487447182252922,39.7,40.35,40.1,0.4997608618164063,42.0,2358.0,144.07000732421875
PLTR,PLTR,2027-06-17,1.1205479452054794,P,165.0,0.13564613048928306,42.85,43.6,43.25,0.4966175827026368,8.0,444.0,144.07000732421875
PLTR,PLTR,2027-06-17,1.1205479452054794,P,170.0,0.16549909363896417,46.2,46.9,50.22,0.4926198199462891,1.0,367.0,144.07000732421875
PLTR,PLTR,2027-06-17,1.1205479452054794,P,175.0,0.1944866305122164,49.05,50.9,51.06,0.49860120544433595,2.0,196.0,144.07000732421875
PLTR,PLTR,2027-06-17,1.1205479452054794,P,180.0,0.22265750747891266,53.1,53.85,54.25,0.4857229162597656,6.0,482.0,144.07000732421875
PLTR,PLTR,2027-06-17,1.1205479452054794,P,185.0,0.25005648166702726,56.7,57.5,60.0,0.482976361694336,10.0,575.0,144.07000732421875
PLTR,PLTR,2027-06-17,1.1205479452054794,P,190.0,0.2767247287491885,60.35,61.15,60.3,0.47876497802734375,10.0,371.0,144.07000732421875
PLTR,PLTR,2027-06-17,1.1205479452054794,P,195.0,0.30270021515244916,63.55,65.6,67.05,0.4870046417236329,10.0,36.0,144.07000732421875
PLTR,PLTR,2027-06-17,1.1205479452054794,P,200.0,0.328018023136739,67.9,68.9,68.04,0.4739737661743164,3.0,436.0,144.07000732421875
PLTR,PLTR,2027-06-17,1.1205479452054794,P,210.0,0.37680818730617105,75.75,76.85,79.9,0.46759565612792964,12.0,335.0,144.07000732421875
PLTR,PLTR,2027-06-17,1.1205479452054794,P,220.0,0.4233282029410638,83.15,85.9,88.22,0.477544287109375,12.0,104.0,144.07000732421875
PLTR,PLTR,2027-06-17,1.1205479452054794,P,230.0,0.46777996551189777,91.55,94.35,101.87,0.4721732470703125,1.0,47.0,144.07000732421875
PLTR,PLTR,2027-06-17,1.1205479452054794,P,240.0,0.5103395799306936,100.15,102.9,99.01,0.464421859741211,30.0,44.0,144.07000732421875
PLTR,PLTR,2027-06-17,1.1205479452054794,P,250.0,0.5511615744509488,109.0,111.9,113.58,0.46274340972900396,1.0,40.0,144.07000732421875
PLTR,PLTR,2027-06-17,1.1205479452054794,P,260.0,0.5903822876042301,117.55,121.35,133.41,0.4690910025024414,1.0,97.0,144.07000732421875
PLTR,PLTR,2027-06-17,1.1205479452054794,P,270.0,0.6281226155870772,126.7,130.5,123.05,0.4650932397460938,3.0,20.0,144.07000732421875
PLTR,PLTR,2027-06-17,1.1205479452054794,P,290.0,0.699581579569222,145.55,149.25,162.28,0.4607597869873047,35.0,83.0,144.07000732421875
PLTR,PLTR,2027-06-17,1.1205479452054794,P,300.0,0.7334831312449035,155.1,158.85,160.78,0.4621635815429688,1.0,44.0,144.07000732421875
PLTR,PLTR,2027-06-17,1.1205479452054794,P,310.0,0.7662729540678943,164.75,168.5,168.0,0.4633842724609375,1.0,2.0,144.07000732421875
PLTR,PLTR,2027-06-17,1.1205479452054794,P,330.0,0.8287933110492284,184.25,188.05,189.15,0.4710746252441406,3.0,2.0,144.07000732421875
PLTR,PLTR,2027-06-17,1.1205479452054794,P,350.0,0.8876338110721617,204.05,207.8,207.93,0.4834646380615235,71.0,78.0,144.07000732421875
PLTR,PLTR,2027-06-17,1.1205479452054794,P,360.0,0.915804688038858,214.05,217.95,209.4,0.5019581054687501,100.0,7.0,144.07000732421875
PLTR,PLTR,2027-06-17,1.1205479452054794,P,370.0,0.9432036622269726,223.95,227.95,223.5,0.5128832891845703,1.0,0.0,144.07000732421875
PLTR,PLTR,2027-06-17,1.1205479452054794,P,410.0,1.045857816287056,262.35,266.3,245.4,0.43115803222656257,3.0,0.0,144.07000732421875
PLTR,PLTR,2028-12-15,2.6191780821917807,C,5.0,-3.3608614309771974,138.45,142.4,140.74,1.456545686035156,10.0,74.0,144.07000732421875
PLTR,PLTR,2028-12-15,2.6191780821917807,C,15.0,-2.262249142309088,130.0,133.95,134.53,1.0808151428222659,3.0,10.0,144.07000732421875
PLTR,PLTR,2028-12-15,2.6191780821917807,C,20.0,-1.9745670698573068,125.9,129.8,125.95,1.0007374182128905,43.0,334.0,144.07000732421875
PLTR,PLTR,2028-12-15,2.6191780821917807,C,25.0,-1.7514235185430969,122.0,125.75,121.95,0.9473882214355469,23.0,496.0,144.07000732421875
PLTR,PLTR,2028-12-15,2.6191780821917807,C,30.0,-1.5691019617491424,117.5,121.95,119.83,0.8912364392089842,2.0,33.0,144.07000732421875
PLTR,PLTR,2028-12-15,2.6191780821917807,C,35.0,-1.414951281921884,114.55,117.9,116.0,0.8731702136230468,1.0,173.0,144.07000732421875
PLTR,PLTR,2028-12-15,2.6191780821917807,C,40.0,-1.2814198892973614,110.8,113.95,114.3,0.838746729736328,2.0,505.0,144.07000732421875
PLTR,PLTR,2028-12-15,2.6191780821917807,C,45.0,-1.163636853640978,107.1,110.5,108.53,0.8162249822998047,27.0,346.0,144.07000732421875
PLTR,PLTR,2028-12-15,2.6191780821917807,C,50.0,-1.0582763379831517,103.6,106.9,106.25,0.7943746148681641,209.0,206.0,144.07000732421875
PLTR,PLTR,2028-12-15,2.6191780821917807,C,55.0,-0.9629661581788268,100.1,103.45,99.35,0.7747214910888673,4.0,207.0,144.07000732421875
PLTR,PLTR,2028-12-15,2.6191780821917807,C,60.0,-0.875954781189197,96.75,99.65,93.99,0.7522607781982422,6.0,168.0,144.07000732421875
PLTR,PLTR,2028-12-15,2.6191780821917807,C,65.0,-0.7959120735156606,93.4,97.05,94.0,0.7445093908691407,4.0,999.0,144.07000732421875
PLTR,PLTR,2028-12-15,2.6191780821917807,C,70.0,-0.7218041013619387,90.0,93.65,87.6,0.7257717852783203,1.0,1247.0,144.07000732421875
PLTR,PLTR,2028-12-15,2.6191780821917807,C,75.0,-0.6528112298749872,87.35,90.75,88.58,0.7199124688720704,7.0,565.0,144.07000732421875
PLTR,PLTR,2028-12-15,2.6191780821917807,C,80.0,-0.5882727087374161,84.0,87.95,87.0,0.7067900415039063,5.0,1752.0,144.07000732421875
PLTR,PLTR,2028-12-15,2.6191780821917807,C,85.0,-0.5276480869209812,81.6,85.0,83.05,0.7004424487304688,3.0,312.0,144.07000732421875
PLTR,PLTR,2028-12-15,2.6191780821917807,C,90.0,-0.4704896730810326,79.0,81.65,74.1,0.6877777804565431,5.0,1701.0,144.07000732421875
PLTR,PLTR,2028-12-15,2.6191780821917807,C,95.0,-0.41642245181075677,76.2,79.65,72.0,0.6842072595214845,1.0,253.0,144.07000732421875
PLTR,PLTR,2028-12-15,2.6191780821917807,C,100.0,-0.36512915742320634,74.7,76.6,75.0,0.6814301876831056,6.0,1527.0,144.07000732421875
PLTR,PLTR,2028-12-15,2.6191780821917807,C,105.0,-0.31633899325377424,71.65,74.05,72.4,0.6695284512329102,2.0,607.0,144.07000732421875
PLTR,PLTR,2028-12-15,2.6191780821917807,C,110.0,-0.26981897761888146,69.55,71.5,70.59,0.6642184457397463,25.0,802.0,144.07000732421875
PLTR,PLTR,2028-12-15,2.6191780821917807,C,115.0,-0.22536721504804758,67.4,69.05,70.0,0.6584506811523438,1.0,290.0,144.07000732421875
PLTR,PLTR,2028-12-15,2.6191780821917807,C,120.0,-0.1828076006292517,65.4,66.7,66.25,0.6537205038452151,3.0,660.0,144.07000732421875
PLTR,PLTR,2028-12-15,2.6191780821917807,C,125.0,-0.14198560610899652,63.4,64.55,60.0,0.6496006719970704,2.0,816.0,144.07000732421875
PLTR,PLTR,2028-12-15,2.6191780821917807,C,130.0,-0.10276489295571528,61.4,62.55,62.0,0.6457554956054687,5.0,1420.0,144.07000732421875
PLTR,PLTR,2028-12-15,2.6191780821917807,C,135.0,-0.0650245649728682,59.3,60.65,60.68,0.6412236805725098,10.0,1116.0,144.07000732421875
PLTR,PLTR,2028-12-15,2.6191780821917807,C,140.0,-0.0286569208019934,57.65,58.9,58.25,0.6398351446533204,83.0,2153.0,144.07000732421875
PLTR,PLTR,2028-12-15,2.6191780821917807,C,145.0,0.006434399009276648,55.8,56.95,56.45,0.6352880709838868,76.0,776.0,144.07000732421875
PLTR,PLTR,2028-12-15,2.6191780821917807,C,150.0,0.040335950684958155,54.15,55.25,54.8,0.6329077236938477,118.0,1536.0,144.07000732421875
PLTR,PLTR,2028-12-15,2.6191780821917807,C,155.0,0.07312577350794898,52.45,53.6,53.35,0.6299475482177734,3.0,343.0,144.07000732421875
PLTR,PLTR,2028-12-15,2.6191780821917807,C,160.0,0.10487447182252922,50.9,51.95,51.55,0.6273383213806154,77.0,1371.0,144.07000732421875
PLTR,PLTR,2028-12-15,2.6191780821917807,C,165.0,0.13564613048928306,48.7,51.2,46.05,0.6256446127319336,6.0,572.0,144.07000732421875
PLTR,PLTR,2028-12-15,2.6191780821917807,C,170.0,0.16549909363896417,47.9,48.95,48.03,0.6228675408935547,6.0,693.0,144.07000732421875
PLTR,PLTR,2028-12-15,2.6191780821917807,C,175.0,0.1944866305122164,46.5,47.55,46.85,0.6210059872436525,13.0,715.0,144.07000732421875
PLTR,PLTR,2028-12-15,2.6191780821917807,C,180.0,0.22265750747891266,45.15,46.15,45.85,0.618991847229004,30.0,2548.0,144.07000732421875
PLTR,PLTR,2028-12-15,2.6191780821917807,C,185.0,0.25005648166702726,43.75,44.85,43.7,0.6167946035766602,1.0,1051.0,144.07000732421875
PLTR,PLTR,2028-12-15,2.6191780821917807,C,190.0,0.2767247287491885,42.55,43.6,42.06,0.6155739126586915,1.0,661.0,144.07000732421875
PLTR,PLTR,2028-12-15,2.6191780821917807,C,195.0,0.30270021515244916,41.05,43.1,37.25,0.6163978790283204,4.0,462.0,144.07000732421875
PLTR,PLTR,2028-12-15,2.6191780821917807,C,200.0,0.328018023136739,40.3,41.45,40.86,0.6146278771972657,150.0,2793.0,144.07000732421875
PLTR,PLTR,2028-12-15,2.6191780821917807,C,210.0,0.37680818730617105,38.15,39.0,38.9,0.6110726148986818,175.0,1586.0,144.07000732421875
PLTR,PLTR,2028-12-15,2.6191780821917807,C,220.0,0.4233282029410638,35.95,36.95,36.65,0.6080361462402344,2.0,891.0,144.07000732421875
PLTR,PLTR,2028-12-15,2.6191780821917807,C,230.0,0.46777996551189777,34.1,35.05,34.82,0.6064187307739258,19.0,396.0,144.07000732421875
PLTR,PLTR,2028-12-15,2.6191780821917807,C,240.0,0.5103395799306936,32.3,33.3,33.25,0.6046792462158206,21.0,618.0,144.07000732421875
PLTR,PLTR,2028-12-15,2.6191780821917807,C,250.0,0.5511615744509488,30.85,31.65,31.47,0.6042520043945314,69.0,1252.0,144.07000732421875
PLTR,PLTR,2028-12-15,2.6191780821917807,C,260.0,0.5903822876042301,29.2,30.15,29.45,0.6025582957458497,2.0,258.0,144.07000732421875
PLTR,PLTR,2028-12-15,2.6191780821917807,C,270.0,0.6281226155870772,27.75,28.7,27.56,0.6012613116455079,5.0,294.0,144.07000732421875
PLTR,PLTR,2028-12-15,2.6191780821917807,C,280.0,0.664490259757952,26.45,27.35,26.5,0.600437345275879,5.0,279.0,144.07000732421875
PLTR,PLTR,2028-12-15,2.6191780821917807,C,290.0,0.699581579569222,25.0,26.7,23.46,0.601810622558594,14.0,438.0,144.07000732421875
PLTR,PLTR,2028-12-15,2.6191780821917807,C,300.0,0.7334831312449035,24.1,24.8,24.66,0.5985757916259766,104.0,2644.0,144.07000732421875
PLTR,PLTR,2028-12-15,2.6191780821917807,C,310.0,0.7662729540678943,23.0,23.85,22.84,0.598758895263672,1.0,141.0,144.07000732421875
PLTR,PLTR,2028-12-15,2.6191780821917807,C,320.0,0.7980216523824746,22.0,22.8,22.55,0.5982706188964844,2.0,648.0,144.07000732421875
PLTR,PLTR,2028-12-15,2.6191780821917807,C,330.0,0.8287933110492284,20.95,21.8,20.92,0.5971719970703125,15.0,280.0,144.07000732421875
PLTR,PLTR,2028-12-15,2.6191780821917807,C,340.0,0.8586462741989095,20.05,20.9,20.53,0.596882082977295,3.0,424.0,144.07000732421875
PLTR,PLTR,2028-12-15,2.6191780821917807,C,350.0,0.8876338110721617,19.2,20.05,18.95,0.5966226861572266,3.0,508.0,144.07000732421875
PLTR,PLTR,2028-12-15,2.6191780821917807,C,360.0,0.915804688038858,18.4,19.25,19.19,0.5964395825195312,1.0,509.0,144.07000732421875
PLTR,PLTR,2028-12-15,2.6191780821917807,C,370.0,0.9432036622269726,17.75,18.4,17.55,0.5963480307006835,3.0,167.0,144.07000732421875
PLTR,PLTR,2028-12-15,2.6191780821917807,C,380.0,0.9698719093091338,17.05,17.75,17.47,0.596683720703125,3.0,2249.0,144.07000732421875
PLTR,PLTR,2028-12-15,2.6191780821917807,C,390.0,0.9958473957123944,16.3,17.1,16.71,0.5962869961547851,19.0,4946.0,144.07000732421875
PLTR,PLTR,2028-12-15,2.6191780821917807,P,5.0,-3.3608614309771974,0.0,0.41,0.19,0.9804689453125001,9.0,226.0,144.07000732421875
PLTR,PLTR,2028-12-15,2.6191780821917807,P,10.0,-2.667714250417252,0.18,0.71,0.42,0.8530288134765626,2.0,316.0,144.07000732421875
PLTR,PLTR,2028-12-15,2.6191780821917807,P,15.0,-2.262249142309088,0.6,0.86,0.72,0.778322529296875,8.0,8.0,144.07000732421875
PLTR,PLTR,2028-12-15,2.6191780821917807,P,20.0,-1.9745670698573068,0.79,1.35,1.08,0.7263210961914062,5.0,17.0,144.07000732421875
PLTR,PLTR,2028-12-15,2.6191780821917807,P,25.0,-1.7514235185430969,1.39,1.73,1.52,0.6958038232421876,28.0,801.0,144.07000732421875
PLTR,PLTR,2028-12-15,2.6191780821917807,P,30.0,-1.5691019617491424,1.95,2.27,2.11,0.6685824157714846,5.0,150.0,144.07000732421875
PLTR,PLTR,2028-12-15,2.6191780821917807,P,35.0,-1.414951281921884,2.55,2.89,2.75,0.6441685974121094,1.0,725.0,144.07000732421875
PLTR,PLTR,2028-12-15,2.6191780821917807,P,40.0,-1.2814198892973614,3.3,3.65,3.39,0.6264685791015626,36.0,97.0,144.07000732421875
PLTR,PLTR,2028-12-15,2.6191780821917807,P,45.0,-1.163636853640978,4.1,4.5,4.32,0.6097451135253908,2.0,89.0,144.07000732421875
PLTR,PLTR,2028-12-15,2.6191780821917807,P,50.0,-1.0582763379831517,5.15,5.45,5.2,0.5978433770751954,43.0,652.0,144.07000732421875
PLTR,PLTR,2028-12-15,2.6191780821917807,P,55.0,-0.9629661581788268,6.1,6.7,6.54,0.5868571588134766,1.0,40.0,144.07000732421875
PLTR,PLTR,2028-12-15,2.6191780821917807,P,60.0,-0.875954781189197,7.3,7.65,7.53,0.5730023168945313,40.0,597.0,144.07000732421875
PLTR,PLTR,2028-12-15,2.6191780821917807,P,65.0,-0.7959120735156606,8.65,9.1,8.79,0.5663495513916017,2.0,2039.0,144.07000732421875
PLTR,PLTR,2028-12-15,2.6191780821917807,P,70.0,-0.7218041013619387,10.0,10.6,10.75,0.5580183358764649,25.0,468.0,144.07000732421875
PLTR,PLTR,2028-12-15,2.6191780821917807,P,75.0,-0.6528112298749872,11.55,12.05,12.1,0.5495650512695314,10.0,2807.0,144.07000732421875
PLTR,PLTR,2028-12-15,2.6191780821917807,P,80.0,-0.5882727087374161,13.2,13.6,13.34,0.541569525756836,1.0,3275.0,144.07000732421875
PLTR,PLTR,2028-12-15,2.6191780821917807,P,85.0,-0.5276480869209812,14.8,15.4,15.14,0.5340012420654296,1.0,1356.0,144.07000732421875
PLTR,PLTR,2028-12-15,2.6191780821917807,P,90.0,-0.4704896730810326,16.75,17.25,16.9,0.5285996847534181,2.0,9834.0,144.07000732421875
PLTR,PLTR,2028-12-15,2.6191780821917807,P,95.0,-0.41642245181075677,18.6,19.3,18.9,0.5225267474365234,3.0,1235.0,144.07000732421875
PLTR,PLTR,2028-12-15,2.6191780821917807,P,100.0,-0.36512915742320634,20.95,21.25,21.3,0.5183153637695312,4.0,8707.0,144.07000732421875
PLTR,PLTR,2028-12-15,2.6191780821917807,P,105.0,-0.31633899325377424,22.8,23.6,23.18,0.5120288055419921,1.0,3343.0,144.07000732421875
PLTR,PLTR,2028-12-15,2.6191780821917807,P,110.0,-0.26981897761888146,25.05,25.8,25.3,0.5064136273193358,2.0,1178.0,144.07000732421875
PLTR,PLTR,2028-12-15,2.6191780821917807,P,115.0,-0.22536721504804758,27.4,28.25,27.85,0.5021412091064454,3.0,4024.0,144.07000732421875
PLTR,PLTR,2028-12-15,2.6191780821917807,P,120.0,-0.1828076006292517,29.8,30.7,30.22,0.5030109513854981,11.0,2859.0,144.07000732421875
PLTR,PLTR,2028-12-15,2.6191780821917807,P,125.0,-0.14198560610899652,32.35,33.25,32.99,0.49841810180664065,5.0,817.0,144.07000732421875
PLTR,PLTR,2028-12-15,2.6191780821917807,P,130.0,-0.10276489295571528,35.25,35.9,35.61,0.49414568359375005,5.0,1782.0,144.07000732421875
PLTR,PLTR,2028-12-15,2.6191780821917807,P,135.0,-0.0650245649728682,37.9,38.55,38.25,0.48895774719238294,2.0,2266.0,144.07000732421875
PLTR,PLTR,2028-12-15,2.6191780821917807,P,140.0,-0.0286569208019934,40.7,41.5,40.99,0.48650110671997077,2.0,2234.0,144.07000732421875
PLTR,PLTR,2028-12-15,2.6191780821917807,P,145.0,0.006434399009276648,43.35,44.5,44.0,0.48373929351806644,2.0,940.0,144.07000732421875
PLTR,PLTR,2028-12-15,2.6191780821917807,P,150.0,0.040335950684958155,46.5,47.4,46.35,0.47900911621093745,1.0,859.0,144.07000732421875
PLTR,PLTR,2028-12-15,2.6191780821917807,P,155.0,0.07312577350794898,49.3,50.55,51.65,0.4763541134643554,3.0,786.0,144.07000732421875
PLTR,PLTR,2028-12-15,2.6191780821917807,P,160.0,0.10487447182252922,51.6,54.4,54.19,0.4807028248596191,3.0,593.0,144.07000732421875
PLTR,PLTR,2028-12-15,2.6191780821917807,P,165.0,0.13564613048928306,54.65,57.8,57.9,0.4792532543945312,1.0,426.0,144.07000732421875
PLTR,PLTR,2028-12-15,2.6191780821917807,P,170.0,0.16549909363896417,58.95,60.2,59.57,0.4662071202087403,1.0,478.0,144.07000732421875
PLTR,PLTR,2028-12-15,2.6191780821917807,P,175.0,0.1944866305122164,62.6,63.45,62.88,0.461843150177002,1.0,732.0,144.07000732421875
PLTR,PLTR,2028-12-15,2.6191780821917807,P,180.0,0.22265750747891266,65.5,66.95,65.6,0.45953909606933596,10.0,202.0,144.07000732421875
PLTR,PLTR,2028-12-15,2.6191780821917807,P,185.0,0.25005648166702726,67.9,71.15,78.15,0.4641319456481934,70.0,313.0,144.07000732421875
PLTR,PLTR,2028-12-15,2.6191780821917807,P,190.0,0.2767247287491885,72.45,74.0,73.7,0.45361874511718747,4.0,167.0,144.07000732421875
PLTR,PLTR,2028-12-15,2.6191780821917807,P,195.0,0.30270021515244916,74.95,78.4,78.5,0.45917288879394536,113.0,84.0,144.07000732421875
PLTR,PLTR,2028-12-15,2.6191780821917807,P,200.0,0.328018023136739,79.65,81.25,83.95,0.44751529052734373,81.0,1104.0,144.07000732421875
PLTR,PLTR,2028-12-15,2.6191780821917807,P,210.0,0.37680818730617105,86.25,89.65,100.0,0.45166563964843753,1.0,89.0,144.07000732421875
PLTR,PLTR,2028-12-15,2.6191780821917807,P,220.0,0.4233282029410638,94.65,96.25,95.73,0.4341334663391114,1.0,179.0,144.07000732421875
PLTR,PLTR,2028-12-15,2.6191780821917807,P,230.0,0.46777996551189777,102.4,104.25,103.2,0.4299068240356446,216.0,56.0,144.07000732421875
PLTR,PLTR,2028-12-15,2.6191780821917807,P,240.0,0.5103395799306936,109.5,113.1,111.62,0.4335994140625,3.0,150.0,144.07000732421875
PLTR,PLTR,2028-12-15,2.6191780821917807,P,250.0,0.5511615744509488,117.75,121.3,119.5,0.4282283740234375,4.0,108.0,144.07000732421875
PLTR,PLTR,2028-12-15,2.6191780821917807,P,260.0,0.5903822876042301,126.05,129.8,136.1,0.42471888763427734,,10.0,144.07000732421875
PLTR,PLTR,2028-12-15,2.6191780821917807,P,270.0,0.6281226155870772,134.55,138.05,151.03,0.41641818939208974,6.0,121.0,144.07000732421875
PLTR,PLTR,2028-12-15,2.6191780821917807,P,290.0,0.699581579569222,161.25,162.4,136.67,0.4955494781494141,22.0,355.0,144.07000732421875
PLTR,PLTR,2028-12-15,2.6191780821917807,P,300.0,0.7334831312449035,160.75,164.2,165.15,0.39942006835937505,1.0,129.0,144.07000732421875
PLTR,PLTR,2028-12-15,2.6191780821917807,P,310.0,0.7662729540678943,169.65,173.15,174.7,0.39383540740966794,1.0,3.0,144.07000732421875
PLTR,PLTR,2028-12-15,2.6191780821917807,P,320.0,0.7980216523824746,178.75,182.25,181.82,0.38907471282958983,1.0,62.0,144.07000732421875
PLTR,PLTR,2028-12-15,2.6191780821917807,P,330.0,0.8287933110492284,187.9,191.4,186.42,0.3836121209716796,20.0,55.0,144.07000732421875
PLTR,PLTR,2028-12-15,2.6191780821917807,P,340.0,0.8586462741989095,197.2,200.65,196.04,0.37839366729736323,32.0,529.0,144.07000732421875
PLTR,PLTR,2028-12-15,2.6191780821917807,P,350.0,0.8876338110721617,206.55,210.05,209.89,0.3746400427246094,102.0,290.0,144.07000732421875
PLTR,PLTR,2028-12-15,2.6191780821917807,P,360.0,0.915804688038858,216.0,219.8,212.6,0.3773255627441406,63.0,48.0,144.07000732421875
PLTR,PLTR,2028-12-15,2.6191780821917807,P,370.0,0.9432036622269726,225.6,229.05,237.78,0.36762106994628907,1.0,258.0,144.07000732421875
PLTR,PLTR,2028-12-15,2.6191780821917807,P,380.0,0.9698719093091338,235.15,238.6,233.98,0.36331813446044925,1.0,361.0,144.07000732421875
PLTR,PLTR,2028-12-15,2.6191780821917807,P,390.0,0.9958473957123944,244.9,248.3,244.72,0.36188382263183594,1.0,134.0,144.07000732421875
