underlying,equity_ticker,expiration,T,side,strike,log_moneyness,bid,ask,last,iv,volume,open_interest,spot_at_fetch
QQQ,QQQ,2026-05-04,0.0027397260273972603,C,505.0,-0.2888942450193081,166.9,171.19,170.2,2.344242420654296,8.0,0.0,674.1500244140625
QQQ,QQQ,2026-05-04,0.0027397260273972603,C,525.0,-0.2500544117030442,146.9,151.35,147.62,2.1142625268554687,29.0,29.0,674.1500244140625
QQQ,QQQ,2026-05-04,0.0027397260273972603,C,540.0,-0.2218835347363479,131.91,136.22,134.9,1.8935552197265624,40.0,0.0,674.1500244140625
QQQ,QQQ,2026-05-04,0.0027397260273972603,C,550.0,-0.20353439606815132,121.98,126.23,124.11,1.767579287109375,1.0,1.0,674.1500244140625
QQQ,QQQ,2026-05-04,0.0027397260273972603,C,555.0,-0.19448456054823346,116.91,121.24,103.63,1.7060561572265625,,1.0,674.1500244140625
QQQ,QQQ,2026-05-04,0.0027397260273972603,C,560.0,-0.1855158905654731,111.98,116.2,116.36,1.6354998693847653,1.0,2.0,674.1500244140625
QQQ,QQQ,2026-05-04,0.0027397260273972603,C,565.0,-0.176626943148227,107.0,111.16,95.54,1.5656759997558591,,1.0,674.1500244140625
QQQ,QQQ,2026-05-04,0.0027397260273972603,C,570.0,-0.16781631346607215,101.91,105.87,100.67,1.4516628979492188,10.0,11.0,674.1500244140625
QQQ,QQQ,2026-05-04,0.0027397260273972603,C,575.0,-0.15908263349731747,96.91,101.18,99.96,1.4440945764160156,3.0,3.0,674.1500244140625
QQQ,QQQ,2026-05-04,0.0027397260273972603,C,580.0,-0.15042457075420293,91.91,96.24,84.26,1.3913604650878906,9.0,10.0,674.1500244140625
QQQ,QQQ,2026-05-04,0.0027397260273972603,C,585.0,-0.1418408270628115,86.91,91.21,89.53,1.32422212890625,1.0,68.0,674.1500244140625
QQQ,QQQ,2026-05-04,0.0027397260273972603,C,590.0,-0.13333013739490276,81.91,86.22,84.78,1.263431417236328,13.0,13.0,674.1500244140625
QQQ,QQQ,2026-05-04,0.0027397260273972603,C,595.0,-0.12489126874903819,76.93,81.22,78.94,1.201175869140625,332.0,21.0,674.1500244140625
QQQ,QQQ,2026-05-04,0.0027397260273972603,C,600.0,-0.11652301907852163,71.93,76.18,74.05,1.133060975341797,18.0,28.0,674.1500244140625
QQQ,QQQ,2026-05-04,0.0027397260273972603,C,601.0,-0.1148577397594604,70.92,75.18,57.03,1.1206098657226562,,18.0,674.1500244140625
QQQ,QQQ,2026-05-04,0.0027397260273972603,C,604.0,-0.10987847635985298,67.92,72.19,54.27,1.0847213732910155,4.0,24.0,674.1500244140625
QQQ,QQQ,2026-05-04,0.0027397260273972603,C,605.0,-0.10822421626382646,66.92,71.25,68.52,1.080326864013672,7.0,48.0,674.1500244140625
QQQ,QQQ,2026-05-04,0.0027397260273972603,C,606.0,-0.10657268822535346,65.99,70.23,69.5,1.0651902209472657,13.0,1.0,674.1500244140625
QQQ,QQQ,2026-05-04,0.0027397260273972603,C,607.0,-0.10492388323516975,64.92,69.32,54.93,1.0642136633300785,,1.0,674.1500244140625
QQQ,QQQ,2026-05-04,0.0027397260273972603,C,608.0,-0.10327779232850098,63.93,68.24,65.94,1.041264559326172,1.0,1.0,674.1500244140625
QQQ,QQQ,2026-05-04,0.0027397260273972603,C,609.0,-0.10163440658477095,62.93,67.32,51.93,1.0390673046875003,,1.0,674.1500244140625
QQQ,QQQ,2026-05-04,0.0027397260273972603,C,610.0,-0.09999371712731103,61.92,65.88,64.19,0.9682620361328125,98.0,34.0,674.1500244140625
QQQ,QQQ,2026-05-04,0.0027397260273972603,C,611.0,-0.09835571512307262,60.93,65.39,50.01,1.0224658251953125,2.0,3.0,674.1500244140625
QQQ,QQQ,2026-05-04,0.0027397260273972603,C,612.0,-0.09672039178234185,60.0,64.39,60.68,1.009770576171875,2.0,4.0,674.1500244140625
QQQ,QQQ,2026-05-04,0.0027397260273972603,C,613.0,-0.09508773835845652,59.02,63.24,42.81,0.9785158398437501,5.0,7.0,674.1500244140625
QQQ,QQQ,2026-05-04,0.0027397260273972603,C,614.0,-0.09345774614752556,58.0,62.2,41.12,0.9609378906249999,15.0,6.0,674.1500244140625
QQQ,QQQ,2026-05-04,0.0027397260273972603,C,615.0,-0.09183040648815013,56.92,61.23,58.58,0.9521489160156249,9.0,47.0,674.1500244140625
QQQ,QQQ,2026-05-04,0.0027397260273972603,C,616.0,-0.09020571076114821,56.0,60.22,57.76,0.9382330395507812,31.0,31.0,674.1500244140625
QQQ,QQQ,2026-05-04,0.0027397260273972603,C,617.0,-0.08858365038928016,54.93,58.89,57.8,0.8840343627929688,1.0,45.0,674.1500244140625
QQQ,QQQ,2026-05-04,0.0027397260273972603,C,618.0,-0.08696421683697719,53.93,58.22,57.66,0.913086806640625,12.0,35.0,674.1500244140625
QQQ,QQQ,2026-05-04,0.0027397260273972603,C,619.0,-0.08534740161007184,52.93,57.2,55.37,0.8980723083496092,3.0,27.0,674.1500244140625
QQQ,QQQ,2026-05-04,0.0027397260273972603,C,620.0,-0.08373319625553069,51.93,56.23,53.55,0.8889171264648437,27.0,126.0,674.1500244140625
QQQ,QQQ,2026-05-04,0.0027397260273972603,C,621.0,-0.08212159236118914,50.94,55.26,52.95,0.8798840136718749,10.0,47.0,674.1500244140625
QQQ,QQQ,2026-05-04,0.0027397260273972603,C,622.0,-0.08051258155548857,49.99,54.2,53.74,0.8601088208007812,4.0,86.0,674.1500244140625
QQQ,QQQ,2026-05-04,0.0027397260273972603,C,623.0,-0.07890615550721486,48.93,53.21,52.29,0.848634326171875,5.0,71.0,674.1500244140625
QQQ,QQQ,2026-05-04,0.0027397260273972603,C,624.0,-0.07730230592524032,48.0,52.25,50.81,0.8405777661132812,1.0,38.0,674.1500244140625
QQQ,QQQ,2026-05-04,0.0027397260273972603,C,625.0,-0.07570102455826647,46.94,51.26,48.6,0.8288591333007811,21.0,91.0,674.1500244140625
QQQ,QQQ,2026-05-04,0.0027397260273972603,C,626.0,-0.07410230319456942,45.93,50.21,33.16,0.8105487695312499,,36.0,674.1500244140625
QQQ,QQQ,2026-05-04,0.0027397260273972603,C,627.0,-0.07250613366174724,45.01,49.23,48.05,0.799928758544922,4.0,118.0,674.1500244140625
QQQ,QQQ,2026-05-04,0.0027397260273972603,C,628.0,-0.07091250782646925,43.93,48.24,46.16,0.7882101257324219,4.0,98.0,674.1500244140625
QQQ,QQQ,2026-05-04,0.0027397260273972603,C,629.0,-0.06932141759422739,43.0,47.24,46.25,0.7753928710937501,234.0,91.0,674.1500244140625
QQQ,QQQ,2026-05-04,0.0027397260273972603,C,630.0,-0.06773285490908965,41.93,46.38,45.22,0.7773459765625,211.0,156.0,674.1500244140625
QQQ,QQQ,2026-05-04,0.0027397260273972603,C,631.0,-0.06614681175345484,41.0,45.23,43.64,0.7485376708984376,20.0,112.0,674.1500244140625
QQQ,QQQ,2026-05-04,0.0027397260273972603,C,632.0,-0.06456328014781056,40.03,44.24,42.4,0.7366969689941407,47.0,111.0,674.1500244140625
QQQ,QQQ,2026-05-04,0.0027397260273972603,C,633.0,-0.06298225215049177,38.94,43.34,42.02,0.7340114489746092,2.0,43.0,674.1500244140625
QQQ,QQQ,2026-05-04,0.0027397260273972603,C,634.0,-0.06140371985744203,37.94,42.21,24.67,0.7077665942382813,10.0,24.0,674.1500244140625
QQQ,QQQ,2026-05-04,0.0027397260273972603,C,635.0,-0.05982767540197629,36.93,41.34,39.9,0.7077665942382813,7.0,230.0,674.1500244140625
QQQ,QQQ,2026-05-04,0.0027397260273972603,C,636.0,-0.058254110954545774,35.94,40.25,38.09,0.6857941577148439,4.0,55.0,674.1500244140625
QQQ,QQQ,2026-05-04,0.0027397260273972603,C,637.0,-0.05668301872250456,35.05,39.22,37.02,0.6696810375976563,8.0,36.0,674.1500244140625
QQQ,QQQ,2026-05-04,0.0027397260273972603,C,638.0,-0.05511439094987813,34.0,38.26,36.01,0.6604037866210939,12.0,66.0,674.1500244140625
QQQ,QQQ,2026-05-04,0.0027397260273972603,C,639.0,-0.05354821991713319,33.04,37.22,36.55,0.6433141137695313,9.0,86.0,674.1500244140625
QQQ,QQQ,2026-05-04,0.0027397260273972603,C,640.0,-0.05198449794095043,31.94,36.29,33.69,0.6369665209960937,31.0,211.0,674.1500244140625
QQQ,QQQ,2026-05-04,0.0027397260273972603,C,641.0,-0.05042321737399792,31.66,34.07,32.32,0.4897511962890626,17.0,50.0,674.1500244140625
QQQ,QQQ,2026-05-04,0.0027397260273972603,C,642.0,-0.048864370604706775,30.02,33.07,31.6,0.47827670166015623,28.0,71.0,674.1500244140625
QQQ,QQQ,2026-05-04,0.0027397260273972603,C,643.0,-0.04730795005704854,28.95,32.07,31.56,0.46680220703125,2.0,39.0,674.1500244140625
QQQ,QQQ,2026-05-04,0.0027397260273972603,C,644.0,-0.0457539481903143,28.07,31.07,29.64,0.45508357421875,34.0,64.0,674.1500244140625
QQQ,QQQ,2026-05-04,0.0027397260273972603,C,645.0,-0.04420235749889553,27.01,30.08,29.43,0.44482977050781247,111.0,876.0,674.1500244140625
QQQ,QQQ,2026-05-04,0.0027397260273972603,C,646.0,-0.04265317051206615,26.69,29.08,28.16,0.4331111376953125,11.0,43.0,674.1500244140625
QQQ,QQQ,2026-05-04,0.0027397260273972603,C,647.0,-0.041106379793767425,25.61,28.08,28.31,0.42139250488281255,20.0,62.0,674.1500244140625
QQQ,QQQ,2026-05-04,0.0027397260273972603,C,648.0,-0.03956197794239328,24.68,27.09,27.13,0.4106504248046875,11.0,71.0,674.1500244140625
QQQ,QQQ,2026-05-04,0.0027397260273972603,C,649.0,-0.03801995759057796,23.5,26.09,24.56,0.39893179199218753,8.0,87.0,674.1500244140625
QQQ,QQQ,2026-05-04,0.0027397260273972603,C,650.0,-0.03648031140498515,22.04,25.1,23.85,0.3881897119140625,515.0,1237.0,674.1500244140625
QQQ,QQQ,2026-05-04,0.0027397260273972603,C,651.0,-0.03494303208609868,21.66,24.11,22.9,0.37720349365234374,29.0,91.0,674.1500244140625
QQQ,QQQ,2026-05-04,0.0027397260273972603,C,652.0,-0.03340811236801496,20.12,23.11,21.76,0.36499658447265626,86.0,163.0,674.1500244140625
QQQ,QQQ,2026-05-04,0.0027397260273972603,C,653.0,-0.03187554501823695,19.74,22.97,21.39,0.43335527587890627,33.0,186.0,674.1500244140625
QQQ,QQQ,2026-05-04,0.0027397260273972603,C,654.0,-0.030345322837469296,18.15,21.14,21.43,0.3437565625,8.0,178.0,674.1500244140625
QQQ,QQQ,2026-05-04,0.0027397260273972603,C,655.0,-0.028817438659416064,17.79,21.01,19.3,0.4089414575195312,222.0,1088.0,674.1500244140625
QQQ,QQQ,2026-05-04,0.0027397260273972603,C,656.0,-0.027291885350578925,16.82,19.13,18.68,0.3178779150390625,66.0,713.0,674.1500244140625
QQQ,QQQ,2026-05-04,0.0027397260273972603,C,657.0,-0.025768655810057443,15.84,18.19,17.4,0.31116411499023433,94.0,294.0,674.1500244140625
QQQ,QQQ,2026-05-04,0.0027397260273972603,C,658.0,-0.024247742969350738,14.19,17.21,17.15,0.3002999658203125,154.0,1435.0,674.1500244140625
QQQ,QQQ,2026-05-04,0.0027397260273972603,C,659.0,-0.022729139792160704,13.92,16.24,15.04,0.29004616210937495,114.0,1258.0,674.1500244140625
QQQ,QQQ,2026-05-04,0.0027397260273972603,C,660.0,-0.02121283927419668,13.5,14.56,14.0,0.2063067651367187,1354.0,2666.0,674.1500244140625
QQQ,QQQ,2026-05-04,0.0027397260273972603,C,661.0,-0.019698834442981723,12.03,14.28,13.13,0.2668530346679688,131.0,648.0,674.1500244140625
QQQ,QQQ,2026-05-04,0.0027397260273972603,C,662.0,-0.018187118357659782,11.88,14.3,13.09,0.3276434423828125,281.0,1412.0,674.1500244140625
QQQ,QQQ,2026-05-04,0.0027397260273972603,C,663.0,-0.01667768410880547,10.21,12.5,11.1,0.2564771618652344,235.0,796.0,674.1500244140625
QQQ,QQQ,2026-05-04,0.0027397260273972603,C,664.0,-0.015170524818234112,9.2,11.44,11.31,0.2375564526367187,332.0,1060.0,674.1500244140625
QQQ,QQQ,2026-05-04,0.0027397260273972603,C,665.0,-0.013665633638813809,8.57,10.57,9.5,0.23218541259765624,1405.0,1938.0,674.1500244140625
QQQ,QQQ,2026-05-04,0.0027397260273972603,C,666.0,-0.012163003754278798,7.59,9.68,8.72,0.22449505981445309,1076.0,4298.0,674.1500244140625
QQQ,QQQ,2026-05-04,0.0027397260273972603,C,667.0,-0.010662628379044203,6.89,8.73,7.83,0.21204401245117185,836.0,1182.0,674.1500244140625
QQQ,QQQ,2026-05-04,0.0027397260273972603,C,668.0,-0.009164500758022292,5.89,7.86,6.97,0.20386538330078124,1639.0,1562.0,674.1500244140625
QQQ,QQQ,2026-05-04,0.0027397260273972603,C,669.0,-0.007668614166439553,5.03,6.25,6.08,0.14966670654296876,1095.0,1204.0,674.1500244140625
QQQ,QQQ,2026-05-04,0.0027397260273972603,C,670.0,-0.006174961909656245,5.13,5.4,5.35,0.14270876831054688,6523.0,4660.0,674.1500244140625
QQQ,QQQ,2026-05-04,0.0027397260273972603,C,671.0,-0.004683537322986182,3.6,4.85,4.73,0.15076532836914067,4954.0,1565.0,674.1500244140625
QQQ,QQQ,2026-05-04,0.0027397260273972603,C,672.0,-0.003194333771518416,2.92,4.87,3.96,0.185005708618164,7790.0,993.0,674.1500244140625
QQQ,QQQ,2026-05-04,0.0027397260273972603,C,673.0,-0.001707344649940141,3.2,3.66,3.3,0.1524742956542969,12539.0,3393.0,674.1500244140625
QQQ,QQQ,2026-05-04,0.0027397260273972603,C,674.0,-0.00022256338236089726,2.59,2.75,2.7,0.13355358642578125,36116.0,554.0,674.1500244140625
QQQ,QQQ,2026-05-04,0.0027397260273972603,C,675.0,0.0012600165778617956,2.16,2.22,2.16,0.13099013549804686,48112.0,2629.0,674.1500244140625
QQQ,QQQ,2026-05-04,0.0027397260273972603,C,676.0,0.002740401748296078,1.6,1.73,1.72,0.12720599365234375,24490.0,1237.0,674.1500244140625
QQQ,QQQ,2026-05-04,0.0027397260273972603,C,677.0,0.004218598617606995,1.28,1.77,1.31,0.14881222290039062,19320.0,705.0,674.1500244140625
QQQ,QQQ,2026-05-04,0.0027397260273972603,C,678.0,0.0056946136457275845,0.96,1.08,0.96,0.12757220092773439,14004.0,802.0,674.1500244140625
QQQ,QQQ,2026-05-04,0.0027397260273972603,C,679.0,0.007168453264028157,0.41,0.8,0.71,0.12549702636718751,12113.0,525.0,674.1500244140625
QQQ,QQQ,2026-05-04,0.0027397260273972603,C,680.0,0.008640123875484428,0.47,0.49,0.51,0.11646391357421876,20934.0,2602.0,674.1500244140625
QQQ,QQQ,2026-05-04,0.0027397260273972603,C,681.0,0.010109631854844425,0.32,0.64,0.34,0.14173221557617188,9525.0,594.0,674.1500244140625
QQQ,QQQ,2026-05-04,0.0027397260273972603,C,682.0,0.011576983548794172,0.22,0.23,0.23,0.11451080810546876,5413.0,586.0,674.1500244140625
QQQ,QQQ,2026-05-04,0.0027397260273972603,C,683.0,0.013042185276122149,0.1,0.35,0.15,0.139657041015625,7884.0,244.0,674.1500244140625
QQQ,QQQ,2026-05-04,0.0027397260273972603,C,684.0,0.014505243327882562,0.09,0.3,0.1,0.1450280810546875,5515.0,195.0,674.1500244140625
QQQ,QQQ,2026-05-04,0.0027397260273972603,C,685.0,0.015966163967557404,0.06,0.08,0.08,0.118172880859375,5923.0,1713.0,674.1500244140625
QQQ,QQQ,2026-05-04,0.0027397260273972603,C,686.0,0.017424953431217353,0.04,0.06,0.06,0.1211025390625,2575.0,180.0,674.1500244140625
QQQ,QQQ,2026-05-04,0.0027397260273972603,C,687.0,0.018881617927681484,0.04,0.05,0.04,0.12549702636718751,1726.0,247.0,674.1500244140625
QQQ,QQQ,2026-05-04,0.0027397260273972603,C,688.0,0.0203361636386756,0.03,0.08,0.04,0.14405152832031248,1762.0,959.0,674.1500244140625
QQQ,QQQ,2026-05-04,0.0027397260273972603,C,689.0,0.021788596718990524,0.03,0.04,0.04,0.13672738281250002,2336.0,106.0,674.1500244140625
QQQ,QQQ,2026-05-04,0.0027397260273972603,C,690.0,0.023238923296637033,0.03,0.04,0.03,0.1445398046875,1884.0,1442.0,674.1500244140625
QQQ,QQQ,2026-05-04,0.0027397260273972603,C,691.0,0.02468714947300188,0.02,0.04,0.03,0.15235222656250003,3172.0,9.0,674.1500244140625
QQQ,QQQ,2026-05-04,0.0027397260273972603,C,692.0,0.02613328132300156,0.02,0.11,0.02,0.187508125,1086.0,109.0,674.1500244140625
QQQ,QQQ,2026-05-04,0.0027397260273972603,C,693.0,0.02757732489523524,0.02,0.05,0.02,0.17383638671875,166.0,10.0,674.1500244140625
QQQ,QQQ,2026-05-04,0.0027397260273972603,C,694.0,0.029019286212136525,0.02,0.23,0.02,0.23389437988281248,667.0,4.0,674.1500244140625
QQQ,QQQ,2026-05-04,0.0027397260273972603,C,695.0,0.03045917127012417,0.02,0.23,0.02,0.24292749267578123,1509.0,3633.0,674.1500244140625
QQQ,QQQ,2026-05-04,0.0027397260273972603,C,696.0,0.0318969860397517,0.01,0.22,0.02,0.2500075,120.0,9.0,674.1500244140625
QQQ,QQQ,2026-05-04,0.0027397260273972603,C,697.0,0.03333273646585595,0.01,0.84,0.01,0.3505924316406249,81.0,152.0,674.1500244140625
QQQ,QQQ,2026-05-04,0.0027397260273972603,C,698.0,0.03476642846770455,0.0,0.22,0.02,0.26807372558593745,136.0,57.0,674.1500244140625
QQQ,QQQ,2026-05-04,0.0027397260273972603,C,699.0,0.03619806793914235,0.0,0.16,0.01,0.2617261328125,320.0,33.0,674.1500244140625
QQQ,QQQ,2026-05-04,0.0027397260273972603,C,700.0,0.03762766074873678,0.0,0.1,0.01,0.2500075,481.0,713.0,674.1500244140625
QQQ,QQQ,2026-05-04,0.0027397260273972603,C,701.0,0.03905521273992221,0.0,0.16,0.01,0.278327529296875,174.0,44.0,674.1500244140625
QQQ,QQQ,2026-05-04,0.0027397260273972603,C,702.0,0.04048072973114326,0.0,0.13,0.01,0.27735097656249996,79.0,156.0,674.1500244140625
QQQ,QQQ,2026-05-04,0.0027397260273972603,C,703.0,0.041904217515996836,0.0,0.02,0.01,0.22266402343749997,417.0,168.0,674.1500244140625
QQQ,QQQ,2026-05-04,0.0027397260273972603,C,704.0,0.04332568186337435,0.0,0.84,0.01,0.42529871582031253,260.0,55.0,674.1500244140625
QQQ,QQQ,2026-05-04,0.0027397260273972603,C,705.0,0.04474512851760062,0.0,0.83,0.01,0.4343318286132813,395.0,388.0,674.1500244140625
QQQ,QQQ,2026-05-04,0.0027397260273972603,C,706.0,0.04616256319857406,0.0,0.82,0.01,0.44336494140625,1760.0,25.0,674.1500244140625
QQQ,QQQ,2026-05-04,0.0027397260273972603,C,707.0,0.04757799160190475,0.0,0.83,0.01,0.45483943603515625,283.0,269.0,674.1500244140625
QQQ,QQQ,2026-05-04,0.0027397260273972603,C,708.0,0.048991419399051765,0.0,0.84,0.01,0.46631393066406257,767.0,52.0,674.1500244140625
QQQ,QQQ,2026-05-04,0.0027397260273972603,C,709.0,0.050402852237459515,0.0,0.84,0.01,0.47632359619140624,430.0,0.0,674.1500244140625
QQQ,QQQ,2026-05-04,0.0027397260273972603,C,710.0,0.05181229574069314,0.0,0.02,0.01,0.2695385546875,2.0,326.0,674.1500244140625
QQQ,QQQ,2026-05-04,0.0027397260273972603,C,711.0,0.05321975550857292,0.0,0.2,0.01,0.37402969726562496,41.0,251.0,674.1500244140625
QQQ,QQQ,2026-05-04,0.0027397260273972603,C,712.0,0.05462523711730782,0.0,0.84,0.04,0.5063525927734375,,1.0,674.1500244140625
QQQ,QQQ,2026-05-04,0.0027397260273972603,C,713.0,0.056028746119628006,0.0,0.84,0.01,0.5161181201171875,,4.0,674.1500244140625
QQQ,QQQ,2026-05-04,0.0027397260273972603,C,714.0,0.05743028804491647,0.0,0.21,0.01,0.401373173828125,1.0,0.0,674.1500244140625
QQQ,QQQ,2026-05-04,0.0027397260273972603,C,715.0,0.058829868399339756,0.0,0.01,0.01,0.28125718749999995,17.0,90.0,674.1500244140625
QQQ,QQQ,2026-05-04,0.0027397260273972603,C,716.0,0.060227492665977725,0.0,0.85,0.01,0.5468795312500001,,100.0,674.1500244140625
QQQ,QQQ,2026-05-04,0.0027397260273972603,C,720.0,0.06579853771543295,0.0,0.21,0.01,0.4497125341796875,4.0,27.0,674.1500244140625
QQQ,QQQ,2026-05-04,0.0027397260273972603,C,722.0,0.06857246459815822,0.0,0.85,0.03,0.52539537109375,,3.0,674.1500244140625
QQQ,QQQ,2026-05-04,0.0027397260273972603,C,725.0,0.07271898056000681,0.0,0.85,0.01,0.5507857421875001,216.0,257.0,674.1500244140625
QQQ,QQQ,2026-05-04,0.0027397260273972603,C,730.0,0.07959185984776891,0.0,0.21,0.01,0.5273484765625001,16.0,38.0,674.1500244140625
QQQ,QQQ,2026-05-04,0.0027397260273972603,P,495.0,-0.30889491172597766,0.0,0.74,0.01,1.8798834130859374,6.0,2087.0,674.1500244140625
QQQ,QQQ,2026-05-04,0.0027397260273972603,P,500.0,-0.29884457587247626,0.0,0.73,0.01,1.822266513671875,1500.0,1521.0,674.1500244140625
QQQ,QQQ,2026-05-04,0.0027397260273972603,P,505.0,-0.2888942450193081,0.0,0.73,0.03,1.7685558447265624,2492.0,2593.0,674.1500244140625
QQQ,QQQ,2026-05-04,0.0027397260273972603,P,510.0,-0.2790419485762965,0.0,0.73,0.01,1.71484517578125,,6068.0,674.1500244140625
QQQ,QQQ,2026-05-04,0.0027397260273972603,P,515.0,-0.26928577363093187,0.0,0.91,0.01,1.71484517578125,607.0,5117.0,674.1500244140625
QQQ,QQQ,2026-05-04,0.0027397260273972603,P,520.0,-0.25962386271919485,0.0,0.73,0.01,1.609376953125,894.0,1.0,674.1500244140625
QQQ,QQQ,2026-05-04,0.0027397260273972603,P,525.0,-0.2500544117030442,0.0,0.73,0.01,1.5576193994140621,1569.0,2052.0,674.1500244140625
QQQ,QQQ,2026-05-04,0.0027397260273972603,P,530.0,-0.2405756677485005,0.0,0.22,0.01,1.29297228515625,1099.0,30.0,674.1500244140625
QQQ,QQQ,2026-05-04,0.0027397260273972603,P,535.0,-0.23118592739866137,0.0,0.73,0.01,1.4541042919921874,2112.0,694.0,674.1500244140625
QQQ,QQQ,2026-05-04,0.0027397260273972603,P,540.0,-0.2218835347363479,0.0,0.79,0.02,1.4189482177734376,1040.0,86.0,674.1500244140625
QQQ,QQQ,2026-05-04,0.0027397260273972603,P,545.0,-0.21266687963142394,0.0,0.22,0.01,1.158207333984375,4440.0,2985.0,674.1500244140625
QQQ,QQQ,2026-05-04,0.0027397260273972603,P,550.0,-0.20353439606815132,0.0,0.02,0.01,0.8828136718749999,1869.0,14.0,674.1500244140625
QQQ,QQQ,2026-05-04,0.0027397260273972603,P,555.0,-0.19448456054823346,0.0,0.97,0.01,1.3056675341796873,2100.0,8.0,674.1500244140625
QQQ,QQQ,2026-05-04,0.0027397260273972603,P,560.0,-0.1855158905654731,0.0,0.22,0.01,1.0253954980468751,4.0,335.0,674.1500244140625
QQQ,QQQ,2026-05-04,0.0027397260273972603,P,565.0,-0.176626943148227,0.0,0.02,0.05,0.773439765625,1.0,130.0,674.1500244140625
QQQ,QQQ,2026-05-04,0.0027397260273972603,P,570.0,-0.16781631346607215,0.0,0.97,0.01,1.1508831518554685,12.0,175.0,674.1500244140625
QQQ,QQQ,2026-05-04,0.0027397260273972603,P,575.0,-0.15908263349731747,0.0,0.96,0.02,1.0976607617187502,8.0,476.0,674.1500244140625
QQQ,QQQ,2026-05-04,0.0027397260273972603,P,580.0,-0.15042457075420293,0.01,0.03,0.02,0.710940390625,21.0,413.0,674.1500244140625
QQQ,QQQ,2026-05-04,0.0027397260273972603,P,585.0,-0.1418408270628115,0.0,0.98,0.01,0.9995117236328125,263.0,2655.0,674.1500244140625
QQQ,QQQ,2026-05-04,0.0027397260273972603,P,590.0,-0.13333013739490276,0.01,0.22,0.02,0.7675804492187501,428.0,479.0,674.1500244140625
QQQ,QQQ,2026-05-04,0.0027397260273972603,P,595.0,-0.12489126874903819,0.01,0.67,0.02,0.8457046679687499,930.0,547.0,674.1500244140625
QQQ,QQQ,2026-05-04,0.0027397260273972603,P,600.0,-0.11652301907852163,0.01,0.22,0.02,0.6816438085937502,380.0,1211.0,674.1500244140625
QQQ,QQQ,2026-05-04,0.0027397260273972603,P,601.0,-0.1148577397594604,0.0,0.95,0.03,0.8325212060546874,81.0,74.0,674.1500244140625
QQQ,QQQ,2026-05-04,0.0027397260273972603,P,602.0,-0.11319522898584693,0.0,0.43,0.02,0.7246121289062499,182.0,134.0,674.1500244140625
QQQ,QQQ,2026-05-04,0.0027397260273972603,P,603.0,-0.11153547756748251,0.0,0.95,0.02,0.8125018749999999,5.0,177.0,674.1500244140625
QQQ,QQQ,2026-05-04,0.0027397260273972603,P,604.0,-0.10987847635985298,0.0,0.94,0.01,0.8007832421875,18.0,163.0,674.1500244140625
QQQ,QQQ,2026-05-04,0.0027397260273972603,P,605.0,-0.10822421626382646,0.0,0.94,0.02,0.7905294384765625,124.0,323.0,674.1500244140625
QQQ,QQQ,2026-05-04,0.0027397260273972603,P,606.0,-0.10657268822535346,0.0,0.94,0.03,0.7807639111328125,182.0,130.0,674.1500244140625
QQQ,QQQ,2026-05-04,0.0027397260273972603,P,607.0,-0.10492388323516975,0.0,0.92,0.02,0.7675804492187501,372.0,250.0,674.1500244140625
QQQ,QQQ,2026-05-04,0.0027397260273972603,P,608.0,-0.10327779232850098,0.0,0.15,0.02,0.5820354296875,1691.0,203.0,674.1500244140625
QQQ,QQQ,2026-05-04,0.0027397260273972603,P,609.0,-0.10163440658477095,0.0,0.22,0.03,0.6015664843750002,1949.0,461.0,674.1500244140625
QQQ,QQQ,2026-05-04,0.0027397260273972603,P,610.0,-0.09999371712731103,0.01,0.22,0.01,0.596683720703125,1816.0,269.0,674.1500244140625
QQQ,QQQ,2026-05-04,0.0027397260273972603,P,611.0,-0.09835571512307262,0.01,0.03,0.02,0.5019581054687501,2382.0,396.0,674.1500244140625
QQQ,QQQ,2026-05-04,0.0027397260273972603,P,612.0,-0.09672039178234185,0.0,0.03,0.03,0.49609878906250005,1442.0,292.0,674.1500244140625
QQQ,QQQ,2026-05-04,0.0027397260273972603,P,613.0,-0.09508773835845652,0.01,0.23,0.02,0.5742230078125,917.0,273.0,674.1500244140625
QQQ,QQQ,2026-05-04,0.0027397260273972603,P,614.0,-0.09345774614752556,0.0,0.03,0.03,0.4804739453125,842.0,225.0,674.1500244140625
QQQ,QQQ,2026-05-04,0.0027397260273972603,P,615.0,-0.09183040648815013,0.0,0.03,0.01,0.4726615234375,228.0,720.0,674.1500244140625
QQQ,QQQ,2026-05-04,0.0027397260273972603,P,616.0,-0.09020571076114821,0.01,0.03,0.02,0.46484910156250003,16.0,219.0,674.1500244140625
QQQ,QQQ,2026-05-04,0.0027397260273972603,P,617.0,-0.08858365038928016,0.0,0.03,0.02,0.45703667968750006,101.0,105.0,674.1500244140625
QQQ,QQQ,2026-05-04,0.0027397260273972603,P,618.0,-0.08696421683697719,0.0,0.03,0.02,0.44922425781249997,293.0,194.0,674.1500244140625
QQQ,QQQ,2026-05-04,0.0027397260273972603,P,619.0,-0.08534740161007184,0.0,0.03,0.03,0.4414118359375,108.0,158.0,674.1500244140625
QQQ,QQQ,2026-05-04,0.0027397260273972603,P,620.0,-0.08373319625553069,0.02,0.03,0.03,0.4335994140625,760.0,1014.0,674.1500244140625
QQQ,QQQ,2026-05-04,0.0027397260273972603,P,621.0,-0.08212159236118914,0.02,0.03,0.03,0.42578699218750005,126.0,525.0,674.1500244140625
QQQ,QQQ,2026-05-04,0.0027397260273972603,P,622.0,-0.08051258155548857,0.02,0.03,0.02,0.41992767578125,218.0,151.0,674.1500244140625
QQQ,QQQ,2026-05-04,0.0027397260273972603,P,623.0,-0.07890615550721486,0.02,0.03,0.04,0.41211525390625,51.0,1028.0,674.1500244140625
QQQ,QQQ,2026-05-04,0.0027397260273972603,P,624.0,-0.07730230592524032,0.02,0.04,0.03,0.41797457031249996,144.0,188.0,674.1500244140625
QQQ,QQQ,2026-05-04,0.0027397260273972603,P,625.0,-0.07570102455826647,0.02,0.03,0.03,0.398443515625,637.0,1089.0,674.1500244140625
QQQ,QQQ,2026-05-04,0.0027397260273972603,P,626.0,-0.07410230319456942,0.02,0.03,0.04,0.39063109375,432.0,247.0,674.1500244140625
QQQ,QQQ,2026-05-04,0.0027397260273972603,P,627.0,-0.07250613366174724,0.02,0.23,0.03,0.5009815527343751,44.0,759.0,674.1500244140625
QQQ,QQQ,2026-05-04,0.0027397260273972603,P,628.0,-0.07091250782646925,0.02,0.7,0.03,0.5307664111328125,140.0,937.0,674.1500244140625
QQQ,QQQ,2026-05-04,0.0027397260273972603,P,629.0,-0.06932141759422739,0.02,0.2,0.03,0.471684970703125,145.0,327.0,674.1500244140625
QQQ,QQQ,2026-05-04,0.0027397260273972603,P,630.0,-0.06773285490908965,0.01,0.04,0.03,0.3711000390625,415.0,1393.0,674.1500244140625
QQQ,QQQ,2026-05-04,0.0027397260273972603,P,631.0,-0.06614681175345484,0.03,0.04,0.03,0.3632876171875,172.0,804.0,674.1500244140625
QQQ,QQQ,2026-05-04,0.0027397260273972603,P,632.0,-0.06456328014781056,0.03,0.04,0.03,0.35547519531249994,227.0,940.0,674.1500244140625
QQQ,QQQ,2026-05-04,0.0027397260273972603,P,633.0,-0.06298225215049177,0.03,0.24,0.03,0.44824770507812495,357.0,632.0,674.1500244140625
QQQ,QQQ,2026-05-04,0.0027397260273972603,P,634.0,-0.06140371985744203,0.03,0.05,0.03,0.34961587890624996,418.0,967.0,674.1500244140625
QQQ,QQQ,2026-05-04,0.0027397260273972603,P,635.0,-0.05982767540197629,0.03,0.04,0.03,0.3320379296875,634.0,1723.0,674.1500244140625
QQQ,QQQ,2026-05-04,0.0027397260273972603,P,636.0,-0.058254110954545774,0.03,0.04,0.03,0.3242255078124999,460.0,514.0,674.1500244140625
QQQ,QQQ,2026-05-04,0.0027397260273972603,P,637.0,-0.05668301872250456,0.03,0.05,0.03,0.32617861328125,367.0,516.0,674.1500244140625
QQQ,QQQ,2026-05-04,0.0027397260273972603,P,638.0,-0.05511439094987813,0.03,0.05,0.03,0.31836619140624994,575.0,401.0,674.1500244140625
QQQ,QQQ,2026-05-04,0.0027397260273972603,P,639.0,-0.05354821991713319,0.04,0.05,0.04,0.31055376953124997,530.0,1509.0,674.1500244140625
QQQ,QQQ,2026-05-04,0.0027397260273972603,P,640.0,-0.05198449794095043,0.04,0.05,0.04,0.30274134765625,3735.0,1856.0,674.1500244140625
QQQ,QQQ,2026-05-04,0.0027397260273972603,P,641.0,-0.05042321737399792,0.04,0.05,0.05,0.29492892578124996,1517.0,955.0,674.1500244140625
QQQ,QQQ,2026-05-04,0.0027397260273972603,P,642.0,-0.048864370604706775,0.04,0.06,0.05,0.2929758203124999,918.0,682.0,674.1500244140625
QQQ,QQQ,2026-05-04,0.0027397260273972603,P,643.0,-0.04730795005704854,0.04,0.06,0.04,0.28516339843749994,579.0,605.0,674.1500244140625
QQQ,QQQ,2026-05-04,0.0027397260273972603,P,644.0,-0.0457539481903143,0.04,0.06,0.05,0.27735097656249996,1327.0,1290.0,674.1500244140625
QQQ,QQQ,2026-05-04,0.0027397260273972603,P,645.0,-0.04420235749889553,0.05,0.06,0.05,0.26856200195312496,3438.0,2202.0,674.1500244140625
QQQ,QQQ,2026-05-04,0.0027397260273972603,P,646.0,-0.04265317051206615,0.05,0.06,0.06,0.260749580078125,411.0,633.0,674.1500244140625
QQQ,QQQ,2026-05-04,0.0027397260273972603,P,647.0,-0.041106379793767425,0.0,0.07,0.06,0.257819921875,634.0,493.0,674.1500244140625
QQQ,QQQ,2026-05-04,0.0027397260273972603,P,648.0,-0.03956197794239328,0.06,0.07,0.07,0.2500075,2430.0,1337.0,674.1500244140625
QQQ,QQQ,2026-05-04,0.0027397260273972603,P,649.0,-0.03801995759057796,0.06,0.08,0.07,0.2461012890625,772.0,516.0,674.1500244140625
QQQ,QQQ,2026-05-04,0.0027397260273972603,P,650.0,-0.03648031140498515,0.07,0.08,0.08,0.23731231445312498,3743.0,5577.0,674.1500244140625
QQQ,QQQ,2026-05-04,0.0027397260273972603,P,651.0,-0.03494303208609868,0.08,0.09,0.08,0.233406103515625,954.0,548.0,674.1500244140625
QQQ,QQQ,2026-05-04,0.0027397260273972603,P,652.0,-0.03340811236801496,0.08,0.1,0.1,0.2280350634765625,3208.0,1001.0,674.1500244140625
QQQ,QQQ,2026-05-04,0.0027397260273972603,P,653.0,-0.03187554501823695,0.1,0.11,0.1,0.22266402343749997,1921.0,1070.0,674.1500244140625
QQQ,QQQ,2026-05-04,0.0027397260273972603,P,654.0,-0.030345322837469296,0.11,0.13,0.12,0.21973436523437498,2103.0,945.0,674.1500244140625
QQQ,QQQ,2026-05-04,0.0027397260273972603,P,655.0,-0.028817438659416064,0.13,0.15,0.14,0.215828154296875,6916.0,2183.0,674.1500244140625
QQQ,QQQ,2026-05-04,0.0027397260273972603,P,656.0,-0.027291885350578925,0.15,0.17,0.16,0.21143366699218746,8576.0,1386.0,674.1500244140625
QQQ,QQQ,2026-05-04,0.0027397260273972603,P,657.0,-0.025768655810057443,0.15,0.2,0.18,0.20850400878906244,2815.0,1139.0,674.1500244140625
QQQ,QQQ,2026-05-04,0.0027397260273972603,P,658.0,-0.024247742969350738,0.21,0.23,0.21,0.20410952148437497,4418.0,1570.0,674.1500244140625
QQQ,QQQ,2026-05-04,0.0027397260273972603,P,659.0,-0.022729139792160704,0.25,0.27,0.26,0.20069158691406247,9370.0,1073.0,674.1500244140625
QQQ,QQQ,2026-05-04,0.0027397260273972603,P,660.0,-0.02121283927419668,0.3,0.4,0.31,0.20899228515624996,10133.0,2265.0,674.1500244140625
QQQ,QQQ,2026-05-04,0.0027397260273972603,P,661.0,-0.019698834442981723,0.17,0.39,0.36,0.196297099609375,3641.0,1295.0,674.1500244140625
QQQ,QQQ,2026-05-04,0.0027397260273972603,P,662.0,-0.018187118357659782,0.42,0.44,0.43,0.1909260595703125,5899.0,1393.0,674.1500244140625
QQQ,QQQ,2026-05-04,0.0027397260273972603,P,663.0,-0.01667768410880547,0.5,0.61,0.51,0.19702951416015624,17307.0,1094.0,674.1500244140625
QQQ,QQQ,2026-05-04,0.0027397260273972603,P,664.0,-0.015170524818234112,0.59,0.7,0.6,0.19275709594726562,16463.0,766.0,674.1500244140625
QQQ,QQQ,2026-05-04,0.0027397260273972603,P,665.0,-0.013665633638813809,0.71,0.72,0.71,0.18140467041015623,25144.0,1187.0,674.1500244140625
QQQ,QQQ,2026-05-04,0.0027397260273972603,P,666.0,-0.012163003754278798,0.65,0.85,0.82,0.17847501220703127,10201.0,654.0,674.1500244140625
QQQ,QQQ,2026-05-04,0.0027397260273972603,P,667.0,-0.010662628379044203,0.88,0.99,0.99,0.17456880126953128,5772.0,534.0,674.1500244140625
QQQ,QQQ,2026-05-04,0.0027397260273972603,P,668.0,-0.009164500758022292,1.13,1.21,1.13,0.1744467321777344,21609.0,857.0,674.1500244140625
QQQ,QQQ,2026-05-04,0.0027397260273972603,P,669.0,-0.007668614166439553,1.32,1.41,1.32,0.17090672851562502,12169.0,345.0,674.1500244140625
QQQ,QQQ,2026-05-04,0.0027397260273972603,P,670.0,-0.006174961909656245,1.55,1.57,1.57,0.1632163757324219,46023.0,695.0,674.1500244140625
QQQ,QQQ,2026-05-04,0.0027397260273972603,P,671.0,-0.004683537322986182,1.82,1.87,1.85,0.16175154663085936,18406.0,28.0,674.1500244140625
QQQ,QQQ,2026-05-04,0.0027397260273972603,P,672.0,-0.003194333771518416,2.04,2.65,2.16,0.1829915686035156,23409.0,40.0,674.1500244140625
QQQ,QQQ,2026-05-04,0.0027397260273972603,P,673.0,-0.001707344649940141,2.45,2.55,2.5,0.1560753338623047,25146.0,248.0,674.1500244140625
QQQ,QQQ,2026-05-04,0.0027397260273972603,P,674.0,-0.00022256338236089726,2.82,3.0,2.9,0.15515981567382814,26202.0,66.0,674.1500244140625
QQQ,QQQ,2026-05-04,0.0027397260273972603,P,675.0,0.0012600165778617956,2.79,3.58,3.38,0.15833361206054689,46073.0,185.0,674.1500244140625
QQQ,QQQ,2026-05-04,0.0027397260273972603,P,676.0,0.002740401748296078,3.81,4.1,3.88,0.1557701611328125,14611.0,35.0,674.1500244140625
QQQ,QQQ,2026-05-04,0.0027397260273972603,P,677.0,0.004218598617606995,3.2,5.49,4.54,0.1964802032470703,2449.0,28.0,674.1500244140625
QQQ,QQQ,2026-05-04,0.0027397260273972603,P,678.0,0.0056946136457275845,4.24,6.03,5.1,0.19129226684570313,3344.0,44.0,674.1500244140625
QQQ,QQQ,2026-05-04,0.0027397260273972603,P,679.0,0.007168453264028157,5.75,6.91,5.7,0.20276676147460934,662.0,20.0,674.1500244140625
QQQ,QQQ,2026-05-04,0.0027397260273972603,P,680.0,0.008640123875484428,6.52,7.0,6.71,0.16541361938476565,3511.0,712.0,674.1500244140625
QQQ,QQQ,2026-05-04,0.0027397260273972603,P,681.0,0.010109631854844425,6.54,8.44,7.44,0.20862607788085932,79.0,55.0,674.1500244140625
QQQ,QQQ,2026-05-04,0.0027397260273972603,P,682.0,0.011576983548794172,7.36,9.51,8.14,0.22852333984375,48.0,1.0,674.1500244140625
QQQ,QQQ,2026-05-04,0.0027397260273972603,P,683.0,0.013042185276122149,8.25,10.44,8.53,0.23926541992187497,434.0,1.0,674.1500244140625
QQQ,QQQ,2026-05-04,0.0027397260273972603,P,684.0,0.014505243327882562,9.14,11.44,9.74,0.25403578002929694,22.0,0.0,674.1500244140625
QQQ,QQQ,2026-05-04,0.0027397260273972603,P,685.0,0.015966163967557404,10.1,12.25,11.0,0.25525647094726567,467.0,0.0,674.1500244140625
QQQ,QQQ,2026-05-04,0.0027397260273972603,P,686.0,0.017424953431217353,11.08,13.41,12.15,0.2805247729492187,56.0,0.0,674.1500244140625
QQQ,QQQ,2026-05-04,0.0027397260273972603,P,688.0,0.0203361636386756,12.18,15.4,14.1,0.3073799731445312,8.0,0.0,674.1500244140625
QQQ,QQQ,2026-05-04,0.0027397260273972603,P,690.0,0.023238923296637033,15.09,17.39,15.0,0.33338068969726564,507.0,0.0,674.1500244140625
QQQ,QQQ,2026-05-04,0.0027397260273972603,P,692.0,0.02613328132300156,17.08,20.12,19.24,0.41431249755859373,8.0,0.0,674.1500244140625
QQQ,QQQ,2026-05-04,0.0027397260273972603,P,694.0,0.029019286212136525,19.02,21.55,20.43,0.3978331701660156,4.0,0.0,674.1500244140625
QQQ,QQQ,2026-05-04,0.0027397260273972603,P,695.0,0.03045917127012417,19.97,22.42,20.04,0.39978627563476565,8.0,0.0,674.1500244140625
QQQ,QQQ,2026-05-04,0.0027397260273972603,P,698.0,0.03476642846770455,22.16,25.49,37.86,0.44275459594726563,,0.0,674.1500244140625
QQQ,QQQ,2026-05-04,0.0027397260273972603,P,700.0,0.03762766074873678,24.16,27.47,25.05,0.4650932397460938,5.0,2.0,674.1500244140625
QQQ,QQQ,2026-05-04,0.0027397260273972603,P,703.0,0.041904217515996836,28.01,30.55,30.62,0.5080615600585938,1.0,0.0,674.1500244140625
QQQ,QQQ,2026-05-04,0.0027397260273972603,P,705.0,0.04474512851760062,30.01,32.55,30.38,0.5313767565917968,22.0,1.0,674.1500244140625
QQQ,QQQ,2026-05-04,0.0027397260273972603,P,707.0,0.04757799160190475,31.16,34.47,34.77,0.5466353930664063,2.0,0.0,674.1500244140625
QQQ,QQQ,2026-05-04,0.0027397260273972603,P,709.0,0.050402852237459515,33.0,37.06,35.82,0.6245154736328126,2.0,0.0,674.1500244140625
QQQ,QQQ,2026-05-04,0.0027397260273972603,P,710.0,0.05181229574069314,34.0,38.13,63.43,0.6425816992187501,,0.0,674.1500244140625
QQQ,QQQ,2026-05-04,0.0027397260273972603,P,714.0,0.05743028804491647,38.0,42.06,39.74,0.6826203613281252,2.0,0.0,674.1500244140625
QQQ,QQQ,2026-05-04,0.0027397260273972603,P,716.0,0.060227492665977725,40.0,44.06,42.75,0.7053252124023439,2.0,0.0,674.1500244140625
QQQ,QQQ,2026-05-04,0.0027397260273972603,P,723.0,0.06995654786409669,47.0,51.05,45.64,0.7819846020507812,2.0,0.0,674.1500244140625
QQQ,QQQ,2026-05-04,0.0027397260273972603,P,725.0,0.07271898056000681,49.0,53.06,52.81,0.804689453125,2.0,0.0,674.1500244140625
QQQ,QQQ,2026-05-04,0.0027397260273972603,P,730.0,0.07959185984776891,54.0,58.06,53.66,0.5273484765625001,2.0,0.0,674.1500244140625
QQQ,QQQ,2026-05-08,0.010958904109589041,C,300.0,-0.809670199638467,372.15,376.34,375.54,2.1718795703125,4.0,4.0,674.1500244140625
QQQ,QQQ,2026-05-08,0.010958904109589041,C,305.0,-0.7931408976872564,367.16,371.37,279.89,2.1796920507812496,,123.0,674.1500244140625
QQQ,QQQ,2026-05-08,0.010958904109589041,C,400.0,-0.521988127186686,272.17,276.42,266.55,1.5195336523437497,1.0,12.0,674.1500244140625
QQQ,QQQ,2026-05-08,0.010958904109589041,C,420.0,-0.4731979630172539,252.25,256.43,238.53,1.4375028125,1.0,1.0,674.1500244140625
QQQ,QQQ,2026-05-08,0.010958904109589041,C,440.0,-0.42667794738236114,232.21,236.45,208.78,1.2988316308593748,1.0,1.0,674.1500244140625
QQQ,QQQ,2026-05-08,0.010958904109589041,C,445.0,-0.4153783921284278,227.21,231.5,229.56,1.2890660546875,1.0,0.0,674.1500244140625
QQQ,QQQ,2026-05-08,0.010958904109589041,C,450.0,-0.4042050915303025,222.27,226.5,225.36,1.2812535937499998,2.0,96.0,674.1500244140625
QQQ,QQQ,2026-05-08,0.010958904109589041,C,455.0,-0.39315525534371754,217.28,221.5,220.17,1.25390998046875,1.0,0.0,674.1500244140625
QQQ,QQQ,2026-05-08,0.010958904109589041,C,460.0,-0.38222618481152737,212.23,216.46,195.5,1.1875040625,1.0,12.0,674.1500244140625
QQQ,QQQ,2026-05-08,0.010958904109589041,C,470.0,-0.36071997959056373,202.32,206.5,189.15,1.171879140625,5.0,10.0,674.1500244140625
QQQ,QQQ,2026-05-08,0.010958904109589041,C,475.0,-0.35013787026002685,197.29,201.48,133.14,1.125004375,8.0,0.0,674.1500244140625
QQQ,QQQ,2026-05-08,0.010958904109589041,C,480.0,-0.33966657039273135,192.31,196.5,184.15,1.107426337890625,1.0,4.0,674.1500244140625
QQQ,QQQ,2026-05-08,0.010958904109589041,C,485.0,-0.3293037833571848,187.25,191.49,127.45,1.0546922265625,1.0,4.0,674.1500244140625
QQQ,QQQ,2026-05-08,0.010958904109589041,C,490.0,-0.3190472831899956,182.31,186.49,160.65,1.0439500927734378,10.0,2.0,674.1500244140625
QQQ,QQQ,2026-05-08,0.010958904109589041,C,500.0,-0.29884457587247626,172.27,176.18,175.1,0.8281267187499999,14.0,58.0,674.1500244140625
QQQ,QQQ,2026-05-08,0.010958904109589041,C,510.0,-0.2790419485762965,162.27,166.5,154.38,0.9179695703125,1.0,4.0,674.1500244140625
QQQ,QQQ,2026-05-08,0.010958904109589041,C,515.0,-0.26928577363093187,157.29,161.5,158.97,0.8945323046874999,1.0,0.0,674.1500244140625
QQQ,QQQ,2026-05-08,0.010958904109589041,C,520.0,-0.25962386271919485,152.37,156.5,144.39,0.88476677734375,3.0,5.0,674.1500244140625
QQQ,QQQ,2026-05-08,0.010958904109589041,C,525.0,-0.2500544117030442,147.3,151.5,139.34,0.8398453515625,1.0,13.0,674.1500244140625
QQQ,QQQ,2026-05-08,0.010958904109589041,C,526.0,-0.24815146155695808,146.33,150.5,121.26,0.840821904296875,28.0,28.0,674.1500244140625
QQQ,QQQ,2026-05-08,0.010958904109589041,C,530.0,-0.2405756677485005,142.36,146.5,145.31,0.8251970605468748,2.0,16.0,674.1500244140625
QQQ,QQQ,2026-05-08,0.010958904109589041,C,533.0,-0.23493125012882343,139.3,143.5,48.72,0.7949239257812499,10.0,10.0,674.1500244140625
QQQ,QQQ,2026-05-08,0.010958904109589041,C,535.0,-0.23118592739866137,137.29,141.5,55.2,0.7812521875,37.0,41.0,674.1500244140625
QQQ,QQQ,2026-05-08,0.010958904109589041,C,538.0,-0.2255941141328836,134.38,138.5,99.04,0.7836935693359376,1.0,0.0,674.1500244140625
QQQ,QQQ,2026-05-08,0.010958904109589041,C,539.0,-0.22373710338567085,133.37,137.5,74.57,0.7758811474609376,8.0,44.0,674.1500244140625
QQQ,QQQ,2026-05-08,0.010958904109589041,C,540.0,-0.2218835347363479,132.31,136.5,135.27,0.7578149218750001,84.0,44.0,674.1500244140625
QQQ,QQQ,2026-05-08,0.010958904109589041,C,543.0,-0.2163433543607325,129.39,133.5,105.26,0.7573266455078126,1.0,1.0,674.1500244140625
QQQ,QQQ,2026-05-08,0.010958904109589041,C,545.0,-0.21266687963142394,127.39,131.5,119.47,0.7460962890625,1.0,42.0,674.1500244140625
QQQ,QQQ,2026-05-08,0.010958904109589041,C,547.0,-0.2090038718726868,125.37,129.5,82.85,0.7304714453125,1.0,0.0,674.1500244140625
QQQ,QQQ,2026-05-08,0.010958904109589041,C,548.0,-0.20717738734665242,124.33,128.5,46.3,0.7172879833984375,,1.0,674.1500244140625
QQQ,QQQ,2026-05-08,0.010958904109589041,C,550.0,-0.20353439606815132,122.38,126.5,124.69,0.7158231542968749,15.0,42.0,674.1500244140625
QQQ,QQQ,2026-05-08,0.010958904109589041,C,552.0,-0.19990462801757258,120.41,124.5,62.72,0.709963837890625,,3.0,674.1500244140625
QQQ,QQQ,2026-05-08,0.010958904109589041,C,553.0,-0.19809467277233322,119.41,123.5,38.24,0.7041045214843751,22.0,22.0,674.1500244140625
QQQ,QQQ,2026-05-08,0.010958904109589041,C,554.0,-0.1962879875473842,118.4,122.5,24.1,0.6972686523437501,,2.0,674.1500244140625
QQQ,QQQ,2026-05-08,0.010958904109589041,C,555.0,-0.19448456054823346,117.33,121.5,111.33,0.6787141503906251,251.0,378.0,674.1500244140625
QQQ,QQQ,2026-05-08,0.010958904109589041,C,556.0,-0.19268438004408558,116.37,120.5,39.04,0.6806672558593752,1.0,3.0,674.1500244140625
QQQ,QQQ,2026-05-08,0.010958904109589041,C,557.0,-0.19088743436738392,115.34,119.5,89.68,0.6689486230468751,1.0,1.0,674.1500244140625
QQQ,QQQ,2026-05-08,0.010958904109589041,C,558.0,-0.189093711913357,114.42,118.5,39.72,0.6782258740234376,1.0,7.0,674.1500244140625
QQQ,QQQ,2026-05-08,0.010958904109589041,C,559.0,-0.18730320113956875,113.42,117.5,31.12,0.6723665576171877,,2.0,674.1500244140625
QQQ,QQQ,2026-05-08,0.010958904109589041,C,560.0,-0.1855158905654731,112.42,116.5,115.35,0.6669955175781253,10.0,175.0,674.1500244140625
QQQ,QQQ,2026-05-08,0.010958904109589041,C,561.0,-0.1837317687719717,111.41,115.5,36.7,0.6596713720703126,1.0,16.0,674.1500244140625
QQQ,QQQ,2026-05-08,0.010958904109589041,C,562.0,-0.18195082440097693,110.38,114.5,53.05,0.6489292919921875,1.0,17.0,674.1500244140625
QQQ,QQQ,2026-05-08,0.010958904109589041,C,563.0,-0.1801730461549776,109.4,113.5,80.26,0.64648791015625,1.0,5.0,674.1500244140625
QQQ,QQQ,2026-05-08,0.010958904109589041,C,564.0,-0.17839842279660906,108.42,112.5,100.0,0.6445348046875,3.0,101.0,674.1500244140625
QQQ,QQQ,2026-05-08,0.010958904109589041,C,565.0,-0.176626943148227,107.42,111.5,100.13,0.63867548828125,5.0,157.0,674.1500244140625
QQQ,QQQ,2026-05-08,0.010958904109589041,C,566.0,-0.174858596091485,106.43,110.5,109.82,0.6347692773437501,1.0,24.0,674.1500244140625
QQQ,QQQ,2026-05-08,0.010958904109589041,C,567.0,-0.17309337056691584,105.35,109.5,31.44,0.6162147753906251,20.0,45.0,674.1500244140625
QQQ,QQQ,2026-05-08,0.010958904109589041,C,568.0,-0.17133125557351667,104.42,108.5,107.86,0.622074091796875,2.0,29.0,674.1500244140625
QQQ,QQQ,2026-05-08,0.010958904109589041,C,569.0,-0.16957224016833708,103.43,107.5,106.59,0.6181678808593751,1.0,12.0,674.1500244140625
QQQ,QQQ,2026-05-08,0.010958904109589041,C,570.0,-0.16781631346607215,102.43,106.5,104.05,0.6127968408203126,3.0,226.0,674.1500244140625
QQQ,QQQ,2026-05-08,0.010958904109589041,C,571.0,-0.16606346463865776,101.43,105.5,100.07,0.6069375244140626,10.0,15.0,674.1500244140625
QQQ,QQQ,2026-05-08,0.010958904109589041,C,572.0,-0.16431368291487006,100.39,104.5,102.87,0.5952188916015625,8.0,124.0,674.1500244140625
QQQ,QQQ,2026-05-08,0.010958904109589041,C,573.0,-0.16256695757992837,99.37,103.5,87.98,0.5864299169921875,7.0,33.0,674.1500244140625
QQQ,QQQ,2026-05-08,0.010958904109589041,C,574.0,-0.16082327797510151,98.36,102.5,99.19,0.5795940478515625,2.0,24.0,674.1500244140625
QQQ,QQQ,2026-05-08,0.010958904109589041,C,575.0,-0.15908263349731747,97.45,101.5,93.18,0.58789474609375,44.0,379.0,674.1500244140625
QQQ,QQQ,2026-05-08,0.010958904109589041,C,576.0,-0.15734501359877678,96.41,100.5,99.98,0.57617611328125,1.0,102.0,674.1500244140625
QQQ,QQQ,2026-05-08,0.010958904109589041,C,577.0,-0.15561040778656843,95.41,99.5,98.94,0.5708050732421875,1.0,21.0,674.1500244140625
QQQ,QQQ,2026-05-08,0.010958904109589041,C,578.0,-0.1538788056222905,94.45,98.5,95.11,0.5712933496093751,1.0,50.0,674.1500244140625
QQQ,QQQ,2026-05-08,0.010958904109589041,C,579.0,-0.1521501967216727,93.45,97.5,86.1,0.5654340332031251,1.0,16.0,674.1500244140625
QQQ,QQQ,2026-05-08,0.010958904109589041,C,580.0,-0.15042457075420293,92.46,96.5,95.29,0.561527822265625,7.0,130.0,674.1500244140625
QQQ,QQQ,2026-05-08,0.010958904109589041,C,581.0,-0.1487019174427567,91.41,95.5,77.77,0.5488326367187502,1.0,70.0,674.1500244140625
QQQ,QQQ,2026-05-08,0.010958904109589041,C,582.0,-0.1469822265632301,90.42,94.5,70.04,0.5449264257812501,2.0,71.0,674.1500244140625
QQQ,QQQ,2026-05-08,0.010958904109589041,C,583.0,-0.14526548794417565,89.46,93.5,90.15,0.5449264257812501,1.0,299.0,674.1500244140625
QQQ,QQQ,2026-05-08,0.010958904109589041,C,584.0,-0.14355169146644095,88.43,92.5,90.74,0.5351608984375,1.0,157.0,674.1500244140625
QQQ,QQQ,2026-05-08,0.010958904109589041,C,585.0,-0.1418408270628115,87.43,91.5,90.06,0.5297898583984376,5.0,532.0,674.1500244140625
QQQ,QQQ,2026-05-08,0.010958904109589041,C,586.0,-0.14013288471765536,86.43,90.5,82.45,0.524418818359375,3.0,133.0,674.1500244140625
QQQ,QQQ,2026-05-08,0.010958904109589041,C,587.0,-0.13842785446657152,85.46,89.5,88.43,0.5224657128906249,5.0,76.0,674.1500244140625
QQQ,QQQ,2026-05-08,0.010958904109589041,C,588.0,-0.13672572639604103,84.47,88.5,75.81,0.5185595019531251,15.0,269.0,674.1500244140625
QQQ,QQQ,2026-05-08,0.010958904109589041,C,589.0,-0.13502649064308123,83.44,87.5,78.88,0.508793974609375,3.0,330.0,674.1500244140625
QQQ,QQQ,2026-05-08,0.010958904109589041,C,590.0,-0.13333013739490276,82.44,86.5,85.58,0.5034229345703125,8.0,1229.0,674.1500244140625
QQQ,QQQ,2026-05-08,0.010958904109589041,C,591.0,-0.13163665688856982,81.47,85.5,83.48,0.5019581054687501,15.0,101.0,674.1500244140625
QQQ,QQQ,2026-05-08,0.010958904109589041,C,592.0,-0.12994603941066232,80.45,84.5,80.59,0.7379176599121093,1.0,144.0,674.1500244140625
QQQ,QQQ,2026-05-08,0.010958904109589041,C,593.0,-0.12825827529694253,79.45,83.5,81.23,0.7305935144042968,1.0,145.0,674.1500244140625
QQQ,QQQ,2026-05-08,0.010958904109589041,C,594.0,-0.12657335493202304,78.45,82.5,81.37,0.7232693688964844,1.0,182.0,674.1500244140625
QQQ,QQQ,2026-05-08,0.010958904109589041,C,595.0,-0.12489126874903819,77.48,81.5,80.74,0.7159452233886718,10.0,792.0,674.1500244140625
QQQ,QQQ,2026-05-08,0.010958904109589041,C,596.0,-0.12321200722931817,76.46,80.5,78.49,0.7084990087890625,5.0,77.0,674.1500244140625
QQQ,QQQ,2026-05-08,0.010958904109589041,C,597.0,-0.12153556090206584,75.48,79.5,78.21,0.70117486328125,3.0,59.0,674.1500244140625
QQQ,QQQ,2026-05-08,0.010958904109589041,C,598.0,-0.11986192034403617,74.49,78.5,77.46,0.6938507177734375,146.0,79.0,674.1500244140625
QQQ,QQQ,2026-05-08,0.010958904109589041,C,599.0,-0.11819107617921867,73.5,77.5,75.75,0.6865265722656251,1.0,255.0,674.1500244140625
QQQ,QQQ,2026-05-08,0.010958904109589041,C,600.0,-0.11652301907852163,72.47,76.5,76.46,0.6792024267578126,64.0,1131.0,674.1500244140625
QQQ,QQQ,2026-05-08,0.010958904109589041,C,601.0,-0.1148577397594604,71.47,75.5,73.82,0.6717562121582032,4.0,134.0,674.1500244140625
QQQ,QQQ,2026-05-08,0.010958904109589041,C,602.0,-0.11319522898584693,70.48,74.5,73.9,0.6644320666503909,2.0,203.0,674.1500244140625
QQQ,QQQ,2026-05-08,0.010958904109589041,C,603.0,-0.11153547756748251,69.46,73.5,53.44,0.6569858520507813,2.0,99.0,674.1500244140625
QQQ,QQQ,2026-05-08,0.010958904109589041,C,604.0,-0.10987847635985298,68.52,72.5,52.25,0.6496617065429688,1.0,233.0,674.1500244140625
QQQ,QQQ,2026-05-08,0.010958904109589041,C,605.0,-0.10822421626382646,67.52,71.5,70.49,0.6423375610351563,89.0,787.0,674.1500244140625
QQQ,QQQ,2026-05-08,0.010958904109589041,C,606.0,-0.10657268822535346,66.47,70.5,69.56,0.634891346435547,6.0,183.0,674.1500244140625
QQQ,QQQ,2026-05-08,0.010958904109589041,C,607.0,-0.10492388323516975,65.48,69.5,67.8,0.6275672009277344,6.0,244.0,674.1500244140625
QQQ,QQQ,2026-05-08,0.010958904109589041,C,608.0,-0.10327779232850098,64.48,68.5,66.89,0.6201209863281252,5.0,761.0,674.1500244140625
QQQ,QQQ,2026-05-08,0.010958904109589041,C,609.0,-0.10163440658477095,63.54,67.74,66.13,0.6293982373046876,5.0,213.0,674.1500244140625
QQQ,QQQ,2026-05-08,0.010958904109589041,C,610.0,-0.09999371712731103,62.5,66.72,64.59,0.6204871936035157,150.0,2401.0,674.1500244140625
QQQ,QQQ,2026-05-08,0.010958904109589041,C,611.0,-0.09835571512307262,61.5,65.67,64.45,0.6096230444335939,14.0,312.0,674.1500244140625
QQQ,QQQ,2026-05-08,0.010958904109589041,C,612.0,-0.09672039178234185,60.51,64.81,62.88,0.6113320117187502,5.0,406.0,674.1500244140625
QQQ,QQQ,2026-05-08,0.010958904109589041,C,613.0,-0.09508773835845652,59.54,63.68,60.78,0.5952188916015625,5.0,354.0,674.1500244140625
QQQ,QQQ,2026-05-08,0.010958904109589041,C,614.0,-0.09345774614752556,58.53,62.72,60.39,0.5903361279296876,44.0,136.0,674.1500244140625
QQQ,QQQ,2026-05-08,0.010958904109589041,C,615.0,-0.09183040648815013,57.54,61.82,59.59,0.5892375061035158,133.0,2342.0,674.1500244140625
QQQ,QQQ,2026-05-08,0.010958904109589041,C,616.0,-0.09020571076114821,56.53,60.7,59.88,0.5739788696289063,1.0,533.0,674.1500244140625
QQQ,QQQ,2026-05-08,0.010958904109589041,C,617.0,-0.08858365038928016,55.54,59.71,51.72,0.5671430004882813,1.0,102.0,674.1500244140625
QQQ,QQQ,2026-05-08,0.010958904109589041,C,618.0,-0.08696421683697719,54.56,58.73,57.12,0.5607954077148438,2.0,104.0,674.1500244140625
QQQ,QQQ,2026-05-08,0.010958904109589041,C,619.0,-0.08534740161007184,53.57,57.74,56.0,0.553837469482422,32.0,162.0,674.1500244140625
QQQ,QQQ,2026-05-08,0.010958904109589041,C,620.0,-0.08373319625553069,53.58,56.76,55.01,0.5474898767089844,122.0,2318.0,674.1500244140625
QQQ,QQQ,2026-05-08,0.010958904109589041,C,621.0,-0.08212159236118914,51.59,55.97,53.94,0.5524947094726562,2.0,84.0,674.1500244140625
QQQ,QQQ,2026-05-08,0.010958904109589041,C,622.0,-0.08051258155548857,50.6,54.8,52.74,0.5346726220703125,21.0,26.0,674.1500244140625
QQQ,QQQ,2026-05-08,0.010958904109589041,C,623.0,-0.07890615550721486,49.6,53.83,52.72,0.5288133056640626,10.0,102.0,674.1500244140625
QQQ,QQQ,2026-05-08,0.010958904109589041,C,624.0,-0.07730230592524032,48.62,52.84,49.95,0.5217332983398437,8.0,78.0,674.1500244140625
QQQ,QQQ,2026-05-08,0.010958904109589041,C,625.0,-0.07570102455826647,47.63,51.81,49.71,0.5122119091796875,104.0,2698.0,674.1500244140625
QQQ,QQQ,2026-05-08,0.010958904109589041,C,626.0,-0.07410230319456942,46.63,50.79,49.59,0.5034229345703125,22.0,88.0,674.1500244140625
QQQ,QQQ,2026-05-08,0.010958904109589041,C,627.0,-0.07250613366174724,45.66,50.0,48.67,0.5075732836914062,6.0,116.0,674.1500244140625
QQQ,QQQ,2026-05-08,0.010958904109589041,C,628.0,-0.07091250782646925,44.67,48.87,46.85,0.49255878540039066,10.0,124.0,674.1500244140625
QQQ,QQQ,2026-05-08,0.010958904109589041,C,629.0,-0.06932141759422739,43.69,47.89,46.68,0.4858449853515625,11.0,175.0,674.1500244140625
QQQ,QQQ,2026-05-08,0.010958904109589041,C,630.0,-0.06773285490908965,42.68,46.87,45.5,0.4769339416503906,85.0,2117.0,674.1500244140625
QQQ,QQQ,2026-05-08,0.010958904109589041,C,631.0,-0.06614681175345484,41.75,45.9,44.87,0.47083048706054687,59.0,87.0,674.1500244140625
QQQ,QQQ,2026-05-08,0.010958904109589041,C,632.0,-0.06456328014781056,40.75,44.89,43.33,0.4624077197265626,524.0,115.0,674.1500244140625
QQQ,QQQ,2026-05-08,0.010958904109589041,C,633.0,-0.06298225215049177,39.77,43.99,43.1,0.45990530334472657,18.0,331.0,674.1500244140625
QQQ,QQQ,2026-05-08,0.010958904109589041,C,634.0,-0.06140371985744203,38.81,42.94,41.53,0.4493463269042969,2.0,125.0,674.1500244140625
QQQ,QQQ,2026-05-08,0.010958904109589041,C,635.0,-0.05982767540197629,37.82,42.0,38.9,0.4445856323242187,91.0,1038.0,674.1500244140625
QQQ,QQQ,2026-05-08,0.010958904109589041,C,636.0,-0.058254110954545774,36.82,40.99,39.04,0.43604079589843747,13.0,142.0,674.1500244140625
QQQ,QQQ,2026-05-08,0.010958904109589041,C,637.0,-0.05668301872250456,35.85,40.0,37.83,0.4285945812988281,22.0,353.0,674.1500244140625
QQQ,QQQ,2026-05-08,0.010958904109589041,C,638.0,-0.05511439094987813,34.9,39.0,37.83,0.4205380212402344,7.0,374.0,674.1500244140625
QQQ,QQQ,2026-05-08,0.010958904109589041,C,639.0,-0.05354821991713319,33.93,38.0,37.03,0.4124814611816406,8.0,423.0,674.1500244140625
QQQ,QQQ,2026-05-08,0.010958904109589041,C,640.0,-0.05198449794095043,32.96,37.0,34.98,0.40442490112304685,190.0,3907.0,674.1500244140625
QQQ,QQQ,2026-05-08,0.010958904109589041,C,641.0,-0.05042321737399792,32.64,35.94,35.07,0.3934386828613281,20.0,224.0,674.1500244140625
QQQ,QQQ,2026-05-08,0.010958904109589041,C,642.0,-0.048864370604706775,31.58,34.91,34.55,0.38385625915527344,64.0,382.0,674.1500244140625
QQQ,QQQ,2026-05-08,0.010958904109589041,C,643.0,-0.04730795005704854,31.18,32.35,32.17,0.2893137475585937,28.0,254.0,674.1500244140625
QQQ,QQQ,2026-05-08,0.010958904109589041,C,644.0,-0.0457539481903143,29.73,32.99,32.32,0.37134417724609375,19.0,195.0,674.1500244140625
QQQ,QQQ,2026-05-08,0.010958904109589041,C,645.0,-0.04420235749889553,28.77,30.47,29.88,0.2829661547851562,198.0,8414.0,674.1500244140625
QQQ,QQQ,2026-05-08,0.010958904109589041,C,646.0,-0.04265317051206615,27.97,31.12,30.05,0.36084623535156246,77.0,1692.0,674.1500244140625
QQQ,QQQ,2026-05-08,0.010958904109589041,C,647.0,-0.041106379793767425,27.48,30.21,28.39,0.35645174804687496,759.0,429.0,674.1500244140625
QQQ,QQQ,2026-05-08,0.010958904109589041,C,648.0,-0.03956197794239328,26.55,27.64,28.48,0.2712475219726562,214.0,111.0,674.1500244140625
QQQ,QQQ,2026-05-08,0.010958904109589041,C,649.0,-0.03801995759057796,25.59,26.71,26.25,0.2676464837646484,13.0,113.0,674.1500244140625
QQQ,QQQ,2026-05-08,0.010958904109589041,C,650.0,-0.03648031140498515,24.24,25.8,25.31,0.26489992919921873,558.0,2482.0,674.1500244140625
QQQ,QQQ,2026-05-08,0.010958904109589041,C,651.0,-0.03494303208609868,23.37,26.5,24.69,0.334418276977539,74.0,231.0,674.1500244140625
QQQ,QQQ,2026-05-08,0.010958904109589041,C,652.0,-0.03340811236801496,22.91,24.39,23.72,0.2779613220214844,61.0,604.0,674.1500244140625
QQQ,QQQ,2026-05-08,0.010958904109589041,C,653.0,-0.03187554501823695,22.01,24.69,23.53,0.32434757690429683,28.0,182.0,674.1500244140625
QQQ,QQQ,2026-05-08,0.010958904109589041,C,654.0,-0.030345322837469296,21.13,22.69,22.79,0.2745433874511719,14.0,507.0,674.1500244140625
QQQ,QQQ,2026-05-08,0.010958904109589041,C,655.0,-0.028817438659416064,20.24,21.26,20.98,0.2474440490722656,1427.0,10732.0,674.1500244140625
QQQ,QQQ,2026-05-08,0.010958904109589041,C,656.0,-0.027291885350578925,18.9,22.04,21.2,0.31018756225585936,28.0,1991.0,674.1500244140625
QQQ,QQQ,2026-05-08,0.010958904109589041,C,657.0,-0.025768655810057443,18.04,21.18,20.31,0.30585410949707037,229.0,1928.0,674.1500244140625
QQQ,QQQ,2026-05-08,0.010958904109589041,C,658.0,-0.024247742969350738,17.23,20.35,18.07,0.3023751403808594,122.0,2441.0,674.1500244140625
QQQ,QQQ,2026-05-08,0.010958904109589041,C,659.0,-0.022729139792160704,16.89,19.51,17.99,0.29822479125976553,56.0,1157.0,674.1500244140625
QQQ,QQQ,2026-05-08,0.010958904109589041,C,660.0,-0.02121283927419668,16.14,16.97,16.3,0.2329178271484375,1692.0,9724.0,674.1500244140625
QQQ,QQQ,2026-05-08,0.010958904109589041,C,661.0,-0.019698834442981723,14.72,16.16,15.83,0.2306595489501953,92.0,422.0,674.1500244140625
QQQ,QQQ,2026-05-08,0.010958904109589041,C,662.0,-0.018187118357659782,13.92,15.36,15.22,0.22840127075195313,66.0,1242.0,674.1500244140625
QQQ,QQQ,2026-05-08,0.010958904109589041,C,663.0,-0.01667768410880547,13.62,14.57,15.16,0.22595988891601562,190.0,3100.0,674.1500244140625
QQQ,QQQ,2026-05-08,0.010958904109589041,C,664.0,-0.015170524818234112,12.88,13.71,14.35,0.22071091796874998,238.0,3039.0,674.1500244140625
QQQ,QQQ,2026-05-08,0.010958904109589041,C,665.0,-0.013665633638813809,12.3,12.65,12.61,0.20850400878906244,2247.0,8574.0,674.1500244140625
QQQ,QQQ,2026-05-08,0.010958904109589041,C,666.0,-0.012163003754278798,11.0,12.24,12.39,0.21723194885253905,141.0,3922.0,674.1500244140625
QQQ,QQQ,2026-05-08,0.010958904109589041,C,667.0,-0.010662628379044203,10.24,11.51,11.11,0.2148516015625,334.0,2911.0,674.1500244140625
QQQ,QQQ,2026-05-08,0.010958904109589041,C,668.0,-0.009164500758022292,9.98,10.75,10.51,0.21106745971679686,998.0,2120.0,674.1500244140625
QQQ,QQQ,2026-05-08,0.010958904109589041,C,669.0,-0.007668614166439553,9.32,9.99,9.76,0.20673400695800775,3523.0,3174.0,674.1500244140625
QQQ,QQQ,2026-05-08,0.010958904109589041,C,670.0,-0.006174961909656245,8.7,9.23,9.11,0.20191227783203125,4848.0,9148.0,674.1500244140625
QQQ,QQQ,2026-05-08,0.010958904109589041,C,671.0,-0.004683537322986182,7.74,8.76,8.45,0.20508607421874997,3519.0,842.0,674.1500244140625
QQQ,QQQ,2026-05-08,0.010958904109589041,C,672.0,-0.003194333771518416,7.72,8.16,7.8,0.2038043487548828,2738.0,1770.0,674.1500244140625
QQQ,QQQ,2026-05-08,0.010958904109589041,C,673.0,-0.001707344649940141,7.14,7.22,7.22,0.19196364685058598,2185.0,460.0,674.1500244140625
QQQ,QQQ,2026-05-08,0.010958904109589041,C,674.0,-0.00022256338236089726,6.56,6.87,6.62,0.19660227233886718,13189.0,1707.0,674.1500244140625
QQQ,QQQ,2026-05-08,0.010958904109589041,C,675.0,0.0012600165778617956,6.01,6.07,6.08,0.18756915954589842,54917.0,26813.0,674.1500244140625
QQQ,QQQ,2026-05-08,0.010958904109589041,C,676.0,0.002740401748296078,5.47,5.85,5.58,0.19464916687011719,9808.0,278.0,674.1500244140625
QQQ,QQQ,2026-05-08,0.010958904109589041,C,677.0,0.004218598617606995,4.73,5.32,5.06,0.1919941641235352,982.0,558.0,674.1500244140625
QQQ,QQQ,2026-05-08,0.010958904109589041,C,678.0,0.0056946136457275845,4.53,4.83,4.54,0.18982743774414065,2652.0,318.0,674.1500244140625
QQQ,QQQ,2026-05-08,0.010958904109589041,C,679.0,0.007168453264028157,3.82,4.38,4.12,0.18805743591308594,859.0,320.0,674.1500244140625
QQQ,QQQ,2026-05-08,0.010958904109589041,C,680.0,0.008640123875484428,3.67,3.72,3.73,0.17902432312011718,9441.0,5913.0,674.1500244140625
QQQ,QQQ,2026-05-08,0.010958904109589041,C,681.0,0.010109631854844425,3.02,3.54,3.3,0.18402915588378904,701.0,180.0,674.1500244140625
QQQ,QQQ,2026-05-08,0.010958904109589041,C,682.0,0.011576983548794172,2.68,3.17,3.13,0.18238122314453126,2411.0,220.0,674.1500244140625
QQQ,QQQ,2026-05-08,0.010958904109589041,C,683.0,0.013042185276122149,2.58,2.83,2.63,0.18091639404296872,1612.0,206.0,674.1500244140625
QQQ,QQQ,2026-05-08,0.010958904109589041,C,684.0,0.014505243327882562,2.06,2.51,2.31,0.17926846130371094,1353.0,151.0,674.1500244140625
QQQ,QQQ,2026-05-08,0.010958904109589041,C,685.0,0.015966163967557404,1.75,2.19,2.02,0.17670501037597658,3054.0,3344.0,674.1500244140625
QQQ,QQQ,2026-05-08,0.010958904109589041,C,686.0,0.017424953431217353,1.71,1.95,1.76,0.17627776855468752,1221.0,156.0,674.1500244140625
QQQ,QQQ,2026-05-08,0.010958904109589041,C,687.0,0.018881617927681484,1.48,1.71,1.52,0.1749350085449219,1007.0,271.0,674.1500244140625
QQQ,QQQ,2026-05-08,0.010958904109589041,C,688.0,0.0203361636386756,1.29,1.33,1.31,0.16651224121093755,836.0,154.0,674.1500244140625
QQQ,QQQ,2026-05-08,0.010958904109589041,C,689.0,0.021788596718990524,1.11,1.14,1.16,0.165047412109375,373.0,198.0,674.1500244140625
QQQ,QQQ,2026-05-08,0.010958904109589041,C,690.0,0.023238923296637033,0.76,1.11,0.94,0.17078465942382814,4273.0,2465.0,674.1500244140625
QQQ,QQQ,2026-05-08,0.010958904109589041,C,691.0,0.02468714947300188,0.76,0.82,0.82,0.16211775390625,2134.0,184.0,674.1500244140625
QQQ,QQQ,2026-05-08,0.010958904109589041,C,692.0,0.02613328132300156,0.66,0.68,0.69,0.1601646484375,692.0,346.0,674.1500244140625
QQQ,QQQ,2026-05-08,0.010958904109589041,C,693.0,0.02757732489523524,0.55,0.69,0.58,0.16724465576171876,2066.0,744.0,674.1500244140625
QQQ,QQQ,2026-05-08,0.010958904109589041,C,694.0,0.029019286212136525,0.46,0.61,0.47,0.1680991394042969,552.0,55.0,674.1500244140625
QQQ,QQQ,2026-05-08,0.010958904109589041,C,695.0,0.03045917127012417,0.38,0.51,0.39,0.1667563793945313,1499.0,2440.0,674.1500244140625
QQQ,QQQ,2026-05-08,0.010958904109589041,C,696.0,0.0318969860397517,0.32,0.46,0.33,0.16846534667968754,529.0,393.0,674.1500244140625
QQQ,QQQ,2026-05-08,0.010958904109589041,C,697.0,0.03333273646585595,0.26,0.4,0.3,0.16895362304687503,640.0,127.0,674.1500244140625
QQQ,QQQ,2026-05-08,0.010958904109589041,C,698.0,0.03476642846770455,0.2,0.35,0.23,0.16968603759765627,444.0,26.0,674.1500244140625
QQQ,QQQ,2026-05-08,0.010958904109589041,C,699.0,0.03619806793914235,0.18,0.2,0.18,0.157234990234375,379.0,204.0,674.1500244140625
QQQ,QQQ,2026-05-08,0.010958904109589041,C,700.0,0.03762766074873678,0.04,0.19,0.15,0.1606529248046875,2571.0,1883.0,674.1500244140625
QQQ,QQQ,2026-05-08,0.010958904109589041,C,705.0,0.04474512851760062,0.0,0.09,0.07,0.1645591357421875,2174.0,603.0,674.1500244140625
QQQ,QQQ,2026-05-08,0.010958904109589041,C,710.0,0.05181229574069314,0.04,0.26,0.06,0.22071091796874998,213.0,834.0,674.1500244140625
QQQ,QQQ,2026-05-08,0.010958904109589041,C,715.0,0.058829868399339756,0.03,0.67,0.04,0.2941965112304687,3056.0,70.0,674.1500244140625
QQQ,QQQ,2026-05-08,0.010958904109589041,C,720.0,0.06579853771543295,0.0,0.03,0.02,0.20117986328124998,1231.0,694.0,674.1500244140625
QQQ,QQQ,2026-05-08,0.010958904109589041,C,725.0,0.07271898056000681,0.02,0.1,0.05,0.2534254345703125,40.0,746.0,674.1500244140625
QQQ,QQQ,2026-05-08,0.010958904109589041,C,730.0,0.07959185984776891,0.0,0.03,0.05,0.23731231445312498,2001.0,240.0,674.1500244140625
QQQ,QQQ,2026-05-08,0.010958904109589041,C,735.0,0.08641782491816863,0.0,0.02,0.03,0.2461012890625,226.0,319.0,674.1500244140625
QQQ,QQQ,2026-05-08,0.010958904109589041,C,740.0,0.09319751190354746,0.0,0.22,0.03,0.3501041552734374,16.0,543.0,674.1500244140625
QQQ,QQQ,2026-05-08,0.010958904109589041,C,745.0,0.0999315440848916,0.0,0.22,0.02,0.3715883154296875,5.0,116.0,674.1500244140625
QQQ,QQQ,2026-05-08,0.010958904109589041,C,750.0,0.10662053223568807,0.01,0.02,0.04,0.29688203124999996,2.0,191.0,674.1500244140625
QQQ,QQQ,2026-05-08,0.010958904109589041,C,760.0,0.11986575898570884,0.0,0.01,0.01,0.3086006640625,1.0,66.0,674.1500244140625
QQQ,QQQ,2026-05-08,0.010958904109589041,C,770.0,0.13293784055306154,0.0,0.19,0.01,0.463872548828125,4.0,49.0,674.1500244140625
QQQ,QQQ,2026-05-08,0.010958904109589041,C,780.0,0.14584124538896936,0.0,0.2,0.01,0.50586431640625,95.0,5.0,674.1500244140625
QQQ,QQQ,2026-05-08,0.010958904109589041,C,790.0,0.15858027116639925,0.0,0.21,0.02,0.5019581054687501,1.0,271.0,674.1500244140625
QQQ,QQQ,2026-05-08,0.010958904109589041,C,800.0,0.1711590533732593,0.0,0.21,0.01,0.5361374511718751,13.0,1.0,674.1500244140625
QQQ,QQQ,2026-05-08,0.010958904109589041,C,810.0,0.18358157337181658,0.0,0.21,0.01,0.570316796875,50.0,51.0,674.1500244140625
QQQ,QQQ,2026-05-08,0.010958904109589041,C,820.0,0.19585166596363085,0.0,0.17,0.02,0.5898478515625001,2.0,3.0,674.1500244140625
QQQ,QQQ,2026-05-08,0.010958904109589041,C,830.0,0.2079730264959756,0.0,0.21,0.01,0.6367223828125,5.0,5.0,674.1500244140625
QQQ,QQQ,2026-05-08,0.010958904109589041,C,840.0,0.2199492175426914,0.0,0.21,0.01,0.6679720703125002,1.0,0.0,674.1500244140625
QQQ,QQQ,2026-05-08,0.010958904109589041,C,850.0,0.23178367518969417,0.0,0.65,0.01,0.8017597949218749,4.0,5.0,674.1500244140625
QQQ,QQQ,2026-05-08,0.010958904109589041,C,860.0,0.2434797149528854,0.0,0.21,0.01,0.7304714453125,50.0,81.0,674.1500244140625
QQQ,QQQ,2026-05-08,0.010958904109589041,P,295.0,-0.8264773179548481,0.0,0.6,0.02,2.58594103515625,43.0,411.0,674.1500244140625
QQQ,QQQ,2026-05-08,0.010958904109589041,P,300.0,-0.809670199638467,0.0,0.21,0.02,2.269535576171875,28.0,243.0,674.1500244140625
QQQ,QQQ,2026-05-08,0.010958904109589041,P,305.0,-0.7931408976872564,0.0,0.6,0.02,2.488285029296875,31.0,71.0,674.1500244140625
QQQ,QQQ,2026-05-08,0.010958904109589041,P,310.0,-0.776880376815476,0.0,0.6,0.03,2.441410146484375,2.0,840.0,674.1500244140625
QQQ,QQQ,2026-05-08,0.010958904109589041,P,315.0,-0.7608800354690349,0.0,0.07,0.01,1.9375003125,20.0,818.0,674.1500244140625
QQQ,QQQ,2026-05-08,0.010958904109589041,P,320.0,-0.7451316785008958,0.0,0.21,0.02,2.0976610058593748,496.0,501.0,674.1500244140625
QQQ,QQQ,2026-05-08,0.010958904109589041,P,325.0,-0.7296274919649305,0.0,0.15,0.02,1.9921875390625,92.0,366.0,674.1500244140625
QQQ,QQQ,2026-05-08,0.010958904109589041,P,330.0,-0.714360019834142,0.0,0.08,0.02,1.8437507812499998,39.0,44.0,674.1500244140625
QQQ,QQQ,2026-05-08,0.010958904109589041,P,335.0,-0.6993221424696016,0.0,0.01,0.02,1.5625021874999998,245.0,634.0,674.1500244140625
QQQ,QQQ,2026-05-08,0.010958904109589041,P,340.0,-0.6845070566844609,0.0,0.1,0.01,1.8085947070312498,10.0,20.0,674.1500244140625
QQQ,QQQ,2026-05-08,0.010958904109589041,P,345.0,-0.6699082572633083,0.0,0.1,0.02,1.7734386328124998,76.0,86.0,674.1500244140625
QQQ,QQQ,2026-05-08,0.010958904109589041,P,350.0,-0.6555195198112085,0.0,0.11,0.02,1.75000125,1.0,213.0,674.1500244140625
QQQ,QQQ,2026-05-08,0.010958904109589041,P,355.0,-0.6413348848192522,0.0,0.6,0.01,2.0439502026367187,10.0,382.0,674.1500244140625
QQQ,QQQ,2026-05-08,0.010958904109589041,P,360.0,-0.6273486428445123,0.0,0.22,0.01,1.7968760156249999,1960.0,2576.0,674.1500244140625
QQQ,QQQ,2026-05-08,0.010958904109589041,P,365.0,-0.6135553207121764,0.0,0.22,0.01,1.7578137109375,1472.0,1556.0,674.1500244140625
QQQ,QQQ,2026-05-08,0.010958904109589041,P,370.0,-0.5999496686563979,0.0,0.01,0.01,1.3437532812499997,519.0,934.0,674.1500244140625
QQQ,QQQ,2026-05-08,0.010958904109589041,P,375.0,-0.5865266483242573,0.0,0.01,0.01,1.3125034374999998,1.0,1699.0,674.1500244140625
QQQ,QQQ,2026-05-08,0.010958904109589041,P,380.0,-0.5732814215742364,0.0,0.11,0.01,1.5468772656249998,30.0,221.0,674.1500244140625
QQQ,QQQ,2026-05-08,0.010958904109589041,P,385.0,-0.5602093400068837,0.0,0.11,0.01,1.51172119140625,1904.0,1935.0,674.1500244140625
QQQ,QQQ,2026-05-08,0.010958904109589041,P,390.0,-0.5473059351709759,0.0,0.12,0.01,1.4921900390624998,560.0,2820.0,674.1500244140625
QQQ,QQQ,2026-05-08,0.010958904109589041,P,395.0,-0.5345669093935461,0.0,0.01,0.01,1.1875040625,437.0,149.0,674.1500244140625
QQQ,QQQ,2026-05-08,0.010958904109589041,P,400.0,-0.521988127186686,0.0,0.14,0.01,1.4492215039062502,971.0,1017.0,674.1500244140625
QQQ,QQQ,2026-05-08,0.010958904109589041,P,405.0,-0.5095656071881287,0.0,0.21,0.01,1.47265888671875,10.0,659.0,674.1500244140625
QQQ,QQQ,2026-05-08,0.010958904109589041,P,410.0,-0.49729551459631444,0.0,0.09,0.01,1.3281283593749997,25.0,2133.0,674.1500244140625
QQQ,QQQ,2026-05-08,0.010958904109589041,P,415.0,-0.4851741540639697,0.0,0.22,0.01,1.4140654296875002,584.0,631.0,674.1500244140625
QQQ,QQQ,2026-05-08,0.010958904109589041,P,420.0,-0.4731979630172539,0.0,0.69,0.01,1.5751974365234374,10.0,36.0,674.1500244140625
QQQ,QQQ,2026-05-08,0.010958904109589041,P,425.0,-0.4613635053702511,0.0,0.22,0.01,1.3515657421874998,7500.0,366.0,674.1500244140625
QQQ,QQQ,2026-05-08,0.010958904109589041,P,430.0,-0.4496674656070599,0.0,0.22,0.02,1.3203158984374999,11.0,745.0,674.1500244140625
QQQ,QQQ,2026-05-08,0.010958904109589041,P,435.0,-0.4381066432059838,0.0,0.22,0.03,1.2890660546875,4.0,119.0,674.1500244140625
QQQ,QQQ,2026-05-08,0.010958904109589041,P,440.0,-0.42667794738236114,0.0,0.22,0.03,1.2578162109375,4.0,90.0,674.1500244140625
QQQ,QQQ,2026-05-08,0.010958904109589041,P,445.0,-0.4153783921284278,0.0,0.22,0.01,1.2265663671875,5.0,408.0,674.1500244140625
QQQ,QQQ,2026-05-08,0.010958904109589041,P,450.0,-0.4042050915303025,0.0,0.22,0.01,1.1953165234375,47.0,577.0,674.1500244140625
QQQ,QQQ,2026-05-08,0.010958904109589041,P,455.0,-0.39315525534371754,0.0,0.22,0.04,1.1660197949218751,1.0,138.0,674.1500244140625
QQQ,QQQ,2026-05-08,0.010958904109589041,P,460.0,-0.38222618481152737,0.0,0.21,0.02,1.1308637207031251,760.0,272.0,674.1500244140625
QQQ,QQQ,2026-05-08,0.010958904109589041,P,465.0,-0.3714152687073116,0.01,0.22,0.02,1.11328568359375,13000.0,13261.0,674.1500244140625
QQQ,QQQ,2026-05-08,0.010958904109589041,P,470.0,-0.36071997959056373,0.01,0.21,0.02,1.0781296093750001,21259.0,264.0,674.1500244140625
QQQ,QQQ,2026-05-08,0.010958904109589041,P,475.0,-0.35013787026002685,0.01,0.22,0.04,1.0546922265625,5.0,54.0,674.1500244140625
QQQ,QQQ,2026-05-08,0.010958904109589041,P,480.0,-0.33966657039273135,0.01,0.09,0.01,0.9414068359375,3.0,174.0,674.1500244140625
QQQ,QQQ,2026-05-08,0.010958904109589041,P,485.0,-0.3293037833571848,0.01,0.22,0.03,0.9960937890625,6.0,397.0,674.1500244140625
QQQ,QQQ,2026-05-08,0.010958904109589041,P,490.0,-0.3190472831899956,0.01,0.22,0.02,0.9687503125,10.0,563.0,674.1500244140625
QQQ,QQQ,2026-05-08,0.010958904109589041,P,495.0,-0.30889491172597766,0.01,0.21,0.02,0.9355475195312499,1.0,788.0,674.1500244140625
QQQ,QQQ,2026-05-08,0.010958904109589041,P,500.0,-0.29884457587247626,0.01,0.02,0.02,0.7500025,166.0,895.0,674.1500244140625
QQQ,QQQ,2026-05-08,0.010958904109589041,P,501.0,-0.2968465732098032,0.0,0.22,0.06,0.9023447265625,48.0,367.0,674.1500244140625
QQQ,QQQ,2026-05-08,0.010958904109589041,P,502.0,-0.29485255460293874,0.0,0.17,0.21,0.8730481445312499,1.0,27.0,674.1500244140625
QQQ,QQQ,2026-05-08,0.010958904109589041,P,503.0,-0.2928625041949287,0.0,0.22,0.06,0.89257919921875,200.0,258.0,674.1500244140625
QQQ,QQQ,2026-05-08,0.010958904109589041,P,504.0,-0.2908764062232993,0.0,0.22,0.07,0.8867198828124999,2.0,43.0,674.1500244140625
QQQ,QQQ,2026-05-08,0.010958904109589041,P,505.0,-0.2888942450193081,0.0,0.22,0.02,0.8808605664062499,31.0,201.0,674.1500244140625
QQQ,QQQ,2026-05-08,0.010958904109589041,P,506.0,-0.2869160050072025,0.0,0.14,0.05,0.8339860351562498,4.0,247.0,674.1500244140625
QQQ,QQQ,2026-05-08,0.010958904109589041,P,507.0,-0.28494167070348486,0.0,0.14,0.02,0.8281267187499999,11.0,64.0,674.1500244140625
QQQ,QQQ,2026-05-08,0.010958904109589041,P,508.0,-0.2829712267161861,0.01,0.22,0.16,0.86914193359375,1.0,148.0,674.1500244140625
QQQ,QQQ,2026-05-08,0.010958904109589041,P,509.0,-0.28100465774414524,0.0,0.1,0.04,0.7929708203125,1.0,68.0,674.1500244140625
QQQ,QQQ,2026-05-08,0.010958904109589041,P,510.0,-0.2790419485762965,0.0,0.22,0.03,0.8535170898437501,3.0,217.0,674.1500244140625
QQQ,QQQ,2026-05-08,0.010958904109589041,P,511.0,-0.2770830840909635,0.0,0.1,0.03,0.7812521875,1.0,127.0,674.1500244140625
QQQ,QQQ,2026-05-08,0.010958904109589041,P,512.0,-0.27512804925516016,0.0,0.22,1.02,0.842775009765625,5.0,7.0,674.1500244140625
QQQ,QQQ,2026-05-08,0.010958904109589041,P,513.0,-0.27317682912389835,0.0,0.17,0.2,0.81445498046875,2.0,120.0,674.1500244140625
QQQ,QQQ,2026-05-08,0.010958904109589041,P,514.0,-0.2712294088395029,0.0,0.22,0.09,0.8320329296874999,2.0,34.0,674.1500244140625
QQQ,QQQ,2026-05-08,0.010958904109589041,P,515.0,-0.26928577363093187,0.0,0.69,0.02,0.9521489160156249,5.0,158.0,674.1500244140625
QQQ,QQQ,2026-05-08,0.010958904109589041,P,516.0,-0.26734590881310527,0.0,0.03,0.02,0.6796907031250001,3.0,136.0,674.1500244140625
QQQ,QQQ,2026-05-08,0.010958904109589041,P,517.0,-0.26540979978623885,0.0,0.22,0.08,0.8164080859374999,50.0,79.0,674.1500244140625
QQQ,QQQ,2026-05-08,0.010958904109589041,P,518.0,-0.26347743203518487,0.0,0.22,0.17,0.8105487695312499,8.0,103.0,674.1500244140625
QQQ,QQQ,2026-05-08,0.010958904109589041,P,519.0,-0.26154879112877927,0.0,0.17,0.05,0.7832052929687501,1.0,29.0,674.1500244140625
QQQ,QQQ,2026-05-08,0.010958904109589041,P,520.0,-0.25962386271919485,0.0,0.22,0.02,0.799806689453125,275.0,400.0,674.1500244140625
QQQ,QQQ,2026-05-08,0.010958904109589041,P,521.0,-0.257702632541301,0.0,0.02,0.02,0.632816171875,26.0,266.0,674.1500244140625
QQQ,QQQ,2026-05-08,0.010958904109589041,P,522.0,-0.2557850864120293,0.0,0.23,0.03,0.7929708203125,1.0,144.0,674.1500244140625
QQQ,QQQ,2026-05-08,0.010958904109589041,P,523.0,-0.2538712102297451,0.02,0.23,0.07,0.7949239257812499,29.0,995.0,674.1500244140625
QQQ,QQQ,2026-05-08,0.010958904109589041,P,524.0,-0.2519609899736258,0.0,0.03,0.02,0.64062859375,20.0,60.0,674.1500244140625
QQQ,QQQ,2026-05-08,0.010958904109589041,P,525.0,-0.2500544117030442,0.0,0.03,0.04,0.64062859375,101.0,323.0,674.1500244140625
QQQ,QQQ,2026-05-08,0.010958904109589041,P,526.0,-0.24815146155695808,0.0,0.23,0.04,0.77148666015625,41.0,170.0,674.1500244140625
QQQ,QQQ,2026-05-08,0.010958904109589041,P,527.0,-0.2462521257533056,0.0,0.23,0.31,0.7666038964843751,1.0,207.0,674.1500244140625
QQQ,QQQ,2026-05-08,0.010958904109589041,P,528.0,-0.24435639058840644,0.0,0.7,0.26,0.875977802734375,1.0,167.0,674.1500244140625
QQQ,QQQ,2026-05-08,0.010958904109589041,P,529.0,-0.24246424243636866,0.0,0.7,0.03,0.870118486328125,104.0,242.0,674.1500244140625
QQQ,QQQ,2026-05-08,0.010958904109589041,P,530.0,-0.2405756677485005,0.0,0.03,0.03,0.6171913281250001,25.0,3640.0,674.1500244140625
QQQ,QQQ,2026-05-08,0.010958904109589041,P,531.0,-0.23869065305272916,0.0,0.11,0.04,0.6875031250000001,1.0,555.0,674.1500244140625
QQQ,QQQ,2026-05-08,0.010958904109589041,P,532.0,-0.23680918495302358,0.0,0.7,0.21,0.852540537109375,1.0,211.0,674.1500244140625
QQQ,QQQ,2026-05-08,0.010958904109589041,P,533.0,-0.23493125012882343,0.0,0.14,0.06,0.6953155468750001,1.0,101.0,674.1500244140625
QQQ,QQQ,2026-05-08,0.010958904109589041,P,534.0,-0.2330568353344731,0.0,0.14,0.06,0.6914093359375001,2.0,239.0,674.1500244140625
QQQ,QQQ,2026-05-08,0.010958904109589041,P,535.0,-0.23118592739866137,0.01,0.03,0.04,0.6093789062500001,52.0,592.0,674.1500244140625
QQQ,QQQ,2026-05-08,0.010958904109589041,P,536.0,-0.22931851322386593,0.0,0.17,0.1,0.6953155468750001,499.0,377.0,674.1500244140625
QQQ,QQQ,2026-05-08,0.010958904109589041,P,537.0,-0.22745457978580333,0.0,0.7,0.13,0.8227556787109375,2.0,82.0,674.1500244140625
QQQ,QQQ,2026-05-08,0.010958904109589041,P,538.0,-0.2255941141328836,0.0,0.14,0.04,0.6699251757812501,22.0,139.0,674.1500244140625
QQQ,QQQ,2026-05-08,0.010958904109589041,P,539.0,-0.22373710338567085,0.0,0.23,0.08,0.70312796875,3.0,80.0,674.1500244140625
QQQ,QQQ,2026-05-08,0.010958904109589041,P,540.0,-0.2218835347363479,0.0,0.22,0.03,0.694338994140625,38.0,808.0,674.1500244140625
QQQ,QQQ,2026-05-08,0.010958904109589041,P,541.0,-0.22003339544818643,0.0,0.14,0.06,0.6562534375000001,2.0,133.0,674.1500244140625
QQQ,QQQ,2026-05-08,0.010958904109589041,P,542.0,-0.21818667285502172,0.01,0.03,0.03,0.57812921875,1.0,44.0,674.1500244140625
QQQ,QQQ,2026-05-08,0.010958904109589041,P,543.0,-0.2163433543607325,0.0,0.23,0.16,0.6816438085937502,1.0,163.0,674.1500244140625
QQQ,QQQ,2026-05-08,0.010958904109589041,P,544.0,-0.21450342743872527,0.01,0.03,0.03,0.5664105859375,1.0,105.0,674.1500244140625
QQQ,QQQ,2026-05-08,0.010958904109589041,P,545.0,-0.21266687963142394,0.01,0.22,0.03,0.6718782812500002,1.0,233.0,674.1500244140625
QQQ,QQQ,2026-05-08,0.010958904109589041,P,546.0,-0.21083369854976297,0.01,0.03,0.03,0.5585981640625001,6.0,48.0,674.1500244140625
QQQ,QQQ,2026-05-08,0.010958904109589041,P,547.0,-0.2090038718726868,0.0,0.23,0.04,0.6621127539062501,3.0,105.0,674.1500244140625
QQQ,QQQ,2026-05-08,0.010958904109589041,P,548.0,-0.20717738734665242,0.0,0.17,0.05,0.6347692773437501,2.0,121.0,674.1500244140625
QQQ,QQQ,2026-05-08,0.010958904109589041,P,549.0,-0.20535423278513731,0.01,0.22,0.05,0.6513706738281251,1.0,79.0,674.1500244140625
QQQ,QQQ,2026-05-08,0.010958904109589041,P,550.0,-0.20353439606815132,0.0,0.03,0.03,0.5273484765625001,86.0,1046.0,674.1500244140625
QQQ,QQQ,2026-05-08,0.010958904109589041,P,551.0,-0.20171786514175344,0.0,0.7,0.03,0.7407252490234374,10.0,124.0,674.1500244140625
QQQ,QQQ,2026-05-08,0.010958904109589041,P,552.0,-0.19990462801757258,0.0,0.7,0.05,0.735354208984375,2.0,291.0,674.1500244140625
QQQ,QQQ,2026-05-08,0.010958904109589041,P,553.0,-0.19809467277233322,0.0,0.23,0.05,0.63086306640625,1.0,200.0,674.1500244140625
QQQ,QQQ,2026-05-08,0.010958904109589041,P,554.0,-0.1962879875473842,0.0,0.23,0.15,0.6250037500000001,1.0,37.0,674.1500244140625
QQQ,QQQ,2026-05-08,0.010958904109589041,P,555.0,-0.19448456054823346,0.0,0.23,0.06,0.6201209863281252,1.0,278.0,674.1500244140625
QQQ,QQQ,2026-05-08,0.010958904109589041,P,556.0,-0.19268438004408558,0.0,0.03,0.05,0.500005,100.0,92.0,674.1500244140625
QQQ,QQQ,2026-05-08,0.010958904109589041,P,557.0,-0.19088743436738392,0.0,0.23,0.05,0.6103554589843752,5.0,107.0,674.1500244140625
QQQ,QQQ,2026-05-08,0.010958904109589041,P,558.0,-0.189093711913357,0.0,0.04,0.06,0.5039112109375,2.0,707.0,674.1500244140625
QQQ,QQQ,2026-05-08,0.010958904109589041,P,559.0,-0.18730320113956875,0.0,0.24,0.06,0.6025430371093752,4.0,121.0,674.1500244140625
QQQ,QQQ,2026-05-08,0.010958904109589041,P,560.0,-0.1855158905654731,0.0,0.04,0.03,0.5312546875,123.0,6382.0,674.1500244140625
QQQ,QQQ,2026-05-08,0.010958904109589041,P,561.0,-0.1837317687719717,0.0,0.24,0.07,0.5927775097656252,27.0,194.0,674.1500244140625
QQQ,QQQ,2026-05-08,0.010958904109589041,P,562.0,-0.18195082440097693,0.0,0.24,0.21,0.58789474609375,2.0,71.0,674.1500244140625
QQQ,QQQ,2026-05-08,0.010958904109589041,P,563.0,-0.1801730461549776,0.0,0.24,0.04,0.5820354296875,1.0,103.0,674.1500244140625
QQQ,QQQ,2026-05-08,0.010958904109589041,P,564.0,-0.17839842279660906,0.0,0.04,0.04,0.5117236328125,3.0,157.0,674.1500244140625
QQQ,QQQ,2026-05-08,0.010958904109589041,P,565.0,-0.176626943148227,0.0,0.04,0.03,0.507817421875,6.0,5653.0,674.1500244140625
QQQ,QQQ,2026-05-08,0.010958904109589041,P,566.0,-0.174858596091485,0.02,0.04,0.05,0.5019581054687501,10.0,210.0,674.1500244140625
QQQ,QQQ,2026-05-08,0.010958904109589041,P,567.0,-0.17309337056691584,0.0,0.23,0.15,0.5585981640625001,21.0,165.0,674.1500244140625
QQQ,QQQ,2026-05-08,0.010958904109589041,P,568.0,-0.17133125557351667,0.0,0.04,0.03,0.49219257812500006,577.0,282.0,674.1500244140625
QQQ,QQQ,2026-05-08,0.010958904109589041,P,569.0,-0.16957224016833708,0.0,0.23,0.05,0.5488326367187502,291.0,148.0,674.1500244140625
QQQ,QQQ,2026-05-08,0.010958904109589041,P,570.0,-0.16781631346607215,0.0,0.71,0.03,0.632816171875,2061.0,1091.0,674.1500244140625
QQQ,QQQ,2026-05-08,0.010958904109589041,P,571.0,-0.16606346463865776,0.0,0.23,0.05,0.5390671093750001,15.0,112.0,674.1500244140625
QQQ,QQQ,2026-05-08,0.010958904109589041,P,572.0,-0.16431368291487006,0.0,0.7,0.05,0.6201209863281252,3.0,580.0,674.1500244140625
QQQ,QQQ,2026-05-08,0.010958904109589041,P,573.0,-0.16256695757992837,0.0,0.24,0.05,0.5312546875,3.0,361.0,674.1500244140625
QQQ,QQQ,2026-05-08,0.010958904109589041,P,574.0,-0.16082327797510151,0.0,0.05,0.07,0.476567734375,3.0,724.0,674.1500244140625
QQQ,QQQ,2026-05-08,0.010958904109589041,P,575.0,-0.15908263349731747,0.04,0.05,0.06,0.4726615234375,20.0,1190.0,674.1500244140625
QQQ,QQQ,2026-05-08,0.010958904109589041,P,576.0,-0.15734501359877678,0.0,0.05,0.06,0.46680220703125,3.0,205.0,674.1500244140625
QQQ,QQQ,2026-05-08,0.010958904109589041,P,577.0,-0.15561040778656843,0.03,0.05,0.07,0.46289599609375004,20.0,202.0,674.1500244140625
QQQ,QQQ,2026-05-08,0.010958904109589041,P,578.0,-0.1538788056222905,0.03,0.05,0.08,0.45703667968750006,34.0,197.0,674.1500244140625
QQQ,QQQ,2026-05-08,0.010958904109589041,P,579.0,-0.1521501967216727,0.03,0.05,0.07,0.45313046875,19.0,310.0,674.1500244140625
QQQ,QQQ,2026-05-08,0.010958904109589041,P,580.0,-0.15042457075420293,0.03,0.05,0.04,0.44922425781249997,5036.0,2065.0,674.1500244140625
QQQ,QQQ,2026-05-08,0.010958904109589041,P,581.0,-0.1487019174427567,0.03,0.05,0.08,0.44336494140625,19.0,558.0,674.1500244140625
QQQ,QQQ,2026-05-08,0.010958904109589041,P,582.0,-0.1469822265632301,0.0,0.14,0.09,0.49609878906250005,14.0,787.0,674.1500244140625
QQQ,QQQ,2026-05-08,0.010958904109589041,P,583.0,-0.14526548794417565,0.0,0.09,0.08,0.46484910156250003,45.0,827.0,674.1500244140625
QQQ,QQQ,2026-05-08,0.010958904109589041,P,584.0,-0.14355169146644095,0.0,0.25,0.04,0.52539537109375,7.0,926.0,674.1500244140625
QQQ,QQQ,2026-05-08,0.010958904109589041,P,585.0,-0.1418408270628115,0.0,0.17,0.07,0.49268085449218757,217.0,1629.0,674.1500244140625
QQQ,QQQ,2026-05-08,0.010958904109589041,P,586.0,-0.14013288471765536,0.0,0.16,0.26,0.48340360351562506,3.0,1623.0,674.1500244140625
QQQ,QQQ,2026-05-08,0.010958904109589041,P,587.0,-0.13842785446657152,0.04,0.06,0.1,0.424810439453125,23.0,240.0,674.1500244140625
QQQ,QQQ,2026-05-08,0.010958904109589041,P,588.0,-0.13672572639604103,0.0,0.06,0.09,0.41992767578125,12.0,1564.0,674.1500244140625
QQQ,QQQ,2026-05-08,0.010958904109589041,P,589.0,-0.13502649064308123,0.04,0.06,0.07,0.41602146484374997,27.0,177.0,674.1500244140625
QQQ,QQQ,2026-05-08,0.010958904109589041,P,590.0,-0.13333013739490276,0.04,0.05,0.05,0.4023497265625,653.0,3757.0,674.1500244140625
QQQ,QQQ,2026-05-08,0.010958904109589041,P,591.0,-0.13163665688856982,0.0,0.25,0.1,0.48730981445312505,116.0,108.0,674.1500244140625
QQQ,QQQ,2026-05-08,0.010958904109589041,P,592.0,-0.12994603941066232,0.0,0.16,0.08,0.45264219238281256,239.0,173.0,674.1500244140625
QQQ,QQQ,2026-05-08,0.010958904109589041,P,593.0,-0.12825827529694253,0.0,0.09,0.11,0.41602146484374997,5.0,190.0,674.1500244140625
QQQ,QQQ,2026-05-08,0.010958904109589041,P,594.0,-0.12657335493202304,0.0,0.72,0.08,0.561527822265625,209.0,181.0,674.1500244140625
QQQ,QQQ,2026-05-08,0.010958904109589041,P,595.0,-0.12489126874903819,0.0,0.26,0.08,0.4687553125,132.0,1599.0,674.1500244140625
QQQ,QQQ,2026-05-08,0.010958904109589041,P,596.0,-0.12321200722931817,0.05,0.16,0.1,0.4321345849609375,21.0,136.0,674.1500244140625
QQQ,QQQ,2026-05-08,0.010958904109589041,P,597.0,-0.12153556090206584,0.05,0.27,0.1,0.46045461425781253,7.0,614.0,674.1500244140625
QQQ,QQQ,2026-05-08,0.010958904109589041,P,598.0,-0.11986192034403617,0.0,0.1,0.08,0.39649041015625003,91.0,928.0,674.1500244140625
QQQ,QQQ,2026-05-08,0.010958904109589041,P,599.0,-0.11819107617921867,0.0,0.12,0.12,0.401373173828125,62.0,471.0,674.1500244140625
QQQ,QQQ,2026-05-08,0.010958904109589041,P,600.0,-0.11652301907852163,0.0,0.13,0.08,0.40039662109375,267.0,7303.0,674.1500244140625
QQQ,QQQ,2026-05-08,0.010958904109589041,P,601.0,-0.1148577397594604,0.06,0.08,0.09,0.372076591796875,94.0,153.0,674.1500244140625
QQQ,QQQ,2026-05-08,0.010958904109589041,P,602.0,-0.11319522898584693,0.06,0.27,0.12,0.4331111376953125,37.0,391.0,674.1500244140625
QQQ,QQQ,2026-05-08,0.010958904109589041,P,603.0,-0.11153547756748251,0.0,0.28,0.11,0.43018147949218755,14.0,399.0,674.1500244140625
QQQ,QQQ,2026-05-08,0.010958904109589041,P,604.0,-0.10987847635985298,0.0,0.28,0.1,0.424810439453125,26.0,500.0,674.1500244140625
QQQ,QQQ,2026-05-08,0.010958904109589041,P,605.0,-0.10822421626382646,0.0,0.09,0.09,0.35742830078125,252.0,8600.0,674.1500244140625
QQQ,QQQ,2026-05-08,0.010958904109589041,P,606.0,-0.10657268822535346,0.08,0.29,0.13,0.41602146484374997,4.0,996.0,674.1500244140625
QQQ,QQQ,2026-05-08,0.010958904109589041,P,607.0,-0.10492388323516975,0.0,0.29,0.13,0.4106504248046875,109.0,1105.0,674.1500244140625
QQQ,QQQ,2026-05-08,0.010958904109589041,P,608.0,-0.10327779232850098,0.0,0.1,0.11,0.34766277343749996,82.0,1014.0,674.1500244140625
QQQ,QQQ,2026-05-08,0.010958904109589041,P,609.0,-0.10163440658477095,0.0,0.29,0.14,0.39942006835937505,86.0,248.0,674.1500244140625
QQQ,QQQ,2026-05-08,0.010958904109589041,P,610.0,-0.09999371712731103,0.05,0.3,0.11,0.39600213378906257,1839.0,12560.0,674.1500244140625
QQQ,QQQ,2026-05-08,0.010958904109589041,P,611.0,-0.09835571512307262,0.09,0.11,0.12,0.33789724609375,26.0,726.0,674.1500244140625
QQQ,QQQ,2026-05-08,0.010958904109589041,P,612.0,-0.09672039178234185,0.09,0.11,0.09,0.33301448242187504,59.0,710.0,674.1500244140625
QQQ,QQQ,2026-05-08,0.010958904109589041,P,613.0,-0.09508773835845652,0.1,0.21,0.17,0.3588931298828125,35.0,743.0,674.1500244140625
QQQ,QQQ,2026-05-08,0.010958904109589041,P,614.0,-0.09345774614752556,0.1,0.12,0.14,0.3266668896484375,34.0,361.0,674.1500244140625
QQQ,QQQ,2026-05-08,0.010958904109589041,P,615.0,-0.09183040648815013,0.11,0.14,0.12,0.3286199951171874,16535.0,14629.0,674.1500244140625
QQQ,QQQ,2026-05-08,0.010958904109589041,P,616.0,-0.09020571076114821,0.11,0.13,0.15,0.32031929687499994,64.0,381.0,674.1500244140625
QQQ,QQQ,2026-05-08,0.010958904109589041,P,617.0,-0.08858365038928016,0.12,0.14,0.15,0.31836619140624994,49.0,572.0,674.1500244140625
QQQ,QQQ,2026-05-08,0.010958904109589041,P,618.0,-0.08696421683697719,0.12,0.15,0.15,0.31641308593749995,262.0,796.0,674.1500244140625
QQQ,QQQ,2026-05-08,0.010958904109589041,P,619.0,-0.08534740161007184,0.13,0.15,0.15,0.31153032226562494,527.0,321.0,674.1500244140625
QQQ,QQQ,2026-05-08,0.010958904109589041,P,620.0,-0.08373319625553069,0.14,0.16,0.16,0.3090889404296875,1365.0,3619.0,674.1500244140625
QQQ,QQQ,2026-05-08,0.010958904109589041,P,621.0,-0.08212159236118914,0.15,0.36,0.16,0.3461979443359374,405.0,321.0,674.1500244140625
QQQ,QQQ,2026-05-08,0.010958904109589041,P,622.0,-0.08051258155548857,0.15,0.37,0.18,0.34229173339843744,39.0,406.0,674.1500244140625
QQQ,QQQ,2026-05-08,0.010958904109589041,P,623.0,-0.07890615550721486,0.16,0.38,0.19,0.33814138427734375,170.0,942.0,674.1500244140625
QQQ,QQQ,2026-05-08,0.010958904109589041,P,624.0,-0.07730230592524032,0.17,0.29,0.17,0.3171455004882812,99.0,510.0,674.1500244140625
QQQ,QQQ,2026-05-08,0.010958904109589041,P,625.0,-0.07570102455826647,0.18,0.21,0.18,0.29566134033203123,1559.0,9045.0,674.1500244140625
QQQ,QQQ,2026-05-08,0.010958904109589041,P,626.0,-0.07410230319456942,0.2,0.21,0.2,0.29053443847656246,377.0,1770.0,674.1500244140625
QQQ,QQQ,2026-05-08,0.010958904109589041,P,627.0,-0.07250613366174724,0.21,0.23,0.22,0.2890696093749999,95.0,589.0,674.1500244140625
QQQ,QQQ,2026-05-08,0.010958904109589041,P,628.0,-0.07091250782646925,0.22,0.26,0.23,0.28955788574218744,134.0,694.0,674.1500244140625
QQQ,QQQ,2026-05-08,0.010958904109589041,P,629.0,-0.06932141759422739,0.25,0.26,0.26,0.2841868457031249,494.0,421.0,674.1500244140625
QQQ,QQQ,2026-05-08,0.010958904109589041,P,630.0,-0.06773285490908965,0.25,0.27,0.27,0.2805247729492187,3514.0,26103.0,674.1500244140625
QQQ,QQQ,2026-05-08,0.010958904109589041,P,631.0,-0.06614681175345484,0.27,0.31,0.29,0.28174546386718746,193.0,373.0,674.1500244140625
QQQ,QQQ,2026-05-08,0.010958904109589041,P,632.0,-0.06456328014781056,0.29,0.32,0.3,0.2778392529296875,400.0,586.0,674.1500244140625
QQQ,QQQ,2026-05-08,0.010958904109589041,P,633.0,-0.06298225215049177,0.32,0.46,0.32,0.2912668530273437,5727.0,3188.0,674.1500244140625
QQQ,QQQ,2026-05-08,0.010958904109589041,P,634.0,-0.06140371985744203,0.33,0.36,0.36,0.2722240747070312,1219.0,431.0,674.1500244140625
QQQ,QQQ,2026-05-08,0.010958904109589041,P,635.0,-0.05982767540197629,0.37,0.51,0.36,0.2854075366210937,65028.0,65778.0,674.1500244140625
QQQ,QQQ,2026-05-08,0.010958904109589041,P,636.0,-0.058254110954545774,0.35,0.43,0.4,0.26978269287109374,308.0,1518.0,674.1500244140625
QQQ,QQQ,2026-05-08,0.010958904109589041,P,637.0,-0.05668301872250456,0.42,0.44,0.43,0.2651440673828125,798.0,3523.0,674.1500244140625
QQQ,QQQ,2026-05-08,0.010958904109589041,P,638.0,-0.05511439094987813,0.45,0.49,0.45,0.2650219982910156,507.0,1582.0,674.1500244140625
QQQ,QQQ,2026-05-08,0.010958904109589041,P,639.0,-0.05354821991713319,0.48,0.52,0.49,0.2622144091796875,325.0,982.0,674.1500244140625
QQQ,QQQ,2026-05-08,0.010958904109589041,P,640.0,-0.05198449794095043,0.52,0.53,0.53,0.25708750732421876,3749.0,11088.0,674.1500244140625
QQQ,QQQ,2026-05-08,0.010958904109589041,P,641.0,-0.05042321737399792,0.42,0.6,0.57,0.25794199096679693,384.0,385.0,674.1500244140625
QQQ,QQQ,2026-05-08,0.010958904109589041,P,642.0,-0.048864370604706775,0.6,0.63,0.62,0.25440198730468755,720.0,653.0,674.1500244140625
QQQ,QQQ,2026-05-08,0.010958904109589041,P,643.0,-0.04730795005704854,0.51,0.81,0.66,0.2633130310058594,193.0,311.0,674.1500244140625
QQQ,QQQ,2026-05-08,0.010958904109589041,P,644.0,-0.0457539481903143,0.7,0.73,0.72,0.25025163818359375,542.0,439.0,674.1500244140625
QQQ,QQQ,2026-05-08,0.010958904109589041,P,645.0,-0.04420235749889553,0.68,0.8,0.77,0.24927508544921873,67750.0,16492.0,674.1500244140625
QQQ,QQQ,2026-05-08,0.010958904109589041,P,646.0,-0.04265317051206615,0.81,0.85,0.81,0.24646749633789064,1950.0,523.0,674.1500244140625
QQQ,QQQ,2026-05-08,0.010958904109589041,P,647.0,-0.041106379793767425,0.88,0.91,0.88,0.24402611450195313,682.0,1803.0,674.1500244140625
QQQ,QQQ,2026-05-08,0.010958904109589041,P,648.0,-0.03956197794239328,0.94,1.05,0.95,0.24658956542968752,603.0,1815.0,674.1500244140625
QQQ,QQQ,2026-05-08,0.010958904109589041,P,649.0,-0.03801995759057796,1.02,1.06,1.05,0.2401199035644531,517.0,533.0,674.1500244140625
QQQ,QQQ,2026-05-08,0.010958904109589041,P,650.0,-0.03648031140498515,1.1,1.14,1.11,0.23804472900390622,9210.0,7111.0,674.1500244140625
QQQ,QQQ,2026-05-08,0.010958904109589041,P,651.0,-0.03494303208609868,1.18,1.23,1.2,0.23609162353515623,587.0,805.0,674.1500244140625
QQQ,QQQ,2026-05-08,0.010958904109589041,P,652.0,-0.03340811236801496,1.11,1.49,1.3,0.24292749267578123,542.0,603.0,674.1500244140625
QQQ,QQQ,2026-05-08,0.010958904109589041,P,653.0,-0.03187554501823695,1.38,1.42,1.41,0.23157506713867188,1073.0,1060.0,674.1500244140625
QQQ,QQQ,2026-05-08,0.010958904109589041,P,654.0,-0.030345322837469296,1.29,1.71,1.48,0.23841093627929685,1194.0,2111.0,674.1500244140625
QQQ,QQQ,2026-05-08,0.010958904109589041,P,655.0,-0.028817438659416064,1.58,1.65,1.61,0.22766885620117186,13769.0,9943.0,674.1500244140625
QQQ,QQQ,2026-05-08,0.010958904109589041,P,656.0,-0.027291885350578925,1.72,1.97,1.76,0.23432162170410153,1931.0,1384.0,674.1500244140625
QQQ,QQQ,2026-05-08,0.010958904109589041,P,657.0,-0.025768655810057443,1.65,1.99,1.88,0.2269364416503906,1643.0,1202.0,674.1500244140625
QQQ,QQQ,2026-05-08,0.010958904109589041,P,658.0,-0.024247742969350738,1.98,2.06,2.01,0.22150436706542967,1158.0,1477.0,674.1500244140625
QQQ,QQQ,2026-05-08,0.010958904109589041,P,659.0,-0.022729139792160704,2.16,2.23,2.19,0.2199785034179687,1709.0,613.0,674.1500244140625
QQQ,QQQ,2026-05-08,0.010958904109589041,P,660.0,-0.02121283927419668,2.33,2.4,2.35,0.2179643634033203,9281.0,3591.0,674.1500244140625
QQQ,QQQ,2026-05-08,0.010958904109589041,P,661.0,-0.019698834442981723,2.5,2.64,2.54,0.2181474670410156,921.0,599.0,674.1500244140625
QQQ,QQQ,2026-05-08,0.010958904109589041,P,662.0,-0.018187118357659782,2.48,2.96,2.72,0.22052781433105467,1914.0,1022.0,674.1500244140625
QQQ,QQQ,2026-05-08,0.010958904109589041,P,663.0,-0.01667768410880547,2.92,3.2,2.92,0.21936815795898437,887.0,990.0,674.1500244140625
QQQ,QQQ,2026-05-08,0.010958904109589041,P,664.0,-0.015170524818234112,3.13,3.4,3.15,0.21631643066406248,1269.0,2468.0,674.1500244140625
QQQ,QQQ,2026-05-08,0.010958904109589041,P,665.0,-0.013665633638813809,3.41,3.5,3.41,0.20954159606933592,9668.0,1634.0,674.1500244140625
QQQ,QQQ,2026-05-08,0.010958904109589041,P,666.0,-0.012163003754278798,3.43,3.95,3.67,0.21375297973632812,898.0,595.0,674.1500244140625
QQQ,QQQ,2026-05-08,0.010958904109589041,P,667.0,-0.010662628379044203,3.85,3.97,3.97,0.2034991760253906,1363.0,493.0,674.1500244140625
QQQ,QQQ,2026-05-08,0.010958904109589041,P,668.0,-0.009164500758022292,4.2,4.5,4.28,0.2089312506103515,5219.0,423.0,674.1500244140625
QQQ,QQQ,2026-05-08,0.010958904109589041,P,669.0,-0.007668614166439553,4.3,4.82,4.58,0.20703917968749996,929.0,211.0,674.1500244140625
QQQ,QQQ,2026-05-08,0.010958904109589041,P,670.0,-0.006174961909656245,4.86,5.14,4.9,0.20459779785156246,21846.0,498.0,674.1500244140625
QQQ,QQQ,2026-05-08,0.010958904109589041,P,671.0,-0.004683537322986182,5.06,5.58,5.2,0.20514710876464842,860.0,42.0,674.1500244140625
QQQ,QQQ,2026-05-08,0.010958904109589041,P,672.0,-0.003194333771518416,5.36,5.91,5.61,0.20179020874023437,3244.0,36.0,674.1500244140625
QQQ,QQQ,2026-05-08,0.010958904109589041,P,673.0,-0.001707344649940141,5.84,6.32,6.05,0.20014227600097656,2236.0,30.0,674.1500244140625
QQQ,QQQ,2026-05-08,0.010958904109589041,P,674.0,-0.00022256338236089726,6.17,6.69,6.43,0.1966633068847656,3288.0,6.0,674.1500244140625
QQQ,QQQ,2026-05-08,0.010958904109589041,P,675.0,0.0012600165778617956,6.84,6.93,6.93,0.18872881591796875,27397.0,140.0,674.1500244140625
QQQ,QQQ,2026-05-08,0.010958904109589041,P,676.0,0.002740401748296078,7.08,7.41,7.45,0.18708088317871097,2817.0,10.0,674.1500244140625
QQQ,QQQ,2026-05-08,0.010958904109589041,P,677.0,0.004218598617606995,7.58,8.28,7.7,0.1961139959716797,521.0,115.0,674.1500244140625
QQQ,QQQ,2026-05-08,0.010958904109589041,P,678.0,0.0056946136457275845,8.1,8.78,8.11,0.19367261413574222,413.0,20.0,674.1500244140625
QQQ,QQQ,2026-05-08,0.010958904109589041,P,679.0,0.007168453264028157,8.65,9.39,8.65,0.19379468322753907,407.0,2.0,674.1500244140625
QQQ,QQQ,2026-05-08,0.010958904109589041,P,680.0,0.008640123875484428,8.9,9.85,9.55,0.18860674682617187,1458.0,52.0,674.1500244140625
QQQ,QQQ,2026-05-08,0.010958904109589041,P,681.0,0.010109631854844425,9.81,10.59,9.4,0.19129226684570313,87.0,0.0,674.1500244140625
QQQ,QQQ,2026-05-08,0.010958904109589041,P,682.0,0.011576983548794172,10.5,11.27,10.75,0.19147537048339847,105.0,5.0,674.1500244140625
QQQ,QQQ,2026-05-08,0.010958904109589041,P,683.0,0.013042185276122149,11.02,11.91,11.25,0.18964433410644532,43.0,1.0,674.1500244140625
QQQ,QQQ,2026-05-08,0.010958904109589041,P,684.0,0.014505243327882562,11.28,12.66,12.11,0.1907429559326172,6.0,0.0,674.1500244140625
QQQ,QQQ,2026-05-08,0.010958904109589041,P,685.0,0.015966163967557404,12.51,13.24,11.75,0.18512777770996092,99.0,1.0,674.1500244140625
QQQ,QQQ,2026-05-08,0.010958904109589041,P,686.0,0.017424953431217353,13.24,14.06,13.54,0.18726398681640627,2.0,0.0,674.1500244140625
QQQ,QQQ,2026-05-08,0.010958904109589041,P,687.0,0.018881617927681484,14.05,14.88,13.66,0.18891191955566405,2.0,0.0,674.1500244140625
QQQ,QQQ,2026-05-08,0.010958904109589041,P,688.0,0.0203361636386756,14.83,15.66,14.93,0.18836260864257812,5.0,0.0,674.1500244140625
QQQ,QQQ,2026-05-08,0.010958904109589041,P,690.0,0.023238923296637033,16.04,17.35,17.0,0.19068192138671874,465.0,48.0,674.1500244140625
QQQ,QQQ,2026-05-08,0.010958904109589041,P,691.0,0.02468714947300188,16.97,18.23,16.72,0.19263502685546874,10.0,0.0,674.1500244140625
QQQ,QQQ,2026-05-08,0.010958904109589041,P,693.0,0.02757732489523524,18.61,21.59,25.0,0.26618165466308596,,2.0,674.1500244140625
QQQ,QQQ,2026-05-08,0.010958904109589041,P,695.0,0.03045917127012417,20.45,22.06,19.94,0.21265435791015624,14.0,0.0,674.1500244140625
QQQ,QQQ,2026-05-08,0.010958904109589041,P,700.0,0.03762766074873678,25.77,26.97,26.3,0.24097438720703124,8.0,12.0,674.1500244140625
QQQ,QQQ,2026-05-08,0.010958904109589041,P,705.0,0.04474512851760062,30.29,33.13,32.66,0.3364324169921875,1.0,0.0,674.1500244140625
QQQ,QQQ,2026-05-08,0.010958904109589041,P,725.0,0.07271898056000681,49.0,53.06,52.63,0.4646049633789063,1.0,0.0,674.1500244140625
QQQ,QQQ,2026-05-08,0.010958904109589041,P,730.0,0.07959185984776891,54.0,58.06,54.26,0.4953663745117188,10.0,0.0,674.1500244140625
QQQ,QQQ,2026-05-08,0.010958904109589041,P,735.0,0.08641782491816863,59.0,63.06,71.88,0.52539537109375,,0.0,674.1500244140625
QQQ,QQQ,2026-05-08,0.010958904109589041,P,750.0,0.10662053223568807,74.0,78.06,76.2,0.6120644262695314,20.0,0.0,674.1500244140625
QQQ,QQQ,2026-05-08,0.010958904109589041,P,760.0,0.11986575898570884,84.16,88.02,85.36,0.664309997558594,1.0,1.0,674.1500244140625
QQQ,QQQ,2026-05-08,0.010958904109589041,P,770.0,0.13293784055306154,94.17,98.02,95.38,0.7176541906738281,1.0,0.0,674.1500244140625
QQQ,QQQ,2026-05-08,0.010958904109589041,P,800.0,0.1711590533732593,124.16,128.02,132.49,0.6044961425781252,1.0,1.0,674.1500244140625
QQQ,QQQ,2026-05-08,0.010958904109589041,P,810.0,0.18358157337181658,134.15,138.02,142.51,0.639652041015625,,0.0,674.1500244140625
QQQ,QQQ,2026-05-15,0.030136986301369864,C,305.0,-0.7931408976872564,367.41,371.5,345.2,1.673829755859375,12.0,36.0,674.1500244140625
QQQ,QQQ,2026-05-15,0.030136986301369864,C,315.0,-0.7608800354690349,357.4,361.5,349.43,1.6064472802734375,1.0,1.0,674.1500244140625
QQQ,QQQ,2026-05-15,0.030136986301369864,C,330.0,-0.714360019834142,342.45,346.5,324.29,1.5302757861328122,4.0,2.0,674.1500244140625
QQQ,QQQ,2026-05-15,0.030136986301369864,C,335.0,-0.6993221424696016,337.46,341.5,231.92,1.50390873046875,1.0,2.0,674.1500244140625
QQQ,QQQ,2026-05-15,0.030136986301369864,C,340.0,-0.6845070566844609,332.47,336.5,218.94,1.4765651171875,1.0,1.0,674.1500244140625
QQQ,QQQ,2026-05-15,0.030136986301369864,C,345.0,-0.6699082572633083,327.47,331.5,314.01,1.4472683886718751,20.0,12.0,674.1500244140625
QQQ,QQQ,2026-05-15,0.030136986301369864,C,350.0,-0.6555195198112085,322.48,326.5,314.97,1.421877890625,2.0,6.0,674.1500244140625
QQQ,QQQ,2026-05-15,0.030136986301369864,C,355.0,-0.6413348848192522,317.49,321.5,294.75,1.396487392578125,2.0,3.0,674.1500244140625
QQQ,QQQ,2026-05-15,0.030136986301369864,C,360.0,-0.6273486428445123,312.5,316.5,290.54,1.37109689453125,2.0,4.0,674.1500244140625
QQQ,QQQ,2026-05-15,0.030136986301369864,C,365.0,-0.6135553207121764,307.44,311.75,294.35,1.3867218164062498,1.0,7.0,674.1500244140625
QQQ,QQQ,2026-05-15,0.030136986301369864,C,370.0,-0.5999496686563979,302.49,306.73,280.97,1.3647492700195314,52.0,51.0,674.1500244140625
QQQ,QQQ,2026-05-15,0.030136986301369864,C,375.0,-0.5865266483242573,297.52,301.69,276.47,1.334964262695312,2.0,7.0,674.1500244140625
QQQ,QQQ,2026-05-15,0.030136986301369864,C,380.0,-0.5732814215742364,292.53,296.74,275.44,1.3188510620117184,1.0,5.0,674.1500244140625
QQQ,QQQ,2026-05-15,0.030136986301369864,C,390.0,-0.5473059351709759,282.55,286.9,258.87,1.2949254003906248,2.0,8.0,674.1500244140625
QQQ,QQQ,2026-05-15,0.030136986301369864,C,395.0,-0.5345669093935461,277.5,281.87,279.19,1.2548865380859375,1.0,8.0,674.1500244140625
QQQ,QQQ,2026-05-15,0.030136986301369864,C,400.0,-0.521988127186686,272.54,276.76,275.83,1.2168007910156249,1.0,181.0,674.1500244140625
QQQ,QQQ,2026-05-15,0.030136986301369864,C,405.0,-0.5095656071881287,267.51,271.91,208.24,1.2094766088867184,2.0,5.0,674.1500244140625
QQQ,QQQ,2026-05-15,0.030136986301369864,C,410.0,-0.49729551459631444,262.58,266.89,254.7,1.1909220141601562,2.0,10.0,674.1500244140625
QQQ,QQQ,2026-05-15,0.030136986301369864,C,420.0,-0.4731979630172539,252.6,256.77,241.1,1.1240278173828124,1.0,9.0,674.1500244140625
QQQ,QQQ,2026-05-15,0.030136986301369864,C,425.0,-0.4613635053702511,247.55,251.77,216.27,1.0913131372070315,1.0,8.0,674.1500244140625
QQQ,QQQ,2026-05-15,0.030136986301369864,C,430.0,-0.4496674656070599,242.6,246.96,220.28,1.1001021557617188,6.0,4.0,674.1500244140625
QQQ,QQQ,2026-05-15,0.030136986301369864,C,435.0,-0.4381066432059838,237.63,241.92,239.59,1.0737351000976565,1.0,18.0,674.1500244140625
QQQ,QQQ,2026-05-15,0.030136986301369864,C,440.0,-0.42667794738236114,232.64,236.86,234.1,1.0419969775390627,2.0,25.0,674.1500244140625
QQQ,QQQ,2026-05-15,0.030136986301369864,C,450.0,-0.4042050915303025,222.59,226.88,223.39,0.989257919921875,1.0,70.0,674.1500244140625
QQQ,QQQ,2026-05-15,0.030136986301369864,C,455.0,-0.39315525534371754,217.65,221.96,210.04,0.9819337744140625,1.0,16.0,674.1500244140625
QQQ,QQQ,2026-05-15,0.030136986301369864,C,460.0,-0.38222618481152737,212.61,216.86,215.51,0.9414068359375,1.0,17.0,674.1500244140625
QQQ,QQQ,2026-05-15,0.030136986301369864,C,465.0,-0.3714152687073116,207.69,211.87,186.84,0.9282233740234375,1.0,50.0,674.1500244140625
QQQ,QQQ,2026-05-15,0.030136986301369864,C,470.0,-0.36071997959056373,202.7,206.86,205.5,0.9047861083984375,10.0,72.0,674.1500244140625
QQQ,QQQ,2026-05-15,0.030136986301369864,C,475.0,-0.35013787026002685,197.71,201.89,189.19,0.885743330078125,30.0,76.0,674.1500244140625
QQQ,QQQ,2026-05-15,0.030136986301369864,C,480.0,-0.33966657039273135,192.7,197.0,181.75,0.8725598681640624,1.0,24.0,674.1500244140625
QQQ,QQQ,2026-05-15,0.030136986301369864,C,485.0,-0.3293037833571848,187.71,191.92,187.3,0.8422867333984375,11.0,14.0,674.1500244140625
QQQ,QQQ,2026-05-15,0.030136986301369864,C,490.0,-0.3190472831899956,182.68,186.9,159.72,0.81445498046875,1.0,54.0,674.1500244140625
QQQ,QQQ,2026-05-15,0.030136986301369864,C,495.0,-0.30889491172597766,177.74,181.91,169.64,0.7983418603515625,10.0,38.0,674.1500244140625
QQQ,QQQ,2026-05-15,0.030136986301369864,C,500.0,-0.29884457587247626,172.77,176.98,174.75,0.7846701220703125,168.0,261.0,674.1500244140625
QQQ,QQQ,2026-05-15,0.030136986301369864,C,505.0,-0.2888942450193081,167.76,171.99,153.68,0.7619652709960938,51.0,90.0,674.1500244140625
QQQ,QQQ,2026-05-15,0.030136986301369864,C,510.0,-0.2790419485762965,162.81,166.98,164.68,0.7426783544921874,1.0,189.0,674.1500244140625
QQQ,QQQ,2026-05-15,0.030136986301369864,C,515.0,-0.26928577363093187,157.79,161.96,154.34,0.7170438452148438,11.0,23.0,674.1500244140625
QQQ,QQQ,2026-05-15,0.030136986301369864,C,520.0,-0.25962386271919485,152.8,157.0,155.58,0.6987334814453126,98.0,112.0,674.1500244140625
QQQ,QQQ,2026-05-15,0.030136986301369864,C,525.0,-0.2500544117030442,147.77,152.0,150.69,0.6743196630859377,3.0,82.0,674.1500244140625
QQQ,QQQ,2026-05-15,0.030136986301369864,C,526.0,-0.24815146155695808,146.82,150.99,49.44,0.6728548339843752,,12.0,674.1500244140625
QQQ,QQQ,2026-05-15,0.030136986301369864,C,527.0,-0.2462521257533056,145.82,150.0,48.69,0.6691927612304689,,10.0,674.1500244140625
QQQ,QQQ,2026-05-15,0.030136986301369864,C,528.0,-0.24435639058840644,144.87,149.0,47.91,0.6684603466796877,,10.0,674.1500244140625
QQQ,QQQ,2026-05-15,0.030136986301369864,C,530.0,-0.2405756677485005,142.84,147.0,145.59,0.657229990234375,3.0,237.0,674.1500244140625
QQQ,QQQ,2026-05-15,0.030136986301369864,C,531.0,-0.23869065305272916,141.87,146.0,68.69,0.6550327465820314,,14.0,674.1500244140625
QQQ,QQQ,2026-05-15,0.030136986301369864,C,533.0,-0.23493125012882343,139.84,144.0,142.86,0.6440465283203125,2.0,4.0,674.1500244140625
QQQ,QQQ,2026-05-15,0.030136986301369864,C,534.0,-0.2330568353344731,138.84,143.0,79.76,0.639652041015625,2.0,5.0,674.1500244140625
QQQ,QQQ,2026-05-15,0.030136986301369864,C,535.0,-0.23118592739866137,137.85,142.0,139.85,0.6359899682617188,6.0,15.0,674.1500244140625
QQQ,QQQ,2026-05-15,0.030136986301369864,C,536.0,-0.22931851322386593,136.86,141.0,76.0,0.6323278955078125,3.0,3.0,674.1500244140625
QQQ,QQQ,2026-05-15,0.030136986301369864,C,537.0,-0.22745457978580333,135.9,140.0,111.63,0.63086306640625,1.0,5.0,674.1500244140625
QQQ,QQQ,2026-05-15,0.030136986301369864,C,538.0,-0.2255941141328836,134.87,139.0,54.9,0.6242713354492189,2.0,6.0,674.1500244140625
QQQ,QQQ,2026-05-15,0.030136986301369864,C,539.0,-0.22373710338567085,133.88,138.0,39.77,0.6206092626953126,,12.0,674.1500244140625
QQQ,QQQ,2026-05-15,0.030136986301369864,C,540.0,-0.2218835347363479,132.87,137.0,124.7,0.6154823608398439,1.0,728.0,674.1500244140625
QQQ,QQQ,2026-05-15,0.030136986301369864,C,542.0,-0.21818667285502172,130.87,135.0,67.83,0.6069375244140626,1.0,2.0,674.1500244140625
QQQ,QQQ,2026-05-15,0.030136986301369864,C,543.0,-0.2163433543607325,129.88,134.0,100.99,0.6030313134765627,94.0,2.0,674.1500244140625
QQQ,QQQ,2026-05-15,0.030136986301369864,C,544.0,-0.21450342743872527,128.91,133.0,43.52,0.6008340698242189,1.0,11.0,674.1500244140625
QQQ,QQQ,2026-05-15,0.030136986301369864,C,545.0,-0.21266687963142394,127.89,132.0,131.31,0.5949747534179688,4.0,181.0,674.1500244140625
QQQ,QQQ,2026-05-15,0.030136986301369864,C,546.0,-0.21083369854976297,126.89,131.0,116.05,0.5908244042968751,,0.0,674.1500244140625
QQQ,QQQ,2026-05-15,0.030136986301369864,C,547.0,-0.2090038718726868,125.9,130.0,64.52,0.586918193359375,2.0,2.0,674.1500244140625
QQQ,QQQ,2026-05-15,0.030136986301369864,C,548.0,-0.20717738734665242,124.9,129.0,96.17,0.5825237060546875,94.0,11.0,674.1500244140625
QQQ,QQQ,2026-05-15,0.030136986301369864,C,549.0,-0.20535423278513731,123.86,128.0,38.62,0.5756878369140624,1.0,2.0,674.1500244140625
QQQ,QQQ,2026-05-15,0.030136986301369864,C,550.0,-0.20353439606815132,122.85,127.0,113.75,0.5708050732421875,7.0,4462.0,674.1500244140625
QQQ,QQQ,2026-05-15,0.030136986301369864,C,551.0,-0.20171786514175344,121.91,126.0,41.97,0.570316796875,4.0,5.0,674.1500244140625
QQQ,QQQ,2026-05-15,0.030136986301369864,C,552.0,-0.19990462801757258,120.92,125.0,99.14,0.5666547241210937,1.0,51.0,674.1500244140625
QQQ,QQQ,2026-05-15,0.030136986301369864,C,553.0,-0.19809467277233322,119.92,124.0,77.62,0.5622602368164062,5.0,35.0,674.1500244140625
QQQ,QQQ,2026-05-15,0.030136986301369864,C,554.0,-0.1962879875473842,118.92,123.0,104.53,0.5578657495117189,2.0,49.0,674.1500244140625
QQQ,QQQ,2026-05-15,0.030136986301369864,C,555.0,-0.19448456054823346,117.93,122.0,120.7,0.5542036767578126,1.0,182.0,674.1500244140625
QQQ,QQQ,2026-05-15,0.030136986301369864,C,556.0,-0.19268438004408558,116.93,121.0,87.2,0.5498091894531252,1.0,21.0,674.1500244140625
QQQ,QQQ,2026-05-15,0.030136986301369864,C,557.0,-0.19088743436738392,115.94,120.0,94.16,0.5461471166992189,1.0,24.0,674.1500244140625
QQQ,QQQ,2026-05-15,0.030136986301369864,C,558.0,-0.189093711913357,114.94,119.0,98.28,0.5417526293945314,1.0,69.0,674.1500244140625
QQQ,QQQ,2026-05-15,0.030136986301369864,C,559.0,-0.18730320113956875,113.98,118.0,36.37,0.5397995239257813,2.0,132.0,674.1500244140625
QQQ,QQQ,2026-05-15,0.030136986301369864,C,560.0,-0.1855158905654731,113.9,117.0,116.15,0.5822795678710937,25.0,1665.0,674.1500244140625
QQQ,QQQ,2026-05-15,0.030136986301369864,C,561.0,-0.1837317687719717,111.96,116.0,98.53,0.5300339965820313,100.0,166.0,674.1500244140625
QQQ,QQQ,2026-05-15,0.030136986301369864,C,562.0,-0.18195082440097693,110.96,115.0,106.76,0.5256395092773438,1.0,162.0,674.1500244140625
QQQ,QQQ,2026-05-15,0.030136986301369864,C,563.0,-0.1801730461549776,109.97,114.0,105.5,0.5219774365234374,1.0,821.0,674.1500244140625
QQQ,QQQ,2026-05-15,0.030136986301369864,C,564.0,-0.17839842279660906,109.01,113.0,64.3,0.5197801928710937,3.0,296.0,674.1500244140625
QQQ,QQQ,2026-05-15,0.030136986301369864,C,565.0,-0.176626943148227,107.98,112.0,109.52,0.5139208764648437,8.0,707.0,674.1500244140625
QQQ,QQQ,2026-05-15,0.030136986301369864,C,566.0,-0.174858596091485,106.98,111.0,93.58,0.5095263891601562,100.0,247.0,674.1500244140625
QQQ,QQQ,2026-05-15,0.030136986301369864,C,567.0,-0.17309337056691584,105.99,110.0,86.0,0.50586431640625,1.0,213.0,674.1500244140625
QQQ,QQQ,2026-05-15,0.030136986301369864,C,568.0,-0.17133125557351667,105.04,109.0,94.37,0.5041553491210937,2.0,460.0,674.1500244140625
QQQ,QQQ,2026-05-15,0.030136986301369864,C,569.0,-0.16957224016833708,104.0,108.16,104.68,0.5063525927734375,5.0,253.0,674.1500244140625
QQQ,QQQ,2026-05-15,0.030136986301369864,C,570.0,-0.16781631346607215,103.01,107.24,105.04,0.5064746618652343,11.0,3126.0,674.1500244140625
QQQ,QQQ,2026-05-15,0.030136986301369864,C,571.0,-0.16606346463865776,102.01,106.17,104.19,0.6450230810546875,1.0,603.0,674.1500244140625
QQQ,QQQ,2026-05-15,0.030136986301369864,C,572.0,-0.16431368291487006,101.02,105.18,88.88,0.6402623864746093,2.0,282.0,674.1500244140625
QQQ,QQQ,2026-05-15,0.030136986301369864,C,573.0,-0.16256695757992837,100.02,104.24,103.5,0.6383092810058593,1.0,112.0,674.1500244140625
QQQ,QQQ,2026-05-15,0.030136986301369864,C,574.0,-0.16082327797510151,99.03,103.24,102.25,0.6330603100585939,3.0,286.0,674.1500244140625
QQQ,QQQ,2026-05-15,0.030136986301369864,C,575.0,-0.15908263349731747,98.04,102.32,100.27,0.6319616882324219,57.0,1660.0,674.1500244140625
QQQ,QQQ,2026-05-15,0.030136986301369864,C,576.0,-0.15734501359877678,97.04,101.28,99.46,0.6246375427246094,2.0,250.0,674.1500244140625
QQQ,QQQ,2026-05-15,0.030136986301369864,C,577.0,-0.15561040778656843,96.08,100.21,92.02,0.6157264990234376,1.0,168.0,674.1500244140625
QQQ,QQQ,2026-05-15,0.030136986301369864,C,578.0,-0.1538788056222905,95.05,99.27,84.44,0.6135902899169923,2.0,205.0,674.1500244140625
QQQ,QQQ,2026-05-15,0.030136986301369864,C,579.0,-0.1521501967216727,94.05,98.26,97.24,0.6077920080566408,1.0,800.0,674.1500244140625
QQQ,QQQ,2026-05-15,0.030136986301369864,C,580.0,-0.15042457075420293,93.07,97.27,95.35,0.603092348022461,19.0,4594.0,674.1500244140625
QQQ,QQQ,2026-05-15,0.030136986301369864,C,581.0,-0.1487019174427567,92.08,96.36,88.05,0.6024209680175783,2.0,555.0,674.1500244140625
QQQ,QQQ,2026-05-15,0.030136986301369864,C,582.0,-0.1469822265632301,91.08,95.28,94.06,0.5931437170410157,1.0,1177.0,674.1500244140625
QQQ,QQQ,2026-05-15,0.030136986301369864,C,583.0,-0.14526548794417565,90.09,94.29,93.18,0.5883830224609375,3.0,888.0,674.1500244140625
QQQ,QQQ,2026-05-15,0.030136986301369864,C,584.0,-0.14355169146644095,89.09,93.5,84.95,0.5933878552246095,1.0,298.0,674.1500244140625
QQQ,QQQ,2026-05-15,0.030136986301369864,C,585.0,-0.1418408270628115,88.11,92.33,90.45,0.5798381860351562,29.0,4351.0,674.1500244140625
QQQ,QQQ,2026-05-15,0.030136986301369864,C,586.0,-0.14013288471765536,87.11,91.28,89.2,0.5721478332519532,7.0,562.0,674.1500244140625
QQQ,QQQ,2026-05-15,0.030136986301369864,C,587.0,-0.13842785446657152,86.12,90.33,88.43,0.569340244140625,3.0,557.0,674.1500244140625
QQQ,QQQ,2026-05-15,0.030136986301369864,C,588.0,-0.13672572639604103,85.13,89.29,86.71,0.5621381677246093,500.0,2257.0,674.1500244140625
QQQ,QQQ,2026-05-15,0.030136986301369864,C,589.0,-0.13502649064308123,84.14,88.35,79.99,0.5597578204345703,41.0,1381.0,674.1500244140625
QQQ,QQQ,2026-05-15,0.030136986301369864,C,590.0,-0.13333013739490276,83.16,87.29,84.74,0.5516402258300781,992.0,8308.0,674.1500244140625
QQQ,QQQ,2026-05-15,0.030136986301369864,C,591.0,-0.13163665688856982,82.16,86.38,85.2,0.5506636730957033,2.0,1597.0,674.1500244140625
QQQ,QQQ,2026-05-15,0.030136986301369864,C,592.0,-0.12994603941066232,81.18,85.42,83.58,0.5472457385253908,7.0,646.0,674.1500244140625
QQQ,QQQ,2026-05-15,0.030136986301369864,C,593.0,-0.12825827529694253,80.18,84.38,82.06,0.5401046966552736,2.0,561.0,674.1500244140625
QQQ,QQQ,2026-05-15,0.030136986301369864,C,594.0,-0.12657335493202304,79.19,83.41,82.2,0.5361984857177735,12.0,1270.0,674.1500244140625
QQQ,QQQ,2026-05-15,0.030136986301369864,C,595.0,-0.12489126874903819,78.21,82.41,80.36,0.5308884802246094,52.0,7568.0,674.1500244140625
QQQ,QQQ,2026-05-15,0.030136986301369864,C,596.0,-0.12321200722931817,77.22,81.42,82.17,0.5260667510986328,1.0,719.0,674.1500244140625
QQQ,QQQ,2026-05-15,0.030136986301369864,C,597.0,-0.12153556090206584,76.23,80.39,78.39,0.5194139855957032,2.0,1368.0,674.1500244140625
QQQ,QQQ,2026-05-15,0.030136986301369864,C,598.0,-0.11986192034403617,75.25,79.45,78.32,0.5168505346679688,17.0,1326.0,674.1500244140625
QQQ,QQQ,2026-05-15,0.030136986301369864,C,599.0,-0.11819107617921867,74.27,78.45,76.57,0.5115405291748047,5.0,929.0,674.1500244140625
QQQ,QQQ,2026-05-15,0.030136986301369864,C,600.0,-0.11652301907852163,73.28,77.0,76.54,0.4858449853515625,278.0,34308.0,674.1500244140625
QQQ,QQQ,2026-05-15,0.030136986301369864,C,601.0,-0.1148577397594604,72.28,76.5,73.5,0.5031177618408205,1.0,1043.0,674.1500244140625
QQQ,QQQ,2026-05-15,0.030136986301369864,C,602.0,-0.11319522898584693,71.3,75.5,72.44,0.4978077563476563,2.0,926.0,674.1500244140625
QQQ,QQQ,2026-05-15,0.030136986301369864,C,603.0,-0.11153547756748251,70.33,74.5,73.37,0.4924367163085938,30.0,1715.0,674.1500244140625
QQQ,QQQ,2026-05-15,0.030136986301369864,C,604.0,-0.10987847635985298,69.34,73.49,71.09,0.4866994689941406,2.0,1879.0,674.1500244140625
QQQ,QQQ,2026-05-15,0.030136986301369864,C,605.0,-0.10822421626382646,68.36,72.49,71.13,0.48138946350097656,37.0,11308.0,674.1500244140625
QQQ,QQQ,2026-05-15,0.030136986301369864,C,606.0,-0.10657268822535346,67.35,71.5,69.51,0.4764456652832031,504.0,2047.0,674.1500244140625
QQQ,QQQ,2026-05-15,0.030136986301369864,C,607.0,-0.10492388323516975,66.39,70.5,70.13,0.471135659790039,101.0,1194.0,674.1500244140625
QQQ,QQQ,2026-05-15,0.030136986301369864,C,608.0,-0.10327779232850098,65.41,69.5,68.51,0.46582565429687506,10.0,1927.0,674.1500244140625
QQQ,QQQ,2026-05-15,0.030136986301369864,C,609.0,-0.10163440658477095,64.42,68.5,66.76,0.46045461425781253,2.0,835.0,674.1500244140625
QQQ,QQQ,2026-05-15,0.030136986301369864,C,610.0,-0.09999371712731103,63.45,67.5,65.66,0.45508357421875,98.0,30534.0,674.1500244140625
QQQ,QQQ,2026-05-15,0.030136986301369864,C,611.0,-0.09835571512307262,62.44,66.5,64.27,0.4497125341796875,8.0,3377.0,674.1500244140625
QQQ,QQQ,2026-05-15,0.030136986301369864,C,612.0,-0.09672039178234185,61.49,65.5,63.36,0.4444025286865234,2.0,5257.0,674.1500244140625
QQQ,QQQ,2026-05-15,0.030136986301369864,C,613.0,-0.09508773835845652,60.51,64.7,60.18,0.44690494506835937,1.0,1260.0,674.1500244140625
QQQ,QQQ,2026-05-15,0.030136986301369864,C,614.0,-0.09345774614752556,59.54,63.72,61.08,0.4422663195800781,9.0,929.0,674.1500244140625
QQQ,QQQ,2026-05-15,0.030136986301369864,C,615.0,-0.09183040648815013,58.56,62.8,60.5,0.439885972290039,95.0,8441.0,674.1500244140625
QQQ,QQQ,2026-05-15,0.030136986301369864,C,616.0,-0.09020571076114821,57.6,61.8,58.3,0.43445389770507814,1.0,1626.0,674.1500244140625
QQQ,QQQ,2026-05-15,0.030136986301369864,C,617.0,-0.08858365038928016,56.62,60.78,59.84,0.4282283740234375,1.0,1442.0,674.1500244140625
QQQ,QQQ,2026-05-15,0.030136986301369864,C,618.0,-0.08696421683697719,55.64,59.83,57.33,0.42462733581542966,3.0,1360.0,674.1500244140625
QQQ,QQQ,2026-05-15,0.030136986301369864,C,619.0,-0.08534740161007184,54.67,58.84,56.53,0.41950043395996095,90.0,1160.0,674.1500244140625
QQQ,QQQ,2026-05-15,0.030136986301369864,C,620.0,-0.08373319625553069,53.72,57.95,56.7,0.41797457031249996,106.0,7515.0,674.1500244140625
QQQ,QQQ,2026-05-15,0.030136986301369864,C,621.0,-0.08212159236118914,52.75,56.91,54.98,0.4110166320800781,22.0,1218.0,674.1500244140625
QQQ,QQQ,2026-05-15,0.030136986301369864,C,622.0,-0.08051258155548857,51.77,55.95,54.86,0.4068662829589844,6.0,1717.0,674.1500244140625
QQQ,QQQ,2026-05-15,0.030136986301369864,C,623.0,-0.07890615550721486,51.79,54.99,53.76,0.4027159338378906,20.0,1492.0,674.1500244140625
QQQ,QQQ,2026-05-15,0.030136986301369864,C,624.0,-0.07730230592524032,50.53,53.69,53.27,0.3865417791748046,17.0,1051.0,674.1500244140625
QQQ,QQQ,2026-05-15,0.030136986301369864,C,625.0,-0.07570102455826647,49.5,52.73,51.39,0.38245246459960935,1064.0,17475.0,674.1500244140625
QQQ,QQQ,2026-05-15,0.030136986301369864,C,626.0,-0.07410230319456942,48.54,51.77,50.62,0.37830211547851555,60.0,3338.0,674.1500244140625
QQQ,QQQ,2026-05-15,0.030136986301369864,C,627.0,-0.07250613366174724,47.62,50.82,49.32,0.3745179736328125,12.0,2015.0,674.1500244140625
QQQ,QQQ,2026-05-15,0.030136986301369864,C,628.0,-0.07091250782646925,46.67,49.88,42.89,0.3709779699707031,42.0,3391.0,674.1500244140625
QQQ,QQQ,2026-05-15,0.030136986301369864,C,629.0,-0.06932141759422739,45.7,48.92,47.65,0.36676658630371095,25.0,1162.0,674.1500244140625
QQQ,QQQ,2026-05-15,0.030136986301369864,C,630.0,-0.06773285490908965,44.75,46.39,46.0,0.3051827294921875,181.0,30758.0,674.1500244140625
QQQ,QQQ,2026-05-15,0.030136986301369864,C,631.0,-0.06614681175345484,43.48,45.44,44.96,0.30213100219726563,34.0,2087.0,674.1500244140625
QQQ,QQQ,2026-05-15,0.030136986301369864,C,632.0,-0.06456328014781056,42.89,46.1,43.51,0.3557193334960937,102.0,6070.0,674.1500244140625
QQQ,QQQ,2026-05-15,0.030136986301369864,C,633.0,-0.06298225215049177,42.04,45.15,43.65,0.35156898437499995,14.0,1451.0,674.1500244140625
QQQ,QQQ,2026-05-15,0.030136986301369864,C,634.0,-0.06140371985744203,41.02,44.23,41.97,0.34839518798828123,21.0,2360.0,674.1500244140625
QQQ,QQQ,2026-05-15,0.030136986301369864,C,635.0,-0.05982767540197629,40.1,41.71,41.35,0.2915109912109374,385.0,16140.0,674.1500244140625
QQQ,QQQ,2026-05-15,0.030136986301369864,C,636.0,-0.058254110954545774,39.2,42.36,41.64,0.34076586975097656,31.0,1197.0,674.1500244140625
QQQ,QQQ,2026-05-15,0.030136986301369864,C,637.0,-0.05668301872250456,38.29,41.43,40.85,0.33704276245117193,1102.0,2183.0,674.1500244140625
QQQ,QQQ,2026-05-15,0.030136986301369864,C,638.0,-0.05511439094987813,37.35,40.51,39.78,0.333563793334961,24.0,2015.0,674.1500244140625
QQQ,QQQ,2026-05-15,0.030136986301369864,C,639.0,-0.05354821991713319,36.51,39.6,38.8,0.3302679278564453,126.0,1439.0,674.1500244140625
QQQ,QQQ,2026-05-15,0.030136986301369864,C,640.0,-0.05198449794095043,36.01,37.06,37.5,0.27674063110351554,262.0,10517.0,674.1500244140625
QQQ,QQQ,2026-05-15,0.030136986301369864,C,641.0,-0.05042321737399792,35.16,37.78,31.75,0.32343205871582026,8.0,108.0,674.1500244140625
QQQ,QQQ,2026-05-15,0.030136986301369864,C,642.0,-0.048864370604706775,34.21,35.28,31.14,0.2727123510742187,8.0,168.0,674.1500244140625
QQQ,QQQ,2026-05-15,0.030136986301369864,C,643.0,-0.04730795005704854,32.94,35.98,34.1,0.316840327758789,11.0,204.0,674.1500244140625
QQQ,QQQ,2026-05-15,0.030136986301369864,C,644.0,-0.0457539481903143,32.51,33.46,32.78,0.26697510375976563,31.0,533.0,674.1500244140625
QQQ,QQQ,2026-05-15,0.030136986301369864,C,645.0,-0.04420235749889553,31.68,32.56,32.4,0.26416751464843746,406.0,11068.0,674.1500244140625
QQQ,QQQ,2026-05-15,0.030136986301369864,C,646.0,-0.04265317051206615,30.32,33.33,32.6,0.30753255950927727,11.0,327.0,674.1500244140625
QQQ,QQQ,2026-05-15,0.030136986301369864,C,647.0,-0.041106379793767425,29.42,32.45,32.04,0.3043282458496094,1.0,767.0,674.1500244140625
QQQ,QQQ,2026-05-15,0.030136986301369864,C,648.0,-0.03956197794239328,28.58,31.57,30.58,0.30097134582519536,18.0,327.0,674.1500244140625
QQQ,QQQ,2026-05-15,0.030136986301369864,C,649.0,-0.03801995759057796,28.09,29.06,29.2,0.25476819458007816,61.0,271.0,674.1500244140625
QQQ,QQQ,2026-05-15,0.030136986301369864,C,650.0,-0.03648031140498515,27.26,28.12,27.85,0.250282155456543,1477.0,30628.0,674.1500244140625
QQQ,QQQ,2026-05-15,0.030136986301369864,C,651.0,-0.03494303208609868,26.38,27.34,26.95,0.24994646545410154,38.0,758.0,674.1500244140625
QQQ,QQQ,2026-05-15,0.030136986301369864,C,652.0,-0.03340811236801496,25.51,26.5,21.92,0.2478712908935547,22.0,797.0,674.1500244140625
QQQ,QQQ,2026-05-15,0.030136986301369864,C,653.0,-0.03187554501823695,24.67,25.68,25.96,0.2461012890625,54.0,466.0,674.1500244140625
QQQ,QQQ,2026-05-15,0.030136986301369864,C,654.0,-0.030345322837469296,23.51,24.84,24.63,0.2436599072265625,105.0,1365.0,674.1500244140625
QQQ,QQQ,2026-05-15,0.030136986301369864,C,655.0,-0.028817438659416064,23.13,24.0,23.93,0.2410354217529297,304.0,18461.0,674.1500244140625
QQQ,QQQ,2026-05-15,0.030136986301369864,C,656.0,-0.027291885350578925,22.26,24.87,22.9,0.27826649475097653,23.0,564.0,674.1500244140625
QQQ,QQQ,2026-05-15,0.030136986301369864,C,657.0,-0.025768655810057443,21.45,22.39,23.25,0.23694610717773437,248.0,2681.0,674.1500244140625
QQQ,QQQ,2026-05-15,0.030136986301369864,C,658.0,-0.024247742969350738,20.66,21.56,21.84,0.23407748352050778,44.0,1334.0,674.1500244140625
QQQ,QQQ,2026-05-15,0.030136986301369864,C,659.0,-0.022729139792160704,19.9,20.8,20.98,0.23258213714599607,83.0,896.0,674.1500244140625
QQQ,QQQ,2026-05-15,0.030136986301369864,C,660.0,-0.02121283927419668,19.28,20.0,19.72,0.2299881689453125,602.0,34759.0,674.1500244140625
QQQ,QQQ,2026-05-15,0.030136986301369864,C,661.0,-0.019698834442981723,18.34,19.23,20.33,0.2278519598388672,16.0,911.0,674.1500244140625
QQQ,QQQ,2026-05-15,0.030136986301369864,C,662.0,-0.018187118357659782,17.6,18.51,18.73,0.2266312689208984,69.0,1209.0,674.1500244140625
QQQ,QQQ,2026-05-15,0.030136986301369864,C,663.0,-0.01667768410880547,16.54,17.76,18.08,0.22449505981445309,56.0,1460.0,674.1500244140625
QQQ,QQQ,2026-05-15,0.030136986301369864,C,664.0,-0.015170524818234112,15.84,17.03,17.05,0.2225724716186523,308.0,1081.0,674.1500244140625
QQQ,QQQ,2026-05-15,0.030136986301369864,C,665.0,-0.013665633638813809,15.63,16.31,16.1,0.2206193661499023,1024.0,17364.0,674.1500244140625
QQQ,QQQ,2026-05-15,0.030136986301369864,C,666.0,-0.012163003754278798,14.82,15.59,15.07,0.21842212249755855,43.0,1629.0,674.1500244140625
QQQ,QQQ,2026-05-15,0.030136986301369864,C,667.0,-0.010662628379044203,14.07,14.9,14.91,0.21662160339355468,177.0,841.0,674.1500244140625
QQQ,QQQ,2026-05-15,0.030136986301369864,C,668.0,-0.009164500758022292,13.75,14.19,14.0,0.21414970428466795,1634.0,2013.0,674.1500244140625
QQQ,QQQ,2026-05-15,0.030136986301369864,C,669.0,-0.007668614166439553,12.79,13.49,13.43,0.21161677062988277,130.0,835.0,674.1500244140625
QQQ,QQQ,2026-05-15,0.030136986301369864,C,670.0,-0.006174961909656245,12.2,12.7,12.73,0.20703917968749996,2995.0,19367.0,674.1500244140625
QQQ,QQQ,2026-05-15,0.030136986301369864,C,671.0,-0.004683537322986182,11.57,12.22,12.12,0.20838193969726557,275.0,907.0,674.1500244140625
QQQ,QQQ,2026-05-15,0.030136986301369864,C,672.0,-0.003194333771518416,10.93,11.61,11.34,0.20685607604980466,474.0,2942.0,674.1500244140625
QQQ,QQQ,2026-05-15,0.030136986301369864,C,673.0,-0.001707344649940141,10.25,10.98,10.68,0.2046588323974609,1259.0,843.0,674.1500244140625
QQQ,QQQ,2026-05-15,0.030136986301369864,C,674.0,-0.00022256338236089726,10.0,10.39,10.23,0.20294986511230467,988.0,1072.0,674.1500244140625
QQQ,QQQ,2026-05-15,0.030136986301369864,C,675.0,0.0012600165778617956,8.84,9.82,9.6,0.20130193237304686,16722.0,25229.0,674.1500244140625
QQQ,QQQ,2026-05-15,0.030136986301369864,C,676.0,0.002740401748296078,8.76,9.21,9.25,0.1985858950805664,1216.0,1144.0,674.1500244140625
QQQ,QQQ,2026-05-15,0.030136986301369864,C,677.0,0.004218598617606995,8.1,8.73,8.43,0.1981281359863281,1232.0,1155.0,674.1500244140625
QQQ,QQQ,2026-05-15,0.030136986301369864,C,678.0,0.0056946136457275845,7.59,8.2,7.91,0.1963276168823242,1543.0,1417.0,674.1500244140625
QQQ,QQQ,2026-05-15,0.030136986301369864,C,679.0,0.007168453264028157,7.04,7.68,7.6,0.19440502868652343,1886.0,1146.0,674.1500244140625
QQQ,QQQ,2026-05-15,0.030136986301369864,C,680.0,0.008640123875484428,6.9,7.2,6.97,0.19297071685791017,10182.0,24901.0,674.1500244140625
QQQ,QQQ,2026-05-15,0.030136986301369864,C,681.0,0.010109631854844425,5.92,6.72,6.97,0.19117019775390626,927.0,336.0,674.1500244140625
QQQ,QQQ,2026-05-15,0.030136986301369864,C,682.0,0.011576983548794172,6.03,6.09,6.08,0.1859212268066406,2533.0,1587.0,674.1500244140625
QQQ,QQQ,2026-05-15,0.030136986301369864,C,683.0,0.013042185276122149,5.25,5.87,5.65,0.1887898504638672,3273.0,3205.0,674.1500244140625
QQQ,QQQ,2026-05-15,0.030136986301369864,C,684.0,0.014505243327882562,4.95,5.44,5.22,0.18695881408691406,153.0,1345.0,674.1500244140625
QQQ,QQQ,2026-05-15,0.030136986301369864,C,685.0,0.015966163967557404,4.56,4.87,4.9,0.18164880859375,9242.0,9785.0,674.1500244140625
QQQ,QQQ,2026-05-15,0.030136986301369864,C,686.0,0.017424953431217353,4.13,4.51,4.51,0.1804891522216797,236.0,276.0,674.1500244140625
QQQ,QQQ,2026-05-15,0.030136986301369864,C,687.0,0.018881617927681484,3.79,4.33,4.23,0.18305260314941402,232.0,138.0,674.1500244140625
QQQ,QQQ,2026-05-15,0.030136986301369864,C,688.0,0.0203361636386756,3.55,4.0,4.0,0.18189294677734374,368.0,5343.0,674.1500244140625
QQQ,QQQ,2026-05-15,0.030136986301369864,C,689.0,0.021788596718990524,3.25,3.52,3.57,0.17670501037597658,236.0,368.0,674.1500244140625
QQQ,QQQ,2026-05-15,0.030136986301369864,C,690.0,0.023238923296637033,2.96,3.22,3.21,0.17536225036621095,2190.0,10927.0,674.1500244140625
QQQ,QQQ,2026-05-15,0.030136986301369864,C,691.0,0.02468714947300188,2.77,2.96,3.09,0.17456880126953128,1276.0,92.0,674.1500244140625
QQQ,QQQ,2026-05-15,0.030136986301369864,C,692.0,0.02613328132300156,2.39,2.7,3.0,0.17340914489746095,629.0,257.0,674.1500244140625
QQQ,QQQ,2026-05-15,0.030136986301369864,C,693.0,0.02757732489523524,2.23,2.6,2.57,0.17621673400878907,306.0,132.0,674.1500244140625
QQQ,QQQ,2026-05-15,0.030136986301369864,C,694.0,0.029019286212136525,1.95,2.38,2.5,0.17542328491210937,570.0,234.0,674.1500244140625
QQQ,QQQ,2026-05-15,0.030136986301369864,C,695.0,0.03045917127012417,1.86,2.04,2.07,0.1706625903320313,2132.0,7168.0,674.1500244140625
QQQ,QQQ,2026-05-15,0.030136986301369864,C,696.0,0.0318969860397517,1.63,1.85,2.0,0.16980810668945315,309.0,304.0,674.1500244140625
QQQ,QQQ,2026-05-15,0.030136986301369864,C,697.0,0.03333273646585595,1.51,1.69,1.77,0.16950293395996097,404.0,575.0,674.1500244140625
QQQ,QQQ,2026-05-15,0.030136986301369864,C,698.0,0.03476642846770455,1.31,1.57,1.64,0.17017431396484378,498.0,338.0,674.1500244140625
QQQ,QQQ,2026-05-15,0.030136986301369864,C,699.0,0.03619806793914235,1.17,1.39,1.59,0.1684043121337891,460.0,333.0,674.1500244140625
QQQ,QQQ,2026-05-15,0.030136986301369864,C,700.0,0.03762766074873678,1.18,1.23,1.2,0.16687844848632816,7150.0,10099.0,674.1500244140625
QQQ,QQQ,2026-05-15,0.030136986301369864,C,705.0,0.04474512851760062,0.68,0.75,0.71,0.16614603393554692,4509.0,4462.0,674.1500244140625
QQQ,QQQ,2026-05-15,0.030136986301369864,C,710.0,0.05181229574069314,0.41,0.51,0.43,0.1706625903320313,1823.0,7529.0,674.1500244140625
QQQ,QQQ,2026-05-15,0.030136986301369864,C,715.0,0.058829868399339756,0.24,0.28,0.29,0.1687094848632813,604.0,1076.0,674.1500244140625
QQQ,QQQ,2026-05-15,0.030136986301369864,C,720.0,0.06579853771543295,0.16,0.21,0.17,0.17627776855468752,687.0,11582.0,674.1500244140625
QQQ,QQQ,2026-05-15,0.030136986301369864,C,725.0,0.07271898056000681,0.11,0.14,0.15,0.18042811767578126,242.0,1956.0,674.1500244140625
QQQ,QQQ,2026-05-15,0.030136986301369864,C,730.0,0.07959185984776891,0.08,0.11,0.11,0.188484677734375,24.0,1709.0,674.1500244140625
QQQ,QQQ,2026-05-15,0.030136986301369864,C,735.0,0.08641782491816863,0.06,0.16,0.08,0.21289849609375,14.0,2498.0,674.1500244140625
QQQ,QQQ,2026-05-15,0.030136986301369864,C,740.0,0.09319751190354746,0.0,0.27,0.06,0.2456130126953125,117.0,3413.0,674.1500244140625
QQQ,QQQ,2026-05-15,0.030136986301369864,C,745.0,0.0999315440848916,0.04,0.06,0.06,0.21289849609375,40.0,574.0,674.1500244140625
QQQ,QQQ,2026-05-15,0.030136986301369864,C,750.0,0.10662053223568807,0.03,0.68,0.05,0.32092964233398436,300.0,1649.0,674.1500244140625
QQQ,QQQ,2026-05-15,0.030136986301369864,C,755.0,0.11326507495435671,0.0,0.25,0.07,0.2858958129882812,66.0,852.0,674.1500244140625
QQQ,QQQ,2026-05-15,0.030136986301369864,C,760.0,0.11986575898570884,0.0,0.13,0.04,0.274421318359375,2.0,1301.0,674.1500244140625
QQQ,QQQ,2026-05-15,0.030136986301369864,C,765.0,0.12642315953186778,0.0,0.11,0.04,0.28125718749999995,2.0,1004.0,674.1500244140625
QQQ,QQQ,2026-05-15,0.030136986301369864,C,770.0,0.13293784055306154,0.0,0.24,0.03,0.32569033691406246,2.0,3190.0,674.1500244140625
QQQ,QQQ,2026-05-15,0.030136986301369864,C,775.0,0.13941035505867908,0.0,0.23,0.03,0.336920693359375,2.0,1050.0,674.1500244140625
QQQ,QQQ,2026-05-15,0.030136986301369864,C,780.0,0.14584124538896936,0.0,0.23,0.02,0.3501041552734374,15.0,264.0,674.1500244140625
QQQ,QQQ,2026-05-15,0.030136986301369864,C,785.0,0.15223104348774044,0.0,0.15,0.03,0.3437565625,3.0,5437.0,674.1500244140625
QQQ,QQQ,2026-05-15,0.030136986301369864,C,790.0,0.15858027116639925,0.0,0.2,0.04,0.36914693359375,3.0,3084.0,674.1500244140625
QQQ,QQQ,2026-05-15,0.030136986301369864,C,795.0,0.16488944035966402,0.0,0.65,0.03,0.45386288330078123,84.0,1727.0,674.1500244140625
QQQ,QQQ,2026-05-15,0.030136986301369864,C,800.0,0.1711590533732593,0.01,0.11,0.01,0.366217275390625,2.0,1319.0,674.1500244140625
QQQ,QQQ,2026-05-15,0.030136986301369864,C,805.0,0.17738960312389543,0.0,0.21,0.01,0.40918559570312496,1.0,930.0,674.1500244140625
QQQ,QQQ,2026-05-15,0.030136986301369864,C,810.0,0.18358157337181658,0.0,0.22,0.01,0.42383388671875,293.0,872.0,674.1500244140625
QQQ,QQQ,2026-05-15,0.030136986301369864,C,815.0,0.1897354389461947,0.0,0.1,0.02,0.39649041015625003,12.0,231.0,674.1500244140625
QQQ,QQQ,2026-05-15,0.030136986301369864,C,820.0,0.19585166596363085,0.0,0.19,0.02,0.43994700683593746,12.0,609.0,674.1500244140625
QQQ,QQQ,2026-05-15,0.030136986301369864,C,825.0,0.2019307120400131,0.0,0.1,0.01,0.418951123046875,2.0,760.0,674.1500244140625
QQQ,QQQ,2026-05-15,0.030136986301369864,C,830.0,0.2079730264959756,0.0,0.01,0.01,0.34766277343749996,40.0,2984.0,674.1500244140625
QQQ,QQQ,2026-05-15,0.030136986301369864,C,835.0,0.21397905055618754,0.0,0.01,0.02,0.35547519531249994,2.0,4368.0,674.1500244140625
QQQ,QQQ,2026-05-15,0.030136986301369864,C,840.0,0.2199492175426914,0.0,0.01,0.01,0.367193828125,49.0,4956.0,674.1500244140625
QQQ,QQQ,2026-05-15,0.030136986301369864,C,850.0,0.23178367518969417,0.0,0.09,0.02,0.467778759765625,10.0,158.0,674.1500244140625
QQQ,QQQ,2026-05-15,0.030136986301369864,C,860.0,0.2434797149528854,0.0,0.21,0.01,0.5376022802734376,1.0,53.0,674.1500244140625
QQQ,QQQ,2026-05-15,0.030136986301369864,C,870.0,0.2550405373539615,0.0,0.21,0.01,0.51758294921875,1.0,1952.0,674.1500244140625
QQQ,QQQ,2026-05-15,0.030136986301369864,C,880.0,0.2664692331775842,0.0,0.05,0.01,0.499028447265625,59.0,359.0,674.1500244140625
QQQ,QQQ,2026-05-15,0.030136986301369864,C,890.0,0.2777687884315175,0.0,0.21,0.01,0.5576216113281252,42.0,122.0,674.1500244140625
QQQ,QQQ,2026-05-15,0.030136986301369864,C,900.0,0.28894208902964286,0.0,0.1,0.02,0.5371140039062501,10.0,313.0,674.1500244140625
QQQ,QQQ,2026-05-15,0.030136986301369864,P,305.0,-0.7931408976872564,0.0,0.02,0.02,1.2500037499999999,1.0,5859.0,674.1500244140625
QQQ,QQQ,2026-05-15,0.030136986301369864,P,310.0,-0.776880376815476,0.0,0.02,0.02,1.21875390625,3.0,1213.0,674.1500244140625
QQQ,QQQ,2026-05-15,0.030136986301369864,P,315.0,-0.7608800354690349,0.0,0.1,0.02,1.359378203125,4.0,268.0,674.1500244140625
QQQ,QQQ,2026-05-15,0.030136986301369864,P,320.0,-0.7451316785008958,0.0,0.08,0.02,1.3046909765624997,21.0,1184.0,674.1500244140625
QQQ,QQQ,2026-05-15,0.030136986301369864,P,325.0,-0.7296274919649305,0.0,0.12,0.02,1.3281283593749997,18.0,1043.0,674.1500244140625
QQQ,QQQ,2026-05-15,0.030136986301369864,P,330.0,-0.714360019834142,0.0,0.13,0.02,1.3085972070312497,1.0,1429.0,674.1500244140625
QQQ,QQQ,2026-05-15,0.030136986301369864,P,335.0,-0.6993221424696016,0.0,0.13,0.03,1.2851598242187499,6.0,1361.0,674.1500244140625
QQQ,QQQ,2026-05-15,0.030136986301369864,P,340.0,-0.6845070566844609,0.0,0.11,0.02,1.2382850585937497,5.0,1519.0,674.1500244140625
QQQ,QQQ,2026-05-15,0.030136986301369864,P,345.0,-0.6699082572633083,0.0,0.11,0.02,1.2148476757812499,1.0,2011.0,674.1500244140625
QQQ,QQQ,2026-05-15,0.030136986301369864,P,350.0,-0.6555195198112085,0.0,0.12,0.02,1.19922275390625,1.0,2924.0,674.1500244140625
QQQ,QQQ,2026-05-15,0.030136986301369864,P,355.0,-0.6413348848192522,0.0,0.13,0.02,1.18359783203125,2.0,2263.0,674.1500244140625
QQQ,QQQ,2026-05-15,0.030136986301369864,P,360.0,-0.6273486428445123,0.0,0.14,0.01,1.1679729101562502,162.0,2839.0,674.1500244140625
QQQ,QQQ,2026-05-15,0.030136986301369864,P,365.0,-0.6135553207121764,0.0,0.14,0.02,1.1445355273437499,5.0,3299.0,674.1500244140625
QQQ,QQQ,2026-05-15,0.030136986301369864,P,370.0,-0.5999496686563979,0.0,0.22,0.03,1.169926025390625,5.0,2333.0,674.1500244140625
QQQ,QQQ,2026-05-15,0.030136986301369864,P,375.0,-0.5865266483242573,0.0,0.22,0.02,1.1464886425781249,5.0,5627.0,674.1500244140625
QQQ,QQQ,2026-05-15,0.030136986301369864,P,380.0,-0.5732814215742364,0.0,0.03,0.02,0.937500625,5.0,2813.0,674.1500244140625
QQQ,QQQ,2026-05-15,0.030136986301369864,P,385.0,-0.5602093400068837,0.01,0.14,0.02,1.05859845703125,2.0,2465.0,674.1500244140625
QQQ,QQQ,2026-05-15,0.030136986301369864,P,390.0,-0.5473059351709759,0.0,0.23,0.02,1.0800827246093752,4.0,2219.0,674.1500244140625
QQQ,QQQ,2026-05-15,0.030136986301369864,P,395.0,-0.5345669093935461,0.01,0.1,0.02,0.98437515625,1.0,1481.0,674.1500244140625
QQQ,QQQ,2026-05-15,0.030136986301369864,P,400.0,-0.521988127186686,0.01,0.02,0.03,0.85937640625,150.0,4811.0,674.1500244140625
QQQ,QQQ,2026-05-15,0.030136986301369864,P,405.0,-0.5095656071881287,0.0,0.11,0.02,0.9414068359375,1.0,590.0,674.1500244140625
QQQ,QQQ,2026-05-15,0.030136986301369864,P,410.0,-0.49729551459631444,0.0,0.03,0.03,0.8203142968749999,4.0,902.0,674.1500244140625
QQQ,QQQ,2026-05-15,0.030136986301369864,P,415.0,-0.4851741540639697,0.0,0.13,0.02,0.91211025390625,1.0,656.0,674.1500244140625
QQQ,QQQ,2026-05-15,0.030136986301369864,P,420.0,-0.4731979630172539,0.01,0.03,0.03,0.804689453125,130.0,2219.0,674.1500244140625
QQQ,QQQ,2026-05-15,0.030136986301369864,P,425.0,-0.4613635053702511,0.0,0.03,0.02,0.7656273437500001,24.0,556.0,674.1500244140625
QQQ,QQQ,2026-05-15,0.030136986301369864,P,430.0,-0.4496674656070599,0.02,0.03,0.03,0.7812521875,5.0,1417.0,674.1500244140625
QQQ,QQQ,2026-05-15,0.030136986301369864,P,435.0,-0.4381066432059838,0.0,0.23,0.02,0.8789074609374999,200.0,1474.0,674.1500244140625
QQQ,QQQ,2026-05-15,0.030136986301369864,P,440.0,-0.42667794738236114,0.01,0.04,0.02,0.7421900781249999,11.0,1419.0,674.1500244140625
QQQ,QQQ,2026-05-15,0.030136986301369864,P,445.0,-0.4153783921284278,0.02,0.24,0.05,0.8476577734374999,26.0,731.0,674.1500244140625
QQQ,QQQ,2026-05-15,0.030136986301369864,P,450.0,-0.4042050915303025,0.02,0.04,0.02,0.7187528125,100.0,10237.0,674.1500244140625
QQQ,QQQ,2026-05-15,0.030136986301369864,P,455.0,-0.39315525534371754,0.02,0.04,0.02,0.6992217578125001,110.0,4255.0,674.1500244140625
QQQ,QQQ,2026-05-15,0.030136986301369864,P,460.0,-0.38222618481152737,0.02,0.04,0.04,0.6796907031250001,80.0,8457.0,674.1500244140625
QQQ,QQQ,2026-05-15,0.030136986301369864,P,465.0,-0.3714152687073116,0.02,0.24,0.03,0.7656273437500001,17.0,1454.0,674.1500244140625
QQQ,QQQ,2026-05-15,0.030136986301369864,P,470.0,-0.36071997959056373,0.03,0.27,0.04,0.7578149218750001,6.0,3817.0,674.1500244140625
QQQ,QQQ,2026-05-15,0.030136986301369864,P,475.0,-0.35013787026002685,0.03,0.05,0.03,0.6445348046875,54.0,1794.0,674.1500244140625
QQQ,QQQ,2026-05-15,0.030136986301369864,P,480.0,-0.33966657039273135,0.03,0.05,0.03,0.6269568554687501,8.0,7469.0,674.1500244140625
QQQ,QQQ,2026-05-15,0.030136986301369864,P,485.0,-0.3293037833571848,0.04,0.06,0.04,0.6210975390625001,32.0,3708.0,674.1500244140625
QQQ,QQQ,2026-05-15,0.030136986301369864,P,490.0,-0.3190472831899956,0.04,0.06,0.05,0.6035195898437502,28.0,7739.0,674.1500244140625
QQQ,QQQ,2026-05-15,0.030136986301369864,P,495.0,-0.30889491172597766,0.04,0.25,0.06,0.6562534375000001,8.0,6961.0,674.1500244140625
QQQ,QQQ,2026-05-15,0.030136986301369864,P,500.0,-0.29884457587247626,0.05,0.07,0.06,0.5800823242187501,256.0,23614.0,674.1500244140625
QQQ,QQQ,2026-05-15,0.030136986301369864,P,505.0,-0.2888942450193081,0.05,0.26,0.08,0.622074091796875,1204.0,2342.0,674.1500244140625
QQQ,QQQ,2026-05-15,0.030136986301369864,P,510.0,-0.2790419485762965,0.0,0.08,0.08,0.523442265625,26.0,14786.0,674.1500244140625
QQQ,QQQ,2026-05-15,0.030136986301369864,P,515.0,-0.26928577363093187,0.06,0.08,0.08,0.5351608984375,10.0,11894.0,674.1500244140625
QQQ,QQQ,2026-05-15,0.030136986301369864,P,520.0,-0.25962386271919485,0.03,0.09,0.08,0.5097705273437501,53.0,13146.0,674.1500244140625
QQQ,QQQ,2026-05-15,0.030136986301369864,P,521.0,-0.257702632541301,0.07,0.09,0.08,0.5214891601562499,2.0,1036.0,674.1500244140625
QQQ,QQQ,2026-05-15,0.030136986301369864,P,522.0,-0.2557850864120293,0.0,0.19,0.11,0.5273484765625001,1.0,426.0,674.1500244140625
QQQ,QQQ,2026-05-15,0.030136986301369864,P,523.0,-0.2538712102297451,0.07,0.09,0.1,0.5136767382812499,1.0,632.0,674.1500244140625
QQQ,QQQ,2026-05-15,0.030136986301369864,P,524.0,-0.2519609899736258,0.0,0.29,0.1,0.5459029785156251,1.0,623.0,674.1500244140625
QQQ,QQQ,2026-05-15,0.030136986301369864,P,525.0,-0.2500544117030442,0.05,0.19,0.1,0.5302781347656251,100.0,7533.0,674.1500244140625
QQQ,QQQ,2026-05-15,0.030136986301369864,P,526.0,-0.24815146155695808,0.0,0.1,0.1,0.51562984375,2.0,421.0,674.1500244140625
QQQ,QQQ,2026-05-15,0.030136986301369864,P,527.0,-0.2462521257533056,0.0,0.1,0.25,0.5127001855468749,20.0,310.0,674.1500244140625
QQQ,QQQ,2026-05-15,0.030136986301369864,P,528.0,-0.24435639058840644,0.0,0.1,0.12,0.508793974609375,1.0,121.0,674.1500244140625
QQQ,QQQ,2026-05-15,0.030136986301369864,P,529.0,-0.24246424243636866,0.0,0.1,0.15,0.50586431640625,2.0,234.0,674.1500244140625
QQQ,QQQ,2026-05-15,0.030136986301369864,P,530.0,-0.2405756677485005,0.0,0.1,0.1,0.5019581054687501,77.0,12864.0,674.1500244140625
QQQ,QQQ,2026-05-15,0.030136986301369864,P,531.0,-0.23869065305272916,0.0,0.2,0.15,0.5410202148437502,3.0,5642.0,674.1500244140625
QQQ,QQQ,2026-05-15,0.030136986301369864,P,532.0,-0.23680918495302358,0.0,0.3,0.28,0.5185595019531251,84.0,328.0,674.1500244140625
QQQ,QQQ,2026-05-15,0.030136986301369864,P,533.0,-0.23493125012882343,0.0,0.19,0.15,0.5302781347656251,1.0,271.0,674.1500244140625
QQQ,QQQ,2026-05-15,0.030136986301369864,P,534.0,-0.2330568353344731,0.0,0.11,0.11,0.4931691308593751,6.0,297.0,674.1500244140625
QQQ,QQQ,2026-05-15,0.030136986301369864,P,535.0,-0.23118592739866137,0.01,0.11,0.11,0.4892629199218751,55.0,17540.0,674.1500244140625
QQQ,QQQ,2026-05-15,0.030136986301369864,P,536.0,-0.22931851322386593,0.0,0.74,0.12,0.567387138671875,1.0,2256.0,674.1500244140625
QQQ,QQQ,2026-05-15,0.030136986301369864,P,537.0,-0.22745457978580333,0.0,0.19,0.23,0.5151415673828125,1.0,386.0,674.1500244140625
QQQ,QQQ,2026-05-15,0.030136986301369864,P,538.0,-0.2255941141328836,0.0,0.31,0.22,0.5454147021484376,5.0,275.0,674.1500244140625
QQQ,QQQ,2026-05-15,0.030136986301369864,P,539.0,-0.22373710338567085,0.0,0.12,0.13,0.4804739453125,8.0,329.0,674.1500244140625
QQQ,QQQ,2026-05-15,0.030136986301369864,P,540.0,-0.2218835347363479,0.1,0.12,0.13,0.476567734375,264.0,15843.0,674.1500244140625
QQQ,QQQ,2026-05-15,0.030136986301369864,P,541.0,-0.22003339544818643,0.0,0.32,0.13,0.5361374511718751,113.0,567.0,674.1500244140625
QQQ,QQQ,2026-05-15,0.030136986301369864,P,542.0,-0.21818667285502172,0.0,0.75,0.24,0.5444381494140625,4.0,198.0,674.1500244140625
QQQ,QQQ,2026-05-15,0.030136986301369864,P,543.0,-0.2163433543607325,0.0,0.32,0.15,0.5283250292968751,1.0,1219.0,674.1500244140625
QQQ,QQQ,2026-05-15,0.030136986301369864,P,544.0,-0.21450342743872527,0.0,0.13,0.19,0.46680220703125,1.0,370.0,674.1500244140625
QQQ,QQQ,2026-05-15,0.030136986301369864,P,545.0,-0.21266687963142394,0.0,0.13,0.14,0.46289599609375004,62.0,14527.0,674.1500244140625
QQQ,QQQ,2026-05-15,0.030136986301369864,P,546.0,-0.21083369854976297,0.0,0.77,0.13,0.5302781347656251,1.0,3314.0,674.1500244140625
QQQ,QQQ,2026-05-15,0.030136986301369864,P,547.0,-0.2090038718726868,0.0,0.22,0.18,0.48730981445312505,2.0,396.0,674.1500244140625
QQQ,QQQ,2026-05-15,0.030136986301369864,P,548.0,-0.20717738734665242,0.11,0.21,0.15,0.4804739453125,10.0,789.0,674.1500244140625
QQQ,QQQ,2026-05-15,0.030136986301369864,P,549.0,-0.20535423278513731,0.0,0.34,0.18,0.5092822509765625,1.0,689.0,674.1500244140625
QQQ,QQQ,2026-05-15,0.030136986301369864,P,550.0,-0.20353439606815132,0.12,0.33,0.12,0.5029346582031251,536.0,19736.0,674.1500244140625
QQQ,QQQ,2026-05-15,0.030136986301369864,P,551.0,-0.20171786514175344,0.0,0.33,0.16,0.499028447265625,1.0,496.0,674.1500244140625
QQQ,QQQ,2026-05-15,0.030136986301369864,P,552.0,-0.19990462801757258,0.0,0.24,0.19,0.47363807617187503,1.0,322.0,674.1500244140625
QQQ,QQQ,2026-05-15,0.030136986301369864,P,553.0,-0.19809467277233322,0.0,0.15,0.16,0.442388388671875,1.0,441.0,674.1500244140625
QQQ,QQQ,2026-05-15,0.030136986301369864,P,554.0,-0.1962879875473842,0.0,0.78,0.21,0.5581098876953126,4.0,488.0,674.1500244140625
QQQ,QQQ,2026-05-15,0.030136986301369864,P,555.0,-0.19448456054823346,0.0,0.24,0.15,0.4624077197265626,277.0,7806.0,674.1500244140625
QQQ,QQQ,2026-05-15,0.030136986301369864,P,556.0,-0.19268438004408558,0.0,0.35,0.17,0.4836477416992188,1.0,526.0,674.1500244140625
QQQ,QQQ,2026-05-15,0.030136986301369864,P,557.0,-0.19088743436738392,0.0,0.16,0.18,0.43164630859375,1.0,655.0,674.1500244140625
QQQ,QQQ,2026-05-15,0.030136986301369864,P,558.0,-0.189093711913357,0.0,0.36,0.17,0.4777884252929688,1.0,895.0,674.1500244140625
QQQ,QQQ,2026-05-15,0.030136986301369864,P,559.0,-0.18730320113956875,0.0,0.8,0.19,0.5388229711914063,42.0,1140.0,674.1500244140625
QQQ,QQQ,2026-05-15,0.030136986301369864,P,560.0,-0.1855158905654731,0.16,0.17,0.16,0.42383388671875,214.0,14090.0,674.1500244140625
QQQ,QQQ,2026-05-15,0.030136986301369864,P,561.0,-0.1837317687719717,0.15,0.36,0.19,0.4660697924804688,7.0,663.0,674.1500244140625
QQQ,QQQ,2026-05-15,0.030136986301369864,P,562.0,-0.18195082440097693,0.04,0.37,0.26,0.463872548828125,10.0,1020.0,674.1500244140625
QQQ,QQQ,2026-05-15,0.030136986301369864,P,563.0,-0.1801730461549776,0.02,0.18,0.19,0.41602146484374997,1.0,4511.0,674.1500244140625
QQQ,QQQ,2026-05-15,0.030136986301369864,P,564.0,-0.17839842279660906,0.16,0.38,0.18,0.4580132324218751,16.0,1039.0,674.1500244140625
QQQ,QQQ,2026-05-15,0.030136986301369864,P,565.0,-0.176626943148227,0.16,0.26,0.18,0.42969320312500003,307.0,6797.0,674.1500244140625
QQQ,QQQ,2026-05-15,0.030136986301369864,P,566.0,-0.174858596091485,0.16,0.19,0.2,0.40820904296875,31.0,505.0,674.1500244140625
QQQ,QQQ,2026-05-15,0.030136986301369864,P,567.0,-0.17309337056691584,0.17,0.19,0.22,0.40479110839843746,18.0,817.0,674.1500244140625
QQQ,QQQ,2026-05-15,0.030136986301369864,P,568.0,-0.17133125557351667,0.17,0.2,0.22,0.40381455566406255,1.0,632.0,674.1500244140625
QQQ,QQQ,2026-05-15,0.030136986301369864,P,569.0,-0.16957224016833708,0.18,0.2,0.2,0.39990834472656256,9.0,1208.0,674.1500244140625
QQQ,QQQ,2026-05-15,0.030136986301369864,P,570.0,-0.16781631346607215,0.18,0.21,0.2,0.39893179199218753,1064.0,19553.0,674.1500244140625
QQQ,QQQ,2026-05-15,0.030136986301369864,P,571.0,-0.16606346463865776,0.18,0.21,0.2,0.39551385742187506,7.0,1021.0,674.1500244140625
QQQ,QQQ,2026-05-15,0.030136986301369864,P,572.0,-0.16431368291487006,0.19,0.4,0.22,0.43018147949218755,1.0,638.0,674.1500244140625
QQQ,QQQ,2026-05-15,0.030136986301369864,P,573.0,-0.16256695757992837,0.0,0.22,0.21,0.39063109375,1.0,400.0,674.1500244140625
QQQ,QQQ,2026-05-15,0.030136986301369864,P,574.0,-0.16082327797510151,0.2,0.22,0.23,0.38672488281249995,4.0,493.0,674.1500244140625
QQQ,QQQ,2026-05-15,0.030136986301369864,P,575.0,-0.15908263349731747,0.2,0.34,0.23,0.40820904296875,571.0,13656.0,674.1500244140625
QQQ,QQQ,2026-05-15,0.030136986301369864,P,576.0,-0.15734501359877678,0.21,0.23,0.25,0.38184211914062494,3.0,509.0,674.1500244140625
QQQ,QQQ,2026-05-15,0.030136986301369864,P,577.0,-0.15561040778656843,0.21,0.43,0.25,0.41528905029296875,22.0,607.0,674.1500244140625
QQQ,QQQ,2026-05-15,0.030136986301369864,P,578.0,-0.1538788056222905,0.22,0.33,0.24,0.3947814428710938,13.0,417.0,674.1500244140625
QQQ,QQQ,2026-05-15,0.030136986301369864,P,579.0,-0.1521501967216727,0.22,0.25,0.23,0.3754945263671875,50.0,601.0,674.1500244140625
QQQ,QQQ,2026-05-15,0.030136986301369864,P,580.0,-0.15042457075420293,0.23,0.35,0.25,0.39063109375,199.0,18928.0,674.1500244140625
QQQ,QQQ,2026-05-15,0.030136986301369864,P,581.0,-0.1487019174427567,0.04,0.26,0.28,0.370123486328125,1.0,948.0,674.1500244140625
QQQ,QQQ,2026-05-15,0.030136986301369864,P,582.0,-0.1469822265632301,0.24,0.46,0.26,0.39990834472656256,4.0,1566.0,674.1500244140625
QQQ,QQQ,2026-05-15,0.030136986301369864,P,583.0,-0.14526548794417565,0.11,0.46,0.29,0.39600213378906257,1.0,3033.0,674.1500244140625
QQQ,QQQ,2026-05-15,0.030136986301369864,P,584.0,-0.14355169146644095,0.12,0.28,0.28,0.3627993408203125,13.0,1098.0,674.1500244140625
QQQ,QQQ,2026-05-15,0.030136986301369864,P,585.0,-0.1418408270628115,0.26,0.28,0.27,0.3591372680664062,869.0,14817.0,674.1500244140625
QQQ,QQQ,2026-05-15,0.030136986301369864,P,586.0,-0.14013288471765536,0.27,0.49,0.29,0.38794557373046873,18.0,1481.0,674.1500244140625
QQQ,QQQ,2026-05-15,0.030136986301369864,P,587.0,-0.13842785446657152,0.14,0.3,0.3,0.3552310571289062,28.0,2313.0,674.1500244140625
QQQ,QQQ,2026-05-15,0.030136986301369864,P,588.0,-0.13672572639604103,0.26,0.4,0.32,0.3676821044921875,11.0,3337.0,674.1500244140625
QQQ,QQQ,2026-05-15,0.030136986301369864,P,589.0,-0.13502649064308123,0.29,0.31,0.3,0.34961587890624996,3.0,2279.0,674.1500244140625
QQQ,QQQ,2026-05-15,0.030136986301369864,P,590.0,-0.13333013739490276,0.3,0.32,0.3,0.3474186352539062,680.0,15760.0,674.1500244140625
QQQ,QQQ,2026-05-15,0.030136986301369864,P,591.0,-0.13163665688856982,0.18,0.33,0.33,0.3452213916015625,36.0,1382.0,674.1500244140625
QQQ,QQQ,2026-05-15,0.030136986301369864,P,592.0,-0.12994603941066232,0.32,0.34,0.34,0.3430241479492187,48.0,1146.0,674.1500244140625
QQQ,QQQ,2026-05-15,0.030136986301369864,P,593.0,-0.12825827529694253,0.2,0.35,0.38,0.340826904296875,1.0,3220.0,674.1500244140625
QQQ,QQQ,2026-05-15,0.030136986301369864,P,594.0,-0.12657335493202304,0.34,0.36,0.39,0.33838552246093745,4.0,1133.0,674.1500244140625
QQQ,QQQ,2026-05-15,0.030136986301369864,P,595.0,-0.12489126874903819,0.34,0.37,0.35,0.33618827880859375,466.0,12165.0,674.1500244140625
QQQ,QQQ,2026-05-15,0.030136986301369864,P,596.0,-0.12321200722931817,0.22,0.38,0.43,0.33374689697265625,11.0,1695.0,674.1500244140625
QQQ,QQQ,2026-05-15,0.030136986301369864,P,597.0,-0.12153556090206584,0.17,0.39,0.4,0.33130551513671874,12.0,2749.0,674.1500244140625
QQQ,QQQ,2026-05-15,0.030136986301369864,P,598.0,-0.11986192034403617,0.24,0.4,0.42,0.3288641333007812,91.0,4694.0,674.1500244140625
QQQ,QQQ,2026-05-15,0.030136986301369864,P,599.0,-0.11819107617921867,0.19,0.41,0.41,0.32617861328125,24.0,1340.0,674.1500244140625
QQQ,QQQ,2026-05-15,0.030136986301369864,P,600.0,-0.11652301907852163,0.41,0.42,0.42,0.3237372314453124,3362.0,62026.0,674.1500244140625
QQQ,QQQ,2026-05-15,0.030136986301369864,P,601.0,-0.1148577397594604,0.29,0.44,0.42,0.32227240234374993,149.0,17609.0,674.1500244140625
QQQ,QQQ,2026-05-15,0.030136986301369864,P,602.0,-0.11319522898584693,0.3,0.45,0.46,0.31958688232421867,24.0,1298.0,674.1500244140625
QQQ,QQQ,2026-05-15,0.030136986301369864,P,603.0,-0.11153547756748251,0.44,0.46,0.51,0.31690136230468746,26.0,1496.0,674.1500244140625
QQQ,QQQ,2026-05-15,0.030136986301369864,P,604.0,-0.10987847635985298,0.26,0.48,0.46,0.31519239501953117,10.0,2161.0,674.1500244140625
QQQ,QQQ,2026-05-15,0.030136986301369864,P,605.0,-0.10822421626382646,0.47,0.49,0.48,0.31250687499999996,1283.0,15235.0,674.1500244140625
QQQ,QQQ,2026-05-15,0.030136986301369864,P,606.0,-0.10657268822535346,0.48,0.51,0.5,0.31055376953124997,1346.0,6476.0,674.1500244140625
QQQ,QQQ,2026-05-15,0.030136986301369864,P,607.0,-0.10492388323516975,0.38,0.53,0.5,0.30884480224609373,8.0,5903.0,674.1500244140625
QQQ,QQQ,2026-05-15,0.030136986301369864,P,608.0,-0.10327779232850098,0.5,0.55,0.53,0.30689169677734374,287.0,20688.0,674.1500244140625
QQQ,QQQ,2026-05-15,0.030136986301369864,P,609.0,-0.10163440658477095,0.4,0.56,0.53,0.30371790039062496,44.0,2232.0,674.1500244140625
QQQ,QQQ,2026-05-15,0.030136986301369864,P,610.0,-0.09999371712731103,0.56,0.58,0.56,0.301764794921875,1366.0,61864.0,674.1500244140625
QQQ,QQQ,2026-05-15,0.030136986301369864,P,611.0,-0.09835571512307262,0.44,0.6,0.57,0.2995675512695312,124.0,33128.0,674.1500244140625
QQQ,QQQ,2026-05-15,0.030136986301369864,P,612.0,-0.09672039178234185,0.58,0.62,0.65,0.29724823852539056,305.0,5975.0,674.1500244140625
QQQ,QQQ,2026-05-15,0.030136986301369864,P,613.0,-0.09508773835845652,0.48,0.65,0.61,0.295905478515625,33.0,1752.0,674.1500244140625
QQQ,QQQ,2026-05-15,0.030136986301369864,P,614.0,-0.09345774614752556,0.64,0.67,0.63,0.2934640966796874,44.0,2930.0,674.1500244140625
QQQ,QQQ,2026-05-15,0.030136986301369864,P,615.0,-0.09183040648815013,0.65,0.72,0.67,0.2934640966796874,1020.0,13615.0,674.1500244140625
QQQ,QQQ,2026-05-15,0.030136986301369864,P,616.0,-0.09020571076114821,0.5,0.72,0.69,0.2893137475585937,308.0,2669.0,674.1500244140625
QQQ,QQQ,2026-05-15,0.030136986301369864,P,617.0,-0.08858365038928016,0.72,0.75,0.73,0.2873606420898437,37.0,4403.0,674.1500244140625
QQQ,QQQ,2026-05-15,0.030136986301369864,P,618.0,-0.08696421683697719,0.75,0.78,0.82,0.28552960571289054,141.0,1556.0,674.1500244140625
QQQ,QQQ,2026-05-15,0.030136986301369864,P,619.0,-0.08534740161007184,0.78,0.81,0.79,0.2834544311523437,45.0,5841.0,674.1500244140625
QQQ,QQQ,2026-05-15,0.030136986301369864,P,620.0,-0.08373319625553069,0.8,0.84,0.83,0.28137925659179686,2706.0,19702.0,674.1500244140625
QQQ,QQQ,2026-05-15,0.030136986301369864,P,621.0,-0.08212159236118914,0.85,0.87,0.8,0.2790599438476562,368.0,859.0,674.1500244140625
QQQ,QQQ,2026-05-15,0.030136986301369864,P,622.0,-0.08051258155548857,0.86,0.91,0.96,0.27747304565429687,141.0,2193.0,674.1500244140625
QQQ,QQQ,2026-05-15,0.030136986301369864,P,623.0,-0.07890615550721486,0.92,0.97,0.9,0.27698476928710936,64.0,3353.0,674.1500244140625
QQQ,QQQ,2026-05-15,0.030136986301369864,P,624.0,-0.07730230592524032,0.76,0.98,0.93,0.2732006274414062,178.0,19444.0,674.1500244140625
QQQ,QQQ,2026-05-15,0.030136986301369864,P,625.0,-0.07570102455826647,0.99,1.04,1.0,0.27246821289062495,1274.0,14774.0,674.1500244140625
QQQ,QQQ,2026-05-15,0.030136986301369864,P,626.0,-0.07410230319456942,1.03,1.09,1.02,0.2710033837890625,182.0,17401.0,674.1500244140625
QQQ,QQQ,2026-05-15,0.030136986301369864,P,627.0,-0.07250613366174724,0.95,1.13,1.07,0.2688061401367187,627.0,2291.0,674.1500244140625
QQQ,QQQ,2026-05-15,0.030136986301369864,P,628.0,-0.07091250782646925,1.13,1.17,1.19,0.2664868273925781,251.0,2311.0,674.1500244140625
QQQ,QQQ,2026-05-15,0.030136986301369864,P,629.0,-0.06932141759422739,1.16,1.23,1.15,0.26508303283691403,133.0,6176.0,674.1500244140625
QQQ,QQQ,2026-05-15,0.030136986301369864,P,630.0,-0.06773285490908965,1.21,1.39,1.26,0.26868407104492187,3300.0,35723.0,674.1500244140625
QQQ,QQQ,2026-05-15,0.030136986301369864,P,631.0,-0.06614681175345484,1.27,1.34,1.25,0.26148199462890626,320.0,3814.0,674.1500244140625
QQQ,QQQ,2026-05-15,0.030136986301369864,P,632.0,-0.06456328014781056,1.35,1.4,1.35,0.25965095825195317,3109.0,3025.0,674.1500244140625
QQQ,QQQ,2026-05-15,0.030136986301369864,P,633.0,-0.06298225215049177,1.27,1.58,1.4,0.2633130310058594,66.0,2603.0,674.1500244140625
QQQ,QQQ,2026-05-15,0.030136986301369864,P,634.0,-0.06140371985744203,1.27,1.51,1.41,0.25525647094726567,176.0,1258.0,674.1500244140625
QQQ,QQQ,2026-05-15,0.030136986301369864,P,635.0,-0.05982767540197629,1.54,1.59,1.56,0.25403578002929694,1459.0,19936.0,674.1500244140625
QQQ,QQQ,2026-05-15,0.030136986301369864,P,636.0,-0.058254110954545774,1.61,1.75,1.6,0.2559888854980469,200.0,942.0,674.1500244140625
QQQ,QQQ,2026-05-15,0.030136986301369864,P,637.0,-0.05668301872250456,1.68,1.87,1.61,0.25592785095214843,449.0,1724.0,674.1500244140625
QQQ,QQQ,2026-05-15,0.030136986301369864,P,638.0,-0.05511439094987813,1.76,1.93,1.77,0.25324233093261717,142.0,1789.0,674.1500244140625
QQQ,QQQ,2026-05-15,0.030136986301369864,P,639.0,-0.05354821991713319,1.7,2.0,1.86,0.25086198364257806,676.0,2692.0,674.1500244140625
QQQ,QQQ,2026-05-15,0.030136986301369864,P,640.0,-0.05198449794095043,1.92,1.98,1.97,0.2449416326904297,2868.0,52037.0,674.1500244140625
QQQ,QQQ,2026-05-15,0.030136986301369864,P,641.0,-0.05042321737399792,2.02,2.21,2.03,0.24829853271484376,271.0,623.0,674.1500244140625
QQQ,QQQ,2026-05-15,0.030136986301369864,P,642.0,-0.048864370604706775,2.12,2.31,2.13,0.24652853088378907,197.0,1186.0,674.1500244140625
QQQ,QQQ,2026-05-15,0.030136986301369864,P,643.0,-0.04730795005704854,2.2,2.36,2.13,0.24292749267578123,162.0,632.0,674.1500244140625
QQQ,QQQ,2026-05-15,0.030136986301369864,P,644.0,-0.0457539481903143,2.31,2.52,2.3,0.24286645812988278,223.0,710.0,674.1500244140625
QQQ,QQQ,2026-05-15,0.030136986301369864,P,645.0,-0.04420235749889553,2.42,2.49,2.46,0.23645783081054686,1716.0,37306.0,674.1500244140625
QQQ,QQQ,2026-05-15,0.030136986301369864,P,646.0,-0.04265317051206615,2.54,2.76,2.55,0.23957059265136715,223.0,482.0,674.1500244140625
QQQ,QQQ,2026-05-15,0.030136986301369864,P,647.0,-0.041106379793767425,2.5,2.88,2.54,0.23767852172851558,635.0,984.0,674.1500244140625
QQQ,QQQ,2026-05-15,0.030136986301369864,P,648.0,-0.03956197794239328,2.8,3.03,2.81,0.23645783081054686,256.0,661.0,674.1500244140625
QQQ,QQQ,2026-05-15,0.030136986301369864,P,649.0,-0.03801995759057796,2.57,2.99,2.93,0.229499892578125,298.0,616.0,674.1500244140625
QQQ,QQQ,2026-05-15,0.030136986301369864,P,650.0,-0.03648031140498515,3.09,3.14,3.09,0.2280350634765625,9501.0,23001.0,674.1500244140625
QQQ,QQQ,2026-05-15,0.030136986301369864,P,651.0,-0.03494303208609868,3.05,3.45,3.2,0.23084265258789063,279.0,2565.0,674.1500244140625
QQQ,QQQ,2026-05-15,0.030136986301369864,P,652.0,-0.03340811236801496,3.19,3.63,3.37,0.2297135134887695,337.0,2488.0,674.1500244140625
QQQ,QQQ,2026-05-15,0.030136986301369864,P,653.0,-0.03187554501823695,3.35,3.77,3.35,0.22730264892578123,496.0,2322.0,674.1500244140625
QQQ,QQQ,2026-05-15,0.030136986301369864,P,654.0,-0.030345322837469296,3.72,3.95,3.76,0.22571575073242187,83.0,1492.0,674.1500244140625
QQQ,QQQ,2026-05-15,0.030136986301369864,P,655.0,-0.028817438659416064,3.87,4.15,3.92,0.22449505981445309,4345.0,7918.0,674.1500244140625
QQQ,QQQ,2026-05-15,0.030136986301369864,P,656.0,-0.027291885350578925,3.89,4.35,4.04,0.22296919616699218,114.0,3891.0,674.1500244140625
QQQ,QQQ,2026-05-15,0.030136986301369864,P,657.0,-0.025768655810057443,4.29,4.54,4.28,0.22101609069824218,801.0,936.0,674.1500244140625
QQQ,QQQ,2026-05-15,0.030136986301369864,P,658.0,-0.024247742969350738,4.49,4.65,4.45,0.2169878106689453,1440.0,1630.0,674.1500244140625
QQQ,QQQ,2026-05-15,0.030136986301369864,P,659.0,-0.022729139792160704,4.47,4.96,4.7,0.21744556976318358,354.0,693.0,674.1500244140625
QQQ,QQQ,2026-05-15,0.030136986301369864,P,660.0,-0.02121283927419668,4.94,5.0,4.98,0.21143366699218746,4261.0,8409.0,674.1500244140625
QQQ,QQQ,2026-05-15,0.030136986301369864,P,661.0,-0.019698834442981723,4.97,5.46,5.2,0.21479056701660154,1006.0,702.0,674.1500244140625
QQQ,QQQ,2026-05-15,0.030136986301369864,P,662.0,-0.018187118357659782,5.24,5.72,5.43,0.21332573791503906,731.0,798.0,674.1500244140625
QQQ,QQQ,2026-05-15,0.030136986301369864,P,663.0,-0.01667768410880547,5.4,5.98,5.4,0.21158625335693354,395.0,1256.0,674.1500244140625
QQQ,QQQ,2026-05-15,0.030136986301369864,P,664.0,-0.015170524818234112,5.67,6.22,5.95,0.2092059060668945,2545.0,5219.0,674.1500244140625
QQQ,QQQ,2026-05-15,0.030136986301369864,P,665.0,-0.013665633638813809,6.24,6.47,6.22,0.2067950415039062,3120.0,2558.0,674.1500244140625
QQQ,QQQ,2026-05-15,0.030136986301369864,P,666.0,-0.012163003754278798,6.47,6.79,6.5,0.2056048678588867,665.0,288.0,674.1500244140625
QQQ,QQQ,2026-05-15,0.030136986301369864,P,667.0,-0.010662628379044203,6.84,7.13,6.9,0.204536763305664,605.0,650.0,674.1500244140625
QQQ,QQQ,2026-05-15,0.030136986301369864,P,668.0,-0.009164500758022292,6.95,7.45,7.1,0.20279727874755854,302.0,314.0,674.1500244140625
QQQ,QQQ,2026-05-15,0.030136986301369864,P,669.0,-0.007668614166439553,7.19,7.82,7.57,0.20179020874023437,178.0,153.0,674.1500244140625
QQQ,QQQ,2026-05-15,0.030136986301369864,P,670.0,-0.006174961909656245,7.85,8.07,7.92,0.1980671014404297,8734.0,1089.0,674.1500244140625
QQQ,QQQ,2026-05-15,0.030136986301369864,P,671.0,-0.004683537322986182,7.92,8.57,8.29,0.1991046887207031,577.0,104.0,674.1500244140625
QQQ,QQQ,2026-05-15,0.030136986301369864,P,672.0,-0.003194333771518416,8.38,8.75,8.65,0.19342847595214846,1250.0,75.0,674.1500244140625
QQQ,QQQ,2026-05-15,0.030136986301369864,P,673.0,-0.001707344649940141,8.75,9.38,9.02,0.19641916870117188,2504.0,128.0,674.1500244140625
QQQ,QQQ,2026-05-15,0.030136986301369864,P,674.0,-0.00022256338236089726,9.28,9.71,9.48,0.19312330322265625,4065.0,7.0,674.1500244140625
QQQ,QQQ,2026-05-15,0.030136986301369864,P,675.0,0.0012600165778617956,9.83,9.96,9.9,0.18793536682128903,4044.0,208.0,674.1500244140625
QQQ,QQQ,2026-05-15,0.030136986301369864,P,676.0,0.002740401748296078,10.07,10.43,10.35,0.18677571044921876,548.0,2.0,674.1500244140625
QQQ,QQQ,2026-05-15,0.030136986301369864,P,677.0,0.004218598617606995,10.45,11.17,10.53,0.19062088684082032,235.0,1.0,674.1500244140625
QQQ,QQQ,2026-05-15,0.030136986301369864,P,678.0,0.0056946136457275845,10.75,11.67,10.64,0.18940019592285157,98.0,2.0,674.1500244140625
QQQ,QQQ,2026-05-15,0.030136986301369864,P,679.0,0.007168453264028157,11.44,12.18,11.13,0.18805743591308594,108.0,11.0,674.1500244140625
QQQ,QQQ,2026-05-15,0.030136986301369864,P,680.0,0.008640123875484428,12.15,12.5,12.35,0.1825032922363281,414.0,290.0,674.1500244140625
QQQ,QQQ,2026-05-15,0.030136986301369864,P,681.0,0.010109631854844425,12.57,13.26,12.57,0.18549398498535152,23.0,1.0,674.1500244140625
QQQ,QQQ,2026-05-15,0.030136986301369864,P,682.0,0.011576983548794172,13.06,13.83,13.18,0.18430381134033202,94.0,88.0,674.1500244140625
QQQ,QQQ,2026-05-15,0.030136986301369864,P,684.0,0.014505243327882562,14.24,15.05,14.0,0.1825032922363281,188.0,0.0,674.1500244140625
QQQ,QQQ,2026-05-15,0.030136986301369864,P,685.0,0.015966163967557404,14.56,15.61,15.2,0.17997035858154298,101.0,517.0,674.1500244140625
QQQ,QQQ,2026-05-15,0.030136986301369864,P,686.0,0.017424953431217353,15.23,16.34,16.18,0.18079432495117187,250.0,0.0,674.1500244140625
QQQ,QQQ,2026-05-15,0.030136986301369864,P,687.0,0.018881617927681484,14.5,17.02,16.14,0.18012294494628905,1.0,0.0,674.1500244140625
QQQ,QQQ,2026-05-15,0.030136986301369864,P,688.0,0.0203361636386756,16.44,17.63,17.03,0.17749845947265624,179.0,3.0,674.1500244140625
QQQ,QQQ,2026-05-15,0.030136986301369864,P,690.0,0.023238923296637033,18.3,20.11,18.5,0.2012103805541992,53.0,195.0,674.1500244140625
QQQ,QQQ,2026-05-15,0.030136986301369864,P,694.0,0.029019286212136525,20.99,23.65,21.5,0.21399711791992188,1.0,0.0,674.1500244140625
QQQ,QQQ,2026-05-15,0.030136986301369864,P,695.0,0.03045917127012417,21.77,23.09,22.55,0.1775594940185547,5.0,31.0,674.1500244140625
QQQ,QQQ,2026-05-15,0.030136986301369864,P,696.0,0.0318969860397517,22.95,23.97,24.6,0.17914639221191403,6.0,0.0,674.1500244140625
QQQ,QQQ,2026-05-15,0.030136986301369864,P,700.0,0.03762766074873678,25.97,28.85,26.11,0.22562419891357421,35.0,26.0,674.1500244140625
QQQ,QQQ,2026-05-15,0.030136986301369864,P,705.0,0.04474512851760062,30.66,33.4,31.68,0.23731231445312498,3.0,0.0,674.1500244140625
QQQ,QQQ,2026-05-15,0.030136986301369864,P,710.0,0.05181229574069314,34.22,38.23,60.57,0.2555616436767578,1.0,0.0,674.1500244140625
QQQ,QQQ,2026-05-15,0.030136986301369864,P,715.0,0.058829868399339756,39.25,43.13,40.76,0.27484856018066406,16.0,0.0,674.1500244140625
QQQ,QQQ,2026-05-15,0.030136986301369864,P,725.0,0.07271898056000681,99.76,103.02,123.68,1.3941985856628416,1.0,0.0,674.1500244140625
QQQ,QQQ,2026-05-15,0.030136986301369864,P,730.0,0.07959185984776891,104.76,108.04,137.2,1.4280424105834957,2.0,0.0,674.1500244140625
QQQ,QQQ,2026-05-15,0.030136986301369864,P,735.0,0.08641782491816863,59.21,63.06,70.36,0.3570010589599609,8.0,0.0,674.1500244140625
QQQ,QQQ,2026-05-15,0.030136986301369864,P,750.0,0.10662053223568807,74.16,78.12,76.0,0.41870698486328123,5.0,0.0,674.1500244140625
QQQ,QQQ,2026-05-15,0.030136986301369864,P,780.0,0.14584124538896936,152.42,156.17,160.8,1.6879898413085939,,0.0,674.1500244140625
QQQ,QQQ,2026-05-15,0.030136986301369864,P,790.0,0.15858027116639925,162.37,166.17,171.05,1.741944649658203,,0.0,674.1500244140625
QQQ,QQQ,2026-05-15,0.030136986301369864,P,800.0,0.1711590533732593,124.16,128.06,139.5,0.5925333715820313,1.0,0.0,674.1500244140625
QQQ,QQQ,2026-05-15,0.030136986301369864,P,805.0,0.17738960312389543,129.18,133.06,144.52,0.6088906298828126,,0.0,674.1500244140625
QQQ,QQQ,2026-05-15,0.030136986301369864,P,810.0,0.18358157337181658,184.71,188.13,191.32,1.8911443431091308,1.0,0.0,674.1500244140625
QQQ,QQQ,2026-05-15,0.030136986301369864,P,900.0,0.28894208902964286,224.16,228.05,247.75,0.647464462890625,,0.0,674.1500244140625
QQQ,QQQ,2026-06-12,0.10684931506849316,C,520.0,-0.25962386271919485,155.02,159.0,157.7,0.5097094927978516,1.0,,674.1500244140625
QQQ,QQQ,2026-06-12,0.10684931506849316,C,565.0,-0.176626943148227,110.93,115.0,113.5,0.45691461059570315,1.0,,674.1500244140625
QQQ,QQQ,2026-06-12,0.10684931506849316,C,575.0,-0.15908263349731747,101.22,105.5,103.52,0.4348201049804688,2.0,,674.1500244140625
QQQ,QQQ,2026-06-12,0.10684931506849316,C,585.0,-0.1418408270628115,92.4,95.63,94.47,0.4038450729370118,1.0,,674.1500244140625
QQQ,QQQ,2026-06-12,0.10684931506849316,C,595.0,-0.12489126874903819,83.13,86.15,84.77,0.3801026345825196,2.0,,674.1500244140625
QQQ,QQQ,2026-06-12,0.10684931506849316,C,600.0,-0.11652301907852163,78.19,81.47,79.19,0.3688417608642578,15.0,,674.1500244140625
QQQ,QQQ,2026-06-12,0.10684931506849316,C,620.0,-0.08373319625553069,60.48,63.25,62.51,0.32712464874267577,4.0,,674.1500244140625
QQQ,QQQ,2026-06-12,0.10684931506849316,C,625.0,-0.07570102455826647,54.67,57.03,55.53,0.289771506652832,5.0,,674.1500244140625
QQQ,QQQ,2026-06-12,0.10684931506849316,C,626.0,-0.07410230319456942,53.89,56.16,55.91,0.28815409118652335,2.0,,674.1500244140625
QQQ,QQQ,2026-06-12,0.10684931506849316,C,630.0,-0.06773285490908965,50.43,54.51,53.34,0.3078987667846679,6.0,,674.1500244140625
QQQ,QQQ,2026-06-12,0.10684931506849316,C,635.0,-0.05982767540197629,46.13,50.25,48.91,0.298560481262207,1.0,,674.1500244140625
QQQ,QQQ,2026-06-12,0.10684931506849316,C,639.0,-0.05354821991713319,44.17,46.87,43.67,0.29074805938720694,5.0,,674.1500244140625
QQQ,QQQ,2026-06-12,0.10684931506849316,C,640.0,-0.05198449794095043,43.25,44.24,44.87,0.26486941192626956,6.0,,674.1500244140625
QQQ,QQQ,2026-06-12,0.10684931506849316,C,642.0,-0.048864370604706775,41.71,44.4,43.45,0.28531598480224607,2.0,,674.1500244140625
QQQ,QQQ,2026-06-12,0.10684931506849316,C,643.0,-0.04730795005704854,40.77,43.59,42.15,0.28357650024414055,1.0,,674.1500244140625
QQQ,QQQ,2026-06-12,0.10684931506849316,C,644.0,-0.0457539481903143,40.09,40.95,41.04,0.2581556118774414,2.0,,674.1500244140625
QQQ,QQQ,2026-06-12,0.10684931506849316,C,645.0,-0.04420235749889553,39.31,40.15,40.14,0.25666026550292964,13.0,5.0,674.1500244140625
QQQ,QQQ,2026-06-12,0.10684931506849316,C,646.0,-0.04265317051206615,37.99,39.34,39.65,0.2549665568542481,2.0,0.0,674.1500244140625
QQQ,QQQ,2026-06-12,0.10684931506849316,C,647.0,-0.041106379793767425,37.71,38.56,39.06,0.2536085382080079,3.0,0.0,674.1500244140625
QQQ,QQQ,2026-06-12,0.10684931506849316,C,648.0,-0.03956197794239328,36.42,37.76,38.8,0.25193008819580076,4.0,0.0,674.1500244140625
QQQ,QQQ,2026-06-12,0.10684931506849316,C,649.0,-0.03801995759057796,35.64,36.98,37.78,0.250434741821289,1.0,5.0,674.1500244140625
QQQ,QQQ,2026-06-12,0.10684931506849316,C,650.0,-0.03648031140498515,35.12,36.01,36.52,0.24652853088378907,36.0,58.0,674.1500244140625
QQQ,QQQ,2026-06-12,0.10684931506849316,C,651.0,-0.03494303208609868,34.6,35.44,36.3,0.2475661181640625,1.0,0.0,674.1500244140625
QQQ,QQQ,2026-06-12,0.10684931506849316,C,652.0,-0.03340811236801496,33.4,34.66,35.48,0.24588766815185548,4.0,0.0,674.1500244140625
QQQ,QQQ,2026-06-12,0.10684931506849316,C,653.0,-0.03187554501823695,32.64,33.89,34.49,0.2443007699584961,8.0,0.0,674.1500244140625
QQQ,QQQ,2026-06-12,0.10684931506849316,C,654.0,-0.030345322837469296,32.33,33.15,33.89,0.2430190444946289,3.0,0.0,674.1500244140625
QQQ,QQQ,2026-06-12,0.10684931506849316,C,655.0,-0.028817438659416064,32.06,32.22,32.29,0.23937223037719724,57.0,2.0,674.1500244140625
QQQ,QQQ,2026-06-12,0.10684931506849316,C,656.0,-0.027291885350578925,30.86,31.65,32.46,0.2399978344726562,2.0,1.0,674.1500244140625
QQQ,QQQ,2026-06-12,0.10684931506849316,C,657.0,-0.025768655810057443,30.16,30.92,31.79,0.2386245571899414,2.0,0.0,674.1500244140625
QQQ,QQQ,2026-06-12,0.10684931506849316,C,658.0,-0.024247742969350738,28.95,30.19,31.06,0.2371749867248535,1.0,2.0,674.1500244140625
QQQ,QQQ,2026-06-12,0.10684931506849316,C,659.0,-0.022729139792160704,28.31,29.46,30.03,0.23566438171386717,8.0,0.0,674.1500244140625
QQQ,QQQ,2026-06-12,0.10684931506849316,C,660.0,-0.02121283927419668,28.43,28.58,29.33,0.23233799896240231,36.0,3.0,674.1500244140625
QQQ,QQQ,2026-06-12,0.10684931506849316,C,661.0,-0.019698834442981723,27.23,28.03,28.84,0.23279575805664063,4.0,4.0,674.1500244140625
QQQ,QQQ,2026-06-12,0.10684931506849316,C,662.0,-0.018187118357659782,26.06,27.33,27.68,0.2314224807739258,5.0,2.0,674.1500244140625
QQQ,QQQ,2026-06-12,0.10684931506849316,C,663.0,-0.01667768410880547,25.85,26.64,26.73,0.23009497940063478,6.0,9.0,674.1500244140625
QQQ,QQQ,2026-06-12,0.10684931506849316,C,664.0,-0.015170524818234112,25.16,25.95,25.77,0.2286911848449707,4.0,6.0,674.1500244140625
QQQ,QQQ,2026-06-12,0.10684931506849316,C,665.0,-0.013665633638813809,24.07,25.11,25.8,0.2255021298217773,5.0,4.0,674.1500244140625
QQQ,QQQ,2026-06-12,0.10684931506849316,C,666.0,-0.012163003754278798,23.35,24.59,24.89,0.22588359573364258,3.0,0.0,674.1500244140625
QQQ,QQQ,2026-06-12,0.10684931506849316,C,667.0,-0.010662628379044203,22.69,23.93,23.99,0.22458661163330074,2.0,11.0,674.1500244140625
QQQ,QQQ,2026-06-12,0.10684931506849316,C,668.0,-0.009164500758022292,22.51,23.27,23.1,0.22321333435058593,6.0,5.0,674.1500244140625
QQQ,QQQ,2026-06-12,0.10684931506849316,C,669.0,-0.007668614166439553,21.87,22.62,22.49,0.22187057434082028,2.0,2.0,674.1500244140625
QQQ,QQQ,2026-06-12,0.10684931506849316,C,670.0,-0.006174961909656245,21.72,21.84,22.4,0.21900195068359374,8.0,40.0,674.1500244140625
QQQ,QQQ,2026-06-12,0.10684931506849316,C,671.0,-0.004683537322986182,20.22,21.35,21.85,0.21927660614013672,6.0,1.0,674.1500244140625
QQQ,QQQ,2026-06-12,0.10684931506849316,C,672.0,-0.003194333771518416,19.53,20.72,21.65,0.21790332885742186,10.0,43.0,674.1500244140625
QQQ,QQQ,2026-06-12,0.10684931506849316,C,673.0,-0.001707344649940141,18.95,20.11,20.76,0.2166826379394531,10.0,11.0,674.1500244140625
QQQ,QQQ,2026-06-12,0.10684931506849316,C,674.0,-0.00022256338236089726,18.78,19.5,19.65,0.21535513656616212,59.0,,674.1500244140625
QQQ,QQQ,2026-06-12,0.10684931506849316,C,675.0,0.0012600165778617956,17.76,18.91,19.02,0.21418022155761718,46.0,,674.1500244140625
QQQ,QQQ,2026-06-12,0.10684931506849316,C,676.0,0.002740401748296078,17.6,18.32,18.82,0.21289849609375,11.0,,674.1500244140625
QQQ,QQQ,2026-06-12,0.10684931506849316,C,677.0,0.004218598617606995,17.03,17.74,17.91,0.211647287902832,3.0,,674.1500244140625
QQQ,QQQ,2026-06-12,0.10684931506849316,C,678.0,0.0056946136457275845,16.09,17.17,16.95,0.21039607971191404,15.0,,674.1500244140625
QQQ,QQQ,2026-06-12,0.10684931506849316,C,679.0,0.007168453264028157,15.92,16.61,16.8,0.20917538879394526,3.0,,674.1500244140625
QQQ,QQQ,2026-06-12,0.10684931506849316,C,680.0,0.008640123875484428,15.83,15.95,16.61,0.20673400695800775,176.0,,674.1500244140625
QQQ,QQQ,2026-06-12,0.10684931506849316,C,681.0,0.010109631854844425,14.83,15.52,15.09,0.20676452423095698,1.0,,674.1500244140625
QQQ,QQQ,2026-06-12,0.10684931506849316,C,682.0,0.011576983548794172,14.31,15.0,15.51,0.20569641967773436,9.0,,674.1500244140625
QQQ,QQQ,2026-06-12,0.10684931506849316,C,684.0,0.014505243327882562,13.3,13.97,13.54,0.20337710693359373,4.0,,674.1500244140625
QQQ,QQQ,2026-06-12,0.10684931506849316,C,685.0,0.015966163967557404,13.01,13.48,13.31,0.20233951965332028,137.0,,674.1500244140625
QQQ,QQQ,2026-06-12,0.10684931506849316,C,686.0,0.017424953431217353,12.33,12.99,13.34,0.2012103805541992,1.0,,674.1500244140625
QQQ,QQQ,2026-06-12,0.10684931506849316,C,687.0,0.018881617927681484,11.86,12.52,13.12,0.20020331054687499,3.0,,674.1500244140625
QQQ,QQQ,2026-06-12,0.10684931506849316,C,688.0,0.0203361636386756,11.42,12.05,11.54,0.1990741714477539,20.0,,674.1500244140625
QQQ,QQQ,2026-06-12,0.10684931506849316,C,690.0,0.023238923296637033,10.94,11.07,11.03,0.19603770278930666,182.0,,674.1500244140625
QQQ,QQQ,2026-06-12,0.10684931506849316,C,691.0,0.02468714947300188,9.95,10.72,10.84,0.19599192687988282,43.0,,674.1500244140625
QQQ,QQQ,2026-06-12,0.10684931506849316,C,692.0,0.02613328132300156,9.69,10.3,10.64,0.1950153741455078,1.0,,674.1500244140625
QQQ,QQQ,2026-06-12,0.10684931506849316,C,693.0,0.02757732489523524,9.29,9.89,9.32,0.19403882141113282,49.0,,674.1500244140625
QQQ,QQQ,2026-06-12,0.10684931506849316,C,694.0,0.029019286212136525,8.91,9.49,7.3,0.1930775273132324,2.0,,674.1500244140625
QQQ,QQQ,2026-06-12,0.10684931506849316,C,695.0,0.03045917127012417,8.52,9.11,9.14,0.1922383023071289,138.0,,674.1500244140625
QQQ,QQQ,2026-06-12,0.10684931506849316,C,696.0,0.0318969860397517,8.16,8.73,8.58,0.19129226684570313,84.0,,674.1500244140625
QQQ,QQQ,2026-06-12,0.10684931506849316,C,697.0,0.03333273646585595,7.78,8.36,8.62,0.19034623138427736,6.0,,674.1500244140625
QQQ,QQQ,2026-06-12,0.10684931506849316,C,698.0,0.03476642846770455,7.46,8.01,8.39,0.1895527822875977,2.0,,674.1500244140625
QQQ,QQQ,2026-06-12,0.10684931506849316,C,699.0,0.03619806793914235,7.12,7.67,7.52,0.18874407455444336,100.0,,674.1500244140625
QQQ,QQQ,2026-06-12,0.10684931506849316,C,700.0,0.03762766074873678,6.8,7.34,7.1,0.18796588409423826,121.0,,674.1500244140625
QQQ,QQQ,2026-06-12,0.10684931506849316,C,705.0,0.04474512851760062,5.65,5.76,5.68,0.18311363769531247,140.0,,674.1500244140625
QQQ,QQQ,2026-06-12,0.10684931506849316,C,710.0,0.05181229574069314,4.16,4.52,4.83,0.17993984130859375,113.0,,674.1500244140625
QQQ,QQQ,2026-06-12,0.10684931506849316,C,715.0,0.058829868399339756,3.42,3.51,3.57,0.17731535583496094,63.0,,674.1500244140625
QQQ,QQQ,2026-06-12,0.10684931506849316,C,720.0,0.06579853771543295,2.63,2.72,2.73,0.1756063885498047,121.0,,674.1500244140625
QQQ,QQQ,2026-06-12,0.10684931506849316,C,725.0,0.07271898056000681,2.01,2.1,2.11,0.17450776672363283,191.0,,674.1500244140625
QQQ,QQQ,2026-06-12,0.10684931506849316,C,730.0,0.07959185984776891,1.54,1.62,1.69,0.17389742126464847,57.0,,674.1500244140625
QQQ,QQQ,2026-06-12,0.10684931506849316,C,735.0,0.08641782491816863,1.19,1.25,1.28,0.17383638671875,59.0,,674.1500244140625
QQQ,QQQ,2026-06-12,0.10684931506849316,C,740.0,0.09319751190354746,0.92,0.98,1.04,0.1746298358154297,31.0,,674.1500244140625
QQQ,QQQ,2026-06-12,0.10684931506849316,C,745.0,0.0999315440848916,0.67,0.8,0.79,0.17701018310546873,4.0,,674.1500244140625
QQQ,QQQ,2026-06-12,0.10684931506849316,C,750.0,0.10662053223568807,0.56,0.63,0.61,0.17816983947753906,39.0,,674.1500244140625
QQQ,QQQ,2026-06-12,0.10684931506849316,C,760.0,0.11986575898570884,0.37,0.63,0.43,0.1959308923339844,181.0,,674.1500244140625
QQQ,QQQ,2026-06-12,0.10684931506849316,C,770.0,0.13293784055306154,0.25,0.49,0.29,0.2043536596679687,18.0,,674.1500244140625
QQQ,QQQ,2026-06-12,0.10684931506849316,C,780.0,0.14584124538896936,0.17,0.43,0.2,0.21607229248046872,10.0,,674.1500244140625
QQQ,QQQ,2026-06-12,0.10684931506849316,C,790.0,0.15858027116639925,0.11,0.38,0.15,0.2274247180175781,1.0,,674.1500244140625
QQQ,QQQ,2026-06-12,0.10684931506849316,P,350.0,-0.6555195198112085,0.04,0.11,0.08,0.6894562304687502,1.0,,674.1500244140625
QQQ,QQQ,2026-06-12,0.10684931506849316,P,380.0,-0.5732814215742364,0.07,0.13,0.1,0.6250037500000001,1.0,,674.1500244140625
QQQ,QQQ,2026-06-12,0.10684931506849316,P,385.0,-0.5602093400068837,0.07,0.11,0.1,0.6054726953125001,1.0,,674.1500244140625
QQQ,QQQ,2026-06-12,0.10684931506849316,P,400.0,-0.521988127186686,0.1,0.14,0.13,0.5839885351562499,31.0,,674.1500244140625
QQQ,QQQ,2026-06-12,0.10684931506849316,P,405.0,-0.5095656071881287,0.11,0.15,0.14,0.57617611328125,1.0,,674.1500244140625
QQQ,QQQ,2026-06-12,0.10684931506849316,P,425.0,-0.4613635053702511,0.15,0.22,0.2,0.5468795312500001,10.0,,674.1500244140625
QQQ,QQQ,2026-06-12,0.10684931506849316,P,430.0,-0.4496674656070599,0.17,0.23,0.19,0.5390671093750001,11.0,,674.1500244140625
QQQ,QQQ,2026-06-12,0.10684931506849316,P,435.0,-0.4381066432059838,0.18,0.24,0.2,0.5293015820312501,20.0,,674.1500244140625
QQQ,QQQ,2026-06-12,0.10684931506849316,P,440.0,-0.42667794738236114,0.19,0.46,0.24,0.5449264257812501,34.0,,674.1500244140625
QQQ,QQQ,2026-06-12,0.10684931506849316,P,450.0,-0.4042050915303025,0.22,0.49,0.28,0.5249070947265625,16.0,,674.1500244140625
QQQ,QQQ,2026-06-12,0.10684931506849316,P,455.0,-0.39315525534371754,0.24,0.51,0.28,0.51562984375,1.0,,674.1500244140625
QQQ,QQQ,2026-06-12,0.10684931506849316,P,490.0,-0.3190472831899956,0.41,0.68,0.46,0.46631393066406257,2.0,,674.1500244140625
QQQ,QQQ,2026-06-12,0.10684931506849316,P,495.0,-0.30889491172597766,0.44,1.1,0.46,0.4901174035644532,20.0,,674.1500244140625
QQQ,QQQ,2026-06-12,0.10684931506849316,P,500.0,-0.29884457587247626,0.48,1.14,0.49,0.47937532348632805,10.0,,674.1500244140625
QQQ,QQQ,2026-06-12,0.10684931506849316,P,505.0,-0.2888942450193081,0.52,1.18,0.54,0.4686332434082031,16.0,,674.1500244140625
QQQ,QQQ,2026-06-12,0.10684931506849316,P,510.0,-0.2790419485762965,0.56,0.64,0.58,0.411138701171875,18.0,,674.1500244140625
QQQ,QQQ,2026-06-12,0.10684931506849316,P,515.0,-0.26928577363093187,0.61,0.68,0.64,0.40259386474609377,5.0,,674.1500244140625
QQQ,QQQ,2026-06-12,0.10684931506849316,P,530.0,-0.2405756677485005,0.77,0.85,0.77,0.3789124609375,12.0,,674.1500244140625
QQQ,QQQ,2026-06-12,0.10684931506849316,P,535.0,-0.23118592739866137,0.85,0.92,0.86,0.37134417724609375,1.0,,674.1500244140625
QQQ,QQQ,2026-06-12,0.10684931506849316,P,540.0,-0.2218835347363479,0.91,0.99,0.91,0.36340968627929693,11.0,,674.1500244140625
QQQ,QQQ,2026-06-12,0.10684931506849316,P,545.0,-0.21266687963142394,1.0,1.07,1.01,0.35559726440429684,11.0,,674.1500244140625
QQQ,QQQ,2026-06-12,0.10684931506849316,P,550.0,-0.20353439606815132,1.09,1.16,1.09,0.34802898071289057,14.0,,674.1500244140625
QQQ,QQQ,2026-06-12,0.10684931506849316,P,555.0,-0.19448456054823346,1.18,1.25,1.22,0.3399724206542969,8.0,,674.1500244140625
QQQ,QQQ,2026-06-12,0.10684931506849316,P,560.0,-0.1855158905654731,1.29,1.36,1.32,0.33246517150878907,7.0,,674.1500244140625
QQQ,QQQ,2026-06-12,0.10684931506849316,P,565.0,-0.176626943148227,1.41,1.5,1.46,0.32581240600585937,3.0,,674.1500244140625
QQQ,QQQ,2026-06-12,0.10684931506849316,P,570.0,-0.16781631346607215,1.57,1.64,1.62,0.31854929504394525,27.0,,674.1500244140625
QQQ,QQQ,2026-06-12,0.10684931506849316,P,575.0,-0.15908263349731747,1.72,1.79,1.79,0.3111030804443359,4.0,,674.1500244140625
QQQ,QQQ,2026-06-12,0.10684931506849316,P,580.0,-0.15042457075420293,1.9,1.97,1.89,0.304145142211914,60.0,,674.1500244140625
QQQ,QQQ,2026-06-12,0.10684931506849316,P,585.0,-0.1418408270628115,2.11,2.17,2.1,0.29718720397949216,26.0,,674.1500244140625
QQQ,QQQ,2026-06-12,0.10684931506849316,P,590.0,-0.13333013739490276,2.32,2.41,2.42,0.2907175421142577,76.0,,674.1500244140625
QQQ,QQQ,2026-06-12,0.10684931506849316,P,595.0,-0.12489126874903819,2.57,2.66,2.55,0.28375960388183585,60.0,,674.1500244140625
QQQ,QQQ,2026-06-12,0.10684931506849316,P,600.0,-0.11652301907852163,2.87,2.95,2.87,0.2770458038330078,251.0,,674.1500244140625
QQQ,QQQ,2026-06-12,0.10684931506849316,P,605.0,-0.10822421626382646,3.21,3.29,3.25,0.2706371765136719,80.0,,674.1500244140625
QQQ,QQQ,2026-06-12,0.10684931506849316,P,610.0,-0.09999371712731103,3.59,3.68,3.52,0.2644421701049804,138.0,,674.1500244140625
QQQ,QQQ,2026-06-12,0.10684931506849316,P,615.0,-0.09183040648815013,4.03,4.1,3.93,0.257819921875,831.0,,674.1500244140625
QQQ,QQQ,2026-06-12,0.10684931506849316,P,620.0,-0.08373319625553069,4.52,4.61,4.54,0.25189957092285153,43.0,,674.1500244140625
QQQ,QQQ,2026-06-12,0.10684931506849316,P,621.0,-0.08212159236118914,4.62,4.82,4.57,0.2525709509277344,16.0,,674.1500244140625
QQQ,QQQ,2026-06-12,0.10684931506849316,P,622.0,-0.08051258155548857,4.73,4.93,4.64,0.25131974273681634,27.0,,674.1500244140625
QQQ,QQQ,2026-06-12,0.10684931506849316,P,623.0,-0.07890615550721486,4.85,5.04,4.68,0.2500075,38.0,,674.1500244140625
QQQ,QQQ,2026-06-12,0.10684931506849316,P,624.0,-0.07730230592524032,4.96,5.16,4.82,0.2488173263549805,2.0,,674.1500244140625
QQQ,QQQ,2026-06-12,0.10684931506849316,P,625.0,-0.07570102455826647,5.08,5.18,5.12,0.24582663360595702,246.0,,674.1500244140625
QQQ,QQQ,2026-06-12,0.10684931506849316,P,626.0,-0.07410230319456942,5.21,5.4,5.05,0.24631490997314454,102.0,,674.1500244140625
QQQ,QQQ,2026-06-12,0.10684931506849316,P,627.0,-0.07250613366174724,5.33,5.53,5.24,0.2451552536010742,3.0,,674.1500244140625
QQQ,QQQ,2026-06-12,0.10684931506849316,P,628.0,-0.07091250782646925,5.46,5.66,5.31,0.24393456268310548,2.0,,674.1500244140625
QQQ,QQQ,2026-06-12,0.10684931506849316,P,629.0,-0.06932141759422739,5.59,5.8,5.56,0.24283594085693355,3.0,,674.1500244140625
QQQ,QQQ,2026-06-12,0.10684931506849316,P,630.0,-0.06773285490908965,5.73,5.83,5.81,0.23987576538085933,78.0,,674.1500244140625
QQQ,QQQ,2026-06-12,0.10684931506849316,P,631.0,-0.06614681175345484,5.86,6.08,5.64,0.2404555935668945,14.0,,674.1500244140625
QQQ,QQQ,2026-06-12,0.10684931506849316,P,632.0,-0.06456328014781056,6.01,6.22,6.02,0.23917386810302732,4.0,,674.1500244140625
QQQ,QQQ,2026-06-12,0.10684931506849316,P,633.0,-0.06298225215049177,6.15,6.37,6.1,0.238014211730957,5.0,,674.1500244140625
QQQ,QQQ,2026-06-12,0.10684931506849316,P,634.0,-0.06140371985744203,6.3,6.52,6.2,0.23679352081298827,11.0,,674.1500244140625
QQQ,QQQ,2026-06-12,0.10684931506849316,P,635.0,-0.05982767540197629,6.46,6.68,6.31,0.23566438171386717,107.0,,674.1500244140625
QQQ,QQQ,2026-06-12,0.10684931506849316,P,636.0,-0.058254110954545774,6.61,6.84,6.68,0.23447420806884767,11.0,,674.1500244140625
QQQ,QQQ,2026-06-12,0.10684931506849316,P,637.0,-0.05668301872250456,6.78,7.0,6.63,0.2332229998779297,9.0,,674.1500244140625
QQQ,QQQ,2026-06-12,0.10684931506849316,P,638.0,-0.05511439094987813,6.94,7.17,6.74,0.23206334350585936,11.0,,674.1500244140625
QQQ,QQQ,2026-06-12,0.10684931506849316,P,639.0,-0.05354821991713319,7.11,7.34,7.21,0.23084265258789063,2.0,,674.1500244140625
QQQ,QQQ,2026-06-12,0.10684931506849316,P,640.0,-0.05198449794095043,7.3,7.41,7.07,0.22812661529541017,87.0,,674.1500244140625
QQQ,QQQ,2026-06-12,0.10684931506849316,P,641.0,-0.05042321737399792,7.47,7.7,7.15,0.22849282257080078,13.0,,674.1500244140625
QQQ,QQQ,2026-06-12,0.10684931506849316,P,642.0,-0.048864370604706775,7.65,7.89,7.68,0.22736368347167968,1.0,,674.1500244140625
QQQ,QQQ,2026-06-12,0.10684931506849316,P,643.0,-0.04730795005704854,7.84,8.08,7.65,0.22617350982666018,10.0,,674.1500244140625
QQQ,QQQ,2026-06-12,0.10684931506849316,P,644.0,-0.0457539481903143,7.81,8.27,7.91,0.22492230163574217,10.0,,674.1500244140625
QQQ,QQQ,2026-06-12,0.10684931506849316,P,645.0,-0.04420235749889553,8.2,8.47,8.04,0.22373212799072262,87.0,141.0,674.1500244140625
QQQ,QQQ,2026-06-12,0.10684931506849316,P,646.0,-0.04265317051206615,8.2,8.67,8.35,0.22248091979980467,43.0,27.0,674.1500244140625
QQQ,QQQ,2026-06-12,0.10684931506849316,P,647.0,-0.041106379793767425,8.52,8.88,8.6,0.22129074615478517,9.0,4.0,674.1500244140625
QQQ,QQQ,2026-06-12,0.10684931506849316,P,648.0,-0.03956197794239328,8.62,9.09,8.56,0.22003953796386716,14.0,8.0,674.1500244140625
QQQ,QQQ,2026-06-12,0.10684931506849316,P,649.0,-0.03801995759057796,8.84,9.31,9.16,0.21884936431884766,14.0,120.0,674.1500244140625
QQQ,QQQ,2026-06-12,0.10684931506849316,P,650.0,-0.03648031140498515,9.31,9.43,9.39,0.21630117202758786,183.0,68.0,674.1500244140625
QQQ,QQQ,2026-06-12,0.10684931506849316,P,651.0,-0.03494303208609868,9.29,9.77,9.2,0.21649953430175778,17.0,6.0,674.1500244140625
QQQ,QQQ,2026-06-12,0.10684931506849316,P,652.0,-0.03340811236801496,9.52,10.01,9.69,0.21535513656616212,10.0,56.0,674.1500244140625
QQQ,QQQ,2026-06-12,0.10684931506849316,P,653.0,-0.03187554501823695,9.75,10.26,9.67,0.2142565147399902,115.0,9.0,674.1500244140625
QQQ,QQQ,2026-06-12,0.10684931506849316,P,654.0,-0.030345322837469296,9.72,10.51,10.35,0.2130815997314453,99.0,16.0,674.1500244140625
QQQ,QQQ,2026-06-12,0.10684931506849316,P,655.0,-0.028817438659416064,10.24,10.76,10.57,0.2118303915405273,238.0,11.0,674.1500244140625
QQQ,QQQ,2026-06-12,0.10684931506849316,P,656.0,-0.027291885350578925,10.21,11.0,10.4,0.21038082107543943,146.0,2.0,674.1500244140625
QQQ,QQQ,2026-06-12,0.10684931506849316,P,657.0,-0.025768655810057443,10.75,11.29,10.77,0.20946530288696286,5.0,59.0,674.1500244140625
QQQ,QQQ,2026-06-12,0.10684931506849316,P,658.0,-0.024247742969350738,10.71,11.57,11.22,0.20835142242431637,6.0,3.0,674.1500244140625
QQQ,QQQ,2026-06-12,0.10684931506849316,P,659.0,-0.022729139792160704,11.3,11.85,11.52,0.20714599014282226,2.0,0.0,674.1500244140625
QQQ,QQQ,2026-06-12,0.10684931506849316,P,660.0,-0.02121283927419668,11.87,12.0,11.89,0.2043384010314941,181.0,12.0,674.1500244140625
QQQ,QQQ,2026-06-12,0.10684931506849316,P,661.0,-0.019698834442981723,11.87,12.43,11.65,0.20475038421630853,19.0,2.0,674.1500244140625
QQQ,QQQ,2026-06-12,0.10684931506849316,P,662.0,-0.018187118357659782,12.17,12.74,12.52,0.20365176239013671,11.0,52.0,674.1500244140625
QQQ,QQQ,2026-06-12,0.10684931506849316,P,663.0,-0.01667768410880547,12.47,13.05,13.0,0.20246158874511716,5.0,8.0,674.1500244140625
QQQ,QQQ,2026-06-12,0.10684931506849316,P,664.0,-0.015170524818234112,12.78,13.37,13.15,0.20133244964599606,3.0,3.0,674.1500244140625
QQQ,QQQ,2026-06-12,0.10684931506849316,P,665.0,-0.013665633638813809,12.78,13.67,12.88,0.19986762054443358,185.0,9.0,674.1500244140625
QQQ,QQQ,2026-06-12,0.10684931506849316,P,666.0,-0.012163003754278798,13.08,14.03,13.34,0.19898261962890623,8.0,8.0,674.1500244140625
QQQ,QQQ,2026-06-12,0.10684931506849316,P,667.0,-0.010662628379044203,13.41,14.37,14.07,0.19780770462036135,11.0,4.0,674.1500244140625
QQQ,QQQ,2026-06-12,0.10684931506849316,P,668.0,-0.009164500758022292,13.75,14.72,14.07,0.1966327896118164,17.0,15.0,674.1500244140625
QQQ,QQQ,2026-06-12,0.10684931506849316,P,669.0,-0.007668614166439553,14.1,15.08,15.0,0.1955036505126953,6.0,42.0,674.1500244140625
QQQ,QQQ,2026-06-12,0.10684931506849316,P,670.0,-0.006174961909656245,15.15,15.29,15.4,0.1925739923095703,182.0,0.0,674.1500244140625
QQQ,QQQ,2026-06-12,0.10684931506849316,P,671.0,-0.004683537322986182,14.82,15.83,15.21,0.19327588958740233,6.0,39.0,674.1500244140625
QQQ,QQQ,2026-06-12,0.10684931506849316,P,672.0,-0.003194333771518416,15.2,16.21,15.52,0.1920551986694336,28.0,77.0,674.1500244140625
QQQ,QQQ,2026-06-12,0.10684931506849316,P,673.0,-0.001707344649940141,15.58,16.61,16.28,0.19098709411621095,45.0,0.0,674.1500244140625
QQQ,QQQ,2026-06-12,0.10684931506849316,P,674.0,-0.00022256338236089726,15.97,17.02,16.23,0.1899037309265137,18.0,,674.1500244140625
QQQ,QQQ,2026-06-12,0.10684931506849316,P,675.0,0.0012600165778617956,16.5,17.3,16.5,0.1872945040893555,99.0,,674.1500244140625
QQQ,QQQ,2026-06-12,0.10684931506849316,P,676.0,0.002740401748296078,16.79,17.86,17.1,0.1876912286376953,24.0,,674.1500244140625
QQQ,QQQ,2026-06-12,0.10684931506849316,P,677.0,0.004218598617606995,17.6,18.29,17.36,0.186531572265625,3.0,,674.1500244140625
QQQ,QQQ,2026-06-12,0.10684931506849316,P,679.0,0.007168453264028157,18.09,19.19,18.14,0.18433432861328125,2.0,,674.1500244140625
QQQ,QQQ,2026-06-12,0.10684931506849316,P,680.0,0.008640123875484428,18.54,19.49,19.58,0.18140467041015623,25.0,,674.1500244140625
QQQ,QQQ,2026-06-12,0.10684931506849316,P,681.0,0.010109631854844425,19.01,20.13,19.98,0.18216760223388673,8.0,,674.1500244140625
QQQ,QQQ,2026-06-12,0.10684931506849316,P,682.0,0.011576983548794172,19.48,20.62,19.67,0.18113001495361325,2.0,,674.1500244140625
QQQ,QQQ,2026-06-12,0.10684931506849316,P,683.0,0.013042185276122149,19.97,21.12,20.74,0.18009242767333983,20.0,,674.1500244140625
QQQ,QQQ,2026-06-12,0.10684931506849316,P,685.0,0.015966163967557404,21.62,22.08,21.33,0.17720854537963865,6.0,,674.1500244140625
QQQ,QQQ,2026-06-12,0.10684931506849316,P,686.0,0.017424953431217353,20.31,24.32,21.34,0.19571727142333983,2.0,,674.1500244140625
QQQ,QQQ,2026-06-12,0.10684931506849316,P,688.0,0.0203361636386756,21.38,23.81,23.27,0.1753012158203125,20.0,,674.1500244140625
QQQ,QQQ,2026-06-12,0.10684931506849316,P,690.0,0.023238923296637033,24.34,24.86,25.43,0.17221897125244146,3.0,,674.1500244140625
QQQ,QQQ,2026-06-12,0.10684931506849316,P,695.0,0.03045917127012417,27.2,29.62,26.84,0.18854571228027345,1.0,,674.1500244140625
QQQ,QQQ,2026-06-12,0.10684931506849316,P,705.0,0.04474512851760062,32.47,35.07,34.52,0.16108016662597657,2.0,,674.1500244140625
QQQ,QQQ,2026-08-21,0.29863013698630136,C,320.0,-0.7451316785008958,355.46,359.5,345.65,0.7788108056640625,1.0,8.0,674.1500244140625
QQQ,QQQ,2026-08-21,0.29863013698630136,C,325.0,-0.7296274919649305,350.55,354.5,325.69,0.7664818273925782,4.0,4.0,674.1500244140625
QQQ,QQQ,2026-08-21,0.29863013698630136,C,340.0,-0.6845070566844609,335.81,340.0,327.41,0.7399928344726561,2.0,12.0,674.1500244140625
QQQ,QQQ,2026-08-21,0.29863013698630136,C,345.0,-0.6699082572633083,330.92,335.0,219.09,0.7282742016601562,1.0,8.0,674.1500244140625
QQQ,QQQ,2026-08-21,0.29863013698630136,C,350.0,-0.6555195198112085,325.99,330.0,304.57,0.7159452233886718,1.0,4.0,674.1500244140625
QQQ,QQQ,2026-08-21,0.29863013698630136,C,360.0,-0.6273486428445123,316.16,320.35,292.4,0.6985503778076172,1.0,5.0,674.1500244140625
QQQ,QQQ,2026-08-21,0.29863013698630136,C,370.0,-0.5999496686563979,306.34,310.12,270.72,0.6712679357910158,,1.0,674.1500244140625
QQQ,QQQ,2026-08-21,0.29863013698630136,C,380.0,-0.5732814215742364,296.49,300.5,277.9,0.6543003320312502,1.0,1.0,674.1500244140625
QQQ,QQQ,2026-08-21,0.29863013698630136,C,385.0,-0.5602093400068837,291.66,295.82,274.59,0.6492344647216797,1.0,3.0,674.1500244140625
QQQ,QQQ,2026-08-21,0.29863013698630136,C,390.0,-0.5473059351709759,286.7,290.53,263.57,0.6326941027832031,2.0,3.0,674.1500244140625
QQQ,QQQ,2026-08-21,0.29863013698630136,C,400.0,-0.521988127186686,276.98,281.0,279.92,0.6187782263183594,1.0,35.0,674.1500244140625
QQQ,QQQ,2026-08-21,0.29863013698630136,C,410.0,-0.49729551459631444,267.2,271.4,245.43,0.6026040716552736,2.0,2.0,674.1500244140625
QQQ,QQQ,2026-08-21,0.29863013698630136,C,420.0,-0.4731979630172539,257.45,261.23,233.74,0.5792888751220704,3.0,3.0,674.1500244140625
QQQ,QQQ,2026-08-21,0.29863013698630136,C,425.0,-0.4613635053702511,252.52,256.94,235.49,0.5770305969238281,1.0,3.0,674.1500244140625
QQQ,QQQ,2026-08-21,0.29863013698630136,C,430.0,-0.4496674656070599,247.65,251.84,224.26,0.5653424813842775,1.0,5.0,674.1500244140625
QQQ,QQQ,2026-08-21,0.29863013698630136,C,440.0,-0.42667794738236114,237.92,242.0,213.73,0.5465743585205078,1.0,14.0,674.1500244140625
QQQ,QQQ,2026-08-21,0.29863013698630136,C,445.0,-0.4153783921284278,233.06,237.29,136.0,0.539616420288086,1.0,2.0,674.1500244140625
QQQ,QQQ,2026-08-21,0.29863013698630136,C,450.0,-0.4042050915303025,228.21,232.5,213.33,0.531803998413086,78.0,83.0,674.1500244140625
QQQ,QQQ,2026-08-21,0.29863013698630136,C,455.0,-0.39315525534371754,223.36,227.5,201.62,0.5216722637939453,2.0,4.0,674.1500244140625
QQQ,QQQ,2026-08-21,0.29863013698630136,C,460.0,-0.38222618481152737,218.53,222.37,221.64,0.5104419073486328,5.0,45.0,674.1500244140625
QQQ,QQQ,2026-08-21,0.29863013698630136,C,465.0,-0.3714152687073116,213.69,217.88,197.88,0.5056812127685546,1.0,5.0,674.1500244140625
QQQ,QQQ,2026-08-21,0.29863013698630136,C,470.0,-0.36071997959056373,208.86,213.0,129.91,0.5347031393432617,4.0,3.0,674.1500244140625
QQQ,QQQ,2026-08-21,0.29863013698630136,C,475.0,-0.35013787026002685,204.04,208.22,188.91,0.5263108892822266,1.0,16.0,674.1500244140625
QQQ,QQQ,2026-08-21,0.29863013698630136,C,480.0,-0.33966657039273135,199.23,203.5,174.81,0.518834157409668,1.0,18.0,674.1500244140625
QQQ,QQQ,2026-08-21,0.29863013698630136,C,485.0,-0.3293037833571848,194.42,198.5,171.48,0.5067798345947265,5.0,10.0,674.1500244140625
QQQ,QQQ,2026-08-21,0.29863013698630136,C,490.0,-0.3190472831899956,189.61,193.48,173.67,0.4944813735961915,4.0,23.0,674.1500244140625
QQQ,QQQ,2026-08-21,0.29863013698630136,C,495.0,-0.30889491172597766,184.83,189.0,164.73,0.49063619720458984,1.0,19.0,674.1500244140625
QQQ,QQQ,2026-08-21,0.29863013698630136,C,500.0,-0.29884457587247626,180.06,184.37,182.25,0.4841970526123047,23.0,19.0,674.1500244140625
QQQ,QQQ,2026-08-21,0.29863013698630136,C,505.0,-0.2888942450193081,175.27,179.5,178.38,0.47415686981201177,1.0,117.0,674.1500244140625
QQQ,QQQ,2026-08-21,0.29863013698630136,C,510.0,-0.2790419485762965,170.51,174.71,149.5,0.46521530883789064,2.0,134.0,674.1500244140625
QQQ,QQQ,2026-08-21,0.29863013698630136,C,515.0,-0.26928577363093187,165.77,169.97,81.97,0.4569451278686524,5.0,295.0,674.1500244140625
QQQ,QQQ,2026-08-21,0.29863013698630136,C,520.0,-0.25962386271919485,161.03,165.25,162.42,0.44885805053710937,1.0,54.0,674.1500244140625
QQQ,QQQ,2026-08-21,0.29863013698630136,C,525.0,-0.2500544117030442,156.32,159.36,114.24,0.42508509490966795,1.0,23.0,674.1500244140625
QQQ,QQQ,2026-08-21,0.29863013698630136,C,530.0,-0.2405756677485005,151.62,154.66,137.79,0.4174557766723632,1.0,102.0,674.1500244140625
QQQ,QQQ,2026-08-21,0.29863013698630136,C,535.0,-0.23118592739866137,146.93,149.97,123.45,0.40985697570800783,6.0,55.0,674.1500244140625
QQQ,QQQ,2026-08-21,0.29863013698630136,C,540.0,-0.2218835347363479,142.27,145.31,143.96,0.4024717956542969,3.0,35.0,674.1500244140625
QQQ,QQQ,2026-08-21,0.29863013698630136,C,545.0,-0.21266687963142394,137.61,140.66,107.3,0.395086615600586,1.0,15.0,674.1500244140625
QQQ,QQQ,2026-08-21,0.29863013698630136,C,550.0,-0.20353439606815132,132.98,136.04,134.99,0.38791505645751956,4.0,135.0,674.1500244140625
QQQ,QQQ,2026-08-21,0.29863013698630136,C,555.0,-0.19448456054823346,128.38,131.44,122.14,0.38078927322387696,1.0,42.0,674.1500244140625
QQQ,QQQ,2026-08-21,0.29863013698630136,C,560.0,-0.1855158905654731,123.8,126.86,127.0,0.3737092658996582,1.0,177.0,674.1500244140625
QQQ,QQQ,2026-08-21,0.29863013698630136,C,565.0,-0.176626943148227,119.25,122.32,105.92,0.36687339675903324,1.0,166.0,674.1500244140625
QQQ,QQQ,2026-08-21,0.29863013698630136,C,570.0,-0.16781631346607215,114.82,117.8,116.68,0.3600527862548828,1.0,235.0,674.1500244140625
QQQ,QQQ,2026-08-21,0.29863013698630136,C,575.0,-0.15908263349731747,111.52,112.88,106.5,0.34888346435546874,4.0,166.0,674.1500244140625
QQQ,QQQ,2026-08-21,0.29863013698630136,C,580.0,-0.15042457075420293,105.68,108.87,108.74,0.34682354843139646,4.0,294.0,674.1500244140625
QQQ,QQQ,2026-08-21,0.29863013698630136,C,585.0,-0.1418408270628115,101.32,104.43,103.54,0.34009448974609374,30.0,1107.0,674.1500244140625
QQQ,QQQ,2026-08-21,0.29863013698630136,C,590.0,-0.13333013739490276,98.33,99.63,99.8,0.32970335830688474,95.0,524.0,674.1500244140625
QQQ,QQQ,2026-08-21,0.29863013698630136,C,595.0,-0.12489126874903819,94.01,95.39,94.41,0.3244086114501953,5.0,293.0,674.1500244140625
QQQ,QQQ,2026-08-21,0.29863013698630136,C,600.0,-0.11652301907852163,89.73,91.01,91.39,0.31748119049072265,15.0,1149.0,674.1500244140625
QQQ,QQQ,2026-08-21,0.29863013698630136,C,605.0,-0.10822421626382646,84.16,87.16,86.42,0.3149024809265136,2.0,578.0,674.1500244140625
QQQ,QQQ,2026-08-21,0.29863013698630136,C,610.0,-0.09999371712731103,81.34,82.57,82.72,0.3055336781311035,10.0,1581.0,674.1500244140625
QQQ,QQQ,2026-08-21,0.29863013698630136,C,615.0,-0.09183040648815013,76.91,79.93,76.03,0.31201859863281245,1.0,3067.0,674.1500244140625
QQQ,QQQ,2026-08-21,0.29863013698630136,C,620.0,-0.08373319625553069,73.16,74.74,74.56,0.2970956521606445,15.0,2036.0,674.1500244140625
QQQ,QQQ,2026-08-21,0.29863013698630136,C,625.0,-0.07570102455826647,69.16,70.71,71.0,0.2912668530273437,10.0,3236.0,674.1500244140625
QQQ,QQQ,2026-08-21,0.29863013698630136,C,630.0,-0.06773285490908965,65.24,66.37,66.25,0.2826457234191894,16.0,3552.0,674.1500244140625
QQQ,QQQ,2026-08-21,0.29863013698630136,C,635.0,-0.05982767540197629,61.4,62.86,62.1,0.27992968612670893,27.0,2013.0,674.1500244140625
QQQ,QQQ,2026-08-21,0.29863013698630136,C,640.0,-0.05198449794095043,57.61,58.7,59.38,0.2718578674316406,34.0,6629.0,674.1500244140625
QQQ,QQQ,2026-08-21,0.29863013698630136,C,645.0,-0.04420235749889553,53.96,54.98,54.54,0.26654786193847657,8.0,1396.0,674.1500244140625
QQQ,QQQ,2026-08-21,0.29863013698630136,C,650.0,-0.03648031140498515,50.32,51.44,51.7,0.26200078826904294,98.0,1742.0,674.1500244140625
QQQ,QQQ,2026-08-21,0.29863013698630136,C,655.0,-0.028817438659416064,46.81,47.83,47.49,0.2563703514099121,94.0,2472.0,674.1500244140625
QQQ,QQQ,2026-08-21,0.29863013698630136,C,660.0,-0.02121283927419668,43.42,44.4,44.15,0.251411294555664,73.0,1248.0,674.1500244140625
QQQ,QQQ,2026-08-21,0.29863013698630136,C,665.0,-0.013665633638813809,40.13,41.16,41.7,0.24712361770629881,219.0,792.0,674.1500244140625
QQQ,QQQ,2026-08-21,0.29863013698630136,C,670.0,-0.006174961909656245,36.96,38.17,38.54,0.24387352813720703,148.0,1982.0,674.1500244140625
QQQ,QQQ,2026-08-21,0.29863013698630136,C,675.0,0.0012600165778617956,33.93,34.81,34.5,0.23740386627197263,356.0,2566.0,674.1500244140625
QQQ,QQQ,2026-08-21,0.29863013698630136,C,680.0,0.008640123875484428,31.05,32.14,31.62,0.2348861912536621,632.0,1208.0,674.1500244140625
QQQ,QQQ,2026-08-21,0.29863013698630136,C,685.0,0.015966163967557404,28.22,29.04,28.77,0.2286911848449707,94.0,1252.0,674.1500244140625
QQQ,QQQ,2026-08-21,0.29863013698630136,C,690.0,0.023238923296637033,26.0,26.68,26.03,0.2267228207397461,87.0,2394.0,674.1500244140625
QQQ,QQQ,2026-08-21,0.29863013698630136,C,695.0,0.03045917127012417,23.13,23.89,24.29,0.22098557342529296,16.0,740.0,674.1500244140625
QQQ,QQQ,2026-08-21,0.29863013698630136,C,700.0,0.03762766074873678,21.16,21.8,21.27,0.21921557159423827,519.0,2016.0,674.1500244140625
QQQ,QQQ,2026-08-21,0.29863013698630136,C,705.0,0.04474512851760062,18.73,19.31,19.73,0.21378349700927735,6.0,334.0,674.1500244140625
QQQ,QQQ,2026-08-21,0.29863013698630136,C,710.0,0.05181229574069314,16.95,17.27,16.98,0.21057918334960937,210.0,900.0,674.1500244140625
QQQ,QQQ,2026-08-21,0.29863013698630136,C,715.0,0.058829868399339756,15.07,15.39,15.69,0.20761900787353516,11.0,227.0,674.1500244140625
QQQ,QQQ,2026-08-21,0.29863013698630136,C,720.0,0.06579853771543295,13.36,13.45,13.43,0.20320926193237304,555.0,2433.0,674.1500244140625
QQQ,QQQ,2026-08-21,0.29863013698630136,C,725.0,0.07271898056000681,11.76,12.08,12.18,0.20226322647094724,55.0,965.0,674.1500244140625
QQQ,QQQ,2026-08-21,0.29863013698630136,C,730.0,0.07959185984776891,10.36,10.64,10.44,0.19983710327148438,317.0,596.0,674.1500244140625
QQQ,QQQ,2026-08-21,0.29863013698630136,C,735.0,0.08641782491816863,9.08,9.36,9.22,0.19780770462036135,25.0,549.0,674.1500244140625
QQQ,QQQ,2026-08-21,0.29863013698630136,C,740.0,0.09319751190354746,7.95,8.06,8.04,0.1945423564147949,306.0,734.0,674.1500244140625
QQQ,QQQ,2026-08-21,0.29863013698630136,C,745.0,0.0999315440848916,6.93,7.04,7.02,0.1928791650390625,11.0,157.0,674.1500244140625
QQQ,QQQ,2026-08-21,0.29863013698630136,C,750.0,0.10662053223568807,6.03,6.43,6.1,0.1944965805053711,11.0,420.0,674.1500244140625
QQQ,QQQ,2026-08-21,0.29863013698630136,C,755.0,0.11326507495435671,5.25,5.35,5.36,0.1902546795654297,137.0,347.0,674.1500244140625
QQQ,QQQ,2026-08-21,0.29863013698630136,C,760.0,0.11986575898570884,4.56,4.66,4.61,0.18930864410400394,46.0,520.0,674.1500244140625
QQQ,QQQ,2026-08-21,0.29863013698630136,C,765.0,0.12642315953186778,3.96,4.17,4.04,0.1900410586547852,3.0,348.0,674.1500244140625
QQQ,QQQ,2026-08-21,0.29863013698630136,C,770.0,0.13293784055306154,3.44,3.55,3.65,0.18824053955078124,260.0,709.0,674.1500244140625
QQQ,QQQ,2026-08-21,0.29863013698630136,C,775.0,0.13941035505867908,3.0,3.1,3.13,0.18796588409423826,21.0,802.0,674.1500244140625
QQQ,QQQ,2026-08-21,0.29863013698630136,C,780.0,0.14584124538896936,2.61,2.71,2.77,0.1878743322753906,252.0,538.0,674.1500244140625
QQQ,QQQ,2026-08-21,0.29863013698630136,C,785.0,0.15223104348774044,2.28,2.46,2.27,0.18952226501464847,1.0,92.0,674.1500244140625
QQQ,QQQ,2026-08-21,0.29863013698630136,C,790.0,0.15858027116639925,2.02,2.09,2.09,0.18833209136962892,30.0,185.0,674.1500244140625
QQQ,QQQ,2026-08-21,0.29863013698630136,C,795.0,0.16488944035966402,1.76,1.85,1.18,0.1889729541015625,12.0,129.0,674.1500244140625
QQQ,QQQ,2026-08-21,0.29863013698630136,C,800.0,0.1711590533732593,1.56,1.63,1.67,0.18946123046875002,50.0,1490.0,674.1500244140625
QQQ,QQQ,2026-08-21,0.29863013698630136,C,805.0,0.17738960312389543,1.37,1.51,1.39,0.19184157775878907,9.0,1490.0,674.1500244140625
QQQ,QQQ,2026-08-21,0.29863013698630136,C,810.0,0.18358157337181658,1.22,1.31,1.2,0.19178054321289065,1.0,189.0,674.1500244140625
QQQ,QQQ,2026-08-21,0.29863013698630136,C,815.0,0.1897354389461947,0.98,1.22,1.1,0.19428295959472658,1.0,630.0,674.1500244140625
QQQ,QQQ,2026-08-21,0.29863013698630136,C,820.0,0.19585166596363085,0.86,1.11,1.03,0.19586985778808597,37.0,665.0,674.1500244140625
QQQ,QQQ,2026-08-21,0.29863013698630136,C,825.0,0.2019307120400131,0.79,0.97,0.93,0.19605296142578127,1013.0,13042.0,674.1500244140625
QQQ,QQQ,2026-08-21,0.29863013698630136,C,830.0,0.2079730264959756,0.67,0.91,0.84,0.1986164123535156,2.0,1132.0,674.1500244140625
QQQ,QQQ,2026-08-21,0.29863013698630136,C,840.0,0.2199492175426914,0.53,0.94,0.68,0.2090533197021484,2.0,823.0,674.1500244140625
QQQ,QQQ,2026-08-21,0.29863013698630136,C,850.0,0.23178367518969417,0.42,0.82,0.6,0.2133867724609375,90.0,239.0,674.1500244140625
QQQ,QQQ,2026-08-21,0.29863013698630136,C,860.0,0.2434797149528854,0.34,0.65,0.49,0.21436332519531248,2.0,816.0,674.1500244140625
QQQ,QQQ,2026-08-21,0.29863013698630136,C,870.0,0.2550405373539615,0.27,0.54,0.32,0.21680470703125,3.0,151.0,674.1500244140625
QQQ,QQQ,2026-08-21,0.29863013698630136,C,880.0,0.2664692331775842,0.21,0.58,0.27,0.22718057983398435,4.0,280.0,674.1500244140625
QQQ,QQQ,2026-08-21,0.29863013698630136,C,890.0,0.2777687884315175,0.26,0.53,0.2,0.23230748168945312,20.0,285.0,674.1500244140625
QQQ,QQQ,2026-08-21,0.29863013698630136,C,900.0,0.28894208902964286,0.23,0.25,0.25,0.21778125976562498,30.0,6912.0,674.1500244140625
QQQ,QQQ,2026-08-21,0.29863013698630136,P,315.0,-0.7608800354690349,0.33,0.38,0.37,0.5678754150390625,157.0,1516.0,674.1500244140625
QQQ,QQQ,2026-08-21,0.29863013698630136,P,320.0,-0.7451316785008958,0.2,0.63,0.52,0.5676312768554688,1.0,727.0,674.1500244140625
QQQ,QQQ,2026-08-21,0.29863013698630136,P,325.0,-0.7296274919649305,0.22,0.65,0.48,0.5600629931640625,1.0,418.0,674.1500244140625
QQQ,QQQ,2026-08-21,0.29863013698630136,P,330.0,-0.714360019834142,0.25,0.67,0.51,0.5529829858398438,6.0,340.0,674.1500244140625
QQQ,QQQ,2026-08-21,0.29863013698630136,P,335.0,-0.6993221424696016,0.27,0.7,0.54,0.5459029785156251,11.0,427.0,674.1500244140625
QQQ,QQQ,2026-08-21,0.29863013698630136,P,340.0,-0.6845070566844609,0.3,0.73,0.49,0.5395553857421876,25.0,183.0,674.1500244140625
QQQ,QQQ,2026-08-21,0.29863013698630136,P,345.0,-0.6699082572633083,0.33,0.75,0.54,0.532231240234375,6.0,48.0,674.1500244140625
QQQ,QQQ,2026-08-21,0.29863013698630136,P,350.0,-0.6555195198112085,0.51,0.79,0.56,0.5347946911621093,58.0,196.0,674.1500244140625
QQQ,QQQ,2026-08-21,0.29863013698630136,P,355.0,-0.6413348848192522,0.4,0.81,1.97,0.5192919165039063,2.0,27.0,674.1500244140625
QQQ,QQQ,2026-08-21,0.29863013698630136,P,360.0,-0.6273486428445123,0.57,0.85,0.58,0.5201464001464844,1.0,460.0,674.1500244140625
QQQ,QQQ,2026-08-21,0.29863013698630136,P,365.0,-0.6135553207121764,0.6,0.82,0.82,0.5097705273437501,2.0,55.0,674.1500244140625
QQQ,QQQ,2026-08-21,0.29863013698630136,P,370.0,-0.5999496686563979,0.64,0.85,0.75,0.5029346582031251,1.0,72.0,674.1500244140625
QQQ,QQQ,2026-08-21,0.29863013698630136,P,375.0,-0.5865266483242573,0.68,0.96,0.87,0.5112353564453125,8.0,71.0,674.1500244140625
QQQ,QQQ,2026-08-21,0.29863013698630136,P,380.0,-0.5732814215742364,0.72,0.99,0.72,0.5031787963867188,120.0,4436.0,674.1500244140625
QQQ,QQQ,2026-08-21,0.29863013698630136,P,385.0,-0.5602093400068837,0.76,1.04,0.99,0.49670913452148446,300.0,341.0,674.1500244140625
QQQ,QQQ,2026-08-21,0.29863013698630136,P,390.0,-0.5473059351709759,0.81,1.09,1.04,0.4899953344726563,1.0,288.0,674.1500244140625
QQQ,QQQ,2026-08-21,0.29863013698630136,P,395.0,-0.5345669093935461,0.85,1.13,0.88,0.48254911987304694,3.0,521.0,674.1500244140625
QQQ,QQQ,2026-08-21,0.29863013698630136,P,400.0,-0.521988127186686,0.91,1.18,0.94,0.4757132507324219,147.0,876.0,674.1500244140625
QQQ,QQQ,2026-08-21,0.29863013698630136,P,405.0,-0.5095656071881287,0.96,1.24,1.19,0.46936565795898444,10.0,500.0,674.1500244140625
QQQ,QQQ,2026-08-21,0.29863013698630136,P,410.0,-0.49729551459631444,1.01,1.23,0.98,0.4588677160644532,1.0,266.0,674.1500244140625
QQQ,QQQ,2026-08-21,0.29863013698630136,P,415.0,-0.4851741540639697,0.99,1.36,1.29,0.45642633422851564,19.0,68.0,674.1500244140625
QQQ,QQQ,2026-08-21,0.29863013698630136,P,420.0,-0.4731979630172539,1.16,1.41,1.17,0.44922425781249997,4.0,1076.0,674.1500244140625
QQQ,QQQ,2026-08-21,0.29863013698630136,P,425.0,-0.4613635053702511,1.2,1.37,1.2,0.43726148681640625,2.0,243.0,674.1500244140625
QQQ,QQQ,2026-08-21,0.29863013698630136,P,430.0,-0.4496674656070599,1.28,1.47,1.29,0.4327449304199219,54.0,362.0,674.1500244140625
QQQ,QQQ,2026-08-21,0.29863013698630136,P,435.0,-0.4381066432059838,1.35,1.55,1.36,0.42694664855957043,31.0,362.0,674.1500244140625
QQQ,QQQ,2026-08-21,0.29863013698630136,P,440.0,-0.42667794738236114,1.42,1.63,1.52,0.4209652630615235,78.0,528.0,674.1500244140625
QQQ,QQQ,2026-08-21,0.29863013698630136,P,445.0,-0.4153783921284278,1.51,1.71,1.85,0.41486180847167964,4.0,295.0,674.1500244140625
QQQ,QQQ,2026-08-21,0.29863013698630136,P,450.0,-0.4042050915303025,1.61,1.68,1.62,0.4039976593017578,57.0,1026.0,674.1500244140625
QQQ,QQQ,2026-08-21,0.29863013698630136,P,455.0,-0.39315525534371754,1.69,1.97,1.71,0.40619490295410154,1.0,626.0,674.1500244140625
QQQ,QQQ,2026-08-21,0.29863013698630136,P,460.0,-0.38222618481152737,1.79,2.07,1.81,0.40027455200195317,2.0,588.0,674.1500244140625
QQQ,QQQ,2026-08-21,0.29863013698630136,P,465.0,-0.3714152687073116,1.89,2.1,1.9,0.3917907501220703,1.0,798.0,674.1500244140625
QQQ,QQQ,2026-08-21,0.29863013698630136,P,470.0,-0.36071997959056373,2.02,2.09,2.02,0.38184211914062494,10.0,834.0,674.1500244140625
QQQ,QQQ,2026-08-21,0.29863013698630136,P,475.0,-0.35013787026002685,2.12,2.33,2.11,0.38043832458496096,77.0,377.0,674.1500244140625
QQQ,QQQ,2026-08-21,0.29863013698630136,P,480.0,-0.33966657039273135,2.25,2.31,2.25,0.37030658996582033,118.0,1395.0,674.1500244140625
QQQ,QQQ,2026-08-21,0.29863013698630136,P,485.0,-0.3293037833571848,2.38,2.59,2.33,0.36936055450439453,1.0,894.0,674.1500244140625
QQQ,QQQ,2026-08-21,0.29863013698630136,P,490.0,-0.3190472831899956,2.55,2.73,2.53,0.363836928100586,33.0,4114.0,674.1500244140625
QQQ,QQQ,2026-08-21,0.29863013698630136,P,495.0,-0.30889491172597766,2.68,2.89,2.82,0.3586184744262696,12.0,484.0,674.1500244140625
QQQ,QQQ,2026-08-21,0.29863013698630136,P,500.0,-0.29884457587247626,2.87,2.94,2.88,0.35034829345703117,191.0,9174.0,674.1500244140625
QQQ,QQQ,2026-08-21,0.29863013698630136,P,505.0,-0.2888942450193081,3.02,3.1,3.25,0.3448551843261719,3.0,202.0,674.1500244140625
QQQ,QQQ,2026-08-21,0.29863013698630136,P,510.0,-0.2790419485762965,3.22,3.31,3.21,0.3403386279296875,4.0,342.0,674.1500244140625
QQQ,QQQ,2026-08-21,0.29863013698630136,P,515.0,-0.26928577363093187,3.42,3.51,3.43,0.3352727606201171,5.0,625.0,674.1500244140625
QQQ,QQQ,2026-08-21,0.29863013698630136,P,520.0,-0.25962386271919485,3.64,3.84,3.68,0.3327398269653321,12.0,768.0,674.1500244140625
QQQ,QQQ,2026-08-21,0.29863013698630136,P,525.0,-0.2500544117030442,3.87,3.96,3.85,0.3254767160034179,6.0,1685.0,674.1500244140625
QQQ,QQQ,2026-08-21,0.29863013698630136,P,530.0,-0.2405756677485005,4.12,4.21,4.06,0.3206549868774413,48.0,1541.0,674.1500244140625
QQQ,QQQ,2026-08-21,0.29863013698630136,P,535.0,-0.23118592739866137,4.38,4.59,4.36,0.3179084323120117,11.0,456.0,674.1500244140625
QQQ,QQQ,2026-08-21,0.29863013698630136,P,540.0,-0.2218835347363479,4.68,4.76,4.65,0.3110420458984374,117.0,1345.0,674.1500244140625
QQQ,QQQ,2026-08-21,0.29863013698630136,P,545.0,-0.21266687963142394,4.97,5.26,5.03,0.30951618225097655,17.0,1537.0,674.1500244140625
QQQ,QQQ,2026-08-21,0.29863013698630136,P,550.0,-0.20353439606815132,5.3,5.4,5.28,0.30170376037597657,53.0,5912.0,674.1500244140625
QQQ,QQQ,2026-08-21,0.29863013698630136,P,555.0,-0.19448456054823346,5.65,5.87,5.63,0.29883513671874995,65.0,1554.0,674.1500244140625
QQQ,QQQ,2026-08-21,0.29863013698630136,P,560.0,-0.1855158905654731,6.04,6.13,5.97,0.29242650939941395,46.0,1243.0,674.1500244140625
QQQ,QQQ,2026-08-21,0.29863013698630136,P,565.0,-0.176626943148227,6.44,6.54,6.33,0.28790995300292954,61.0,732.0,674.1500244140625
QQQ,QQQ,2026-08-21,0.29863013698630136,P,570.0,-0.16781631346607215,6.87,7.1,6.77,0.2849802947998046,14.0,6828.0,674.1500244140625
QQQ,QQQ,2026-08-21,0.29863013698630136,P,575.0,-0.15908263349731747,7.34,7.48,7.24,0.27928882339477534,5.0,1372.0,674.1500244140625
QQQ,QQQ,2026-08-21,0.29863013698630136,P,580.0,-0.15042457075420293,7.84,7.95,7.84,0.2743908010864258,125.0,4294.0,674.1500244140625
QQQ,QQQ,2026-08-21,0.29863013698630136,P,585.0,-0.1418408270628115,8.38,8.62,8.23,0.27140010833740236,129.0,1033.0,674.1500244140625
QQQ,QQQ,2026-08-21,0.29863013698630136,P,590.0,-0.13333013739490276,8.79,9.38,8.73,0.2688671746826171,178.0,1917.0,674.1500244140625
QQQ,QQQ,2026-08-21,0.29863013698630136,P,595.0,-0.12489126874903819,9.58,9.7,9.26,0.2611463046264648,27.0,1967.0,674.1500244140625
QQQ,QQQ,2026-08-21,0.29863013698630136,P,600.0,-0.11652301907852163,10.25,10.36,10.29,0.25667552413940425,426.0,3715.0,674.1500244140625
QQQ,QQQ,2026-08-21,0.29863013698630136,P,605.0,-0.10822421626382646,10.97,11.08,10.97,0.252311554107666,114.0,1062.0,674.1500244140625
QQQ,QQQ,2026-08-21,0.29863013698630136,P,610.0,-0.09999371712731103,11.76,11.88,11.75,0.2482222395324707,104.0,3254.0,674.1500244140625
QQQ,QQQ,2026-08-21,0.29863013698630136,P,615.0,-0.09183040648815013,12.56,12.86,12.24,0.24521628814697266,67.0,2625.0,674.1500244140625
QQQ,QQQ,2026-08-21,0.29863013698630136,P,620.0,-0.08373319625553069,13.47,13.58,13.36,0.23937223037719724,113.0,778.0,674.1500244140625
QQQ,QQQ,2026-08-21,0.29863013698630136,P,625.0,-0.07570102455826647,14.42,14.57,14.12,0.2353439503479004,77.0,2293.0,674.1500244140625
QQQ,QQQ,2026-08-21,0.29863013698630136,P,630.0,-0.06773285490908965,15.45,15.75,15.2,0.2322617057800293,50.0,1258.0,674.1500244140625
QQQ,QQQ,2026-08-21,0.29863013698630136,P,635.0,-0.05982767540197629,16.54,16.85,16.56,0.22791299438476562,946.0,651.0,674.1500244140625
QQQ,QQQ,2026-08-21,0.29863013698630136,P,640.0,-0.05198449794095043,17.73,18.05,17.35,0.2237016107177734,68.0,1127.0,674.1500244140625
QQQ,QQQ,2026-08-21,0.29863013698630136,P,645.0,-0.04420235749889553,18.73,19.31,19.03,0.21930712341308595,43.0,434.0,674.1500244140625
QQQ,QQQ,2026-08-21,0.29863013698630136,P,650.0,-0.03648031140498515,20.37,20.69,20.45,0.21512625701904298,121.0,1037.0,674.1500244140625
QQQ,QQQ,2026-08-21,0.29863013698630136,P,655.0,-0.028817438659416064,21.84,22.43,21.9,0.2127916856384277,124.0,1392.0,674.1500244140625
QQQ,QQQ,2026-08-21,0.29863013698630136,P,660.0,-0.02121283927419668,23.41,23.76,23.49,0.20681030014038082,92.0,663.0,674.1500244140625
QQQ,QQQ,2026-08-21,0.29863013698630136,P,665.0,-0.013665633638813809,24.43,25.47,24.77,0.20270572692871092,83.0,550.0,674.1500244140625
QQQ,QQQ,2026-08-21,0.29863013698630136,P,670.0,-0.006174961909656245,26.61,27.3,27.04,0.1986164123535156,155.0,1796.0,674.1500244140625
QQQ,QQQ,2026-08-21,0.29863013698630136,P,675.0,0.0012600165778617956,28.55,29.25,28.43,0.1944813218688965,268.0,129.0,674.1500244140625
QQQ,QQQ,2026-08-21,0.29863013698630136,P,680.0,0.008640123875484428,30.64,31.71,30.53,0.1928791650390625,44.0,15.0,674.1500244140625
QQQ,QQQ,2026-08-21,0.29863013698630136,P,685.0,0.015966163967557404,32.87,33.98,33.04,0.1890645059204102,2.0,88.0,674.1500244140625
QQQ,QQQ,2026-08-21,0.29863013698630136,P,690.0,0.023238923296637033,35.36,36.42,35.75,0.1854176918029785,191.0,197.0,674.1500244140625
QQQ,QQQ,2026-08-21,0.29863013698630136,P,695.0,0.03045917127012417,37.91,38.63,37.9,0.1791158749389648,7.0,7.0,674.1500244140625
QQQ,QQQ,2026-08-21,0.29863013698630136,P,700.0,0.03762766074873678,40.54,41.78,39.97,0.17830716720581058,281.0,45.0,674.1500244140625
QQQ,QQQ,2026-08-21,0.29863013698630136,P,705.0,0.04474512851760062,41.64,45.66,55.75,0.18181665359497068,1.0,1.0,674.1500244140625
QQQ,QQQ,2026-08-21,0.29863013698630136,P,710.0,0.05181229574069314,44.79,47.78,46.18,0.17127293579101563,6.0,13.0,674.1500244140625
QQQ,QQQ,2026-08-21,0.29863013698630136,P,715.0,0.058829868399339756,47.95,50.66,65.86,0.1648490498352051,31.0,31.0,674.1500244140625
QQQ,QQQ,2026-08-21,0.29863013698630136,P,720.0,0.06579853771543295,51.32,54.53,53.25,0.1651389639282227,2.0,3.0,674.1500244140625
QQQ,QQQ,2026-08-21,0.29863013698630136,P,725.0,0.07271898056000681,54.9,57.83,65.67,0.15927964752197266,3.0,4.0,674.1500244140625
QQQ,QQQ,2026-08-21,0.29863013698630136,P,735.0,0.08641782491816863,62.63,65.77,64.24,0.15561757476806642,2.0,1.0,674.1500244140625
QQQ,QQQ,2026-08-21,0.29863013698630136,P,740.0,0.09319751190354746,66.7,70.06,67.44,0.1554039538574219,200.0,200.0,674.1500244140625
QQQ,QQQ,2026-08-21,0.29863013698630136,P,745.0,0.0999315440848916,70.98,74.07,72.59,0.15046015563964849,1.0,1.0,674.1500244140625
QQQ,QQQ,2026-08-21,0.29863013698630136,P,750.0,0.10662053223568807,75.34,78.78,87.25,0.15342033111572267,1.0,0.0,674.1500244140625
QQQ,QQQ,2026-08-21,0.29863013698630136,P,760.0,0.11986575898570884,84.28,88.73,85.01,0.1660849993896485,200.0,0.0,674.1500244140625
QQQ,QQQ,2026-08-21,0.29863013698630136,P,800.0,0.1711590533732593,124.15,128.05,166.39,0.2029803823852539,2.0,0.0,674.1500244140625
QQQ,QQQ,2026-12-18,0.6246575342465753,C,204.78,-1.1915164421479973,471.35,475.0,445.05,0.8513198461914062,2.0,253.0,674.1500244140625
QQQ,QQQ,2026-12-18,0.6246575342465753,C,209.78,-1.16739331176121,466.53,470.5,443.84,0.8490005334472657,20.0,236.0,674.1500244140625
QQQ,QQQ,2026-12-18,0.6246575342465753,C,214.78,-1.1438384258645975,461.68,465.5,456.85,0.8358781060791014,6.0,27.0,674.1500244140625
QQQ,QQQ,2026-12-18,0.6246575342465753,C,219.78,-1.12082562827589,456.84,460.5,452.0,0.8231829205322265,2.0,51.0,674.1500244140625
QQQ,QQQ,2026-12-18,0.6246575342465753,C,249.78,-0.9928721438597289,427.8,431.5,417.3,0.7675804492187501,1.0,99.0,674.1500244140625
QQQ,QQQ,2026-12-18,0.6246575342465753,C,255.0,-0.9721891291362418,422.72,426.5,360.92,0.758364232788086,,1.0,674.1500244140625
QQQ,QQQ,2026-12-18,0.6246575342465753,C,260.0,-0.9527710432791402,417.83,422.0,373.97,0.7533594000244141,2.0,2.0,674.1500244140625
QQQ,QQQ,2026-12-18,0.6246575342465753,C,295.0,-0.8264773179548481,384.13,388.0,344.16,0.690982094116211,1.0,47.0,674.1500244140625
QQQ,QQQ,2026-12-18,0.6246575342465753,C,300.0,-0.809670199638467,379.31,383.0,361.25,0.6806672558593752,3.0,8.0,674.1500244140625
QQQ,QQQ,2026-12-18,0.6246575342465753,C,310.0,-0.776880376815476,369.68,373.5,287.14,0.6658358612060549,1.0,3.0,674.1500244140625
QQQ,QQQ,2026-12-18,0.6246575342465753,C,314.78,-0.7615786921712131,365.08,369.0,348.5,0.6591525784301758,5.0,47.0,674.1500244140625
QQQ,QQQ,2026-12-18,0.6246575342465753,C,319.78,-0.7458194149373938,360.22,364.0,284.78,0.6487767056274415,1.0,20.0,674.1500244140625
QQQ,QQQ,2026-12-18,0.6246575342465753,C,320.0,-0.7451316785008958,360.0,364.0,256.98,0.6504551556396485,1.0,16.0,674.1500244140625
QQQ,QQQ,2026-12-18,0.6246575342465753,C,325.0,-0.7296274919649305,355.26,359.0,329.87,0.641330491027832,1.0,3.0,674.1500244140625
QQQ,QQQ,2026-12-18,0.6246575342465753,C,334.78,-0.6999790746201942,345.82,350.0,244.5,0.6293677200317384,1.0,108.0,674.1500244140625
QQQ,QQQ,2026-12-18,0.6246575342465753,C,359.78,-0.627959940760128,321.89,326.0,246.27,0.5914042324829102,1.0,106.0,674.1500244140625
QQQ,QQQ,2026-12-18,0.6246575342465753,C,370.0,-0.5999496686563979,312.12,316.0,231.21,0.5746502496337891,1.0,10.0,674.1500244140625
QQQ,QQQ,2026-12-18,0.6246575342465753,C,375.0,-0.5865266483242573,307.36,311.5,294.33,0.569614899597168,1.0,7.0,674.1500244140625
QQQ,QQQ,2026-12-18,0.6246575342465753,C,380.0,-0.5732814215742364,302.6,306.5,297.2,0.560825924987793,1.0,6.0,674.1500244140625
QQQ,QQQ,2026-12-18,0.6246575342465753,C,385.0,-0.5602093400068837,297.85,302.0,273.66,0.5557600576782228,3.0,16.0,674.1500244140625
QQQ,QQQ,2026-12-18,0.6246575342465753,C,389.78,-0.54787019690079,293.3,297.5,230.7,0.549381947631836,2.0,46.0,674.1500244140625
QQQ,QQQ,2026-12-18,0.6246575342465753,C,390.0,-0.5473059351709759,293.09,297.0,269.38,0.5470321176147462,1.0,123.0,674.1500244140625
QQQ,QQQ,2026-12-18,0.6246575342465753,C,394.78,-0.5351240265798267,288.55,292.5,265.5,0.5407455593872071,2.0,64.0,674.1500244140625
QQQ,QQQ,2026-12-18,0.6246575342465753,C,395.0,-0.5345669093935461,288.35,292.5,279.99,0.5419357330322268,6.0,32.0,674.1500244140625
QQQ,QQQ,2026-12-18,0.6246575342465753,C,400.0,-0.521988127186686,283.61,287.5,286.0,0.5334214138793946,14.0,378.0,674.1500244140625
QQQ,QQQ,2026-12-18,0.6246575342465753,C,405.0,-0.5095656071881287,278.88,283.0,256.16,0.5282639947509766,2.0,5.0,674.1500244140625
QQQ,QQQ,2026-12-18,0.6246575342465753,C,410.0,-0.49729551459631444,274.15,278.0,262.32,0.5198717446899414,1.0,126.0,674.1500244140625
QQQ,QQQ,2026-12-18,0.6246575342465753,C,414.78,-0.48570441510943935,269.64,273.5,230.0,0.5137072555541992,1.0,87.0,674.1500244140625
QQQ,QQQ,2026-12-18,0.6246575342465753,C,420.0,-0.4731979630172539,264.71,269.0,164.34,0.5094195787048339,1.0,167.0,674.1500244140625
QQQ,QQQ,2026-12-18,0.6246575342465753,C,424.78,-0.46188128645456733,260.23,264.5,235.0,0.5033313827514648,1.0,187.0,674.1500244140625
QQQ,QQQ,2026-12-18,0.6246575342465753,C,425.0,-0.4613635053702511,260.02,264.0,240.04,0.5013019841003419,2.0,66.0,674.1500244140625
QQQ,QQQ,2026-12-18,0.6246575342465753,C,429.78,-0.45017922444025316,255.53,259.5,231.07,0.5174303628540039,1.0,117.0,674.1500244140625
QQQ,QQQ,2026-12-18,0.6246575342465753,C,430.0,-0.4496674656070599,255.32,259.15,250.6,0.515553550567627,8.0,1486.0,674.1500244140625
QQQ,QQQ,2026-12-18,0.6246575342465753,C,440.0,-0.42667794738236114,245.96,249.8,237.75,0.5022937954711916,1.0,831.0,674.1500244140625
QQQ,QQQ,2026-12-18,0.6246575342465753,C,445.0,-0.4153783921284278,241.3,245.5,216.34,0.49945568908691407,1.0,10.0,674.1500244140625
QQQ,QQQ,2026-12-18,0.6246575342465753,C,449.78,-0.4046940999643288,236.85,241.0,160.11,0.49268085449218757,1.0,32.0,674.1500244140625
QQQ,QQQ,2026-12-18,0.6246575342465753,C,450.0,-0.4042050915303025,236.63,240.5,216.23,0.48943076492309584,4.0,1263.0,674.1500244140625
QQQ,QQQ,2026-12-18,0.6246575342465753,C,454.78,-0.39363888875902275,232.19,236.5,210.29,0.4875997285461426,1.0,204.0,674.1500244140625
QQQ,QQQ,2026-12-18,0.6246575342465753,C,460.0,-0.38222618481152737,227.35,231.5,230.17,0.4793142889404296,3.0,450.0,674.1500244140625
QQQ,QQQ,2026-12-18,0.6246575342465753,C,464.78,-0.3718884989426485,222.93,227.0,142.59,0.47249367843627926,121.0,138.0,674.1500244140625
QQQ,QQQ,2026-12-18,0.6246575342465753,C,465.0,-0.3714152687073116,222.73,227.0,224.19,0.47412635253906255,1.0,20.0,674.1500244140625
QQQ,QQQ,2026-12-18,0.6246575342465753,C,470.0,-0.36071997959056373,218.12,222.0,210.0,0.46425401473999023,1.0,1930.0,674.1500244140625
QQQ,QQQ,2026-12-18,0.6246575342465753,C,475.0,-0.35013787026002685,213.53,217.5,204.99,0.45898978515625005,30.0,73.0,674.1500244140625
QQQ,QQQ,2026-12-18,0.6246575342465753,C,479.78,-0.34012500879289204,209.15,212.63,197.0,0.44882753326416014,7.0,149.0,674.1500244140625
QQQ,QQQ,2026-12-18,0.6246575342465753,C,480.0,-0.33966657039273135,209.78,212.43,204.9,0.4485833950805663,1.0,3134.0,674.1500244140625
QQQ,QQQ,2026-12-18,0.6246575342465753,C,484.78,-0.32975749451595066,204.56,208.07,181.66,0.44298347549438477,2.0,429.0,674.1500244140625
QQQ,QQQ,2026-12-18,0.6246575342465753,C,485.0,-0.3293037833571848,204.52,208.33,143.25,0.44672184143066407,1.0,27.0,674.1500244140625
QQQ,QQQ,2026-12-18,0.6246575342465753,C,489.78,-0.31949636360334843,200.05,203.52,179.09,0.437154676361084,1.0,856.0,674.1500244140625
QQQ,QQQ,2026-12-18,0.6246575342465753,C,490.0,-0.3190472831899956,199.99,203.8,192.78,0.4409693354797363,2.0,465.0,674.1500244140625
QQQ,QQQ,2026-12-18,0.6246575342465753,C,494.78,-0.30933945496512777,195.52,198.99,164.42,0.4314326876831055,1.0,562.0,674.1500244140625
QQQ,QQQ,2026-12-18,0.6246575342465753,C,495.0,-0.30889491172597766,195.49,199.29,188.41,0.4353236399841309,1.0,46.0,674.1500244140625
QQQ,QQQ,2026-12-18,0.6246575342465753,C,499.78,-0.29928467270088027,191.0,194.38,186.49,0.4249935430908204,1.0,321.0,674.1500244140625
QQQ,QQQ,2026-12-18,0.6246575342465753,C,500.0,-0.29884457587247626,191.29,194.8,192.81,0.4297694963073731,21.0,6242.0,674.1500244140625
QQQ,QQQ,2026-12-18,0.6246575342465753,C,504.78,-0.28932998350389083,186.51,189.98,99.76,0.42017181396484377,4.0,1899.0,674.1500244140625
QQQ,QQQ,2026-12-18,0.6246575342465753,C,505.0,-0.2888942450193081,186.35,190.3,178.37,0.4240475076293946,1.0,71.0,674.1500244140625
QQQ,QQQ,2026-12-18,0.6246575342465753,C,509.78,-0.2794734141932197,182.04,185.51,182.38,0.4147092221069336,3.0,549.0,674.1500244140625
QQQ,QQQ,2026-12-18,0.6246575342465753,C,510.0,-0.2790419485762965,181.9,185.85,183.51,0.41864595031738283,4.0,4047.0,674.1500244140625
QQQ,QQQ,2026-12-18,0.6246575342465753,C,514.78,-0.26971304936622875,177.58,181.05,155.9,0.4092313716125488,13.0,96.0,674.1500244140625
QQQ,QQQ,2026-12-18,0.6246575342465753,C,515.0,-0.26928577363093187,177.47,181.45,174.01,0.4135343070983886,1.0,1440.0,674.1500244140625
QQQ,QQQ,2026-12-18,0.6246575342465753,C,519.78,-0.2600470291645641,173.68,177.3,155.39,0.4089719747924804,2.0,699.0,674.1500244140625
QQQ,QQQ,2026-12-18,0.6246575342465753,C,520.0,-0.25962386271919485,173.06,177.0,164.04,0.4079496461486816,1.0,629.0,674.1500244140625
QQQ,QQQ,2026-12-18,0.6246575342465753,C,524.78,-0.2504735471470814,168.73,172.2,157.05,0.3985198088073731,1.0,252.0,674.1500244140625
QQQ,QQQ,2026-12-18,0.6246575342465753,C,525.0,-0.2500544117030442,168.67,172.64,165.27,0.4029295547485352,1.0,330.0,674.1500244140625
QQQ,QQQ,2026-12-18,0.6246575342465753,C,529.78,-0.24099084826362666,164.33,167.81,164.67,0.39327083786010747,2.0,261.0,674.1500244140625
QQQ,QQQ,2026-12-18,0.6246575342465753,C,530.0,-0.2405756677485005,164.31,168.27,152.0,0.39772635971069337,4.0,2235.0,674.1500244140625
QQQ,QQQ,2026-12-18,0.6246575342465753,C,534.78,-0.2315972269239871,159.89,163.45,139.99,0.38814393600463865,1.0,702.0,674.1500244140625
QQQ,QQQ,2026-12-18,0.6246575342465753,C,535.0,-0.23118592739866137,159.97,163.9,161.69,0.39243161285400385,1.0,250.0,674.1500244140625
QQQ,QQQ,2026-12-18,0.6246575342465753,C,539.78,-0.2222910251567006,155.52,158.7,150.06,0.38019418640136715,1.0,1146.0,674.1500244140625
QQQ,QQQ,2026-12-18,0.6246575342465753,C,540.0,-0.2218835347363479,155.66,158.16,155.5,0.3775391836547851,1.0,4232.0,674.1500244140625
QQQ,QQQ,2026-12-18,0.6246575342465753,C,544.78,-0.21307063085275046,151.23,154.54,124.26,0.37625745819091794,1.0,238.0,674.1500244140625
QQQ,QQQ,2026-12-18,0.6246575342465753,C,545.0,-0.21266687963142394,151.38,153.85,154.04,0.372625902709961,23.0,1123.0,674.1500244140625
QQQ,QQQ,2026-12-18,0.6246575342465753,C,550.0,-0.20353439606815132,147.11,149.57,149.71,0.3677889149475098,7.0,3654.0,674.1500244140625
QQQ,QQQ,2026-12-18,0.6246575342465753,C,554.78,-0.19488103553044953,142.71,145.99,122.26,0.36640037902832034,2.0,152.0,674.1500244140625
QQQ,QQQ,2026-12-18,0.6246575342465753,C,555.0,-0.19448456054823346,143.7,145.39,133.4,0.36348597946167,1.0,290.0,674.1500244140625
QQQ,QQQ,2026-12-18,0.6246575342465753,C,559.78,-0.18590882489691432,138.55,141.78,127.8,0.36168546035766597,2.0,130.0,674.1500244140625
QQQ,QQQ,2026-12-18,0.6246575342465753,C,560.0,-0.1855158905654731,138.79,141.07,140.91,0.35811493942260747,27.0,970.0,674.1500244140625
QQQ,QQQ,2026-12-18,0.6246575342465753,C,564.78,-0.1770163995074842,134.36,137.59,123.35,0.3569705416870117,2.0,504.0,674.1500244140625
QQQ,QQQ,2026-12-18,0.6246575342465753,C,565.0,-0.176626943148227,134.52,136.91,136.94,0.3536441589355468,1.0,600.0,674.1500244140625
QQQ,QQQ,2026-12-18,0.6246575342465753,C,569.78,-0.16820235288198074,130.95,133.42,132.06,0.3522403643798828,2.0,863.0,674.1500244140625
QQQ,QQQ,2026-12-18,0.6246575342465753,C,570.0,-0.16781631346607215,130.39,132.76,132.5,0.34908182662963866,5.0,3556.0,674.1500244140625
QQQ,QQQ,2026-12-18,0.6246575342465753,C,574.78,-0.15946531540635206,126.73,129.52,128.02,0.348990274810791,2.0,266.0,674.1500244140625
QQQ,QQQ,2026-12-18,0.6246575342465753,C,575.0,-0.15908263349731747,126.29,128.63,128.01,0.34448897705078124,9.0,328.0,674.1500244140625
QQQ,QQQ,2026-12-18,0.6246575342465753,C,579.78,-0.1508039530553958,122.04,124.97,59.0,0.3416661293029785,2.0,336.0,674.1500244140625
QQQ,QQQ,2026-12-18,0.6246575342465753,C,580.0,-0.15042457075420293,122.22,126.0,124.52,0.348639326171875,3.0,1312.0,674.1500244140625
QQQ,QQQ,2026-12-18,0.6246575342465753,C,584.78,-0.14221696617032542,117.84,121.02,112.58,0.33779043563842776,1.0,2911.0,674.1500244140625
QQQ,QQQ,2026-12-18,0.6246575342465753,C,585.0,-0.1418408270628115,118.2,121.93,120.0,0.34393203681945805,65.0,910.0,674.1500244140625
QQQ,QQQ,2026-12-18,0.6246575342465753,C,589.78,-0.1337030882883746,114.75,117.09,110.89,0.33385370742797854,1.0,1392.0,674.1500244140625
QQQ,QQQ,2026-12-18,0.6246575342465753,C,590.0,-0.13333013739490276,114.9,116.47,116.52,0.3311071528625488,35.0,2361.0,674.1500244140625
QQQ,QQQ,2026-12-18,0.6246575342465753,C,594.78,-0.12526108502180686,109.92,113.0,110.47,0.32881072807312006,2.0,151.0,674.1500244140625
QQQ,QQQ,2026-12-18,0.6246575342465753,C,595.0,-0.12489126874903819,110.26,113.99,112.35,0.33516595016479495,15.0,401.0,674.1500244140625
QQQ,QQQ,2026-12-18,0.6246575342465753,C,599.78,-0.11688975298384714,106.04,109.08,108.56,0.3245611978149413,9.0,1431.0,674.1500244140625
QQQ,QQQ,2026-12-18,0.6246575342465753,C,600.0,-0.11652301907852163,107.09,108.54,108.8,0.32233343688964833,24.0,5772.0,674.1500244140625
QQQ,QQQ,2026-12-18,0.6246575342465753,C,604.78,-0.10858791875919785,102.15,105.08,104.68,0.31968606346130357,3.0,723.0,674.1500244140625
QQQ,QQQ,2026-12-18,0.6246575342465753,C,605.0,-0.10822421626382646,102.48,104.67,104.65,0.3181907170867919,5.0,3479.0,674.1500244140625
QQQ,QQQ,2026-12-18,0.6246575342465753,C,609.78,-0.10035443791693789,99.12,101.59,101.27,0.3173820093536377,4.0,915.0,674.1500244140625
QQQ,QQQ,2026-12-18,0.6246575342465753,C,610.0,-0.09999371712731103,98.82,100.81,100.24,0.31391066955566405,8.0,5087.0,674.1500244140625
QQQ,QQQ,2026-12-18,0.6246575342465753,C,615.0,-0.09183040648815013,95.81,97.68,96.47,0.31329269477844235,479.0,6030.0,674.1500244140625
QQQ,QQQ,2026-12-18,0.6246575342465753,C,620.0,-0.08373319625553069,91.28,93.25,92.73,0.3055870833587646,13.0,4074.0,674.1500244140625
QQQ,QQQ,2026-12-18,0.6246575342465753,C,625.0,-0.07570102455826647,87.74,89.58,89.03,0.3016808724212646,116.0,2313.0,674.1500244140625
QQQ,QQQ,2026-12-18,0.6246575342465753,C,630.0,-0.06773285490908965,84.55,85.93,86.5,0.2976525923919676,24.0,3505.0,674.1500244140625
QQQ,QQQ,2026-12-18,0.6246575342465753,C,635.0,-0.05982767540197629,80.33,82.34,82.3,0.29369297622680657,15.0,1550.0,674.1500244140625
QQQ,QQQ,2026-12-18,0.6246575342465753,C,640.0,-0.05198449794095043,76.82,78.8,78.39,0.2897562480163574,21.0,3343.0,674.1500244140625
QQQ,QQQ,2026-12-18,0.6246575342465753,C,645.0,-0.04420235749889553,74.0,75.34,74.79,0.2859644768524169,729.0,2716.0,674.1500244140625
QQQ,QQQ,2026-12-18,0.6246575342465753,C,650.0,-0.03648031140498515,70.02,71.93,71.21,0.28216507637023924,567.0,7295.0,674.1500244140625
QQQ,QQQ,2026-12-18,0.6246575342465753,C,655.0,-0.028817438659416064,66.85,68.59,68.84,0.2784419690704346,201.0,1355.0,674.1500244140625
QQQ,QQQ,2026-12-18,0.6246575342465753,C,660.0,-0.02121283927419668,63.46,65.28,65.86,0.2745967926788331,69.0,13773.0,674.1500244140625
QQQ,QQQ,2026-12-18,0.6246575342465753,C,665.0,-0.013665633638813809,60.16,62.08,62.17,0.27099575447082525,30.0,2081.0,674.1500244140625
QQQ,QQQ,2026-12-18,0.6246575342465753,C,670.0,-0.006174961909656245,58.1,58.95,58.66,0.2674404921722412,123.0,3651.0,674.1500244140625
QQQ,QQQ,2026-12-18,0.6246575342465753,C,675.0,0.0012600165778617956,54.68,55.9,55.89,0.2639691523742676,78.0,1220.0,674.1500244140625
QQQ,QQQ,2026-12-18,0.6246575342465753,C,680.0,0.008640123875484428,51.73,52.94,53.18,0.26061225234985347,1026.0,3493.0,674.1500244140625
QQQ,QQQ,2026-12-18,0.6246575342465753,C,685.0,0.015966163967557404,48.82,50.05,50.05,0.25727824028015134,108.0,4048.0,674.1500244140625
QQQ,QQQ,2026-12-18,0.6246575342465753,C,690.0,0.023238923296637033,45.48,47.25,46.48,0.25403578002929694,6682.0,6246.0,674.1500244140625
QQQ,QQQ,2026-12-18,0.6246575342465753,C,695.0,0.03045917127012417,42.84,44.54,44.17,0.2508925009155273,477.0,965.0,674.1500244140625
QQQ,QQQ,2026-12-18,0.6246575342465753,C,700.0,0.03762766074873678,41.32,41.51,41.92,0.24588766815185548,295.0,14017.0,674.1500244140625
QQQ,QQQ,2026-12-18,0.6246575342465753,C,705.0,0.04474512851760062,37.93,39.35,39.03,0.24463645996093752,19.0,2135.0,674.1500244140625
QQQ,QQQ,2026-12-18,0.6246575342465753,C,710.0,0.05181229574069314,35.52,36.91,37.23,0.2417144310760498,391.0,2523.0,674.1500244140625
QQQ,QQQ,2026-12-18,0.6246575342465753,C,715.0,0.058829868399339756,33.02,34.57,34.58,0.23889921264648437,1388.0,2898.0,674.1500244140625
QQQ,QQQ,2026-12-18,0.6246575342465753,C,720.0,0.06579853771543295,31.15,32.29,31.98,0.23600770103454585,389.0,7555.0,674.1500244140625
QQQ,QQQ,2026-12-18,0.6246575342465753,C,725.0,0.07271898056000681,29.21,30.16,30.0,0.2334518794250488,424.0,2966.0,674.1500244140625
QQQ,QQQ,2026-12-18,0.6246575342465753,C,730.0,0.07959185984776891,27.17,28.11,28.05,0.23091131645202637,94.0,4611.0,674.1500244140625
QQQ,QQQ,2026-12-18,0.6246575342465753,C,735.0,0.08641782491816863,24.75,26.15,26.14,0.22842415870666502,14.0,6124.0,674.1500244140625
QQQ,QQQ,2026-12-18,0.6246575342465753,C,740.0,0.09319751190354746,23.39,24.31,24.5,0.22614299255371095,40.0,8366.0,674.1500244140625
QQQ,QQQ,2026-12-18,0.6246575342465753,C,745.0,0.0999315440848916,21.65,22.55,22.12,0.2238770850372314,336.0,4135.0,674.1500244140625
QQQ,QQQ,2026-12-18,0.6246575342465753,C,750.0,0.10662053223568807,20.01,20.88,20.6,0.2216722120666504,31.0,7435.0,674.1500244140625
QQQ,QQQ,2026-12-18,0.6246575342465753,C,755.0,0.11326507495435671,18.48,19.31,18.9,0.2195970375061035,7.0,1762.0,674.1500244140625
QQQ,QQQ,2026-12-18,0.6246575342465753,C,760.0,0.11986575898570884,17.08,17.84,17.4,0.2176591906738281,7.0,1879.0,674.1500244140625
QQQ,QQQ,2026-12-18,0.6246575342465753,C,765.0,0.12642315953186778,15.35,16.46,16.05,0.21582052497863768,6.0,1684.0,674.1500244140625
QQQ,QQQ,2026-12-18,0.6246575342465753,C,770.0,0.13293784055306154,14.41,15.16,15.24,0.2140276351928711,389.0,958.0,674.1500244140625
QQQ,QQQ,2026-12-18,0.6246575342465753,C,775.0,0.13941035505867908,12.85,13.95,13.65,0.21236444381713865,89.0,817.0,674.1500244140625
QQQ,QQQ,2026-12-18,0.6246575342465753,C,780.0,0.14584124538896936,12.16,12.83,12.71,0.21084620948791502,105.0,4622.0,674.1500244140625
QQQ,QQQ,2026-12-18,0.6246575342465753,C,785.0,0.15223104348774044,11.42,11.58,11.69,0.20803862037658685,84.0,438.0,674.1500244140625
QQQ,QQQ,2026-12-18,0.6246575342465753,C,790.0,0.15858027116639925,10.47,10.62,10.84,0.20670348968505853,121.0,1794.0,674.1500244140625
QQQ,QQQ,2026-12-18,0.6246575342465753,C,795.0,0.16488944035966402,9.59,9.74,9.9,0.20551331604003903,105.0,1263.0,674.1500244140625
QQQ,QQQ,2026-12-18,0.6246575342465753,C,800.0,0.1711590533732593,8.78,8.93,9.05,0.20442995285034177,1140.0,7820.0,674.1500244140625
QQQ,QQQ,2026-12-18,0.6246575342465753,C,805.0,0.17738960312389543,8.04,8.18,8.18,0.20342288284301757,85.0,876.0,674.1500244140625
QQQ,QQQ,2026-12-18,0.6246575342465753,C,810.0,0.18358157337181658,7.35,7.5,7.58,0.202583657836914,13192.0,974.0,674.1500244140625
QQQ,QQQ,2026-12-18,0.6246575342465753,C,815.0,0.1897354389461947,6.73,6.87,6.81,0.20179020874023437,17.0,155.0,674.1500244140625
QQQ,QQQ,2026-12-18,0.6246575342465753,C,820.0,0.19585166596363085,6.16,6.3,6.31,0.20114934600830076,111.0,6497.0,674.1500244140625
QQQ,QQQ,2026-12-18,0.6246575342465753,C,825.0,0.2019307120400131,5.63,5.78,5.71,0.2006000350952148,7.0,300.0,674.1500244140625
QQQ,QQQ,2026-12-18,0.6246575342465753,C,830.0,0.2079730264959756,5.16,5.3,5.34,0.20011175872802733,14.0,565.0,674.1500244140625
QQQ,QQQ,2026-12-18,0.6246575342465753,C,835.0,0.21397905055618754,4.73,4.87,4.8,0.19977606872558595,6.0,190.0,674.1500244140625
QQQ,QQQ,2026-12-18,0.6246575342465753,C,840.0,0.2199492175426914,4.33,4.65,4.5,0.20142400146484374,68.0,557.0,674.1500244140625
QQQ,QQQ,2026-12-18,0.6246575342465753,C,845.0,0.22588395306250583,3.97,4.29,3.85,0.20131719100952145,2.0,412.0,674.1500244140625
QQQ,QQQ,2026-12-18,0.6246575342465753,C,850.0,0.23178367518969417,3.66,3.95,3.82,0.20116460464477537,509.0,1025.0,674.1500244140625
QQQ,QQQ,2026-12-18,0.6246575342465753,C,855.0,0.23764879464209232,3.36,3.64,3.26,0.2010883114624023,13.0,119.0,674.1500244140625
QQQ,QQQ,2026-12-18,0.6246575342465753,C,860.0,0.2434797149528854,3.09,3.36,3.05,0.20110357009887692,25.0,11525.0,674.1500244140625
QQQ,QQQ,2026-12-18,0.6246575342465753,C,865.0,0.24927683263721137,2.84,2.97,2.9,0.19928779235839844,4.0,339.0,674.1500244140625
QQQ,QQQ,2026-12-18,0.6246575342465753,C,870.0,0.2550405373539615,2.61,2.75,2.73,0.1995319305419922,131.0,426.0,674.1500244140625
QQQ,QQQ,2026-12-18,0.6246575342465753,C,875.0,0.2607712120629464,2.32,2.7,2.45,0.20218693328857418,13.0,1115.0,674.1500244140625
QQQ,QQQ,2026-12-18,0.6246575342465753,C,880.0,0.2664692331775842,2.25,2.36,2.33,0.2000812414550781,1.0,13651.0,674.1500244140625
QQQ,QQQ,2026-12-18,0.6246575342465753,C,885.0,0.2721349707132616,2.06,2.33,2.01,0.20288883056640622,5.0,413.0,674.1500244140625
QQQ,QQQ,2026-12-18,0.6246575342465753,C,890.0,0.2777687884315175,1.93,2.03,1.96,0.20075262145996092,4.0,515.0,674.1500244140625
QQQ,QQQ,2026-12-18,0.6246575342465753,C,895.0,0.2833710439801874,1.06,1.3,0.47,0.18836260864257812,8.0,107.0,674.1500244140625
QQQ,QQQ,2026-12-18,0.6246575342465753,C,900.0,0.28894208902964286,1.64,1.77,1.71,0.20194279510498048,65.0,547.0,674.1500244140625
QQQ,QQQ,2026-12-18,0.6246575342465753,C,905.0,0.29448226940525807,1.43,1.78,1.02,0.20520814331054685,40.0,128.0,674.1500244140625
QQQ,QQQ,2026-12-18,0.6246575342465753,C,910.0,0.29999192521622775,1.42,1.54,1.1,0.2030108996582031,1.0,593.0,674.1500244140625
QQQ,QQQ,2026-12-18,0.6246575342465753,C,915.0,0.3054713909808534,1.23,1.58,1.05,0.20691711059570309,20.0,325.0,674.1500244140625
QQQ,QQQ,2026-12-18,0.6246575342465753,C,920.0,0.31092099574841797,1.15,1.47,1.07,0.20728331787109372,6.0,58.0,674.1500244140625
QQQ,QQQ,2026-12-18,0.6246575342465753,C,925.0,0.31634106321775723,1.15,1.36,1.06,0.20746642150878902,1.0,58.0,674.1500244140625
QQQ,QQQ,2026-12-18,0.6246575342465753,C,930.0,0.32173191185263367,1.08,1.32,1.06,0.20929745788574217,1.0,50.0,674.1500244140625
QQQ,QQQ,2026-12-18,0.6246575342465753,C,935.0,0.32709385499401894,1.01,1.25,1.05,0.21021297607421874,62.0,122.0,674.1500244140625
QQQ,QQQ,2026-12-18,0.6246575342465753,C,940.0,0.3324272009693816,0.95,1.18,1.02,0.21106745971679686,61.0,478.0,674.1500244140625
QQQ,QQQ,2026-12-18,0.6246575342465753,C,945.0,0.3377322531990748,0.89,1.12,0.95,0.21204401245117185,6.0,129.0,674.1500244140625
QQQ,QQQ,2026-12-18,0.6246575342465753,C,950.0,0.3430093102999185,0.87,0.91,0.88,0.20801573242187496,91.0,16883.0,674.1500244140625
QQQ,QQQ,2026-12-18,0.6246575342465753,P,204.78,-1.1915164421479973,0.33,0.46,0.38,0.6096230444335939,1.0,6346.0,674.1500244140625
QQQ,QQQ,2026-12-18,0.6246575342465753,P,209.78,-1.16739331176121,0.15,0.66,0.43,0.5996133789062501,1.0,511.0,674.1500244140625
QQQ,QQQ,2026-12-18,0.6246575342465753,P,214.78,-1.1438384258645975,0.18,0.6,0.57,0.5854533642578125,3.0,187.0,674.1500244140625
QQQ,QQQ,2026-12-18,0.6246575342465753,P,219.78,-1.12082562827589,0.21,0.71,0.88,0.5854533642578125,69.0,140.0,674.1500244140625
QQQ,QQQ,2026-12-18,0.6246575342465753,P,224.78,-1.0983305282045468,0.45,0.69,1.06,0.5898478515625001,1.0,241.0,674.1500244140625
QQQ,QQQ,2026-12-18,0.6246575342465753,P,229.78,-1.0763303448694492,0.0,0.75,0.58,0.5498091894531252,10.0,435.0,674.1500244140625
QQQ,QQQ,2026-12-18,0.6246575342465753,P,234.78,-1.054803768844292,0.05,0.81,0.71,0.5483443603515626,5.0,2236.0,674.1500244140625
QQQ,QQQ,2026-12-18,0.6246575342465753,P,239.78,-1.0337308380151604,0.05,0.85,0.85,0.5410202148437502,113.0,376.0,674.1500244140625
QQQ,QQQ,2026-12-18,0.6246575342465753,P,244.78,-1.0130928263404755,0.21,0.89,0.81,0.543949873046875,9.0,631.0,674.1500244140625
QQQ,QQQ,2026-12-18,0.6246575342465753,P,249.78,-0.9928721438597289,0.26,1.84,0.85,0.5822795678710937,151.0,607.0,674.1500244140625
QQQ,QQQ,2026-12-18,0.6246575342465753,P,250.0,-0.9919917564324215,0.64,0.92,0.68,0.5582319567871095,10.0,553.0,674.1500244140625
QQQ,QQQ,2026-12-18,0.6246575342465753,P,254.78,-0.9730522466130271,0.3,1.87,0.92,0.5741009387207032,3.0,457.0,674.1500244140625
QQQ,QQQ,2026-12-18,0.6246575342465753,P,255.0,-0.9721891291362418,0.18,1.48,0.77,0.5524947094726562,1.0,42.0,674.1500244140625
QQQ,QQQ,2026-12-18,0.6246575342465753,P,259.78,-0.9536175553155302,0.34,1.91,0.83,0.5664105859375,2.0,1363.0,674.1500244140625
QQQ,QQQ,2026-12-18,0.6246575342465753,P,260.0,-0.9527710432791402,0.55,1.11,0.8,0.5421188366699221,1.0,54.0,674.1500244140625
QQQ,QQQ,2026-12-18,0.6246575342465753,P,264.78,-0.9345533817851571,0.39,1.26,0.93,0.5319871020507813,54.0,358.0,674.1500244140625
QQQ,QQQ,2026-12-18,0.6246575342465753,P,265.0,-0.9337228483084458,0.78,1.16,0.79,0.5437057348632813,20.0,170.0,674.1500244140625
QQQ,QQQ,2026-12-18,0.6246575342465753,P,269.78,-0.9158458622531345,0.44,2.0,1.04,0.5521285021972657,30.0,3598.0,674.1500244140625
QQQ,QQQ,2026-12-18,0.6246575342465753,P,270.0,-0.9150307152962932,0.32,1.61,0.92,0.53320779296875,1.0,49.0,674.1500244140625
QQQ,QQQ,2026-12-18,0.6246575342465753,P,274.78,-0.8974818967988659,0.49,2.05,1.04,0.5451705639648439,28.0,592.0,674.1500244140625
QQQ,QQQ,2026-12-18,0.6246575342465753,P,275.0,-0.8966815766280967,0.64,1.66,1.04,0.5367477966308594,32.0,320.0,674.1500244140625
QQQ,QQQ,2026-12-18,0.6246575342465753,P,279.78,-0.8794490942463835,0.54,2.09,1.08,0.5378464184570313,80.0,395.0,674.1500244140625
QQQ,QQQ,2026-12-18,0.6246575342465753,P,280.0,-0.8786630711254184,0.64,1.5,0.94,0.5212450219726561,1.0,162.0,674.1500244140625
QQQ,QQQ,2026-12-18,0.6246575342465753,P,284.78,-0.8617357219418196,0.74,1.25,1.05,0.5065967309570312,10.0,3847.0,674.1500244140625
QQQ,QQQ,2026-12-18,0.6246575342465753,P,285.0,-0.8609634940260175,0.74,1.76,1.15,0.523442265625,7.0,113.0,674.1500244140625
QQQ,QQQ,2026-12-18,0.6246575342465753,P,289.78,-0.8443306599020919,0.0,0.0,2.49,0.2500075,209.0,0.0,674.1500244140625
QQQ,QQQ,2026-12-18,0.6246575342465753,P,290.0,-0.8435717513141482,0.53,1.81,1.13,0.5086719055175781,1.0,181.0,674.1500244140625
QQQ,QQQ,2026-12-18,0.6246575342465753,P,294.78,-0.8272233588860561,0.0,0.0,2.12,0.2500075,1000.0,0.0,674.1500244140625
QQQ,QQQ,2026-12-18,0.6246575342465753,P,295.0,-0.8264773179548481,0.59,1.87,1.28,0.5029346582031251,6.0,195.0,674.1500244140625
QQQ,QQQ,2026-12-18,0.6246575342465753,P,299.78,-0.8104038019922183,0.91,1.58,1.19,0.513554669189453,24.0,2086.0,674.1500244140625
QQQ,QQQ,2026-12-18,0.6246575342465753,P,300.0,-0.809670199638467,1.11,1.41,1.12,0.5040332800292968,500.0,3349.0,674.1500244140625
QQQ,QQQ,2026-12-18,0.6246575342465753,P,304.78,-0.7938624694329534,0.84,2.37,2.5,0.5052539709472657,70.0,399.0,674.1500244140625
QQQ,QQQ,2026-12-18,0.6246575342465753,P,305.0,-0.7931408976872564,0.75,1.99,1.37,0.5229539892578124,25.0,114.0,674.1500244140625
QQQ,QQQ,2026-12-18,0.6246575342465753,P,309.78,-0.7775903061750553,0.53,2.44,1.95,0.532109171142578,2.0,501.0,674.1500244140625
QQQ,QQQ,2026-12-18,0.6246575342465753,P,310.0,-0.776880376815476,0.99,1.53,1.52,0.49170430175781255,76.0,304.0,674.1500244140625
QQQ,QQQ,2026-12-18,0.6246575342465753,P,314.78,-0.7615786921712131,0.0,0.0,2.36,0.12500875,1.0,0.0,674.1500244140625
QQQ,QQQ,2026-12-18,0.6246575342465753,P,315.0,-0.7608800354690349,1.3,2.12,1.51,0.5091601818847658,5.0,2538.0,674.1500244140625
QQQ,QQQ,2026-12-18,0.6246575342465753,P,319.78,-0.7458194149373938,1.04,2.96,1.38,0.5308884802246094,1.0,1968.0,674.1500244140625
QQQ,QQQ,2026-12-18,0.6246575342465753,P,320.0,-0.7451316785008958,1.37,1.69,1.68,0.4810842907714844,1.0,592.0,674.1500244140625
QQQ,QQQ,2026-12-18,0.6246575342465753,P,324.78,-0.7303046442577266,1.11,2.33,1.77,0.4989063781738281,3.0,623.0,674.1500244140625
QQQ,QQQ,2026-12-18,0.6246575342465753,P,325.0,-0.7296274919649305,1.25,2.26,1.76,0.4958546508789063,3.0,472.0,674.1500244140625
QQQ,QQQ,2026-12-18,0.6246575342465753,P,329.78,-0.7150269088218458,1.22,1.98,1.82,0.47601842346191403,1.0,5648.0,674.1500244140625
QQQ,QQQ,2026-12-18,0.6246575342465753,P,330.0,-0.714360019834142,1.52,1.64,1.72,0.46094289062500005,6.0,466.0,674.1500244140625
QQQ,QQQ,2026-12-18,0.6246575342465753,P,334.78,-0.6999790746201942,0.9,2.8,2.1,0.496648099975586,9.0,1122.0,674.1500244140625
QQQ,QQQ,2026-12-18,0.6246575342465753,P,335.0,-0.6993221424696016,1.41,2.41,2.13,0.48291532714843755,2.0,41.0,674.1500244140625
QQQ,QQQ,2026-12-18,0.6246575342465753,P,339.78,-0.6851543249408993,1.36,2.14,2.68,0.4643608251953125,1.0,740.0,674.1500244140625
QQQ,QQQ,2026-12-18,0.6246575342465753,P,340.0,-0.6845070566844609,1.49,2.0,2.08,0.45862357788085945,5.0,184.0,674.1500244140625
QQQ,QQQ,2026-12-18,0.6246575342465753,P,344.78,-0.6705461418278355,1.44,2.09,1.8,0.4536797796630859,6.0,7853.0,674.1500244140625
QQQ,QQQ,2026-12-18,0.6246575342465753,P,345.0,-0.6699082572633083,1.56,2.09,2.32,0.4533135723876953,125.0,206.0,674.1500244140625
QQQ,QQQ,2026-12-18,0.6246575342465753,P,349.78,-0.6561482888736229,1.23,3.02,2.29,0.4758353198242187,3.0,2311.0,674.1500244140625
QQQ,QQQ,2026-12-18,0.6246575342465753,P,350.0,-0.6555195198112085,1.86,2.17,2.07,0.4475763250732422,1.0,617.0,674.1500244140625
QQQ,QQQ,2026-12-18,0.6246575342465753,P,354.78,-0.6419547952338744,1.27,3.14,2.23,0.4703422106933594,20.0,538.0,674.1500244140625
QQQ,QQQ,2026-12-18,0.6246575342465753,P,355.0,-0.6413348848192522,1.76,2.28,2.39,0.44287666503906253,1.0,44.0,674.1500244140625
QQQ,QQQ,2026-12-18,0.6246575342465753,P,359.78,-0.627959940760128,4.94,5.17,4.11,0.5086719055175781,1.0,2333.0,674.1500244140625
QQQ,QQQ,2026-12-18,0.6246575342465753,P,360.0,-0.6273486428445123,2.05,2.17,2.37,0.43054768676757815,43.0,795.0,674.1500244140625
QQQ,QQQ,2026-12-18,0.6246575342465753,P,364.78,-0.6141582421588165,1.47,2.55,2.9,0.43506424316406256,30.0,662.0,674.1500244140625
QQQ,QQQ,2026-12-18,0.6246575342465753,P,365.0,-0.6135553207121764,1.96,2.44,3.28,0.43115803222656257,40.0,73.0,674.1500244140625
QQQ,QQQ,2026-12-18,0.6246575342465753,P,369.78,-0.6005444400924612,2.09,2.78,3.0,0.43353837951660157,10.0,4070.0,674.1500244140625
QQQ,QQQ,2026-12-18,0.6246575342465753,P,370.0,-0.5999496686563979,2.07,2.39,2.59,0.4212094012451172,64.0,609.0,674.1500244140625
QQQ,QQQ,2026-12-18,0.6246575342465753,P,374.78,-0.5871134871471483,2.05,2.77,3.76,0.424810439453125,1.0,2095.0,674.1500244140625
QQQ,QQQ,2026-12-18,0.6246575342465753,P,375.0,-0.5865266483242573,2.18,2.66,2.45,0.4212094012451172,21.0,1071.0,674.1500244140625
QQQ,QQQ,2026-12-18,0.6246575342465753,P,379.78,-0.5738605365973973,2.17,2.89,2.77,0.4198056066894531,20.0,5110.0,674.1500244140625
QQQ,QQQ,2026-12-18,0.6246575342465753,P,380.0,-0.5732814215742364,2.49,2.61,2.73,0.41144387390136716,3.0,3158.0,674.1500244140625
QQQ,QQQ,2026-12-18,0.6246575342465753,P,384.78,-0.5607809319058414,2.29,3.01,4.53,0.41480077392578124,1.0,414.0,674.1500244140625
QQQ,QQQ,2026-12-18,0.6246575342465753,P,385.0,-0.5602093400068837,2.18,2.9,3.09,0.41144387390136716,3.0,238.0,674.1500244140625
QQQ,QQQ,2026-12-18,0.6246575342465753,P,389.78,-0.54787019690079,2.07,3.14,3.39,0.40991801025390623,37.0,1001.0,674.1500244140625
QQQ,QQQ,2026-12-18,0.6246575342465753,P,390.0,-0.5473059351709759,2.74,2.87,3.28,0.40241076110839846,2.0,1904.0,674.1500244140625
QQQ,QQQ,2026-12-18,0.6246575342465753,P,394.78,-0.5351240265798267,2.21,3.27,3.65,0.4049742120361328,4.0,816.0,674.1500244140625
QQQ,QQQ,2026-12-18,0.6246575342465753,P,395.0,-0.5345669093935461,2.68,3.16,3.26,0.4018614501953125,6.0,105.0,674.1500244140625
QQQ,QQQ,2026-12-18,0.6246575342465753,P,399.78,-0.5225382784921673,2.7,3.42,7.63,0.40039662109375,11.0,4296.0,674.1500244140625
QQQ,QQQ,2026-12-18,0.6246575342465753,P,400.0,-0.521988127186686,3.02,3.14,3.06,0.39325557922363286,1023.0,20689.0,674.1500244140625
QQQ,QQQ,2026-12-18,0.6246575342465753,P,404.78,-0.5101089646566085,2.85,3.57,3.58,0.3957579956054688,2.0,1413.0,674.1500244140625
QQQ,QQQ,2026-12-18,0.6246575342465753,P,405.0,-0.5095656071881287,2.97,3.45,3.5,0.39264523376464844,1.0,180.0,674.1500244140625
QQQ,QQQ,2026-12-18,0.6246575342465753,P,409.78,-0.4978322439756149,2.66,3.72,3.44,0.3909973010253906,2.0,571.0,674.1500244140625
QQQ,QQQ,2026-12-18,0.6246575342465753,P,410.0,-0.49729551459631444,3.32,3.43,3.3,0.38410039733886714,50.0,5513.0,674.1500244140625
QQQ,QQQ,2026-12-18,0.6246575342465753,P,414.78,-0.48570441510943935,3.92,4.35,9.04,0.39600213378906257,118.0,2288.0,674.1500244140625
QQQ,QQQ,2026-12-18,0.6246575342465753,P,415.0,-0.4851741540639697,3.06,3.77,3.99,0.3836731555175781,100.0,755.0,674.1500244140625
QQQ,QQQ,2026-12-18,0.6246575342465753,P,419.78,-0.473721909777198,3.35,4.05,4.32,0.38184211914062494,4.0,512.0,674.1500244140625
QQQ,QQQ,2026-12-18,0.6246575342465753,P,420.0,-0.4731979630172539,3.64,3.76,3.61,0.37543349182128904,1.0,7542.0,674.1500244140625
QQQ,QQQ,2026-12-18,0.6246575342465753,P,424.78,-0.46188128645456733,3.53,4.24,11.73,0.37756970092773434,1.0,1550.0,674.1500244140625
QQQ,QQQ,2026-12-18,0.6246575342465753,P,425.0,-0.4613635053702511,3.65,4.12,4.36,0.37485366363525385,11.0,450.0,674.1500244140625
QQQ,QQQ,2026-12-18,0.6246575342465753,P,429.78,-0.45017922444025316,3.71,4.42,4.76,0.3730226272583008,2.0,299.0,674.1500244140625
QQQ,QQQ,2026-12-18,0.6246575342465753,P,430.0,-0.4496674656070599,4.01,4.14,4.17,0.3673158972167969,2.0,8327.0,674.1500244140625
QQQ,QQQ,2026-12-18,0.6246575342465753,P,434.78,-0.4386125182656351,3.92,4.62,12.96,0.368719691772461,1.0,144.0,674.1500244140625
QQQ,QQQ,2026-12-18,0.6246575342465753,P,435.0,-0.4381066432059838,3.81,4.51,5.0,0.3663698617553711,7.0,261.0,674.1500244140625
QQQ,QQQ,2026-12-18,0.6246575342465753,P,439.78,-0.42717807242404343,3.78,4.83,11.46,0.36447779083251963,14.0,1191.0,674.1500244140625
QQQ,QQQ,2026-12-18,0.6246575342465753,P,440.0,-0.42667794738236114,4.42,4.54,4.42,0.3590151989746094,1.0,7336.0,674.1500244140625
QQQ,QQQ,2026-12-18,0.6246575342465753,P,444.78,-0.41587289639798464,4.35,5.03,12.08,0.3599307171630859,13.0,1753.0,674.1500244140625
QQQ,QQQ,2026-12-18,0.6246575342465753,P,445.0,-0.4153783921284278,4.43,4.95,5.15,0.3582522671508789,1.0,231.0,674.1500244140625
QQQ,QQQ,2026-12-18,0.6246575342465753,P,449.78,-0.4046940999643288,4.65,5.17,5.93,0.35431553894042955,1.0,445.0,674.1500244140625
QQQ,QQQ,2026-12-18,0.6246575342465753,P,450.0,-0.4042050915303025,4.86,4.99,4.91,0.351019673461914,114.0,15150.0,674.1500244140625
QQQ,QQQ,2026-12-18,0.6246575342465753,P,454.78,-0.39363888875902275,4.47,5.53,5.44,0.3521182952880859,1.0,1850.0,674.1500244140625
QQQ,QQQ,2026-12-18,0.6246575342465753,P,455.0,-0.39315525534371754,4.94,5.42,5.03,0.3500736380004882,1.0,2435.0,674.1500244140625
QQQ,QQQ,2026-12-18,0.6246575342465753,P,459.78,-0.3827045600843001,5.08,5.76,7.48,0.3476932907104492,13.0,169.0,674.1500244140625
QQQ,QQQ,2026-12-18,0.6246575342465753,P,460.0,-0.38222618481152737,5.37,5.48,5.29,0.34311569976806633,7.0,4499.0,674.1500244140625
QQQ,QQQ,2026-12-18,0.6246575342465753,P,464.78,-0.3718884989426485,5.34,5.95,5.52,0.3425969061279296,6.0,505.0,674.1500244140625
QQQ,QQQ,2026-12-18,0.6246575342465753,P,465.0,-0.3714152687073116,5.42,5.94,6.2,0.3421086297607422,1.0,3441.0,674.1500244140625
QQQ,QQQ,2026-12-18,0.6246575342465753,P,469.78,-0.3611881742829785,5.7,6.22,5.86,0.3385381088256836,1.0,304.0,674.1500244140625
QQQ,QQQ,2026-12-18,0.6246575342465753,P,470.0,-0.36071997959056373,5.91,6.04,5.96,0.33563896789550784,41.0,4507.0,674.1500244140625
QQQ,QQQ,2026-12-18,0.6246575342465753,P,474.78,-0.350601135445511,5.92,6.53,6.2,0.3348760360717773,1.0,1104.0,674.1500244140625
QQQ,QQQ,2026-12-18,0.6246575342465753,P,475.0,-0.35013787026002685,6.2,6.52,6.28,0.3343877597045898,76.0,1303.0,674.1500244140625
QQQ,QQQ,2026-12-18,0.6246575342465753,P,479.78,-0.34012500879289204,6.23,6.96,8.31,0.332587240600586,18.0,347.0,674.1500244140625
QQQ,QQQ,2026-12-18,0.6246575342465753,P,480.0,-0.33966657039273135,6.53,6.65,6.41,0.3282232705688476,10.0,18285.0,674.1500244140625
QQQ,QQQ,2026-12-18,0.6246575342465753,P,484.78,-0.32975749451595066,6.56,7.29,7.75,0.3288030987548828,19.0,1635.0,674.1500244140625
QQQ,QQQ,2026-12-18,0.6246575342465753,P,485.0,-0.3293037833571848,6.84,7.17,6.89,0.326956803741455,14.0,1405.0,674.1500244140625
QQQ,QQQ,2026-12-18,0.6246575342465753,P,489.78,-0.31949636360334843,6.9,7.61,7.07,0.32472904281616205,4.0,639.0,674.1500244140625
QQQ,QQQ,2026-12-18,0.6246575342465753,P,490.0,-0.3190472831899956,7.19,7.32,8.21,0.32089912506103513,4.0,4557.0,674.1500244140625
QQQ,QQQ,2026-12-18,0.6246575342465753,P,494.78,-0.30933945496512777,7.26,8.05,7.5,0.3219061950683593,20.0,749.0,674.1500244140625
QQQ,QQQ,2026-12-18,0.6246575342465753,P,495.0,-0.30889491172597766,7.54,7.69,7.8,0.317389638671875,3.0,540.0,674.1500244140625
QQQ,QQQ,2026-12-18,0.6246575342465753,P,499.78,-0.29928467270088027,7.71,8.24,7.78,0.31607739593505857,50.0,875.0,674.1500244140625
QQQ,QQQ,2026-12-18,0.6246575342465753,P,500.0,-0.29884457587247626,7.92,8.23,7.88,0.31560437820434567,213.0,18041.0,674.1500244140625
QQQ,QQQ,2026-12-18,0.6246575342465753,P,504.78,-0.28932998350389083,8.31,8.61,8.22,0.31214066772460936,20.0,971.0,674.1500244140625
QQQ,QQQ,2026-12-18,0.6246575342465753,P,505.0,-0.2888942450193081,8.32,8.47,9.36,0.310279114074707,103.0,2489.0,674.1500244140625
QQQ,QQQ,2026-12-18,0.6246575342465753,P,509.78,-0.2794734141932197,8.08,9.21,10.0,0.31046221771240234,2.0,320.0,674.1500244140625
QQQ,QQQ,2026-12-18,0.6246575342465753,P,510.0,-0.2790419485762965,8.74,8.89,8.59,0.30676962768554683,103.0,6238.0,674.1500244140625
QQQ,QQQ,2026-12-18,0.6246575342465753,P,514.78,-0.26971304936622875,8.88,9.66,10.46,0.3069527313232422,10.0,375.0,674.1500244140625
QQQ,QQQ,2026-12-18,0.6246575342465753,P,515.0,-0.26928577363093187,9.18,9.52,9.1,0.3051979881286621,1.0,610.0,674.1500244140625
QQQ,QQQ,2026-12-18,0.6246575342465753,P,519.78,-0.2600470291645641,9.21,10.12,10.74,0.30335169311523436,2.0,870.0,674.1500244140625
QQQ,QQQ,2026-12-18,0.6246575342465753,P,520.0,-0.25962386271919485,9.64,9.99,9.59,0.3017495362854004,23.0,6181.0,674.1500244140625
QQQ,QQQ,2026-12-18,0.6246575342465753,P,524.78,-0.2504735471470814,9.85,10.61,11.84,0.2998574653625488,12.0,313.0,674.1500244140625
QQQ,QQQ,2026-12-18,0.6246575342465753,P,525.0,-0.2500544117030442,10.13,10.28,10.03,0.2964242721557617,2.0,1943.0,674.1500244140625
QQQ,QQQ,2026-12-18,0.6246575342465753,P,529.78,-0.24099084826362666,10.32,11.01,12.18,0.29537142623901363,6.0,421.0,674.1500244140625
QQQ,QQQ,2026-12-18,0.6246575342465753,P,530.0,-0.2405756677485005,10.64,10.78,10.56,0.29291478576660146,20.0,23600.0,674.1500244140625
QQQ,QQQ,2026-12-18,0.6246575342465753,P,534.78,-0.2315972269239871,11.14,11.58,15.84,0.29222814712524403,2.0,353.0,674.1500244140625
QQQ,QQQ,2026-12-18,0.6246575342465753,P,535.0,-0.23118592739866137,11.17,11.32,11.01,0.28958840301513666,1.0,1423.0,674.1500244140625
QQQ,QQQ,2026-12-18,0.6246575342465753,P,539.78,-0.2222910251567006,11.7,12.13,13.53,0.2886881434631347,1.0,481.0,674.1500244140625
QQQ,QQQ,2026-12-18,0.6246575342465753,P,540.0,-0.2218835347363479,11.73,11.88,11.45,0.28621624435424803,12.0,15483.0,674.1500244140625
QQQ,QQQ,2026-12-18,0.6246575342465753,P,544.78,-0.21307063085275046,12.08,12.63,12.22,0.2845530529785155,134.0,462.0,674.1500244140625
QQQ,QQQ,2026-12-18,0.6246575342465753,P,545.0,-0.21266687963142394,12.31,12.63,12.32,0.2841868457031249,2.0,1043.0,674.1500244140625
QQQ,QQQ,2026-12-18,0.6246575342465753,P,549.78,-0.2039344760894912,12.9,13.25,12.8,0.2812114115905761,23.0,435.0,674.1500244140625
QQQ,QQQ,2026-12-18,0.6246575342465753,P,550.0,-0.20353439606815132,12.92,13.08,12.86,0.2795024443054199,2250.0,13625.0,674.1500244140625
QQQ,QQQ,2026-12-18,0.6246575342465753,P,554.78,-0.19488103553044953,13.54,13.93,13.44,0.2781139083862304,5.0,2800.0,674.1500244140625
QQQ,QQQ,2026-12-18,0.6246575342465753,P,555.0,-0.19448456054823346,13.57,13.73,13.67,0.2762065788269042,85.0,7743.0,674.1500244140625
QQQ,QQQ,2026-12-18,0.6246575342465753,P,559.78,-0.18590882489691432,14.21,14.62,14.11,0.27486381881713867,1.0,260.0,674.1500244140625
QQQ,QQQ,2026-12-18,0.6246575342465753,P,560.0,-0.1855158905654731,14.24,14.64,14.06,0.2746349392700196,182.0,10663.0,674.1500244140625
QQQ,QQQ,2026-12-18,0.6246575342465753,P,564.78,-0.1770163995074842,14.91,15.34,16.78,0.2715984706115722,10.0,741.0,674.1500244140625
QQQ,QQQ,2026-12-18,0.6246575342465753,P,565.0,-0.176626943148227,14.94,15.36,14.73,0.27136959106445313,95.0,748.0,674.1500244140625
QQQ,QQQ,2026-12-18,0.6246575342465753,P,569.78,-0.16820235288198074,15.65,16.09,16.24,0.2683178637695312,6.0,940.0,674.1500244140625
QQQ,QQQ,2026-12-18,0.6246575342465753,P,570.0,-0.16781631346607215,15.68,16.11,15.52,0.26807372558593745,65.0,3123.0,674.1500244140625
QQQ,QQQ,2026-12-18,0.6246575342465753,P,574.78,-0.15946531540635206,16.42,16.99,16.26,0.26583070602416997,2.0,1685.0,674.1500244140625
QQQ,QQQ,2026-12-18,0.6246575342465753,P,575.0,-0.15908263349731747,16.45,16.89,16.4,0.26476260147094727,6.0,13281.0,674.1500244140625
QQQ,QQQ,2026-12-18,0.6246575342465753,P,579.78,-0.1508039530553958,17.23,17.84,17.89,0.26271794418334965,1.0,1212.0,674.1500244140625
QQQ,QQQ,2026-12-18,0.6246575342465753,P,580.0,-0.15042457075420293,17.26,17.71,17.04,0.26148199462890626,55.0,37142.0,674.1500244140625
QQQ,QQQ,2026-12-18,0.6246575342465753,P,584.78,-0.14221696617032542,18.07,18.58,17.87,0.25866677619934086,1.0,753.0,674.1500244140625
QQQ,QQQ,2026-12-18,0.6246575342465753,P,585.0,-0.1418408270628115,18.11,18.57,18.73,0.2582090171051026,4.0,1922.0,674.1500244140625
QQQ,QQQ,2026-12-18,0.6246575342465753,P,589.78,-0.1337030882883746,18.96,19.5,18.51,0.2555311264038086,2.0,678.0,674.1500244140625
QQQ,QQQ,2026-12-18,0.6246575342465753,P,590.0,-0.13333013739490276,19.0,19.47,18.82,0.2549512982177735,28.0,106765.0,674.1500244140625
QQQ,QQQ,2026-12-18,0.6246575342465753,P,594.78,-0.12526108502180686,19.9,20.44,19.84,0.25226577819824214,1.0,906.0,674.1500244140625
QQQ,QQQ,2026-12-18,0.6246575342465753,P,595.0,-0.12489126874903819,19.94,20.41,19.98,0.2516783206939698,24.0,2028.0,674.1500244140625
QQQ,QQQ,2026-12-18,0.6246575342465753,P,599.78,-0.11688975298384714,20.87,21.68,21.71,0.2505262936401367,6.0,841.0,674.1500244140625
QQQ,QQQ,2026-12-18,0.6246575342465753,P,600.0,-0.11652301907852163,20.92,21.39,20.96,0.24839008453369144,783.0,101860.0,674.1500244140625
QQQ,QQQ,2026-12-18,0.6246575342465753,P,604.78,-0.10858791875919785,21.9,22.55,21.9,0.24629965133666992,9.0,367.0,674.1500244140625
QQQ,QQQ,2026-12-18,0.6246575342465753,P,605.0,-0.10822421626382646,21.95,22.43,21.79,0.24519340019226074,531.0,5847.0,674.1500244140625
QQQ,QQQ,2026-12-18,0.6246575342465753,P,609.78,-0.10035443791693789,22.57,23.58,25.82,0.24276727699279785,3.0,1493.0,674.1500244140625
QQQ,QQQ,2026-12-18,0.6246575342465753,P,610.0,-0.09999371712731103,22.79,23.51,22.9,0.24195093994140626,14.0,5689.0,674.1500244140625
QQQ,QQQ,2026-12-18,0.6246575342465753,P,615.0,-0.09183040648815013,23.91,24.64,24.2,0.23870847969055173,690.0,9762.0,674.1500244140625
QQQ,QQQ,2026-12-18,0.6246575342465753,P,620.0,-0.08373319625553069,24.68,25.83,25.09,0.2355117953491211,130.0,21214.0,674.1500244140625
QQQ,QQQ,2026-12-18,0.6246575342465753,P,625.0,-0.07570102455826647,26.29,26.96,26.51,0.23170476554870603,654.0,6746.0,674.1500244140625
QQQ,QQQ,2026-12-18,0.6246575342465753,P,630.0,-0.06773285490908965,27.6,28.36,27.65,0.22902687484741213,46.0,7761.0,674.1500244140625
QQQ,QQQ,2026-12-18,0.6246575342465753,P,635.0,-0.05982767540197629,28.91,29.72,29.1,0.22582256118774413,24.0,3970.0,674.1500244140625
QQQ,QQQ,2026-12-18,0.6246575342465753,P,640.0,-0.05198449794095043,30.36,31.14,30.2,0.22260298889160152,102.0,6416.0,674.1500244140625
QQQ,QQQ,2026-12-18,0.6246575342465753,P,645.0,-0.04420235749889553,31.35,32.62,31.69,0.21936052864074707,58.0,4887.0,674.1500244140625
QQQ,QQQ,2026-12-18,0.6246575342465753,P,650.0,-0.03648031140498515,33.7,34.18,33.76,0.2161714736175537,193.0,3293.0,674.1500244140625
QQQ,QQQ,2026-12-18,0.6246575342465753,P,655.0,-0.028817438659416064,34.6,35.8,35.18,0.21292138404846192,64.0,1300.0,674.1500244140625
QQQ,QQQ,2026-12-18,0.6246575342465753,P,660.0,-0.02121283927419668,36.67,37.49,36.85,0.20965603584289547,313.0,2166.0,674.1500244140625
QQQ,QQQ,2026-12-18,0.6246575342465753,P,665.0,-0.013665633638813809,38.38,39.27,38.4,0.20644409286499016,829.0,588.0,674.1500244140625
QQQ,QQQ,2026-12-18,0.6246575342465753,P,670.0,-0.006174961909656245,39.8,41.14,40.64,0.20328555511474605,193.0,1419.0,674.1500244140625
QQQ,QQQ,2026-12-18,0.6246575342465753,P,675.0,0.0012600165778617956,42.3,42.95,42.64,0.1994327494049072,736.0,772.0,674.1500244140625
QQQ,QQQ,2026-12-18,0.6246575342465753,P,680.0,0.008640123875484428,44.18,45.13,43.84,0.19691507438659667,16.0,1096.0,674.1500244140625
QQQ,QQQ,2026-12-18,0.6246575342465753,P,685.0,0.015966163967557404,46.29,47.26,45.96,0.19372601936340333,38.0,641.0,674.1500244140625
QQQ,QQQ,2026-12-18,0.6246575342465753,P,690.0,0.023238923296637033,48.49,49.51,48.48,0.19065903343200682,9.0,463.0,674.1500244140625
QQQ,QQQ,2026-12-18,0.6246575342465753,P,695.0,0.03045917127012417,50.33,51.84,50.42,0.187508125,69.0,399.0,674.1500244140625
QQQ,QQQ,2026-12-18,0.6246575342465753,P,700.0,0.03762766074873678,52.69,54.27,53.07,0.18434195793151856,439.0,121.0,674.1500244140625
QQQ,QQQ,2026-12-18,0.6246575342465753,P,705.0,0.04474512851760062,55.26,56.75,55.42,0.18091639404296872,3.0,89.0,674.1500244140625
QQQ,QQQ,2026-12-18,0.6246575342465753,P,710.0,0.05181229574069314,57.81,59.45,57.99,0.1780325117492676,15.0,21.0,674.1500244140625
QQQ,QQQ,2026-12-18,0.6246575342465753,P,715.0,0.058829868399339756,60.52,62.2,60.7,0.17485871536254882,1.0,12.0,674.1500244140625
QQQ,QQQ,2026-12-18,0.6246575342465753,P,720.0,0.06579853771543295,63.36,65.07,75.89,0.17170780693054202,4.0,4.0,674.1500244140625
QQQ,QQQ,2026-12-18,0.6246575342465753,P,725.0,0.07271898056000681,66.31,68.06,67.11,0.16858741577148442,31.0,2.0,674.1500244140625
QQQ,QQQ,2026-12-18,0.6246575342465753,P,730.0,0.07959185984776891,69.49,72.38,80.69,0.171982462387085,6.0,8.0,674.1500244140625
QQQ,QQQ,2026-12-18,0.6246575342465753,P,735.0,0.08641782491816863,73.19,74.44,83.76,0.1625907716369629,4.0,3.0,674.1500244140625
QQQ,QQQ,2026-12-18,0.6246575342465753,P,740.0,0.09319751190354746,75.97,78.9,76.21,0.16594004234313967,2.0,2.0,674.1500244140625
QQQ,QQQ,2026-12-18,0.6246575342465753,P,745.0,0.0999315440848916,79.91,81.93,91.05,0.16048507980346682,17.0,8.0,674.1500244140625
QQQ,QQQ,2026-12-18,0.6246575342465753,P,750.0,0.10662053223568807,83.01,84.75,92.8,0.152626882019043,1.0,15.0,674.1500244140625
QQQ,QQQ,2026-12-18,0.6246575342465753,P,755.0,0.11326507495435671,86.6,88.52,101.88,0.1498803274536133,2.0,2.0,674.1500244140625
QQQ,QQQ,2026-12-18,0.6246575342465753,P,760.0,0.11986575898570884,90.39,92.36,91.71,0.14682860015869142,2.0,25.0,674.1500244140625
QQQ,QQQ,2026-12-18,0.6246575342465753,P,765.0,0.12642315953186778,94.37,96.27,99.98,0.1434106655883789,2.0,3.0,674.1500244140625
QQQ,QQQ,2026-12-18,0.6246575342465753,P,770.0,0.13293784055306154,98.35,100.4,113.27,0.14086247329711915,1.0,1.0,674.1500244140625
QQQ,QQQ,2026-12-18,0.6246575342465753,P,775.0,0.13941035505867908,102.33,104.6,206.24,0.13803962554931642,1.0,0.0,674.1500244140625
QQQ,QQQ,2026-12-18,0.6246575342465753,P,780.0,0.14584124538896936,106.78,108.93,106.7,0.13556772644042972,62.0,0.0,674.1500244140625
QQQ,QQQ,2026-12-18,0.6246575342465753,P,785.0,0.15223104348774044,173.0,178.0,161.08,0.498326549987793,,0.0,674.1500244140625
QQQ,QQQ,2026-12-18,0.6246575342465753,P,790.0,0.15858027116639925,178.0,183.0,184.5,0.5049487982177734,24.0,0.0,674.1500244140625
QQQ,QQQ,2026-12-18,0.6246575342465753,P,795.0,0.16488944035966402,314.0,318.92,264.21,1.1192060641479493,,0.0,674.1500244140625
QQQ,QQQ,2026-12-18,0.6246575342465753,P,830.0,0.2079730264959756,154.0,158.05,161.93,0.16407085937500002,50.0,42.0,674.1500244140625
QQQ,QQQ,2026-12-18,0.6246575342465753,P,835.0,0.21397905055618754,159.01,163.05,247.09,0.16770241485595705,2.0,0.0,674.1500244140625
QQQ,QQQ,2026-12-18,0.6246575342465753,P,840.0,0.2199492175426914,211.5,216.5,220.51,0.48511257080078124,,0.0,674.1500244140625
QQQ,QQQ,2026-12-18,0.6246575342465753,P,910.0,0.29999192521622775,298.5,303.5,300.25,0.6311529804992677,,0.0,674.1500244140625
QQQ,QQQ,2027-06-17,1.1205479452054794,C,205.0,-1.1904426951562597,473.5,478.5,379.78,0.7176236734008788,1.0,7.0,674.1500244140625
QQQ,QQQ,2027-06-17,1.1205479452054794,C,210.0,-1.1663451435771992,469.0,474.0,444.84,0.7152433261108398,1.0,1.0,674.1500244140625
QQQ,QQQ,2027-06-17,1.1205479452054794,C,250.0,-0.9919917564324215,431.5,436.0,354.89,0.6568637829589845,1.0,39.0,674.1500244140625
QQQ,QQQ,2027-06-17,1.1205479452054794,C,275.0,-0.8966815766280967,408.0,412.5,331.96,0.6228980581665039,1.0,3.0,674.1500244140625
QQQ,QQQ,2027-06-17,1.1205479452054794,C,300.0,-0.809670199638467,384.5,389.5,359.5,0.5928080270385744,1.0,21.0,674.1500244140625
QQQ,QQQ,2027-06-17,1.1205479452054794,C,315.0,-0.7608800354690349,370.5,375.5,350.0,0.5741314559936525,1.0,28.0,674.1500244140625
QQQ,QQQ,2027-06-17,1.1205479452054794,C,320.0,-0.7451316785008958,366.0,371.0,347.4,0.5698437791442872,2.0,19.0,674.1500244140625
QQQ,QQQ,2027-06-17,1.1205479452054794,C,330.0,-0.714360019834142,357.0,361.5,341.8,0.5583235086059571,4.0,11.0,674.1500244140625
QQQ,QQQ,2027-06-17,1.1205479452054794,C,335.0,-0.6993221424696016,352.0,357.0,345.11,0.5512129840087892,3.0,25.0,674.1500244140625
QQQ,QQQ,2027-06-17,1.1205479452054794,C,340.0,-0.6845070566844609,347.5,352.5,338.73,0.5467727207946778,8.0,4.0,674.1500244140625
QQQ,QQQ,2027-06-17,1.1205479452054794,C,350.0,-0.6555195198112085,338.5,343.0,325.74,0.5352219329833985,2.0,39.0,674.1500244140625
QQQ,QQQ,2027-06-17,1.1205479452054794,C,355.0,-0.6413348848192522,334.0,338.5,236.23,0.5306596006774902,2.0,3.0,674.1500244140625
QQQ,QQQ,2027-06-17,1.1205479452054794,C,360.0,-0.6273486428445123,329.0,334.0,333.01,0.5236864038085938,3.0,27.0,674.1500244140625
QQQ,QQQ,2027-06-17,1.1205479452054794,C,365.0,-0.6135553207121764,324.5,329.5,250.53,0.519063036956787,1.0,19.0,674.1500244140625
QQQ,QQQ,2027-06-17,1.1205479452054794,C,370.0,-0.5999496686563979,320.0,325.0,313.33,0.5144091528320311,2.0,35.0,674.1500244140625
QQQ,QQQ,2027-06-17,1.1205479452054794,C,380.0,-0.5732814215742364,311.0,316.0,279.12,0.5049487982177734,2.0,26.0,674.1500244140625
QQQ,QQQ,2027-06-17,1.1205479452054794,C,385.0,-0.5602093400068837,306.5,311.5,209.18,0.5001423277282715,1.0,4.0,674.1500244140625
QQQ,QQQ,2027-06-17,1.1205479452054794,C,395.0,-0.5345669093935461,297.5,302.5,235.83,0.5101519932556153,1.0,3.0,674.1500244140625
QQQ,QQQ,2027-06-17,1.1205479452054794,C,400.0,-0.521988127186686,293.0,298.0,296.12,0.5048572463989257,2.0,55.0,674.1500244140625
QQQ,QQQ,2027-06-17,1.1205479452054794,C,405.0,-0.5095656071881287,288.5,293.5,257.0,0.49953198226928713,1.0,14.0,674.1500244140625
QQQ,QQQ,2027-06-17,1.1205479452054794,C,415.0,-0.4851741540639697,279.5,284.5,189.69,0.48886619537353526,2.0,8.0,674.1500244140625
QQQ,QQQ,2027-06-17,1.1205479452054794,C,425.0,-0.4613635053702511,270.5,275.5,267.37,0.47813937393188477,5.0,20.0,674.1500244140625
QQQ,QQQ,2027-06-17,1.1205479452054794,C,430.0,-0.4496674656070599,266.0,271.0,246.49,0.4727530752563477,2.0,25.0,674.1500244140625
QQQ,QQQ,2027-06-17,1.1205479452054794,C,435.0,-0.4381066432059838,261.5,266.5,243.48,0.46736677658081055,1.0,29.0,674.1500244140625
QQQ,QQQ,2027-06-17,1.1205479452054794,C,440.0,-0.42667794738236114,257.86,262.0,173.46,0.4619499606323243,1.0,20.0,674.1500244140625
QQQ,QQQ,2027-06-17,1.1205479452054794,C,445.0,-0.4153783921284278,253.46,257.5,232.81,0.45653314468383793,1.0,493.0,674.1500244140625
QQQ,QQQ,2027-06-17,1.1205479452054794,C,450.0,-0.4042050915303025,249.09,253.5,251.89,0.4542443492126465,53.0,144.0,674.1500244140625
QQQ,QQQ,2027-06-17,1.1205479452054794,C,455.0,-0.39315525534371754,244.73,249.0,221.0,0.44874361076354974,2.0,25.0,674.1500244140625
QQQ,QQQ,2027-06-17,1.1205479452054794,C,460.0,-0.38222618481152737,240.39,244.5,243.21,0.4432276136779785,21.0,39.0,674.1500244140625
QQQ,QQQ,2027-06-17,1.1205479452054794,C,465.0,-0.3714152687073116,236.06,240.5,222.69,0.44069468002319334,2.0,101.0,674.1500244140625
QQQ,QQQ,2027-06-17,1.1205479452054794,C,470.0,-0.36071997959056373,231.75,236.0,215.38,0.4351100190734864,1.0,95.0,674.1500244140625
QQQ,QQQ,2027-06-17,1.1205479452054794,C,475.0,-0.35013787026002685,226.5,230.91,210.0,0.42611505287170415,2.0,62.0,674.1500244140625
QQQ,QQQ,2027-06-17,1.1205479452054794,C,480.0,-0.33966657039273135,223.18,227.5,225.64,0.42674828628540046,4.0,90.0,674.1500244140625
QQQ,QQQ,2027-06-17,1.1205479452054794,C,485.0,-0.3293037833571848,219.05,223.0,221.78,0.4210873321533204,1.0,2729.0,674.1500244140625
QQQ,QQQ,2027-06-17,1.1205479452054794,C,490.0,-0.3190472831899956,214.69,219.0,207.64,0.41815004463195804,1.0,41.0,674.1500244140625
QQQ,QQQ,2027-06-17,1.1205479452054794,C,495.0,-0.30889491172597766,210.59,214.5,213.05,0.41242805595397947,7.0,65.0,674.1500244140625
QQQ,QQQ,2027-06-17,1.1205479452054794,C,500.0,-0.29884457587247626,206.27,210.5,209.0,0.4093381820678711,37.0,631.0,674.1500244140625
QQQ,QQQ,2027-06-17,1.1205479452054794,C,505.0,-0.2888942450193081,201.98,206.0,184.81,0.4035551588439942,2.0,128.0,674.1500244140625
QQQ,QQQ,2027-06-17,1.1205479452054794,C,510.0,-0.2790419485762965,197.94,202.0,200.51,0.400320327911377,3.0,105.0,674.1500244140625
QQQ,QQQ,2027-06-17,1.1205479452054794,C,515.0,-0.26928577363093187,193.81,198.0,185.8,0.39700157447814943,1.0,61.0,674.1500244140625
QQQ,QQQ,2027-06-17,1.1205479452054794,C,520.0,-0.25962386271919485,189.7,194.0,191.3,0.39358363990783696,1.0,179.0,674.1500244140625
QQQ,QQQ,2027-06-17,1.1205479452054794,C,525.0,-0.2500544117030442,184.5,188.83,172.0,0.3843750527954102,1.0,184.0,674.1500244140625
QQQ,QQQ,2027-06-17,1.1205479452054794,C,530.0,-0.2405756677485005,181.45,185.5,177.41,0.38410039733886714,2.0,268.0,674.1500244140625
QQQ,QQQ,2027-06-17,1.1205479452054794,C,535.0,-0.23118592739866137,176.5,181.5,180.01,0.3804612125396729,1.0,126.0,674.1500244140625
QQQ,QQQ,2027-06-17,1.1205479452054794,C,540.0,-0.2218835347363479,173.49,177.5,162.88,0.37674573455810545,2.0,192.0,674.1500244140625
QQQ,QQQ,2027-06-17,1.1205479452054794,C,545.0,-0.21266687963142394,169.38,173.5,171.91,0.3729539633941651,6.0,1300.0,674.1500244140625
QQQ,QQQ,2027-06-17,1.1205479452054794,C,550.0,-0.20353439606815132,165.7,169.5,167.7,0.36907826972961433,14.0,621.0,674.1500244140625
QQQ,QQQ,2027-06-17,1.1205479452054794,C,555.0,-0.19448456054823346,161.78,165.5,154.34,0.36512628288269044,2.0,1002.0,674.1500244140625
QQQ,QQQ,2027-06-17,1.1205479452054794,C,560.0,-0.1855158905654731,156.5,161.5,161.54,0.3610903735351562,3.0,638.0,674.1500244140625
QQQ,QQQ,2027-06-17,1.1205479452054794,C,565.0,-0.176626943148227,153.91,158.0,154.87,0.35915252670288084,11.0,309.0,674.1500244140625
QQQ,QQQ,2027-06-17,1.1205479452054794,C,570.0,-0.16781631346607215,149.0,153.5,152.59,0.35279730461120606,6.0,1276.0,674.1500244140625
QQQ,QQQ,2027-06-17,1.1205479452054794,C,575.0,-0.15908263349731747,146.27,150.0,147.58,0.3506534661865234,13.0,792.0,674.1500244140625
QQQ,QQQ,2027-06-17,1.1205479452054794,C,580.0,-0.15042457075420293,142.5,146.5,143.0,0.3483799293518066,18.0,623.0,674.1500244140625
QQQ,QQQ,2027-06-17,1.1205479452054794,C,585.0,-0.1418408270628115,137.5,141.68,140.23,0.34052936088562014,17.0,718.0,674.1500244140625
QQQ,QQQ,2027-06-17,1.1205479452054794,C,590.0,-0.13333013739490276,134.0,137.96,137.3,0.3371724608612061,2.0,430.0,674.1500244140625
QQQ,QQQ,2027-06-17,1.1205479452054794,C,595.0,-0.12489126874903819,130.0,134.27,133.55,0.33383844879150393,6.0,359.0,674.1500244140625
QQQ,QQQ,2027-06-17,1.1205479452054794,C,600.0,-0.11652301907852163,126.5,130.73,130.0,0.3309850837707519,220.0,1911.0,674.1500244140625
QQQ,QQQ,2027-06-17,1.1205479452054794,C,605.0,-0.10822421626382646,123.98,128.0,124.95,0.3312139633178711,9.0,1561.0,674.1500244140625
QQQ,QQQ,2027-06-17,1.1205479452054794,C,610.0,-0.09999371712731103,120.75,124.5,121.57,0.3282537878417968,13.0,892.0,674.1500244140625
QQQ,QQQ,2027-06-17,1.1205479452054794,C,615.0,-0.09183040648815013,117.1,121.0,118.79,0.3251715432739257,93.0,1050.0,674.1500244140625
QQQ,QQQ,2027-06-17,1.1205479452054794,C,620.0,-0.08373319625553069,112.5,116.45,115.25,0.31796946685791017,3.0,336.0,674.1500244140625
QQQ,QQQ,2027-06-17,1.1205479452054794,C,625.0,-0.07570102455826647,109.1,112.83,112.38,0.31423873023986815,13.0,650.0,674.1500244140625
QQQ,QQQ,2027-06-17,1.1205479452054794,C,630.0,-0.06773285490908965,105.5,109.49,108.37,0.31145402908325187,27.0,4182.0,674.1500244140625
QQQ,QQQ,2027-06-17,1.1205479452054794,C,635.0,-0.05982767540197629,102.19,107.0,104.97,0.3116981672668457,11.0,1046.0,674.1500244140625
QQQ,QQQ,2027-06-17,1.1205479452054794,C,640.0,-0.05198449794095043,100.2,104.0,101.01,0.30988238952636715,8.0,2901.0,674.1500244140625
QQQ,QQQ,2027-06-17,1.1205479452054794,C,645.0,-0.04420235749889553,95.77,100.5,98.54,0.30608298904418946,1.0,806.0,674.1500244140625
QQQ,QQQ,2027-06-17,1.1205479452054794,C,650.0,-0.03648031140498515,92.5,97.45,95.04,0.30380945220947264,47.0,2686.0,674.1500244140625
QQQ,QQQ,2027-06-17,1.1205479452054794,C,655.0,-0.028817438659416064,91.0,94.0,92.0,0.29994138786315916,6.0,2892.0,674.1500244140625
QQQ,QQQ,2027-06-17,1.1205479452054794,C,660.0,-0.02121283927419668,87.53,91.0,88.82,0.297572484550476,45.0,2479.0,674.1500244140625
QQQ,QQQ,2027-06-17,1.1205479452054794,C,665.0,-0.013665633638813809,84.48,88.0,86.07,0.29505862419128415,9.0,2787.0,674.1500244140625
QQQ,QQQ,2027-06-17,1.1205479452054794,C,670.0,-0.006174961909656245,80.0,84.98,82.5,0.292327328262329,782.0,1309.0,674.1500244140625
QQQ,QQQ,2027-06-17,1.1205479452054794,C,675.0,0.0012600165778617956,77.38,82.0,80.11,0.28958840301513666,843.0,1483.0,674.1500244140625
QQQ,QQQ,2027-06-17,1.1205479452054794,C,680.0,0.008640123875484428,74.49,77.95,76.88,0.2829280081939697,7.0,3061.0,674.1500244140625
QQQ,QQQ,2027-06-17,1.1205479452054794,C,685.0,0.015966163967557404,71.5,76.2,74.94,0.2842402509307861,1565.0,2620.0,674.1500244140625
QQQ,QQQ,2027-06-17,1.1205479452054794,C,690.0,0.023238923296637033,68.9,72.28,71.35,0.2777553304290771,3202.0,899.0,674.1500244140625
QQQ,QQQ,2027-06-17,1.1205479452054794,C,695.0,0.03045917127012417,66.2,71.0,68.69,0.2803798159027099,2171.0,1561.0,674.1500244140625
QQQ,QQQ,2027-06-17,1.1205479452054794,C,700.0,0.03762766074873678,63.0,68.0,66.59,0.2768169242858886,638.0,2012.0,674.1500244140625
QQQ,QQQ,2027-06-17,1.1205479452054794,C,705.0,0.04474512851760062,60.5,65.5,63.03,0.2748371162033081,1.0,779.0,674.1500244140625
QQQ,QQQ,2027-06-17,1.1205479452054794,C,710.0,0.05181229574069314,59.5,62.71,60.81,0.27168239311218256,12.0,1918.0,674.1500244140625
QQQ,QQQ,2027-06-17,1.1205479452054794,C,715.0,0.058829868399339756,55.5,60.5,57.5,0.2703930383300781,3.0,1035.0,674.1500244140625
QQQ,QQQ,2027-06-17,1.1205479452054794,C,720.0,0.06579853771543295,54.67,56.65,55.47,0.2631680739593506,14.0,1787.0,674.1500244140625
QQQ,QQQ,2027-06-17,1.1205479452054794,C,725.0,0.07271898056000681,52.21,55.36,53.13,0.2647778601074219,12.0,1860.0,674.1500244140625
QQQ,QQQ,2027-06-17,1.1205479452054794,C,730.0,0.07959185984776891,50.5,52.01,50.73,0.2589414316558839,5.0,717.0,674.1500244140625
QQQ,QQQ,2027-06-17,1.1205479452054794,C,735.0,0.08641782491816863,47.69,50.74,48.46,0.260299450302124,428.0,722.0,674.1500244140625
QQQ,QQQ,2027-06-17,1.1205479452054794,C,740.0,0.09319751190354746,46.09,47.69,47.0,0.25514966049194343,748.0,440.0,674.1500244140625
QQQ,QQQ,2027-06-17,1.1205479452054794,C,745.0,0.0999315440848916,43.43,46.4,44.63,0.2561109545898438,282.0,725.0,674.1500244140625
QQQ,QQQ,2027-06-17,1.1205479452054794,C,750.0,0.10662053223568807,41.94,44.32,42.55,0.25406629730224617,27.0,1276.0,674.1500244140625
QQQ,QQQ,2027-06-17,1.1205479452054794,C,755.0,0.11326507495435671,39.43,42.31,40.5,0.25209030387878417,5.0,568.0,674.1500244140625
QQQ,QQQ,2027-06-17,1.1205479452054794,C,760.0,0.11986575898570884,38.07,40.35,38.29,0.25011431045532223,31.0,1217.0,674.1500244140625
QQQ,QQQ,2027-06-17,1.1205479452054794,C,765.0,0.12642315953186778,35.69,38.47,37.02,0.2482451274871826,357.0,1880.0,674.1500244140625
QQQ,QQQ,2027-06-17,1.1205479452054794,C,770.0,0.13293784055306154,34.45,35.7,35.26,0.24283594085693355,708.0,1162.0,674.1500244140625
QQQ,QQQ,2027-06-17,1.1205479452054794,C,775.0,0.13941035505867908,32.25,34.81,33.56,0.2443160285949707,351.0,1769.0,674.1500244140625
QQQ,QQQ,2027-06-17,1.1205479452054794,C,780.0,0.14584124538896936,31.09,32.31,31.63,0.23946378219604486,1755.0,1037.0,674.1500244140625
QQQ,QQQ,2027-06-17,1.1205479452054794,C,785.0,0.15223104348774044,29.04,30.69,25.75,0.23777007354736324,1.0,262.0,674.1500244140625
QQQ,QQQ,2027-06-17,1.1205479452054794,C,790.0,0.15858027116639925,27.99,28.65,22.83,0.234207181930542,1.0,401.0,674.1500244140625
QQQ,QQQ,2027-06-17,1.1205479452054794,C,795.0,0.16488944035966402,26.06,29.5,22.48,0.2420424917602539,2.0,29.0,674.1500244140625
QQQ,QQQ,2027-06-17,1.1205479452054794,C,800.0,0.1711590533732593,25.14,26.24,25.98,0.23316959465026857,66.0,4130.0,674.1500244140625
QQQ,QQQ,2027-06-17,1.1205479452054794,C,805.0,0.17738960312389543,23.3,25.65,24.5,0.23496248443603518,6.0,218.0,674.1500244140625
QQQ,QQQ,2027-06-17,1.1205479452054794,C,810.0,0.18358157337181658,22.54,23.14,23.04,0.2285004518890381,20.0,260.0,674.1500244140625
QQQ,QQQ,2027-06-17,1.1205479452054794,C,815.0,0.1897354389461947,20.82,22.35,21.95,0.2291184266662598,13.0,547.0,674.1500244140625
QQQ,QQQ,2027-06-17,1.1205479452054794,C,820.0,0.19585166596363085,20.16,20.75,20.63,0.22602092346191405,12.0,559.0,674.1500244140625
QQQ,QQQ,2027-06-17,1.1205479452054794,C,825.0,0.2019307120400131,18.62,22.0,18.8,0.23546601943969725,1.0,209.0,674.1500244140625
QQQ,QQQ,2027-06-17,1.1205479452054794,C,830.0,0.2079730264959756,17.58,21.0,18.3,0.23484041534423827,1.0,192.0,674.1500244140625
QQQ,QQQ,2027-06-17,1.1205479452054794,C,835.0,0.21397905055618754,15.86,20.0,15.3,0.23405459556579586,2.0,17.0,674.1500244140625
QQQ,QQQ,2027-06-17,1.1205479452054794,C,840.0,0.2199492175426914,16.07,16.63,16.6,0.2217561345672607,44.0,365.0,674.1500244140625
QQQ,QQQ,2027-06-17,1.1205479452054794,C,845.0,0.22588395306250583,14.78,16.73,15.32,0.22580730255126952,1.0,200.0,674.1500244140625
QQQ,QQQ,2027-06-17,1.1205479452054794,C,850.0,0.23178367518969417,13.91,15.23,14.77,0.22179428115844724,38.0,5662.0,674.1500244140625
QQQ,QQQ,2027-06-17,1.1205479452054794,C,855.0,0.23764879464209232,13.21,14.41,12.5,0.22097794410705565,11.0,482.0,674.1500244140625
QQQ,QQQ,2027-06-17,1.1205479452054794,C,860.0,0.2434797149528854,12.43,14.12,13.07,0.22280135116577143,1.0,58.0,674.1500244140625
QQQ,QQQ,2027-06-17,1.1205479452054794,C,865.0,0.24927683263721137,11.72,12.9,10.39,0.21949022705078125,2.0,195.0,674.1500244140625
QQQ,QQQ,2027-06-17,1.1205479452054794,C,870.0,0.2550405373539615,11.06,12.68,7.23,0.22150436706542967,2.0,210.0,674.1500244140625
QQQ,QQQ,2027-06-17,1.1205479452054794,C,875.0,0.2607712120629464,10.41,12.12,9.52,0.22151199638366698,1.0,504.0,674.1500244140625
QQQ,QQQ,2027-06-17,1.1205479452054794,C,880.0,0.2664692331775842,9.81,10.94,8.68,0.21770496658325195,6.0,179.0,674.1500244140625
QQQ,QQQ,2027-06-17,1.1205479452054794,C,885.0,0.2721349707132616,9.24,10.36,9.64,0.21721669021606443,6.0,195.0,674.1500244140625
QQQ,QQQ,2027-06-17,1.1205479452054794,C,890.0,0.2777687884315175,8.74,9.76,7.68,0.21643849975585935,5.0,136.0,674.1500244140625
QQQ,QQQ,2027-06-17,1.1205479452054794,C,895.0,0.2833710439801874,8.24,9.81,7.14,0.21970384796142578,2.0,1033.0,674.1500244140625
QQQ,QQQ,2027-06-17,1.1205479452054794,C,900.0,0.28894208902964286,7.77,8.88,8.25,0.21649953430175778,12.0,1419.0,674.1500244140625
QQQ,QQQ,2027-06-17,1.1205479452054794,C,905.0,0.29448226940525807,7.34,8.35,7.86,0.2157060852050781,6.0,397.0,674.1500244140625
QQQ,QQQ,2027-06-17,1.1205479452054794,C,910.0,0.29999192521622775,6.93,8.39,5.93,0.2187883297729492,5.0,85.0,674.1500244140625
QQQ,QQQ,2027-06-17,1.1205479452054794,C,915.0,0.3054713909808534,6.54,7.5,6.49,0.21512625701904298,16.0,328.0,674.1500244140625
QQQ,QQQ,2027-06-17,1.1205479452054794,C,920.0,0.31092099574841797,6.18,7.12,5.98,0.2149584120178223,5.0,22.0,674.1500244140625
QQQ,QQQ,2027-06-17,1.1205479452054794,C,925.0,0.31634106321775723,5.83,6.76,6.27,0.21482108428955077,5.0,84.0,674.1500244140625
QQQ,QQQ,2027-06-17,1.1205479452054794,C,930.0,0.32173191185263367,5.51,6.42,3.8,0.21469901519775392,1.0,76.0,674.1500244140625
QQQ,QQQ,2027-06-17,1.1205479452054794,C,935.0,0.32709385499401894,5.2,6.1,4.82,0.21462272201538085,1.0,1095.0,674.1500244140625
QQQ,QQQ,2027-06-17,1.1205479452054794,C,940.0,0.3324272009693816,4.91,5.8,3.88,0.21459220474243162,1.0,697.0,674.1500244140625
QQQ,QQQ,2027-06-17,1.1205479452054794,C,945.0,0.3377322531990748,4.64,5.5,4.67,0.21443961837768555,22.0,3194.0,674.1500244140625
QQQ,QQQ,2027-06-17,1.1205479452054794,C,950.0,0.3430093102999185,4.38,4.9,4.8,0.21132685653686517,13.0,4124.0,674.1500244140625
QQQ,QQQ,2027-06-17,1.1205479452054794,C,955.0,0.34825866618606227,4.15,4.98,3.77,0.21448539428710936,200.0,101.0,674.1500244140625
QQQ,QQQ,2027-06-17,1.1205479452054794,C,960.0,0.353480610167214,3.93,5.14,3.49,0.21839160522460935,1.0,55.0,674.1500244140625
QQQ,QQQ,2027-06-17,1.1205479452054794,C,965.0,0.35867542704431804,3.71,4.91,3.24,0.21855945022583007,,1.0,674.1500244140625
QQQ,QQQ,2027-06-17,1.1205479452054794,C,970.0,0.3638433972027605,3.51,4.3,3.01,0.21471427383422853,24.0,24.0,674.1500244140625
QQQ,QQQ,2027-06-17,1.1205479452054794,C,975.0,0.36898479670317924,3.32,4.49,3.06,0.21898669204711912,22.0,23.0,674.1500244140625
QQQ,QQQ,2027-06-17,1.1205479452054794,C,980.0,0.3740998973699497,3.15,3.65,3.6,0.21204401245117185,27.0,64.0,674.1500244140625
QQQ,QQQ,2027-06-17,1.1205479452054794,C,985.0,0.3791889668774209,2.98,3.74,2.81,0.21527884338378905,26.0,82.0,674.1500244140625
QQQ,QQQ,2027-06-17,1.1205479452054794,P,205.0,-1.1904426951562597,0.75,1.06,0.97,0.5062305236816407,82.0,666.0,674.1500244140625
QQQ,QQQ,2027-06-17,1.1205479452054794,P,210.0,-1.1663451435771992,0.58,1.6,1.28,0.5096484582519532,30.0,677.0,674.1500244140625
QQQ,QQQ,2027-06-17,1.1205479452054794,P,215.0,-1.1428146461670052,0.65,2.17,1.29,0.5190477783203125,2.0,169.0,674.1500244140625
QQQ,QQQ,2027-06-17,1.1205479452054794,P,220.0,-1.1198251279423064,0.72,2.23,1.25,0.5127001855468749,1.0,524.0,674.1500244140625
QQQ,QQQ,2027-06-17,1.1205479452054794,P,225.0,-1.0973522720902478,0.79,1.8,1.52,0.5189257092285156,1.0,49.0,674.1500244140625
QQQ,QQQ,2027-06-17,1.1205479452054794,P,230.0,-1.0753733653714728,0.9,1.87,1.37,0.512272943725586,2.0,155.0,674.1500244140625
QQQ,QQQ,2027-06-17,1.1205479452054794,P,235.0,-1.053867160150509,0.0,0.0,1.87,0.2500075,4.0,0.0,674.1500244140625
QQQ,QQQ,2027-06-17,1.1205479452054794,P,240.0,-1.0328137509526767,1.02,2.52,1.53,0.5185595019531251,1.0,277.0,674.1500244140625
QQQ,QQQ,2027-06-17,1.1205479452054794,P,245.0,-1.012194463749941,1.1,2.6,2.5,0.5117236328125,2.0,55.0,674.1500244140625
QQQ,QQQ,2027-06-17,1.1205479452054794,P,250.0,-0.9919917564324215,1.6,2.19,1.65,0.4877370562744141,8.0,5432.0,674.1500244140625
QQQ,QQQ,2027-06-17,1.1205479452054794,P,255.0,-0.9721891291362418,2.01,2.78,2.36,0.4989063781738281,2.0,169.0,674.1500244140625
QQQ,QQQ,2027-06-17,1.1205479452054794,P,260.0,-0.9527710432791402,0.54,2.29,3.04,0.4735160070800781,10.0,68.0,674.1500244140625
QQQ,QQQ,2027-06-17,1.1205479452054794,P,265.0,-0.9337228483084458,1.46,2.94,2.15,0.48566188171386715,10.0,519.0,674.1500244140625
QQQ,QQQ,2027-06-17,1.1205479452054794,P,270.0,-0.9150307152962932,1.56,2.55,3.6,0.46484910156250003,2.0,248.0,674.1500244140625
QQQ,QQQ,2027-06-17,1.1205479452054794,P,275.0,-0.8966815766280967,1.66,3.14,2.25,0.47376014526367194,1.0,506.0,674.1500244140625
QQQ,QQQ,2027-06-17,1.1205479452054794,P,280.0,-0.8786630711254184,1.77,2.75,2.99,0.45404598693847653,32.0,1018.0,674.1500244140625
QQQ,QQQ,2027-06-17,1.1205479452054794,P,285.0,-0.8609634940260175,2.14,2.49,3.02,0.43793286682128907,2.0,500.0,674.1500244140625
QQQ,QQQ,2027-06-17,1.1205479452054794,P,290.0,-0.8435717513141482,2.25,2.6,2.93,0.4332332067871094,1.0,807.0,674.1500244140625
QQQ,QQQ,2027-06-17,1.1205479452054794,P,295.0,-0.8264773179548481,2.1,3.08,2.67,0.4385432122802735,6.0,137.0,674.1500244140625
QQQ,QQQ,2027-06-17,1.1205479452054794,P,300.0,-0.809670199638467,2.49,2.85,2.53,0.4244442321777344,2.0,607.0,674.1500244140625
QQQ,QQQ,2027-06-17,1.1205479452054794,P,305.0,-0.7931408976872564,2.61,2.97,2.8,0.4198056066894531,100.0,386.0,674.1500244140625
QQQ,QQQ,2027-06-17,1.1205479452054794,P,310.0,-0.776880376815476,2.74,3.1,3.1,0.4154111193847656,4.0,777.0,674.1500244140625
QQQ,QQQ,2027-06-17,1.1205479452054794,P,315.0,-0.7608800354690349,0.0,0.0,4.77,0.12500875,1.0,0.0,674.1500244140625
QQQ,QQQ,2027-06-17,1.1205479452054794,P,320.0,-0.7451316785008958,3.02,3.38,3.47,0.4068662829589844,22.0,433.0,674.1500244140625
QQQ,QQQ,2027-06-17,1.1205479452054794,P,325.0,-0.7296274919649305,3.16,3.53,3.25,0.40274645111083984,1.0,2159.0,674.1500244140625
QQQ,QQQ,2027-06-17,1.1205479452054794,P,330.0,-0.714360019834142,3.31,3.69,7.26,0.3987486883544922,1.0,1041.0,674.1500244140625
QQQ,QQQ,2027-06-17,1.1205479452054794,P,335.0,-0.6993221424696016,3.47,3.85,3.5,0.39468989105224617,3.0,533.0,674.1500244140625
QQQ,QQQ,2027-06-17,1.1205479452054794,P,340.0,-0.6845070566844609,3.38,4.02,4.29,0.39075316284179684,20.0,1469.0,674.1500244140625
QQQ,QQQ,2027-06-17,1.1205479452054794,P,345.0,-0.6699082572633083,3.8,4.19,5.35,0.38672488281249995,4.0,674.0,674.1500244140625
QQQ,QQQ,2027-06-17,1.1205479452054794,P,350.0,-0.6555195198112085,3.73,4.69,4.13,0.3885559191894531,12.0,1023.0,674.1500244140625
QQQ,QQQ,2027-06-17,1.1205479452054794,P,355.0,-0.6413348848192522,4.16,4.55,4.76,0.3788514263916015,2.0,440.0,674.1500244140625
QQQ,QQQ,2027-06-17,1.1205479452054794,P,360.0,-0.6273486428445123,4.1,4.76,4.52,0.37534194000244137,2.0,503.0,674.1500244140625
QQQ,QQQ,2027-06-17,1.1205479452054794,P,365.0,-0.6135553207121764,4.55,4.95,5.88,0.3713746945190429,10.0,542.0,674.1500244140625
QQQ,QQQ,2027-06-17,1.1205479452054794,P,370.0,-0.5999496686563979,4.51,5.47,6.0,0.37247331634521486,9.0,343.0,674.1500244140625
QQQ,QQQ,2027-06-17,1.1205479452054794,P,375.0,-0.5865266483242573,4.97,5.38,5.99,0.36405054901123046,30.0,1201.0,674.1500244140625
QQQ,QQQ,2027-06-17,1.1205479452054794,P,380.0,-0.5732814215742364,4.95,5.91,6.16,0.3647829635620118,2.0,414.0,674.1500244140625
QQQ,QQQ,2027-06-17,1.1205479452054794,P,385.0,-0.5602093400068837,5.43,5.85,6.2,0.3569400244140625,2.0,659.0,674.1500244140625
QQQ,QQQ,2027-06-17,1.1205479452054794,P,390.0,-0.5473059351709759,5.43,6.87,6.07,0.36365382446289063,2.0,360.0,674.1500244140625
QQQ,QQQ,2027-06-17,1.1205479452054794,P,395.0,-0.5345669093935461,5.69,6.65,6.04,0.35382726257324215,2.0,786.0,674.1500244140625
QQQ,QQQ,2027-06-17,1.1205479452054794,P,400.0,-0.521988127186686,6.24,6.93,6.32,0.3504245866394042,33.0,6183.0,674.1500244140625
QQQ,QQQ,2027-06-17,1.1205479452054794,P,405.0,-0.5095656071881287,6.23,7.2,6.6,0.34680828979492184,1.0,161.0,674.1500244140625
QQQ,QQQ,2027-06-17,1.1205479452054794,P,410.0,-0.49729551459631444,6.52,7.49,6.85,0.34335983795166014,1.0,357.0,674.1500244140625
QQQ,QQQ,2027-06-17,1.1205479452054794,P,415.0,-0.4851741540639697,6.82,7.79,7.4,0.33992664474487305,1.0,184.0,674.1500244140625
QQQ,QQQ,2027-06-17,1.1205479452054794,P,420.0,-0.4731979630172539,7.13,8.11,7.4,0.33661552062988287,1.0,88.0,674.1500244140625
QQQ,QQQ,2027-06-17,1.1205479452054794,P,425.0,-0.4613635053702511,7.45,8.44,8.91,0.3333196551513672,1.0,1625.0,674.1500244140625
QQQ,QQQ,2027-06-17,1.1205479452054794,P,430.0,-0.4496674656070599,7.79,8.78,8.14,0.3300390483093261,2.0,428.0,674.1500244140625
QQQ,QQQ,2027-06-17,1.1205479452054794,P,435.0,-0.4381066432059838,8.14,9.14,8.2,0.32684999328613284,2.0,265.0,674.1500244140625
QQQ,QQQ,2027-06-17,1.1205479452054794,P,440.0,-0.42667794738236114,8.54,9.51,9.8,0.32366093826293935,79.0,1062.0,674.1500244140625
QQQ,QQQ,2027-06-17,1.1205479452054794,P,445.0,-0.4153783921284278,8.88,9.86,9.65,0.3201819691467284,9.0,615.0,674.1500244140625
QQQ,QQQ,2027-06-17,1.1205479452054794,P,450.0,-0.4042050915303025,9.43,10.8,9.61,0.32186041915893554,16.0,4818.0,674.1500244140625
QQQ,QQQ,2027-06-17,1.1205479452054794,P,455.0,-0.39315525534371754,9.84,10.71,9.9,0.31429213546752927,5.0,573.0,674.1500244140625
QQQ,QQQ,2027-06-17,1.1205479452054794,P,460.0,-0.38222618481152737,10.11,11.15,11.81,0.3113014427185058,1.0,1422.0,674.1500244140625
QQQ,QQQ,2027-06-17,1.1205479452054794,P,465.0,-0.3714152687073116,10.85,11.6,11.09,0.3082954913330078,3.0,1791.0,674.1500244140625
QQQ,QQQ,2027-06-17,1.1205479452054794,P,470.0,-0.36071997959056373,11.1,12.06,11.2,0.30524376403808595,3.0,298.0,674.1500244140625
QQQ,QQQ,2027-06-17,1.1205479452054794,P,475.0,-0.35013787026002685,11.49,13.08,12.86,0.3063576445007324,2.0,1092.0,674.1500244140625
QQQ,QQQ,2027-06-17,1.1205479452054794,P,480.0,-0.33966657039273135,11.99,13.59,12.45,0.30333643447875974,16.0,1219.0,674.1500244140625
QQQ,QQQ,2027-06-17,1.1205479452054794,P,485.0,-0.3293037833571848,12.5,14.13,12.94,0.300437293548584,1.0,1712.0,674.1500244140625
QQQ,QQQ,2027-06-17,1.1205479452054794,P,490.0,-0.3190472831899956,13.04,14.14,13.87,0.2937234934997558,1.0,336.0,674.1500244140625
QQQ,QQQ,2027-06-17,1.1205479452054794,P,495.0,-0.30889491172597766,13.6,14.7,16.0,0.29082435256958,1.0,67.0,674.1500244140625
QQQ,QQQ,2027-06-17,1.1205479452054794,P,500.0,-0.29884457587247626,14.58,15.29,14.8,0.28801676345825183,125.0,4099.0,674.1500244140625
QQQ,QQQ,2027-06-17,1.1205479452054794,P,505.0,-0.2888942450193081,14.77,16.46,17.34,0.28881021255493156,1.0,58.0,674.1500244140625
QQQ,QQQ,2027-06-17,1.1205479452054794,P,510.0,-0.2790419485762965,15.39,17.1,17.66,0.2859721061706542,2.0,343.0,674.1500244140625
QQQ,QQQ,2027-06-17,1.1205479452054794,P,515.0,-0.26928577363093187,16.05,17.77,16.4,0.28319503433227533,6.0,305.0,674.1500244140625
QQQ,QQQ,2027-06-17,1.1205479452054794,P,520.0,-0.25962386271919485,16.71,18.46,17.67,0.28041796249389644,6.0,3089.0,674.1500244140625
QQQ,QQQ,2027-06-17,1.1205479452054794,P,525.0,-0.2500544117030442,17.45,18.59,17.85,0.27426873199462887,2004.0,3171.0,674.1500244140625
QQQ,QQQ,2027-06-17,1.1205479452054794,P,530.0,-0.2405756677485005,18.13,19.94,18.6,0.27503166381835936,2.0,329.0,674.1500244140625
QQQ,QQQ,2027-06-17,1.1205479452054794,P,535.0,-0.23118592739866137,18.88,20.69,22.0,0.2722011867523193,7.0,353.0,674.1500244140625
QQQ,QQQ,2027-06-17,1.1205479452054794,P,540.0,-0.2218835347363479,19.66,20.88,19.95,0.2662426892089844,5.0,3504.0,674.1500244140625
QQQ,QQQ,2027-06-17,1.1205479452054794,P,545.0,-0.21266687963142394,19.85,21.7,23.28,0.26359531578063966,1.0,292.0,674.1500244140625
QQQ,QQQ,2027-06-17,1.1205479452054794,P,550.0,-0.20353439606815132,21.3,23.18,21.72,0.2641904026031494,75.0,10807.0,674.1500244140625
QQQ,QQQ,2027-06-17,1.1205479452054794,P,555.0,-0.19448456054823346,22.17,24.07,26.04,0.26154302917480465,1.0,278.0,674.1500244140625
QQQ,QQQ,2027-06-17,1.1205479452054794,P,560.0,-0.1855158905654731,23.12,24.35,23.31,0.2557828939056397,11.0,1272.0,674.1500244140625
QQQ,QQQ,2027-06-17,1.1205479452054794,P,565.0,-0.176626943148227,24.0,27.0,24.32,0.26131414962768557,2.0,131.0,674.1500244140625
QQQ,QQQ,2027-06-17,1.1205479452054794,P,570.0,-0.16781631346607215,24.96,25.91,25.4,0.2488936195373535,3.0,1374.0,674.1500244140625
QQQ,QQQ,2027-06-17,1.1205479452054794,P,575.0,-0.15908263349731747,25.96,28.0,26.42,0.25130448410034173,22.0,1666.0,674.1500244140625
QQQ,QQQ,2027-06-17,1.1205479452054794,P,580.0,-0.15042457075420293,27.0,30.0,27.45,0.25292952888488773,15.0,2467.0,674.1500244140625
QQQ,QQQ,2027-06-17,1.1205479452054794,P,585.0,-0.1418408270628115,28.07,31.5,28.23,0.2520445279693604,2.0,131.0,674.1500244140625
QQQ,QQQ,2027-06-17,1.1205479452054794,P,590.0,-0.13333013739490276,29.17,30.59,29.31,0.2405624040222168,1.0,5656.0,674.1500244140625
QQQ,QQQ,2027-06-17,1.1205479452054794,P,595.0,-0.12489126874903819,30.33,33.5,30.62,0.24541465042114258,3.0,710.0,674.1500244140625
QQQ,QQQ,2027-06-17,1.1205479452054794,P,600.0,-0.11652301907852163,31.86,32.49,31.59,0.23353580192565918,30.0,3747.0,674.1500244140625
QQQ,QQQ,2027-06-17,1.1205479452054794,P,605.0,-0.10822421626382646,32.74,36.0,32.84,0.24031063652038573,15.0,2028.0,674.1500244140625
QQQ,QQQ,2027-06-17,1.1205479452054794,P,610.0,-0.09999371712731103,34.36,35.01,34.13,0.22849282257080078,1.0,1426.0,674.1500244140625
QQQ,QQQ,2027-06-17,1.1205479452054794,P,615.0,-0.09183040648815013,35.33,36.0,35.6,0.2246476461791992,6.0,1657.0,674.1500244140625
QQQ,QQQ,2027-06-17,1.1205479452054794,P,620.0,-0.08373319625553069,37.04,37.71,36.79,0.22348036048889156,63.0,1316.0,674.1500244140625
QQQ,QQQ,2027-06-17,1.1205479452054794,P,625.0,-0.07570102455826647,38.09,39.65,38.4,0.2229920841217041,6.0,2552.0,674.1500244140625
QQQ,QQQ,2027-06-17,1.1205479452054794,P,630.0,-0.06773285490908965,39.55,41.12,39.68,0.22046677978515622,11.0,630.0,674.1500244140625
QQQ,QQQ,2027-06-17,1.1205479452054794,P,635.0,-0.05982767540197629,41.05,44.5,41.19,0.22493756027221679,7.0,659.0,674.1500244140625
QQQ,QQQ,2027-06-17,1.1205479452054794,P,640.0,-0.05198449794095043,42.61,45.04,42.94,0.21852130363464353,19.0,2575.0,674.1500244140625
QQQ,QQQ,2027-06-17,1.1205479452054794,P,645.0,-0.04420235749889553,44.28,46.68,44.87,0.2160341458892822,75.0,566.0,674.1500244140625
QQQ,QQQ,2027-06-17,1.1205479452054794,P,650.0,-0.03648031140498515,46.27,48.38,46.12,0.21357750541687012,21.0,5934.0,674.1500244140625
QQQ,QQQ,2027-06-17,1.1205479452054794,P,655.0,-0.028817438659416064,47.61,50.13,48.26,0.21109797698974608,6.0,1006.0,674.1500244140625
QQQ,QQQ,2027-06-17,1.1205479452054794,P,660.0,-0.02121283927419668,49.5,51.95,49.7,0.20866422447204583,13.0,1809.0,674.1500244140625
QQQ,QQQ,2027-06-17,1.1205479452054794,P,665.0,-0.013665633638813809,51.17,52.99,51.31,0.20325503784179685,2.0,93.0,674.1500244140625
QQQ,QQQ,2027-06-17,1.1205479452054794,P,670.0,-0.006174961909656245,53.33,55.85,54.09,0.2040942628479004,101.0,159.0,674.1500244140625
QQQ,QQQ,2027-06-17,1.1205479452054794,P,675.0,0.0012600165778617956,55.04,57.85,55.75,0.2016605103302002,4.0,2084.0,674.1500244140625
QQQ,QQQ,2027-06-17,1.1205479452054794,P,680.0,0.008640123875484428,57.07,59.92,61.85,0.1992496457672119,34.0,179.0,674.1500244140625
QQQ,QQQ,2027-06-17,1.1205479452054794,P,685.0,0.015966163967557404,59.15,62.06,59.85,0.19685403984069824,1.0,294.0,674.1500244140625
QQQ,QQQ,2027-06-17,1.1205479452054794,P,690.0,0.023238923296637033,61.32,63.27,61.7,0.19096420616149903,2.0,313.0,674.1500244140625
QQQ,QQQ,2027-06-17,1.1205479452054794,P,695.0,0.03045917127012417,63.55,65.54,72.82,0.18853808296203614,1.0,499.0,674.1500244140625
QQQ,QQQ,2027-06-17,1.1205479452054794,P,700.0,0.03762766074873678,65.85,68.89,66.4,0.18966340740203858,4.0,397.0,674.1500244140625
QQQ,QQQ,2027-06-17,1.1205479452054794,P,705.0,0.04474512851760062,68.22,71.3,68.22,0.18723346954345704,1.0,203.0,674.1500244140625
QQQ,QQQ,2027-06-17,1.1205479452054794,P,710.0,0.05181229574069314,70.66,73.8,71.22,0.18486075157165524,1.0,214.0,674.1500244140625
QQQ,QQQ,2027-06-17,1.1205479452054794,P,715.0,0.058829868399339756,73.2,76.37,73.59,0.18247277496337888,2.0,123.0,674.1500244140625
QQQ,QQQ,2027-06-17,1.1205479452054794,P,720.0,0.06579853771543295,75.83,78.96,76.38,0.179871177444458,1.0,7.0,674.1500244140625
QQQ,QQQ,2027-06-17,1.1205479452054794,P,725.0,0.07271898056000681,77.0,82.0,79.25,0.17862759857177735,3.0,93.0,674.1500244140625
QQQ,QQQ,2027-06-17,1.1205479452054794,P,730.0,0.07959185984776891,81.26,84.4,81.25,0.17474427558898928,7.0,589.0,674.1500244140625
QQQ,QQQ,2027-06-17,1.1205479452054794,P,735.0,0.08641782491816863,82.5,87.5,84.51,0.17314211875915528,2.0,0.0,674.1500244140625
QQQ,QQQ,2027-06-17,1.1205479452054794,P,740.0,0.09319751190354746,85.5,90.5,96.52,0.17086858192443852,446.0,224.0,674.1500244140625
QQQ,QQQ,2027-06-17,1.1205479452054794,P,745.0,0.0999315440848916,90.06,93.31,98.05,0.16753456985473636,9.0,8.0,674.1500244140625
QQQ,QQQ,2027-06-17,1.1205479452054794,P,750.0,0.10662053223568807,92.12,96.5,103.0,0.1653296968841553,114.0,57.0,674.1500244140625
QQQ,QQQ,2027-06-17,1.1205479452054794,P,755.0,0.11326507495435671,95.0,100.0,96.13,0.16405560073852543,2.0,0.0,674.1500244140625
QQQ,QQQ,2027-06-17,1.1205479452054794,P,760.0,0.11986575898570884,99.57,103.0,101.84,0.16036301071166992,1.0,78.0,674.1500244140625
QQQ,QQQ,2027-06-17,1.1205479452054794,P,765.0,0.12642315953186778,101.77,106.5,103.96,0.1583946466064453,2.0,3.0,674.1500244140625
QQQ,QQQ,2027-06-17,1.1205479452054794,P,770.0,0.13293784055306154,106.42,110.0,107.0,0.1560600752258301,1.0,1.0,674.1500244140625
QQQ,QQQ,2027-06-17,1.1205479452054794,P,775.0,0.13941035505867908,108.73,112.45,111.53,0.1482781706237793,1.0,0.0,674.1500244140625
QQQ,QQQ,2027-06-17,1.1205479452054794,P,780.0,0.14584124538896936,112.0,117.0,125.0,0.15009394836425782,1.0,2.0,674.1500244140625
QQQ,QQQ,2027-06-17,1.1205479452054794,P,785.0,0.15223104348774044,116.08,121.0,122.68,0.1489419213104248,2.0,1.0,674.1500244140625
QQQ,QQQ,2027-06-17,1.1205479452054794,P,790.0,0.15858027116639925,174.5,179.5,166.97,0.365317015838623,,0.0,674.1500244140625
QQQ,QQQ,2027-06-17,1.1205479452054794,P,795.0,0.16488944035966402,123.5,128.01,128.13,0.13976385147094728,1.0,1.0,674.1500244140625
QQQ,QQQ,2027-06-17,1.1205479452054794,P,800.0,0.1711590533732593,129.13,133.0,129.0,0.14321230331420898,4.0,1.0,674.1500244140625
QQQ,QQQ,2027-06-17,1.1205479452054794,P,805.0,0.17738960312389543,132.0,135.89,132.77,0.13280591323852542,1.0,0.0,674.1500244140625
QQQ,QQQ,2027-06-17,1.1205479452054794,P,845.0,0.22588395306250583,169.0,173.5,180.91,0.13628488235473635,,0.0,674.1500244140625
QQQ,QQQ,2027-06-17,1.1205479452054794,P,850.0,0.23178367518969417,238.5,243.0,218.4,0.43240161109924313,5.0,0.0,674.1500244140625
QQQ,QQQ,2027-06-17,1.1205479452054794,P,890.0,0.2777687884315175,238.5,243.5,281.7,0.3085930347442627,,0.0,674.1500244140625
QQQ,QQQ,2027-06-17,1.1205479452054794,P,915.0,0.3054713909808534,263.5,268.5,306.67,0.32541568145751953,,0.0,674.1500244140625
QQQ,QQQ,2028-12-15,2.6191780821917807,C,285.0,-0.8609634940260175,416.0,420.0,409.5,0.5257615783691407,3.0,4.0,674.1500244140625
QQQ,QQQ,2028-12-15,2.6191780821917807,C,290.0,-0.8435717513141482,411.5,416.0,384.55,0.5215959706115723,1.0,5.0,674.1500244140625
QQQ,QQQ,2028-12-15,2.6191780821917807,C,300.0,-0.809670199638467,403.0,407.5,394.0,0.5132494964599608,4.0,205.0,674.1500244140625
QQQ,QQQ,2028-12-15,2.6191780821917807,C,305.0,-0.7931408976872564,399.0,403.5,367.25,0.5105487178039552,2.0,3.0,674.1500244140625
QQQ,QQQ,2028-12-15,2.6191780821917807,C,315.0,-0.7608800354690349,390.5,395.0,373.68,0.5021412091064454,,2.0,674.1500244140625
QQQ,QQQ,2028-12-15,2.6191780821917807,C,320.0,-0.7451316785008958,386.5,391.0,327.0,0.5116625982666017,1.0,14.0,674.1500244140625
QQQ,QQQ,2028-12-15,2.6191780821917807,C,325.0,-0.7296274919649305,382.5,387.0,373.75,0.5085345777893067,1.0,1.0,674.1500244140625
QQQ,QQQ,2028-12-15,2.6191780821917807,C,330.0,-0.714360019834142,378.0,383.0,314.77,0.5053760400390624,1.0,1.0,674.1500244140625
QQQ,QQQ,2028-12-15,2.6191780821917807,C,340.0,-0.6845070566844609,370.0,374.5,375.7,0.49644973770141604,1.0,3.0,674.1500244140625
QQQ,QQQ,2028-12-15,2.6191780821917807,C,345.0,-0.6699082572633083,366.0,370.5,371.5,0.4932377947235108,1.0,3.0,674.1500244140625
QQQ,QQQ,2028-12-15,2.6191780821917807,C,350.0,-0.6555195198112085,361.5,366.5,357.0,0.4900029637908936,1.0,16.0,674.1500244140625
QQQ,QQQ,2028-12-15,2.6191780821917807,C,355.0,-0.6413348848192522,357.5,362.5,353.62,0.48674524490356447,3.0,4.0,674.1500244140625
QQQ,QQQ,2028-12-15,2.6191780821917807,C,360.0,-0.6273486428445123,353.5,358.5,349.47,0.4834493794250489,3.0,2.0,674.1500244140625
QQQ,QQQ,2028-12-15,2.6191780821917807,C,365.0,-0.6135553207121764,349.5,354.5,335.35,0.4801382553100586,1.0,1.0,674.1500244140625
QQQ,QQQ,2028-12-15,2.6191780821917807,C,370.0,-0.5999496686563979,345.5,350.5,251.75,0.47681187255859375,2.0,2.0,674.1500244140625
QQQ,QQQ,2028-12-15,2.6191780821917807,C,385.0,-0.5602093400068837,333.0,338.0,339.0,0.4645439288330079,1.0,2.0,674.1500244140625
QQQ,QQQ,2028-12-15,2.6191780821917807,C,390.0,-0.5473059351709759,329.0,334.0,334.93,0.4611641408538819,1.0,10.0,674.1500244140625
QQQ,QQQ,2028-12-15,2.6191780821917807,C,395.0,-0.5345669093935461,325.0,330.0,317.0,0.45777672355651866,6.0,7.0,674.1500244140625
QQQ,QQQ,2028-12-15,2.6191780821917807,C,400.0,-0.521988127186686,321.0,326.0,323.0,0.45436641830444335,14.0,59.0,674.1500244140625
QQQ,QQQ,2028-12-15,2.6191780821917807,C,405.0,-0.5095656071881287,317.0,322.0,311.0,0.4509484837341309,1.0,1.0,674.1500244140625
QQQ,QQQ,2028-12-15,2.6191780821917807,C,410.0,-0.49729551459631444,313.5,318.5,299.45,0.4494989132690429,4.0,3.0,674.1500244140625
QQQ,QQQ,2028-12-15,2.6191780821917807,C,420.0,-0.4731979630172539,305.5,310.5,294.53,0.4425180870819092,1.0,27.0,674.1500244140625
QQQ,QQQ,2028-12-15,2.6191780821917807,C,430.0,-0.4496674656070599,297.5,302.5,237.15,0.4354991143035889,,1.0,674.1500244140625
QQQ,QQQ,2028-12-15,2.6191780821917807,C,435.0,-0.4381066432059838,293.5,298.5,282.39,0.43196673995971685,1.0,6.0,674.1500244140625
QQQ,QQQ,2028-12-15,2.6191780821917807,C,440.0,-0.42667794738236114,290.0,295.0,279.48,0.4302501433563233,1.0,2.0,674.1500244140625
QQQ,QQQ,2028-12-15,2.6191780821917807,C,445.0,-0.4153783921284278,286.0,291.0,284.5,0.42667962242126467,1.0,7.0,674.1500244140625
QQQ,QQQ,2028-12-15,2.6191780821917807,C,450.0,-0.4042050915303025,282.0,287.0,282.5,0.4230938428497314,1.0,7.0,674.1500244140625
QQQ,QQQ,2028-12-15,2.6191780821917807,C,455.0,-0.39315525534371754,278.0,283.0,191.79,0.41950043395996095,,2.0,674.1500244140625
QQQ,QQQ,2028-12-15,2.6191780821917807,C,460.0,-0.38222618481152737,274.5,279.5,248.74,0.41762362167358397,1.0,7.0,674.1500244140625
QQQ,QQQ,2028-12-15,2.6191780821917807,C,465.0,-0.3714152687073116,270.5,275.5,248.54,0.41398443687438957,4.0,3.0,674.1500244140625
QQQ,QQQ,2028-12-15,2.6191780821917807,C,470.0,-0.36071997959056373,267.0,272.0,256.5,0.41202370208740235,1.0,3.0,674.1500244140625
QQQ,QQQ,2028-12-15,2.6191780821917807,C,475.0,-0.35013787026002685,263.0,268.0,254.5,0.4083540000152588,4.0,129.0,674.1500244140625
QQQ,QQQ,2028-12-15,2.6191780821917807,C,480.0,-0.33966657039273135,259.5,264.5,235.0,0.40630934272766117,1.0,17.0,674.1500244140625
QQQ,QQQ,2028-12-15,2.6191780821917807,C,485.0,-0.3293037833571848,255.5,260.5,257.0,0.4026014940643311,1.0,3.0,674.1500244140625
QQQ,QQQ,2028-12-15,2.6191780821917807,C,490.0,-0.3190472831899956,252.0,257.0,240.25,0.40048817291259764,7.0,12.0,674.1500244140625
QQQ,QQQ,2028-12-15,2.6191780821917807,C,495.0,-0.30889491172597766,248.0,253.0,218.1,0.39674217765808106,,20.0,674.1500244140625
QQQ,QQQ,2028-12-15,2.6191780821917807,C,500.0,-0.29884457587247626,244.5,249.5,245.25,0.39455256332397465,10.0,157.0,674.1500244140625
QQQ,QQQ,2028-12-15,2.6191780821917807,C,505.0,-0.2888942450193081,241.0,246.0,211.55,0.3923248023986816,10.0,15.0,674.1500244140625
QQQ,QQQ,2028-12-15,2.6191780821917807,C,510.0,-0.2790419485762965,237.0,242.0,207.55,0.38852540191650387,20.0,31.0,674.1500244140625
QQQ,QQQ,2028-12-15,2.6191780821917807,C,515.0,-0.26928577363093187,233.5,238.5,226.98,0.38622516246795646,1.0,555.0,674.1500244140625
QQQ,QQQ,2028-12-15,2.6191780821917807,C,520.0,-0.25962386271919485,230.0,235.0,223.55,0.38388677642822266,1.0,63.0,674.1500244140625
QQQ,QQQ,2028-12-15,2.6191780821917807,C,525.0,-0.2500544117030442,226.5,231.5,216.5,0.3815102437973022,2.0,19.0,674.1500244140625
QQQ,QQQ,2028-12-15,2.6191780821917807,C,530.0,-0.2405756677485005,223.0,228.0,217.0,0.37909556457519533,3.0,365.0,674.1500244140625
QQQ,QQQ,2028-12-15,2.6191780821917807,C,535.0,-0.23118592739866137,219.5,224.5,213.0,0.37663892410278316,1.0,4.0,674.1500244140625
QQQ,QQQ,2028-12-15,2.6191780821917807,C,540.0,-0.2218835347363479,216.0,221.0,218.92,0.3741479516983032,4.0,31.0,674.1500244140625
QQQ,QQQ,2028-12-15,2.6191780821917807,C,545.0,-0.21266687963142394,212.5,217.5,214.15,0.37161883270263674,1.0,20.0,674.1500244140625
QQQ,QQQ,2028-12-15,2.6191780821917807,C,550.0,-0.20353439606815132,209.0,214.0,211.0,0.3690553817749024,3.0,63.0,674.1500244140625
QQQ,QQQ,2028-12-15,2.6191780821917807,C,555.0,-0.19448456054823346,205.5,210.5,196.97,0.3664537842559814,2.0,13.0,674.1500244140625
QQQ,QQQ,2028-12-15,2.6191780821917807,C,560.0,-0.1855158905654731,202.0,207.0,205.5,0.36381785480499274,28.0,47.0,674.1500244140625
QQQ,QQQ,2028-12-15,2.6191780821917807,C,565.0,-0.176626943148227,198.5,203.5,203.54,0.361147593421936,2.0,130.0,674.1500244140625
QQQ,QQQ,2028-12-15,2.6191780821917807,C,570.0,-0.16781631346607215,195.0,200.0,189.4,0.3584430001068115,1.0,187.0,674.1500244140625
QQQ,QQQ,2028-12-15,2.6191780821917807,C,575.0,-0.15908263349731747,192.0,197.0,194.43,0.3570506495285034,4.0,413.0,674.1500244140625
QQQ,QQQ,2028-12-15,2.6191780821917807,C,580.0,-0.15042457075420293,188.5,193.5,181.6,0.35426976303100577,2.0,136.0,674.1500244140625
QQQ,QQQ,2028-12-15,2.6191780821917807,C,585.0,-0.1418408270628115,185.0,190.0,163.62,0.3514507299423217,28.0,205.0,674.1500244140625
QQQ,QQQ,2028-12-15,2.6191780821917807,C,590.0,-0.13333013739490276,182.0,187.0,185.0,0.3499134223175049,1.0,189.0,674.1500244140625
QQQ,QQQ,2028-12-15,2.6191780821917807,C,595.0,-0.12489126874903819,178.5,183.5,174.6,0.3470180960464477,5.0,99.0,674.1500244140625
QQQ,QQQ,2028-12-15,2.6191780821917807,C,600.0,-0.11652301907852163,175.5,180.5,178.1,0.3453854219436645,13.0,176.0,674.1500244140625
QQQ,QQQ,2028-12-15,2.6191780821917807,C,605.0,-0.10822421626382646,172.5,177.5,163.0,0.34369934261322016,4.0,60.0,674.1500244140625
QQQ,QQQ,2028-12-15,2.6191780821917807,C,610.0,-0.09999371712731103,169.0,174.0,158.05,0.34068576190948485,1.0,28.0,674.1500244140625
QQQ,QQQ,2028-12-15,2.6191780821917807,C,615.0,-0.09183040648815013,166.0,171.0,168.53,0.3389081307601928,1.0,294.0,674.1500244140625
QQQ,QQQ,2028-12-15,2.6191780821917807,C,620.0,-0.08373319625553069,163.0,168.0,167.96,0.3370770943832398,2.0,150.0,674.1500244140625
QQQ,QQQ,2028-12-15,2.6191780821917807,C,625.0,-0.07570102455826647,160.0,165.0,163.59,0.3351964674377441,2.0,488.0,674.1500244140625
QQQ,QQQ,2028-12-15,2.6191780821917807,C,630.0,-0.06773285490908965,157.0,162.0,145.0,0.33327006458282477,1.0,48.0,674.1500244140625
QQQ,QQQ,2028-12-15,2.6191780821917807,C,635.0,-0.05982767540197629,154.0,159.0,152.5,0.33129407115936277,1.0,29.0,674.1500244140625
QQQ,QQQ,2028-12-15,2.6191780821917807,C,640.0,-0.05198449794095043,151.0,156.0,151.9,0.32926848716735835,2.0,22.0,674.1500244140625
QQQ,QQQ,2028-12-15,2.6191780821917807,C,645.0,-0.04420235749889553,148.0,153.0,147.0,0.3271933126068115,1.0,25.0,674.1500244140625
QQQ,QQQ,2028-12-15,2.6191780821917807,C,650.0,-0.03648031140498515,145.0,150.0,147.13,0.32507236213684076,15.0,65.0,674.1500244140625
QQQ,QQQ,2028-12-15,2.6191780821917807,C,655.0,-0.028817438659416064,142.0,147.0,138.0,0.32290563575744624,18.0,41.0,674.1500244140625
QQQ,QQQ,2028-12-15,2.6191780821917807,C,660.0,-0.02121283927419668,139.0,144.0,139.6,0.3206893188095092,9.0,180.0,674.1500244140625
QQQ,QQQ,2028-12-15,2.6191780821917807,C,665.0,-0.013665633638813809,136.5,141.5,137.0,0.3196212142562865,2.0,14.0,674.1500244140625
QQQ,QQQ,2028-12-15,2.6191780821917807,C,670.0,-0.006174961909656245,133.5,138.5,138.0,0.3173057161712646,11.0,14.0,674.1500244140625
QQQ,QQQ,2028-12-15,2.6191780821917807,C,675.0,0.0012600165778617956,130.5,135.0,133.49,0.3137580831909179,3.0,7.0,674.1500244140625
QQQ,QQQ,2028-12-15,2.6191780821917807,C,680.0,0.008640123875484428,128.0,133.0,131.0,0.3137084926223755,2.0,42.0,674.1500244140625
QQQ,QQQ,2028-12-15,2.6191780821917807,C,685.0,0.015966163967557404,125.0,130.0,119.57,0.31124422283172604,1.0,7.0,674.1500244140625
QQQ,QQQ,2028-12-15,2.6191780821917807,C,690.0,0.023238923296637033,122.5,127.5,125.0,0.3099052774810791,2.0,46.0,674.1500244140625
QQQ,QQQ,2028-12-15,2.6191780821917807,C,695.0,0.03045917127012417,120.0,125.0,108.07,0.3085091122436523,5.0,11.0,674.1500244140625
QQQ,QQQ,2028-12-15,2.6191780821917807,C,700.0,0.03762766074873678,117.5,122.5,120.5,0.30705572711944573,68.0,1856.0,674.1500244140625
QQQ,QQQ,2028-12-15,2.6191780821917807,C,705.0,0.04474512851760062,114.5,119.5,88.53,0.30438928039550783,2.0,4.0,674.1500244140625
QQQ,QQQ,2028-12-15,2.6191780821917807,C,710.0,0.05181229574069314,112.0,117.0,104.36,0.30282527015686034,4.0,29.0,674.1500244140625
QQQ,QQQ,2028-12-15,2.6191780821917807,C,715.0,0.058829868399339756,109.5,114.5,102.49,0.3012116693496704,1.0,8.0,674.1500244140625
QQQ,QQQ,2028-12-15,2.6191780821917807,C,720.0,0.06579853771543295,107.0,112.0,109.5,0.2995408486557007,8.0,20.0,674.1500244140625
QQQ,QQQ,2028-12-15,2.6191780821917807,C,725.0,0.07271898056000681,104.5,109.5,105.25,0.2978128080749511,1.0,53.0,674.1500244140625
QQQ,QQQ,2028-12-15,2.6191780821917807,C,730.0,0.07959185984776891,102.0,107.0,104.19,0.29603136226654053,3.0,1810.0,674.1500244140625
QQQ,QQQ,2028-12-15,2.6191780821917807,C,735.0,0.08641782491816863,100.0,105.0,53.14,0.2953409089660644,2.0,3.0,674.1500244140625
QQQ,QQQ,2028-12-15,2.6191780821917807,C,740.0,0.09319751190354746,97.5,102.5,89.5,0.2934412087249755,2.0,7.0,674.1500244140625
QQQ,QQQ,2028-12-15,2.6191780821917807,C,750.0,0.10662053223568807,93.0,98.0,90.41,0.29062599029541014,1.0,61.0,674.1500244140625
QQQ,QQQ,2028-12-15,2.6191780821917807,C,755.0,0.11326507495435671,90.5,95.5,75.09,0.28855844505310047,1.0,3.0,674.1500244140625
QQQ,QQQ,2028-12-15,2.6191780821917807,C,760.0,0.11986575898570884,88.5,93.5,83.5,0.2875780776596068,1.0,20.0,674.1500244140625
QQQ,QQQ,2028-12-15,2.6191780821917807,C,765.0,0.12642315953186778,86.0,91.0,71.03,0.2853922779846191,2.0,41.0,674.1500244140625
QQQ,QQQ,2028-12-15,2.6191780821917807,C,770.0,0.13293784055306154,84.0,89.0,80.0,0.2842936561584472,6.0,24.0,674.1500244140625
QQQ,QQQ,2028-12-15,2.6191780821917807,C,775.0,0.13941035505867908,82.0,87.0,73.5,0.28314162910461427,9.0,17.0,674.1500244140625
QQQ,QQQ,2028-12-15,2.6191780821917807,C,780.0,0.14584124538896936,79.5,84.5,81.68,0.2807765404510497,20.0,257.0,674.1500244140625
QQQ,QQQ,2028-12-15,2.6191780821917807,C,785.0,0.15223104348774044,77.5,82.5,72.21,0.2795024443054199,1.0,8.0,674.1500244140625
QQQ,QQQ,2028-12-15,2.6191780821917807,C,790.0,0.15858027116639925,75.5,80.5,70.16,0.2781673136138916,6.0,42.0,674.1500244140625
QQQ,QQQ,2028-12-15,2.6191780821917807,C,795.0,0.16488944035966402,73.5,78.5,70.48,0.27677114837646477,3.0,7.0,674.1500244140625
QQQ,QQQ,2028-12-15,2.6191780821917807,C,800.0,0.1711590533732593,72.0,76.5,74.65,0.2753177632522583,35.0,923.0,674.1500244140625
QQQ,QQQ,2028-12-15,2.6191780821917807,C,805.0,0.17738960312389543,69.5,74.5,72.4,0.2737995289230346,3.0,3.0,674.1500244140625
QQQ,QQQ,2028-12-15,2.6191780821917807,C,810.0,0.18358157337181658,68.0,71.33,69.81,0.2694813348007202,2.0,1.0,674.1500244140625
QQQ,QQQ,2028-12-15,2.6191780821917807,C,815.0,0.1897354389461947,66.0,71.0,49.24,0.27175105697631835,,2.0,674.1500244140625
QQQ,QQQ,2028-12-15,2.6191780821917807,C,820.0,0.19585166596363085,64.0,67.61,66.53,0.26677292682647713,50.0,1.0,674.1500244140625
QQQ,QQQ,2028-12-15,2.6191780821917807,C,825.0,0.2019307120400131,62.0,67.0,57.3,0.2682835318374634,1.0,2.0,674.1500244140625
QQQ,QQQ,2028-12-15,2.6191780821917807,C,830.0,0.2079730264959756,60.5,64.03,63.76,0.2641408120346069,3.0,9.0,674.1500244140625
QQQ,QQQ,2028-12-15,2.6191780821917807,C,835.0,0.21397905055618754,58.5,63.5,33.5,0.2657391542053223,,17.0,674.1500244140625
QQQ,QQQ,2028-12-15,2.6191780821917807,C,840.0,0.2199492175426914,57.0,60.58,60.34,0.2615659171295166,2.0,5.0,674.1500244140625
QQQ,QQQ,2028-12-15,2.6191780821917807,C,845.0,0.22588395306250583,55.5,60.5,47.37,0.26415225601196285,1.0,2.0,674.1500244140625
QQQ,QQQ,2028-12-15,2.6191780821917807,C,850.0,0.23178367518969417,55.0,57.27,56.0,0.259071130065918,3.0,1591.0,674.1500244140625
QQQ,QQQ,2028-12-15,2.6191780821917807,C,855.0,0.23764879464209232,52.0,57.0,27.23,0.2611081580352783,,1.0,674.1500244140625
QQQ,QQQ,2028-12-15,2.6191780821917807,C,860.0,0.2434797149528854,52.03,55.5,52.21,0.2601010880279542,10.0,0.0,674.1500244140625
QQQ,QQQ,2028-12-15,2.6191780821917807,C,865.0,0.24927683263721137,49.0,54.0,19.39,0.25903298347473147,10.0,10.0,674.1500244140625
QQQ,QQQ,2028-12-15,2.6191780821917807,C,870.0,0.2550405373539615,49.02,52.5,50.4,0.25790002971649173,18.0,140.0,674.1500244140625
QQQ,QQQ,2028-12-15,2.6191780821917807,C,875.0,0.2607712120629464,46.0,51.0,39.52,0.2567060414123535,1.0,32.0,674.1500244140625
QQQ,QQQ,2028-12-15,2.6191780821917807,C,880.0,0.2664692331775842,46.42,49.5,44.31,0.2554472039031983,7.0,25.0,674.1500244140625
QQQ,QQQ,2028-12-15,2.6191780821917807,C,885.0,0.2721349707132616,43.0,48.0,34.05,0.25411970252990734,,4.0,674.1500244140625
QQQ,QQQ,2028-12-15,2.6191780821917807,C,890.0,0.2777687884315175,43.41,47.0,44.6,0.25400907741546636,5.0,6.0,674.1500244140625
QQQ,QQQ,2028-12-15,2.6191780821917807,C,900.0,0.28894208902964286,40.81,42.74,41.65,0.24773777782440182,21.0,1808.0,674.1500244140625
QQQ,QQQ,2028-12-15,2.6191780821917807,C,905.0,0.29448226940525807,38.0,43.0,32.0,0.2507551731872558,,3.0,674.1500244140625
QQQ,QQQ,2028-12-15,2.6191780821917807,C,910.0,0.29999192521622775,36.5,41.5,39.25,0.24909961112976073,1.0,3.0,674.1500244140625
QQQ,QQQ,2028-12-15,2.6191780821917807,C,915.0,0.3054713909808534,35.5,40.5,33.7,0.2487105158996582,1.0,41.0,674.1500244140625
QQQ,QQQ,2028-12-15,2.6191780821917807,C,920.0,0.31092099574841797,36.0,39.5,36.68,0.2482642007827759,9.0,0.0,674.1500244140625
QQQ,QQQ,2028-12-15,2.6191780821917807,C,925.0,0.31634106321775723,33.0,38.0,26.72,0.24640264713287358,1.0,1.0,674.1500244140625
QQQ,QQQ,2028-12-15,2.6191780821917807,C,935.0,0.32709385499401894,31.0,36.0,28.55,0.24521628814697266,,1.0,674.1500244140625
QQQ,QQQ,2028-12-15,2.6191780821917807,C,940.0,0.3324272009693816,31.69,35.0,33.07,0.2445410934829712,2.0,6.0,674.1500244140625
QQQ,QQQ,2028-12-15,2.6191780821917807,C,945.0,0.3377322531990748,29.0,34.0,30.25,0.24380867893218994,,1.0,674.1500244140625
QQQ,QQQ,2028-12-15,2.6191780821917807,C,950.0,0.3430093102999185,29.71,33.0,30.8,0.24301522983551027,1.0,684.0,674.1500244140625
QQQ,QQQ,2028-12-15,2.6191780821917807,C,960.0,0.353480610167214,27.84,31.5,25.0,0.242721501083374,1.0,39.0,674.1500244140625
QQQ,QQQ,2028-12-15,2.6191780821917807,C,970.0,0.3638433972027605,24.5,29.5,24.37,0.2407378783416748,,17.0,674.1500244140625
QQQ,QQQ,2028-12-15,2.6191780821917807,C,975.0,0.36898479670317924,23.5,28.5,22.75,0.23964688583374016,7.0,36.0,674.1500244140625
QQQ,QQQ,2028-12-15,2.6191780821917807,C,980.0,0.3740998973699497,23.0,28.0,25.75,0.24002835174560544,17.0,164.0,674.1500244140625
QQQ,QQQ,2028-12-15,2.6191780821917807,C,985.0,0.3791889668774209,24.29,25.1,24.31,0.23281483135223385,23.0,107.0,674.1500244140625
QQQ,QQQ,2028-12-15,2.6191780821917807,P,285.0,-0.8609634940260175,4.0,8.5,6.57,0.3689638299560547,2.0,47.0,674.1500244140625
QQQ,QQQ,2028-12-15,2.6191780821917807,P,290.0,-0.8435717513141482,4.5,9.0,7.12,0.36749900085449216,5.0,35.0,674.1500244140625
QQQ,QQQ,2028-12-15,2.6191780821917807,P,295.0,-0.8264773179548481,4.5,9.5,8.61,0.3658510681152344,1.0,30.0,674.1500244140625
QQQ,QQQ,2028-12-15,2.6191780821917807,P,300.0,-0.809670199638467,5.0,9.35,7.34,0.35796235305786134,5.0,55.0,674.1500244140625
QQQ,QQQ,2028-12-15,2.6191780821917807,P,305.0,-0.7931408976872564,5.5,8.36,7.85,0.3421086297607422,,1.0,674.1500244140625
QQQ,QQQ,2028-12-15,2.6191780821917807,P,315.0,-0.7608800354690349,6.0,10.5,14.51,0.3494632925415039,,20.0,674.1500244140625
QQQ,QQQ,2028-12-15,2.6191780821917807,P,320.0,-0.7451316785008958,8.19,11.0,12.27,0.34751018707275383,2.0,4.0,674.1500244140625
QQQ,QQQ,2028-12-15,2.6191780821917807,P,330.0,-0.714360019834142,7.0,12.0,15.65,0.34326828613281246,,1.0,674.1500244140625
QQQ,QQQ,2028-12-15,2.6191780821917807,P,335.0,-0.6993221424696016,7.5,12.5,14.71,0.34099474929809576,,1.0,674.1500244140625
QQQ,QQQ,2028-12-15,2.6191780821917807,P,340.0,-0.6845070566844609,8.0,13.0,10.5,0.3386601779174804,1.0,3.0,674.1500244140625
QQQ,QQQ,2028-12-15,2.6191780821917807,P,345.0,-0.6699082572633083,8.0,13.0,12.2,0.33267879241943366,1.0,1.0,674.1500244140625
QQQ,QQQ,2028-12-15,2.6191780821917807,P,350.0,-0.6555195198112085,8.5,13.5,11.0,0.33029844512939455,63.0,765.0,674.1500244140625
QQQ,QQQ,2028-12-15,2.6191780821917807,P,355.0,-0.6413348848192522,9.0,14.0,11.37,0.32784180465698237,2.0,2.0,674.1500244140625
QQQ,QQQ,2028-12-15,2.6191780821917807,P,360.0,-0.6273486428445123,9.5,14.5,16.74,0.32533938827514647,4.0,19.0,674.1500244140625
QQQ,QQQ,2028-12-15,2.6191780821917807,P,370.0,-0.5999496686563979,10.5,15.5,17.46,0.3201514518737792,,17.0,674.1500244140625
QQQ,QQQ,2028-12-15,2.6191780821917807,P,375.0,-0.5865266483242573,11.0,16.0,13.8,0.31748119049072265,4.0,2.0,674.1500244140625
QQQ,QQQ,2028-12-15,2.6191780821917807,P,380.0,-0.5732814215742364,11.5,16.5,14.36,0.31476515319824216,2.0,5.0,674.1500244140625
QQQ,QQQ,2028-12-15,2.6191780821917807,P,385.0,-0.5602093400068837,12.0,17.0,15.08,0.31200333999633784,,1.0,674.1500244140625
QQQ,QQQ,2028-12-15,2.6191780821917807,P,390.0,-0.5473059351709759,12.5,17.5,17.86,0.3092033802032471,1.0,3.0,674.1500244140625
QQQ,QQQ,2028-12-15,2.6191780821917807,P,400.0,-0.521988127186686,13.5,18.5,15.62,0.3034890208435058,71.0,1046.0,674.1500244140625
QQQ,QQQ,2028-12-15,2.6191780821917807,P,405.0,-0.5095656071881287,14.0,19.0,26.86,0.3005822505950927,,1.0,674.1500244140625
QQQ,QQQ,2028-12-15,2.6191780821917807,P,410.0,-0.49729551459631444,14.5,19.5,18.42,0.29764496307373034,2.0,5.0,674.1500244140625
QQQ,QQQ,2028-12-15,2.6191780821917807,P,420.0,-0.4731979630172539,15.5,20.5,19.29,0.2916788362121581,2.0,4.0,674.1500244140625
QQQ,QQQ,2028-12-15,2.6191780821917807,P,425.0,-0.4613635053702511,16.5,21.5,30.91,0.2910684907531737,,5.0,674.1500244140625
QQQ,QQQ,2028-12-15,2.6191780821917807,P,430.0,-0.4496674656070599,17.0,22.0,20.77,0.287970987548828,10.0,17.0,674.1500244140625
QQQ,QQQ,2028-12-15,2.6191780821917807,P,435.0,-0.4381066432059838,17.5,22.5,20.9,0.2848505963897705,1.0,2.0,674.1500244140625
QQQ,QQQ,2028-12-15,2.6191780821917807,P,440.0,-0.42667794738236114,18.0,23.0,20.4,0.28170731727600096,1.0,4.0,674.1500244140625
QQQ,QQQ,2028-12-15,2.6191780821917807,P,445.0,-0.4153783921284278,19.0,24.0,22.49,0.2807536524963378,1.0,2.0,674.1500244140625
QQQ,QQQ,2028-12-15,2.6191780821917807,P,450.0,-0.4042050915303025,19.5,24.5,21.79,0.27752645088195804,5.0,736.0,674.1500244140625
QQQ,QQQ,2028-12-15,2.6191780821917807,P,455.0,-0.39315525534371754,20.5,25.5,26.8,0.27638968246459955,1.0,6.0,674.1500244140625
QQQ,QQQ,2028-12-15,2.6191780821917807,P,460.0,-0.38222618481152737,21.0,26.0,24.05,0.273093816986084,2.0,201.0,674.1500244140625
QQQ,QQQ,2028-12-15,2.6191780821917807,P,465.0,-0.3714152687073116,22.0,27.0,27.87,0.27180446220397947,2.0,1.0,674.1500244140625
QQQ,QQQ,2028-12-15,2.6191780821917807,P,470.0,-0.36071997959056373,22.5,27.5,31.96,0.2684323035430908,1.0,602.0,674.1500244140625
QQQ,QQQ,2028-12-15,2.6191780821917807,P,475.0,-0.35013787026002685,23.5,28.5,30.25,0.2669979917144776,2.0,2.0,674.1500244140625
QQQ,QQQ,2028-12-15,2.6191780821917807,P,480.0,-0.33966657039273135,24.0,29.0,27.99,0.26356479850769043,6.0,21.0,674.1500244140625
QQQ,QQQ,2028-12-15,2.6191780821917807,P,485.0,-0.3293037833571848,25.0,30.0,29.1,0.26199315895080566,2.0,104.0,674.1500244140625
QQQ,QQQ,2028-12-15,2.6191780821917807,P,490.0,-0.3190472831899956,26.0,31.0,36.3,0.2603452262115479,1.0,1.0,674.1500244140625
QQQ,QQQ,2028-12-15,2.6191780821917807,P,495.0,-0.30889491172597766,26.5,31.5,31.18,0.2568128518676758,5.0,33.0,674.1500244140625
QQQ,QQQ,2028-12-15,2.6191780821917807,P,500.0,-0.29884457587247626,29.0,32.5,29.48,0.2550352207183839,14.0,2573.0,674.1500244140625
QQQ,QQQ,2028-12-15,2.6191780821917807,P,505.0,-0.2888942450193081,28.5,33.5,30.57,0.2531889257049561,5.0,3.0,674.1500244140625
QQQ,QQQ,2028-12-15,2.6191780821917807,P,510.0,-0.2790419485762965,29.5,34.5,34.46,0.2512739668273925,1.0,5.0,674.1500244140625
QQQ,QQQ,2028-12-15,2.6191780821917807,P,515.0,-0.26928577363093187,30.5,35.5,42.54,0.24928271476745603,1.0,1.0,674.1500244140625
QQQ,QQQ,2028-12-15,2.6191780821917807,P,520.0,-0.25962386271919485,31.5,36.5,33.59,0.2472304281616211,6.0,75.0,674.1500244140625
QQQ,QQQ,2028-12-15,2.6191780821917807,P,525.0,-0.2500544117030442,32.5,37.5,34.62,0.24511329235076906,1.0,9.0,674.1500244140625
QQQ,QQQ,2028-12-15,2.6191780821917807,P,530.0,-0.2405756677485005,33.5,38.5,35.74,0.24293512199401854,1.0,9.0,674.1500244140625
QQQ,QQQ,2028-12-15,2.6191780821917807,P,535.0,-0.23118592739866137,34.5,39.5,38.54,0.24069210243225095,2.0,12.0,674.1500244140625
QQQ,QQQ,2028-12-15,2.6191780821917807,P,540.0,-0.2218835347363479,35.5,40.5,40.2,0.23839567764282227,1.0,3.0,674.1500244140625
QQQ,QQQ,2028-12-15,2.6191780821917807,P,545.0,-0.21266687963142394,36.5,41.5,42.11,0.23603821830749508,5.0,6.0,674.1500244140625
QQQ,QQQ,2028-12-15,2.6191780821917807,P,550.0,-0.20353439606815132,38.0,42.69,40.5,0.23419192329406738,9.0,51.0,674.1500244140625
QQQ,QQQ,2028-12-15,2.6191780821917807,P,555.0,-0.19448456054823346,39.0,44.0,41.1,0.23262409839630127,6.0,9.0,674.1500244140625
QQQ,QQQ,2028-12-15,2.6191780821917807,P,560.0,-0.1855158905654731,40.45,45.0,44.24,0.23007972076416017,50.0,69.0,674.1500244140625
QQQ,QQQ,2028-12-15,2.6191780821917807,P,565.0,-0.176626943148227,41.5,46.5,48.42,0.22890480575561523,1.0,5.0,674.1500244140625
QQQ,QQQ,2028-12-15,2.6191780821917807,P,570.0,-0.16781631346607215,42.5,47.5,46.9,0.22623454437255858,1.0,13.0,674.1500244140625
QQQ,QQQ,2028-12-15,2.6191780821917807,P,575.0,-0.15908263349731747,45.5,49.0,46.54,0.22489941368103025,3.0,143.0,674.1500244140625
QQQ,QQQ,2028-12-15,2.6191780821917807,P,580.0,-0.15042457075420293,45.5,50.5,47.79,0.22348036048889156,8.0,70.0,674.1500244140625
QQQ,QQQ,2028-12-15,2.6191780821917807,P,585.0,-0.1418408270628115,46.5,51.5,49.14,0.22061555149078366,1.0,50.0,674.1500244140625
QQQ,QQQ,2028-12-15,2.6191780821917807,P,590.0,-0.13333013739490276,49.66,51.47,50.6,0.21494315338134767,5.0,42.0,674.1500244140625
QQQ,QQQ,2028-12-15,2.6191780821917807,P,595.0,-0.12489126874903819,50.63,54.5,51.94,0.21737690589904787,6.0,28.0,674.1500244140625
QQQ,QQQ,2028-12-15,2.6191780821917807,P,600.0,-0.11652301907852163,52.51,54.35,52.7,0.21132304187774653,309.0,46.0,674.1500244140625
QQQ,QQQ,2028-12-15,2.6191780821917807,P,605.0,-0.10822421626382646,52.5,57.5,64.35,0.21381401428222657,9.0,3.0,674.1500244140625
QQQ,QQQ,2028-12-15,2.6191780821917807,P,610.0,-0.09999371712731103,54.0,57.37,61.14,0.20774489162445064,1.0,13.0,674.1500244140625
QQQ,QQQ,2028-12-15,2.6191780821917807,P,615.0,-0.09183040648815013,55.5,60.5,62.92,0.20993450595855712,1.0,2.0,674.1500244140625
QQQ,QQQ,2028-12-15,2.6191780821917807,P,620.0,-0.08373319625553069,58.62,60.53,59.06,0.20419344398498532,2.0,223.0,674.1500244140625
QQQ,QQQ,2028-12-15,2.6191780821917807,P,625.0,-0.07570102455826647,58.5,63.5,66.53,0.20573838092803953,1.0,7.0,674.1500244140625
QQQ,QQQ,2028-12-15,2.6191780821917807,P,630.0,-0.06773285490908965,60.5,63.83,62.59,0.20064581100463863,2.0,28.0,674.1500244140625
QQQ,QQQ,2028-12-15,2.6191780821917807,P,635.0,-0.05982767540197629,62.0,67.0,64.37,0.2024501447677612,1.0,5.0,674.1500244140625
QQQ,QQQ,2028-12-15,2.6191780821917807,P,640.0,-0.05198449794095043,64.0,67.28,65.47,0.19711725131988528,4.0,449.0,674.1500244140625
QQQ,QQQ,2028-12-15,2.6191780821917807,P,645.0,-0.04420235749889553,65.5,70.5,71.96,0.19880714530944824,1.0,12.0,674.1500244140625
QQQ,QQQ,2028-12-15,2.6191780821917807,P,650.0,-0.03648031140498515,68.0,70.89,69.5,0.1936153942489624,17.0,221.0,674.1500244140625
QQQ,QQQ,2028-12-15,2.6191780821917807,P,655.0,-0.028817438659416064,69.0,74.0,71.71,0.19481701187133788,1.0,54.0,674.1500244140625
QQQ,QQQ,2028-12-15,2.6191780821917807,P,660.0,-0.02121283927419668,71.0,74.67,76.31,0.19014786911010745,5.0,17.0,674.1500244140625
QQQ,QQQ,2028-12-15,2.6191780821917807,P,665.0,-0.013665633638813809,73.0,78.0,75.0,0.19164321548461916,13.0,7.0,674.1500244140625
QQQ,QQQ,2028-12-15,2.6191780821917807,P,670.0,-0.006174961909656245,75.0,78.61,77.22,0.1866727146530151,261.0,5.0,674.1500244140625
QQQ,QQQ,2028-12-15,2.6191780821917807,P,675.0,0.0012600165778617956,77.0,82.0,79.08,0.18808413852691652,200.0,2.0,674.1500244140625
QQQ,QQQ,2028-12-15,2.6191780821917807,P,680.0,0.008640123875484428,79.0,82.73,85.5,0.1832242628097534,,4.0,674.1500244140625
QQQ,QQQ,2028-12-15,2.6191780821917807,P,690.0,0.023238923296637033,83.5,87.01,99.22,0.1797376643753052,,0.0,674.1500244140625
QQQ,QQQ,2028-12-15,2.6191780821917807,P,700.0,0.03762766074873678,88.0,91.48,91.0,0.1762701392364502,2.0,51.0,674.1500244140625
QQQ,QQQ,2028-12-15,2.6191780821917807,P,710.0,0.05181229574069314,92.5,96.12,100.75,0.17275302352905275,3.0,43.0,674.1500244140625
QQQ,QQQ,2028-12-15,2.6191780821917807,P,720.0,0.06579853771543295,97.0,100.96,105.33,0.16923972248077396,2.0,1.0,674.1500244140625
QQQ,QQQ,2028-12-15,2.6191780821917807,P,730.0,0.07959185984776891,102.0,105.98,123.0,0.16566920154571535,10.0,11.0,674.1500244140625
QQQ,QQQ,2028-12-15,2.6191780821917807,P,740.0,0.09319751190354746,107.5,112.5,112.17,0.16512370529174808,4.0,8.0,674.1500244140625
QQQ,QQQ,2028-12-15,2.6191780821917807,P,750.0,0.10662053223568807,112.5,117.5,120.86,0.1605194117355347,20.0,21.0,674.1500244140625
QQQ,QQQ,2028-12-15,2.6191780821917807,P,760.0,0.11986575898570884,118.5,123.5,127.5,0.15776141319274903,1.0,13.0,674.1500244140625
QQQ,QQQ,2028-12-15,2.6191780821917807,P,765.0,0.12642315953186778,121.0,126.0,148.54,0.15495382408142092,,1.0,674.1500244140625
QQQ,QQQ,2028-12-15,2.6191780821917807,P,770.0,0.13293784055306154,124.0,129.0,131.32,0.15322196884155276,4.0,4.0,674.1500244140625
QQQ,QQQ,2028-12-15,2.6191780821917807,P,775.0,0.13941035505867908,127.0,132.0,155.21,0.1513413418960572,,0.0,674.1500244140625
QQQ,QQQ,2028-12-15,2.6191780821917807,P,780.0,0.14584124538896936,130.0,135.0,131.86,0.14930049926757813,90.0,1.0,674.1500244140625
QQQ,QQQ,2028-12-15,2.6191780821917807,P,785.0,0.15223104348774044,133.0,138.0,135.39,0.1470879969787598,396.0,0.0,674.1500244140625
QQQ,QQQ,2028-12-15,2.6191780821917807,P,790.0,0.15858027116639925,136.5,141.5,138.52,0.1460351510620117,2.0,0.0,674.1500244140625
QQQ,QQQ,2028-12-15,2.6191780821917807,P,800.0,0.1711590533732593,143.0,148.0,144.48,0.1420984228515625,31.0,12.0,674.1500244140625
QQQ,QQQ,2028-12-15,2.6191780821917807,P,810.0,0.18358157337181658,149.5,154.5,164.14,0.13737587486267092,,1.0,674.1500244140625
QQQ,QQQ,2028-12-15,2.6191780821917807,P,830.0,0.2079730264959756,164.0,169.0,183.69,0.129891513671875,3.0,3.0,674.1500244140625
QQQ,QQQ,2028-12-15,2.6191780821917807,P,870.0,0.2550405373539615,196.0,201.0,283.9,0.11398438514709472,3.0,0.0,674.1500244140625
QQQ,QQQ,2028-12-15,2.6191780821917807,P,875.0,0.2607712120629464,200.0,205.0,219.53,0.11026890716552734,,0.0,674.1500244140625
QQQ,QQQ,2028-12-15,2.6191780821917807,P,880.0,0.2664692331775842,204.5,209.5,220.02,0.10901006965637206,,1.0,674.1500244140625
QQQ,QQQ,2028-12-15,2.6191780821917807,P,900.0,0.28894208902964286,224.0,229.0,262.74,0.1124814094543457,,0.0,674.1500244140625
QQQ,QQQ,2028-12-15,2.6191780821917807,P,960.0,0.353480610167214,284.0,289.0,296.44,0.13131056686401366,2.0,1.0,674.1500244140625
QQQ,QQQ,2028-12-15,2.6191780821917807,P,980.0,0.3740998973699497,304.0,309.0,319.81,0.1371851419067383,,0.0,674.1500244140625
