underlying,equity_ticker,expiration,T,side,strike,log_moneyness,bid,ask,last,iv,volume,open_interest,spot_at_fetch
SILVER,SLV,2026-05-04,0.0027397260273972603,C,40.0,-0.5348839022655243,28.05,28.35,29.02,3.2656268359375,32.0,0,68.29000091552734
SILVER,SLV,2026-05-04,0.0027397260273972603,C,42.0,-0.4860937380960923,26.05,26.35,26.61,3.0000025,28.0,5,68.29000091552734
SILVER,SLV,2026-05-04,0.0027397260273972603,C,43.0,-0.4625632406858981,25.05,25.35,25.78,2.8750028125,28.0,0,68.29000091552734
SILVER,SLV,2026-05-04,0.0027397260273972603,C,44.0,-0.4395737224611994,24.05,24.35,24.86,2.750003125,28.0,0,68.29000091552734
SILVER,SLV,2026-05-04,0.0027397260273972603,C,45.0,-0.41710086660914075,23.05,23.35,23.84,2.61719095703125,28.0,0,68.29000091552734
SILVER,SLV,2026-05-04,0.0027397260273972603,C,46.0,-0.3951219598903656,22.05,22.35,22.81,2.50000375,30.0,0,68.29000091552734
SILVER,SLV,2026-05-04,0.0027397260273972603,C,47.0,-0.37361575466940194,21.05,21.35,22.01,2.3750040624999995,30.0,5,68.29000091552734
SILVER,SLV,2026-05-04,0.0027397260273972603,C,48.0,-0.35256234547156967,20.05,20.35,21.02,2.2578168554687497,28.0,0,68.29000091552734
SILVER,SLV,2026-05-04,0.0027397260273972603,C,49.0,-0.3319430582688339,19.05,19.35,19.97,2.1406296484375,28.0,0,68.29000091552734
SILVER,SLV,2026-05-04,0.0027397260273972603,C,50.0,-0.3117403509513146,18.05,18.35,19.02,2.02344244140625,32.0,0,68.29000091552734
SILVER,SLV,2026-05-04,0.0027397260273972603,C,51.0,-0.29193772365513476,17.05,17.35,18.18,1.9140629296875002,2.0,2,68.29000091552734
SILVER,SLV,2026-05-04,0.0027397260273972603,C,52.0,-0.2725196377980333,16.05,16.35,16.54,1.8046884765624998,28.0,0,68.29000091552734
SILVER,SLV,2026-05-04,0.0027397260273972603,C,53.0,-0.25347144282733874,15.05,15.35,15.69,1.6953140234375002,28.0,5,68.29000091552734
SILVER,SLV,2026-05-04,0.0027397260273972603,C,54.0,-0.23477930981518624,14.05,14.35,14.77,1.5859395703124997,28.0,0,68.29000091552734
SILVER,SLV,2026-05-04,0.0027397260273972603,C,55.0,-0.21643017114698965,13.05,13.35,13.81,1.4765651171875,29.0,14,68.29000091552734
SILVER,SLV,2026-05-04,0.0027397260273972603,C,56.0,-0.1984116656443114,12.05,12.35,12.79,1.3671906640625,30.0,20,68.29000091552734
SILVER,SLV,2026-05-04,0.0027397260273972603,C,57.0,-0.18071208854491042,11.05,11.35,11.95,1.2656286718749998,30.0,16,68.29000091552734
SILVER,SLV,2026-05-04,0.0027397260273972603,C,58.0,-0.1633203458330413,10.05,10.35,10.94,1.1640666796875,28.0,16,68.29000091552734
SILVER,SLV,2026-05-04,0.0027397260273972603,C,59.0,-0.14622591247374112,9.05,9.4,9.97,1.18359783203125,28.0,18,68.29000091552734
SILVER,SLV,2026-05-04,0.0027397260273972603,C,59.5,-0.13778704382787646,8.55,8.85,8.93,1.0078174609375,2.0,16,68.29000091552734
SILVER,SLV,2026-05-04,0.0027397260273972603,C,60.0,-0.12941879415735996,8.05,8.4,9.1,1.0742233789062503,7.0,15,68.29000091552734
SILVER,SLV,2026-05-04,0.0027397260273972603,C,61.0,-0.11288949220614933,7.1,7.4,4.1,0.9609378906249999,26.0,35,68.29000091552734
SILVER,SLV,2026-05-04,0.0027397260273972603,C,61.5,-0.10472618156698836,6.6,6.9,6.3,0.9062509375,2.0,48,68.29000091552734
SILVER,SLV,2026-05-04,0.0027397260273972603,C,62.0,-0.0966289713343691,6.1,6.4,3.19,0.8476577734374999,10.0,26,68.29000091552734
SILVER,SLV,2026-05-04,0.0027397260273972603,C,62.5,-0.0885967996371048,5.6,5.9,6.19,0.7929708203125,2.0,11,68.29000091552734
SILVER,SLV,2026-05-04,0.0027397260273972603,C,63.0,-0.0806286299879279,5.1,5.4,5.36,0.73633076171875,30.0,7,68.29000091552734
SILVER,SLV,2026-05-04,0.0027397260273972603,C,63.5,-0.07272345048081459,4.6,4.9,4.93,0.6796907031250001,34.0,130,68.29000091552734
SILVER,SLV,2026-05-04,0.0027397260273972603,C,64.0,-0.06488027301978867,4.1,4.4,4.36,0.62305064453125,125.0,164,68.29000091552734
SILVER,SLV,2026-05-04,0.0027397260273972603,C,64.5,-0.057098132577733815,3.7,3.9,3.78,0.5664105859375,247.0,64,68.29000091552734
SILVER,SLV,2026-05-04,0.0027397260273972603,C,65.0,-0.04937608648382348,3.2,3.45,3.38,0.5625043750000001,112.0,364,68.29000091552734
SILVER,SLV,2026-05-04,0.0027397260273972603,C,65.5,-0.04171321373825433,2.73,2.94,2.98,0.49023947265625006,143.0,316,68.29000091552734
SILVER,SLV,2026-05-04,0.0027397260273972603,C,66.0,-0.03410861435303499,2.27,2.48,2.46,0.46094289062500005,665.0,678,68.29000091552734
SILVER,SLV,2026-05-04,0.0027397260273972603,C,66.5,-0.02656140871765217,1.87,2.04,1.95,0.43555251953125,178.0,1267,68.29000091552734
SILVER,SLV,2026-05-04,0.0027397260273972603,C,67.0,-0.019070736988494538,1.48,1.63,1.53,0.41602146484374997,1200.0,281,68.29000091552734
SILVER,SLV,2026-05-04,0.0027397260273972603,C,67.5,-0.011635758500976432,1.14,1.26,1.22,0.401373173828125,571.0,254,68.29000091552734
SILVER,SLV,2026-05-04,0.0027397260273972603,C,68.0,-0.004255651203353846,0.86,0.94,0.87,0.39063109375,2294.0,698,68.29000091552734
SILVER,SLV,2026-05-04,0.0027397260273972603,C,68.5,0.003070388888718976,0.6,0.68,0.68,0.38672488281249995,1652.0,414,68.29000091552734
SILVER,SLV,2026-05-04,0.0027397260273972603,C,69.0,0.010343148217798888,0.42,0.51,0.44,0.4023497265625,2589.0,950,68.29000091552734
SILVER,SLV,2026-05-04,0.0027397260273972603,C,69.5,0.01756339619128587,0.27,0.3,0.3,0.3711000390625,1937.0,2040,68.29000091552734
SILVER,SLV,2026-05-04,0.0027397260273972603,C,70.0,0.02473188566989833,0.18,0.2,0.19,0.37793590820312495,3017.0,848,68.29000091552734
SILVER,SLV,2026-05-04,0.0027397260273972603,C,70.5,0.03184935343876244,0.12,0.13,0.13,0.38477177734374995,1522.0,661,68.29000091552734
SILVER,SLV,2026-05-04,0.0027397260273972603,C,71.0,0.03891652066185481,0.08,0.1,0.1,0.4101621484375,1802.0,761,68.29000091552734
SILVER,SLV,2026-05-04,0.0027397260273972603,C,71.5,0.04593409332050128,0.05,0.08,0.06,0.437505625,623.0,352,68.29000091552734
SILVER,SLV,2026-05-04,0.0027397260273972603,C,72.0,0.052902762636594755,0.04,0.05,0.06,0.4414118359375,2287.0,1301,68.29000091552734
SILVER,SLV,2026-05-04,0.0027397260273972603,C,72.5,0.05982320548116846,0.02,0.05,0.03,0.48438015625,620.0,501,68.29000091552734
SILVER,SLV,2026-05-04,0.0027397260273972603,C,73.0,0.06669608476893062,0.02,0.04,0.04,0.507817421875,613.0,704,68.29000091552734
SILVER,SLV,2026-05-04,0.0027397260273972603,C,73.5,0.0735220498393304,0.01,0.03,0.03,0.523442265625,65.0,97,68.29000091552734
SILVER,SLV,2026-05-04,0.0027397260273972603,C,74.0,0.08030173682470909,0.01,0.03,0.02,0.523442265625,590.0,320,68.29000091552734
SILVER,SLV,2026-05-04,0.0027397260273972603,C,74.5,0.0870357690060533,0.0,0.03,0.01,0.5390671093750001,76.0,176,68.29000091552734
SILVER,SLV,2026-05-04,0.0027397260273972603,C,75.0,0.09372475715684983,0.0,0.03,0.01,0.57812921875,189.0,489,68.29000091552734
SILVER,SLV,2026-05-04,0.0027397260273972603,C,75.5,0.10036929987551853,0.01,0.03,0.03,0.632816171875,16.0,120,68.29000091552734
SILVER,SLV,2026-05-04,0.0027397260273972603,C,76.0,0.10696998390687051,0.01,0.02,0.04,0.64062859375,119.0,118,68.29000091552734
SILVER,SLV,2026-05-04,0.0027397260273972603,C,76.5,0.11352738445302951,0.0,0.03,0.02,0.6796907031250001,2.0,13,68.29000091552734
SILVER,SLV,2026-05-04,0.0027397260273972603,C,77.0,0.12004206547422333,0.0,0.03,0.02,0.710940390625,1.0,73,68.29000091552734
SILVER,SLV,2026-05-04,0.0027397260273972603,C,77.5,0.12651457997984072,0.0,0.02,0.08,0.70312796875,2.0,9,68.29000091552734
SILVER,SLV,2026-05-04,0.0027397260273972603,C,78.0,0.13294547031013107,0.0,0.02,0.01,0.73437765625,4.0,243,68.29000091552734
SILVER,SLV,2026-05-04,0.0027397260273972603,C,78.5,0.1393352684089022,0.0,0.02,0.01,0.7656273437500001,1.0,8,68.29000091552734
SILVER,SLV,2026-05-04,0.0027397260273972603,C,79.0,0.14568449608756087,0.0,0.02,0.02,0.79687703125,8.0,365,68.29000091552734
SILVER,SLV,2026-05-04,0.0027397260273972603,C,79.5,0.15199366528082572,0.0,0.02,0.08,0.8281267187499999,6.0,6,68.29000091552734
SILVER,SLV,2026-05-04,0.0027397260273972603,C,80.0,0.15826327829442102,0.0,0.01,0.01,0.8125018749999999,7.0,295,68.29000091552734
SILVER,SLV,2026-05-04,0.0027397260273972603,C,80.5,0.16449382804505702,0.0,0.02,0.29,0.8906260937499999,,3,68.29000091552734
SILVER,SLV,2026-05-04,0.0027397260273972603,C,81.0,0.17068579829297822,0.0,0.02,0.01,0.92187578125,1.0,367,68.29000091552734
SILVER,SLV,2026-05-04,0.0027397260273972603,C,82.0,0.18295589088479244,0.0,0.04,0.02,1.0625046875000002,5.0,45,68.29000091552734
SILVER,SLV,2026-05-04,0.0027397260273972603,C,82.5,0.18903493696117474,0.0,0.02,0.22,1.000005,,28,68.29000091552734
SILVER,SLV,2026-05-04,0.0027397260273972603,C,83.0,0.1950772514171373,0.0,0.04,0.02,1.125004375,1.0,5,68.29000091552734
SILVER,SLV,2026-05-04,0.0027397260273972603,C,83.5,0.20108327547734928,0.0,0.04,0.01,1.15625421875,,3,68.29000091552734
SILVER,SLV,2026-05-04,0.0027397260273972603,C,84.0,0.20705344246385302,0.0,0.04,0.02,1.1875040625,1.0,16,68.29000091552734
SILVER,SLV,2026-05-04,0.0027397260273972603,C,85.0,0.2188879001108559,0.0,0.01,0.01,1.0625046875000002,5.0,13,68.29000091552734
SILVER,SLV,2026-05-04,0.0027397260273972603,C,85.5,0.22475301956325391,0.0,0.03,0.1,1.21875390625,,3,68.29000091552734
SILVER,SLV,2026-05-04,0.0027397260273972603,C,86.0,0.23058393987404724,0.0,0.03,0.02,1.2500037499999999,1.0,49,68.29000091552734
SILVER,SLV,2026-05-04,0.0027397260273972603,C,87.0,0.24214476227512308,0.0,0.03,0.06,1.3125034374999998,11.0,11,68.29000091552734
SILVER,SLV,2026-05-04,0.0027397260273972603,C,89.0,0.26487301335267927,0.0,0.03,0.01,1.40625296875,11.0,57,68.29000091552734
SILVER,SLV,2026-05-04,0.0027397260273972603,C,89.5,0.27047526890134904,0.0,0.03,0.09,1.4375028125,,3,68.29000091552734
SILVER,SLV,2026-05-04,0.0027397260273972603,C,90.0,0.27604631395080453,0.0,0.01,0.01,1.3125034374999998,10.0,21,68.29000091552734
SILVER,SLV,2026-05-04,0.0027397260273972603,C,91.0,0.28709615013738937,0.0,0.03,0.01,1.5156274218749999,10.0,11,68.29000091552734
SILVER,SLV,2026-05-04,0.0027397260273972603,C,94.0,0.3195314258905434,0.0,0.03,0.02,1.65625171875,,10,68.29000091552734
SILVER,SLV,2026-05-04,0.0027397260273972603,C,95.0,0.33011353522108017,0.0,0.01,0.07,1.5625021874999998,,3,68.29000091552734
SILVER,SLV,2026-05-04,0.0027397260273972603,C,96.0,0.3405848350883756,0.0,0.01,0.02,1.5625021874999998,155.0,155,68.29000091552734
SILVER,SLV,2026-05-04,0.0027397260273972603,C,100.0,0.38140682960863076,0.0,0.01,0.03,1.75000125,1.0,4,68.29000091552734
SILVER,SLV,2026-05-04,0.0027397260273972603,P,44.0,-0.4395737224611994,0.0,0.03,0.01,2.3125042187499996,,3,68.29000091552734
SILVER,SLV,2026-05-04,0.0027397260273972603,P,45.0,-0.41710086660914075,0.0,0.03,0.01,2.1875045312499997,25.0,26,68.29000091552734
SILVER,SLV,2026-05-04,0.0027397260273972603,P,46.0,-0.3951219598903656,0.0,0.03,0.01,2.0937547656249995,,2,68.29000091552734
SILVER,SLV,2026-05-04,0.0027397260273972603,P,47.0,-0.37361575466940194,0.0,0.03,0.01,1.984375078125,,6,68.29000091552734
SILVER,SLV,2026-05-04,0.0027397260273972603,P,48.0,-0.35256234547156967,0.0,0.03,0.03,1.875000625,,6,68.29000091552734
SILVER,SLV,2026-05-04,0.0027397260273972603,P,49.0,-0.3319430582688339,0.0,0.03,0.03,1.78125109375,,1,68.29000091552734
SILVER,SLV,2026-05-04,0.0027397260273972603,P,50.0,-0.3117403509513146,0.0,0.03,0.01,1.6875015625,2.0,111,68.29000091552734
SILVER,SLV,2026-05-04,0.0027397260273972603,P,51.0,-0.29193772365513476,0.0,0.03,0.03,1.5937520312499998,,61,68.29000091552734
SILVER,SLV,2026-05-04,0.0027397260273972603,P,52.0,-0.2725196377980333,0.0,0.03,0.01,1.5000025,4.0,5,68.29000091552734
SILVER,SLV,2026-05-04,0.0027397260273972603,P,53.0,-0.25347144282733874,0.0,0.03,0.02,1.40625296875,36.0,34,68.29000091552734
SILVER,SLV,2026-05-04,0.0027397260273972603,P,54.0,-0.23477930981518624,0.0,0.03,0.03,1.3125034374999998,2.0,4,68.29000091552734
SILVER,SLV,2026-05-04,0.0027397260273972603,P,55.0,-0.21643017114698965,0.0,0.02,0.01,1.15625421875,3.0,267,68.29000091552734
SILVER,SLV,2026-05-04,0.0027397260273972603,P,56.0,-0.1984116656443114,0.0,0.03,0.01,1.125004375,1.0,314,68.29000091552734
SILVER,SLV,2026-05-04,0.0027397260273972603,P,57.0,-0.18071208854491042,0.0,0.03,0.01,1.0312548437500002,1.0,18,68.29000091552734
SILVER,SLV,2026-05-04,0.0027397260273972603,P,58.0,-0.1633203458330413,0.0,0.01,0.01,0.8437515624999999,61.0,46,68.29000091552734
SILVER,SLV,2026-05-04,0.0027397260273972603,P,59.0,-0.14622591247374112,0.0,0.02,0.02,0.8125018749999999,3.0,322,68.29000091552734
SILVER,SLV,2026-05-04,0.0027397260273972603,P,59.5,-0.13778704382787646,0.0,0.02,0.02,0.7812521875,22.0,50,68.29000091552734
SILVER,SLV,2026-05-04,0.0027397260273972603,P,60.0,-0.12941879415735996,0.0,0.02,0.02,0.73437765625,141.0,772,68.29000091552734
SILVER,SLV,2026-05-04,0.0027397260273972603,P,60.5,-0.12111999134266484,0.0,0.02,0.01,0.6875031250000001,35.0,31,68.29000091552734
SILVER,SLV,2026-05-04,0.0027397260273972603,P,61.0,-0.11288949220614933,0.0,0.03,0.01,0.6875031250000001,43.0,451,68.29000091552734
SILVER,SLV,2026-05-04,0.0027397260273972603,P,61.5,-0.10472618156698836,0.0,0.03,0.01,0.64062859375,7.0,63,68.29000091552734
SILVER,SLV,2026-05-04,0.0027397260273972603,P,62.0,-0.0966289713343691,0.0,0.03,0.02,0.5937540625000001,53.0,239,68.29000091552734
SILVER,SLV,2026-05-04,0.0027397260273972603,P,62.5,-0.0885967996371048,0.01,0.02,0.02,0.5546919531250001,139.0,96,68.29000091552734
SILVER,SLV,2026-05-04,0.0027397260273972603,P,63.0,-0.0806286299879279,0.01,0.03,0.02,0.5312546875,416.0,571,68.29000091552734
SILVER,SLV,2026-05-04,0.0027397260273972603,P,63.5,-0.07272345048081459,0.02,0.03,0.03,0.507817421875,28.0,137,68.29000091552734
SILVER,SLV,2026-05-04,0.0027397260273972603,P,64.0,-0.06488027301978867,0.03,0.04,0.04,0.500005,797.0,680,68.29000091552734
SILVER,SLV,2026-05-04,0.0027397260273972603,P,64.5,-0.057098132577733815,0.04,0.06,0.07,0.49219257812500006,728.0,933,68.29000091552734
SILVER,SLV,2026-05-04,0.0027397260273972603,P,65.0,-0.04937608648382348,0.06,0.09,0.07,0.4804739453125,674.0,731,68.29000091552734
SILVER,SLV,2026-05-04,0.0027397260273972603,P,65.5,-0.04171321373825433,0.09,0.11,0.11,0.44727115234375,261.0,1284,68.29000091552734
SILVER,SLV,2026-05-04,0.0027397260273972603,P,66.0,-0.03410861435303499,0.13,0.15,0.15,0.42578699218750005,1058.0,501,68.29000091552734
SILVER,SLV,2026-05-04,0.0027397260273972603,P,66.5,-0.02656140871765217,0.2,0.22,0.22,0.414068359375,2201.0,1804,68.29000091552734
SILVER,SLV,2026-05-04,0.0027397260273972603,P,67.0,-0.019070736988494538,0.3,0.32,0.32,0.40332627929687503,1271.0,694,68.29000091552734
SILVER,SLV,2026-05-04,0.0027397260273972603,P,67.5,-0.011635758500976432,0.44,0.49,0.44,0.41211525390625,649.0,632,68.29000091552734
SILVER,SLV,2026-05-04,0.0027397260273972603,P,68.0,-0.004255651203353846,0.61,0.65,0.65,0.39063109375,1280.0,779,68.29000091552734
SILVER,SLV,2026-05-04,0.0027397260273972603,P,68.5,0.003070388888718976,0.86,0.93,0.96,0.4062559375,572.0,169,68.29000091552734
SILVER,SLV,2026-05-04,0.0027397260273972603,P,69.0,0.010343148217798888,1.14,1.26,1.2,0.42383388671875,2116.0,352,68.29000091552734
SILVER,SLV,2026-05-04,0.0027397260273972603,P,69.5,0.01756339619128587,1.48,1.66,1.52,0.45898978515625005,239.0,48,68.29000091552734
SILVER,SLV,2026-05-04,0.0027397260273972603,P,70.0,0.02473188566989833,1.84,2.05,1.93,0.471684970703125,312.0,217,68.29000091552734
SILVER,SLV,2026-05-04,0.0027397260273972603,P,70.5,0.03184935343876244,2.24,2.5,2.26,0.5097705273437501,725.0,680,68.29000091552734
SILVER,SLV,2026-05-04,0.0027397260273972603,P,71.0,0.03891652066185481,2.75,2.98,2.78,0.56055126953125,276.0,148,68.29000091552734
SILVER,SLV,2026-05-04,0.0027397260273972603,P,71.5,0.04593409332050128,3.2,3.5,3.05,0.507817421875,42.0,165,68.29000091552734
SILVER,SLV,2026-05-04,0.0027397260273972603,P,72.0,0.052902762636594755,3.7,4.0,3.7,0.56055126953125,147.0,62,68.29000091552734
SILVER,SLV,2026-05-04,0.0027397260273972603,P,72.5,0.05982320548116846,4.15,4.45,3.92,0.5507857421875001,32.0,9,68.29000091552734
SILVER,SLV,2026-05-04,0.0027397260273972603,P,73.0,0.06669608476893062,4.65,4.95,4.44,0.5976602734375001,74.0,210,68.29000091552734
SILVER,SLV,2026-05-04,0.0027397260273972603,P,73.5,0.0735220498393304,5.15,5.45,5.0,0.6445348046875,15.0,10,68.29000091552734
SILVER,SLV,2026-05-04,0.0027397260273972603,P,74.0,0.08030173682470909,5.65,5.95,5.74,0.6914093359375001,120.0,2,68.29000091552734
SILVER,SLV,2026-05-04,0.0027397260273972603,P,74.5,0.0870357690060533,6.15,6.45,7.93,0.73437765625,1.0,4,68.29000091552734
SILVER,SLV,2026-05-04,0.0027397260273972603,P,75.0,0.09372475715684983,6.65,6.95,10.05,0.7773459765625,5.0,0,68.29000091552734
SILVER,SLV,2026-05-04,0.0027397260273972603,P,75.5,0.10036929987551853,7.15,7.45,8.95,0.8203142968749999,,0,68.29000091552734
SILVER,SLV,2026-05-04,0.0027397260273972603,P,77.5,0.12651457997984072,9.15,9.45,8.8,0.9882813671875,1.0,0,68.29000091552734
SILVER,SLV,2026-05-04,0.0027397260273972603,P,78.5,0.1393352684089022,10.15,10.45,13.7,1.0664109179687502,,0,68.29000091552734
SILVER,SLV,2026-05-04,0.0027397260273972603,P,79.0,0.14568449608756087,10.65,10.95,12.32,1.1054732226562503,2.0,0,68.29000091552734
SILVER,SLV,2026-05-04,0.0027397260273972603,P,80.0,0.15826327829442102,11.65,11.95,13.67,1.1796916015624999,1.0,0,68.29000091552734
SILVER,SLV,2026-05-04,0.0027397260273972603,P,81.0,0.17068579829297822,12.65,12.95,14.85,1.2578162109375,3.0,0,68.29000091552734
SILVER,SLV,2026-05-04,0.0027397260273972603,P,81.5,0.17683966386735642,13.15,13.45,17.25,1.29297228515625,1.0,0,68.29000091552734
SILVER,SLV,2026-05-04,0.0027397260273972603,P,83.5,0.20108327547734928,15.15,15.45,15.2,1.43359658203125,,0,68.29000091552734
SILVER,SLV,2026-05-04,0.0027397260273972603,P,85.0,0.2188879001108559,16.65,16.95,18.65,1.5390648046875,,0,68.29000091552734
SILVER,SLV,2026-05-04,0.0027397260273972603,P,86.5,0.23638105755837308,18.15,18.45,17.6,1.6367205664062499,8.0,0,68.29000091552734
SILVER,SLV,2026-05-04,0.0027397260273972603,P,90.0,0.27604631395080453,21.65,21.95,21.4,1.859375703125,,0,68.29000091552734
SILVER,SLV,2026-05-04,0.0027397260273972603,P,110.0,0.47671700941295564,41.65,41.95,40.65,2.9218776953125003,1.0,0,68.29000091552734
SILVER,SLV,2026-05-04,0.0027397260273972603,P,120.0,0.5637283864025854,51.65,51.95,51.3,3.3593766015624995,2.0,0,68.29000091552734
SILVER,SLV,2026-05-11,0.019178082191780823,C,50.0,-0.3117403509513146,18.1,18.45,18.34,1.125004375,3.0,1,68.29000091552734
SILVER,SLV,2026-05-11,0.019178082191780823,C,51.0,-0.29193772365513476,17.1,17.45,14.17,1.0625046875000002,,1,68.29000091552734
SILVER,SLV,2026-05-11,0.019178082191780823,C,52.0,-0.2725196377980333,16.1,16.45,13.1,1.0039112304687499,,4,68.29000091552734
SILVER,SLV,2026-05-11,0.019178082191780823,C,57.0,-0.18071208854491042,11.15,11.45,12.27,0.7158231542968749,5.0,0,68.29000091552734
SILVER,SLV,2026-05-11,0.019178082191780823,C,58.0,-0.1633203458330413,10.15,10.5,11.65,0.5039112109375,3.0,0,68.29000091552734
SILVER,SLV,2026-05-11,0.019178082191780823,C,59.0,-0.14622591247374112,9.2,9.5,10.2,0.500005,1.0,1,68.29000091552734
SILVER,SLV,2026-05-11,0.019178082191780823,C,60.0,-0.12941879415735996,8.25,8.55,4.94,0.50586431640625,,2,68.29000091552734
SILVER,SLV,2026-05-11,0.019178082191780823,C,60.5,-0.12111999134266484,7.75,8.05,9.2,0.585941640625,1.0,1,68.29000091552734
SILVER,SLV,2026-05-11,0.019178082191780823,C,62.0,-0.0966289713343691,6.35,6.65,3.58,0.5449264257812501,,0,68.29000091552734
SILVER,SLV,2026-05-11,0.019178082191780823,C,62.5,-0.0885967996371048,5.9,6.2,6.2,0.534184345703125,10.0,10,68.29000091552734
SILVER,SLV,2026-05-11,0.019178082191780823,C,63.0,-0.0806286299879279,5.45,5.75,6.02,0.5214891601562499,1.0,8,68.29000091552734
SILVER,SLV,2026-05-11,0.019178082191780823,C,63.5,-0.07272345048081459,5.05,5.3,2.99,0.50586431640625,,1,68.29000091552734
SILVER,SLV,2026-05-11,0.019178082191780823,C,64.0,-0.06488027301978867,4.6,4.85,3.4,0.48779809082031256,,32,68.29000091552734
SILVER,SLV,2026-05-11,0.019178082191780823,C,64.5,-0.057098132577733815,4.2,4.45,5.09,0.48389187988281257,1.0,60,68.29000091552734
SILVER,SLV,2026-05-11,0.019178082191780823,C,65.0,-0.04937608648382348,3.8,4.05,4.17,0.4760794580078125,55.0,138,68.29000091552734
SILVER,SLV,2026-05-11,0.019178082191780823,C,65.5,-0.04171321373825433,3.45,3.65,4.12,0.4643608251953125,18.0,16,68.29000091552734
SILVER,SLV,2026-05-11,0.019178082191780823,C,66.0,-0.03410861435303499,3.15,3.3,3.5,0.4624077197265626,68.0,754,68.29000091552734
SILVER,SLV,2026-05-11,0.019178082191780823,C,66.5,-0.02656140871765217,2.81,2.96,3.0,0.4585015087890626,101.0,146,68.29000091552734
SILVER,SLV,2026-05-11,0.019178082191780823,C,67.0,-0.019070736988494538,2.5,2.63,2.61,0.45215391601562505,78.0,145,68.29000091552734
SILVER,SLV,2026-05-11,0.019178082191780823,C,67.5,-0.011635758500976432,2.22,2.33,2.51,0.44873598144531246,30.0,32,68.29000091552734
SILVER,SLV,2026-05-11,0.019178082191780823,C,68.0,-0.004255651203353846,1.95,2.06,2.0,0.44775942871093743,140.0,235,68.29000091552734
SILVER,SLV,2026-05-11,0.019178082191780823,C,68.5,0.003070388888718976,1.69,1.8,1.95,0.44434149414062496,282.0,237,68.29000091552734
SILVER,SLV,2026-05-11,0.019178082191780823,C,69.0,0.010343148217798888,1.48,1.58,1.73,0.445318046875,495.0,109,68.29000091552734
SILVER,SLV,2026-05-11,0.019178082191780823,C,69.5,0.01756339619128587,1.28,1.39,1.32,0.44824770507812495,332.0,23,68.29000091552734
SILVER,SLV,2026-05-11,0.019178082191780823,C,70.0,0.02473188566989833,1.12,1.19,1.18,0.44482977050781247,3691.0,149,68.29000091552734
SILVER,SLV,2026-05-11,0.019178082191780823,C,70.5,0.03184935343876244,0.95,1.04,1.15,0.44824770507812495,295.0,9,68.29000091552734
SILVER,SLV,2026-05-11,0.019178082191780823,C,71.0,0.03891652066185481,0.81,0.89,0.83,0.44775942871093743,547.0,103,68.29000091552734
SILVER,SLV,2026-05-11,0.019178082191780823,C,71.5,0.04593409332050128,0.69,0.78,0.94,0.45361874511718747,78.0,34,68.29000091552734
SILVER,SLV,2026-05-11,0.019178082191780823,C,72.0,0.052902762636594755,0.6,0.66,0.61,0.45264219238281256,223.0,56,68.29000091552734
SILVER,SLV,2026-05-11,0.019178082191780823,C,72.5,0.05982320548116846,0.5,0.56,0.57,0.45313046875,61.0,7,68.29000091552734
SILVER,SLV,2026-05-11,0.019178082191780823,C,73.0,0.06669608476893062,0.43,0.48,0.48,0.45606012695312503,90.0,91,68.29000091552734
SILVER,SLV,2026-05-11,0.019178082191780823,C,73.5,0.0735220498393304,0.38,0.42,0.48,0.46289599609375004,8.0,10,68.29000091552734
SILVER,SLV,2026-05-11,0.019178082191780823,C,74.0,0.08030173682470909,0.32,0.36,0.35,0.46680220703125,18.0,86,68.29000091552734
SILVER,SLV,2026-05-11,0.019178082191780823,C,74.5,0.0870357690060533,0.28,0.32,0.36,0.47559118164062497,7.0,23,68.29000091552734
SILVER,SLV,2026-05-11,0.019178082191780823,C,75.0,0.09372475715684983,0.23,0.28,0.3,0.481450498046875,77.0,67,68.29000091552734
SILVER,SLV,2026-05-11,0.019178082191780823,C,75.5,0.10036929987551853,0.2,0.24,0.26,0.485356708984375,14.0,3,68.29000091552734
SILVER,SLV,2026-05-11,0.019178082191780823,C,76.0,0.10696998390687051,0.18,0.22,0.24,0.49707534179687507,14.0,57,68.29000091552734
SILVER,SLV,2026-05-11,0.019178082191780823,C,76.5,0.11352738445302951,0.16,0.2,0.22,0.507817421875,7.0,6,68.29000091552734
SILVER,SLV,2026-05-11,0.019178082191780823,C,77.0,0.12004206547422333,0.14,0.18,0.25,0.5029346582031251,6.0,16,68.29000091552734
SILVER,SLV,2026-05-11,0.019178082191780823,C,77.5,0.12651457997984072,0.12,0.16,0.17,0.507817421875,15.0,20,68.29000091552734
SILVER,SLV,2026-05-11,0.019178082191780823,C,78.0,0.13294547031013107,0.11,0.15,0.21,0.5205126074218749,27.0,46,68.29000091552734
SILVER,SLV,2026-05-11,0.019178082191780823,C,79.0,0.14568449608756087,0.09,0.12,0.11,0.5371140039062501,70.0,3777,68.29000091552734
SILVER,SLV,2026-05-11,0.019178082191780823,C,80.0,0.15826327829442102,0.07,0.11,0.11,0.5566450585937501,30.0,126,68.29000091552734
SILVER,SLV,2026-05-11,0.019178082191780823,C,81.0,0.17068579829297822,0.06,0.1,0.1,0.5800823242187501,,21,68.29000091552734
SILVER,SLV,2026-05-11,0.019178082191780823,C,82.0,0.18295589088479244,0.05,0.09,0.09,0.6015664843750002,2.0,0,68.29000091552734
SILVER,SLV,2026-05-11,0.019178082191780823,C,83.0,0.1950772514171373,0.04,0.08,0.05,0.6171913281250001,1.0,41,68.29000091552734
SILVER,SLV,2026-05-11,0.019178082191780823,C,84.0,0.20705344246385302,0.04,0.07,0.07,0.64062859375,,3,68.29000091552734
SILVER,SLV,2026-05-11,0.019178082191780823,C,85.0,0.2188879001108559,0.03,0.07,0.05,0.6601596484375001,8.0,0,68.29000091552734
SILVER,SLV,2026-05-11,0.019178082191780823,C,86.0,0.23058393987404724,0.03,0.06,0.03,0.6796907031250001,,16,68.29000091552734
SILVER,SLV,2026-05-11,0.019178082191780823,C,90.0,0.27604631395080453,0.01,0.05,0.03,0.7500025,7.0,1,68.29000091552734
SILVER,SLV,2026-05-11,0.019178082191780823,C,96.0,0.3405848350883756,0.01,0.04,0.01,0.8828136718749999,,1,68.29000091552734
SILVER,SLV,2026-05-11,0.019178082191780823,C,100.0,0.38140682960863076,0.01,0.03,0.02,0.945313046875,,2,68.29000091552734
SILVER,SLV,2026-05-11,0.019178082191780823,P,42.0,-0.4860937380960923,0.0,0.04,0.01,1.2343788281249999,,5,68.29000091552734
SILVER,SLV,2026-05-11,0.019178082191780823,P,43.0,-0.4625632406858981,0.0,0.02,0.02,1.09375453125,,2,68.29000091552734
SILVER,SLV,2026-05-11,0.019178082191780823,P,45.0,-0.41710086660914075,0.0,0.04,0.04,1.0781296093750001,,25,68.29000091552734
SILVER,SLV,2026-05-11,0.019178082191780823,P,46.0,-0.3951219598903656,0.0,0.02,0.03,0.937500625,,2,68.29000091552734
SILVER,SLV,2026-05-11,0.019178082191780823,P,47.0,-0.37361575466940194,0.0,0.02,0.01,0.9062509375,,2,68.29000091552734
SILVER,SLV,2026-05-11,0.019178082191780823,P,50.0,-0.3117403509513146,0.0,0.03,0.01,0.79687703125,7.0,3,68.29000091552734
SILVER,SLV,2026-05-11,0.019178082191780823,P,51.0,-0.29193772365513476,0.0,0.03,0.04,0.7500025,,2,68.29000091552734
SILVER,SLV,2026-05-11,0.019178082191780823,P,53.0,-0.25347144282733874,0.02,0.04,0.03,0.7187528125,1.0,3,68.29000091552734
SILVER,SLV,2026-05-11,0.019178082191780823,P,54.0,-0.23477930981518624,0.01,0.05,0.05,0.6718782812500002,,59,68.29000091552734
SILVER,SLV,2026-05-11,0.019178082191780823,P,55.0,-0.21643017114698965,0.03,0.06,0.07,0.6640658593750002,,10,68.29000091552734
SILVER,SLV,2026-05-11,0.019178082191780823,P,56.0,-0.1984116656443114,0.03,0.07,0.04,0.6289099609375001,17.0,5,68.29000091552734
SILVER,SLV,2026-05-11,0.019178082191780823,P,57.0,-0.18071208854491042,0.04,0.07,0.05,0.5898478515625001,6.0,29,68.29000091552734
SILVER,SLV,2026-05-11,0.019178082191780823,P,58.0,-0.1633203458330413,0.06,0.09,0.06,0.570316796875,52.0,48,68.29000091552734
SILVER,SLV,2026-05-11,0.019178082191780823,P,59.0,-0.14622591247374112,0.07,0.11,0.08,0.5371140039062501,12.0,173,68.29000091552734
SILVER,SLV,2026-05-11,0.019178082191780823,P,59.5,-0.13778704382787646,0.08,0.12,0.1,0.5214891601562499,3.0,47,68.29000091552734
SILVER,SLV,2026-05-11,0.019178082191780823,P,60.0,-0.12941879415735996,0.1,0.12,0.1,0.50586431640625,200.0,330,68.29000091552734
SILVER,SLV,2026-05-11,0.019178082191780823,P,60.5,-0.12111999134266484,0.12,0.16,0.29,0.5048877636718749,,91,68.29000091552734
SILVER,SLV,2026-05-11,0.019178082191780823,P,61.0,-0.11288949220614933,0.15,0.19,0.17,0.500005,79.0,37,68.29000091552734
SILVER,SLV,2026-05-11,0.019178082191780823,P,61.5,-0.10472618156698836,0.18,0.21,0.4,0.49707534179687507,,15,68.29000091552734
SILVER,SLV,2026-05-11,0.019178082191780823,P,62.0,-0.0966289713343691,0.21,0.25,0.22,0.49023947265625006,29.0,18,68.29000091552734
SILVER,SLV,2026-05-11,0.019178082191780823,P,62.5,-0.0885967996371048,0.25,0.29,0.25,0.47949739257812496,3.0,5,68.29000091552734
SILVER,SLV,2026-05-11,0.019178082191780823,P,63.0,-0.0806286299879279,0.3,0.35,0.32,0.47559118164062497,126.0,71,68.29000091552734
SILVER,SLV,2026-05-11,0.019178082191780823,P,63.5,-0.07272345048081459,0.36,0.42,0.35,0.471684970703125,15.0,1,68.29000091552734
SILVER,SLV,2026-05-11,0.019178082191780823,P,64.0,-0.06488027301978867,0.44,0.5,0.45,0.46680220703125,8.0,54,68.29000091552734
SILVER,SLV,2026-05-11,0.019178082191780823,P,64.5,-0.057098132577733815,0.53,0.59,0.56,0.46143116699218756,321.0,325,68.29000091552734
SILVER,SLV,2026-05-11,0.019178082191780823,P,65.0,-0.04937608648382348,0.63,0.69,0.66,0.45508357421875,250.0,102,68.29000091552734
SILVER,SLV,2026-05-11,0.019178082191780823,P,65.5,-0.04171321373825433,0.76,0.83,0.76,0.45606012695312503,75.0,225,68.29000091552734
SILVER,SLV,2026-05-11,0.019178082191780823,P,66.0,-0.03410861435303499,0.9,0.98,0.88,0.4545952978515625,77.0,100,68.29000091552734
SILVER,SLV,2026-05-11,0.019178082191780823,P,66.5,-0.02656140871765217,1.06,1.15,1.05,0.45313046875,274.0,1086,68.29000091552734
SILVER,SLV,2026-05-11,0.019178082191780823,P,67.0,-0.019070736988494538,1.24,1.32,1.18,0.44727115234375,19.0,68,68.29000091552734
SILVER,SLV,2026-05-11,0.019178082191780823,P,67.5,-0.011635758500976432,1.45,1.54,1.42,0.44873598144531246,35.0,75,68.29000091552734
SILVER,SLV,2026-05-11,0.019178082191780823,P,68.0,-0.004255651203353846,1.66,1.77,1.7,0.44775942871093743,73.0,86,68.29000091552734
SILVER,SLV,2026-05-11,0.019178082191780823,P,68.5,0.003070388888718976,1.92,2.03,1.83,0.4489801196289062,87.0,5,68.29000091552734
SILVER,SLV,2026-05-11,0.019178082191780823,P,69.0,0.010343148217798888,2.19,2.31,2.13,0.4497125341796875,358.0,75,68.29000091552734
SILVER,SLV,2026-05-11,0.019178082191780823,P,69.5,0.01756339619128587,2.49,2.61,2.36,0.4506890869140625,52.0,2,68.29000091552734
SILVER,SLV,2026-05-11,0.019178082191780823,P,70.0,0.02473188566989833,2.8,2.92,2.77,0.4497125341796875,155.0,129,68.29000091552734
SILVER,SLV,2026-05-11,0.019178082191780823,P,70.5,0.03184935343876244,3.1,3.3,3.04,0.46094289062500005,15.0,1,68.29000091552734
SILVER,SLV,2026-05-11,0.019178082191780823,P,71.0,0.03891652066185481,3.45,3.7,3.19,0.47461462890625,20.0,8,68.29000091552734
SILVER,SLV,2026-05-11,0.019178082191780823,P,71.5,0.04593409332050128,3.85,4.05,6.0,0.47070841796875,,1,68.29000091552734
SILVER,SLV,2026-05-11,0.019178082191780823,P,72.0,0.052902762636594755,4.2,4.5,4.25,0.4907277490234375,31.0,5,68.29000091552734
SILVER,SLV,2026-05-11,0.019178082191780823,P,72.5,0.05982320548116846,4.65,4.9,6.15,0.49414568359375005,,1,68.29000091552734
SILVER,SLV,2026-05-11,0.019178082191780823,P,73.0,0.06669608476893062,5.1,5.35,4.88,0.5097705273437501,5.0,3,68.29000091552734
SILVER,SLV,2026-05-11,0.019178082191780823,P,74.0,0.08030173682470909,5.95,6.2,8.04,0.516606396484375,,1,68.29000091552734
SILVER,SLV,2026-05-11,0.019178082191780823,P,75.0,0.09372475715684983,6.9,7.15,10.25,0.551762294921875,,4,68.29000091552734
SILVER,SLV,2026-05-11,0.019178082191780823,P,76.0,0.10696998390687051,7.8,8.1,11.27,0.507817421875,,100,68.29000091552734
SILVER,SLV,2026-05-11,0.019178082191780823,P,79.0,0.14568449608756087,10.7,11.0,12.37,0.56836369140625,,2,68.29000091552734
SILVER,SLV,2026-05-11,0.019178082191780823,P,80.0,0.15826327829442102,11.7,12.0,11.67,0.6054726953125001,4.0,0,68.29000091552734
SILVER,SLV,2026-05-11,0.019178082191780823,P,84.0,0.20705344246385302,15.65,15.95,18.13,0.69336244140625,,0,68.29000091552734
SILVER,SLV,2026-05-11,0.019178082191780823,P,85.0,0.2188879001108559,16.65,16.95,20.2,0.7246121289062499,,0,68.29000091552734
SILVER,SLV,2026-05-11,0.019178082191780823,P,92.0,0.2980252206695797,23.55,23.95,27.35,0.8320329296874999,,0,68.29000091552734
SILVER,SLV,2026-05-29,0.0684931506849315,C,20.0,-1.2280310828254697,48.15,48.45,49.48,1.5937520312499998,,1,68.29000091552734
SILVER,SLV,2026-05-29,0.0684931506849315,C,35.0,-0.668415294890047,33.25,33.5,33.86,1.1445355273437499,,1,68.29000091552734
SILVER,SLV,2026-05-29,0.0684931506849315,C,40.0,-0.5348839022655243,28.25,28.5,28.42,0.9335944140625,2.0,9,68.29000091552734
SILVER,SLV,2026-05-29,0.0684931506849315,C,45.0,-0.41710086660914075,23.3,23.55,24.51,0.8085956640624999,3.0,3,68.29000091552734
SILVER,SLV,2026-05-29,0.0684931506849315,C,50.0,-0.3117403509513146,18.25,18.6,16.76,0.6289099609375001,1.0,29,68.29000091552734
SILVER,SLV,2026-05-29,0.0684931506849315,C,55.0,-0.21643017114698965,13.4,13.75,13.71,0.5419967675781252,1.0,4,68.29000091552734
SILVER,SLV,2026-05-29,0.0684931506849315,C,58.5,-0.1547366021416498,10.25,10.5,10.75,0.5107470800781251,2.0,0,68.29000091552734
SILVER,SLV,2026-05-29,0.0684931506849315,C,60.0,-0.12941879415735996,8.9,9.2,9.4,0.5258836474609375,2.0,3884,68.29000091552734
SILVER,SLV,2026-05-29,0.0684931506849315,C,61.0,-0.11288949220614933,8.1,8.35,8.5,0.5122119091796875,13.0,14,68.29000091552734
SILVER,SLV,2026-05-29,0.0684931506849315,C,61.5,-0.10472618156698836,7.7,7.95,8.06,0.5085498364257812,18.0,212,68.29000091552734
SILVER,SLV,2026-05-29,0.0684931506849315,C,62.0,-0.0966289713343691,7.3,7.55,7.25,0.5034229345703125,2.0,12,68.29000091552734
SILVER,SLV,2026-05-29,0.0684931506849315,C,62.5,-0.0885967996371048,6.95,7.2,7.44,0.50586431640625,3.0,12,68.29000091552734
SILVER,SLV,2026-05-29,0.0684931506849315,C,63.0,-0.0806286299879279,6.55,6.8,6.76,0.4982960327148438,1.0,163,68.29000091552734
SILVER,SLV,2026-05-29,0.0684931506849315,C,63.5,-0.07272345048081459,6.2,6.45,4.1,0.4975636181640626,17.0,27,68.29000091552734
SILVER,SLV,2026-05-29,0.0684931506849315,C,64.0,-0.06488027301978867,5.85,6.1,6.1,0.495122236328125,3.0,50,68.29000091552734
SILVER,SLV,2026-05-29,0.0684931506849315,C,64.5,-0.057098132577733815,5.55,5.75,5.75,0.4914601635742188,6.0,10,68.29000091552734
SILVER,SLV,2026-05-29,0.0684931506849315,C,65.0,-0.04937608648382348,5.25,5.4,5.32,0.48608912353515626,62.0,248,68.29000091552734
SILVER,SLV,2026-05-29,0.0684931506849315,C,65.5,-0.04171321373825433,4.95,5.1,5.05,0.48682153808593753,85.0,73,68.29000091552734
SILVER,SLV,2026-05-29,0.0684931506849315,C,66.0,-0.03410861435303499,4.65,4.8,4.69,0.4858449853515625,53.0,188,68.29000091552734
SILVER,SLV,2026-05-29,0.0684931506849315,C,66.5,-0.02656140871765217,4.35,4.5,4.55,0.48340360351562506,77.0,29,68.29000091552734
SILVER,SLV,2026-05-29,0.0684931506849315,C,67.0,-0.019070736988494538,4.1,4.25,4.3,0.48633326171875,153.0,494,68.29000091552734
SILVER,SLV,2026-05-29,0.0684931506849315,C,67.5,-0.011635758500976432,3.85,3.95,3.85,0.4809622216796875,14.0,89,68.29000091552734
SILVER,SLV,2026-05-29,0.0684931506849315,C,68.0,-0.004255651203353846,3.6,3.7,3.65,0.4809622216796875,58.0,367,68.29000091552734
SILVER,SLV,2026-05-29,0.0684931506849315,C,68.5,0.003070388888718976,3.35,3.5,3.6,0.4858449853515625,129.0,281,68.29000091552734
SILVER,SLV,2026-05-29,0.0684931506849315,C,69.0,0.010343148217798888,3.1,3.25,3.26,0.48291532714843755,339.0,777,68.29000091552734
SILVER,SLV,2026-05-29,0.0684931506849315,C,69.5,0.01756339619128587,2.93,3.05,3.02,0.4848684326171875,21.0,108,68.29000091552734
SILVER,SLV,2026-05-29,0.0684931506849315,C,70.0,0.02473188566989833,2.73,2.83,2.76,0.48291532714843755,2022.0,579,68.29000091552734
SILVER,SLV,2026-05-29,0.0684931506849315,C,70.5,0.03184935343876244,2.55,2.64,2.6,0.4836477416992188,182.0,75,68.29000091552734
SILVER,SLV,2026-05-29,0.0684931506849315,C,71.0,0.03891652066185481,2.37,2.46,2.47,0.48413601806640627,161.0,433,68.29000091552734
SILVER,SLV,2026-05-29,0.0684931506849315,C,71.5,0.04593409332050128,2.21,2.29,2.35,0.4848684326171875,70.0,152,68.29000091552734
SILVER,SLV,2026-05-29,0.0684931506849315,C,72.0,0.052902762636594755,2.07,2.14,2.11,0.4870656762695313,664.0,1182,68.29000091552734
SILVER,SLV,2026-05-29,0.0684931506849315,C,72.5,0.05982320548116846,1.91,2.0,2.13,0.4892629199218751,85.0,282,68.29000091552734
SILVER,SLV,2026-05-29,0.0684931506849315,C,73.0,0.06669608476893062,1.78,1.86,1.85,0.49023947265625006,190.0,211,68.29000091552734
SILVER,SLV,2026-05-29,0.0684931506849315,C,73.5,0.0735220498393304,1.66,1.73,1.82,0.49170430175781255,36.0,71,68.29000091552734
SILVER,SLV,2026-05-29,0.0684931506849315,C,74.0,0.08030173682470909,1.55,1.61,1.58,0.4931691308593751,61.0,289,68.29000091552734
SILVER,SLV,2026-05-29,0.0684931506849315,C,75.0,0.09372475715684983,1.34,1.39,1.37,0.49609878906250005,2722.0,4341,68.29000091552734
SILVER,SLV,2026-05-29,0.0684931506849315,C,76.0,0.10696998390687051,1.15,1.22,1.19,0.5026905200195313,59.0,733,68.29000091552734
SILVER,SLV,2026-05-29,0.0684931506849315,C,77.0,0.12004206547422333,1.02,1.07,1.02,0.5043994873046875,156.0,3656,68.29000091552734
SILVER,SLV,2026-05-29,0.0684931506849315,C,78.0,0.13294547031013107,0.87,0.92,0.97,0.506840869140625,75.0,177,68.29000091552734
SILVER,SLV,2026-05-29,0.0684931506849315,C,79.0,0.14568449608756087,0.76,0.8,0.86,0.5122119091796875,233.0,129,68.29000091552734
SILVER,SLV,2026-05-29,0.0684931506849315,C,80.0,0.15826327829442102,0.67,0.7,0.69,0.5190477783203125,266.0,2097,68.29000091552734
SILVER,SLV,2026-05-29,0.0684931506849315,C,81.0,0.17068579829297822,0.59,0.62,0.68,0.526371923828125,7.0,108,68.29000091552734
SILVER,SLV,2026-05-29,0.0684931506849315,C,82.0,0.18295589088479244,0.52,0.55,0.56,0.53320779296875,46.0,423,68.29000091552734
SILVER,SLV,2026-05-29,0.0684931506849315,C,83.0,0.1950772514171373,0.46,0.5,0.51,0.5419967675781252,37.0,150,68.29000091552734
SILVER,SLV,2026-05-29,0.0684931506849315,C,84.0,0.20705344246385302,0.41,0.45,0.43,0.5502974658203126,12.0,393,68.29000091552734
SILVER,SLV,2026-05-29,0.0684931506849315,C,85.0,0.2188879001108559,0.37,0.4,0.43,0.5576216113281252,232.0,471,68.29000091552734
SILVER,SLV,2026-05-29,0.0684931506849315,C,86.0,0.23058393987404724,0.33,0.37,0.38,0.567387138671875,8.0,94,68.29000091552734
SILVER,SLV,2026-05-29,0.0684931506849315,C,87.0,0.24214476227512308,0.3,0.34,0.34,0.577152666015625,17.0,1857,68.29000091552734
SILVER,SLV,2026-05-29,0.0684931506849315,C,88.0,0.2535734580987459,0.27,0.31,0.28,0.584965087890625,17.0,146,68.29000091552734
SILVER,SLV,2026-05-29,0.0684931506849315,C,89.0,0.26487301335267927,0.24,0.28,0.28,0.5913126806640626,7.0,95,68.29000091552734
SILVER,SLV,2026-05-29,0.0684931506849315,C,90.0,0.27604631395080453,0.22,0.27,0.26,0.6035195898437502,486.0,309,68.29000091552734
SILVER,SLV,2026-05-29,0.0684931506849315,C,91.0,0.28709615013738937,0.2,0.25,0.25,0.6123085644531252,8.0,20,68.29000091552734
SILVER,SLV,2026-05-29,0.0684931506849315,C,92.0,0.2980252206695797,0.19,0.23,0.21,0.622074091796875,3.0,125,68.29000091552734
SILVER,SLV,2026-05-29,0.0684931506849315,C,95.0,0.33011353522108017,0.15,0.19,0.18,0.649417568359375,13.0,341,68.29000091552734
SILVER,SLV,2026-05-29,0.0684931506849315,C,100.0,0.38140682960863076,0.11,0.13,0.12,0.6894562304687502,8.0,320,68.29000091552734
SILVER,SLV,2026-05-29,0.0684931506849315,C,105.0,0.4301969937780628,0.09,0.12,0.12,0.7460962890625,4.0,215,68.29000091552734
SILVER,SLV,2026-05-29,0.0684931506849315,C,110.0,0.47671700941295564,0.07,0.1,0.09,0.789064609375,9.0,119,68.29000091552734
SILVER,SLV,2026-05-29,0.0684931506849315,C,115.0,0.5211687719837895,0.05,0.09,0.06,0.8281267187499999,10.0,47,68.29000091552734
SILVER,SLV,2026-05-29,0.0684931506849315,C,120.0,0.5637283864025854,0.04,0.08,0.07,0.867188828125,305.0,654,68.29000091552734
SILVER,SLV,2026-05-29,0.0684931506849315,C,125.0,0.6045503809228405,0.04,0.07,0.05,0.9101571484375,31.0,1129,68.29000091552734
SILVER,SLV,2026-05-29,0.0684931506849315,P,25.0,-1.0048875315112598,0.0,0.04,0.01,1.40625296875,2.0,2,68.29000091552734
SILVER,SLV,2026-05-29,0.0684931506849315,P,30.0,-0.8225659747173053,0.0,0.03,0.02,1.125004375,50.0,53,68.29000091552734
SILVER,SLV,2026-05-29,0.0684931506849315,P,35.0,-0.668415294890047,0.0,0.03,0.02,0.92187578125,1.0,9,68.29000091552734
SILVER,SLV,2026-05-29,0.0684931506849315,P,40.0,-0.5348839022655243,0.02,0.04,0.03,0.8125018749999999,1.0,29,68.29000091552734
SILVER,SLV,2026-05-29,0.0684931506849315,P,45.0,-0.41710086660914075,0.03,0.06,0.04,0.6835969140625001,2.0,137,68.29000091552734
SILVER,SLV,2026-05-29,0.0684931506849315,P,50.0,-0.3117403509513146,0.08,0.11,0.1,0.5918009570312501,18.0,552,68.29000091552734
SILVER,SLV,2026-05-29,0.0684931506849315,P,55.0,-0.21643017114698965,0.21,0.24,0.23,0.514653291015625,386.0,1421,68.29000091552734
SILVER,SLV,2026-05-29,0.0684931506849315,P,58.5,-0.1547366021416498,0.46,0.49,0.46,0.48389187988281257,60.0,44,68.29000091552734
SILVER,SLV,2026-05-29,0.0684931506849315,P,59.0,-0.14622591247374112,0.52,0.55,0.52,0.481450498046875,21.0,6,68.29000091552734
SILVER,SLV,2026-05-29,0.0684931506849315,P,60.0,-0.12941879415735996,0.65,0.7,0.67,0.47852083984375,338.0,1927,68.29000091552734
SILVER,SLV,2026-05-29,0.0684931506849315,P,61.0,-0.11288949220614933,0.82,0.88,0.77,0.47559118164062497,40.0,258,68.29000091552734
SILVER,SLV,2026-05-29,0.0684931506849315,P,61.5,-0.10472618156698836,0.91,0.97,0.92,0.471684970703125,73.0,285,68.29000091552734
SILVER,SLV,2026-05-29,0.0684931506849315,P,62.0,-0.0966289713343691,1.02,1.07,1.04,0.4682670361328125,51.0,369,68.29000091552734
SILVER,SLV,2026-05-29,0.0684931506849315,P,62.5,-0.0885967996371048,1.14,1.19,1.19,0.4672904833984375,28.0,229,68.29000091552734
SILVER,SLV,2026-05-29,0.0684931506849315,P,63.0,-0.0806286299879279,1.26,1.34,1.29,0.4694877270507813,67.0,313,68.29000091552734
SILVER,SLV,2026-05-29,0.0684931506849315,P,63.5,-0.07272345048081459,1.4,1.48,1.4,0.4682670361328125,15.0,902,68.29000091552734
SILVER,SLV,2026-05-29,0.0684931506849315,P,64.0,-0.06488027301978867,1.54,1.62,1.54,0.46533737792968755,165.0,2085,68.29000091552734
SILVER,SLV,2026-05-29,0.0684931506849315,P,64.5,-0.057098132577733815,1.71,1.79,1.71,0.46533737792968755,11.0,358,68.29000091552734
SILVER,SLV,2026-05-29,0.0684931506849315,P,65.0,-0.04937608648382348,1.88,1.97,1.88,0.46533737792968755,172.0,687,68.29000091552734
SILVER,SLV,2026-05-29,0.0684931506849315,P,65.5,-0.04171321373825433,2.07,2.16,2.01,0.4650932397460938,107.0,225,68.29000091552734
SILVER,SLV,2026-05-29,0.0684931506849315,P,66.0,-0.03410861435303499,2.27,2.35,2.3,0.4631401342773438,71.0,544,68.29000091552734
SILVER,SLV,2026-05-29,0.0684931506849315,P,66.5,-0.02656140871765217,2.48,2.57,2.37,0.463872548828125,35.0,832,68.29000091552734
SILVER,SLV,2026-05-29,0.0684931506849315,P,67.0,-0.019070736988494538,2.7,2.8,2.61,0.4643608251953125,46.0,981,68.29000091552734
SILVER,SLV,2026-05-29,0.0684931506849315,P,67.5,-0.011635758500976432,2.94,3.05,2.83,0.4660697924804688,27.0,640,68.29000091552734
SILVER,SLV,2026-05-29,0.0684931506849315,P,68.0,-0.004255651203353846,3.15,3.3,3.2,0.4660697924804688,158.0,855,68.29000091552734
SILVER,SLV,2026-05-29,0.0684931506849315,P,68.5,0.003070388888718976,3.45,3.6,3.48,0.47119669433593747,89.0,37,68.29000091552734
SILVER,SLV,2026-05-29,0.0684931506849315,P,69.0,0.010343148217798888,3.7,3.85,3.7,0.46802289794921875,32.0,340,68.29000091552734
SILVER,SLV,2026-05-29,0.0684931506849315,P,69.5,0.01756339619128587,4.0,4.15,3.82,0.47022014160156256,2.0,248,68.29000091552734
SILVER,SLV,2026-05-29,0.0684931506849315,P,70.0,0.02473188566989833,4.3,4.45,4.25,0.47070841796875,20.0,429,68.29000091552734
SILVER,SLV,2026-05-29,0.0684931506849315,P,70.5,0.03184935343876244,4.6,4.75,7.23,0.4699760034179688,10.0,51,68.29000091552734
SILVER,SLV,2026-05-29,0.0684931506849315,P,71.0,0.03891652066185481,4.95,5.1,4.87,0.47461462890625,50.0,409,68.29000091552734
SILVER,SLV,2026-05-29,0.0684931506849315,P,71.5,0.04593409332050128,5.25,5.45,5.15,0.47803256347656253,50.0,1002,68.29000091552734
SILVER,SLV,2026-05-29,0.0684931506849315,P,72.0,0.052902762636594755,5.6,5.8,5.45,0.47998566894531247,6.0,109,68.29000091552734
SILVER,SLV,2026-05-29,0.0684931506849315,P,72.5,0.05982320548116846,5.95,6.15,6.0,0.48071808349609374,1.0,240,68.29000091552734
SILVER,SLV,2026-05-29,0.0684931506849315,P,73.0,0.06669608476893062,6.3,6.55,6.44,0.48730981445312505,46.0,147,68.29000091552734
SILVER,SLV,2026-05-29,0.0684931506849315,P,73.5,0.0735220498393304,6.65,6.9,8.22,0.48560084716796875,1.0,172,68.29000091552734
SILVER,SLV,2026-05-29,0.0684931506849315,P,74.0,0.08030173682470909,7.1,7.35,6.59,0.49805189453125004,10.0,81,68.29000091552734
SILVER,SLV,2026-05-29,0.0684931506849315,P,75.0,0.09372475715684983,7.85,8.1,7.55,0.49609878906250005,1.0,144,68.29000091552734
SILVER,SLV,2026-05-29,0.0684931506849315,P,76.0,0.10696998390687051,8.7,8.95,8.22,0.5063525927734375,1.0,288,68.29000091552734
SILVER,SLV,2026-05-29,0.0684931506849315,P,77.0,0.12004206547422333,9.55,9.8,8.99,0.5129443237304687,7.0,33,68.29000091552734
SILVER,SLV,2026-05-29,0.0684931506849315,P,78.0,0.13294547031013107,10.4,10.75,10.3,0.5009815527343751,4.0,18,68.29000091552734
SILVER,SLV,2026-05-29,0.0684931506849315,P,79.0,0.14568449608756087,11.25,11.55,12.75,0.52539537109375,6.0,12,68.29000091552734
SILVER,SLV,2026-05-29,0.0684931506849315,P,80.0,0.15826327829442102,12.2,12.45,11.9,0.5024463818359376,2.0,19,68.29000091552734
SILVER,SLV,2026-05-29,0.0684931506849315,P,81.0,0.17068579829297822,13.1,13.4,14.84,0.5092822509765625,1.0,5,68.29000091552734
SILVER,SLV,2026-05-29,0.0684931506849315,P,82.0,0.18295589088479244,14.05,14.3,10.65,0.5136767382812499,6.0,16,68.29000091552734
SILVER,SLV,2026-05-29,0.0684931506849315,P,83.0,0.1950772514171373,15.0,15.3,16.71,0.5302781347656251,7.0,12,68.29000091552734
SILVER,SLV,2026-05-29,0.0684931506849315,P,84.0,0.20705344246385302,15.95,16.25,15.67,0.5371140039062501,5.0,10,68.29000091552734
SILVER,SLV,2026-05-29,0.0684931506849315,P,85.0,0.2188879001108559,16.9,17.2,16.9,0.5419967675781252,1.0,39,68.29000091552734
SILVER,SLV,2026-05-29,0.0684931506849315,P,86.0,0.23058393987404724,17.8,18.2,19.77,0.543949873046875,1.0,10,68.29000091552734
SILVER,SLV,2026-05-29,0.0684931506849315,P,87.0,0.24214476227512308,18.25,19.5,22.3,0.5048877636718749,1.0,4,68.29000091552734
SILVER,SLV,2026-05-29,0.0684931506849315,P,89.0,0.26487301335267927,20.65,21.1,20.58,0.5419967675781252,25.0,9,68.29000091552734
SILVER,SLV,2026-05-29,0.0684931506849315,P,90.0,0.27604631395080453,21.15,22.5,16.6,0.5273484765625001,10.0,31,68.29000091552734
SILVER,SLV,2026-05-29,0.0684931506849315,P,91.0,0.28709615013738937,22.15,23.4,23.63,0.7841818457031251,2.0,1,68.29000091552734
SILVER,SLV,2026-05-29,0.0684931506849315,P,92.0,0.2980252206695797,23.1,24.55,23.3,0.56055126953125,1.0,1,68.29000091552734
SILVER,SLV,2026-05-29,0.0684931506849315,P,100.0,0.38140682960863076,30.7,32.7,29.55,1.05078599609375,1.0,3,68.29000091552734
SILVER,SLV,2026-06-30,0.15616438356164383,C,25.0,-1.0048875315112598,43.15,43.5,43.8,1.0078174609375,20.0,22,68.29000091552734
SILVER,SLV,2026-06-30,0.15616438356164383,C,26.0,-0.9656668183579786,42.25,42.5,40.3,1.0859420703125,4.0,15,68.29000091552734
SILVER,SLV,2026-06-30,0.15616438356164383,C,28.0,-0.8915588462042567,40.15,40.55,38.57,0.9609378906249999,1.0,12,68.29000091552734
SILVER,SLV,2026-06-30,0.15616438356164383,C,30.0,-0.8225659747173053,38.2,38.55,38.5,0.9335944140625,2.0,215,68.29000091552734
SILVER,SLV,2026-06-30,0.15616438356164383,C,30.5,-0.8060366727660947,49.0,52.85,73.67,4.1733446270751955,,2,68.29000091552734
SILVER,SLV,2026-06-30,0.15616438356164383,C,31.0,-0.7897761518943144,42.5,43.95,32.55,2.6328159179687503,1.0,10,68.29000091552734
SILVER,SLV,2026-06-30,0.15616438356164383,C,31.5,-0.7737758105478733,39.7,43.65,48.3,2.3745157824707026,,3,68.29000091552734
SILVER,SLV,2026-06-30,0.15616438356164383,C,32.0,-0.758027453579734,36.2,36.55,36.15,0.867188828125,2.0,310,68.29000091552734
SILVER,SLV,2026-06-30,0.15616438356164383,C,33.0,-0.7272557949129803,35.2,35.65,35.5,0.8945323046874999,4.0,212,68.29000091552734
SILVER,SLV,2026-06-30,0.15616438356164383,C,34.0,-0.6974028317632992,34.25,34.6,38.6,0.86132951171875,5.0,964,68.29000091552734
SILVER,SLV,2026-06-30,0.15616438356164383,C,35.0,-0.668415294890047,33.3,33.6,30.15,0.851563984375,1.0,620,68.29000091552734
SILVER,SLV,2026-06-30,0.15616438356164383,C,36.0,-0.6402444179233505,32.35,32.6,32.85,0.8398453515625,6.0,628,68.29000091552734
SILVER,SLV,2026-06-30,0.15616438356164383,C,36.5,-0.6264510957910147,31.75,32.1,32.05,0.7812521875,7.0,1111,68.29000091552734
SILVER,SLV,2026-06-30,0.15616438356164383,C,37.0,-0.6128454437352362,31.3,31.7,29.3,0.8261736132812498,4.0,783,68.29000091552734
SILVER,SLV,2026-06-30,0.15616438356164383,C,37.5,-0.5994224234030955,30.75,31.15,34.95,0.773439765625,2.0,586,68.29000091552734
SILVER,SLV,2026-06-30,0.15616438356164383,C,38.0,-0.5861771966530748,30.25,30.65,30.8,0.7578149218750001,1.0,693,68.29000091552734
SILVER,SLV,2026-06-30,0.15616438356164383,C,38.5,-0.5731051150857219,29.75,30.15,36.15,0.7421900781249999,1.0,157,68.29000091552734
SILVER,SLV,2026-06-30,0.15616438356164383,C,39.0,-0.5602017102498142,29.35,29.65,29.85,0.762697685546875,5.0,590,68.29000091552734
SILVER,SLV,2026-06-30,0.15616438356164383,C,39.5,-0.5474626844723844,28.8,29.15,35.5,0.7304714453125,5.0,218,68.29000091552734
SILVER,SLV,2026-06-30,0.15616438356164383,C,40.0,-0.5348839022655243,28.35,28.65,29.75,0.7324245507812499,1.0,1683,68.29000091552734
SILVER,SLV,2026-06-30,0.15616438356164383,C,40.5,-0.522461382266967,27.8,28.2,28.49,0.717776259765625,10.0,39,68.29000091552734
SILVER,SLV,2026-06-30,0.15616438356164383,C,41.0,-0.5101912896751529,27.3,27.7,27.5,0.70312796875,2.0,414,68.29000091552734
SILVER,SLV,2026-06-30,0.15616438356164383,C,41.5,-0.498069929142808,26.85,27.2,32.85,0.70312796875,3.0,284,68.29000091552734
SILVER,SLV,2026-06-30,0.15616438356164383,C,42.0,-0.4860937380960923,26.35,26.7,32.4,0.6884796777343751,5.0,210,68.29000091552734
SILVER,SLV,2026-06-30,0.15616438356164383,C,42.5,-0.4742592804490894,25.85,26.2,22.55,0.6738313867187502,1.0,320,68.29000091552734
SILVER,SLV,2026-06-30,0.15616438356164383,C,43.0,-0.4625632406858981,25.4,25.75,28.6,0.684573466796875,1.0,237,68.29000091552734
SILVER,SLV,2026-06-30,0.15616438356164383,C,43.5,-0.45100241828482224,24.85,25.35,22.5,0.6816438085937502,1.0,524,68.29000091552734
SILVER,SLV,2026-06-30,0.15616438356164383,C,44.0,-0.4395737224611994,24.4,24.75,30.17,0.6557651611328126,2.0,640,68.29000091552734
SILVER,SLV,2026-06-30,0.15616438356164383,C,44.5,-0.428274167207266,23.9,24.25,18.37,0.641605146484375,32.0,383,68.29000091552734
SILVER,SLV,2026-06-30,0.15616438356164383,C,45.0,-0.41710086660914075,23.45,23.75,24.2,0.6381872119140625,4.0,3188,68.29000091552734
SILVER,SLV,2026-06-30,0.15616438356164383,C,45.5,-0.4060510304225559,22.9,23.3,21.56,0.624027197265625,1.0,525,68.29000091552734
SILVER,SLV,2026-06-30,0.15616438356164383,C,46.0,-0.3951219598903656,22.45,22.8,22.79,0.6201209863281252,50.0,1675,68.29000091552734
SILVER,SLV,2026-06-30,0.15616438356164383,C,46.5,-0.38431104378614994,21.95,22.3,19.4,0.6054726953125001,1.0,1624,68.29000091552734
SILVER,SLV,2026-06-30,0.15616438356164383,C,47.0,-0.37361575466940194,21.45,21.8,21.53,0.5918009570312501,44.0,5309,68.29000091552734
SILVER,SLV,2026-06-30,0.15616438356164383,C,47.5,-0.3630336453388651,21.0,21.35,17.9,0.59570716796875,7.0,767,68.29000091552734
SILVER,SLV,2026-06-30,0.15616438356164383,C,48.0,-0.35256234547156967,20.5,20.85,24.75,0.5820354296875,2.0,1416,68.29000091552734
SILVER,SLV,2026-06-30,0.15616438356164383,C,48.5,-0.34219955843602307,20.0,20.4,20.5,0.57617611328125,14.0,983,68.29000091552734
SILVER,SLV,2026-06-30,0.15616438356164383,C,49.0,-0.3319430582688339,19.55,19.9,26.16,0.5698285205078125,20.0,307,68.29000091552734
SILVER,SLV,2026-06-30,0.15616438356164383,C,49.5,-0.32179068680481604,19.05,19.45,20.01,0.5634809277343751,1.0,639,68.29000091552734
SILVER,SLV,2026-06-30,0.15616438356164383,C,50.0,-0.3117403509513146,18.6,18.95,17.25,0.5566450585937501,4.0,1250,68.29000091552734
SILVER,SLV,2026-06-30,0.15616438356164383,C,50.5,-0.3017900200981464,18.15,18.5,18.35,0.5561567822265626,1.0,917,68.29000091552734
SILVER,SLV,2026-06-30,0.15616438356164383,C,51.0,-0.29193772365513476,17.65,18.0,20.8,0.5415084912109377,10.0,253,68.29000091552734
SILVER,SLV,2026-06-30,0.15616438356164383,C,51.5,-0.2821815487097702,17.25,17.55,18.3,0.5459029785156251,8.0,450,68.29000091552734
SILVER,SLV,2026-06-30,0.15616438356164383,C,52.0,-0.2725196377980333,16.75,17.1,16.93,0.5376022802734376,25.0,1079,68.29000091552734
SILVER,SLV,2026-06-30,0.15616438356164383,C,53.0,-0.25347144282733874,15.85,16.2,16.29,0.5302781347656251,56.0,1748,68.29000091552734
SILVER,SLV,2026-06-30,0.15616438356164383,C,53.5,-0.24408170247749966,15.4,15.65,16.06,0.51562984375,2.0,1282,68.29000091552734
SILVER,SLV,2026-06-30,0.15616438356164383,C,54.0,-0.23477930981518624,15.0,15.2,16.05,0.5161181201171875,5.0,298,68.29000091552734
SILVER,SLV,2026-06-30,0.15616438356164383,C,54.5,-0.2255626547102622,14.55,14.85,15.3,0.5200243310546875,1.0,239,68.29000091552734
SILVER,SLV,2026-06-30,0.15616438356164383,C,55.0,-0.21643017114698965,14.1,14.35,14.92,0.5092822509765625,1.0,4206,68.29000091552734
SILVER,SLV,2026-06-30,0.15616438356164383,C,55.5,-0.2073803356270717,13.65,13.9,14.3,0.5029346582031251,5.0,39,68.29000091552734
SILVER,SLV,2026-06-30,0.15616438356164383,C,56.0,-0.1984116656443114,13.3,13.5,13.5,0.5083056982421875,5.0,2331,68.29000091552734
SILVER,SLV,2026-06-30,0.15616438356164383,C,56.5,-0.18952271822706535,18.2,18.5,18.05,1.1637004705810547,1.0,47,68.29000091552734
SILVER,SLV,2026-06-30,0.15616438356164383,C,57.0,-0.18071208854491042,12.45,12.7,10.87,0.5039112109375,1.0,236,68.29000091552734
SILVER,SLV,2026-06-30,0.15616438356164383,C,57.5,-0.1719784085761558,12.0,12.25,12.6,0.5131884619140624,6.0,526,68.29000091552734
SILVER,SLV,2026-06-30,0.15616438356164383,C,58.0,-0.1633203458330413,11.6,11.85,11.67,0.5105029418945313,23.0,1382,68.29000091552734
SILVER,SLV,2026-06-30,0.15616438356164383,C,58.5,-0.1547366021416498,11.15,11.45,12.75,0.5070850073242188,14.0,58,68.29000091552734
SILVER,SLV,2026-06-30,0.15616438356164383,C,59.0,-0.14622591247374112,10.8,11.05,11.95,0.5031787963867188,1.0,325,68.29000091552734
SILVER,SLV,2026-06-30,0.15616438356164383,C,59.5,-0.13778704382787646,10.4,10.65,10.1,0.4985401708984375,1.0,730,68.29000091552734
SILVER,SLV,2026-06-30,0.15616438356164383,C,60.0,-0.12941879415735996,10.05,10.3,10.2,0.49927258544921876,25.0,5380,68.29000091552734
SILVER,SLV,2026-06-30,0.15616438356164383,C,60.5,-0.12111999134266484,9.65,9.9,8.1,0.49341326904296884,3.0,100,68.29000091552734
SILVER,SLV,2026-06-30,0.15616438356164383,C,61.0,-0.11288949220614933,9.3,9.55,7.88,0.4929249926757813,3.0,1322,68.29000091552734
SILVER,SLV,2026-06-30,0.15616438356164383,C,61.5,-0.10472618156698836,9.0,9.25,9.3,0.4968312036132813,2.0,136,68.29000091552734
SILVER,SLV,2026-06-30,0.15616438356164383,C,62.0,-0.0966289713343691,8.6,8.85,9.0,0.4892629199218751,2.0,531,68.29000091552734
SILVER,SLV,2026-06-30,0.15616438356164383,C,62.5,-0.0885967996371048,8.35,8.55,8.45,0.49158223266601564,33.0,1099,68.29000091552734
SILVER,SLV,2026-06-30,0.15616438356164383,C,63.0,-0.0806286299879279,8.0,8.2,6.95,0.48779809082031256,2.0,2008,68.29000091552734
SILVER,SLV,2026-06-30,0.15616438356164383,C,63.5,-0.07272345048081459,7.7,7.85,8.0,0.4836477416992188,3.0,280,68.29000091552734
SILVER,SLV,2026-06-30,0.15616438356164383,C,64.0,-0.06488027301978867,7.4,7.6,6.36,0.4885305053710938,56.0,1120,68.29000091552734
SILVER,SLV,2026-06-30,0.15616438356164383,C,64.5,-0.057098132577733815,7.15,7.25,7.65,0.48291532714843755,13.0,776,68.29000091552734
SILVER,SLV,2026-06-30,0.15616438356164383,C,65.0,-0.04937608648382348,6.85,7.0,7.51,0.48633326171875,12.0,1856,68.29000091552734
SILVER,SLV,2026-06-30,0.15616438356164383,C,65.5,-0.04171321373825433,6.55,6.75,6.8,0.4888967126464845,1.0,768,68.29000091552734
SILVER,SLV,2026-06-30,0.15616438356164383,C,66.0,-0.03410861435303499,6.3,6.45,6.4,0.4859670544433594,140.0,1656,68.29000091552734
SILVER,SLV,2026-06-30,0.15616438356164383,C,66.5,-0.02656140871765217,6.05,6.15,6.4,0.48242705078125003,13.0,1102,68.29000091552734
SILVER,SLV,2026-06-30,0.15616438356164383,C,67.0,-0.019070736988494538,5.8,5.9,5.93,0.4826711889648438,53.0,581,68.29000091552734
SILVER,SLV,2026-06-30,0.15616438356164383,C,67.5,-0.011635758500976432,5.55,5.7,5.62,0.4870656762695313,1233.0,370,68.29000091552734
SILVER,SLV,2026-06-30,0.15616438356164383,C,68.0,-0.004255651203353846,5.35,5.45,5.4,0.4859670544433594,1240.0,908,68.29000091552734
SILVER,SLV,2026-06-30,0.15616438356164383,C,68.5,0.003070388888718976,5.1,5.25,5.25,0.4887746435546876,70.0,503,68.29000091552734
SILVER,SLV,2026-06-30,0.15616438356164383,C,69.0,0.010343148217798888,4.9,5.0,4.94,0.48633326171875,98.0,1356,68.29000091552734
SILVER,SLV,2026-06-30,0.15616438356164383,C,69.5,0.01756339619128587,4.7,4.8,5.0,0.48792015991210946,28.0,1378,68.29000091552734
SILVER,SLV,2026-06-30,0.15616438356164383,C,70.0,0.02473188566989833,4.5,4.6,4.67,0.4887746435546876,543.0,4058,68.29000091552734
SILVER,SLV,2026-06-30,0.15616438356164383,C,70.5,0.03184935343876244,4.3,4.45,4.91,0.4935353381347657,4.0,797,68.29000091552734
SILVER,SLV,2026-06-30,0.15616438356164383,C,71.0,0.03891652066185481,4.15,4.25,4.21,0.4931691308593751,74.0,2335,68.29000091552734
SILVER,SLV,2026-06-30,0.15616438356164383,C,71.5,0.04593409332050128,3.95,4.05,3.1,0.49207050903320315,5.0,530,68.29000091552734
SILVER,SLV,2026-06-30,0.15616438356164383,C,72.0,0.052902762636594755,3.8,3.9,3.92,0.4950001672363281,75.0,1406,68.29000091552734
SILVER,SLV,2026-06-30,0.15616438356164383,C,72.5,0.05982320548116846,3.65,3.75,3.72,0.4973194799804688,23.0,589,68.29000091552734
SILVER,SLV,2026-06-30,0.15616438356164383,C,73.0,0.06669608476893062,3.5,3.6,3.52,0.49927258544921876,69.0,1131,68.29000091552734
SILVER,SLV,2026-06-30,0.15616438356164383,C,73.5,0.0735220498393304,3.35,3.45,3.9,0.5004932763671875,1.0,1033,68.29000091552734
SILVER,SLV,2026-06-30,0.15616438356164383,C,74.0,0.08030173682470909,3.2,3.3,3.24,0.5012256909179689,41.0,2459,68.29000091552734
SILVER,SLV,2026-06-30,0.15616438356164383,C,74.5,0.0870357690060533,3.05,3.2,3.25,0.5061084545898438,3.0,1599,68.29000091552734
SILVER,SLV,2026-06-30,0.15616438356164383,C,75.0,0.09372475715684983,2.97,3.05,3.02,0.5018360363769532,377.0,7369,68.29000091552734
SILVER,SLV,2026-06-30,0.15616438356164383,C,76.0,0.10696998390687051,2.73,2.81,2.89,0.5053760400390624,4.0,4652,68.29000091552734
SILVER,SLV,2026-06-30,0.15616438356164383,C,77.0,0.12004206547422333,2.52,2.6,2.56,0.509892596435547,19.0,4146,68.29000091552734
SILVER,SLV,2026-06-30,0.15616438356164383,C,78.0,0.13294547031013107,2.32,2.4,2.43,0.5136767382812499,1126.0,3777,68.29000091552734
SILVER,SLV,2026-06-30,0.15616438356164383,C,79.0,0.14568449608756087,2.14,2.21,2.26,0.5173388110351562,538.0,5211,68.29000091552734
SILVER,SLV,2026-06-30,0.15616438356164383,C,80.0,0.15826327829442102,1.98,2.05,1.99,0.5220995056152342,109.0,7504,68.29000091552734
SILVER,SLV,2026-06-30,0.15616438356164383,C,81.0,0.17068579829297822,1.83,1.9,1.96,0.526371923828125,6.0,3257,68.29000091552734
SILVER,SLV,2026-06-30,0.15616438356164383,C,82.0,0.18295589088479244,1.7,1.76,1.75,0.5310105493164063,933.0,3482,68.29000091552734
SILVER,SLV,2026-06-30,0.15616438356164383,C,83.0,0.1950772514171373,1.57,1.64,1.77,0.5356491748046875,23.0,6788,68.29000091552734
SILVER,SLV,2026-06-30,0.15616438356164383,C,84.0,0.20705344246385302,1.46,1.53,1.51,0.5407760766601564,9.0,2953,68.29000091552734
SILVER,SLV,2026-06-30,0.15616438356164383,C,85.0,0.2188879001108559,1.36,1.42,1.43,0.5451705639648439,179.0,3263,68.29000091552734
SILVER,SLV,2026-06-30,0.15616438356164383,C,86.0,0.23058393987404724,1.27,1.33,1.34,0.5505416040039064,1.0,1625,68.29000091552734
SILVER,SLV,2026-06-30,0.15616438356164383,C,87.0,0.24214476227512308,1.18,1.24,1.23,0.5549360913085939,13.0,710,68.29000091552734
SILVER,SLV,2026-06-30,0.15616438356164383,C,88.0,0.2535734580987459,1.11,1.16,1.2,0.56055126953125,2.0,1547,68.29000091552734
SILVER,SLV,2026-06-30,0.15616438356164383,C,89.0,0.26487301335267927,1.02,1.08,1.12,0.5634809277343751,1.0,417,68.29000091552734
SILVER,SLV,2026-06-30,0.15616438356164383,C,90.0,0.27604631395080453,0.97,1.02,1.01,0.5700726586914062,139.0,2651,68.29000091552734
SILVER,SLV,2026-06-30,0.15616438356164383,C,91.0,0.28709615013738937,0.9,0.97,0.66,0.5751995605468749,2.0,586,68.29000091552734
SILVER,SLV,2026-06-30,0.15616438356164383,C,92.0,0.2980252206695797,0.85,0.91,0.92,0.5805706005859376,1.0,1258,68.29000091552734
SILVER,SLV,2026-06-30,0.15616438356164383,C,93.0,0.3088361367737954,0.8,0.85,0.59,0.584965087890625,104.0,333,68.29000091552734
SILVER,SLV,2026-06-30,0.15616438356164383,C,94.0,0.3195314258905434,0.75,0.81,0.8,0.5903361279296876,1.0,944,68.29000091552734
SILVER,SLV,2026-06-30,0.15616438356164383,C,95.0,0.33011353522108017,0.71,0.76,0.78,0.5952188916015625,24.0,3171,68.29000091552734
SILVER,SLV,2026-06-30,0.15616438356164383,C,96.0,0.3405848350883756,0.67,0.72,0.49,0.6001016552734376,11.0,416,68.29000091552734
SILVER,SLV,2026-06-30,0.15616438356164383,C,97.0,0.3509476221239223,0.63,0.68,0.5,0.6044961425781252,5.0,601,68.29000091552734
SILVER,SLV,2026-06-30,0.15616438356164383,C,98.0,0.3612041222911114,0.6,0.65,0.64,0.6108437353515627,4.0,577,68.29000091552734
SILVER,SLV,2026-06-30,0.15616438356164383,C,99.0,0.37135649375512925,0.57,0.62,0.46,0.6162147753906251,3.0,205,68.29000091552734
SILVER,SLV,2026-06-30,0.15616438356164383,C,100.0,0.38140682960863076,0.54,0.59,0.58,0.6210975390625001,94.0,10811,68.29000091552734
SILVER,SLV,2026-06-30,0.15616438356164383,C,101.0,0.39135716046179886,0.51,0.56,0.39,0.6254920263671876,2.0,1217,68.29000091552734
SILVER,SLV,2026-06-30,0.15616438356164383,C,102.0,0.4012094569048105,0.49,0.53,0.52,0.63086306640625,10.0,1318,68.29000091552734
SILVER,SLV,2026-06-30,0.15616438356164383,C,103.0,0.4109656318501751,0.47,0.51,0.31,0.6367223828125,1.0,298,68.29000091552734
SILVER,SLV,2026-06-30,0.15616438356164383,C,104.0,0.42062754276191205,0.42,0.49,0.32,0.6381872119140625,7.0,520,68.29000091552734
SILVER,SLV,2026-06-30,0.15616438356164383,C,105.0,0.4301969937780628,0.43,0.47,0.32,0.647464462890625,32.0,2060,68.29000091552734
SILVER,SLV,2026-06-30,0.15616438356164383,C,106.0,0.4396757377326066,0.41,0.44,0.3,0.6508823974609376,1.0,874,68.29000091552734
SILVER,SLV,2026-06-30,0.15616438356164383,C,107.0,0.4490654780824457,0.39,0.43,0.3,0.657229990234375,2.0,881,68.29000091552734
SILVER,SLV,2026-06-30,0.15616438356164383,C,110.0,0.47671700941295564,0.34,0.38,0.38,0.6709017285156251,8.0,2792,68.29000091552734
SILVER,SLV,2026-06-30,0.15616438356164383,C,115.0,0.5211687719837895,0.28,0.32,0.32,0.6962920996093751,1260.0,1908,68.29000091552734
SILVER,SLV,2026-06-30,0.15616438356164383,C,120.0,0.5637283864025854,0.24,0.27,0.27,0.72070591796875,9.0,3016,68.29000091552734
SILVER,SLV,2026-06-30,0.15616438356164383,C,125.0,0.6045503809228405,0.2,0.23,0.15,0.7412135253906249,301.0,2172,68.29000091552734
SILVER,SLV,2026-06-30,0.15616438356164383,C,130.0,0.6437710940761219,0.17,0.2,0.19,0.762697685546875,2.0,1258,68.29000091552734
SILVER,SLV,2026-06-30,0.15616438356164383,C,135.0,0.6815114220589689,0.15,0.18,0.15,0.7851583984375,2.0,3469,68.29000091552734
SILVER,SLV,2026-06-30,0.15616438356164383,C,140.0,0.7178790662298437,0.11,0.16,0.11,0.79687703125,20.0,621,68.29000091552734
SILVER,SLV,2026-06-30,0.15616438356164383,C,145.0,0.7529703860411138,0.11,0.15,0.12,0.8242205078124999,2.0,630,68.29000091552734
SILVER,SLV,2026-06-30,0.15616438356164383,C,150.0,0.7868719377167951,0.09,0.13,0.09,0.8359391406249999,5.0,2003,68.29000091552734
SILVER,SLV,2026-06-30,0.15616438356164383,C,155.0,0.819661760539786,0.08,0.12,0.07,0.8554701953125,1.0,571,68.29000091552734
SILVER,SLV,2026-06-30,0.15616438356164383,C,160.0,0.8514104588543664,0.08,0.11,0.1,0.87695435546875,6.0,2070,68.29000091552734
SILVER,SLV,2026-06-30,0.15616438356164383,C,165.0,0.8821821175211201,0.06,0.1,0.06,0.8867198828124999,20.0,829,68.29000091552734
SILVER,SLV,2026-06-30,0.15616438356164383,C,170.0,0.9120350806708012,0.05,0.1,0.06,0.90429783203125,20.0,539,68.29000091552734
SILVER,SLV,2026-06-30,0.15616438356164383,C,175.0,0.9410226175440535,0.06,0.09,0.05,0.92773509765625,20.0,1174,68.29000091552734
SILVER,SLV,2026-06-30,0.15616438356164383,C,180.0,0.9691934945107499,0.05,0.08,0.06,0.9355475195312499,20.0,1322,68.29000091552734
SILVER,SLV,2026-06-30,0.15616438356164383,C,185.0,0.9965924686988642,0.04,0.08,0.04,0.9492192578124999,5.0,2639,68.29000091552734
SILVER,SLV,2026-06-30,0.15616438356164383,C,190.0,1.0232607157810254,0.04,0.07,0.05,0.9609378906249999,20.0,238,68.29000091552734
SILVER,SLV,2026-06-30,0.15616438356164383,C,195.0,1.0492362021842863,0.03,0.07,0.03,0.9726565234375,20.0,1009,68.29000091552734
SILVER,SLV,2026-06-30,0.15616438356164383,C,200.0,1.074554010168576,0.02,0.06,0.03,0.9687503125,4.0,1179,68.29000091552734
SILVER,SLV,2026-06-30,0.15616438356164383,C,205.0,1.0992466227589475,0.02,0.06,0.04,0.992187578125,10.0,1613,68.29000091552734
SILVER,SLV,2026-06-30,0.15616438356164383,C,210.0,1.1233441743380082,0.03,0.06,0.05,1.01953615234375,6.0,6536,68.29000091552734
SILVER,SLV,2026-06-30,0.15616438356164383,P,25.0,-1.0048875315112598,0.0,0.03,0.02,0.92187578125,20.0,1048,68.29000091552734
SILVER,SLV,2026-06-30,0.15616438356164383,P,26.0,-0.9656668183579786,0.01,0.03,0.02,0.914063359375,10.0,117,68.29000091552734
SILVER,SLV,2026-06-30,0.15616438356164383,P,27.0,-0.9279264903751315,0.0,0.0,0.08,0.500005,1.0,0,68.29000091552734
SILVER,SLV,2026-06-30,0.15616438356164383,P,28.0,-0.8915588462042567,0.0,0.05,0.03,0.867188828125,1.0,51,68.29000091552734
SILVER,SLV,2026-06-30,0.15616438356164383,P,29.0,-0.8564675263929866,0.0,0.0,0.13,0.500005,40.0,0,68.29000091552734
SILVER,SLV,2026-06-30,0.15616438356164383,P,30.0,-0.8225659747173053,0.02,0.05,0.04,0.8359391406249999,2.0,1329,68.29000091552734
SILVER,SLV,2026-06-30,0.15616438356164383,P,30.5,-0.8060366727660947,0.0,0.0,0.21,0.500005,20.0,0,68.29000091552734
SILVER,SLV,2026-06-30,0.15616438356164383,P,31.0,-0.7897761518943144,0.01,0.05,0.09,0.789064609375,2.0,146,68.29000091552734
SILVER,SLV,2026-06-30,0.15616438356164383,P,31.5,-0.7737758105478733,0.01,0.06,0.1,0.789064609375,40.0,185,68.29000091552734
SILVER,SLV,2026-06-30,0.15616438356164383,P,32.0,-0.758027453579734,0.02,0.08,0.17,0.8085956640624999,20.0,114,68.29000091552734
SILVER,SLV,2026-06-30,0.15616438356164383,P,32.5,-0.7425232670437688,0.0,0.0,0.18,0.500005,100.0,0,68.29000091552734
SILVER,SLV,2026-06-30,0.15616438356164383,P,33.0,-0.7272557949129803,0.01,0.06,0.06,0.7421900781249999,753.0,1272,68.29000091552734
SILVER,SLV,2026-06-30,0.15616438356164383,P,33.5,-0.7122179175484399,0.0,0.0,0.22,0.500005,3.0,0,68.29000091552734
SILVER,SLV,2026-06-30,0.15616438356164383,P,34.0,-0.6974028317632992,0.02,0.07,0.04,0.7382838671874999,1.0,117,68.29000091552734
SILVER,SLV,2026-06-30,0.15616438356164383,P,34.5,-0.6828040323421464,0.02,0.05,0.08,0.70312796875,1.0,295,68.29000091552734
SILVER,SLV,2026-06-30,0.15616438356164383,P,35.0,-0.668415294890047,0.05,0.06,0.05,0.7304714453125,12.0,1237,68.29000091552734
SILVER,SLV,2026-06-30,0.15616438356164383,P,35.5,-0.6542306598980905,0.0,0.0,0.28,0.2500075,3.0,0,68.29000091552734
SILVER,SLV,2026-06-30,0.15616438356164383,P,36.0,-0.6402444179233505,0.02,0.07,0.06,0.6835969140625001,2.0,678,68.29000091552734
SILVER,SLV,2026-06-30,0.15616438356164383,P,36.5,-0.6264510957910147,0.0,0.0,0.32,0.2500075,3.0,0,68.29000091552734
SILVER,SLV,2026-06-30,0.15616438356164383,P,37.0,-0.6128454437352362,0.03,0.08,0.1,0.6718782812500002,12.0,1190,68.29000091552734
SILVER,SLV,2026-06-30,0.15616438356164383,P,37.5,-0.5994224234030955,0.07,0.12,0.43,0.7128934960937501,3.0,1262,68.29000091552734
SILVER,SLV,2026-06-30,0.15616438356164383,P,38.0,-0.5861771966530748,0.03,0.08,0.09,0.64648791015625,1.0,717,68.29000091552734
SILVER,SLV,2026-06-30,0.15616438356164383,P,38.5,-0.5731051150857219,0.03,0.08,0.14,0.632816171875,3.0,1044,68.29000091552734
SILVER,SLV,2026-06-30,0.15616438356164383,P,39.0,-0.5602017102498142,0.04,0.09,0.1,0.6347692773437501,20.0,744,68.29000091552734
SILVER,SLV,2026-06-30,0.15616438356164383,P,39.5,-0.5474626844723844,0.05,0.08,0.27,0.6210975390625001,5.0,209,68.29000091552734
SILVER,SLV,2026-06-30,0.15616438356164383,P,40.0,-0.5348839022655243,0.06,0.09,0.08,0.6210975390625001,26.0,10346,68.29000091552734
SILVER,SLV,2026-06-30,0.15616438356164383,P,40.5,-0.522461382266967,0.06,0.09,0.63,0.6093789062500001,200.0,1754,68.29000091552734
SILVER,SLV,2026-06-30,0.15616438356164383,P,41.0,-0.5101912896751529,0.11,0.17,0.64,0.6562534375000001,1.0,634,68.29000091552734
SILVER,SLV,2026-06-30,0.15616438356164383,P,41.5,-0.498069929142808,0.06,0.12,0.97,0.5996133789062501,25.0,519,68.29000091552734
SILVER,SLV,2026-06-30,0.15616438356164383,P,42.0,-0.4860937380960923,0.08,0.11,0.18,0.5918009570312501,52.0,529,68.29000091552734
SILVER,SLV,2026-06-30,0.15616438356164383,P,42.5,-0.4742592804490894,0.08,0.11,0.09,0.57812921875,8.0,817,68.29000091552734
SILVER,SLV,2026-06-30,0.15616438356164383,P,43.0,-0.4625632406858981,0.09,0.12,0.15,0.5742230078125,3.0,3015,68.29000091552734
SILVER,SLV,2026-06-30,0.15616438356164383,P,43.5,-0.45100241828482224,0.09,0.14,0.2,0.570316796875,1.0,499,68.29000091552734
SILVER,SLV,2026-06-30,0.15616438356164383,P,44.0,-0.4395737224611994,0.09,0.14,0.21,0.5566450585937501,5.0,2006,68.29000091552734
SILVER,SLV,2026-06-30,0.15616438356164383,P,44.5,-0.428274167207266,0.12,0.15,0.19,0.559574716796875,24.0,1227,68.29000091552734
SILVER,SLV,2026-06-30,0.15616438356164383,P,45.0,-0.41710086660914075,0.12,0.16,0.13,0.5507857421875001,2.0,3707,68.29000091552734
SILVER,SLV,2026-06-30,0.15616438356164383,P,45.5,-0.4060510304225559,0.13,0.17,0.31,0.543949873046875,1.0,1302,68.29000091552734
SILVER,SLV,2026-06-30,0.15616438356164383,P,46.0,-0.3951219598903656,0.13,0.19,0.38,0.5371140039062501,1.0,1044,68.29000091552734
SILVER,SLV,2026-06-30,0.15616438356164383,P,46.5,-0.38431104378614994,0.14,0.2,0.72,0.5302781347656251,1.0,570,68.29000091552734
SILVER,SLV,2026-06-30,0.15616438356164383,P,47.0,-0.37361575466940194,0.15,0.23,0.27,0.5283250292968751,40.0,1259,68.29000091552734
SILVER,SLV,2026-06-30,0.15616438356164383,P,47.5,-0.3630336453388651,0.18,0.22,0.3,0.5205126074218749,6.0,394,68.29000091552734
SILVER,SLV,2026-06-30,0.15616438356164383,P,48.0,-0.35256234547156967,0.19,0.25,0.34,0.51758294921875,30.0,506,68.29000091552734
SILVER,SLV,2026-06-30,0.15616438356164383,P,48.5,-0.34219955843602307,0.22,0.26,0.44,0.5136767382812499,34.0,1340,68.29000091552734
SILVER,SLV,2026-06-30,0.15616438356164383,P,49.0,-0.3319430582688339,0.24,0.28,0.24,0.508793974609375,10.0,879,68.29000091552734
SILVER,SLV,2026-06-30,0.15616438356164383,P,49.5,-0.32179068680481604,0.26,0.3,0.4,0.5039112109375,11.0,248,68.29000091552734
SILVER,SLV,2026-06-30,0.15616438356164383,P,50.0,-0.3117403509513146,0.29,0.32,0.31,0.500005,15.0,2594,68.29000091552734
SILVER,SLV,2026-06-30,0.15616438356164383,P,50.5,-0.3017900200981464,0.32,0.35,0.54,0.5019581054687501,6.0,1159,68.29000091552734
SILVER,SLV,2026-06-30,0.15616438356164383,P,51.0,-0.29193772365513476,0.34,0.38,0.37,0.49805189453125004,20.0,610,68.29000091552734
SILVER,SLV,2026-06-30,0.15616438356164383,P,51.5,-0.2821815487097702,0.38,0.41,0.55,0.4936574072265626,1.0,1026,68.29000091552734
SILVER,SLV,2026-06-30,0.15616438356164383,P,52.0,-0.2725196377980333,0.41,0.45,0.43,0.49121602539062503,2.0,273,68.29000091552734
SILVER,SLV,2026-06-30,0.15616438356164383,P,52.5,-0.26295018678188253,0.45,0.48,0.42,0.4858449853515625,1.0,467,68.29000091552734
SILVER,SLV,2026-06-30,0.15616438356164383,P,53.0,-0.25347144282733874,0.49,0.53,0.49,0.48438015625,4.0,128,68.29000091552734
SILVER,SLV,2026-06-30,0.15616438356164383,P,53.5,-0.24408170247749966,0.54,0.58,0.54,0.48242705078125003,1.0,148,68.29000091552734
SILVER,SLV,2026-06-30,0.15616438356164383,P,54.0,-0.23477930981518624,0.59,0.63,0.59,0.47949739257812496,14.0,511,68.29000091552734
SILVER,SLV,2026-06-30,0.15616438356164383,P,54.5,-0.2255626547102622,0.64,0.69,1.09,0.477544287109375,1.0,1843,68.29000091552734
SILVER,SLV,2026-06-30,0.15616438356164383,P,55.0,-0.21643017114698965,0.7,0.74,0.71,0.4731497998046875,133.0,1498,68.29000091552734
SILVER,SLV,2026-06-30,0.15616438356164383,P,55.5,-0.2073803356270717,0.76,0.81,1.08,0.47192910888671874,5.0,475,68.29000091552734
SILVER,SLV,2026-06-30,0.15616438356164383,P,56.0,-0.1984116656443114,0.84,0.88,0.79,0.46973186523437505,1277.0,1239,68.29000091552734
SILVER,SLV,2026-06-30,0.15616438356164383,P,56.5,-0.18952271822706535,0.91,0.95,0.82,0.46680220703125,1.0,404,68.29000091552734
SILVER,SLV,2026-06-30,0.15616438356164383,P,57.0,-0.18071208854491042,0.99,1.04,1.01,0.46631393066406257,18.0,2459,68.29000091552734
SILVER,SLV,2026-06-30,0.15616438356164383,P,57.5,-0.1719784085761558,1.08,1.12,1.08,0.4633842724609375,10.0,167,68.29000091552734
SILVER,SLV,2026-06-30,0.15616438356164383,P,58.0,-0.1633203458330413,1.17,1.22,1.13,0.4626518579101563,43.0,639,68.29000091552734
SILVER,SLV,2026-06-30,0.15616438356164383,P,58.5,-0.1547366021416498,1.27,1.32,1.24,0.46094289062500005,39.0,423,68.29000091552734
SILVER,SLV,2026-06-30,0.15616438356164383,P,59.0,-0.14622591247374112,1.38,1.43,1.7,0.459966337890625,7.0,408,68.29000091552734
SILVER,SLV,2026-06-30,0.15616438356164383,P,59.5,-0.13778704382787646,1.49,1.55,2.19,0.4592339233398438,2.0,560,68.29000091552734
SILVER,SLV,2026-06-30,0.15616438356164383,P,60.0,-0.12941879415735996,1.61,1.67,1.63,0.4577690942382813,495.0,5647,68.29000091552734
SILVER,SLV,2026-06-30,0.15616438356164383,P,60.5,-0.12111999134266484,1.74,1.81,1.59,0.4580132324218751,1.0,1904,68.29000091552734
SILVER,SLV,2026-06-30,0.15616438356164383,P,61.0,-0.11288949220614933,1.88,1.94,1.82,0.4559380578613281,42.0,466,68.29000091552734
SILVER,SLV,2026-06-30,0.15616438356164383,P,61.5,-0.10472618156698836,2.02,2.09,3.12,0.4555718505859375,2.0,318,68.29000091552734
SILVER,SLV,2026-06-30,0.15616438356164383,P,62.0,-0.0966289713343691,2.18,2.25,2.1,0.45532771240234376,44.0,1059,68.29000091552734
SILVER,SLV,2026-06-30,0.15616438356164383,P,62.5,-0.0885967996371048,2.34,2.42,2.19,0.45532771240234376,1.0,244,68.29000091552734
SILVER,SLV,2026-06-30,0.15616438356164383,P,63.0,-0.0806286299879279,2.51,2.59,2.46,0.4545952978515625,7.0,847,68.29000091552734
SILVER,SLV,2026-06-30,0.15616438356164383,P,63.5,-0.07272345048081459,2.69,2.77,2.55,0.45386288330078123,2.0,218,68.29000091552734
SILVER,SLV,2026-06-30,0.15616438356164383,P,64.0,-0.06488027301978867,2.89,2.96,2.8,0.45361874511718747,58.0,734,68.29000091552734
SILVER,SLV,2026-06-30,0.15616438356164383,P,64.5,-0.057098132577733815,3.05,3.2,2.79,0.4572808178710938,1.0,519,68.29000091552734
SILVER,SLV,2026-06-30,0.15616438356164383,P,65.0,-0.04937608648382348,3.3,3.4,3.3,0.4563042651367188,240.0,1563,68.29000091552734
SILVER,SLV,2026-06-30,0.15616438356164383,P,65.5,-0.04171321373825433,3.5,3.6,3.36,0.4544732287597656,1.0,189,68.29000091552734
SILVER,SLV,2026-06-30,0.15616438356164383,P,66.0,-0.03410861435303499,3.75,3.85,3.7,0.45667047241210945,1721.0,441,68.29000091552734
SILVER,SLV,2026-06-30,0.15616438356164383,P,66.5,-0.02656140871765217,4.0,4.1,4.02,0.4580132324218751,11.0,301,68.29000091552734
SILVER,SLV,2026-06-30,0.15616438356164383,P,67.0,-0.019070736988494538,4.2,4.35,4.05,0.45862357788085945,4.0,1199,68.29000091552734
SILVER,SLV,2026-06-30,0.15616438356164383,P,67.5,-0.011635758500976432,4.5,4.6,4.4,0.4585015087890626,87.0,961,68.29000091552734
SILVER,SLV,2026-06-30,0.15616438356164383,P,68.0,-0.004255651203353846,4.75,4.85,4.6,0.45752495605468757,16.0,1282,68.29000091552734
SILVER,SLV,2026-06-30,0.15616438356164383,P,68.5,0.003070388888718976,5.05,5.15,4.85,0.46045461425781253,1.0,410,68.29000091552734
SILVER,SLV,2026-06-30,0.15616438356164383,P,69.0,0.010343148217798888,5.3,5.45,5.15,0.4627739270019532,4.0,337,68.29000091552734
SILVER,SLV,2026-06-30,0.15616438356164383,P,69.5,0.01756339619128587,5.6,5.75,5.7,0.4643608251953125,1.0,744,68.29000091552734
SILVER,SLV,2026-06-30,0.15616438356164383,P,70.0,0.02473188566989833,5.9,6.05,5.75,0.4650932397460938,18.0,1301,68.29000091552734
SILVER,SLV,2026-06-30,0.15616438356164383,P,70.5,0.03184935343876244,6.2,6.35,7.0,0.46533737792968755,1.0,217,68.29000091552734
SILVER,SLV,2026-06-30,0.15616438356164383,P,71.0,0.03891652066185481,6.55,6.65,6.45,0.4647270324707031,1.0,335,68.29000091552734
SILVER,SLV,2026-06-30,0.15616438356164383,P,71.5,0.04593409332050128,6.85,7.0,6.28,0.4682670361328125,2.0,2923,68.29000091552734
SILVER,SLV,2026-06-30,0.15616438356164383,P,72.0,0.052902762636594755,7.2,7.35,6.99,0.47095255615234377,3.0,356,68.29000091552734
SILVER,SLV,2026-06-30,0.15616438356164383,P,72.5,0.05982320548116846,7.55,7.65,7.25,0.46851117431640626,2.0,367,68.29000091552734
SILVER,SLV,2026-06-30,0.15616438356164383,P,73.0,0.06669608476893062,7.9,8.0,7.61,0.47022014160156256,9.0,277,68.29000091552734
SILVER,SLV,2026-06-30,0.15616438356164383,P,73.5,0.0735220498393304,8.25,8.4,8.11,0.4758353198242187,30.0,537,68.29000091552734
SILVER,SLV,2026-06-30,0.15616438356164383,P,74.0,0.08030173682470909,8.55,8.75,8.25,0.47632359619140624,1.0,373,68.29000091552734
SILVER,SLV,2026-06-30,0.15616438356164383,P,74.5,0.0870357690060533,8.95,9.15,7.73,0.4810842907714844,3.0,363,68.29000091552734
SILVER,SLV,2026-06-30,0.15616438356164383,P,75.0,0.09372475715684983,9.35,9.5,9.35,0.4804739453125,45.0,2350,68.29000091552734
SILVER,SLV,2026-06-30,0.15616438356164383,P,76.0,0.10696998390687051,10.1,10.3,12.51,0.48730981445312505,15.0,1284,68.29000091552734
SILVER,SLV,2026-06-30,0.15616438356164383,P,77.0,0.12004206547422333,10.9,11.05,12.21,0.48730981445312505,1.0,490,68.29000091552734
SILVER,SLV,2026-06-30,0.15616438356164383,P,78.0,0.13294547031013107,11.65,11.9,13.17,0.4958546508789063,10.0,417,68.29000091552734
SILVER,SLV,2026-06-30,0.15616438356164383,P,79.0,0.14568449608756087,12.5,12.7,12.13,0.49707534179687507,1.0,596,68.29000091552734
SILVER,SLV,2026-06-30,0.15616438356164383,P,80.0,0.15826327829442102,13.35,13.55,13.75,0.5022022436523439,1.0,1871,68.29000091552734
SILVER,SLV,2026-06-30,0.15616438356164383,P,81.0,0.17068579829297822,14.2,14.4,14.3,0.50586431640625,1.0,135,68.29000091552734
SILVER,SLV,2026-06-30,0.15616438356164383,P,82.0,0.18295589088479244,15.05,15.3,15.05,0.5141650146484374,3.0,482,68.29000091552734
SILVER,SLV,2026-06-30,0.15616438356164383,P,83.0,0.1950772514171373,15.9,16.15,15.85,0.514653291015625,19.0,2372,68.29000091552734
SILVER,SLV,2026-06-30,0.15616438356164383,P,84.0,0.20705344246385302,16.8,17.05,18.47,0.5031787963867188,1.0,490,68.29000091552734
SILVER,SLV,2026-06-30,0.15616438356164383,P,85.0,0.2188879001108559,17.7,17.95,17.75,0.506840869140625,15.0,2315,68.29000091552734
SILVER,SLV,2026-06-30,0.15616438356164383,P,86.0,0.23058393987404724,18.6,18.85,20.15,0.508793974609375,5.0,318,68.29000091552734
SILVER,SLV,2026-06-30,0.15616438356164383,P,87.0,0.24214476227512308,19.5,19.75,22.45,0.5095263891601562,3.0,443,68.29000091552734
SILVER,SLV,2026-06-30,0.15616438356164383,P,88.0,0.2535734580987459,20.45,20.7,20.3,0.5173388110351562,4.0,654,68.29000091552734
SILVER,SLV,2026-06-30,0.15616438356164383,P,89.0,0.26487301335267927,21.4,21.6,21.2,0.5197801928710937,7.0,781,68.29000091552734
SILVER,SLV,2026-06-30,0.15616438356164383,P,90.0,0.27604631395080453,22.3,22.6,22.05,0.5256395092773438,8.0,1206,68.29000091552734
SILVER,SLV,2026-06-30,0.15616438356164383,P,91.0,0.28709615013738937,23.25,23.5,22.85,0.5256395092773438,1.0,795,68.29000091552734
SILVER,SLV,2026-06-30,0.15616438356164383,P,92.0,0.2980252206695797,24.2,24.45,26.4,0.5293015820312501,1.0,47,68.29000091552734
SILVER,SLV,2026-06-30,0.15616438356164383,P,93.0,0.3088361367737954,25.15,25.4,24.75,0.532231240234375,2.0,492,68.29000091552734
SILVER,SLV,2026-06-30,0.15616438356164383,P,94.0,0.3195314258905434,26.1,26.35,23.45,0.534184345703125,13.0,122,68.29000091552734
SILVER,SLV,2026-06-30,0.15616438356164383,P,95.0,0.33011353522108017,27.05,27.35,25.95,0.5410202148437502,5.0,339,68.29000091552734
SILVER,SLV,2026-06-30,0.15616438356164383,P,96.0,0.3405848350883756,28.0,28.25,30.1,0.534184345703125,4.0,559,68.29000091552734
SILVER,SLV,2026-06-30,0.15616438356164383,P,97.0,0.3509476221239223,29.0,29.25,30.85,0.5463912548828126,1.0,597,68.29000091552734
SILVER,SLV,2026-06-30,0.15616438356164383,P,99.0,0.37135649375512925,30.95,31.2,33.12,0.5556685058593751,2.0,1313,68.29000091552734
SILVER,SLV,2026-06-30,0.15616438356164383,P,100.0,0.38140682960863076,31.75,32.4,33.97,0.567387138671875,1.0,1069,68.29000091552734
SILVER,SLV,2026-06-30,0.15616438356164383,P,101.0,0.39135716046179886,32.7,33.3,33.15,0.5537154003906251,9.0,214,68.29000091552734
SILVER,SLV,2026-06-30,0.15616438356164383,P,102.0,0.4012094569048105,33.7,34.25,34.86,0.5551802294921876,1.0,91,68.29000091552734
SILVER,SLV,2026-06-30,0.15616438356164383,P,103.0,0.4109656318501751,34.65,35.25,34.9,0.5556685058593751,13.0,675,68.29000091552734
SILVER,SLV,2026-06-30,0.15616438356164383,P,104.0,0.42062754276191205,35.65,36.2,39.25,0.5556685058593751,1.0,254,68.29000091552734
SILVER,SLV,2026-06-30,0.15616438356164383,P,105.0,0.4301969937780628,34.9,38.8,40.24,0.5283250292968751,1.0,171,68.29000091552734
SILVER,SLV,2026-06-30,0.15616438356164383,P,106.0,0.4396757377326066,36.25,39.7,38.8,0.596683720703125,1.0,68,68.29000091552734
SILVER,SLV,2026-06-30,0.15616438356164383,P,107.0,0.4490654780824457,37.45,40.6,42.29,0.6259803027343751,20.0,39,68.29000091552734
SILVER,SLV,2026-06-30,0.15616438356164383,P,110.0,0.47671700941295564,41.1,42.1,44.32,0.6816438085937502,5.0,72,68.29000091552734
SILVER,SLV,2026-06-30,0.15616438356164383,P,115.0,0.5211687719837895,44.8,48.7,52.04,0.5273484765625001,2.0,28,68.29000091552734
SILVER,SLV,2026-06-30,0.15616438356164383,P,120.0,0.5637283864025854,49.75,53.65,54.3,1.1079146166992189,1.0,0,68.29000091552734
SILVER,SLV,2026-06-30,0.15616438356164383,P,125.0,0.6045503809228405,54.75,58.65,59.7,1.16016044921875,3.0,0,68.29000091552734
SILVER,SLV,2026-06-30,0.15616438356164383,P,130.0,0.6437710940761219,59.7,63.65,62.2,1.2094766088867184,1.0,0,68.29000091552734
SILVER,SLV,2026-06-30,0.15616438356164383,P,140.0,0.7178790662298437,69.75,74.0,72.1,0.8203142968749999,1.0,0,68.29000091552734
SILVER,SLV,2026-06-30,0.15616438356164383,P,210.0,1.1233441743380082,139.75,143.6,140.55,1.7514660864257814,2.0,0,68.29000091552734
SILVER,SLV,2026-09-18,0.37534246575342467,C,15.0,-1.5157131552772505,51.35,55.4,53.39,1.0859420703125,1.0,2,68.29000091552734
SILVER,SLV,2026-09-18,0.37534246575342467,C,17.0,-1.3905500123232444,49.25,53.35,51.86,0.7812521875,1.0,1,68.29000091552734
SILVER,SLV,2026-09-18,0.37534246575342467,C,18.0,-1.3333915984832958,56.85,60.65,47.0,3.330568079833984,1.0,1,68.29000091552734
SILVER,SLV,2026-09-18,0.37534246575342467,C,20.0,-1.2280310828254697,46.3,50.45,52.77,0.8867198828124999,1.0,36,68.29000091552734
SILVER,SLV,2026-09-18,0.37534246575342467,C,23.0,-1.0882691404503109,48.35,51.8,53.1,2.0468798828125,2.0,2,68.29000091552734
SILVER,SLV,2026-09-18,0.37534246575342467,C,25.0,-1.0048875315112598,41.4,45.55,49.79,0.823243955078125,2.0,12,68.29000091552734
SILVER,SLV,2026-09-18,0.37534246575342467,C,27.0,-0.9279264903751315,48.15,51.95,42.1,2.383793103027343,10.0,4,68.29000091552734
SILVER,SLV,2026-09-18,0.37534246575342467,C,28.0,-0.8915588462042567,51.7,55.5,63.41,2.991701739501953,1.0,18,68.29000091552734
SILVER,SLV,2026-09-18,0.37534246575342467,C,29.0,-0.8564675263929866,50.75,54.55,73.45,2.8957547137451174,1.0,105,68.29000091552734
SILVER,SLV,2026-09-18,0.37534246575342467,C,30.0,-0.8225659747173053,36.55,40.65,33.85,0.7490259472656251,1.0,250,68.29000091552734
SILVER,SLV,2026-09-18,0.37534246575342467,C,30.5,-0.8060366727660947,53.3,55.1,27.33,3.2075215124511716,2.0,0,68.29000091552734
SILVER,SLV,2026-09-18,0.37534246575342467,C,31.0,-0.7897761518943144,40.75,44.15,36.0,1.6101093713378907,6.0,39,68.29000091552734
SILVER,SLV,2026-09-18,0.37534246575342467,C,31.5,-0.7737758105478733,39.55,43.6,12.43,1.5332054589843749,1.0,2,68.29000091552734
SILVER,SLV,2026-09-18,0.37534246575342467,C,32.0,-0.758027453579734,34.6,38.7,38.3,0.71679970703125,1.0,1089,68.29000091552734
SILVER,SLV,2026-09-18,0.37534246575342467,C,32.5,-0.7425232670437688,40.0,43.4,30.09,1.6308612207031248,100.0,100,68.29000091552734
SILVER,SLV,2026-09-18,0.37534246575342467,C,33.0,-0.7272557949129803,33.6,37.7,38.8,0.6909210595703126,5.0,374,68.29000091552734
SILVER,SLV,2026-09-18,0.37534246575342467,C,34.0,-0.6974028317632992,33.45,36.75,32.65,0.7949239257812499,1.0,480,68.29000091552734
SILVER,SLV,2026-09-18,0.37534246575342467,C,34.5,-0.6828040323421464,38.05,41.45,28.26,1.5361351318359375,100.0,100,68.29000091552734
SILVER,SLV,2026-09-18,0.37534246575342467,C,35.0,-0.668415294890047,32.3,35.9,40.2,0.7666038964843751,2.0,627,68.29000091552734
SILVER,SLV,2026-09-18,0.37534246575342467,C,35.5,-0.6542306598980905,35.65,39.45,13.55,1.3437532812499997,3.0,18,68.29000091552734
SILVER,SLV,2026-09-18,0.37534246575342467,C,36.0,-0.6402444179233505,31.55,34.8,30.95,0.75586181640625,1.0,534,68.29000091552734
SILVER,SLV,2026-09-18,0.37534246575342467,C,36.5,-0.6264510957910147,39.2,43.0,33.41,1.8181161437988282,2.0,26,68.29000091552734
SILVER,SLV,2026-09-18,0.37534246575342467,C,37.0,-0.6128454437352362,30.1,33.85,31.7,0.684573466796875,5.0,577,68.29000091552734
SILVER,SLV,2026-09-18,0.37534246575342467,C,37.5,-0.5994224234030955,30.1,33.4,35.4,0.7307155834960937,1.0,1110,68.29000091552734
SILVER,SLV,2026-09-18,0.37534246575342467,C,38.0,-0.5861771966530748,29.0,32.85,26.45,0.647464462890625,2.0,385,68.29000091552734
SILVER,SLV,2026-09-18,0.37534246575342467,C,38.5,-0.5731051150857219,28.6,32.45,31.5,0.65820654296875,1.0,129,68.29000091552734
SILVER,SLV,2026-09-18,0.37534246575342467,C,39.0,-0.5602017102498142,28.2,32.0,28.35,0.6616244775390626,3.0,968,68.29000091552734
SILVER,SLV,2026-09-18,0.37534246575342467,C,39.5,-0.5474626844723844,34.6,35.3,25.6,1.3315463110351557,1.0,209,68.29000091552734
SILVER,SLV,2026-09-18,0.37534246575342467,C,40.0,-0.5348839022655243,28.05,30.8,28.28,0.6967803759765626,5.0,8488,68.29000091552734
SILVER,SLV,2026-09-18,0.37534246575342467,C,40.5,-0.522461382266967,33.1,35.8,34.0,1.341311887207031,1.0,159,68.29000091552734
SILVER,SLV,2026-09-18,0.37534246575342467,C,41.0,-0.5101912896751529,27.1,29.75,29.45,0.6709017285156251,5.0,4650,68.29000091552734
SILVER,SLV,2026-09-18,0.37534246575342467,C,41.5,-0.498069929142808,26.6,29.3,24.0,0.6623568920898439,1.0,6255,68.29000091552734
SILVER,SLV,2026-09-18,0.37534246575342467,C,42.0,-0.4860937380960923,26.7,27.4,27.0,0.5793499096679688,20.0,2786,68.29000091552734
SILVER,SLV,2026-09-18,0.37534246575342467,C,42.5,-0.4742592804490894,25.5,28.3,30.55,0.6291540991210938,5.0,596,68.29000091552734
SILVER,SLV,2026-09-18,0.37534246575342467,C,43.0,-0.4625632406858981,24.4,28.25,25.0,0.6047402807617189,10.0,3338,68.29000091552734
SILVER,SLV,2026-09-18,0.37534246575342467,C,43.5,-0.45100241828482224,30.1,33.05,33.15,1.23047259765625,1.0,168,68.29000091552734
SILVER,SLV,2026-09-18,0.37534246575342467,C,44.0,-0.4395737224611994,24.1,27.15,27.8,0.6264685791015626,3.0,960,68.29000091552734
SILVER,SLV,2026-09-18,0.37534246575342467,C,45.0,-0.41710086660914075,23.55,26.3,25.05,0.6420934228515626,2.0,2003,68.29000091552734
SILVER,SLV,2026-09-18,0.37534246575342467,C,45.5,-0.4060510304225559,23.2,25.6,29.6,0.6262244409179689,1.0,3589,68.29000091552734
SILVER,SLV,2026-09-18,0.37534246575342467,C,46.0,-0.3951219598903656,23.1,23.7,23.7,0.5459029785156251,43.0,2170,68.29000091552734
SILVER,SLV,2026-09-18,0.37534246575342467,C,46.5,-0.38431104378614994,21.65,25.05,20.55,0.5949747534179688,1.0,2029,68.29000091552734
SILVER,SLV,2026-09-18,0.37534246575342467,C,47.0,-0.37361575466940194,21.3,24.55,23.63,0.5920450952148439,1.0,2854,68.29000091552734
SILVER,SLV,2026-09-18,0.37534246575342467,C,47.5,-0.3630336453388651,20.8,24.1,18.92,0.5827678442382812,1.0,1585,68.29000091552734
SILVER,SLV,2026-09-18,0.37534246575342467,C,48.0,-0.35256234547156967,19.7,23.35,18.45,0.5173388110351562,3.0,11282,68.29000091552734
SILVER,SLV,2026-09-18,0.37534246575342467,C,48.5,-0.34219955843602307,19.3,22.95,21.45,0.5188036401367188,2.0,264,68.29000091552734
SILVER,SLV,2026-09-18,0.37534246575342467,C,49.0,-0.3319430582688339,20.55,20.9,21.15,0.5197801928710937,6.0,8488,68.29000091552734
SILVER,SLV,2026-09-18,0.37534246575342467,C,49.5,-0.32179068680481604,20.15,20.5,26.77,0.5200243310546875,6.0,386,68.29000091552734
SILVER,SLV,2026-09-18,0.37534246575342467,C,50.0,-0.3117403509513146,19.6,20.1,20.1,0.5112353564453125,1.0,9869,68.29000091552734
SILVER,SLV,2026-09-18,0.37534246575342467,C,50.5,-0.3017900200981464,19.3,19.65,16.95,0.513554669189453,102.0,512,68.29000091552734
SILVER,SLV,2026-09-18,0.37534246575342467,C,51.0,-0.29193772365513476,18.9,19.25,17.05,0.512578116455078,2.0,1479,68.29000091552734
SILVER,SLV,2026-09-18,0.37534246575342467,C,51.5,-0.2821815487097702,18.5,18.85,19.35,0.5112353564453125,7.0,240,68.29000091552734
SILVER,SLV,2026-09-18,0.37534246575342467,C,52.0,-0.2725196377980333,18.1,18.4,20.75,0.506840869140625,3.0,3447,68.29000091552734
SILVER,SLV,2026-09-18,0.37534246575342467,C,52.5,-0.26295018678188253,17.65,18.0,21.45,0.5024463818359376,10.0,1702,68.29000091552734
SILVER,SLV,2026-09-18,0.37534246575342467,C,53.0,-0.25347144282733874,17.3,17.65,19.12,0.5048877636718749,3.0,256,68.29000091552734
SILVER,SLV,2026-09-18,0.37534246575342467,C,53.5,-0.24408170247749966,16.9,17.2,22.65,0.513554669189453,1.0,773,68.29000091552734
SILVER,SLV,2026-09-18,0.37534246575342467,C,54.0,-0.23477930981518624,16.5,16.85,14.83,0.514653291015625,10.0,2930,68.29000091552734
SILVER,SLV,2026-09-18,0.37534246575342467,C,54.5,-0.2255626547102622,16.15,16.45,18.96,0.5109912182617188,3.0,395,68.29000091552734
SILVER,SLV,2026-09-18,0.37534246575342467,C,55.0,-0.21643017114698965,15.75,16.1,16.32,0.5112353564453125,29.0,8751,68.29000091552734
SILVER,SLV,2026-09-18,0.37534246575342467,C,55.5,-0.2073803356270717,15.35,15.7,16.15,0.506840869140625,51.0,488,68.29000091552734
SILVER,SLV,2026-09-18,0.37534246575342467,C,56.0,-0.1984116656443114,15.0,15.35,15.75,0.5064746618652343,10.0,525,68.29000091552734
SILVER,SLV,2026-09-18,0.37534246575342467,C,56.5,-0.18952271822706535,14.65,15.0,16.0,0.5056201782226561,1.0,583,68.29000091552734
SILVER,SLV,2026-09-18,0.37534246575342467,C,57.0,-0.18071208854491042,14.3,14.65,15.0,0.5043994873046875,5.0,332,68.29000091552734
SILVER,SLV,2026-09-18,0.37534246575342467,C,57.5,-0.1719784085761558,13.95,14.3,15.45,0.5028125891113282,1.0,608,68.29000091552734
SILVER,SLV,2026-09-18,0.37534246575342467,C,58.0,-0.1633203458330413,13.65,13.95,14.0,0.5009815527343751,4.0,1633,68.29000091552734
SILVER,SLV,2026-09-18,0.37534246575342467,C,58.5,-0.1547366021416498,13.3,13.6,14.6,0.49878430908203125,1.0,66,68.29000091552734
SILVER,SLV,2026-09-18,0.37534246575342467,C,59.0,-0.14622591247374112,12.95,13.25,14.25,0.4963429272460938,1.0,77,68.29000091552734
SILVER,SLV,2026-09-18,0.37534246575342467,C,59.5,-0.13778704382787646,12.65,12.9,13.51,0.4935353381347657,4.0,461,68.29000091552734
SILVER,SLV,2026-09-18,0.37534246575342467,C,60.0,-0.12941879415735996,12.3,12.6,12.51,0.4939015454101563,41.0,6663,68.29000091552734
SILVER,SLV,2026-09-18,0.37534246575342467,C,60.5,-0.12111999134266484,12.0,12.3,12.59,0.4940236145019532,15.0,118,68.29000091552734
SILVER,SLV,2026-09-18,0.37534246575342467,C,61.0,-0.11288949220614933,11.7,12.0,9.57,0.4936574072265626,21.0,939,68.29000091552734
SILVER,SLV,2026-09-18,0.37534246575342467,C,61.5,-0.10472618156698836,11.4,11.7,10.42,0.4930470617675782,2.0,486,68.29000091552734
SILVER,SLV,2026-09-18,0.37534246575342467,C,62.0,-0.0966289713343691,11.1,11.4,9.81,0.49207050903320315,1.0,1320,68.29000091552734
SILVER,SLV,2026-09-18,0.37534246575342467,C,62.5,-0.0885967996371048,10.85,11.1,11.3,0.4908498181152344,41.0,1606,68.29000091552734
SILVER,SLV,2026-09-18,0.37534246575342467,C,63.0,-0.0806286299879279,10.55,10.85,11.39,0.4924367163085938,1.0,714,68.29000091552734
SILVER,SLV,2026-09-18,0.37534246575342467,C,63.5,-0.07272345048081459,10.3,10.55,10.65,0.49060567993164067,1.0,547,68.29000091552734
SILVER,SLV,2026-09-18,0.37534246575342467,C,64.0,-0.06488027301978867,10.0,10.3,8.2,0.4914601635742188,11.0,681,68.29000091552734
SILVER,SLV,2026-09-18,0.37534246575342467,C,64.5,-0.057098132577733815,9.8,10.0,9.97,0.48901878173828134,46.0,352,68.29000091552734
SILVER,SLV,2026-09-18,0.37534246575342467,C,65.0,-0.04937608648382348,9.55,9.75,9.92,0.4892629199218751,121.0,6806,68.29000091552734
SILVER,SLV,2026-09-18,0.37534246575342467,C,65.5,-0.04171321373825433,9.3,9.55,8.3,0.4924367163085938,1.0,618,68.29000091552734
SILVER,SLV,2026-09-18,0.37534246575342467,C,66.0,-0.03410861435303499,9.05,9.25,9.38,0.48901878173828134,76.0,1245,68.29000091552734
SILVER,SLV,2026-09-18,0.37534246575342467,C,66.5,-0.02656140871765217,8.85,9.05,9.01,0.4914601635742188,516.0,254,68.29000091552734
SILVER,SLV,2026-09-18,0.37534246575342467,C,67.0,-0.019070736988494538,8.6,8.8,9.07,0.4904836108398438,17.0,5326,68.29000091552734
SILVER,SLV,2026-09-18,0.37534246575342467,C,67.5,-0.011635758500976432,8.4,8.6,8.5,0.49231464721679696,101.0,100,68.29000091552734
SILVER,SLV,2026-09-18,0.37534246575342467,C,68.0,-0.004255651203353846,8.2,8.35,8.29,0.4908498181152344,69.0,1598,68.29000091552734
SILVER,SLV,2026-09-18,0.37534246575342467,C,68.5,0.003070388888718976,8.0,8.15,8.16,0.49207050903320315,1.0,1185,68.29000091552734
SILVER,SLV,2026-09-18,0.37534246575342467,C,69.0,0.010343148217798888,7.8,7.95,8.15,0.4929249926757813,119.0,725,68.29000091552734
SILVER,SLV,2026-09-18,0.37534246575342467,C,69.5,0.01756339619128587,7.55,7.75,6.79,0.4936574072265626,6.0,446,68.29000091552734
SILVER,SLV,2026-09-18,0.37534246575342467,C,70.0,0.02473188566989833,7.4,7.55,7.54,0.4940236145019532,819.0,22885,68.29000091552734
SILVER,SLV,2026-09-18,0.37534246575342467,C,70.5,0.03184935343876244,7.2,7.4,7.59,0.49707534179687507,41.0,4239,68.29000091552734
SILVER,SLV,2026-09-18,0.37534246575342467,C,71.0,0.03891652066185481,7.05,7.2,7.34,0.4968312036132813,43.0,1085,68.29000091552734
SILVER,SLV,2026-09-18,0.37534246575342467,C,71.5,0.04593409332050128,6.85,7.05,6.96,0.4993946545410156,19.0,152,68.29000091552734
SILVER,SLV,2026-09-18,0.37534246575342467,C,72.0,0.052902762636594755,6.7,6.85,6.81,0.49872327453613285,19.0,2166,68.29000091552734
SILVER,SLV,2026-09-18,0.37534246575342467,C,72.5,0.05982320548116846,6.55,6.7,6.84,0.5007374145507812,1.0,1427,68.29000091552734
SILVER,SLV,2026-09-18,0.37534246575342467,C,73.0,0.06669608476893062,6.4,6.55,6.7,0.5025684509277344,21.0,2127,68.29000091552734
SILVER,SLV,2026-09-18,0.37534246575342467,C,73.5,0.0735220498393304,6.25,6.4,6.45,0.5040332800292968,19.0,591,68.29000091552734
SILVER,SLV,2026-09-18,0.37534246575342467,C,74.0,0.08030173682470909,6.1,6.25,6.16,0.5008594836425782,14.0,3475,68.29000091552734
SILVER,SLV,2026-09-18,0.37534246575342467,C,74.5,0.0870357690060533,5.95,6.1,4.66,0.5019581054687501,1.0,1387,68.29000091552734
SILVER,SLV,2026-09-18,0.37534246575342467,C,75.0,0.09372475715684983,5.8,5.95,5.95,0.5028125891113282,1604.0,20586,68.29000091552734
SILVER,SLV,2026-09-18,0.37534246575342467,C,76.0,0.10696998390687051,5.5,5.65,5.85,0.5037891418457032,2.0,6709,68.29000091552734
SILVER,SLV,2026-09-18,0.37534246575342467,C,77.0,0.12004206547422333,5.25,5.4,5.54,0.506840869140625,41.0,1398,68.29000091552734
SILVER,SLV,2026-09-18,0.37534246575342467,C,78.0,0.13294547031013107,5.0,5.15,5.25,0.5091601818847658,251.0,6846,68.29000091552734
SILVER,SLV,2026-09-18,0.37534246575342467,C,79.0,0.14568449608756087,4.8,4.95,4.85,0.5137988073730468,115.0,4020,68.29000091552734
SILVER,SLV,2026-09-18,0.37534246575342467,C,80.0,0.15826327829442102,4.6,4.75,4.65,0.5177050183105469,1858.0,32443,68.29000091552734
SILVER,SLV,2026-09-18,0.37534246575342467,C,81.0,0.17068579829297822,4.4,4.5,4.95,0.5192919165039063,27.0,966,68.29000091552734
SILVER,SLV,2026-09-18,0.37534246575342467,C,82.0,0.18295589088479244,4.2,4.35,4.3,0.523442265625,95.0,1419,68.29000091552734
SILVER,SLV,2026-09-18,0.37534246575342467,C,83.0,0.1950772514171373,4.0,4.15,4.15,0.5251512329101562,28.0,1128,68.29000091552734
SILVER,SLV,2026-09-18,0.37534246575342467,C,84.0,0.20705344246385302,3.85,4.0,4.0,0.5296677893066408,42.0,2174,68.29000091552734
SILVER,SLV,2026-09-18,0.37534246575342467,C,85.0,0.2188879001108559,3.7,3.8,3.76,0.5318650329589845,2370.0,13788,68.29000091552734
SILVER,SLV,2026-09-18,0.37534246575342467,C,86.0,0.23058393987404724,3.55,3.65,3.65,0.5351608984375,7.0,4440,68.29000091552734
SILVER,SLV,2026-09-18,0.37534246575342467,C,87.0,0.24214476227512308,3.4,3.55,3.45,0.5396774548339844,564.0,2275,68.29000091552734
SILVER,SLV,2026-09-18,0.37534246575342467,C,88.0,0.2535734580987459,3.25,3.4,3.4,0.5418746984863283,7.0,1020,68.29000091552734
SILVER,SLV,2026-09-18,0.37534246575342467,C,89.0,0.26487301335267927,3.15,3.25,3.28,0.5452926330566408,3.0,1562,68.29000091552734
SILVER,SLV,2026-09-18,0.37534246575342467,C,90.0,0.27604631395080453,3.0,3.15,3.1,0.5483443603515626,2849.0,26738,68.29000091552734
SILVER,SLV,2026-09-18,0.37534246575342467,C,91.0,0.28709615013738937,2.91,3.05,2.96,0.5529829858398438,28.0,4660,68.29000091552734
SILVER,SLV,2026-09-18,0.37534246575342467,C,92.0,0.2980252206695797,2.81,2.9,2.87,0.5550581604003908,66.0,1486,68.29000091552734
SILVER,SLV,2026-09-18,0.37534246575342467,C,93.0,0.3088361367737954,2.7,2.79,2.74,0.5578657495117189,14.0,1079,68.29000091552734
SILVER,SLV,2026-09-18,0.37534246575342467,C,94.0,0.3195314258905434,2.6,2.7,2.78,0.5612836840820312,3.0,1505,68.29000091552734
SILVER,SLV,2026-09-18,0.37534246575342467,C,95.0,0.33011353522108017,2.51,2.6,2.66,0.5644574804687501,3.0,6544,68.29000091552734
SILVER,SLV,2026-09-18,0.37534246575342467,C,96.0,0.3405848350883756,2.42,2.51,2.55,0.5675092077636719,1.0,1297,68.29000091552734
SILVER,SLV,2026-09-18,0.37534246575342467,C,97.0,0.3509476221239223,2.34,2.42,2.5,0.5705609350585938,9.0,6158,68.29000091552734
SILVER,SLV,2026-09-18,0.37534246575342467,C,98.0,0.3612041222911114,2.27,2.34,2.42,0.5742230078125,4.0,2345,68.29000091552734
SILVER,SLV,2026-09-18,0.37534246575342467,C,99.0,0.37135649375512925,2.19,2.27,2.26,0.5775188732910157,45.0,6709,68.29000091552734
SILVER,SLV,2026-09-18,0.37534246575342467,C,100.0,0.38140682960863076,2.13,2.19,2.15,0.5809368078613282,1209.0,89793,68.29000091552734
SILVER,SLV,2026-09-18,0.37534246575342467,C,105.0,0.4301969937780628,1.79,1.87,1.86,0.5952188916015625,235.0,64275,68.29000091552734
SILVER,SLV,2026-09-18,0.37534246575342467,C,110.0,0.47671700941295564,1.54,1.61,1.61,0.6098671826171876,95.0,12264,68.29000091552734
SILVER,SLV,2026-09-18,0.37534246575342467,C,115.0,0.5211687719837895,1.34,1.4,1.42,0.6242713354492189,4.0,10509,68.29000091552734
SILVER,SLV,2026-09-18,0.37534246575342467,C,120.0,0.5637283864025854,1.16,1.22,1.2,0.6364782446289063,1042.0,11304,68.29000091552734
SILVER,SLV,2026-09-18,0.37534246575342467,C,125.0,0.6045503809228405,1.03,1.08,1.07,0.6501499829101562,1666.0,16943,68.29000091552734
SILVER,SLV,2026-09-18,0.37534246575342467,C,130.0,0.6437710940761219,0.91,0.96,0.94,0.6623568920898439,29.0,6744,68.29000091552734
SILVER,SLV,2026-09-18,0.37534246575342467,C,135.0,0.6815114220589689,0.82,0.86,0.83,0.6750520776367189,505.0,1590,68.29000091552734
SILVER,SLV,2026-09-18,0.37534246575342467,C,140.0,0.7178790662298437,0.73,0.77,0.74,0.68555001953125,18.0,7245,68.29000091552734
SILVER,SLV,2026-09-18,0.37534246575342467,C,145.0,0.7529703860411138,0.65,0.7,0.7,0.6962920996093751,23.0,4513,68.29000091552734
SILVER,SLV,2026-09-18,0.37534246575342467,C,150.0,0.7868719377167951,0.59,0.64,0.64,0.7072783178710937,30.0,7917,68.29000091552734
SILVER,SLV,2026-09-18,0.37534246575342467,C,155.0,0.819661760539786,0.54,0.59,0.56,0.7185086743164062,1.0,924,68.29000091552734
SILVER,SLV,2026-09-18,0.37534246575342467,C,160.0,0.8514104588543664,0.5,0.53,0.53,0.7280300634765625,142.0,5806,68.29000091552734
SILVER,SLV,2026-09-18,0.37534246575342467,C,165.0,0.8821821175211201,0.46,0.5,0.54,0.7392604199218749,1.0,1919,68.29000091552734
SILVER,SLV,2026-09-18,0.37534246575342467,C,170.0,0.9120350806708012,0.42,0.46,0.43,0.7475611181640626,1.0,1537,68.29000091552734
SILVER,SLV,2026-09-18,0.37534246575342467,C,175.0,0.9410226175440535,0.39,0.43,0.41,0.7573266455078126,68.0,2220,68.29000091552734
SILVER,SLV,2026-09-18,0.37534246575342467,C,180.0,0.9691934945107499,0.36,0.4,0.39,0.7661156201171876,29.0,3336,68.29000091552734
SILVER,SLV,2026-09-18,0.37534246575342467,C,185.0,0.9965924686988642,0.32,0.38,0.37,0.773439765625,10.0,2010,68.29000091552734
SILVER,SLV,2026-09-18,0.37534246575342467,C,190.0,1.0232607157810254,0.31,0.36,0.28,0.7841818457031251,157.0,1518,68.29000091552734
SILVER,SLV,2026-09-18,0.37534246575342467,C,195.0,1.0492362021842863,0.3,0.34,0.32,0.7949239257812499,319.0,1308,68.29000091552734
SILVER,SLV,2026-09-18,0.37534246575342467,C,200.0,1.074554010168576,0.29,0.32,0.31,0.8042011767578124,41.0,12124,68.29000091552734
SILVER,SLV,2026-09-18,0.37534246575342467,C,205.0,1.0992466227589475,0.27,0.3,0.29,0.8110370458984374,16.0,1440,68.29000091552734
SILVER,SLV,2026-09-18,0.37534246575342467,C,210.0,1.1233441743380082,0.25,0.29,0.25,0.8188494677734374,26.0,14734,68.29000091552734
SILVER,SLV,2026-09-18,0.37534246575342467,P,15.0,-1.5157131552772505,0.0,0.03,0.02,0.8906260937499999,1.0,216,68.29000091552734
SILVER,SLV,2026-09-18,0.37534246575342467,P,16.0,-1.4511746341396794,0.0,0.04,0.02,0.87500125,8.0,102,68.29000091552734
SILVER,SLV,2026-09-18,0.37534246575342467,P,17.0,-1.3905500123232444,0.0,0.04,0.04,0.8437515624999999,1.0,5,68.29000091552734
SILVER,SLV,2026-09-18,0.37534246575342467,P,18.0,-1.3333915984832958,0.0,0.05,0.05,0.8281267187499999,1.0,8,68.29000091552734
SILVER,SLV,2026-09-18,0.37534246575342467,P,19.0,-1.27932437721302,0.0,0.0,0.06,0.500005,1.0,0,68.29000091552734
SILVER,SLV,2026-09-18,0.37534246575342467,P,20.0,-1.2280310828254697,0.01,0.05,0.04,0.7812521875,1.0,50,68.29000091552734
SILVER,SLV,2026-09-18,0.37534246575342467,P,21.0,-1.1792409186560375,0.02,0.05,0.11,0.7656273437500001,1.0,25,68.29000091552734
SILVER,SLV,2026-09-18,0.37534246575342467,P,22.0,-1.1327209030211447,0.02,0.06,0.05,0.7460962890625,1.0,14,68.29000091552734
SILVER,SLV,2026-09-18,0.37534246575342467,P,23.0,-1.0882691404503109,0.0,0.0,0.12,0.500005,1.0,0,68.29000091552734
SILVER,SLV,2026-09-18,0.37534246575342467,P,24.0,-1.045709526031515,0.0,0.0,0.13,0.2500075,1.0,0,68.29000091552734
SILVER,SLV,2026-09-18,0.37534246575342467,P,25.0,-1.0048875315112598,0.03,0.06,0.05,0.6757844921875001,1.0,113,68.29000091552734
SILVER,SLV,2026-09-18,0.37534246575342467,P,26.0,-0.9656668183579786,0.0,0.0,0.17,0.2500075,1.0,0,68.29000091552734
SILVER,SLV,2026-09-18,0.37534246575342467,P,27.0,-0.9279264903751315,0.0,0.0,0.19,0.2500075,1.0,0,68.29000091552734
SILVER,SLV,2026-09-18,0.37534246575342467,P,28.0,-0.8915588462042567,0.03,0.09,0.14,0.6269568554687501,1.0,107,68.29000091552734
SILVER,SLV,2026-09-18,0.37534246575342467,P,29.0,-0.8564675263929866,0.05,0.08,0.07,0.6093789062500001,1.0,2669,68.29000091552734
SILVER,SLV,2026-09-18,0.37534246575342467,P,30.0,-0.8225659747173053,0.06,0.09,0.08,0.5996133789062501,5.0,1209,68.29000091552734
SILVER,SLV,2026-09-18,0.37534246575342467,P,30.5,-0.8060366727660947,0.06,0.1,0.48,0.5937540625000001,99.0,663,68.29000091552734
SILVER,SLV,2026-09-18,0.37534246575342467,P,31.0,-0.7897761518943144,0.07,0.1,0.1,0.58789474609375,1.0,27,68.29000091552734
SILVER,SLV,2026-09-18,0.37534246575342467,P,31.5,-0.7737758105478733,0.07,0.11,0.19,0.5800823242187501,9.0,212,68.29000091552734
SILVER,SLV,2026-09-18,0.37534246575342467,P,32.0,-0.758027453579734,0.07,0.14,0.13,0.5820354296875,2.0,2384,68.29000091552734
SILVER,SLV,2026-09-18,0.37534246575342467,P,32.5,-0.7425232670437688,0.08,0.12,0.13,0.56836369140625,1.0,222,68.29000091552734
SILVER,SLV,2026-09-18,0.37534246575342467,P,33.0,-0.7272557949129803,0.09,0.13,0.44,0.5644574804687501,1.0,50,68.29000091552734
SILVER,SLV,2026-09-18,0.37534246575342467,P,33.5,-0.7122179175484399,0.0,0.0,0.42,0.2500075,6.0,0,68.29000091552734
SILVER,SLV,2026-09-18,0.37534246575342467,P,34.0,-0.6974028317632992,0.11,0.15,0.24,0.5585981640625001,50.0,2193,68.29000091552734
SILVER,SLV,2026-09-18,0.37534246575342467,P,34.5,-0.6828040323421464,0.1,0.16,0.24,0.5468795312500001,21.0,64,68.29000091552734
SILVER,SLV,2026-09-18,0.37534246575342467,P,35.0,-0.668415294890047,0.11,0.17,0.19,0.5429733203125001,1.0,11355,68.29000091552734
SILVER,SLV,2026-09-18,0.37534246575342467,P,35.5,-0.6542306598980905,0.13,0.19,0.26,0.5449264257812501,2.0,25,68.29000091552734
SILVER,SLV,2026-09-18,0.37534246575342467,P,36.0,-0.6402444179233505,0.14,0.19,0.92,0.5371140039062501,1.0,561,68.29000091552734
SILVER,SLV,2026-09-18,0.37534246575342467,P,36.5,-0.6264510957910147,0.16,0.2,0.22,0.534184345703125,8.0,42,68.29000091552734
SILVER,SLV,2026-09-18,0.37534246575342467,P,37.0,-0.6128454437352362,0.17,0.21,0.23,0.5293015820312501,3.0,620,68.29000091552734
SILVER,SLV,2026-09-18,0.37534246575342467,P,37.5,-0.5994224234030955,0.18,0.22,0.24,0.523442265625,1.0,2615,68.29000091552734
SILVER,SLV,2026-09-18,0.37534246575342467,P,38.0,-0.5861771966530748,0.2,0.24,0.28,0.5214891601562499,8.0,1949,68.29000091552734
SILVER,SLV,2026-09-18,0.37534246575342467,P,38.5,-0.5731051150857219,0.2,0.28,0.5,0.5195360546875,3.0,856,68.29000091552734
SILVER,SLV,2026-09-18,0.37534246575342467,P,39.0,-0.5602017102498142,0.22,0.27,0.31,0.5117236328125,1.0,850,68.29000091552734
SILVER,SLV,2026-09-18,0.37534246575342467,P,39.5,-0.5474626844723844,0.34,0.43,0.73,0.5478560839843751,8.0,319,68.29000091552734
SILVER,SLV,2026-09-18,0.37534246575342467,P,40.0,-0.5348839022655243,0.27,0.31,0.33,0.5073291455078125,25.0,16089,68.29000091552734
SILVER,SLV,2026-09-18,0.37534246575342467,P,40.5,-0.522461382266967,0.29,0.33,0.52,0.5039112109375,1.0,2798,68.29000091552734
SILVER,SLV,2026-09-18,0.37534246575342467,P,41.0,-0.5101912896751529,0.31,0.35,1.22,0.50586431640625,1.0,2829,68.29000091552734
SILVER,SLV,2026-09-18,0.37534246575342467,P,41.5,-0.498069929142808,0.33,0.37,0.34,0.5009815527343751,14.0,10127,68.29000091552734
SILVER,SLV,2026-09-18,0.37534246575342467,P,42.0,-0.4860937380960923,0.36,0.4,0.43,0.499028447265625,1.0,451,68.29000091552734
SILVER,SLV,2026-09-18,0.37534246575342467,P,42.5,-0.4742592804490894,0.38,0.42,0.53,0.49414568359375005,1.0,3591,68.29000091552734
SILVER,SLV,2026-09-18,0.37534246575342467,P,43.0,-0.4625632406858981,0.41,0.46,0.59,0.4936574072265626,1.0,1159,68.29000091552734
SILVER,SLV,2026-09-18,0.37534246575342467,P,43.5,-0.45100241828482224,0.44,0.49,0.64,0.49023947265625006,1.0,1582,68.29000091552734
SILVER,SLV,2026-09-18,0.37534246575342467,P,44.0,-0.4395737224611994,0.49,0.52,0.68,0.48682153808593753,1.0,4209,68.29000091552734
SILVER,SLV,2026-09-18,0.37534246575342467,P,44.5,-0.428274167207266,0.51,0.55,0.53,0.48291532714843755,1.0,658,68.29000091552734
SILVER,SLV,2026-09-18,0.37534246575342467,P,45.0,-0.41710086660914075,0.55,0.59,0.54,0.4804739453125,1.0,5943,68.29000091552734
SILVER,SLV,2026-09-18,0.37534246575342467,P,45.5,-0.4060510304225559,0.58,0.63,0.72,0.47803256347656253,1.0,620,68.29000091552734
SILVER,SLV,2026-09-18,0.37534246575342467,P,46.0,-0.3951219598903656,0.63,0.68,0.81,0.4770560107421875,1.0,537,68.29000091552734
SILVER,SLV,2026-09-18,0.37534246575342467,P,46.5,-0.38431104378614994,0.67,0.72,0.9,0.47363807617187503,1.0,457,68.29000091552734
SILVER,SLV,2026-09-18,0.37534246575342467,P,47.0,-0.37361575466940194,0.71,0.78,0.97,0.4731497998046875,1.0,457,68.29000091552734
SILVER,SLV,2026-09-18,0.37534246575342467,P,47.5,-0.3630336453388651,0.77,0.82,1.02,0.4689994506835938,1.0,1333,68.29000091552734
SILVER,SLV,2026-09-18,0.37534246575342467,P,48.0,-0.35256234547156967,0.83,0.88,0.86,0.467778759765625,4.0,12330,68.29000091552734
SILVER,SLV,2026-09-18,0.37534246575342467,P,48.5,-0.34219955843602307,0.89,0.94,0.89,0.46582565429687506,1.0,259,68.29000091552734
SILVER,SLV,2026-09-18,0.37534246575342467,P,49.0,-0.3319430582688339,0.94,1.0,0.93,0.46362841064453125,2.0,1380,68.29000091552734
SILVER,SLV,2026-09-18,0.37534246575342467,P,49.5,-0.32179068680481604,1.01,1.07,1.07,0.4624077197265626,1.0,613,68.29000091552734
SILVER,SLV,2026-09-18,0.37534246575342467,P,50.0,-0.3117403509513146,1.09,1.13,1.09,0.4594780615234375,35.0,45689,68.29000091552734
SILVER,SLV,2026-09-18,0.37534246575342467,P,50.5,-0.3017900200981464,1.15,1.21,1.18,0.4585015087890626,1.0,709,68.29000091552734
SILVER,SLV,2026-09-18,0.37534246575342467,P,51.0,-0.29193772365513476,1.24,1.29,1.27,0.4572808178710938,1.0,1136,68.29000091552734
SILVER,SLV,2026-09-18,0.37534246575342467,P,51.5,-0.2821815487097702,1.31,1.37,1.83,0.4555718505859375,10.0,158,68.29000091552734
SILVER,SLV,2026-09-18,0.37534246575342467,P,52.0,-0.2725196377980333,1.39,1.46,1.38,0.4545952978515625,1.0,5530,68.29000091552734
SILVER,SLV,2026-09-18,0.37534246575342467,P,52.5,-0.26295018678188253,1.48,1.55,1.67,0.45313046875,1.0,1101,68.29000091552734
SILVER,SLV,2026-09-18,0.37534246575342467,P,53.0,-0.25347144282733874,1.58,1.64,2.12,0.45117736328125,1.0,112,68.29000091552734
SILVER,SLV,2026-09-18,0.37534246575342467,P,53.5,-0.24408170247749966,1.69,1.74,1.67,0.44995667236328124,1.0,431,68.29000091552734
SILVER,SLV,2026-09-18,0.37534246575342467,P,54.0,-0.23477930981518624,1.79,1.85,1.74,0.44922425781249997,129.0,1024,68.29000091552734
SILVER,SLV,2026-09-18,0.37534246575342467,P,54.5,-0.2255626547102622,1.89,1.96,2.52,0.4480035668945312,1.0,575,68.29000091552734
SILVER,SLV,2026-09-18,0.37534246575342467,P,55.0,-0.21643017114698965,2.0,2.07,1.98,0.44653873779296877,16.0,19364,68.29000091552734
SILVER,SLV,2026-09-18,0.37534246575342467,P,55.5,-0.2073803356270717,2.12,2.19,2.82,0.4454401159667969,1.0,2069,68.29000091552734
SILVER,SLV,2026-09-18,0.37534246575342467,P,56.0,-0.1984116656443114,2.26,2.33,2.26,0.4456842541503906,2.0,2159,68.29000091552734
SILVER,SLV,2026-09-18,0.37534246575342467,P,56.5,-0.18952271822706535,2.38,2.46,3.2,0.4445856323242187,139.0,449,68.29000091552734
SILVER,SLV,2026-09-18,0.37534246575342467,P,57.0,-0.18071208854491042,2.52,2.6,2.43,0.44397528686523435,20.0,803,68.29000091552734
SILVER,SLV,2026-09-18,0.37534246575342467,P,57.5,-0.1719784085761558,2.65,2.74,3.2,0.44287666503906253,45.0,531,68.29000091552734
SILVER,SLV,2026-09-18,0.37534246575342467,P,58.0,-0.1633203458330413,2.81,2.89,2.7,0.4422663195800781,2.0,3389,68.29000091552734
SILVER,SLV,2026-09-18,0.37534246575342467,P,58.5,-0.1547366021416498,2.96,3.05,3.0,0.4420221813964844,5.0,2364,68.29000091552734
SILVER,SLV,2026-09-18,0.37534246575342467,P,59.0,-0.14622591247374112,3.1,3.25,2.96,0.44434149414062496,2.0,2184,68.29000091552734
SILVER,SLV,2026-09-18,0.37534246575342467,P,59.5,-0.13778704382787646,3.25,3.4,3.25,0.442388388671875,1.0,462,68.29000091552734
SILVER,SLV,2026-09-18,0.37534246575342467,P,60.0,-0.12941879415735996,3.45,3.6,3.53,0.4437311486816406,46.0,9975,68.29000091552734
SILVER,SLV,2026-09-18,0.37534246575342467,P,60.5,-0.12111999134266484,3.65,3.75,4.09,0.44116769775390624,1.0,5151,68.29000091552734
SILVER,SLV,2026-09-18,0.37534246575342467,P,61.0,-0.11288949220614933,3.8,3.95,3.75,0.44165597412109375,2.0,688,68.29000091552734
SILVER,SLV,2026-09-18,0.37534246575342467,P,61.5,-0.10472618156698836,4.0,4.15,3.98,0.4417780432128906,1.0,969,68.29000091552734
SILVER,SLV,2026-09-18,0.37534246575342467,P,62.0,-0.0966289713343691,4.2,4.35,4.11,0.4415339050292969,4.0,4264,68.29000091552734
SILVER,SLV,2026-09-18,0.37534246575342467,P,62.5,-0.0885967996371048,4.45,4.55,4.37,0.4409235595703125,1.0,492,68.29000091552734
SILVER,SLV,2026-09-18,0.37534246575342467,P,63.0,-0.0806286299879279,4.65,4.8,4.55,0.44312080322265623,26.0,2349,68.29000091552734
SILVER,SLV,2026-09-18,0.37534246575342467,P,63.5,-0.07272345048081459,4.85,5.0,4.8,0.4417780432128906,1.0,244,68.29000091552734
SILVER,SLV,2026-09-18,0.37534246575342467,P,64.0,-0.06488027301978867,5.1,5.25,5.0,0.44324287231445314,2.0,588,68.29000091552734
SILVER,SLV,2026-09-18,0.37534246575342467,P,64.5,-0.057098132577733815,5.35,5.5,5.2,0.44434149414062496,1.0,142,68.29000091552734
SILVER,SLV,2026-09-18,0.37534246575342467,P,65.0,-0.04937608648382348,5.6,5.7,5.55,0.4419001123046875,48.0,11718,68.29000091552734
SILVER,SLV,2026-09-18,0.37534246575342467,P,65.5,-0.04171321373825433,5.85,5.95,5.65,0.442388388671875,1.0,705,68.29000091552734
SILVER,SLV,2026-09-18,0.37534246575342467,P,66.0,-0.03410861435303499,6.1,6.25,5.75,0.4454401159667969,1.0,1249,68.29000091552734
SILVER,SLV,2026-09-18,0.37534246575342467,P,66.5,-0.02656140871765217,6.35,6.5,6.3,0.44507390869140623,6.0,328,68.29000091552734
SILVER,SLV,2026-09-18,0.37534246575342467,P,67.0,-0.019070736988494538,6.65,6.75,6.55,0.44446356323242187,8.0,963,68.29000091552734
SILVER,SLV,2026-09-18,0.37534246575342467,P,67.5,-0.011635758500976432,6.9,7.05,6.8,0.44653873779296877,7.0,766,68.29000091552734
SILVER,SLV,2026-09-18,0.37534246575342467,P,68.0,-0.004255651203353846,7.2,7.35,6.88,0.44824770507812495,1.0,155,68.29000091552734
SILVER,SLV,2026-09-18,0.37534246575342467,P,68.5,0.003070388888718976,7.5,7.6,7.88,0.44653873779296877,36.0,141,68.29000091552734
SILVER,SLV,2026-09-18,0.37534246575342467,P,69.0,0.010343148217798888,7.75,7.9,7.51,0.4476373596191406,4.0,1584,68.29000091552734
SILVER,SLV,2026-09-18,0.37534246575342467,P,69.5,0.01756339619128587,8.05,8.2,8.9,0.44836977416992185,1.0,1608,68.29000091552734
SILVER,SLV,2026-09-18,0.37534246575342467,P,70.0,0.02473188566989833,8.4,8.5,8.25,0.44885805053710937,5.0,27908,68.29000091552734
SILVER,SLV,2026-09-18,0.37534246575342467,P,70.5,0.03184935343876244,8.7,8.85,8.6,0.45203184692382814,1.0,1535,68.29000091552734
SILVER,SLV,2026-09-18,0.37534246575342467,P,71.0,0.03891652066185481,9.0,9.15,11.45,0.45178770874023444,1.0,1441,68.29000091552734
SILVER,SLV,2026-09-18,0.37534246575342467,P,71.5,0.04593409332050128,9.35,9.45,9.0,0.4514215014648438,1.0,1115,68.29000091552734
SILVER,SLV,2026-09-18,0.37534246575342467,P,72.0,0.052902762636594755,9.65,9.8,9.42,0.45361874511718747,15.0,887,68.29000091552734
SILVER,SLV,2026-09-18,0.37534246575342467,P,72.5,0.05982320548116846,10.0,10.15,9.82,0.4556939196777344,4.0,253,68.29000091552734
SILVER,SLV,2026-09-18,0.37534246575342467,P,73.0,0.06669608476893062,10.3,10.5,11.15,0.45740288696289066,15.0,657,68.29000091552734
SILVER,SLV,2026-09-18,0.37534246575342467,P,73.5,0.0735220498393304,10.65,10.8,10.5,0.4558159887695313,11.0,99,68.29000091552734
SILVER,SLV,2026-09-18,0.37534246575342467,P,74.0,0.08030173682470909,11.0,11.2,10.89,0.459966337890625,1.0,154,68.29000091552734
SILVER,SLV,2026-09-18,0.37534246575342467,P,74.5,0.0870357690060533,11.35,11.55,11.45,0.46094289062500005,1.0,1364,68.29000091552734
SILVER,SLV,2026-09-18,0.37534246575342467,P,75.0,0.09372475715684983,11.7,11.85,11.28,0.45862357788085945,1.0,4077,68.29000091552734
SILVER,SLV,2026-09-18,0.37534246575342467,P,76.0,0.10696998390687051,12.4,12.65,12.31,0.46533737792968755,5.0,2682,68.29000091552734
SILVER,SLV,2026-09-18,0.37534246575342467,P,77.0,0.12004206547422333,13.15,13.4,14.4,0.4681449670410156,1.0,220,68.29000091552734
SILVER,SLV,2026-09-18,0.37534246575342467,P,78.0,0.13294547031013107,13.9,14.15,14.97,0.4699760034179688,2.0,327,68.29000091552734
SILVER,SLV,2026-09-18,0.37534246575342467,P,79.0,0.14568449608756087,14.65,14.9,14.02,0.47095255615234377,1.0,594,68.29000091552734
SILVER,SLV,2026-09-18,0.37534246575342467,P,80.0,0.15826327829442102,15.5,15.65,15.25,0.47119669433593747,16.0,6273,68.29000091552734
SILVER,SLV,2026-09-18,0.37534246575342467,P,81.0,0.17068579829297822,16.2,16.5,16.7,0.4769339416503906,3.0,543,68.29000091552734
SILVER,SLV,2026-09-18,0.37534246575342467,P,82.0,0.18295589088479244,17.0,17.35,19.45,0.4820608435058594,2.0,1205,68.29000091552734
SILVER,SLV,2026-09-18,0.37534246575342467,P,83.0,0.1950772514171373,17.7,18.1,17.2,0.47986359985351557,10.0,397,68.29000091552734
SILVER,SLV,2026-09-18,0.37534246575342467,P,84.0,0.20705344246385302,18.5,18.95,19.73,0.48352567260742196,4.0,85,68.29000091552734
SILVER,SLV,2026-09-18,0.37534246575342467,P,85.0,0.2188879001108559,19.45,19.8,19.17,0.4866994689941406,20.0,5369,68.29000091552734
SILVER,SLV,2026-09-18,0.37534246575342467,P,86.0,0.23058393987404724,20.3,20.65,20.6,0.4891408508300782,21.0,5717,68.29000091552734
SILVER,SLV,2026-09-18,0.37534246575342467,P,87.0,0.24214476227512308,21.15,21.5,21.55,0.4909718872070313,9.0,728,68.29000091552734
SILVER,SLV,2026-09-18,0.37534246575342467,P,88.0,0.2535734580987459,22.05,22.4,23.95,0.49597671997070314,1.0,822,68.29000091552734
SILVER,SLV,2026-09-18,0.37534246575342467,P,89.0,0.26487301335267927,22.9,23.25,23.0,0.49658706542968756,1.0,1122,68.29000091552734
SILVER,SLV,2026-09-18,0.37534246575342467,P,90.0,0.27604631395080453,23.8,24.15,23.54,0.5006153454589843,1.0,23111,68.29000091552734
SILVER,SLV,2026-09-18,0.37534246575342467,P,91.0,0.28709615013738937,24.65,25.05,24.0,0.5040332800292968,363.0,1912,68.29000091552734
SILVER,SLV,2026-09-18,0.37534246575342467,P,92.0,0.2980252206695797,25.6,25.9,27.45,0.5029346582031251,1.0,528,68.29000091552734
SILVER,SLV,2026-09-18,0.37534246575342467,P,93.0,0.3088361367737954,26.4,26.85,26.32,0.5095263891601562,5.0,177,68.29000091552734
SILVER,SLV,2026-09-18,0.37534246575342467,P,94.0,0.3195314258905434,27.35,27.7,27.22,0.5073291455078125,4.0,202,68.29000091552734
SILVER,SLV,2026-09-18,0.37534246575342467,P,95.0,0.33011353522108017,28.3,28.65,29.6,0.5131884619140624,1.0,2483,68.29000091552734
SILVER,SLV,2026-09-18,0.37534246575342467,P,96.0,0.3405848350883756,29.05,29.55,35.15,0.5141650146484374,2.0,17,68.29000091552734
SILVER,SLV,2026-09-18,0.37534246575342467,P,98.0,0.3612041222911114,30.9,31.35,29.65,0.5148974291992188,1.0,57,68.29000091552734
SILVER,SLV,2026-09-18,0.37534246575342467,P,99.0,0.37135649375512925,31.95,32.35,30.19,0.5042774182128906,1.0,96,68.29000091552734
SILVER,SLV,2026-09-18,0.37534246575342467,P,100.0,0.38140682960863076,32.75,33.2,32.57,0.5183153637695312,5.0,4428,68.29000091552734
SILVER,SLV,2026-09-18,0.37534246575342467,P,105.0,0.4301969937780628,37.6,37.9,40.9,0.5102588037109376,8.0,4280,68.29000091552734
SILVER,SLV,2026-09-18,0.37534246575342467,P,110.0,0.47671700941295564,42.2,42.7,41.2,0.5065967309570312,3.0,1135,68.29000091552734
SILVER,SLV,2026-09-18,0.37534246575342467,P,115.0,0.5211687719837895,47.15,47.6,49.1,0.5285691674804689,1.0,10,68.29000091552734
SILVER,SLV,2026-09-18,0.37534246575342467,P,120.0,0.5637283864025854,51.9,52.35,52.97,0.5117236328125,8.0,218,68.29000091552734
SILVER,SLV,2026-09-18,0.37534246575342467,P,125.0,0.6045503809228405,56.85,57.2,64.8,0.5151415673828125,8.0,282,68.29000091552734
SILVER,SLV,2026-09-18,0.37534246575342467,P,145.0,0.7529703860411138,74.75,78.6,73.8,0.8696302099609375,1.0,1,68.29000091552734
SILVER,SLV,2026-09-18,0.37534246575342467,P,165.0,0.8821821175211201,94.75,98.75,91.67,0.5429733203125001,1.0,0,68.29000091552734
SILVER,SLV,2026-09-18,0.37534246575342467,P,185.0,0.9965924686988642,114.75,118.8,116.65,0.63086306640625,60.0,66,68.29000091552734
SILVER,SLV,2026-09-18,0.37534246575342467,P,190.0,1.0232607157810254,119.75,123.8,121.05,0.64648791015625,58.0,171,68.29000091552734
SILVER,SLV,2026-09-18,0.37534246575342467,P,195.0,1.0492362021842863,124.75,128.8,126.55,0.6601596484375001,35.0,104,68.29000091552734
SILVER,SLV,2026-09-18,0.37534246575342467,P,200.0,1.074554010168576,129.75,133.8,133.4,0.6738313867187502,3.0,21,68.29000091552734
SILVER,SLV,2026-09-18,0.37534246575342467,P,205.0,1.0992466227589475,134.75,138.5,138.41,1.111820847167969,3.0,0,68.29000091552734
SILVER,SLV,2026-12-31,0.6602739726027397,C,35.0,-0.668415294890047,31.85,36.25,32.25,0.5708050732421875,2.0,55,68.29000091552734
SILVER,SLV,2026-12-31,0.6602739726027397,C,40.0,-0.5348839022655243,27.3,31.7,28.25,0.5366257275390626,22.0,36,68.29000091552734
SILVER,SLV,2026-12-31,0.6602739726027397,C,45.0,-0.41710086660914075,24.95,25.95,23.8,0.5346726220703125,16.0,271,68.29000091552734
SILVER,SLV,2026-12-31,0.6602739726027397,C,46.0,-0.3951219598903656,24.05,24.75,24.7,0.509892596435547,1.0,13,68.29000091552734
SILVER,SLV,2026-12-31,0.6602739726027397,C,47.0,-0.37361575466940194,22.85,23.95,27.7,0.5354050366210938,3.0,14,68.29000091552734
SILVER,SLV,2026-12-31,0.6602739726027397,C,48.0,-0.35256234547156967,22.65,23.1,24.2,0.5086719055175781,1.0,159,68.29000091552734
SILVER,SLV,2026-12-31,0.6602739726027397,C,49.0,-0.3319430582688339,21.85,22.3,20.81,0.5035450036621094,1.0,26,68.29000091552734
SILVER,SLV,2026-12-31,0.6602739726027397,C,50.0,-0.3117403509513146,21.1,21.5,22.46,0.5137988073730468,102.0,724,68.29000091552734
SILVER,SLV,2026-12-31,0.6602739726027397,C,51.0,-0.29193772365513476,20.35,20.8,24.5,0.5134326000976561,1.0,382,68.29000091552734
SILVER,SLV,2026-12-31,0.6602739726027397,C,53.0,-0.25347144282733874,18.9,19.35,17.8,0.5065967309570312,10.0,328,68.29000091552734
SILVER,SLV,2026-12-31,0.6602739726027397,C,54.0,-0.23477930981518624,18.2,18.65,18.6,0.5035450036621094,1.0,13,68.29000091552734
SILVER,SLV,2026-12-31,0.6602739726027397,C,55.0,-0.21643017114698965,17.55,17.95,16.95,0.4996387927246094,1.0,798,68.29000091552734
SILVER,SLV,2026-12-31,0.6602739726027397,C,55.5,-0.2073803356270717,17.2,17.6,18.05,0.4974415490722657,1.0,50,68.29000091552734
SILVER,SLV,2026-12-31,0.6602739726027397,C,56.0,-0.1984116656443114,16.9,17.3,15.5,0.4979298254394532,4.0,105,68.29000091552734
SILVER,SLV,2026-12-31,0.6602739726027397,C,56.5,-0.18952271822706535,16.55,16.95,20.65,0.4953663745117188,2.0,3,68.29000091552734
SILVER,SLV,2026-12-31,0.6602739726027397,C,57.0,-0.18071208854491042,16.25,16.65,15.1,0.4953663745117188,1.0,30,68.29000091552734
SILVER,SLV,2026-12-31,0.6602739726027397,C,57.5,-0.1719784085761558,15.95,16.35,18.8,0.495122236328125,6.0,3,68.29000091552734
SILVER,SLV,2026-12-31,0.6602739726027397,C,58.0,-0.1633203458330413,15.65,16.05,17.3,0.4947560290527344,3.0,41,68.29000091552734
SILVER,SLV,2026-12-31,0.6602739726027397,C,58.5,-0.1547366021416498,15.35,15.7,13.25,0.4914601635742188,1.0,201,68.29000091552734
SILVER,SLV,2026-12-31,0.6602739726027397,C,59.0,-0.14622591247374112,15.05,15.45,13.98,0.493291199951172,5.0,15,68.29000091552734
SILVER,SLV,2026-12-31,0.6602739726027397,C,59.5,-0.13778704382787646,14.75,15.15,14.75,0.49219257812500006,1.0,551,68.29000091552734
SILVER,SLV,2026-12-31,0.6602739726027397,C,60.0,-0.12941879415735996,14.45,14.8,14.95,0.488408436279297,12.0,829,68.29000091552734
SILVER,SLV,2026-12-31,0.6602739726027397,C,60.5,-0.12111999134266484,14.2,14.55,17.04,0.4896291271972657,2.0,11,68.29000091552734
SILVER,SLV,2026-12-31,0.6602739726027397,C,61.0,-0.11288949220614933,13.9,14.3,15.3,0.4904836108398438,168.0,785,68.29000091552734
SILVER,SLV,2026-12-31,0.6602739726027397,C,61.5,-0.10472618156698836,13.65,14.0,13.86,0.4887746435546876,1.0,7,68.29000091552734
SILVER,SLV,2026-12-31,0.6602739726027397,C,62.0,-0.0966289713343691,13.4,13.75,12.45,0.4892629199218751,1.0,217,68.29000091552734
SILVER,SLV,2026-12-31,0.6602739726027397,C,62.5,-0.0885967996371048,13.15,13.5,13.76,0.4896291271972657,14.0,104,68.29000091552734
SILVER,SLV,2026-12-31,0.6602739726027397,C,63.0,-0.0806286299879279,12.9,13.25,14.2,0.4897511962890626,1.0,336,68.29000091552734
SILVER,SLV,2026-12-31,0.6602739726027397,C,63.5,-0.07272345048081459,12.65,13.0,10.84,0.4896291271972657,6.0,93,68.29000091552734
SILVER,SLV,2026-12-31,0.6602739726027397,C,64.0,-0.06488027301978867,12.4,12.75,11.52,0.489384989013672,2.0,60,68.29000091552734
SILVER,SLV,2026-12-31,0.6602739726027397,C,64.5,-0.057098132577733815,12.15,12.5,11.35,0.4888967126464845,5.0,312,68.29000091552734
SILVER,SLV,2026-12-31,0.6602739726027397,C,65.0,-0.04937608648382348,12.0,12.25,12.35,0.48828636718750007,37.0,1069,68.29000091552734
SILVER,SLV,2026-12-31,0.6602739726027397,C,65.5,-0.04171321373825433,11.7,12.05,10.94,0.48987326538085946,1.0,166,68.29000091552734
SILVER,SLV,2026-12-31,0.6602739726027397,C,66.0,-0.03410861435303499,11.5,11.85,11.95,0.49121602539062503,6.0,400,68.29000091552734
SILVER,SLV,2026-12-31,0.6602739726027397,C,66.5,-0.02656140871765217,11.25,11.6,11.44,0.49005636901855476,10.0,709,68.29000091552734
SILVER,SLV,2026-12-31,0.6602739726027397,C,67.0,-0.019070736988494538,11.1,11.4,11.4,0.4910939562988281,23.0,575,68.29000091552734
SILVER,SLV,2026-12-31,0.6602739726027397,C,67.5,-0.011635758500976432,10.9,11.2,11.45,0.4918874053955079,4.0,80,68.29000091552734
SILVER,SLV,2026-12-31,0.6602739726027397,C,68.0,-0.004255651203353846,10.65,10.95,11.13,0.49023947265625006,26.0,660,68.29000091552734
SILVER,SLV,2026-12-31,0.6602739726027397,C,68.5,0.003070388888718976,10.45,10.75,10.75,0.4907277490234375,31.0,55,68.29000091552734
SILVER,SLV,2026-12-31,0.6602739726027397,C,69.0,0.010343148217798888,10.3,10.55,10.7,0.4910939562988281,34.0,182,68.29000091552734
SILVER,SLV,2026-12-31,0.6602739726027397,C,69.5,0.01756339619128587,10.1,10.35,10.5,0.49121602539062503,4.0,112,68.29000091552734
SILVER,SLV,2026-12-31,0.6602739726027397,C,70.0,0.02473188566989833,9.9,10.15,10.09,0.49121602539062503,565.0,3453,68.29000091552734
SILVER,SLV,2026-12-31,0.6602739726027397,C,70.5,0.03184935343876244,9.75,10.0,10.23,0.493291199951172,7.0,42,68.29000091552734
SILVER,SLV,2026-12-31,0.6602739726027397,C,71.0,0.03891652066185481,9.6,9.8,10.05,0.4930470617675782,27.0,324,68.29000091552734
SILVER,SLV,2026-12-31,0.6602739726027397,C,71.5,0.04593409332050128,9.4,9.65,8.75,0.49481706359863287,5.0,603,68.29000091552734
SILVER,SLV,2026-12-31,0.6602739726027397,C,72.0,0.052902762636594755,9.2,9.5,10.22,0.49646499633789065,1.0,1037,68.29000091552734
SILVER,SLV,2026-12-31,0.6602739726027397,C,72.5,0.05982320548116846,9.1,9.3,7.8,0.49573258178710944,3.0,15726,68.29000091552734
SILVER,SLV,2026-12-31,0.6602739726027397,C,73.0,0.06669608476893062,8.9,9.15,8.21,0.49707534179687507,10.0,998,68.29000091552734
SILVER,SLV,2026-12-31,0.6602739726027397,C,73.5,0.0735220498393304,8.75,9.0,9.15,0.4982960327148438,2.0,67,68.29000091552734
SILVER,SLV,2026-12-31,0.6602739726027397,C,74.0,0.08030173682470909,8.6,8.85,7.22,0.49933361999511716,203.0,244,68.29000091552734
SILVER,SLV,2026-12-31,0.6602739726027397,C,74.5,0.0870357690060533,8.45,8.7,8.77,0.5002491381835938,1.0,192,68.29000091552734
SILVER,SLV,2026-12-31,0.6602739726027397,C,75.0,0.09372475715684983,8.3,8.55,8.47,0.5010425872802735,1729.0,3264,68.29000091552734
SILVER,SLV,2026-12-31,0.6602739726027397,C,76.0,0.10696998390687051,8.0,8.25,8.5,0.5022022436523439,3.0,246,68.29000091552734
SILVER,SLV,2026-12-31,0.6602739726027397,C,77.0,0.12004206547422333,7.75,8.0,8.58,0.5051319018554687,3.0,7768,68.29000091552734
SILVER,SLV,2026-12-31,0.6602739726027397,C,78.0,0.13294547031013107,7.5,7.75,7.61,0.5019581054687501,12.0,186,68.29000091552734
SILVER,SLV,2026-12-31,0.6602739726027397,C,79.0,0.14568449608756087,7.25,7.5,7.7,0.5039112109375,1.0,264,68.29000091552734
SILVER,SLV,2026-12-31,0.6602739726027397,C,80.0,0.15826327829442102,7.05,7.25,7.2,0.5065356964111327,146.0,3582,68.29000091552734
SILVER,SLV,2026-12-31,0.6602739726027397,C,81.0,0.17068579829297822,6.8,7.0,6.1,0.5075732836914062,2.0,255,68.29000091552734
SILVER,SLV,2026-12-31,0.6602739726027397,C,82.0,0.18295589088479244,6.6,6.8,6.72,0.5105029418945313,1.0,700,68.29000091552734
SILVER,SLV,2026-12-31,0.6602739726027397,C,83.0,0.1950772514171373,6.4,6.6,5.28,0.5130053582763672,141.0,4420,68.29000091552734
SILVER,SLV,2026-12-31,0.6602739726027397,C,84.0,0.20705344246385302,6.2,6.4,5.06,0.5151415673828125,12.0,308,68.29000091552734
SILVER,SLV,2026-12-31,0.6602739726027397,C,85.0,0.2188879001108559,6.0,6.2,6.22,0.5168505346679688,22.0,2831,68.29000091552734
SILVER,SLV,2026-12-31,0.6602739726027397,C,86.0,0.23058393987404724,5.85,6.0,4.77,0.5194139855957032,31.0,782,68.29000091552734
SILVER,SLV,2026-12-31,0.6602739726027397,C,87.0,0.24214476227512308,5.65,5.85,4.68,0.5216112292480468,1.0,424,68.29000091552734
SILVER,SLV,2026-12-31,0.6602739726027397,C,88.0,0.2535734580987459,5.5,5.65,4.6,0.523442265625,105.0,580,68.29000091552734
SILVER,SLV,2026-12-31,0.6602739726027397,C,89.0,0.26487301335267927,5.35,5.5,5.01,0.5261888201904297,11.0,77,68.29000091552734
SILVER,SLV,2026-12-31,0.6602739726027397,C,90.0,0.27604631395080453,5.2,5.4,5.32,0.529850892944336,31.0,2517,68.29000091552734
SILVER,SLV,2026-12-31,0.6602739726027397,C,91.0,0.28709615013738937,5.05,5.25,4.55,0.5319871020507813,6.0,141,68.29000091552734
SILVER,SLV,2026-12-31,0.6602739726027397,C,92.0,0.2980252206695797,4.9,5.1,5.25,0.5338181384277343,3.0,2291,68.29000091552734
SILVER,SLV,2026-12-31,0.6602739726027397,C,93.0,0.3088361367737954,4.75,4.95,5.88,0.5353440020751954,20.0,723,68.29000091552734
SILVER,SLV,2026-12-31,0.6602739726027397,C,94.0,0.3195314258905434,4.65,4.85,5.25,0.539189178466797,1.0,558,68.29000091552734
SILVER,SLV,2026-12-31,0.6602739726027397,C,95.0,0.33011353522108017,4.5,4.7,4.02,0.5401657312011721,2.0,766,68.29000091552734
SILVER,SLV,2026-12-31,0.6602739726027397,C,96.0,0.3405848350883756,4.4,4.6,3.6,0.5434615966796876,160.0,292,68.29000091552734
SILVER,SLV,2026-12-31,0.6602739726027397,C,97.0,0.3509476221239223,4.3,4.5,4.65,0.5465133239746094,2.0,125,68.29000091552734
SILVER,SLV,2026-12-31,0.6602739726027397,C,98.0,0.3612041222911114,4.15,4.35,4.0,0.5467574621582032,5.0,416,68.29000091552734
SILVER,SLV,2026-12-31,0.6602739726027397,C,99.0,0.37135649375512925,4.05,4.25,4.45,0.5493209130859377,3.0,495,68.29000091552734
SILVER,SLV,2026-12-31,0.6602739726027397,C,100.0,0.38140682960863076,3.95,4.15,4.1,0.551762294921875,81.0,5433,68.29000091552734
SILVER,SLV,2026-12-31,0.6602739726027397,C,101.0,0.39135716046179886,3.85,4.05,3.95,0.553837469482422,2.0,662,68.29000091552734
SILVER,SLV,2026-12-31,0.6602739726027397,C,102.0,0.4012094569048105,3.8,3.95,3.15,0.5572554040527344,1.0,200,68.29000091552734
SILVER,SLV,2026-12-31,0.6602739726027397,C,103.0,0.4109656318501751,3.7,3.9,3.32,0.5604292004394531,1.0,581,68.29000091552734
SILVER,SLV,2026-12-31,0.6602739726027397,C,104.0,0.42062754276191205,3.6,3.75,2.99,0.56055126953125,2.0,334,68.29000091552734
SILVER,SLV,2026-12-31,0.6602739726027397,C,105.0,0.4301969937780628,3.5,3.7,3.75,0.5633588586425782,25.0,1083,68.29000091552734
SILVER,SLV,2026-12-31,0.6602739726027397,C,106.0,0.4396757377326066,3.45,3.6,4.1,0.5659223095703125,1.0,200,68.29000091552734
SILVER,SLV,2026-12-31,0.6602739726027397,C,107.0,0.4490654780824457,3.35,3.55,3.52,0.5684247259521484,3.0,704,68.29000091552734
SILVER,SLV,2026-12-31,0.6602739726027397,C,110.0,0.47671700941295564,3.15,3.3,3.3,0.5747112841796875,21.0,826,68.29000091552734
SILVER,SLV,2026-12-31,0.6602739726027397,C,115.0,0.5211687719837895,2.84,2.96,3.0,0.5852092260742188,3.0,383,68.29000091552734
SILVER,SLV,2026-12-31,0.6602739726027397,C,120.0,0.5637283864025854,2.56,2.7,2.65,0.5958292370605469,122.0,1016,68.29000091552734
SILVER,SLV,2026-12-31,0.6602739726027397,C,125.0,0.6045503809228405,2.32,2.42,2.38,0.6040078662109377,211.0,1440,68.29000091552734
SILVER,SLV,2026-12-31,0.6602739726027397,C,130.0,0.6437710940761219,2.11,2.24,2.2,0.614261669921875,76.0,604,68.29000091552734
SILVER,SLV,2026-12-31,0.6602739726027397,C,135.0,0.6815114220589689,1.91,2.03,1.94,0.6212196081542969,2.0,726,68.29000091552734
SILVER,SLV,2026-12-31,0.6602739726027397,C,140.0,0.7178790662298437,1.76,1.88,1.86,0.6303747900390625,75.0,928,68.29000091552734
SILVER,SLV,2026-12-31,0.6602739726027397,C,145.0,0.7529703860411138,1.62,1.73,1.35,0.6381872119140625,10.0,1050,68.29000091552734
SILVER,SLV,2026-12-31,0.6602739726027397,C,150.0,0.7868719377167951,1.5,1.59,1.59,0.6455113574218749,20.0,2742,68.29000091552734
SILVER,SLV,2026-12-31,0.6602739726027397,C,155.0,0.819661760539786,1.39,1.47,1.44,0.6525913647460939,2.0,865,68.29000091552734
SILVER,SLV,2026-12-31,0.6602739726027397,C,160.0,0.8514104588543664,1.29,1.37,1.28,0.6596713720703126,101.0,1491,68.29000091552734
SILVER,SLV,2026-12-31,0.6602739726027397,C,165.0,0.8821821175211201,1.2,1.29,1.67,0.667239655761719,31.0,513,68.29000091552734
SILVER,SLV,2026-12-31,0.6602739726027397,C,170.0,0.9120350806708012,1.11,1.21,0.91,0.6733431103515627,20.0,705,68.29000091552734
SILVER,SLV,2026-12-31,0.6602739726027397,C,175.0,0.9410226175440535,1.05,1.12,0.84,0.6796907031250001,6.0,504,68.29000091552734
SILVER,SLV,2026-12-31,0.6602739726027397,C,180.0,0.9691934945107499,0.98,1.05,0.94,0.6853058813476562,5.0,2823,68.29000091552734
SILVER,SLV,2026-12-31,0.6602739726027397,C,185.0,0.9965924686988642,0.92,1.0,0.96,0.6921417504882813,15.0,3707,68.29000091552734
SILVER,SLV,2026-12-31,0.6602739726027397,C,190.0,1.0232607157810254,0.87,0.93,0.93,0.6972686523437501,1.0,1029,68.29000091552734
SILVER,SLV,2026-12-31,0.6602739726027397,C,195.0,1.0492362021842863,0.81,0.88,0.84,0.702151416015625,1.0,186,68.29000091552734
SILVER,SLV,2026-12-31,0.6602739726027397,C,200.0,1.074554010168576,0.77,0.84,0.81,0.7084990087890625,24.0,1904,68.29000091552734
SILVER,SLV,2026-12-31,0.6602739726027397,C,205.0,1.0992466227589475,0.72,0.81,0.6,0.7143583251953125,1.0,583,68.29000091552734
SILVER,SLV,2026-12-31,0.6602739726027397,C,210.0,1.1233441743380082,0.68,0.79,0.7,0.7209500561523439,31.0,4137,68.29000091552734
SILVER,SLV,2026-12-31,0.6602739726027397,P,35.0,-0.668415294890047,0.29,0.39,0.36,0.4931691308593751,5.0,3581,68.29000091552734
SILVER,SLV,2026-12-31,0.6602739726027397,P,40.0,-0.5348839022655243,0.61,0.68,0.74,0.46143116699218756,10.0,533,68.29000091552734
SILVER,SLV,2026-12-31,0.6602739726027397,P,45.0,-0.41710086660914075,1.15,1.23,1.35,0.4440973559570312,21.0,1181,68.29000091552734
SILVER,SLV,2026-12-31,0.6602739726027397,P,46.0,-0.3951219598903656,1.31,1.38,1.32,0.44165597412109375,1.0,1122,68.29000091552734
SILVER,SLV,2026-12-31,0.6602739726027397,P,47.0,-0.37361575466940194,1.45,1.53,1.5,0.4379939013671875,3.0,364,68.29000091552734
SILVER,SLV,2026-12-31,0.6602739726027397,P,48.0,-0.35256234547156967,1.62,1.72,1.94,0.4370173486328125,1.0,229,68.29000091552734
SILVER,SLV,2026-12-31,0.6602739726027397,P,49.0,-0.3319430582688339,1.82,1.91,1.8,0.4348201049804688,3.0,904,68.29000091552734
SILVER,SLV,2026-12-31,0.6602739726027397,P,50.0,-0.3117403509513146,2.03,2.12,2.03,0.4329890686035156,66.0,3201,68.29000091552734
SILVER,SLV,2026-12-31,0.6602739726027397,P,51.0,-0.29193772365513476,2.23,2.34,2.25,0.43079182495117196,30.0,748,68.29000091552734
SILVER,SLV,2026-12-31,0.6602739726027397,P,52.0,-0.2725196377980333,2.48,2.59,2.5,0.42969320312500003,26.0,1257,68.29000091552734
SILVER,SLV,2026-12-31,0.6602739726027397,P,53.0,-0.25347144282733874,2.75,2.84,2.75,0.4274959594726563,20.0,94,68.29000091552734
SILVER,SLV,2026-12-31,0.6602739726027397,P,54.0,-0.23477930981518624,3.0,3.15,3.4,0.4282283740234375,500.0,695,68.29000091552734
SILVER,SLV,2026-12-31,0.6602739726027397,P,55.0,-0.21643017114698965,3.3,3.4,3.3,0.4239559558105469,25.0,5481,68.29000091552734
SILVER,SLV,2026-12-31,0.6602739726027397,P,55.5,-0.2073803356270717,3.45,3.6,3.6,0.4260311303710938,2.0,30,68.29000091552734
SILVER,SLV,2026-12-31,0.6602739726027397,P,56.0,-0.1984116656443114,3.6,3.75,4.0,0.424810439453125,2.0,78,68.29000091552734
SILVER,SLV,2026-12-31,0.6602739726027397,P,56.5,-0.18952271822706535,3.8,3.9,3.75,0.4234676794433594,1.0,439,68.29000091552734
SILVER,SLV,2026-12-31,0.6602739726027397,P,57.0,-0.18071208854491042,3.95,4.1,3.9,0.42456630126953127,1.0,49,68.29000091552734
SILVER,SLV,2026-12-31,0.6602739726027397,P,57.5,-0.1719784085761558,4.15,4.25,4.59,0.42273526489257807,3.0,120,68.29000091552734
SILVER,SLV,2026-12-31,0.6602739726027397,P,58.0,-0.1633203458330413,4.3,4.45,4.92,0.4233456103515625,6.0,1437,68.29000091552734
SILVER,SLV,2026-12-31,0.6602739726027397,P,58.5,-0.1547366021416498,4.5,4.7,5.07,0.42639733764648446,18.0,52,68.29000091552734
SILVER,SLV,2026-12-31,0.6602739726027397,P,59.0,-0.14622591247374112,4.7,4.9,4.72,0.4265194067382813,73.0,1015,68.29000091552734
SILVER,SLV,2026-12-31,0.6602739726027397,P,59.5,-0.13778704382787646,4.9,5.1,4.85,0.42627526855468756,2.0,86,68.29000091552734
SILVER,SLV,2026-12-31,0.6602739726027397,P,60.0,-0.12941879415735996,5.1,5.3,5.12,0.4258480267333985,17.0,1875,68.29000091552734
SILVER,SLV,2026-12-31,0.6602739726027397,P,60.5,-0.12111999134266484,5.3,5.5,6.17,0.42517664672851563,2.0,23,68.29000091552734
SILVER,SLV,2026-12-31,0.6602739726027397,P,61.0,-0.11288949220614933,5.5,5.75,6.35,0.426885614013672,1.0,460,68.29000091552734
SILVER,SLV,2026-12-31,0.6602739726027397,P,61.5,-0.10472618156698836,5.75,5.95,6.56,0.42566492309570314,10.0,122,68.29000091552734
SILVER,SLV,2026-12-31,0.6602739726027397,P,62.0,-0.0966289713343691,5.95,6.2,5.94,0.426885614013672,8.0,329,68.29000091552734
SILVER,SLV,2026-12-31,0.6602739726027397,P,62.5,-0.0885967996371048,6.2,6.45,6.18,0.42774009765625004,109.0,44,68.29000091552734
SILVER,SLV,2026-12-31,0.6602739726027397,P,63.0,-0.0806286299879279,6.45,6.65,7.47,0.4260311303710938,1.0,104,68.29000091552734
SILVER,SLV,2026-12-31,0.6602739726027397,P,63.5,-0.07272345048081459,6.7,6.9,8.1,0.42639733764648446,3.0,31,68.29000091552734
SILVER,SLV,2026-12-31,0.6602739726027397,P,64.0,-0.06488027301978867,6.95,7.15,7.17,0.42664147583007817,3.0,716,68.29000091552734
SILVER,SLV,2026-12-31,0.6602739726027397,P,64.5,-0.057098132577733815,7.2,7.4,7.1,0.42664147583007817,1.0,280,68.29000091552734
SILVER,SLV,2026-12-31,0.6602739726027397,P,65.0,-0.04937608648382348,7.45,7.7,7.53,0.4288387194824219,522.0,705,68.29000091552734
SILVER,SLV,2026-12-31,0.6602739726027397,P,65.5,-0.04171321373825433,7.7,7.95,7.63,0.42847251220703125,15.0,137,68.29000091552734
SILVER,SLV,2026-12-31,0.6602739726027397,P,66.0,-0.03410861435303499,8.0,8.25,9.24,0.43018147949218755,9.0,98,68.29000091552734
SILVER,SLV,2026-12-31,0.6602739726027397,P,66.5,-0.02656140871765217,8.25,8.5,13.1,0.4293269958496094,2.0,72,68.29000091552734
SILVER,SLV,2026-12-31,0.6602739726027397,P,67.0,-0.019070736988494538,8.55,8.8,9.62,0.43066975585937506,1.0,200,68.29000091552734
SILVER,SLV,2026-12-31,0.6602739726027397,P,67.5,-0.011635758500976432,8.85,9.1,9.95,0.4317683776855469,1.0,156,68.29000091552734
SILVER,SLV,2026-12-31,0.6602739726027397,P,68.0,-0.004255651203353846,9.1,9.35,9.2,0.43030354858398445,7.0,402,68.29000091552734
SILVER,SLV,2026-12-31,0.6602739726027397,P,68.5,0.003070388888718976,9.4,9.65,9.27,0.43103596313476567,1.0,44,68.29000091552734
SILVER,SLV,2026-12-31,0.6602739726027397,P,69.0,0.010343148217798888,9.7,9.95,9.58,0.4315242395019532,4.0,132,68.29000091552734
SILVER,SLV,2026-12-31,0.6602739726027397,P,69.5,0.01756339619128587,10.0,10.25,10.42,0.4318904467773438,6.0,101,68.29000091552734
SILVER,SLV,2026-12-31,0.6602739726027397,P,70.0,0.02473188566989833,10.35,10.6,10.3,0.4343318286132813,32.0,1033,68.29000091552734
SILVER,SLV,2026-12-31,0.6602739726027397,P,70.5,0.03184935343876244,10.65,10.9,13.12,0.4342707940673829,1.0,124,68.29000091552734
SILVER,SLV,2026-12-31,0.6602739726027397,P,71.0,0.03891652066185481,10.95,11.2,11.26,0.43408769042968753,1.0,522,68.29000091552734
SILVER,SLV,2026-12-31,0.6602739726027397,P,71.5,0.04593409332050128,11.3,11.55,11.32,0.4359187268066406,1.0,546,68.29000091552734
SILVER,SLV,2026-12-31,0.6602739726027397,P,72.0,0.052902762636594755,11.6,11.85,11.65,0.43543045043945316,1.0,163,68.29000091552734
SILVER,SLV,2026-12-31,0.6602739726027397,P,72.5,0.05982320548116846,11.95,12.2,11.1,0.43695631408691404,31.0,285,68.29000091552734
SILVER,SLV,2026-12-31,0.6602739726027397,P,73.0,0.06669608476893062,12.25,12.5,12.32,0.43604079589843747,1.0,1308,68.29000091552734
SILVER,SLV,2026-12-31,0.6602739726027397,P,73.5,0.0735220498393304,12.6,12.85,13.65,0.43726148681640625,1.0,937,68.29000091552734
SILVER,SLV,2026-12-31,0.6602739726027397,P,74.0,0.08030173682470909,12.95,13.2,11.54,0.43836010864257813,1.0,41,68.29000091552734
SILVER,SLV,2026-12-31,0.6602739726027397,P,74.5,0.0870357690060533,13.3,13.55,13.45,0.43921459228515625,1.0,87,68.29000091552734
SILVER,SLV,2026-12-31,0.6602739726027397,P,75.0,0.09372475715684983,13.65,13.9,13.5,0.4400080413818359,7.0,2280,68.29000091552734
SILVER,SLV,2026-12-31,0.6602739726027397,P,76.0,0.10696998390687051,14.35,14.6,14.28,0.4410456286621094,1.0,129,68.29000091552734
SILVER,SLV,2026-12-31,0.6602739726027397,P,77.0,0.12004206547422333,15.05,15.35,15.06,0.443792183227539,3.0,601,68.29000091552734
SILVER,SLV,2026-12-31,0.6602739726027397,P,78.0,0.13294547031013107,15.8,16.1,15.65,0.44598942687988286,1.0,286,68.29000091552734
SILVER,SLV,2026-12-31,0.6602739726027397,P,79.0,0.14568449608756087,16.5,16.8,16.54,0.445318046875,2.0,83,68.29000091552734
SILVER,SLV,2026-12-31,0.6602739726027397,P,80.0,0.15826327829442102,17.3,17.6,17.3,0.4487970159912109,1.0,1186,68.29000091552734
SILVER,SLV,2026-12-31,0.6602739726027397,P,81.0,0.17068579829297822,18.0,18.35,19.61,0.44946839599609373,2.0,632,68.29000091552734
SILVER,SLV,2026-12-31,0.6602739726027397,P,82.0,0.18295589088479244,18.75,19.2,18.61,0.45435115966796874,1.0,882,68.29000091552734
SILVER,SLV,2026-12-31,0.6602739726027397,P,83.0,0.1950772514171373,19.5,19.95,19.35,0.4539849523925781,20.0,5980,68.29000091552734
SILVER,SLV,2026-12-31,0.6602739726027397,P,84.0,0.20705344246385302,20.25,20.75,18.22,0.4555718505859375,1.0,454,68.29000091552734
SILVER,SLV,2026-12-31,0.6602739726027397,P,85.0,0.2188879001108559,21.1,21.75,22.66,0.46655806884765627,2.0,696,68.29000091552734
SILVER,SLV,2026-12-31,0.6602739726027397,P,86.0,0.23058393987404724,22.0,22.35,21.81,0.45752495605468757,3.0,853,68.29000091552734
SILVER,SLV,2026-12-31,0.6602739726027397,P,87.0,0.24214476227512308,22.8,23.2,22.78,0.4603325451660156,4.0,753,68.29000091552734
SILVER,SLV,2026-12-31,0.6602739726027397,P,88.0,0.2535734580987459,23.5,24.2,24.58,0.4703422106933594,67.0,111,68.29000091552734
SILVER,SLV,2026-12-31,0.6602739726027397,P,89.0,0.26487301335267927,24.25,25.0,24.21,0.4699760034179688,1.0,94,68.29000091552734
SILVER,SLV,2026-12-31,0.6602739726027397,P,90.0,0.27604631395080453,25.1,25.75,27.55,0.4666801379394532,2.0,1717,68.29000091552734
SILVER,SLV,2026-12-31,0.6602739726027397,P,91.0,0.28709615013738937,25.95,27.0,26.58,0.48883567810058604,1.0,759,68.29000091552734
SILVER,SLV,2026-12-31,0.6602739726027397,P,92.0,0.2980252206695797,26.55,27.55,33.98,0.47437049072265625,2.0,81,68.29000091552734
SILVER,SLV,2026-12-31,0.6602739726027397,P,93.0,0.3088361367737954,27.7,28.55,31.07,0.4831594653320313,20.0,151,68.29000091552734
SILVER,SLV,2026-12-31,0.6602739726027397,P,94.0,0.3195314258905434,28.4,31.1,30.78,0.5025684509277344,55.0,53,68.29000091552734
SILVER,SLV,2026-12-31,0.6602739726027397,P,95.0,0.33011353522108017,29.5,30.2,32.32,0.48120635986328125,1.0,377,68.29000091552734
SILVER,SLV,2026-12-31,0.6602739726027397,P,96.0,0.3405848350883756,30.35,30.95,30.4,0.4753470434570312,2.0,72,68.29000091552734
SILVER,SLV,2026-12-31,0.6602739726027397,P,97.0,0.3509476221239223,31.2,31.8,36.53,0.47473669799804685,2.0,45,68.29000091552734
SILVER,SLV,2026-12-31,0.6602739726027397,P,98.0,0.3612041222911114,32.1,32.85,33.96,0.4854787780761719,5.0,46,68.29000091552734
SILVER,SLV,2026-12-31,0.6602739726027397,P,99.0,0.37135649375512925,33.0,33.75,37.19,0.48730981445312505,25.0,37,68.29000091552734
SILVER,SLV,2026-12-31,0.6602739726027397,P,100.0,0.38140682960863076,33.9,34.6,35.75,0.4858449853515625,2.0,865,68.29000091552734
SILVER,SLV,2026-12-31,0.6602739726027397,P,102.0,0.4012094569048105,34.85,38.2,34.9,0.5911906115722658,13.0,79,68.29000091552734
SILVER,SLV,2026-12-31,0.6602739726027397,P,103.0,0.4109656318501751,36.6,37.3,39.5,0.4887746435546876,4.0,168,68.29000091552734
SILVER,SLV,2026-12-31,0.6602739726027397,P,105.0,0.4301969937780628,38.35,39.1,41.54,0.48950705810546885,1.0,350,68.29000091552734
SILVER,SLV,2026-12-31,0.6602739726027397,P,110.0,0.47671700941295564,42.95,43.6,45.33,0.4862111926269531,2.0,121,68.29000091552734
SILVER,SLV,2026-12-31,0.6602739726027397,P,115.0,0.5211687719837895,44.5,47.2,45.01,0.3764710791015625,1.0,26,68.29000091552734
SILVER,SLV,2026-12-31,0.6602739726027397,P,120.0,0.5637283864025854,49.05,51.75,59.3,0.28125718749999995,1.0,26,68.29000091552734
SILVER,SLV,2026-12-31,0.6602739726027397,P,130.0,0.6437710940761219,62.0,62.6,64.1,0.49670913452148446,5.0,31,68.29000091552734
SILVER,SLV,2026-12-31,0.6602739726027397,P,140.0,0.7178790662298437,71.75,72.65,77.6,0.5437057348632813,5.0,167,68.29000091552734
SILVER,SLV,2026-12-31,0.6602739726027397,P,150.0,0.7868719377167951,81.55,82.2,83.72,0.51562984375,5.0,28,68.29000091552734
SILVER,SLV,2026-12-31,0.6602739726027397,P,200.0,1.074554010168576,129.5,133.8,134.76,0.8566908862304687,4.0,0,68.29000091552734
SILVER,SLV,2026-12-31,0.6602739726027397,P,210.0,1.1233441743380082,139.5,143.9,138.8,0.8920909228515624,1.0,1,68.29000091552734
SILVER,SLV,2027-06-17,1.1205479452054794,C,20.0,-1.2280310828254697,47.9,50.95,46.98,0.8308122387695311,2.0,164,68.29000091552734
SILVER,SLV,2027-06-17,1.1205479452054794,C,22.0,-1.1327209030211447,57.35,61.6,57.11,2.198979111938476,2.0,24,68.29000091552734
SILVER,SLV,2027-06-17,1.1205479452054794,C,24.0,-1.045709526031515,48.0,52.5,48.29,1.2658728112792965,2.0,21,68.29000091552734
SILVER,SLV,2027-06-17,1.1205479452054794,C,25.0,-1.0048875315112598,41.75,46.5,44.15,0.6411168701171875,1.0,186,68.29000091552734
SILVER,SLV,2027-06-17,1.1205479452054794,C,26.0,-0.9656668183579786,40.8,45.5,49.0,0.62305064453125,2.0,25,68.29000091552734
SILVER,SLV,2027-06-17,1.1205479452054794,C,28.0,-0.8915588462042567,39.0,42.6,45.3,0.5161181201171875,1.0,53,68.29000091552734
SILVER,SLV,2027-06-17,1.1205479452054794,C,29.0,-0.8564675263929866,44.0,48.0,45.42,1.1286664660644532,1.0,14,68.29000091552734
SILVER,SLV,2027-06-17,1.1205479452054794,C,30.0,-0.8225659747173053,38.5,41.2,37.38,0.6325720336914062,1.0,782,68.29000091552734
SILVER,SLV,2027-06-17,1.1205479452054794,C,30.5,-0.8060366727660947,36.7,41.45,36.45,0.5888712988281251,1.0,31,68.29000091552734
SILVER,SLV,2027-06-17,1.1205479452054794,C,31.0,-0.7897761518943144,36.25,41.0,40.34,0.5847209497070311,2.0,135,68.29000091552734
SILVER,SLV,2027-06-17,1.1205479452054794,C,31.5,-0.7737758105478733,35.8,40.5,36.22,0.5776409423828125,1.0,17,68.29000091552734
SILVER,SLV,2027-06-17,1.1205479452054794,C,32.0,-0.758027453579734,35.35,40.0,29.39,0.5705609350585938,10.0,384,68.29000091552734
SILVER,SLV,2027-06-17,1.1205479452054794,C,32.5,-0.7425232670437688,34.85,39.5,36.0,0.5607954077148438,2.0,5,68.29000091552734
SILVER,SLV,2027-06-17,1.1205479452054794,C,33.0,-0.7272557949129803,40.5,44.5,32.0,1.0279589617919924,28.0,158,68.29000091552734
SILVER,SLV,2027-06-17,1.1205479452054794,C,33.5,-0.7122179175484399,38.85,42.95,45.38,0.9329840686035156,1.0,181,68.29000091552734
SILVER,SLV,2027-06-17,1.1205479452054794,C,34.0,-0.6974028317632992,33.5,38.35,30.67,0.5585981640625001,1.0,438,68.29000091552734
SILVER,SLV,2027-06-17,1.1205479452054794,C,34.5,-0.6828040323421464,38.75,42.1,54.6,0.940552352294922,1.0,112,68.29000091552734
SILVER,SLV,2027-06-17,1.1205479452054794,C,35.0,-0.668415294890047,34.2,35.9,33.41,0.551762294921875,2.0,787,68.29000091552734
SILVER,SLV,2027-06-17,1.1205479452054794,C,35.5,-0.6542306598980905,32.2,37.0,31.5,0.5468795312500001,1.0,296,68.29000091552734
SILVER,SLV,2027-06-17,1.1205479452054794,C,36.0,-0.6402444179233505,31.75,35.25,28.1,0.6353796228027344,4.0,393,68.29000091552734
SILVER,SLV,2027-06-17,1.1205479452054794,C,36.5,-0.6264510957910147,37.0,41.45,40.52,0.9355475195312499,1.0,52,68.29000091552734
SILVER,SLV,2027-06-17,1.1205479452054794,C,37.0,-0.6128454437352362,32.4,34.25,39.35,0.5389450402832032,5.0,1606,68.29000091552734
SILVER,SLV,2027-06-17,1.1205479452054794,C,37.5,-0.5994224234030955,36.5,40.5,36.84,0.9243171630859376,75.0,2012,68.29000091552734
SILVER,SLV,2027-06-17,1.1205479452054794,C,39.0,-0.5602017102498142,30.0,32.95,30.1,0.514653291015625,2.0,263,68.29000091552734
SILVER,SLV,2027-06-17,1.1205479452054794,C,39.5,-0.5474626844723844,28.8,33.5,29.0,0.5192919165039063,2.0,30,68.29000091552734
SILVER,SLV,2027-06-17,1.1205479452054794,C,40.0,-0.5348839022655243,29.7,32.95,29.29,0.5596967858886719,4.0,1494,68.29000091552734
SILVER,SLV,2027-06-17,1.1205479452054794,C,40.5,-0.522461382266967,34.0,38.0,27.0,0.8715833154296875,2.0,39,68.29000091552734
SILVER,SLV,2027-06-17,1.1205479452054794,C,41.0,-0.5101912896751529,27.65,32.45,27.92,0.521367091064453,4.0,34,68.29000091552734
SILVER,SLV,2027-06-17,1.1205479452054794,C,41.5,-0.498069929142808,27.25,32.0,25.81,0.5174608801269531,2.0,34,68.29000091552734
SILVER,SLV,2027-06-17,1.1205479452054794,C,42.0,-0.4860937380960923,27.1,31.5,27.77,0.5202684692382812,2.0,140,68.29000091552734
SILVER,SLV,2027-06-17,1.1205479452054794,C,43.0,-0.4625632406858981,27.25,30.9,27.1,0.5515181567382813,1.0,365,68.29000091552734
SILVER,SLV,2027-06-17,1.1205479452054794,C,43.5,-0.45100241828482224,26.0,30.5,28.68,0.5218553674316406,6.0,229,68.29000091552734
SILVER,SLV,2027-06-17,1.1205479452054794,C,44.0,-0.4395737224611994,26.0,29.0,25.47,0.5872844006347657,2.0,364,68.29000091552734
SILVER,SLV,2027-06-17,1.1205479452054794,C,44.5,-0.428274167207266,27.05,27.5,24.15,0.5050098327636718,14.0,335,68.29000091552734
SILVER,SLV,2027-06-17,1.1205479452054794,C,45.0,-0.41710086660914075,26.6,27.2,25.45,0.5034229345703125,4.0,1522,68.29000091552734
SILVER,SLV,2027-06-17,1.1205479452054794,C,45.5,-0.4060510304225559,26.35,26.75,23.93,0.5031787963867188,1.0,132,68.29000091552734
SILVER,SLV,2027-06-17,1.1205479452054794,C,46.0,-0.3951219598903656,25.9,26.5,26.78,0.5028125891113282,10.0,141,68.29000091552734
SILVER,SLV,2027-06-17,1.1205479452054794,C,46.5,-0.38431104378614994,25.5,26.05,27.2,0.5134326000976561,1.0,121,68.29000091552734
SILVER,SLV,2027-06-17,1.1205479452054794,C,47.0,-0.37361575466940194,25.15,25.75,23.73,0.5151415673828125,3.0,105,68.29000091552734
SILVER,SLV,2027-06-17,1.1205479452054794,C,47.5,-0.3630336453388651,24.75,25.35,25.3,0.5112963909912109,1.0,74,68.29000091552734
SILVER,SLV,2027-06-17,1.1205479452054794,C,48.0,-0.35256234547156967,24.4,24.95,25.5,0.5073291455078125,10.0,1138,68.29000091552734
SILVER,SLV,2027-06-17,1.1205479452054794,C,48.5,-0.34219955843602307,24.1,24.65,24.35,0.5085498364257812,2.0,34,68.29000091552734
SILVER,SLV,2027-06-17,1.1205479452054794,C,49.0,-0.3319430582688339,23.75,24.35,22.25,0.5095263891601562,5.0,177,68.29000091552734
SILVER,SLV,2027-06-17,1.1205479452054794,C,49.5,-0.32179068680481604,27.5,31.4,33.69,0.7717918328857423,1.0,11,68.29000091552734
SILVER,SLV,2027-06-17,1.1205479452054794,C,50.0,-0.3117403509513146,23.1,23.7,21.85,0.5084277673339843,22.0,2361,68.29000091552734
SILVER,SLV,2027-06-17,1.1205479452054794,C,50.5,-0.3017900200981464,22.7,23.3,24.6,0.5039722454833984,5.0,193,68.29000091552734
SILVER,SLV,2027-06-17,1.1205479452054794,C,51.0,-0.29193772365513476,22.5,23.05,23.0,0.5067188000488281,3.0,112,68.29000091552734
SILVER,SLV,2027-06-17,1.1205479452054794,C,51.5,-0.2821815487097702,22.05,22.7,20.65,0.5043994873046875,36.0,95,68.29000091552734
SILVER,SLV,2027-06-17,1.1205479452054794,C,52.0,-0.2725196377980333,21.85,22.35,19.52,0.502080174560547,11.0,1063,68.29000091552734
SILVER,SLV,2027-06-17,1.1205479452054794,C,52.5,-0.26295018678188253,21.5,22.0,22.16,0.4996387927246094,25.0,889,68.29000091552734
SILVER,SLV,2027-06-17,1.1205479452054794,C,53.0,-0.25347144282733874,21.2,21.75,21.52,0.5015918981933594,4.0,324,68.29000091552734
SILVER,SLV,2027-06-17,1.1205479452054794,C,53.5,-0.24408170247749966,25.05,29.15,25.1,0.7517114672851561,1.0,14,68.29000091552734
SILVER,SLV,2027-06-17,1.1205479452054794,C,54.0,-0.23477930981518624,20.5,21.15,19.72,0.5005543109130859,1.0,86,68.29000091552734
SILVER,SLV,2027-06-17,1.1205479452054794,C,54.5,-0.2255626547102622,20.25,20.85,22.05,0.4998218963623047,1.0,67,68.29000091552734
SILVER,SLV,2027-06-17,1.1205479452054794,C,55.0,-0.21643017114698965,20.0,20.55,20.7,0.49896741271972656,7.0,3234,68.29000091552734
SILVER,SLV,2027-06-17,1.1205479452054794,C,55.5,-0.2073803356270717,19.65,20.25,20.65,0.4979298254394532,5.0,86,68.29000091552734
SILVER,SLV,2027-06-17,1.1205479452054794,C,56.0,-0.1984116656443114,19.35,19.95,22.0,0.4968312036132813,2.0,473,68.29000091552734
SILVER,SLV,2027-06-17,1.1205479452054794,C,56.5,-0.18952271822706535,19.2,19.6,23.75,0.4935353381347657,1.0,9,68.29000091552734
SILVER,SLV,2027-06-17,1.1205479452054794,C,57.0,-0.18071208854491042,18.85,19.3,20.75,0.49219257812500006,2.0,164,68.29000091552734
SILVER,SLV,2027-06-17,1.1205479452054794,C,57.5,-0.1719784085761558,18.55,19.1,19.85,0.49487809814453126,5.0,211,68.29000091552734
SILVER,SLV,2027-06-17,1.1205479452054794,C,58.0,-0.1633203458330413,18.25,18.75,21.33,0.4912770599365235,1.0,235,68.29000091552734
SILVER,SLV,2027-06-17,1.1205479452054794,C,58.5,-0.1547366021416498,18.1,18.55,24.15,0.4936574072265626,3.0,870,68.29000091552734
SILVER,SLV,2027-06-17,1.1205479452054794,C,59.0,-0.14622591247374112,17.8,18.25,18.3,0.49182637084960945,1.0,58,68.29000091552734
SILVER,SLV,2027-06-17,1.1205479452054794,C,60.0,-0.12941879415735996,17.3,17.75,17.5,0.4918874053955079,35.0,3209,68.29000091552734
SILVER,SLV,2027-06-17,1.1205479452054794,C,61.0,-0.11288949220614933,16.85,17.3,19.0,0.49341326904296884,1.0,278,68.29000091552734
SILVER,SLV,2027-06-17,1.1205479452054794,C,61.5,-0.10472618156698836,16.55,17.05,18.28,0.4929860272216797,2.0,419,68.29000091552734
SILVER,SLV,2027-06-17,1.1205479452054794,C,62.0,-0.0966289713343691,16.3,16.75,16.45,0.4905446453857423,20.0,891,68.29000091552734
SILVER,SLV,2027-06-17,1.1205479452054794,C,62.5,-0.0885967996371048,16.15,16.6,17.11,0.49371844177246105,2.0,34,68.29000091552734
SILVER,SLV,2027-06-17,1.1205479452054794,C,63.0,-0.0806286299879279,15.8,16.35,18.23,0.4929860272216797,1.0,21,68.29000091552734
SILVER,SLV,2027-06-17,1.1205479452054794,C,63.5,-0.07272345048081459,15.55,16.15,14.5,0.49396257995605475,1.0,29,68.29000091552734
SILVER,SLV,2027-06-17,1.1205479452054794,C,64.0,-0.06488027301978867,15.4,15.9,16.0,0.4930470617675782,6.0,350,68.29000091552734
SILVER,SLV,2027-06-17,1.1205479452054794,C,64.5,-0.057098132577733815,15.15,15.65,13.51,0.4919484399414063,5.0,17,68.29000091552734
SILVER,SLV,2027-06-17,1.1205479452054794,C,65.0,-0.04937608648382348,15.0,15.45,15.4,0.4926198199462891,13.0,593,68.29000091552734
SILVER,SLV,2027-06-17,1.1205479452054794,C,65.5,-0.04171321373825433,14.75,15.2,14.05,0.49133809448242194,1.0,104,68.29000091552734
SILVER,SLV,2027-06-17,1.1205479452054794,C,66.0,-0.03410861435303499,14.55,15.05,14.83,0.4936574072265626,1.0,98,68.29000091552734
SILVER,SLV,2027-06-17,1.1205479452054794,C,66.5,-0.02656140871765217,14.3,14.85,13.63,0.4940236145019532,42.0,545,68.29000091552734
SILVER,SLV,2027-06-17,1.1205479452054794,C,67.0,-0.019070736988494538,14.1,14.6,15.03,0.4924367163085938,2.0,576,68.29000091552734
SILVER,SLV,2027-06-17,1.1205479452054794,C,67.5,-0.011635758500976432,13.95,14.45,14.9,0.4943898217773438,12.0,54,68.29000091552734
SILVER,SLV,2027-06-17,1.1205479452054794,C,68.0,-0.004255651203353846,13.8,14.25,14.1,0.49445085632324226,1.0,353,68.29000091552734
SILVER,SLV,2027-06-17,1.1205479452054794,C,68.5,0.003070388888718976,13.6,14.0,14.03,0.49255878540039066,2.0,63,68.29000091552734
SILVER,SLV,2027-06-17,1.1205479452054794,C,69.0,0.010343148217798888,13.35,13.85,13.89,0.49420671813964845,35.0,486,68.29000091552734
SILVER,SLV,2027-06-17,1.1205479452054794,C,69.5,0.01756339619128587,13.25,13.65,13.9,0.49396257995605475,1.0,642,68.29000091552734
SILVER,SLV,2027-06-17,1.1205479452054794,C,70.0,0.02473188566989833,13.05,13.5,13.44,0.4954274090576172,16.0,5142,68.29000091552734
SILVER,SLV,2027-06-17,1.1205479452054794,C,70.5,0.03184935343876244,12.95,13.25,12.4,0.49323016540527354,1.0,460,68.29000091552734
SILVER,SLV,2027-06-17,1.1205479452054794,C,71.0,0.03891652066185481,12.7,13.15,13.5,0.49622085815429695,10.0,702,68.29000091552734
SILVER,SLV,2027-06-17,1.1205479452054794,C,71.5,0.04593409332050128,12.55,12.9,10.98,0.4939015454101563,1.0,229,68.29000091552734
SILVER,SLV,2027-06-17,1.1205479452054794,C,72.0,0.052902762636594755,12.4,12.75,11.75,0.49493913269042966,12.0,3648,68.29000091552734
SILVER,SLV,2027-06-17,1.1205479452054794,C,72.5,0.05982320548116846,12.2,12.6,13.6,0.4959156854248047,1.0,551,68.29000091552734
SILVER,SLV,2027-06-17,1.1205479452054794,C,73.0,0.06669608476893062,12.05,12.45,17.5,0.4968312036132813,2.0,770,68.29000091552734
SILVER,SLV,2027-06-17,1.1205479452054794,C,73.5,0.0735220498393304,11.9,12.4,11.38,0.501103621826172,1.0,398,68.29000091552734
SILVER,SLV,2027-06-17,1.1205479452054794,C,74.0,0.08030173682470909,11.75,12.1,11.35,0.49658706542968756,1.0,647,68.29000091552734
SILVER,SLV,2027-06-17,1.1205479452054794,C,74.5,0.0870357690060533,11.6,11.95,11.76,0.497197410888672,2.0,122,68.29000091552734
SILVER,SLV,2027-06-17,1.1205479452054794,C,75.0,0.09372475715684983,11.45,11.8,11.7,0.49774672180175783,10.0,5465,68.29000091552734
SILVER,SLV,2027-06-17,1.1205479452054794,C,76.0,0.10696998390687051,11.15,11.5,10.4,0.4986622399902344,50.0,91,68.29000091552734
SILVER,SLV,2027-06-17,1.1205479452054794,C,77.0,0.12004206547422333,10.85,11.2,11.62,0.4991505163574219,3.0,671,68.29000091552734
SILVER,SLV,2027-06-17,1.1205479452054794,C,78.0,0.13294547031013107,10.55,10.95,9.31,0.5011646563720704,10.0,357,68.29000091552734
SILVER,SLV,2027-06-17,1.1205479452054794,C,79.0,0.14568449608756087,10.35,10.7,10.9,0.5028736236572267,3675.0,155,68.29000091552734
SILVER,SLV,2027-06-17,1.1205479452054794,C,80.0,0.15826327829442102,10.1,10.45,10.5,0.5042774182128906,25.0,4700,68.29000091552734
SILVER,SLV,2027-06-17,1.1205479452054794,C,81.0,0.17068579829297822,9.85,10.25,15.02,0.5001881036376954,5.0,78,68.29000091552734
SILVER,SLV,2027-06-17,1.1205479452054794,C,82.0,0.18295589088479244,9.55,10.0,8.47,0.5001881036376954,20.0,100,68.29000091552734
SILVER,SLV,2027-06-17,1.1205479452054794,C,83.0,0.1950772514171373,9.4,9.75,8.3,0.5025074163818359,1.0,236,68.29000091552734
SILVER,SLV,2027-06-17,1.1205479452054794,C,84.0,0.20705344246385302,9.15,9.55,9.94,0.5037281072998048,44.0,93,68.29000091552734
SILVER,SLV,2027-06-17,1.1205479452054794,C,85.0,0.2188879001108559,8.95,9.35,9.27,0.5056201782226561,15.0,3668,68.29000091552734
SILVER,SLV,2027-06-17,1.1205479452054794,C,86.0,0.23058393987404724,8.75,9.15,9.48,0.5072070764160157,2.0,609,68.29000091552734
SILVER,SLV,2027-06-17,1.1205479452054794,C,87.0,0.24214476227512308,8.5,8.9,11.64,0.506840869140625,16.0,528,68.29000091552734
SILVER,SLV,2027-06-17,1.1205479452054794,C,88.0,0.2535734580987459,8.4,8.7,9.12,0.5097705273437501,2.0,861,68.29000091552734
SILVER,SLV,2027-06-17,1.1205479452054794,C,89.0,0.26487301335267927,8.2,8.5,11.6,0.5106860455322266,3.0,82,68.29000091552734
SILVER,SLV,2027-06-17,1.1205479452054794,C,90.0,0.27604631395080453,8.05,8.3,8.35,0.5123339782714844,6.0,2934,68.29000091552734
SILVER,SLV,2027-06-17,1.1205479452054794,C,91.0,0.28709615013738937,7.85,8.15,12.15,0.5137377728271484,1.0,100,68.29000091552734
SILVER,SLV,2027-06-17,1.1205479452054794,C,92.0,0.2980252206695797,7.7,8.0,8.86,0.5158739819335938,10.0,538,68.29000091552734
SILVER,SLV,2027-06-17,1.1205479452054794,C,93.0,0.3088361367737954,7.55,7.85,9.3,0.5178270874023438,4.0,425,68.29000091552734
SILVER,SLV,2027-06-17,1.1205479452054794,C,94.0,0.3195314258905434,7.4,7.7,9.8,0.5195970892333983,60.0,170,68.29000091552734
SILVER,SLV,2027-06-17,1.1205479452054794,C,95.0,0.33011353522108017,7.25,7.5,7.65,0.5202684692382812,1.0,1815,68.29000091552734
SILVER,SLV,2027-06-17,1.1205479452054794,C,96.0,0.3405848350883756,7.1,7.4,6.99,0.5225877819824218,10.0,553,68.29000091552734
SILVER,SLV,2027-06-17,1.1205479452054794,C,97.0,0.3509476221239223,6.95,7.25,6.06,0.5238084729003907,2.0,258,68.29000091552734
SILVER,SLV,2027-06-17,1.1205479452054794,C,98.0,0.3612041222911114,6.8,7.15,7.9,0.5258226129150392,2.0,949,68.29000091552734
SILVER,SLV,2027-06-17,1.1205479452054794,C,99.0,0.37135649375512925,6.7,7.0,6.8,0.5277146838378908,1.0,602,68.29000091552734
SILVER,SLV,2027-06-17,1.1205479452054794,C,100.0,0.38140682960863076,6.5,6.85,6.76,0.5275315802001954,186.0,2379,68.29000091552734
SILVER,SLV,2027-06-17,1.1205479452054794,C,101.0,0.39135716046179886,6.45,6.75,7.07,0.5309495147705079,6.0,323,68.29000091552734
SILVER,SLV,2027-06-17,1.1205479452054794,C,102.0,0.4012094569048105,6.3,6.6,7.61,0.5314377911376953,2.0,6,68.29000091552734
SILVER,SLV,2027-06-17,1.1205479452054794,C,103.0,0.4109656318501751,6.2,6.45,6.9,0.5327195166015625,1.0,714,68.29000091552734
SILVER,SLV,2027-06-17,1.1205479452054794,C,104.0,0.42062754276191205,6.1,6.35,9.17,0.5347946911621093,1.0,124,68.29000091552734
SILVER,SLV,2027-06-17,1.1205479452054794,C,105.0,0.4301969937780628,5.95,6.3,5.79,0.5367477966308594,12.0,793,68.29000091552734
SILVER,SLV,2027-06-17,1.1205479452054794,C,106.0,0.4396757377326066,5.85,6.15,8.1,0.5376022802734376,2.0,182,68.29000091552734
SILVER,SLV,2027-06-17,1.1205479452054794,C,107.0,0.4490654780824457,5.75,6.05,7.91,0.5393112475585939,4.0,47,68.29000091552734
SILVER,SLV,2027-06-17,1.1205479452054794,C,108.0,0.45836787074475904,5.65,5.95,7.15,0.5408981457519533,716.0,767,68.29000091552734
SILVER,SLV,2027-06-17,1.1205479452054794,C,109.0,0.46758452584968313,5.55,5.85,8.08,0.5423629748535157,,0,68.29000091552734
SILVER,SLV,2027-06-17,1.1205479452054794,C,110.0,0.47671700941295564,5.5,5.75,5.54,0.5447433221435547,4.0,2964,68.29000091552734
SILVER,SLV,2027-06-17,1.1205479452054794,C,111.0,0.4857668449328736,5.4,5.65,7.29,0.546025047607422,2.0,44,68.29000091552734
SILVER,SLV,2027-06-17,1.1205479452054794,C,112.0,0.4947355149156339,5.3,5.55,5.46,0.5471236694335939,2.0,2,68.29000091552734
SILVER,SLV,2027-06-17,1.1205479452054794,C,113.0,0.5036244623328799,5.2,5.45,8.18,0.5481612567138674,4.0,2,68.29000091552734
SILVER,SLV,2027-06-17,1.1205479452054794,C,114.0,0.5124350920150349,5.1,5.4,7.59,0.5501143621826172,2.0,1,68.29000091552734
SILVER,SLV,2027-06-17,1.1205479452054794,C,115.0,0.5211687719837895,5.05,5.35,4.9,0.5529829858398438,8.0,1563,68.29000091552734
SILVER,SLV,2027-06-17,1.1205479452054794,C,116.0,0.5298268347269041,4.95,5.2,6.84,0.5526167785644531,2.0,58,68.29000091552734
SILVER,SLV,2027-06-17,1.1205479452054794,C,117.0,0.5384105784182955,4.9,5.15,7.56,0.5553633331298828,1.0,4,68.29000091552734
SILVER,SLV,2027-06-17,1.1205479452054794,C,118.0,0.5469212680862042,4.8,5.05,5.45,0.5558516094970705,25.0,275,68.29000091552734
SILVER,SLV,2027-06-17,1.1205479452054794,C,119.0,0.5553601367320689,4.75,5.0,6.75,0.5583540258789064,3.0,259,68.29000091552734
SILVER,SLV,2027-06-17,1.1205479452054794,C,120.0,0.5637283864025854,4.65,4.9,4.85,0.5587202331542969,3.0,1426,68.29000091552734
SILVER,SLV,2027-06-17,1.1205479452054794,C,121.0,0.5720271892172805,4.6,4.85,6.84,0.5610395458984375,1.0,1,68.29000091552734
SILVER,SLV,2027-06-17,1.1205479452054794,C,122.0,0.580257688353796,4.5,4.75,5.77,0.5612226495361328,2.0,2,68.29000091552734
SILVER,SLV,2027-06-17,1.1205479452054794,C,123.0,0.588420998992957,4.45,4.7,6.55,0.5634198931884766,,3,68.29000091552734
SILVER,SLV,2027-06-17,1.1205479452054794,C,124.0,0.5965182092255762,4.4,4.65,5.89,0.565556102294922,,142,68.29000091552734
SILVER,SLV,2027-06-17,1.1205479452054794,C,125.0,0.6045503809228405,4.35,4.55,4.14,0.5665326550292968,4.0,824,68.29000091552734
SILVER,SLV,2027-06-17,1.1205479452054794,C,126.0,0.6125185505720174,4.25,4.5,4.95,0.567387138671875,2.0,15,68.29000091552734
SILVER,SLV,2027-06-17,1.1205479452054794,C,127.0,0.6204237300791308,4.2,4.45,5.23,0.569340244140625,338.0,166,68.29000091552734
SILVER,SLV,2027-06-17,1.1205479452054794,C,128.0,0.6282669075401567,4.15,4.4,5.75,0.5711712805175782,2.0,2,68.29000091552734
SILVER,SLV,2027-06-17,1.1205479452054794,C,129.0,0.6360490479822115,4.1,4.35,6.65,0.5730023168945313,6.0,105,68.29000091552734
SILVER,SLV,2027-06-17,1.1205479452054794,C,130.0,0.6437710940761219,4.05,4.3,4.15,0.5747112841796875,1.0,2560,68.29000091552734
SILVER,SLV,2027-06-17,1.1205479452054794,C,131.0,0.651433966821691,4.0,4.25,4.0,0.5762981823730469,100.0,512,68.29000091552734
SILVER,SLV,2027-06-17,1.1205479452054794,C,132.0,0.6590385662069104,3.9,4.2,5.73,0.5767864587402343,778.0,225,68.29000091552734
SILVER,SLV,2027-06-17,1.1205479452054794,C,133.0,0.6665857718422932,3.85,4.1,6.25,0.577152666015625,2.0,2,68.29000091552734
SILVER,SLV,2027-06-17,1.1205479452054794,C,134.0,0.6740764435714508,3.8,4.05,5.05,0.5786174951171875,2.0,203,68.29000091552734
SILVER,SLV,2027-06-17,1.1205479452054794,C,135.0,0.6815114220589689,3.75,4.0,3.41,0.5799602551269532,1.0,428,68.29000091552734
SILVER,SLV,2027-06-17,1.1205479452054794,C,136.0,0.6888915293565915,3.7,3.95,6.0,0.5813030151367188,4.0,319,68.29000091552734
SILVER,SLV,2027-06-17,1.1205479452054794,C,137.0,0.6962175694486643,3.65,3.9,5.9,0.5825237060546875,294.0,149,68.29000091552734
SILVER,SLV,2027-06-17,1.1205479452054794,C,138.0,0.7034903287777442,3.6,3.85,5.85,0.5837443969726561,126.0,65,68.29000091552734
SILVER,SLV,2027-06-17,1.1205479452054794,C,139.0,0.7107105767512312,3.55,3.8,5.85,0.5849040533447265,44.0,25,68.29000091552734
SILVER,SLV,2027-06-17,1.1205479452054794,C,140.0,0.7178790662298437,3.55,3.75,3.32,0.5872233660888673,2.0,1687,68.29000091552734
SILVER,SLV,2027-06-17,1.1205479452054794,C,141.0,0.7249965339987078,3.5,3.75,5.65,0.5894816442871094,2.0,42,68.29000091552734
SILVER,SLV,2027-06-17,1.1205479452054794,C,142.0,0.7320637012218001,3.45,3.7,4.93,0.5904581970214844,2.0,280,68.29000091552734
SILVER,SLV,2027-06-17,1.1205479452054794,C,143.0,0.7390812738804466,3.4,3.6,6.1,0.5902140588378908,2.0,49,68.29000091552734
SILVER,SLV,2027-06-17,1.1205479452054794,C,144.0,0.74604994319654,3.35,3.6,5.3,0.5922892333984376,4.0,5,68.29000091552734
SILVER,SLV,2027-06-17,1.1205479452054794,C,145.0,0.7529703860411138,3.3,3.55,6.0,0.5931437170410157,2.0,753,68.29000091552734
SILVER,SLV,2027-06-17,1.1205479452054794,C,146.0,0.7598432653288759,3.25,3.5,4.08,0.5938761315917969,1.0,5,68.29000091552734
SILVER,SLV,2027-06-17,1.1205479452054794,C,147.0,0.7666692303992757,3.25,3.45,3.27,0.5958292370605469,1.0,150,68.29000091552734
SILVER,SLV,2027-06-17,1.1205479452054794,C,148.0,0.7734489173846544,3.2,3.4,2.89,0.5965616516113281,1.0,3,68.29000091552734
SILVER,SLV,2027-06-17,1.1205479452054794,C,149.0,0.7801829495659987,3.15,3.4,5.2,0.5983926879882813,102.0,106,68.29000091552734
SILVER,SLV,2027-06-17,1.1205479452054794,C,150.0,0.7868719377167951,3.1,3.35,3.3,0.5990030334472658,8.0,2771,68.29000091552734
SILVER,SLV,2027-06-17,1.1205479452054794,C,155.0,0.819661760539786,2.94,3.15,4.9,0.6047402807617189,2.0,212,68.29000091552734
SILVER,SLV,2027-06-17,1.1205479452054794,C,160.0,0.8514104588543664,2.77,2.99,2.95,0.6102333898925782,2.0,956,68.29000091552734
SILVER,SLV,2027-06-17,1.1205479452054794,C,165.0,0.8821821175211201,2.63,2.83,4.4,0.6156044299316408,10.0,1323,68.29000091552734
SILVER,SLV,2027-06-17,1.1205479452054794,C,170.0,0.9120350806708012,2.5,2.69,2.78,0.6209754699707033,7.0,671,68.29000091552734
SILVER,SLV,2027-06-17,1.1205479452054794,C,175.0,0.9410226175440535,2.46,2.57,2.25,0.6287878918457033,50.0,1044,68.29000091552734
SILVER,SLV,2027-06-17,1.1205479452054794,C,180.0,0.9691934945107499,2.25,2.44,2.38,0.6303747900390625,6.0,696,68.29000091552734
SILVER,SLV,2027-06-17,1.1205479452054794,C,185.0,0.9965924686988642,2.14,2.33,1.86,0.6350134155273439,1.0,1224,68.29000091552734
SILVER,SLV,2027-06-17,1.1205479452054794,C,190.0,1.0232607157810254,2.04,2.23,2.1,0.6395299719238281,3.0,350,68.29000091552734
SILVER,SLV,2027-06-17,1.1205479452054794,C,195.0,1.0492362021842863,1.94,2.13,3.4,0.6434361828613282,20.0,551,68.29000091552734
SILVER,SLV,2027-06-17,1.1205479452054794,C,200.0,1.074554010168576,1.86,2.04,2.02,0.6478306701660157,6.0,921,68.29000091552734
SILVER,SLV,2027-06-17,1.1205479452054794,C,205.0,1.0992466227589475,1.77,1.96,1.87,0.6516148120117189,2.0,1527,68.29000091552734
SILVER,SLV,2027-06-17,1.1205479452054794,C,210.0,1.1233441743380082,1.71,1.88,1.82,0.6560092993164064,33.0,2933,68.29000091552734
SILVER,SLV,2027-06-17,1.1205479452054794,P,20.0,-1.2280310828254697,0.07,0.14,0.21,0.5312546875,750.0,1022,68.29000091552734
SILVER,SLV,2027-06-17,1.1205479452054794,P,21.0,-1.1792409186560375,0.08,0.2,0.4,0.53320779296875,1.0,26,68.29000091552734
SILVER,SLV,2027-06-17,1.1205479452054794,P,22.0,-1.1327209030211447,0.0,2.44,0.25,0.7856466748046875,,0,68.29000091552734
SILVER,SLV,2027-06-17,1.1205479452054794,P,23.0,-1.0882691404503109,0.0,0.0,0.34,0.2500075,2.0,0,68.29000091552734
SILVER,SLV,2027-06-17,1.1205479452054794,P,24.0,-1.045709526031515,0.0,2.41,0.31,0.7280300634765625,10.0,23,68.29000091552734
SILVER,SLV,2027-06-17,1.1205479452054794,P,25.0,-1.0048875315112598,0.17,0.29,0.25,0.5170946728515625,2.0,504,68.29000091552734
SILVER,SLV,2027-06-17,1.1205479452054794,P,26.0,-0.9656668183579786,0.2,0.32,0.4,0.5073291455078125,2.0,1,68.29000091552734
SILVER,SLV,2027-06-17,1.1205479452054794,P,27.0,-0.9279264903751315,0.0,0.0,0.63,0.2500075,2.0,0,68.29000091552734
SILVER,SLV,2027-06-17,1.1205479452054794,P,28.0,-0.8915588462042567,0.0,0.0,0.65,0.12500875,2.0,0,68.29000091552734
SILVER,SLV,2027-06-17,1.1205479452054794,P,29.0,-0.8564675263929866,0.0,2.79,1.38,0.6350134155273439,4.0,14,68.29000091552734
SILVER,SLV,2027-06-17,1.1205479452054794,P,30.0,-0.8225659747173053,0.36,0.5,0.46,0.47900911621093745,1.0,291,68.29000091552734
SILVER,SLV,2027-06-17,1.1205479452054794,P,30.5,-0.8060366727660947,0.0,0.0,0.81,0.12500875,2.0,0,68.29000091552734
SILVER,SLV,2027-06-17,1.1205479452054794,P,31.0,-0.7897761518943144,0.43,0.55,1.24,0.471684970703125,2.0,750,68.29000091552734
SILVER,SLV,2027-06-17,1.1205479452054794,P,31.5,-0.7737758105478733,0.0,0.0,0.95,0.12500875,2.0,0,68.29000091552734
SILVER,SLV,2027-06-17,1.1205479452054794,P,32.0,-0.758027453579734,0.01,5.0,1.14,0.68555001953125,4.0,258,68.29000091552734
SILVER,SLV,2027-06-17,1.1205479452054794,P,32.5,-0.7425232670437688,0.5,0.63,1.36,0.46045461425781253,4.0,130,68.29000091552734
SILVER,SLV,2027-06-17,1.1205479452054794,P,33.0,-0.7272557949129803,0.54,0.68,1.48,0.459966337890625,2.0,118,68.29000091552734
SILVER,SLV,2027-06-17,1.1205479452054794,P,33.5,-0.7122179175484399,0.0,0.0,1.07,0.12500875,568.0,0,68.29000091552734
SILVER,SLV,2027-06-17,1.1205479452054794,P,34.0,-0.6974028317632992,0.61,0.76,1.91,0.4555718505859375,2.0,630,68.29000091552734
SILVER,SLV,2027-06-17,1.1205479452054794,P,34.5,-0.6828040323421464,0.65,0.8,1.19,0.45288633056640626,2.0,159,68.29000091552734
SILVER,SLV,2027-06-17,1.1205479452054794,P,35.0,-0.668415294890047,0.69,0.84,0.9,0.450200810546875,1.0,2203,68.29000091552734
SILVER,SLV,2027-06-17,1.1205479452054794,P,35.5,-0.6542306598980905,0.74,0.88,2.04,0.44727115234375,2.0,165,68.29000091552734
SILVER,SLV,2027-06-17,1.1205479452054794,P,36.0,-0.6402444179233505,0.78,0.94,1.68,0.44653873779296877,2.0,1315,68.29000091552734
SILVER,SLV,2027-06-17,1.1205479452054794,P,36.5,-0.6264510957910147,0.83,0.99,2.23,0.4445856323242187,2.0,33,68.29000091552734
SILVER,SLV,2027-06-17,1.1205479452054794,P,37.0,-0.6128454437352362,0.88,1.04,1.78,0.44214425048828127,2.0,16,68.29000091552734
SILVER,SLV,2027-06-17,1.1205479452054794,P,37.5,-0.5994224234030955,0.95,1.1,1.9,0.4409235595703125,104.0,599,68.29000091552734
SILVER,SLV,2027-06-17,1.1205479452054794,P,38.0,-0.5861771966530748,0.99,1.14,2.14,0.43726148681640625,2.0,183,68.29000091552734
SILVER,SLV,2027-06-17,1.1205479452054794,P,38.5,-0.5731051150857219,1.05,1.2,2.11,0.43530838134765626,76.0,849,68.29000091552734
SILVER,SLV,2027-06-17,1.1205479452054794,P,39.0,-0.5602017102498142,1.12,1.28,2.32,0.43543045043945316,2.0,75,68.29000091552734
SILVER,SLV,2027-06-17,1.1205479452054794,P,39.5,-0.5474626844723844,1.2,1.34,1.52,0.4332332067871094,1.0,31,68.29000091552734
SILVER,SLV,2027-06-17,1.1205479452054794,P,40.0,-0.5348839022655243,1.25,1.4,1.56,0.4309138940429688,4.0,530,68.29000091552734
SILVER,SLV,2027-06-17,1.1205479452054794,P,40.5,-0.522461382266967,1.32,1.49,2.12,0.4309138940429688,2.0,44,68.29000091552734
SILVER,SLV,2027-06-17,1.1205479452054794,P,41.0,-0.5101912896751529,1.41,1.57,1.69,0.4299373413085938,5.0,146,68.29000091552734
SILVER,SLV,2027-06-17,1.1205479452054794,P,41.5,-0.498069929142808,1.48,1.64,2.87,0.4278621667480469,240.0,610,68.29000091552734
SILVER,SLV,2027-06-17,1.1205479452054794,P,42.0,-0.4860937380960923,1.56,1.73,2.48,0.4272518212890626,123.0,3918,68.29000091552734
SILVER,SLV,2027-06-17,1.1205479452054794,P,42.5,-0.4742592804490894,1.64,1.82,2.06,0.42639733764648446,10.0,561,68.29000091552734
SILVER,SLV,2027-06-17,1.1205479452054794,P,43.0,-0.4625632406858981,1.74,1.91,2.31,0.42529871582031253,1379.0,1964,68.29000091552734
SILVER,SLV,2027-06-17,1.1205479452054794,P,43.5,-0.45100241828482224,1.82,2.01,3.3,0.4246883703613281,93.0,464,68.29000091552734
SILVER,SLV,2027-06-17,1.1205479452054794,P,44.0,-0.4395737224611994,1.92,2.11,2.02,0.42383388671875,2.0,1121,68.29000091552734
SILVER,SLV,2027-06-17,1.1205479452054794,P,44.5,-0.428274167207266,2.02,2.18,1.99,0.42078215942382813,2.0,630,68.29000091552734
SILVER,SLV,2027-06-17,1.1205479452054794,P,45.0,-0.41710086660914075,2.12,2.31,2.15,0.42163664306640625,17.0,2529,68.29000091552734
SILVER,SLV,2027-06-17,1.1205479452054794,P,45.5,-0.4060510304225559,2.24,2.42,2.61,0.42090422851562503,1.0,384,68.29000091552734
SILVER,SLV,2027-06-17,1.1205479452054794,P,46.0,-0.3951219598903656,2.35,2.54,2.96,0.4205380212402344,52.0,594,68.29000091552734
SILVER,SLV,2027-06-17,1.1205479452054794,P,46.5,-0.38431104378614994,2.46,2.64,2.53,0.41870698486328123,24.0,726,68.29000091552734
SILVER,SLV,2027-06-17,1.1205479452054794,P,47.0,-0.37361575466940194,2.57,2.77,2.66,0.4185849157714844,10.0,1449,68.29000091552734
SILVER,SLV,2027-06-17,1.1205479452054794,P,47.5,-0.3630336453388651,2.71,2.89,3.13,0.4177304321289062,2.0,194,68.29000091552734
SILVER,SLV,2027-06-17,1.1205479452054794,P,48.0,-0.35256234547156967,2.82,3.05,3.33,0.4188290539550781,1.0,55,68.29000091552734
SILVER,SLV,2027-06-17,1.1205479452054794,P,48.5,-0.34219955843602307,2.95,3.15,5.75,0.4163876721191406,2.0,635,68.29000091552734
SILVER,SLV,2027-06-17,1.1205479452054794,P,49.0,-0.3319430582688339,3.05,3.3,3.15,0.4165707757568359,5.0,421,68.29000091552734
SILVER,SLV,2027-06-17,1.1205479452054794,P,49.5,-0.32179068680481604,3.2,3.45,3.65,0.4165097412109374,20.0,332,68.29000091552734
SILVER,SLV,2027-06-17,1.1205479452054794,P,50.0,-0.3117403509513146,3.35,3.6,3.5,0.4162656030273437,11.0,1091,68.29000091552734
SILVER,SLV,2027-06-17,1.1205479452054794,P,50.5,-0.3017900200981464,3.5,3.75,4.05,0.4157773266601562,1.0,34,68.29000091552734
SILVER,SLV,2027-06-17,1.1205479452054794,P,51.0,-0.29193772365513476,3.65,3.9,3.75,0.4151669812011719,90.0,116,68.29000091552734
SILVER,SLV,2027-06-17,1.1205479452054794,P,51.5,-0.2821815487097702,3.8,4.05,4.3,0.41431249755859373,1006.0,1039,68.29000091552734
SILVER,SLV,2027-06-17,1.1205479452054794,P,52.0,-0.2725196377980333,4.0,4.2,4.53,0.4133359448242187,1.0,200,68.29000091552734
SILVER,SLV,2027-06-17,1.1205479452054794,P,52.5,-0.26295018678188253,4.15,4.4,5.0,0.4145566357421875,4.0,251,68.29000091552734
SILVER,SLV,2027-06-17,1.1205479452054794,P,53.0,-0.25347144282733874,4.3,4.55,5.22,0.41321387573242185,1.0,270,68.29000091552734
SILVER,SLV,2027-06-17,1.1205479452054794,P,53.5,-0.24408170247749966,4.45,4.75,6.08,0.414068359375,2.0,656,68.29000091552734
SILVER,SLV,2027-06-17,1.1205479452054794,P,54.0,-0.23477930981518624,4.65,4.9,5.6,0.4124204266357422,400.0,632,68.29000091552734
SILVER,SLV,2027-06-17,1.1205479452054794,P,54.5,-0.2255626547102622,4.85,5.1,4.91,0.4128476684570312,2.0,472,68.29000091552734
SILVER,SLV,2027-06-17,1.1205479452054794,P,55.0,-0.21643017114698965,5.0,5.3,5.2,0.4131528411865234,5.0,1323,68.29000091552734
SILVER,SLV,2027-06-17,1.1205479452054794,P,55.5,-0.2073803356270717,5.2,5.5,6.3,0.41321387573242185,10.0,89,68.29000091552734
SILVER,SLV,2027-06-17,1.1205479452054794,P,56.0,-0.1984116656443114,5.4,5.7,5.85,0.41321387573242185,1.0,1054,68.29000091552734
SILVER,SLV,2027-06-17,1.1205479452054794,P,56.5,-0.18952271822706535,5.6,5.9,6.16,0.41296973754882804,1.0,1048,68.29000091552734
SILVER,SLV,2027-06-17,1.1205479452054794,P,57.0,-0.18071208854491042,5.8,6.1,6.6,0.4124814611816406,5.0,4980,68.29000091552734
SILVER,SLV,2027-06-17,1.1205479452054794,P,57.5,-0.1719784085761558,6.05,6.3,5.86,0.41199318481445313,20.0,152,68.29000091552734
SILVER,SLV,2027-06-17,1.1205479452054794,P,58.0,-0.1633203458330413,6.25,6.5,7.15,0.4112607702636719,2200.0,2667,68.29000091552734
SILVER,SLV,2027-06-17,1.1205479452054794,P,58.5,-0.1547366021416498,6.45,6.75,6.5,0.4124814611816406,1.0,170,68.29000091552734
SILVER,SLV,2027-06-17,1.1205479452054794,P,59.0,-0.14622591247374112,6.7,6.95,7.5,0.41144387390136716,10.0,143,68.29000091552734
SILVER,SLV,2027-06-17,1.1205479452054794,P,60.0,-0.12941879415735996,7.1,7.4,7.12,0.4110166320800781,1.0,1964,68.29000091552734
SILVER,SLV,2027-06-17,1.1205479452054794,P,61.0,-0.11288949220614933,7.65,7.95,7.72,0.4138242211914062,1.0,679,68.29000091552734
SILVER,SLV,2027-06-17,1.1205479452054794,P,61.5,-0.10472618156698836,7.9,8.15,7.62,0.4121762884521484,10.0,45,68.29000091552734
SILVER,SLV,2027-06-17,1.1205479452054794,P,62.0,-0.0966289713343691,8.1,8.4,9.22,0.41223732299804683,100.0,508,68.29000091552734
SILVER,SLV,2027-06-17,1.1205479452054794,P,62.5,-0.0885967996371048,8.3,8.7,8.93,0.414068359375,10.0,127,68.29000091552734
SILVER,SLV,2027-06-17,1.1205479452054794,P,63.0,-0.0806286299879279,8.65,8.9,8.25,0.41199318481445313,54.0,130,68.29000091552734
SILVER,SLV,2027-06-17,1.1205479452054794,P,63.5,-0.07272345048081459,8.85,9.15,8.83,0.411688012084961,1.0,73,68.29000091552734
SILVER,SLV,2027-06-17,1.1205479452054794,P,64.0,-0.06488027301978867,9.15,9.45,10.8,0.41309180664062495,3.0,371,68.29000091552734
SILVER,SLV,2027-06-17,1.1205479452054794,P,64.5,-0.057098132577733815,9.45,9.75,10.94,0.4143735321044921,3.0,100,68.29000091552734
SILVER,SLV,2027-06-17,1.1205479452054794,P,65.0,-0.04937608648382348,9.65,9.95,9.72,0.41181008117675777,1.0,368,68.29000091552734
SILVER,SLV,2027-06-17,1.1205479452054794,P,65.5,-0.04171321373825433,9.95,10.25,11.46,0.4127866339111328,52.0,235,68.29000091552734
SILVER,SLV,2027-06-17,1.1205479452054794,P,66.0,-0.03410861435303499,10.25,10.55,10.33,0.4136411175537109,4.0,89,68.29000091552734
SILVER,SLV,2027-06-17,1.1205479452054794,P,66.5,-0.02656140871765217,10.5,10.8,10.45,0.41260353027343744,2.0,57,68.29000091552734
SILVER,SLV,2027-06-17,1.1205479452054794,P,67.0,-0.019070736988494538,10.8,11.1,10.89,0.41321387573242185,1.0,282,68.29000091552734
SILVER,SLV,2027-06-17,1.1205479452054794,P,67.5,-0.011635758500976432,11.1,11.4,12.15,0.41370215209960937,1.0,74,68.29000091552734
SILVER,SLV,2027-06-17,1.1205479452054794,P,68.0,-0.004255651203353846,11.4,11.7,11.42,0.414068359375,1.0,637,68.29000091552734
SILVER,SLV,2027-06-17,1.1205479452054794,P,68.5,0.003070388888718976,11.65,12.0,13.34,0.41431249755859373,1.0,43,68.29000091552734
SILVER,SLV,2027-06-17,1.1205479452054794,P,69.0,0.010343148217798888,12.0,12.3,11.97,0.4144345666503906,2.0,78,68.29000091552734
SILVER,SLV,2027-06-17,1.1205479452054794,P,69.5,0.01756339619128587,12.25,12.65,12.5,0.41620456848144527,2.0,23,68.29000091552734
SILVER,SLV,2027-06-17,1.1205479452054794,P,70.0,0.02473188566989833,12.55,12.9,12.66,0.41431249755859373,9.0,416,68.29000091552734
SILVER,SLV,2027-06-17,1.1205479452054794,P,70.5,0.03184935343876244,12.9,13.25,13.04,0.4158993957519531,2.0,15,68.29000091552734
SILVER,SLV,2027-06-17,1.1205479452054794,P,71.0,0.03891652066185481,13.2,13.6,13.55,0.4173031903076171,1.0,35,68.29000091552734
SILVER,SLV,2027-06-17,1.1205479452054794,P,71.5,0.04593409332050128,13.55,13.85,14.7,0.4151669812011719,8.0,82,68.29000091552734
SILVER,SLV,2027-06-17,1.1205479452054794,P,72.0,0.052902762636594755,13.9,14.25,14.97,0.41809663940429687,4.0,212,68.29000091552734
SILVER,SLV,2027-06-17,1.1205479452054794,P,72.5,0.05982320548116846,14.2,14.55,15.65,0.41748629394531245,1.0,18,68.29000091552734
SILVER,SLV,2027-06-17,1.1205479452054794,P,73.0,0.06669608476893062,14.55,14.9,15.9,0.4184628466796875,1.0,410,68.29000091552734
SILVER,SLV,2027-06-17,1.1205479452054794,P,73.5,0.0735220498393304,14.85,15.2,13.8,0.41760836303710935,3.0,250,68.29000091552734
SILVER,SLV,2027-06-17,1.1205479452054794,P,74.0,0.08030173682470909,15.2,15.5,14.2,0.4166928448486328,2.0,345,68.29000091552734
SILVER,SLV,2027-06-17,1.1205479452054794,P,74.5,0.0870357690060533,15.55,15.9,15.58,0.41913422668457034,1.0,9,68.29000091552734
SILVER,SLV,2027-06-17,1.1205479452054794,P,75.0,0.09372475715684983,15.8,16.2,16.82,0.4180356048583984,1.0,4992,68.29000091552734
SILVER,SLV,2027-06-17,1.1205479452054794,P,76.0,0.10696998390687051,16.45,16.9,17.76,0.418951123046875,1.0,748,68.29000091552734
SILVER,SLV,2027-06-17,1.1205479452054794,P,77.0,0.12004206547422333,17.15,17.6,17.11,0.4195614685058594,2.0,298,68.29000091552734
SILVER,SLV,2027-06-17,1.1205479452054794,P,78.0,0.13294547031013107,17.85,18.35,18.75,0.4215145739746094,6.0,2296,68.29000091552734
SILVER,SLV,2027-06-17,1.1205479452054794,P,79.0,0.14568449608756087,18.65,19.0,18.65,0.41962250305175786,1.0,205,68.29000091552734
SILVER,SLV,2027-06-17,1.1205479452054794,P,80.0,0.15826327829442102,19.4,19.75,19.2,0.42090422851562503,50.0,9119,68.29000091552734
SILVER,SLV,2027-06-17,1.1205479452054794,P,81.0,0.17068579829297822,20.05,21.15,20.0,0.4445856323242187,5.0,329,68.29000091552734
SILVER,SLV,2027-06-17,1.1205479452054794,P,82.0,0.18295589088479244,20.6,22.25,22.8,0.45752495605468757,2.0,528,68.29000091552734
SILVER,SLV,2027-06-17,1.1205479452054794,P,83.0,0.1950772514171373,21.25,23.95,22.79,0.49121602539062503,6.0,166,68.29000091552734
SILVER,SLV,2027-06-17,1.1205479452054794,P,84.0,0.20705344246385302,22.4,23.85,24.2,0.4617363397216797,5.0,157,68.29000091552734
SILVER,SLV,2027-06-17,1.1205479452054794,P,85.0,0.2188879001108559,22.85,24.35,24.67,0.45288633056640626,1.0,208,68.29000091552734
SILVER,SLV,2027-06-17,1.1205479452054794,P,86.0,0.23058393987404724,23.9,25.4,28.97,0.4631401342773438,2.0,60,68.29000091552734
SILVER,SLV,2027-06-17,1.1205479452054794,P,87.0,0.24214476227512308,24.4,26.25,25.49,0.4661308270263672,5.0,103,68.29000091552734
SILVER,SLV,2027-06-17,1.1205479452054794,P,89.0,0.26487301335267927,22.6,27.0,26.95,0.4370173486328125,5.0,74,68.29000091552734
SILVER,SLV,2027-06-17,1.1205479452054794,P,90.0,0.27604631395080453,25.0,28.6,29.25,0.46655806884765627,1.0,338,68.29000091552734
SILVER,SLV,2027-06-17,1.1205479452054794,P,91.0,0.28709615013738937,27.6,30.1,27.6,0.49219257812500006,1.0,2,68.29000091552734
SILVER,SLV,2027-06-17,1.1205479452054794,P,92.0,0.2980252206695797,28.45,30.95,31.52,0.4942677526855469,,1,68.29000091552734
SILVER,SLV,2027-06-17,1.1205479452054794,P,94.0,0.3195314258905434,28.25,31.75,31.3,0.4643608251953125,4.0,1,68.29000091552734
SILVER,SLV,2027-06-17,1.1205479452054794,P,95.0,0.33011353522108017,30.95,33.6,32.25,0.5028736236572267,5.0,117,68.29000091552734
SILVER,SLV,2027-06-17,1.1205479452054794,P,96.0,0.3405848350883756,31.7,34.45,32.1,0.5042163836669922,2.0,2,68.29000091552734
SILVER,SLV,2027-06-17,1.1205479452054794,P,98.0,0.3612041222911114,33.45,36.15,34.16,0.5063525927734375,5.0,104,68.29000091552734
SILVER,SLV,2027-06-17,1.1205479452054794,P,100.0,0.38140682960863076,35.25,36.95,36.5,0.47290566162109376,6.0,214,68.29000091552734
SILVER,SLV,2027-06-17,1.1205479452054794,P,101.0,0.39135716046179886,34.65,38.95,36.25,0.5177660528564454,2.0,100,68.29000091552734
SILVER,SLV,2027-06-17,1.1205479452054794,P,104.0,0.42062754276191205,37.0,41.5,43.76,0.5184374328613282,2.0,0,68.29000091552734
SILVER,SLV,2027-06-17,1.1205479452054794,P,105.0,0.4301969937780628,39.85,42.35,39.39,0.5183153637695312,1.0,53,68.29000091552734
SILVER,SLV,2027-06-17,1.1205479452054794,P,106.0,0.4396757377326066,38.5,42.25,40.9,0.47949739257812496,1.0,3,68.29000091552734
SILVER,SLV,2027-06-17,1.1205479452054794,P,107.0,0.4490654780824457,39.5,44.0,44.12,0.51562984375,2.0,9,68.29000091552734
SILVER,SLV,2027-06-17,1.1205479452054794,P,110.0,0.47671700941295564,44.0,45.8,44.5,0.48151153259277346,2.0,2504,68.29000091552734
SILVER,SLV,2027-06-17,1.1205479452054794,P,120.0,0.5637283864025854,51.5,55.1,61.54,0.4968312036132813,1.0,12,68.29000091552734
SILVER,SLV,2027-06-17,1.1205479452054794,P,130.0,0.6437710940761219,60.6,64.35,64.1,0.4993946545410156,18.0,14,68.29000091552734
SILVER,SLV,2027-06-17,1.1205479452054794,P,138.0,0.7034903287777442,68.5,72.45,69.09,0.5339402075195312,,0,68.29000091552734
SILVER,SLV,2027-06-17,1.1205479452054794,P,140.0,0.7178790662298437,70.1,74.35,80.46,0.5352829675292969,2.0,6,68.29000091552734
SILVER,SLV,2027-06-17,1.1205479452054794,P,142.0,0.7320637012218001,72.0,76.3,73.15,0.539189178466797,,1,68.29000091552734
SILVER,SLV,2027-06-17,1.1205479452054794,P,149.0,0.7801829495659987,79.0,82.65,79.9,0.5219774365234374,,1,68.29000091552734
SILVER,SLV,2027-06-17,1.1205479452054794,P,150.0,0.7868719377167951,80.0,83.5,82.22,0.5148974291992188,5.0,109,68.29000091552734
SILVER,SLV,2027-06-17,1.1205479452054794,P,160.0,0.8514104588543664,88.4,92.55,92.2,0.46411668701171876,2.0,4,68.29000091552734
SILVER,SLV,2027-06-17,1.1205479452054794,P,170.0,0.9120350806708012,99.5,104.2,103.81,0.6157264990234376,1.0,2,68.29000091552734
SILVER,SLV,2027-06-17,1.1205479452054794,P,175.0,0.9410226175440535,104.5,108.1,111.99,0.5511519494628907,2.0,1,68.29000091552734
SILVER,SLV,2027-06-17,1.1205479452054794,P,180.0,0.9691934945107499,109.5,114.0,113.6,0.6281775463867189,1.0,2,68.29000091552734
SILVER,SLV,2027-06-17,1.1205479452054794,P,190.0,1.0232607157810254,119.5,124.25,121.93,0.6673617248535157,16.0,0,68.29000091552734
SILVER,SLV,2027-06-17,1.1205479452054794,P,200.0,1.074554010168576,129.5,134.25,130.85,0.6893341613769532,5.0,0,68.29000091552734
SILVER,SLV,2027-06-17,1.1205479452054794,P,210.0,1.1233441743380082,139.5,144.25,140.35,0.709963837890625,2.0,1,68.29000091552734
SILVER,SLV,2028-12-15,2.6191780821917807,C,5.0,-2.61432544394536,61.0,65.5,63.8,1.5576193994140621,2.0,9,68.29000091552734
SILVER,SLV,2028-12-15,2.6191780821917807,C,10.0,-1.9211782633854149,56.0,60.85,55.12,0.5585981640625001,18.0,23,68.29000091552734
SILVER,SLV,2028-12-15,2.6191780821917807,C,15.0,-1.5157131552772505,51.5,56.0,51.74,0.543949873046875,2.0,19,68.29000091552734
SILVER,SLV,2028-12-15,2.6191780821917807,C,20.0,-1.2280310828254697,47.15,52.0,49.62,0.5617719604492188,4.0,28,68.29000091552734
SILVER,SLV,2028-12-15,2.6191780821917807,C,25.0,-1.0048875315112598,43.0,47.5,45.5,0.5272264074707032,6.0,44,68.29000091552734
SILVER,SLV,2028-12-15,2.6191780821917807,C,30.0,-0.8225659747173053,39.75,42.1,41.97,0.5588423022460938,9.0,1741,68.29000091552734
SILVER,SLV,2028-12-15,2.6191780821917807,C,31.0,-0.7897761518943144,43.5,48.3,37.0,0.7875997802734375,,6,68.29000091552734
SILVER,SLV,2028-12-15,2.6191780821917807,C,32.0,-0.758027453579734,37.65,42.5,43.51,0.5217332983398437,2.0,3,68.29000091552734
SILVER,SLV,2028-12-15,2.6191780821917807,C,33.0,-0.7272557949129803,37.0,41.05,36.1,0.5022022436523439,2.0,37,68.29000091552734
SILVER,SLV,2028-12-15,2.6191780821917807,C,34.0,-0.6974028317632992,41.5,46.1,34.85,0.7571435418701173,,5,68.29000091552734
SILVER,SLV,2028-12-15,2.6191780821917807,C,35.0,-0.668415294890047,36.15,39.65,37.83,0.5128222546386718,40.0,114,68.29000091552734
SILVER,SLV,2028-12-15,2.6191780821917807,C,36.0,-0.6402444179233505,34.85,39.5,37.2,0.5091601818847658,2.0,3,68.29000091552734
SILVER,SLV,2028-12-15,2.6191780821917807,C,37.0,-0.6128454437352362,34.2,38.8,41.5,0.5074512145996093,,6,68.29000091552734
SILVER,SLV,2028-12-15,2.6191780821917807,C,38.0,-0.5861771966530748,33.6,37.65,34.4,0.5816081878662109,1.0,6,68.29000091552734
SILVER,SLV,2028-12-15,2.6191780821917807,C,39.0,-0.5602017102498142,33.55,37.5,32.98,0.5181932946777343,40.0,42,68.29000091552734
SILVER,SLV,2028-12-15,2.6191780821917807,C,40.0,-0.5348839022655243,32.9,36.95,34.75,0.5178881219482423,11.0,193,68.29000091552734
SILVER,SLV,2028-12-15,2.6191780821917807,C,41.0,-0.5101912896751529,32.2,36.5,30.56,0.5180712255859375,1.0,1,68.29000091552734
SILVER,SLV,2028-12-15,2.6191780821917807,C,42.0,-0.4860937380960923,31.5,35.15,34.06,0.5009815527343751,2.0,7,68.29000091552734
SILVER,SLV,2028-12-15,2.6191780821917807,C,43.0,-0.4625632406858981,30.75,35.0,33.2,0.5054370745849608,2.0,6,68.29000091552734
SILVER,SLV,2028-12-15,2.6191780821917807,C,44.0,-0.4395737224611994,29.9,34.5,32.8,0.5012256909179689,2.0,14,68.29000091552734
SILVER,SLV,2028-12-15,2.6191780821917807,C,45.0,-0.41710086660914075,29.8,34.0,31.85,0.5097705273437501,2.0,505,68.29000091552734
SILVER,SLV,2028-12-15,2.6191780821917807,C,46.0,-0.3951219598903656,28.7,33.5,28.5,0.5007374145507812,16.0,24,68.29000091552734
SILVER,SLV,2028-12-15,2.6191780821917807,C,47.0,-0.37361575466940194,28.2,33.0,31.12,0.5015918981933594,2.0,2,68.29000091552734
SILVER,SLV,2028-12-15,2.6191780821917807,C,48.0,-0.35256234547156967,28.1,32.25,30.3,0.5045825909423829,2.0,10,68.29000091552734
SILVER,SLV,2028-12-15,2.6191780821917807,C,49.0,-0.3319430582688339,27.4,31.7,29.8,0.5007374145507812,2.0,6,68.29000091552734
SILVER,SLV,2028-12-15,2.6191780821917807,C,50.0,-0.3117403509513146,27.1,31.0,29.1,0.5006153454589843,33.0,1379,68.29000091552734
SILVER,SLV,2028-12-15,2.6191780821917807,C,51.0,-0.29193772365513476,26.4,30.5,28.85,0.5596357513427734,2.0,13,68.29000091552734
SILVER,SLV,2028-12-15,2.6191780821917807,C,52.0,-0.2725196377980333,25.65,30.0,28.3,0.5579267840576172,2.0,11,68.29000091552734
SILVER,SLV,2028-12-15,2.6191780821917807,C,53.0,-0.25347144282733874,25.1,29.5,27.81,0.5560347131347658,9.0,26,68.29000091552734
SILVER,SLV,2028-12-15,2.6191780821917807,C,54.0,-0.23477930981518624,25.05,29.0,27.3,0.5539595385742189,4.0,5,68.29000091552734
SILVER,SLV,2028-12-15,2.6191780821917807,C,55.0,-0.21643017114698965,24.6,28.75,26.85,0.5589033367919922,2.0,100,68.29000091552734
SILVER,SLV,2028-12-15,2.6191780821917807,C,56.0,-0.1984116656443114,23.8,27.5,26.5,0.5351608984375,14.0,37,68.29000091552734
SILVER,SLV,2028-12-15,2.6191780821917807,C,57.0,-0.18071208854491042,23.3,27.95,26.1,0.5593305786132813,4.0,8,68.29000091552734
SILVER,SLV,2028-12-15,2.6191780821917807,C,58.0,-0.1633203458330413,22.85,27.5,25.65,0.5578657495117189,2.0,7,68.29000091552734
SILVER,SLV,2028-12-15,2.6191780821917807,C,59.0,-0.14622591247374112,22.9,26.6,25.2,0.5438888385009766,2.0,149,68.29000091552734
SILVER,SLV,2028-12-15,2.6191780821917807,C,60.0,-0.12941879415735996,22.4,26.25,24.37,0.5449264257812501,10.0,405,68.29000091552734
SILVER,SLV,2028-12-15,2.6191780821917807,C,61.0,-0.11288949220614933,21.6,26.0,24.3,0.548405394897461,6.0,24,68.29000091552734
SILVER,SLV,2028-12-15,2.6191780821917807,C,62.0,-0.0966289713343691,21.3,25.5,23.7,0.545048494873047,64.0,14,68.29000091552734
SILVER,SLV,2028-12-15,2.6191780821917807,C,63.0,-0.0806286299879279,21.3,25.5,23.65,0.5001270690917969,2.0,48,68.29000091552734
SILVER,SLV,2028-12-15,2.6191780821917807,C,64.0,-0.06488027301978867,20.9,25.0,23.15,0.5509078112792969,2.0,43,68.29000091552734
SILVER,SLV,2028-12-15,2.6191780821917807,C,65.0,-0.04937608648382348,20.6,24.0,22.9,0.5343064147949219,66.0,656,68.29000091552734
SILVER,SLV,2028-12-15,2.6191780821917807,C,66.0,-0.03410861435303499,20.3,24.0,22.64,0.5431564239501954,4.0,111,68.29000091552734
SILVER,SLV,2028-12-15,2.6191780821917807,C,67.0,-0.019070736988494538,19.85,24.0,21.95,0.551762294921875,4.0,24,68.29000091552734
SILVER,SLV,2028-12-15,2.6191780821917807,C,68.0,-0.004255651203353846,19.35,23.5,21.6,0.5475509112548829,50.0,33,68.29000091552734
SILVER,SLV,2028-12-15,2.6191780821917807,C,69.0,0.010343148217798888,18.8,23.5,21.5,0.5557295404052736,3.0,16,68.29000091552734
SILVER,SLV,2028-12-15,2.6191780821917807,C,70.0,0.02473188566989833,19.5,21.25,21.05,0.5083056982421875,14.0,914,68.29000091552734
SILVER,SLV,2028-12-15,2.6191780821917807,C,71.0,0.03891652066185481,18.35,22.5,24.0,0.5466964276123047,1.0,113,68.29000091552734
SILVER,SLV,2028-12-15,2.6191780821917807,C,72.0,0.052902762636594755,17.85,22.5,20.75,0.5542647113037109,3.0,171,68.29000091552734
SILVER,SLV,2028-12-15,2.6191780821917807,C,73.0,0.06669608476893062,17.6,21.95,18.58,0.5482833258056643,5.0,126,68.29000091552734
SILVER,SLV,2028-12-15,2.6191780821917807,C,74.0,0.08030173682470909,17.5,22.0,22.2,0.502782071838379,2.0,908,68.29000091552734
SILVER,SLV,2028-12-15,2.6191780821917807,C,75.0,0.09372475715684983,17.5,21.45,17.42,0.503483969116211,206.0,1139,68.29000091552734
SILVER,SLV,2028-12-15,2.6191780821917807,C,76.0,0.10696998390687051,17.2,21.5,18.0,0.5075122491455077,8.0,35,68.29000091552734
SILVER,SLV,2028-12-15,2.6191780821917807,C,77.0,0.12004206547422333,16.9,21.0,21.1,0.5050098327636718,1.0,11,68.29000091552734
SILVER,SLV,2028-12-15,2.6191780821917807,C,78.0,0.13294547031013107,16.4,21.0,20.1,0.50586431640625,1.0,8,68.29000091552734
SILVER,SLV,2028-12-15,2.6191780821917807,C,79.0,0.14568449608756087,16.05,20.5,16.6,0.5025074163818359,1.0,10,68.29000091552734
SILVER,SLV,2028-12-15,2.6191780821917807,C,80.0,0.15826327829442102,16.25,20.25,17.95,0.5083056982421875,44.0,583,68.29000091552734
SILVER,SLV,2028-12-15,2.6191780821917807,C,81.0,0.17068579829297822,15.9,19.95,19.7,0.5070850073242188,2.0,8,68.29000091552734
SILVER,SLV,2028-12-15,2.6191780821917807,C,82.0,0.18295589088479244,15.25,19.7,19.6,0.5028125891113282,51.0,57,68.29000091552734
SILVER,SLV,2028-12-15,2.6191780821917807,C,83.0,0.1950772514171373,15.0,19.9,18.9,0.5082446636962892,5.0,5,68.29000091552734
SILVER,SLV,2028-12-15,2.6191780821917807,C,84.0,0.20705344246385302,15.25,19.5,20.95,0.5123950128173829,2.0,26,68.29000091552734
SILVER,SLV,2028-12-15,2.6191780821917807,C,85.0,0.2188879001108559,15.1,19.45,17.0,0.5158739819335938,1.0,372,68.29000091552734
SILVER,SLV,2028-12-15,2.6191780821917807,C,86.0,0.23058393987404724,14.75,18.95,18.5,0.5117846673583983,13.0,0,68.29000091552734
SILVER,SLV,2028-12-15,2.6191780821917807,C,87.0,0.24214476227512308,19.0,23.45,25.0,0.6184120190429689,,1,68.29000091552734
SILVER,SLV,2028-12-15,2.6191780821917807,C,88.0,0.2535734580987459,14.0,18.8,15.75,0.5124560473632812,45.0,45,68.29000091552734
SILVER,SLV,2028-12-15,2.6191780821917807,C,89.0,0.26487301335267927,18.55,23.0,22.12,0.6184425363159182,,5,68.29000091552734
SILVER,SLV,2028-12-15,2.6191780821917807,C,90.0,0.27604631395080453,14.0,18.1,14.75,0.5150194982910157,2.0,589,68.29000091552734
SILVER,SLV,2028-12-15,2.6191780821917807,C,92.0,0.2980252206695797,13.5,18.0,16.45,0.5183458810424805,1.0,2,68.29000091552734
SILVER,SLV,2028-12-15,2.6191780821917807,C,93.0,0.3088361367737954,13.0,17.85,16.28,0.515904499206543,1.0,1,68.29000091552734
SILVER,SLV,2028-12-15,2.6191780821917807,C,94.0,0.3195314258905434,13.0,17.65,16.1,0.5184984674072266,6.0,3,68.29000091552734
SILVER,SLV,2028-12-15,2.6191780821917807,C,95.0,0.33011353522108017,13.05,17.25,15.18,0.5192919165039063,1.0,45,68.29000091552734
SILVER,SLV,2028-12-15,2.6191780821917807,C,96.0,0.3405848350883756,13.0,17.3,15.75,0.5239610592651367,2.0,7,68.29000091552734
SILVER,SLV,2028-12-15,2.6191780821917807,C,97.0,0.3509476221239223,12.5,17.15,18.45,0.5211839874267576,1.0,1,68.29000091552734
SILVER,SLV,2028-12-15,2.6191780821917807,C,98.0,0.3612041222911114,16.5,21.2,24.05,0.6171913281250001,,1,68.29000091552734
SILVER,SLV,2028-12-15,2.6191780821917807,C,99.0,0.37135649375512925,12.55,16.85,16.17,0.5273179592895508,20.0,21,68.29000091552734
SILVER,SLV,2028-12-15,2.6191780821917807,C,100.0,0.38140682960863076,12.5,16.65,13.5,0.5288438229370118,40.0,929,68.29000091552734
SILVER,SLV,2028-12-15,2.6191780821917807,C,101.0,0.39135716046179886,12.0,16.4,15.76,0.5246629565429688,8.0,9,68.29000091552734
SILVER,SLV,2028-12-15,2.6191780821917807,C,105.0,0.4301969937780628,11.8,15.95,15.1,0.5337876211547851,2.0,320,68.29000091552734
SILVER,SLV,2028-12-15,2.6191780821917807,C,106.0,0.4396757377326066,11.5,15.8,15.54,0.5326584820556641,5.0,6,68.29000091552734
SILVER,SLV,2028-12-15,2.6191780821917807,C,109.0,0.46758452584968313,11.0,15.4,12.1,0.5339707247924804,4.0,5,68.29000091552734
SILVER,SLV,2028-12-15,2.6191780821917807,C,110.0,0.47671700941295564,11.0,15.3,12.5,0.5365646929931642,2.0,45,68.29000091552734
SILVER,SLV,2028-12-15,2.6191780821917807,C,113.0,0.5036244623328799,0.0,0.0,19.8,0.062509375,,0,68.29000091552734
SILVER,SLV,2028-12-15,2.6191780821917807,C,115.0,0.5211687719837895,10.5,14.7,12.57,0.5419357330322268,2.0,42,68.29000091552734
SILVER,SLV,2028-12-15,2.6191780821917807,C,116.0,0.5298268347269041,0.0,0.0,19.7,0.062509375,2.0,0,68.29000091552734
SILVER,SLV,2028-12-15,2.6191780821917807,C,119.0,0.5553601367320689,14.0,18.1,12.83,0.6339758282470704,2.0,3,68.29000091552734
SILVER,SLV,2028-12-15,2.6191780821917807,C,120.0,0.5637283864025854,10.05,13.85,11.98,0.5437057348632813,3.0,141,68.29000091552734
SILVER,SLV,2028-12-15,2.6191780821917807,C,125.0,0.6045503809228405,9.6,13.65,11.67,0.5518233294677735,19.0,30,68.29000091552734
SILVER,SLV,2028-12-15,2.6191780821917807,C,128.0,0.6282669075401567,12.5,17.05,11.63,0.63321289642334,2.0,1,68.29000091552734
SILVER,SLV,2028-12-15,2.6191780821917807,C,129.0,0.6360490479822115,12.7,16.95,12.29,0.6373022109985352,4.0,2,68.29000091552734
SILVER,SLV,2028-12-15,2.6191780821917807,C,130.0,0.6437710940761219,8.6,12.6,11.66,0.5425460784912111,6.0,126,68.29000091552734
SILVER,SLV,2028-12-15,2.6191780821917807,C,131.0,0.651433966821691,9.0,13.1,11.78,0.5559736785888674,,0,68.29000091552734
SILVER,SLV,2028-12-15,2.6191780821917807,C,132.0,0.6590385662069104,0.0,0.0,17.65,0.062509375,2.0,0,68.29000091552734
SILVER,SLV,2028-12-15,2.6191780821917807,C,135.0,0.6815114220589689,8.5,12.8,10.5,0.5575910940551759,3.0,82,68.29000091552734
SILVER,SLV,2028-12-15,2.6191780821917807,C,137.0,0.6962175694486643,8.55,12.65,11.65,0.5617719604492188,2.0,2,68.29000091552734
SILVER,SLV,2028-12-15,2.6191780821917807,C,138.0,0.7034903287777442,8.05,12.55,13.23,0.5572248867797852,3.0,3,68.29000091552734
SILVER,SLV,2028-12-15,2.6191780821917807,C,139.0,0.7107105767512312,11.5,16.0,18.62,0.6404760073852539,,4,68.29000091552734
SILVER,SLV,2028-12-15,2.6191780821917807,C,140.0,0.7178790662298437,8.1,12.4,10.5,0.5612226495361328,30.0,521,68.29000091552734
SILVER,SLV,2028-12-15,2.6191780821917807,C,141.0,0.7249965339987078,8.35,12.05,10.0,0.5625654095458985,1.0,102,68.29000091552734
SILVER,SLV,2028-12-15,2.6191780821917807,C,142.0,0.7320637012218001,11.5,15.75,15.52,0.6453587710571288,,154,68.29000091552734
SILVER,SLV,2028-12-15,2.6191780821917807,C,143.0,0.7390812738804466,11.5,15.65,15.45,0.6467320483398438,,108,68.29000091552734
SILVER,SLV,2028-12-15,2.6191780821917807,C,144.0,0.74604994319654,8.0,11.4,9.35,0.5579267840576172,2.0,941,68.29000091552734
SILVER,SLV,2028-12-15,2.6191780821917807,C,145.0,0.7529703860411138,7.55,12.05,13.0,0.5628095477294923,2.0,66,68.29000091552734
SILVER,SLV,2028-12-15,2.6191780821917807,C,146.0,0.7598432653288759,11.0,15.4,12.49,0.6455418746948242,2.0,1,68.29000091552734
SILVER,SLV,2028-12-15,2.6191780821917807,C,148.0,0.7734489173846544,7.75,11.85,12.13,0.5699811068725585,,2,68.29000091552734
SILVER,SLV,2028-12-15,2.6191780821917807,C,149.0,0.7801829495659987,8.75,11.3,9.75,0.5777630114746093,1.0,9,68.29000091552734
SILVER,SLV,2028-12-15,2.6191780821917807,C,150.0,0.7868719377167951,8.5,11.15,9.48,0.5752605950927734,32.0,2468,68.29000091552734
SILVER,SLV,2028-12-15,2.6191780821917807,P,5.0,-2.61432544394536,0.01,0.05,0.05,0.632816171875,10.0,52,68.29000091552734
SILVER,SLV,2028-12-15,2.6191780821917807,P,10.0,-1.9211782633854149,0.09,0.16,0.12,0.5537154003906251,20.0,877,68.29000091552734
SILVER,SLV,2028-12-15,2.6191780821917807,P,15.0,-1.5157131552772505,0.0,0.3,0.25,0.5029346582031251,20.0,1431,68.29000091552734
SILVER,SLV,2028-12-15,2.6191780821917807,P,20.0,-1.2280310828254697,0.06,0.72,0.45,0.4887746435546876,1.0,16,68.29000091552734
SILVER,SLV,2028-12-15,2.6191780821917807,P,25.0,-1.0048875315112598,0.5,2.25,1.21,0.5509078112792969,30.0,21,68.29000091552734
SILVER,SLV,2028-12-15,2.6191780821917807,P,30.0,-0.8225659747173053,0.33,3.45,1.5,0.5384567639160158,1.0,25,68.29000091552734
SILVER,SLV,2028-12-15,2.6191780821917807,P,34.0,-0.6974028317632992,1.08,3.85,2.63,0.49219257812500006,1.0,2,68.29000091552734
SILVER,SLV,2028-12-15,2.6191780821917807,P,35.0,-0.668415294890047,0.09,4.0,2.6,0.48376981079101566,2.0,34,68.29000091552734
SILVER,SLV,2028-12-15,2.6191780821917807,P,36.0,-0.6402444179233505,0.5,4.25,3.82,0.4800467034912109,1.0,2,68.29000091552734
SILVER,SLV,2028-12-15,2.6191780821917807,P,37.0,-0.6128454437352362,1.49,4.5,3.28,0.47601842346191403,1.0,3,68.29000091552734
SILVER,SLV,2028-12-15,2.6191780821917807,P,38.0,-0.5861771966530748,1.0,4.75,3.5,0.4718070397949219,1.0,22,68.29000091552734
SILVER,SLV,2028-12-15,2.6191780821917807,P,39.0,-0.5602017102498142,1.07,5.0,3.8,0.4672904833984375,1.0,2,68.29000091552734
SILVER,SLV,2028-12-15,2.6191780821917807,P,40.0,-0.5348839022655243,3.5,5.35,4.2,0.4666801379394532,1.0,64,68.29000091552734
SILVER,SLV,2028-12-15,2.6191780821917807,P,41.0,-0.5101912896751529,2.55,5.5,4.22,0.4576470251464845,,0,68.29000091552734
SILVER,SLV,2028-12-15,2.6191780821917807,P,44.0,-0.4395737224611994,3.0,7.5,5.1,0.4870046417236329,1.0,1,68.29000091552734
SILVER,SLV,2028-12-15,2.6191780821917807,P,45.0,-0.41710086660914075,5.0,6.7,5.55,0.4436701141357422,2.0,184,68.29000091552734
SILVER,SLV,2028-12-15,2.6191780821917807,P,48.0,-0.35256234547156967,4.1,7.95,6.75,0.44232735412597657,4.0,8,68.29000091552734
SILVER,SLV,2028-12-15,2.6191780821917807,P,49.0,-0.3319430582688339,4.5,8.45,9.85,0.44385321777343745,1.0,2,68.29000091552734
SILVER,SLV,2028-12-15,2.6191780821917807,P,50.0,-0.3117403509513146,5.75,8.0,6.52,0.4154111193847656,2.0,108,68.29000091552734
SILVER,SLV,2028-12-15,2.6191780821917807,P,51.0,-0.29193772365513476,5.5,9.2,10.4,0.438054935913086,2.0,0,68.29000091552734
SILVER,SLV,2028-12-15,2.6191780821917807,P,52.0,-0.2725196377980333,6.0,9.8,11.3,0.44159493957519536,5.0,0,68.29000091552734
SILVER,SLV,2028-12-15,2.6191780821917807,P,53.0,-0.25347144282733874,6.15,11.0,9.15,0.4621635815429688,2.0,23,68.29000091552734
SILVER,SLV,2028-12-15,2.6191780821917807,P,54.0,-0.23477930981518624,6.6,10.5,10.9,0.43292803405761715,1.0,3,68.29000091552734
SILVER,SLV,2028-12-15,2.6191780821917807,P,55.0,-0.21643017114698965,7.05,11.6,9.52,0.4495294305419921,5.0,204,68.29000091552734
SILVER,SLV,2028-12-15,2.6191780821917807,P,56.0,-0.1984116656443114,7.55,12.15,13.53,0.45001770690917964,10.0,24,68.29000091552734
SILVER,SLV,2028-12-15,2.6191780821917807,P,57.0,-0.18071208854491042,10.0,12.9,10.68,0.4557549542236329,4.0,11,68.29000091552734
SILVER,SLV,2028-12-15,2.6191780821917807,P,58.0,-0.1633203458330413,8.55,12.75,12.15,0.43677321044921874,6.0,20,68.29000091552734
SILVER,SLV,2028-12-15,2.6191780821917807,P,59.0,-0.14622591247374112,9.05,13.1,12.65,0.43140217041015627,2.0,44,68.29000091552734
SILVER,SLV,2028-12-15,2.6191780821917807,P,60.0,-0.12941879415735996,9.65,13.7,12.3,0.43243975769042964,3.0,285,68.29000091552734
SILVER,SLV,2028-12-15,2.6191780821917807,P,61.0,-0.11288949220614933,10.1,14.4,13.65,0.43579665771484377,8.0,5,68.29000091552734
SILVER,SLV,2028-12-15,2.6191780821917807,P,62.0,-0.0966289713343691,11.0,15.5,17.32,0.44907167144775384,18.0,10,68.29000091552734
SILVER,SLV,2028-12-15,2.6191780821917807,P,63.0,-0.0806286299879279,11.2,16.0,14.4,0.4466608068847656,4.0,7,68.29000091552734
SILVER,SLV,2028-12-15,2.6191780821917807,P,64.0,-0.06488027301978867,13.55,16.5,14.0,0.4440973559570312,3.0,3019,68.29000091552734
SILVER,SLV,2028-12-15,2.6191780821917807,P,65.0,-0.04937608648382348,14.2,17.0,15.07,0.44135080139160154,2.0,792,68.29000091552734
SILVER,SLV,2028-12-15,2.6191780821917807,P,66.0,-0.03410861435303499,14.0,17.45,15.7,0.4372309695434571,1.0,3,68.29000091552734
SILVER,SLV,2028-12-15,2.6191780821917807,P,67.0,-0.019070736988494538,14.5,18.3,16.4,0.44275459594726563,2.0,5,68.29000091552734
SILVER,SLV,2028-12-15,2.6191780821917807,P,68.0,-0.004255651203353846,14.1,18.9,17.3,0.44193062957763674,2.0,40,68.29000091552734
SILVER,SLV,2028-12-15,2.6191780821917807,P,69.0,0.010343148217798888,15.5,19.5,18.0,0.4409235595703125,10.0,11,68.29000091552734
SILVER,SLV,2028-12-15,2.6191780821917807,P,70.0,0.02473188566989833,17.6,19.95,17.65,0.43622389953613283,5.0,1124,68.29000091552734
SILVER,SLV,2028-12-15,2.6191780821917807,P,71.0,0.03891652066185481,16.0,20.5,17.98,0.4337214831542969,1.0,26,68.29000091552734
SILVER,SLV,2028-12-15,2.6191780821917807,P,72.0,0.052902762636594755,16.65,21.15,20.0,0.4334773449707031,4.0,6,68.29000091552734
SILVER,SLV,2028-12-15,2.6191780821917807,P,73.0,0.06669608476893062,17.05,22.0,21.15,0.4377192459106446,,1,68.29000091552734
SILVER,SLV,2028-12-15,2.6191780821917807,P,74.0,0.08030173682470909,17.65,22.5,21.99,0.4335994140625,,29,68.29000091552734
SILVER,SLV,2028-12-15,2.6191780821917807,P,75.0,0.09372475715684983,18.6,23.35,21.95,0.437505625,3.0,35,68.29000091552734
SILVER,SLV,2028-12-15,2.6191780821917807,P,76.0,0.10696998390687051,19.5,24.0,21.85,0.43659010681152344,50.0,150,68.29000091552734
SILVER,SLV,2028-12-15,2.6191780821917807,P,77.0,0.12004206547422333,20.0,24.7,26.65,0.4366511413574219,10.0,15,68.29000091552734
SILVER,SLV,2028-12-15,2.6191780821917807,P,78.0,0.13294547031013107,20.65,25.35,25.17,0.4354609677124024,1.0,0,68.29000091552734
SILVER,SLV,2028-12-15,2.6191780821917807,P,79.0,0.14568449608756087,21.5,26.0,29.5,0.43411820770263676,433.0,1406,68.29000091552734
SILVER,SLV,2028-12-15,2.6191780821917807,P,80.0,0.15826327829442102,22.0,26.75,26.2,0.43494217407226565,600.0,1222,68.29000091552734
SILVER,SLV,2028-12-15,2.6191780821917807,P,82.0,0.18295589088479244,23.5,28.15,27.5,0.4338435522460938,1.0,3,68.29000091552734
SILVER,SLV,2028-12-15,2.6191780821917807,P,83.0,0.1950772514171373,24.0,28.4,26.9,0.4229183685302734,,2,68.29000091552734
SILVER,SLV,2028-12-15,2.6191780821917807,P,84.0,0.20705344246385302,24.5,29.0,27.96,0.4198056066894531,,2,68.29000091552734
SILVER,SLV,2028-12-15,2.6191780821917807,P,85.0,0.2188879001108559,26.0,30.3,27.84,0.43243975769042964,1.0,28,68.29000091552734
SILVER,SLV,2028-12-15,2.6191780821917807,P,88.0,0.2535734580987459,28.0,32.55,34.82,0.4321651022338867,4.0,0,68.29000091552734
SILVER,SLV,2028-12-15,2.6191780821917807,P,89.0,0.26487301335267927,28.0,33.0,37.09,0.4250545776367188,2.0,0,68.29000091552734
SILVER,SLV,2028-12-15,2.6191780821917807,P,90.0,0.27604631395080453,30.0,34.1,35.2,0.43256182678222654,3.0,4,68.29000091552734
SILVER,SLV,2028-12-15,2.6191780821917807,P,92.0,0.2980252206695797,31.5,35.8,39.03,0.4359187268066406,,20,68.29000091552734
SILVER,SLV,2028-12-15,2.6191780821917807,P,93.0,0.3088361367737954,31.0,35.95,39.46,0.4215145739746094,1.0,1,68.29000091552734
SILVER,SLV,2028-12-15,2.6191780821917807,P,95.0,0.33011353522108017,33.5,38.1,35.23,0.4345149322509766,1.0,3,68.29000091552734
SILVER,SLV,2028-12-15,2.6191780821917807,P,100.0,0.38140682960863076,37.5,42.15,40.05,0.4351863122558594,1.0,5,68.29000091552734
SILVER,SLV,2028-12-15,2.6191780821917807,P,110.0,0.47671700941295564,46.0,50.45,48.95,0.4348201049804688,1.0,1,68.29000091552734
SILVER,SLV,2028-12-15,2.6191780821917807,P,113.0,0.5036244623328799,48.5,53.0,51.0,0.4346370013427735,,0,68.29000091552734
SILVER,SLV,2028-12-15,2.6191780821917807,P,116.0,0.5298268347269041,51.5,55.55,57.62,0.4338435522460938,4.0,2,68.29000091552734
SILVER,SLV,2028-12-15,2.6191780821917807,P,118.0,0.5469212680862042,53.0,57.3,57.85,0.43420975952148444,,1,68.29000091552734
SILVER,SLV,2028-12-15,2.6191780821917807,P,120.0,0.5637283864025854,54.7,57.65,55.0,0.39838248107910157,1400.0,3,68.29000091552734
SILVER,SLV,2028-12-15,2.6191780821917807,P,125.0,0.6045503809228405,59.0,63.4,60.54,0.43286699951171875,2.0,1,68.29000091552734
SILVER,SLV,2028-12-15,2.6191780821917807,P,130.0,0.6437710940761219,63.5,67.85,68.0,0.43256182678222654,2.0,1,68.29000091552734
SILVER,SLV,2028-12-15,2.6191780821917807,P,135.0,0.6815114220589689,68.0,72.35,75.17,0.4322566540527344,2.0,4,68.29000091552734
SILVER,SLV,2028-12-15,2.6191780821917807,P,140.0,0.7178790662298437,73.0,76.95,77.4,0.43353837951660157,2.0,3,68.29000091552734
SILVER,SLV,2028-12-15,2.6191780821917807,P,141.0,0.7249965339987078,73.5,77.85,80.05,0.4331111376953125,1.0,1,68.29000091552734
SILVER,SLV,2028-12-15,2.6191780821917807,P,147.0,0.7666692303992757,79.0,83.3,82.7,0.43079182495117196,2.0,2,68.29000091552734
SILVER,SLV,2028-12-15,2.6191780821917807,P,148.0,0.7734489173846544,80.0,84.3,81.9,0.43305010314941406,1.0,0,68.29000091552734
SILVER,SLV,2028-12-15,2.6191780821917807,P,149.0,0.7801829495659987,81.0,85.15,84.65,0.43066975585937506,2.0,1,68.29000091552734
SILVER,SLV,2028-12-15,2.6191780821917807,P,150.0,0.7868719377167951,82.0,86.1,84.02,0.4313411358642578,1.0,94,68.29000091552734
