underlying,equity_ticker,expiration,T,side,strike,log_moneyness,bid,ask,last,iv,volume,open_interest,spot_at_fetch
SPY,SPY,2026-05-04,0.0027397260273972603,C,500.0,-0.3655455179847554,218.99,221.78,222.64,2.5483434729003904,1.0,0,720.6500244140625
SPY,SPY,2026-05-04,0.0027397260273972603,C,510.0,-0.3457428906885758,208.99,211.78,201.47,2.4282265856933596,,6,720.6500244140625
SPY,SPY,2026-05-04,0.0027397260273972603,C,515.0,-0.33598671574321104,203.99,206.78,197.07,2.3691447021484366,,5,720.6500244140625
SPY,SPY,2026-05-04,0.0027397260273972603,C,545.0,-0.2793678217437031,173.99,176.78,166.46,2.0224658813476566,,2,720.6500244140625
SPY,SPY,2026-05-04,0.0027397260273972603,C,610.0,-0.1666946592395903,109.0,111.79,101.39,1.3139682739257812,,1,720.6500244140625
SPY,SPY,2026-05-04,0.0027397260273972603,C,625.0,-0.14240196667054567,94.0,96.8,83.76,1.1569866369628907,,2,720.6500244140625
SPY,SPY,2026-05-04,0.0027397260273972603,C,630.0,-0.13443379702136876,89.0,91.8,84.68,1.1040083862304688,,3,720.6500244140625
SPY,SPY,2026-05-04,0.0027397260273972603,C,635.0,-0.12652861751425548,84.0,86.8,78.97,1.0512742749023438,2.0,1,720.6500244140625
SPY,SPY,2026-05-04,0.0027397260273972603,C,640.0,-0.11868544005322969,79.01,81.8,70.85,0.9985351708984375,2.0,2,720.6500244140625
SPY,SPY,2026-05-04,0.0027397260273972603,C,645.0,-0.11090329961117472,74.01,75.93,64.92,0.7334011035156249,1.0,5,720.6500244140625
SPY,SPY,2026-05-04,0.0027397260273972603,C,650.0,-0.1031812535172644,69.01,71.81,69.31,0.8942881665039062,2.0,11,720.6500244140625
SPY,SPY,2026-05-04,0.0027397260273972603,C,655.0,-0.09551838077169525,64.01,66.48,67.14,0.7836935693359376,15.0,4,720.6500244140625
SPY,SPY,2026-05-04,0.0027397260273972603,C,660.0,-0.08791378138647593,59.02,61.81,63.07,0.788088056640625,4.0,51,720.6500244140625
SPY,SPY,2026-05-04,0.0027397260273972603,C,665.0,-0.080366575751093,54.02,56.81,56.55,0.7346217944335938,4.0,46,720.6500244140625
SPY,SPY,2026-05-04,0.0027397260273972603,C,666.0,-0.07886394586655807,53.02,55.81,57.25,0.7238797143554687,2.0,1,720.6500244140625
SPY,SPY,2026-05-04,0.0027397260273972603,C,667.0,-0.07736357049132343,52.02,54.81,55.3,0.7131376342773439,9.0,27,720.6500244140625
SPY,SPY,2026-05-04,0.0027397260273972603,C,668.0,-0.0758654428703015,51.02,53.81,52.7,0.7023955541992188,6.0,10,720.6500244140625
SPY,SPY,2026-05-04,0.0027397260273972603,C,669.0,-0.07436955627871872,50.02,52.81,53.97,0.6916534741210938,30.0,6,720.6500244140625
SPY,SPY,2026-05-04,0.0027397260273972603,C,670.0,-0.07287590402193538,49.02,51.81,52.62,0.680911394042969,173.0,26,720.6500244140625
SPY,SPY,2026-05-04,0.0027397260273972603,C,671.0,-0.0713844794352654,48.02,50.82,49.66,0.6713900048828126,48.0,9,720.6500244140625
SPY,SPY,2026-05-04,0.0027397260273972603,C,672.0,-0.0698952758837976,47.02,49.82,51.48,0.6606479248046876,30.0,19,720.6500244140625
SPY,SPY,2026-05-04,0.0027397260273972603,C,673.0,-0.0684082867622194,46.02,48.82,50.4,0.6499058447265625,33.0,20,720.6500244140625
SPY,SPY,2026-05-04,0.0027397260273972603,C,674.0,-0.06692350549464011,45.02,47.82,48.35,0.6389196264648438,24.0,6,720.6500244140625
SPY,SPY,2026-05-04,0.0027397260273972603,C,675.0,-0.0654409255344174,44.02,46.82,45.27,0.6281775463867189,23.0,11,720.6500244140625
SPY,SPY,2026-05-04,0.0027397260273972603,C,676.0,-0.06396054036398308,43.02,45.82,44.18,0.6171913281250001,20.0,9,720.6500244140625
SPY,SPY,2026-05-04,0.0027397260273972603,C,677.0,-0.062482343494672125,42.02,44.82,45.36,0.6064492480468751,5.0,5,720.6500244140625
SPY,SPY,2026-05-04,0.0027397260273972603,C,678.0,-0.06100632846655162,41.03,43.82,45.46,0.5954630297851562,9.0,7,720.6500244140625
SPY,SPY,2026-05-04,0.0027397260273972603,C,679.0,-0.05953248884825101,40.03,42.82,43.28,0.5844768115234374,1.0,12,720.6500244140625
SPY,SPY,2026-05-04,0.0027397260273972603,C,680.0,-0.05806081823679482,39.04,41.82,40.53,0.5734905932617188,58.0,91,720.6500244140625
SPY,SPY,2026-05-04,0.0027397260273972603,C,681.0,-0.05659131025743479,38.03,40.82,41.28,0.5625043750000001,8.0,42,720.6500244140625
SPY,SPY,2026-05-04,0.0027397260273972603,C,682.0,-0.05512395856348512,37.03,39.82,38.69,0.5515181567382813,23.0,16,720.6500244140625
SPY,SPY,2026-05-04,0.0027397260273972603,C,683.0,-0.05365875683615711,36.03,38.83,38.91,0.5417526293945314,6.0,36,720.6500244140625
SPY,SPY,2026-05-04,0.0027397260273972603,C,684.0,-0.05219569878439666,35.03,37.83,38.26,0.5305222729492188,8.0,12,720.6500244140625
SPY,SPY,2026-05-04,0.0027397260273972603,C,685.0,-0.050734778144721895,34.03,36.83,36.54,0.5195360546875,8.0,45,720.6500244140625
SPY,SPY,2026-05-04,0.0027397260273972603,C,686.0,-0.049275988681061915,33.03,35.83,29.56,0.5083056982421875,2.0,17,720.6500244140625
SPY,SPY,2026-05-04,0.0027397260273972603,C,687.0,-0.04781932418459787,32.04,34.83,34.71,0.49707534179687507,3.0,21,720.6500244140625
SPY,SPY,2026-05-04,0.0027397260273972603,C,688.0,-0.04636477847360349,31.04,33.83,32.49,0.4858449853515625,9.0,36,720.6500244140625
SPY,SPY,2026-05-04,0.0027397260273972603,C,689.0,-0.04491234539328865,30.04,32.84,32.79,0.47559118164062497,9.0,16,720.6500244140625
SPY,SPY,2026-05-04,0.0027397260273972603,C,691.0,-0.04201379263927722,28.04,30.84,31.76,0.45300839965820316,2.0,97,720.6500244140625
SPY,SPY,2026-05-04,0.0027397260273972603,C,693.0,-0.0391236172170439,26.05,28.84,28.56,0.43018147949218755,13.0,65,720.6500244140625
SPY,SPY,2026-05-04,0.0027397260273972603,C,704.0,-0.02337526024890477,16.38,16.65,17.81,0.062509375,318.0,824,720.6500244140625
SPY,SPY,2026-05-04,0.0027397260273972603,C,705.0,-0.021955813594678467,15.44,15.67,15.58,0.12500875,5465.0,808,720.6500244140625
SPY,SPY,2026-05-04,0.0027397260273972603,C,706.0,-0.02053837891370511,14.44,14.7,14.69,0.133797724609375,591.0,386,720.6500244140625
SPY,SPY,2026-05-04,0.0027397260273972603,C,707.0,-0.01912295051037438,13.5,13.73,13.64,0.13575083007812502,1893.0,571,720.6500244140625
SPY,SPY,2026-05-04,0.0027397260273972603,C,708.0,-0.01770952271322744,12.5,12.77,12.8,0.13721565917968753,637.0,601,720.6500244140625
SPY,SPY,2026-05-04,0.0027397260273972603,C,709.0,-0.016298089874819656,11.56,11.82,12.75,0.13770393554687502,874.0,915,720.6500244140625
SPY,SPY,2026-05-04,0.0027397260273972603,C,710.0,-0.014888646371586113,10.62,10.84,10.91,0.1313563427734375,2942.0,2606,720.6500244140625
SPY,SPY,2026-05-04,0.0027397260273972603,C,711.0,-0.013481186603706294,9.76,9.87,10.09,0.12574116455078127,1531.0,1913,720.6500244140625
SPY,SPY,2026-05-04,0.0027397260273972603,C,712.0,-0.012075704994971355,8.85,8.95,8.87,0.12513081909179688,4180.0,2787,720.6500244140625
SPY,SPY,2026-05-04,0.0027397260273972603,C,713.0,-0.01067219599265125,7.94,8.04,8.01,0.12317771362304689,1587.0,985,720.6500244140625
SPY,SPY,2026-05-04,0.0027397260273972603,C,714.0,-0.009270654067362752,7.06,7.15,7.35,0.12085840087890626,1779.0,2162,720.6500244140625
SPY,SPY,2026-05-04,0.0027397260273972603,C,715.0,-0.007871073712939547,6.2,6.29,6.27,0.11878322631835936,2470.0,1845,720.6500244140625
SPY,SPY,2026-05-04,0.0027397260273972603,C,716.0,-0.006473449446301539,5.35,5.44,5.45,0.11512115356445313,2256.0,2231,720.6500244140625
SPY,SPY,2026-05-04,0.0027397260273972603,C,717.0,-0.0050777758073268595,4.56,4.63,4.58,0.11170321899414062,2279.0,3020,720.6500244140625
SPY,SPY,2026-05-04,0.0027397260273972603,C,718.0,-0.0036840473587229877,3.79,3.86,3.86,0.10804114624023436,2838.0,1956,720.6500244140625
SPY,SPY,2026-05-04,0.0027397260273972603,C,719.0,-0.002292258685900434,3.08,3.13,3.14,0.10382976257324218,3033.0,2060,720.6500244140625
SPY,SPY,2026-05-04,0.0027397260273972603,C,720.0,-0.0009024043968461908,2.43,2.45,2.45,0.0991301025390625,12413.0,4042,720.6500244140625
SPY,SPY,2026-05-04,0.0027397260273972603,C,721.0,0.00048552087800193773,1.84,1.86,1.85,0.09534596069335938,38484.0,1733,720.6500244140625
SPY,SPY,2026-05-04,0.0027397260273972603,C,722.0,0.001871522485879028,1.33,1.35,1.35,0.09156181884765624,76221.0,2104,720.6500244140625
SPY,SPY,2026-05-04,0.0027397260273972603,C,723.0,0.003255605751817422,0.91,0.93,0.92,0.08802181518554689,114391.0,2684,720.6500244140625
SPY,SPY,2026-05-04,0.0027397260273972603,C,724.0,0.0046377759787692594,0.59,0.6,0.61,0.08435974243164066,62285.0,2619,720.6500244140625
SPY,SPY,2026-05-04,0.0027397260273972603,C,725.0,0.006018038447727607,0.37,0.38,0.38,0.08265077514648439,70375.0,7291,720.6500244140625
SPY,SPY,2026-05-04,0.0027397260273972603,C,726.0,0.007396398417848856,0.21,0.22,0.22,0.08033146240234376,38227.0,2485,720.6500244140625
SPY,SPY,2026-05-04,0.0027397260273972603,C,727.0,0.00877286112657229,0.12,0.13,0.13,0.07984318603515625,23875.0,1602,720.6500244140625
SPY,SPY,2026-05-04,0.0027397260273972603,C,728.0,0.010147431789738832,0.07,0.08,0.07,0.08081973876953125,30459.0,2681,720.6500244140625
SPY,SPY,2026-05-04,0.0027397260273972603,C,729.0,0.011520115601710948,0.04,0.05,0.05,0.08204042968750001,14796.0,978,720.6500244140625
SPY,SPY,2026-05-04,0.0027397260273972603,C,730.0,0.01289091773548955,0.03,0.04,0.04,0.08692319335937501,25097.0,3379,720.6500244140625
SPY,SPY,2026-05-04,0.0027397260273972603,C,731.0,0.014259843342831396,0.02,0.03,0.03,0.090829404296875,6316.0,886,720.6500244140625
SPY,SPY,2026-05-04,0.0027397260273972603,C,732.0,0.01562689755436439,0.01,0.02,0.02,0.092782509765625,4588.0,1298,720.6500244140625
SPY,SPY,2026-05-04,0.0027397260273972603,C,733.0,0.01699208547970426,0.01,0.02,0.01,0.09961837890625,3963.0,1042,720.6500244140625
SPY,SPY,2026-05-04,0.0027397260273972603,C,734.0,0.018355412207568506,0.01,0.02,0.01,0.10743080078125,1120.0,951,720.6500244140625
SPY,SPY,2026-05-04,0.0027397260273972603,C,735.0,0.019716882805889537,0.01,0.02,0.01,0.1132901171875,6294.0,2632,720.6500244140625
SPY,SPY,2026-05-04,0.0027397260273972603,C,736.0,0.021076502321929036,0.0,0.01,0.01,0.11133701171874999,1338.0,1859,720.6500244140625
SPY,SPY,2026-05-04,0.0027397260273972603,C,737.0,0.02243427578238934,0.0,0.01,0.01,0.117196328125,1349.0,992,720.6500244140625
SPY,SPY,2026-05-04,0.0027397260273972603,C,738.0,0.02379020819352539,0.0,0.01,0.01,0.12500875,2015.0,464,720.6500244140625
SPY,SPY,2026-05-04,0.0027397260273972603,C,739.0,0.025144304541254606,0.0,0.01,0.01,0.1289149609375,1218.0,1373,720.6500244140625
SPY,SPY,2026-05-04,0.0027397260273972603,C,740.0,0.02649656979126821,0.0,0.01,0.01,0.13672738281250002,477.0,3051,720.6500244140625
SPY,SPY,2026-05-04,0.0027397260273972603,C,741.0,0.02784700888913981,0.0,0.01,0.01,0.14258669921875,478.0,649,720.6500244140625
SPY,SPY,2026-05-04,0.0027397260273972603,C,742.0,0.02919562676043331,0.0,0.01,0.01,0.148446015625,1033.0,645,720.6500244140625
SPY,SPY,2026-05-04,0.0027397260273972603,C,743.0,0.030542428310811966,0.0,0.01,0.02,0.1562584375,522.0,55,720.6500244140625
SPY,SPY,2026-05-04,0.0027397260273972603,C,744.0,0.031887418426144606,0.0,0.01,0.01,0.1601646484375,303.0,275,720.6500244140625
SPY,SPY,2026-05-04,0.0027397260273972603,C,745.0,0.033230601972612406,0.0,0.01,0.01,0.16797707031250003,132.0,944,720.6500244140625
SPY,SPY,2026-05-04,0.0027397260273972603,C,746.0,0.034571983796813685,0.0,0.01,0.01,0.17188328125000002,173.0,187,720.6500244140625
SPY,SPY,2026-05-04,0.0027397260273972603,C,747.0,0.03591156872587008,0.0,0.01,0.01,0.179695703125,,80,720.6500244140625
SPY,SPY,2026-05-04,0.0027397260273972603,C,748.0,0.03724936156753016,0.0,0.01,0.01,0.18360191406249998,1.0,265,720.6500244140625
SPY,SPY,2026-05-04,0.0027397260273972603,C,750.0,0.03991959012340893,0.0,0.01,0.01,0.195320546875,25.0,343,720.6500244140625
SPY,SPY,2026-05-04,0.0027397260273972603,C,755.0,0.046564132842077624,0.0,0.01,0.01,0.22657023437499998,1.0,227,720.6500244140625
SPY,SPY,2026-05-04,0.0027397260273972603,C,760.0,0.053164816873429596,0.0,0.01,0.01,0.25391371093750004,360.0,465,720.6500244140625
SPY,SPY,2026-05-04,0.0027397260273972603,C,765.0,0.05972221741958858,0.0,0.01,0.01,0.28125718749999995,2.0,582,720.6500244140625
SPY,SPY,2026-05-04,0.0027397260273972603,C,770.0,0.0662368984407824,0.0,0.01,0.01,0.31250687499999996,1.0,247,720.6500244140625
SPY,SPY,2026-05-04,0.0027397260273972603,C,775.0,0.07270941294639977,0.0,0.01,0.01,0.335944140625,1.0,14,720.6500244140625
SPY,SPY,2026-05-04,0.0027397260273972603,C,780.0,0.07914030327669032,0.0,0.01,0.01,0.367193828125,1.0,1,720.6500244140625
SPY,SPY,2026-05-04,0.0027397260273972603,C,785.0,0.08553010137546123,0.0,0.01,0.01,0.39063109375,1.0,137,720.6500244140625
SPY,SPY,2026-05-04,0.0027397260273972603,C,790.0,0.09187932905412009,0.0,0.01,0.02,0.41797457031249996,15.0,1263,720.6500244140625
SPY,SPY,2026-05-04,0.0027397260273972603,C,795.0,0.09818849824738474,0.0,0.01,0.01,0.445318046875,1852.0,1224,720.6500244140625
SPY,SPY,2026-05-04,0.0027397260273972603,C,800.0,0.10445811126098005,0.0,0.01,0.01,0.4687553125,496.0,451,720.6500244140625
SPY,SPY,2026-05-04,0.0027397260273972603,C,805.0,0.11068866101161623,0.0,0.01,0.02,0.49219257812500006,,713,720.6500244140625
SPY,SPY,2026-05-04,0.0027397260273972603,C,810.0,0.11688063125953722,0.0,0.01,0.01,0.523442265625,,462,720.6500244140625
SPY,SPY,2026-05-04,0.0027397260273972603,C,815.0,0.1230344968339156,0.0,0.01,0.01,0.51562984375,,871,720.6500244140625
SPY,SPY,2026-05-04,0.0027397260273972603,C,825.0,0.1352297699277339,0.0,0.01,0.02,0.5625043750000001,,1,720.6500244140625
SPY,SPY,2026-05-04,0.0027397260273972603,C,950.0,0.2763083681876393,0.0,0.01,0.01,1.09375453125,11.0,0,720.6500244140625
SPY,SPY,2026-05-04,0.0027397260273972603,P,500.0,-0.3655455179847554,0.0,0.01,0.01,1.4375028125,13.0,967,720.6500244140625
SPY,SPY,2026-05-04,0.0027397260273972603,P,505.0,-0.3555951871315874,0.0,0.01,0.01,1.40625296875,,105,720.6500244140625
SPY,SPY,2026-05-04,0.0027397260273972603,P,510.0,-0.3457428906885758,0.0,0.01,0.02,1.3750031249999999,,204,720.6500244140625
SPY,SPY,2026-05-04,0.0027397260273972603,P,515.0,-0.33598671574321104,0.0,0.01,0.01,1.3125034374999998,2.0,17,720.6500244140625
SPY,SPY,2026-05-04,0.0027397260273972603,P,520.0,-0.32632480483147414,0.0,0.01,0.02,1.2812535937499998,,100,720.6500244140625
SPY,SPY,2026-05-04,0.0027397260273972603,P,525.0,-0.3167553538153234,0.0,0.01,0.01,1.2500037499999999,51.0,61,720.6500244140625
SPY,SPY,2026-05-04,0.0027397260273972603,P,530.0,-0.3072766098607796,0.0,0.01,0.01,1.21875390625,1030.0,1036,720.6500244140625
SPY,SPY,2026-05-04,0.0027397260273972603,P,540.0,-0.28858447684862715,0.0,0.01,0.03,1.15625421875,,34,720.6500244140625
SPY,SPY,2026-05-04,0.0027397260273972603,P,545.0,-0.2793678217437031,0.0,0.01,0.05,1.125004375,,49,720.6500244140625
SPY,SPY,2026-05-04,0.0027397260273972603,P,550.0,-0.27023533818043055,0.0,0.01,0.04,1.09375453125,,30,720.6500244140625
SPY,SPY,2026-05-04,0.0027397260273972603,P,555.0,-0.26118550266051266,0.0,0.01,0.03,1.0625046875000002,,111,720.6500244140625
SPY,SPY,2026-05-04,0.0027397260273972603,P,560.0,-0.25221683267775225,0.0,0.01,0.02,1.015629921875,51.0,277,720.6500244140625
SPY,SPY,2026-05-04,0.0027397260273972603,P,565.0,-0.24332788526050617,0.0,0.01,0.02,0.9687503125,3.0,146,720.6500244140625
SPY,SPY,2026-05-04,0.0027397260273972603,P,570.0,-0.23451725557835126,0.0,0.01,0.01,0.937500625,14.0,15,720.6500244140625
SPY,SPY,2026-05-04,0.0027397260273972603,P,575.0,-0.22578357560959678,0.0,0.01,0.01,0.9062509375,2.0,120,720.6500244140625
SPY,SPY,2026-05-04,0.0027397260273972603,P,580.0,-0.21712551286648218,0.0,0.01,0.05,0.87500125,,269,720.6500244140625
SPY,SPY,2026-05-04,0.0027397260273972603,P,585.0,-0.20854176917509068,0.0,0.01,0.02,0.8437515624999999,104.0,360,720.6500244140625
SPY,SPY,2026-05-04,0.0027397260273972603,P,590.0,-0.20003107950718202,0.0,0.01,0.03,0.8125018749999999,81.0,383,720.6500244140625
SPY,SPY,2026-05-04,0.0027397260273972603,P,595.0,-0.1915922108613174,0.0,0.01,0.01,0.7812521875,13.0,261,720.6500244140625
SPY,SPY,2026-05-04,0.0027397260273972603,P,600.0,-0.18322396119080075,0.0,0.01,0.01,0.7500025,105.0,189,720.6500244140625
SPY,SPY,2026-05-04,0.0027397260273972603,P,605.0,-0.17492515837610578,0.0,0.01,0.01,0.7187528125,12.0,316,720.6500244140625
SPY,SPY,2026-05-04,0.0027397260273972603,P,610.0,-0.1666946592395903,0.0,0.01,0.01,0.6875031250000001,11.0,56,720.6500244140625
SPY,SPY,2026-05-04,0.0027397260273972603,P,615.0,-0.15853134860042933,0.0,0.01,0.01,0.6562534375000001,34.0,252,720.6500244140625
SPY,SPY,2026-05-04,0.0027397260273972603,P,620.0,-0.15043413836780994,0.0,0.01,0.01,0.6250037500000001,20.0,522,720.6500244140625
SPY,SPY,2026-05-04,0.0027397260273972603,P,625.0,-0.14240196667054567,0.0,0.01,0.01,0.5937540625000001,50.0,434,720.6500244140625
SPY,SPY,2026-05-04,0.0027397260273972603,P,630.0,-0.13443379702136876,0.0,0.01,0.01,0.5625043750000001,1.0,658,720.6500244140625
SPY,SPY,2026-05-04,0.0027397260273972603,P,635.0,-0.12652861751425548,0.0,0.01,0.01,0.5312546875,2.0,591,720.6500244140625
SPY,SPY,2026-05-04,0.0027397260273972603,P,640.0,-0.11868544005322969,0.0,0.01,0.01,0.500005,21.0,713,720.6500244140625
SPY,SPY,2026-05-04,0.0027397260273972603,P,645.0,-0.11090329961117472,0.0,0.01,0.01,0.500005,115.0,2039,720.6500244140625
SPY,SPY,2026-05-04,0.0027397260273972603,P,650.0,-0.1031812535172644,0.0,0.01,0.01,0.4687553125,424.0,1065,720.6500244140625
SPY,SPY,2026-05-04,0.0027397260273972603,P,655.0,-0.09551838077169525,0.0,0.01,0.02,0.437505625,1758.0,1047,720.6500244140625
SPY,SPY,2026-05-04,0.0027397260273972603,P,660.0,-0.08791378138647593,0.01,0.02,0.01,0.4335994140625,371.0,1024,720.6500244140625
SPY,SPY,2026-05-04,0.0027397260273972603,P,665.0,-0.080366575751093,0.01,0.02,0.02,0.398443515625,47.0,498,720.6500244140625
SPY,SPY,2026-05-04,0.0027397260273972603,P,666.0,-0.07886394586655807,0.01,0.02,0.01,0.39063109375,16.0,975,720.6500244140625
SPY,SPY,2026-05-04,0.0027397260273972603,P,667.0,-0.07736357049132343,0.01,0.02,0.02,0.38672488281249995,25.0,348,720.6500244140625
SPY,SPY,2026-05-04,0.0027397260273972603,P,668.0,-0.0758654428703015,0.01,0.02,0.03,0.3789124609375,68.0,312,720.6500244140625
SPY,SPY,2026-05-04,0.0027397260273972603,P,669.0,-0.07436955627871872,0.01,0.02,0.04,0.3711000390625,5.0,254,720.6500244140625
SPY,SPY,2026-05-04,0.0027397260273972603,P,670.0,-0.07287590402193538,0.01,0.02,0.01,0.3632876171875,9.0,637,720.6500244140625
SPY,SPY,2026-05-04,0.0027397260273972603,P,671.0,-0.0713844794352654,0.01,0.02,0.03,0.35938140625,282.0,523,720.6500244140625
SPY,SPY,2026-05-04,0.0027397260273972603,P,672.0,-0.0698952758837976,0.01,0.02,0.01,0.35156898437499995,27.0,483,720.6500244140625
SPY,SPY,2026-05-04,0.0027397260273972603,P,673.0,-0.0684082867622194,0.01,0.02,0.01,0.3437565625,489.0,303,720.6500244140625
SPY,SPY,2026-05-04,0.0027397260273972603,P,674.0,-0.06692350549464011,0.01,0.02,0.02,0.33789724609375,2197.0,187,720.6500244140625
SPY,SPY,2026-05-04,0.0027397260273972603,P,675.0,-0.0654409255344174,0.01,0.02,0.02,0.3320379296875,2430.0,729,720.6500244140625
SPY,SPY,2026-05-04,0.0027397260273972603,P,676.0,-0.06396054036398308,0.01,0.03,0.01,0.3398503515625,1028.0,399,720.6500244140625
SPY,SPY,2026-05-04,0.0027397260273972603,P,677.0,-0.062482343494672125,0.02,0.03,0.01,0.3320379296875,3766.0,262,720.6500244140625
SPY,SPY,2026-05-04,0.0027397260273972603,P,678.0,-0.06100632846655162,0.02,0.03,0.01,0.3242255078124999,2746.0,282,720.6500244140625
SPY,SPY,2026-05-04,0.0027397260273972603,P,679.0,-0.05953248884825101,0.02,0.03,0.02,0.31836619140624994,113.0,174,720.6500244140625
SPY,SPY,2026-05-04,0.0027397260273972603,P,680.0,-0.05806081823679482,0.02,0.03,0.03,0.31055376953124997,1060.0,1473,720.6500244140625
SPY,SPY,2026-05-04,0.0027397260273972603,P,681.0,-0.05659131025743479,0.02,0.03,0.02,0.304694453125,720.0,4325,720.6500244140625
SPY,SPY,2026-05-04,0.0027397260273972603,P,682.0,-0.05512395856348512,0.02,0.03,0.02,0.29688203124999996,999.0,345,720.6500244140625
SPY,SPY,2026-05-04,0.0027397260273972603,P,683.0,-0.05365875683615711,0.02,0.03,0.03,0.2890696093749999,1191.0,289,720.6500244140625
SPY,SPY,2026-05-04,0.0027397260273972603,P,684.0,-0.05219569878439666,0.02,0.03,0.02,0.28321029296874994,3608.0,552,720.6500244140625
SPY,SPY,2026-05-04,0.0027397260273972603,P,685.0,-0.050734778144721895,0.02,0.03,0.03,0.27539787109374997,2590.0,5623,720.6500244140625
SPY,SPY,2026-05-04,0.0027397260273972603,P,686.0,-0.049275988681061915,0.02,0.03,0.03,0.2695385546875,1616.0,1540,720.6500244140625
SPY,SPY,2026-05-04,0.0027397260273972603,P,687.0,-0.04781932418459787,0.03,0.04,0.03,0.27149166015625,290.0,903,720.6500244140625
SPY,SPY,2026-05-04,0.0027397260273972603,P,688.0,-0.04636477847360349,0.03,0.04,0.03,0.26367923828125,394.0,1086,720.6500244140625
SPY,SPY,2026-05-04,0.0027397260273972603,P,689.0,-0.04491234539328865,0.03,0.04,0.04,0.25586681640625003,901.0,1431,720.6500244140625
SPY,SPY,2026-05-04,0.0027397260273972603,P,690.0,-0.04346201881564211,0.03,0.04,0.04,0.249030947265625,3715.0,5460,720.6500244140625
SPY,SPY,2026-05-04,0.0027397260273972603,P,691.0,-0.04201379263927722,0.03,0.04,0.04,0.242195078125,2539.0,5573,720.6500244140625
SPY,SPY,2026-05-04,0.0027397260273972603,P,692.0,-0.04056766078927762,0.03,0.04,0.03,0.23438265625,923.0,1424,720.6500244140625
SPY,SPY,2026-05-04,0.0027397260273972603,P,693.0,-0.0391236172170439,0.04,0.05,0.04,0.233406103515625,1141.0,960,720.6500244140625
SPY,SPY,2026-05-04,0.0027397260273972603,P,694.0,-0.037681655900142705,0.04,0.05,0.03,0.22657023437499998,1298.0,930,720.6500244140625
SPY,SPY,2026-05-04,0.0027397260273972603,P,695.0,-0.036241770842155026,0.04,0.05,0.05,0.21875781249999998,3818.0,2261,720.6500244140625
SPY,SPY,2026-05-04,0.0027397260273972603,P,696.0,-0.03480395607252757,0.04,0.05,0.05,0.21094539062499998,2306.0,4918,720.6500244140625
SPY,SPY,2026-05-04,0.0027397260273972603,P,697.0,-0.03336820564642329,0.05,0.06,0.04,0.20899228515624996,1189.0,851,720.6500244140625
SPY,SPY,2026-05-04,0.0027397260273972603,P,698.0,-0.03193451364457465,0.05,0.06,0.05,0.20117986328124998,3516.0,4032,720.6500244140625
SPY,SPY,2026-05-04,0.0027397260273972603,P,699.0,-0.03050287417313693,0.06,0.07,0.05,0.19727365234375,1575.0,976,720.6500244140625
SPY,SPY,2026-05-04,0.0027397260273972603,P,700.0,-0.029073281363542466,0.06,0.08,0.07,0.19336744140625,11063.0,6182,720.6500244140625
SPY,SPY,2026-05-04,0.0027397260273972603,P,701.0,-0.02764572937235711,0.07,0.08,0.06,0.18555501953124998,2075.0,1251,720.6500244140625
SPY,SPY,2026-05-04,0.0027397260273972603,P,702.0,-0.026220212381136036,0.09,0.1,0.08,0.1840901904296875,3236.0,3817,720.6500244140625
SPY,SPY,2026-05-04,0.0027397260273972603,P,703.0,-0.024796724596282314,0.1,0.11,0.1,0.1782308740234375,4397.0,1354,720.6500244140625
SPY,SPY,2026-05-04,0.0027397260273972603,P,704.0,-0.02337526024890477,0.12,0.13,0.12,0.174812939453125,3837.0,3066,720.6500244140625
SPY,SPY,2026-05-04,0.0027397260273972603,P,705.0,-0.021955813594678467,0.14,0.15,0.14,0.1706625903320313,9213.0,3298,720.6500244140625
SPY,SPY,2026-05-04,0.0027397260273972603,P,706.0,-0.02053837891370511,0.17,0.18,0.18,0.16748879394531252,5537.0,1440,720.6500244140625
SPY,SPY,2026-05-04,0.0027397260273972603,P,707.0,-0.01912295051037438,0.2,0.22,0.21,0.165047412109375,6401.0,1505,720.6500244140625
SPY,SPY,2026-05-04,0.0027397260273972603,P,708.0,-0.01770952271322744,0.24,0.25,0.25,0.15992051025390625,13624.0,4224,720.6500244140625
SPY,SPY,2026-05-04,0.0027397260273972603,P,709.0,-0.016298089874819656,0.29,0.31,0.3,0.15796740478515625,7396.0,3078,720.6500244140625
SPY,SPY,2026-05-04,0.0027397260273972603,P,710.0,-0.014888646371586113,0.35,0.36,0.36,0.15332877929687502,34924.0,26311,720.6500244140625
SPY,SPY,2026-05-04,0.0027397260273972603,P,711.0,-0.013481186603706294,0.42,0.43,0.42,0.14966670654296876,9288.0,3501,720.6500244140625
SPY,SPY,2026-05-04,0.0027397260273972603,P,712.0,-0.012075704994971355,0.5,0.51,0.49,0.14576049560546872,18154.0,3112,720.6500244140625
SPY,SPY,2026-05-04,0.0027397260273972603,P,713.0,-0.01067219599265125,0.6,0.61,0.6,0.1420984228515625,8457.0,2908,720.6500244140625
SPY,SPY,2026-05-04,0.0027397260273972603,P,714.0,-0.009270654067362752,0.71,0.72,0.71,0.13758186645507814,13837.0,2098,720.6500244140625
SPY,SPY,2026-05-04,0.0027397260273972603,P,715.0,-0.007871073712939547,0.84,0.85,0.84,0.13294324096679688,26625.0,4248,720.6500244140625
SPY,SPY,2026-05-04,0.0027397260273972603,P,716.0,-0.006473449446301539,1.0,1.01,1.01,0.12854875366210936,10805.0,1932,720.6500244140625
SPY,SPY,2026-05-04,0.0027397260273972603,P,717.0,-0.0050777758073268595,1.18,1.2,1.19,0.124032197265625,20637.0,1178,720.6500244140625
SPY,SPY,2026-05-04,0.0027397260273972603,P,718.0,-0.0036840473587229877,1.41,1.43,1.41,0.11951564086914063,27548.0,2240,720.6500244140625
SPY,SPY,2026-05-04,0.0027397260273972603,P,719.0,-0.002292258685900434,1.69,1.71,1.69,0.11512115356445313,22554.0,1384,720.6500244140625
SPY,SPY,2026-05-04,0.0027397260273972603,P,720.0,-0.0009024043968461908,2.03,2.05,2.03,0.11097080444335936,70138.0,2725,720.6500244140625
SPY,SPY,2026-05-04,0.0027397260273972603,P,721.0,0.00048552087800193773,2.44,2.45,2.42,0.10669838623046876,74825.0,584,720.6500244140625
SPY,SPY,2026-05-04,0.0027397260273972603,P,722.0,0.001871522485879028,2.91,2.96,2.89,0.10425700439453123,102303.0,1100,720.6500244140625
SPY,SPY,2026-05-04,0.0027397260273972603,P,723.0,0.003255605751817422,3.47,3.53,3.49,0.1010832080078125,52700.0,711,720.6500244140625
SPY,SPY,2026-05-04,0.0027397260273972603,P,724.0,0.0046377759787692594,4.15,4.25,4.2,0.10205976074218749,35867.0,1224,720.6500244140625
SPY,SPY,2026-05-04,0.0027397260273972603,P,725.0,0.006018038447727607,4.91,5.02,4.95,0.10267010620117187,22818.0,2070,720.6500244140625
SPY,SPY,2026-05-04,0.0027397260273972603,P,726.0,0.007396398417848856,5.69,5.92,5.82,0.10913976806640624,2359.0,489,720.6500244140625
SPY,SPY,2026-05-04,0.0027397260273972603,P,727.0,0.00877286112657229,6.6,6.86,6.71,0.11707425903320312,2886.0,241,720.6500244140625
SPY,SPY,2026-05-04,0.0027397260273972603,P,728.0,0.010147431789738832,7.56,7.74,7.51,0.1186611572265625,1187.0,106,720.6500244140625
SPY,SPY,2026-05-04,0.0027397260273972603,P,729.0,0.011520115601710948,8.41,9.0,8.69,0.15210808837890627,1015.0,2,720.6500244140625
SPY,SPY,2026-05-04,0.0027397260273972603,P,730.0,0.01289091773548955,8.4,10.9,9.4,0.2269364416503906,3228.0,32,720.6500244140625
SPY,SPY,2026-05-04,0.0027397260273972603,P,731.0,0.014259843342831396,9.4,11.9,9.39,0.24048611083984373,1013.0,4,720.6500244140625
SPY,SPY,2026-05-04,0.0027397260273972603,P,732.0,0.01562689755436439,10.4,12.9,9.89,0.25379164184570313,5618.0,0,720.6500244140625
SPY,SPY,2026-05-04,0.0027397260273972603,P,733.0,0.01699208547970426,11.4,13.0,11.9,0.1981281359863281,2015.0,0,720.6500244140625
SPY,SPY,2026-05-04,0.0027397260273972603,P,734.0,0.018355412207568506,12.4,14.9,12.86,0.2797923583984374,2822.0,0,720.6500244140625
SPY,SPY,2026-05-04,0.0027397260273972603,P,735.0,0.019716882805889537,13.4,16.06,14.7,0.3034737622070312,218.0,6,720.6500244140625
SPY,SPY,2026-05-04,0.0027397260273972603,P,736.0,0.021076502321929036,14.4,17.06,14.68,0.3161689477539062,12.0,0,720.6500244140625
SPY,SPY,2026-05-04,0.0027397260273972603,P,737.0,0.02243427578238934,15.4,18.06,13.7,0.32874206420898433,2.0,0,720.6500244140625
SPY,SPY,2026-05-04,0.0027397260273972603,P,740.0,0.02649656979126821,18.4,21.06,19.32,0.36536279174804687,56.0,24,720.6500244140625
SPY,SPY,2026-05-04,0.0027397260273972603,P,750.0,0.03991959012340893,28.27,31.06,26.98,0.47998566894531247,12.0,45,720.6500244140625
SPY,SPY,2026-05-04,0.0027397260273972603,P,760.0,0.053164816873429596,38.27,41.06,41.14,0.5861857788085938,,30,720.6500244140625
SPY,SPY,2026-05-04,0.0027397260273972603,P,765.0,0.05972221741958858,43.27,46.06,43.69,0.6369665209960937,2.0,0,720.6500244140625
SPY,SPY,2026-05-08,0.010958904109589041,C,435.0,-0.5048075853182632,284.26,287.05,280.52,1.125004375,1.0,1,720.6500244140625
SPY,SPY,2026-05-08,0.010958904109589041,C,450.0,-0.4709060336425817,269.27,272.06,272.72,1.140629296875,1.0,0,720.6500244140625
SPY,SPY,2026-05-08,0.010958904109589041,C,475.0,-0.416838812372306,244.29,247.08,234.61,1.09375453125,,1,720.6500244140625
SPY,SPY,2026-05-08,0.010958904109589041,C,480.0,-0.4063675125050106,239.29,242.08,230.77,1.0664109179687502,1.0,2,720.6500244140625
SPY,SPY,2026-05-08,0.010958904109589041,C,485.0,-0.39600472546946397,234.3,237.09,175.75,1.0664109179687502,,3,720.6500244140625
SPY,SPY,2026-05-08,0.010958904109589041,C,490.0,-0.3857482253022748,229.3,232.09,170.8,1.0390673046875003,,3,720.6500244140625
SPY,SPY,2026-05-08,0.010958904109589041,C,495.0,-0.37559585383825683,224.3,227.1,155.77,1.0234423828125,,4,720.6500244140625
SPY,SPY,2026-05-08,0.010958904109589041,C,500.0,-0.3655455179847554,219.31,222.1,224.0,1.0078174609375,1.0,14,720.6500244140625
SPY,SPY,2026-05-08,0.010958904109589041,C,505.0,-0.3555951871315874,214.31,217.1,205.22,0.98437515625,5.0,9,720.6500244140625
SPY,SPY,2026-05-08,0.010958904109589041,C,510.0,-0.3457428906885758,209.32,212.11,211.64,0.97460962890625,1.0,11,720.6500244140625
SPY,SPY,2026-05-08,0.010958904109589041,C,515.0,-0.33598671574321104,204.32,207.11,204.4,0.9492192578124999,2.0,10,720.6500244140625
SPY,SPY,2026-05-08,0.010958904109589041,C,520.0,-0.32632480483147414,199.33,202.12,199.5,0.937500625,2.0,11,720.6500244140625
SPY,SPY,2026-05-08,0.010958904109589041,C,525.0,-0.3167553538153234,194.33,197.12,185.3,0.91211025390625,5.0,9,720.6500244140625
SPY,SPY,2026-05-08,0.010958904109589041,C,530.0,-0.3072766098607796,189.33,192.13,181.28,0.89257919921875,2.0,2,720.6500244140625
SPY,SPY,2026-05-08,0.010958904109589041,C,540.0,-0.28858447684862715,179.34,182.13,170.37,0.84961087890625,5.0,16,720.6500244140625
SPY,SPY,2026-05-08,0.010958904109589041,C,545.0,-0.2793678217437031,174.35,177.14,165.34,0.8339860351562498,5.0,9,720.6500244140625
SPY,SPY,2026-05-08,0.010958904109589041,C,550.0,-0.27023533818043055,169.35,172.14,162.26,0.8085956640624999,1.0,10,720.6500244140625
SPY,SPY,2026-05-08,0.010958904109589041,C,555.0,-0.26118550266051266,164.36,167.15,155.61,0.7929708203125,3.0,15,720.6500244140625
SPY,SPY,2026-05-08,0.010958904109589041,C,560.0,-0.25221683267775225,159.36,162.15,154.17,0.7685570019531252,2.0,6,720.6500244140625
SPY,SPY,2026-05-08,0.010958904109589041,C,565.0,-0.24332788526050617,154.37,157.16,144.99,0.75195560546875,1.0,15,720.6500244140625
SPY,SPY,2026-05-08,0.010958904109589041,C,570.0,-0.23451725557835126,149.37,152.16,144.88,0.726565234375,1.0,16,720.6500244140625
SPY,SPY,2026-05-08,0.010958904109589041,C,575.0,-0.22578357560959678,144.37,147.17,141.9,0.7060576269531251,1.0,11,720.6500244140625
SPY,SPY,2026-05-08,0.010958904109589041,C,580.0,-0.21712551286648218,139.38,142.17,134.96,0.68555001953125,2.0,7,720.6500244140625
SPY,SPY,2026-05-08,0.010958904109589041,C,585.0,-0.20854176917509068,134.38,137.18,129.31,0.6640658593750002,4.0,17,720.6500244140625
SPY,SPY,2026-05-08,0.010958904109589041,C,590.0,-0.20003107950718202,129.39,132.18,133.23,0.6425816992187501,4.0,37,720.6500244140625
SPY,SPY,2026-05-08,0.010958904109589041,C,595.0,-0.1915922108613174,124.39,127.19,127.66,0.6210975390625001,1.0,16,720.6500244140625
SPY,SPY,2026-05-08,0.010958904109589041,C,600.0,-0.18322396119080075,119.4,122.19,122.5,0.5996133789062501,18.0,41,720.6500244140625
SPY,SPY,2026-05-08,0.010958904109589041,C,605.0,-0.17492515837610578,114.4,117.2,113.77,0.577152666015625,3.0,9,720.6500244140625
SPY,SPY,2026-05-08,0.010958904109589041,C,606.0,-0.1732736303376327,113.4,116.2,102.69,0.5732464550781251,,2,720.6500244140625
SPY,SPY,2026-05-08,0.010958904109589041,C,607.0,-0.17162482534744886,112.41,115.2,104.39,0.570316796875,,1,720.6500244140625
SPY,SPY,2026-05-08,0.010958904109589041,C,610.0,-0.1666946592395903,109.41,112.2,104.84,0.5556685058593751,2.0,26,720.6500244140625
SPY,SPY,2026-05-08,0.010958904109589041,C,615.0,-0.15853134860042933,104.41,107.21,96.58,0.534184345703125,1.0,69,720.6500244140625
SPY,SPY,2026-05-08,0.010958904109589041,C,617.0,-0.1552845925015594,102.42,105.21,69.13,0.526371923828125,,1,720.6500244140625
SPY,SPY,2026-05-08,0.010958904109589041,C,618.0,-0.1536651589492564,101.42,104.21,107.09,0.5214891601562499,7.0,16,720.6500244140625
SPY,SPY,2026-05-08,0.010958904109589041,C,620.0,-0.15043413836780994,99.42,102.21,103.28,0.5117236328125,10.0,72,720.6500244140625
SPY,SPY,2026-05-08,0.010958904109589041,C,621.0,-0.14882253447346835,98.42,101.22,90.59,0.508793974609375,,31,720.6500244140625
SPY,SPY,2026-05-08,0.010958904109589041,C,623.0,-0.145607097619494,96.42,99.22,85.37,0.7253445434570311,,11,720.6500244140625
SPY,SPY,2026-05-08,0.010958904109589041,C,624.0,-0.14400324803751954,95.42,98.22,100.9,0.7189969506835938,1.0,1,720.6500244140625
SPY,SPY,2026-05-08,0.010958904109589041,C,625.0,-0.14240196667054567,94.43,97.22,87.93,0.7126493579101563,1.0,28,720.6500244140625
SPY,SPY,2026-05-08,0.010958904109589041,C,626.0,-0.1408032453068487,93.43,96.22,42.07,0.7063017651367188,,1,720.6500244140625
SPY,SPY,2026-05-08,0.010958904109589041,C,627.0,-0.13920707577402647,92.43,95.22,91.43,0.6998321032714845,1.0,6,720.6500244140625
SPY,SPY,2026-05-08,0.010958904109589041,C,628.0,-0.13761344993874844,91.43,94.22,52.59,0.69336244140625,1.0,6,720.6500244140625
SPY,SPY,2026-05-08,0.010958904109589041,C,629.0,-0.13602235970650667,90.43,93.23,83.32,0.6879914013671876,1.0,53,720.6500244140625
SPY,SPY,2026-05-08,0.010958904109589041,C,630.0,-0.13443379702136876,90.59,91.0,92.03,0.516606396484375,4.0,293,720.6500244140625
SPY,SPY,2026-05-08,0.010958904109589041,C,631.0,-0.13284775386573405,89.59,90.01,84.3,0.5134326000976561,2.0,149,720.6500244140625
SPY,SPY,2026-05-08,0.010958904109589041,C,632.0,-0.13126422226008974,87.44,90.23,86.48,0.6687044848632814,2.0,9,720.6500244140625
SPY,SPY,2026-05-08,0.010958904109589041,C,633.0,-0.12968319426277103,86.44,89.23,63.42,0.6623568920898439,4.0,92,720.6500244140625
SPY,SPY,2026-05-08,0.010958904109589041,C,634.0,-0.12810466196972126,86.6,87.01,80.89,0.4975636181640626,1.0,290,720.6500244140625
SPY,SPY,2026-05-08,0.010958904109589041,C,635.0,-0.12652861751425548,85.6,86.01,88.31,0.49268085449218757,2.0,412,720.6500244140625
SPY,SPY,2026-05-08,0.010958904109589041,C,636.0,-0.12495505306682504,84.6,85.01,75.65,0.48730981445312505,2.0,191,720.6500244140625
SPY,SPY,2026-05-08,0.010958904109589041,C,637.0,-0.1233839608347838,83.6,84.01,82.88,0.4819387744140625,1.0,171,720.6500244140625
SPY,SPY,2026-05-08,0.010958904109589041,C,638.0,-0.12181533306215733,81.44,84.24,85.37,0.6313513427734375,1.0,33,720.6500244140625
SPY,SPY,2026-05-08,0.010958904109589041,C,639.0,-0.12024916202941235,80.45,83.24,77.29,0.6248816809082032,1.0,21,720.6500244140625
SPY,SPY,2026-05-08,0.010958904109589041,C,640.0,-0.11868544005322969,80.61,81.02,82.45,0.4682670361328125,42.0,1098,720.6500244140625
SPY,SPY,2026-05-08,0.010958904109589041,C,641.0,-0.11712415948627714,79.61,80.02,80.35,0.4633842724609375,23.0,854,720.6500244140625
SPY,SPY,2026-05-08,0.010958904109589041,C,642.0,-0.11556531271698595,77.45,80.24,80.68,0.6057168334960938,5.0,75,720.6500244140625
SPY,SPY,2026-05-08,0.010958904109589041,C,643.0,-0.1140088921693278,76.45,79.25,68.46,0.6001016552734376,1.0,56,720.6500244140625
SPY,SPY,2026-05-08,0.010958904109589041,C,644.0,-0.11245489030259352,76.61,77.03,78.98,0.44946839599609373,8.0,214,720.6500244140625
SPY,SPY,2026-05-08,0.010958904109589041,C,645.0,-0.11090329961117472,75.62,76.03,77.41,0.44434149414062496,3.0,876,720.6500244140625
SPY,SPY,2026-05-08,0.010958904109589041,C,646.0,-0.1093541126243453,73.45,76.25,67.87,0.5808147387695313,4.0,46,720.6500244140625
SPY,SPY,2026-05-08,0.010958904109589041,C,647.0,-0.10780732190604667,72.46,75.25,63.2,0.5744671459960937,1.0,84,720.6500244140625
SPY,SPY,2026-05-08,0.010958904109589041,C,648.0,-0.10626292005467249,71.46,74.25,70.46,0.5679974841308593,1.0,53,720.6500244140625
SPY,SPY,2026-05-08,0.010958904109589041,C,649.0,-0.10472089970285713,70.46,73.26,63.45,0.5623823059082032,1.0,61,720.6500244140625
SPY,SPY,2026-05-08,0.010958904109589041,C,650.0,-0.1031812535172644,70.63,71.04,70.88,0.41968353759765625,816.0,1083,720.6500244140625
SPY,SPY,2026-05-08,0.010958904109589041,C,651.0,-0.1016439741983779,69.63,70.04,61.08,0.4145566357421875,20.0,113,720.6500244140625
SPY,SPY,2026-05-08,0.010958904109589041,C,652.0,-0.10010905448029425,68.63,69.04,71.41,0.40918559570312496,2.0,114,720.6500244140625
SPY,SPY,2026-05-08,0.010958904109589041,C,653.0,-0.09857648713051609,67.63,68.04,69.92,0.40381455566406255,1.0,334,720.6500244140625
SPY,SPY,2026-05-08,0.010958904109589041,C,654.0,-0.09704626494974852,66.64,67.05,69.13,0.40039662109375,6.0,164,720.6500244140625
SPY,SPY,2026-05-08,0.010958904109589041,C,655.0,-0.09551838077169525,65.64,66.05,67.07,0.39502558105468755,14.0,1005,720.6500244140625
SPY,SPY,2026-05-08,0.010958904109589041,C,656.0,-0.09399282746285807,64.64,65.05,64.98,0.389654541015625,7.0,615,720.6500244140625
SPY,SPY,2026-05-08,0.010958904109589041,C,657.0,-0.09246959792233668,63.64,64.06,64.7,0.38623660644531244,12.0,927,720.6500244140625
SPY,SPY,2026-05-08,0.010958904109589041,C,658.0,-0.09094868508162994,62.65,63.06,64.84,0.38086556640624997,119.0,400,720.6500244140625
SPY,SPY,2026-05-08,0.010958904109589041,C,659.0,-0.08943008190443999,61.65,62.06,52.69,0.3754945263671875,1.0,900,720.6500244140625
SPY,SPY,2026-05-08,0.010958904109589041,C,660.0,-0.08791378138647593,60.65,61.07,62.08,0.3715883154296875,39.0,741,720.6500244140625
SPY,SPY,2026-05-08,0.010958904109589041,C,661.0,-0.08639977655526093,59.66,60.07,63.06,0.36646141357421874,20.0,281,720.6500244140625
SPY,SPY,2026-05-08,0.010958904109589041,C,662.0,-0.08488806046993896,58.66,59.07,59.84,0.3610903735351562,10.0,302,720.6500244140625
SPY,SPY,2026-05-08,0.010958904109589041,C,663.0,-0.0833786262210846,57.67,58.08,59.47,0.35718416259765623,22.0,179,720.6500244140625
SPY,SPY,2026-05-08,0.010958904109589041,C,664.0,-0.08187146693051334,56.67,57.08,58.66,0.3518131225585937,3.0,184,720.6500244140625
SPY,SPY,2026-05-08,0.010958904109589041,C,665.0,-0.080366575751093,55.67,56.08,56.75,0.3464420825195312,56.0,454,720.6500244140625
SPY,SPY,2026-05-08,0.010958904109589041,C,666.0,-0.07886394586655807,54.68,55.09,56.74,0.3425358715820312,3.0,241,720.6500244140625
SPY,SPY,2026-05-08,0.010958904109589041,C,667.0,-0.07736357049132343,53.78,54.09,57.93,0.3371648315429688,1.0,191,720.6500244140625
SPY,SPY,2026-05-08,0.010958904109589041,C,668.0,-0.0758654428703015,52.73,53.1,53.15,0.33301448242187504,80.0,284,720.6500244140625
SPY,SPY,2026-05-08,0.010958904109589041,C,669.0,-0.07436955627871872,51.74,52.1,54.45,0.3276434423828125,4.0,260,720.6500244140625
SPY,SPY,2026-05-08,0.010958904109589041,C,670.0,-0.07287590402193538,50.79,51.11,51.03,0.3237372314453124,1837.0,1453,720.6500244140625
SPY,SPY,2026-05-08,0.010958904109589041,C,671.0,-0.0713844794352654,49.75,50.12,51.71,0.31958688232421867,13.0,424,720.6500244140625
SPY,SPY,2026-05-08,0.010958904109589041,C,672.0,-0.0698952758837976,48.76,49.12,50.66,0.3139717041015625,15.0,486,720.6500244140625
SPY,SPY,2026-05-08,0.010958904109589041,C,673.0,-0.0684082867622194,47.8,48.13,49.72,0.30982135498046875,135.0,368,720.6500244140625
SPY,SPY,2026-05-08,0.010958904109589041,C,674.0,-0.06692350549464011,46.77,47.14,48.55,0.30542686767578126,4.0,279,720.6500244140625
SPY,SPY,2026-05-08,0.010958904109589041,C,675.0,-0.0654409255344174,45.78,46.14,48.11,0.30005582763671873,61.0,1364,720.6500244140625
SPY,SPY,2026-05-08,0.010958904109589041,C,676.0,-0.06396054036398308,44.79,45.15,49.34,0.29566134033203123,5.0,614,720.6500244140625
SPY,SPY,2026-05-08,0.010958904109589041,C,677.0,-0.062482343494672125,43.8,44.16,45.39,0.2912668530273437,24.0,315,720.6500244140625
SPY,SPY,2026-05-08,0.010958904109589041,C,678.0,-0.06100632846655162,42.76,43.17,43.21,0.2868723657226562,113.0,1168,720.6500244140625
SPY,SPY,2026-05-08,0.010958904109589041,C,679.0,-0.05953248884825101,41.82,42.18,43.37,0.282233740234375,4.0,340,720.6500244140625
SPY,SPY,2026-05-08,0.010958904109589041,C,680.0,-0.05806081823679482,40.83,41.19,42.01,0.2778392529296875,1605.0,1415,720.6500244140625
SPY,SPY,2026-05-08,0.010958904109589041,C,681.0,-0.05659131025743479,39.88,40.21,41.8,0.27417718017578124,2.0,407,720.6500244140625
SPY,SPY,2026-05-08,0.010958904109589041,C,682.0,-0.05512395856348512,38.9,39.22,40.8,0.2695385546875,20.0,322,720.6500244140625
SPY,SPY,2026-05-08,0.010958904109589041,C,683.0,-0.05365875683615711,37.87,38.23,38.0,0.264655791015625,71.0,265,720.6500244140625
SPY,SPY,2026-05-08,0.010958904109589041,C,684.0,-0.05219569878439666,36.92,37.25,37.78,0.26099371826171874,16.0,684,720.6500244140625
SPY,SPY,2026-05-08,0.010958904109589041,C,685.0,-0.050734778144721895,35.9,36.27,36.05,0.2569654382324219,814.0,2686,720.6500244140625
SPY,SPY,2026-05-08,0.010958904109589041,C,686.0,-0.049275988681061915,34.92,35.28,36.71,0.25196060546875,8.0,351,720.6500244140625
SPY,SPY,2026-05-08,0.010958904109589041,C,687.0,-0.04781932418459787,33.94,34.3,35.11,0.24793232543945312,3.0,241,720.6500244140625
SPY,SPY,2026-05-08,0.010958904109589041,C,688.0,-0.04636477847360349,32.96,33.33,33.92,0.24451439086914065,8.0,604,720.6500244140625
SPY,SPY,2026-05-08,0.010958904109589041,C,689.0,-0.04491234539328865,32.03,32.35,33.84,0.24024197265624997,6.0,228,720.6500244140625
SPY,SPY,2026-05-08,0.010958904109589041,C,690.0,-0.04346201881564211,30.98,31.37,31.44,0.23584748535156247,121.0,2160,720.6500244140625
SPY,SPY,2026-05-08,0.010958904109589041,C,691.0,-0.04201379263927722,30.08,30.4,30.95,0.23194127441406248,47.0,951,720.6500244140625
SPY,SPY,2026-05-08,0.010958904109589041,C,692.0,-0.04056766078927762,29.02,29.43,30.69,0.2280350634765625,20.0,558,720.6500244140625
SPY,SPY,2026-05-08,0.010958904109589041,C,693.0,-0.0391236172170439,28.06,28.47,28.88,0.22473919799804684,25.0,768,720.6500244140625
SPY,SPY,2026-05-08,0.010958904109589041,C,694.0,-0.037681655900142705,27.14,27.5,28.13,0.2205888488769531,87.0,587,720.6500244140625
SPY,SPY,2026-05-08,0.010958904109589041,C,695.0,-0.036241770842155026,26.18,26.55,27.9,0.21753712158203126,342.0,1713,720.6500244140625
SPY,SPY,2026-05-08,0.010958904109589041,C,696.0,-0.03480395607252757,25.22,25.59,26.89,0.21363091064453127,29.0,309,720.6500244140625
SPY,SPY,2026-05-08,0.010958904109589041,C,697.0,-0.03336820564642329,24.31,24.64,26.18,0.21009090698242186,22.0,659,720.6500244140625
SPY,SPY,2026-05-08,0.010958904109589041,C,698.0,-0.03193451364457465,23.33,23.69,24.87,0.20642883422851557,31.0,491,720.6500244140625
SPY,SPY,2026-05-08,0.010958904109589041,C,699.0,-0.03050287417313693,22.39,22.75,24.41,0.20313296874999998,12.0,449,720.6500244140625
SPY,SPY,2026-05-08,0.010958904109589041,C,700.0,-0.029073281363542466,21.37,21.92,21.8,0.20520814331054685,689.0,3298,720.6500244140625
SPY,SPY,2026-05-08,0.010958904109589041,C,701.0,-0.02764572937235711,20.57,20.88,21.32,0.19617503051757812,1115.0,1591,720.6500244140625
SPY,SPY,2026-05-08,0.010958904109589041,C,702.0,-0.026220212381136036,19.68,19.97,20.49,0.19361157958984376,1124.0,774,720.6500244140625
SPY,SPY,2026-05-08,0.010958904109589041,C,703.0,-0.024796724596282314,18.69,19.04,18.77,0.18970536865234378,233.0,1119,720.6500244140625
SPY,SPY,2026-05-08,0.010958904109589041,C,704.0,-0.02337526024890477,17.8,18.15,18.66,0.1873250213623047,83.0,1000,720.6500244140625
SPY,SPY,2026-05-08,0.010958904109589041,C,705.0,-0.021955813594678467,17.0,17.14,17.73,0.17945156494140624,620.0,24221,720.6500244140625
SPY,SPY,2026-05-08,0.010958904109589041,C,706.0,-0.02053837891370511,16.0,16.37,16.84,0.18140467041015623,280.0,955,720.6500244140625
SPY,SPY,2026-05-08,0.010958904109589041,C,707.0,-0.01912295051037438,15.17,15.5,16.96,0.178719150390625,2281.0,806,720.6500244140625
SPY,SPY,2026-05-08,0.010958904109589041,C,708.0,-0.01770952271322744,14.31,14.61,15.02,0.174812939453125,3086.0,1728,720.6500244140625
SPY,SPY,2026-05-08,0.010958904109589041,C,709.0,-0.016298089874819656,13.46,13.76,13.6,0.17206638488769532,7331.0,793,720.6500244140625
SPY,SPY,2026-05-08,0.010958904109589041,C,710.0,-0.014888646371586113,12.68,12.83,12.65,0.1660849993896485,8569.0,8882,720.6500244140625
SPY,SPY,2026-05-08,0.010958904109589041,C,711.0,-0.013481186603706294,11.79,12.09,11.88,0.16620706848144534,535.0,3422,720.6500244140625
SPY,SPY,2026-05-08,0.010958904109589041,C,712.0,-0.012075704994971355,10.99,11.26,11.19,0.16272809936523439,7447.0,3378,720.6500244140625
SPY,SPY,2026-05-08,0.010958904109589041,C,713.0,-0.01067219599265125,10.17,10.48,11.02,0.1603477520751953,881.0,2167,720.6500244140625
SPY,SPY,2026-05-08,0.010958904109589041,C,714.0,-0.009270654067362752,9.48,9.66,10.12,0.15619740295410156,337.0,14780,720.6500244140625
SPY,SPY,2026-05-08,0.010958904109589041,C,715.0,-0.007871073712939547,8.78,8.9,8.74,0.15332877929687502,4684.0,7811,720.6500244140625
SPY,SPY,2026-05-08,0.010958904109589041,C,716.0,-0.006473449446301539,7.94,8.26,8.35,0.1532677447509766,711.0,2561,720.6500244140625
SPY,SPY,2026-05-08,0.010958904109589041,C,717.0,-0.0050777758073268595,7.22,7.54,7.45,0.15021601745605473,1081.0,2274,720.6500244140625
SPY,SPY,2026-05-08,0.010958904109589041,C,718.0,-0.0036840473587229877,6.66,6.79,6.69,0.1456994610595703,1796.0,22671,720.6500244140625
SPY,SPY,2026-05-08,0.010958904109589041,C,719.0,-0.002292258685900434,5.92,6.19,6.15,0.14460083923339845,632.0,3507,720.6500244140625
SPY,SPY,2026-05-08,0.010958904109589041,C,720.0,-0.0009024043968461908,5.42,5.46,5.44,0.13916876464843753,5064.0,7042,720.6500244140625
SPY,SPY,2026-05-08,0.010958904109589041,C,721.0,0.00048552087800193773,4.83,4.86,4.87,0.13648324462890626,12741.0,1510,720.6500244140625
SPY,SPY,2026-05-08,0.010958904109589041,C,722.0,0.001871522485879028,4.28,4.31,4.29,0.13428600097656251,34428.0,2023,720.6500244140625
SPY,SPY,2026-05-08,0.010958904109589041,C,723.0,0.003255605751817422,3.75,3.78,3.81,0.13175306732177733,37825.0,4217,720.6500244140625
SPY,SPY,2026-05-08,0.010958904109589041,C,724.0,0.0046377759787692594,3.27,3.3,3.3,0.12964737548828126,26005.0,2067,720.6500244140625
SPY,SPY,2026-05-08,0.010958904109589041,C,725.0,0.006018038447727607,2.82,2.85,2.84,0.12732806274414063,20102.0,6905,720.6500244140625
SPY,SPY,2026-05-08,0.010958904109589041,C,726.0,0.007396398417848856,2.41,2.44,2.45,0.1251918536376953,10493.0,7168,720.6500244140625
SPY,SPY,2026-05-08,0.010958904109589041,C,727.0,0.00877286112657229,2.05,2.07,2.05,0.12311667907714845,3318.0,2456,720.6500244140625
SPY,SPY,2026-05-08,0.010958904109589041,C,728.0,0.010147431789738832,1.72,1.74,1.72,0.12116357360839844,5291.0,2656,720.6500244140625
SPY,SPY,2026-05-08,0.010958904109589041,C,729.0,0.011520115601710948,1.43,1.45,1.43,0.11939357177734375,2976.0,1403,720.6500244140625
SPY,SPY,2026-05-08,0.010958904109589041,C,730.0,0.01289091773548955,1.18,1.2,1.18,0.11792874267578124,10732.0,5954,720.6500244140625
SPY,SPY,2026-05-08,0.010958904109589041,C,731.0,0.014259843342831396,0.95,0.97,0.96,0.1159146026611328,4730.0,861,720.6500244140625
SPY,SPY,2026-05-08,0.010958904109589041,C,732.0,0.01562689755436439,0.76,0.78,0.76,0.11426666992187501,2907.0,811,720.6500244140625
SPY,SPY,2026-05-08,0.010958904109589041,C,733.0,0.01699208547970426,0.6,0.62,0.61,0.1128018408203125,1804.0,888,720.6500244140625
SPY,SPY,2026-05-08,0.010958904109589041,C,734.0,0.018355412207568506,0.47,0.48,0.48,0.11084873535156249,1847.0,640,720.6500244140625
SPY,SPY,2026-05-08,0.010958904109589041,C,735.0,0.019716882805889537,0.36,0.37,0.36,0.10938390625,5888.0,4826,720.6500244140625
SPY,SPY,2026-05-08,0.010958904109589041,C,736.0,0.021076502321929036,0.27,0.28,0.27,0.1079190771484375,1783.0,828,720.6500244140625
SPY,SPY,2026-05-08,0.010958904109589041,C,737.0,0.02243427578238934,0.2,0.21,0.2,0.10669838623046876,3619.0,1059,720.6500244140625
SPY,SPY,2026-05-08,0.010958904109589041,C,738.0,0.02379020819352539,0.15,0.16,0.15,0.10596597167968749,1749.0,1214,720.6500244140625
SPY,SPY,2026-05-08,0.010958904109589041,C,739.0,0.025144304541254606,0.11,0.12,0.11,0.10523355712890625,2800.0,1272,720.6500244140625
SPY,SPY,2026-05-08,0.010958904109589041,C,740.0,0.02649656979126821,0.09,0.1,0.09,0.10669838623046876,8443.0,4162,720.6500244140625
SPY,SPY,2026-05-08,0.010958904109589041,C,741.0,0.02784700888913981,0.07,0.08,0.06,0.10743080078125,1051.0,1187,720.6500244140625
SPY,SPY,2026-05-08,0.010958904109589041,C,742.0,0.02919562676043331,0.05,0.06,0.05,0.1069425244140625,646.0,1222,720.6500244140625
SPY,SPY,2026-05-08,0.010958904109589041,C,743.0,0.030542428310811966,0.04,0.05,0.04,0.108407353515625,629.0,512,720.6500244140625
SPY,SPY,2026-05-08,0.010958904109589041,C,744.0,0.031887418426144606,0.03,0.04,0.03,0.10938390625,776.0,702,720.6500244140625
SPY,SPY,2026-05-08,0.010958904109589041,C,745.0,0.033230601972612406,0.03,0.04,0.03,0.1132901171875,1242.0,3696,720.6500244140625
SPY,SPY,2026-05-08,0.010958904109589041,C,746.0,0.034571983796813685,0.02,0.03,0.02,0.1132901171875,624.0,317,720.6500244140625
SPY,SPY,2026-05-08,0.010958904109589041,C,747.0,0.03591156872587008,0.02,0.03,0.02,0.117196328125,459.0,265,720.6500244140625
SPY,SPY,2026-05-08,0.010958904109589041,C,748.0,0.03724936156753016,0.02,0.03,0.02,0.12012598632812499,927.0,482,720.6500244140625
SPY,SPY,2026-05-08,0.010958904109589041,C,749.0,0.03858536711027234,0.02,0.03,0.02,0.124032197265625,904.0,508,720.6500244140625
SPY,SPY,2026-05-08,0.010958904109589041,C,750.0,0.03991959012340893,0.01,0.02,0.02,0.12207909179687501,2863.0,3556,720.6500244140625
SPY,SPY,2026-05-08,0.010958904109589041,C,755.0,0.046564132842077624,0.01,0.02,0.03,0.14063359375,194.0,1520,720.6500244140625
SPY,SPY,2026-05-08,0.010958904109589041,C,760.0,0.053164816873429596,0.0,0.01,0.01,0.148446015625,2137.0,786,720.6500244140625
SPY,SPY,2026-05-08,0.010958904109589041,C,765.0,0.05972221741958858,0.0,0.01,0.01,0.16407085937500002,96.0,368,720.6500244140625
SPY,SPY,2026-05-08,0.010958904109589041,C,770.0,0.0662368984407824,0.0,0.01,0.01,0.179695703125,3894.0,511,720.6500244140625
SPY,SPY,2026-05-08,0.010958904109589041,C,775.0,0.07270941294639977,0.0,0.01,0.01,0.195320546875,235.0,515,720.6500244140625
SPY,SPY,2026-05-08,0.010958904109589041,C,780.0,0.07914030327669032,0.0,0.01,0.01,0.21094539062499998,261.0,560,720.6500244140625
SPY,SPY,2026-05-08,0.010958904109589041,C,785.0,0.08553010137546123,0.0,0.01,0.01,0.22657023437499998,3.0,439,720.6500244140625
SPY,SPY,2026-05-08,0.010958904109589041,C,790.0,0.09187932905412009,0.0,0.01,0.01,0.242195078125,2.0,838,720.6500244140625
SPY,SPY,2026-05-08,0.010958904109589041,C,795.0,0.09818849824738474,0.0,0.01,0.01,0.257819921875,940.0,1065,720.6500244140625
SPY,SPY,2026-05-08,0.010958904109589041,C,800.0,0.10445811126098005,0.0,0.01,0.01,0.273444765625,10.0,389,720.6500244140625
SPY,SPY,2026-05-08,0.010958904109589041,C,805.0,0.11068866101161623,0.0,0.01,0.01,0.28516339843749994,84.0,252,720.6500244140625
SPY,SPY,2026-05-08,0.010958904109589041,C,810.0,0.11688063125953722,0.0,0.01,0.01,0.3007882421875,6.0,592,720.6500244140625
SPY,SPY,2026-05-08,0.010958904109589041,C,815.0,0.1230344968339156,0.0,0.01,0.02,0.31250687499999996,19.0,400,720.6500244140625
SPY,SPY,2026-05-08,0.010958904109589041,C,820.0,0.1291507238513516,0.0,0.01,0.01,0.32813171874999997,30.0,274,720.6500244140625
SPY,SPY,2026-05-08,0.010958904109589041,C,825.0,0.1352297699277339,0.0,0.01,0.02,0.3437565625,4.0,14,720.6500244140625
SPY,SPY,2026-05-08,0.010958904109589041,C,830.0,0.14127208438369646,0.0,0.01,0.02,0.35938140625,12.0,12,720.6500244140625
SPY,SPY,2026-05-08,0.010958904109589041,C,835.0,0.14727810844390823,0.0,0.01,0.01,0.3711000390625,,14,720.6500244140625
SPY,SPY,2026-05-08,0.010958904109589041,C,840.0,0.15324827543041217,0.0,0.01,0.01,0.38281867187499996,,60,720.6500244140625
SPY,SPY,2026-05-08,0.010958904109589041,C,850.0,0.16508273307741503,0.0,0.01,0.02,0.414068359375,386.0,388,720.6500244140625
SPY,SPY,2026-05-08,0.010958904109589041,C,865.0,0.18257589052493214,0.0,0.01,0.01,0.45313046875,4.0,4,720.6500244140625
SPY,SPY,2026-05-08,0.010958904109589041,C,900.0,0.22224114691736357,0.0,0.01,0.01,0.51562984375,998.0,982,720.6500244140625
SPY,SPY,2026-05-08,0.010958904109589041,P,400.0,-0.5886890692989653,0.0,0.01,0.01,1.3125034374999998,6.0,1383,720.6500244140625
SPY,SPY,2026-05-08,0.010958904109589041,P,405.0,-0.5762665493004081,0.0,0.01,0.01,1.2812535937499998,203.0,1178,720.6500244140625
SPY,SPY,2026-05-08,0.010958904109589041,P,410.0,-0.5639964567085937,0.0,0.01,0.01,1.2500037499999999,45.0,348,720.6500244140625
SPY,SPY,2026-05-08,0.010958904109589041,P,415.0,-0.5518750961762489,0.0,0.01,0.01,1.21875390625,2.0,3,720.6500244140625
SPY,SPY,2026-05-08,0.010958904109589041,P,420.0,-0.5398989051295332,0.0,0.01,0.01,1.1875040625,5.0,545,720.6500244140625
SPY,SPY,2026-05-08,0.010958904109589041,P,425.0,-0.5280644474825302,0.0,0.01,0.01,1.1875040625,6.0,865,720.6500244140625
SPY,SPY,2026-05-08,0.010958904109589041,P,430.0,-0.516368407719339,0.0,0.01,0.01,1.15625421875,10.0,370,720.6500244140625
SPY,SPY,2026-05-08,0.010958904109589041,P,435.0,-0.5048075853182632,0.0,0.01,0.01,1.125004375,6.0,347,720.6500244140625
SPY,SPY,2026-05-08,0.010958904109589041,P,440.0,-0.49337888949464037,0.0,0.01,0.01,1.09375453125,830.0,1937,720.6500244140625
SPY,SPY,2026-05-08,0.010958904109589041,P,445.0,-0.482079334240707,0.0,0.01,0.01,1.09375453125,70.0,1394,720.6500244140625
SPY,SPY,2026-05-08,0.010958904109589041,P,450.0,-0.4709060336425817,0.0,0.01,0.01,1.0625046875000002,80.0,545,720.6500244140625
SPY,SPY,2026-05-08,0.010958904109589041,P,455.0,-0.4598561974559967,0.0,0.01,0.02,1.0312548437500002,104.0,573,720.6500244140625
SPY,SPY,2026-05-08,0.010958904109589041,P,460.0,-0.44892712692380643,0.0,0.01,0.01,1.000005,9.0,546,720.6500244140625
SPY,SPY,2026-05-08,0.010958904109589041,P,465.0,-0.4381162108195908,0.0,0.01,0.03,0.98437515625,73.0,175,720.6500244140625
SPY,SPY,2026-05-08,0.010958904109589041,P,470.0,-0.42742092170284296,0.0,0.01,0.02,0.9687503125,14.0,306,720.6500244140625
SPY,SPY,2026-05-08,0.010958904109589041,P,475.0,-0.416838812372306,0.0,0.01,0.01,0.937500625,30.0,195,720.6500244140625
SPY,SPY,2026-05-08,0.010958904109589041,P,480.0,-0.4063675125050106,0.0,0.01,0.01,0.9062509375,20.0,1502,720.6500244140625
SPY,SPY,2026-05-08,0.010958904109589041,P,485.0,-0.39600472546946397,0.0,0.01,0.01,0.9062509375,9.0,653,720.6500244140625
SPY,SPY,2026-05-08,0.010958904109589041,P,490.0,-0.3857482253022748,0.0,0.01,0.01,0.87500125,200.0,602,720.6500244140625
SPY,SPY,2026-05-08,0.010958904109589041,P,495.0,-0.37559585383825683,0.0,0.01,0.01,0.8437515624999999,1117.0,1125,720.6500244140625
SPY,SPY,2026-05-08,0.010958904109589041,P,500.0,-0.3655455179847554,0.0,0.01,0.01,0.8281267187499999,148.0,1110,720.6500244140625
SPY,SPY,2026-05-08,0.010958904109589041,P,505.0,-0.3555951871315874,0.0,0.01,0.01,0.8125018749999999,934.0,1022,720.6500244140625
SPY,SPY,2026-05-08,0.010958904109589041,P,510.0,-0.3457428906885758,0.0,0.01,0.01,0.7812521875,8.0,378,720.6500244140625
SPY,SPY,2026-05-08,0.010958904109589041,P,515.0,-0.33598671574321104,0.0,0.01,0.01,0.7656273437500001,44.0,1184,720.6500244140625
SPY,SPY,2026-05-08,0.010958904109589041,P,520.0,-0.32632480483147414,0.0,0.01,0.02,0.7500025,1.0,955,720.6500244140625
SPY,SPY,2026-05-08,0.010958904109589041,P,525.0,-0.3167553538153234,0.0,0.01,0.02,0.7187528125,307.0,1649,720.6500244140625
SPY,SPY,2026-05-08,0.010958904109589041,P,530.0,-0.3072766098607796,0.0,0.01,0.01,0.70312796875,1.0,2130,720.6500244140625
SPY,SPY,2026-05-08,0.010958904109589041,P,535.0,-0.29788686951094057,0.0,0.01,0.01,0.6875031250000001,1.0,500,720.6500244140625
SPY,SPY,2026-05-08,0.010958904109589041,P,540.0,-0.28858447684862715,0.0,0.01,0.01,0.6562534375000001,131.0,1019,720.6500244140625
SPY,SPY,2026-05-08,0.010958904109589041,P,545.0,-0.2793678217437031,0.0,0.01,0.01,0.64062859375,1.0,2682,720.6500244140625
SPY,SPY,2026-05-08,0.010958904109589041,P,550.0,-0.27023533818043055,0.0,0.01,0.01,0.6250037500000001,3.0,1573,720.6500244140625
SPY,SPY,2026-05-08,0.010958904109589041,P,555.0,-0.26118550266051266,0.0,0.01,0.01,0.6093789062500001,23.0,527,720.6500244140625
SPY,SPY,2026-05-08,0.010958904109589041,P,560.0,-0.25221683267775225,0.0,0.01,0.01,0.5937540625000001,77.0,550,720.6500244140625
SPY,SPY,2026-05-08,0.010958904109589041,P,565.0,-0.24332788526050617,0.0,0.01,0.01,0.5625043750000001,2155.0,1065,720.6500244140625
SPY,SPY,2026-05-08,0.010958904109589041,P,570.0,-0.23451725557835126,0.0,0.02,0.01,0.57812921875,1319.0,710,720.6500244140625
SPY,SPY,2026-05-08,0.010958904109589041,P,575.0,-0.22578357560959678,0.01,0.02,0.01,0.57812921875,3.0,2346,720.6500244140625
SPY,SPY,2026-05-08,0.010958904109589041,P,580.0,-0.21712551286648218,0.01,0.02,0.02,0.5546919531250001,8.0,2812,720.6500244140625
SPY,SPY,2026-05-08,0.010958904109589041,P,585.0,-0.20854176917509068,0.01,0.02,0.01,0.5351608984375,3.0,2061,720.6500244140625
SPY,SPY,2026-05-08,0.010958904109589041,P,590.0,-0.20003107950718202,0.01,0.02,0.01,0.51562984375,14.0,3578,720.6500244140625
SPY,SPY,2026-05-08,0.010958904109589041,P,595.0,-0.1915922108613174,0.01,0.02,0.01,0.507817421875,90.0,951,720.6500244140625
SPY,SPY,2026-05-08,0.010958904109589041,P,600.0,-0.18322396119080075,0.01,0.02,0.01,0.48828636718750007,22.0,6764,720.6500244140625
SPY,SPY,2026-05-08,0.010958904109589041,P,601.0,-0.18155868187173962,0.01,0.02,0.02,0.48438015625,5.0,281,720.6500244140625
SPY,SPY,2026-05-08,0.010958904109589041,P,602.0,-0.1798961710981261,0.01,0.02,0.05,0.4804739453125,5.0,278,720.6500244140625
SPY,SPY,2026-05-08,0.010958904109589041,P,603.0,-0.17823641967976178,0.01,0.02,0.01,0.476567734375,38.0,820,720.6500244140625
SPY,SPY,2026-05-08,0.010958904109589041,P,604.0,-0.1765794184721322,0.01,0.02,0.03,0.4726615234375,60.0,1521,720.6500244140625
SPY,SPY,2026-05-08,0.010958904109589041,P,605.0,-0.17492515837610578,0.01,0.02,0.03,0.4687553125,31.0,2474,720.6500244140625
SPY,SPY,2026-05-08,0.010958904109589041,P,606.0,-0.1732736303376327,0.01,0.02,0.02,0.46484910156250003,51.0,999,720.6500244140625
SPY,SPY,2026-05-08,0.010958904109589041,P,607.0,-0.17162482534744886,0.01,0.02,0.02,0.46094289062500005,100.0,368,720.6500244140625
SPY,SPY,2026-05-08,0.010958904109589041,P,608.0,-0.16997873444078018,0.01,0.02,0.02,0.45313046875,3001.0,171,720.6500244140625
SPY,SPY,2026-05-08,0.010958904109589041,P,609.0,-0.1683353486970501,0.01,0.02,0.02,0.44922425781249997,3067.0,388,720.6500244140625
SPY,SPY,2026-05-08,0.010958904109589041,P,610.0,-0.1666946592395903,0.01,0.02,0.02,0.445318046875,204.0,1596,720.6500244140625
SPY,SPY,2026-05-08,0.010958904109589041,P,611.0,-0.16505665723535184,0.01,0.02,0.02,0.4414118359375,26.0,158,720.6500244140625
SPY,SPY,2026-05-08,0.010958904109589041,P,612.0,-0.16342133389462116,0.01,0.02,0.08,0.437505625,1.0,361,720.6500244140625
SPY,SPY,2026-05-08,0.010958904109589041,P,613.0,-0.16178868047073577,0.01,0.02,0.01,0.4335994140625,215.0,312,720.6500244140625
SPY,SPY,2026-05-08,0.010958904109589041,P,614.0,-0.16015868825980464,0.01,0.02,0.02,0.42969320312500003,245.0,405,720.6500244140625
SPY,SPY,2026-05-08,0.010958904109589041,P,615.0,-0.15853134860042933,0.01,0.03,0.02,0.44336494140625,76.0,2209,720.6500244140625
SPY,SPY,2026-05-08,0.010958904109589041,P,616.0,-0.15690665287342737,0.01,0.02,0.02,0.42188078125,8.0,727,720.6500244140625
SPY,SPY,2026-05-08,0.010958904109589041,P,617.0,-0.1552845925015594,0.02,0.03,0.03,0.43555251953125,1328.0,1590,720.6500244140625
SPY,SPY,2026-05-08,0.010958904109589041,P,618.0,-0.1536651589492564,0.02,0.03,0.03,0.43164630859375,10.0,343,720.6500244140625
SPY,SPY,2026-05-08,0.010958904109589041,P,619.0,-0.15204834372235113,0.02,0.03,0.05,0.42578699218750005,2.0,356,720.6500244140625
SPY,SPY,2026-05-08,0.010958904109589041,P,620.0,-0.15043413836780994,0.02,0.03,0.02,0.42188078125,401.0,15758,720.6500244140625
SPY,SPY,2026-05-08,0.010958904109589041,P,621.0,-0.14882253447346835,0.02,0.03,0.02,0.41797457031249996,1.0,296,720.6500244140625
SPY,SPY,2026-05-08,0.010958904109589041,P,622.0,-0.14721352366776774,0.02,0.03,0.04,0.414068359375,204.0,734,720.6500244140625
SPY,SPY,2026-05-08,0.010958904109589041,P,623.0,-0.145607097619494,0.02,0.03,0.03,0.4101621484375,123.0,538,720.6500244140625
SPY,SPY,2026-05-08,0.010958904109589041,P,624.0,-0.14400324803751954,0.02,0.03,0.05,0.4062559375,1.0,394,720.6500244140625
SPY,SPY,2026-05-08,0.010958904109589041,P,625.0,-0.14240196667054567,0.02,0.03,0.03,0.4023497265625,6.0,1561,720.6500244140625
SPY,SPY,2026-05-08,0.010958904109589041,P,626.0,-0.1408032453068487,0.02,0.03,0.03,0.398443515625,1139.0,420,720.6500244140625
SPY,SPY,2026-05-08,0.010958904109589041,P,627.0,-0.13920707577402647,0.02,0.03,0.02,0.39453730468750003,1117.0,573,720.6500244140625
SPY,SPY,2026-05-08,0.010958904109589041,P,628.0,-0.13761344993874844,0.02,0.03,0.02,0.39063109375,124.0,388,720.6500244140625
SPY,SPY,2026-05-08,0.010958904109589041,P,629.0,-0.13602235970650667,0.02,0.03,0.03,0.38672488281249995,63.0,195,720.6500244140625
SPY,SPY,2026-05-08,0.010958904109589041,P,630.0,-0.13443379702136876,0.02,0.03,0.04,0.38281867187499996,574.0,10839,720.6500244140625
SPY,SPY,2026-05-08,0.010958904109589041,P,631.0,-0.13284775386573405,0.02,0.03,0.03,0.3789124609375,587.0,399,720.6500244140625
SPY,SPY,2026-05-08,0.010958904109589041,P,632.0,-0.13126422226008974,0.02,0.03,0.03,0.37305314453125,97.0,336,720.6500244140625
SPY,SPY,2026-05-08,0.010958904109589041,P,633.0,-0.12968319426277103,0.02,0.03,0.02,0.36914693359375,9.0,238,720.6500244140625
SPY,SPY,2026-05-08,0.010958904109589041,P,634.0,-0.12810466196972126,0.02,0.03,0.02,0.36524072265625,5.0,1162,720.6500244140625
SPY,SPY,2026-05-08,0.010958904109589041,P,635.0,-0.12652861751425548,0.02,0.03,0.02,0.36133451171875,42.0,5546,720.6500244140625
SPY,SPY,2026-05-08,0.010958904109589041,P,636.0,-0.12495505306682504,0.02,0.04,0.04,0.367193828125,1.0,530,720.6500244140625
SPY,SPY,2026-05-08,0.010958904109589041,P,637.0,-0.1233839608347838,0.03,0.04,0.03,0.3632876171875,36.0,9246,720.6500244140625
SPY,SPY,2026-05-08,0.010958904109589041,P,638.0,-0.12181533306215733,0.03,0.04,0.03,0.35938140625,723.0,431,720.6500244140625
SPY,SPY,2026-05-08,0.010958904109589041,P,639.0,-0.12024916202941235,0.03,0.04,0.04,0.35547519531249994,726.0,207,720.6500244140625
SPY,SPY,2026-05-08,0.010958904109589041,P,640.0,-0.11868544005322969,0.03,0.04,0.04,0.35156898437499995,364.0,2450,720.6500244140625
SPY,SPY,2026-05-08,0.010958904109589041,P,641.0,-0.11712415948627714,0.03,0.04,0.04,0.34766277343749996,82.0,1049,720.6500244140625
SPY,SPY,2026-05-08,0.010958904109589041,P,642.0,-0.11556531271698595,0.03,0.04,0.02,0.3437565625,42.0,440,720.6500244140625
SPY,SPY,2026-05-08,0.010958904109589041,P,643.0,-0.1140088921693278,0.03,0.04,0.04,0.33887379882812496,2.0,652,720.6500244140625
SPY,SPY,2026-05-08,0.010958904109589041,P,644.0,-0.11245489030259352,0.03,0.04,0.02,0.33399103515625,28.0,411,720.6500244140625
SPY,SPY,2026-05-08,0.010958904109589041,P,645.0,-0.11090329961117472,0.03,0.04,0.03,0.33008482421874996,89.0,1405,720.6500244140625
SPY,SPY,2026-05-08,0.010958904109589041,P,646.0,-0.1093541126243453,0.03,0.04,0.06,0.32617861328125,37.0,4128,720.6500244140625
SPY,SPY,2026-05-08,0.010958904109589041,P,647.0,-0.10780732190604667,0.03,0.05,0.04,0.33008482421874996,71.0,749,720.6500244140625
SPY,SPY,2026-05-08,0.010958904109589041,P,648.0,-0.10626292005467249,0.04,0.05,0.04,0.32617861328125,19.0,417,720.6500244140625
SPY,SPY,2026-05-08,0.010958904109589041,P,649.0,-0.10472089970285713,0.04,0.05,0.04,0.32227240234374993,15.0,483,720.6500244140625
SPY,SPY,2026-05-08,0.010958904109589041,P,650.0,-0.1031812535172644,0.04,0.05,0.05,0.317389638671875,1002.0,6172,720.6500244140625
SPY,SPY,2026-05-08,0.010958904109589041,P,651.0,-0.1016439741983779,0.04,0.05,0.05,0.31250687499999996,56.0,852,720.6500244140625
SPY,SPY,2026-05-08,0.010958904109589041,P,652.0,-0.10010905448029425,0.04,0.05,0.06,0.3086006640625,7.0,599,720.6500244140625
SPY,SPY,2026-05-08,0.010958904109589041,P,653.0,-0.09857648713051609,0.04,0.05,0.05,0.304694453125,13.0,1197,720.6500244140625
SPY,SPY,2026-05-08,0.010958904109589041,P,654.0,-0.09704626494974852,0.04,0.06,0.07,0.30664755859375,5.0,605,720.6500244140625
SPY,SPY,2026-05-08,0.010958904109589041,P,655.0,-0.09551838077169525,0.05,0.06,0.05,0.30274134765625,160.0,7726,720.6500244140625
SPY,SPY,2026-05-08,0.010958904109589041,P,656.0,-0.09399282746285807,0.05,0.06,0.06,0.29883513671874995,47.0,859,720.6500244140625
SPY,SPY,2026-05-08,0.010958904109589041,P,657.0,-0.09246959792233668,0.05,0.06,0.06,0.29395237304687494,21.0,741,720.6500244140625
SPY,SPY,2026-05-08,0.010958904109589041,P,658.0,-0.09094868508162994,0.05,0.06,0.05,0.29004616210937495,84.0,2634,720.6500244140625
SPY,SPY,2026-05-08,0.010958904109589041,P,659.0,-0.08943008190443999,0.06,0.07,0.05,0.2910227148437499,7.0,1344,720.6500244140625
SPY,SPY,2026-05-08,0.010958904109589041,P,660.0,-0.08791378138647593,0.06,0.07,0.04,0.28613995117187496,366.0,6722,720.6500244140625
SPY,SPY,2026-05-08,0.010958904109589041,P,661.0,-0.08639977655526093,0.06,0.07,0.04,0.282233740234375,81.0,1588,720.6500244140625
SPY,SPY,2026-05-08,0.010958904109589041,P,662.0,-0.08488806046993896,0.06,0.07,0.05,0.27735097656249996,54.0,663,720.6500244140625
SPY,SPY,2026-05-08,0.010958904109589041,P,663.0,-0.0833786262210846,0.07,0.08,0.07,0.2778392529296875,98.0,718,720.6500244140625
SPY,SPY,2026-05-08,0.010958904109589041,P,664.0,-0.08187146693051334,0.07,0.08,0.06,0.273444765625,9.0,1379,720.6500244140625
SPY,SPY,2026-05-08,0.010958904109589041,P,665.0,-0.080366575751093,0.07,0.08,0.08,0.2690502783203125,219.0,15215,720.6500244140625
SPY,SPY,2026-05-08,0.010958904109589041,P,666.0,-0.07886394586655807,0.08,0.09,0.08,0.26856200195312496,522.0,4190,720.6500244140625
SPY,SPY,2026-05-08,0.010958904109589041,P,667.0,-0.07736357049132343,0.08,0.09,0.07,0.26416751464843746,330.0,604,720.6500244140625
SPY,SPY,2026-05-08,0.010958904109589041,P,668.0,-0.0758654428703015,0.09,0.1,0.1,0.26319096191406255,470.0,4341,720.6500244140625
SPY,SPY,2026-05-08,0.010958904109589041,P,669.0,-0.07436955627871872,0.09,0.1,0.09,0.25879647460937505,107.0,1087,720.6500244140625
SPY,SPY,2026-05-08,0.010958904109589041,P,670.0,-0.07287590402193538,0.1,0.11,0.1,0.257819921875,3212.0,7483,720.6500244140625
SPY,SPY,2026-05-08,0.010958904109589041,P,671.0,-0.0713844794352654,0.1,0.11,0.11,0.252937158203125,999.0,12174,720.6500244140625
SPY,SPY,2026-05-08,0.010958904109589041,P,672.0,-0.0698952758837976,0.11,0.12,0.1,0.2514723291015625,37.0,744,720.6500244140625
SPY,SPY,2026-05-08,0.010958904109589041,P,673.0,-0.0684082867622194,0.11,0.12,0.11,0.247077841796875,416.0,431,720.6500244140625
SPY,SPY,2026-05-08,0.010958904109589041,P,674.0,-0.06692350549464011,0.12,0.13,0.11,0.245124736328125,286.0,1274,720.6500244140625
SPY,SPY,2026-05-08,0.010958904109589041,P,675.0,-0.0654409255344174,0.13,0.14,0.14,0.24268335449218748,1616.0,6613,720.6500244140625
SPY,SPY,2026-05-08,0.010958904109589041,P,676.0,-0.06396054036398308,0.14,0.15,0.1,0.24073024902343748,350.0,2955,720.6500244140625
SPY,SPY,2026-05-08,0.010958904109589041,P,677.0,-0.062482343494672125,0.14,0.16,0.13,0.23828886718749998,5491.0,1154,720.6500244140625
SPY,SPY,2026-05-08,0.010958904109589041,P,678.0,-0.06100632846655162,0.15,0.17,0.14,0.2356033471679687,133.0,2395,720.6500244140625
SPY,SPY,2026-05-08,0.010958904109589041,P,679.0,-0.05953248884825101,0.16,0.18,0.15,0.2329178271484375,339.0,3602,720.6500244140625
SPY,SPY,2026-05-08,0.010958904109589041,P,680.0,-0.05806081823679482,0.17,0.19,0.17,0.2299881689453125,2530.0,29954,720.6500244140625
SPY,SPY,2026-05-08,0.010958904109589041,P,681.0,-0.05659131025743479,0.18,0.2,0.2,0.22705851074218747,480.0,934,720.6500244140625
SPY,SPY,2026-05-08,0.010958904109589041,P,682.0,-0.05512395856348512,0.2,0.21,0.18,0.22364057617187497,143.0,1409,720.6500244140625
SPY,SPY,2026-05-08,0.010958904109589041,P,683.0,-0.05365875683615711,0.21,0.22,0.21,0.22046677978515622,205.0,5459,720.6500244140625
SPY,SPY,2026-05-08,0.010958904109589041,P,684.0,-0.05219569878439666,0.23,0.24,0.24,0.21875781249999998,310.0,1794,720.6500244140625
SPY,SPY,2026-05-08,0.010958904109589041,P,685.0,-0.050734778144721895,0.24,0.25,0.24,0.21509573974609375,6370.0,91225,720.6500244140625
SPY,SPY,2026-05-08,0.010958904109589041,P,686.0,-0.049275988681061915,0.26,0.27,0.27,0.21289849609375,1619.0,3060,720.6500244140625
SPY,SPY,2026-05-08,0.010958904109589041,P,687.0,-0.04781932418459787,0.28,0.29,0.29,0.2104571142578125,1047.0,7020,720.6500244140625
SPY,SPY,2026-05-08,0.010958904109589041,P,688.0,-0.04636477847360349,0.3,0.31,0.31,0.20777159423828123,455.0,2140,720.6500244140625
SPY,SPY,2026-05-08,0.010958904109589041,P,689.0,-0.04491234539328865,0.32,0.34,0.33,0.20606262695312497,655.0,1454,720.6500244140625
SPY,SPY,2026-05-08,0.010958904109589041,P,690.0,-0.04346201881564211,0.35,0.36,0.36,0.20288883056640622,5380.0,12519,720.6500244140625
SPY,SPY,2026-05-08,0.010958904109589041,P,691.0,-0.04201379263927722,0.37,0.39,0.37,0.20069158691406247,225.0,1353,720.6500244140625
SPY,SPY,2026-05-08,0.010958904109589041,P,692.0,-0.04056766078927762,0.41,0.42,0.4,0.1981281359863281,464.0,973,720.6500244140625
SPY,SPY,2026-05-08,0.010958904109589041,P,693.0,-0.0391236172170439,0.44,0.45,0.44,0.195320546875,1073.0,1975,720.6500244140625
SPY,SPY,2026-05-08,0.010958904109589041,P,694.0,-0.037681655900142705,0.48,0.49,0.49,0.19336744140625,935.0,7781,720.6500244140625
SPY,SPY,2026-05-08,0.010958904109589041,P,695.0,-0.036241770842155026,0.52,0.53,0.53,0.1909260595703125,7351.0,18103,720.6500244140625
SPY,SPY,2026-05-08,0.010958904109589041,P,696.0,-0.03480395607252757,0.56,0.58,0.56,0.1889729541015625,884.0,1293,720.6500244140625
SPY,SPY,2026-05-08,0.010958904109589041,P,697.0,-0.03336820564642329,0.61,0.63,0.61,0.18665364135742188,933.0,2750,720.6500244140625
SPY,SPY,2026-05-08,0.010958904109589041,P,698.0,-0.03193451364457465,0.66,0.68,0.66,0.1840901904296875,2401.0,1425,720.6500244140625
SPY,SPY,2026-05-08,0.010958904109589041,P,699.0,-0.03050287417313693,0.72,0.74,0.74,0.18189294677734374,1172.0,9219,720.6500244140625
SPY,SPY,2026-05-08,0.010958904109589041,P,700.0,-0.029073281363542466,0.78,0.8,0.79,0.17920742675781248,20878.0,74442,720.6500244140625
SPY,SPY,2026-05-08,0.010958904109589041,P,701.0,-0.02764572937235711,0.86,0.88,0.86,0.17749845947265624,1142.0,4230,720.6500244140625
SPY,SPY,2026-05-08,0.010958904109589041,P,702.0,-0.026220212381136036,0.93,0.95,0.93,0.174812939453125,2830.0,3375,720.6500244140625
SPY,SPY,2026-05-08,0.010958904109589041,P,703.0,-0.024796724596282314,1.02,1.04,1.03,0.17273776489257814,6722.0,6589,720.6500244140625
SPY,SPY,2026-05-08,0.010958904109589041,P,704.0,-0.02337526024890477,1.12,1.13,1.1,0.17029638305664066,1617.0,1734,720.6500244140625
SPY,SPY,2026-05-08,0.010958904109589041,P,705.0,-0.021955813594678467,1.22,1.24,1.24,0.16834327758789067,10857.0,6636,720.6500244140625
SPY,SPY,2026-05-08,0.010958904109589041,P,706.0,-0.02053837891370511,1.33,1.35,1.35,0.16596293029785159,1256.0,2635,720.6500244140625
SPY,SPY,2026-05-08,0.010958904109589041,P,707.0,-0.01912295051037438,1.46,1.48,1.47,0.16394879028320314,1691.0,2261,720.6500244140625
SPY,SPY,2026-05-08,0.010958904109589041,P,708.0,-0.01770952271322744,1.59,1.61,1.58,0.16144637390136718,2226.0,1925,720.6500244140625
SPY,SPY,2026-05-08,0.010958904109589041,P,709.0,-0.016298089874819656,1.74,1.77,1.75,0.1596763720703125,1200.0,2490,720.6500244140625
SPY,SPY,2026-05-08,0.010958904109589041,P,710.0,-0.014888646371586113,1.91,1.92,1.92,0.15692981750488283,15445.0,6018,720.6500244140625
SPY,SPY,2026-05-08,0.010958904109589041,P,711.0,-0.013481186603706294,2.08,2.11,2.08,0.1550987811279297,1561.0,3567,720.6500244140625
SPY,SPY,2026-05-08,0.010958904109589041,P,712.0,-0.012075704994971355,2.28,2.3,2.28,0.15265739929199224,3305.0,2894,720.6500244140625
SPY,SPY,2026-05-08,0.010958904109589041,P,713.0,-0.01067219599265125,2.49,2.51,2.48,0.15033808654785158,1788.0,1473,720.6500244140625
SPY,SPY,2026-05-08,0.010958904109589041,P,714.0,-0.009270654067362752,2.72,2.75,2.7,0.14832394653320313,1948.0,2730,720.6500244140625
SPY,SPY,2026-05-08,0.010958904109589041,P,715.0,-0.007871073712939547,2.97,2.98,2.98,0.1453332537841797,7807.0,2897,720.6500244140625
SPY,SPY,2026-05-08,0.010958904109589041,P,716.0,-0.006473449446301539,3.24,3.27,3.24,0.14350221740722657,1694.0,1090,720.6500244140625
SPY,SPY,2026-05-08,0.010958904109589041,P,717.0,-0.0050777758073268595,3.54,3.57,3.54,0.1412439392089844,13072.0,1086,720.6500244140625
SPY,SPY,2026-05-08,0.010958904109589041,P,718.0,-0.0036840473587229877,3.86,3.89,3.83,0.1388025573730469,2986.0,440,720.6500244140625
SPY,SPY,2026-05-08,0.010958904109589041,P,719.0,-0.002292258685900434,4.21,4.25,4.2,0.13666634826660157,2690.0,613,720.6500244140625
SPY,SPY,2026-05-08,0.010958904109589041,P,720.0,-0.0009024043968461908,4.6,4.62,4.58,0.13404186279296876,18999.0,2241,720.6500244140625
SPY,SPY,2026-05-08,0.010958904109589041,P,721.0,0.00048552087800193773,5.01,5.04,5.02,0.13190565368652346,16840.0,743,720.6500244140625
SPY,SPY,2026-05-08,0.010958904109589041,P,722.0,0.001871522485879028,5.46,5.49,5.42,0.12970841003417968,13504.0,874,720.6500244140625
SPY,SPY,2026-05-08,0.010958904109589041,P,723.0,0.003255605751817422,5.88,5.99,5.95,0.127938408203125,8552.0,908,720.6500244140625
SPY,SPY,2026-05-08,0.010958904109589041,P,724.0,0.0046377759787692594,6.34,6.64,6.48,0.1294032373046875,7341.0,842,720.6500244140625
SPY,SPY,2026-05-08,0.010958904109589041,P,725.0,0.006018038447727607,6.91,7.13,7.02,0.12537495727539064,4760.0,522,720.6500244140625
SPY,SPY,2026-05-08,0.010958904109589041,P,726.0,0.007396398417848856,7.46,7.8,7.3,0.12549702636718751,821.0,167,720.6500244140625
SPY,SPY,2026-05-08,0.010958904109589041,P,727.0,0.00877286112657229,8.07,8.51,8.1,0.125985302734375,595.0,26,720.6500244140625
SPY,SPY,2026-05-08,0.010958904109589041,P,728.0,0.010147431789738832,8.75,9.19,8.8,0.1245204736328125,575.0,174,720.6500244140625
SPY,SPY,2026-05-08,0.010958904109589041,P,729.0,0.011520115601710948,9.52,9.85,8.34,0.12122460815429686,127.0,48,720.6500244140625
SPY,SPY,2026-05-08,0.010958904109589041,P,730.0,0.01289091773548955,10.28,10.62,10.36,0.1206142626953125,3894.0,97,720.6500244140625
SPY,SPY,2026-05-08,0.010958904109589041,P,731.0,0.014259843342831396,11.06,11.4,10.69,0.11933253723144531,168.0,5,720.6500244140625
SPY,SPY,2026-05-08,0.010958904109589041,P,732.0,0.01562689755436439,11.9,12.23,10.48,0.11902736450195311,1768.0,10,720.6500244140625
SPY,SPY,2026-05-08,0.010958904109589041,P,733.0,0.01699208547970426,12.49,13.28,12.52,0.1281215118408203,1084.0,15,720.6500244140625
SPY,SPY,2026-05-08,0.010958904109589041,P,734.0,0.018355412207568506,13.45,14.14,13.22,0.12806047729492187,3641.0,5,720.6500244140625
SPY,SPY,2026-05-08,0.010958904109589041,P,735.0,0.019716882805889537,14.44,15.04,14.77,0.12928116821289062,2894.0,4,720.6500244140625
SPY,SPY,2026-05-08,0.010958904109589041,P,736.0,0.021076502321929036,15.13,16.0,12.97,0.13324841369628904,500.0,0,720.6500244140625
SPY,SPY,2026-05-08,0.010958904109589041,P,737.0,0.02243427578238934,16.2,16.97,14.8,0.13758186645507814,50.0,3,720.6500244140625
SPY,SPY,2026-05-08,0.010958904109589041,P,738.0,0.02379020819352539,16.4,19.06,17.19,0.19696847961425779,136.0,0,720.6500244140625
SPY,SPY,2026-05-08,0.010958904109589041,P,739.0,0.025144304541254606,17.4,20.06,16.77,0.2039874523925781,10.0,0,720.6500244140625
SPY,SPY,2026-05-08,0.010958904109589041,P,740.0,0.02649656979126821,18.4,20.25,18.78,0.1720053503417969,293.0,0,720.6500244140625
SPY,SPY,2026-05-08,0.010958904109589041,P,741.0,0.02784700888913981,19.4,22.06,18.24,0.21790332885742186,6.0,0,720.6500244140625
SPY,SPY,2026-05-08,0.010958904109589041,P,743.0,0.030542428310811966,21.27,24.06,21.32,0.231452998046875,1.0,0,720.6500244140625
SPY,SPY,2026-05-08,0.010958904109589041,P,745.0,0.033230601972612406,23.27,26.06,24.25,0.24481956359863283,36.0,6,720.6500244140625
SPY,SPY,2026-05-08,0.010958904109589041,P,750.0,0.03991959012340893,28.27,31.06,29.8,0.2771068383789062,7.0,7,720.6500244140625
SPY,SPY,2026-05-08,0.010958904109589041,P,770.0,0.0662368984407824,48.27,51.06,84.26,0.3963683410644532,,0,720.6500244140625
SPY,SPY,2026-05-08,0.010958904109589041,P,775.0,0.07270941294639977,53.27,56.06,53.01,0.4243221630859375,1.0,0,720.6500244140625
SPY,SPY,2026-05-08,0.010958904109589041,P,780.0,0.07914030327669032,58.27,61.06,72.0,0.45166563964843753,,0,720.6500244140625
SPY,SPY,2026-05-08,0.010958904109589041,P,785.0,0.08553010137546123,63.27,66.06,68.27,0.47839877075195314,,0,720.6500244140625
SPY,SPY,2026-05-08,0.010958904109589041,P,800.0,0.10445811126098005,78.27,81.07,78.83,0.5564009204101563,1.0,0,720.6500244140625
SPY,SPY,2026-05-08,0.010958904109589041,P,815.0,0.1230344968339156,93.27,96.07,100.62,0.6301306518554688,4.0,0,720.6500244140625
SPY,SPY,2026-05-08,0.010958904109589041,P,825.0,0.1352297699277339,103.27,106.06,131.51,0.5009815527343751,,0,720.6500244140625
SPY,SPY,2026-05-08,0.010958904109589041,P,840.0,0.15324827543041217,118.27,121.06,134.0,0.5571333349609376,,0,720.6500244140625
SPY,SPY,2026-05-08,0.010958904109589041,P,900.0,0.22224114691736357,178.27,181.06,185.57,0.7641625146484375,,0,720.6500244140625
SPY,SPY,2026-05-15,0.030136986301369864,C,360.0,-0.6940495849567915,359.49,362.28,351.98,1.44140904296875,144.0,68,720.6500244140625
SPY,SPY,2026-05-15,0.030136986301369864,C,365.0,-0.6802562628244557,354.49,357.29,346.99,1.4179716601562502,142.0,65,720.6500244140625
SPY,SPY,2026-05-15,0.030136986301369864,C,370.0,-0.6666506107686772,349.51,352.29,337.65,1.3974639501953123,,2,720.6500244140625
SPY,SPY,2026-05-15,0.030136986301369864,C,375.0,-0.6532275904365363,344.51,347.3,284.61,1.3750031249999999,,2,720.6500244140625
SPY,SPY,2026-05-15,0.030136986301369864,C,380.0,-0.6399823636865157,339.52,342.31,277.81,1.3544954150390622,,2,720.6500244140625
SPY,SPY,2026-05-15,0.030136986301369864,C,385.0,-0.6269102821191629,334.53,337.32,267.53,1.334964262695312,,0,720.6500244140625
SPY,SPY,2026-05-15,0.030136986301369864,C,390.0,-0.614006877283255,329.54,332.33,246.5,1.3144565527343748,2.0,1,720.6500244140625
SPY,SPY,2026-05-15,0.030136986301369864,C,395.0,-0.6012678515058252,324.55,327.33,261.41,1.2919957275390623,2.0,9,720.6500244140625
SPY,SPY,2026-05-15,0.030136986301369864,C,400.0,-0.5886890692989653,319.57,322.34,309.94,1.2753942480468747,3.0,24,720.6500244140625
SPY,SPY,2026-05-15,0.030136986301369864,C,405.0,-0.5762665493004081,314.56,317.35,302.57,1.2500037499999999,5.0,12,720.6500244140625
SPY,SPY,2026-05-15,0.030136986301369864,C,410.0,-0.5639964567085937,309.57,312.36,307.26,1.23047259765625,4.0,8,720.6500244140625
SPY,SPY,2026-05-15,0.030136986301369864,C,415.0,-0.5518750961762489,304.58,307.37,262.62,1.2109414453124998,,0,720.6500244140625
SPY,SPY,2026-05-15,0.030136986301369864,C,420.0,-0.5398989051295332,299.59,302.38,291.28,1.19141029296875,4.0,14,720.6500244140625
SPY,SPY,2026-05-15,0.030136986301369864,C,430.0,-0.516368407719339,290.75,291.23,289.44,1.1460003637695313,2.0,705,720.6500244140625
SPY,SPY,2026-05-15,0.030136986301369864,C,435.0,-0.5048075853182632,284.61,287.4,288.69,1.12891060546875,2.0,17,720.6500244140625
SPY,SPY,2026-05-15,0.030136986301369864,C,440.0,-0.49337888949464037,279.62,282.41,275.92,1.109379453125,1.0,16,720.6500244140625
SPY,SPY,2026-05-15,0.030136986301369864,C,445.0,-0.482079334240707,274.63,277.42,212.58,1.08984830078125,11.0,0,720.6500244140625
SPY,SPY,2026-05-15,0.030136986301369864,C,450.0,-0.4709060336425817,269.64,272.43,274.08,1.0703171484375003,2.0,9,720.6500244140625
SPY,SPY,2026-05-15,0.030136986301369864,C,455.0,-0.4598561974559967,264.65,267.44,256.77,1.0512742749023438,1.0,1,720.6500244140625
SPY,SPY,2026-05-15,0.030136986301369864,C,460.0,-0.44892712692380643,259.66,262.44,197.84,1.0302782861328126,2.0,2,720.6500244140625
SPY,SPY,2026-05-15,0.030136986301369864,C,465.0,-0.4381162108195908,254.66,257.45,246.69,1.009770576171875,2.0,3,720.6500244140625
SPY,SPY,2026-05-15,0.030136986301369864,C,470.0,-0.42742092170284296,249.67,252.46,252.59,0.9907227490234375,8.0,9,720.6500244140625
SPY,SPY,2026-05-15,0.030136986301369864,C,475.0,-0.416838812372306,244.68,247.47,225.71,0.971679970703125,5.0,27,720.6500244140625
SPY,SPY,2026-05-15,0.030136986301369864,C,480.0,-0.4063675125050106,239.69,242.48,243.72,0.9526371923828124,1.0,11,720.6500244140625
SPY,SPY,2026-05-15,0.030136986301369864,C,485.0,-0.39600472546946397,234.7,237.49,198.69,0.9335944140625,1.0,6,720.6500244140625
SPY,SPY,2026-05-15,0.030136986301369864,C,490.0,-0.3857482253022748,229.71,232.5,221.36,0.9150399121093751,5.0,32,720.6500244140625
SPY,SPY,2026-05-15,0.030136986301369864,C,495.0,-0.37559585383825683,224.72,227.51,216.85,0.8959971337890623,10.0,17,720.6500244140625
SPY,SPY,2026-05-15,0.030136986301369864,C,500.0,-0.3655455179847554,220.86,221.34,215.31,0.8706067626953125,1.0,340,720.6500244140625
SPY,SPY,2026-05-15,0.030136986301369864,C,505.0,-0.3555951871315874,214.73,217.52,210.2,0.8559584716796875,1.0,68,720.6500244140625
SPY,SPY,2026-05-15,0.030136986301369864,C,510.0,-0.3457428906885758,209.74,212.53,209.08,0.8374039697265624,4.0,28,720.6500244140625
SPY,SPY,2026-05-15,0.030136986301369864,C,515.0,-0.33598671574321104,204.75,207.54,207.3,0.8188494677734374,1.0,77,720.6500244140625
SPY,SPY,2026-05-15,0.030136986301369864,C,520.0,-0.32632480483147414,199.76,202.55,202.04,0.8002949658203125,1.0,43,720.6500244140625
SPY,SPY,2026-05-15,0.030136986301369864,C,525.0,-0.3167553538153234,194.77,197.56,189.83,0.7817404638671875,1.0,76,720.6500244140625
SPY,SPY,2026-05-15,0.030136986301369864,C,530.0,-0.3072766098607796,190.92,191.4,181.8,0.7597680273437502,1.0,157,720.6500244140625
SPY,SPY,2026-05-15,0.030136986301369864,C,535.0,-0.29788686951094057,185.93,186.41,188.2,0.7417018017578124,3.0,332,720.6500244140625
SPY,SPY,2026-05-15,0.030136986301369864,C,540.0,-0.28858447684862715,179.8,182.59,184.29,0.7260769580078125,1.0,48,720.6500244140625
SPY,SPY,2026-05-15,0.030136986301369864,C,545.0,-0.2793678217437031,174.81,177.6,167.92,0.7077665942382813,20.0,43,720.6500244140625
SPY,SPY,2026-05-15,0.030136986301369864,C,550.0,-0.27023533818043055,169.82,172.61,172.35,0.6894562304687502,1.0,61,720.6500244140625
SPY,SPY,2026-05-15,0.030136986301369864,C,555.0,-0.26118550266051266,164.83,167.62,157.96,0.6709017285156251,20.0,17,720.6500244140625
SPY,SPY,2026-05-15,0.030136986301369864,C,560.0,-0.25221683267775225,159.84,162.64,162.64,0.6533237792968751,2.0,73,720.6500244140625
SPY,SPY,2026-05-15,0.030136986301369864,C,565.0,-0.24332788526050617,155.99,156.48,158.77,0.6325720336914062,9.0,1437,720.6500244140625
SPY,SPY,2026-05-15,0.030136986301369864,C,570.0,-0.23451725557835126,151.0,151.49,147.67,0.614261669921875,3.0,4808,720.6500244140625
SPY,SPY,2026-05-15,0.030136986301369864,C,575.0,-0.22578357560959678,146.02,146.5,130.96,0.5969278588867188,387.0,1479,720.6500244140625
SPY,SPY,2026-05-15,0.030136986301369864,C,580.0,-0.21712551286648218,141.03,141.51,144.63,0.5786174951171875,1.0,884,720.6500244140625
SPY,SPY,2026-05-15,0.030136986301369864,C,585.0,-0.20854176917509068,136.04,136.53,135.2,0.5610395458984375,2.0,997,720.6500244140625
SPY,SPY,2026-05-15,0.030136986301369864,C,590.0,-0.20003107950718202,131.06,131.54,134.57,0.5434615966796876,2.0,1358,720.6500244140625
SPY,SPY,2026-05-15,0.030136986301369864,C,595.0,-0.1915922108613174,126.07,126.55,127.81,0.5251512329101562,1.0,1963,720.6500244140625
SPY,SPY,2026-05-15,0.030136986301369864,C,600.0,-0.18322396119080075,121.09,121.57,122.82,0.5083056982421875,25.0,1414,720.6500244140625
SPY,SPY,2026-05-15,0.030136986301369864,C,602.0,-0.1798961710981261,117.96,120.75,110.27,0.5034229345703125,,1,720.6500244140625
SPY,SPY,2026-05-15,0.030136986301369864,C,605.0,-0.17492515837610578,116.11,116.59,114.95,0.5172167419433593,8.0,1608,720.6500244140625
SPY,SPY,2026-05-15,0.030136986301369864,C,606.0,-0.1732736303376327,113.97,116.77,109.09,0.6047402807617189,,3,720.6500244140625
SPY,SPY,2026-05-15,0.030136986301369864,C,607.0,-0.17162482534744886,112.98,115.77,102.16,0.6002237243652344,2.0,3,720.6500244140625
SPY,SPY,2026-05-15,0.030136986301369864,C,608.0,-0.16997873444078018,113.12,113.6,106.35,0.5059863854980469,5.0,1005,720.6500244140625
SPY,SPY,2026-05-15,0.030136986301369864,C,610.0,-0.1666946592395903,111.12,111.61,113.27,0.49878430908203125,5.0,1589,720.6500244140625
SPY,SPY,2026-05-15,0.030136986301369864,C,612.0,-0.16342133389462116,109.13,109.61,104.11,0.4907277490234375,1.0,1001,720.6500244140625
SPY,SPY,2026-05-15,0.030136986301369864,C,615.0,-0.15853134860042933,106.14,106.63,109.04,0.4802298071289062,1.0,818,720.6500244140625
SPY,SPY,2026-05-15,0.030136986301369864,C,619.0,-0.15204834372235113,101.03,103.82,103.94,0.5482222912597658,2.0,0,720.6500244140625
SPY,SPY,2026-05-15,0.030136986301369864,C,620.0,-0.15043413836780994,101.31,101.5,103.68,0.44788149780273434,6.0,8330,720.6500244140625
SPY,SPY,2026-05-15,0.030136986301369864,C,625.0,-0.14240196667054567,96.19,96.67,97.76,0.44312080322265623,7.0,612,720.6500244140625
SPY,SPY,2026-05-15,0.030136986301369864,C,626.0,-0.1408032453068487,94.06,96.85,84.23,0.5178881219482423,,2,720.6500244140625
SPY,SPY,2026-05-15,0.030136986301369864,C,630.0,-0.13443379702136876,91.26,91.7,92.49,0.4250545776367188,20.0,1788,720.6500244140625
SPY,SPY,2026-05-15,0.030136986301369864,C,632.0,-0.13126422226008974,88.09,90.88,63.74,0.4920094744873047,,1,720.6500244140625
SPY,SPY,2026-05-15,0.030136986301369864,C,633.0,-0.12968319426277103,87.1,89.89,79.61,0.48792015991210946,,10,720.6500244140625
SPY,SPY,2026-05-15,0.030136986301369864,C,634.0,-0.12810466196972126,87.24,87.72,77.24,0.4102842175292969,,125,720.6500244140625
SPY,SPY,2026-05-15,0.030136986301369864,C,635.0,-0.12652861751425548,86.39,86.58,87.03,0.39502558105468755,20.0,8087,720.6500244140625
SPY,SPY,2026-05-15,0.030136986301369864,C,636.0,-0.12495505306682504,84.12,86.91,80.09,0.47522497436523436,1.0,2,720.6500244140625
SPY,SPY,2026-05-15,0.030136986301369864,C,638.0,-0.12181533306215733,82.13,84.92,82.43,0.46655806884765627,,1,720.6500244140625
SPY,SPY,2026-05-15,0.030136986301369864,C,639.0,-0.12024916202941235,81.14,83.93,73.51,0.4624077197265626,,2,720.6500244140625
SPY,SPY,2026-05-15,0.030136986301369864,C,640.0,-0.11868544005322969,81.42,81.61,82.16,0.3773255627441406,2909.0,7671,720.6500244140625
SPY,SPY,2026-05-15,0.030136986301369864,C,642.0,-0.11556531271698595,78.16,80.95,69.07,0.4495904650878906,50.0,65,720.6500244140625
SPY,SPY,2026-05-15,0.030136986301369864,C,643.0,-0.1140088921693278,77.16,79.96,65.9,0.4454401159667969,,1,720.6500244140625
SPY,SPY,2026-05-15,0.030136986301369864,C,644.0,-0.11245489030259352,77.3,77.78,79.34,0.37354142089843745,2.0,240,720.6500244140625
SPY,SPY,2026-05-15,0.030136986301369864,C,645.0,-0.11090329961117472,76.4,76.79,78.36,0.370123486328125,4.0,2772,720.6500244140625
SPY,SPY,2026-05-15,0.030136986301369864,C,646.0,-0.1093541126243453,74.19,76.98,73.52,0.4325007922363281,1.0,5,720.6500244140625
SPY,SPY,2026-05-15,0.030136986301369864,C,647.0,-0.10780732190604667,73.2,75.99,67.05,0.4283504431152344,1.0,1,720.6500244140625
SPY,SPY,2026-05-15,0.030136986301369864,C,648.0,-0.10626292005467249,72.21,75.0,63.86,0.4242000939941406,1.0,8,720.6500244140625
SPY,SPY,2026-05-15,0.030136986301369864,C,649.0,-0.10472089970285713,71.21,74.01,74.85,0.4200497448730469,1.0,16,720.6500244140625
SPY,SPY,2026-05-15,0.030136986301369864,C,650.0,-0.1031812535172644,71.5,71.69,71.65,0.3425358715820312,46.0,8353,720.6500244140625
SPY,SPY,2026-05-15,0.030136986301369864,C,651.0,-0.1016439741983779,70.36,70.84,68.55,0.34839518798828123,1.0,1143,720.6500244140625
SPY,SPY,2026-05-15,0.030136986301369864,C,652.0,-0.10010905448029425,69.37,69.85,68.55,0.3448551843261719,9.0,1484,720.6500244140625
SPY,SPY,2026-05-15,0.030136986301369864,C,653.0,-0.09857648713051609,68.38,68.86,65.27,0.3413151806640625,6.0,1128,720.6500244140625
SPY,SPY,2026-05-15,0.030136986301369864,C,654.0,-0.09704626494974852,67.39,67.87,68.95,0.33777517700195314,2.0,1711,720.6500244140625
SPY,SPY,2026-05-15,0.030136986301369864,C,655.0,-0.09551838077169525,66.45,66.88,68.41,0.33411310424804685,121.0,3410,720.6500244140625
SPY,SPY,2026-05-15,0.030136986301369864,C,656.0,-0.09399282746285807,65.41,65.89,67.54,0.3305731005859375,12.0,1363,720.6500244140625
SPY,SPY,2026-05-15,0.030136986301369864,C,657.0,-0.09246959792233668,64.42,64.91,66.47,0.3275213732910156,11.0,1643,720.6500244140625
SPY,SPY,2026-05-15,0.030136986301369864,C,658.0,-0.09094868508162994,63.43,63.92,65.88,0.3238593005371093,5.0,1387,720.6500244140625
SPY,SPY,2026-05-15,0.030136986301369864,C,659.0,-0.08943008190443999,62.45,62.93,64.38,0.32019722778320303,11.0,846,720.6500244140625
SPY,SPY,2026-05-15,0.030136986301369864,C,660.0,-0.08791378138647593,61.61,61.8,61.93,0.3083565258789062,86.0,11066,720.6500244140625
SPY,SPY,2026-05-15,0.030136986301369864,C,661.0,-0.08639977655526093,60.47,60.96,64.0,0.313483427734375,19.0,882,720.6500244140625
SPY,SPY,2026-05-15,0.030136986301369864,C,662.0,-0.08488806046993896,59.49,59.97,61.7,0.3096992858886719,3.0,1215,720.6500244140625
SPY,SPY,2026-05-15,0.030136986301369864,C,663.0,-0.0833786262210846,58.5,58.99,62.8,0.30652548950195313,6.0,1318,720.6500244140625
SPY,SPY,2026-05-15,0.030136986301369864,C,664.0,-0.08187146693051334,57.52,58.0,60.41,0.3028023822021484,11.0,1498,720.6500244140625
SPY,SPY,2026-05-15,0.030136986301369864,C,665.0,-0.080366575751093,56.68,56.87,56.83,0.2913889221191405,52.0,8059,720.6500244140625
SPY,SPY,2026-05-15,0.030136986301369864,C,666.0,-0.07886394586655807,55.55,56.03,58.14,0.2957834094238281,2.0,1081,720.6500244140625
SPY,SPY,2026-05-15,0.030136986301369864,C,667.0,-0.07736357049132343,54.57,55.05,54.88,0.2924875439453124,85.0,2830,720.6500244140625
SPY,SPY,2026-05-15,0.030136986301369864,C,668.0,-0.0758654428703015,53.59,54.07,56.31,0.2891306439208984,52.0,1588,720.6500244140625
SPY,SPY,2026-05-15,0.030136986301369864,C,669.0,-0.07436955627871872,52.61,53.09,52.38,0.28577374389648436,11.0,1358,720.6500244140625
SPY,SPY,2026-05-15,0.030136986301369864,C,670.0,-0.07287590402193538,51.77,51.96,51.98,0.2749095947265625,83.0,6407,720.6500244140625
SPY,SPY,2026-05-15,0.030136986301369864,C,671.0,-0.0713844794352654,50.79,50.99,52.55,0.27210200561523434,5.0,6811,720.6500244140625
SPY,SPY,2026-05-15,0.030136986301369864,C,672.0,-0.0698952758837976,49.67,50.15,51.53,0.2755199401855468,4.0,1817,720.6500244140625
SPY,SPY,2026-05-15,0.030136986301369864,C,673.0,-0.0684082867622194,48.84,49.03,50.75,0.26538820556640624,8097.0,10404,720.6500244140625
SPY,SPY,2026-05-15,0.030136986301369864,C,674.0,-0.06692350549464011,47.72,48.2,49.75,0.26892820922851557,8.0,3623,720.6500244140625
SPY,SPY,2026-05-15,0.030136986301369864,C,675.0,-0.0654409255344174,46.89,47.08,47.16,0.2589795782470704,176.0,14253,720.6500244140625
SPY,SPY,2026-05-15,0.030136986301369864,C,676.0,-0.06396054036398308,45.77,46.26,47.74,0.26270268554687504,14.0,1883,720.6500244140625
SPY,SPY,2026-05-15,0.030136986301369864,C,677.0,-0.062482343494672125,44.8,45.29,46.79,0.2594678546142578,61.0,3026,720.6500244140625
SPY,SPY,2026-05-15,0.030136986301369864,C,678.0,-0.06100632846655162,43.84,44.32,44.76,0.25623302368164064,41.0,2590,720.6500244140625
SPY,SPY,2026-05-15,0.030136986301369864,C,679.0,-0.05953248884825101,42.87,43.35,43.93,0.25287612365722656,54.0,2333,720.6500244140625
SPY,SPY,2026-05-15,0.030136986301369864,C,680.0,-0.05806081823679482,42.05,42.24,43.79,0.24378197631835938,1718.0,13096,720.6500244140625
SPY,SPY,2026-05-15,0.030136986301369864,C,681.0,-0.05659131025743479,40.94,41.43,42.28,0.24695577270507812,23.0,1760,720.6500244140625
SPY,SPY,2026-05-15,0.030136986301369864,C,682.0,-0.05512395856348512,39.98,40.46,41.39,0.2434768035888672,37.0,2405,720.6500244140625
SPY,SPY,2026-05-15,0.030136986301369864,C,683.0,-0.05365875683615711,39.03,39.51,40.57,0.24073024902343748,25.0,2527,720.6500244140625
SPY,SPY,2026-05-15,0.030136986301369864,C,684.0,-0.05219569878439666,38.07,38.55,40.01,0.23749541809082028,18.0,1606,720.6500244140625
SPY,SPY,2026-05-15,0.030136986301369864,C,685.0,-0.050734778144721895,37.27,37.48,37.51,0.2301712725830078,179.0,14813,720.6500244140625
SPY,SPY,2026-05-15,0.030136986301369864,C,686.0,-0.049275988681061915,36.17,36.65,37.66,0.2316361016845703,117.0,2070,720.6500244140625
SPY,SPY,2026-05-15,0.030136986301369864,C,687.0,-0.04781932418459787,35.23,35.71,36.31,0.22895058166503907,135.0,3499,720.6500244140625
SPY,SPY,2026-05-15,0.030136986301369864,C,688.0,-0.04636477847360349,34.29,34.77,36.2,0.22614299255371095,53.0,2405,720.6500244140625
SPY,SPY,2026-05-15,0.030136986301369864,C,689.0,-0.04491234539328865,33.34,33.84,34.44,0.22357954162597654,30.0,2239,720.6500244140625
SPY,SPY,2026-05-15,0.030136986301369864,C,690.0,-0.04346201881564211,32.57,32.76,32.62,0.2160112579345703,4375.0,23760,720.6500244140625
SPY,SPY,2026-05-15,0.030136986301369864,C,691.0,-0.04201379263927722,30.37,33.15,32.53,0.25269302001953126,50.0,2452,720.6500244140625
SPY,SPY,2026-05-15,0.030136986301369864,C,692.0,-0.04056766078927762,29.43,32.22,31.61,0.24915301635742187,128.0,1954,720.6500244140625
SPY,SPY,2026-05-15,0.030136986301369864,C,693.0,-0.0391236172170439,28.51,31.3,31.07,0.2457961163330078,107.0,3497,720.6500244140625
SPY,SPY,2026-05-15,0.030136986301369864,C,694.0,-0.037681655900142705,27.6,30.39,30.24,0.24265283721923825,39.0,2326,720.6500244140625
SPY,SPY,2026-05-15,0.030136986301369864,C,695.0,-0.036241770842155026,27.97,28.15,28.18,0.20291934783935545,449.0,6735,720.6500244140625
SPY,SPY,2026-05-15,0.030136986301369864,C,696.0,-0.03480395607252757,25.79,28.57,29.07,0.23603058898925777,40.0,3888,720.6500244140625
SPY,SPY,2026-05-15,0.030136986301369864,C,697.0,-0.03336820564642329,24.89,27.67,26.37,0.23282627532958983,43.0,2129,720.6500244140625
SPY,SPY,2026-05-15,0.030136986301369864,C,698.0,-0.03193451364457465,24.0,26.78,27.17,0.22974403076171873,72.0,2785,720.6500244140625
SPY,SPY,2026-05-15,0.030136986301369864,C,699.0,-0.03050287417313693,23.1,25.89,26.15,0.22657023437499998,27.0,3222,720.6500244140625
SPY,SPY,2026-05-15,0.030136986301369864,C,700.0,-0.029073281363542466,23.51,23.69,23.66,0.1909260595703125,853.0,40062,720.6500244140625
SPY,SPY,2026-05-15,0.030136986301369864,C,701.0,-0.02764572937235711,22.52,23.01,23.18,0.19336744140625,36.0,3540,720.6500244140625
SPY,SPY,2026-05-15,0.030136986301369864,C,702.0,-0.026220212381136036,20.59,23.07,22.31,0.21283746154785155,74.0,3984,720.6500244140625
SPY,SPY,2026-05-15,0.030136986301369864,C,703.0,-0.024796724596282314,20.9,21.1,21.06,0.18402915588378904,18.0,5288,720.6500244140625
SPY,SPY,2026-05-15,0.030136986301369864,C,704.0,-0.02337526024890477,19.06,21.3,21.34,0.20572693695068356,432.0,3215,720.6500244140625
SPY,SPY,2026-05-15,0.030136986301369864,C,705.0,-0.021955813594678467,19.23,19.43,19.5,0.17984828948974607,1139.0,10944,720.6500244140625
SPY,SPY,2026-05-15,0.030136986301369864,C,706.0,-0.02053837891370511,17.39,19.79,19.68,0.20368227966308594,439.0,3204,720.6500244140625
SPY,SPY,2026-05-15,0.030136986301369864,C,707.0,-0.01912295051037438,16.7,18.73,17.69,0.19586985778808597,193.0,3401,720.6500244140625
SPY,SPY,2026-05-15,0.030136986301369864,C,708.0,-0.01770952271322744,15.64,18.18,18.46,0.1986469296264648,44.0,4126,720.6500244140625
SPY,SPY,2026-05-15,0.030136986301369864,C,709.0,-0.016298089874819656,15.1,17.38,16.11,0.1959614096069336,170.0,4683,720.6500244140625
SPY,SPY,2026-05-15,0.030136986301369864,C,710.0,-0.014888646371586113,15.21,15.38,15.38,0.168526381225586,1266.0,33567,720.6500244140625
SPY,SPY,2026-05-15,0.030136986301369864,C,711.0,-0.013481186603706294,14.43,14.61,14.4,0.1664512066650391,5931.0,5378,720.6500244140625
SPY,SPY,2026-05-15,0.030136986301369864,C,712.0,-0.012075704994971355,13.66,13.85,13.75,0.16428448028564452,630.0,7875,720.6500244140625
SPY,SPY,2026-05-15,0.030136986301369864,C,713.0,-0.01067219599265125,12.92,13.13,14.31,0.16266706481933596,209.0,5840,720.6500244140625
SPY,SPY,2026-05-15,0.030136986301369864,C,714.0,-0.009270654067362752,12.19,12.4,12.47,0.16056137298583983,165.0,5041,720.6500244140625
SPY,SPY,2026-05-15,0.030136986301369864,C,715.0,-0.007871073712939547,11.52,11.68,11.62,0.15836412933349608,1157.0,12570,720.6500244140625
SPY,SPY,2026-05-15,0.030136986301369864,C,716.0,-0.006473449446301539,10.75,11.05,11.12,0.15760119750976562,331.0,1588,720.6500244140625
SPY,SPY,2026-05-15,0.030136986301369864,C,717.0,-0.0050777758073268595,10.02,10.47,10.66,0.1574180938720703,196.0,1762,720.6500244140625
SPY,SPY,2026-05-15,0.030136986301369864,C,718.0,-0.0036840473587229877,9.41,9.72,9.57,0.15375602111816405,236.0,2155,720.6500244140625
SPY,SPY,2026-05-15,0.030136986301369864,C,719.0,-0.002292258685900434,8.78,9.06,8.91,0.15143670837402345,534.0,2018,720.6500244140625
SPY,SPY,2026-05-15,0.030136986301369864,C,720.0,-0.0009024043968461908,8.25,8.29,8.27,0.14676756561279297,5891.0,23649,720.6500244140625
SPY,SPY,2026-05-15,0.030136986301369864,C,721.0,0.00048552087800193773,7.65,7.69,7.65,0.14487549468994143,644.0,2041,720.6500244140625
SPY,SPY,2026-05-15,0.030136986301369864,C,722.0,0.001871522485879028,7.07,7.11,7.09,0.14298342376708983,3451.0,2285,720.6500244140625
SPY,SPY,2026-05-15,0.030136986301369864,C,723.0,0.003255605751817422,6.51,6.55,6.53,0.14106083557128907,5322.0,2199,720.6500244140625
SPY,SPY,2026-05-15,0.030136986301369864,C,724.0,0.0046377759787692594,5.98,6.02,6.0,0.1393213510131836,5667.0,2771,720.6500244140625
SPY,SPY,2026-05-15,0.030136986301369864,C,725.0,0.006018038447727607,5.47,5.51,5.48,0.1375208319091797,11217.0,15733,720.6500244140625
SPY,SPY,2026-05-15,0.030136986301369864,C,726.0,0.007396398417848856,4.99,5.02,5.39,0.13565927825927737,1449.0,3373,720.6500244140625
SPY,SPY,2026-05-15,0.030136986301369864,C,727.0,0.00877286112657229,4.53,4.56,4.49,0.13391979370117188,1486.0,3227,720.6500244140625
SPY,SPY,2026-05-15,0.030136986301369864,C,728.0,0.010147431789738832,4.1,4.13,4.08,0.13233289550781252,2896.0,1960,720.6500244140625
SPY,SPY,2026-05-15,0.030136986301369864,C,729.0,0.011520115601710948,3.69,3.72,4.0,0.13065444549560545,895.0,1615,720.6500244140625
SPY,SPY,2026-05-15,0.030136986301369864,C,730.0,0.01289091773548955,3.31,3.34,3.33,0.1290980645751953,12665.0,23124,720.6500244140625
SPY,SPY,2026-05-15,0.030136986301369864,C,731.0,0.014259843342831396,2.95,2.98,2.97,0.1274501318359375,2299.0,1220,720.6500244140625
SPY,SPY,2026-05-15,0.030136986301369864,C,732.0,0.01562689755436439,2.62,2.65,2.63,0.1259547854614258,934.0,1567,720.6500244140625
SPY,SPY,2026-05-15,0.030136986301369864,C,733.0,0.01699208547970426,2.32,2.35,2.5,0.12458150817871094,1683.0,777,720.6500244140625
SPY,SPY,2026-05-15,0.030136986301369864,C,734.0,0.018355412207568506,2.04,2.06,2.11,0.12293357543945313,2818.0,1640,720.6500244140625
SPY,SPY,2026-05-15,0.030136986301369864,C,735.0,0.019716882805889537,1.78,1.81,1.8,0.12165184997558594,2965.0,9638,720.6500244140625
SPY,SPY,2026-05-15,0.030136986301369864,C,736.0,0.021076502321929036,1.55,1.58,1.59,0.12040064178466797,1133.0,1006,720.6500244140625
SPY,SPY,2026-05-15,0.030136986301369864,C,737.0,0.02243427578238934,1.35,1.37,1.52,0.11908839904785155,858.0,1423,720.6500244140625
SPY,SPY,2026-05-15,0.030136986301369864,C,738.0,0.02379020819352539,1.16,1.18,1.23,0.11780667358398436,1098.0,501,720.6500244140625
SPY,SPY,2026-05-15,0.030136986301369864,C,739.0,0.025144304541254606,0.99,1.02,1.1,0.11683012084960936,861.0,1131,720.6500244140625
SPY,SPY,2026-05-15,0.030136986301369864,C,740.0,0.02649656979126821,0.85,0.87,0.85,0.11567046447753906,9082.0,9962,720.6500244140625
SPY,SPY,2026-05-15,0.030136986301369864,C,741.0,0.02784700888913981,0.72,0.74,0.77,0.11463287719726564,952.0,948,720.6500244140625
SPY,SPY,2026-05-15,0.030136986301369864,C,742.0,0.02919562676043331,0.61,0.63,0.62,0.1137783935546875,694.0,1391,720.6500244140625
SPY,SPY,2026-05-15,0.030136986301369864,C,743.0,0.030542428310811966,0.52,0.54,0.56,0.11335115173339844,633.0,1140,720.6500244140625
SPY,SPY,2026-05-15,0.030136986301369864,C,744.0,0.031887418426144606,0.44,0.46,0.48,0.1128018408203125,234.0,598,720.6500244140625
SPY,SPY,2026-05-15,0.030136986301369864,C,745.0,0.033230601972612406,0.37,0.39,0.38,0.11231356445312499,5358.0,11425,720.6500244140625
SPY,SPY,2026-05-15,0.030136986301369864,C,746.0,0.034571983796813685,0.32,0.33,0.39,0.11194735717773435,470.0,495,720.6500244140625
SPY,SPY,2026-05-15,0.030136986301369864,C,747.0,0.03591156872587008,0.27,0.28,0.31,0.11170321899414062,1596.0,704,720.6500244140625
SPY,SPY,2026-05-15,0.030136986301369864,C,748.0,0.03724936156753016,0.23,0.25,0.25,0.11255770263671874,389.0,590,720.6500244140625
SPY,SPY,2026-05-15,0.030136986301369864,C,749.0,0.03858536711027234,0.2,0.21,0.24,0.11219149536132811,174.0,8773,720.6500244140625
SPY,SPY,2026-05-15,0.030136986301369864,C,750.0,0.03991959012340893,0.17,0.18,0.18,0.11231356445312499,5630.0,9223,720.6500244140625
SPY,SPY,2026-05-15,0.030136986301369864,C,755.0,0.046564132842077624,0.09,0.1,0.1,0.11646391357421876,1743.0,4197,720.6500244140625
SPY,SPY,2026-05-15,0.030136986301369864,C,760.0,0.053164816873429596,0.06,0.07,0.06,0.124032197265625,411.0,4415,720.6500244140625
SPY,SPY,2026-05-15,0.030136986301369864,C,765.0,0.05972221741958858,0.04,0.05,0.04,0.131844619140625,134.0,2256,720.6500244140625
SPY,SPY,2026-05-15,0.030136986301369864,C,770.0,0.0662368984407824,0.03,0.04,0.03,0.14063359375,2863.0,2985,720.6500244140625
SPY,SPY,2026-05-15,0.030136986301369864,C,775.0,0.07270941294639977,0.02,0.03,0.02,0.147469462890625,283.0,2934,720.6500244140625
SPY,SPY,2026-05-15,0.030136986301369864,C,780.0,0.07914030327669032,0.01,0.02,0.02,0.15235222656250003,95.0,3985,720.6500244140625
SPY,SPY,2026-05-15,0.030136986301369864,C,785.0,0.08553010137546123,0.01,0.02,0.02,0.16407085937500002,202.0,1141,720.6500244140625
SPY,SPY,2026-05-15,0.030136986301369864,C,790.0,0.09187932905412009,0.01,0.02,0.02,0.174812939453125,5.0,4176,720.6500244140625
SPY,SPY,2026-05-15,0.030136986301369864,C,795.0,0.09818849824738474,0.01,0.02,0.01,0.18555501953124998,19.0,4865,720.6500244140625
SPY,SPY,2026-05-15,0.030136986301369864,C,800.0,0.10445811126098005,0.01,0.02,0.02,0.195320546875,60.0,4839,720.6500244140625
SPY,SPY,2026-05-15,0.030136986301369864,C,805.0,0.11068866101161623,0.0,0.01,0.01,0.195320546875,2101.0,4333,720.6500244140625
SPY,SPY,2026-05-15,0.030136986301369864,C,810.0,0.11688063125953722,0.0,0.01,0.01,0.20313296874999998,219.0,7174,720.6500244140625
SPY,SPY,2026-05-15,0.030136986301369864,C,815.0,0.1230344968339156,0.0,0.01,0.01,0.2148516015625,10.0,5784,720.6500244140625
SPY,SPY,2026-05-15,0.030136986301369864,C,820.0,0.1291507238513516,0.0,0.01,0.01,0.22266402343749997,700.0,917,720.6500244140625
SPY,SPY,2026-05-15,0.030136986301369864,C,825.0,0.1352297699277339,0.0,0.01,0.01,0.23438265625,30.0,5057,720.6500244140625
SPY,SPY,2026-05-15,0.030136986301369864,C,830.0,0.14127208438369646,0.0,0.01,0.01,0.242195078125,1.0,3482,720.6500244140625
SPY,SPY,2026-05-15,0.030136986301369864,C,835.0,0.14727810844390823,0.0,0.01,0.01,0.2500075,1.0,571,720.6500244140625
SPY,SPY,2026-05-15,0.030136986301369864,C,840.0,0.15324827543041217,0.0,0.01,0.01,0.2617261328125,1.0,322,720.6500244140625
SPY,SPY,2026-05-15,0.030136986301369864,C,845.0,0.15918301095022663,0.0,0.01,0.01,0.2695385546875,220.0,1379,720.6500244140625
SPY,SPY,2026-05-15,0.030136986301369864,C,850.0,0.16508273307741503,0.0,0.01,0.01,0.28125718749999995,283.0,5999,720.6500244140625
SPY,SPY,2026-05-15,0.030136986301369864,C,855.0,0.17094785252981304,0.0,0.01,0.01,0.2890696093749999,315.0,10959,720.6500244140625
SPY,SPY,2026-05-15,0.030136986301369864,C,860.0,0.17677877284060634,0.0,0.01,0.01,0.29688203124999996,2403.0,4268,720.6500244140625
SPY,SPY,2026-05-15,0.030136986301369864,C,865.0,0.18257589052493214,0.0,0.01,0.01,0.304694453125,200.0,15499,720.6500244140625
SPY,SPY,2026-05-15,0.030136986301369864,C,870.0,0.18833959524168217,0.0,0.01,0.01,0.31641308593749995,1026.0,3300,720.6500244140625
SPY,SPY,2026-05-15,0.030136986301369864,C,875.0,0.19407026995066728,0.0,0.01,0.01,0.3242255078124999,318.0,12796,720.6500244140625
SPY,SPY,2026-05-15,0.030136986301369864,C,880.0,0.19976829106530494,0.0,0.01,0.01,0.3320379296875,60.0,7457,720.6500244140625
SPY,SPY,2026-05-15,0.030136986301369864,C,885.0,0.2054340286009824,0.0,0.01,0.01,0.3437565625,840.0,7386,720.6500244140625
SPY,SPY,2026-05-15,0.030136986301369864,C,890.0,0.21106784631923833,0.0,0.01,0.01,0.35156898437499995,656.0,4151,720.6500244140625
SPY,SPY,2026-05-15,0.030136986301369864,C,895.0,0.21667010186790828,0.0,0.01,0.01,0.35938140625,8.0,30,720.6500244140625
SPY,SPY,2026-05-15,0.030136986301369864,C,900.0,0.22224114691736357,0.0,0.01,0.01,0.367193828125,,7,720.6500244140625
SPY,SPY,2026-05-15,0.030136986301369864,C,905.0,0.22778132729297887,0.0,0.01,0.01,0.37500625,26.0,27,720.6500244140625
SPY,SPY,2026-05-15,0.030136986301369864,C,910.0,0.23329098310394858,0.0,0.01,0.01,0.38281867187499996,504.0,508,720.6500244140625
SPY,SPY,2026-05-15,0.030136986301369864,C,915.0,0.2387704488685741,0.0,0.01,0.01,0.39063109375,,9,720.6500244140625
SPY,SPY,2026-05-15,0.030136986301369864,C,920.0,0.24422005363613888,0.0,0.01,0.01,0.398443515625,46.0,57,720.6500244140625
SPY,SPY,2026-05-15,0.030136986301369864,C,930.0,0.25503096974035455,0.0,0.01,0.01,0.414068359375,51.0,73,720.6500244140625
SPY,SPY,2026-05-15,0.030136986301369864,C,940.0,0.2657262588571023,0.0,0.01,0.01,0.42969320312500003,1302.0,2307,720.6500244140625
SPY,SPY,2026-05-15,0.030136986301369864,C,945.0,0.2710313110867956,0.0,0.01,0.01,0.437505625,181.0,189,720.6500244140625
SPY,SPY,2026-05-15,0.030136986301369864,C,950.0,0.2763083681876393,0.0,0.01,0.01,0.445318046875,2.0,268,720.6500244140625
SPY,SPY,2026-05-15,0.030136986301369864,C,955.0,0.28155772407378316,0.0,0.01,0.02,0.45313046875,133.0,487,720.6500244140625
SPY,SPY,2026-05-15,0.030136986301369864,C,960.0,0.2867796680549347,0.0,0.01,0.01,0.46094289062500005,200.0,3618,720.6500244140625
SPY,SPY,2026-05-15,0.030136986301369864,C,965.0,0.2919744849320388,0.0,0.01,0.01,0.4687553125,608.0,7202,720.6500244140625
SPY,SPY,2026-05-15,0.030136986301369864,C,970.0,0.29714245509048137,0.0,0.01,0.01,0.476567734375,2.0,3164,720.6500244140625
SPY,SPY,2026-05-15,0.030136986301369864,C,975.0,0.30228385459089996,0.0,0.01,0.01,0.48438015625,933.0,4130,720.6500244140625
SPY,SPY,2026-05-15,0.030136986301369864,C,980.0,0.30739895525767047,0.0,0.01,0.01,0.49219257812500006,1.0,10,720.6500244140625
SPY,SPY,2026-05-15,0.030136986301369864,C,985.0,0.31248802476514165,0.0,0.01,0.01,0.500005,550.0,1196,720.6500244140625
SPY,SPY,2026-05-15,0.030136986301369864,C,990.0,0.3175513267216885,0.0,0.01,0.01,0.507817421875,370.0,771,720.6500244140625
SPY,SPY,2026-05-15,0.030136986301369864,C,995.0,0.3225891207516456,0.0,0.01,0.01,0.51562984375,1.0,433,720.6500244140625
SPY,SPY,2026-05-15,0.030136986301369864,C,1000.0,0.32760166257518997,0.0,0.01,0.01,0.500005,8.0,503,720.6500244140625
SPY,SPY,2026-05-15,0.030136986301369864,P,360.0,-0.6940495849567915,0.0,0.01,0.01,1.0312548437500002,1.0,5108,720.6500244140625
SPY,SPY,2026-05-15,0.030136986301369864,P,365.0,-0.6802562628244557,0.0,0.01,0.01,1.0312548437500002,2.0,2414,720.6500244140625
SPY,SPY,2026-05-15,0.030136986301369864,P,370.0,-0.6666506107686772,0.0,0.01,0.01,1.000005,9.0,2578,720.6500244140625
SPY,SPY,2026-05-15,0.030136986301369864,P,375.0,-0.6532275904365363,0.0,0.01,0.01,0.9687503125,3.0,3137,720.6500244140625
SPY,SPY,2026-05-15,0.030136986301369864,P,380.0,-0.6399823636865157,0.0,0.01,0.01,0.9687503125,200.0,2004,720.6500244140625
SPY,SPY,2026-05-15,0.030136986301369864,P,385.0,-0.6269102821191629,0.0,0.01,0.01,0.937500625,11.0,10496,720.6500244140625
SPY,SPY,2026-05-15,0.030136986301369864,P,390.0,-0.614006877283255,0.0,0.01,0.01,0.92187578125,101.0,2273,720.6500244140625
SPY,SPY,2026-05-15,0.030136986301369864,P,395.0,-0.6012678515058252,0.0,0.01,0.01,0.9062509375,43.0,5056,720.6500244140625
SPY,SPY,2026-05-15,0.030136986301369864,P,400.0,-0.5886890692989653,0.0,0.01,0.01,0.8906260937499999,15.0,25960,720.6500244140625
SPY,SPY,2026-05-15,0.030136986301369864,P,405.0,-0.5762665493004081,0.0,0.01,0.01,0.87500125,3.0,8565,720.6500244140625
SPY,SPY,2026-05-15,0.030136986301369864,P,410.0,-0.5639964567085937,0.0,0.01,0.01,0.8437515624999999,52.0,3153,720.6500244140625
SPY,SPY,2026-05-15,0.030136986301369864,P,415.0,-0.5518750961762489,0.0,0.01,0.01,0.8437515624999999,52.0,1717,720.6500244140625
SPY,SPY,2026-05-15,0.030136986301369864,P,420.0,-0.5398989051295332,0.0,0.01,0.01,0.8125018749999999,1004.0,2767,720.6500244140625
SPY,SPY,2026-05-15,0.030136986301369864,P,425.0,-0.5280644474825302,0.0,0.02,0.01,0.8437515624999999,1742.0,10683,720.6500244140625
SPY,SPY,2026-05-15,0.030136986301369864,P,430.0,-0.516368407719339,0.0,0.02,0.01,0.8281267187499999,245.0,2464,720.6500244140625
SPY,SPY,2026-05-15,0.030136986301369864,P,435.0,-0.5048075853182632,0.0,0.02,0.01,0.804689453125,24.0,2866,720.6500244140625
SPY,SPY,2026-05-15,0.030136986301369864,P,440.0,-0.49337888949464037,0.0,0.02,0.02,0.789064609375,700.0,2877,720.6500244140625
SPY,SPY,2026-05-15,0.030136986301369864,P,445.0,-0.482079334240707,0.0,0.02,0.02,0.7656273437500001,155.0,84814,720.6500244140625
SPY,SPY,2026-05-15,0.030136986301369864,P,450.0,-0.4709060336425817,0.01,0.02,0.01,0.7812521875,2024.0,83228,720.6500244140625
SPY,SPY,2026-05-15,0.030136986301369864,P,455.0,-0.4598561974559967,0.01,0.02,0.02,0.7578149218750001,16.0,2049,720.6500244140625
SPY,SPY,2026-05-15,0.030136986301369864,P,460.0,-0.44892712692380643,0.01,0.02,0.01,0.7421900781249999,1363.0,2475,720.6500244140625
SPY,SPY,2026-05-15,0.030136986301369864,P,465.0,-0.4381162108195908,0.01,0.02,0.02,0.726565234375,200.0,1621,720.6500244140625
SPY,SPY,2026-05-15,0.030136986301369864,P,470.0,-0.42742092170284296,0.01,0.02,0.02,0.710940390625,61.0,3958,720.6500244140625
SPY,SPY,2026-05-15,0.030136986301369864,P,475.0,-0.416838812372306,0.01,0.02,0.02,0.6953155468750001,66.0,5510,720.6500244140625
SPY,SPY,2026-05-15,0.030136986301369864,P,480.0,-0.4063675125050106,0.01,0.02,0.02,0.6796907031250001,15.0,79015,720.6500244140625
SPY,SPY,2026-05-15,0.030136986301369864,P,485.0,-0.39600472546946397,0.01,0.02,0.02,0.6640658593750002,243.0,1732,720.6500244140625
SPY,SPY,2026-05-15,0.030136986301369864,P,490.0,-0.3857482253022748,0.01,0.02,0.02,0.6445348046875,346.0,2089,720.6500244140625
SPY,SPY,2026-05-15,0.030136986301369864,P,495.0,-0.37559585383825683,0.01,0.03,0.02,0.6445348046875,415.0,161355,720.6500244140625
SPY,SPY,2026-05-15,0.030136986301369864,P,500.0,-0.3655455179847554,0.02,0.03,0.02,0.64062859375,2099.0,162861,720.6500244140625
SPY,SPY,2026-05-15,0.030136986301369864,P,505.0,-0.3555951871315874,0.02,0.03,0.02,0.6250037500000001,780.0,1660,720.6500244140625
SPY,SPY,2026-05-15,0.030136986301369864,P,510.0,-0.3457428906885758,0.02,0.03,0.03,0.6093789062500001,120.0,2267,720.6500244140625
SPY,SPY,2026-05-15,0.030136986301369864,P,515.0,-0.33598671574321104,0.02,0.03,0.06,0.5898478515625001,96.0,1798,720.6500244140625
SPY,SPY,2026-05-15,0.030136986301369864,P,520.0,-0.32632480483147414,0.02,0.03,0.03,0.5742230078125,236.0,10750,720.6500244140625
SPY,SPY,2026-05-15,0.030136986301369864,P,525.0,-0.3167553538153234,0.02,0.03,0.04,0.5585981640625001,15.0,5866,720.6500244140625
SPY,SPY,2026-05-15,0.030136986301369864,P,530.0,-0.3072766098607796,0.03,0.04,0.03,0.56055126953125,244.0,164832,720.6500244140625
SPY,SPY,2026-05-15,0.030136986301369864,P,535.0,-0.29788686951094057,0.03,0.04,0.04,0.5449264257812501,175.0,5370,720.6500244140625
SPY,SPY,2026-05-15,0.030136986301369864,P,540.0,-0.28858447684862715,0.03,0.04,0.03,0.5293015820312501,116.0,16240,720.6500244140625
SPY,SPY,2026-05-15,0.030136986301369864,P,545.0,-0.2793678217437031,0.03,0.04,0.03,0.5136767382812499,99.0,83016,720.6500244140625
SPY,SPY,2026-05-15,0.030136986301369864,P,550.0,-0.27023533818043055,0.04,0.05,0.04,0.5097705273437501,1249.0,92617,720.6500244140625
SPY,SPY,2026-05-15,0.030136986301369864,P,555.0,-0.26118550266051266,0.04,0.05,0.04,0.500005,1359.0,7643,720.6500244140625
SPY,SPY,2026-05-15,0.030136986301369864,P,560.0,-0.25221683267775225,0.04,0.05,0.05,0.48438015625,349.0,35657,720.6500244140625
SPY,SPY,2026-05-15,0.030136986301369864,P,565.0,-0.24332788526050617,0.05,0.06,0.05,0.476567734375,30.0,8923,720.6500244140625
SPY,SPY,2026-05-15,0.030136986301369864,P,570.0,-0.23451725557835126,0.05,0.06,0.07,0.46094289062500005,20.0,22139,720.6500244140625
SPY,SPY,2026-05-15,0.030136986301369864,P,575.0,-0.22578357560959678,0.06,0.07,0.05,0.45313046875,1061.0,53983,720.6500244140625
SPY,SPY,2026-05-15,0.030136986301369864,P,580.0,-0.21712551286648218,0.06,0.07,0.07,0.437505625,62.0,103058,720.6500244140625
SPY,SPY,2026-05-15,0.030136986301369864,P,585.0,-0.20854176917509068,0.07,0.08,0.07,0.42774009765625004,80.0,5986,720.6500244140625
SPY,SPY,2026-05-15,0.030136986301369864,P,590.0,-0.20003107950718202,0.07,0.09,0.07,0.41699801757812494,231.0,21589,720.6500244140625
SPY,SPY,2026-05-15,0.030136986301369864,P,595.0,-0.1915922108613174,0.08,0.09,0.09,0.401373173828125,144.0,18747,720.6500244140625
SPY,SPY,2026-05-15,0.030136986301369864,P,600.0,-0.18322396119080075,0.09,0.1,0.09,0.389654541015625,4670.0,94596,720.6500244140625
SPY,SPY,2026-05-15,0.030136986301369864,P,601.0,-0.18155868187173962,0.09,0.1,0.1,0.38672488281249995,12.0,645,720.6500244140625
SPY,SPY,2026-05-15,0.030136986301369864,P,602.0,-0.1798961710981261,0.09,0.1,0.09,0.383795224609375,97.0,1446,720.6500244140625
SPY,SPY,2026-05-15,0.030136986301369864,P,603.0,-0.17823641967976178,0.1,0.11,0.09,0.38477177734374995,117.0,748,720.6500244140625
SPY,SPY,2026-05-15,0.030136986301369864,P,604.0,-0.1765794184721322,0.1,0.11,0.11,0.38184211914062494,13.0,574,720.6500244140625
SPY,SPY,2026-05-15,0.030136986301369864,P,605.0,-0.17492515837610578,0.1,0.11,0.1,0.37793590820312495,433.0,25570,720.6500244140625
SPY,SPY,2026-05-15,0.030136986301369864,P,606.0,-0.1732736303376327,0.1,0.11,0.1,0.37500625,1266.0,914,720.6500244140625
SPY,SPY,2026-05-15,0.030136986301369864,P,607.0,-0.17162482534744886,0.1,0.12,0.1,0.375982802734375,1051.0,684,720.6500244140625
SPY,SPY,2026-05-15,0.030136986301369864,P,608.0,-0.16997873444078018,0.11,0.12,0.12,0.37256486816406253,50.0,506,720.6500244140625
SPY,SPY,2026-05-15,0.030136986301369864,P,609.0,-0.1683353486970501,0.11,0.12,0.12,0.36914693359375,156.0,1211,720.6500244140625
SPY,SPY,2026-05-15,0.030136986301369864,P,610.0,-0.1666946592395903,0.11,0.12,0.1,0.366217275390625,144.0,20931,720.6500244140625
SPY,SPY,2026-05-15,0.030136986301369864,P,611.0,-0.16505665723535184,0.11,0.13,0.1,0.366217275390625,24.0,579,720.6500244140625
SPY,SPY,2026-05-15,0.030136986301369864,P,612.0,-0.16342133389462116,0.11,0.13,0.13,0.3632876171875,71.0,611,720.6500244140625
SPY,SPY,2026-05-15,0.030136986301369864,P,613.0,-0.16178868047073577,0.12,0.13,0.11,0.36035795898437495,148.0,3526,720.6500244140625
SPY,SPY,2026-05-15,0.030136986301369864,P,614.0,-0.16015868825980464,0.12,0.13,0.13,0.3569400244140625,8.0,6125,720.6500244140625
SPY,SPY,2026-05-15,0.030136986301369864,P,615.0,-0.15853134860042933,0.12,0.13,0.11,0.35352208984374994,145.0,25994,720.6500244140625
SPY,SPY,2026-05-15,0.030136986301369864,P,616.0,-0.15690665287342737,0.13,0.14,0.14,0.35352208984374994,105.0,540,720.6500244140625
SPY,SPY,2026-05-15,0.030136986301369864,P,617.0,-0.1552845925015594,0.13,0.14,0.13,0.3505924316406249,16.0,1477,720.6500244140625
SPY,SPY,2026-05-15,0.030136986301369864,P,618.0,-0.1536651589492564,0.13,0.14,0.14,0.34717449707031245,5.0,525,720.6500244140625
SPY,SPY,2026-05-15,0.030136986301369864,P,619.0,-0.15204834372235113,0.13,0.14,0.12,0.3437565625,406.0,616,720.6500244140625
SPY,SPY,2026-05-15,0.030136986301369864,P,620.0,-0.15043413836780994,0.13,0.15,0.13,0.3437565625,1207.0,51271,720.6500244140625
SPY,SPY,2026-05-15,0.030136986301369864,P,621.0,-0.14882253447346835,0.14,0.15,0.15,0.3403386279296875,410.0,727,720.6500244140625
SPY,SPY,2026-05-15,0.030136986301369864,P,622.0,-0.14721352366776774,0.14,0.15,0.14,0.33740896972656254,912.0,559,720.6500244140625
SPY,SPY,2026-05-15,0.030136986301369864,P,623.0,-0.145607097619494,0.14,0.16,0.15,0.336920693359375,165.0,602,720.6500244140625
SPY,SPY,2026-05-15,0.030136986301369864,P,624.0,-0.14400324803751954,0.15,0.16,0.13,0.33350275878906255,9.0,929,720.6500244140625
SPY,SPY,2026-05-15,0.030136986301369864,P,625.0,-0.14240196667054567,0.15,0.16,0.15,0.33008482421874996,1005.0,59005,720.6500244140625
SPY,SPY,2026-05-15,0.030136986301369864,P,626.0,-0.1408032453068487,0.15,0.17,0.14,0.32959654785156245,85.0,1017,720.6500244140625
SPY,SPY,2026-05-15,0.030136986301369864,P,627.0,-0.13920707577402647,0.16,0.17,0.16,0.32617861328125,30.0,628,720.6500244140625
SPY,SPY,2026-05-15,0.030136986301369864,P,628.0,-0.13761344993874844,0.16,0.17,0.17,0.3232489550781249,65.0,3300,720.6500244140625
SPY,SPY,2026-05-15,0.030136986301369864,P,629.0,-0.13602235970650667,0.17,0.18,0.18,0.32227240234374993,79.0,1593,720.6500244140625
SPY,SPY,2026-05-15,0.030136986301369864,P,630.0,-0.13443379702136876,0.17,0.18,0.17,0.3188544677734374,15723.0,48776,720.6500244140625
SPY,SPY,2026-05-15,0.030136986301369864,P,631.0,-0.13284775386573405,0.17,0.18,0.19,0.3154365332031249,38.0,605,720.6500244140625
SPY,SPY,2026-05-15,0.030136986301369864,P,632.0,-0.13126422226008974,0.18,0.19,0.16,0.31445998046874996,14.0,761,720.6500244140625
SPY,SPY,2026-05-15,0.030136986301369864,P,633.0,-0.12968319426277103,0.18,0.19,0.2,0.31153032226562494,436.0,843,720.6500244140625
SPY,SPY,2026-05-15,0.030136986301369864,P,634.0,-0.12810466196972126,0.19,0.2,0.21,0.3100654931640625,34.0,1127,720.6500244140625
SPY,SPY,2026-05-15,0.030136986301369864,P,635.0,-0.12652861751425548,0.19,0.2,0.2,0.30689169677734374,5203.0,41873,720.6500244140625
SPY,SPY,2026-05-15,0.030136986301369864,P,636.0,-0.12495505306682504,0.2,0.21,0.18,0.305671005859375,145.0,607,720.6500244140625
SPY,SPY,2026-05-15,0.030136986301369864,P,637.0,-0.1233839608347838,0.2,0.21,0.2,0.30225307128906254,184.0,628,720.6500244140625
SPY,SPY,2026-05-15,0.030136986301369864,P,638.0,-0.12181533306215733,0.21,0.22,0.19,0.3007882421875,209.0,1000,720.6500244140625
SPY,SPY,2026-05-15,0.030136986301369864,P,639.0,-0.12024916202941235,0.21,0.22,0.19,0.29761444580078117,32.0,978,720.6500244140625
SPY,SPY,2026-05-15,0.030136986301369864,P,640.0,-0.11868544005322969,0.22,0.23,0.22,0.29614961669921874,15535.0,49738,720.6500244140625
SPY,SPY,2026-05-15,0.030136986301369864,P,641.0,-0.11712415948627714,0.22,0.23,0.24,0.2929758203124999,48.0,755,720.6500244140625
SPY,SPY,2026-05-15,0.030136986301369864,P,642.0,-0.11556531271698595,0.23,0.24,0.23,0.2912668530273437,4.0,1255,720.6500244140625
SPY,SPY,2026-05-15,0.030136986301369864,P,643.0,-0.1140088921693278,0.23,0.24,0.23,0.28784891845703114,135.0,2328,720.6500244140625
SPY,SPY,2026-05-15,0.030136986301369864,P,644.0,-0.11245489030259352,0.24,0.25,0.21,0.28613995117187496,162.0,1204,720.6500244140625
SPY,SPY,2026-05-15,0.030136986301369864,P,645.0,-0.11090329961117472,0.25,0.26,0.24,0.28443098388671867,2552.0,22689,720.6500244140625
SPY,SPY,2026-05-15,0.030136986301369864,P,646.0,-0.1093541126243453,0.25,0.26,0.25,0.2810130493164062,13.0,470,720.6500244140625
SPY,SPY,2026-05-15,0.030136986301369864,P,647.0,-0.10780732190604667,0.26,0.27,0.27,0.27930408203124996,79.0,686,720.6500244140625
SPY,SPY,2026-05-15,0.030136986301369864,P,648.0,-0.10626292005467249,0.27,0.28,0.26,0.27735097656249996,76.0,772,720.6500244140625
SPY,SPY,2026-05-15,0.030136986301369864,P,649.0,-0.10472089970285713,0.27,0.28,0.24,0.2739330419921875,185.0,700,720.6500244140625
SPY,SPY,2026-05-15,0.030136986301369864,P,650.0,-0.1031812535172644,0.28,0.29,0.29,0.27197993652343744,7924.0,117458,720.6500244140625
SPY,SPY,2026-05-15,0.030136986301369864,P,651.0,-0.1016439741983779,0.29,0.3,0.25,0.2700268310546875,90.0,2206,720.6500244140625
SPY,SPY,2026-05-15,0.030136986301369864,P,652.0,-0.10010905448029425,0.3,0.31,0.29,0.26782958740234375,137.0,3183,720.6500244140625
SPY,SPY,2026-05-15,0.030136986301369864,P,653.0,-0.09857648713051609,0.3,0.32,0.3,0.26563234375,195.0,2963,720.6500244140625
SPY,SPY,2026-05-15,0.030136986301369864,P,654.0,-0.09704626494974852,0.31,0.33,0.28,0.26343510009765625,12.0,3074,720.6500244140625
SPY,SPY,2026-05-15,0.030136986301369864,P,655.0,-0.09551838077169525,0.32,0.33,0.32,0.2600171655273438,440.0,16802,720.6500244140625
SPY,SPY,2026-05-15,0.030136986301369864,P,656.0,-0.09399282746285807,0.33,0.34,0.32,0.257819921875,101.0,2389,720.6500244140625
SPY,SPY,2026-05-15,0.030136986301369864,P,657.0,-0.09246959792233668,0.34,0.36,0.3,0.25659923095703124,105.0,2186,720.6500244140625
SPY,SPY,2026-05-15,0.030136986301369864,P,658.0,-0.09094868508162994,0.35,0.37,0.35,0.25440198730468755,229.0,2540,720.6500244140625
SPY,SPY,2026-05-15,0.030136986301369864,P,659.0,-0.08943008190443999,0.36,0.38,0.37,0.25196060546875,99.0,1308,720.6500244140625
SPY,SPY,2026-05-15,0.030136986301369864,P,660.0,-0.08791378138647593,0.37,0.39,0.38,0.24951922363281248,6778.0,50459,720.6500244140625
SPY,SPY,2026-05-15,0.030136986301369864,P,661.0,-0.08639977655526093,0.39,0.4,0.36,0.24683370361328127,402.0,2578,720.6500244140625
SPY,SPY,2026-05-15,0.030136986301369864,P,662.0,-0.08488806046993896,0.4,0.41,0.4,0.24439232177734377,202.0,2250,720.6500244140625
SPY,SPY,2026-05-15,0.030136986301369864,P,663.0,-0.0833786262210846,0.41,0.42,0.4,0.2417068017578125,157.0,1271,720.6500244140625
SPY,SPY,2026-05-15,0.030136986301369864,P,664.0,-0.08187146693051334,0.42,0.44,0.45,0.2401199035644531,68.0,1636,720.6500244140625
SPY,SPY,2026-05-15,0.030136986301369864,P,665.0,-0.080366575751093,0.44,0.45,0.43,0.23743438354492186,3081.0,25315,720.6500244140625
SPY,SPY,2026-05-15,0.030136986301369864,P,666.0,-0.07886394586655807,0.45,0.47,0.44,0.2356033471679687,485.0,3398,720.6500244140625
SPY,SPY,2026-05-15,0.030136986301369864,P,667.0,-0.07736357049132343,0.47,0.49,0.42,0.2337723107910156,97.0,2507,720.6500244140625
SPY,SPY,2026-05-15,0.030136986301369864,P,668.0,-0.0758654428703015,0.49,0.5,0.43,0.2309647216796875,43.0,20467,720.6500244140625
SPY,SPY,2026-05-15,0.030136986301369864,P,669.0,-0.07436955627871872,0.51,0.52,0.46,0.22888954711914064,127.0,6795,720.6500244140625
SPY,SPY,2026-05-15,0.030136986301369864,P,670.0,-0.07287590402193538,0.52,0.54,0.54,0.2268143725585937,3467.0,43431,720.6500244140625
SPY,SPY,2026-05-15,0.030136986301369864,P,671.0,-0.0713844794352654,0.54,0.56,0.54,0.22461712890624996,35.0,2000,720.6500244140625
SPY,SPY,2026-05-15,0.030136986301369864,P,672.0,-0.0698952758837976,0.57,0.58,0.56,0.22229781616210934,157.0,2509,720.6500244140625
SPY,SPY,2026-05-15,0.030136986301369864,P,673.0,-0.0684082867622194,0.59,0.6,0.58,0.2199785034179687,481.0,22907,720.6500244140625
SPY,SPY,2026-05-15,0.030136986301369864,P,674.0,-0.06692350549464011,0.61,0.63,0.62,0.21826953613281247,176.0,13223,720.6500244140625
SPY,SPY,2026-05-15,0.030136986301369864,P,675.0,-0.0654409255344174,0.64,0.65,0.64,0.215828154296875,1756.0,79735,720.6500244140625
SPY,SPY,2026-05-15,0.030136986301369864,P,676.0,-0.06396054036398308,0.66,0.68,0.66,0.21399711791992188,762.0,36956,720.6500244140625
SPY,SPY,2026-05-15,0.030136986301369864,P,677.0,-0.062482343494672125,0.69,0.71,0.63,0.21192194335937498,272.0,2204,720.6500244140625
SPY,SPY,2026-05-15,0.030136986301369864,P,678.0,-0.06100632846655162,0.72,0.74,0.73,0.2098467687988281,601.0,7491,720.6500244140625
SPY,SPY,2026-05-15,0.030136986301369864,P,679.0,-0.05953248884825101,0.76,0.77,0.69,0.20777159423828123,339.0,3779,720.6500244140625
SPY,SPY,2026-05-15,0.030136986301369864,P,680.0,-0.05806081823679482,0.79,0.81,0.8,0.20606262695312497,6100.0,89556,720.6500244140625
SPY,SPY,2026-05-15,0.030136986301369864,P,681.0,-0.05659131025743479,0.83,0.85,0.83,0.20423159057617185,323.0,4351,720.6500244140625
SPY,SPY,2026-05-15,0.030136986301369864,P,682.0,-0.05512395856348512,0.87,0.88,0.87,0.20179020874023437,316.0,2511,720.6500244140625
SPY,SPY,2026-05-15,0.030136986301369864,P,683.0,-0.05365875683615711,0.91,0.93,0.88,0.20020331054687499,1704.0,6452,720.6500244140625
SPY,SPY,2026-05-15,0.030136986301369864,P,684.0,-0.05219569878439666,0.95,0.97,0.96,0.1981281359863281,20369.0,31340,720.6500244140625
SPY,SPY,2026-05-15,0.030136986301369864,P,685.0,-0.050734778144721895,1.0,1.02,1.0,0.196297099609375,8900.0,37857,720.6500244140625
SPY,SPY,2026-05-15,0.030136986301369864,P,686.0,-0.049275988681061915,1.05,1.07,0.98,0.194343994140625,222.0,3084,720.6500244140625
SPY,SPY,2026-05-15,0.030136986301369864,P,687.0,-0.04781932418459787,1.1,1.13,1.08,0.19275709594726562,1327.0,2577,720.6500244140625
SPY,SPY,2026-05-15,0.030136986301369864,P,688.0,-0.04636477847360349,1.16,1.18,1.14,0.1905598522949219,3157.0,6467,720.6500244140625
SPY,SPY,2026-05-15,0.030136986301369864,P,689.0,-0.04491234539328865,1.22,1.25,1.14,0.18909502319335939,605.0,11411,720.6500244140625
SPY,SPY,2026-05-15,0.030136986301369864,P,690.0,-0.04346201881564211,1.29,1.31,1.29,0.18708088317871097,62840.0,75225,720.6500244140625
SPY,SPY,2026-05-15,0.030136986301369864,P,691.0,-0.04201379263927722,1.36,1.39,1.2,0.18567708862304685,947.0,4570,720.6500244140625
SPY,SPY,2026-05-15,0.030136986301369864,P,692.0,-0.04056766078927762,1.43,1.46,1.44,0.18372398315429686,20706.0,2122,720.6500244140625
SPY,SPY,2026-05-15,0.030136986301369864,P,693.0,-0.0391236172170439,1.51,1.54,1.53,0.18201501586914062,494.0,6218,720.6500244140625
SPY,SPY,2026-05-15,0.030136986301369864,P,694.0,-0.037681655900142705,1.59,1.61,1.6,0.179695703125,376.0,2594,720.6500244140625
SPY,SPY,2026-05-15,0.030136986301369864,P,695.0,-0.036241770842155026,1.68,1.7,1.68,0.17798673583984376,7974.0,22251,720.6500244140625
SPY,SPY,2026-05-15,0.030136986301369864,P,696.0,-0.03480395607252757,1.77,1.8,1.74,0.1763998376464844,367.0,6146,720.6500244140625
SPY,SPY,2026-05-15,0.030136986301369864,P,697.0,-0.03336820564642329,1.87,1.9,1.83,0.1746298358154297,1282.0,3622,720.6500244140625
SPY,SPY,2026-05-15,0.030136986301369864,P,698.0,-0.03193451364457465,1.98,2.02,2.01,0.17328707580566405,586.0,5916,720.6500244140625
SPY,SPY,2026-05-15,0.030136986301369864,P,699.0,-0.03050287417313693,2.09,2.12,2.07,0.17115086669921875,2580.0,5269,720.6500244140625
SPY,SPY,2026-05-15,0.030136986301369864,P,700.0,-0.029073281363542466,2.21,2.24,2.22,0.16938086486816406,14393.0,51236,720.6500244140625
SPY,SPY,2026-05-15,0.030136986301369864,P,701.0,-0.02764572937235711,2.34,2.37,2.24,0.16767189758300782,547.0,1879,720.6500244140625
SPY,SPY,2026-05-15,0.030136986301369864,P,702.0,-0.026220212381136036,2.48,2.5,2.48,0.16577982666015628,965.0,1969,720.6500244140625
SPY,SPY,2026-05-15,0.030136986301369864,P,703.0,-0.024796724596282314,2.62,2.65,2.5,0.1641929284667969,3223.0,2728,720.6500244140625
SPY,SPY,2026-05-15,0.030136986301369864,P,704.0,-0.02337526024890477,2.77,2.8,2.79,0.16239240936279298,1033.0,5499,720.6500244140625
SPY,SPY,2026-05-15,0.030136986301369864,P,705.0,-0.021955813594678467,2.94,2.96,2.96,0.16059189025878906,16635.0,23237,720.6500244140625
SPY,SPY,2026-05-15,0.030136986301369864,P,706.0,-0.02053837891370511,3.11,3.14,3.1,0.1590355093383789,1322.0,2852,720.6500244140625
SPY,SPY,2026-05-15,0.030136986301369864,P,707.0,-0.01912295051037438,3.29,3.32,3.28,0.157234990234375,2036.0,3341,720.6500244140625
SPY,SPY,2026-05-15,0.030136986301369864,P,708.0,-0.01770952271322744,3.49,3.51,3.49,0.1554039538574219,1116.0,3098,720.6500244140625
SPY,SPY,2026-05-15,0.030136986301369864,P,709.0,-0.016298089874819656,3.69,3.72,3.69,0.15375602111816405,1058.0,5278,720.6500244140625
SPY,SPY,2026-05-15,0.030136986301369864,P,710.0,-0.014888646371586113,3.91,3.94,3.9,0.15204705383300782,34111.0,20211,720.6500244140625
SPY,SPY,2026-05-15,0.030136986301369864,P,711.0,-0.013481186603706294,4.14,4.17,4.15,0.15024653472900396,1866.0,3961,720.6500244140625
SPY,SPY,2026-05-15,0.030136986301369864,P,712.0,-0.012075704994971355,4.38,4.41,4.35,0.14838498107910159,2352.0,3572,720.6500244140625
SPY,SPY,2026-05-15,0.030136986301369864,P,713.0,-0.01067219599265125,4.64,4.67,4.72,0.1466760137939453,1662.0,2791,720.6500244140625
SPY,SPY,2026-05-15,0.030136986301369864,P,714.0,-0.009270654067362752,4.91,4.94,4.84,0.14481446014404298,2061.0,4395,720.6500244140625
SPY,SPY,2026-05-15,0.030136986301369864,P,715.0,-0.007871073712939547,5.19,5.23,5.2,0.14301394104003906,4381.0,6662,720.6500244140625
SPY,SPY,2026-05-15,0.030136986301369864,P,716.0,-0.006473449446301539,5.5,5.53,5.51,0.14112187011718752,778.0,769,720.6500244140625
SPY,SPY,2026-05-15,0.030136986301369864,P,717.0,-0.0050777758073268595,5.82,5.86,5.84,0.1394434201049805,2173.0,1068,720.6500244140625
SPY,SPY,2026-05-15,0.030136986301369864,P,718.0,-0.0036840473587229877,6.16,6.2,6.17,0.13758186645507814,1626.0,3715,720.6500244140625
SPY,SPY,2026-05-15,0.030136986301369864,P,719.0,-0.002292258685900434,6.52,6.56,6.47,0.13575083007812502,988.0,3651,720.6500244140625
SPY,SPY,2026-05-15,0.030136986301369864,P,720.0,-0.0009024043968461908,6.9,6.94,6.9,0.13388927642822268,13269.0,1942,720.6500244140625
SPY,SPY,2026-05-15,0.030136986301369864,P,721.0,0.00048552087800193773,7.31,7.35,7.31,0.13221082641601564,4599.0,135,720.6500244140625
SPY,SPY,2026-05-15,0.030136986301369864,P,722.0,0.001871522485879028,7.74,7.78,7.71,0.13047134185791015,5201.0,175,720.6500244140625
SPY,SPY,2026-05-15,0.030136986301369864,P,723.0,0.003255605751817422,8.19,8.23,8.18,0.12870134002685546,4720.0,233,720.6500244140625
SPY,SPY,2026-05-15,0.030136986301369864,P,724.0,0.0046377759787692594,8.53,8.81,8.66,0.12888444366455076,2254.0,190,720.6500244140625
SPY,SPY,2026-05-15,0.030136986301369864,P,725.0,0.006018038447727607,9.09,9.29,9.26,0.1267787518310547,2492.0,3255,720.6500244140625
SPY,SPY,2026-05-15,0.030136986301369864,P,726.0,0.007396398417848856,9.54,9.86,9.11,0.12592426818847657,555.0,77,720.6500244140625
SPY,SPY,2026-05-15,0.030136986301369864,P,727.0,0.00877286112657229,10.07,10.41,10.22,0.12421530090332032,228.0,97,720.6500244140625
SPY,SPY,2026-05-15,0.030136986301369864,P,728.0,0.010147431789738832,10.63,11.02,10.75,0.12317771362304689,45.0,15,720.6500244140625
SPY,SPY,2026-05-15,0.030136986301369864,P,729.0,0.011520115601710948,11.23,12.71,10.18,0.14365480377197265,2.0,0,720.6500244140625
SPY,SPY,2026-05-15,0.030136986301369864,P,730.0,0.01289091773548955,11.87,12.2,12.1,0.11872219177246093,1601.0,850,720.6500244140625
SPY,SPY,2026-05-15,0.030136986301369864,P,731.0,0.014259843342831396,11.46,14.01,11.8,0.1420984228515625,46.0,4,720.6500244140625
SPY,SPY,2026-05-15,0.030136986301369864,P,732.0,0.01562689755436439,12.15,14.7,12.94,0.14151859466552735,42.0,52,720.6500244140625
SPY,SPY,2026-05-15,0.030136986301369864,P,733.0,0.01699208547970426,12.86,15.42,13.53,0.1412134219360352,40.0,13,720.6500244140625
SPY,SPY,2026-05-15,0.030136986301369864,P,734.0,0.018355412207568506,13.61,16.16,14.58,0.14096928375244144,21.0,7,720.6500244140625
SPY,SPY,2026-05-15,0.030136986301369864,P,735.0,0.019716882805889537,15.46,15.88,14.91,0.11420563537597657,158.0,79,720.6500244140625
SPY,SPY,2026-05-15,0.030136986301369864,P,736.0,0.021076502321929036,15.18,17.86,15.04,0.1447229083251953,1.0,5,720.6500244140625
SPY,SPY,2026-05-15,0.030136986301369864,P,737.0,0.02243427578238934,15.99,18.68,14.87,0.14545532287597657,1.0,3,720.6500244140625
SPY,SPY,2026-05-15,0.030136986301369864,P,738.0,0.02379020819352539,16.84,19.52,16.54,0.1464013583374023,2.0,4,720.6500244140625
SPY,SPY,2026-05-15,0.030136986301369864,P,739.0,0.025144304541254606,17.71,20.4,19.0,0.14814084289550783,1.0,0,720.6500244140625
SPY,SPY,2026-05-15,0.030136986301369864,P,740.0,0.02649656979126821,19.64,20.21,18.65,0.11542632629394532,35.0,83,720.6500244140625
SPY,SPY,2026-05-15,0.030136986301369864,P,741.0,0.02784700888913981,19.52,22.21,18.65,0.1524742956542969,5.0,5,720.6500244140625
SPY,SPY,2026-05-15,0.030136986301369864,P,742.0,0.02919562676043331,20.46,23.16,20.15,0.15570912658691405,3.0,0,720.6500244140625
SPY,SPY,2026-05-15,0.030136986301369864,P,743.0,0.030542428310811966,21.42,24.11,33.01,0.1588218884277344,25.0,0,720.6500244140625
SPY,SPY,2026-05-15,0.030136986301369864,P,744.0,0.031887418426144606,22.29,25.08,33.6,0.16248396118164063,,0,720.6500244140625
SPY,SPY,2026-05-15,0.030136986301369864,P,745.0,0.033230601972612406,23.28,26.07,24.7,0.16669534484863285,70.0,20,720.6500244140625
SPY,SPY,2026-05-15,0.030136986301369864,P,749.0,0.03858536711027234,27.27,30.06,39.2,0.18402915588378904,,0,720.6500244140625
SPY,SPY,2026-05-15,0.030136986301369864,P,750.0,0.03991959012340893,28.27,31.06,26.66,0.18836260864257812,4.0,38,720.6500244140625
SPY,SPY,2026-05-15,0.030136986301369864,P,755.0,0.046564132842077624,33.27,36.06,81.53,0.20948056152343747,2.0,0,720.6500244140625
SPY,SPY,2026-05-15,0.030136986301369864,P,760.0,0.053164816873429596,38.27,41.06,39.4,0.2299881689453125,1.0,5,720.6500244140625
SPY,SPY,2026-05-15,0.030136986301369864,P,765.0,0.05972221741958858,43.27,46.06,55.3,0.24994646545410154,1.0,0,720.6500244140625
SPY,SPY,2026-05-15,0.030136986301369864,P,770.0,0.0662368984407824,48.27,51.06,74.6,0.26935545104980463,3.0,0,720.6500244140625
SPY,SPY,2026-05-15,0.030136986301369864,P,775.0,0.07270941294639977,53.27,56.06,118.54,0.28833719482421866,1.0,0,720.6500244140625
SPY,SPY,2026-05-15,0.030136986301369864,P,785.0,0.08553010137546123,63.27,66.06,73.42,0.32507999145507804,1.0,0,720.6500244140625
SPY,SPY,2026-05-15,0.030136986301369864,P,790.0,0.09187932905412009,128.06,130.86,96.76,1.600252242889404,2.0,0,720.6500244140625
SPY,SPY,2026-05-15,0.030136986301369864,P,795.0,0.09818849824738474,73.27,76.06,74.99,0.36035795898437495,2.0,0,720.6500244140625
SPY,SPY,2026-05-15,0.030136986301369864,P,800.0,0.10445811126098005,78.27,81.06,79.97,0.37756970092773434,6.0,2,720.6500244140625
SPY,SPY,2026-05-15,0.030136986301369864,P,810.0,0.11688063125953722,88.27,91.06,152.37,0.4112607702636719,,0,720.6500244140625
SPY,SPY,2026-05-15,0.030136986301369864,P,830.0,0.14127208438369646,108.27,111.06,194.3,0.47559118164062497,,0,720.6500244140625
SPY,SPY,2026-05-15,0.030136986301369864,P,900.0,0.22224114691736357,178.27,181.06,185.98,0.5195360546875,,0,720.6500244140625
SPY,SPY,2026-05-15,0.030136986301369864,P,940.0,0.2657262588571023,218.27,221.06,282.14,0.6054726953125001,,0,720.6500244140625
SPY,SPY,2026-05-15,0.030136986301369864,P,995.0,0.3225891207516456,283.2,286.01,333.26,1.3417391311645503,,0,720.6500244140625
SPY,SPY,2026-05-15,0.030136986301369864,P,1000.0,0.32760166257518997,278.26,281.06,281.04,0.7231472998046875,1.0,0,720.6500244140625
SPY,SPY,2026-06-18,0.1232876712328767,C,245.0,-1.0788954058622202,475.21,478.0,478.94,1.3605989001464844,2.0,21,720.6500244140625
SPY,SPY,2026-06-18,0.1232876712328767,C,250.0,-1.0586926985447007,470.23,473.03,459.7,1.341311887207031,3.0,45,720.6500244140625
SPY,SPY,2026-06-18,0.1232876712328767,C,255.0,-1.038890071248521,465.26,468.05,454.83,1.3222690136718749,3.0,25,720.6500244140625
SPY,SPY,2026-06-18,0.1232876712328767,C,260.0,-1.0194719853914194,460.29,463.08,451.47,1.3046909765624997,1.0,11,720.6500244140625
SPY,SPY,2026-06-18,0.1232876712328767,C,265.0,-1.000423790420725,455.31,458.1,377.97,1.2851598242187499,1.0,39,720.6500244140625
SPY,SPY,2026-06-18,0.1232876712328767,C,270.0,-0.9817316574085725,450.34,453.13,374.85,1.2678259265136718,1.0,17,720.6500244140625
SPY,SPY,2026-06-18,0.1232876712328767,C,275.0,-0.9633825187403758,445.37,448.16,370.51,1.2504920288085937,1.0,14,720.6500244140625
SPY,SPY,2026-06-18,0.1232876712328767,C,280.0,-0.9453640132376975,440.39,443.18,376.5,1.231937434082031,1.0,11,720.6500244140625
SPY,SPY,2026-06-18,0.1232876712328767,C,285.0,-0.9276644361382965,435.42,438.21,359.65,1.2150918151855468,1.0,113,720.6500244140625
SPY,SPY,2026-06-18,0.1232876712328767,C,290.0,-0.9102726934264275,430.44,433.24,370.6,1.1975137780761718,2.0,248,720.6500244140625
SPY,SPY,2026-06-18,0.1232876712328767,C,295.0,-0.8931782600671273,425.47,428.26,365.56,1.1804240197753906,74.0,393,720.6500244140625
SPY,SPY,2026-06-18,0.1232876712328767,C,300.0,-0.876371141750746,420.5,423.29,426.17,1.1640666796875,2.0,474,720.6500244140625
SPY,SPY,2026-06-18,0.1232876712328767,C,305.0,-0.8598418397995355,415.52,418.32,355.02,1.1472210607910154,4.0,550,720.6500244140625
SPY,SPY,2026-06-18,0.1232876712328767,C,310.0,-0.8435813189277552,410.55,413.34,381.99,1.1303754418945315,1.0,96,720.6500244140625
SPY,SPY,2026-06-18,0.1232876712328767,C,315.0,-0.8275809775813141,405.58,408.37,344.65,1.1147505200195313,1.0,60,720.6500244140625
SPY,SPY,2026-06-18,0.1232876712328767,C,320.0,-0.811832620613175,400.6,403.4,335.76,1.0983931799316409,1.0,27,720.6500244140625
SPY,SPY,2026-06-18,0.1232876712328767,C,325.0,-0.7963284340772097,395.63,398.43,318.2,1.0827682580566407,1.0,63,720.6500244140625
SPY,SPY,2026-06-18,0.1232876712328767,C,330.0,-0.7810609619464213,390.66,393.45,320.24,1.066655057373047,3.0,15,720.6500244140625
SPY,SPY,2026-06-18,0.1232876712328767,C,335.0,-0.7660230845818807,385.69,388.48,322.43,1.0515184143066407,6.0,9,720.6500244140625
SPY,SPY,2026-06-18,0.1232876712328767,C,340.0,-0.7512079987967402,380.71,383.51,312.9,1.035649353027344,1.0,134,720.6500244140625
SPY,SPY,2026-06-18,0.1232876712328767,C,345.0,-0.7366091993755874,375.74,378.54,310.67,1.0207568493652346,1.0,156,720.6500244140625
SPY,SPY,2026-06-18,0.1232876712328767,C,350.0,-0.7222204619234878,370.77,373.56,366.46,1.0053760668945313,2.0,167,720.6500244140625
SPY,SPY,2026-06-18,0.1232876712328767,C,355.0,-0.7080358269315314,365.8,368.59,368.58,0.9904786108398438,8.0,385,720.6500244140625
SPY,SPY,2026-06-18,0.1232876712328767,C,360.0,-0.6940495849567915,360.83,363.62,353.76,0.9758303198242189,30.0,131,720.6500244140625
SPY,SPY,2026-06-18,0.1232876712328767,C,365.0,-0.6802562628244557,355.85,358.65,348.9,0.9609378906249999,19.0,128,720.6500244140625
SPY,SPY,2026-06-18,0.1232876712328767,C,370.0,-0.6666506107686772,350.88,353.68,353.6,0.9465337377929688,19.0,134,720.6500244140625
SPY,SPY,2026-06-18,0.1232876712328767,C,375.0,-0.6532275904365363,345.91,348.71,312.03,0.9321295849609376,1.0,201,720.6500244140625
SPY,SPY,2026-06-18,0.1232876712328767,C,380.0,-0.6399823636865157,340.94,343.74,303.02,0.9179695703125,4.0,139,720.6500244140625
SPY,SPY,2026-06-18,0.1232876712328767,C,385.0,-0.6269102821191629,335.97,338.77,259.03,0.9038095556640625,1.0,175,720.6500244140625
SPY,SPY,2026-06-18,0.1232876712328767,C,390.0,-0.614006877283255,331.0,333.8,314.15,0.8898936791992187,1.0,181,720.6500244140625
SPY,SPY,2026-06-18,0.1232876712328767,C,395.0,-0.6012678515058252,326.03,328.83,264.01,0.875977802734375,1.0,153,720.6500244140625
SPY,SPY,2026-06-18,0.1232876712328767,C,400.0,-0.5886890692989653,321.06,323.86,312.11,0.8620619262695313,2.0,540,720.6500244140625
SPY,SPY,2026-06-18,0.1232876712328767,C,405.0,-0.5762665493004081,316.09,318.89,304.34,0.8483901879882811,5.0,183,720.6500244140625
SPY,SPY,2026-06-18,0.1232876712328767,C,410.0,-0.5639964567085937,311.12,313.92,302.0,0.834718449707031,3.0,90,720.6500244140625
SPY,SPY,2026-06-18,0.1232876712328767,C,415.0,-0.5518750961762489,306.16,308.95,269.89,0.8215349877929687,1.0,96,720.6500244140625
SPY,SPY,2026-06-18,0.1232876712328767,C,420.0,-0.5398989051295332,301.19,303.98,293.1,0.8081073876953124,4.0,109,720.6500244140625
SPY,SPY,2026-06-18,0.1232876712328767,C,425.0,-0.5280644474825302,296.22,299.02,231.85,0.7950459948730468,1.0,182,720.6500244140625
SPY,SPY,2026-06-18,0.1232876712328767,C,430.0,-0.516368407719339,291.25,294.05,285.0,0.7817404638671875,3.0,200,720.6500244140625
SPY,SPY,2026-06-18,0.1232876712328767,C,435.0,-0.5048075853182632,286.29,289.08,278.24,0.7688011401367189,3.0,103,720.6500244140625
SPY,SPY,2026-06-18,0.1232876712328767,C,440.0,-0.49337888949464037,281.32,284.12,285.15,0.75586181640625,25.0,439,720.6500244140625
SPY,SPY,2026-06-18,0.1232876712328767,C,445.0,-0.482079334240707,276.35,279.15,214.74,0.7428004235839842,11.0,23,720.6500244140625
SPY,SPY,2026-06-18,0.1232876712328767,C,450.0,-0.4709060336425817,271.39,274.19,275.83,0.7303493762207032,2.0,206,720.6500244140625
SPY,SPY,2026-06-18,0.1232876712328767,C,455.0,-0.4598561974559967,266.42,269.22,258.75,0.7174100524902343,1.0,24,720.6500244140625
SPY,SPY,2026-06-18,0.1232876712328767,C,460.0,-0.44892712692380643,261.46,264.26,253.97,0.7050810742187501,15.0,73,720.6500244140625
SPY,SPY,2026-06-18,0.1232876712328767,C,465.0,-0.4381162108195908,256.49,259.29,249.24,0.6922638195800781,1.0,28,720.6500244140625
SPY,SPY,2026-06-18,0.1232876712328767,C,470.0,-0.42742092170284296,251.53,254.33,244.43,0.6799348413085939,1.0,89,720.6500244140625
SPY,SPY,2026-06-18,0.1232876712328767,C,475.0,-0.416838812372306,246.57,249.37,209.96,0.6677279321289065,5.0,103,720.6500244140625
SPY,SPY,2026-06-18,0.1232876712328767,C,480.0,-0.4063675125050106,241.61,244.4,237.15,0.6552768847656252,1.0,215,720.6500244140625
SPY,SPY,2026-06-18,0.1232876712328767,C,485.0,-0.39600472546946397,236.65,239.44,240.54,0.6431920446777344,1.0,143,720.6500244140625
SPY,SPY,2026-06-18,0.1232876712328767,C,490.0,-0.3857482253022748,231.69,234.48,226.51,0.6311072045898438,12.0,339,720.6500244140625
SPY,SPY,2026-06-18,0.1232876712328767,C,495.0,-0.37559585383825683,226.73,229.52,218.3,0.6190223645019532,1.0,127,720.6500244140625
SPY,SPY,2026-06-18,0.1232876712328767,C,500.0,-0.3655455179847554,221.77,224.56,225.76,0.6069375244140626,20.0,1134,720.6500244140625
SPY,SPY,2026-06-18,0.1232876712328767,C,505.0,-0.3555951871315874,216.81,219.61,212.62,0.5951578570556642,1.0,155,720.6500244140625
SPY,SPY,2026-06-18,0.1232876712328767,C,510.0,-0.3457428906885758,211.85,214.65,216.0,0.5831340515136718,4.0,441,720.6500244140625
SPY,SPY,2026-06-18,0.1232876712328767,C,515.0,-0.33598671574321104,206.9,209.7,209.39,0.5716595568847658,2.0,552,720.6500244140625
SPY,SPY,2026-06-18,0.1232876712328767,C,520.0,-0.32632480483147414,201.95,204.74,197.0,0.5598798895263672,1.0,4059,720.6500244140625
SPY,SPY,2026-06-18,0.1232876712328767,C,525.0,-0.3167553538153234,196.99,199.79,195.69,0.5481002221679689,1.0,342,720.6500244140625
SPY,SPY,2026-06-18,0.1232876712328767,C,530.0,-0.3072766098607796,192.04,194.84,191.17,0.5366257275390626,2.0,410,720.6500244140625
SPY,SPY,2026-06-18,0.1232876712328767,C,535.0,-0.29788686951094057,187.09,189.89,190.29,0.5250291638183593,1.0,525,720.6500244140625
SPY,SPY,2026-06-18,0.1232876712328767,C,540.0,-0.28858447684862715,182.15,184.94,185.37,0.5136767382812499,2.0,3491,720.6500244140625
SPY,SPY,2026-06-18,0.1232876712328767,C,545.0,-0.2793678217437031,177.2,180.0,176.4,0.5023243127441408,2.0,510,720.6500244140625
SPY,SPY,2026-06-18,0.1232876712328767,C,550.0,-0.27023533818043055,172.26,175.06,163.28,0.5368088311767578,16.0,12362,720.6500244140625
SPY,SPY,2026-06-18,0.1232876712328767,C,555.0,-0.26118550266051266,167.32,170.12,170.42,0.5242967492675781,1.0,365,720.6500244140625
SPY,SPY,2026-06-18,0.1232876712328767,C,560.0,-0.25221683267775225,162.38,165.18,164.9,0.5118457019042968,15.0,1728,720.6500244140625
SPY,SPY,2026-06-18,0.1232876712328767,C,565.0,-0.24332788526050617,157.45,160.24,161.53,0.49933361999511716,7.0,612,720.6500244140625
SPY,SPY,2026-06-18,0.1232876712328767,C,570.0,-0.23451725557835126,152.51,155.31,157.43,0.4871267108154297,2.0,5158,720.6500244140625
SPY,SPY,2026-06-18,0.1232876712328767,C,575.0,-0.22578357560959678,147.59,150.39,151.25,0.4751639398193359,2.0,3091,720.6500244140625
SPY,SPY,2026-06-18,0.1232876712328767,C,580.0,-0.21712551286648218,142.67,145.46,146.77,0.46289599609375004,4.0,1859,720.6500244140625
SPY,SPY,2026-06-18,0.1232876712328767,C,585.0,-0.20854176917509068,137.75,140.55,141.8,0.4510552941894531,6.0,415,720.6500244140625
SPY,SPY,2026-06-18,0.1232876712328767,C,590.0,-0.20003107950718202,132.84,135.54,135.29,0.43677321044921874,9.0,1754,720.6500244140625
SPY,SPY,2026-06-18,0.1232876712328767,C,595.0,-0.1915922108613174,127.93,130.72,130.21,0.4270687176513672,10.0,1769,720.6500244140625
SPY,SPY,2026-06-18,0.1232876712328767,C,600.0,-0.18322396119080075,123.03,125.82,126.29,0.41528905029296875,25.0,5090,720.6500244140625
SPY,SPY,2026-06-18,0.1232876712328767,C,605.0,-0.17492515837610578,118.13,120.93,122.43,0.4036619692993164,8.0,2614,720.6500244140625
SPY,SPY,2026-06-18,0.1232876712328767,C,610.0,-0.1666946592395903,113.26,116.05,115.2,0.3921569573974609,12.0,1579,720.6500244140625
SPY,SPY,2026-06-18,0.1232876712328767,C,615.0,-0.15853134860042933,108.38,111.18,111.73,0.3807434973144531,3.0,2385,720.6500244140625
SPY,SPY,2026-06-18,0.1232876712328767,C,620.0,-0.15043413836780994,103.53,106.32,106.88,0.36939107177734376,6.0,4830,720.6500244140625
SPY,SPY,2026-06-18,0.1232876712328767,C,625.0,-0.14240196667054567,98.68,101.48,101.95,0.3582522671508789,3.0,1738,720.6500244140625
SPY,SPY,2026-06-18,0.1232876712328767,C,630.0,-0.13443379702136876,93.86,96.66,96.87,0.3473270834350586,12.0,3152,720.6500244140625
SPY,SPY,2026-06-18,0.1232876712328767,C,635.0,-0.12652861751425548,89.05,91.85,90.8,0.33637138244628906,10.0,4028,720.6500244140625
SPY,SPY,2026-06-18,0.1232876712328767,C,640.0,-0.11868544005322969,84.26,87.07,86.55,0.32569033691406246,3.0,3171,720.6500244140625
SPY,SPY,2026-06-18,0.1232876712328767,C,645.0,-0.11090329961117472,79.53,82.31,82.69,0.31510084320068354,6.0,2658,720.6500244140625
SPY,SPY,2026-06-18,0.1232876712328767,C,650.0,-0.1031812535172644,74.78,77.59,76.77,0.3048165222167969,35.0,6492,720.6500244140625
SPY,SPY,2026-06-18,0.1232876712328767,C,655.0,-0.09551838077169525,70.1,72.89,74.58,0.2944711666870117,2.0,4276,720.6500244140625
SPY,SPY,2026-06-18,0.1232876712328767,C,660.0,-0.08791378138647593,65.44,68.24,68.57,0.28449201843261707,88.0,13612,720.6500244140625
SPY,SPY,2026-06-18,0.1232876712328767,C,661.0,-0.08639977655526093,64.52,67.31,67.75,0.28244736114501956,1.0,8,720.6500244140625
SPY,SPY,2026-06-18,0.1232876712328767,C,662.0,-0.08488806046993896,63.6,66.39,57.36,0.2805247729492187,,32,720.6500244140625
SPY,SPY,2026-06-18,0.1232876712328767,C,663.0,-0.0833786262210846,62.68,65.47,65.98,0.27857166748046874,2.0,0,720.6500244140625
SPY,SPY,2026-06-18,0.1232876712328767,C,664.0,-0.08187146693051334,61.76,64.55,65.04,0.2766185620117187,2.0,13,720.6500244140625
SPY,SPY,2026-06-18,0.1232876712328767,C,665.0,-0.080366575751093,60.85,63.63,64.58,0.2746349392700196,193.0,14040,720.6500244140625
SPY,SPY,2026-06-18,0.1232876712328767,C,667.0,-0.07736357049132343,59.02,61.81,61.87,0.2708813146972656,1.0,5,720.6500244140625
SPY,SPY,2026-06-18,0.1232876712328767,C,668.0,-0.0758654428703015,58.11,60.89,60.46,0.2688061401367187,1.0,3,720.6500244140625
SPY,SPY,2026-06-18,0.1232876712328767,C,670.0,-0.07287590402193538,56.28,59.08,58.66,0.2650525155639648,76.0,20132,720.6500244140625
SPY,SPY,2026-06-18,0.1232876712328767,C,671.0,-0.0713844794352654,55.39,58.18,52.46,0.26320622055053716,,23,720.6500244140625
SPY,SPY,2026-06-18,0.1232876712328767,C,672.0,-0.0698952758837976,54.49,57.27,48.75,0.2612073391723633,,6,720.6500244140625
SPY,SPY,2026-06-18,0.1232876712328767,C,674.0,-0.06692350549464011,52.69,55.48,47.85,0.25749949050903326,,1,720.6500244140625
SPY,SPY,2026-06-18,0.1232876712328767,C,675.0,-0.0654409255344174,51.79,54.59,54.45,0.2556837127685547,48.0,19179,720.6500244140625
SPY,SPY,2026-06-18,0.1232876712328767,C,676.0,-0.06396054036398308,50.9,53.7,54.4,0.25382215911865236,26.0,33,720.6500244140625
SPY,SPY,2026-06-18,0.1232876712328767,C,677.0,-0.062482343494672125,50.01,52.81,46.3,0.25193008819580076,,4,720.6500244140625
SPY,SPY,2026-06-18,0.1232876712328767,C,678.0,-0.06100632846655162,49.14,51.93,42.93,0.25016008636474607,,15,720.6500244140625
SPY,SPY,2026-06-18,0.1232876712328767,C,679.0,-0.05953248884825101,48.25,51.04,45.96,0.24820698089599608,,5,720.6500244140625
SPY,SPY,2026-06-18,0.1232876712328767,C,680.0,-0.05806081823679482,47.38,50.17,48.93,0.24649801361083984,107.0,17102,720.6500244140625
SPY,SPY,2026-06-18,0.1232876712328767,C,681.0,-0.05659131025743479,46.49,49.29,44.41,0.2446212013244629,,44,720.6500244140625
SPY,SPY,2026-06-18,0.1232876712328767,C,682.0,-0.05512395856348512,45.62,48.42,48.34,0.24283594085693355,3.0,1,720.6500244140625
SPY,SPY,2026-06-18,0.1232876712328767,C,683.0,-0.05365875683615711,44.75,47.55,48.24,0.24100490447998046,1.0,31,720.6500244140625
SPY,SPY,2026-06-18,0.1232876712328767,C,684.0,-0.05219569878439666,43.88,46.68,38.19,0.23917386810302732,,32,720.6500244140625
SPY,SPY,2026-06-18,0.1232876712328767,C,685.0,-0.050734778144721895,43.02,45.82,46.12,0.23740386627197263,83.0,15892,720.6500244140625
SPY,SPY,2026-06-18,0.1232876712328767,C,686.0,-0.049275988681061915,42.17,44.96,44.91,0.2356033471679687,10.0,0,720.6500244140625
SPY,SPY,2026-06-18,0.1232876712328767,C,687.0,-0.04781932418459787,41.31,44.11,44.52,0.23387912124633786,3.0,3,720.6500244140625
SPY,SPY,2026-06-18,0.1232876712328767,C,688.0,-0.04636477847360349,40.46,43.26,43.25,0.23212437805175778,5.0,2,720.6500244140625
SPY,SPY,2026-06-18,0.1232876712328767,C,689.0,-0.04491234539328865,39.61,42.41,43.5,0.23032385894775392,2.0,6,720.6500244140625
SPY,SPY,2026-06-18,0.1232876712328767,C,690.0,-0.04346201881564211,38.77,40.44,40.27,0.21559927474975588,233.0,16581,720.6500244140625
SPY,SPY,2026-06-18,0.1232876712328767,C,691.0,-0.04201379263927722,37.93,40.73,41.21,0.22684488983154294,6.0,5,720.6500244140625
SPY,SPY,2026-06-18,0.1232876712328767,C,692.0,-0.04056766078927762,37.11,39.89,39.92,0.22504437072753902,5.0,7,720.6500244140625
SPY,SPY,2026-06-18,0.1232876712328767,C,693.0,-0.0391236172170439,36.28,39.06,40.81,0.22332014480590817,34.0,16,720.6500244140625
SPY,SPY,2026-06-18,0.1232876712328767,C,694.0,-0.037681655900142705,35.44,38.24,38.86,0.22165695343017577,1.0,7,720.6500244140625
SPY,SPY,2026-06-18,0.1232876712328767,C,695.0,-0.036241770842155026,34.62,37.42,36.83,0.21994798614501948,112.0,25333,720.6500244140625
SPY,SPY,2026-06-18,0.1232876712328767,C,696.0,-0.03480395607252757,33.8,36.6,38.13,0.21820850158691402,6.0,12,720.6500244140625
SPY,SPY,2026-06-18,0.1232876712328767,C,697.0,-0.03336820564642329,33.0,35.79,35.26,0.2165147929382324,1.0,12,720.6500244140625
SPY,SPY,2026-06-18,0.1232876712328767,C,698.0,-0.03193451364457465,32.19,34.99,35.58,0.21488211883544922,1.0,7,720.6500244140625
SPY,SPY,2026-06-18,0.1232876712328767,C,699.0,-0.03050287417313693,31.44,34.19,33.55,0.21321892745971682,21.0,12,720.6500244140625
SPY,SPY,2026-06-18,0.1232876712328767,C,700.0,-0.029073281363542466,30.78,33.23,32.41,0.2098009928894043,604.0,30963,720.6500244140625
SPY,SPY,2026-06-18,0.1232876712328767,C,702.0,-0.026220212381136036,30.35,31.74,32.08,0.2073748696899414,11.0,14,720.6500244140625
SPY,SPY,2026-06-18,0.1232876712328767,C,703.0,-0.024796724596282314,28.25,30.97,30.92,0.20581848876953124,4.0,9,720.6500244140625
SPY,SPY,2026-06-18,0.1232876712328767,C,704.0,-0.02337526024890477,27.48,30.19,30.5,0.20410952148437497,12.0,6,720.6500244140625
SPY,SPY,2026-06-18,0.1232876712328767,C,705.0,-0.021955813594678467,27.03,28.71,28.34,0.1951374432373047,245.0,15826,720.6500244140625
SPY,SPY,2026-06-18,0.1232876712328767,C,706.0,-0.02053837891370511,25.96,28.67,28.49,0.2009204664611816,2.0,10,720.6500244140625
SPY,SPY,2026-06-18,0.1232876712328767,C,707.0,-0.01912295051037438,25.21,27.92,28.66,0.19934882690429687,3.0,85,720.6500244140625
SPY,SPY,2026-06-18,0.1232876712328767,C,708.0,-0.01770952271322744,24.46,27.18,27.0,0.19780770462036135,21.0,20,720.6500244140625
SPY,SPY,2026-06-18,0.1232876712328767,C,709.0,-0.016298089874819656,23.98,26.24,26.22,0.1941914077758789,3.0,128,720.6500244140625
SPY,SPY,2026-06-18,0.1232876712328767,C,710.0,-0.014888646371586113,24.29,24.5,24.59,0.18253380950927733,4105.0,34169,720.6500244140625
SPY,SPY,2026-06-18,0.1232876712328767,C,711.0,-0.013481186603706294,22.77,24.57,24.8,0.18894243682861328,55.0,1480,720.6500244140625
SPY,SPY,2026-06-18,0.1232876712328767,C,712.0,-0.012075704994971355,21.93,24.2,23.82,0.19083450775146482,18.0,155,720.6500244140625
SPY,SPY,2026-06-18,0.1232876712328767,C,713.0,-0.01067219599265125,21.15,23.19,23.29,0.18631795135498047,109.0,1487,720.6500244140625
SPY,SPY,2026-06-18,0.1232876712328767,C,714.0,-0.009270654067362752,21.32,21.71,22.18,0.1771322521972656,28.0,1672,720.6500244140625
SPY,SPY,2026-06-18,0.1232876712328767,C,715.0,-0.007871073712939547,20.74,20.95,20.85,0.1749960430908203,580.0,39411,720.6500244140625
SPY,SPY,2026-06-18,0.1232876712328767,C,716.0,-0.006473449446301539,19.48,20.86,20.91,0.17932949584960936,100.0,1130,720.6500244140625
SPY,SPY,2026-06-18,0.1232876712328767,C,717.0,-0.0050777758073268595,19.3,19.66,20.55,0.17272250625610353,10.0,1495,720.6500244140625
SPY,SPY,2026-06-18,0.1232876712328767,C,718.0,-0.0036840473587229877,18.49,19.62,20.5,0.17734587310791017,76.0,701,720.6500244140625
SPY,SPY,2026-06-18,0.1232876712328767,C,719.0,-0.002292258685900434,18.15,18.21,18.69,0.16857215713500984,50.0,291,720.6500244140625
SPY,SPY,2026-06-18,0.1232876712328767,C,720.0,-0.0009024043968461908,17.51,17.57,17.49,0.16719887985229492,1216.0,17441,720.6500244140625
SPY,SPY,2026-06-18,0.1232876712328767,C,721.0,0.00048552087800193773,16.88,16.94,17.19,0.16584086120605473,3568.0,155,720.6500244140625
SPY,SPY,2026-06-18,0.1232876712328767,C,722.0,0.001871522485879028,16.26,16.32,16.3,0.16448284255981444,628.0,1176,720.6500244140625
SPY,SPY,2026-06-18,0.1232876712328767,C,723.0,0.003255605751817422,15.65,15.71,16.47,0.16312482391357425,422.0,489,720.6500244140625
SPY,SPY,2026-06-18,0.1232876712328767,C,724.0,0.0046377759787692594,15.05,15.11,16.13,0.16178206390380856,3146.0,160,720.6500244140625
SPY,SPY,2026-06-18,0.1232876712328767,C,725.0,0.006018038447727607,14.46,14.52,14.5,0.16043930389404298,2248.0,32796,720.6500244140625
SPY,SPY,2026-06-18,0.1232876712328767,C,726.0,0.007396398417848856,13.89,13.95,14.91,0.1592033543395996,66.0,244,720.6500244140625
SPY,SPY,2026-06-18,0.1232876712328767,C,727.0,0.00877286112657229,13.33,13.39,14.73,0.15795214614868164,104.0,203,720.6500244140625
SPY,SPY,2026-06-18,0.1232876712328767,C,728.0,0.010147431789738832,12.78,12.84,13.4,0.1567161965942383,285.0,604,720.6500244140625
SPY,SPY,2026-06-18,0.1232876712328767,C,729.0,0.011520115601710948,12.24,12.3,13.13,0.15546498840332032,244.0,325,720.6500244140625
SPY,SPY,2026-06-18,0.1232876712328767,C,730.0,0.01289091773548955,11.72,11.77,11.72,0.15419852157592773,1687.0,17950,720.6500244140625
SPY,SPY,2026-06-18,0.1232876712328767,C,731.0,0.014259843342831396,11.2,11.26,12.03,0.15302360656738284,105.0,305,720.6500244140625
SPY,SPY,2026-06-18,0.1232876712328767,C,732.0,0.01562689755436439,10.7,10.76,11.39,0.1518486915588379,108.0,289,720.6500244140625
SPY,SPY,2026-06-18,0.1232876712328767,C,733.0,0.01699208547970426,10.22,10.27,10.84,0.1506585179138184,97.0,518,720.6500244140625
SPY,SPY,2026-06-18,0.1232876712328767,C,734.0,0.018355412207568506,9.75,9.8,10.48,0.14954463745117189,94.0,7674,720.6500244140625
SPY,SPY,2026-06-18,0.1232876712328767,C,735.0,0.019716882805889537,9.29,9.34,9.29,0.148446015625,983.0,18078,720.6500244140625
SPY,SPY,2026-06-18,0.1232876712328767,C,736.0,0.021076502321929036,8.84,8.89,9.53,0.14731687652587894,120.0,494,720.6500244140625
SPY,SPY,2026-06-18,0.1232876712328767,C,737.0,0.02243427578238934,8.4,8.46,9.16,0.14626403060913085,74.0,424,720.6500244140625
SPY,SPY,2026-06-18,0.1232876712328767,C,738.0,0.02379020819352539,7.98,8.04,8.63,0.1452111846923828,216.0,385,720.6500244140625
SPY,SPY,2026-06-18,0.1232876712328767,C,739.0,0.025144304541254606,7.58,7.63,7.9,0.14414308013916016,209.0,358,720.6500244140625
SPY,SPY,2026-06-18,0.1232876712328767,C,740.0,0.02649656979126821,7.19,7.24,7.22,0.14315126876831058,6405.0,33655,720.6500244140625
SPY,SPY,2026-06-18,0.1232876712328767,C,741.0,0.02784700888913981,6.81,6.86,7.48,0.14215945739746094,157.0,626,720.6500244140625
SPY,SPY,2026-06-18,0.1232876712328767,C,742.0,0.02919562676043331,6.44,6.49,6.9,0.14112187011718752,223.0,390,720.6500244140625
SPY,SPY,2026-06-18,0.1232876712328767,C,743.0,0.030542428310811966,6.09,6.14,6.57,0.14020635192871095,154.0,309,720.6500244140625
SPY,SPY,2026-06-18,0.1232876712328767,C,744.0,0.031887418426144606,5.75,5.8,5.92,0.1392603164672852,268.0,306,720.6500244140625
SPY,SPY,2026-06-18,0.1232876712328767,C,745.0,0.033230601972612406,5.42,5.47,5.45,0.13831428100585938,1396.0,19487,720.6500244140625
SPY,SPY,2026-06-18,0.1232876712328767,C,746.0,0.034571983796813685,5.11,5.16,5.14,0.13744453872680668,566.0,146,720.6500244140625
SPY,SPY,2026-06-18,0.1232876712328767,C,747.0,0.03591156872587008,4.81,4.85,5.18,0.13645272735595704,497.0,140,720.6500244140625
SPY,SPY,2026-06-18,0.1232876712328767,C,748.0,0.03724936156753016,4.52,4.57,4.89,0.1356897955322266,753.0,274,720.6500244140625
SPY,SPY,2026-06-18,0.1232876712328767,C,749.0,0.03858536711027234,4.25,4.29,4.65,0.13478953598022464,490.0,329,720.6500244140625
SPY,SPY,2026-06-18,0.1232876712328767,C,750.0,0.03991959012340893,3.99,4.03,4.0,0.13401134552001953,4583.0,23772,720.6500244140625
SPY,SPY,2026-06-18,0.1232876712328767,C,751.0,0.04125203535718749,3.74,3.78,3.75,0.1332178964233398,527.0,493,720.6500244140625
SPY,SPY,2026-06-18,0.1232876712328767,C,755.0,0.046564132842077624,2.86,2.9,2.89,0.13034927276611324,754.0,11450,720.6500244140625
SPY,SPY,2026-06-18,0.1232876712328767,C,760.0,0.053164816873429596,2.02,2.05,2.04,0.1274501318359375,3234.0,11643,720.6500244140625
SPY,SPY,2026-06-18,0.1232876712328767,C,765.0,0.05972221741958858,1.4,1.43,1.42,0.12525288818359376,2609.0,11118,720.6500244140625
SPY,SPY,2026-06-18,0.1232876712328767,C,770.0,0.0662368984407824,0.97,0.99,0.98,0.12378805908203125,517.0,10914,720.6500244140625
SPY,SPY,2026-06-18,0.1232876712328767,C,775.0,0.07270941294639977,0.68,0.69,0.68,0.12317771362304689,549.0,5547,720.6500244140625
SPY,SPY,2026-06-18,0.1232876712328767,C,780.0,0.07914030327669032,0.48,0.5,0.48,0.12391012817382813,276.0,6132,720.6500244140625
SPY,SPY,2026-06-18,0.1232876712328767,C,785.0,0.08553010137546123,0.35,0.37,0.38,0.1251918536376953,61.0,4104,720.6500244140625
SPY,SPY,2026-06-18,0.1232876712328767,C,790.0,0.09187932905412009,0.26,0.28,0.33,0.12696185546875,271.0,7377,720.6500244140625
SPY,SPY,2026-06-18,0.1232876712328767,C,795.0,0.09818849824738474,0.2,0.22,0.22,0.12952530639648438,38.0,3447,720.6500244140625
SPY,SPY,2026-06-18,0.1232876712328767,C,800.0,0.10445811126098005,0.16,0.17,0.16,0.13160048095703125,335.0,20204,720.6500244140625
SPY,SPY,2026-06-18,0.1232876712328767,C,805.0,0.11068866101161623,0.12,0.14,0.16,0.13477427734375003,2.0,1019,720.6500244140625
SPY,SPY,2026-06-18,0.1232876712328767,C,810.0,0.11688063125953722,0.1,0.11,0.12,0.13721565917968753,2.0,7495,720.6500244140625
SPY,SPY,2026-06-18,0.1232876712328767,C,815.0,0.1230344968339156,0.08,0.1,0.1,0.141610146484375,27.0,2539,720.6500244140625
SPY,SPY,2026-06-18,0.1232876712328767,C,820.0,0.1291507238513516,0.07,0.08,0.07,0.14405152832031248,82.0,17790,720.6500244140625
SPY,SPY,2026-06-18,0.1232876712328767,C,825.0,0.1352297699277339,0.06,0.07,0.07,0.14795773925781253,21.0,8899,720.6500244140625
SPY,SPY,2026-06-18,0.1232876712328767,C,830.0,0.14127208438369646,0.05,0.06,0.06,0.15088739746093754,6.0,5461,720.6500244140625
SPY,SPY,2026-06-18,0.1232876712328767,C,835.0,0.14727810844390823,0.04,0.05,0.05,0.1538170556640625,10.0,6319,720.6500244140625
SPY,SPY,2026-06-18,0.1232876712328767,C,840.0,0.15324827543041217,0.04,0.05,0.04,0.159188095703125,2300.0,12631,720.6500244140625
SPY,SPY,2026-06-18,0.1232876712328767,C,845.0,0.15918301095022663,0.03,0.04,0.04,0.161141201171875,1239.0,11707,720.6500244140625
SPY,SPY,2026-06-18,0.1232876712328767,C,850.0,0.16508273307741503,0.03,0.04,0.03,0.16602396484375004,9.0,17808,720.6500244140625
SPY,SPY,2026-06-18,0.1232876712328767,C,855.0,0.17094785252981304,0.02,0.03,0.03,0.16700051757812504,1180.0,6750,720.6500244140625
SPY,SPY,2026-06-18,0.1232876712328767,C,860.0,0.17677877284060634,0.02,0.03,0.03,0.17188328125000002,30.0,11505,720.6500244140625
SPY,SPY,2026-06-18,0.1232876712328767,C,865.0,0.18257589052493214,0.02,0.03,0.02,0.176766044921875,10.0,14037,720.6500244140625
SPY,SPY,2026-06-18,0.1232876712328767,C,870.0,0.18833959524168217,0.02,0.03,0.03,0.18262536132812499,6.0,15000,720.6500244140625
SPY,SPY,2026-06-18,0.1232876712328767,C,875.0,0.19407026995066728,0.01,0.02,0.02,0.180672255859375,12.0,1133,720.6500244140625
SPY,SPY,2026-06-18,0.1232876712328767,C,880.0,0.19976829106530494,0.01,0.02,0.02,0.18555501953124998,10.0,1451,720.6500244140625
SPY,SPY,2026-06-18,0.1232876712328767,C,885.0,0.2054340286009824,0.01,0.02,0.02,0.18946123046875002,6.0,11714,720.6500244140625
SPY,SPY,2026-06-18,0.1232876712328767,C,890.0,0.21106784631923833,0.01,0.02,0.02,0.195320546875,16.0,5687,720.6500244140625
SPY,SPY,2026-06-18,0.1232876712328767,C,895.0,0.21667010186790828,0.01,0.02,0.01,0.1992267578125,10.0,4243,720.6500244140625
SPY,SPY,2026-06-18,0.1232876712328767,C,900.0,0.22224114691736357,0.01,0.02,0.02,0.20410952148437497,7.0,3156,720.6500244140625
SPY,SPY,2026-06-18,0.1232876712328767,C,905.0,0.22778132729297887,0.01,0.02,0.01,0.20899228515624996,170.0,1543,720.6500244140625
SPY,SPY,2026-06-18,0.1232876712328767,C,910.0,0.23329098310394858,0.0,0.02,0.01,0.21289849609375,24.0,1525,720.6500244140625
SPY,SPY,2026-06-18,0.1232876712328767,C,915.0,0.2387704488685741,0.01,0.02,0.01,0.21875781249999998,1.0,1969,720.6500244140625
SPY,SPY,2026-06-18,0.1232876712328767,C,920.0,0.24422005363613888,0.01,0.02,0.01,0.22266402343749997,800.0,1258,720.6500244140625
SPY,SPY,2026-06-18,0.1232876712328767,C,925.0,0.249640121105478,0.01,0.02,0.01,0.22657023437499998,2798.0,4279,720.6500244140625
SPY,SPY,2026-06-18,0.1232876712328767,C,930.0,0.25503096974035455,0.01,0.02,0.01,0.2304764453125,1348.0,2361,720.6500244140625
SPY,SPY,2026-06-18,0.1232876712328767,C,935.0,0.2603929128817398,0.01,0.02,0.01,0.23633576171874998,400.0,1526,720.6500244140625
SPY,SPY,2026-06-18,0.1232876712328767,C,940.0,0.2657262588571023,0.0,0.02,0.01,0.24024197265624997,2319.0,3944,720.6500244140625
SPY,SPY,2026-06-18,0.1232876712328767,C,945.0,0.2710313110867956,0.0,0.01,0.01,0.2304764453125,100.0,2954,720.6500244140625
SPY,SPY,2026-06-18,0.1232876712328767,C,950.0,0.2763083681876393,0.0,0.01,0.01,0.23438265625,307.0,347,720.6500244140625
SPY,SPY,2026-06-18,0.1232876712328767,C,955.0,0.28155772407378316,0.0,0.01,0.01,0.23828886718749998,1.0,206,720.6500244140625
SPY,SPY,2026-06-18,0.1232876712328767,C,960.0,0.2867796680549347,0.0,0.01,0.01,0.242195078125,298.0,1782,720.6500244140625
SPY,SPY,2026-06-18,0.1232876712328767,C,965.0,0.2919744849320388,0.0,0.01,0.01,0.2461012890625,700.0,8837,720.6500244140625
SPY,SPY,2026-06-18,0.1232876712328767,C,970.0,0.29714245509048137,0.0,0.01,0.01,0.2500075,25.0,5214,720.6500244140625
SPY,SPY,2026-06-18,0.1232876712328767,C,975.0,0.30228385459089996,0.0,0.01,0.01,0.25391371093750004,10.0,3504,720.6500244140625
SPY,SPY,2026-06-18,0.1232876712328767,C,980.0,0.30739895525767047,0.0,0.01,0.01,0.257819921875,10.0,4231,720.6500244140625
SPY,SPY,2026-06-18,0.1232876712328767,C,985.0,0.31248802476514165,0.0,0.01,0.01,0.2617261328125,24.0,3288,720.6500244140625
SPY,SPY,2026-06-18,0.1232876712328767,C,990.0,0.3175513267216885,0.0,0.01,0.01,0.26563234375,17.0,3443,720.6500244140625
SPY,SPY,2026-06-18,0.1232876712328767,C,995.0,0.3225891207516456,0.0,0.01,0.01,0.2695385546875,9.0,2399,720.6500244140625
SPY,SPY,2026-06-18,0.1232876712328767,C,1000.0,0.32760166257518997,0.0,0.01,0.01,0.273444765625,1.0,3011,720.6500244140625
SPY,SPY,2026-06-18,0.1232876712328767,P,245.0,-1.0788954058622202,0.01,0.02,0.01,0.8984385156249999,3.0,42413,720.6500244140625
SPY,SPY,2026-06-18,0.1232876712328767,P,250.0,-1.0586926985447007,0.01,0.02,0.02,0.8828136718749999,113.0,27339,720.6500244140625
SPY,SPY,2026-06-18,0.1232876712328767,P,255.0,-1.038890071248521,0.01,0.02,0.02,0.867188828125,2477.0,4022,720.6500244140625
SPY,SPY,2026-06-18,0.1232876712328767,P,260.0,-1.0194719853914194,0.01,0.02,0.02,0.851563984375,30.0,5571,720.6500244140625
SPY,SPY,2026-06-18,0.1232876712328767,P,265.0,-1.000423790420725,0.01,0.02,0.03,0.8359391406249999,5.0,2948,720.6500244140625
SPY,SPY,2026-06-18,0.1232876712328767,P,270.0,-0.9817316574085725,0.01,0.03,0.02,0.8437515624999999,5.0,8344,720.6500244140625
SPY,SPY,2026-06-18,0.1232876712328767,P,275.0,-0.9633825187403758,0.01,0.03,0.02,0.8281267187499999,13.0,4380,720.6500244140625
SPY,SPY,2026-06-18,0.1232876712328767,P,280.0,-0.9453640132376975,0.02,0.03,0.02,0.8242205078124999,3.0,4647,720.6500244140625
SPY,SPY,2026-06-18,0.1232876712328767,P,285.0,-0.9276644361382965,0.02,0.03,0.03,0.8125018749999999,1.0,5445,720.6500244140625
SPY,SPY,2026-06-18,0.1232876712328767,P,290.0,-0.9102726934264275,0.02,0.03,0.03,0.79687703125,1.0,5333,720.6500244140625
SPY,SPY,2026-06-18,0.1232876712328767,P,295.0,-0.8931782600671273,0.02,0.04,0.03,0.7929708203125,15.0,7115,720.6500244140625
SPY,SPY,2026-06-18,0.1232876712328767,P,300.0,-0.876371141750746,0.02,0.04,0.03,0.7773459765625,406.0,26459,720.6500244140625
SPY,SPY,2026-06-18,0.1232876712328767,P,305.0,-0.8598418397995355,0.03,0.04,0.04,0.773439765625,2.0,4923,720.6500244140625
SPY,SPY,2026-06-18,0.1232876712328767,P,310.0,-0.8435813189277552,0.03,0.04,0.04,0.7617211328125001,40.0,4852,720.6500244140625
SPY,SPY,2026-06-18,0.1232876712328767,P,315.0,-0.8275809775813141,0.03,0.05,0.04,0.7539087109375,78.0,3066,720.6500244140625
SPY,SPY,2026-06-18,0.1232876712328767,P,320.0,-0.811832620613175,0.04,0.05,0.04,0.7480493945312501,417.0,1541,720.6500244140625
SPY,SPY,2026-06-18,0.1232876712328767,P,325.0,-0.7963284340772097,0.04,0.05,0.04,0.73437765625,460.0,3182,720.6500244140625
SPY,SPY,2026-06-18,0.1232876712328767,P,330.0,-0.7810609619464213,0.04,0.05,0.05,0.7226590234375,611.0,2370,720.6500244140625
SPY,SPY,2026-06-18,0.1232876712328767,P,335.0,-0.7660230845818807,0.04,0.05,0.05,0.7070341796875,130.0,1010,720.6500244140625
SPY,SPY,2026-06-18,0.1232876712328767,P,340.0,-0.7512079987967402,0.05,0.06,0.06,0.7070341796875,15.0,3290,720.6500244140625
SPY,SPY,2026-06-18,0.1232876712328767,P,345.0,-0.7366091993755874,0.05,0.06,0.06,0.6953155468750001,12.0,4076,720.6500244140625
SPY,SPY,2026-06-18,0.1232876712328767,P,350.0,-0.7222204619234878,0.05,0.07,0.06,0.6875031250000001,3.0,17066,720.6500244140625
SPY,SPY,2026-06-18,0.1232876712328767,P,355.0,-0.7080358269315314,0.06,0.07,0.06,0.6796907031250001,63.0,2866,720.6500244140625
SPY,SPY,2026-06-18,0.1232876712328767,P,360.0,-0.6940495849567915,0.06,0.07,0.06,0.6660189648437502,27.0,10836,720.6500244140625
SPY,SPY,2026-06-18,0.1232876712328767,P,365.0,-0.6802562628244557,0.06,0.07,0.06,0.6543003320312502,214.0,1408,720.6500244140625
SPY,SPY,2026-06-18,0.1232876712328767,P,370.0,-0.6666506107686772,0.07,0.08,0.07,0.65039412109375,22.0,1392,720.6500244140625
SPY,SPY,2026-06-18,0.1232876712328767,P,375.0,-0.6532275904365363,0.07,0.09,0.07,0.641605146484375,11.0,2908,720.6500244140625
SPY,SPY,2026-06-18,0.1232876712328767,P,380.0,-0.6399823636865157,0.08,0.09,0.07,0.632816171875,2.0,1450,720.6500244140625
SPY,SPY,2026-06-18,0.1232876712328767,P,385.0,-0.6269102821191629,0.08,0.1,0.08,0.6250037500000001,6.0,9852,720.6500244140625
SPY,SPY,2026-06-18,0.1232876712328767,P,390.0,-0.614006877283255,0.09,0.1,0.09,0.6152382226562501,11.0,1240,720.6500244140625
SPY,SPY,2026-06-18,0.1232876712328767,P,395.0,-0.6012678515058252,0.09,0.1,0.1,0.6035195898437502,15.0,1673,720.6500244140625
SPY,SPY,2026-06-18,0.1232876712328767,P,400.0,-0.5886890692989653,0.1,0.11,0.11,0.5976602734375001,43.0,19846,720.6500244140625
SPY,SPY,2026-06-18,0.1232876712328767,P,405.0,-0.5762665493004081,0.11,0.12,0.11,0.5918009570312501,12.0,1122,720.6500244140625
SPY,SPY,2026-06-18,0.1232876712328767,P,410.0,-0.5639964567085937,0.11,0.12,0.11,0.5800823242187501,39.0,6447,720.6500244140625
SPY,SPY,2026-06-18,0.1232876712328767,P,415.0,-0.5518750961762489,0.12,0.14,0.11,0.5751995605468749,8.0,1220,720.6500244140625
SPY,SPY,2026-06-18,0.1232876712328767,P,420.0,-0.5398989051295332,0.13,0.14,0.12,0.5664105859375,19.0,15797,720.6500244140625
SPY,SPY,2026-06-18,0.1232876712328767,P,425.0,-0.5280644474825302,0.14,0.15,0.16,0.5585981640625001,32.0,25723,720.6500244140625
SPY,SPY,2026-06-18,0.1232876712328767,P,430.0,-0.516368407719339,0.15,0.16,0.16,0.5507857421875001,30.0,4923,720.6500244140625
SPY,SPY,2026-06-18,0.1232876712328767,P,435.0,-0.5048075853182632,0.16,0.17,0.16,0.5434615966796876,2.0,5218,720.6500244140625
SPY,SPY,2026-06-18,0.1232876712328767,P,440.0,-0.49337888949464037,0.17,0.18,0.17,0.5356491748046875,12.0,7927,720.6500244140625
SPY,SPY,2026-06-18,0.1232876712328767,P,445.0,-0.482079334240707,0.18,0.19,0.19,0.5273484765625001,79.0,4367,720.6500244140625
SPY,SPY,2026-06-18,0.1232876712328767,P,450.0,-0.4709060336425817,0.19,0.2,0.19,0.5195360546875,148.0,23279,720.6500244140625
SPY,SPY,2026-06-18,0.1232876712328767,P,455.0,-0.4598561974559967,0.2,0.21,0.19,0.5112353564453125,293.0,2196,720.6500244140625
SPY,SPY,2026-06-18,0.1232876712328767,P,460.0,-0.44892712692380643,0.21,0.22,0.23,0.5029346582031251,11.0,9377,720.6500244140625
SPY,SPY,2026-06-18,0.1232876712328767,P,465.0,-0.4381162108195908,0.22,0.23,0.24,0.49561051269531253,23.0,3475,720.6500244140625
SPY,SPY,2026-06-18,0.1232876712328767,P,470.0,-0.42742092170284296,0.23,0.25,0.24,0.4892629199218751,12.0,6739,720.6500244140625
SPY,SPY,2026-06-18,0.1232876712328767,P,475.0,-0.416838812372306,0.25,0.26,0.23,0.4804739453125,20.0,10022,720.6500244140625
SPY,SPY,2026-06-18,0.1232876712328767,P,480.0,-0.4063675125050106,0.26,0.27,0.28,0.471684970703125,167.0,113854,720.6500244140625
SPY,SPY,2026-06-18,0.1232876712328767,P,485.0,-0.39600472546946397,0.28,0.29,0.27,0.46484910156250003,25.0,8820,720.6500244140625
SPY,SPY,2026-06-18,0.1232876712328767,P,490.0,-0.3857482253022748,0.29,0.31,0.29,0.4580132324218751,841.0,3117,720.6500244140625
SPY,SPY,2026-06-18,0.1232876712328767,P,495.0,-0.37559585383825683,0.31,0.32,0.3,0.44873598144531246,3.0,2692,720.6500244140625
SPY,SPY,2026-06-18,0.1232876712328767,P,500.0,-0.3655455179847554,0.33,0.34,0.33,0.4414118359375,268.0,31942,720.6500244140625
SPY,SPY,2026-06-18,0.1232876712328767,P,505.0,-0.3555951871315874,0.35,0.36,0.34,0.43408769042968753,4.0,5877,720.6500244140625
SPY,SPY,2026-06-18,0.1232876712328767,P,510.0,-0.3457428906885758,0.37,0.38,0.37,0.42627526855468756,91.0,10085,720.6500244140625
SPY,SPY,2026-06-18,0.1232876712328767,P,515.0,-0.33598671574321104,0.39,0.4,0.36,0.4184628466796875,20.0,6133,720.6500244140625
SPY,SPY,2026-06-18,0.1232876712328767,P,520.0,-0.32632480483147414,0.41,0.43,0.4,0.4116269775390625,53.0,13259,720.6500244140625
SPY,SPY,2026-06-18,0.1232876712328767,P,525.0,-0.3167553538153234,0.44,0.45,0.43,0.4035704174804688,23.0,13550,720.6500244140625
SPY,SPY,2026-06-18,0.1232876712328767,P,530.0,-0.3072766098607796,0.46,0.48,0.44,0.39649041015625003,839.0,215441,720.6500244140625
SPY,SPY,2026-06-18,0.1232876712328767,P,535.0,-0.29788686951094057,0.49,0.51,0.48,0.3891662646484375,219.0,8129,720.6500244140625
SPY,SPY,2026-06-18,0.1232876712328767,P,540.0,-0.28858447684862715,0.52,0.54,0.51,0.3815979809570312,31.0,8666,720.6500244140625
SPY,SPY,2026-06-18,0.1232876712328767,P,545.0,-0.2793678217437031,0.55,0.57,0.54,0.37390762817382805,10.0,3763,720.6500244140625
SPY,SPY,2026-06-18,0.1232876712328767,P,550.0,-0.27023533818043055,0.59,0.6,0.6,0.36597313720703123,793.0,52164,720.6500244140625
SPY,SPY,2026-06-18,0.1232876712328767,P,555.0,-0.26118550266051266,0.63,0.64,0.63,0.3588931298828125,90.0,8875,720.6500244140625
SPY,SPY,2026-06-18,0.1232876712328767,P,560.0,-0.25221683267775225,0.67,0.68,0.65,0.35156898437499995,12.0,12722,720.6500244140625
SPY,SPY,2026-06-18,0.1232876712328767,P,565.0,-0.24332788526050617,0.71,0.73,0.67,0.344733115234375,220.0,6107,720.6500244140625
SPY,SPY,2026-06-18,0.1232876712328767,P,570.0,-0.23451725557835126,0.76,0.78,0.77,0.3375310388183594,935.0,19367,720.6500244140625
SPY,SPY,2026-06-18,0.1232876712328767,P,575.0,-0.22578357560959678,0.81,0.83,0.79,0.33020689331054687,290.0,19311,720.6500244140625
SPY,SPY,2026-06-18,0.1232876712328767,P,580.0,-0.21712551286648218,0.87,0.88,0.87,0.32263860961914054,410.0,127980,720.6500244140625
SPY,SPY,2026-06-18,0.1232876712328767,P,585.0,-0.20854176917509068,0.93,0.95,0.94,0.31592480957031244,112.0,44879,720.6500244140625
SPY,SPY,2026-06-18,0.1232876712328767,P,590.0,-0.20003107950718202,1.0,1.01,1.01,0.30847859497070307,175.0,18140,720.6500244140625
SPY,SPY,2026-06-18,0.1232876712328767,P,595.0,-0.1915922108613174,1.07,1.09,1.06,0.3016427258300781,50080.0,76830,720.6500244140625
SPY,SPY,2026-06-18,0.1232876712328767,P,600.0,-0.18322396119080075,1.16,1.17,1.17,0.29456271850585936,7101.0,81792,720.6500244140625
SPY,SPY,2026-06-18,0.1232876712328767,P,605.0,-0.17492515837610578,1.24,1.26,1.25,0.2876047802734374,596.0,18812,720.6500244140625
SPY,SPY,2026-06-18,0.1232876712328767,P,610.0,-0.1666946592395903,1.35,1.36,1.35,0.28064684204101553,2379.0,29966,720.6500244140625
SPY,SPY,2026-06-18,0.1232876712328767,P,615.0,-0.15853134860042933,1.46,1.47,1.46,0.2738109729003906,7345.0,8337,720.6500244140625
SPY,SPY,2026-06-18,0.1232876712328767,P,620.0,-0.15043413836780994,1.58,1.6,1.6,0.2672192419433594,11075.0,43328,720.6500244140625
SPY,SPY,2026-06-18,0.1232876712328767,P,625.0,-0.14240196667054567,1.72,1.74,1.73,0.26044440734863283,797.0,26621,720.6500244140625
SPY,SPY,2026-06-18,0.1232876712328767,P,630.0,-0.13443379702136876,1.89,1.91,1.9,0.2542188836669922,12821.0,57517,720.6500244140625
SPY,SPY,2026-06-18,0.1232876712328767,P,635.0,-0.12652861751425548,2.07,2.09,2.08,0.24768818725585937,274.0,18018,720.6500244140625
SPY,SPY,2026-06-18,0.1232876712328767,P,640.0,-0.11868544005322969,2.28,2.3,2.29,0.2414016290283203,2373.0,29503,720.6500244140625
SPY,SPY,2026-06-18,0.1232876712328767,P,645.0,-0.11090329961117472,2.51,2.53,2.5,0.23493196716308595,1664.0,12649,720.6500244140625
SPY,SPY,2026-06-18,0.1232876712328767,P,650.0,-0.1031812535172644,2.78,2.8,2.78,0.228797995300293,21257.0,60920,720.6500244140625
SPY,SPY,2026-06-18,0.1232876712328767,P,655.0,-0.09551838077169525,3.08,3.11,3.07,0.22275557525634765,1399.0,16068,720.6500244140625
SPY,SPY,2026-06-18,0.1232876712328767,P,660.0,-0.08791378138647593,3.43,3.45,3.43,0.21649953430175778,12428.0,55002,720.6500244140625
SPY,SPY,2026-06-18,0.1232876712328767,P,661.0,-0.08639977655526093,3.5,3.53,3.42,0.21540091247558596,106.0,460,720.6500244140625
SPY,SPY,2026-06-18,0.1232876712328767,P,662.0,-0.08488806046993896,3.58,3.61,3.5,0.2142412561035156,185.0,350,720.6500244140625
SPY,SPY,2026-06-18,0.1232876712328767,P,663.0,-0.0833786262210846,3.66,3.69,3.48,0.21302056518554688,193.0,234,720.6500244140625
SPY,SPY,2026-06-18,0.1232876712328767,P,664.0,-0.08187146693051334,3.74,3.77,3.5,0.2117998742675781,68.0,260,720.6500244140625
SPY,SPY,2026-06-18,0.1232876712328767,P,665.0,-0.080366575751093,3.82,3.85,3.74,0.21051814880371095,876.0,13943,720.6500244140625
SPY,SPY,2026-06-18,0.1232876712328767,P,666.0,-0.07886394586655807,3.91,3.94,3.82,0.2093890097045898,123.0,345,720.6500244140625
SPY,SPY,2026-06-18,0.1232876712328767,P,667.0,-0.07736357049132343,3.99,4.02,3.78,0.20804624969482416,69.0,323,720.6500244140625
SPY,SPY,2026-06-18,0.1232876712328767,P,668.0,-0.0758654428703015,4.08,4.11,4.12,0.20685607604980466,73.0,283,720.6500244140625
SPY,SPY,2026-06-18,0.1232876712328767,P,669.0,-0.07436955627871872,4.17,4.21,4.04,0.20575745422363279,217.0,200,720.6500244140625
SPY,SPY,2026-06-18,0.1232876712328767,P,670.0,-0.07287590402193538,4.27,4.3,4.26,0.20447572875976558,5319.0,28951,720.6500244140625
SPY,SPY,2026-06-18,0.1232876712328767,P,671.0,-0.0713844794352654,4.36,4.4,4.21,0.20331607238769528,301.0,369,720.6500244140625
SPY,SPY,2026-06-18,0.1232876712328767,P,672.0,-0.0698952758837976,4.46,4.5,4.17,0.20209538146972655,119.0,339,720.6500244140625
SPY,SPY,2026-06-18,0.1232876712328767,P,673.0,-0.0684082867622194,4.57,4.6,4.52,0.20087469055175777,67.0,136,720.6500244140625
SPY,SPY,2026-06-18,0.1232876712328767,P,674.0,-0.06692350549464011,4.67,4.7,4.59,0.19956244781494142,109.0,206,720.6500244140625
SPY,SPY,2026-06-18,0.1232876712328767,P,675.0,-0.0654409255344174,4.78,4.81,4.8,0.1984027914428711,3112.0,21699,720.6500244140625
SPY,SPY,2026-06-18,0.1232876712328767,P,676.0,-0.06396054036398308,4.89,4.92,4.56,0.19718210052490232,90.0,1807,720.6500244140625
SPY,SPY,2026-06-18,0.1232876712328767,P,677.0,-0.062482343494672125,5.01,5.04,4.76,0.19605296142578127,77.0,531,720.6500244140625
SPY,SPY,2026-06-18,0.1232876712328767,P,678.0,-0.06100632846655162,5.12,5.14,5.14,0.19458813232421873,213.0,1180,720.6500244140625
SPY,SPY,2026-06-18,0.1232876712328767,P,679.0,-0.05953248884825101,5.24,5.28,5.05,0.19367261413574222,91.0,384,720.6500244140625
SPY,SPY,2026-06-18,0.1232876712328767,P,680.0,-0.05806081823679482,5.37,5.4,5.38,0.1924214059448242,4459.0,46409,720.6500244140625
SPY,SPY,2026-06-18,0.1232876712328767,P,681.0,-0.05659131025743479,5.49,5.53,5.35,0.19126174957275394,70.0,243,720.6500244140625
SPY,SPY,2026-06-18,0.1232876712328767,P,682.0,-0.05512395856348512,5.62,5.66,5.38,0.1900410586547852,48.0,205,720.6500244140625
SPY,SPY,2026-06-18,0.1232876712328767,P,683.0,-0.05365875683615711,5.76,5.79,5.51,0.1887898504638672,126.0,232,720.6500244140625
SPY,SPY,2026-06-18,0.1232876712328767,P,684.0,-0.05219569878439666,5.89,5.93,5.9,0.18763019409179688,8199.0,7157,720.6500244140625
SPY,SPY,2026-06-18,0.1232876712328767,P,685.0,-0.050734778144721895,6.03,6.07,6.06,0.18640950317382812,1680.0,18032,720.6500244140625
SPY,SPY,2026-06-18,0.1232876712328767,P,686.0,-0.049275988681061915,6.18,6.21,6.22,0.18512777770996092,9361.0,266,720.6500244140625
SPY,SPY,2026-06-18,0.1232876712328767,P,687.0,-0.04781932418459787,6.33,6.36,5.89,0.18393760406494142,177.0,494,720.6500244140625
SPY,SPY,2026-06-18,0.1232876712328767,P,688.0,-0.04636477847360349,6.48,6.51,6.48,0.1826863958740234,106.0,671,720.6500244140625
SPY,SPY,2026-06-18,0.1232876712328767,P,689.0,-0.04491234539328865,6.64,6.67,6.25,0.1814962222290039,136.0,284,720.6500244140625
SPY,SPY,2026-06-18,0.1232876712328767,P,690.0,-0.04346201881564211,6.8,6.83,6.82,0.1802755313110352,19495.0,22985,720.6500244140625
SPY,SPY,2026-06-18,0.1232876712328767,P,691.0,-0.04201379263927722,6.96,7.0,6.79,0.1791158749389648,155.0,620,720.6500244140625
SPY,SPY,2026-06-18,0.1232876712328767,P,692.0,-0.04056766078927762,7.13,7.17,6.66,0.17789518402099608,1109.0,543,720.6500244140625
SPY,SPY,2026-06-18,0.1232876712328767,P,693.0,-0.0391236172170439,7.31,7.34,7.31,0.1766134585571289,289.0,316,720.6500244140625
SPY,SPY,2026-06-18,0.1232876712328767,P,694.0,-0.037681655900142705,7.48,7.52,6.98,0.1754080262756348,123.0,454,720.6500244140625
SPY,SPY,2026-06-18,0.1232876712328767,P,695.0,-0.036241770842155026,7.67,7.71,7.69,0.17424836990356446,1494.0,16255,720.6500244140625
SPY,SPY,2026-06-18,0.1232876712328767,P,696.0,-0.03480395607252757,7.86,7.89,7.36,0.17292086853027344,210.0,505,720.6500244140625
SPY,SPY,2026-06-18,0.1232876712328767,P,697.0,-0.03336820564642329,8.05,8.09,7.51,0.17176121215820314,2752.0,949,720.6500244140625
SPY,SPY,2026-06-18,0.1232876712328767,P,698.0,-0.03193451364457465,8.25,8.29,8.25,0.17052526260375983,194.0,406,720.6500244140625
SPY,SPY,2026-06-18,0.1232876712328767,P,699.0,-0.03050287417313693,8.45,8.49,8.43,0.16922827850341798,658.0,288,720.6500244140625
SPY,SPY,2026-06-18,0.1232876712328767,P,700.0,-0.029073281363542466,8.66,8.7,8.66,0.16799232894897465,12925.0,47694,720.6500244140625
SPY,SPY,2026-06-18,0.1232876712328767,P,701.0,-0.02764572937235711,8.88,8.92,8.29,0.16678689666748053,244.0,283,720.6500244140625
SPY,SPY,2026-06-18,0.1232876712328767,P,702.0,-0.026220212381136036,9.1,9.14,8.9,0.1655204298400879,77.0,250,720.6500244140625
SPY,SPY,2026-06-18,0.1232876712328767,P,703.0,-0.024796724596282314,9.33,9.37,9.1,0.16428448028564452,92.0,326,720.6500244140625
SPY,SPY,2026-06-18,0.1232876712328767,P,704.0,-0.02337526024890477,9.56,9.6,9.02,0.16300275482177734,171.0,322,720.6500244140625
SPY,SPY,2026-06-18,0.1232876712328767,P,705.0,-0.021955813594678467,9.8,9.84,9.86,0.16172102935791016,2130.0,21312,720.6500244140625
SPY,SPY,2026-06-18,0.1232876712328767,P,706.0,-0.02053837891370511,10.05,10.09,9.81,0.16050033843994144,428.0,696,720.6500244140625
SPY,SPY,2026-06-18,0.1232876712328767,P,707.0,-0.01912295051037438,10.3,10.34,10.08,0.159188095703125,228.0,296,720.6500244140625
SPY,SPY,2026-06-18,0.1232876712328767,P,708.0,-0.01770952271322744,10.57,10.61,10.32,0.1580284393310547,361.0,442,720.6500244140625
SPY,SPY,2026-06-18,0.1232876712328767,P,709.0,-0.016298089874819656,10.83,10.88,10.49,0.15677723114013675,150.0,1195,720.6500244140625
SPY,SPY,2026-06-18,0.1232876712328767,P,710.0,-0.014888646371586113,11.11,11.15,11.13,0.15543447113037112,5414.0,21842,720.6500244140625
SPY,SPY,2026-06-18,0.1232876712328767,P,711.0,-0.013481186603706294,11.4,11.44,11.39,0.15422903884887695,604.0,715,720.6500244140625
SPY,SPY,2026-06-18,0.1232876712328767,P,712.0,-0.012075704994971355,11.69,11.73,11.68,0.15293205474853522,706.0,488,720.6500244140625
SPY,SPY,2026-06-18,0.1232876712328767,P,713.0,-0.01067219599265125,11.99,12.03,12.0,0.15165032928466798,251.0,1574,720.6500244140625
SPY,SPY,2026-06-18,0.1232876712328767,P,714.0,-0.009270654067362752,12.3,12.35,12.35,0.1504906729125977,232.0,1635,720.6500244140625
SPY,SPY,2026-06-18,0.1232876712328767,P,715.0,-0.007871073712939547,12.62,12.67,12.61,0.1492394647216797,8849.0,14390,720.6500244140625
SPY,SPY,2026-06-18,0.1232876712328767,P,716.0,-0.006473449446301539,12.95,13.0,12.93,0.14798825653076175,205.0,954,720.6500244140625
SPY,SPY,2026-06-18,0.1232876712328767,P,717.0,-0.0050777758073268595,13.29,13.33,13.31,0.14664549652099607,525.0,1094,720.6500244140625
SPY,SPY,2026-06-18,0.1232876712328767,P,718.0,-0.0036840473587229877,13.64,13.68,13.63,0.14540954696655273,1511.0,1663,720.6500244140625
SPY,SPY,2026-06-18,0.1232876712328767,P,719.0,-0.002292258685900434,14.0,14.04,13.97,0.14417359741210936,729.0,447,720.6500244140625
SPY,SPY,2026-06-18,0.1232876712328767,P,720.0,-0.0009024043968461908,14.37,14.41,14.41,0.14292238922119144,5272.0,4033,720.6500244140625
SPY,SPY,2026-06-18,0.1232876712328767,P,721.0,0.00048552087800193773,14.75,14.79,14.76,0.14168643966674804,413.0,181,720.6500244140625
SPY,SPY,2026-06-18,0.1232876712328767,P,722.0,0.001871522485879028,15.14,15.18,15.16,0.1404352314758301,1095.0,317,720.6500244140625
SPY,SPY,2026-06-18,0.1232876712328767,P,723.0,0.003255605751817422,15.54,15.59,15.52,0.1392603164672852,446.0,260,720.6500244140625
SPY,SPY,2026-06-18,0.1232876712328767,P,724.0,0.0046377759787692594,15.95,16.0,15.94,0.13799384963989259,870.0,69,720.6500244140625
SPY,SPY,2026-06-18,0.1232876712328767,P,725.0,0.006018038447727607,16.38,16.43,16.39,0.13678841735839847,1438.0,714,720.6500244140625
SPY,SPY,2026-06-18,0.1232876712328767,P,726.0,0.007396398417848856,16.82,16.86,16.31,0.13549143325805668,209.0,8,720.6500244140625
SPY,SPY,2026-06-18,0.1232876712328767,P,727.0,0.00877286112657229,17.27,17.31,17.26,0.1342554837036133,112.0,100,720.6500244140625
SPY,SPY,2026-06-18,0.1232876712328767,P,728.0,0.010147431789738832,17.56,17.9,17.68,0.13428600097656251,276.0,2,720.6500244140625
SPY,SPY,2026-06-18,0.1232876712328767,P,729.0,0.011520115601710948,18.04,19.04,16.8,0.139657041015625,37.0,1,720.6500244140625
SPY,SPY,2026-06-18,0.1232876712328767,P,730.0,0.01289091773548955,18.56,19.56,18.38,0.1388025573730469,194.0,815,720.6500244140625
SPY,SPY,2026-06-18,0.1232876712328767,P,731.0,0.014259843342831396,17.95,20.45,17.87,0.14153385330200197,18.0,1,720.6500244140625
SPY,SPY,2026-06-18,0.1232876712328767,P,732.0,0.01562689755436439,19.54,19.9,18.22,0.12963211685180664,47.0,429,720.6500244140625
SPY,SPY,2026-06-18,0.1232876712328767,P,733.0,0.01699208547970426,19.11,20.68,18.65,0.13102065277099606,46.0,103,720.6500244140625
SPY,SPY,2026-06-18,0.1232876712328767,P,734.0,0.018355412207568506,20.59,21.82,19.6,0.13602548553466798,38.0,1,720.6500244140625
SPY,SPY,2026-06-18,0.1232876712328767,P,735.0,0.019716882805889537,21.19,21.47,19.9,0.12543599182128906,30.0,880,720.6500244140625
SPY,SPY,2026-06-18,0.1232876712328767,P,736.0,0.021076502321929036,21.73,23.18,20.95,0.1363306582641602,50.0,7,720.6500244140625
SPY,SPY,2026-06-18,0.1232876712328767,P,739.0,0.025144304541254606,22.4,25.11,21.69,0.13478953598022464,1.0,0,720.6500244140625
SPY,SPY,2026-06-18,0.1232876712328767,P,740.0,0.02649656979126821,23.03,25.74,23.05,0.13388927642822268,81.0,185,720.6500244140625
SPY,SPY,2026-06-18,0.1232876712328767,P,741.0,0.02784700888913981,23.67,26.39,29.64,0.13306531005859373,,1,720.6500244140625
SPY,SPY,2026-06-18,0.1232876712328767,P,743.0,0.030542428310811966,25.0,27.71,25.04,0.1312495323181152,12.0,0,720.6500244140625
SPY,SPY,2026-06-18,0.1232876712328767,P,744.0,0.031887418426144606,25.68,28.4,26.49,0.13048660049438476,2.0,1,720.6500244140625
SPY,SPY,2026-06-18,0.1232876712328767,P,745.0,0.033230601972612406,26.31,29.1,25.47,0.12970841003417968,28.0,74,720.6500244140625
SPY,SPY,2026-06-18,0.1232876712328767,P,746.0,0.034571983796813685,27.03,29.81,36.78,0.12889970230102538,,13,720.6500244140625
SPY,SPY,2026-06-18,0.1232876712328767,P,750.0,0.03991959012340893,30.03,32.82,31.5,0.12647357910156248,99.0,44,720.6500244140625
SPY,SPY,2026-06-18,0.1232876712328767,P,751.0,0.04125203535718749,30.82,33.6,30.54,0.12589375091552735,17.0,0,720.6500244140625
SPY,SPY,2026-06-18,0.1232876712328767,P,755.0,0.046564132842077624,34.12,36.91,34.89,0.12510030181884768,36.0,18,720.6500244140625
SPY,SPY,2026-06-18,0.1232876712328767,P,760.0,0.053164816873429596,38.56,41.36,36.3,0.12687030364990232,15.0,0,720.6500244140625
SPY,SPY,2026-06-18,0.1232876712328767,P,765.0,0.05972221741958858,53.2,56.01,96.77,0.26840941558837883,1.0,0,720.6500244140625
SPY,SPY,2026-06-18,0.1232876712328767,P,770.0,0.0662368984407824,48.27,51.07,47.44,0.14203738830566404,6.0,0,720.6500244140625
SPY,SPY,2026-06-18,0.1232876712328767,P,775.0,0.07270941294639977,53.27,56.06,120.08,0.15180291564941406,1.0,0,720.6500244140625
SPY,SPY,2026-06-18,0.1232876712328767,P,780.0,0.07914030327669032,58.27,61.06,66.57,0.16156844299316403,1.0,0,720.6500244140625
SPY,SPY,2026-06-18,0.1232876712328767,P,785.0,0.08553010137546123,63.27,66.06,128.54,0.17108983215332033,1.0,0,720.6500244140625
SPY,SPY,2026-06-18,0.1232876712328767,P,790.0,0.09187932905412009,127.7,131.07,113.78,0.8409134561157227,1.0,0,720.6500244140625
SPY,SPY,2026-06-18,0.1232876712328767,P,795.0,0.09818849824738474,73.27,76.06,90.98,0.18970536865234378,2.0,0,720.6500244140625
SPY,SPY,2026-06-18,0.1232876712328767,P,800.0,0.10445811126098005,78.27,81.06,79.06,0.19879951599121093,30.0,182,720.6500244140625
SPY,SPY,2026-06-18,0.1232876712328767,P,805.0,0.11068866101161623,83.27,86.06,91.45,0.20771055969238278,15.0,0,720.6500244140625
SPY,SPY,2026-06-18,0.1232876712328767,P,810.0,0.11688063125953722,88.27,91.06,158.41,0.21643849975585935,11.0,0,720.6500244140625
SPY,SPY,2026-06-18,0.1232876712328767,P,820.0,0.1291507238513516,164.34,167.67,170.13,0.9971161177062988,,0,720.6500244140625
SPY,SPY,2026-06-18,0.1232876712328767,P,830.0,0.14127208438369646,118.2,121.0,175.55,0.4304561349487305,,0,720.6500244140625
SPY,SPY,2026-06-18,0.1232876712328767,P,840.0,0.15324827543041217,166.01,169.19,171.64,0.8682264154052735,,0,720.6500244140625
SPY,SPY,2026-06-18,0.1232876712328767,P,845.0,0.15918301095022663,264.0,268.74,274.94,1.8016062165832518,,0,720.6500244140625
SPY,SPY,2026-06-18,0.1232876712328767,P,860.0,0.17677877284060634,243.6,247.42,269.78,1.494539880828857,,0,720.6500244140625
SPY,SPY,2026-06-18,0.1232876712328767,P,865.0,0.18257589052493214,171.15,174.5,193.6,0.7177152252197265,1.0,0,720.6500244140625
SPY,SPY,2026-06-18,0.1232876712328767,P,870.0,0.18833959524168217,158.2,161.01,215.16,0.5142260491943358,2.0,0,720.6500244140625
SPY,SPY,2026-06-18,0.1232876712328767,P,890.0,0.21106784631923833,168.27,171.06,235.79,0.34241380249023434,1.0,0,720.6500244140625
SPY,SPY,2026-06-18,0.1232876712328767,P,905.0,0.22778132729297887,183.27,186.06,274.63,0.36365382446289063,,0,720.6500244140625
SPY,SPY,2026-06-18,0.1232876712328767,P,915.0,0.2387704488685741,203.2,206.01,260.13,0.57577938873291,,0,720.6500244140625
SPY,SPY,2026-06-18,0.1232876712328767,P,955.0,0.28155772407378316,243.2,246.01,300.51,0.6432225619506836,,0,720.6500244140625
SPY,SPY,2026-06-18,0.1232876712328767,P,995.0,0.3225891207516456,273.27,276.06,284.08,0.47986359985351557,1.0,0,720.6500244140625
SPY,SPY,2026-06-18,0.1232876712328767,P,1000.0,0.32760166257518997,278.27,281.06,276.24,0.4858449853515625,1.0,1,720.6500244140625
SPY,SPY,2026-08-21,0.29863013698630136,C,360.0,-0.6940495849567915,362.04,365.34,333.54,0.7110624597167969,,3,720.6500244140625
SPY,SPY,2026-08-21,0.29863013698630136,C,365.0,-0.6802562628244557,357.12,360.42,328.7,0.7019683123779297,,3,720.6500244140625
SPY,SPY,2026-08-21,0.29863013698630136,C,370.0,-0.6666506107686772,352.21,355.51,343.98,0.6933014068603516,3.0,3,720.6500244140625
SPY,SPY,2026-08-21,0.29863013698630136,C,375.0,-0.6532275904365363,347.29,350.59,288.49,0.6842072595214845,,0,720.6500244140625
SPY,SPY,2026-08-21,0.29863013698630136,C,400.0,-0.5886890692989653,322.74,326.04,286.15,0.6409337664794923,2.0,1,720.6500244140625
SPY,SPY,2026-08-21,0.29863013698630136,C,420.0,-0.5398989051295332,303.11,306.41,282.45,0.6066933862304689,5.0,6,720.6500244140625
SPY,SPY,2026-08-21,0.29863013698630136,C,440.0,-0.49337888949464037,283.5,286.81,222.24,0.5731854205322267,,0,720.6500244140625
SPY,SPY,2026-08-21,0.29863013698630136,C,450.0,-0.4709060336425817,273.71,277.02,197.55,0.556767127685547,,11,720.6500244140625
SPY,SPY,2026-08-21,0.29863013698630136,C,460.0,-0.44892712692380643,263.92,267.23,181.28,0.540287800292969,1.0,1,720.6500244140625
SPY,SPY,2026-08-21,0.29863013698630136,C,465.0,-0.4381162108195908,259.03,262.34,248.56,0.5322007229614257,1.0,0,720.6500244140625
SPY,SPY,2026-08-21,0.29863013698630136,C,475.0,-0.416838812372306,249.26,252.57,192.09,0.5161791546630858,6.0,2,720.6500244140625
SPY,SPY,2026-08-21,0.29863013698630136,C,480.0,-0.4063675125050106,244.38,247.68,187.48,0.5081225946044923,1.0,3,720.6500244140625
SPY,SPY,2026-08-21,0.29863013698630136,C,485.0,-0.39600472546946397,239.5,242.81,232.02,0.5002491381835938,1.0,1,720.6500244140625
SPY,SPY,2026-08-21,0.29863013698630136,C,490.0,-0.3857482253022748,234.62,237.93,237.99,0.5252122674560546,10.0,10,720.6500244140625
SPY,SPY,2026-08-21,0.29863013698630136,C,495.0,-0.37559585383825683,229.89,233.06,192.43,0.516606396484375,6.0,0,720.6500244140625
SPY,SPY,2026-08-21,0.29863013698630136,C,500.0,-0.3655455179847554,224.88,228.19,217.0,0.5080005255126954,1.0,21,720.6500244140625
SPY,SPY,2026-08-21,0.29863013698630136,C,505.0,-0.3555951871315874,220.01,223.32,161.53,0.4993946545410156,1.0,4,720.6500244140625
SPY,SPY,2026-08-21,0.29863013698630136,C,510.0,-0.3457428906885758,215.2,218.46,135.4,0.4909718872070313,4.0,10,720.6500244140625
SPY,SPY,2026-08-21,0.29863013698630136,C,515.0,-0.33598671574321104,210.29,213.6,205.8,0.4824880853271485,30.0,36,720.6500244140625
SPY,SPY,2026-08-21,0.29863013698630136,C,520.0,-0.32632480483147414,205.58,208.75,209.83,0.474187387084961,5.0,20,720.6500244140625
SPY,SPY,2026-08-21,0.29863013698630136,C,525.0,-0.3167553538153234,200.58,203.9,192.4,0.4658561715698243,1.0,5,720.6500244140625
SPY,SPY,2026-08-21,0.29863013698630136,C,530.0,-0.3072766098607796,195.74,199.06,159.84,0.4576775424194337,1.0,4,720.6500244140625
SPY,SPY,2026-08-21,0.29863013698630136,C,535.0,-0.29788686951094057,190.91,194.23,118.87,0.4495904650878906,1.0,5,720.6500244140625
SPY,SPY,2026-08-21,0.29863013698630136,C,540.0,-0.28858447684862715,186.18,189.41,179.14,0.4416254568481446,8.0,6,720.6500244140625
SPY,SPY,2026-08-21,0.29863013698630136,C,545.0,-0.2793678217437031,181.36,184.59,184.59,0.4335994140625,1.0,232,720.6500244140625
SPY,SPY,2026-08-21,0.29863013698630136,C,550.0,-0.27023533818043055,176.5,179.77,181.0,0.4255428540039063,2.0,179,720.6500244140625
SPY,SPY,2026-08-21,0.29863013698630136,C,555.0,-0.26118550266051266,171.7,174.97,164.11,0.4177304321289062,1.0,110,720.6500244140625
SPY,SPY,2026-08-21,0.29863013698630136,C,560.0,-0.25221683267775225,166.96,170.17,159.63,0.4098417170715332,2.0,8,720.6500244140625
SPY,SPY,2026-08-21,0.29863013698630136,C,565.0,-0.24332788526050617,162.17,165.39,154.36,0.40216662292480465,1.0,35,720.6500244140625
SPY,SPY,2026-08-21,0.29863013698630136,C,570.0,-0.23451725557835126,157.41,160.63,160.84,0.39465937377929694,3.0,28,720.6500244140625
SPY,SPY,2026-08-21,0.29863013698630136,C,575.0,-0.22578357560959678,152.61,155.87,145.17,0.38706057281494133,1.0,27,720.6500244140625
SPY,SPY,2026-08-21,0.29863013698630136,C,580.0,-0.21712551286648218,147.85,151.13,151.55,0.37964487548828124,2.0,368,720.6500244140625
SPY,SPY,2026-08-21,0.29863013698630136,C,585.0,-0.20854176917509068,143.15,146.4,136.84,0.37222917816162115,2.0,41,720.6500244140625
SPY,SPY,2026-08-21,0.29863013698630136,C,590.0,-0.20003107950718202,138.41,141.68,141.23,0.36484399810791024,1.0,42,720.6500244140625
SPY,SPY,2026-08-21,0.29863013698630136,C,595.0,-0.1915922108613174,133.71,136.98,137.07,0.3575503698730469,4.0,289,720.6500244140625
SPY,SPY,2026-08-21,0.29863013698630136,C,600.0,-0.18322396119080075,129.03,132.31,132.03,0.350470362548828,6.0,151,720.6500244140625
SPY,SPY,2026-08-21,0.29863013698630136,C,605.0,-0.17492515837610578,124.34,127.65,116.59,0.34335983795166014,1.0,103,720.6500244140625
SPY,SPY,2026-08-21,0.29863013698630136,C,610.0,-0.1666946592395903,119.68,123.0,123.55,0.3362187960815429,3.0,434,720.6500244140625
SPY,SPY,2026-08-21,0.29863013698630136,C,615.0,-0.15853134860042933,115.25,118.38,118.33,0.32923034057617184,5.0,85,720.6500244140625
SPY,SPY,2026-08-21,0.29863013698630136,C,620.0,-0.15043413836780994,110.42,113.79,114.11,0.32236395416259755,4.0,55,720.6500244140625
SPY,SPY,2026-08-21,0.29863013698630136,C,625.0,-0.14240196667054567,106.08,109.22,108.23,0.315512826385498,1.0,122,720.6500244140625
SPY,SPY,2026-08-21,0.29863013698630136,C,630.0,-0.13443379702136876,101.83,104.68,106.48,0.3087379917907715,3.0,599,720.6500244140625
SPY,SPY,2026-08-21,0.29863013698630136,C,635.0,-0.12652861751425548,96.77,100.16,90.65,0.3019478985595704,2.0,82,720.6500244140625
SPY,SPY,2026-08-21,0.29863013698630136,C,640.0,-0.11868544005322969,92.28,95.67,95.72,0.2952035812377929,9.0,559,720.6500244140625
SPY,SPY,2026-08-21,0.29863013698630136,C,645.0,-0.11090329961117472,87.82,91.22,90.1,0.2885813330078124,1.0,152,720.6500244140625
SPY,SPY,2026-08-21,0.29863013698630136,C,650.0,-0.1031812535172644,83.68,86.8,85.96,0.28194382614135743,8.0,369,720.6500244140625
SPY,SPY,2026-08-21,0.29863013698630136,C,655.0,-0.09551838077169525,79.01,82.42,79.36,0.2753673538208008,33.0,685,720.6500244140625
SPY,SPY,2026-08-21,0.29863013698630136,C,660.0,-0.08791378138647593,74.68,78.08,80.09,0.26882139877319333,1.0,496,720.6500244140625
SPY,SPY,2026-08-21,0.29863013698630136,C,665.0,-0.080366575751093,70.4,73.73,74.95,0.26190923645019537,1.0,810,720.6500244140625
SPY,SPY,2026-08-21,0.29863013698630136,C,670.0,-0.07287590402193538,66.19,69.55,62.75,0.25595836822509765,1.0,1553,720.6500244140625
SPY,SPY,2026-08-21,0.29863013698630136,C,675.0,-0.0654409255344174,61.9,64.8,64.8,0.2454451676940918,2.0,1367,720.6500244140625
SPY,SPY,2026-08-21,0.29863013698630136,C,680.0,-0.05806081823679482,57.99,60.96,60.9,0.24127955993652345,6.0,2215,720.6500244140625
SPY,SPY,2026-08-21,0.29863013698630136,C,685.0,-0.050734778144721895,54.02,57.16,57.02,0.23686981399536133,12.0,1704,720.6500244140625
SPY,SPY,2026-08-21,0.29863013698630136,C,690.0,-0.04346201881564211,49.83,53.13,51.41,0.23038489349365232,37.0,5299,720.6500244140625
SPY,SPY,2026-08-21,0.29863013698630136,C,695.0,-0.036241770842155026,46.26,49.26,48.09,0.22451031845092767,20.0,2840,720.6500244140625
SPY,SPY,2026-08-21,0.29863013698630136,C,700.0,-0.029073281363542466,42.58,45.11,43.76,0.21625539611816402,782.0,3242,720.6500244140625
SPY,SPY,2026-08-21,0.29863013698630136,C,705.0,-0.021955813594678467,38.99,41.32,40.62,0.20986965675354,25.0,1595,720.6500244140625
SPY,SPY,2026-08-21,0.29863013698630136,C,710.0,-0.014888646371586113,36.29,36.5,36.47,0.1962665823364258,843.0,3603,720.6500244140625
SPY,SPY,2026-08-21,0.29863013698630136,C,715.0,-0.007871073712939547,32.82,33.06,33.48,0.19094131820678711,165.0,1683,720.6500244140625
SPY,SPY,2026-08-21,0.29863013698630136,C,720.0,-0.0009024043968461908,29.51,29.69,30.06,0.18531088134765622,117.0,3791,720.6500244140625
SPY,SPY,2026-08-21,0.29863013698630136,C,725.0,0.006018038447727607,26.37,26.44,26.52,0.17961940994262693,555.0,2367,720.6500244140625
SPY,SPY,2026-08-21,0.29863013698630136,C,730.0,0.01289091773548955,23.36,23.42,23.41,0.17450776672363283,113.0,3526,720.6500244140625
SPY,SPY,2026-08-21,0.29863013698630136,C,735.0,0.019716882805889537,20.54,20.6,21.02,0.1697165548706055,192.0,8829,720.6500244140625
SPY,SPY,2026-08-21,0.29863013698630136,C,740.0,0.02649656979126821,17.91,17.96,18.41,0.16506267074584963,134.0,2759,720.6500244140625
SPY,SPY,2026-08-21,0.29863013698630136,C,745.0,0.033230601972612406,15.49,15.54,15.71,0.1607597352600098,55.0,7267,720.6500244140625
SPY,SPY,2026-08-21,0.29863013698630136,C,750.0,0.03991959012340893,13.28,13.34,13.3,0.15677723114013675,472.0,2021,720.6500244140625
SPY,SPY,2026-08-21,0.29863013698630136,C,755.0,0.046564132842077624,11.3,11.36,11.8,0.15311515838623052,30.0,778,720.6500244140625
SPY,SPY,2026-08-21,0.29863013698630136,C,760.0,0.053164816873429596,9.54,9.6,9.9,0.14978877563476564,102.0,5120,720.6500244140625
SPY,SPY,2026-08-21,0.29863013698630136,C,765.0,0.05972221741958858,8.01,8.05,8.15,0.14676756561279297,190.0,2185,720.6500244140625
SPY,SPY,2026-08-21,0.29863013698630136,C,770.0,0.0662368984407824,6.67,6.71,7.03,0.14412782150268555,49.0,852,720.6500244140625
SPY,SPY,2026-08-21,0.29863013698630136,C,775.0,0.07270941294639977,5.52,5.56,5.69,0.1418237673950195,61.0,717,720.6500244140625
SPY,SPY,2026-08-21,0.29863013698630136,C,780.0,0.07914030327669032,4.54,4.58,4.56,0.13980962738037112,42.0,1080,720.6500244140625
SPY,SPY,2026-08-21,0.29863013698630136,C,785.0,0.08553010137546123,3.71,3.76,3.9,0.13814643600463866,17.0,302,720.6500244140625
SPY,SPY,2026-08-21,0.29863013698630136,C,790.0,0.09187932905412009,3.02,3.07,3.14,0.1366968655395508,65.0,841,720.6500244140625
SPY,SPY,2026-08-21,0.29863013698630136,C,795.0,0.09818849824738474,2.45,2.49,2.62,0.13535410552978522,16.0,675,720.6500244140625
SPY,SPY,2026-08-21,0.29863013698630136,C,800.0,0.10445811126098005,1.99,2.02,2.0,0.1343775527954102,940.0,2008,720.6500244140625
SPY,SPY,2026-08-21,0.29863013698630136,C,805.0,0.11068866101161623,1.61,1.64,1.77,0.13367565551757812,28.0,1215,720.6500244140625
SPY,SPY,2026-08-21,0.29863013698630136,C,810.0,0.11688063125953722,1.31,1.34,1.36,0.13337048278808594,17.0,2184,720.6500244140625
SPY,SPY,2026-08-21,0.29863013698630136,C,815.0,0.1230344968339156,1.06,1.09,1.07,0.13309582733154296,261.0,1446,720.6500244140625
SPY,SPY,2026-08-21,0.29863013698630136,C,820.0,0.1291507238513516,0.87,0.9,0.96,0.1333094482421875,76.0,1311,720.6500244140625
SPY,SPY,2026-08-21,0.29863013698630136,C,825.0,0.1352297699277339,0.72,0.74,0.79,0.13355358642578125,4.0,968,720.6500244140625
SPY,SPY,2026-08-21,0.29863013698630136,C,830.0,0.14127208438369646,0.6,0.62,0.61,0.13428600097656251,14.0,343,720.6500244140625
SPY,SPY,2026-08-21,0.29863013698630136,C,835.0,0.14727810844390823,0.5,0.52,0.56,0.13501841552734378,120.0,423,720.6500244140625
SPY,SPY,2026-08-21,0.29863013698630136,C,840.0,0.15324827543041217,0.42,0.44,0.43,0.13599496826171875,16.0,301,720.6500244140625
SPY,SPY,2026-08-21,0.29863013698630136,C,850.0,0.16508273307741503,0.31,0.33,0.33,0.13868048828125001,72.0,1746,720.6500244140625
SPY,SPY,2026-08-21,0.29863013698630136,C,860.0,0.17677877284060634,0.24,0.25,0.26,0.141610146484375,555.0,2465,720.6500244140625
SPY,SPY,2026-08-21,0.29863013698630136,C,870.0,0.18833959524168217,0.18,0.2,0.2,0.14527221923828126,254.0,442,720.6500244140625
SPY,SPY,2026-08-21,0.29863013698630136,C,880.0,0.19976829106530494,0.15,0.16,0.16,0.14869015380859374,90.0,731,720.6500244140625
SPY,SPY,2026-08-21,0.29863013698630136,C,890.0,0.21106784631923833,0.12,0.14,0.1,0.15357291748046875,10.0,353,720.6500244140625
SPY,SPY,2026-08-21,0.29863013698630136,C,900.0,0.22224114691736357,0.1,0.12,0.1,0.15796740478515625,33.0,925,720.6500244140625
SPY,SPY,2026-08-21,0.29863013698630136,C,905.0,0.22778132729297887,0.09,0.11,0.11,0.15992051025390625,10.0,213,720.6500244140625
SPY,SPY,2026-08-21,0.29863013698630136,C,910.0,0.23329098310394858,0.08,0.1,0.1,0.16162947753906248,30.0,274,720.6500244140625
SPY,SPY,2026-08-21,0.29863013698630136,C,915.0,0.2387704488685741,0.07,0.09,0.09,0.16309430664062502,2.0,50,720.6500244140625
SPY,SPY,2026-08-21,0.29863013698630136,C,920.0,0.24422005363613888,0.07,0.09,0.09,0.16651224121093755,355.0,356,720.6500244140625
SPY,SPY,2026-08-21,0.29863013698630136,C,925.0,0.249640121105478,0.06,0.08,0.08,0.16748879394531252,2.0,120,720.6500244140625
SPY,SPY,2026-08-21,0.29863013698630136,C,930.0,0.25503096974035455,0.06,0.08,0.07,0.17090672851562502,2.0,536,720.6500244140625
SPY,SPY,2026-08-21,0.29863013698630136,C,935.0,0.2603929128817398,0.05,0.07,0.08,0.17188328125000002,1.0,481,720.6500244140625
SPY,SPY,2026-08-21,0.29863013698630136,C,940.0,0.2657262588571023,0.05,0.07,0.06,0.174812939453125,20.0,1732,720.6500244140625
SPY,SPY,2026-08-21,0.29863013698630136,C,945.0,0.2710313110867956,0.05,0.07,0.06,0.17774259765625,103.0,1875,720.6500244140625
SPY,SPY,2026-08-21,0.29863013698630136,C,950.0,0.2763083681876393,0.04,0.06,0.06,0.1782308740234375,2.0,1520,720.6500244140625
SPY,SPY,2026-08-21,0.29863013698630136,C,955.0,0.28155772407378316,0.04,0.06,0.05,0.18164880859375,142.0,491,720.6500244140625
SPY,SPY,2026-08-21,0.29863013698630136,C,960.0,0.2867796680549347,0.04,0.06,0.05,0.18457846679687498,1.0,604,720.6500244140625
SPY,SPY,2026-08-21,0.29863013698630136,C,965.0,0.2919744849320388,0.04,0.05,0.05,0.1840901904296875,15.0,1401,720.6500244140625
SPY,SPY,2026-08-21,0.29863013698630136,C,970.0,0.29714245509048137,0.03,0.05,0.05,0.1870198486328125,288.0,963,720.6500244140625
SPY,SPY,2026-08-21,0.29863013698630136,C,975.0,0.30228385459089996,0.03,0.05,0.05,0.18994950683593753,1.0,2076,720.6500244140625
SPY,SPY,2026-08-21,0.29863013698630136,C,980.0,0.30739895525767047,0.03,0.05,0.05,0.1928791650390625,3.0,3234,720.6500244140625
SPY,SPY,2026-08-21,0.29863013698630136,C,985.0,0.31248802476514165,0.03,0.05,0.06,0.1958088232421875,9.0,3714,720.6500244140625
SPY,SPY,2026-08-21,0.29863013698630136,C,990.0,0.3175513267216885,0.02,0.04,0.04,0.194343994140625,300.0,1986,720.6500244140625
SPY,SPY,2026-08-21,0.29863013698630136,C,995.0,0.3225891207516456,0.02,0.04,0.04,0.19727365234375,300.0,2017,720.6500244140625
SPY,SPY,2026-08-21,0.29863013698630136,C,1000.0,0.32760166257518997,0.02,0.04,0.03,0.20020331054687499,16.0,3357,720.6500244140625
SPY,SPY,2026-08-21,0.29863013698630136,P,360.0,-0.6940495849567915,0.5,0.52,0.5,0.5410202148437502,445.0,2216,720.6500244140625
SPY,SPY,2026-08-21,0.29863013698630136,P,365.0,-0.6802562628244557,0.52,0.53,0.53,0.53320779296875,233.0,136,720.6500244140625
SPY,SPY,2026-08-21,0.29863013698630136,P,370.0,-0.6666506107686772,0.55,0.56,0.54,0.5271043383789062,1780.0,100,720.6500244140625
SPY,SPY,2026-08-21,0.29863013698630136,P,375.0,-0.6532275904365363,0.57,0.59,0.56,0.5202684692382812,128.0,117,720.6500244140625
SPY,SPY,2026-08-21,0.29863013698630136,P,380.0,-0.6399823636865157,0.6,0.61,0.63,0.513554669189453,1.0,159,720.6500244140625
SPY,SPY,2026-08-21,0.29863013698630136,P,385.0,-0.6269102821191629,0.62,0.64,0.8,0.5067188000488281,97.0,109,720.6500244140625
SPY,SPY,2026-08-21,0.29863013698630136,P,390.0,-0.614006877283255,0.65,0.66,0.72,0.5003712072753908,1.0,145,720.6500244140625
SPY,SPY,2026-08-21,0.29863013698630136,P,395.0,-0.6012678515058252,0.68,0.69,0.77,0.4939015454101563,2.0,5,720.6500244140625
SPY,SPY,2026-08-21,0.29863013698630136,P,400.0,-0.5886890692989653,0.71,0.72,0.68,0.48743188354492195,7.0,7215,720.6500244140625
SPY,SPY,2026-08-21,0.29863013698630136,P,405.0,-0.5762665493004081,0.74,0.75,0.75,0.4808401525878906,2.0,87,720.6500244140625
SPY,SPY,2026-08-21,0.29863013698630136,P,410.0,-0.5639964567085937,0.77,0.78,0.77,0.4742484216308594,10.0,233,720.6500244140625
SPY,SPY,2026-08-21,0.29863013698630136,P,415.0,-0.5518750961762489,0.8,0.82,0.93,0.4683891052246094,3.0,198,720.6500244140625
SPY,SPY,2026-08-21,0.29863013698630136,P,420.0,-0.5398989051295332,0.83,0.85,0.88,0.4616753051757813,10.0,688,720.6500244140625
SPY,SPY,2026-08-21,0.29863013698630136,P,425.0,-0.5280644474825302,0.87,0.88,0.96,0.4549615051269531,1.0,391,720.6500244140625
SPY,SPY,2026-08-21,0.29863013698630136,P,430.0,-0.516368407719339,0.9,0.92,0.93,0.44885805053710937,85.0,566,720.6500244140625
SPY,SPY,2026-08-21,0.29863013698630136,P,435.0,-0.5048075853182632,0.94,0.96,0.91,0.4426325268554688,1.0,89,720.6500244140625
SPY,SPY,2026-08-21,0.29863013698630136,P,440.0,-0.49337888949464037,0.98,1.0,1.04,0.436529072265625,1.0,386,720.6500244140625
SPY,SPY,2026-08-21,0.29863013698630136,P,445.0,-0.482079334240707,1.02,1.04,1.15,0.43018147949218755,159.0,314,720.6500244140625
SPY,SPY,2026-08-21,0.29863013698630136,P,450.0,-0.4709060336425817,1.07,1.08,1.08,0.42383388671875,17.0,5114,720.6500244140625
SPY,SPY,2026-08-21,0.29863013698630136,P,455.0,-0.4598561974559967,1.11,1.13,1.25,0.41797457031249996,2.0,121,720.6500244140625
SPY,SPY,2026-08-21,0.29863013698630136,P,460.0,-0.44892712692380643,1.16,1.18,1.12,0.41211525390625,1.0,405,720.6500244140625
SPY,SPY,2026-08-21,0.29863013698630136,P,465.0,-0.4381162108195908,1.21,1.23,1.18,0.4061338684082031,2.0,238,720.6500244140625
SPY,SPY,2026-08-21,0.29863013698630136,P,470.0,-0.42742092170284296,1.26,1.28,1.29,0.4000304138183594,1.0,342,720.6500244140625
SPY,SPY,2026-08-21,0.29863013698630136,P,475.0,-0.416838812372306,1.31,1.33,1.3,0.39386592468261716,4.0,275,720.6500244140625
SPY,SPY,2026-08-21,0.29863013698630136,P,480.0,-0.4063675125050106,1.37,1.39,1.41,0.38812867736816403,22.0,980,720.6500244140625
SPY,SPY,2026-08-21,0.29863013698630136,P,485.0,-0.39600472546946397,1.43,1.45,1.37,0.382269360961914,1.0,720,720.6500244140625
SPY,SPY,2026-08-21,0.29863013698630136,P,490.0,-0.3857482253022748,1.49,1.51,1.58,0.3763490100097656,10.0,435,720.6500244140625
SPY,SPY,2026-08-21,0.29863013698630136,P,495.0,-0.37559585383825683,1.56,1.58,1.64,0.3707338317871094,10.0,742,720.6500244140625
SPY,SPY,2026-08-21,0.29863013698630136,P,500.0,-0.3655455179847554,1.63,1.65,1.59,0.36499658447265626,75.0,4322,720.6500244140625
SPY,SPY,2026-08-21,0.29863013698630136,P,505.0,-0.3555951871315874,1.7,1.72,1.71,0.3591983026123047,6.0,899,720.6500244140625
SPY,SPY,2026-08-21,0.29863013698630136,P,510.0,-0.3457428906885758,1.78,1.8,1.74,0.3536441589355468,1.0,715,720.6500244140625
SPY,SPY,2026-08-21,0.29863013698630136,P,515.0,-0.33598671574321104,1.86,1.88,1.9,0.34802898071289057,1.0,613,720.6500244140625
SPY,SPY,2026-08-21,0.29863013698630136,P,520.0,-0.32632480483147414,1.94,1.97,1.9,0.3425358715820312,2.0,7272,720.6500244140625
SPY,SPY,2026-08-21,0.29863013698630136,P,525.0,-0.3167553538153234,2.04,2.06,1.99,0.3369817279052735,81.0,1368,720.6500244140625
SPY,SPY,2026-08-21,0.29863013698630136,P,530.0,-0.3072766098607796,2.13,2.16,2.13,0.33161068786621095,29.0,727,720.6500244140625
SPY,SPY,2026-08-21,0.29863013698630136,P,535.0,-0.29788686951094057,2.24,2.26,2.18,0.32605654418945307,1.0,390,720.6500244140625
SPY,SPY,2026-08-21,0.29863013698630136,P,540.0,-0.28858447684862715,2.35,2.37,2.22,0.32068550415039054,5.0,8961,720.6500244140625
SPY,SPY,2026-08-21,0.29863013698630136,P,545.0,-0.2793678217437031,2.47,2.49,2.35,0.3154365332031249,12.0,721,720.6500244140625
SPY,SPY,2026-08-21,0.29863013698630136,P,550.0,-0.27023533818043055,2.59,2.62,2.61,0.310279114074707,28.0,4502,720.6500244140625
SPY,SPY,2026-08-21,0.29863013698630136,P,555.0,-0.26118550266051266,2.73,2.76,2.58,0.3051827294921875,2.0,349,720.6500244140625
SPY,SPY,2026-08-21,0.29863013698630136,P,560.0,-0.25221683267775225,2.88,2.91,2.9,0.30014737945556635,56.0,620,720.6500244140625
SPY,SPY,2026-08-21,0.29863013698630136,P,565.0,-0.24332788526050617,3.04,3.07,2.89,0.29514254669189455,100.0,826,720.6500244140625
SPY,SPY,2026-08-21,0.29863013698630136,P,570.0,-0.23451725557835126,3.21,3.24,3.11,0.29016823120117186,44.0,1162,720.6500244140625
SPY,SPY,2026-08-21,0.29863013698630136,P,575.0,-0.22578357560959678,3.39,3.43,3.34,0.2853465020751953,111.0,2398,720.6500244140625
SPY,SPY,2026-08-21,0.29863013698630136,P,580.0,-0.21712551286648218,3.59,3.62,3.59,0.2803416693115234,46.0,1462,720.6500244140625
SPY,SPY,2026-08-21,0.29863013698630136,P,585.0,-0.20854176917509068,3.8,3.84,3.73,0.2756420092773437,10.0,1214,720.6500244140625
SPY,SPY,2026-08-21,0.29863013698630136,P,590.0,-0.20003107950718202,4.03,4.06,4.03,0.2707287283325196,6.0,495,720.6500244140625
SPY,SPY,2026-08-21,0.29863013698630136,P,595.0,-0.1915922108613174,4.27,4.31,3.96,0.26605958557128906,13.0,1002,720.6500244140625
SPY,SPY,2026-08-21,0.29863013698630136,P,600.0,-0.18322396119080075,4.54,4.58,4.56,0.26142096008300786,164.0,8906,720.6500244140625
SPY,SPY,2026-08-21,0.29863013698630136,P,605.0,-0.17492515837610578,4.82,4.86,4.78,0.25669078277587887,14.0,1563,720.6500244140625
SPY,SPY,2026-08-21,0.29863013698630136,P,610.0,-0.1666946592395903,5.12,5.16,4.93,0.25196060546875,41.0,1386,720.6500244140625
SPY,SPY,2026-08-21,0.29863013698630136,P,615.0,-0.15853134860042933,5.45,5.49,5.42,0.24733723861694334,13.0,1699,720.6500244140625
SPY,SPY,2026-08-21,0.29863013698630136,P,620.0,-0.15043413836780994,5.8,5.84,5.81,0.24268335449218748,84.0,10315,720.6500244140625
SPY,SPY,2026-08-21,0.29863013698630136,P,625.0,-0.14240196667054567,6.17,6.22,6.03,0.23807524627685545,405.0,1874,720.6500244140625
SPY,SPY,2026-08-21,0.29863013698630136,P,630.0,-0.13443379702136876,6.58,6.62,6.59,0.2333755862426758,24.0,6396,720.6500244140625
SPY,SPY,2026-08-21,0.29863013698630136,P,635.0,-0.12652861751425548,7.01,7.05,6.54,0.22867592620849608,7.0,2037,720.6500244140625
SPY,SPY,2026-08-21,0.29863013698630136,P,640.0,-0.11868544005322969,7.47,7.52,7.14,0.224067817993164,153.0,1574,720.6500244140625
SPY,SPY,2026-08-21,0.29863013698630136,P,645.0,-0.11090329961117472,7.96,8.01,7.97,0.21927660614013672,1931.0,2973,720.6500244140625
SPY,SPY,2026-08-21,0.29863013698630136,P,650.0,-0.1031812535172644,8.5,8.55,8.53,0.21460746337890624,134.0,6268,720.6500244140625
SPY,SPY,2026-08-21,0.29863013698630136,P,655.0,-0.09551838077169525,9.07,9.12,9.12,0.2098162515258789,30.0,922,720.6500244140625
SPY,SPY,2026-08-21,0.29863013698630136,P,660.0,-0.08791378138647593,9.69,9.74,9.59,0.20505555694580074,842.0,2634,720.6500244140625
SPY,SPY,2026-08-21,0.29863013698630136,P,665.0,-0.080366575751093,10.35,10.41,10.0,0.20029486236572264,26.0,1250,720.6500244140625
SPY,SPY,2026-08-21,0.29863013698630136,P,670.0,-0.07287590402193538,11.06,11.12,10.86,0.19539684005737307,35.0,4272,720.6500244140625
SPY,SPY,2026-08-21,0.29863013698630136,P,675.0,-0.0654409255344174,11.84,11.9,11.43,0.19059036956787112,888.0,1719,720.6500244140625
SPY,SPY,2026-08-21,0.29863013698630136,P,680.0,-0.05806081823679482,12.67,12.73,12.7,0.18563131271362304,405.0,3404,720.6500244140625
SPY,SPY,2026-08-21,0.29863013698630136,P,685.0,-0.050734778144721895,13.58,13.64,13.29,0.1807180317687988,466.0,2050,720.6500244140625
SPY,SPY,2026-08-21,0.29863013698630136,P,690.0,-0.04346201881564211,14.56,14.63,14.59,0.17580475082397462,889.0,4752,720.6500244140625
SPY,SPY,2026-08-21,0.29863013698630136,P,695.0,-0.036241770842155026,15.63,15.71,15.04,0.17089146987915044,124.0,892,720.6500244140625
SPY,SPY,2026-08-21,0.29863013698630136,P,700.0,-0.029073281363542466,16.8,16.88,16.64,0.16590189575195316,527.0,1543,720.6500244140625
SPY,SPY,2026-08-21,0.29863013698630136,P,705.0,-0.021955813594678467,18.09,18.17,18.16,0.16097335617065428,79.0,285,720.6500244140625
SPY,SPY,2026-08-21,0.29863013698630136,P,710.0,-0.014888646371586113,19.49,19.58,19.55,0.15603718727111818,233.0,1005,720.6500244140625
SPY,SPY,2026-08-21,0.29863013698630136,P,715.0,-0.007871073712939547,21.04,21.13,21.01,0.1511315356445313,141.0,1021,720.6500244140625
SPY,SPY,2026-08-21,0.29863013698630136,P,720.0,-0.0009024043968461908,22.75,22.84,22.8,0.14627928924560546,351.0,1305,720.6500244140625
SPY,SPY,2026-08-21,0.29863013698630136,P,725.0,0.006018038447727607,24.63,24.72,24.31,0.1414575601196289,429.0,730,720.6500244140625
SPY,SPY,2026-08-21,0.29863013698630136,P,730.0,0.01289091773548955,26.68,26.78,26.01,0.13665108963012695,135.0,511,720.6500244140625
SPY,SPY,2026-08-21,0.29863013698630136,P,735.0,0.019716882805889537,28.95,29.05,27.83,0.13192091232299807,92.0,62,720.6500244140625
SPY,SPY,2026-08-21,0.29863013698630136,P,740.0,0.02649656979126821,31.26,32.31,31.08,0.13237867141723636,26.0,76,720.6500244140625
SPY,SPY,2026-08-21,0.29863013698630136,P,745.0,0.033230601972612406,32.79,35.46,32.73,0.13093673027038574,6.0,29,720.6500244140625
SPY,SPY,2026-08-21,0.29863013698630136,P,750.0,0.03991959012340893,35.82,38.53,35.63,0.12760271820068358,82.0,16,720.6500244140625
SPY,SPY,2026-08-21,0.29863013698630136,P,755.0,0.046564132842077624,38.57,41.76,47.66,0.12391012817382813,1.0,26,720.6500244140625
SPY,SPY,2026-08-21,0.29863013698630136,P,760.0,0.053164816873429596,42.04,45.39,42.54,0.12175866043090822,4.0,10,720.6500244140625
SPY,SPY,2026-08-21,0.29863013698630136,P,765.0,0.05972221741958858,46.1,49.27,55.46,0.12026331405639648,1.0,1,720.6500244140625
SPY,SPY,2026-08-21,0.29863013698630136,P,770.0,0.0662368984407824,49.71,53.18,61.1,0.11747098358154298,1.0,2,720.6500244140625
SPY,SPY,2026-08-21,0.29863013698630136,P,780.0,0.07914030327669032,58.39,61.3,70.1,0.1088956298828125,1.0,1,720.6500244140625
SPY,SPY,2026-08-21,0.29863013698630136,P,800.0,0.10445811126098005,77.92,81.26,77.2,0.1329737582397461,5.0,2,720.6500244140625
SPY,SPY,2026-12-18,0.6246575342465753,C,150.0,-1.5695183223106914,569.61,573.04,486.09,0.84179845703125,2.0,4,720.6500244140625
SPY,SPY,2026-12-18,0.6246575342465753,C,200.0,-1.2818362498589106,520.83,524.23,524.95,0.7996846203613281,83.0,716,720.6500244140625
SPY,SPY,2026-12-18,0.6246575342465753,C,220.0,-1.1865260700545857,501.41,504.82,440.01,0.7766135620117188,6.0,11,720.6500244140625
SPY,SPY,2026-12-18,0.6246575342465753,C,250.0,-1.0586926985447007,472.3,475.73,463.67,0.7370631762695312,4.0,264,720.6500244140625
SPY,SPY,2026-12-18,0.6246575342465753,C,255.0,-1.038890071248521,467.45,470.89,423.67,0.7302883416748047,1.0,4,720.6500244140625
SPY,SPY,2026-12-18,0.6246575342465753,C,260.0,-1.0194719853914194,462.6,466.04,445.54,0.7232693688964844,2.0,15,720.6500244140625
SPY,SPY,2026-12-18,0.6246575342465753,C,275.0,-0.9633825187403758,448.07,451.52,452.18,0.7027617614746093,4.0,126,720.6500244140625
SPY,SPY,2026-12-18,0.6246575342465753,C,280.0,-0.9453640132376975,443.22,446.69,435.2,0.6958648577880859,1.0,56,720.6500244140625
SPY,SPY,2026-12-18,0.6246575342465753,C,290.0,-0.9102726934264275,433.55,437.01,369.0,0.682193119506836,1.0,16,720.6500244140625
SPY,SPY,2026-12-18,0.6246575342465753,C,300.0,-0.876371141750746,423.88,427.34,420.54,0.6684603466796877,1.0,243,720.6500244140625
SPY,SPY,2026-12-18,0.6246575342465753,C,305.0,-0.8598418397995355,419.05,422.51,411.19,0.6617465466308594,1.0,5,720.6500244140625
SPY,SPY,2026-12-18,0.6246575342465753,C,310.0,-0.8435813189277552,414.21,417.68,396.67,0.654849642944336,1.0,65,720.6500244140625
SPY,SPY,2026-12-18,0.6246575342465753,C,315.0,-0.8275809775813141,409.38,412.85,332.28,0.6480748083496093,1.0,167,720.6500244140625
SPY,SPY,2026-12-18,0.6246575342465753,C,320.0,-0.811832620613175,404.55,408.02,396.65,0.6412999737548828,1.0,30,720.6500244140625
SPY,SPY,2026-12-18,0.6246575342465753,C,335.0,-0.7660230845818807,390.08,393.55,308.5,0.6212806427001953,3.0,11,720.6500244140625
SPY,SPY,2026-12-18,0.6246575342465753,C,340.0,-0.7512079987967402,385.26,388.73,308.13,0.6146889117431642,11.0,65,720.6500244140625
SPY,SPY,2026-12-18,0.6246575342465753,C,350.0,-0.7222204619234878,375.62,379.09,381.19,0.601413898010254,1.0,76,720.6500244140625
SPY,SPY,2026-12-18,0.6246575342465753,C,355.0,-0.7080358269315314,370.8,374.27,363.26,0.5947916497802734,8.0,16,720.6500244140625
SPY,SPY,2026-12-18,0.6246575342465753,C,360.0,-0.6940495849567915,365.98,369.45,361.01,0.5881388842773438,1.0,11,720.6500244140625
SPY,SPY,2026-12-18,0.6246575342465753,C,365.0,-0.6802562628244557,361.42,364.64,366.74,0.5839885351562499,1.0,78,720.6500244140625
SPY,SPY,2026-12-18,0.6246575342465753,C,370.0,-0.6666506107686772,356.35,359.82,347.13,0.5750164569091796,1.0,114,720.6500244140625
SPY,SPY,2026-12-18,0.6246575342465753,C,375.0,-0.6532275904365363,351.54,355.01,339.86,0.5685467950439453,2.0,19,720.6500244140625
SPY,SPY,2026-12-18,0.6246575342465753,C,390.0,-0.614006877283255,337.12,340.6,326.7,0.5493209130859377,1.0,147,720.6500244140625
SPY,SPY,2026-12-18,0.6246575342465753,C,400.0,-0.5886890692989653,327.53,331.0,331.57,0.5367172793579101,13.0,13728,720.6500244140625
SPY,SPY,2026-12-18,0.6246575342465753,C,405.0,-0.5762665493004081,322.73,326.21,248.66,0.5304307211303713,30.0,247,720.6500244140625
SPY,SPY,2026-12-18,0.6246575342465753,C,410.0,-0.5639964567085937,317.94,321.29,307.65,0.5232591619873046,2.0,205,720.6500244140625
SPY,SPY,2026-12-18,0.6246575342465753,C,415.0,-0.5518750961762489,313.14,316.5,312.4,0.5169726037597657,8.0,155,720.6500244140625
SPY,SPY,2026-12-18,0.6246575342465753,C,420.0,-0.5398989051295332,308.35,311.71,304.01,0.5107470800781251,1.0,102,720.6500244140625
SPY,SPY,2026-12-18,0.6246575342465753,C,425.0,-0.5280644474825302,303.57,306.93,298.64,0.5046741427612305,4.0,287,720.6500244140625
SPY,SPY,2026-12-18,0.6246575342465753,C,430.0,-0.516368407719339,298.78,302.14,298.87,0.5204210556030272,1.0,154,720.6500244140625
SPY,SPY,2026-12-18,0.6246575342465753,C,435.0,-0.5048075853182632,294.0,297.37,297.53,0.5139361351013183,3.0,100,720.6500244140625
SPY,SPY,2026-12-18,0.6246575342465753,C,440.0,-0.49337888949464037,289.23,292.59,281.68,0.5073291455078125,1.0,299,720.6500244140625
SPY,SPY,2026-12-18,0.6246575342465753,C,445.0,-0.482079334240707,284.46,287.82,273.43,0.5008442250061036,1.0,78,720.6500244140625
SPY,SPY,2026-12-18,0.6246575342465753,C,450.0,-0.4709060336425817,279.7,283.06,275.23,0.4944813735961915,1.0,246,720.6500244140625
SPY,SPY,2026-12-18,0.6246575342465753,C,455.0,-0.4598561974559967,274.94,278.3,268.33,0.4880880049133301,3.0,59,720.6500244140625
SPY,SPY,2026-12-18,0.6246575342465753,C,460.0,-0.44892712692380643,270.18,273.55,273.76,0.4818167053222656,1.0,179,720.6500244140625
SPY,SPY,2026-12-18,0.6246575342465753,C,465.0,-0.4381162108195908,265.43,268.8,248.8,0.4755301470947265,2.0,94,720.6500244140625
SPY,SPY,2026-12-18,0.6246575342465753,C,470.0,-0.42742092170284296,260.69,264.06,244.77,0.4693351406860352,5.0,243,720.6500244140625
SPY,SPY,2026-12-18,0.6246575342465753,C,475.0,-0.416838812372306,255.95,259.32,254.0,0.4631248756408692,2.0,1205,720.6500244140625
SPY,SPY,2026-12-18,0.6246575342465753,C,480.0,-0.4063675125050106,251.44,254.59,254.83,0.45700616241455083,1.0,228,720.6500244140625
SPY,SPY,2026-12-18,0.6246575342465753,C,485.0,-0.39600472546946397,246.71,249.87,236.98,0.45096374237060544,2.0,889,720.6500244140625
SPY,SPY,2026-12-18,0.6246575342465753,C,490.0,-0.3857482253022748,241.99,245.15,237.52,0.44490606369018554,1.0,879,720.6500244140625
SPY,SPY,2026-12-18,0.6246575342465753,C,495.0,-0.37559585383825683,237.07,240.45,236.21,0.4390009713745118,5.0,2028,720.6500244140625
SPY,SPY,2026-12-18,0.6246575342465753,C,500.0,-0.3655455179847554,232.54,235.76,236.09,0.43317217224121096,6.0,2201,720.6500244140625
SPY,SPY,2026-12-18,0.6246575342465753,C,505.0,-0.3555951871315874,227.91,231.07,230.52,0.42731285583496104,2.0,1451,720.6500244140625
SPY,SPY,2026-12-18,0.6246575342465753,C,510.0,-0.3457428906885758,223.24,226.4,226.38,0.421606125793457,2.0,2186,720.6500244140625
SPY,SPY,2026-12-18,0.6246575342465753,C,515.0,-0.33598671574321104,218.57,221.73,212.03,0.4158536198425293,5.0,2238,720.6500244140625
SPY,SPY,2026-12-18,0.6246575342465753,C,520.0,-0.32632480483147414,213.91,217.08,216.86,0.41022318298339844,3.0,3162,720.6500244140625
SPY,SPY,2026-12-18,0.6246575342465753,C,525.0,-0.3167553538153234,209.24,212.43,203.08,0.4045622288513184,16.0,901,720.6500244140625
SPY,SPY,2026-12-18,0.6246575342465753,C,530.0,-0.3072766098607796,204.6,207.8,207.68,0.3990233438110352,5.0,2148,720.6500244140625
SPY,SPY,2026-12-18,0.6246575342465753,C,535.0,-0.29788686951094057,199.97,203.18,195.63,0.39349971740722656,50.0,2392,720.6500244140625
SPY,SPY,2026-12-18,0.6246575342465753,C,540.0,-0.28858447684862715,195.35,198.58,199.0,0.3880981600952148,3.0,3510,720.6500244140625
SPY,SPY,2026-12-18,0.6246575342465753,C,545.0,-0.2793678217437031,190.72,194.0,192.73,0.38278815460205073,3.0,1768,720.6500244140625
SPY,SPY,2026-12-18,0.6246575342465753,C,550.0,-0.27023533818043055,186.13,189.42,189.9,0.3774018559265136,104.0,4164,720.6500244140625
SPY,SPY,2026-12-18,0.6246575342465753,C,555.0,-0.26118550266051266,181.57,184.86,186.37,0.37212236770629886,1.0,1753,720.6500244140625
SPY,SPY,2026-12-18,0.6246575342465753,C,560.0,-0.25221683267775225,177.0,180.31,178.41,0.3668276208496094,15.0,2033,720.6500244140625
SPY,SPY,2026-12-18,0.6246575342465753,C,565.0,-0.24332788526050617,172.46,175.78,175.58,0.3616091671752929,4.0,1681,720.6500244140625
SPY,SPY,2026-12-18,0.6246575342465753,C,570.0,-0.23451725557835126,167.94,171.28,171.57,0.35653567054748536,8.0,5300,720.6500244140625
SPY,SPY,2026-12-18,0.6246575342465753,C,575.0,-0.22578357560959678,163.41,166.79,166.41,0.35144691528320304,8.0,882,720.6500244140625
SPY,SPY,2026-12-18,0.6246575342465753,C,580.0,-0.21712551286648218,158.92,162.32,161.9,0.3463963066101074,8.0,2073,720.6500244140625
SPY,SPY,2026-12-18,0.6246575342465753,C,585.0,-0.20854176917509068,154.45,157.87,153.58,0.3413914738464356,6.0,1239,720.6500244140625
SPY,SPY,2026-12-18,0.6246575342465753,C,590.0,-0.20003107950718202,150.02,153.45,153.38,0.33649345153808596,5.0,1014,720.6500244140625
SPY,SPY,2026-12-18,0.6246575342465753,C,595.0,-0.1915922108613174,145.61,149.04,145.64,0.3315496533203125,1.0,1576,720.6500244140625
SPY,SPY,2026-12-18,0.6246575342465753,C,600.0,-0.18322396119080075,141.22,144.65,144.24,0.32663637237548826,25.0,4746,720.6500244140625
SPY,SPY,2026-12-18,0.6246575342465753,C,605.0,-0.17492515837610578,136.86,140.3,139.91,0.3218527898406982,14.0,3261,720.6500244140625
SPY,SPY,2026-12-18,0.6246575342465753,C,610.0,-0.1666946592395903,132.53,135.97,135.6,0.3170692073059082,14.0,1393,720.6500244140625
SPY,SPY,2026-12-18,0.6246575342465753,C,615.0,-0.15853134860042933,128.22,131.67,131.37,0.31235428863525383,2.0,679,720.6500244140625
SPY,SPY,2026-12-18,0.6246575342465753,C,620.0,-0.15043413836780994,123.94,127.39,127.12,0.30762411132812495,10.0,2754,720.6500244140625
SPY,SPY,2026-12-18,0.6246575342465753,C,625.0,-0.14240196667054567,119.68,123.13,120.0,0.30287867538452146,10.0,809,720.6500244140625
SPY,SPY,2026-12-18,0.6246575342465753,C,630.0,-0.13443379702136876,115.45,118.91,119.14,0.29822479125976553,2.0,521,720.6500244140625
SPY,SPY,2026-12-18,0.6246575342465753,C,635.0,-0.12652861751425548,111.24,114.71,114.08,0.29353276054382316,18.0,1458,720.6500244140625
SPY,SPY,2026-12-18,0.6246575342465753,C,640.0,-0.11868544005322969,107.08,110.55,111.41,0.2889170230102538,4.0,2205,720.6500244140625
SPY,SPY,2026-12-18,0.6246575342465753,C,645.0,-0.11090329961117472,102.95,106.43,106.73,0.28435469070434566,24.0,1090,720.6500244140625
SPY,SPY,2026-12-18,0.6246575342465753,C,650.0,-0.1031812535172644,98.85,102.33,101.64,0.27973132385253896,35.0,3908,720.6500244140625
SPY,SPY,2026-12-18,0.6246575342465753,C,655.0,-0.09551838077169525,94.77,98.26,97.58,0.2751079570007324,30.0,1150,720.6500244140625
SPY,SPY,2026-12-18,0.6246575342465753,C,660.0,-0.08791378138647593,90.73,94.23,94.28,0.2704998487854004,22.0,1521,720.6500244140625
SPY,SPY,2026-12-18,0.6246575342465753,C,665.0,-0.080366575751093,86.73,89.98,90.84,0.26464053237915036,3.0,1657,720.6500244140625
SPY,SPY,2026-12-18,0.6246575342465753,C,670.0,-0.07287590402193538,82.78,86.29,85.62,0.2613522962188721,5.0,2360,720.6500244140625
SPY,SPY,2026-12-18,0.6246575342465753,C,675.0,-0.0654409255344174,79.01,82.29,81.53,0.2563398341369629,8.0,4535,720.6500244140625
SPY,SPY,2026-12-18,0.6246575342465753,C,680.0,-0.05806081823679482,75.01,78.52,76.86,0.2522352609252929,5.0,4807,720.6500244140625
SPY,SPY,2026-12-18,0.6246575342465753,C,685.0,-0.050734778144721895,71.32,74.48,74.1,0.24663534133911136,23.0,2977,720.6500244140625
SPY,SPY,2026-12-18,0.6246575342465753,C,690.0,-0.04346201881564211,67.49,70.77,70.17,0.2423629231262207,7.0,3634,720.6500244140625
SPY,SPY,2026-12-18,0.6246575342465753,C,695.0,-0.036241770842155026,63.77,66.83,66.44,0.23680115013122557,11.0,2224,720.6500244140625
SPY,SPY,2026-12-18,0.6246575342465753,C,700.0,-0.029073281363542466,60.2,62.7,62.05,0.23014838462829587,175.0,10578,720.6500244140625
SPY,SPY,2026-12-18,0.6246575342465753,C,705.0,-0.021955813594678467,57.5,59.64,58.98,0.22807321006774903,27.0,3527,720.6500244140625
SPY,SPY,2026-12-18,0.6246575342465753,C,710.0,-0.014888646371586113,53.49,56.03,55.29,0.22324385162353516,135.0,7131,720.6500244140625
SPY,SPY,2026-12-18,0.6246575342465753,C,715.0,-0.007871073712939547,49.85,52.44,51.74,0.21820850158691402,56.0,2470,720.6500244140625
SPY,SPY,2026-12-18,0.6246575342465753,C,720.0,-0.0009024043968461908,46.66,49.01,47.81,0.21358513473510743,935.0,3698,720.6500244140625
SPY,SPY,2026-12-18,0.6246575342465753,C,725.0,0.006018038447727607,43.5,45.61,44.41,0.20876340560913081,65.0,3187,720.6500244140625
SPY,SPY,2026-12-18,0.6246575342465753,C,730.0,0.01289091773548955,41.37,41.47,42.29,0.2003635262298584,191.0,4526,720.6500244140625
SPY,SPY,2026-12-18,0.6246575342465753,C,735.0,0.019716882805889537,38.32,38.41,39.1,0.1963276168823242,60.0,2884,720.6500244140625
SPY,SPY,2026-12-18,0.6246575342465753,C,740.0,0.02649656979126821,35.35,35.46,35.86,0.19237563003540042,161.0,5014,720.6500244140625
SPY,SPY,2026-12-18,0.6246575342465753,C,745.0,0.033230601972612406,32.52,32.63,33.08,0.18854571228027345,551.0,2888,720.6500244140625
SPY,SPY,2026-12-18,0.6246575342465753,C,750.0,0.03991959012340893,29.81,29.91,30.31,0.1847691997528076,997.0,23234,720.6500244140625
SPY,SPY,2026-12-18,0.6246575342465753,C,755.0,0.046564132842077624,27.23,27.33,28.01,0.18116816154479978,2128.0,2947,720.6500244140625
SPY,SPY,2026-12-18,0.6246575342465753,C,760.0,0.053164816873429596,24.78,24.88,25.53,0.17768156311035155,109.0,4782,720.6500244140625
SPY,SPY,2026-12-18,0.6246575342465753,C,765.0,0.05972221741958858,22.48,22.57,22.91,0.17433992172241214,18.0,2270,720.6500244140625
SPY,SPY,2026-12-18,0.6246575342465753,C,770.0,0.0662368984407824,20.31,20.4,20.65,0.17115086669921875,154.0,10947,720.6500244140625
SPY,SPY,2026-12-18,0.6246575342465753,C,775.0,0.07270941294639977,18.29,18.38,18.66,0.16814491531372072,1039.0,8131,720.6500244140625
SPY,SPY,2026-12-18,0.6246575342465753,C,780.0,0.07914030327669032,16.42,16.5,17.03,0.16528392097473146,62.0,9929,720.6500244140625
SPY,SPY,2026-12-18,0.6246575342465753,C,785.0,0.08553010137546123,14.69,14.77,15.02,0.16262891822814943,170.0,7751,720.6500244140625
SPY,SPY,2026-12-18,0.6246575342465753,C,790.0,0.09187932905412009,13.11,13.19,13.42,0.16019516571044923,132.0,7135,720.6500244140625
SPY,SPY,2026-12-18,0.6246575342465753,C,795.0,0.09818849824738474,11.67,11.74,12.18,0.1579063702392578,2067.0,4233,720.6500244140625
SPY,SPY,2026-12-18,0.6246575342465753,C,800.0,0.10445811126098005,10.35,10.42,10.48,0.1557701611328125,270.0,14668,720.6500244140625
SPY,SPY,2026-12-18,0.6246575342465753,C,805.0,0.11068866101161623,9.17,9.24,9.45,0.15390097816467288,66.0,3303,720.6500244140625
SPY,SPY,2026-12-18,0.6246575342465753,C,810.0,0.11688063125953722,8.1,8.17,8.41,0.1521462349700928,22.0,3766,720.6500244140625
SPY,SPY,2026-12-18,0.6246575342465753,C,815.0,0.1230344968339156,7.15,7.21,7.37,0.1505517074584961,8.0,3995,720.6500244140625
SPY,SPY,2026-12-18,0.6246575342465753,C,820.0,0.1291507238513516,6.29,6.36,6.41,0.14916317153930664,35.0,2160,720.6500244140625
SPY,SPY,2026-12-18,0.6246575342465753,C,825.0,0.1352297699277339,5.53,5.59,5.85,0.14782041152954106,114.0,7425,720.6500244140625
SPY,SPY,2026-12-18,0.6246575342465753,C,830.0,0.14127208438369646,4.86,4.92,4.98,0.14672178970336913,15.0,6444,720.6500244140625
SPY,SPY,2026-12-18,0.6246575342465753,C,835.0,0.14727810844390823,4.27,4.32,4.43,0.1456842024230957,8.0,4133,720.6500244140625
SPY,SPY,2026-12-18,0.6246575342465753,C,840.0,0.15324827543041217,3.75,3.8,4.04,0.14487549468994143,17.0,3881,720.6500244140625
SPY,SPY,2026-12-18,0.6246575342465753,C,845.0,0.15918301095022663,3.29,3.34,3.29,0.14415833877563478,4.0,7852,720.6500244140625
SPY,SPY,2026-12-18,0.6246575342465753,C,850.0,0.16508273307741503,2.89,2.93,3.05,0.14350221740722657,209.0,10329,720.6500244140625
SPY,SPY,2026-12-18,0.6246575342465753,C,855.0,0.17094785252981304,2.54,2.58,2.7,0.1430444583129883,1.0,2810,720.6500244140625
SPY,SPY,2026-12-18,0.6246575342465753,C,860.0,0.17677877284060634,2.23,2.27,2.36,0.14264773376464845,5.0,2090,720.6500244140625
SPY,SPY,2026-12-18,0.6246575342465753,C,865.0,0.18257589052493214,1.97,2.01,2.1,0.14252566467285155,12.0,254,720.6500244140625
SPY,SPY,2026-12-18,0.6246575342465753,C,870.0,0.18833959524168217,1.74,1.78,1.85,0.14243411285400392,2.0,2145,720.6500244140625
SPY,SPY,2026-12-18,0.6246575342465753,C,875.0,0.19407026995066728,1.54,1.57,1.64,0.14231204376220702,17.0,626,720.6500244140625
SPY,SPY,2026-12-18,0.6246575342465753,C,880.0,0.19976829106530494,1.36,1.4,1.49,0.14249514739990232,5.0,2103,720.6500244140625
SPY,SPY,2026-12-18,0.6246575342465753,C,885.0,0.2054340286009824,1.21,1.25,1.27,0.14273928558349608,1.0,1657,720.6500244140625
SPY,SPY,2026-12-18,0.6246575342465753,C,890.0,0.21106784631923833,1.08,1.12,1.12,0.1430749755859375,3.0,700,720.6500244140625
SPY,SPY,2026-12-18,0.6246575342465753,C,895.0,0.21667010186790828,0.97,1.0,1.02,0.1433496310424805,2.0,499,720.6500244140625
SPY,SPY,2026-12-18,0.6246575342465753,C,900.0,0.22224114691736357,0.87,0.9,0.94,0.14380739013671873,5.0,7282,720.6500244140625
SPY,SPY,2026-12-18,0.6246575342465753,C,905.0,0.22778132729297887,0.78,0.81,0.85,0.14429566650390624,1.0,1717,720.6500244140625
SPY,SPY,2026-12-18,0.6246575342465753,C,910.0,0.23329098310394858,0.71,0.73,0.73,0.14478394287109375,24.0,3850,720.6500244140625
SPY,SPY,2026-12-18,0.6246575342465753,C,915.0,0.2387704488685741,0.64,0.66,0.56,0.14539428833007811,1.0,1391,720.6500244140625
SPY,SPY,2026-12-18,0.6246575342465753,C,920.0,0.24422005363613888,0.58,0.6,0.61,0.14606566833496093,1.0,170,720.6500244140625
SPY,SPY,2026-12-18,0.6246575342465753,C,925.0,0.249640121105478,0.52,0.55,0.42,0.14692015197753905,2.0,583,720.6500244140625
SPY,SPY,2026-12-18,0.6246575342465753,C,930.0,0.25503096974035455,0.48,0.5,0.45,0.1475915319824219,1.0,85,720.6500244140625
SPY,SPY,2026-12-18,0.6246575342465753,C,935.0,0.2603929128817398,0.43,0.45,0.46,0.14801877380371098,2.0,2468,720.6500244140625
SPY,SPY,2026-12-18,0.6246575342465753,C,945.0,0.2710313110867956,0.36,0.38,0.37,0.14966670654296876,40.0,3,720.6500244140625
SPY,SPY,2026-12-18,0.6246575342465753,C,950.0,0.2763083681876393,0.32,0.35,0.32,0.15058222473144534,2.0,169,720.6500244140625
SPY,SPY,2026-12-18,0.6246575342465753,C,955.0,0.28155772407378316,0.29,0.32,0.12,0.15125360473632815,28.0,28,720.6500244140625
SPY,SPY,2026-12-18,0.6246575342465753,C,960.0,0.2867796680549347,0.27,0.29,0.27,0.1518639501953125,2.0,291,720.6500244140625
SPY,SPY,2026-12-18,0.6246575342465753,C,965.0,0.2919744849320388,0.24,0.27,0.24,0.15284050292968754,1.0,545,720.6500244140625
SPY,SPY,2026-12-18,0.6246575342465753,C,970.0,0.29714245509048137,0.22,0.25,0.23,0.1538170556640625,1.0,1042,720.6500244140625
SPY,SPY,2026-12-18,0.6246575342465753,C,975.0,0.30228385459089996,0.2,0.23,0.24,0.15454947021484378,5.0,1045,720.6500244140625
SPY,SPY,2026-12-18,0.6246575342465753,C,980.0,0.30739895525767047,0.19,0.21,0.18,0.15515981567382814,1.0,1372,720.6500244140625
SPY,SPY,2026-12-18,0.6246575342465753,C,985.0,0.31248802476514165,0.17,0.19,0.21,0.15552602294921875,100.0,416,720.6500244140625
SPY,SPY,2026-12-18,0.6246575342465753,C,990.0,0.3175513267216885,0.16,0.18,0.18,0.1568687829589844,100.0,842,720.6500244140625
SPY,SPY,2026-12-18,0.6246575342465753,C,995.0,0.3225891207516456,0.15,0.17,0.16,0.15796740478515625,1.0,1414,720.6500244140625
SPY,SPY,2026-12-18,0.6246575342465753,C,1000.0,0.32760166257518997,0.13,0.16,0.17,0.159188095703125,5.0,496,720.6500244140625
SPY,SPY,2026-12-18,0.6246575342465753,P,150.0,-1.5695183223106914,0.16,0.18,0.18,0.7216824707031251,420.0,27524,720.6500244140625
SPY,SPY,2026-12-18,0.6246575342465753,P,200.0,-1.2818362498589106,0.34,0.36,0.34,0.6401403173828125,9921.0,24889,720.6500244140625
SPY,SPY,2026-12-18,0.6246575342465753,P,210.0,-1.2330460856894785,0.39,0.41,0.44,0.6259803027343751,40.0,925,720.6500244140625
SPY,SPY,2026-12-18,0.6246575342465753,P,220.0,-1.1865260700545857,0.43,0.45,0.42,0.6101113208007813,1.0,1709,720.6500244140625
SPY,SPY,2026-12-18,0.6246575342465753,P,230.0,-1.1420743074837518,0.49,0.51,0.47,0.5974161352539062,10.0,5833,720.6500244140625
SPY,SPY,2026-12-18,0.6246575342465753,P,240.0,-1.099514693064956,0.54,0.56,0.61,0.5830119824218749,4.0,47848,720.6500244140625
SPY,SPY,2026-12-18,0.6246575342465753,P,245.0,-1.0788954058622202,0.57,0.59,0.62,0.5764202514648438,4.0,249,720.6500244140625
SPY,SPY,2026-12-18,0.6246575342465753,P,250.0,-1.0586926985447007,0.61,0.62,0.6,0.570316796875,107.0,2763,720.6500244140625
SPY,SPY,2026-12-18,0.6246575342465753,P,255.0,-1.038890071248521,0.64,0.66,0.62,0.5642133422851563,1.0,1472,720.6500244140625
SPY,SPY,2026-12-18,0.6246575342465753,P,260.0,-1.0194719853914194,0.67,0.69,0.7,0.5574995422363282,1.0,4683,720.6500244140625
SPY,SPY,2026-12-18,0.6246575342465753,P,265.0,-1.000423790420725,0.71,0.72,0.69,0.5512740185546876,3.0,187,720.6500244140625
SPY,SPY,2026-12-18,0.6246575342465753,P,270.0,-0.9817316574085725,0.74,0.76,0.8,0.545048494873047,4.0,562,720.6500244140625
SPY,SPY,2026-12-18,0.6246575342465753,P,275.0,-0.9633825187403758,0.78,0.8,0.76,0.539189178466797,2.0,5433,720.6500244140625
SPY,SPY,2026-12-18,0.6246575342465753,P,280.0,-0.9453640132376975,0.82,0.83,0.89,0.5329636547851562,2.0,1079,720.6500244140625
SPY,SPY,2026-12-18,0.6246575342465753,P,285.0,-0.9276644361382965,0.85,0.87,0.88,0.5266160620117188,3.0,234,720.6500244140625
SPY,SPY,2026-12-18,0.6246575342465753,P,290.0,-0.9102726934264275,0.89,0.91,0.88,0.5205126074218749,1.0,14217,720.6500244140625
SPY,SPY,2026-12-18,0.6246575342465753,P,295.0,-0.8931782600671273,0.94,0.95,0.91,0.5150194982910157,1.0,248,720.6500244140625
SPY,SPY,2026-12-18,0.6246575342465753,P,300.0,-0.876371141750746,0.98,1.0,0.95,0.5092822509765625,41.0,7234,720.6500244140625
SPY,SPY,2026-12-18,0.6246575342465753,P,305.0,-0.8598418397995355,1.02,1.04,1.05,0.5033008654785156,3.0,301,720.6500244140625
SPY,SPY,2026-12-18,0.6246575342465753,P,310.0,-0.8435813189277552,1.07,1.09,1.05,0.4985401708984375,1.0,1202,720.6500244140625
SPY,SPY,2026-12-18,0.6246575342465753,P,315.0,-0.8275809775813141,1.11,1.13,1.08,0.49231464721679696,3.0,786,720.6500244140625
SPY,SPY,2026-12-18,0.6246575342465753,P,320.0,-0.811832620613175,1.16,1.18,1.16,0.48682153808593753,10.0,1478,720.6500244140625
SPY,SPY,2026-12-18,0.6246575342465753,P,325.0,-0.7963284340772097,1.21,1.23,1.22,0.4813284289550781,7.0,2872,720.6500244140625
SPY,SPY,2026-12-18,0.6246575342465753,P,330.0,-0.7810609619464213,1.26,1.28,1.29,0.4757132507324219,1.0,931,720.6500244140625
SPY,SPY,2026-12-18,0.6246575342465753,P,335.0,-0.7660230845818807,1.31,1.33,1.32,0.47009807250976565,6.0,320,720.6500244140625
SPY,SPY,2026-12-18,0.6246575342465753,P,340.0,-0.7512079987967402,1.37,1.39,1.34,0.4649101361083985,3.0,3002,720.6500244140625
SPY,SPY,2026-12-18,0.6246575342465753,P,345.0,-0.7366091993755874,1.42,1.44,1.37,0.4592339233398438,10.0,536,720.6500244140625
SPY,SPY,2026-12-18,0.6246575342465753,P,350.0,-0.7222204619234878,1.48,1.5,1.47,0.4539849523925781,11.0,6236,720.6500244140625
SPY,SPY,2026-12-18,0.6246575342465753,P,355.0,-0.7080358269315314,1.54,1.56,1.68,0.44873598144531246,1.0,1351,720.6500244140625
SPY,SPY,2026-12-18,0.6246575342465753,P,360.0,-0.6940495849567915,1.6,1.62,1.55,0.44336494140625,3.0,1621,720.6500244140625
SPY,SPY,2026-12-18,0.6246575342465753,P,365.0,-0.6802562628244557,1.66,1.68,1.9,0.438054935913086,11.0,2009,720.6500244140625
SPY,SPY,2026-12-18,0.6246575342465753,P,370.0,-0.6666506107686772,1.72,1.75,1.67,0.43305010314941406,2.0,2025,720.6500244140625
SPY,SPY,2026-12-18,0.6246575342465753,P,375.0,-0.6532275904365363,1.79,1.8,1.76,0.4272518212890626,1.0,7797,720.6500244140625
SPY,SPY,2026-12-18,0.6246575342465753,P,380.0,-0.6399823636865157,1.86,1.88,1.99,0.4226131958007812,1.0,870,720.6500244140625
SPY,SPY,2026-12-18,0.6246575342465753,P,385.0,-0.6269102821191629,1.93,1.95,1.92,0.41748629394531245,3.0,2631,720.6500244140625
SPY,SPY,2026-12-18,0.6246575342465753,P,390.0,-0.614006877283255,2.0,2.02,1.93,0.41235939208984373,2.0,4772,720.6500244140625
SPY,SPY,2026-12-18,0.6246575342465753,P,395.0,-0.6012678515058252,2.08,2.1,2.02,0.4074766284179688,1.0,7736,720.6500244140625
SPY,SPY,2026-12-18,0.6246575342465753,P,400.0,-0.5886890692989653,2.15,2.18,2.1,0.40259386474609377,44.0,19011,720.6500244140625
SPY,SPY,2026-12-18,0.6246575342465753,P,405.0,-0.5762665493004081,2.23,2.26,2.2,0.39765006652832036,13.0,1298,720.6500244140625
SPY,SPY,2026-12-18,0.6246575342465753,P,410.0,-0.5639964567085937,2.31,2.34,2.5,0.3927062683105469,5.0,16401,720.6500244140625
SPY,SPY,2026-12-18,0.6246575342465753,P,415.0,-0.5518750961762489,2.4,2.42,2.32,0.387701435546875,1.0,5269,720.6500244140625
SPY,SPY,2026-12-18,0.6246575342465753,P,420.0,-0.5398989051295332,2.49,2.51,2.44,0.3828797064208984,4.0,3660,720.6500244140625
SPY,SPY,2026-12-18,0.6246575342465753,P,425.0,-0.5280644474825302,2.58,2.61,2.58,0.378363150024414,55.0,5737,720.6500244140625
SPY,SPY,2026-12-18,0.6246575342465753,P,430.0,-0.516368407719339,2.67,2.7,2.56,0.373480386352539,5.0,2028,720.6500244140625
SPY,SPY,2026-12-18,0.6246575342465753,P,435.0,-0.5048075853182632,2.77,2.8,2.95,0.3687807263183594,50.0,1252,720.6500244140625
SPY,SPY,2026-12-18,0.6246575342465753,P,440.0,-0.49337888949464037,2.88,2.9,2.78,0.3640810662841797,1.0,687,720.6500244140625
SPY,SPY,2026-12-18,0.6246575342465753,P,445.0,-0.482079334240707,2.98,3.01,3.0,0.35953399261474606,1.0,1315,720.6500244140625
SPY,SPY,2026-12-18,0.6246575342465753,P,450.0,-0.4709060336425817,3.1,3.13,3.03,0.3551700225830078,15.0,13163,720.6500244140625
SPY,SPY,2026-12-18,0.6246575342465753,P,455.0,-0.4598561974559967,3.22,3.25,3.22,0.35071450073242183,2.0,929,720.6500244140625
SPY,SPY,2026-12-18,0.6246575342465753,P,460.0,-0.44892712692380643,3.34,3.37,3.35,0.3461979443359374,26.0,2367,720.6500244140625
SPY,SPY,2026-12-18,0.6246575342465753,P,465.0,-0.4381162108195908,3.47,3.5,3.86,0.34180345703125,21.0,1168,720.6500244140625
SPY,SPY,2026-12-18,0.6246575342465753,P,470.0,-0.42742092170284296,3.6,3.64,3.52,0.33756155609130856,2.0,6171,720.6500244140625
SPY,SPY,2026-12-18,0.6246575342465753,P,475.0,-0.416838812372306,3.75,3.78,3.67,0.3332281033325196,9.0,4032,720.6500244140625
SPY,SPY,2026-12-18,0.6246575342465753,P,480.0,-0.4063675125050106,3.9,3.93,3.89,0.32898620239257803,37.0,11232,720.6500244140625
SPY,SPY,2026-12-18,0.6246575342465753,P,485.0,-0.39600472546946397,4.05,4.09,4.05,0.32486637054443357,15.0,3730,720.6500244140625
SPY,SPY,2026-12-18,0.6246575342465753,P,490.0,-0.3857482253022748,4.22,4.26,4.16,0.32080757324218745,2.0,4589,720.6500244140625
SPY,SPY,2026-12-18,0.6246575342465753,P,495.0,-0.37559585383825683,4.4,4.43,4.31,0.3166572241210937,16.0,2027,720.6500244140625
SPY,SPY,2026-12-18,0.6246575342465753,P,500.0,-0.3655455179847554,4.58,4.62,4.57,0.31272049591064455,247.0,14482,720.6500244140625
SPY,SPY,2026-12-18,0.6246575342465753,P,505.0,-0.3555951871315874,4.77,4.81,4.75,0.30869221588134765,3.0,1419,720.6500244140625
SPY,SPY,2026-12-18,0.6246575342465753,P,510.0,-0.3457428906885758,4.98,5.02,5.11,0.30487755676269535,2.0,3738,720.6500244140625
SPY,SPY,2026-12-18,0.6246575342465753,P,515.0,-0.33598671574321104,5.19,5.23,5.08,0.3009103112792969,9.0,3511,720.6500244140625
SPY,SPY,2026-12-18,0.6246575342465753,P,520.0,-0.32632480483147414,5.42,5.46,5.31,0.2971261694335937,109.0,11088,720.6500244140625
SPY,SPY,2026-12-18,0.6246575342465753,P,525.0,-0.3167553538153234,5.66,5.7,5.41,0.29337254486083975,213.0,4434,720.6500244140625
SPY,SPY,2026-12-18,0.6246575342465753,P,530.0,-0.3072766098607796,5.91,5.95,5.83,0.2896189202880859,27.0,4276,720.6500244140625
SPY,SPY,2026-12-18,0.6246575342465753,P,535.0,-0.29788686951094057,6.18,6.22,6.06,0.2859568475341796,17.0,3478,720.6500244140625
SPY,SPY,2026-12-18,0.6246575342465753,P,540.0,-0.28858447684862715,6.46,6.5,6.28,0.28231003341674804,451.0,4962,720.6500244140625
SPY,SPY,2026-12-18,0.6246575342465753,P,545.0,-0.2793678217437031,6.75,6.79,6.59,0.27863270202636714,5.0,5369,720.6500244140625
SPY,SPY,2026-12-18,0.6246575342465753,P,550.0,-0.27023533818043055,7.06,7.1,6.85,0.27503166381835936,46.0,14104,720.6500244140625
SPY,SPY,2026-12-18,0.6246575342465753,P,555.0,-0.26118550266051266,7.39,7.44,7.06,0.27161372924804683,1.0,5920,720.6500244140625
SPY,SPY,2026-12-18,0.6246575342465753,P,560.0,-0.25221683267775225,7.73,7.78,7.58,0.2680432083129882,53.0,6561,720.6500244140625
SPY,SPY,2026-12-18,0.6246575342465753,P,565.0,-0.24332788526050617,8.09,8.14,7.86,0.26453372192382807,6.0,2591,720.6500244140625
SPY,SPY,2026-12-18,0.6246575342465753,P,570.0,-0.23451725557835126,8.47,8.53,8.23,0.2611310459899902,5.0,6777,720.6500244140625
SPY,SPY,2026-12-18,0.6246575342465753,P,575.0,-0.22578357560959678,8.87,8.92,8.59,0.25757578369140627,318.0,6354,720.6500244140625
SPY,SPY,2026-12-18,0.6246575342465753,P,580.0,-0.21712551286648218,9.29,9.33,9.03,0.25405103866577156,246.0,7105,720.6500244140625
SPY,SPY,2026-12-18,0.6246575342465753,P,585.0,-0.20854176917509068,9.73,9.77,9.54,0.25060258682250974,12.0,3532,720.6500244140625
SPY,SPY,2026-12-18,0.6246575342465753,P,590.0,-0.20003107950718202,10.19,10.24,9.96,0.24724568679809572,3.0,6588,720.6500244140625
SPY,SPY,2026-12-18,0.6246575342465753,P,595.0,-0.1915922108613174,10.67,10.73,10.36,0.24385826950073242,7.0,2316,720.6500244140625
SPY,SPY,2026-12-18,0.6246575342465753,P,600.0,-0.18322396119080075,11.18,11.23,11.08,0.24037930038452143,264.0,22451,720.6500244140625
SPY,SPY,2026-12-18,0.6246575342465753,P,605.0,-0.17492515837610578,11.72,11.78,12.07,0.23708343490600586,4.0,6473,720.6500244140625
SPY,SPY,2026-12-18,0.6246575342465753,P,610.0,-0.1666946592395903,12.27,12.33,11.93,0.2335892071533203,32.0,9172,720.6500244140625
SPY,SPY,2026-12-18,0.6246575342465753,P,615.0,-0.15853134860042933,12.85,12.92,12.43,0.23020178985595702,6.0,5541,720.6500244140625
SPY,SPY,2026-12-18,0.6246575342465753,P,620.0,-0.15043413836780994,13.47,13.53,13.45,0.2267380793762207,159.0,16428,720.6500244140625
SPY,SPY,2026-12-18,0.6246575342465753,P,625.0,-0.14240196667054567,14.12,14.19,14.15,0.22341169662475585,27.0,20153,720.6500244140625
SPY,SPY,2026-12-18,0.6246575342465753,P,630.0,-0.13443379702136876,14.8,14.87,14.7,0.21999376205444332,80.0,13381,720.6500244140625
SPY,SPY,2026-12-18,0.6246575342465753,P,635.0,-0.12652861751425548,15.51,15.58,15.26,0.21654531021118162,44.0,7696,720.6500244140625
SPY,SPY,2026-12-18,0.6246575342465753,P,640.0,-0.11868544005322969,16.25,16.32,15.9,0.2130663410949707,288.0,10092,720.6500244140625
SPY,SPY,2026-12-18,0.6246575342465753,P,645.0,-0.11090329961117472,17.02,17.1,17.08,0.20958737197875976,24.0,7549,720.6500244140625
SPY,SPY,2026-12-18,0.6246575342465753,P,650.0,-0.1031812535172644,17.83,17.9,17.87,0.20600159240722654,402.0,12358,720.6500244140625
SPY,SPY,2026-12-18,0.6246575342465753,P,655.0,-0.09551838077169525,18.67,18.75,18.3,0.20244633010864255,5.0,3583,720.6500244140625
SPY,SPY,2026-12-18,0.6246575342465753,P,660.0,-0.08791378138647593,19.56,19.64,19.43,0.19887580917358394,242.0,123448,720.6500244140625
SPY,SPY,2026-12-18,0.6246575342465753,P,665.0,-0.080366575751093,20.5,20.58,20.23,0.1953052882385254,2.0,2374,720.6500244140625
SPY,SPY,2026-12-18,0.6246575342465753,P,670.0,-0.07287590402193538,21.47,21.55,21.31,0.19162032752990724,476.0,8025,720.6500244140625
SPY,SPY,2026-12-18,0.6246575342465753,P,675.0,-0.0654409255344174,22.48,22.57,22.43,0.18792010818481442,57.0,5353,720.6500244140625
SPY,SPY,2026-12-18,0.6246575342465753,P,680.0,-0.05806081823679482,23.55,23.64,23.36,0.18418174224853517,93.0,9124,720.6500244140625
SPY,SPY,2026-12-18,0.6246575342465753,P,685.0,-0.050734778144721895,24.67,24.76,23.9,0.18038234176635742,91.0,5057,720.6500244140625
SPY,SPY,2026-12-18,0.6246575342465753,P,690.0,-0.04346201881564211,25.84,25.93,25.32,0.17652190673828128,316.0,8256,720.6500244140625
SPY,SPY,2026-12-18,0.6246575342465753,P,695.0,-0.036241770842155026,27.06,27.15,26.52,0.17256229057312014,29.0,7539,720.6500244140625
SPY,SPY,2026-12-18,0.6246575342465753,P,700.0,-0.029073281363542466,28.35,28.45,28.35,0.16863319168090823,122.0,6040,720.6500244140625
SPY,SPY,2026-12-18,0.6246575342465753,P,705.0,-0.021955813594678467,29.73,29.84,28.63,0.1647498686981201,54.0,1244,720.6500244140625
SPY,SPY,2026-12-18,0.6246575342465753,P,710.0,-0.014888646371586113,31.19,31.3,31.25,0.16079025253295898,281.0,13463,720.6500244140625
SPY,SPY,2026-12-18,0.6246575342465753,P,715.0,-0.007871073712939547,32.73,32.85,32.8,0.1568230070495606,596.0,2948,720.6500244140625
SPY,SPY,2026-12-18,0.6246575342465753,P,720.0,-0.0009024043968461908,34.37,34.49,34.47,0.1528099856567383,455.0,2304,720.6500244140625
SPY,SPY,2026-12-18,0.6246575342465753,P,725.0,0.006018038447727607,36.12,36.24,36.05,0.14881985221862792,106.0,1719,720.6500244140625
SPY,SPY,2026-12-18,0.6246575342465753,P,730.0,0.01289091773548955,37.98,38.11,38.06,0.1448449774169922,114.0,9206,720.6500244140625
SPY,SPY,2026-12-18,0.6246575342465753,P,735.0,0.019716882805889537,39.97,40.1,39.11,0.14086247329711915,5.0,7033,720.6500244140625
SPY,SPY,2026-12-18,0.6246575342465753,P,740.0,0.02649656979126821,42.09,42.23,41.2,0.13691048645019532,129.0,4505,720.6500244140625
SPY,SPY,2026-12-18,0.6246575342465753,P,745.0,0.033230601972612406,44.34,44.48,43.42,0.1328593184661865,1.0,1846,720.6500244140625
SPY,SPY,2026-12-18,0.6246575342465753,P,750.0,0.03991959012340893,46.74,46.89,46.65,0.12885392639160154,27.0,3106,720.6500244140625
SPY,SPY,2026-12-18,0.6246575342465753,P,755.0,0.046564132842077624,48.02,50.66,48.26,0.13057052299499508,3.0,10,720.6500244140625
SPY,SPY,2026-12-18,0.6246575342465753,P,760.0,0.053164816873429596,50.63,53.44,50.81,0.1269771141052246,4.0,15,720.6500244140625
SPY,SPY,2026-12-18,0.6246575342465753,P,765.0,0.05972221741958858,53.23,56.75,53.95,0.12528340545654298,5.0,14,720.6500244140625
SPY,SPY,2026-12-18,0.6246575342465753,P,770.0,0.0662368984407824,56.32,59.39,57.17,0.11927150268554687,2.0,1,720.6500244140625
SPY,SPY,2026-12-18,0.6246575342465753,P,775.0,0.07270941294639977,59.85,63.14,66.85,0.11835598449707031,2.0,23,720.6500244140625
SPY,SPY,2026-12-18,0.6246575342465753,P,780.0,0.07914030327669032,62.93,66.58,62.37,0.11484649810791016,1.0,13,720.6500244140625
SPY,SPY,2026-12-18,0.6246575342465753,P,785.0,0.08553010137546123,66.59,70.2,79.1,0.11139804626464843,1.0,0,720.6500244140625
SPY,SPY,2026-12-18,0.6246575342465753,P,790.0,0.09187932905412009,70.44,73.97,79.0,0.10779700805664064,1.0,1,720.6500244140625
SPY,SPY,2026-12-18,0.6246575342465753,P,800.0,0.10445811126098005,78.92,82.13,78.5,0.10169355346679687,1.0,7,720.6500244140625
SPY,SPY,2026-12-18,0.6246575342465753,P,805.0,0.11068866101161623,83.43,86.54,149.82,0.0999235516357422,1.0,0,720.6500244140625
SPY,SPY,2026-12-18,0.6246575342465753,P,810.0,0.11688063125953722,88.12,91.24,89.05,0.10056441436767577,2.0,0,720.6500244140625
SPY,SPY,2026-12-18,0.6246575342465753,P,815.0,0.1230344968339156,92.96,96.32,100.5,0.10552347122192382,,1,720.6500244140625
SPY,SPY,2026-12-18,0.6246575342465753,P,820.0,0.1291507238513516,221.09,226.0,226.06,0.7039595644378662,,0,720.6500244140625
SPY,SPY,2026-12-18,0.6246575342465753,P,825.0,0.1352297699277339,102.92,106.27,101.76,0.11271028900146485,1.0,0,720.6500244140625
SPY,SPY,2026-12-18,0.6246575342465753,P,830.0,0.14127208438369646,107.92,111.26,106.66,0.11640287902832032,1.0,0,720.6500244140625
SPY,SPY,2026-12-18,0.6246575342465753,P,835.0,0.14727810844390823,170.5,175.37,189.88,0.4448221411895752,8.0,0,720.6500244140625
SPY,SPY,2026-12-18,0.6246575342465753,P,840.0,0.15324827543041217,247.0,251.8,252.26,0.7556939714050293,1.0,0,720.6500244140625
SPY,SPY,2026-12-18,0.6246575342465753,P,850.0,0.16508273307741503,155.76,159.63,161.2,0.3178016218566894,,0,720.6500244140625
SPY,SPY,2026-12-18,0.6246575342465753,P,855.0,0.17094785252981304,268.0,272.78,287.08,0.8006535437774659,1.0,0,720.6500244140625
SPY,SPY,2026-12-18,0.6246575342465753,P,860.0,0.17677877284060634,197.54,201.01,169.23,0.4778494598388672,24.0,0,720.6500244140625
SPY,SPY,2026-12-18,0.6246575342465753,P,870.0,0.18833959524168217,186.55,190.43,180.77,0.3928970012664794,,0,720.6500244140625
SPY,SPY,2026-12-18,0.6246575342465753,P,875.0,0.19407026995066728,277.0,281.86,297.0,0.7765296395111085,,0,720.6500244140625
SPY,SPY,2026-12-18,0.6246575342465753,P,900.0,0.22224114691736357,218.27,222.14,222.8,0.4326610079193115,1.0,0,720.6500244140625
SPY,SPY,2026-12-18,0.6246575342465753,P,910.0,0.23329098310394858,242.52,247.5,252.32,0.5046436254882812,1.0,0,720.6500244140625
SPY,SPY,2026-12-18,0.6246575342465753,P,925.0,0.249640121105478,230.21,235.46,253.05,0.39714653152465823,,0,720.6500244140625
SPY,SPY,2026-12-18,0.6246575342465753,P,930.0,0.25503096974035455,236.25,240.25,242.62,0.4005797247314453,1.0,0,720.6500244140625
SPY,SPY,2026-12-18,0.6246575342465753,P,935.0,0.2603929128817398,241.25,245.25,247.55,0.40508865180969233,1.0,0,720.6500244140625
SPY,SPY,2026-12-18,0.6246575342465753,P,1000.0,0.32760166257518997,288.25,291.43,339.21,0.33779043563842776,,0,720.6500244140625
SPY,SPY,2027-06-17,1.1205479452054794,C,50.0,-2.668130610978801,668.5,673.0,667.49,0.87500125,31.0,30,720.6500244140625
SPY,SPY,2027-06-17,1.1205479452054794,C,250.0,-1.0586926985447007,475.24,479.0,407.76,0.6272315109252932,1.0,6,720.6500244140625
SPY,SPY,2027-06-17,1.1205479452054794,C,300.0,-0.876371141750746,428.15,432.0,407.0,0.5766338723754882,1.0,52,720.6500244140625
SPY,SPY,2027-06-17,1.1205479452054794,C,330.0,-0.7810609619464213,399.99,403.87,341.02,0.545750392150879,,1,720.6500244140625
SPY,SPY,2027-06-17,1.1205479452054794,C,340.0,-0.7512079987967402,390.63,394.5,394.15,0.5355118470764162,1.0,2,720.6500244140625
SPY,SPY,2027-06-17,1.1205479452054794,C,345.0,-0.7366091993755874,385.95,389.83,391.8,0.5304612384033205,1.0,3,720.6500244140625
SPY,SPY,2027-06-17,1.1205479452054794,C,350.0,-0.7222204619234878,381.28,385.16,374.51,0.5254564056396485,2.0,6,720.6500244140625
SPY,SPY,2027-06-17,1.1205479452054794,C,355.0,-0.7080358269315314,376.6,380.48,381.79,0.5202989865112304,1.0,3,720.6500244140625
SPY,SPY,2027-06-17,1.1205479452054794,C,360.0,-0.6940495849567915,371.93,375.82,363.81,0.5153246710205077,1.0,3,720.6500244140625
SPY,SPY,2027-06-17,1.1205479452054794,C,365.0,-0.6802562628244557,357.22,362.0,325.75,0.4217892294311524,,1,720.6500244140625
SPY,SPY,2027-06-17,1.1205479452054794,C,370.0,-0.6666506107686772,362.61,366.49,359.04,0.5053455227661132,1.0,2,720.6500244140625
SPY,SPY,2027-06-17,1.1205479452054794,C,375.0,-0.6532275904365363,357.95,361.83,350.21,0.5003712072753908,1.0,28,720.6500244140625
SPY,SPY,2027-06-17,1.1205479452054794,C,380.0,-0.6399823636865157,353.3,357.18,336.99,0.5140124282836914,7.0,8,720.6500244140625
SPY,SPY,2027-06-17,1.1205479452054794,C,390.0,-0.614006877283255,344.0,347.88,285.5,0.5033924172973633,1.0,2,720.6500244140625
SPY,SPY,2027-06-17,1.1205479452054794,C,400.0,-0.5886890692989653,334.73,338.61,315.08,0.49303180313110356,4.0,22,720.6500244140625
SPY,SPY,2027-06-17,1.1205479452054794,C,405.0,-0.5762665493004081,330.1,333.98,287.98,0.48788964263916024,1.0,1,720.6500244140625
SPY,SPY,2027-06-17,1.1205479452054794,C,410.0,-0.5639964567085937,315.59,320.5,276.7,0.4009154147338867,1.0,2,720.6500244140625
SPY,SPY,2027-06-17,1.1205479452054794,C,420.0,-0.5398989051295332,316.25,320.13,297.42,0.4727378166198731,2.0,10,720.6500244140625
SPY,SPY,2027-06-17,1.1205479452054794,C,425.0,-0.5280644474825302,311.65,315.5,294.0,0.4675651388549804,,10,720.6500244140625
SPY,SPY,2027-06-17,1.1205479452054794,C,430.0,-0.516368407719339,307.05,310.93,224.57,0.46286547882080087,1.0,2,720.6500244140625
SPY,SPY,2027-06-17,1.1205479452054794,C,440.0,-0.49337888949464037,297.88,301.76,289.91,0.4531609860229492,42.0,43,720.6500244140625
SPY,SPY,2027-06-17,1.1205479452054794,C,445.0,-0.482079334240707,293.31,297.19,294.03,0.4484002914428711,1.0,7,720.6500244140625
SPY,SPY,2027-06-17,1.1205479452054794,C,450.0,-0.4709060336425817,288.75,292.63,289.47,0.4436853727722168,1.0,77,720.6500244140625
SPY,SPY,2027-06-17,1.1205479452054794,C,455.0,-0.4598561974559967,284.19,288.07,273.74,0.43895519546508793,1.0,3,720.6500244140625
SPY,SPY,2027-06-17,1.1205479452054794,C,460.0,-0.44892712692380643,279.65,283.53,247.45,0.4343470872497559,1.0,4,720.6500244140625
SPY,SPY,2027-06-17,1.1205479452054794,C,465.0,-0.4381162108195908,275.11,278.99,242.29,0.42970846176147465,5.0,10,720.6500244140625
SPY,SPY,2027-06-17,1.1205479452054794,C,470.0,-0.42742092170284296,270.57,274.46,254.77,0.4251156121826172,1.0,5,720.6500244140625
SPY,SPY,2027-06-17,1.1205479452054794,C,475.0,-0.416838812372306,266.06,269.94,257.33,0.42055327987670904,1.0,26,720.6500244140625
SPY,SPY,2027-06-17,1.1205479452054794,C,480.0,-0.4063675125050106,261.55,265.44,253.99,0.4161053873443603,3.0,4,720.6500244140625
SPY,SPY,2027-06-17,1.1205479452054794,C,490.0,-0.3857482253022748,252.57,256.46,178.5,0.407232490234375,1.0,8,720.6500244140625
SPY,SPY,2027-06-17,1.1205479452054794,C,495.0,-0.37559585383825683,248.1,251.99,208.48,0.40286852020263675,1.0,11,720.6500244140625
SPY,SPY,2027-06-17,1.1205479452054794,C,500.0,-0.3655455179847554,243.64,247.53,246.98,0.3985350674438477,1.0,120,720.6500244140625
SPY,SPY,2027-06-17,1.1205479452054794,C,505.0,-0.3555951871315874,239.2,243.09,239.78,0.39427790786743167,5.0,3,720.6500244140625
SPY,SPY,2027-06-17,1.1205479452054794,C,510.0,-0.3457428906885758,234.77,238.66,226.54,0.39003600692749024,1.0,11,720.6500244140625
SPY,SPY,2027-06-17,1.1205479452054794,C,515.0,-0.33598671574321104,207.75,209.97,205.47,0.21445487701416016,1.0,2,720.6500244140625
SPY,SPY,2027-06-17,1.1205479452054794,C,520.0,-0.32632480483147414,225.95,229.84,229.62,0.38166664482116686,3.0,9,720.6500244140625
SPY,SPY,2027-06-17,1.1205479452054794,C,525.0,-0.3167553538153234,221.56,225.45,215.44,0.3775239250183105,1.0,11,720.6500244140625
SPY,SPY,2027-06-17,1.1205479452054794,C,530.0,-0.3072766098607796,217.19,221.08,206.75,0.3734422397613525,2.0,15,720.6500244140625
SPY,SPY,2027-06-17,1.1205479452054794,C,535.0,-0.29788686951094057,212.84,216.72,208.26,0.3693681838226318,1.0,6,720.6500244140625
SPY,SPY,2027-06-17,1.1205479452054794,C,540.0,-0.28858447684862715,208.5,212.39,205.9,0.3653933090209961,1.0,72,720.6500244140625
SPY,SPY,2027-06-17,1.1205479452054794,C,545.0,-0.2793678217437031,204.18,208.06,209.48,0.3613726583099365,1.0,357,720.6500244140625
SPY,SPY,2027-06-17,1.1205479452054794,C,550.0,-0.27023533818043055,199.88,203.76,204.95,0.35745118873596193,2.0,869,720.6500244140625
SPY,SPY,2027-06-17,1.1205479452054794,C,555.0,-0.26118550266051266,195.6,199.48,199.43,0.3535678657531737,2.0,384,720.6500244140625
SPY,SPY,2027-06-17,1.1205479452054794,C,560.0,-0.25221683267775225,191.34,195.22,184.3,0.3497226893615722,1.0,80,720.6500244140625
SPY,SPY,2027-06-17,1.1205479452054794,C,565.0,-0.24332788526050617,187.1,190.98,190.03,0.3459080302429199,1.0,10,720.6500244140625
SPY,SPY,2027-06-17,1.1205479452054794,C,570.0,-0.23451725557835126,182.87,186.76,186.68,0.34213151771545414,4.0,53,720.6500244140625
SPY,SPY,2027-06-17,1.1205479452054794,C,575.0,-0.22578357560959678,178.67,182.56,171.88,0.33837789314270017,1.0,20,720.6500244140625
SPY,SPY,2027-06-17,1.1205479452054794,C,580.0,-0.21712551286648218,174.49,178.38,170.56,0.3346471565246582,7.0,84,720.6500244140625
SPY,SPY,2027-06-17,1.1205479452054794,C,585.0,-0.20854176917509068,170.33,174.22,174.18,0.3309393078613281,1.0,14,720.6500244140625
SPY,SPY,2027-06-17,1.1205479452054794,C,590.0,-0.20003107950718202,166.19,170.08,168.64,0.3272467178344727,4.0,89,720.6500244140625
SPY,SPY,2027-06-17,1.1205479452054794,C,595.0,-0.1915922108613174,162.07,165.95,161.0,0.3235236105346678,4.0,19,720.6500244140625
SPY,SPY,2027-06-17,1.1205479452054794,C,600.0,-0.18322396119080075,157.97,161.85,162.4,0.31986153778076165,12.0,220,720.6500244140625
SPY,SPY,2027-06-17,1.1205479452054794,C,605.0,-0.17492515837610578,153.9,157.78,154.62,0.3162452409362792,1.0,41,720.6500244140625
SPY,SPY,2027-06-17,1.1205479452054794,C,610.0,-0.1666946592395903,151.5,153.72,153.37,0.31259842681884764,1.0,424,720.6500244140625
SPY,SPY,2027-06-17,1.1205479452054794,C,615.0,-0.15853134860042933,145.82,149.7,139.54,0.30902790588378903,1.0,47,720.6500244140625
SPY,SPY,2027-06-17,1.1205479452054794,C,620.0,-0.15043413836780994,141.82,145.7,144.71,0.30544975563049315,2.0,267,720.6500244140625
SPY,SPY,2027-06-17,1.1205479452054794,C,625.0,-0.14240196667054567,137.85,141.73,141.1,0.30191738128662116,3.0,78,720.6500244140625
SPY,SPY,2027-06-17,1.1205479452054794,C,630.0,-0.13443379702136876,133.9,137.78,137.62,0.29836211898803705,5.0,65,720.6500244140625
SPY,SPY,2027-06-17,1.1205479452054794,C,635.0,-0.12652861751425548,129.98,133.86,134.0,0.29484500328063956,2.0,109,720.6500244140625
SPY,SPY,2027-06-17,1.1205479452054794,C,640.0,-0.11868544005322969,126.1,129.98,129.96,0.2913812928009032,6.0,518,720.6500244140625
SPY,SPY,2027-06-17,1.1205479452054794,C,645.0,-0.11090329961117472,122.24,126.12,127.0,0.28789469436645493,30.0,283,720.6500244140625
SPY,SPY,2027-06-17,1.1205479452054794,C,650.0,-0.1031812535172644,118.41,122.29,122.04,0.28442335456848133,6.0,740,720.6500244140625
SPY,SPY,2027-06-17,1.1205479452054794,C,655.0,-0.09551838077169525,114.61,118.49,117.85,0.2809672734069824,2.0,360,720.6500244140625
SPY,SPY,2027-06-17,1.1205479452054794,C,660.0,-0.08791378138647593,110.85,114.73,115.52,0.27754933883666993,33.0,755,720.6500244140625
SPY,SPY,2027-06-17,1.1205479452054794,C,665.0,-0.080366575751093,107.11,110.99,110.41,0.2740932576751709,16.0,126,720.6500244140625
SPY,SPY,2027-06-17,1.1205479452054794,C,670.0,-0.07287590402193538,103.4,107.28,106.65,0.2706371765136719,2.0,538,720.6500244140625
SPY,SPY,2027-06-17,1.1205479452054794,C,675.0,-0.0654409255344174,99.73,103.61,102.99,0.2672039833068848,21.0,463,720.6500244140625
SPY,SPY,2027-06-17,1.1205479452054794,C,680.0,-0.05806081823679482,96.09,99.65,98.45,0.26265309497833256,14.0,1787,720.6500244140625
SPY,SPY,2027-06-17,1.1205479452054794,C,685.0,-0.050734778144721895,92.49,96.37,93.6,0.2603452262115479,4.0,186,720.6500244140625
SPY,SPY,2027-06-17,1.1205479452054794,C,690.0,-0.04346201881564211,88.92,92.8,92.01,0.25690440368652345,3.0,851,720.6500244140625
SPY,SPY,2027-06-17,1.1205479452054794,C,695.0,-0.036241770842155026,85.4,89.28,88.46,0.25350554241180423,8.0,294,720.6500244140625
SPY,SPY,2027-06-17,1.1205479452054794,C,700.0,-0.029073281363542466,81.93,85.69,84.85,0.24974047386169432,49.0,2727,720.6500244140625
SPY,SPY,2027-06-17,1.1205479452054794,C,705.0,-0.021955813594678467,78.49,82.37,81.94,0.2467497811126709,71.0,553,720.6500244140625
SPY,SPY,2027-06-17,1.1205479452054794,C,710.0,-0.014888646371586113,75.1,78.96,78.46,0.24330895858764645,11.0,442,720.6500244140625
SPY,SPY,2027-06-17,1.1205479452054794,C,715.0,-0.007871073712939547,71.81,75.54,75.46,0.23969647640228264,7.0,255,720.6500244140625
SPY,SPY,2027-06-17,1.1205479452054794,C,720.0,-0.0009024043968461908,68.69,72.14,70.71,0.23600007171630855,243.0,678,720.6500244140625
SPY,SPY,2027-06-17,1.1205479452054794,C,725.0,0.006018038447727607,66.5,68.97,68.27,0.2329101978302002,40.0,1115,720.6500244140625
SPY,SPY,2027-06-17,1.1205479452054794,C,730.0,0.01289091773548955,62.22,65.57,66.18,0.22889717643737795,17.0,772,720.6500244140625
SPY,SPY,2027-06-17,1.1205479452054794,C,735.0,0.019716882805889537,59.34,61.5,61.0,0.2225190663909912,36.0,548,720.6500244140625
SPY,SPY,2027-06-17,1.1205479452054794,C,740.0,0.02649656979126821,56.4,59.21,58.48,0.22180953979492185,20.0,487,720.6500244140625
SPY,SPY,2027-06-17,1.1205479452054794,C,745.0,0.033230601972612406,54.78,54.91,55.38,0.21432517860412595,73.0,543,720.6500244140625
SPY,SPY,2027-06-17,1.1205479452054794,C,750.0,0.03991959012340893,51.87,52.0,52.17,0.21120478744506832,22.0,634,720.6500244140625
SPY,SPY,2027-06-17,1.1205479452054794,C,755.0,0.046564132842077624,49.03,49.15,50.07,0.2080843962860107,9.0,1435,720.6500244140625
SPY,SPY,2027-06-17,1.1205479452054794,C,760.0,0.053164816873429596,46.27,46.39,47.18,0.20504792762756344,19.0,1012,720.6500244140625
SPY,SPY,2027-06-17,1.1205479452054794,C,765.0,0.05972221741958858,43.58,43.7,44.47,0.2020343469238281,71.0,1012,720.6500244140625
SPY,SPY,2027-06-17,1.1205479452054794,C,770.0,0.0662368984407824,40.97,41.09,41.83,0.1990589128112793,7.0,516,720.6500244140625
SPY,SPY,2027-06-17,1.1205479452054794,C,775.0,0.07270941294639977,38.46,38.58,38.94,0.19619028915405273,45.0,1341,720.6500244140625
SPY,SPY,2027-06-17,1.1205479452054794,C,780.0,0.07914030327669032,36.02,36.14,37.12,0.19332929481506347,155.0,1754,720.6500244140625
SPY,SPY,2027-06-17,1.1205479452054794,C,785.0,0.08553010137546123,33.69,33.8,34.74,0.1905598522949219,14.0,1382,720.6500244140625
SPY,SPY,2027-06-17,1.1205479452054794,C,790.0,0.09187932905412009,31.44,31.55,32.11,0.1878438150024414,2.0,449,720.6500244140625
SPY,SPY,2027-06-17,1.1205479452054794,C,795.0,0.09818849824738474,29.3,29.41,29.56,0.18526510543823238,13.0,759,720.6500244140625
SPY,SPY,2027-06-17,1.1205479452054794,C,800.0,0.10445811126098005,27.24,27.35,27.8,0.18270165451049802,114.0,31588,720.6500244140625
SPY,SPY,2027-06-17,1.1205479452054794,C,805.0,0.11068866101161623,25.3,25.41,25.94,0.18030604858398439,299.0,1598,720.6500244140625
SPY,SPY,2027-06-17,1.1205479452054794,C,810.0,0.11688063125953722,23.45,23.56,24.05,0.17796384788513184,426.0,670,720.6500244140625
SPY,SPY,2027-06-17,1.1205479452054794,C,815.0,0.1230344968339156,21.71,21.81,22.89,0.17571319900512694,706.0,2540,720.6500244140625
SPY,SPY,2027-06-17,1.1205479452054794,C,820.0,0.1291507238513516,20.07,20.16,20.53,0.17356936058044434,775.0,1448,720.6500244140625
SPY,SPY,2027-06-17,1.1205479452054794,C,825.0,0.1352297699277339,18.52,18.62,19.02,0.1715781085205078,351.0,2742,720.6500244140625
SPY,SPY,2027-06-17,1.1205479452054794,C,830.0,0.14127208438369646,17.08,17.17,17.48,0.16965552032470704,1556.0,745,720.6500244140625
SPY,SPY,2027-06-17,1.1205479452054794,C,835.0,0.14727810844390823,15.73,15.82,16.13,0.16787025985717774,16.0,211,720.6500244140625
SPY,SPY,2027-06-17,1.1205479452054794,C,840.0,0.15324827543041217,14.48,14.56,14.84,0.16617655120849611,361.0,439,720.6500244140625
SPY,SPY,2027-06-17,1.1205479452054794,C,845.0,0.15918301095022663,13.3,13.39,13.6,0.16460491165161134,346.0,426,720.6500244140625
SPY,SPY,2027-06-17,1.1205479452054794,C,850.0,0.16508273307741503,12.22,12.3,12.56,0.16310956527709963,102.0,1158,720.6500244140625
SPY,SPY,2027-06-17,1.1205479452054794,C,855.0,0.17094785252981304,11.21,11.29,11.57,0.16170577072143555,21.0,500,720.6500244140625
SPY,SPY,2027-06-17,1.1205479452054794,C,860.0,0.17677877284060634,10.28,10.36,10.4,0.16042404525756837,54.0,462,720.6500244140625
SPY,SPY,2027-06-17,1.1205479452054794,C,865.0,0.18257589052493214,9.41,9.49,9.98,0.15917283706665042,20.0,710,720.6500244140625
SPY,SPY,2027-06-17,1.1205479452054794,C,870.0,0.18833959524168217,8.62,8.7,8.93,0.15806658592224124,62.0,342,720.6500244140625
SPY,SPY,2027-06-17,1.1205479452054794,C,875.0,0.19407026995066728,7.89,7.96,8.03,0.15697559341430667,3.0,175,720.6500244140625
SPY,SPY,2027-06-17,1.1205479452054794,C,880.0,0.19976829106530494,7.21,7.29,7.35,0.15602192863464356,16.0,5142,720.6500244140625
SPY,SPY,2027-06-17,1.1205479452054794,C,885.0,0.2054340286009824,6.59,6.66,6.85,0.1550530052185059,72.0,8648,720.6500244140625
SPY,SPY,2027-06-17,1.1205479452054794,C,890.0,0.21106784631923833,6.03,6.1,6.23,0.1542748147583008,617.0,10487,720.6500244140625
SPY,SPY,2027-06-17,1.1205479452054794,C,895.0,0.21667010186790828,5.51,5.57,5.6,0.1534355897521973,14.0,11624,720.6500244140625
SPY,SPY,2027-06-17,1.1205479452054794,C,900.0,0.22224114691736357,5.03,5.1,5.2,0.15277946838378909,183.0,5509,720.6500244140625
SPY,SPY,2027-06-17,1.1205479452054794,C,905.0,0.22778132729297887,4.6,4.66,4.67,0.15210808837890627,4.0,3814,720.6500244140625
SPY,SPY,2027-06-17,1.1205479452054794,C,910.0,0.23329098310394858,4.21,4.27,4.38,0.15160455337524414,12.0,2388,720.6500244140625
SPY,SPY,2027-06-17,1.1205479452054794,C,915.0,0.2387704488685741,3.85,3.91,4.13,0.1511162770080567,4.0,2249,720.6500244140625
SPY,SPY,2027-06-17,1.1205479452054794,C,920.0,0.24422005363613888,3.52,3.58,3.74,0.15067377655029301,18.0,889,720.6500244140625
SPY,SPY,2027-06-17,1.1205479452054794,C,925.0,0.249640121105478,3.23,3.28,3.36,0.15029231063842774,100.0,146,720.6500244140625
SPY,SPY,2027-06-17,1.1205479452054794,C,930.0,0.25503096974035455,2.97,3.02,3.02,0.15009394836425782,22.0,1360,720.6500244140625
SPY,SPY,2027-06-17,1.1205479452054794,C,935.0,0.2603929128817398,2.73,2.77,2.29,0.14981929290771484,1.0,344,720.6500244140625
SPY,SPY,2027-06-17,1.1205479452054794,C,940.0,0.2657262588571023,2.51,2.55,2.65,0.14966670654296876,5.0,704,720.6500244140625
SPY,SPY,2027-06-17,1.1205479452054794,C,945.0,0.2710313110867956,2.31,2.36,1.95,0.149697223815918,5.0,143,720.6500244140625
SPY,SPY,2027-06-17,1.1205479452054794,C,950.0,0.2763083681876393,2.13,2.18,2.22,0.149697223815918,3.0,533,720.6500244140625
SPY,SPY,2027-06-17,1.1205479452054794,C,955.0,0.28155772407378316,1.97,2.02,2.06,0.14978877563476564,4.0,703,720.6500244140625
SPY,SPY,2027-06-17,1.1205479452054794,C,960.0,0.2867796680549347,1.83,1.87,1.48,0.14984981018066407,2.0,300,720.6500244140625
SPY,SPY,2027-06-17,1.1205479452054794,C,965.0,0.2919744849320388,1.7,1.74,1.54,0.1500634310913086,6.0,7,720.6500244140625
SPY,SPY,2027-06-17,1.1205479452054794,C,970.0,0.29714245509048137,1.58,1.62,1.64,0.15027705200195315,1.0,826,720.6500244140625
SPY,SPY,2027-06-17,1.1205479452054794,C,975.0,0.30228385459089996,1.47,1.51,1.52,0.1505517074584961,2.0,397,720.6500244140625
SPY,SPY,2027-06-17,1.1205479452054794,C,980.0,0.30739895525767047,1.37,1.41,1.43,0.15085688018798832,1.0,115,720.6500244140625
SPY,SPY,2027-06-17,1.1205479452054794,C,985.0,0.31248802476514165,1.29,1.32,1.24,0.15122308746337892,1.0,113,720.6500244140625
SPY,SPY,2027-06-17,1.1205479452054794,C,990.0,0.3175513267216885,1.2,1.24,1.0,0.1516808465576172,1.0,9,720.6500244140625
SPY,SPY,2027-06-17,1.1205479452054794,C,995.0,0.3225891207516456,0.6,0.62,0.78,0.13861945373535156,2.0,19,720.6500244140625
SPY,SPY,2027-06-17,1.1205479452054794,C,1000.0,0.32760166257518997,1.06,1.09,1.11,0.1524742956542969,1000.0,1161,720.6500244140625
SPY,SPY,2027-06-17,1.1205479452054794,C,1005.0,0.33258920408622894,1.0,1.03,0.37,0.15302360656738284,1.0,14,720.6500244140625
SPY,SPY,2027-06-17,1.1205479452054794,C,1010.0,0.3375519934283579,0.94,0.97,0.43,0.15351188293457033,518.0,1079,720.6500244140625
SPY,SPY,2027-06-17,1.1205479452054794,C,1020.0,0.34740428987136956,0.83,0.86,0.86,0.1544274011230469,1.0,11,720.6500244140625
SPY,SPY,2027-06-17,1.1205479452054794,C,1030.0,0.35716046481673425,0.74,0.76,0.32,0.15528188476562502,1.0,208,720.6500244140625
SPY,SPY,2027-06-17,1.1205479452054794,C,1040.0,0.3668223757284712,0.65,0.68,0.55,0.1563805065917969,1.0,102,720.6500244140625
SPY,SPY,2027-06-17,1.1205479452054794,C,1050.0,0.3763918267446219,0.58,0.61,0.5,0.15747912841796874,33.0,46,720.6500244140625
SPY,SPY,2027-06-17,1.1205479452054794,C,1060.0,0.3858705706991657,0.51,0.54,0.45,0.15821154296875,3.0,109,720.6500244140625
SPY,SPY,2027-06-17,1.1205479452054794,C,1070.0,0.3952603110490048,0.45,0.48,0.41,0.15906602661132813,60.0,173,720.6500244140625
SPY,SPY,2027-06-17,1.1205479452054794,C,1080.0,0.40456270371131814,0.4,0.43,0.38,0.16004257934570312,372.0,374,720.6500244140625
SPY,SPY,2027-06-17,1.1205479452054794,C,1090.0,0.41377935881624217,0.35,0.38,0.27,0.1607749938964844,1.0,56,720.6500244140625
SPY,SPY,2027-06-17,1.1205479452054794,C,1100.0,0.42291184237951474,0.31,0.34,0.33,0.16162947753906248,85.0,1612,720.6500244140625
SPY,SPY,2027-06-17,1.1205479452054794,C,1110.0,0.4319616778994327,0.28,0.3,0.24,0.16223982299804687,76.0,94,720.6500244140625
SPY,SPY,2027-06-17,1.1205479452054794,C,1120.0,0.4409303478821931,0.25,0.27,0.27,0.1632163757324219,34.0,2095,720.6500244140625
SPY,SPY,2027-06-17,1.1205479452054794,C,1130.0,0.44981929529943915,0.0,0.0,0.17,0.062509375,624.0,0,720.6500244140625
SPY,SPY,2027-06-17,1.1205479452054794,C,1140.0,0.45862992498159405,0.19,0.22,0.22,0.1651694812011719,2.0,10,720.6500244140625
SPY,SPY,2027-06-17,1.1205479452054794,C,1150.0,0.4673636049503485,0.17,0.21,0.12,0.16700051757812504,1.0,190,720.6500244140625
SPY,SPY,2027-06-17,1.1205479452054794,C,1160.0,0.47602166769346316,0.16,0.18,0.12,0.16700051757812504,1.0,8,720.6500244140625
SPY,SPY,2027-06-17,1.1205479452054794,C,1170.0,0.48460541138485463,0.14,0.17,0.12,0.1687094848632813,5.0,1109,720.6500244140625
SPY,SPY,2027-06-17,1.1205479452054794,C,1180.0,0.49311610105276327,0.13,0.15,0.14,0.16919776123046876,1.0,20,720.6500244140625
SPY,SPY,2027-06-17,1.1205479452054794,C,1190.0,0.5015549696986279,0.12,0.14,0.15,0.17041845214843754,1.0,37,720.6500244140625
SPY,SPY,2027-06-17,1.1205479452054794,C,1200.0,0.5099232193691445,0.11,0.13,0.12,0.17188328125000002,2.0,41,720.6500244140625
SPY,SPY,2027-06-17,1.1205479452054794,C,1210.0,0.5182220221838395,0.1,0.13,0.11,0.17432466308593753,1.0,540,720.6500244140625
SPY,SPY,2027-06-17,1.1205479452054794,C,1220.0,0.526452521320355,0.09,0.12,0.11,0.1753012158203125,1.0,43,720.6500244140625
SPY,SPY,2027-06-17,1.1205479452054794,C,1230.0,0.534615831959516,0.09,0.11,0.07,0.17627776855468752,10.0,214,720.6500244140625
SPY,SPY,2027-06-17,1.1205479452054794,C,1240.0,0.5427130421921353,0.09,0.11,0.13,0.178719150390625,10.0,12,720.6500244140625
SPY,SPY,2027-06-17,1.1205479452054794,C,1250.0,0.5507452138893997,0.07,0.1,0.1,0.17945156494140624,3.0,322,720.6500244140625
SPY,SPY,2027-06-17,1.1205479452054794,C,1260.0,0.5587133835385766,0.08,0.1,0.07,0.18164880859375,1.0,15,720.6500244140625
SPY,SPY,2027-06-17,1.1205479452054794,C,1270.0,0.5666185630456898,0.08,0.09,0.08,0.1821370849609375,9.0,17,720.6500244140625
SPY,SPY,2027-06-17,1.1205479452054794,C,1280.0,0.5744617405067156,0.06,0.09,0.08,0.18457846679687498,1.0,4,720.6500244140625
SPY,SPY,2027-06-17,1.1205479452054794,C,1290.0,0.5822438809487706,0.06,0.09,0.04,0.186531572265625,20.0,1060,720.6500244140625
SPY,SPY,2027-06-17,1.1205479452054794,C,1300.0,0.5899659270426809,0.05,0.08,0.06,0.1870198486328125,5.0,26,720.6500244140625
SPY,SPY,2027-06-17,1.1205479452054794,C,1310.0,0.59762879978825,0.0,0.0,0.06,0.12500875,20.0,0,720.6500244140625
SPY,SPY,2027-06-17,1.1205479452054794,C,1320.0,0.6052333991734694,0.0,0.0,0.05,0.12500875,4.0,0,720.6500244140625
SPY,SPY,2027-06-17,1.1205479452054794,C,1330.0,0.6127806048088523,0.05,0.07,0.05,0.1909260595703125,27.0,108,720.6500244140625
SPY,SPY,2027-06-17,1.1205479452054794,C,1340.0,0.62027127653801,0.04,0.07,0.07,0.19336744140625,5.0,817,720.6500244140625
SPY,SPY,2027-06-17,1.1205479452054794,P,50.0,-2.668130610978801,0.02,0.04,0.03,0.7929708203125,20.0,524,720.6500244140625
SPY,SPY,2027-06-17,1.1205479452054794,P,55.0,-2.5728204311744762,0.03,0.05,0.09,0.7812521875,175.0,182,720.6500244140625
SPY,SPY,2027-06-17,1.1205479452054794,P,60.0,-2.4858090541848465,0.04,0.06,0.1,0.7675804492187501,65.0,40,720.6500244140625
SPY,SPY,2027-06-17,1.1205479452054794,P,65.0,-2.40576634651131,0.05,0.08,0.09,0.7597680273437502,1.0,25,720.6500244140625
SPY,SPY,2027-06-17,1.1205479452054794,P,70.0,-2.331658374357588,0.06,0.08,0.09,0.7402369726562499,4.0,141,720.6500244140625
SPY,SPY,2027-06-17,1.1205479452054794,P,75.0,-2.262665502870637,0.0,0.0,0.14,0.500005,1.0,0,720.6500244140625
SPY,SPY,2027-06-17,1.1205479452054794,P,80.0,-2.1981269817330658,0.08,0.1,0.12,0.7128934960937501,1.0,37,720.6500244140625
SPY,SPY,2027-06-17,1.1205479452054794,P,85.0,-2.1375023599166307,0.15,0.18,0.12,0.7334011035156249,5.0,15,720.6500244140625
SPY,SPY,2027-06-17,1.1205479452054794,P,90.0,-2.080343946076682,0.1,0.13,0.19,0.6894562304687502,300.0,311,720.6500244140625
SPY,SPY,2027-06-17,1.1205479452054794,P,95.0,-2.026276724806406,0.12,0.14,0.19,0.6787141503906251,25.0,26,720.6500244140625
SPY,SPY,2027-06-17,1.1205479452054794,P,100.0,-1.9749834304188558,0.13,0.16,0.15,0.6689486230468751,170.0,2273,720.6500244140625
SPY,SPY,2027-06-17,1.1205479452054794,P,105.0,-1.9261932662494237,0.0,0.0,0.23,0.2500075,1.0,0,720.6500244140625
SPY,SPY,2027-06-17,1.1205479452054794,P,110.0,-1.879673250614531,0.18,0.21,0.33,0.6552768847656252,,1,720.6500244140625
SPY,SPY,2027-06-17,1.1205479452054794,P,115.0,-1.835221488043697,0.21,0.24,0.31,0.649417568359375,1.0,5,720.6500244140625
SPY,SPY,2027-06-17,1.1205479452054794,P,120.0,-1.7926618736249011,0.22,0.24,0.24,0.6357458300781251,8.0,881,720.6500244140625
SPY,SPY,2027-06-17,1.1205479452054794,P,125.0,-1.751839879104646,0.24,0.26,0.41,0.6269568554687501,,1,720.6500244140625
SPY,SPY,2027-06-17,1.1205479452054794,P,130.0,-1.7126191659513648,0.27,0.29,0.27,0.6201209863281252,,6,720.6500244140625
SPY,SPY,2027-06-17,1.1205479452054794,P,135.0,-1.6748788379685178,0.29,0.32,0.45,0.6123085644531252,2.0,113,720.6500244140625
SPY,SPY,2027-06-17,1.1205479452054794,P,140.0,-1.6385111937976429,0.32,0.35,0.59,0.6054726953125001,1.0,6,720.6500244140625
SPY,SPY,2027-06-17,1.1205479452054794,P,145.0,-1.6034198739863728,0.42,0.44,0.61,0.6098671826171876,,4,720.6500244140625
SPY,SPY,2027-06-17,1.1205479452054794,P,150.0,-1.5695183223106914,0.39,0.41,0.38,0.5922892333984376,3.0,804,720.6500244140625
SPY,SPY,2027-06-17,1.1205479452054794,P,155.0,-1.5367284994877006,0.42,0.44,0.46,0.584965087890625,1.0,16,720.6500244140625
SPY,SPY,2027-06-17,1.1205479452054794,P,160.0,-1.5049798011731204,0.46,0.48,0.48,0.579105771484375,5.0,777,720.6500244140625
SPY,SPY,2027-06-17,1.1205479452054794,P,170.0,-1.4443551793566853,0.53,0.56,0.55,0.5664105859375,4.0,226,720.6500244140625
SPY,SPY,2027-06-17,1.1205479452054794,P,175.0,-1.4153676424834332,0.57,0.6,0.61,0.5600629931640625,8.0,29,720.6500244140625
SPY,SPY,2027-06-17,1.1205479452054794,P,180.0,-1.3871967655167368,0.62,0.64,0.65,0.5544478149414063,1.0,15,720.6500244140625
SPY,SPY,2027-06-17,1.1205479452054794,P,185.0,-1.3597977913286223,0.66,0.68,1.16,0.547978153076172,1.0,31,720.6500244140625
SPY,SPY,2027-06-17,1.1205479452054794,P,190.0,-1.333129544246461,0.7,0.73,1.09,0.5419967675781252,10.0,20,720.6500244140625
SPY,SPY,2027-06-17,1.1205479452054794,P,195.0,-1.3071540578432004,0.75,0.77,0.74,0.5361374511718751,200.0,32,720.6500244140625
SPY,SPY,2027-06-17,1.1205479452054794,P,200.0,-1.2818362498589106,0.8,0.82,0.77,0.5305222729492188,1.0,342,720.6500244140625
SPY,SPY,2027-06-17,1.1205479452054794,P,205.0,-1.257143637268539,0.85,0.87,1.02,0.5249070947265625,560.0,640,720.6500244140625
SPY,SPY,2027-06-17,1.1205479452054794,P,210.0,-1.2330460856894785,1.17,1.19,1.02,0.538212625732422,6.0,10,720.6500244140625
SPY,SPY,2027-06-17,1.1205479452054794,P,215.0,-1.2095155882792843,0.95,0.97,1.74,0.5134326000976561,1.0,152,720.6500244140625
SPY,SPY,2027-06-17,1.1205479452054794,P,220.0,-1.1865260700545857,1.0,1.02,1.04,0.5076953527832031,1.0,996,720.6500244140625
SPY,SPY,2027-06-17,1.1205479452054794,P,225.0,-1.164053214202527,1.06,1.08,1.05,0.5025684509277344,530.0,9,720.6500244140625
SPY,SPY,2027-06-17,1.1205479452054794,P,230.0,-1.1420743074837518,1.11,1.13,1.11,0.4973194799804688,80.0,149,720.6500244140625
SPY,SPY,2027-06-17,1.1205479452054794,P,240.0,-1.099514693064956,1.23,1.25,1.21,0.48682153808593753,60.0,199,720.6500244140625
SPY,SPY,2027-06-17,1.1205479452054794,P,245.0,-1.0788954058622202,1.29,1.31,2.18,0.4815725671386719,1.0,383,720.6500244140625
SPY,SPY,2027-06-17,1.1205479452054794,P,250.0,-1.0586926985447007,1.35,1.38,1.34,0.4766898034667969,1.0,422,720.6500244140625
SPY,SPY,2027-06-17,1.1205479452054794,P,255.0,-1.038890071248521,1.42,1.44,1.49,0.4713187634277344,4.0,41,720.6500244140625
SPY,SPY,2027-06-17,1.1205479452054794,P,260.0,-1.0194719853914194,1.48,1.51,1.6,0.4664359997558594,1.0,90,720.6500244140625
SPY,SPY,2027-06-17,1.1205479452054794,P,265.0,-1.000423790420725,2.05,2.07,1.8,0.48169463623046876,3.0,4,720.6500244140625
SPY,SPY,2027-06-17,1.1205479452054794,P,270.0,-0.9817316574085725,1.62,1.64,1.7,0.4561211614990235,8.0,254,720.6500244140625
SPY,SPY,2027-06-17,1.1205479452054794,P,275.0,-0.9633825187403758,1.69,1.72,1.79,0.4515435705566406,1.0,5,720.6500244140625
SPY,SPY,2027-06-17,1.1205479452054794,P,280.0,-0.9453640132376975,1.77,1.79,1.74,0.44653873779296877,10.0,44,720.6500244140625
SPY,SPY,2027-06-17,1.1205479452054794,P,285.0,-0.9276644361382965,1.84,1.87,3.02,0.4419001123046875,4.0,5,720.6500244140625
SPY,SPY,2027-06-17,1.1205479452054794,P,290.0,-0.9102726934264275,1.92,1.94,1.84,0.43683424499511714,3.0,35,720.6500244140625
SPY,SPY,2027-06-17,1.1205479452054794,P,295.0,-0.8931782600671273,2.0,2.02,1.96,0.4321345849609375,3.0,136,720.6500244140625
SPY,SPY,2027-06-17,1.1205479452054794,P,300.0,-0.876371141750746,2.08,2.11,2.02,0.42780113220214844,1.0,135,720.6500244140625
SPY,SPY,2027-06-17,1.1205479452054794,P,305.0,-0.8598418397995355,2.17,2.19,3.03,0.42304043762207033,1.0,81,720.6500244140625
SPY,SPY,2027-06-17,1.1205479452054794,P,310.0,-0.8435813189277552,2.25,2.28,3.9,0.4185849157714844,1.0,5,720.6500244140625
SPY,SPY,2027-06-17,1.1205479452054794,P,315.0,-0.8275809775813141,2.34,2.37,2.5,0.414068359375,9.0,25,720.6500244140625
SPY,SPY,2027-06-17,1.1205479452054794,P,320.0,-0.811832620613175,2.43,2.46,2.55,0.409612837524414,1.0,37,720.6500244140625
SPY,SPY,2027-06-17,1.1205479452054794,P,325.0,-0.7963284340772097,2.53,2.55,2.46,0.4050352465820312,1.0,6,720.6500244140625
SPY,SPY,2027-06-17,1.1205479452054794,P,330.0,-0.7810609619464213,2.62,2.65,2.52,0.4007628283691406,2.0,104,720.6500244140625
SPY,SPY,2027-06-17,1.1205479452054794,P,335.0,-0.7660230845818807,2.9,2.94,4.31,0.4012511047363281,10.0,51,720.6500244140625
SPY,SPY,2027-06-17,1.1205479452054794,P,340.0,-0.7512079987967402,2.82,2.85,2.9,0.3920959228515625,3.0,600,720.6500244140625
SPY,SPY,2027-06-17,1.1205479452054794,P,345.0,-0.7366091993755874,2.93,2.95,3.01,0.387701435546875,10.0,166,720.6500244140625
SPY,SPY,2027-06-17,1.1205479452054794,P,350.0,-0.7222204619234878,3.03,3.06,3.0,0.38355108642578123,11.0,324,720.6500244140625
SPY,SPY,2027-06-17,1.1205479452054794,P,355.0,-0.7080358269315314,3.14,3.17,3.84,0.37933970275878903,2.0,276,720.6500244140625
SPY,SPY,2027-06-17,1.1205479452054794,P,360.0,-0.6940495849567915,3.26,3.29,3.36,0.37534194000244137,3.0,50,720.6500244140625
SPY,SPY,2027-06-17,1.1205479452054794,P,365.0,-0.6802562628244557,3.37,3.4,3.35,0.3711000390625,10.0,29,720.6500244140625
SPY,SPY,2027-06-17,1.1205479452054794,P,370.0,-0.6666506107686772,3.49,3.52,4.3,0.36701072448730465,5.0,151,720.6500244140625
SPY,SPY,2027-06-17,1.1205479452054794,P,375.0,-0.6532275904365363,3.62,3.65,4.4,0.36310451354980466,5.0,76,720.6500244140625
SPY,SPY,2027-06-17,1.1205479452054794,P,380.0,-0.6399823636865157,3.74,3.78,4.0,0.3591372680664062,1.0,195,720.6500244140625
SPY,SPY,2027-06-17,1.1205479452054794,P,385.0,-0.6269102821191629,3.88,3.91,4.11,0.35513950531005856,1.0,252,720.6500244140625
SPY,SPY,2027-06-17,1.1205479452054794,P,390.0,-0.614006877283255,4.02,4.05,3.93,0.351294328918457,1.0,465,720.6500244140625
SPY,SPY,2027-06-17,1.1205479452054794,P,395.0,-0.6012678515058252,4.16,4.19,4.91,0.34738811798095703,1.0,10,720.6500244140625
SPY,SPY,2027-06-17,1.1205479452054794,P,400.0,-0.5886890692989653,4.31,4.34,4.23,0.34363449340820307,10.0,256,720.6500244140625
SPY,SPY,2027-06-17,1.1205479452054794,P,405.0,-0.5762665493004081,4.46,4.5,4.42,0.3399724206542969,4.0,96,720.6500244140625
SPY,SPY,2027-06-17,1.1205479452054794,P,410.0,-0.5639964567085937,4.62,4.66,4.86,0.3362798306274414,1.0,474,720.6500244140625
SPY,SPY,2027-06-17,1.1205479452054794,P,415.0,-0.5518750961762489,4.79,4.82,4.67,0.3325262060546875,1.0,388,720.6500244140625
SPY,SPY,2027-06-17,1.1205479452054794,P,420.0,-0.5398989051295332,4.96,5.0,4.87,0.32901671966552726,1.0,242,720.6500244140625
SPY,SPY,2027-06-17,1.1205479452054794,P,425.0,-0.5280644474825302,5.14,5.18,5.02,0.3254461987304687,1.0,1058,720.6500244140625
SPY,SPY,2027-06-17,1.1205479452054794,P,430.0,-0.516368407719339,5.32,5.37,5.27,0.3219672296142577,12.0,890,720.6500244140625
SPY,SPY,2027-06-17,1.1205479452054794,P,435.0,-0.5048075853182632,5.52,5.56,5.39,0.31842722595214834,2.0,45,720.6500244140625
SPY,SPY,2027-06-17,1.1205479452054794,P,440.0,-0.49337888949464037,5.72,5.77,5.69,0.31510084320068354,17.0,736,720.6500244140625
SPY,SPY,2027-06-17,1.1205479452054794,P,445.0,-0.482079334240707,5.93,5.98,5.83,0.3117134259033203,3.0,1277,720.6500244140625
SPY,SPY,2027-06-17,1.1205479452054794,P,450.0,-0.4709060336425817,6.15,6.2,6.06,0.3083565258789062,4.0,472,720.6500244140625
SPY,SPY,2027-06-17,1.1205479452054794,P,455.0,-0.4598561974559967,6.38,6.43,7.0,0.3050606604003906,1.0,305,720.6500244140625
SPY,SPY,2027-06-17,1.1205479452054794,P,460.0,-0.44892712692380643,6.62,6.67,7.06,0.3018258294677735,1.0,268,720.6500244140625
SPY,SPY,2027-06-17,1.1205479452054794,P,465.0,-0.4381162108195908,6.87,6.92,7.22,0.2986062571716308,1.0,539,720.6500244140625
SPY,SPY,2027-06-17,1.1205479452054794,P,470.0,-0.42742092170284296,7.13,7.19,6.96,0.2955392712402344,10.0,1087,720.6500244140625
SPY,SPY,2027-06-17,1.1205479452054794,P,475.0,-0.416838812372306,7.41,7.46,7.21,0.2923959921264647,1.0,2547,720.6500244140625
SPY,SPY,2027-06-17,1.1205479452054794,P,480.0,-0.4063675125050106,7.69,7.74,7.54,0.2892527130126953,10.0,937,720.6500244140625
SPY,SPY,2027-06-17,1.1205479452054794,P,485.0,-0.39600472546946397,7.99,8.04,8.75,0.28624676162719725,22.0,548,720.6500244140625
SPY,SPY,2027-06-17,1.1205479452054794,P,490.0,-0.3857482253022748,8.3,8.35,8.2,0.2832408102416991,2.0,582,720.6500244140625
SPY,SPY,2027-06-17,1.1205479452054794,P,495.0,-0.37559585383825683,8.62,8.67,8.46,0.2802501174926757,1.0,525,720.6500244140625
SPY,SPY,2027-06-17,1.1205479452054794,P,500.0,-0.3655455179847554,8.95,9.01,8.81,0.27733571792602535,33.0,2047,720.6500244140625
SPY,SPY,2027-06-17,1.1205479452054794,P,505.0,-0.3555951871315874,9.3,9.36,10.07,0.274421318359375,2.0,156,720.6500244140625
SPY,SPY,2027-06-17,1.1205479452054794,P,510.0,-0.3457428906885758,9.66,9.73,9.36,0.2715832119750976,152.0,537,720.6500244140625
SPY,SPY,2027-06-17,1.1205479452054794,P,515.0,-0.33598671574321104,10.04,10.11,9.61,0.2687145883178711,81.0,922,720.6500244140625
SPY,SPY,2027-06-17,1.1205479452054794,P,520.0,-0.32632480483147414,10.43,10.5,10.4,0.2658459646606446,23.0,1366,720.6500244140625
SPY,SPY,2027-06-17,1.1205479452054794,P,525.0,-0.3167553538153234,10.84,10.9,10.32,0.2629468237304688,708.0,627,720.6500244140625
SPY,SPY,2027-06-17,1.1205479452054794,P,530.0,-0.3072766098607796,11.26,11.32,11.01,0.26010871734619145,42.0,561,720.6500244140625
SPY,SPY,2027-06-17,1.1205479452054794,P,535.0,-0.29788686951094057,11.7,11.76,11.5,0.2573011282348633,24.0,270,720.6500244140625
SPY,SPY,2027-06-17,1.1205479452054794,P,540.0,-0.28858447684862715,12.16,12.22,11.87,0.25453931503295907,492.0,1308,720.6500244140625
SPY,SPY,2027-06-17,1.1205479452054794,P,545.0,-0.2793678217437031,12.64,12.71,13.49,0.2518843122863769,14.0,898,720.6500244140625
SPY,SPY,2027-06-17,1.1205479452054794,P,550.0,-0.27023533818043055,13.13,13.21,12.83,0.2491682749938965,9.0,2409,720.6500244140625
SPY,SPY,2027-06-17,1.1205479452054794,P,555.0,-0.26118550266051266,13.64,13.72,14.6,0.24640646179199222,41.0,623,720.6500244140625
SPY,SPY,2027-06-17,1.1205479452054794,P,560.0,-0.25221683267775225,14.18,14.26,13.87,0.24373620040893557,8.0,712,720.6500244140625
SPY,SPY,2027-06-17,1.1205479452054794,P,565.0,-0.24332788526050617,14.73,14.81,14.27,0.24099727516174316,5.0,725,720.6500244140625
SPY,SPY,2027-06-17,1.1205479452054794,P,570.0,-0.23451725557835126,15.3,15.39,15.02,0.23833464309692381,40.0,367,720.6500244140625
SPY,SPY,2027-06-17,1.1205479452054794,P,575.0,-0.22578357560959678,15.9,15.98,15.54,0.2356033471679687,35.0,1571,720.6500244140625
SPY,SPY,2027-06-17,1.1205479452054794,P,580.0,-0.21712551286648218,16.52,16.6,16.09,0.2329254564666748,1.0,485,720.6500244140625
SPY,SPY,2027-06-17,1.1205479452054794,P,585.0,-0.20854176917509068,17.16,17.25,16.82,0.2302933416748047,20.0,189,720.6500244140625
SPY,SPY,2027-06-17,1.1205479452054794,P,590.0,-0.20003107950718202,17.82,17.91,17.03,0.22758493370056151,5.0,751,720.6500244140625
SPY,SPY,2027-06-17,1.1205479452054794,P,595.0,-0.1915922108613174,18.51,18.6,18.12,0.22491467231750487,15.0,466,720.6500244140625
SPY,SPY,2027-06-17,1.1205479452054794,P,600.0,-0.18322396119080075,19.22,19.32,19.09,0.22226729888916014,74.0,2008,720.6500244140625
SPY,SPY,2027-06-17,1.1205479452054794,P,605.0,-0.17492515837610578,19.96,20.06,19.67,0.21958940818786618,1.0,398,720.6500244140625
SPY,SPY,2027-06-17,1.1205479452054794,P,610.0,-0.1666946592395903,20.73,20.83,20.3,0.21692677612304687,4.0,1269,720.6500244140625
SPY,SPY,2027-06-17,1.1205479452054794,P,615.0,-0.15853134860042933,21.52,21.63,21.04,0.2142717733764648,4.0,1569,720.6500244140625
SPY,SPY,2027-06-17,1.1205479452054794,P,620.0,-0.15043413836780994,22.35,22.45,21.52,0.21157099472045893,2.0,2235,720.6500244140625
SPY,SPY,2027-06-17,1.1205479452054794,P,625.0,-0.14240196667054567,23.19,23.3,22.5,0.20886258674621577,1.0,2125,720.6500244140625
SPY,SPY,2027-06-17,1.1205479452054794,P,630.0,-0.13443379702136876,24.07,24.19,23.5,0.20619995468139646,30.0,1204,720.6500244140625
SPY,SPY,2027-06-17,1.1205479452054794,P,635.0,-0.12652861751425548,24.98,25.1,25.01,0.2034686587524414,9.0,1429,720.6500244140625
SPY,SPY,2027-06-17,1.1205479452054794,P,640.0,-0.11868544005322969,25.93,26.04,25.35,0.200729733505249,2.0,675,720.6500244140625
SPY,SPY,2027-06-17,1.1205479452054794,P,645.0,-0.11090329961117472,26.9,27.02,25.95,0.19799843757629396,2.0,2252,720.6500244140625
SPY,SPY,2027-06-17,1.1205479452054794,P,650.0,-0.1031812535172644,27.91,28.04,27.68,0.19527477096557616,47.0,1221,720.6500244140625
SPY,SPY,2027-06-17,1.1205479452054794,P,655.0,-0.09551838077169525,28.96,29.09,28.37,0.1925205870819092,5.0,855,720.6500244140625
SPY,SPY,2027-06-17,1.1205479452054794,P,660.0,-0.08791378138647593,30.04,30.17,29.26,0.18971299797058108,1.0,826,720.6500244140625
SPY,SPY,2027-06-17,1.1205479452054794,P,665.0,-0.080366575751093,31.16,31.29,32.21,0.18690540885925294,800.0,2403,720.6500244140625
SPY,SPY,2027-06-17,1.1205479452054794,P,670.0,-0.07287590402193538,32.31,32.45,31.86,0.18406730247497557,12.0,1237,720.6500244140625
SPY,SPY,2027-06-17,1.1205479452054794,P,675.0,-0.0654409255344174,33.51,33.65,32.55,0.18121393745422362,3.0,2705,720.6500244140625
SPY,SPY,2027-06-17,1.1205479452054794,P,680.0,-0.05806081823679482,34.74,34.88,34.77,0.17829190856933597,380.0,1038,720.6500244140625
SPY,SPY,2027-06-17,1.1205479452054794,P,685.0,-0.050734778144721895,36.01,36.16,35.3,0.17536225036621095,387.0,3002,720.6500244140625
SPY,SPY,2027-06-17,1.1205479452054794,P,690.0,-0.04346201881564211,37.33,37.49,36.6,0.17241733352661137,141.0,1137,720.6500244140625
SPY,SPY,2027-06-17,1.1205479452054794,P,695.0,-0.036241770842155026,38.7,38.86,37.62,0.1694190114593506,12.0,677,720.6500244140625
SPY,SPY,2027-06-17,1.1205479452054794,P,700.0,-0.029073281363542466,40.12,40.28,39.74,0.16638254280090337,26.0,1499,720.6500244140625
SPY,SPY,2027-06-17,1.1205479452054794,P,705.0,-0.021955813594678467,41.6,41.77,40.91,0.1633765914154053,4.0,703,720.6500244140625
SPY,SPY,2027-06-17,1.1205479452054794,P,710.0,-0.014888646371586113,43.13,43.31,41.95,0.16031723480224608,16.0,2416,720.6500244140625
SPY,SPY,2027-06-17,1.1205479452054794,P,715.0,-0.007871073712939547,44.74,44.92,44.05,0.15726169284820557,12.0,296,720.6500244140625
SPY,SPY,2027-06-17,1.1205479452054794,P,720.0,-0.0009024043968461908,46.4,46.59,45.71,0.15416037498474125,105.0,477,720.6500244140625
SPY,SPY,2027-06-17,1.1205479452054794,P,725.0,0.006018038447727607,48.14,48.34,47.3,0.15107050109863285,61.0,219,720.6500244140625
SPY,SPY,2027-06-17,1.1205479452054794,P,730.0,0.01289091773548955,49.95,50.16,49.15,0.14793866596221927,15.0,325,720.6500244140625
SPY,SPY,2027-06-17,1.1205479452054794,P,735.0,0.019716882805889537,51.85,52.06,56.23,0.1447877575302124,1.0,337,720.6500244140625
SPY,SPY,2027-06-17,1.1205479452054794,P,740.0,0.02649656979126821,53.82,54.04,52.52,0.1416025171661377,6.0,858,720.6500244140625
SPY,SPY,2027-06-17,1.1205479452054794,P,745.0,0.033230601972612406,55.89,56.1,54.4,0.1383600569152832,2.0,314,720.6500244140625
SPY,SPY,2027-06-17,1.1205479452054794,P,750.0,0.03991959012340893,58.04,58.26,57.9,0.1351137820053101,4.0,85,720.6500244140625
SPY,SPY,2027-06-17,1.1205479452054794,P,755.0,0.046564132842077624,60.28,60.51,59.01,0.13180647254943847,4.0,47,720.6500244140625
SPY,SPY,2027-06-17,1.1205479452054794,P,760.0,0.053164816873429596,62.63,62.87,63.39,0.12848771911621093,7.0,40,720.6500244140625
SPY,SPY,2027-06-17,1.1205479452054794,P,765.0,0.05972221741958858,65.09,65.33,65.91,0.12510030181884768,6.0,33,720.6500244140625
SPY,SPY,2027-06-17,1.1205479452054794,P,770.0,0.0662368984407824,67.66,67.9,65.3,0.12164422065734865,3.0,29,720.6500244140625
SPY,SPY,2027-06-17,1.1205479452054794,P,775.0,0.07270941294639977,68.39,72.27,70.0,0.12437551658630372,5.0,31,720.6500244140625
SPY,SPY,2027-06-17,1.1205479452054794,P,780.0,0.07914030327669032,71.2,75.08,71.0,0.12101861656188964,1.0,15,720.6500244140625
SPY,SPY,2027-06-17,1.1205479452054794,P,785.0,0.08553010137546123,74.15,78.03,87.0,0.1176693458557129,1.0,1,720.6500244140625
SPY,SPY,2027-06-17,1.1205479452054794,P,790.0,0.09187932905412009,77.25,81.13,95.4,0.11435822174072266,2.0,2,720.6500244140625
SPY,SPY,2027-06-17,1.1205479452054794,P,795.0,0.09818849824738474,80.49,84.37,102.71,0.1110318389892578,1.0,1,720.6500244140625
SPY,SPY,2027-06-17,1.1205479452054794,P,800.0,0.10445811126098005,83.89,87.77,84.15,0.1077512321472168,2.0,17,720.6500244140625
SPY,SPY,2027-06-17,1.1205479452054794,P,805.0,0.11068866101161623,87.44,91.32,97.9,0.10446299598693845,1.0,1,720.6500244140625
SPY,SPY,2027-06-17,1.1205479452054794,P,810.0,0.11688063125953722,91.16,95.04,101.0,0.1012815702819824,1.0,3,720.6500244140625
SPY,SPY,2027-06-17,1.1205479452054794,P,820.0,0.1291507238513516,99.13,103.02,99.5,0.09559009887695313,1.0,1,720.6500244140625
SPY,SPY,2027-06-17,1.1205479452054794,P,835.0,0.14727810844390823,112.71,116.59,137.48,0.09343863113403322,,0,720.6500244140625
SPY,SPY,2027-06-17,1.1205479452054794,P,860.0,0.17677877284060634,137.18,142.0,150.06,0.11129123580932615,,1,720.6500244140625
SPY,SPY,2027-06-17,1.1205479452054794,P,870.0,0.18833959524168217,147.18,152.0,147.12,0.11676908630371094,2.0,0,720.6500244140625
SPY,SPY,2027-06-17,1.1205479452054794,P,1330.0,0.6127806048088523,607.7,611.59,672.5,0.28623150299072264,1.0,0,720.6500244140625
SPY,SPY,2027-06-17,1.1205479452054794,P,1340.0,0.62027127653801,617.7,621.59,682.53,0.2890696093749999,1.0,0,720.6500244140625
SPY,SPY,2028-12-15,2.6191780821917807,C,50.0,-2.668130610978801,668.5,673.0,672.5,0.56836369140625,1.0,42,720.6500244140625
SPY,SPY,2028-12-15,2.6191780821917807,C,90.0,-2.080343946076682,628.59,633.5,585.88,0.5100146655273439,1.0,0,720.6500244140625
SPY,SPY,2028-12-15,2.6191780821917807,C,100.0,-1.9749834304188558,618.7,623.5,611.22,0.6434972174072267,5.0,6,720.6500244140625
SPY,SPY,2028-12-15,2.6191780821917807,C,170.0,-1.4443551793566853,552.5,557.2,487.25,0.504460521850586,1.0,1,720.6500244140625
SPY,SPY,2028-12-15,2.6191780821917807,C,180.0,-1.3871967655167368,544.0,548.42,549.5,0.5127307028198241,1.0,10,720.6500244140625
SPY,SPY,2028-12-15,2.6191780821917807,C,200.0,-1.2818362498589106,526.5,530.89,523.26,0.5147448428344726,4.0,26,720.6500244140625
SPY,SPY,2028-12-15,2.6191780821917807,C,250.0,-1.0586926985447007,473.0,477.5,419.93,0.4155026712036133,4.0,4,720.6500244140625
SPY,SPY,2028-12-15,2.6191780821917807,C,300.0,-0.876371141750746,439.06,444.0,444.0,0.48615015808105466,4.0,34,720.6500244140625
SPY,SPY,2028-12-15,2.6191780821917807,C,310.0,-0.8435813189277552,430.5,435.46,423.5,0.48003907417297365,1.0,9,720.6500244140625
SPY,SPY,2028-12-15,2.6191780821917807,C,320.0,-0.811832620613175,422.0,426.89,345.98,0.4735923002624512,1.0,120,720.6500244140625
SPY,SPY,2028-12-15,2.6191780821917807,C,330.0,-0.7810609619464213,413.5,418.33,353.87,0.4670921211242676,2.0,11,720.6500244140625
SPY,SPY,2028-12-15,2.6191780821917807,C,335.0,-0.7660230845818807,409.07,414.0,399.42,0.46352922950744635,2.0,9,720.6500244140625
SPY,SPY,2028-12-15,2.6191780821917807,C,340.0,-0.7512079987967402,395.28,400.0,360.81,0.40254808883667,3.0,22,720.6500244140625
SPY,SPY,2028-12-15,2.6191780821917807,C,345.0,-0.7366091993755874,391.03,396.0,338.23,0.40230395065307617,3.0,3,720.6500244140625
SPY,SPY,2028-12-15,2.6191780821917807,C,350.0,-0.7222204619234878,396.5,401.0,389.5,0.4527184855651856,1.0,23,720.6500244140625
SPY,SPY,2028-12-15,2.6191780821917807,C,355.0,-0.7080358269315314,392.06,397.0,385.12,0.45084167327880864,1.0,7,720.6500244140625
SPY,SPY,2028-12-15,2.6191780821917807,C,360.0,-0.6940495849567915,388.0,392.82,392.75,0.447973049621582,2.0,5,720.6500244140625
SPY,SPY,2028-12-15,2.6191780821917807,C,365.0,-0.6802562628244557,383.6,388.5,379.01,0.4443720114135742,1.0,1,720.6500244140625
SPY,SPY,2028-12-15,2.6191780821917807,C,370.0,-0.6666506107686772,379.5,384.38,344.8,0.4417475259399414,1.0,9,720.6500244140625
SPY,SPY,2028-12-15,2.6191780821917807,C,375.0,-0.6532275904365363,375.17,380.0,301.23,0.4378260563659668,1.0,7,720.6500244140625
SPY,SPY,2028-12-15,2.6191780821917807,C,380.0,-0.6399823636865157,337.65,342.65,340.78,0.20749693878173825,2.0,3,720.6500244140625
SPY,SPY,2028-12-15,2.6191780821917807,C,385.0,-0.6269102821191629,366.77,371.5,292.64,0.4312266960906983,5.0,8,720.6500244140625
SPY,SPY,2028-12-15,2.6191780821917807,C,400.0,-0.5886890692989653,354.24,359.0,349.61,0.42233854034423823,3.0,90,720.6500244140625
SPY,SPY,2028-12-15,2.6191780821917807,C,405.0,-0.5762665493004081,350.09,355.0,336.2,0.4200497448730469,1.0,6,720.6500244140625
SPY,SPY,2028-12-15,2.6191780821917807,C,410.0,-0.5639964567085937,346.0,350.94,309.78,0.4174634059906005,1.0,29,720.6500244140625
SPY,SPY,2028-12-15,2.6191780821917807,C,415.0,-0.5518750961762489,309.0,313.95,311.63,0.24640646179199222,,12,720.6500244140625
SPY,SPY,2028-12-15,2.6191780821917807,C,420.0,-0.5398989051295332,337.68,342.5,324.03,0.4108640457153321,1.0,19,720.6500244140625
SPY,SPY,2028-12-15,2.6191780821917807,C,425.0,-0.5280644474825302,333.57,338.5,322.86,0.40843792251586913,1.0,9,720.6500244140625
SPY,SPY,2028-12-15,2.6191780821917807,C,430.0,-0.516368407719339,329.5,334.46,271.8,0.40582106636047366,1.0,1,720.6500244140625
SPY,SPY,2028-12-15,2.6191780821917807,C,435.0,-0.5048075853182632,325.37,330.0,270.36,0.40151813087463384,1.0,0,720.6500244140625
SPY,SPY,2028-12-15,2.6191780821917807,C,440.0,-0.49337888949464037,321.29,326.0,263.38,0.39901571449279793,1.0,7,720.6500244140625
SPY,SPY,2028-12-15,2.6191780821917807,C,445.0,-0.482079334240707,317.22,322.0,279.53,0.3964751515197754,1.0,1,720.6500244140625
SPY,SPY,2028-12-15,2.6191780821917807,C,450.0,-0.4709060336425817,313.17,318.0,308.4,0.393911700592041,6.0,29,720.6500244140625
SPY,SPY,2028-12-15,2.6191780821917807,C,455.0,-0.4598561974559967,309.12,314.0,301.73,0.3913101030731201,9.0,17,720.6500244140625
SPY,SPY,2028-12-15,2.6191780821917807,C,460.0,-0.44892712692380643,305.09,310.0,292.4,0.38867798828125,3.0,15,720.6500244140625
SPY,SPY,2028-12-15,2.6191780821917807,C,465.0,-0.4381162108195908,301.07,306.0,294.67,0.38601535621643057,2.0,16,720.6500244140625
SPY,SPY,2028-12-15,2.6191780821917807,C,470.0,-0.42742092170284296,297.07,302.0,291.59,0.3833260215377807,2.0,3,720.6500244140625
SPY,SPY,2028-12-15,2.6191780821917807,C,475.0,-0.416838812372306,293.08,298.0,285.75,0.38060998424530024,1.0,37,720.6500244140625
SPY,SPY,2028-12-15,2.6191780821917807,C,480.0,-0.4063675125050106,289.1,294.0,267.5,0.3778672443389892,1.0,5,720.6500244140625
SPY,SPY,2028-12-15,2.6191780821917807,C,485.0,-0.39600472546946397,285.13,290.0,277.0,0.37509780181884766,4.0,18,720.6500244140625
SPY,SPY,2028-12-15,2.6191780821917807,C,490.0,-0.3857482253022748,281.18,286.0,274.99,0.37230547134399417,4.0,8,720.6500244140625
SPY,SPY,2028-12-15,2.6191780821917807,C,495.0,-0.37559585383825683,277.25,282.0,282.87,0.3694902529144287,2.0,4,720.6500244140625
SPY,SPY,2028-12-15,2.6191780821917807,C,500.0,-0.3655455179847554,273.33,278.0,280.59,0.3666521465301513,8.0,139,720.6500244140625
SPY,SPY,2028-12-15,2.6191780821917807,C,505.0,-0.3555951871315874,269.42,274.0,263.9,0.36379115219116215,1.0,4,720.6500244140625
SPY,SPY,2028-12-15,2.6191780821917807,C,510.0,-0.3457428906885758,265.53,270.0,270.88,0.3609072698974609,1.0,4,720.6500244140625
SPY,SPY,2028-12-15,2.6191780821917807,C,515.0,-0.33598671574321104,261.66,266.5,210.8,0.3595645098876953,2.0,15,720.6500244140625
SPY,SPY,2028-12-15,2.6191780821917807,C,520.0,-0.32632480483147414,257.81,262.5,251.26,0.3566195930480957,2.0,54,720.6500244140625
SPY,SPY,2028-12-15,2.6191780821917807,C,525.0,-0.3167553538153234,253.97,258.5,246.47,0.35365178825378407,5.0,25,720.6500244140625
SPY,SPY,2028-12-15,2.6191780821917807,C,530.0,-0.3072766098607796,250.14,254.5,253.95,0.35066109550476066,8.0,16,720.6500244140625
SPY,SPY,2028-12-15,2.6191780821917807,C,535.0,-0.29788686951094057,246.33,251.0,243.1,0.3491428611755371,1.0,40,720.6500244140625
SPY,SPY,2028-12-15,2.6191780821917807,C,540.0,-0.28858447684862715,242.55,247.0,244.03,0.34609876319885247,1.0,11,720.6500244140625
SPY,SPY,2028-12-15,2.6191780821917807,C,545.0,-0.2793678217437031,238.78,243.5,242.5,0.3444927917098999,1.0,6,720.6500244140625
SPY,SPY,2028-12-15,2.6191780821917807,C,550.0,-0.27023533818043055,235.02,239.5,240.6,0.3413914738464356,3.0,125,720.6500244140625
SPY,SPY,2028-12-15,2.6191780821917807,C,555.0,-0.26118550266051266,231.29,236.0,216.48,0.33969776519775385,7.0,17,720.6500244140625
SPY,SPY,2028-12-15,2.6191780821917807,C,560.0,-0.25221683267775225,227.57,232.0,231.7,0.33654685676574714,1.0,38,720.6500244140625
SPY,SPY,2028-12-15,2.6191780821917807,C,565.0,-0.24332788526050617,214.98,219.5,182.71,0.3095848461151123,2.0,4,720.6500244140625
SPY,SPY,2028-12-15,2.6191780821917807,C,570.0,-0.23451725557835126,220.2,224.5,223.95,0.3315649119567871,1.0,6,720.6500244140625
SPY,SPY,2028-12-15,2.6191780821917807,C,575.0,-0.22578357560959678,216.55,221.0,214.0,0.3297109876251221,5.0,36,720.6500244140625
SPY,SPY,2028-12-15,2.6191780821917807,C,580.0,-0.21712551286648218,212.91,217.5,210.0,0.3278036580657958,1.0,29,720.6500244140625
SPY,SPY,2028-12-15,2.6191780821917807,C,585.0,-0.20854176917509068,209.29,213.5,201.3,0.3245192365646361,1.0,10,720.6500244140625
SPY,SPY,2028-12-15,2.6191780821917807,C,590.0,-0.20003107950718202,205.69,210.0,202.68,0.32253942848205563,1.0,46,720.6500244140625
SPY,SPY,2028-12-15,2.6191780821917807,C,595.0,-0.1915922108613174,202.11,206.5,188.0,0.32051384449005127,3.0,16,720.6500244140625
SPY,SPY,2028-12-15,2.6191780821917807,C,600.0,-0.18322396119080075,200.0,203.0,202.8,0.3184462992477416,10.0,148,720.6500244140625
SPY,SPY,2028-12-15,2.6191780821917807,C,605.0,-0.17492515837610578,195.01,199.5,189.49,0.3163367927551269,3.0,18,720.6500244140625
SPY,SPY,2028-12-15,2.6191780821917807,C,610.0,-0.1666946592395903,191.49,195.5,188.5,0.3129112288665771,2.0,26,720.6500244140625
SPY,SPY,2028-12-15,2.6191780821917807,C,615.0,-0.15853134860042933,187.99,192.0,185.81,0.310729243850708,3.0,66,720.6500244140625
SPY,SPY,2028-12-15,2.6191780821917807,C,620.0,-0.15043413836780994,184.51,188.5,188.5,0.30850529758453366,1.0,63,720.6500244140625
SPY,SPY,2028-12-15,2.6191780821917807,C,625.0,-0.14240196667054567,181.05,184.44,184.58,0.3048546688079834,2.0,222,720.6500244140625
SPY,SPY,2028-12-15,2.6191780821917807,C,630.0,-0.13443379702136876,177.6,182.0,173.4,0.3051674708557129,6.0,915,720.6500244140625
SPY,SPY,2028-12-15,2.6191780821917807,C,635.0,-0.12652861751425548,174.18,178.5,178.5,0.30281001152038567,2.0,344,720.6500244140625
SPY,SPY,2028-12-15,2.6191780821917807,C,640.0,-0.11868544005322969,170.78,175.0,176.0,0.3004144055938721,1.0,2687,720.6500244140625
SPY,SPY,2028-12-15,2.6191780821917807,C,645.0,-0.11090329961117472,167.42,171.5,165.38,0.29798065307617183,3.0,998,720.6500244140625
SPY,SPY,2028-12-15,2.6191780821917807,C,650.0,-0.1031812535172644,164.04,168.0,166.85,0.29550875396728515,5.0,854,720.6500244140625
SPY,SPY,2028-12-15,2.6191780821917807,C,655.0,-0.09551838077169525,160.71,165.0,164.02,0.2941736232757568,2.0,1486,720.6500244140625
SPY,SPY,2028-12-15,2.6191780821917807,C,660.0,-0.08791378138647593,157.39,161.5,158.8,0.29161398700714103,1.0,770,720.6500244140625
SPY,SPY,2028-12-15,2.6191780821917807,C,665.0,-0.080366575751093,154.09,158.0,152.75,0.2890123894882201,3.0,813,720.6500244140625
SPY,SPY,2028-12-15,2.6191780821917807,C,670.0,-0.07287590402193538,150.81,155.0,142.36,0.2875284870910643,2.0,521,720.6500244140625
SPY,SPY,2028-12-15,2.6191780821917807,C,675.0,-0.0654409255344174,147.55,151.5,150.7,0.28484296707153317,3.0,617,720.6500244140625
SPY,SPY,2028-12-15,2.6191780821917807,C,680.0,-0.05806081823679482,144.27,148.5,147.5,0.28325606887817373,22.0,669,720.6500244140625
SPY,SPY,2028-12-15,2.6191780821917807,C,685.0,-0.050734778144721895,141.08,145.0,145.0,0.2804789970397949,2.0,1495,720.6500244140625
SPY,SPY,2028-12-15,2.6191780821917807,C,690.0,-0.04346201881564211,137.88,141.8,141.5,0.2783427879333496,3.0,2648,720.6500244140625
SPY,SPY,2028-12-15,2.6191780821917807,C,695.0,-0.036241770842155026,134.68,138.5,138.2,0.27593192337036127,4.0,2483,720.6500244140625
SPY,SPY,2028-12-15,2.6191780821917807,C,700.0,-0.029073281363542466,131.51,135.5,134.53,0.27414284824371343,86.0,791,720.6500244140625
SPY,SPY,2028-12-15,2.6191780821917807,C,705.0,-0.021955813594678467,128.39,132.5,123.78,0.27230418254852284,5.0,161,720.6500244140625
SPY,SPY,2028-12-15,2.6191780821917807,C,710.0,-0.014888646371586113,127.02,129.5,129.5,0.2704082969665527,13.0,1945,720.6500244140625
SPY,SPY,2028-12-15,2.6191780821917807,C,715.0,-0.007871073712939547,122.21,126.0,126.37,0.26735656967163085,3.0,414,720.6500244140625
SPY,SPY,2028-12-15,2.6191780821917807,C,720.0,-0.0009024043968461908,120.88,123.0,123.0,0.2653615029525757,93.0,1091,720.6500244140625
SPY,SPY,2028-12-15,2.6191780821917807,C,725.0,0.006018038447727607,116.04,120.0,120.0,0.26330921634674076,22.0,39,720.6500244140625
SPY,SPY,2028-12-15,2.6191780821917807,C,730.0,0.01289091773548955,113.03,117.0,117.5,0.26120352451324463,15.0,799,720.6500244140625
SPY,SPY,2028-12-15,2.6191780821917807,C,735.0,0.019716882805889537,110.1,114.0,114.33,0.2590406127929688,7.0,109,720.6500244140625
SPY,SPY,2028-12-15,2.6191780821917807,C,740.0,0.02649656979126821,107.11,111.5,102.18,0.2579114736938477,1.0,99,720.6500244140625
SPY,SPY,2028-12-15,2.6191780821917807,C,745.0,0.033230601972612406,104.16,108.5,107.34,0.25563412220001225,9.0,238,720.6500244140625
SPY,SPY,2028-12-15,2.6191780821917807,C,750.0,0.03991959012340893,101.23,105.5,105.25,0.253299550819397,6.0,473,720.6500244140625
SPY,SPY,2028-12-15,2.6191780821917807,C,755.0,0.046564132842077624,98.42,103.0,101.72,0.2519873080825806,1.0,62,720.6500244140625
SPY,SPY,2028-12-15,2.6191780821917807,C,760.0,0.053164816873429596,95.57,100.0,99.82,0.2495344822692871,3.0,1815,720.6500244140625
SPY,SPY,2028-12-15,2.6191780821917807,C,765.0,0.05972221741958858,92.72,97.5,95.86,0.24810017044067384,5.0,132,720.6500244140625
SPY,SPY,2028-12-15,2.6191780821917807,C,770.0,0.0662368984407824,89.93,94.5,91.15,0.24552909019470212,5.0,45,720.6500244140625
SPY,SPY,2028-12-15,2.6191780821917807,C,775.0,0.07270941294639977,87.22,92.0,90.4,0.2439650799560547,4.0,153,720.6500244140625
SPY,SPY,2028-12-15,2.6191780821917807,C,780.0,0.07914030327669032,84.51,89.5,86.2,0.2423400351715088,1.0,94,720.6500244140625
SPY,SPY,2028-12-15,2.6191780821917807,C,785.0,0.08553010137546123,81.8,86.5,86.0,0.2395744073104858,4.0,141,720.6500244140625
SPY,SPY,2028-12-15,2.6191780821917807,C,790.0,0.09187932905412009,79.19,84.0,83.25,0.23781584945678708,2.0,110,720.6500244140625
SPY,SPY,2028-12-15,2.6191780821917807,C,795.0,0.09818849824738474,78.95,79.29,80.17,0.23123556247711186,2.0,49,720.6500244140625
SPY,SPY,2028-12-15,2.6191780821917807,C,800.0,0.10445811126098005,76.38,76.72,77.58,0.22918327587127685,13.0,4510,720.6500244140625
SPY,SPY,2028-12-15,2.6191780821917807,C,805.0,0.11068866101161623,73.83,74.17,73.06,0.2271042866516113,1.0,245,720.6500244140625
SPY,SPY,2028-12-15,2.6191780821917807,C,810.0,0.11688063125953722,71.4,71.73,72.35,0.22518932777404785,4.0,1167,720.6500244140625
SPY,SPY,2028-12-15,2.6191780821917807,C,815.0,0.1230344968339156,68.98,69.32,70.09,0.2232629249191284,10.0,68,720.6500244140625
SPY,SPY,2028-12-15,2.6191780821917807,C,820.0,0.1291507238513516,66.57,66.91,68.04,0.22126022888183594,5.0,182,720.6500244140625
SPY,SPY,2028-12-15,2.6191780821917807,C,825.0,0.1352297699277339,64.21,64.54,64.94,0.21926516216278075,3.0,96,720.6500244140625
SPY,SPY,2028-12-15,2.6191780821917807,C,830.0,0.14127208438369646,61.95,62.28,57.47,0.2174341257858276,2.0,1193,720.6500244140625
SPY,SPY,2028-12-15,2.6191780821917807,C,835.0,0.14727810844390823,59.7,60.03,49.63,0.21554586952209473,2.0,98,720.6500244140625
SPY,SPY,2028-12-15,2.6191780821917807,C,840.0,0.15324827543041217,57.45,57.78,53.16,0.21357750541687012,1.0,175,720.6500244140625
SPY,SPY,2028-12-15,2.6191780821917807,C,845.0,0.15918301095022663,55.32,55.64,48.81,0.21176554233551026,1.0,260,720.6500244140625
SPY,SPY,2028-12-15,2.6191780821917807,C,850.0,0.16508273307741503,53.23,53.55,54.26,0.2099840965270996,54.0,315,720.6500244140625
SPY,SPY,2028-12-15,2.6191780821917807,C,855.0,0.17094785252981304,51.14,51.46,46.98,0.20811872821807859,5.0,115,720.6500244140625
SPY,SPY,2028-12-15,2.6191780821917807,C,860.0,0.17677877284060634,49.11,49.43,49.9,0.2062991358184814,3.0,141,720.6500244140625
SPY,SPY,2028-12-15,2.6191780821917807,C,865.0,0.18257589052493214,47.18,47.5,48.12,0.20462068580627438,2.0,125,720.6500244140625
SPY,SPY,2028-12-15,2.6191780821917807,C,870.0,0.18833959524168217,45.27,45.58,39.61,0.20287738658905025,1.0,33,720.6500244140625
SPY,SPY,2028-12-15,2.6191780821917807,C,875.0,0.19407026995066728,43.37,43.68,38.0,0.2010883114624023,1.0,39,720.6500244140625
SPY,SPY,2028-12-15,2.6191780821917807,C,880.0,0.19976829106530494,41.59,41.9,37.6,0.199489969291687,2.0,89,720.6500244140625
SPY,SPY,2028-12-15,2.6191780821917807,C,885.0,0.2054340286009824,39.84,40.14,34.62,0.19784585121154788,1.0,57,720.6500244140625
SPY,SPY,2028-12-15,2.6191780821917807,C,890.0,0.21106784631923833,38.11,38.4,31.97,0.1961597718811035,2.0,208,720.6500244140625
SPY,SPY,2028-12-15,2.6191780821917807,C,895.0,0.21667010186790828,36.47,36.76,31.58,0.19461864959716796,2.0,58,720.6500244140625
SPY,SPY,2028-12-15,2.6191780821917807,C,900.0,0.22224114691736357,34.88,35.17,35.22,0.193104229927063,68.0,1469,720.6500244140625
SPY,SPY,2028-12-15,2.6191780821917807,C,905.0,0.22778132729297887,33.31,33.6,34.2,0.1915440343475342,1.0,38,720.6500244140625
SPY,SPY,2028-12-15,2.6191780821917807,C,910.0,0.23329098310394858,31.81,32.09,30.05,0.19003724399566657,2.0,54,720.6500244140625
SPY,SPY,2028-12-15,2.6191780821917807,C,915.0,0.2387704488685741,30.38,30.66,30.77,0.18863726409912107,1.0,14,720.6500244140625
SPY,SPY,2028-12-15,2.6191780821917807,C,920.0,0.24422005363613888,28.97,29.25,29.36,0.1871953229522705,2.0,58,720.6500244140625
SPY,SPY,2028-12-15,2.6191780821917807,C,925.0,0.249640121105478,27.61,27.88,27.97,0.18575719646453853,1.0,37,720.6500244140625
SPY,SPY,2028-12-15,2.6191780821917807,C,930.0,0.25503096974035455,26.34,26.61,26.69,0.18448691497802733,1.0,42,720.6500244140625
SPY,SPY,2028-12-15,2.6191780821917807,C,935.0,0.2603929128817398,25.09,25.36,24.53,0.18317467224121092,3.0,16,720.6500244140625
SPY,SPY,2028-12-15,2.6191780821917807,C,940.0,0.2657262588571023,23.86,24.12,21.6,0.18179376564025876,5.0,35,720.6500244140625
SPY,SPY,2028-12-15,2.6191780821917807,C,945.0,0.2710313110867956,22.74,23.0,23.22,0.1806493679046631,1.0,8,720.6500244140625
SPY,SPY,2028-12-15,2.6191780821917807,C,950.0,0.2763083681876393,21.64,21.9,22.19,0.1794630089187622,9.0,231,720.6500244140625
SPY,SPY,2028-12-15,2.6191780821917807,C,955.0,0.28155772407378316,17.74,18.0,9.94,0.16948767532348635,8.0,19,720.6500244140625
SPY,SPY,2028-12-15,2.6191780821917807,C,960.0,0.2867796680549347,19.57,19.82,16.45,0.1771551401519775,1.0,13,720.6500244140625
SPY,SPY,2028-12-15,2.6191780821917807,C,965.0,0.2919744849320388,18.61,18.86,15.97,0.17609466491699222,1.0,61,720.6500244140625
SPY,SPY,2028-12-15,2.6191780821917807,C,970.0,0.29714245509048137,17.65,17.9,15.53,0.1749350085449219,1.0,21,720.6500244140625
SPY,SPY,2028-12-15,2.6191780821917807,C,975.0,0.30228385459089996,16.79,17.04,14.05,0.17400041706085206,2.0,33,720.6500244140625
SPY,SPY,2028-12-15,2.6191780821917807,C,980.0,0.30739895525767047,15.96,16.2,16.65,0.173035308303833,2.0,53,720.6500244140625
SPY,SPY,2028-12-15,2.6191780821917807,C,985.0,0.31248802476514165,15.14,15.38,13.24,0.1720434969329834,1.0,2,720.6500244140625
SPY,SPY,2028-12-15,2.6191780821917807,C,990.0,0.3175513267216885,14.38,14.62,14.84,0.17115849601745606,2.0,19,720.6500244140625
SPY,SPY,2028-12-15,2.6191780821917807,C,995.0,0.3225891207516456,13.67,13.9,11.45,0.17032690032958986,2.0,7,720.6500244140625
SPY,SPY,2028-12-15,2.6191780821917807,C,1000.0,0.32760166257518997,12.97,13.2,13.41,0.16947241668701174,193.0,4084,720.6500244140625
SPY,SPY,2028-12-15,2.6191780821917807,C,1005.0,0.33258920408622894,12.31,12.54,12.89,0.16867133827209477,1.0,22,720.6500244140625
SPY,SPY,2028-12-15,2.6191780821917807,C,1010.0,0.3375519934283579,11.7,11.93,12.06,0.16797707031250003,2.0,32,720.6500244140625
SPY,SPY,2028-12-15,2.6191780821917807,C,1015.0,0.3424902750689406,11.11,11.33,9.55,0.16722939712524415,1.0,15,720.6500244140625
SPY,SPY,2028-12-15,2.6191780821917807,C,1020.0,0.34740428987136956,10.54,10.76,11.07,0.16651987052917486,1.0,14,720.6500244140625
SPY,SPY,2028-12-15,2.6191780821917807,C,1025.0,0.35229427516556144,10.03,10.24,8.98,0.16592478370666505,5.0,14,720.6500244140625
SPY,SPY,2028-12-15,2.6191780821917807,C,1030.0,0.35716046481673425,9.53,9.74,8.85,0.1653373262023926,1.0,282,720.6500244140625
SPY,SPY,2028-12-15,2.6191780821917807,C,1035.0,0.36200308929252234,9.04,9.25,9.3,0.16470409278869627,1.0,10,720.6500244140625
SPY,SPY,2028-12-15,2.6191780821917807,C,1040.0,0.3668223757284712,8.6,8.81,7.07,0.16421581642150881,100.0,117,720.6500244140625
SPY,SPY,2028-12-15,2.6191780821917807,C,1050.0,0.3763918267446219,7.78,7.98,8.22,0.1632392636871338,1.0,221,720.6500244140625
SPY,SPY,2028-12-15,2.6191780821917807,C,1055.0,0.3811424295032197,7.4,7.6,7.8,0.16280439254760742,2.0,1,720.6500244140625
SPY,SPY,2028-12-15,2.6191780821917807,C,1060.0,0.3858705706991657,7.05,7.25,5.9,0.16245344390869143,2.0,26,720.6500244140625
SPY,SPY,2028-12-15,2.6191780821917807,C,1070.0,0.3952603110490048,6.39,6.58,6.25,0.16169814140319824,2.0,666,720.6500244140625
SPY,SPY,2028-12-15,2.6191780821917807,C,1080.0,0.40456270371131814,5.82,6.0,5.46,0.16115645980834958,4.0,70,720.6500244140625
SPY,SPY,2028-12-15,2.6191780821917807,C,1090.0,0.41377935881624217,5.29,5.47,4.55,0.1606529248046875,10.0,23,720.6500244140625
SPY,SPY,2028-12-15,2.6191780821917807,C,1100.0,0.42291184237951474,4.96,5.01,5.05,0.1603477520751953,44.0,599,720.6500244140625
SPY,SPY,2028-12-15,2.6191780821917807,C,1110.0,0.4319616778994327,4.42,4.58,4.46,0.1599968034362793,1.0,82,720.6500244140625
SPY,SPY,2028-12-15,2.6191780821917807,C,1120.0,0.4409303478821931,4.06,4.22,4.2,0.15992051025390625,207.0,58,720.6500244140625
SPY,SPY,2028-12-15,2.6191780821917807,C,1130.0,0.44981929529943915,3.73,3.88,3.91,0.15978318252563478,51.0,262,720.6500244140625
SPY,SPY,2028-12-15,2.6191780821917807,C,1140.0,0.45862992498159405,3.44,3.59,2.84,0.1598594757080078,11.0,36,720.6500244140625
SPY,SPY,2028-12-15,2.6191780821917807,C,1150.0,0.4673636049503485,3.17,3.32,3.45,0.15992051025390625,400.0,392,720.6500244140625
SPY,SPY,2028-12-15,2.6191780821917807,C,1160.0,0.47602166769346316,2.94,3.08,2.34,0.1600578379821777,4.0,7,720.6500244140625
SPY,SPY,2028-12-15,2.6191780821917807,C,1170.0,0.48460541138485463,2.73,2.87,2.94,0.1603324934387207,52.0,588,720.6500244140625
SPY,SPY,2028-12-15,2.6191780821917807,C,1180.0,0.49311610105276327,2.54,2.67,2.35,0.16056137298583983,10.0,22,720.6500244140625
SPY,SPY,2028-12-15,2.6191780821917807,C,1190.0,0.5015549696986279,2.38,2.5,2.05,0.1609428388977051,3.0,13,720.6500244140625
SPY,SPY,2028-12-15,2.6191780821917807,C,1200.0,0.5099232193691445,2.23,2.35,2.3,0.16143111526489257,2.0,293,720.6500244140625
SPY,SPY,2028-12-15,2.6191780821917807,C,1210.0,0.5182220221838395,2.09,2.21,1.79,0.16190413299560547,23.0,60,720.6500244140625
SPY,SPY,2028-12-15,2.6191780821917807,C,1220.0,0.526452521320355,1.97,2.08,1.77,0.16239240936279298,1.0,32,720.6500244140625
SPY,SPY,2028-12-15,2.6191780821917807,C,1230.0,0.534615831959516,1.86,1.96,1.75,0.16291120300292972,120.0,154,720.6500244140625
SPY,SPY,2028-12-15,2.6191780821917807,C,1240.0,0.5427130421921353,1.75,1.86,1.67,0.16356732437133792,40.0,288,720.6500244140625
SPY,SPY,2028-12-15,2.6191780821917807,C,1250.0,0.5507452138893997,1.66,1.76,1.72,0.16413189392089844,1.0,142,720.6500244140625
SPY,SPY,2028-12-15,2.6191780821917807,C,1260.0,0.5587133835385766,1.58,1.67,1.36,0.16477275665283203,3.0,215,720.6500244140625
SPY,SPY,2028-12-15,2.6191780821917807,C,1270.0,0.5666185630456898,1.5,1.58,1.4,0.165322067565918,6.0,94,720.6500244140625
SPY,SPY,2028-12-15,2.6191780821917807,C,1280.0,0.5744617405067156,1.43,1.52,1.5,0.16623758575439457,2.0,18,720.6500244140625
SPY,SPY,2028-12-15,2.6191780821917807,C,1290.0,0.5822438809487706,1.36,1.45,1.45,0.1669394830322266,2.0,121,720.6500244140625
SPY,SPY,2028-12-15,2.6191780821917807,C,1300.0,0.5899659270426809,1.3,1.38,1.13,0.1675803457641602,2.0,99,720.6500244140625
SPY,SPY,2028-12-15,2.6191780821917807,C,1310.0,0.59762879978825,1.25,1.32,1.18,0.16834327758789067,50.0,72,720.6500244140625
SPY,SPY,2028-12-15,2.6191780821917807,C,1320.0,0.6052333991734694,1.19,1.27,1.2,0.16919776123046876,1.0,991,720.6500244140625
SPY,SPY,2028-12-15,2.6191780821917807,C,1330.0,0.6127806048088523,1.15,1.22,1.18,0.16999121032714848,26.0,414,720.6500244140625
SPY,SPY,2028-12-15,2.6191780821917807,C,1340.0,0.62027127653801,1.1,1.17,1.13,0.17072362487792972,25.0,327,720.6500244140625
SPY,SPY,2028-12-15,2.6191780821917807,C,1350.0,0.6277062550255279,1.06,1.12,1.11,0.17142552215576173,130.0,5111,720.6500244140625
SPY,SPY,2028-12-15,2.6191780821917807,P,50.0,-2.668130610978801,0.11,0.13,0.11,0.585941640625,6.0,875,720.6500244140625
SPY,SPY,2028-12-15,2.6191780821917807,P,60.0,-2.4858090541848465,0.1,0.17,0.18,0.5507857421875001,1.0,42,720.6500244140625
SPY,SPY,2028-12-15,2.6191780821917807,P,70.0,-2.331658374357588,0.16,0.22,0.22,0.53320779296875,1.0,6,720.6500244140625
SPY,SPY,2028-12-15,2.6191780821917807,P,80.0,-2.1981269817330658,0.22,0.29,0.31,0.51758294921875,3.0,8,720.6500244140625
SPY,SPY,2028-12-15,2.6191780821917807,P,90.0,-2.080343946076682,0.31,0.37,0.35,0.5048877636718749,30.0,34,720.6500244140625
SPY,SPY,2028-12-15,2.6191780821917807,P,100.0,-1.9749834304188558,0.41,0.47,0.43,0.4973194799804688,20.0,869,720.6500244140625
SPY,SPY,2028-12-15,2.6191780821917807,P,110.0,-1.879673250614531,0.52,0.59,0.53,0.48633326171875,26.0,7,720.6500244140625
SPY,SPY,2028-12-15,2.6191780821917807,P,120.0,-1.7926618736249011,0.65,0.71,0.7,0.47461462890625,1.0,4,720.6500244140625
SPY,SPY,2028-12-15,2.6191780821917807,P,130.0,-1.7126191659513648,0.79,0.85,1.07,0.4642387561035156,1.0,8,720.6500244140625
SPY,SPY,2028-12-15,2.6191780821917807,P,140.0,-1.6385111937976429,0.94,1.0,0.94,0.454107021484375,1.0,15,720.6500244140625
SPY,SPY,2028-12-15,2.6191780821917807,P,150.0,-1.5695183223106914,1.1,1.16,1.14,0.44434149414062496,20.0,94,720.6500244140625
SPY,SPY,2028-12-15,2.6191780821917807,P,160.0,-1.5049798011731204,1.34,1.41,1.71,0.43860424682617194,1.0,4,720.6500244140625
SPY,SPY,2028-12-15,2.6191780821917807,P,170.0,-1.4443551793566853,1.46,1.52,1.48,0.4260311303710938,1.0,4,720.6500244140625
SPY,SPY,2028-12-15,2.6191780821917807,P,180.0,-1.3871967655167368,1.65,1.71,1.71,0.41712008666992184,1.0,45,720.6500244140625
SPY,SPY,2028-12-15,2.6191780821917807,P,190.0,-1.333129544246461,0.0,0.0,2.4,0.12500875,10.0,0,720.6500244140625
SPY,SPY,2028-12-15,2.6191780821917807,P,200.0,-1.2818362498589106,2.08,2.14,2.05,0.40051869018554687,3.0,307,720.6500244140625
SPY,SPY,2028-12-15,2.6191780821917807,P,210.0,-1.2330460856894785,2.31,2.37,2.51,0.3924621301269531,1.0,112,720.6500244140625
SPY,SPY,2028-12-15,2.6191780821917807,P,220.0,-1.1865260700545857,2.55,2.62,3.27,0.3848938464355468,1.0,3,720.6500244140625
SPY,SPY,2028-12-15,2.6191780821917807,P,230.0,-1.1420743074837518,2.81,2.88,3.16,0.377386597290039,1.0,16,720.6500244140625
SPY,SPY,2028-12-15,2.6191780821917807,P,240.0,-1.099514693064956,3.08,3.15,3.14,0.3700319345092773,7.0,24,720.6500244140625
SPY,SPY,2028-12-15,2.6191780821917807,P,250.0,-1.0586926985447007,3.37,3.44,3.47,0.36298244445800787,10.0,70,720.6500244140625
SPY,SPY,2028-12-15,2.6191780821917807,P,260.0,-1.0194719853914194,3.67,3.75,4.05,0.35617709259033203,11.0,17,720.6500244140625
SPY,SPY,2028-12-15,2.6191780821917807,P,270.0,-0.9817316574085725,3.99,4.07,4.14,0.34943277526855465,10.0,26,720.6500244140625
SPY,SPY,2028-12-15,2.6191780821917807,P,280.0,-0.9453640132376975,4.33,4.41,4.67,0.34290207885742185,1.0,48,720.6500244140625
SPY,SPY,2028-12-15,2.6191780821917807,P,290.0,-0.9102726934264275,4.68,4.76,4.66,0.3364324169921875,6.0,208,720.6500244140625
SPY,SPY,2028-12-15,2.6191780821917807,P,300.0,-0.876371141750746,5.04,5.14,4.99,0.3302679278564453,12.0,1287,720.6500244140625
SPY,SPY,2028-12-15,2.6191780821917807,P,310.0,-0.8435813189277552,5.43,5.53,6.36,0.324103438720703,2.0,23,720.6500244140625
SPY,SPY,2028-12-15,2.6191780821917807,P,320.0,-0.811832620613175,5.84,5.94,5.91,0.31809153594970696,1.0,125,720.6500244140625
SPY,SPY,2028-12-15,2.6191780821917807,P,325.0,-0.7963284340772097,6.05,6.16,6.09,0.3152076536560058,26.0,30,720.6500244140625
SPY,SPY,2028-12-15,2.6191780821917807,P,330.0,-0.7810609619464213,6.27,6.38,6.32,0.3122932540893554,11.0,42,720.6500244140625
SPY,SPY,2028-12-15,2.6191780821917807,P,335.0,-0.7660230845818807,6.5,6.61,6.65,0.3094551477050781,1.0,8,720.6500244140625
SPY,SPY,2028-12-15,2.6191780821917807,P,340.0,-0.7512079987967402,6.73,6.85,6.8,0.30667807586669915,1.0,37,720.6500244140625
SPY,SPY,2028-12-15,2.6191780821917807,P,345.0,-0.7366091993755874,6.97,7.09,7.2,0.3038857453918457,1.0,8,720.6500244140625
SPY,SPY,2028-12-15,2.6191780821917807,P,350.0,-0.7222204619234878,7.21,7.34,7.84,0.301139190826416,1.0,98,720.6500244140625
SPY,SPY,2028-12-15,2.6191780821917807,P,355.0,-0.7080358269315314,7.46,7.59,7.81,0.29837737762451166,1.0,21,720.6500244140625
SPY,SPY,2028-12-15,2.6191780821917807,P,360.0,-0.6940495849567915,7.72,7.86,8.12,0.29575289215087885,1.0,16,720.6500244140625
SPY,SPY,2028-12-15,2.6191780821917807,P,365.0,-0.6802562628244557,8.56,8.72,11.34,0.2981179808044433,1.0,21,720.6500244140625
SPY,SPY,2028-12-15,2.6191780821917807,P,370.0,-0.6666506107686772,8.27,8.41,9.6,0.290473403930664,2.0,59,720.6500244140625
SPY,SPY,2028-12-15,2.6191780821917807,P,375.0,-0.6532275904365363,8.55,8.7,8.57,0.28790995300292954,1.0,39,720.6500244140625
SPY,SPY,2028-12-15,2.6191780821917807,P,380.0,-0.6399823636865157,8.85,9.0,9.29,0.2853770193481445,1.0,60,720.6500244140625
SPY,SPY,2028-12-15,2.6191780821917807,P,385.0,-0.6269102821191629,9.15,9.3,9.11,0.28281356842041017,1.0,26,720.6500244140625
SPY,SPY,2028-12-15,2.6191780821917807,P,390.0,-0.614006877283255,9.47,9.62,9.58,0.280356927947998,2.0,48,720.6500244140625
SPY,SPY,2028-12-15,2.6191780821917807,P,395.0,-0.6012678515058252,9.79,9.95,11.12,0.27793080474853515,1.0,10,720.6500244140625
SPY,SPY,2028-12-15,2.6191780821917807,P,400.0,-0.5886890692989653,10.12,10.28,10.0,0.275474164276123,5.0,308,720.6500244140625
SPY,SPY,2028-12-15,2.6191780821917807,P,405.0,-0.5762665493004081,10.47,10.63,11.51,0.2731090756225586,3.0,323,720.6500244140625
SPY,SPY,2028-12-15,2.6191780821917807,P,410.0,-0.5639964567085937,10.83,10.99,10.75,0.27075924560546877,1.0,1188,720.6500244140625
SPY,SPY,2028-12-15,2.6191780821917807,P,415.0,-0.5518750961762489,11.19,11.36,12.31,0.26843993286132806,7.0,19,720.6500244140625
SPY,SPY,2028-12-15,2.6191780821917807,P,420.0,-0.5398989051295332,11.57,11.74,11.88,0.2661358787536621,1.0,26,720.6500244140625
SPY,SPY,2028-12-15,2.6191780821917807,P,425.0,-0.5280644474825302,11.96,12.13,11.94,0.2638470832824707,1.0,36,720.6500244140625
SPY,SPY,2028-12-15,2.6191780821917807,P,430.0,-0.516368407719339,12.36,12.54,12.48,0.26163458099365233,1.0,128,720.6500244140625
SPY,SPY,2028-12-15,2.6191780821917807,P,435.0,-0.5048075853182632,12.78,12.95,12.7,0.25936867347717296,1.0,11,720.6500244140625
SPY,SPY,2028-12-15,2.6191780821917807,P,440.0,-0.49337888949464037,13.2,13.38,13.1,0.2571790591430664,2.0,32,720.6500244140625
SPY,SPY,2028-12-15,2.6191780821917807,P,445.0,-0.482079334240707,13.64,13.82,16.31,0.25498181549072274,1.0,47,720.6500244140625
SPY,SPY,2028-12-15,2.6191780821917807,P,450.0,-0.4709060336425817,14.1,14.28,14.25,0.25286086502075195,2.0,378,720.6500244140625
SPY,SPY,2028-12-15,2.6191780821917807,P,455.0,-0.4598561974559967,14.56,14.75,14.48,0.2507246559143066,117.0,7,720.6500244140625
SPY,SPY,2028-12-15,2.6191780821917807,P,460.0,-0.44892712692380643,15.04,15.24,15.05,0.2486494813537598,12.0,47,720.6500244140625
SPY,SPY,2028-12-15,2.6191780821917807,P,465.0,-0.4381162108195908,15.53,15.74,21.59,0.2465743067932129,1.0,7,720.6500244140625
SPY,SPY,2028-12-15,2.6191780821917807,P,470.0,-0.42742092170284296,16.04,16.25,16.2,0.24448387359619145,3.0,153,720.6500244140625
SPY,SPY,2028-12-15,2.6191780821917807,P,475.0,-0.416838812372306,16.56,16.78,16.6,0.24244684562683103,2.0,24,720.6500244140625
SPY,SPY,2028-12-15,2.6191780821917807,P,480.0,-0.4063675125050106,17.1,17.32,17.64,0.24039455902099605,7.0,153,720.6500244140625
SPY,SPY,2028-12-15,2.6191780821917807,P,485.0,-0.39600472546946397,17.65,17.87,19.7,0.23833464309692381,1.0,45,720.6500244140625
SPY,SPY,2028-12-15,2.6191780821917807,P,490.0,-0.3857482253022748,18.22,18.45,18.4,0.2363586496734619,1.0,53,720.6500244140625
SPY,SPY,2028-12-15,2.6191780821917807,P,495.0,-0.37559585383825683,18.81,19.03,20.17,0.23432925102233884,2.0,12,720.6500244140625
SPY,SPY,2028-12-15,2.6191780821917807,P,500.0,-0.3655455179847554,19.41,19.64,19.23,0.23236851623535154,12.0,444,720.6500244140625
SPY,SPY,2028-12-15,2.6191780821917807,P,505.0,-0.3555951871315874,20.02,20.26,21.5,0.23038489349365232,5.0,23,720.6500244140625
SPY,SPY,2028-12-15,2.6191780821917807,P,510.0,-0.3457428906885758,20.66,20.9,21.67,0.22843178802490233,7.0,84,720.6500244140625
SPY,SPY,2028-12-15,2.6191780821917807,P,515.0,-0.33598671574321104,21.31,21.56,21.48,0.22650157051086425,2.0,53,720.6500244140625
SPY,SPY,2028-12-15,2.6191780821917807,P,520.0,-0.32632480483147414,21.98,22.24,21.85,0.22459424095153804,1.0,220,720.6500244140625
SPY,SPY,2028-12-15,2.6191780821917807,P,525.0,-0.3167553538153234,22.67,22.93,23.0,0.22265639411926266,2.0,636,720.6500244140625
SPY,SPY,2028-12-15,2.6191780821917807,P,530.0,-0.3072766098607796,23.38,23.65,24.5,0.22077576717376707,4.0,147,720.6500244140625
SPY,SPY,2028-12-15,2.6191780821917807,P,535.0,-0.29788686951094057,24.11,24.38,24.3,0.21887225227355955,3.0,5093,720.6500244140625
SPY,SPY,2028-12-15,2.6191780821917807,P,540.0,-0.28858447684862715,24.86,25.13,24.69,0.21697255203247068,1.0,88,720.6500244140625
SPY,SPY,2028-12-15,2.6191780821917807,P,545.0,-0.2793678217437031,25.63,25.9,25.37,0.21508811042785644,8.0,225,720.6500244140625
SPY,SPY,2028-12-15,2.6191780821917807,P,550.0,-0.27023533818043055,26.42,26.7,26.01,0.21324181541442874,120.0,2164,720.6500244140625
SPY,SPY,2028-12-15,2.6191780821917807,P,555.0,-0.26118550266051266,27.23,27.52,27.22,0.21140314971923824,1.0,168,720.6500244140625
SPY,SPY,2028-12-15,2.6191780821917807,P,560.0,-0.25221683267775225,28.06,28.35,29.25,0.2095263374328613,1.0,143,720.6500244140625
SPY,SPY,2028-12-15,2.6191780821917807,P,565.0,-0.24332788526050617,28.91,29.21,28.63,0.20768767173767086,2.0,194,720.6500244140625
SPY,SPY,2028-12-15,2.6191780821917807,P,570.0,-0.23451725557835126,29.79,30.09,29.55,0.20584900604248046,3.0,137,720.6500244140625
SPY,SPY,2028-12-15,2.6191780821917807,P,575.0,-0.22578357560959678,30.69,31.0,30.15,0.20403322830200193,6.0,420,720.6500244140625
SPY,SPY,2028-12-15,2.6191780821917807,P,580.0,-0.21712551286648218,31.61,31.92,31.25,0.20218693328857418,14.0,916,720.6500244140625
SPY,SPY,2028-12-15,2.6191780821917807,P,585.0,-0.20854176917509068,32.55,32.87,33.13,0.2003558969116211,1.0,314,720.6500244140625
SPY,SPY,2028-12-15,2.6191780821917807,P,590.0,-0.20003107950718202,33.52,33.84,33.08,0.19852486053466795,10.0,1081,720.6500244140625
SPY,SPY,2028-12-15,2.6191780821917807,P,595.0,-0.1915922108613174,34.51,34.84,33.96,0.19670908279418942,5.0,961,720.6500244140625
SPY,SPY,2028-12-15,2.6191780821917807,P,600.0,-0.18322396119080075,35.52,35.86,35.19,0.19488567573547363,13.0,1495,720.6500244140625
SPY,SPY,2028-12-15,2.6191780821917807,P,605.0,-0.17492515837610578,36.56,36.89,38.17,0.19301649276733396,2.0,1180,720.6500244140625
SPY,SPY,2028-12-15,2.6191780821917807,P,610.0,-0.1666946592395903,37.62,37.97,37.9,0.1912159736633301,1.0,840,720.6500244140625
SPY,SPY,2028-12-15,2.6191780821917807,P,615.0,-0.15853134860042933,38.71,39.06,37.88,0.18937349330902098,15.0,118,720.6500244140625
SPY,SPY,2028-12-15,2.6191780821917807,P,620.0,-0.15043413836780994,39.82,40.18,39.31,0.1875386422729492,6.0,777,720.6500244140625
SPY,SPY,2028-12-15,2.6191780821917807,P,625.0,-0.14240196667054567,40.95,41.31,40.44,0.18565801532745363,1.0,222,720.6500244140625
SPY,SPY,2028-12-15,2.6191780821917807,P,630.0,-0.13443379702136876,42.11,42.48,41.16,0.1838079056549072,2.0,119,720.6500244140625
SPY,SPY,2028-12-15,2.6191780821917807,P,635.0,-0.12652861751425548,43.3,43.68,42.37,0.1819616106414795,10.0,129,720.6500244140625
SPY,SPY,2028-12-15,2.6191780821917807,P,640.0,-0.11868544005322969,44.51,44.89,43.93,0.18006191040039063,2.0,276,720.6500244140625
SPY,SPY,2028-12-15,2.6191780821917807,P,645.0,-0.11090329961117472,45.74,46.13,47.5,0.17816602481842042,1.0,57,720.6500244140625
SPY,SPY,2028-12-15,2.6191780821917807,P,650.0,-0.1031812535172644,47.01,47.2,47.15,0.17577804821014403,34.0,354,720.6500244140625
SPY,SPY,2028-12-15,2.6191780821917807,P,655.0,-0.09551838077169525,48.31,48.71,47.29,0.17438569763183598,1.0,89,720.6500244140625
SPY,SPY,2028-12-15,2.6191780821917807,P,660.0,-0.08791378138647593,49.63,50.04,50.46,0.17247073875427252,2.0,898,720.6500244140625
SPY,SPY,2028-12-15,2.6191780821917807,P,665.0,-0.080366575751093,50.97,51.39,52.88,0.17052526260375983,3.0,310,720.6500244140625
SPY,SPY,2028-12-15,2.6191780821917807,P,670.0,-0.07287590402193538,52.36,52.78,52.68,0.16858741577148442,8.0,706,720.6500244140625
SPY,SPY,2028-12-15,2.6191780821917807,P,675.0,-0.0654409255344174,53.77,54.2,53.03,0.1666381249618531,2.0,938,720.6500244140625
SPY,SPY,2028-12-15,2.6191780821917807,P,680.0,-0.05806081823679482,55.2,55.64,54.3,0.16465068756103518,2.0,583,720.6500244140625
SPY,SPY,2028-12-15,2.6191780821917807,P,685.0,-0.050734778144721895,56.67,57.12,56.89,0.16266706481933596,3.0,1322,720.6500244140625
SPY,SPY,2028-12-15,2.6191780821917807,P,690.0,-0.04346201881564211,58.18,58.64,58.32,0.16068344207763674,130.0,1593,720.6500244140625
SPY,SPY,2028-12-15,2.6191780821917807,P,695.0,-0.036241770842155026,59.72,60.18,59.58,0.15865404342651368,24.0,110,720.6500244140625
SPY,SPY,2028-12-15,2.6191780821917807,P,700.0,-0.029073281363542466,61.28,61.75,60.5,0.15659412750244145,26.0,323,720.6500244140625
SPY,SPY,2028-12-15,2.6191780821917807,P,705.0,-0.021955813594678467,62.89,63.37,63.49,0.15455328487396242,13.0,336,720.6500244140625
SPY,SPY,2028-12-15,2.6191780821917807,P,710.0,-0.014888646371586113,64.54,65.03,64.53,0.15250099826812746,10.0,545,720.6500244140625
SPY,SPY,2028-12-15,2.6191780821917807,P,715.0,-0.007871073712939547,66.22,66.72,65.47,0.150410565071106,15.0,262,720.6500244140625
SPY,SPY,2028-12-15,2.6191780821917807,P,720.0,-0.0009024043968461908,67.94,68.45,67.37,0.1483010585784912,162.0,290,720.6500244140625
SPY,SPY,2028-12-15,2.6191780821917807,P,725.0,0.006018038447727607,69.71,70.23,69.28,0.1461953667449951,39.0,184,720.6500244140625
SPY,SPY,2028-12-15,2.6191780821917807,P,730.0,0.01289091773548955,71.53,72.06,70.78,0.1440820455932617,1.0,104,720.6500244140625
SPY,SPY,2028-12-15,2.6191780821917807,P,735.0,0.019716882805889537,73.39,73.94,81.8,0.14196109512329103,2.0,584,720.6500244140625
SPY,SPY,2028-12-15,2.6191780821917807,P,740.0,0.02649656979126821,75.3,75.85,79.39,0.1397867394256592,1.0,1096,720.6500244140625
SPY,SPY,2028-12-15,2.6191780821917807,P,745.0,0.033230601972612406,77.25,77.81,82.77,0.1375933104324341,1.0,261,720.6500244140625
SPY,SPY,2028-12-15,2.6191780821917807,P,750.0,0.03991959012340893,79.28,79.85,82.76,0.1354418426895142,1.0,708,720.6500244140625
SPY,SPY,2028-12-15,2.6191780821917807,P,755.0,0.046564132842077624,81.36,81.95,81.8,0.1332827456283569,1.0,44,720.6500244140625
SPY,SPY,2028-12-15,2.6191780821917807,P,760.0,0.053164816873429596,83.48,84.07,82.36,0.13102828208923337,2.0,489,720.6500244140625
SPY,SPY,2028-12-15,2.6191780821917807,P,765.0,0.05972221741958858,85.63,86.23,84.51,0.12871278400421143,1.0,181,720.6500244140625
SPY,SPY,2028-12-15,2.6191780821917807,P,770.0,0.0662368984407824,87.91,88.52,93.39,0.12652316967010496,3.0,816,720.6500244140625
SPY,SPY,2028-12-15,2.6191780821917807,P,775.0,0.07270941294639977,90.23,90.85,89.83,0.1242648914718628,10.0,387,720.6500244140625
SPY,SPY,2028-12-15,2.6191780821917807,P,780.0,0.07914030327669032,92.59,93.21,93.2,0.1218959881591797,4.0,559,720.6500244140625
SPY,SPY,2028-12-15,2.6191780821917807,P,785.0,0.08553010137546123,95.02,95.65,100.0,0.11953089950561524,1.0,12,720.6500244140625
SPY,SPY,2028-12-15,2.6191780821917807,P,790.0,0.09187932905412009,97.55,98.19,96.73,0.117196328125,1.0,60,720.6500244140625
SPY,SPY,2028-12-15,2.6191780821917807,P,795.0,0.09818849824738474,100.13,100.77,98.83,0.1147549462890625,2.0,23,720.6500244140625
SPY,SPY,2028-12-15,2.6191780821917807,P,800.0,0.10445811126098005,102.79,103.43,102.0,0.11228686183929441,7.0,113,720.6500244140625
SPY,SPY,2028-12-15,2.6191780821917807,P,805.0,0.11068866101161623,105.51,106.16,149.1,0.10975011352539063,3.0,3,720.6500244140625
SPY,SPY,2028-12-15,2.6191780821917807,P,810.0,0.11688063125953722,108.35,109.0,114.95,0.10724006782531739,5.0,7,720.6500244140625
SPY,SPY,2028-12-15,2.6191780821917807,P,820.0,0.1291507238513516,114.24,114.89,124.17,0.10192243301391601,1.0,31,720.6500244140625
SPY,SPY,2028-12-15,2.6191780821917807,P,825.0,0.1352297699277339,117.34,117.99,124.68,0.0992178396987915,1.0,11,720.6500244140625
SPY,SPY,2028-12-15,2.6191780821917807,P,830.0,0.14127208438369646,120.55,121.19,118.62,0.09644458251953125,8.0,36,720.6500244140625
SPY,SPY,2028-12-15,2.6191780821917807,P,835.0,0.14727810844390823,123.85,124.48,138.75,0.09355688556671145,7.0,12,720.6500244140625
SPY,SPY,2028-12-15,2.6191780821917807,P,840.0,0.15324827543041217,127.25,127.87,126.1,0.09054711952209471,1.0,6,720.6500244140625
SPY,SPY,2028-12-15,2.6191780821917807,P,845.0,0.15918301095022663,128.6,133.5,152.0,0.09496449478149416,,1,720.6500244140625
SPY,SPY,2028-12-15,2.6191780821917807,P,850.0,0.16508273307741503,132.26,137.0,137.75,0.09191276748657226,105.0,114,720.6500244140625
SPY,SPY,2028-12-15,2.6191780821917807,P,860.0,0.17677877284060634,140.0,144.93,141.32,0.08798366859436035,1.0,13,720.6500244140625
SPY,SPY,2028-12-15,2.6191780821917807,P,870.0,0.18833959524168217,148.19,153.0,159.82,0.082841508102417,2.0,0,720.6500244140625
SPY,SPY,2028-12-15,2.6191780821917807,P,875.0,0.19407026995066728,152.61,157.5,238.89,0.08195650718688965,32.0,0,720.6500244140625
SPY,SPY,2028-12-15,2.6191780821917807,P,890.0,0.21106784631923833,199.2,204.0,212.32,0.1875004956817627,,0,720.6500244140625
SPY,SPY,2028-12-15,2.6191780821917807,P,900.0,0.22224114691736357,205.18,210.0,205.57,0.18223245143890382,,0,720.6500244140625
SPY,SPY,2028-12-15,2.6191780821917807,P,915.0,0.2387704488685741,224.5,229.21,217.61,0.20005453884124752,,0,720.6500244140625
SPY,SPY,2028-12-15,2.6191780821917807,P,950.0,0.2763083681876393,227.18,232.0,249.0,0.10363140029907225,,1,720.6500244140625
SPY,SPY,2028-12-15,2.6191780821917807,P,970.0,0.29714245509048137,247.18,252.0,259.16,0.10965856170654298,,0,720.6500244140625
SPY,SPY,2028-12-15,2.6191780821917807,P,1000.0,0.32760166257518997,287.22,292.0,343.29,0.16838905349731448,10.0,0,720.6500244140625
SPY,SPY,2028-12-15,2.6191780821917807,P,1005.0,0.33258920408622894,310.18,315.0,311.54,0.22705088142395016,,0,720.6500244140625
SPY,SPY,2028-12-15,2.6191780821917807,P,1300.0,0.5899659270426809,577.18,582.0,587.75,0.18856097091674806,5.0,0,720.6500244140625
SPY,SPY,2028-12-15,2.6191780821917807,P,1330.0,0.6127806048088523,607.18,612.0,674.64,0.1943745114135742,25.0,0,720.6500244140625
SPY,SPY,2028-12-15,2.6191780821917807,P,1340.0,0.62027127653801,617.18,622.0,705.45,0.1962665823364258,2.0,0,720.6500244140625
SPY,SPY,2028-12-15,2.6191780821917807,P,1350.0,0.6277062550255279,627.18,632.0,639.52,0.19815865325927734,5.0,0,720.6500244140625
