underlying,equity_ticker,expiration,T,side,strike,log_moneyness,bid,ask,last,iv,volume,open_interest,spot_at_fetch
TSLA,TSLA,2026-05-04,0.0027397260273972603,C,280.0,-0.3334575115031923,109.2,112.5,94.24,1.609376953125,,0.0,390.82000732421875
TSLA,TSLA,2026-05-04,0.0027397260273972603,C,285.0,-0.31575793440379135,104.2,107.5,92.35,1.5312523437499999,,0.0,390.82000732421875
TSLA,TSLA,2026-05-04,0.0027397260273972603,C,290.0,-0.2983661916919222,99.2,102.5,87.42,1.453127734375,,1.0,390.82000732421875
TSLA,TSLA,2026-05-04,0.0027397260273972603,C,295.0,-0.2812717583326221,94.2,97.45,82.02,1.1875040625,,1.0,390.82000732421875
TSLA,TSLA,2026-05-04,0.0027397260273972603,C,300.0,-0.2644646400162408,89.2,92.45,87.8,1.125004375,4.0,6.0,390.82000732421875
TSLA,TSLA,2026-05-04,0.0027397260273972603,C,310.0,-0.23167481719324995,79.2,82.5,71.05,1.1484417578125,,1.0,390.82000732421875
TSLA,TSLA,2026-05-04,0.0027397260273972603,C,320.0,-0.19992611887866965,69.2,72.5,62.5,1.0078174609375,2.0,6.0,390.82000732421875
TSLA,TSLA,2026-05-04,0.0027397260273972603,C,322.5,-0.1921439784366147,66.7,70.0,48.85,0.9687503125,20.0,20.0,390.82000732421875
TSLA,TSLA,2026-05-04,0.0027397260273972603,C,325.0,-0.1844219323427044,64.25,67.45,70.08,0.937500625,1.0,35.0,390.82000732421875
TSLA,TSLA,2026-05-04,0.0027397260273972603,C,327.5,-0.17675905959713525,61.7,65.0,51.25,0.8984385156249999,3.0,14.0,390.82000732421875
TSLA,TSLA,2026-05-04,0.0027397260273972603,C,330.0,-0.16915446021191596,59.2,62.5,42.5,0.867188828125,2.0,11.0,390.82000732421875
TSLA,TSLA,2026-05-04,0.0027397260273972603,C,332.5,-0.16160725457653305,56.75,60.0,49.71,0.8906260937499999,,17.0,390.82000732421875
TSLA,TSLA,2026-05-04,0.0027397260273972603,C,335.0,-0.15411658284737545,54.25,57.5,60.13,0.851563984375,1.0,3.0,390.82000732421875
TSLA,TSLA,2026-05-04,0.0027397260273972603,C,337.5,-0.14668160435985736,51.9,54.2,57.68,1.272952854003906,9.0,2.0,390.82000732421875
TSLA,TSLA,2026-05-04,0.0027397260273972603,C,340.0,-0.1393014970622348,50.2,51.3,57.08,1.0800827246093752,35.0,7.0,390.82000732421875
TSLA,TSLA,2026-05-04,0.0027397260273972603,C,342.5,-0.1319754569701619,46.9,49.85,54.33,0.7421900781249999,12.0,2.0,390.82000732421875
TSLA,TSLA,2026-05-04,0.0027397260273972603,C,345.0,-0.1247026976410821,44.85,46.85,46.55,0.6562534375000001,41.0,44.0,390.82000732421875
TSLA,TSLA,2026-05-04,0.0027397260273972603,C,347.5,-0.11748244966759504,41.75,45.0,47.75,0.6699251757812501,1.0,26.0,390.82000732421875
TSLA,TSLA,2026-05-04,0.0027397260273972603,C,350.0,-0.1103139601889825,39.3,42.5,44.19,0.6660189648437502,35.0,161.0,390.82000732421875
TSLA,TSLA,2026-05-04,0.0027397260273972603,C,352.5,-0.10319649242011852,37.35,38.9,40.75,0.8789074609374999,47.0,21.0,390.82000732421875
TSLA,TSLA,2026-05-04,0.0027397260273972603,C,355.0,-0.09612932519702606,35.35,36.6,36.14,0.6513706738281251,48.0,69.0,390.82000732421875
TSLA,TSLA,2026-05-04,0.0027397260273972603,C,357.5,-0.08911175253837952,32.4,34.4,33.57,0.55273884765625,31.0,59.0,390.82000732421875
TSLA,TSLA,2026-05-04,0.0027397260273972603,C,360.0,-0.08214308322228618,30.05,31.65,30.91,0.7983418603515625,157.0,971.0,390.82000732421875
TSLA,TSLA,2026-05-04,0.0027397260273972603,C,362.5,-0.0752226403777124,27.4,29.45,28.15,0.8100604931640624,42.0,50.0,390.82000732421875
TSLA,TSLA,2026-05-04,0.0027397260273972603,C,365.0,-0.06834976108995036,25.05,26.65,26.09,0.694338994140625,543.0,367.0,390.82000732421875
TSLA,TSLA,2026-05-04,0.0027397260273972603,C,367.5,-0.06152379601955049,22.85,24.2,23.4,0.6523472265625001,413.0,458.0,390.82000732421875
TSLA,TSLA,2026-05-04,0.0027397260273972603,C,370.0,-0.05474410903417173,20.25,21.7,20.98,0.5988809643554689,7882.0,1081.0,390.82000732421875
TSLA,TSLA,2026-05-04,0.0027397260273972603,C,372.5,-0.048010076852827654,18.05,19.1,18.05,0.526371923828125,7754.0,638.0,390.82000732421875
TSLA,TSLA,2026-05-04,0.0027397260273972603,C,375.0,-0.04132108870203104,15.7,16.55,16.15,0.4633842724609375,14222.0,1751.0,390.82000732421875
TSLA,TSLA,2026-05-04,0.0027397260273972603,C,377.5,-0.034676545983362464,13.45,14.15,13.85,0.42578699218750005,5897.0,1280.0,390.82000732421875
TSLA,TSLA,2026-05-04,0.0027397260273972603,C,380.0,-0.0280758619520104,11.15,11.9,11.4,0.40430283203125,20343.0,2060.0,390.82000732421875
TSLA,TSLA,2026-05-04,0.0027397260273972603,C,382.5,-0.021518461405851327,9.15,9.8,9.65,0.39038695556640624,14738.0,1003.0,390.82000732421875
TSLA,TSLA,2026-05-04,0.0027397260273972603,C,385.0,-0.01500378038465763,7.35,7.7,7.35,0.36304347900390627,35139.0,2351.0,390.82000732421875
TSLA,TSLA,2026-05-04,0.0027397260273972603,C,387.5,-0.008531265879040168,5.7,6.0,5.9,0.35938140625,21228.0,1038.0,390.82000732421875
TSLA,TSLA,2026-05-04,0.0027397260273972603,C,390.0,-0.0021003755487497416,4.3,4.5,4.45,0.3536441589355468,55796.0,4574.0,390.82000732421875
TSLA,TSLA,2026-05-04,0.0027397260273972603,C,392.5,0.00428942255002127,3.2,3.3,3.25,0.3532779516601562,18285.0,589.0,390.82000732421875
TSLA,TSLA,2026-05-04,0.0027397260273972603,C,395.0,0.010638650228679908,2.3,2.38,2.33,0.3566958862304687,45497.0,2099.0,390.82000732421875
TSLA,TSLA,2026-05-04,0.0027397260273972603,C,397.5,0.01694781942194474,1.62,1.66,1.65,0.3588931298828125,20635.0,1568.0,390.82000732421875
TSLA,TSLA,2026-05-04,0.0027397260273972603,C,400.0,0.023217432435540027,1.13,1.16,1.16,0.3654848608398438,63896.0,6603.0,390.82000732421875
TSLA,TSLA,2026-05-04,0.0027397260273972603,C,402.5,0.02944798218617621,0.78,0.81,0.77,0.37402969726562496,8582.0,673.0,390.82000732421875
TSLA,TSLA,2026-05-04,0.0027397260273972603,C,405.0,0.035639952434097184,0.54,0.56,0.55,0.3825745336914062,18890.0,1720.0,390.82000732421875
TSLA,TSLA,2026-05-04,0.0027397260273972603,C,407.5,0.04179381800847555,0.38,0.4,0.39,0.3947814428710938,4986.0,1915.0,390.82000732421875
TSLA,TSLA,2026-05-04,0.0027397260273972603,C,410.0,0.047910045025911535,0.27,0.28,0.28,0.40479110839843746,14034.0,1900.0,390.82000732421875
TSLA,TSLA,2026-05-04,0.0027397260273972603,C,412.5,0.05398909110229383,0.2,0.22,0.21,0.4243221630859375,3767.0,555.0,390.82000732421875
TSLA,TSLA,2026-05-04,0.0027397260273972603,C,415.0,0.06003140555825635,0.16,0.17,0.16,0.4414118359375,5513.0,900.0,390.82000732421875
TSLA,TSLA,2026-05-04,0.0027397260273972603,C,417.5,0.06603742961846833,0.13,0.14,0.14,0.46191944335937507,1080.0,498.0,390.82000732421875
TSLA,TSLA,2026-05-04,0.0027397260273972603,C,420.0,0.07200759660497204,0.11,0.12,0.12,0.48438015625,8574.0,1144.0,390.82000732421875
TSLA,TSLA,2026-05-04,0.0027397260273972603,C,422.5,0.0779423321247867,0.1,0.11,0.11,0.506840869140625,876.0,355.0,390.82000732421875
TSLA,TSLA,2026-05-04,0.0027397260273972603,C,425.0,0.08384205425197488,0.09,0.1,0.1,0.5312546875,1123.0,497.0,390.82000732421875
TSLA,TSLA,2026-05-04,0.0027397260273972603,C,427.5,0.08970717370437306,0.07,0.09,0.09,0.5488326367187502,203.0,139.0,390.82000732421875
TSLA,TSLA,2026-05-04,0.0027397260273972603,C,430.0,0.09553809401516616,0.07,0.08,0.08,0.5742230078125,765.0,1466.0,390.82000732421875
TSLA,TSLA,2026-05-04,0.0027397260273972603,C,432.5,0.10133521169949217,0.06,0.08,0.09,0.5996133789062501,226.0,282.0,390.82000732421875
TSLA,TSLA,2026-05-04,0.0027397260273972603,C,435.0,0.10709891641624215,0.07,0.08,0.11,0.6347692773437501,153.0,444.0,390.82000732421875
TSLA,TSLA,2026-05-04,0.0027397260273972603,C,437.5,0.11282959112522728,0.05,0.07,0.07,0.6445348046875,14.0,184.0,390.82000732421875
TSLA,TSLA,2026-05-04,0.0027397260273972603,C,440.0,0.11852761223986491,0.05,0.07,0.06,0.6738313867187502,216.0,439.0,390.82000732421875
TSLA,TSLA,2026-05-04,0.0027397260273972603,C,442.5,0.12419334977554236,0.05,0.07,0.11,0.70117486328125,117.0,1150.0,390.82000732421875
TSLA,TSLA,2026-05-04,0.0027397260273972603,C,445.0,0.12982716749379827,0.04,0.06,0.06,0.7128934960937501,250.0,561.0,390.82000732421875
TSLA,TSLA,2026-05-04,0.0027397260273972603,C,447.5,0.13542942304246822,0.04,0.06,0.06,0.7402369726562499,829.0,210.0,390.82000732421875
TSLA,TSLA,2026-05-04,0.0027397260273972603,C,450.0,0.14100046809192351,0.04,0.06,0.05,0.7656273437500001,523.0,1817.0,390.82000732421875
TSLA,TSLA,2026-05-04,0.0027397260273972603,C,452.5,0.14654064846753898,0.04,0.05,0.05,0.7851583984375,135.0,203.0,390.82000732421875
TSLA,TSLA,2026-05-04,0.0027397260273972603,C,455.0,0.1520503042785085,0.03,0.05,0.04,0.79687703125,83.0,186.0,390.82000732421875
TSLA,TSLA,2026-05-04,0.0027397260273972603,C,457.5,0.15752977004313418,0.03,0.05,0.05,0.8242205078124999,9.0,8.0,390.82000732421875
TSLA,TSLA,2026-05-04,0.0027397260273972603,C,460.0,0.16297937481069874,0.03,0.05,0.05,0.851563984375,452.0,403.0,390.82000732421875
TSLA,TSLA,2026-05-04,0.0027397260273972603,C,462.5,0.16839944228003806,0.03,0.05,0.04,0.87500125,546.0,1016.0,390.82000732421875
TSLA,TSLA,2026-05-04,0.0027397260273972603,C,465.0,0.17379029091491438,0.03,0.04,0.05,0.8867198828124999,235.0,900.0,390.82000732421875
TSLA,TSLA,2026-05-04,0.0027397260273972603,C,467.5,0.17915223405629985,0.02,0.04,0.05,0.8984385156249999,11.0,20.0,390.82000732421875
TSLA,TSLA,2026-05-04,0.0027397260273972603,C,470.0,0.18448558003166235,0.02,0.03,0.03,0.9062509375,60.0,1164.0,390.82000732421875
TSLA,TSLA,2026-05-04,0.0027397260273972603,C,472.5,0.18979063226135562,0.02,0.04,0.05,0.945313046875,2.0,10.0,390.82000732421875
TSLA,TSLA,2026-05-04,0.0027397260273972603,C,475.0,0.1950676893621993,0.02,0.03,0.04,0.9492192578124999,105.0,61.0,390.82000732421875
TSLA,TSLA,2026-05-04,0.0027397260273972603,C,477.5,0.2003170452483431,0.01,0.03,0.04,0.9531254687499999,,1002.0,390.82000732421875
TSLA,TSLA,2026-05-04,0.0027397260273972603,C,480.0,0.20553898922949468,0.01,0.03,0.04,0.9765627343750001,133.0,984.0,390.82000732421875
TSLA,TSLA,2026-05-04,0.0027397260273972603,C,482.5,0.21073380610659878,0.01,0.03,0.04,0.992187578125,111.0,32.0,390.82000732421875
TSLA,TSLA,2026-05-04,0.0027397260273972603,C,485.0,0.21590177626504128,0.01,0.03,0.04,1.015629921875,81.0,36.0,390.82000732421875
TSLA,TSLA,2026-05-04,0.0027397260273972603,C,487.5,0.22104317576546004,0.01,0.03,0.03,1.0390673046875003,14.0,17.0,390.82000732421875
TSLA,TSLA,2026-05-04,0.0027397260273972603,C,490.0,0.22615827643223038,0.01,0.03,0.04,1.0625046875000002,179.0,175.0,390.82000732421875
TSLA,TSLA,2026-05-04,0.0027397260273972603,C,495.0,0.2363106478962484,0.01,0.02,0.02,1.0781296093750001,151.0,4.0,390.82000732421875
TSLA,TSLA,2026-05-04,0.0027397260273972603,C,500.0,0.24636098374974982,0.01,0.02,0.02,1.1171919140625,86.0,2683.0,390.82000732421875
TSLA,TSLA,2026-05-04,0.0027397260273972603,P,280.0,-0.3334575115031923,0.0,0.01,0.01,1.3750031249999999,5087.0,3723.0,390.82000732421875
TSLA,TSLA,2026-05-04,0.0027397260273972603,P,285.0,-0.31575793440379135,0.0,0.02,0.01,1.3906280468749999,1610.0,411.0,390.82000732421875
TSLA,TSLA,2026-05-04,0.0027397260273972603,P,290.0,-0.2983661916919222,0.0,0.02,0.01,1.3125034374999998,1620.0,1817.0,390.82000732421875
TSLA,TSLA,2026-05-04,0.0027397260273972603,P,295.0,-0.2812717583326221,0.0,0.03,0.05,1.2968785156249998,9.0,21.0,390.82000732421875
TSLA,TSLA,2026-05-04,0.0027397260273972603,P,300.0,-0.2644646400162408,0.01,0.02,0.02,1.21875390625,132.0,269.0,390.82000732421875
TSLA,TSLA,2026-05-04,0.0027397260273972603,P,305.0,-0.24793533806503026,0.01,0.03,0.02,1.1796916015624999,116.0,8637.0,390.82000732421875
TSLA,TSLA,2026-05-04,0.0027397260273972603,P,310.0,-0.23167481719324995,0.01,0.03,0.02,1.109379453125,120.0,1830.0,390.82000732421875
TSLA,TSLA,2026-05-04,0.0027397260273972603,P,315.0,-0.21567447584680882,0.01,0.03,0.02,1.0390673046875003,139.0,2020.0,390.82000732421875
TSLA,TSLA,2026-05-04,0.0027397260273972603,P,320.0,-0.19992611887866965,0.01,0.03,0.02,0.9687503125,144.0,1588.0,390.82000732421875
TSLA,TSLA,2026-05-04,0.0027397260273972603,P,322.5,-0.1921439784366147,0.01,0.03,0.02,0.937500625,16.0,192.0,390.82000732421875
TSLA,TSLA,2026-05-04,0.0027397260273972603,P,325.0,-0.1844219323427044,0.02,0.04,0.04,0.937500625,141.0,806.0,390.82000732421875
TSLA,TSLA,2026-05-04,0.0027397260273972603,P,327.5,-0.17675905959713525,0.02,0.04,0.03,0.9023447265625,53.0,85.0,390.82000732421875
TSLA,TSLA,2026-05-04,0.0027397260273972603,P,330.0,-0.16915446021191596,0.03,0.04,0.03,0.8828136718749999,151.0,789.0,390.82000732421875
TSLA,TSLA,2026-05-04,0.0027397260273972603,P,332.5,-0.16160725457653305,0.02,0.04,0.04,0.8320329296874999,17.0,205.0,390.82000732421875
TSLA,TSLA,2026-05-04,0.0027397260273972603,P,335.0,-0.15411658284737545,0.03,0.04,0.04,0.8125018749999999,194.0,966.0,390.82000732421875
TSLA,TSLA,2026-05-04,0.0027397260273972603,P,337.5,-0.14668160435985736,0.03,0.04,0.04,0.773439765625,728.0,265.0,390.82000732421875
TSLA,TSLA,2026-05-04,0.0027397260273972603,P,340.0,-0.1393014970622348,0.02,0.05,0.04,0.7421900781249999,260.0,773.0,390.82000732421875
TSLA,TSLA,2026-05-04,0.0027397260273972603,P,342.5,-0.1319754569701619,0.03,0.05,0.03,0.7148466015625,50.0,254.0,390.82000732421875
TSLA,TSLA,2026-05-04,0.0027397260273972603,P,345.0,-0.1247026976410821,0.03,0.05,0.03,0.6796907031250001,483.0,868.0,390.82000732421875
TSLA,TSLA,2026-05-04,0.0027397260273972603,P,347.5,-0.11748244966759504,0.03,0.05,0.05,0.6445348046875,116.0,298.0,390.82000732421875
TSLA,TSLA,2026-05-04,0.0027397260273972603,P,350.0,-0.1103139601889825,0.04,0.05,0.05,0.6191444335937502,1014.0,925.0,390.82000732421875
TSLA,TSLA,2026-05-04,0.0027397260273972603,P,352.5,-0.10319649242011852,0.04,0.06,0.06,0.5898478515625001,236.0,466.0,390.82000732421875
TSLA,TSLA,2026-05-04,0.0027397260273972603,P,355.0,-0.09612932519702606,0.04,0.06,0.04,0.5546919531250001,801.0,1583.0,390.82000732421875
TSLA,TSLA,2026-05-04,0.0027397260273972603,P,357.5,-0.08911175253837952,0.05,0.06,0.06,0.52539537109375,231.0,621.0,390.82000732421875
TSLA,TSLA,2026-05-04,0.0027397260273972603,P,360.0,-0.08214308322228618,0.05,0.07,0.07,0.50586431640625,3900.0,2060.0,390.82000732421875
TSLA,TSLA,2026-05-04,0.0027397260273972603,P,362.5,-0.0752226403777124,0.06,0.08,0.07,0.47852083984375,741.0,531.0,390.82000732421875
TSLA,TSLA,2026-05-04,0.0027397260273972603,P,365.0,-0.06834976108995036,0.08,0.09,0.08,0.44727115234375,2156.0,1737.0,390.82000732421875
TSLA,TSLA,2026-05-04,0.0027397260273972603,P,367.5,-0.06152379601955049,0.1,0.11,0.11,0.422857333984375,799.0,776.0,390.82000732421875
TSLA,TSLA,2026-05-04,0.0027397260273972603,P,370.0,-0.05474410903417173,0.13,0.15,0.14,0.40430283203125,8170.0,1955.0,390.82000732421875
TSLA,TSLA,2026-05-04,0.0027397260273972603,P,372.5,-0.048010076852827654,0.19,0.21,0.2,0.38623660644531244,3881.0,2107.0,390.82000732421875
TSLA,TSLA,2026-05-04,0.0027397260273972603,P,375.0,-0.04132108870203104,0.29,0.31,0.3,0.37256486816406253,8171.0,2471.0,390.82000732421875
TSLA,TSLA,2026-05-04,0.0027397260273972603,P,377.5,-0.034676545983362464,0.46,0.48,0.47,0.3632876171875,4701.0,1367.0,390.82000732421875
TSLA,TSLA,2026-05-04,0.0027397260273972603,P,380.0,-0.0280758619520104,0.72,0.75,0.72,0.3566958862304687,16764.0,1866.0,390.82000732421875
TSLA,TSLA,2026-05-04,0.0027397260273972603,P,382.5,-0.021518461405851327,1.11,1.15,1.14,0.35108070800781244,12184.0,448.0,390.82000732421875
TSLA,TSLA,2026-05-04,0.0027397260273972603,P,385.0,-0.01500378038465763,1.68,1.75,1.69,0.34961587890624996,16798.0,769.0,390.82000732421875
TSLA,TSLA,2026-05-04,0.0027397260273972603,P,387.5,-0.008531265879040168,2.48,2.56,2.5,0.34839518798828123,18958.0,409.0,390.82000732421875
TSLA,TSLA,2026-05-04,0.0027397260273972603,P,390.0,-0.0021003755487497416,3.5,3.65,3.58,0.35108070800781244,26109.0,1441.0,390.82000732421875
TSLA,TSLA,2026-05-04,0.0027397260273972603,P,392.5,0.00428942255002127,4.8,5.0,4.81,0.3549869189453124,24997.0,77.0,390.82000732421875
TSLA,TSLA,2026-05-04,0.0027397260273972603,P,395.0,0.010638650228679908,6.4,6.6,6.52,0.36035795898437495,33338.0,525.0,390.82000732421875
TSLA,TSLA,2026-05-04,0.0027397260273972603,P,397.5,0.01694781942194474,8.15,8.45,8.15,0.37036762451171873,5943.0,8.0,390.82000732421875
TSLA,TSLA,2026-05-04,0.0027397260273972603,P,400.0,0.023217432435540027,10.0,10.5,10.3,0.3850159155273437,10114.0,655.0,390.82000732421875
TSLA,TSLA,2026-05-04,0.0027397260273972603,P,402.5,0.02944798218617621,12.05,12.85,12.48,0.424810439453125,1256.0,8.0,390.82000732421875
TSLA,TSLA,2026-05-04,0.0027397260273972603,P,405.0,0.035639952434097184,14.4,15.1,14.48,0.44336494140625,9405.0,67.0,390.82000732421875
TSLA,TSLA,2026-05-04,0.0027397260273972603,P,407.5,0.04179381800847555,16.7,17.45,15.7,0.4687553125,312.0,13.0,390.82000732421875
TSLA,TSLA,2026-05-04,0.0027397260273972603,P,410.0,0.047910045025911535,18.95,19.95,19.57,0.516606396484375,416.0,9.0,390.82000732421875
TSLA,TSLA,2026-05-04,0.0027397260273972603,P,412.5,0.05398909110229383,21.55,22.4,21.74,0.5532271240234375,166.0,2.0,390.82000732421875
TSLA,TSLA,2026-05-04,0.0027397260273972603,P,415.0,0.06003140555825635,24.05,24.8,24.16,0.57617611328125,45.0,4.0,390.82000732421875
TSLA,TSLA,2026-05-04,0.0027397260273972603,P,417.5,0.06603742961846833,26.45,27.25,25.9,0.6069375244140626,37.0,0.0,390.82000732421875
TSLA,TSLA,2026-05-04,0.0027397260273972603,P,420.0,0.07200759660497204,28.45,30.1,27.81,0.7280300634765625,6.0,19.0,390.82000732421875
TSLA,TSLA,2026-05-04,0.0027397260273972603,P,422.5,0.0779423321247867,30.9,32.6,31.02,0.7719749365234375,5.0,0.0,390.82000732421875
TSLA,TSLA,2026-05-04,0.0027397260273972603,P,425.0,0.08384205425197488,33.45,35.05,29.5,0.5097705273437501,4.0,1.0,390.82000732421875
TSLA,TSLA,2026-05-04,0.0027397260273972603,P,427.5,0.08970717370437306,35.9,37.6,35.8,0.5390671093750001,5.0,0.0,390.82000732421875
TSLA,TSLA,2026-05-04,0.0027397260273972603,P,430.0,0.09553809401516616,38.4,40.1,38.22,0.570316796875,1.0,0.0,390.82000732421875
TSLA,TSLA,2026-05-04,0.0027397260273972603,P,437.5,0.11282959112522728,46.05,47.3,46.86,0.9355475195312499,2.0,0.0,390.82000732421875
TSLA,TSLA,2026-05-04,0.0027397260273972603,P,445.0,0.12982716749379827,54.0,54.55,53.98,0.773439765625,8.0,0.0,390.82000732421875
TSLA,TSLA,2026-05-04,0.0027397260273972603,P,447.5,0.13542942304246822,55.9,57.55,50.47,0.7304714453125,20.0,0.0,390.82000732421875
TSLA,TSLA,2026-05-04,0.0027397260273972603,P,450.0,0.14100046809192351,58.45,60.05,55.3,0.79883013671875,16.0,0.0,390.82000732421875
TSLA,TSLA,2026-05-04,0.0027397260273972603,P,452.5,0.14654064846753898,60.9,62.55,57.29,0.7851583984375,10.0,0.0,390.82000732421875
TSLA,TSLA,2026-05-04,0.0027397260273972603,P,455.0,0.1520503042785085,63.4,65.05,67.1,0.8085956640624999,,0.0,390.82000732421875
TSLA,TSLA,2026-05-04,0.0027397260273972603,P,465.0,0.17379029091491438,73.4,75.05,88.0,0.9101571484375,,0.0,390.82000732421875
TSLA,TSLA,2026-05-04,0.0027397260273972603,P,470.0,0.18448558003166235,78.6,79.9,77.05,1.0078174609375,2.0,0.0,390.82000732421875
TSLA,TSLA,2026-05-04,0.0027397260273972603,P,475.0,0.1950676893621993,83.65,84.9,103.0,1.0976607617187502,,0.0,390.82000732421875
TSLA,TSLA,2026-05-04,0.0027397260273972603,P,477.5,0.2003170452483431,85.9,87.55,101.75,1.0312548437500002,,0.0,390.82000732421875
TSLA,TSLA,2026-05-04,0.0027397260273972603,P,480.0,0.20553898922949468,88.6,89.9,93.9,1.109379453125,2.0,0.0,390.82000732421875
TSLA,TSLA,2026-05-04,0.0027397260273972603,P,495.0,0.2363106478962484,103.4,105.05,115.45,1.1953165234375,,0.0,390.82000732421875
TSLA,TSLA,2026-05-04,0.0027397260273972603,P,500.0,0.24636098374974982,108.45,110.05,123.87,1.3007847460937496,,0.0,390.82000732421875
TSLA,TSLA,2026-05-11,0.019178082191780823,C,280.0,-0.3334575115031923,109.1,113.1,95.75,0.983398603515625,,1.0,390.82000732421875
TSLA,TSLA,2026-05-11,0.019178082191780823,C,300.0,-0.2644646400162408,89.25,93.05,72.5,0.82226740234375,,0.0,390.82000732421875
TSLA,TSLA,2026-05-11,0.019178082191780823,C,325.0,-0.1844219323427044,64.4,68.1,49.85,0.6303747900390625,,4.0,390.82000732421875
TSLA,TSLA,2026-05-11,0.019178082191780823,C,340.0,-0.1393014970622348,49.65,53.2,38.0,0.532231240234375,,3.0,390.82000732421875
TSLA,TSLA,2026-05-11,0.019178082191780823,C,342.5,-0.1319754569701619,47.25,50.7,39.4,0.5178270874023438,,1.0,390.82000732421875
TSLA,TSLA,2026-05-11,0.019178082191780823,C,345.0,-0.1247026976410821,44.85,48.2,51.9,0.5024463818359376,2.0,3.0,390.82000732421875
TSLA,TSLA,2026-05-11,0.019178082191780823,C,347.5,-0.11748244966759504,42.9,45.7,48.07,0.5158739819335938,2.0,0.0,390.82000732421875
TSLA,TSLA,2026-05-11,0.019178082191780823,C,350.0,-0.1103139601889825,40.4,42.65,50.65,0.5786174951171875,16.0,2.0,390.82000732421875
TSLA,TSLA,2026-05-11,0.019178082191780823,C,352.5,-0.10319649242011852,37.95,40.65,28.0,0.5927775097656252,,1.0,390.82000732421875
TSLA,TSLA,2026-05-11,0.019178082191780823,C,355.0,-0.09612932519702606,35.6,38.2,39.0,0.5678754150390625,13.0,12.0,390.82000732421875
TSLA,TSLA,2026-05-11,0.019178082191780823,C,357.5,-0.08911175253837952,33.25,35.9,34.64,0.5535933312988282,3.0,5.0,390.82000732421875
TSLA,TSLA,2026-05-11,0.019178082191780823,C,360.0,-0.08214308322228618,31.35,33.6,36.7,0.5378464184570313,14.0,72.0,390.82000732421875
TSLA,TSLA,2026-05-11,0.019178082191780823,C,362.5,-0.0752226403777124,28.7,31.3,32.95,0.5207567456054687,32.0,2.0,390.82000732421875
TSLA,TSLA,2026-05-11,0.019178082191780823,C,365.0,-0.06834976108995036,26.65,28.95,30.53,0.49927258544921876,109.0,25.0,390.82000732421875
TSLA,TSLA,2026-05-11,0.019178082191780823,C,367.5,-0.06152379601955049,24.45,26.85,29.23,0.49133809448242194,28.0,18.0,390.82000732421875
TSLA,TSLA,2026-05-11,0.019178082191780823,C,370.0,-0.05474410903417173,22.35,24.3,25.2,0.4559380578613281,31.0,90.0,390.82000732421875
TSLA,TSLA,2026-05-11,0.019178082191780823,C,372.5,-0.048010076852827654,20.65,22.3,27.35,0.4495904650878906,235.0,97.0,390.82000732421875
TSLA,TSLA,2026-05-11,0.019178082191780823,C,375.0,-0.04132108870203104,18.75,20.3,20.45,0.4402521795654296,612.0,452.0,390.82000732421875
TSLA,TSLA,2026-05-11,0.019178082191780823,C,377.5,-0.034676545983362464,16.9,18.4,20.49,0.4327449304199219,318.0,201.0,390.82000732421875
TSLA,TSLA,2026-05-11,0.019178082191780823,C,380.0,-0.0280758619520104,15.4,16.85,15.88,0.4378718322753906,232.0,399.0,390.82000732421875
TSLA,TSLA,2026-05-11,0.019178082191780823,C,382.5,-0.021518461405851327,13.7,15.15,18.25,0.4322566540527344,328.0,86.0,390.82000732421875
TSLA,TSLA,2026-05-11,0.019178082191780823,C,385.0,-0.01500378038465763,12.65,13.05,12.75,0.4061338684082031,653.0,219.0,390.82000732421875
TSLA,TSLA,2026-05-11,0.019178082191780823,C,387.5,-0.008531265879040168,11.0,11.75,12.23,0.41034525207519534,520.0,65.0,390.82000732421875
TSLA,TSLA,2026-05-11,0.019178082191780823,C,390.0,-0.0021003755487497416,10.0,10.25,10.1,0.40216662292480465,734.0,226.0,390.82000732421875
TSLA,TSLA,2026-05-11,0.019178082191780823,C,392.5,0.00428942255002127,8.8,9.0,8.85,0.40015248291015626,551.0,619.0,390.82000732421875
TSLA,TSLA,2026-05-11,0.019178082191780823,C,395.0,0.010638650228679908,7.75,7.9,7.76,0.4002135174560547,1361.0,1312.0,390.82000732421875
TSLA,TSLA,2026-05-11,0.019178082191780823,C,397.5,0.01694781942194474,6.8,6.95,6.85,0.40241076110839846,1267.0,15.0,390.82000732421875
TSLA,TSLA,2026-05-11,0.019178082191780823,C,400.0,0.023217432435540027,5.9,6.05,6.0,0.40277696838378907,1744.0,944.0,390.82000732421875
TSLA,TSLA,2026-05-11,0.019178082191780823,C,402.5,0.02944798218617621,5.1,5.25,5.2,0.4035704174804688,237.0,22.0,390.82000732421875
TSLA,TSLA,2026-05-11,0.019178082191780823,C,405.0,0.035639952434097184,4.4,4.55,4.46,0.4050962811279296,451.0,579.0,390.82000732421875
TSLA,TSLA,2026-05-11,0.019178082191780823,C,407.5,0.04179381800847555,3.8,3.95,4.8,0.40772076660156253,201.0,42.0,390.82000732421875
TSLA,TSLA,2026-05-11,0.019178082191780823,C,410.0,0.047910045025911535,3.25,3.4,3.32,0.40930766479492187,1239.0,257.0,390.82000732421875
TSLA,TSLA,2026-05-11,0.019178082191780823,C,412.5,0.05398909110229383,2.79,2.91,3.73,0.4105283557128906,84.0,19.0,390.82000732421875
TSLA,TSLA,2026-05-11,0.019178082191780823,C,415.0,0.06003140555825635,2.44,2.51,2.85,0.41358008300781246,681.0,73.0,390.82000732421875
TSLA,TSLA,2026-05-11,0.019178082191780823,C,417.5,0.06603742961846833,2.09,2.16,2.25,0.4165097412109374,254.0,16.0,390.82000732421875
TSLA,TSLA,2026-05-11,0.019178082191780823,C,420.0,0.07200759660497204,1.81,1.86,1.82,0.4198056066894531,1068.0,324.0,390.82000732421875
TSLA,TSLA,2026-05-11,0.019178082191780823,C,422.5,0.0779423321247867,1.5,1.62,1.63,0.4246883703613281,89.0,20.0,390.82000732421875
TSLA,TSLA,2026-05-11,0.019178082191780823,C,425.0,0.08384205425197488,1.35,1.4,1.48,0.428716650390625,726.0,315.0,390.82000732421875
TSLA,TSLA,2026-05-11,0.019178082191780823,C,427.5,0.08970717370437306,1.0,1.23,1.23,0.43457596679687505,37.0,17.0,390.82000732421875
TSLA,TSLA,2026-05-11,0.019178082191780823,C,430.0,0.09553809401516616,1.03,1.07,1.09,0.43921459228515625,858.0,613.0,390.82000732421875
TSLA,TSLA,2026-05-11,0.019178082191780823,C,432.5,0.10133521169949217,0.89,0.93,1.29,0.44360907958984375,41.0,1.0,390.82000732421875
TSLA,TSLA,2026-05-11,0.019178082191780823,C,435.0,0.10709891641624215,0.79,0.83,0.82,0.4506890869140625,201.0,5.0,390.82000732421875
TSLA,TSLA,2026-05-11,0.019178082191780823,C,437.5,0.11282959112522728,0.71,0.74,0.86,0.45752495605468757,54.0,1.0,390.82000732421875
TSLA,TSLA,2026-05-11,0.019178082191780823,C,440.0,0.11852761223986491,0.63,0.66,0.68,0.46411668701171876,1266.0,1306.0,390.82000732421875
TSLA,TSLA,2026-05-11,0.019178082191780823,C,442.5,0.12419334977554236,0.56,0.59,0.96,0.47070841796875,19.0,4.0,390.82000732421875
TSLA,TSLA,2026-05-11,0.019178082191780823,C,445.0,0.12982716749379827,0.51,0.54,0.52,0.47949739257812496,135.0,0.0,390.82000732421875
TSLA,TSLA,2026-05-11,0.019178082191780823,C,447.5,0.13542942304246822,0.46,0.49,0.82,0.48682153808593753,17.0,1.0,390.82000732421875
TSLA,TSLA,2026-05-11,0.019178082191780823,C,450.0,0.14100046809192351,0.42,0.44,0.42,0.4931691308593751,157.0,87.0,390.82000732421875
TSLA,TSLA,2026-05-11,0.019178082191780823,C,452.5,0.14654064846753898,0.38,0.41,0.67,0.5024463818359376,17.0,52.0,390.82000732421875
TSLA,TSLA,2026-05-11,0.019178082191780823,C,455.0,0.1520503042785085,0.35,0.38,0.62,0.507817421875,10.0,13.0,390.82000732421875
TSLA,TSLA,2026-05-11,0.019178082191780823,C,457.5,0.15752977004313418,0.33,0.35,0.55,0.516606396484375,65.0,4.0,390.82000732421875
TSLA,TSLA,2026-05-11,0.019178082191780823,C,460.0,0.16297937481069874,0.3,0.32,0.48,0.523442265625,15.0,10.0,390.82000732421875
TSLA,TSLA,2026-05-11,0.019178082191780823,C,462.5,0.16839944228003806,0.28,0.3,0.41,0.532231240234375,12.0,10.0,390.82000732421875
TSLA,TSLA,2026-05-11,0.019178082191780823,C,465.0,0.17379029091491438,0.26,0.28,0.3,0.5405319384765627,15.0,9.0,390.82000732421875
TSLA,TSLA,2026-05-11,0.019178082191780823,C,467.5,0.17915223405629985,0.24,0.26,0.47,0.5478560839843751,18.0,3.0,390.82000732421875
TSLA,TSLA,2026-05-11,0.019178082191780823,C,470.0,0.18448558003166235,0.23,0.26,0.26,0.5600629931640625,64.0,244.0,390.82000732421875
TSLA,TSLA,2026-05-11,0.019178082191780823,P,250.0,-0.4467861968101955,0.04,0.06,0.05,1.0429735351562504,,23.0,390.82000732421875
TSLA,TSLA,2026-05-11,0.019178082191780823,P,260.0,-0.4075654836569142,0.05,0.07,0.07,0.9765627343750001,3.0,4.0,390.82000732421875
TSLA,TSLA,2026-05-11,0.019178082191780823,P,270.0,-0.36982515567406715,0.06,0.08,0.16,0.9101571484375,,10.0,390.82000732421875
TSLA,TSLA,2026-05-11,0.019178082191780823,P,280.0,-0.3334575115031923,0.07,0.09,0.12,0.8398453515625,,12.0,390.82000732421875
TSLA,TSLA,2026-05-11,0.019178082191780823,P,290.0,-0.2983661916919222,0.09,0.11,0.1,0.77929908203125,32.0,34.0,390.82000732421875
TSLA,TSLA,2026-05-11,0.019178082191780823,P,300.0,-0.2644646400162408,0.11,0.13,0.12,0.7148466015625,7.0,29.0,390.82000732421875
TSLA,TSLA,2026-05-11,0.019178082191780823,P,310.0,-0.23167481719324995,0.14,0.16,0.17,0.6543003320312502,7.0,10.0,390.82000732421875
TSLA,TSLA,2026-05-11,0.019178082191780823,P,315.0,-0.21567447584680882,0.16,0.18,0.17,0.6250037500000001,46.0,26.0,390.82000732421875
TSLA,TSLA,2026-05-11,0.019178082191780823,P,320.0,-0.19992611887866965,0.18,0.2,0.18,0.594730615234375,15.0,899.0,390.82000732421875
TSLA,TSLA,2026-05-11,0.019178082191780823,P,325.0,-0.1844219323427044,0.2,0.22,0.23,0.5625043750000001,104.0,3817.0,390.82000732421875
TSLA,TSLA,2026-05-11,0.019178082191780823,P,327.5,-0.17675905959713525,0.22,0.24,0.25,0.5498091894531252,7.0,0.0,390.82000732421875
TSLA,TSLA,2026-05-11,0.019178082191780823,P,330.0,-0.16915446021191596,0.24,0.26,0.25,0.5361374511718751,24.0,4148.0,390.82000732421875
TSLA,TSLA,2026-05-11,0.019178082191780823,P,332.5,-0.16160725457653305,0.26,0.28,0.27,0.5219774365234374,6.0,19.0,390.82000732421875
TSLA,TSLA,2026-05-11,0.019178082191780823,P,335.0,-0.15411658284737545,0.28,0.3,0.29,0.506840869140625,9.0,76.0,390.82000732421875
TSLA,TSLA,2026-05-11,0.019178082191780823,P,337.5,-0.14668160435985736,0.31,0.33,0.31,0.49707534179687507,260.0,142.0,390.82000732421875
TSLA,TSLA,2026-05-11,0.019178082191780823,P,340.0,-0.1393014970622348,0.34,0.37,0.35,0.485356708984375,43.0,113.0,390.82000732421875
TSLA,TSLA,2026-05-11,0.019178082191780823,P,342.5,-0.1319754569701619,0.39,0.41,0.48,0.4726615234375,5.0,4.0,390.82000732421875
TSLA,TSLA,2026-05-11,0.019178082191780823,P,345.0,-0.1247026976410821,0.44,0.47,0.45,0.46289599609375004,66.0,123.0,390.82000732421875
TSLA,TSLA,2026-05-11,0.019178082191780823,P,347.5,-0.11748244966759504,0.5,0.53,0.49,0.45166563964843753,89.0,74.0,390.82000732421875
TSLA,TSLA,2026-05-11,0.019178082191780823,P,350.0,-0.1103139601889825,0.58,0.61,0.59,0.4419001123046875,293.0,187.0,390.82000732421875
TSLA,TSLA,2026-05-11,0.019178082191780823,P,352.5,-0.10319649242011852,0.68,0.72,0.63,0.4343318286132813,31.0,23.0,390.82000732421875
TSLA,TSLA,2026-05-11,0.019178082191780823,P,355.0,-0.09612932519702606,0.8,0.84,0.87,0.42578699218750005,956.0,2064.0,390.82000732421875
TSLA,TSLA,2026-05-11,0.019178082191780823,P,357.5,-0.08911175253837952,0.96,1.0,0.96,0.4194393994140625,35.0,29.0,390.82000732421875
TSLA,TSLA,2026-05-11,0.019178082191780823,P,360.0,-0.08214308322228618,1.14,1.19,1.17,0.41321387573242185,128.0,263.0,390.82000732421875
TSLA,TSLA,2026-05-11,0.019178082191780823,P,362.5,-0.0752226403777124,1.37,1.45,1.41,0.4100400793457031,51.0,17.0,390.82000732421875
TSLA,TSLA,2026-05-11,0.019178082191780823,P,365.0,-0.06834976108995036,1.66,1.73,1.71,0.40491317749023437,316.0,1486.0,390.82000732421875
TSLA,TSLA,2026-05-11,0.019178082191780823,P,367.5,-0.06152379601955049,2.0,2.11,2.05,0.40332627929687503,194.0,32.0,390.82000732421875
TSLA,TSLA,2026-05-11,0.019178082191780823,P,370.0,-0.05474410903417173,2.41,2.49,2.45,0.3978331701660156,211.0,231.0,390.82000732421875
TSLA,TSLA,2026-05-11,0.019178082191780823,P,372.5,-0.048010076852827654,2.9,2.99,2.89,0.3957579956054688,136.0,338.0,390.82000732421875
TSLA,TSLA,2026-05-11,0.019178082191780823,P,375.0,-0.04132108870203104,3.45,3.6,3.42,0.39551385742187506,354.0,120.0,390.82000732421875
TSLA,TSLA,2026-05-11,0.019178082191780823,P,377.5,-0.034676545983362464,4.1,4.25,4.2,0.3929504064941406,317.0,59.0,390.82000732421875
TSLA,TSLA,2026-05-11,0.019178082191780823,P,380.0,-0.0280758619520104,4.85,5.0,4.91,0.39111937011718745,398.0,82.0,390.82000732421875
TSLA,TSLA,2026-05-11,0.019178082191780823,P,382.5,-0.021518461405851327,5.7,5.85,5.58,0.38947143737792966,281.0,59.0,390.82000732421875
TSLA,TSLA,2026-05-11,0.019178082191780823,P,385.0,-0.01500378038465763,6.65,6.85,6.77,0.3900817828369141,1471.0,37.0,390.82000732421875
TSLA,TSLA,2026-05-11,0.019178082191780823,P,387.5,-0.008531265879040168,7.75,7.9,7.8,0.38843385009765624,357.0,0.0,390.82000732421875
TSLA,TSLA,2026-05-11,0.019178082191780823,P,390.0,-0.0021003755487497416,8.9,9.1,9.0,0.38867798828125,382.0,17.0,390.82000732421875
TSLA,TSLA,2026-05-11,0.019178082191780823,P,392.5,0.00428942255002127,10.1,10.55,10.27,0.39490351196289064,583.0,0.0,390.82000732421875
TSLA,TSLA,2026-05-11,0.019178082191780823,P,395.0,0.010638650228679908,11.6,11.85,11.63,0.39075316284179684,448.0,503.0,390.82000732421875
TSLA,TSLA,2026-05-11,0.019178082191780823,P,397.5,0.01694781942194474,12.7,13.95,12.0,0.4158993957519531,384.0,3.0,390.82000732421875
TSLA,TSLA,2026-05-11,0.019178082191780823,P,400.0,0.023217432435540027,14.3,15.4,12.45,0.4101621484375,75.0,513.0,390.82000732421875
TSLA,TSLA,2026-05-11,0.019178082191780823,P,402.5,0.02944798218617621,16.1,17.3,15.0,0.42017181396484377,164.0,2.0,390.82000732421875
TSLA,TSLA,2026-05-11,0.019178082191780823,P,405.0,0.035639952434097184,17.95,18.9,15.23,0.41309180664062495,53.0,6.0,390.82000732421875
TSLA,TSLA,2026-05-11,0.019178082191780823,P,410.0,0.047910045025911535,22.0,22.5,22.0,0.4050962811279296,6.0,3.0,390.82000732421875
TSLA,TSLA,2026-05-11,0.019178082191780823,P,412.5,0.05398909110229383,23.25,25.1,23.87,0.4387263159179688,1.0,0.0,390.82000732421875
TSLA,TSLA,2026-05-11,0.019178082191780823,P,415.0,0.06003140555825635,24.95,27.75,23.75,0.47461462890625,3.0,0.0,390.82000732421875
TSLA,TSLA,2026-05-11,0.019178082191780823,P,417.5,0.06603742961846833,27.75,29.9,26.25,0.48169463623046876,2.0,0.0,390.82000732421875
TSLA,TSLA,2026-05-11,0.019178082191780823,P,420.0,0.07200759660497204,29.4,32.05,28.03,0.4864553308105469,3.0,3.0,390.82000732421875
TSLA,TSLA,2026-05-11,0.019178082191780823,P,422.5,0.0779423321247867,31.75,34.25,45.25,0.49207050903320315,,4.0,390.82000732421875
TSLA,TSLA,2026-05-11,0.019178082191780823,P,425.0,0.08384205425197488,34.2,36.1,32.35,0.4699760034179688,4.0,1.0,390.82000732421875
TSLA,TSLA,2026-05-11,0.019178082191780823,P,427.5,0.08970717370437306,36.0,39.3,34.51,0.5427291821289064,5.0,0.0,390.82000732421875
TSLA,TSLA,2026-05-11,0.019178082191780823,P,440.0,0.11852761223986491,47.95,51.3,69.53,0.6149940844726562,,5.0,390.82000732421875
TSLA,TSLA,2026-05-11,0.019178082191780823,P,445.0,0.12982716749379827,53.4,55.75,62.48,0.6059609716796877,,5.0,390.82000732421875
TSLA,TSLA,2026-05-11,0.019178082191780823,P,470.0,0.18448558003166235,78.5,80.05,77.05,0.694338994140625,8.0,0.0,390.82000732421875
TSLA,TSLA,2026-05-22,0.049315068493150684,C,80.0,-1.5862204799985602,308.8,313.15,283.0,2.6113315966796877,2.0,2.0,390.82000732421875
TSLA,TSLA,2026-05-22,0.049315068493150684,C,100.0,-1.3630769286843505,288.9,293.15,248.6,2.3222698193359372,,0.0,390.82000732421875
TSLA,TSLA,2026-05-22,0.049315068493150684,C,130.0,-1.1007126642168594,258.95,263.3,251.46,1.984375078125,,15.0,390.82000732421875
TSLA,TSLA,2026-05-22,0.049315068493150684,C,150.0,-0.9576118205761861,239.05,243.3,232.7,1.7734386328124998,4.0,2.0,390.82000732421875
TSLA,TSLA,2026-05-22,0.049315068493150684,C,160.0,-0.8930732994386149,229.0,233.35,222.76,1.6611345068359378,2.0,0.0,390.82000732421875
TSLA,TSLA,2026-05-22,0.049315068493150684,C,170.0,-0.8324486776221801,219.05,223.4,202.6,1.5839864550781246,1.0,1.0,390.82000732421875
TSLA,TSLA,2026-05-22,0.049315068493150684,C,190.0,-0.7212230425119557,199.15,203.45,191.98,1.4209013330078126,1.0,1.0,390.82000732421875
TSLA,TSLA,2026-05-22,0.049315068493150684,C,200.0,-0.6699297481244053,189.2,193.45,196.39,1.3378939355468746,2.0,1.0,390.82000732421875
TSLA,TSLA,2026-05-22,0.049315068493150684,C,210.0,-0.6211395839549733,179.2,183.55,168.58,1.267093508300781,1.0,11.0,390.82000732421875
TSLA,TSLA,2026-05-22,0.049315068493150684,C,220.0,-0.5746195683200804,169.25,173.6,152.5,1.197269638671875,1.0,2.0,390.82000732421875
TSLA,TSLA,2026-05-22,0.049315068493150684,C,230.0,-0.5301678057492466,159.3,163.65,135.65,1.1279340478515625,4.0,4.0,390.82000732421875
TSLA,TSLA,2026-05-22,0.049315068493150684,C,240.0,-0.48760819133045064,149.35,153.65,127.45,1.0537156689453124,3.0,0.0,390.82000732421875
TSLA,TSLA,2026-05-22,0.049315068493150684,C,250.0,-0.4467861968101955,139.45,143.7,116.46,0.9926758544921875,4.0,21.0,390.82000732421875
TSLA,TSLA,2026-05-22,0.049315068493150684,C,255.0,-0.4269835695140158,134.45,138.75,148.41,0.9594730615234374,1.0,2.0,390.82000732421875
TSLA,TSLA,2026-05-22,0.049315068493150684,C,260.0,-0.4075654836569142,129.45,133.75,105.84,0.92187578125,4.0,50.0,390.82000732421875
TSLA,TSLA,2026-05-22,0.049315068493150684,C,265.0,-0.3885172886862197,125.45,127.85,118.22,0.8940440283203124,19.0,3.0,390.82000732421875
TSLA,TSLA,2026-05-22,0.049315068493150684,C,270.0,-0.36982515567406715,119.55,123.8,122.55,0.86132951171875,2.0,2.0,390.82000732421875
TSLA,TSLA,2026-05-22,0.049315068493150684,C,275.0,-0.3514760170058706,114.6,118.8,116.37,0.8288591333007811,1.0,3.0,390.82000732421875
TSLA,TSLA,2026-05-22,0.049315068493150684,C,280.0,-0.3334575115031923,109.65,113.85,97.54,0.8005391040039063,10.0,15.0,390.82000732421875
TSLA,TSLA,2026-05-22,0.049315068493150684,C,285.0,-0.31575793440379135,104.7,108.85,106.77,0.7680687255859376,1.0,1.0,390.82000732421875
TSLA,TSLA,2026-05-22,0.049315068493150684,C,290.0,-0.2983661916919222,99.75,103.9,68.0,0.7395045581054687,,1.0,390.82000732421875
TSLA,TSLA,2026-05-22,0.049315068493150684,C,295.0,-0.2812717583326221,94.85,98.9,82.04,0.7106962524414062,6.0,8.0,390.82000732421875
TSLA,TSLA,2026-05-22,0.049315068493150684,C,300.0,-0.2644646400162408,91.2,92.95,95.45,0.6994658959960938,38.0,10.0,390.82000732421875
TSLA,TSLA,2026-05-22,0.049315068493150684,C,305.0,-0.24793533806503026,85.05,88.9,74.3,0.6521030883789063,65.0,44.0,390.82000732421875
TSLA,TSLA,2026-05-22,0.049315068493150684,C,310.0,-0.23167481719324995,80.2,83.9,57.0,0.6250037500000001,1.0,25.0,390.82000732421875
TSLA,TSLA,2026-05-22,0.049315068493150684,C,315.0,-0.21567447584680882,75.4,78.9,71.5,0.5999795861816408,1.0,70.0,390.82000732421875
TSLA,TSLA,2026-05-22,0.049315068493150684,C,320.0,-0.19992611887866965,70.7,73.9,55.95,0.5784954260253907,10.0,24.0,390.82000732421875
TSLA,TSLA,2026-05-22,0.049315068493150684,C,325.0,-0.1844219323427044,66.05,68.85,55.7,0.5554243676757813,36.0,52.0,390.82000732421875
TSLA,TSLA,2026-05-22,0.049315068493150684,C,330.0,-0.16915446021191596,61.5,63.85,64.3,0.5363815893554689,2.0,58.0,390.82000732421875
TSLA,TSLA,2026-05-22,0.049315068493150684,C,335.0,-0.15411658284737545,57.55,58.3,62.01,0.5168505346679688,42.0,99.0,390.82000732421875
TSLA,TSLA,2026-05-22,0.049315068493150684,C,340.0,-0.1393014970622348,52.3,54.25,54.3,0.5008594836425782,3.0,178.0,390.82000732421875
TSLA,TSLA,2026-05-22,0.049315068493150684,C,345.0,-0.1247026976410821,47.75,49.65,53.0,0.5335740002441407,10.0,119.0,390.82000732421875
TSLA,TSLA,2026-05-22,0.049315068493150684,C,350.0,-0.1103139601889825,43.75,44.7,47.3,0.49377947631835944,48.0,564.0,390.82000732421875
TSLA,TSLA,2026-05-22,0.049315068493150684,C,355.0,-0.09612932519702606,39.6,40.35,44.14,0.47900911621093745,24.0,275.0,390.82000732421875
TSLA,TSLA,2026-05-22,0.049315068493150684,C,360.0,-0.08214308322228618,35.3,36.45,36.6,0.47711704528808596,41.0,393.0,390.82000732421875
TSLA,TSLA,2026-05-22,0.049315068493150684,C,365.0,-0.06834976108995036,31.65,32.2,31.99,0.45667047241210945,34.0,249.0,390.82000732421875
TSLA,TSLA,2026-05-22,0.049315068493150684,C,370.0,-0.05474410903417173,27.95,28.45,28.26,0.4484308087158203,147.0,701.0,390.82000732421875
TSLA,TSLA,2026-05-22,0.049315068493150684,C,375.0,-0.04132108870203104,24.5,24.9,24.6,0.44043528320312497,182.0,843.0,390.82000732421875
TSLA,TSLA,2026-05-22,0.049315068493150684,C,380.0,-0.0280758619520104,21.35,21.7,21.33,0.4364070031738281,1666.0,1134.0,390.82000732421875
TSLA,TSLA,2026-05-22,0.049315068493150684,C,385.0,-0.01500378038465763,18.4,18.75,18.64,0.43268389587402345,1931.0,1345.0,390.82000732421875
TSLA,TSLA,2026-05-22,0.049315068493150684,C,390.0,-0.0021003755487497416,15.8,16.0,15.9,0.42767906311035164,3119.0,1776.0,390.82000732421875
TSLA,TSLA,2026-05-22,0.049315068493150684,C,395.0,0.010638650228679908,13.5,13.65,13.5,0.4267025103759766,3839.0,1004.0,390.82000732421875
TSLA,TSLA,2026-05-22,0.049315068493150684,C,400.0,0.023217432435540027,11.4,11.55,11.46,0.42578699218750005,5472.0,2048.0,390.82000732421875
TSLA,TSLA,2026-05-22,0.049315068493150684,C,405.0,0.035639952434097184,9.6,9.7,9.75,0.4250545776367188,1479.0,875.0,390.82000732421875
TSLA,TSLA,2026-05-22,0.049315068493150684,C,410.0,0.047910045025911535,8.05,8.15,8.1,0.4264583721923829,746.0,1246.0,390.82000732421875
TSLA,TSLA,2026-05-22,0.049315068493150684,C,415.0,0.06003140555825635,6.7,6.8,6.71,0.42767906311035164,590.0,735.0,390.82000732421875
TSLA,TSLA,2026-05-22,0.049315068493150684,C,420.0,0.07200759660497204,5.55,5.65,5.61,0.4292049267578125,1276.0,1963.0,390.82000732421875
TSLA,TSLA,2026-05-22,0.049315068493150684,C,425.0,0.08384205425197488,4.6,4.7,4.51,0.43195148132324224,432.0,1218.0,390.82000732421875
TSLA,TSLA,2026-05-22,0.049315068493150684,C,430.0,0.09553809401516616,3.8,3.85,3.85,0.43280596496582036,528.0,808.0,390.82000732421875
TSLA,TSLA,2026-05-22,0.049315068493150684,C,435.0,0.10709891641624215,3.1,3.2,3.07,0.4366511413574219,311.0,465.0,390.82000732421875
TSLA,TSLA,2026-05-22,0.049315068493150684,C,440.0,0.11852761223986491,2.59,2.64,2.66,0.43970286865234376,910.0,935.0,390.82000732421875
TSLA,TSLA,2026-05-22,0.049315068493150684,C,445.0,0.12982716749379827,2.15,2.19,2.2,0.4437311486816406,508.0,745.0,390.82000732421875
TSLA,TSLA,2026-05-22,0.049315068493150684,C,450.0,0.14100046809192351,1.79,1.82,1.8,0.44812563598632804,578.0,1351.0,390.82000732421875
TSLA,TSLA,2026-05-22,0.049315068493150684,C,455.0,0.1520503042785085,1.5,1.53,1.52,0.4537408142089844,150.0,732.0,390.82000732421875
TSLA,TSLA,2026-05-22,0.049315068493150684,C,460.0,0.16297937481069874,1.26,1.29,1.29,0.4594780615234375,167.0,1065.0,390.82000732421875
TSLA,TSLA,2026-05-22,0.049315068493150684,C,465.0,0.17379029091491438,1.08,1.1,1.06,0.46631393066406257,347.0,397.0,390.82000732421875
TSLA,TSLA,2026-05-22,0.049315068493150684,C,470.0,0.18448558003166235,0.92,0.94,1.0,0.47290566162109376,355.0,890.0,390.82000732421875
TSLA,TSLA,2026-05-22,0.049315068493150684,C,475.0,0.1950676893621993,0.8,0.83,0.82,0.4821829125976563,169.0,375.0,390.82000732421875
TSLA,TSLA,2026-05-22,0.049315068493150684,C,480.0,0.20553898922949468,0.7,0.74,0.71,0.49219257812500006,184.0,556.0,390.82000732421875
TSLA,TSLA,2026-05-22,0.049315068493150684,C,485.0,0.21590177626504128,0.62,0.71,0.66,0.5022022436523439,83.0,166.0,390.82000732421875
TSLA,TSLA,2026-05-22,0.049315068493150684,C,490.0,0.22615827643223038,0.56,0.58,0.68,0.507817421875,20.0,194.0,390.82000732421875
TSLA,TSLA,2026-05-22,0.049315068493150684,C,495.0,0.2363106478962484,0.5,0.58,0.58,0.5214891601562499,54.0,268.0,390.82000732421875
TSLA,TSLA,2026-05-22,0.049315068493150684,C,500.0,0.24636098374974982,0.46,0.48,0.47,0.5278367529296876,342.0,1132.0,390.82000732421875
TSLA,TSLA,2026-05-22,0.049315068493150684,C,505.0,0.2563113146029179,0.42,0.45,0.58,0.5385788330078126,4.0,68.0,390.82000732421875
TSLA,TSLA,2026-05-22,0.049315068493150684,C,510.0,0.26616361104592956,0.39,0.45,0.47,0.55273884765625,211.0,232.0,390.82000732421875
TSLA,TSLA,2026-05-22,0.049315068493150684,C,515.0,0.27591978599129424,0.36,0.43,0.52,0.5644574804687501,1.0,89.0,390.82000732421875
TSLA,TSLA,2026-05-22,0.049315068493150684,C,520.0,0.28558169690303115,0.34,0.36,0.5,0.5708050732421875,81.0,144.0,390.82000732421875
TSLA,TSLA,2026-05-22,0.049315068493150684,C,525.0,0.29515114791918184,0.32,0.34,0.45,0.5815471533203125,2.0,67.0,390.82000732421875
TSLA,TSLA,2026-05-22,0.049315068493150684,C,530.0,0.30462989187372563,0.3,0.34,0.39,0.594730615234375,95.0,77.0,390.82000732421875
TSLA,TSLA,2026-05-22,0.049315068493150684,C,535.0,0.31401963222356466,0.28,0.3,0.31,0.6020547607421877,30.0,17.0,390.82000732421875
TSLA,TSLA,2026-05-22,0.049315068493150684,C,540.0,0.3233220248858782,0.27,0.29,0.3,0.614261669921875,21.0,165.0,390.82000732421875
TSLA,TSLA,2026-05-22,0.049315068493150684,C,545.0,0.33253867999080217,0.26,0.27,0.4,0.6245154736328126,2.0,15.0,390.82000732421875
TSLA,TSLA,2026-05-22,0.049315068493150684,C,550.0,0.34167116355407473,0.24,0.26,0.28,0.6337927246093751,106.0,335.0,390.82000732421875
TSLA,TSLA,2026-05-22,0.049315068493150684,C,555.0,0.3507209990739926,0.23,0.25,0.19,0.6450230810546875,5.0,8.0,390.82000732421875
TSLA,TSLA,2026-05-22,0.049315068493150684,C,560.0,0.35968966905675304,0.22,0.24,0.25,0.6552768847656252,251.0,594.0,390.82000732421875
TSLA,TSLA,2026-05-22,0.049315068493150684,C,565.0,0.36857861647399903,0.21,0.23,0.16,0.6655306884765627,1.0,111.0,390.82000732421875
TSLA,TSLA,2026-05-22,0.049315068493150684,C,570.0,0.37738924615615393,0.2,0.22,0.16,0.6748079394531252,5.0,18.0,390.82000732421875
TSLA,TSLA,2026-05-22,0.049315068493150684,C,575.0,0.38612292612490856,0.19,0.21,0.25,0.684573466796875,2.0,20.0,390.82000732421875
TSLA,TSLA,2026-05-22,0.049315068493150684,C,580.0,0.39478098886802315,0.19,0.2,0.21,0.6953155468750001,101.0,882.0,390.82000732421875
TSLA,TSLA,2026-05-22,0.049315068493150684,C,585.0,0.40336473255941463,0.18,0.2,0.24,0.7060576269531251,11.0,33.0,390.82000732421875
TSLA,TSLA,2026-05-22,0.049315068493150684,C,590.0,0.41187542222732326,0.17,0.19,0.18,0.7148466015625,2.0,15.0,390.82000732421875
TSLA,TSLA,2026-05-22,0.049315068493150684,C,595.0,0.4203142908731879,0.16,0.18,0.64,0.7226590234375,,4.0,390.82000732421875
TSLA,TSLA,2026-05-22,0.049315068493150684,C,600.0,0.42868254054370447,0.16,0.17,0.16,0.7324245507812499,468.0,224.0,390.82000732421875
TSLA,TSLA,2026-05-22,0.049315068493150684,C,605.0,0.43698134335839955,0.15,0.17,0.12,0.7421900781249999,1.0,3.0,390.82000732421875
TSLA,TSLA,2026-05-22,0.049315068493150684,C,610.0,0.445211842494915,0.14,0.16,0.19,0.7480493945312501,101.0,21.0,390.82000732421875
TSLA,TSLA,2026-05-22,0.049315068493150684,C,615.0,0.453375153134076,0.14,0.16,0.14,0.7597680273437502,7.0,4.0,390.82000732421875
TSLA,TSLA,2026-05-22,0.049315068493150684,C,620.0,0.46147236336669534,0.13,0.15,0.14,0.7656273437500001,4.0,6.0,390.82000732421875
TSLA,TSLA,2026-05-22,0.049315068493150684,C,625.0,0.4695045350639596,0.13,0.14,0.16,0.7744163183593751,308.0,66.0,390.82000732421875
TSLA,TSLA,2026-05-22,0.049315068493150684,C,630.0,0.4774727047131365,0.12,0.14,0.12,0.7832052929687501,5.0,42.0,390.82000732421875
TSLA,TSLA,2026-05-22,0.049315068493150684,C,640.0,0.49322106168127566,0.11,0.13,0.15,0.79883013671875,6.0,302.0,390.82000732421875
TSLA,TSLA,2026-05-22,0.049315068493150684,C,650.0,0.508725248217241,0.1,0.12,0.14,0.8125018749999999,1.0,26.0,390.82000732421875
TSLA,TSLA,2026-05-22,0.049315068493150684,C,660.0,0.5239927203480294,0.09,0.11,0.1,0.8261736132812498,201.0,4.0,390.82000732421875
TSLA,TSLA,2026-05-22,0.049315068493150684,C,670.0,0.5390305977125699,0.09,0.1,0.12,0.84179845703125,400.0,406.0,390.82000732421875
TSLA,TSLA,2026-05-22,0.049315068493150684,C,680.0,0.5538456834977105,0.07,0.1,0.12,0.8535170898437501,302.0,310.0,390.82000732421875
TSLA,TSLA,2026-05-22,0.049315068493150684,C,690.0,0.5684444829188632,0.07,0.1,0.05,0.8730481445312499,1.0,2.0,390.82000732421875
TSLA,TSLA,2026-05-22,0.049315068493150684,C,700.0,0.5828332203709629,0.06,0.09,0.09,0.8808605664062499,2.0,81.0,390.82000732421875
TSLA,TSLA,2026-05-22,0.049315068493150684,C,710.0,0.5970178553629193,0.06,0.08,0.08,0.8945323046874999,1.0,301.0,390.82000732421875
TSLA,TSLA,2026-05-22,0.049315068493150684,C,720.0,0.6110040973376591,0.05,0.08,0.18,0.9062509375,1.0,2.0,390.82000732421875
TSLA,TSLA,2026-05-22,0.049315068493150684,C,730.0,0.624797419469995,0.05,0.08,0.08,0.9238288867187501,5.0,7.0,390.82000732421875
TSLA,TSLA,2026-05-22,0.049315068493150684,C,740.0,0.6384030715257736,0.02,0.07,0.04,0.9101571484375,2.0,357.0,390.82000732421875
TSLA,TSLA,2026-05-22,0.049315068493150684,P,80.0,-1.5862204799985602,0.0,0.03,0.02,2.1093797265624996,10.0,60.0,390.82000732421875
TSLA,TSLA,2026-05-22,0.049315068493150684,P,90.0,-1.4684374443421768,0.01,0.03,0.02,1.9921875390625,2.0,12.0,390.82000732421875
TSLA,TSLA,2026-05-22,0.049315068493150684,P,100.0,-1.3630769286843505,0.01,0.04,0.02,1.890625546875,6.0,0.0,390.82000732421875
TSLA,TSLA,2026-05-22,0.049315068493150684,P,110.0,-1.2677667488800257,0.01,0.04,0.03,1.765626171875,4.0,4.0,390.82000732421875
TSLA,TSLA,2026-05-22,0.049315068493150684,P,120.0,-1.180755371890396,0.01,0.04,0.04,1.6484392578125,6.0,10.0,390.82000732421875
TSLA,TSLA,2026-05-22,0.049315068493150684,P,130.0,-1.1007126642168594,0.02,0.05,0.05,1.5859395703124997,4.0,4.0,390.82000732421875
TSLA,TSLA,2026-05-22,0.049315068493150684,P,140.0,-1.0266046920631375,0.03,0.05,0.06,1.5000025,4.0,21.0,390.82000732421875
TSLA,TSLA,2026-05-22,0.049315068493150684,P,150.0,-0.9576118205761861,0.03,0.06,0.04,1.4179716601562502,1.0,19.0,390.82000732421875
TSLA,TSLA,2026-05-22,0.049315068493150684,P,160.0,-0.8930732994386149,0.04,0.07,0.06,1.3515657421874998,2.0,47.0,390.82000732421875
TSLA,TSLA,2026-05-22,0.049315068493150684,P,170.0,-0.8324486776221801,0.05,0.08,0.05,1.2851598242187499,20.0,51.0,390.82000732421875
TSLA,TSLA,2026-05-22,0.049315068493150684,P,180.0,-0.7752902637822315,0.05,0.08,0.07,1.203128984375,5.0,365.0,390.82000732421875
TSLA,TSLA,2026-05-22,0.049315068493150684,P,190.0,-0.7212230425119557,0.07,0.09,0.07,1.1464886425781249,24.0,129.0,390.82000732421875
TSLA,TSLA,2026-05-22,0.049315068493150684,P,200.0,-0.6699297481244053,0.08,0.1,0.08,1.08203583984375,5.0,513.0,390.82000732421875
TSLA,TSLA,2026-05-22,0.049315068493150684,P,210.0,-0.6211395839549733,0.09,0.12,0.11,1.0273486132812502,74.0,384.0,390.82000732421875
TSLA,TSLA,2026-05-22,0.049315068493150684,P,220.0,-0.5746195683200804,0.11,0.13,0.1,0.9687503125,906.0,249.0,390.82000732421875
TSLA,TSLA,2026-05-22,0.049315068493150684,P,230.0,-0.5301678057492466,0.12,0.15,0.13,0.91211025390625,13.0,618.0,390.82000732421875
TSLA,TSLA,2026-05-22,0.049315068493150684,P,240.0,-0.48760819133045064,0.14,0.17,0.15,0.85937640625,26.0,70.0,390.82000732421875
TSLA,TSLA,2026-05-22,0.049315068493150684,P,250.0,-0.4467861968101955,0.17,0.2,0.17,0.8105487695312499,20.0,212.0,390.82000732421875
TSLA,TSLA,2026-05-22,0.049315068493150684,P,255.0,-0.4269835695140158,0.18,0.21,0.2,0.7841818457031251,33.0,162.0,390.82000732421875
TSLA,TSLA,2026-05-22,0.049315068493150684,P,260.0,-0.4075654836569142,0.2,0.21,0.22,0.7568383691406251,157.0,148.0,390.82000732421875
TSLA,TSLA,2026-05-22,0.049315068493150684,P,265.0,-0.3885172886862197,0.21,0.24,0.21,0.7334011035156249,160.0,287.0,390.82000732421875
TSLA,TSLA,2026-05-22,0.049315068493150684,P,270.0,-0.36982515567406715,0.23,0.25,0.24,0.708010732421875,10.0,385.0,390.82000732421875
TSLA,TSLA,2026-05-22,0.049315068493150684,P,275.0,-0.3514760170058706,0.25,0.27,0.25,0.684573466796875,8.0,362.0,390.82000732421875
TSLA,TSLA,2026-05-22,0.049315068493150684,P,280.0,-0.3334575115031923,0.27,0.29,0.26,0.6601596484375001,13.0,282.0,390.82000732421875
TSLA,TSLA,2026-05-22,0.049315068493150684,P,285.0,-0.31575793440379135,0.3,0.32,0.3,0.6381872119140625,2.0,136.0,390.82000732421875
TSLA,TSLA,2026-05-22,0.049315068493150684,P,290.0,-0.2983661916919222,0.33,0.35,0.33,0.6157264990234376,15.0,363.0,390.82000732421875
TSLA,TSLA,2026-05-22,0.049315068493150684,P,295.0,-0.2812717583326221,0.36,0.38,0.36,0.5922892333984376,4.0,305.0,390.82000732421875
TSLA,TSLA,2026-05-22,0.049315068493150684,P,300.0,-0.2644646400162408,0.41,0.43,0.42,0.5732464550781251,254.0,1421.0,390.82000732421875
TSLA,TSLA,2026-05-22,0.049315068493150684,P,305.0,-0.24793533806503026,0.46,0.53,0.45,0.5571333349609376,36.0,395.0,390.82000732421875
TSLA,TSLA,2026-05-22,0.049315068493150684,P,310.0,-0.23167481719324995,0.53,0.55,0.49,0.5336960693359375,20.0,1644.0,390.82000732421875
TSLA,TSLA,2026-05-22,0.049315068493150684,P,315.0,-0.21567447584680882,0.62,0.64,0.63,0.516606396484375,395.0,1856.0,390.82000732421875
TSLA,TSLA,2026-05-22,0.049315068493150684,P,320.0,-0.19992611887866965,0.73,0.75,0.74,0.5012256909179689,409.0,997.0,390.82000732421875
TSLA,TSLA,2026-05-22,0.049315068493150684,P,325.0,-0.1844219323427044,0.88,0.9,0.87,0.4865773999023438,514.0,958.0,390.82000732421875
TSLA,TSLA,2026-05-22,0.049315068493150684,P,330.0,-0.16915446021191596,1.07,1.09,1.08,0.4727835925292969,332.0,1914.0,390.82000732421875
TSLA,TSLA,2026-05-22,0.049315068493150684,P,335.0,-0.15411658284737545,1.32,1.35,1.33,0.46155323608398446,254.0,688.0,390.82000732421875
TSLA,TSLA,2026-05-22,0.049315068493150684,P,340.0,-0.1393014970622348,1.65,1.68,1.66,0.4510552941894531,461.0,1402.0,390.82000732421875
TSLA,TSLA,2026-05-22,0.049315068493150684,P,345.0,-0.1247026976410821,2.07,2.11,2.09,0.4422663195800781,291.0,808.0,390.82000732421875
TSLA,TSLA,2026-05-22,0.049315068493150684,P,350.0,-0.1103139601889825,2.61,2.66,2.63,0.43457596679687505,738.0,1637.0,390.82000732421875
TSLA,TSLA,2026-05-22,0.049315068493150684,P,355.0,-0.09612932519702606,3.3,3.35,3.25,0.4278621667480469,326.0,1162.0,390.82000732421875
TSLA,TSLA,2026-05-22,0.049315068493150684,P,360.0,-0.08214308322228618,4.15,4.25,4.21,0.4237118176269531,465.0,1007.0,390.82000732421875
TSLA,TSLA,2026-05-22,0.049315068493150684,P,365.0,-0.06834976108995036,5.2,5.3,5.18,0.418401812133789,353.0,784.0,390.82000732421875
TSLA,TSLA,2026-05-22,0.049315068493150684,P,370.0,-0.05474410903417173,6.45,6.6,6.55,0.41486180847167964,591.0,842.0,390.82000732421875
TSLA,TSLA,2026-05-22,0.049315068493150684,P,375.0,-0.04132108870203104,8.0,8.15,8.1,0.41211525390625,518.0,1014.0,390.82000732421875
TSLA,TSLA,2026-05-22,0.049315068493150684,P,380.0,-0.0280758619520104,9.8,9.9,9.85,0.40808697387695314,843.0,857.0,390.82000732421875
TSLA,TSLA,2026-05-22,0.049315068493150684,P,385.0,-0.01500378038465763,11.85,12.0,12.0,0.4067442138671875,435.0,434.0,390.82000732421875
TSLA,TSLA,2026-05-22,0.049315068493150684,P,390.0,-0.0021003755487497416,14.2,14.4,14.29,0.40631697204589845,341.0,356.0,390.82000732421875
TSLA,TSLA,2026-05-22,0.049315068493150684,P,395.0,0.010638650228679908,16.8,17.05,16.85,0.4053404193115234,541.0,718.0,390.82000732421875
TSLA,TSLA,2026-05-22,0.049315068493150684,P,400.0,0.023217432435540027,19.7,20.0,19.85,0.40546248840332033,386.0,727.0,390.82000732421875
TSLA,TSLA,2026-05-22,0.049315068493150684,P,405.0,0.035639952434097184,22.85,23.2,23.02,0.40552352294921873,85.0,150.0,390.82000732421875
TSLA,TSLA,2026-05-22,0.049315068493150684,P,410.0,0.047910045025911535,26.2,26.65,24.41,0.40595076477050784,33.0,58.0,390.82000732421875
TSLA,TSLA,2026-05-22,0.049315068493150684,P,415.0,0.06003140555825635,29.85,30.35,26.75,0.4074766284179688,6.0,31.0,390.82000732421875
TSLA,TSLA,2026-05-22,0.049315068493150684,P,420.0,0.07200759660497204,33.45,34.4,31.25,0.4144345666503906,26.0,265.0,390.82000732421875
TSLA,TSLA,2026-05-22,0.049315068493150684,P,425.0,0.08384205425197488,37.65,38.4,43.7,0.41394629028320307,2.0,33.0,390.82000732421875
TSLA,TSLA,2026-05-22,0.049315068493150684,P,430.0,0.09553809401516616,41.7,42.65,51.42,0.41712008666992184,1.0,34.0,390.82000732421875
TSLA,TSLA,2026-05-22,0.049315068493150684,P,435.0,0.10709891641624215,45.85,47.4,44.02,0.4376276940917969,6.0,11.0,390.82000732421875
TSLA,TSLA,2026-05-22,0.049315068493150684,P,440.0,0.11852761223986491,50.6,51.65,67.97,0.43115803222656257,1.0,50.0,390.82000732421875
TSLA,TSLA,2026-05-22,0.049315068493150684,P,445.0,0.12982716749379827,55.2,56.45,65.05,0.44836977416992185,1.0,17.0,390.82000732421875
TSLA,TSLA,2026-05-22,0.049315068493150684,P,450.0,0.14100046809192351,59.55,61.15,66.56,0.45752495605468757,1.0,198.0,390.82000732421875
TSLA,TSLA,2026-05-22,0.049315068493150684,P,455.0,0.1520503042785085,64.2,66.0,72.15,0.47363807617187503,1.0,4.0,390.82000732421875
TSLA,TSLA,2026-05-22,0.049315068493150684,P,460.0,0.16297937481069874,69.0,70.8,73.05,0.4845022253417969,1.0,2.0,390.82000732421875
TSLA,TSLA,2026-05-22,0.049315068493150684,P,465.0,0.17379029091491438,73.8,75.65,81.63,0.49707534179687507,2.0,2.0,390.82000732421875
TSLA,TSLA,2026-05-22,0.049315068493150684,P,470.0,0.18448558003166235,78.65,80.5,74.58,0.507817421875,1.0,13.0,390.82000732421875
TSLA,TSLA,2026-05-22,0.049315068493150684,P,475.0,0.1950676893621993,83.65,85.4,91.8,0.5211229528808592,2.0,4.0,390.82000732421875
TSLA,TSLA,2026-05-22,0.049315068493150684,P,480.0,0.20553898922949468,88.5,90.35,141.62,0.5378464184570313,,0.0,390.82000732421875
TSLA,TSLA,2026-05-22,0.049315068493150684,P,485.0,0.21590177626504128,93.45,95.3,111.88,0.5539595385742189,5.0,7.0,390.82000732421875
TSLA,TSLA,2026-05-22,0.049315068493150684,P,495.0,0.2363106478962484,103.4,105.25,108.09,0.5893595751953126,6.0,1.0,390.82000732421875
TSLA,TSLA,2026-05-22,0.049315068493150684,P,500.0,0.24636098374974982,108.4,110.15,112.92,0.597782342529297,,0.0,390.82000732421875
TSLA,TSLA,2026-05-22,0.049315068493150684,P,505.0,0.2563113146029179,113.35,115.2,109.73,0.6225623681640625,,0.0,390.82000732421875
TSLA,TSLA,2026-05-22,0.049315068493150684,P,720.0,0.6110040973376591,328.3,330.15,331.8,0.8828136718749999,,0.0,390.82000732421875
TSLA,TSLA,2026-05-22,0.049315068493150684,P,730.0,0.624797419469995,338.3,340.15,341.78,0.9023447265625,,0.0,390.82000732421875
TSLA,TSLA,2026-05-22,0.049315068493150684,P,740.0,0.6384030715257736,348.3,350.15,348.29,0.9179695703125,,0.0,390.82000732421875
TSLA,TSLA,2026-06-12,0.10684931506849316,C,230.0,-0.5301678057492466,160.25,164.2,166.17,0.8974619628906249,2.0,,390.82000732421875
TSLA,TSLA,2026-06-12,0.10684931506849316,C,300.0,-0.2644646400162408,91.95,95.0,96.92,0.5799602551269532,2.0,,390.82000732421875
TSLA,TSLA,2026-06-12,0.10684931506849316,C,305.0,-0.24793533806503026,87.2,90.25,92.0,0.5646405841064455,1.0,1.0,390.82000732421875
TSLA,TSLA,2026-06-12,0.10684931506849316,C,310.0,-0.23167481719324995,82.55,85.35,85.36,0.547001600341797,3.0,0.0,390.82000732421875
TSLA,TSLA,2026-06-12,0.10684931506849316,C,325.0,-0.1844219323427044,68.85,71.35,74.1,0.5073291455078125,2.0,0.0,390.82000732421875
TSLA,TSLA,2026-06-12,0.10684931506849316,C,330.0,-0.16915446021191596,64.25,66.95,70.28,0.540592973022461,6.0,5.0,390.82000732421875
TSLA,TSLA,2026-06-12,0.10684931506849316,C,335.0,-0.15411658284737545,59.9,62.55,49.2,0.5268602001953125,,1.0,390.82000732421875
TSLA,TSLA,2026-06-12,0.10684931506849316,C,345.0,-0.1247026976410821,51.6,54.0,43.85,0.501103621826172,1.0,3.0,390.82000732421875
TSLA,TSLA,2026-06-12,0.10684931506849316,C,350.0,-0.1103139601889825,47.9,49.95,49.4,0.4910939562988281,10.0,11.0,390.82000732421875
TSLA,TSLA,2026-06-12,0.10684931506849316,C,355.0,-0.09612932519702606,43.6,46.15,34.66,0.48474636352539063,,3.0,390.82000732421875
TSLA,TSLA,2026-06-12,0.10684931506849316,C,360.0,-0.08214308322228618,39.9,42.45,41.83,0.4778799771118164,2.0,0.0,390.82000732421875
TSLA,TSLA,2026-06-12,0.10684931506849316,C,365.0,-0.06834976108995036,36.35,38.9,38.22,0.4715018670654296,8.0,13.0,390.82000732421875
TSLA,TSLA,2026-06-12,0.10684931506849316,C,370.0,-0.05474410903417173,33.55,34.8,35.01,0.4506890869140625,35.0,14.0,390.82000732421875
TSLA,TSLA,2026-06-12,0.10684931506849316,C,375.0,-0.04132108870203104,30.25,31.7,32.45,0.44824770507812495,7.0,32.0,390.82000732421875
TSLA,TSLA,2026-06-12,0.10684931506849316,C,380.0,-0.0280758619520104,27.3,28.65,27.97,0.44348701049804684,51.0,34.0,390.82000732421875
TSLA,TSLA,2026-06-12,0.10684931506849316,C,385.0,-0.01500378038465763,24.65,25.9,27.76,0.44135080139160154,468.0,455.0,390.82000732421875
TSLA,TSLA,2026-06-12,0.10684931506849316,C,390.0,-0.0021003755487497416,22.5,23.0,22.56,0.43305010314941406,509.0,28.0,390.82000732421875
TSLA,TSLA,2026-06-12,0.10684931506849316,C,395.0,0.010638650228679908,19.85,20.65,21.1,0.43201251586914063,63.0,14.0,390.82000732421875
TSLA,TSLA,2026-06-12,0.10684931506849316,C,400.0,0.023217432435540027,18.0,18.3,17.97,0.42770958038330087,300.0,37.0,390.82000732421875
TSLA,TSLA,2026-06-12,0.10684931506849316,C,405.0,0.035639952434097184,16.0,16.3,16.02,0.4268245794677735,37.0,22.0,390.82000732421875
TSLA,TSLA,2026-06-12,0.10684931506849316,C,410.0,0.047910045025911535,14.2,14.5,14.25,0.42664147583007817,110.0,86.0,390.82000732421875
TSLA,TSLA,2026-06-12,0.10684931506849316,C,415.0,0.06003140555825635,12.55,12.75,13.2,0.42426112854003906,73.0,8.0,390.82000732421875
TSLA,TSLA,2026-06-12,0.10684931506849316,C,420.0,0.07200759660497204,11.1,11.4,11.25,0.427038200378418,162.0,45.0,390.82000732421875
TSLA,TSLA,2026-06-12,0.10684931506849316,C,425.0,0.08384205425197488,9.8,10.0,10.23,0.4258480267333985,67.0,8.0,390.82000732421875
TSLA,TSLA,2026-06-12,0.10684931506849316,C,430.0,0.09553809401516616,8.6,8.9,8.6,0.4283504431152344,68.0,58.0,390.82000732421875
TSLA,TSLA,2026-06-12,0.10684931506849316,C,435.0,0.10709891641624215,7.6,7.85,10.0,0.4293880303955079,26.0,38.0,390.82000732421875
TSLA,TSLA,2026-06-12,0.10684931506849316,C,440.0,0.11852761223986491,6.7,6.9,6.98,0.4301204449462891,121.0,126.0,390.82000732421875
TSLA,TSLA,2026-06-12,0.10684931506849316,C,445.0,0.12982716749379827,5.9,6.1,6.15,0.43219561950683594,58.0,54.0,390.82000732421875
TSLA,TSLA,2026-06-12,0.10684931506849316,C,450.0,0.14100046809192351,5.2,5.4,5.25,0.4346370013427735,189.0,,390.82000732421875
TSLA,TSLA,2026-06-12,0.10684931506849316,C,455.0,0.1520503042785085,4.55,4.75,5.9,0.43622389953613283,39.0,,390.82000732421875
TSLA,TSLA,2026-06-12,0.10684931506849316,C,460.0,0.16297937481069874,4.0,4.2,4.1,0.4387263159179688,118.0,,390.82000732421875
TSLA,TSLA,2026-06-12,0.10684931506849316,C,465.0,0.17379029091491438,3.55,3.7,3.8,0.4407404559326171,26.0,,390.82000732421875
TSLA,TSLA,2026-06-12,0.10684931506849316,C,470.0,0.18448558003166235,3.15,3.3,3.21,0.44434149414062496,59.0,,390.82000732421875
TSLA,TSLA,2026-06-12,0.10684931506849316,C,475.0,0.1950676893621993,2.8,2.91,3.05,0.44653873779296877,84.0,,390.82000732421875
TSLA,TSLA,2026-06-12,0.10684931506849316,C,480.0,0.20553898922949468,2.49,2.58,2.71,0.44940736145019533,74.0,,390.82000732421875
TSLA,TSLA,2026-06-12,0.10684931506849316,C,485.0,0.21590177626504128,2.21,2.31,3.05,0.45325253784179687,43.0,,390.82000732421875
TSLA,TSLA,2026-06-12,0.10684931506849316,C,490.0,0.22615827643223038,1.97,2.07,2.09,0.45715874877929696,74.0,,390.82000732421875
TSLA,TSLA,2026-06-12,0.10684931506849316,C,495.0,0.2363106478962484,1.76,1.85,2.02,0.46057668334960944,6.0,,390.82000732421875
TSLA,TSLA,2026-06-12,0.10684931506849316,C,500.0,0.24636098374974982,1.59,1.68,1.83,0.46545944702148445,54.0,,390.82000732421875
TSLA,TSLA,2026-06-12,0.10684931506849316,C,505.0,0.2563113146029179,1.43,1.52,1.85,0.46985393432617195,2.0,,390.82000732421875
TSLA,TSLA,2026-06-12,0.10684931506849316,C,510.0,0.26616361104592956,1.3,1.38,1.63,0.47437049072265625,67.0,,390.82000732421875
TSLA,TSLA,2026-06-12,0.10684931506849316,C,515.0,0.27591978599129424,1.19,1.26,1.62,0.47937532348632805,17.0,,390.82000732421875
TSLA,TSLA,2026-06-12,0.10684931506849316,C,520.0,0.28558169690303115,1.08,1.16,1.47,0.4848684326171875,35.0,,390.82000732421875
TSLA,TSLA,2026-06-12,0.10684931506849316,C,525.0,0.29515114791918184,1.0,1.07,1.11,0.49023947265625006,26.0,,390.82000732421875
TSLA,TSLA,2026-06-12,0.10684931506849316,C,530.0,0.30462989187372563,0.93,0.99,1.09,0.4958546508789063,1.0,,390.82000732421875
TSLA,TSLA,2026-06-12,0.10684931506849316,C,535.0,0.31401963222356466,0.86,0.92,1.0,0.5014698291015626,4.0,,390.82000732421875
TSLA,TSLA,2026-06-12,0.10684931506849316,C,540.0,0.3233220248858782,0.8,0.87,0.96,0.5051319018554687,3.0,,390.82000732421875
TSLA,TSLA,2026-06-12,0.10684931506849316,C,545.0,0.33253867999080217,0.75,0.81,1.07,0.5107470800781251,3.0,,390.82000732421875
TSLA,TSLA,2026-06-12,0.10684931506849316,C,550.0,0.34167116355407473,0.71,0.76,0.95,0.5170946728515625,12.0,,390.82000732421875
TSLA,TSLA,2026-06-12,0.10684931506849316,C,555.0,0.3507209990739926,0.66,0.72,0.84,0.5229539892578124,1.0,,390.82000732421875
TSLA,TSLA,2026-06-12,0.10684931506849316,C,560.0,0.35968966905675304,0.63,0.68,0.85,0.5295457202148439,2.0,,390.82000732421875
TSLA,TSLA,2026-06-12,0.10684931506849316,C,565.0,0.36857861647399903,0.59,0.65,0.76,0.5358933129882812,1.0,,390.82000732421875
TSLA,TSLA,2026-06-12,0.10684931506849316,C,575.0,0.38612292612490856,0.54,0.59,0.75,0.549076774902344,1.0,,390.82000732421875
TSLA,TSLA,2026-06-12,0.10684931506849316,C,600.0,0.42868254054370447,0.42,0.48,0.59,0.5795940478515625,7.0,,390.82000732421875
TSLA,TSLA,2026-06-12,0.10684931506849316,C,610.0,0.445211842494915,0.39,0.44,0.52,0.5918009570312501,4.0,,390.82000732421875
TSLA,TSLA,2026-06-12,0.10684931506849316,C,700.0,0.5828332203709629,0.2,0.25,0.25,0.6894562304687502,55.0,,390.82000732421875
TSLA,TSLA,2026-06-12,0.10684931506849316,C,740.0,0.6384030715257736,0.15,0.2,0.21,0.725588681640625,1.0,,390.82000732421875
TSLA,TSLA,2026-06-12,0.10684931506849316,P,210.0,-0.6211395839549733,0.2,0.29,0.23,0.7919942675781251,6.0,,390.82000732421875
TSLA,TSLA,2026-06-12,0.10684931506849316,P,240.0,-0.48760819133045064,0.37,0.43,0.41,0.6792024267578126,1.0,,390.82000732421875
TSLA,TSLA,2026-06-12,0.10684931506849316,P,250.0,-0.4467861968101955,0.44,0.5,0.46,0.6435582519531251,6.0,,390.82000732421875
TSLA,TSLA,2026-06-12,0.10684931506849316,P,255.0,-0.4269835695140158,0.47,0.54,0.54,0.6250037500000001,1.0,,390.82000732421875
TSLA,TSLA,2026-06-12,0.10684931506849316,P,260.0,-0.4075654836569142,0.53,0.58,0.58,0.6088906298828126,4.0,,390.82000732421875
TSLA,TSLA,2026-06-12,0.10684931506849316,P,265.0,-0.3885172886862197,0.57,0.64,0.58,0.5922892333984376,3.0,,390.82000732421875
TSLA,TSLA,2026-06-12,0.10684931506849316,P,270.0,-0.36982515567406715,0.62,0.7,0.62,0.5756878369140624,4.0,,390.82000732421875
TSLA,TSLA,2026-06-12,0.10684931506849316,P,275.0,-0.3514760170058706,0.7,0.76,0.66,0.5603071313476562,2.0,,390.82000732421875
TSLA,TSLA,2026-06-12,0.10684931506849316,P,280.0,-0.3334575115031923,0.77,0.84,0.94,0.5449264257812501,1.0,,390.82000732421875
TSLA,TSLA,2026-06-12,0.10684931506849316,P,285.0,-0.31575793440379135,0.86,0.94,0.89,0.5307664111328125,38.0,,390.82000732421875
TSLA,TSLA,2026-06-12,0.10684931506849316,P,290.0,-0.2983661916919222,0.97,1.05,1.03,0.5170946728515625,28.0,,390.82000732421875
TSLA,TSLA,2026-06-12,0.10684931506849316,P,295.0,-0.2812717583326221,1.11,1.18,1.15,0.5046436254882812,48.0,,390.82000732421875
TSLA,TSLA,2026-06-12,0.10684931506849316,P,300.0,-0.2644646400162408,1.26,1.34,1.35,0.4953663745117188,11.0,,390.82000732421875
TSLA,TSLA,2026-06-12,0.10684931506849316,P,305.0,-0.24793533806503026,1.47,1.55,1.5,0.48511257080078124,13.0,3.0,390.82000732421875
TSLA,TSLA,2026-06-12,0.10684931506849316,P,310.0,-0.23167481719324995,1.7,1.78,1.65,0.4742484216308594,7.0,5.0,390.82000732421875
TSLA,TSLA,2026-06-12,0.10684931506849316,P,315.0,-0.21567447584680882,1.98,2.09,2.0,0.46594772338867196,9.0,3.0,390.82000732421875
TSLA,TSLA,2026-06-12,0.10684931506849316,P,320.0,-0.19992611887866965,2.33,2.44,2.44,0.4573418524169922,78.0,12.0,390.82000732421875
TSLA,TSLA,2026-06-12,0.10684931506849316,P,325.0,-0.1844219323427044,2.74,2.86,2.81,0.44946839599609373,21.0,28.0,390.82000732421875
TSLA,TSLA,2026-06-12,0.10684931506849316,P,330.0,-0.16915446021191596,3.2,3.4,3.39,0.4439142523193359,125.0,21.0,390.82000732421875
TSLA,TSLA,2026-06-12,0.10684931506849316,P,335.0,-0.15411658284737545,3.8,4.0,3.89,0.437505625,79.0,14.0,390.82000732421875
TSLA,TSLA,2026-06-12,0.10684931506849316,P,340.0,-0.1393014970622348,4.45,4.7,4.46,0.4315242395019532,98.0,32.0,390.82000732421875
TSLA,TSLA,2026-06-12,0.10684931506849316,P,345.0,-0.1247026976410821,5.3,5.5,5.14,0.4254818194580079,53.0,33.0,390.82000732421875
TSLA,TSLA,2026-06-12,0.10684931506849316,P,350.0,-0.1103139601889825,6.25,6.45,6.35,0.4205380212402344,71.0,34.0,390.82000732421875
TSLA,TSLA,2026-06-12,0.10684931506849316,P,355.0,-0.09612932519702606,7.3,7.55,7.2,0.41620456848144527,57.0,20.0,390.82000732421875
TSLA,TSLA,2026-06-12,0.10684931506849316,P,360.0,-0.08214308322228618,8.6,8.85,8.65,0.4132749102783203,710.0,13.0,390.82000732421875
TSLA,TSLA,2026-06-12,0.10684931506849316,P,365.0,-0.06834976108995036,10.0,10.3,10.15,0.4101621484375,171.0,9.0,390.82000732421875
TSLA,TSLA,2026-06-12,0.10684931506849316,P,370.0,-0.05474410903417173,11.65,11.9,11.75,0.40668317932128906,74.0,3.0,390.82000732421875
TSLA,TSLA,2026-06-12,0.10684931506849316,P,375.0,-0.04132108870203104,13.45,13.7,13.52,0.40381455566406255,46.0,30.0,390.82000732421875
TSLA,TSLA,2026-06-12,0.10684931506849316,P,380.0,-0.0280758619520104,15.45,15.75,15.52,0.40228869201660156,38.0,15.0,390.82000732421875
TSLA,TSLA,2026-06-12,0.10684931506849316,P,385.0,-0.01500378038465763,17.65,18.0,17.56,0.4010069665527344,69.0,10.0,390.82000732421875
TSLA,TSLA,2026-06-12,0.10684931506849316,P,390.0,-0.0021003755487497416,20.05,20.4,19.85,0.39893179199218753,75.0,1.0,390.82000732421875
TSLA,TSLA,2026-06-12,0.10684931506849316,P,395.0,0.010638650228679908,22.65,23.05,22.8,0.3980467910766602,83.0,1.0,390.82000732421875
TSLA,TSLA,2026-06-12,0.10684931506849316,P,400.0,0.023217432435540027,25.1,26.55,25.7,0.40991801025390623,13.0,3.0,390.82000732421875
TSLA,TSLA,2026-06-12,0.10684931506849316,P,405.0,0.035639952434097184,28.05,29.2,33.52,0.4019835192871094,1.0,2.0,390.82000732421875
TSLA,TSLA,2026-06-12,0.10684931506849316,P,410.0,0.047910045025911535,31.35,32.7,37.71,0.40726300750732425,,18.0,390.82000732421875
TSLA,TSLA,2026-06-12,0.10684931506849316,P,415.0,0.06003140555825635,34.15,36.4,32.02,0.41354956573486323,1.0,0.0,390.82000732421875
TSLA,TSLA,2026-06-12,0.10684931506849316,P,420.0,0.07200759660497204,37.7,40.0,52.22,0.4149228430175781,,1.0,390.82000732421875
TSLA,TSLA,2026-06-12,0.10684931506849316,P,425.0,0.08384205425197488,41.75,43.6,40.33,0.4131833584594726,2.0,5.0,390.82000732421875
TSLA,TSLA,2026-06-12,0.10684931506849316,P,430.0,0.09553809401516616,44.75,47.9,44.5,0.42435268035888674,2.0,0.0,390.82000732421875
TSLA,TSLA,2026-06-12,0.10684931506849316,P,435.0,0.10709891641624215,48.75,51.85,49.5,0.42517664672851563,8.0,2.0,390.82000732421875
TSLA,TSLA,2026-06-12,0.10684931506849316,P,440.0,0.11852761223986491,53.1,55.95,61.44,0.42694664855957043,,2.0,390.82000732421875
TSLA,TSLA,2026-06-12,0.10684931506849316,P,445.0,0.12982716749379827,57.15,60.15,59.95,0.4288387194824219,4.0,2.0,390.82000732421875
TSLA,TSLA,2026-06-12,0.10684931506849316,P,490.0,0.22615827643223038,98.35,101.7,101.5,0.4791922198486328,2.0,,390.82000732421875
TSLA,TSLA,2026-09-18,0.37534246575342467,C,5.0,-4.358809202238342,384.15,387.9,391.0,3.05468986328125,1.0,1847.0,390.82000732421875
TSLA,TSLA,2026-09-18,0.37534246575342467,C,10.0,-3.665662021678396,378.35,384.9,364.27,3.042971142578125,20.0,13.0,390.82000732421875
TSLA,TSLA,2026-09-18,0.37534246575342467,C,40.0,-2.2793676605585054,360.0,367.05,395.2,3.3688980621337885,7.0,5.0,390.82000732421875
TSLA,TSLA,2026-09-18,0.37534246575342467,C,60.0,-1.8739025524503412,329.1,335.8,302.0,1.6176776928710939,1.0,32.0,390.82000732421875
TSLA,TSLA,2026-09-18,0.37534246575342467,C,80.0,-1.5862204799985602,321.3,323.85,309.98,2.166630559997558,1.0,20.0,390.82000732421875
TSLA,TSLA,2026-09-18,0.37534246575342467,C,90.0,-1.4684374443421768,299.7,306.4,271.9,1.3425325842285152,1.0,30.0,390.82000732421875
TSLA,TSLA,2026-09-18,0.37534246575342467,C,100.0,-1.3630769286843505,290.0,296.5,282.0,1.2697790417480466,1.0,181.0,390.82000732421875
TSLA,TSLA,2026-09-18,0.37534246575342467,C,110.0,-1.2677667488800257,280.1,286.55,244.9,1.1918985717773438,106.0,91.0,390.82000732421875
TSLA,TSLA,2026-09-18,0.37534246575342467,C,115.0,-1.2233149863091919,275.25,281.65,289.69,1.1633342614746094,2.0,135.0,390.82000732421875
TSLA,TSLA,2026-09-18,0.37534246575342467,C,120.0,-1.180755371890396,270.35,276.75,235.2,1.1335492541503909,154.0,151.0,390.82000732421875
TSLA,TSLA,2026-09-18,0.37534246575342467,C,125.0,-1.1399333773701408,265.55,271.8,230.6,1.1069380590820312,106.0,224.0,390.82000732421875
TSLA,TSLA,2026-09-18,0.37534246575342467,C,130.0,-1.1007126642168594,260.65,267.0,220.4,1.0827682580566407,2.0,307.0,390.82000732421875
TSLA,TSLA,2026-09-18,0.37534246575342467,C,135.0,-1.0629723362340124,255.8,262.1,215.3,1.0573777600097656,5.0,138.0,390.82000732421875
TSLA,TSLA,2026-09-18,0.37534246575342467,C,140.0,-1.0266046920631375,250.9,257.2,256.85,1.0308886346435548,1.0,103.0,390.82000732421875
TSLA,TSLA,2026-09-18,0.37534246575342467,C,145.0,-0.9915133722518675,246.0,252.3,221.35,1.0051319274902344,2.0,226.0,390.82000732421875
TSLA,TSLA,2026-09-18,0.37534246575342467,C,150.0,-0.9576118205761861,241.15,247.35,231.9,0.9802248071289064,1.0,92.0,390.82000732421875
TSLA,TSLA,2026-09-18,0.37534246575342467,C,155.0,-0.9248219977531953,236.3,242.55,198.7,0.9602054760742187,2.0,113.0,390.82000732421875
TSLA,TSLA,2026-09-18,0.37534246575342467,C,160.0,-0.8930732994386149,231.4,237.65,238.5,0.936402003173828,2.0,138.0,390.82000732421875
TSLA,TSLA,2026-09-18,0.37534246575342467,C,165.0,-0.8623016407718612,226.55,232.75,184.45,0.9143074975585939,20.0,183.0,390.82000732421875
TSLA,TSLA,2026-09-18,0.37534246575342467,C,170.0,-0.8324486776221801,221.6,227.9,180.4,0.891480577392578,1.0,71.0,390.82000732421875
TSLA,TSLA,2026-09-18,0.37534246575342467,C,175.0,-0.8034611407489278,216.85,222.95,191.95,0.8715833154296875,2.0,126.0,390.82000732421875
TSLA,TSLA,2026-09-18,0.37534246575342467,C,180.0,-0.7752902637822315,212.0,218.15,191.28,0.8531508825683594,1.0,263.0,390.82000732421875
TSLA,TSLA,2026-09-18,0.37534246575342467,C,185.0,-0.747891289594117,207.15,213.25,182.55,0.8326432751464843,24.0,56.0,390.82000732421875
TSLA,TSLA,2026-09-18,0.37534246575342467,C,190.0,-0.7212230425119557,202.35,208.4,205.65,0.8146380841064453,2.0,124.0,390.82000732421875
TSLA,TSLA,2026-09-18,0.37534246575342467,C,195.0,-0.695247556108695,197.55,203.55,203.96,0.7967549621582031,1.0,90.0,390.82000732421875
TSLA,TSLA,2026-09-18,0.37534246575342467,C,200.0,-0.6699297481244053,192.7,198.55,196.93,0.7750266638183594,1.0,222.0,390.82000732421875
TSLA,TSLA,2026-09-18,0.37534246575342467,C,210.0,-0.6211395839549733,183.1,188.9,173.27,0.7412745599365234,2.0,167.0,390.82000732421875
TSLA,TSLA,2026-09-18,0.37534246575342467,C,220.0,-0.5746195683200804,173.6,179.2,167.53,0.7086210778808593,8.0,172.0,390.82000732421875
TSLA,TSLA,2026-09-18,0.37534246575342467,C,230.0,-0.5301678057492466,164.4,169.55,149.74,0.6815827740478517,1.0,222.0,390.82000732421875
TSLA,TSLA,2026-09-18,0.37534246575342467,C,240.0,-0.48760819133045064,155.3,159.9,158.37,0.6552768847656252,2.0,215.0,390.82000732421875
TSLA,TSLA,2026-09-18,0.37534246575342467,C,250.0,-0.4467861968101955,147.75,149.2,151.63,0.6346472082519532,5.0,621.0,390.82000732421875
TSLA,TSLA,2026-09-18,0.37534246575342467,C,260.0,-0.4075654836569142,137.7,140.85,119.43,0.610599597167969,3.0,307.0,390.82000732421875
TSLA,TSLA,2026-09-18,0.37534246575342467,C,270.0,-0.36982515567406715,128.8,131.85,114.09,0.5907633697509767,1.0,473.0,390.82000732421875
TSLA,TSLA,2026-09-18,0.37534246575342467,C,280.0,-0.3334575115031923,120.05,122.45,126.53,0.566685241394043,7.0,298.0,390.82000732421875
TSLA,TSLA,2026-09-18,0.37534246575342467,C,290.0,-0.2983661916919222,112.0,113.9,116.67,0.5554243676757813,2.0,781.0,390.82000732421875
TSLA,TSLA,2026-09-18,0.37534246575342467,C,300.0,-0.2644646400162408,104.1,105.45,103.9,0.5430953894042969,4.0,1214.0,390.82000732421875
TSLA,TSLA,2026-09-18,0.37534246575342467,C,310.0,-0.23167481719324995,95.55,98.1,98.2,0.5312241702270508,2.0,408.0,390.82000732421875
TSLA,TSLA,2026-09-18,0.37534246575342467,C,320.0,-0.19992611887866965,88.0,90.4,92.05,0.520939849243164,1.0,450.0,390.82000732421875
TSLA,TSLA,2026-09-18,0.37534246575342467,C,330.0,-0.16915446021191596,81.45,82.35,83.71,0.5117236328125,11.0,1031.0,390.82000732421875
TSLA,TSLA,2026-09-18,0.37534246575342467,C,340.0,-0.1393014970622348,73.85,76.1,75.0,0.5038501763916017,22.0,705.0,390.82000732421875
TSLA,TSLA,2026-09-18,0.37534246575342467,C,345.0,-0.1247026976410821,70.55,72.75,75.0,0.5002796554565431,10.0,112.0,390.82000732421875
TSLA,TSLA,2026-09-18,0.37534246575342467,C,350.0,-0.1103139601889825,67.9,68.75,68.59,0.5008442250061036,43.0,2104.0,390.82000732421875
TSLA,TSLA,2026-09-18,0.37534246575342467,C,355.0,-0.09612932519702606,64.25,66.4,66.28,0.5067035414123535,3.0,342.0,390.82000732421875
TSLA,TSLA,2026-09-18,0.37534246575342467,C,360.0,-0.08214308322228618,61.5,62.7,64.1,0.49597671997070314,37.0,579.0,390.82000732421875
TSLA,TSLA,2026-09-18,0.37534246575342467,C,365.0,-0.06834976108995036,58.75,59.95,61.1,0.49525956405639654,5.0,351.0,390.82000732421875
TSLA,TSLA,2026-09-18,0.37534246575342467,C,370.0,-0.05474410903417173,56.05,57.1,59.65,0.4924824922180176,139.0,2347.0,390.82000732421875
TSLA,TSLA,2026-09-18,0.37534246575342467,C,375.0,-0.04132108870203104,53.5,54.4,54.78,0.4904530935668946,68.0,509.0,390.82000732421875
TSLA,TSLA,2026-09-18,0.37534246575342467,C,380.0,-0.0280758619520104,50.65,51.8,51.84,0.4885915399169922,105.0,2991.0,390.82000732421875
TSLA,TSLA,2026-09-18,0.37534246575342467,C,385.0,-0.01500378038465763,48.15,49.2,51.87,0.4858449853515625,64.0,581.0,390.82000732421875
TSLA,TSLA,2026-09-18,0.37534246575342467,C,390.0,-0.0021003755487497416,46.05,46.65,46.0,0.48279325805664064,115.0,1750.0,390.82000732421875
TSLA,TSLA,2026-09-18,0.37534246575342467,C,395.0,0.010638650228679908,43.9,44.25,44.2,0.48044342803955076,186.0,830.0,390.82000732421875
TSLA,TSLA,2026-09-18,0.37534246575342467,C,400.0,0.023217432435540027,41.7,42.1,41.95,0.47986359985351557,800.0,5529.0,390.82000732421875
TSLA,TSLA,2026-09-18,0.37534246575342467,C,405.0,0.035639952434097184,39.6,40.05,42.66,0.4794516166687011,21.0,732.0,390.82000732421875
TSLA,TSLA,2026-09-18,0.37534246575342467,C,410.0,0.047910045025911535,37.65,37.9,37.95,0.4771780798339844,177.0,2424.0,390.82000732421875
TSLA,TSLA,2026-09-18,0.37534246575342467,C,415.0,0.06003140555825635,35.65,36.1,37.72,0.4777273907470704,31.0,783.0,390.82000732421875
TSLA,TSLA,2026-09-18,0.37534246575342467,C,420.0,0.07200759660497204,33.85,34.2,36.36,0.4764456652832031,137.0,3380.0,390.82000732421875
TSLA,TSLA,2026-09-18,0.37534246575342467,C,425.0,0.08384205425197488,32.05,32.5,34.05,0.4764456652832031,26.0,931.0,390.82000732421875
TSLA,TSLA,2026-09-18,0.37534246575342467,C,430.0,0.09553809401516616,30.45,30.75,30.96,0.4751639398193359,124.0,2768.0,390.82000732421875
TSLA,TSLA,2026-09-18,0.37534246575342467,C,435.0,0.10709891641624215,28.85,29.2,31.05,0.47522497436523436,23.0,989.0,390.82000732421875
TSLA,TSLA,2026-09-18,0.37534246575342467,C,440.0,0.11852761223986491,27.35,27.75,28.4,0.4756369575500488,72.0,3608.0,390.82000732421875
TSLA,TSLA,2026-09-18,0.37534246575342467,C,445.0,0.12982716749379827,25.95,26.4,28.9,0.47641514801025386,4.0,323.0,390.82000732421875
TSLA,TSLA,2026-09-18,0.37534246575342467,C,450.0,0.14100046809192351,24.6,24.9,24.74,0.47487402572631837,512.0,4732.0,390.82000732421875
TSLA,TSLA,2026-09-18,0.37534246575342467,C,455.0,0.1520503042785085,23.05,23.8,25.3,0.4770407521057129,11.0,519.0,390.82000732421875
TSLA,TSLA,2026-09-18,0.37534246575342467,C,460.0,0.16297937481069874,22.1,22.4,24.07,0.47520971572875975,168.0,3365.0,390.82000732421875
TSLA,TSLA,2026-09-18,0.37534246575342467,C,465.0,0.17379029091491438,20.9,21.3,22.0,0.4761099752807617,11.0,1141.0,390.82000732421875
TSLA,TSLA,2026-09-18,0.37534246575342467,C,470.0,0.18448558003166235,19.85,20.15,20.98,0.47580480255126956,15.0,4591.0,390.82000732421875
TSLA,TSLA,2026-09-18,0.37534246575342467,C,475.0,0.1950676893621993,18.8,19.05,19.35,0.47543859527587884,134.0,1537.0,390.82000732421875
TSLA,TSLA,2026-09-18,0.37534246575342467,C,480.0,0.20553898922949468,17.9,18.15,18.4,0.4768423898315429,21.0,2586.0,390.82000732421875
TSLA,TSLA,2026-09-18,0.37534246575342467,C,485.0,0.21590177626504128,16.8,17.35,18.25,0.478948081665039,3.0,467.0,390.82000732421875
TSLA,TSLA,2026-09-18,0.37534246575342467,C,490.0,0.22615827643223038,16.1,16.35,17.75,0.47803256347656253,46.0,1644.0,390.82000732421875
TSLA,TSLA,2026-09-18,0.37534246575342467,C,495.0,0.2363106478962484,15.0,15.5,16.4,0.47839877075195314,17.0,839.0,390.82000732421875
TSLA,TSLA,2026-09-18,0.37534246575342467,C,500.0,0.24636098374974982,14.45,14.7,14.65,0.4788870471191406,1325.0,7877.0,390.82000732421875
TSLA,TSLA,2026-09-18,0.37534246575342467,C,505.0,0.2563113146029179,13.55,14.0,15.1,0.48016877258300783,36.0,791.0,390.82000732421875
TSLA,TSLA,2026-09-18,0.37534246575342467,C,510.0,0.26616361104592956,13.05,13.3,13.15,0.4809622216796875,284.0,1353.0,390.82000732421875
TSLA,TSLA,2026-09-18,0.37534246575342467,C,515.0,0.27591978599129424,12.4,12.6,12.5,0.48126739440917965,223.0,543.0,390.82000732421875
TSLA,TSLA,2026-09-18,0.37534246575342467,C,520.0,0.28558169690303115,11.75,12.0,13.4,0.4824880853271485,32.0,1429.0,390.82000732421875
TSLA,TSLA,2026-09-18,0.37534246575342467,C,525.0,0.29515114791918184,11.1,11.45,12.62,0.4840139489746094,84.0,647.0,390.82000732421875
TSLA,TSLA,2026-09-18,0.37534246575342467,C,530.0,0.30462989187372563,10.6,10.9,11.93,0.48511257080078124,237.0,1391.0,390.82000732421875
TSLA,TSLA,2026-09-18,0.37534246575342467,C,535.0,0.31401963222356466,10.05,10.35,11.2,0.48575343353271483,469.0,595.0,390.82000732421875
TSLA,TSLA,2026-09-18,0.37534246575342467,C,540.0,0.3233220248858782,9.6,9.85,9.74,0.4867605035400391,662.0,1557.0,390.82000732421875
TSLA,TSLA,2026-09-18,0.37534246575342467,C,545.0,0.33253867999080217,9.2,9.4,10.36,0.48816429809570316,72.0,155.0,390.82000732421875
TSLA,TSLA,2026-09-18,0.37534246575342467,C,550.0,0.34167116355407473,8.7,8.95,8.88,0.48920188537597664,321.0,4786.0,390.82000732421875
TSLA,TSLA,2026-09-18,0.37534246575342467,C,560.0,0.35968966905675304,7.75,8.3,8.0,0.49445085632324226,16.0,1003.0,390.82000732421875
TSLA,TSLA,2026-09-18,0.37534246575342467,C,570.0,0.37738924615615393,7.2,7.45,8.25,0.49481706359863287,35.0,1223.0,390.82000732421875
TSLA,TSLA,2026-09-18,0.37534246575342467,C,580.0,0.39478098886802315,6.55,6.8,7.65,0.4974415490722657,53.0,1611.0,390.82000732421875
TSLA,TSLA,2026-09-18,0.37534246575342467,C,590.0,0.41187542222732326,5.85,6.35,7.03,0.5028736236572267,6.0,738.0,390.82000732421875
TSLA,TSLA,2026-09-18,0.37534246575342467,C,600.0,0.42868254054370447,5.5,5.7,5.59,0.5007984490966797,541.0,6932.0,390.82000732421875
TSLA,TSLA,2026-09-18,0.37534246575342467,C,610.0,0.445211842494915,5.0,5.3,5.8,0.5039722454833984,22.0,662.0,390.82000732421875
TSLA,TSLA,2026-09-18,0.37534246575342467,C,620.0,0.46147236336669534,4.6,4.85,5.3,0.5067188000488281,598.0,2074.0,390.82000732421875
TSLA,TSLA,2026-09-18,0.37534246575342467,C,630.0,0.4774727047131365,4.25,4.45,4.8,0.5096484582519532,1548.0,1942.0,390.82000732421875
TSLA,TSLA,2026-09-18,0.37534246575342467,C,640.0,0.49322106168127566,3.85,4.25,4.55,0.5137377728271484,1.0,433.0,390.82000732421875
TSLA,TSLA,2026-09-18,0.37534246575342467,C,650.0,0.508725248217241,3.65,3.85,4.24,0.5169726037597657,11.0,940.0,390.82000732421875
TSLA,TSLA,2026-09-18,0.37534246575342467,C,660.0,0.5239927203480294,3.35,3.65,3.82,0.5208788146972656,1.0,731.0,390.82000732421875
TSLA,TSLA,2026-09-18,0.37534246575342467,C,670.0,0.5390305977125699,3.0,3.4,3.2,0.5224657128906249,63.0,573.0,390.82000732421875
TSLA,TSLA,2026-09-18,0.37534246575342467,C,680.0,0.5538456834977105,2.85,3.2,3.27,0.5273484765625001,2.0,591.0,390.82000732421875
TSLA,TSLA,2026-09-18,0.37534246575342467,C,690.0,0.5684444829188632,2.66,2.96,1.94,0.5302781347656251,4.0,929.0,390.82000732421875
TSLA,TSLA,2026-09-18,0.37534246575342467,C,700.0,0.5828332203709629,2.52,2.66,2.65,0.5322922747802734,51.0,5738.0,390.82000732421875
TSLA,TSLA,2026-09-18,0.37534246575342467,C,710.0,0.5970178553629193,2.33,2.52,2.15,0.5357102093505859,10.0,4327.0,390.82000732421875
TSLA,TSLA,2026-09-18,0.37534246575342467,C,720.0,0.6110040973376591,2.09,2.45,1.9,0.5389450402832032,1.0,667.0,390.82000732421875
TSLA,TSLA,2026-09-18,0.37534246575342467,C,730.0,0.624797419469995,2.04,2.31,1.54,0.5443160803222657,1.0,759.0,390.82000732421875
TSLA,TSLA,2026-09-18,0.37534246575342467,C,740.0,0.6384030715257736,1.83,2.18,1.75,0.5457809094238282,39.0,868.0,390.82000732421875
TSLA,TSLA,2026-09-18,0.37534246575342467,C,750.0,0.6518260918579143,1.82,1.95,1.96,0.549076774902344,189.0,4935.0,390.82000732421875
TSLA,TSLA,2026-09-18,0.37534246575342467,C,760.0,0.6650713186079349,1.73,1.86,1.96,0.5532881585693359,198.0,975.0,390.82000732421875
TSLA,TSLA,2026-09-18,0.37534246575342467,C,770.0,0.6781434001752876,1.63,1.77,1.87,0.5568891967773439,1.0,257.0,390.82000732421875
TSLA,TSLA,2026-09-18,0.37534246575342467,C,780.0,0.6910468050111955,1.46,1.75,1.8,0.5600629931640625,2.0,437.0,390.82000732421875
TSLA,TSLA,2026-09-18,0.37534246575342467,C,790.0,0.7037858307886252,1.42,1.68,1.27,0.5651898950195313,1.0,306.0,390.82000732421875
TSLA,TSLA,2026-09-18,0.37534246575342467,C,800.0,0.7163646129954854,1.37,1.49,1.5,0.5661664477539063,180.0,6940.0,390.82000732421875
TSLA,TSLA,2026-09-18,0.37534246575342467,C,810.0,0.7287871329940425,1.32,1.43,1.42,0.5705609350585938,1.0,834.0,390.82000732421875
TSLA,TSLA,2026-09-18,0.37534246575342467,C,820.0,0.7410572255858568,1.17,1.45,1.45,0.5739788696289063,1.0,643.0,390.82000732421875
TSLA,TSLA,2026-09-18,0.37534246575342467,C,830.0,0.7531785861182017,1.09,1.39,0.98,0.5769085278320312,1.0,568.0,390.82000732421875
TSLA,TSLA,2026-09-18,0.37534246575342467,C,840.0,0.7651547771649173,1.04,1.33,1.05,0.5803264624023439,1.0,512.0,390.82000732421875
TSLA,TSLA,2026-09-18,0.37534246575342467,C,850.0,0.7769892348119202,1.09,1.17,1.12,0.5836223278808592,68.0,1987.0,390.82000732421875
TSLA,TSLA,2026-09-18,0.37534246575342467,C,860.0,0.7886852745751115,1.04,1.15,1.06,0.5881388842773438,6.0,2541.0,390.82000732421875
TSLA,TSLA,2026-09-18,0.37534246575342467,C,870.0,0.8002460969761874,0.91,1.17,0.95,0.5908244042968751,4.0,310.0,390.82000732421875
TSLA,TSLA,2026-09-18,0.37534246575342467,C,880.0,0.8116747927998103,0.93,1.06,1.09,0.5939982006835938,40.0,860.0,390.82000732421875
TSLA,TSLA,2026-09-18,0.37534246575342467,C,890.0,0.8229743480537436,0.82,1.08,1.0,0.5969278588867188,1.0,490.0,390.82000732421875
TSLA,TSLA,2026-09-18,0.37534246575342467,C,900.0,0.8341476486518689,0.85,0.93,0.95,0.5982706188964844,15.0,6104.0,390.82000732421875
TSLA,TSLA,2026-09-18,0.37534246575342467,C,910.0,0.8451974848384538,0.83,1.01,1.25,0.6074258007812501,11.0,242.0,390.82000732421875
TSLA,TSLA,2026-09-18,0.37534246575342467,C,920.0,0.8561265553706441,0.8,0.86,0.93,0.6054726953125001,3.0,1048.0,390.82000732421875
TSLA,TSLA,2026-09-18,0.37534246575342467,C,930.0,0.8669374714748597,0.76,0.88,0.94,0.6108437353515627,1.0,1226.0,390.82000732421875
TSLA,TSLA,2026-09-18,0.37534246575342467,C,940.0,0.8776327605916077,0.74,0.81,0.85,0.6125527026367189,1003.0,10903.0,390.82000732421875
TSLA,TSLA,2026-09-18,0.37534246575342467,C,950.0,0.8882148699221446,0.69,0.79,0.77,0.6149940844726562,5.0,297.0,390.82000732421875
TSLA,TSLA,2026-09-18,0.37534246575342467,C,960.0,0.89868616978944,0.64,0.78,0.73,0.6176796044921876,7.0,570.0,390.82000732421875
TSLA,TSLA,2026-09-18,0.37534246575342467,C,970.0,0.9090489568249865,0.6,0.83,0.7,0.624027197265625,1.0,412.0,390.82000732421875
TSLA,TSLA,2026-09-18,0.37534246575342467,C,980.0,0.9193054569921757,0.59,0.81,0.65,0.6281775463867189,21.0,268.0,390.82000732421875
TSLA,TSLA,2026-09-18,0.37534246575342467,C,990.0,0.9294578284561937,0.61,0.67,0.64,0.6269568554687501,37.0,13283.0,390.82000732421875
TSLA,TSLA,2026-09-18,0.37534246575342467,P,5.0,-4.358809202238342,0.0,0.01,0.01,2.1250046874999997,10.0,1090.0,390.82000732421875
TSLA,TSLA,2026-09-18,0.37534246575342467,P,10.0,-3.665662021678396,0.0,0.22,0.01,2.2968792578125,1.0,910.0,390.82000732421875
TSLA,TSLA,2026-09-18,0.37534246575342467,P,15.0,-3.260196913570232,0.0,0.12,0.07,1.890625546875,2.0,867.0,390.82000732421875
TSLA,TSLA,2026-09-18,0.37534246575342467,P,20.0,-2.9725148411184508,0.0,0.23,0.02,1.8281258593749998,1.0,2874.0,390.82000732421875
TSLA,TSLA,2026-09-18,0.37534246575342467,P,25.0,-2.749371289804241,0.0,0.24,0.05,1.69140779296875,200.0,5082.0,390.82000732421875
TSLA,TSLA,2026-09-18,0.37534246575342467,P,30.0,-2.5670497330102866,0.0,0.25,0.09,1.5781271093749998,40.0,739.0,390.82000732421875
TSLA,TSLA,2026-09-18,0.37534246575342467,P,35.0,-2.412899053183028,0.01,0.06,0.03,1.3085972070312497,24.0,1402.0,390.82000732421875
TSLA,TSLA,2026-09-18,0.37534246575342467,P,40.0,-2.2793676605585054,0.0,0.07,0.11,1.2343788281249999,20.0,839.0,390.82000732421875
TSLA,TSLA,2026-09-18,0.37534246575342467,P,45.0,-2.161584624902122,0.0,0.05,0.03,1.1328168359375002,1.0,176.0,390.82000732421875
TSLA,TSLA,2026-09-18,0.37534246575342467,P,50.0,-2.056224109244296,0.01,0.1,0.08,1.15625421875,2.0,925.0,390.82000732421875
TSLA,TSLA,2026-09-18,0.37534246575342467,P,60.0,-1.8739025524503412,0.03,0.25,0.23,1.15625421875,2.0,227.0,390.82000732421875
TSLA,TSLA,2026-09-18,0.37534246575342467,P,70.0,-1.719751872623083,0.08,0.22,0.14,1.0703171484375003,1.0,478.0,390.82000732421875
TSLA,TSLA,2026-09-18,0.37534246575342467,P,80.0,-1.5862204799985602,0.13,0.27,0.24,1.01953615234375,1.0,591.0,390.82000732421875
TSLA,TSLA,2026-09-18,0.37534246575342467,P,90.0,-1.4684374443421768,0.23,0.25,0.16,0.9648441015625,1.0,3397.0,390.82000732421875
TSLA,TSLA,2026-09-18,0.37534246575342467,P,100.0,-1.3630769286843505,0.26,0.27,0.26,0.9082040429687499,2347.0,854.0,390.82000732421875
TSLA,TSLA,2026-09-18,0.37534246575342467,P,110.0,-1.2677667488800257,0.31,0.45,0.36,0.885743330078125,51.0,509.0,390.82000732421875
TSLA,TSLA,2026-09-18,0.37534246575342467,P,115.0,-1.2233149863091919,0.35,0.49,0.53,0.867188828125,2.0,291.0,390.82000732421875
TSLA,TSLA,2026-09-18,0.37534246575342467,P,120.0,-1.180755371890396,0.41,0.49,0.48,0.8461929443359374,2.0,1764.0,390.82000732421875
TSLA,TSLA,2026-09-18,0.37534246575342467,P,125.0,-1.1399333773701408,0.42,0.57,0.5,0.8286149951171874,1.0,196.0,390.82000732421875
TSLA,TSLA,2026-09-18,0.37534246575342467,P,130.0,-1.1007126642168594,0.45,0.62,0.53,0.8103046313476561,110.0,459.0,390.82000732421875
TSLA,TSLA,2026-09-18,0.37534246575342467,P,135.0,-1.0629723362340124,0.48,0.67,0.69,0.7919942675781251,4.0,162.0,390.82000732421875
TSLA,TSLA,2026-09-18,0.37534246575342467,P,140.0,-1.0266046920631375,0.52,0.69,0.6,0.7719749365234375,2.0,486.0,390.82000732421875
TSLA,TSLA,2026-09-18,0.37534246575342467,P,145.0,-0.9915133722518675,0.56,0.69,0.75,0.7509790527343749,1.0,165.0,390.82000732421875
TSLA,TSLA,2026-09-18,0.37534246575342467,P,150.0,-0.9576118205761861,0.66,0.76,0.7,0.7407252490234374,4.0,1609.0,390.82000732421875
TSLA,TSLA,2026-09-18,0.37534246575342467,P,155.0,-0.9248219977531953,0.73,0.78,0.78,0.7236355761718749,54.0,262.0,390.82000732421875
TSLA,TSLA,2026-09-18,0.37534246575342467,P,160.0,-0.8930732994386149,0.78,0.89,0.86,0.7116728051757812,20.0,383.0,390.82000732421875
TSLA,TSLA,2026-09-18,0.37534246575342467,P,165.0,-0.8623016407718612,0.78,0.99,0.94,0.6953155468750001,1.0,347.0,390.82000732421875
TSLA,TSLA,2026-09-18,0.37534246575342467,P,170.0,-0.8324486776221801,0.89,1.0,1.01,0.6801789794921876,1.0,3613.0,390.82000732421875
TSLA,TSLA,2026-09-18,0.37534246575342467,P,175.0,-0.8034611407489278,0.98,1.04,1.05,0.6657748266601564,8.0,1746.0,390.82000732421875
TSLA,TSLA,2026-09-18,0.37534246575342467,P,180.0,-0.7752902637822315,1.04,1.15,1.08,0.6533237792968751,6.0,1097.0,390.82000732421875
TSLA,TSLA,2026-09-18,0.37534246575342467,P,185.0,-0.747891289594117,1.07,1.3,1.49,0.6408727319335938,2.0,583.0,390.82000732421875
TSLA,TSLA,2026-09-18,0.37534246575342467,P,190.0,-0.7212230425119557,1.23,1.32,1.28,0.6281775463867189,1.0,567.0,390.82000732421875
TSLA,TSLA,2026-09-18,0.37534246575342467,P,195.0,-0.695247556108695,1.25,1.5,1.68,0.6162147753906251,6.0,457.0,390.82000732421875
TSLA,TSLA,2026-09-18,0.37534246575342467,P,200.0,-0.6699297481244053,1.47,1.54,1.47,0.6059609716796877,125.0,4585.0,390.82000732421875
TSLA,TSLA,2026-09-18,0.37534246575342467,P,210.0,-0.6211395839549733,1.72,1.82,1.78,0.5845988806152342,45.0,1159.0,390.82000732421875
TSLA,TSLA,2026-09-18,0.37534246575342467,P,220.0,-0.5746195683200804,2.02,2.21,2.16,0.5660443786621094,1.0,1282.0,390.82000732421875
TSLA,TSLA,2026-09-18,0.37534246575342467,P,230.0,-0.5301678057492466,2.41,2.58,2.53,0.5471236694335939,7.0,1313.0,390.82000732421875
TSLA,TSLA,2026-09-18,0.37534246575342467,P,240.0,-0.48760819133045064,2.94,3.1,2.98,0.532109171142578,95.0,2208.0,390.82000732421875
TSLA,TSLA,2026-09-18,0.37534246575342467,P,250.0,-0.4467861968101955,3.5,3.65,3.52,0.5153857055664062,54.0,6139.0,390.82000732421875
TSLA,TSLA,2026-09-18,0.37534246575342467,P,260.0,-0.4075654836569142,4.25,4.45,4.28,0.5031787963867188,133.0,4692.0,390.82000732421875
TSLA,TSLA,2026-09-18,0.37534246575342467,P,270.0,-0.36982515567406715,5.15,5.35,5.15,0.4936574072265626,62.0,4036.0,390.82000732421875
TSLA,TSLA,2026-09-18,0.37534246575342467,P,280.0,-0.3334575115031923,6.25,6.45,6.2,0.48254911987304694,17.0,5576.0,390.82000732421875
TSLA,TSLA,2026-09-18,0.37534246575342467,P,290.0,-0.2983661916919222,7.55,7.8,7.5,0.4731497998046875,331.0,4650.0,390.82000732421875
TSLA,TSLA,2026-09-18,0.37534246575342467,P,300.0,-0.2644646400162408,9.15,9.4,9.1,0.46463548065185545,689.0,12196.0,390.82000732421875
TSLA,TSLA,2026-09-18,0.37534246575342467,P,310.0,-0.23167481719324995,11.05,11.35,10.97,0.4580132324218751,14.0,7262.0,390.82000732421875
TSLA,TSLA,2026-09-18,0.37534246575342467,P,320.0,-0.19992611887866965,13.2,13.5,13.37,0.450200810546875,156.0,7175.0,390.82000732421875
TSLA,TSLA,2026-09-18,0.37534246575342467,P,330.0,-0.16915446021191596,15.8,16.05,15.7,0.4440363214111328,186.0,5227.0,390.82000732421875
TSLA,TSLA,2026-09-18,0.37534246575342467,P,340.0,-0.1393014970622348,18.8,19.05,18.66,0.4395197650146484,65.0,5480.0,390.82000732421875
TSLA,TSLA,2026-09-18,0.37534246575342467,P,345.0,-0.1247026976410821,20.45,20.65,19.94,0.43686476226806636,110.0,1891.0,390.82000732421875
TSLA,TSLA,2026-09-18,0.37534246575342467,P,350.0,-0.1103139601889825,22.2,22.4,22.2,0.43495743270874027,145.0,8563.0,390.82000732421875
TSLA,TSLA,2026-09-18,0.37534246575342467,P,355.0,-0.09612932519702606,23.95,24.25,24.09,0.43314165496826174,13.0,957.0,390.82000732421875
TSLA,TSLA,2026-09-18,0.37534246575342467,P,360.0,-0.08214308322228618,25.9,26.2,25.73,0.43137165313720705,533.0,5031.0,390.82000732421875
TSLA,TSLA,2026-09-18,0.37534246575342467,P,365.0,-0.06834976108995036,27.9,28.25,28.18,0.4296626858520508,252.0,1467.0,390.82000732421875
TSLA,TSLA,2026-09-18,0.37534246575342467,P,370.0,-0.05474410903417173,30.05,30.4,30.2,0.4279842358398438,19.0,3078.0,390.82000732421875
TSLA,TSLA,2026-09-18,0.37534246575342467,P,375.0,-0.04132108870203104,32.3,32.65,32.45,0.42636682037353524,39.0,1287.0,390.82000732421875
TSLA,TSLA,2026-09-18,0.37534246575342467,P,380.0,-0.0280758619520104,34.7,35.0,34.14,0.4247646635437012,78.0,5575.0,390.82000732421875
TSLA,TSLA,2026-09-18,0.37534246575342467,P,385.0,-0.01500378038465763,37.1,37.45,37.25,0.42320828262329097,161.0,525.0,390.82000732421875
TSLA,TSLA,2026-09-18,0.37534246575342467,P,390.0,-0.0021003755487497416,39.7,40.05,39.15,0.42221647125244144,798.0,3090.0,390.82000732421875
TSLA,TSLA,2026-09-18,0.37534246575342467,P,395.0,0.010638650228679908,42.3,42.7,40.75,0.4207516421508789,12.0,885.0,390.82000732421875
TSLA,TSLA,2026-09-18,0.37534246575342467,P,400.0,0.023217432435540027,45.1,45.45,43.7,0.4193173303222656,64.0,4788.0,390.82000732421875
TSLA,TSLA,2026-09-18,0.37534246575342467,P,405.0,0.035639952434097184,47.9,48.35,46.33,0.4184933639526367,12.0,1066.0,390.82000732421875
TSLA,TSLA,2026-09-18,0.37534246575342467,P,410.0,0.047910045025911535,50.85,51.35,49.62,0.4177456907653808,9.0,1764.0,390.82000732421875
TSLA,TSLA,2026-09-18,0.37534246575342467,P,415.0,0.06003140555825635,53.85,54.45,54.45,0.41710482803344723,4.0,259.0,390.82000732421875
TSLA,TSLA,2026-09-18,0.37534246575342467,P,420.0,0.07200759660497204,57.15,57.55,57.05,0.4155331884765625,15.0,2013.0,390.82000732421875
TSLA,TSLA,2026-09-18,0.37534246575342467,P,425.0,0.08384205425197488,60.25,60.8,59.05,0.41461767028808594,6.0,264.0,390.82000732421875
TSLA,TSLA,2026-09-18,0.37534246575342467,P,430.0,0.09553809401516616,63.6,64.1,62.12,0.4133512034606933,2.0,1998.0,390.82000732421875
TSLA,TSLA,2026-09-18,0.37534246575342467,P,435.0,0.10709891641624215,67.0,67.6,65.61,0.4133512034606933,2.0,834.0,390.82000732421875
TSLA,TSLA,2026-09-18,0.37534246575342467,P,440.0,0.11852761223986491,70.6,71.0,67.8,0.4113980979919434,6.0,2778.0,390.82000732421875
TSLA,TSLA,2026-09-18,0.37534246575342467,P,445.0,0.12982716749379827,73.55,75.05,75.43,0.41580784393310544,3.0,230.0,390.82000732421875
TSLA,TSLA,2026-09-18,0.37534246575342467,P,450.0,0.14100046809192351,77.35,78.5,82.95,0.41274085800170895,1.0,1617.0,390.82000732421875
TSLA,TSLA,2026-09-18,0.37534246575342467,P,455.0,0.1520503042785085,80.4,82.95,98.0,0.42032440032958984,2.0,57.0,390.82000732421875
TSLA,TSLA,2026-09-18,0.37534246575342467,P,460.0,0.16297937481069874,85.05,86.05,82.1,0.4115049084472656,2.0,1700.0,390.82000732421875
TSLA,TSLA,2026-09-18,0.37534246575342467,P,465.0,0.17379029091491438,88.0,90.6,86.0,0.4190579335021973,1.0,66.0,390.82000732421875
TSLA,TSLA,2026-09-18,0.37534246575342467,P,470.0,0.18448558003166235,91.95,94.55,94.33,0.41878327804565424,1.0,535.0,390.82000732421875
TSLA,TSLA,2026-09-18,0.37534246575342467,P,475.0,0.1950676893621993,96.85,97.75,133.75,0.40820904296875,3.0,1202.0,390.82000732421875
TSLA,TSLA,2026-09-18,0.37534246575342467,P,480.0,0.20553898922949468,100.85,101.85,98.46,0.40811749114990237,2.0,2136.0,390.82000732421875
TSLA,TSLA,2026-09-18,0.37534246575342467,P,485.0,0.21590177626504128,104.05,106.7,129.05,0.417425259399414,3.0,41.0,390.82000732421875
TSLA,TSLA,2026-09-18,0.37534246575342467,P,490.0,0.22615827643223038,108.2,110.85,111.1,0.4168606898498534,1.0,184.0,390.82000732421875
TSLA,TSLA,2026-09-18,0.37534246575342467,P,495.0,0.2363106478962484,112.4,115.05,119.08,0.41629612030029295,2.0,10.0,390.82000732421875
TSLA,TSLA,2026-09-18,0.37534246575342467,P,500.0,0.24636098374974982,116.75,119.2,127.31,0.41431249755859373,2.0,854.0,390.82000732421875
TSLA,TSLA,2026-09-18,0.37534246575342467,P,505.0,0.2563113146029179,120.95,123.6,127.87,0.4153195675659179,10.0,23.0,390.82000732421875
TSLA,TSLA,2026-09-18,0.37534246575342467,P,510.0,0.26616361104592956,125.3,127.95,141.05,0.41498387756347654,25.0,78.0,390.82000732421875
TSLA,TSLA,2026-09-18,0.37534246575342467,P,515.0,0.27591978599129424,129.7,132.3,155.27,0.4140073248291015,20.0,19.0,390.82000732421875
TSLA,TSLA,2026-09-18,0.37534246575342467,P,520.0,0.28558169690303115,134.15,136.75,142.15,0.4140073248291015,1.0,331.0,390.82000732421875
TSLA,TSLA,2026-09-18,0.37534246575342467,P,525.0,0.29515114791918184,132.55,135.1,137.15,0.2601392346191406,,3.0,390.82000732421875
TSLA,TSLA,2026-09-18,0.37534246575342467,P,530.0,0.30462989187372563,143.15,145.7,160.53,0.4130612893676757,2.0,104.0,390.82000732421875
TSLA,TSLA,2026-09-18,0.37534246575342467,P,535.0,0.31401963222356466,147.7,150.2,163.47,0.41211525390625,80.0,123.0,390.82000732421875
TSLA,TSLA,2026-09-18,0.37534246575342467,P,540.0,0.3233220248858782,152.25,154.75,181.18,0.4114743911743164,3.0,37.0,390.82000732421875
TSLA,TSLA,2026-09-18,0.37534246575342467,P,545.0,0.33253867999080217,156.85,159.35,183.15,0.41129128753662114,1.0,3.0,390.82000732421875
TSLA,TSLA,2026-09-18,0.37534246575342467,P,550.0,0.34167116355407473,161.6,163.9,174.02,0.40939921661376955,1.0,159.0,390.82000732421875
TSLA,TSLA,2026-09-18,0.37534246575342467,P,560.0,0.35968966905675304,170.85,173.3,214.32,0.41061990753173827,5.0,215.0,390.82000732421875
TSLA,TSLA,2026-09-18,0.37534246575342467,P,580.0,0.39478098886802315,189.65,192.4,204.28,0.41535008483886715,1.0,40.0,390.82000732421875
TSLA,TSLA,2026-09-18,0.37534246575342467,P,600.0,0.42868254054370447,208.95,211.55,260.6,0.4146787048339844,16.0,0.0,390.82000732421875
TSLA,TSLA,2026-09-18,0.37534246575342467,P,610.0,0.445211842494915,218.6,221.4,247.18,0.421453539428711,5.0,0.0,390.82000732421875
TSLA,TSLA,2026-09-18,0.37534246575342467,P,660.0,0.5239927203480294,267.85,270.65,260.2,0.44482977050781247,10.0,0.0,390.82000732421875
TSLA,TSLA,2026-09-18,0.37534246575342467,P,690.0,0.5684444829188632,297.85,300.65,330.15,0.47449255981445315,2.0,0.0,390.82000732421875
TSLA,TSLA,2026-09-18,0.37534246575342467,P,790.0,0.7037858307886252,397.6,400.15,385.73,0.5295457202148439,17.0,0.0,390.82000732421875
TSLA,TSLA,2026-12-18,0.6246575342465753,C,5.0,-4.358809202238342,384.0,388.35,374.05,2.5781285546875,60.0,10806.0,390.82000732421875
TSLA,TSLA,2026-12-18,0.6246575342465753,C,10.0,-3.665662021678396,377.3,385.3,380.0,2.1699264501953124,3.0,550.0,390.82000732421875
TSLA,TSLA,2026-12-18,0.6246575342465753,C,25.0,-2.749371289804241,364.6,368.8,341.72,1.7070327148437499,1.0,1552.0,390.82000732421875
TSLA,TSLA,2026-12-18,0.6246575342465753,C,30.0,-2.5670497330102866,370.55,373.55,357.58,2.9401881964111327,1.0,9.0,390.82000732421875
TSLA,TSLA,2026-12-18,0.6246575342465753,C,35.0,-2.412899053183028,353.1,361.05,369.05,1.5683615332031249,17.0,52.0,390.82000732421875
TSLA,TSLA,2026-12-18,0.6246575342465753,C,40.0,-2.2793676605585054,360.85,363.9,359.87,2.527713641662597,1.0,8.0,390.82000732421875
TSLA,TSLA,2026-12-18,0.6246575342465753,C,45.0,-2.161584624902122,344.7,351.4,343.99,1.5471214050292965,34.0,19.0,390.82000732421875
TSLA,TSLA,2026-12-18,0.6246575342465753,C,50.0,-2.056224109244296,338.6,346.6,328.4,1.40625296875,17.0,480.0,390.82000732421875
TSLA,TSLA,2026-12-18,0.6246575342465753,C,75.0,-1.6507590011361315,314.5,322.5,277.0,1.2136269787597653,1.0,887.0,390.82000732421875
TSLA,TSLA,2026-12-18,0.6246575342465753,C,80.0,-1.5862204799985602,311.0,317.7,283.77,1.2343788281249999,3.0,1077.0,390.82000732421875
TSLA,TSLA,2026-12-18,0.6246575342465753,C,85.0,-1.5255958581821254,306.2,312.85,312.25,1.200077241821289,1.0,351.0,390.82000732421875
TSLA,TSLA,2026-12-18,0.6246575342465753,C,95.0,-1.414370223071901,334.85,342.2,345.21,2.5688512341308596,2.0,203.0,390.82000732421875
TSLA,TSLA,2026-12-18,0.6246575342465753,C,100.0,-1.3630769286843505,292.35,296.65,300.0,1.0739792395019534,2.0,1196.0,390.82000732421875
TSLA,TSLA,2026-12-18,0.6246575342465753,C,105.0,-1.3142867645149185,287.6,291.75,258.8,1.0477342535400391,2.0,4921.0,390.82000732421875
TSLA,TSLA,2026-12-18,0.6246575342465753,C,110.0,-1.2677667488800257,282.15,288.8,270.0,1.0561570629882815,1.0,314.0,390.82000732421875
TSLA,TSLA,2026-12-18,0.6246575342465753,C,115.0,-1.2233149863091919,277.35,284.0,256.8,1.031193808898926,1.0,122.0,390.82000732421875
TSLA,TSLA,2026-12-18,0.6246575342465753,C,120.0,-1.180755371890396,272.55,279.2,281.0,1.0070850427246092,1.0,482.0,390.82000732421875
TSLA,TSLA,2026-12-18,0.6246575342465753,C,125.0,-1.1399333773701408,267.75,274.35,247.27,0.9826661889648438,1.0,576.0,390.82000732421875
TSLA,TSLA,2026-12-18,0.6246575342465753,C,130.0,-1.1007126642168594,262.9,269.65,251.72,0.9611820288085937,1.0,254.0,390.82000732421875
TSLA,TSLA,2026-12-18,0.6246575342465753,C,135.0,-1.0629723362340124,258.2,264.8,224.5,0.9403082141113281,2.0,329.0,390.82000732421875
TSLA,TSLA,2026-12-18,0.6246575342465753,C,140.0,-1.0266046920631375,253.4,260.0,214.64,0.918946123046875,3.0,618.0,390.82000732421875
TSLA,TSLA,2026-12-18,0.6246575342465753,C,145.0,-0.9915133722518675,248.65,255.2,256.42,0.8990488610839842,1.0,331.0,390.82000732421875
TSLA,TSLA,2026-12-18,0.6246575342465753,C,150.0,-0.9576118205761861,244.75,248.4,232.87,0.8587050262451172,1.0,2482.0,390.82000732421875
TSLA,TSLA,2026-12-18,0.6246575342465753,C,155.0,-0.9248219977531953,239.15,245.6,204.85,0.8605360626220704,2.0,465.0,390.82000732421875
TSLA,TSLA,2026-12-18,0.6246575342465753,C,160.0,-0.8930732994386149,234.4,240.8,220.15,0.8419205261230469,1.0,637.0,390.82000732421875
TSLA,TSLA,2026-12-18,0.6246575342465753,C,165.0,-0.8623016407718612,229.7,235.95,229.8,0.8236101623535155,1.0,807.0,390.82000732421875
TSLA,TSLA,2026-12-18,0.6246575342465753,C,170.0,-0.8324486776221801,224.95,228.95,232.0,0.7714256256103516,2.0,928.0,390.82000732421875
TSLA,TSLA,2026-12-18,0.6246575342465753,C,175.0,-0.8034611407489278,221.2,224.7,221.04,0.778597184753418,6.0,1229.0,390.82000732421875
TSLA,TSLA,2026-12-18,0.6246575342465753,C,180.0,-0.7752902637822315,216.55,220.0,201.0,0.7644676873779297,1.0,1531.0,390.82000732421875
TSLA,TSLA,2026-12-18,0.6246575342465753,C,185.0,-0.747891289594117,210.9,216.15,218.15,0.7483545672607423,1.0,582.0,390.82000732421875
TSLA,TSLA,2026-12-18,0.6246575342465753,C,190.0,-0.7212230425119557,206.25,212.2,200.55,0.7440821490478515,1.0,694.0,390.82000732421875
TSLA,TSLA,2026-12-18,0.6246575342465753,C,195.0,-0.695247556108695,201.6,207.4,182.94,0.7285488571166993,10.0,389.0,390.82000732421875
TSLA,TSLA,2026-12-18,0.6246575342465753,C,200.0,-0.6699297481244053,198.25,201.2,205.0,0.7120084951782227,8.0,4091.0,390.82000732421875
TSLA,TSLA,2026-12-18,0.6246575342465753,C,205.0,-0.6452371355340337,192.8,197.15,184.7,0.6962920996093751,2.0,210.0,390.82000732421875
TSLA,TSLA,2026-12-18,0.6246575342465753,C,210.0,-0.6211395839549733,188.9,192.45,171.61,0.6906158868408205,8.0,700.0,390.82000732421875
TSLA,TSLA,2026-12-18,0.6246575342465753,C,215.0,-0.5976090865447792,185.0,187.75,174.54,0.6842988113403321,1.0,1047.0,390.82000732421875
TSLA,TSLA,2026-12-18,0.6246575342465753,C,220.0,-0.5746195683200804,180.8,182.5,184.75,0.6689791403198243,1.0,2209.0,390.82000732421875
TSLA,TSLA,2026-12-18,0.6246575342465753,C,225.0,-0.5521467124680218,175.55,178.3,170.4,0.6538120556640626,1.0,826.0,390.82000732421875
TSLA,TSLA,2026-12-18,0.6246575342465753,C,230.0,-0.5301678057492466,172.2,173.35,178.0,0.6495091201782227,1.0,1346.0,390.82000732421875
TSLA,TSLA,2026-12-18,0.6246575342465753,C,235.0,-0.508661600528283,167.85,168.9,155.53,0.6400792828369142,1.0,1139.0,390.82000732421875
TSLA,TSLA,2026-12-18,0.6246575342465753,C,240.0,-0.48760819133045064,163.45,164.55,152.1,0.6308325491333008,3.0,1626.0,390.82000732421875
TSLA,TSLA,2026-12-18,0.6246575342465753,C,245.0,-0.46698890412771493,158.4,160.55,141.54,0.6188697781372071,4.0,792.0,390.82000732421875
TSLA,TSLA,2026-12-18,0.6246575342465753,C,250.0,-0.4467861968101955,154.95,155.95,160.0,0.6147804635620118,2.0,2452.0,390.82000732421875
TSLA,TSLA,2026-12-18,0.6246575342465753,C,260.0,-0.4075654836569142,146.55,147.55,137.7,0.5995828616333009,2.0,2094.0,390.82000732421875
TSLA,TSLA,2026-12-18,0.6246575342465753,C,265.0,-0.3885172886862197,141.95,143.7,128.44,0.5910990597534181,,8.0,390.82000732421875
TSLA,TSLA,2026-12-18,0.6246575342465753,C,270.0,-0.36982515567406715,138.4,139.35,142.0,0.5861094856262208,1.0,1596.0,390.82000732421875
TSLA,TSLA,2026-12-18,0.6246575342465753,C,275.0,-0.3514760170058706,133.7,135.55,122.22,0.5766033551025391,54.0,41.0,390.82000732421875
TSLA,TSLA,2026-12-18,0.6246575342465753,C,280.0,-0.3334575115031923,130.45,131.3,136.7,0.573292230987549,10.0,1316.0,390.82000732421875
TSLA,TSLA,2026-12-18,0.6246575342465753,C,285.0,-0.31575793440379135,126.0,127.5,127.8,0.5647016186523439,1.0,6.0,390.82000732421875
TSLA,TSLA,2026-12-18,0.6246575342465753,C,290.0,-0.2983661916919222,122.75,123.55,117.2,0.5621534263610839,1.0,2007.0,390.82000732421875
TSLA,TSLA,2026-12-18,0.6246575342465753,C,295.0,-0.2812717583326221,118.45,119.9,125.05,0.5545698840332032,5.0,29.0,390.82000732421875
TSLA,TSLA,2026-12-18,0.6246575342465753,C,300.0,-0.2644646400162408,115.35,116.1,118.95,0.5526167785644531,28.0,5238.0,390.82000732421875
TSLA,TSLA,2026-12-18,0.6246575342465753,C,305.0,-0.24793533806503026,111.2,112.65,94.0,0.5461318580627443,4.0,6.0,390.82000732421875
TSLA,TSLA,2026-12-18,0.6246575342465753,C,310.0,-0.23167481719324995,108.15,108.95,109.2,0.5438125453186036,3.0,1363.0,390.82000732421875
TSLA,TSLA,2026-12-18,0.6246575342465753,C,315.0,-0.21567447584680882,104.35,105.5,102.2,0.5382584016418459,1.0,4.0,390.82000732421875
TSLA,TSLA,2026-12-18,0.6246575342465753,C,320.0,-0.19992611887866965,101.3,102.05,106.0,0.5360916752624512,2.0,1275.0,390.82000732421875
TSLA,TSLA,2026-12-18,0.6246575342465753,C,325.0,-0.1844219323427044,97.6,98.8,84.65,0.5310715838623048,20.0,11.0,390.82000732421875
TSLA,TSLA,2026-12-18,0.6246575342465753,C,330.0,-0.16915446021191596,94.75,95.45,99.5,0.5292558061218262,4.0,4678.0,390.82000732421875
TSLA,TSLA,2026-12-18,0.6246575342465753,C,335.0,-0.15411658284737545,91.15,92.4,95.6,0.524693473815918,3.0,4.0,390.82000732421875
TSLA,TSLA,2026-12-18,0.6246575342465753,C,340.0,-0.1393014970622348,88.5,89.15,89.13,0.5231676101684569,12.0,1900.0,390.82000732421875
TSLA,TSLA,2026-12-18,0.6246575342465753,C,345.0,-0.1247026976410821,85.15,86.3,89.9,0.5196581237792968,1.0,3.0,390.82000732421875
TSLA,TSLA,2026-12-18,0.6246575342465753,C,350.0,-0.1103139601889825,82.55,83.2,86.35,0.5179186392211915,13.0,6009.0,390.82000732421875
TSLA,TSLA,2026-12-18,0.6246575342465753,C,355.0,-0.09612932519702606,79.25,80.4,84.75,0.5138293246459961,1.0,7.0,390.82000732421875
TSLA,TSLA,2026-12-18,0.6246575342465753,C,360.0,-0.08214308322228618,76.95,77.55,80.4,0.5134173414611816,18.0,1679.0,390.82000732421875
TSLA,TSLA,2026-12-18,0.6246575342465753,C,365.0,-0.06834976108995036,73.8,75.05,75.84,0.5102740623474122,8.0,26.0,390.82000732421875
TSLA,TSLA,2026-12-18,0.6246575342465753,C,370.0,-0.05474410903417173,71.65,72.25,74.88,0.5096331996154786,80.0,2656.0,390.82000732421875
TSLA,TSLA,2026-12-18,0.6246575342465753,C,375.0,-0.04132108870203104,69.05,69.75,70.4,0.5078021632385255,18.0,143.0,390.82000732421875
TSLA,TSLA,2026-12-18,0.6246575342465753,C,380.0,-0.0280758619520104,66.6,67.25,69.57,0.5060779373168945,89.0,6148.0,390.82000732421875
TSLA,TSLA,2026-12-18,0.6246575342465753,C,385.0,-0.01500378038465763,64.3,64.95,65.2,0.5053150054931641,13.0,45.0,390.82000732421875
TSLA,TSLA,2026-12-18,0.6246575342465753,C,390.0,-0.0021003755487497416,61.95,62.4,62.05,0.5027973304748536,102.0,1908.0,390.82000732421875
TSLA,TSLA,2026-12-18,0.6246575342465753,C,395.0,0.010638650228679908,59.7,60.15,63.06,0.5014240531921388,345.0,121.0,390.82000732421875
TSLA,TSLA,2026-12-18,0.6246575342465753,C,400.0,0.023217432435540027,57.55,57.95,57.77,0.5001881036376954,313.0,7795.0,390.82000732421875
TSLA,TSLA,2026-12-18,0.6246575342465753,C,405.0,0.035639952434097184,55.4,56.1,58.6,0.5027362959289552,7.0,292.0,390.82000732421875
TSLA,TSLA,2026-12-18,0.6246575342465753,C,410.0,0.047910045025911535,53.45,53.85,53.5,0.49991344818115235,45.0,2129.0,390.82000732421875
TSLA,TSLA,2026-12-18,0.6246575342465753,C,415.0,0.06003140555825635,51.5,51.95,54.4,0.4994709477233887,161.0,64.0,390.82000732421875
TSLA,TSLA,2026-12-18,0.6246575342465753,C,420.0,0.07200759660497204,49.6,50.05,49.83,0.4985706881713867,293.0,5378.0,390.82000732421875
TSLA,TSLA,2026-12-18,0.6246575342465753,C,425.0,0.08384205425197488,47.8,48.2,50.1,0.49762465270996104,59.0,77.0,390.82000732421875
TSLA,TSLA,2026-12-18,0.6246575342465753,C,430.0,0.09553809401516616,46.05,46.35,48.1,0.49623611679077156,111.0,2456.0,390.82000732421875
TSLA,TSLA,2026-12-18,0.6246575342465753,C,435.0,0.10709891641624215,44.35,44.8,42.0,0.4968312036132813,28.0,32.0,390.82000732421875
TSLA,TSLA,2026-12-18,0.6246575342465753,C,440.0,0.11852761223986491,42.75,43.1,42.8,0.4958088749694825,312.0,1820.0,390.82000732421875
TSLA,TSLA,2026-12-18,0.6246575342465753,C,445.0,0.12982716749379827,41.15,41.55,41.5,0.4955647367858887,46.0,37.0,390.82000732421875
TSLA,TSLA,2026-12-18,0.6246575342465753,C,450.0,0.14100046809192351,39.7,40.0,39.89,0.49492387405395505,641.0,7353.0,390.82000732421875
TSLA,TSLA,2026-12-18,0.6246575342465753,C,455.0,0.1520503042785085,38.25,38.55,40.45,0.49469499450683596,63.0,76.0,390.82000732421875
TSLA,TSLA,2026-12-18,0.6246575342465753,C,460.0,0.16297937481069874,36.8,37.2,37.3,0.49490861541748044,68.0,3686.0,390.82000732421875
TSLA,TSLA,2026-12-18,0.6246575342465753,C,465.0,0.17379029091491438,35.4,35.95,38.1,0.4955799954223633,5.0,42.0,390.82000732421875
TSLA,TSLA,2026-12-18,0.6246575342465753,C,470.0,0.18448558003166235,34.2,34.6,34.4,0.49504594314575195,54.0,3803.0,390.82000732421875
TSLA,TSLA,2026-12-18,0.6246575342465753,C,480.0,0.20553898922949468,31.75,32.15,34.7,0.4949849085998535,140.0,4849.0,390.82000732421875
TSLA,TSLA,2026-12-18,0.6246575342465753,C,490.0,0.22615827643223038,29.55,29.9,30.09,0.4952443054199219,50.0,1551.0,390.82000732421875
TSLA,TSLA,2026-12-18,0.6246575342465753,C,500.0,0.24636098374974982,27.5,27.8,27.6,0.495473184967041,670.0,14717.0,390.82000732421875
TSLA,TSLA,2026-12-18,0.6246575342465753,C,510.0,0.26616361104592956,25.55,25.85,25.68,0.49576309906005867,58.0,3926.0,390.82000732421875
TSLA,TSLA,2026-12-18,0.6246575342465753,C,520.0,0.28558169690303115,23.8,24.15,26.29,0.4971211177062989,27.0,1440.0,390.82000732421875
TSLA,TSLA,2026-12-18,0.6246575342465753,C,530.0,0.30462989187372563,22.2,22.5,23.8,0.4978230149841309,23.0,1758.0,390.82000732421875
TSLA,TSLA,2026-12-18,0.6246575342465753,C,540.0,0.3233220248858782,20.7,20.95,21.75,0.49837232589721686,18.0,4353.0,390.82000732421875
TSLA,TSLA,2026-12-18,0.6246575342465753,C,550.0,0.34167116355407473,19.35,19.6,19.45,0.4998371549987793,599.0,9017.0,390.82000732421875
TSLA,TSLA,2026-12-18,0.6246575342465753,C,560.0,0.35968966905675304,18.05,18.3,19.6,0.5008289663696289,31.0,4120.0,390.82000732421875
TSLA,TSLA,2026-12-18,0.6246575342465753,C,570.0,0.37738924615615393,16.8,17.15,16.98,0.5005848281860351,42.0,2842.0,390.82000732421875
TSLA,TSLA,2026-12-18,0.6246575342465753,C,580.0,0.39478098886802315,15.7,16.05,16.0,0.501805519104004,15.0,3132.0,390.82000732421875
TSLA,TSLA,2026-12-18,0.6246575342465753,C,590.0,0.41187542222732326,14.7,15.05,16.0,0.5032703482055664,5.0,1645.0,390.82000732421875
TSLA,TSLA,2026-12-18,0.6246575342465753,C,600.0,0.42868254054370447,13.8,14.1,13.98,0.5047962118530273,299.0,14540.0,390.82000732421875
TSLA,TSLA,2026-12-18,0.6246575342465753,C,610.0,0.445211842494915,12.95,13.25,13.1,0.5064136273193358,7.0,1142.0,390.82000732421875
TSLA,TSLA,2026-12-18,0.6246575342465753,C,620.0,0.46147236336669534,12.15,12.45,12.57,0.5079394909667969,22.0,1657.0,390.82000732421875
TSLA,TSLA,2026-12-18,0.6246575342465753,C,630.0,0.4774727047131365,11.3,11.8,12.58,0.5093738027954101,14.0,857.0,390.82000732421875
TSLA,TSLA,2026-12-18,0.6246575342465753,C,640.0,0.49322106168127566,10.7,11.15,10.45,0.5117846673583983,6.0,724.0,390.82000732421875
TSLA,TSLA,2026-12-18,0.6246575342465753,C,650.0,0.508725248217241,10.2,10.4,10.34,0.5136157037353515,34.0,6520.0,390.82000732421875
TSLA,TSLA,2026-12-18,0.6246575342465753,C,660.0,0.5239927203480294,9.55,9.85,10.35,0.5151720846557617,14.0,1512.0,390.82000732421875
TSLA,TSLA,2026-12-18,0.6246575342465753,C,670.0,0.5390305977125699,8.85,9.4,9.15,0.5164843273925781,2.0,853.0,390.82000732421875
TSLA,TSLA,2026-12-18,0.6246575342465753,C,680.0,0.5538456834977105,8.35,8.9,9.55,0.5183458810424805,15.0,838.0,390.82000732421875
TSLA,TSLA,2026-12-18,0.6246575342465753,C,690.0,0.5684444829188632,8.05,8.3,8.75,0.5204820901489257,23.0,1139.0,390.82000732421875
TSLA,TSLA,2026-12-18,0.6246575342465753,C,700.0,0.5828332203709629,7.65,7.85,7.75,0.5225267474365234,97.0,10539.0,390.82000732421875
TSLA,TSLA,2026-12-18,0.6246575342465753,C,710.0,0.5970178553629193,7.25,7.5,7.15,0.5249681292724608,5.0,1637.0,390.82000732421875
TSLA,TSLA,2026-12-18,0.6246575342465753,C,720.0,0.6110040973376591,6.85,7.1,7.47,0.5264939929199219,3.0,4323.0,390.82000732421875
TSLA,TSLA,2026-12-18,0.6246575342465753,C,730.0,0.624797419469995,6.5,6.75,5.56,0.5285081329345704,3.0,6720.0,390.82000732421875
TSLA,TSLA,2026-12-18,0.6246575342465753,C,740.0,0.6384030715257736,6.15,6.45,4.71,0.5305222729492188,1.0,1233.0,390.82000732421875
TSLA,TSLA,2026-12-18,0.6246575342465753,C,750.0,0.6518260918579143,5.95,6.1,6.0,0.5331162411499023,24.0,6184.0,390.82000732421875
TSLA,TSLA,2026-12-18,0.6246575342465753,C,760.0,0.6650713186079349,5.45,5.95,5.0,0.5343674493408204,1.0,528.0,390.82000732421875
TSLA,TSLA,2026-12-18,0.6246575342465753,C,770.0,0.6781434001752876,5.3,5.6,5.9,0.5367477966308594,2.0,1545.0,390.82000732421875
TSLA,TSLA,2026-12-18,0.6246575342465753,C,780.0,0.6910468050111955,5.1,5.35,5.55,0.5393112475585939,1.0,1767.0,390.82000732421875
TSLA,TSLA,2026-12-18,0.6246575342465753,C,790.0,0.7037858307886252,4.9,5.1,3.78,0.541569525756836,1.0,1696.0,390.82000732421875
TSLA,TSLA,2026-12-18,0.6246575342465753,C,800.0,0.7163646129954854,4.7,4.9,4.87,0.5441024594116212,9.0,7416.0,390.82000732421875
TSLA,TSLA,2026-12-18,0.6246575342465753,C,810.0,0.7287871329940425,4.5,4.8,4.0,0.5475203939819336,25.0,896.0,390.82000732421875
TSLA,TSLA,2026-12-18,0.6246575342465753,C,820.0,0.7410572255858568,4.3,4.6,3.7,0.5495040167236329,12.0,580.0,390.82000732421875
TSLA,TSLA,2026-12-18,0.6246575342465753,C,830.0,0.7531785861182017,4.1,4.4,3.55,0.5512129840087892,3.0,499.0,390.82000732421875
TSLA,TSLA,2026-12-18,0.6246575342465753,C,840.0,0.7651547771649173,3.95,4.25,3.7,0.5538985040283204,6.0,916.0,390.82000732421875
TSLA,TSLA,2026-12-18,0.6246575342465753,C,850.0,0.7769892348119202,3.8,3.95,4.15,0.5543257458496094,27.0,5141.0,390.82000732421875
TSLA,TSLA,2026-12-18,0.6246575342465753,C,860.0,0.7886852745751115,3.65,3.9,3.88,0.5578657495117189,2.0,884.0,390.82000732421875
TSLA,TSLA,2026-12-18,0.6246575342465753,C,870.0,0.8002460969761874,3.5,3.7,3.43,0.559147474975586,1.0,695.0,390.82000732421875
TSLA,TSLA,2026-12-18,0.6246575342465753,C,880.0,0.8116747927998103,3.35,3.55,3.65,0.560825924987793,1.0,1256.0,390.82000732421875
TSLA,TSLA,2026-12-18,0.6246575342465753,C,890.0,0.8229743480537436,3.2,3.55,2.98,0.5645185150146486,1.0,402.0,390.82000732421875
TSLA,TSLA,2026-12-18,0.6246575342465753,C,900.0,0.8341476486518689,3.1,3.25,3.2,0.5642133422851563,2538.0,2881.0,390.82000732421875
TSLA,TSLA,2026-12-18,0.6246575342465753,C,910.0,0.8451974848384538,3.0,3.3,2.72,0.5690961059570312,1.0,588.0,390.82000732421875
TSLA,TSLA,2026-12-18,0.6246575342465753,C,920.0,0.8561265553706441,2.77,3.2,2.67,0.5694623132324219,1.0,493.0,390.82000732421875
TSLA,TSLA,2026-12-18,0.6246575342465753,C,930.0,0.8669374714748597,2.72,3.1,3.12,0.5724530059814454,3.0,519.0,390.82000732421875
TSLA,TSLA,2026-12-18,0.6246575342465753,C,940.0,0.8776327605916077,2.68,2.82,2.97,0.5724530059814454,154.0,2049.0,390.82000732421875
TSLA,TSLA,2026-12-18,0.6246575342465753,C,950.0,0.8882148699221446,2.6,2.72,2.9,0.5745892150878906,205.0,6320.0,390.82000732421875
TSLA,TSLA,2026-12-18,0.6246575342465753,C,960.0,0.89868616978944,2.5,2.63,2.73,0.5763592169189453,176.0,5827.0,390.82000732421875
TSLA,TSLA,2026-12-18,0.6246575342465753,C,970.0,0.9090489568249865,2.46,2.59,2.67,0.5800212896728516,161.0,856.0,390.82000732421875
TSLA,TSLA,2026-12-18,0.6246575342465753,C,980.0,0.9193054569921757,2.34,2.46,2.58,0.5803264624023439,452.0,863.0,390.82000732421875
TSLA,TSLA,2026-12-18,0.6246575342465753,C,990.0,0.9294578284561937,2.27,2.47,2.33,0.5841106042480468,311.0,17098.0,390.82000732421875
TSLA,TSLA,2026-12-18,0.6246575342465753,P,5.0,-4.358809202238342,0.0,0.02,0.01,1.71875140625,5.0,9959.0,390.82000732421875
TSLA,TSLA,2026-12-18,0.6246575342465753,P,10.0,-3.665662021678396,0.0,0.03,0.04,1.46875265625,1.0,17203.0,390.82000732421875
TSLA,TSLA,2026-12-18,0.6246575342465753,P,15.0,-3.260196913570232,0.0,0.04,0.05,1.3281283593749997,1.0,1046.0,390.82000732421875
TSLA,TSLA,2026-12-18,0.6246575342465753,P,20.0,-2.9725148411184508,0.02,0.07,0.06,1.2968785156249998,1.0,2236.0,390.82000732421875
TSLA,TSLA,2026-12-18,0.6246575342465753,P,25.0,-2.749371289804241,0.05,0.09,0.09,1.2421912890624998,200.0,1882.0,390.82000732421875
TSLA,TSLA,2026-12-18,0.6246575342465753,P,30.0,-2.5670497330102866,0.08,0.25,0.1,1.2656286718749998,1.0,1916.0,390.82000732421875
TSLA,TSLA,2026-12-18,0.6246575342465753,P,35.0,-2.412899053183028,0.1,0.4,0.12,1.2441444042968748,8.0,925.0,390.82000732421875
TSLA,TSLA,2026-12-18,0.6246575342465753,P,40.0,-2.2793676605585054,0.13,0.27,0.15,1.142582412109375,1.0,666.0,390.82000732421875
TSLA,TSLA,2026-12-18,0.6246575342465753,P,45.0,-2.161584624902122,0.15,0.28,0.23,1.0908248583984377,1.0,292.0,390.82000732421875
TSLA,TSLA,2026-12-18,0.6246575342465753,P,50.0,-2.056224109244296,0.22,0.26,0.23,1.0498094384765626,11.0,3156.0,390.82000732421875
TSLA,TSLA,2026-12-18,0.6246575342465753,P,75.0,-1.6507590011361315,0.47,0.54,0.49,0.9248054394531251,2.0,3122.0,390.82000732421875
TSLA,TSLA,2026-12-18,0.6246575342465753,P,80.0,-1.5862204799985602,0.52,0.6,0.63,0.901368173828125,30.0,1709.0,390.82000732421875
TSLA,TSLA,2026-12-18,0.6246575342465753,P,85.0,-1.5255958581821254,0.54,0.7,0.7,0.8798840136718749,1.0,751.0,390.82000732421875
TSLA,TSLA,2026-12-18,0.6246575342465753,P,90.0,-1.4684374443421768,0.6,0.77,0.67,0.8598646826171875,2.0,503.0,390.82000732421875
TSLA,TSLA,2026-12-18,0.6246575342465753,P,95.0,-1.414370223071901,0.65,0.74,0.73,0.8308122387695311,1.0,928.0,390.82000732421875
TSLA,TSLA,2026-12-18,0.6246575342465753,P,100.0,-1.3630769286843505,0.76,0.82,0.79,0.8168963623046874,19.0,8956.0,390.82000732421875
TSLA,TSLA,2026-12-18,0.6246575342465753,P,105.0,-1.3142867645149185,0.82,0.88,0.87,0.7973653076171875,78.0,2093.0,390.82000732421875
TSLA,TSLA,2026-12-18,0.6246575342465753,P,110.0,-1.2677667488800257,0.88,0.99,0.99,0.7814963256835938,1.0,3008.0,390.82000732421875
TSLA,TSLA,2026-12-18,0.6246575342465753,P,115.0,-1.2233149863091919,0.96,1.03,1.0,0.762697685546875,3.0,1343.0,390.82000732421875
TSLA,TSLA,2026-12-18,0.6246575342465753,P,120.0,-1.180755371890396,1.02,1.11,1.16,0.7456080126953125,2.0,4422.0,390.82000732421875
TSLA,TSLA,2026-12-18,0.6246575342465753,P,125.0,-1.1399333773701408,1.12,1.21,1.16,0.7316921362304687,26.0,1951.0,390.82000732421875
TSLA,TSLA,2026-12-18,0.6246575342465753,P,130.0,-1.1007126642168594,1.22,1.3,1.3,0.7172879833984375,4.0,5012.0,390.82000732421875
TSLA,TSLA,2026-12-18,0.6246575342465753,P,135.0,-1.0629723362340124,1.3,1.41,1.35,0.7027617614746093,2.0,1239.0,390.82000732421875
TSLA,TSLA,2026-12-18,0.6246575342465753,P,140.0,-1.0266046920631375,1.39,1.5,1.36,0.6879914013671876,1.0,1801.0,390.82000732421875
TSLA,TSLA,2026-12-18,0.6246575342465753,P,145.0,-0.9915133722518675,1.43,1.67,1.85,0.6743196630859377,1.0,671.0,390.82000732421875
TSLA,TSLA,2026-12-18,0.6246575342465753,P,150.0,-0.9576118205761861,1.63,1.72,1.66,0.662234822998047,1.0,4431.0,390.82000732421875
TSLA,TSLA,2026-12-18,0.6246575342465753,P,155.0,-0.9248219977531953,1.82,1.85,1.98,0.6522251574707032,1.0,2475.0,390.82000732421875
TSLA,TSLA,2026-12-18,0.6246575342465753,P,160.0,-0.8930732994386149,1.86,2.0,1.98,0.6378210046386719,6.0,4682.0,390.82000732421875
TSLA,TSLA,2026-12-18,0.6246575342465753,P,165.0,-0.8623016407718612,2.0,2.14,2.15,0.6261634063720705,1.0,2090.0,390.82000732421875
TSLA,TSLA,2026-12-18,0.6246575342465753,P,170.0,-0.8324486776221801,2.2,2.3,2.27,0.6165809826660158,6.0,1411.0,390.82000732421875
TSLA,TSLA,2026-12-18,0.6246575342465753,P,175.0,-0.8034611407489278,2.34,2.46,2.39,0.6049844189453126,2.0,1891.0,390.82000732421875
TSLA,TSLA,2026-12-18,0.6246575342465753,P,180.0,-0.7752902637822315,2.51,2.64,2.6,0.5946085461425781,2.0,3626.0,390.82000732421875
TSLA,TSLA,2026-12-18,0.6246575342465753,P,185.0,-0.747891289594117,2.74,2.86,3.21,0.5861247442626953,2.0,3660.0,390.82000732421875
TSLA,TSLA,2026-12-18,0.6246575342465753,P,190.0,-0.7212230425119557,2.97,3.1,3.01,0.5776409423828125,19.0,2497.0,390.82000732421875
TSLA,TSLA,2026-12-18,0.6246575342465753,P,195.0,-0.695247556108695,3.2,3.35,3.38,0.5689130023193358,1.0,1107.0,390.82000732421875
TSLA,TSLA,2026-12-18,0.6246575342465753,P,200.0,-0.6699297481244053,3.45,3.6,3.5,0.5601850622558593,21.0,9739.0,390.82000732421875
TSLA,TSLA,2026-12-18,0.6246575342465753,P,205.0,-0.6452371355340337,3.7,3.9,3.8,0.5519453985595704,1.0,1694.0,390.82000732421875
TSLA,TSLA,2026-12-18,0.6246575342465753,P,210.0,-0.6211395839549733,4.05,4.2,4.08,0.5449264257812501,8.0,1618.0,390.82000732421875
TSLA,TSLA,2026-12-18,0.6246575342465753,P,215.0,-0.5976090865447792,4.4,4.6,4.6,0.5388229711914063,11.0,3645.0,390.82000732421875
TSLA,TSLA,2026-12-18,0.6246575342465753,P,220.0,-0.5746195683200804,4.75,4.95,4.8,0.5314377911376953,26.0,4650.0,390.82000732421875
TSLA,TSLA,2026-12-18,0.6246575342465753,P,225.0,-0.5521467124680218,5.15,5.35,5.2,0.5249070947265625,3.0,5046.0,390.82000732421875
TSLA,TSLA,2026-12-18,0.6246575342465753,P,230.0,-0.5301678057492466,5.6,5.8,5.65,0.5190782955932617,29.0,4434.0,390.82000732421875
TSLA,TSLA,2026-12-18,0.6246575342465753,P,235.0,-0.508661600528283,6.1,6.3,6.1,0.5137988073730468,12.0,1508.0,390.82000732421875
TSLA,TSLA,2026-12-18,0.6246575342465753,P,240.0,-0.48760819133045064,6.6,6.85,6.55,0.5084582846069335,116.0,3650.0,390.82000732421875
TSLA,TSLA,2026-12-18,0.6246575342465753,P,245.0,-0.46698890412771493,7.15,7.4,7.15,0.5029956927490236,202.0,4576.0,390.82000732421875
TSLA,TSLA,2026-12-18,0.6246575342465753,P,250.0,-0.4467861968101955,7.8,8.0,7.85,0.5003406900024415,81.0,15167.0,390.82000732421875
TSLA,TSLA,2026-12-18,0.6246575342465753,P,260.0,-0.4075654836569142,9.15,9.4,9.15,0.4916432672119141,9.0,9136.0,390.82000732421875
TSLA,TSLA,2026-12-18,0.6246575342465753,P,265.0,-0.3885172886862197,9.8,10.15,11.25,0.4871267108154297,1.0,20.0,390.82000732421875
TSLA,TSLA,2026-12-18,0.6246575342465753,P,270.0,-0.36982515567406715,10.7,10.95,10.44,0.4827627407836914,15.0,2195.0,390.82000732421875
TSLA,TSLA,2026-12-18,0.6246575342465753,P,275.0,-0.3514760170058706,11.55,11.85,11.52,0.4792532543945312,13.0,29.0,390.82000732421875
TSLA,TSLA,2026-12-18,0.6246575342465753,P,280.0,-0.3334575115031923,12.55,12.75,12.4,0.475041870727539,1165.0,7312.0,390.82000732421875
TSLA,TSLA,2026-12-18,0.6246575342465753,P,285.0,-0.31575793440379135,13.4,14.0,13.5,0.4749960948181152,2.0,39.0,390.82000732421875
TSLA,TSLA,2026-12-18,0.6246575342465753,P,290.0,-0.2983661916919222,14.55,14.9,14.25,0.46938091659545905,26.0,6306.0,390.82000732421875
TSLA,TSLA,2026-12-18,0.6246575342465753,P,295.0,-0.2812717583326221,15.6,16.1,15.5,0.4670463452148438,1.0,120.0,390.82000732421875
TSLA,TSLA,2026-12-18,0.6246575342465753,P,300.0,-0.2644646400162408,16.95,17.2,17.07,0.46274340972900396,141.0,9823.0,390.82000732421875
TSLA,TSLA,2026-12-18,0.6246575342465753,P,305.0,-0.24793533806503026,18.2,18.65,17.97,0.4619499606323243,3.0,13.0,390.82000732421875
TSLA,TSLA,2026-12-18,0.6246575342465753,P,310.0,-0.23167481719324995,19.55,19.85,19.25,0.45749443878173834,29.0,2724.0,390.82000732421875
TSLA,TSLA,2026-12-18,0.6246575342465753,P,315.0,-0.21567447584680882,20.9,21.35,20.8,0.4557549542236329,22.0,39.0,390.82000732421875
TSLA,TSLA,2026-12-18,0.6246575342465753,P,320.0,-0.19992611887866965,22.45,22.75,22.35,0.4522149505615235,67.0,5908.0,390.82000732421875
TSLA,TSLA,2026-12-18,0.6246575342465753,P,325.0,-0.1844219323427044,24.0,24.4,24.5,0.45062805236816406,1.0,54.0,390.82000732421875
TSLA,TSLA,2026-12-18,0.6246575342465753,P,330.0,-0.16915446021191596,25.65,26.05,25.87,0.4483087396240234,38.0,3756.0,390.82000732421875
TSLA,TSLA,2026-12-18,0.6246575342465753,P,335.0,-0.15411658284737545,27.4,27.85,26.45,0.44679813461303713,8.0,113.0,390.82000732421875
TSLA,TSLA,2026-12-18,0.6246575342465753,P,340.0,-0.1393014970622348,29.2,29.55,28.98,0.443639596862793,56.0,6393.0,390.82000732421875
TSLA,TSLA,2026-12-18,0.6246575342465753,P,345.0,-0.1247026976410821,31.15,31.45,31.19,0.44171700866699215,72.0,63.0,390.82000732421875
TSLA,TSLA,2026-12-18,0.6246575342465753,P,350.0,-0.1103139601889825,33.1,33.5,32.2,0.44051157638549804,355.0,10476.0,390.82000732421875
TSLA,TSLA,2026-12-18,0.6246575342465753,P,355.0,-0.09612932519702606,35.15,35.6,33.99,0.4390772645568848,3.0,26.0,390.82000732421875
TSLA,TSLA,2026-12-18,0.6246575342465753,P,360.0,-0.08214308322228618,37.3,37.6,36.47,0.43611708908081054,60.0,2739.0,390.82000732421875
TSLA,TSLA,2026-12-18,0.6246575342465753,P,365.0,-0.06834976108995036,39.45,40.0,38.37,0.43601027862548825,5.0,41.0,390.82000732421875
TSLA,TSLA,2026-12-18,0.6246575342465753,P,370.0,-0.05474410903417173,41.75,42.15,41.28,0.4331111376953125,58.0,2434.0,390.82000732421875
TSLA,TSLA,2026-12-18,0.6246575342465753,P,375.0,-0.04132108870203104,44.1,44.7,43.9,0.4330043272399902,3.0,21.0,390.82000732421875
TSLA,TSLA,2026-12-18,0.6246575342465753,P,380.0,-0.0280758619520104,46.6,47.0,45.32,0.4301509622192383,57.0,5857.0,390.82000732421875
TSLA,TSLA,2026-12-18,0.6246575342465753,P,385.0,-0.01500378038465763,49.15,49.65,48.65,0.4296321685791016,28.0,32.0,390.82000732421875
TSLA,TSLA,2026-12-18,0.6246575342465753,P,390.0,-0.0021003755487497416,51.7,52.15,52.0,0.4272518212890626,44.0,5293.0,390.82000732421875
TSLA,TSLA,2026-12-18,0.6246575342465753,P,395.0,0.010638650228679908,54.4,54.9,54.1,0.4263515617370606,12.0,69.0,390.82000732421875
TSLA,TSLA,2026-12-18,0.6246575342465753,P,400.0,0.023217432435540027,57.2,57.6,57.56,0.42445949081420903,89.0,7190.0,390.82000732421875
TSLA,TSLA,2026-12-18,0.6246575342465753,P,405.0,0.035639952434097184,60.0,60.65,57.66,0.42482569808959963,3.0,65.0,390.82000732421875
TSLA,TSLA,2026-12-18,0.6246575342465753,P,410.0,0.047910045025911535,62.95,63.4,65.97,0.4222012126159668,9.0,3363.0,390.82000732421875
TSLA,TSLA,2026-12-18,0.6246575342465753,P,415.0,0.06003140555825635,65.85,66.55,75.6,0.4222622471618652,5.0,6.0,390.82000732421875
TSLA,TSLA,2026-12-18,0.6246575342465753,P,420.0,0.07200759660497204,68.95,69.45,67.25,0.41974457214355465,1.0,2220.0,390.82000732421875
TSLA,TSLA,2026-12-18,0.6246575342465753,P,425.0,0.08384205425197488,72.1,72.7,70.75,0.41951569259643556,4.0,53.0,390.82000732421875
TSLA,TSLA,2026-12-18,0.6246575342465753,P,430.0,0.09553809401516616,75.35,75.8,73.45,0.4175473284912109,4.0,6324.0,390.82000732421875
TSLA,TSLA,2026-12-18,0.6246575342465753,P,435.0,0.10709891641624215,78.5,79.25,93.35,0.4179135357666015,2.0,1.0,390.82000732421875
TSLA,TSLA,2026-12-18,0.6246575342465753,P,440.0,0.11852761223986491,81.9,82.45,92.82,0.41571629211425776,11.0,3102.0,390.82000732421875
TSLA,TSLA,2026-12-18,0.6246575342465753,P,445.0,0.12982716749379827,85.2,86.0,95.24,0.4158841371154785,2.0,54.0,390.82000732421875
TSLA,TSLA,2026-12-18,0.6246575342465753,P,450.0,0.14100046809192351,88.85,89.3,86.75,0.4134885311889648,11.0,2005.0,390.82000732421875
TSLA,TSLA,2026-12-18,0.6246575342465753,P,455.0,0.1520503042785085,92.15,93.0,100.35,0.41394629028320307,1.0,11.0,390.82000732421875
TSLA,TSLA,2026-12-18,0.6246575342465753,P,460.0,0.16297937481069874,95.9,96.4,102.23,0.41138283935546877,10.0,1594.0,390.82000732421875
TSLA,TSLA,2026-12-18,0.6246575342465753,P,465.0,0.17379029091491438,99.4,100.15,97.0,0.411337063446045,2.0,0.0,390.82000732421875
TSLA,TSLA,2026-12-18,0.6246575342465753,P,470.0,0.18448558003166235,103.2,103.75,112.9,0.4095060270690917,16.0,1841.0,390.82000732421875
TSLA,TSLA,2026-12-18,0.6246575342465753,P,480.0,0.20553898922949468,110.75,111.3,108.1,0.40752240432739256,2.0,3204.0,390.82000732421875
TSLA,TSLA,2026-12-18,0.6246575342465753,P,490.0,0.22615827643223038,118.1,119.4,128.72,0.4087888711547851,1.0,564.0,390.82000732421875
TSLA,TSLA,2026-12-18,0.6246575342465753,P,500.0,0.24636098374974982,126.3,127.0,124.0,0.4036314520263672,9.0,5969.0,390.82000732421875
TSLA,TSLA,2026-12-18,0.6246575342465753,P,510.0,0.26616361104592956,133.95,135.7,145.6,0.4075376629638672,20.0,495.0,390.82000732421875
TSLA,TSLA,2026-12-18,0.6246575342465753,P,520.0,0.28558169690303115,142.25,143.95,158.85,0.40546248840332033,1.0,630.0,390.82000732421875
TSLA,TSLA,2026-12-18,0.6246575342465753,P,530.0,0.30462989187372563,150.7,152.55,165.53,0.40553878158569334,2.0,720.0,390.82000732421875
TSLA,TSLA,2026-12-18,0.6246575342465753,P,540.0,0.3233220248858782,159.25,161.1,173.26,0.4035704174804688,30.0,916.0,390.82000732421875
TSLA,TSLA,2026-12-18,0.6246575342465753,P,550.0,0.34167116355407473,168.35,169.05,183.1,0.39252316467285153,4.0,1131.0,390.82000732421875
TSLA,TSLA,2026-12-18,0.6246575342465753,P,560.0,0.35968966905675304,176.8,178.6,191.9,0.3997557583618164,20.0,922.0,390.82000732421875
TSLA,TSLA,2026-12-18,0.6246575342465753,P,570.0,0.37738924615615393,185.75,187.5,198.8,0.3974974801635742,75.0,717.0,390.82000732421875
TSLA,TSLA,2026-12-18,0.6246575342465753,P,580.0,0.39478098886802315,194.75,196.55,186.39,0.3958190301513672,2.0,754.0,390.82000732421875
TSLA,TSLA,2026-12-18,0.6246575342465753,P,590.0,0.41187542222732326,203.9,205.65,225.54,0.3934386828613281,1.0,494.0,390.82000732421875
TSLA,TSLA,2026-12-18,0.6246575342465753,P,600.0,0.42868254054370447,212.8,214.75,222.73,0.38944092010498044,2.0,701.0,390.82000732421875
TSLA,TSLA,2026-12-18,0.6246575342465753,P,610.0,0.445211842494915,222.45,224.15,258.16,0.3891662646484375,3.0,675.0,390.82000732421875
TSLA,TSLA,2026-12-18,0.6246575342465753,P,620.0,0.46147236336669534,231.75,233.5,246.1,0.3866943655395507,1.0,424.0,390.82000732421875
TSLA,TSLA,2026-12-18,0.6246575342465753,P,630.0,0.4774727047131365,241.0,242.9,256.0,0.3837036727905273,2.0,449.0,390.82000732421875
TSLA,TSLA,2026-12-18,0.6246575342465753,P,640.0,0.49322106168127566,250.25,252.4,248.0,0.3814453945922851,1.0,187.0,390.82000732421875
TSLA,TSLA,2026-12-18,0.6246575342465753,P,650.0,0.508725248217241,259.9,262.05,261.5,0.3815979809570312,1.0,22.0,390.82000732421875
TSLA,TSLA,2026-12-18,0.6246575342465753,P,660.0,0.5239927203480294,269.85,271.75,270.05,0.3820862573242187,26.0,25.0,390.82000732421875
TSLA,TSLA,2026-12-18,0.6246575342465753,P,670.0,0.5390305977125699,279.75,280.8,279.12,0.35999175170898434,19.0,57.0,390.82000732421875
TSLA,TSLA,2026-12-18,0.6246575342465753,P,680.0,0.5538456834977105,289.25,291.15,306.29,0.38013315185546875,10.0,39.0,390.82000732421875
TSLA,TSLA,2026-12-18,0.6246575342465753,P,690.0,0.5684444829188632,299.05,300.9,297.0,0.37909556457519533,1.0,6.0,390.82000732421875
TSLA,TSLA,2026-12-18,0.6246575342465753,P,700.0,0.5828332203709629,308.85,310.6,308.34,0.3748841809082031,9.0,0.0,390.82000732421875
TSLA,TSLA,2026-12-18,0.6246575342465753,P,710.0,0.5970178553629193,318.7,320.5,317.72,0.37781383911132804,10.0,0.0,390.82000732421875
TSLA,TSLA,2026-12-18,0.6246575342465753,P,720.0,0.6110040973376591,328.6,330.35,346.29,0.3779969427490234,10.0,0.0,390.82000732421875
TSLA,TSLA,2026-12-18,0.6246575342465753,P,730.0,0.624797419469995,338.0,340.45,357.12,0.3895324719238281,29.0,0.0,390.82000732421875
TSLA,TSLA,2026-12-18,0.6246575342465753,P,800.0,0.7163646129954854,408.1,410.4,442.45,0.43231768859863284,6.0,0.0,390.82000732421875
TSLA,TSLA,2026-12-18,0.6246575342465753,P,830.0,0.7531785861182017,437.2,440.5,412.23,0.4552056433105469,1.0,0.0,390.82000732421875
TSLA,TSLA,2026-12-18,0.6246575342465753,P,870.0,0.8002460969761874,478.0,480.5,505.0,0.4779104943847656,1.0,0.0,390.82000732421875
TSLA,TSLA,2026-12-18,0.6246575342465753,P,880.0,0.8116747927998103,487.2,490.5,461.8,0.48340360351562506,1.0,0.0,390.82000732421875
TSLA,TSLA,2026-12-18,0.6246575342465753,P,890.0,0.8229743480537436,498.0,500.4,503.91,0.48352567260742196,1.0,0.0,390.82000732421875
TSLA,TSLA,2026-12-18,0.6246575342465753,P,900.0,0.8341476486518689,507.85,510.6,534.52,0.49921155090332037,1.0,0.0,390.82000732421875
TSLA,TSLA,2026-12-18,0.6246575342465753,P,950.0,0.8882148699221446,557.85,560.6,541.5,0.5249681292724608,1.0,0.0,390.82000732421875
TSLA,TSLA,2026-12-18,0.6246575342465753,P,990.0,0.9294578284561937,597.8,600.7,648.2,0.5495650512695314,5.0,0.0,390.82000732421875
TSLA,TSLA,2027-06-17,1.1205479452054794,C,5.0,-4.358809202238342,382.6,391.25,387.95,2.4033243041992183,2.0,5996.0,390.82000732421875
TSLA,TSLA,2027-06-17,1.1205479452054794,C,20.0,-2.9725148411184508,369.9,377.9,408.0,1.793213924560547,32.0,70.0,390.82000732421875
TSLA,TSLA,2027-06-17,1.1205479452054794,C,25.0,-2.749371289804241,370.0,380.0,398.25,2.2473188348388664,1.0,1.0,390.82000732421875
TSLA,TSLA,2027-06-17,1.1205479452054794,C,40.0,-2.2793676605585054,349.7,357.7,305.99,1.2912633093261716,1.0,69.0,390.82000732421875
TSLA,TSLA,2027-06-17,1.1205479452054794,C,50.0,-2.056224109244296,340.35,348.3,300.44,1.2044717510986327,1.0,47.0,390.82000732421875
TSLA,TSLA,2027-06-17,1.1205479452054794,C,60.0,-1.8739025524503412,331.0,339.0,286.43,1.1356244390869141,1.0,16.0,390.82000732421875
TSLA,TSLA,2027-06-17,1.1205479452054794,C,65.0,-1.7938598447768048,326.35,334.3,315.77,1.1040083862304688,1.0,13.0,390.82000732421875
TSLA,TSLA,2027-06-17,1.1205479452054794,C,70.0,-1.719751872623083,321.7,329.65,277.33,1.0758102850341797,1.0,21.0,390.82000732421875
TSLA,TSLA,2027-06-17,1.1205479452054794,C,75.0,-1.6507590011361315,334.2,341.9,368.13,1.6571672415161136,20.0,93.0,390.82000732421875
TSLA,TSLA,2027-06-17,1.1205479452054794,C,80.0,-1.5862204799985602,312.35,320.35,286.3,1.0227099645996094,1.0,117.0,390.82000732421875
TSLA,TSLA,2027-06-17,1.1205479452054794,C,85.0,-1.5255958581821254,307.7,315.7,270.8,0.9987793090820312,2.0,12.0,390.82000732421875
TSLA,TSLA,2027-06-17,1.1205479452054794,C,90.0,-1.4684374443421768,347.25,355.25,376.49,2.235233904113769,49.0,73.0,390.82000732421875
TSLA,TSLA,2027-06-17,1.1205479452054794,C,95.0,-1.414370223071901,335.15,343.0,375.5,1.9360965109252928,1.0,25.0,390.82000732421875
TSLA,TSLA,2027-06-17,1.1205479452054794,C,100.0,-1.3630769286843505,293.85,301.85,303.0,0.9361578649902342,1.0,1104.0,390.82000732421875
TSLA,TSLA,2027-06-17,1.1205479452054794,C,105.0,-1.3142867645149185,289.25,297.2,298.98,0.9164437066650393,1.0,97.0,390.82000732421875
TSLA,TSLA,2027-06-17,1.1205479452054794,C,110.0,-1.2677667488800257,284.65,292.6,258.5,0.8981333428955076,1.0,185.0,390.82000732421875
TSLA,TSLA,2027-06-17,1.1205479452054794,C,115.0,-1.2233149863091919,280.05,288.05,257.0,0.8811047045898437,42.0,136.0,390.82000732421875
TSLA,TSLA,2027-06-17,1.1205479452054794,C,120.0,-1.180755371890396,275.5,283.45,245.0,0.8644422735595703,1.0,208.0,390.82000732421875
TSLA,TSLA,2027-06-17,1.1205479452054794,C,125.0,-1.1399333773701408,270.9,278.9,242.75,0.8481460498046874,2.0,83.0,390.82000732421875
TSLA,TSLA,2027-06-17,1.1205479452054794,C,130.0,-1.1007126642168594,266.4,274.35,224.85,0.833436724243164,2.0,91.0,390.82000732421875
TSLA,TSLA,2027-06-17,1.1205479452054794,C,135.0,-1.0629723362340124,261.85,269.85,229.35,0.8189715368652342,2.0,34.0,390.82000732421875
TSLA,TSLA,2027-06-17,1.1205479452054794,C,140.0,-1.0266046920631375,257.35,265.35,233.3,0.8052997985839843,2.0,84.0,390.82000732421875
TSLA,TSLA,2027-06-17,1.1205479452054794,C,145.0,-0.9915133722518675,253.1,260.35,217.15,0.789064609375,13.0,128.0,390.82000732421875
TSLA,TSLA,2027-06-17,1.1205479452054794,C,150.0,-0.9576118205761861,248.4,256.35,259.0,0.7789328747558593,2.0,451.0,390.82000732421875
TSLA,TSLA,2027-06-17,1.1205479452054794,C,155.0,-0.9248219977531953,248.4,254.3,275.85,0.8319108605957031,2.0,63.0,390.82000732421875
TSLA,TSLA,2027-06-17,1.1205479452054794,C,160.0,-0.8930732994386149,239.55,247.5,222.91,0.7554345745849609,1.0,308.0,390.82000732421875
TSLA,TSLA,2027-06-17,1.1205479452054794,C,165.0,-0.8623016407718612,235.45,243.1,243.04,0.7469507727050781,2.0,39.0,390.82000732421875
TSLA,TSLA,2027-06-17,1.1205479452054794,C,170.0,-0.8324486776221801,230.75,238.75,215.19,0.7334621380615234,4.0,250.0,390.82000732421875
TSLA,TSLA,2027-06-17,1.1205479452054794,C,175.0,-0.8034611407489278,227.15,233.3,231.55,0.720126089782715,1.0,588.0,390.82000732421875
TSLA,TSLA,2027-06-17,1.1205479452054794,C,180.0,-0.7752902637822315,222.4,229.8,212.01,0.7134733242797852,1.0,443.0,390.82000732421875
TSLA,TSLA,2027-06-17,1.1205479452054794,C,185.0,-0.747891289594117,218.8,225.3,216.12,0.7076750424194337,10.0,122.0,390.82000732421875
TSLA,TSLA,2027-06-17,1.1205479452054794,C,190.0,-0.7212230425119557,214.75,220.0,222.3,0.6921722677612305,1.0,341.0,390.82000732421875
TSLA,TSLA,2027-06-17,1.1205479452054794,C,195.0,-0.695247556108695,210.75,215.95,211.48,0.686373985900879,1.0,304.0,390.82000732421875
TSLA,TSLA,2027-06-17,1.1205479452054794,C,200.0,-0.6699297481244053,207.4,210.55,212.95,0.6754182849121095,6.0,1739.0,390.82000732421875
TSLA,TSLA,2027-06-17,1.1205479452054794,C,205.0,-0.6452371355340337,202.95,207.25,191.95,0.6711763839721682,1.0,67.0,390.82000732421875
TSLA,TSLA,2027-06-17,1.1205479452054794,C,210.0,-0.6211395839549733,198.8,202.65,180.74,0.6600680966186524,1.0,366.0,390.82000732421875
TSLA,TSLA,2027-06-17,1.1205479452054794,C,215.0,-0.5976090865447792,194.8,198.55,160.15,0.6530796411132813,5.0,121.0,390.82000732421875
TSLA,TSLA,2027-06-17,1.1205479452054794,C,220.0,-0.5746195683200804,190.25,195.3,196.02,0.6477086010742188,2.0,978.0,390.82000732421875
TSLA,TSLA,2027-06-17,1.1205479452054794,C,225.0,-0.5521467124680218,186.9,190.4,192.54,0.639377385559082,1.0,75.0,390.82000732421875
TSLA,TSLA,2027-06-17,1.1205479452054794,C,230.0,-0.5301678057492466,182.35,187.3,184.58,0.6343725527954102,2.0,1183.0,390.82000732421875
TSLA,TSLA,2027-06-17,1.1205479452054794,C,235.0,-0.508661600528283,178.5,183.4,178.95,0.6284979777526856,1.0,107.0,390.82000732421875
TSLA,TSLA,2027-06-17,1.1205479452054794,C,240.0,-0.48760819133045064,175.1,178.75,180.0,0.6207618490600587,2.0,1222.0,390.82000732421875
TSLA,TSLA,2027-06-17,1.1205479452054794,C,245.0,-0.46698890412771493,171.4,174.9,147.5,0.6155128781127931,1.0,104.0,390.82000732421875
TSLA,TSLA,2027-06-17,1.1205479452054794,C,250.0,-0.4467861968101955,168.15,170.7,173.93,0.6104775280761721,31.0,1617.0,390.82000732421875
TSLA,TSLA,2027-06-17,1.1205479452054794,C,255.0,-0.4269835695140158,164.25,167.3,169.0,0.6059151957702638,6.0,106.0,390.82000732421875
TSLA,TSLA,2027-06-17,1.1205479452054794,C,260.0,-0.4075654836569142,159.85,163.45,143.13,0.5965158757019042,2.0,1167.0,390.82000732421875
TSLA,TSLA,2027-06-17,1.1205479452054794,C,270.0,-0.36982515567406715,153.85,156.05,157.65,0.5916941465759278,1.0,4572.0,390.82000732421875
TSLA,TSLA,2027-06-17,1.1205479452054794,C,280.0,-0.3334575115031923,146.85,149.2,153.42,0.5834392242431641,17.0,1209.0,390.82000732421875
TSLA,TSLA,2027-06-17,1.1205479452054794,C,290.0,-0.2983661916919222,140.5,142.5,141.15,0.5773968041992188,116.0,952.0,390.82000732421875
TSLA,TSLA,2027-06-17,1.1205479452054794,C,300.0,-0.2644646400162408,134.0,135.7,135.1,0.5691113645935058,49.0,7409.0,390.82000732421875
TSLA,TSLA,2027-06-17,1.1205479452054794,C,310.0,-0.23167481719324995,126.9,130.55,133.85,0.5638166177368166,4.0,1177.0,390.82000732421875
TSLA,TSLA,2027-06-17,1.1205479452054794,C,320.0,-0.19992611887866965,121.2,124.2,125.77,0.5580641117858887,6.0,1369.0,390.82000732421875
TSLA,TSLA,2027-06-17,1.1205479452054794,C,330.0,-0.16915446021191596,115.95,117.85,120.0,0.5527693649291993,6.0,3116.0,390.82000732421875
TSLA,TSLA,2027-06-17,1.1205479452054794,C,340.0,-0.1393014970622348,110.25,112.4,115.68,0.5479323771667481,6.0,1280.0,390.82000732421875
TSLA,TSLA,2027-06-17,1.1205479452054794,C,350.0,-0.1103139601889825,105.2,107.25,109.36,0.5451858226013184,15.0,3206.0,390.82000732421875
TSLA,TSLA,2027-06-17,1.1205479452054794,C,360.0,-0.08214308322228618,99.3,102.75,100.84,0.5406234902954102,4.0,1241.0,390.82000732421875
TSLA,TSLA,2027-06-17,1.1205479452054794,C,370.0,-0.05474410903417173,95.15,97.1,100.68,0.5369461589050293,38.0,1813.0,390.82000732421875
TSLA,TSLA,2027-06-17,1.1205479452054794,C,380.0,-0.0280758619520104,91.2,92.3,93.12,0.5355728816223146,50.0,1258.0,390.82000732421875
TSLA,TSLA,2027-06-17,1.1205479452054794,C,390.0,-0.0021003755487497416,86.4,87.9,87.9,0.5316819293212891,124.0,1057.0,390.82000732421875
TSLA,TSLA,2027-06-17,1.1205479452054794,C,400.0,0.023217432435540027,82.4,83.45,82.5,0.529148995666504,390.0,5055.0,390.82000732421875
TSLA,TSLA,2027-06-17,1.1205479452054794,C,410.0,0.047910045025911535,77.65,80.0,80.95,0.5264024411010743,19.0,1144.0,390.82000732421875
TSLA,TSLA,2027-06-17,1.1205479452054794,C,420.0,0.07200759660497204,74.0,75.75,77.16,0.5236253692626953,40.0,2985.0,390.82000732421875
TSLA,TSLA,2027-06-17,1.1205479452054794,C,430.0,0.09553809401516616,70.2,72.55,75.0,0.5226640751647949,2.0,1172.0,390.82000732421875
TSLA,TSLA,2027-06-17,1.1205479452054794,C,440.0,0.11852761223986491,67.65,68.5,68.04,0.5220003244781494,4.0,2059.0,390.82000732421875
TSLA,TSLA,2027-06-17,1.1205479452054794,C,450.0,0.14100046809192351,64.25,65.15,66.2,0.5200090724182129,55.0,4165.0,390.82000732421875
TSLA,TSLA,2027-06-17,1.1205479452054794,C,460.0,0.16297937481069874,60.9,62.2,61.99,0.5185442433166505,151.0,1094.0,390.82000732421875
TSLA,TSLA,2027-06-17,1.1205479452054794,C,470.0,0.18448558003166235,58.05,59.25,60.6,0.51778131149292,6.0,1842.0,390.82000732421875
TSLA,TSLA,2027-06-17,1.1205479452054794,C,480.0,0.20553898922949468,55.25,56.45,59.07,0.5168352760314943,25.0,1918.0,390.82000732421875
TSLA,TSLA,2027-06-17,1.1205479452054794,C,490.0,0.22615827643223038,52.65,54.0,56.02,0.5168200173950196,4.0,1339.0,390.82000732421875
TSLA,TSLA,2027-06-17,1.1205479452054794,C,500.0,0.24636098374974982,50.7,51.35,50.7,0.5174608801269531,380.0,5855.0,390.82000732421875
TSLA,TSLA,2027-06-17,1.1205479452054794,C,510.0,0.26616361104592956,47.75,49.1,50.36,0.515553550567627,8.0,1210.0,390.82000732421875
TSLA,TSLA,2027-06-17,1.1205479452054794,C,520.0,0.28558169690303115,45.6,46.8,42.13,0.5153017830657958,20.0,1535.0,390.82000732421875
TSLA,TSLA,2027-06-17,1.1205479452054794,C,530.0,0.30462989187372563,43.5,44.75,42.75,0.5153399296569823,17.0,1600.0,390.82000732421875
TSLA,TSLA,2027-06-17,1.1205479452054794,C,540.0,0.3233220248858782,41.65,42.45,42.05,0.5147601014709473,13.0,1479.0,390.82000732421875
TSLA,TSLA,2027-06-17,1.1205479452054794,C,550.0,0.34167116355407473,40.0,40.8,41.0,0.5163012237548827,62.0,2246.0,390.82000732421875
TSLA,TSLA,2027-06-17,1.1205479452054794,C,560.0,0.35968966905675304,37.85,39.1,40.78,0.5155077746582031,24.0,1526.0,390.82000732421875
TSLA,TSLA,2027-06-17,1.1205479452054794,C,570.0,0.37738924615615393,36.1,37.45,39.53,0.51562984375,6.0,674.0,390.82000732421875
TSLA,TSLA,2027-06-17,1.1205479452054794,C,580.0,0.39478098886802315,34.75,35.95,35.28,0.5170488969421387,13.0,1181.0,390.82000732421875
TSLA,TSLA,2027-06-17,1.1205479452054794,C,590.0,0.41187542222732326,33.0,34.35,34.38,0.5163012237548827,18.0,659.0,390.82000732421875
TSLA,TSLA,2027-06-17,1.1205479452054794,C,600.0,0.42868254054370447,31.7,32.8,32.93,0.5167437242126465,233.0,6538.0,390.82000732421875
TSLA,TSLA,2027-06-17,1.1205479452054794,C,610.0,0.445211842494915,30.15,31.65,32.93,0.5172396298980713,1.0,905.0,390.82000732421875
TSLA,TSLA,2027-06-17,1.1205479452054794,C,620.0,0.46147236336669534,28.85,30.35,30.0,0.5176439837646485,1.0,614.0,390.82000732421875
TSLA,TSLA,2027-06-17,1.1205479452054794,C,630.0,0.4774727047131365,27.65,29.1,30.11,0.5181322601318359,2.0,813.0,390.82000732421875
TSLA,TSLA,2027-06-17,1.1205479452054794,C,640.0,0.49322106168127566,26.5,27.95,23.05,0.518757864227295,2.0,826.0,390.82000732421875
TSLA,TSLA,2027-06-17,1.1205479452054794,C,650.0,0.508725248217241,25.85,26.35,25.5,0.5191698474121094,63.0,29133.0,390.82000732421875
TSLA,TSLA,2027-06-17,1.1205479452054794,C,660.0,0.5239927203480294,24.7,25.65,25.35,0.5206957110595702,53.0,11600.0,390.82000732421875
TSLA,TSLA,2027-06-17,1.1205479452054794,C,670.0,0.5390305977125699,23.4,24.8,20.1,0.5207262283325195,1.0,174.0,390.82000732421875
TSLA,TSLA,2027-06-17,1.1205479452054794,C,680.0,0.5538456834977105,22.75,23.75,24.82,0.5221300228881834,4.0,23127.0,390.82000732421875
TSLA,TSLA,2027-06-17,1.1205479452054794,C,690.0,0.5684444829188632,21.9,23.0,21.85,0.5236101106262208,3.0,1308.0,390.82000732421875
TSLA,TSLA,2027-06-17,1.1205479452054794,C,700.0,0.5828332203709629,21.2,21.95,22.52,0.5241899388122557,49.0,11541.0,390.82000732421875
TSLA,TSLA,2027-06-17,1.1205479452054794,C,710.0,0.5970178553629193,20.0,21.35,16.35,0.5242204560852051,5.0,1061.0,390.82000732421875
TSLA,TSLA,2027-06-17,1.1205479452054794,C,720.0,0.6110040973376591,19.2,20.55,21.5,0.5247545083618165,1.0,1212.0,390.82000732421875
TSLA,TSLA,2027-06-17,1.1205479452054794,C,730.0,0.624797419469995,18.5,19.85,23.9,0.5258378715515137,895.0,989.0,390.82000732421875
TSLA,TSLA,2027-06-17,1.1205479452054794,C,740.0,0.6384030715257736,18.0,18.95,19.55,0.5266313206481934,1.0,1499.0,390.82000732421875
TSLA,TSLA,2027-06-17,1.1205479452054794,C,750.0,0.6518260918579143,17.4,18.25,18.97,0.5276078733825684,4.0,2976.0,390.82000732421875
TSLA,TSLA,2027-06-17,1.1205479452054794,C,760.0,0.6650713186079349,16.75,17.85,18.3,0.5294389097595216,1.0,1133.0,390.82000732421875
TSLA,TSLA,2027-06-17,1.1205479452054794,C,770.0,0.6781434001752876,16.15,17.25,20.9,0.5303696865844728,1.0,731.0,390.82000732421875
TSLA,TSLA,2027-06-17,1.1205479452054794,C,780.0,0.6910468050111955,15.75,16.5,14.12,0.5312699461364747,40.0,5894.0,390.82000732421875
TSLA,TSLA,2027-06-17,1.1205479452054794,C,790.0,0.7037858307886252,15.25,16.0,15.67,0.5326584820556641,50.0,3331.0,390.82000732421875
TSLA,TSLA,2027-06-17,1.1205479452054794,C,800.0,0.7163646129954854,14.6,15.3,15.08,0.532109171142578,35.0,17946.0,390.82000732421875
TSLA,TSLA,2027-06-17,1.1205479452054794,C,810.0,0.7287871329940425,14.25,15.0,14.75,0.5347794325256348,3.0,5021.0,390.82000732421875
TSLA,TSLA,2027-06-17,1.1205479452054794,C,820.0,0.7410572255858568,13.65,14.45,15.35,0.5347489152526854,2.0,3052.0,390.82000732421875
TSLA,TSLA,2027-06-17,1.1205479452054794,C,830.0,0.7531785861182017,13.15,14.0,12.06,0.5355118470764162,1.0,2224.0,390.82000732421875
TSLA,TSLA,2027-06-17,1.1205479452054794,C,840.0,0.7651547771649173,12.85,13.6,11.95,0.5373734007263185,300.0,1890.0,390.82000732421875
TSLA,TSLA,2027-06-17,1.1205479452054794,C,850.0,0.7769892348119202,12.45,13.25,13.53,0.5388077125549318,1.0,549.0,390.82000732421875
TSLA,TSLA,2027-06-17,1.1205479452054794,C,860.0,0.7886852745751115,11.85,12.9,12.0,0.5389755575561525,2.0,403.0,390.82000732421875
TSLA,TSLA,2027-06-17,1.1205479452054794,C,870.0,0.8002460969761874,11.5,12.55,9.38,0.5403183175659182,1.0,283.0,390.82000732421875
TSLA,TSLA,2027-06-17,1.1205479452054794,C,880.0,0.8116747927998103,11.15,12.0,12.88,0.5403488348388674,3.0,3202.0,390.82000732421875
TSLA,TSLA,2027-06-17,1.1205479452054794,C,890.0,0.8229743480537436,10.85,11.65,11.0,0.5416305603027345,30.0,469.0,390.82000732421875
TSLA,TSLA,2027-06-17,1.1205479452054794,C,900.0,0.8341476486518689,10.65,11.3,11.42,0.5433395275878907,13.0,7581.0,390.82000732421875
TSLA,TSLA,2027-06-17,1.1205479452054794,C,910.0,0.8451974848384538,10.3,11.15,9.35,0.5452010812377931,10.0,364.0,390.82000732421875
TSLA,TSLA,2027-06-17,1.1205479452054794,C,920.0,0.8561265553706441,9.85,10.9,8.56,0.5457198748779297,2.0,402.0,390.82000732421875
TSLA,TSLA,2027-06-17,1.1205479452054794,C,930.0,0.8669374714748597,9.6,10.4,8.35,0.545750392150879,3.0,1912.0,390.82000732421875
TSLA,TSLA,2027-06-17,1.1205479452054794,C,940.0,0.8776327605916077,9.35,10.15,10.22,0.5471999626159669,11.0,4300.0,390.82000732421875
TSLA,TSLA,2027-06-17,1.1205479452054794,C,950.0,0.8882148699221446,9.2,9.95,8.08,0.5494734994506837,1.0,803.0,390.82000732421875
TSLA,TSLA,2027-06-17,1.1205479452054794,C,960.0,0.89868616978944,8.8,9.6,9.4,0.5490309989929201,4.0,2510.0,390.82000732421875
TSLA,TSLA,2027-06-17,1.1205479452054794,C,970.0,0.9090489568249865,8.65,9.4,9.75,0.5510756562805177,4.0,1599.0,390.82000732421875
TSLA,TSLA,2027-06-17,1.1205479452054794,C,980.0,0.9193054569921757,8.6,9.15,9.2,0.5533491931152343,29.0,862.0,390.82000732421875
TSLA,TSLA,2027-06-17,1.1205479452054794,C,990.0,0.9294578284561937,8.4,8.65,8.5,0.5527998822021485,218.0,7326.0,390.82000732421875
TSLA,TSLA,2027-06-17,1.1205479452054794,P,5.0,-4.358809202238342,0.01,0.04,0.02,1.3984405078125,8.0,2337.0,390.82000732421875
TSLA,TSLA,2027-06-17,1.1205479452054794,P,10.0,-3.665662021678396,0.04,0.07,0.07,1.2421912890624998,6.0,1318.0,390.82000732421875
TSLA,TSLA,2027-06-17,1.1205479452054794,P,15.0,-3.260196913570232,0.02,0.31,0.13,1.2265663671875,1.0,533.0,390.82000732421875
TSLA,TSLA,2027-06-17,1.1205479452054794,P,20.0,-2.9725148411184508,0.01,0.33,0.13,1.111332568359375,15.0,683.0,390.82000732421875
TSLA,TSLA,2027-06-17,1.1205479452054794,P,25.0,-2.749371289804241,0.18,0.41,0.25,1.091801416015625,17.0,544.0,390.82000732421875
TSLA,TSLA,2027-06-17,1.1205479452054794,P,30.0,-2.5670497330102866,0.18,0.5,0.31,1.0332079589843752,1.0,469.0,390.82000732421875
TSLA,TSLA,2027-06-17,1.1205479452054794,P,35.0,-2.412899053183028,0.01,0.5,0.54,0.9335944140625,1.0,427.0,390.82000732421875
TSLA,TSLA,2027-06-17,1.1205479452054794,P,40.0,-2.2793676605585054,0.33,0.6,0.47,0.9497075341796875,1.0,116.0,390.82000732421875
TSLA,TSLA,2027-06-17,1.1205479452054794,P,45.0,-2.161584624902122,0.0,0.0,0.82,0.500005,5.0,0.0,390.82000732421875
TSLA,TSLA,2027-06-17,1.1205479452054794,P,50.0,-2.056224109244296,0.52,0.85,0.66,0.9008798974609374,5.0,813.0,390.82000732421875
TSLA,TSLA,2027-06-17,1.1205479452054794,P,55.0,-1.9609139294399711,0.61,0.93,0.85,0.8730481445312499,16.0,120.0,390.82000732421875
TSLA,TSLA,2027-06-17,1.1205479452054794,P,60.0,-1.8739025524503412,0.69,1.04,0.93,0.8483901879882811,1.0,279.0,390.82000732421875
TSLA,TSLA,2027-06-17,1.1205479452054794,P,65.0,-1.7938598447768048,0.78,1.15,1.15,0.8254411987304686,5.0,125.0,390.82000732421875
TSLA,TSLA,2027-06-17,1.1205479452054794,P,70.0,-1.719751872623083,1.0,1.27,1.05,0.8117694604492187,10.0,209.0,390.82000732421875
TSLA,TSLA,2027-06-17,1.1205479452054794,P,75.0,-1.6507590011361315,1.0,1.37,1.25,0.7846701220703125,1.0,375.0,390.82000732421875
TSLA,TSLA,2027-06-17,1.1205479452054794,P,80.0,-1.5862204799985602,1.2,1.45,1.24,0.7683128637695313,30.0,493.0,390.82000732421875
TSLA,TSLA,2027-06-17,1.1205479452054794,P,85.0,-1.5255958581821254,1.2,1.65,1.62,0.7485376708984376,2.0,850.0,390.82000732421875
TSLA,TSLA,2027-06-17,1.1205479452054794,P,90.0,-1.4684374443421768,1.32,1.78,1.89,0.7314479980468749,6.0,231.0,390.82000732421875
TSLA,TSLA,2027-06-17,1.1205479452054794,P,95.0,-1.414370223071901,1.55,1.87,1.86,0.7175321215820312,5.0,1500.0,390.82000732421875
TSLA,TSLA,2027-06-17,1.1205479452054794,P,100.0,-1.3630769286843505,1.71,2.01,1.83,0.7028838305664062,9.0,3054.0,390.82000732421875
TSLA,TSLA,2027-06-17,1.1205479452054794,P,105.0,-1.3142867645149185,1.75,2.26,2.05,0.6879914013671876,1.0,142.0,390.82000732421875
TSLA,TSLA,2027-06-17,1.1205479452054794,P,110.0,-1.2677667488800257,2.06,2.37,2.27,0.6772493212890626,2.0,1791.0,390.82000732421875
TSLA,TSLA,2027-06-17,1.1205479452054794,P,115.0,-1.2233149863091919,0.0,0.0,3.43,0.2500075,6.0,0.0,390.82000732421875
TSLA,TSLA,2027-06-17,1.1205479452054794,P,120.0,-1.180755371890396,2.5,2.83,3.0,0.6563755065917969,1.0,826.0,390.82000732421875
TSLA,TSLA,2027-06-17,1.1205479452054794,P,125.0,-1.1399333773701408,2.52,3.05,3.21,0.6407506628417969,10.0,524.0,390.82000732421875
TSLA,TSLA,2027-06-17,1.1205479452054794,P,130.0,-1.1007126642168594,2.71,3.3,3.15,0.629886513671875,2.0,264.0,390.82000732421875
TSLA,TSLA,2027-06-17,1.1205479452054794,P,135.0,-1.0629723362340124,2.95,3.55,3.4,0.6199989172363283,2.0,128.0,390.82000732421875
TSLA,TSLA,2027-06-17,1.1205479452054794,P,140.0,-1.0266046920631375,3.2,3.85,4.2,0.6109658044433595,1.0,234.0,390.82000732421875
TSLA,TSLA,2027-06-17,1.1205479452054794,P,145.0,-0.9915133722518675,3.45,4.1,4.34,0.6008951043701174,24.0,137.0,390.82000732421875
TSLA,TSLA,2027-06-17,1.1205479452054794,P,150.0,-0.9576118205761861,3.9,4.3,4.13,0.5931437170410157,5.0,2887.0,390.82000732421875
TSLA,TSLA,2027-06-17,1.1205479452054794,P,155.0,-0.9248219977531953,4.05,4.75,4.76,0.5842326733398437,24.0,248.0,390.82000732421875
TSLA,TSLA,2027-06-17,1.1205479452054794,P,160.0,-0.8930732994386149,4.4,5.1,4.77,0.5766033551025391,2.0,584.0,390.82000732421875
TSLA,TSLA,2027-06-17,1.1205479452054794,P,165.0,-0.8623016407718612,4.8,5.2,5.1,0.565983344116211,2.0,215.0,390.82000732421875
TSLA,TSLA,2027-06-17,1.1205479452054794,P,170.0,-0.8324486776221801,5.3,5.85,5.15,0.5636640313720704,1.0,1009.0,390.82000732421875
TSLA,TSLA,2027-06-17,1.1205479452054794,P,175.0,-0.8034611407489278,5.65,6.35,6.0,0.5568891967773439,16.0,1116.0,390.82000732421875
TSLA,TSLA,2027-06-17,1.1205479452054794,P,180.0,-0.7752902637822315,6.25,6.75,6.35,0.5514266049194337,74.0,2070.0,390.82000732421875
TSLA,TSLA,2027-06-17,1.1205479452054794,P,185.0,-0.747891289594117,6.65,7.3,6.86,0.5449874603271485,1.0,314.0,390.82000732421875
TSLA,TSLA,2027-06-17,1.1205479452054794,P,190.0,-0.7212230425119557,7.2,7.55,7.41,0.5366867620849609,27.0,994.0,390.82000732421875
TSLA,TSLA,2027-06-17,1.1205479452054794,P,195.0,-0.695247556108695,7.6,8.35,8.65,0.532109171142578,1.0,892.0,390.82000732421875
TSLA,TSLA,2027-06-17,1.1205479452054794,P,200.0,-0.6699297481244053,8.3,8.75,8.6,0.526097268371582,14.0,17971.0,390.82000732421875
TSLA,TSLA,2027-06-17,1.1205479452054794,P,205.0,-0.6452371355340337,8.8,9.5,9.15,0.5210314010620116,2.0,242.0,390.82000732421875
TSLA,TSLA,2027-06-17,1.1205479452054794,P,210.0,-0.6211395839549733,9.55,10.0,9.9,0.5155688092041015,42.0,825.0,390.82000732421875
TSLA,TSLA,2027-06-17,1.1205479452054794,P,215.0,-0.5976090865447792,10.25,10.75,10.49,0.5112963909912109,40.0,88.0,390.82000732421875
TSLA,TSLA,2027-06-17,1.1205479452054794,P,220.0,-0.5746195683200804,11.0,11.5,11.29,0.5069324209594727,36.0,2726.0,390.82000732421875
TSLA,TSLA,2027-06-17,1.1205479452054794,P,225.0,-0.5521467124680218,11.7,12.45,12.6,0.503209313659668,11.0,263.0,390.82000732421875
TSLA,TSLA,2027-06-17,1.1205479452054794,P,230.0,-0.5301678057492466,12.65,13.35,12.77,0.5003406900024415,49.0,3113.0,390.82000732421875
TSLA,TSLA,2027-06-17,1.1205479452054794,P,235.0,-0.508661600528283,13.6,14.25,13.79,0.5011341390991212,9.0,174.0,390.82000732421875
TSLA,TSLA,2027-06-17,1.1205479452054794,P,240.0,-0.48760819133045064,14.4,15.05,14.58,0.4955494781494141,24.0,6662.0,390.82000732421875
TSLA,TSLA,2027-06-17,1.1205479452054794,P,245.0,-0.46698890412771493,15.3,16.3,17.25,0.4950001672363281,10.0,279.0,390.82000732421875
TSLA,TSLA,2027-06-17,1.1205479452054794,P,250.0,-0.4467861968101955,16.6,16.95,16.9,0.4869893830871583,33.0,4689.0,390.82000732421875
TSLA,TSLA,2027-06-17,1.1205479452054794,P,255.0,-0.4269835695140158,17.4,18.35,17.65,0.4870656762695313,2.0,195.0,390.82000732421875
TSLA,TSLA,2027-06-17,1.1205479452054794,P,260.0,-0.4075654836569142,18.65,19.25,18.74,0.48122161849975587,19.0,6104.0,390.82000732421875
TSLA,TSLA,2027-06-17,1.1205479452054794,P,270.0,-0.36982515567406715,21.1,21.7,21.13,0.47519445709228514,48.0,1700.0,390.82000732421875
TSLA,TSLA,2027-06-17,1.1205479452054794,P,280.0,-0.3334575115031923,23.8,24.65,23.73,0.4721579884338379,49.0,1997.0,390.82000732421875
TSLA,TSLA,2027-06-17,1.1205479452054794,P,290.0,-0.2983661916919222,26.7,27.6,26.5,0.46722944885253903,6.0,2139.0,390.82000732421875
TSLA,TSLA,2027-06-17,1.1205479452054794,P,300.0,-0.2644646400162408,29.95,30.6,30.05,0.4611107356262208,62.0,5415.0,390.82000732421875
TSLA,TSLA,2027-06-17,1.1205479452054794,P,310.0,-0.23167481719324995,33.25,34.2,33.27,0.4582421119689942,12.0,645.0,390.82000732421875
TSLA,TSLA,2027-06-17,1.1205479452054794,P,320.0,-0.19992611887866965,36.9,37.85,37.43,0.45409176284790037,18.0,3110.0,390.82000732421875
TSLA,TSLA,2027-06-17,1.1205479452054794,P,330.0,-0.16915446021191596,40.7,41.5,41.11,0.4484460673522949,31.0,2230.0,390.82000732421875
TSLA,TSLA,2027-06-17,1.1205479452054794,P,340.0,-0.1393014970622348,44.8,45.7,44.85,0.44527227096557614,11.0,2101.0,390.82000732421875
TSLA,TSLA,2027-06-17,1.1205479452054794,P,350.0,-0.1103139601889825,49.2,50.25,48.8,0.44298347549438477,17.0,3703.0,390.82000732421875
TSLA,TSLA,2027-06-17,1.1205479452054794,P,360.0,-0.08214308322228618,53.65,55.05,53.72,0.440885412979126,5.0,1123.0,390.82000732421875
TSLA,TSLA,2027-06-17,1.1205479452054794,P,370.0,-0.05474410903417173,58.6,59.75,57.9,0.43672743453979496,16.0,8521.0,390.82000732421875
TSLA,TSLA,2027-06-17,1.1205479452054794,P,380.0,-0.0280758619520104,63.55,64.85,63.81,0.43379014701843266,33.0,1405.0,390.82000732421875
TSLA,TSLA,2027-06-17,1.1205479452054794,P,390.0,-0.0021003755487497416,68.8,70.3,68.52,0.43173786041259765,22.0,1412.0,390.82000732421875
TSLA,TSLA,2027-06-17,1.1205479452054794,P,400.0,0.023217432435540027,74.5,75.45,74.48,0.4265499240112305,117.0,2732.0,390.82000732421875
TSLA,TSLA,2027-06-17,1.1205479452054794,P,410.0,0.047910045025911535,80.0,81.6,79.6,0.4262676392364503,10.0,1414.0,390.82000732421875
TSLA,TSLA,2027-06-17,1.1205479452054794,P,420.0,0.07200759660497204,85.95,87.6,94.9,0.4238491453552246,4.0,684.0,390.82000732421875
TSLA,TSLA,2027-06-17,1.1205479452054794,P,430.0,0.09553809401516616,92.2,93.7,90.5,0.4208584526062012,5.0,1254.0,390.82000732421875
TSLA,TSLA,2027-06-17,1.1205479452054794,P,440.0,0.11852761223986491,98.65,99.95,98.48,0.4176541389465332,2.0,1965.0,390.82000732421875
TSLA,TSLA,2027-06-17,1.1205479452054794,P,450.0,0.14100046809192351,105.05,106.6,104.23,0.415746809387207,2.0,1068.0,390.82000732421875
TSLA,TSLA,2027-06-17,1.1205479452054794,P,460.0,0.16297937481069874,111.75,113.45,122.4,0.4139768075561523,14.0,309.0,390.82000732421875
TSLA,TSLA,2027-06-17,1.1205479452054794,P,470.0,0.18448558003166235,118.65,120.3,126.05,0.41116921844482424,10.0,336.0,390.82000732421875
TSLA,TSLA,2027-06-17,1.1205479452054794,P,480.0,0.20553898922949468,125.75,127.55,123.1,0.40980357048034666,4.0,523.0,390.82000732421875
TSLA,TSLA,2027-06-17,1.1205479452054794,P,490.0,0.22615827643223038,133.0,134.85,140.78,0.4077665425109864,3.0,176.0,390.82000732421875
TSLA,TSLA,2027-06-17,1.1205479452054794,P,500.0,0.24636098374974982,140.15,142.35,139.3,0.40603468727111813,3.0,826.0,390.82000732421875
TSLA,TSLA,2027-06-17,1.1205479452054794,P,510.0,0.26616361104592956,147.4,150.2,153.0,0.4056455920410156,1.0,302.0,390.82000732421875
TSLA,TSLA,2027-06-17,1.1205479452054794,P,520.0,0.28558169690303115,154.95,158.1,164.72,0.4047148152160644,13.0,183.0,390.82000732421875
TSLA,TSLA,2027-06-17,1.1205479452054794,P,530.0,0.30462989187372563,162.75,165.95,172.61,0.40257860610961915,3.0,171.0,390.82000732421875
TSLA,TSLA,2027-06-17,1.1205479452054794,P,540.0,0.3233220248858782,170.85,173.9,205.75,0.40023640541076666,8.0,219.0,390.82000732421875
TSLA,TSLA,2027-06-17,1.1205479452054794,P,550.0,0.34167116355407473,178.75,182.15,191.35,0.3991606715393067,1.0,304.0,390.82000732421875
TSLA,TSLA,2027-06-17,1.1205479452054794,P,560.0,0.35968966905675304,187.1,190.3,229.5,0.39650566879272464,2.0,390.0,390.82000732421875
TSLA,TSLA,2027-06-17,1.1205479452054794,P,570.0,0.37738924615615393,195.2,198.85,207.0,0.3960326510620118,5.0,78.0,390.82000732421875
TSLA,TSLA,2027-06-17,1.1205479452054794,P,580.0,0.39478098886802315,202.85,208.1,205.0,0.4003355865478516,49.0,251.0,390.82000732421875
TSLA,TSLA,2027-06-17,1.1205479452054794,P,590.0,0.41187542222732326,211.35,216.6,232.7,0.39813834289550787,5.0,166.0,390.82000732421875
TSLA,TSLA,2027-06-17,1.1205479452054794,P,600.0,0.42868254054370447,221.15,224.1,218.5,0.38661807235717766,50.0,455.0,390.82000732421875
TSLA,TSLA,2027-06-17,1.1205479452054794,P,610.0,0.445211842494915,228.95,233.8,247.33,0.3929809237670898,4.0,252.0,390.82000732421875
TSLA,TSLA,2027-06-17,1.1205479452054794,P,620.0,0.46147236336669534,237.5,242.8,250.95,0.39278256149291996,2.0,245.0,390.82000732421875
TSLA,TSLA,2027-06-17,1.1205479452054794,P,630.0,0.4774727047131365,246.4,251.7,293.49,0.3909973010253906,3.0,474.0,390.82000732421875
TSLA,TSLA,2027-06-17,1.1205479452054794,P,640.0,0.49322106168127566,255.4,260.65,291.7,0.38898316101074215,25.0,544.0,390.82000732421875
TSLA,TSLA,2027-06-17,1.1205479452054794,P,650.0,0.508725248217241,264.6,269.5,281.3,0.38516850189208973,5.0,450.0,390.82000732421875
TSLA,TSLA,2027-06-17,1.1205479452054794,P,660.0,0.5239927203480294,273.55,278.8,319.3,0.38529057098388664,2.0,575.0,390.82000732421875
TSLA,TSLA,2027-06-17,1.1205479452054794,P,670.0,0.5390305977125699,282.75,287.95,296.28,0.38318487915039057,1.0,349.0,390.82000732421875
TSLA,TSLA,2027-06-17,1.1205479452054794,P,680.0,0.5538456834977105,292.75,297.2,307.99,0.3815369464111328,2.0,1398.0,390.82000732421875
TSLA,TSLA,2027-06-17,1.1205479452054794,P,690.0,0.5684444829188632,301.65,306.3,351.35,0.3772950454711914,2.0,252.0,390.82000732421875
TSLA,TSLA,2027-06-17,1.1205479452054794,P,700.0,0.5828332203709629,310.85,315.7,332.32,0.3760743545532227,1.0,621.0,390.82000732421875
TSLA,TSLA,2027-06-17,1.1205479452054794,P,710.0,0.5970178553629193,320.15,325.25,350.9,0.3763184927368164,2.0,190.0,390.82000732421875
TSLA,TSLA,2027-06-17,1.1205479452054794,P,720.0,0.6110040973376591,329.6,334.7,328.3,0.3746400427246094,12.0,260.0,390.82000732421875
TSLA,TSLA,2027-06-17,1.1205479452054794,P,730.0,0.624797419469995,339.15,344.2,341.79,0.37308366180419916,3.0,16.0,390.82000732421875
TSLA,TSLA,2027-06-17,1.1205479452054794,P,740.0,0.6384030715257736,349.0,353.65,368.35,0.3700319345092773,1.0,28.0,390.82000732421875
TSLA,TSLA,2027-06-17,1.1205479452054794,P,750.0,0.6518260918579143,358.75,363.15,357.02,0.36701072448730465,1.0,1.0,390.82000732421875
TSLA,TSLA,2027-06-17,1.1205479452054794,P,760.0,0.6650713186079349,368.25,372.95,395.35,0.3688417608642578,2.0,1.0,390.82000732421875
TSLA,TSLA,2027-06-17,1.1205479452054794,P,780.0,0.6910468050111955,387.7,392.35,414.83,0.36762106994628907,4.0,0.0,390.82000732421875
TSLA,TSLA,2027-06-17,1.1205479452054794,P,790.0,0.7037858307886252,397.5,402.1,443.1,0.36737693176269537,2.0,0.0,390.82000732421875
TSLA,TSLA,2027-06-17,1.1205479452054794,P,830.0,0.7531785861182017,436.7,441.75,441.85,0.3786683227539062,2.0,1.0,390.82000732421875
TSLA,TSLA,2027-06-17,1.1205479452054794,P,840.0,0.7651547771649173,446.75,451.75,485.8,0.3833069482421875,2.0,0.0,390.82000732421875
TSLA,TSLA,2027-06-17,1.1205479452054794,P,850.0,0.7769892348119202,456.95,461.55,490.6,0.38281867187499996,2.0,0.0,390.82000732421875
TSLA,TSLA,2027-06-17,1.1205479452054794,P,910.0,0.8451974848384538,516.85,521.65,538.38,0.41138283935546877,3.0,0.0,390.82000732421875
TSLA,TSLA,2027-06-17,1.1205479452054794,P,990.0,0.9294578284561937,596.8,601.65,610.5,0.442937699584961,1.0,0.0,390.82000732421875
TSLA,TSLA,2028-12-15,2.6191780821917807,C,5.0,-4.358809202238342,384.0,392.8,379.05,2.041997082519531,1.0,1116.0,390.82000732421875
TSLA,TSLA,2028-12-15,2.6191780821917807,C,10.0,-3.665662021678396,379.5,387.45,365.4,1.5112329125976562,16.0,4.0,390.82000732421875
TSLA,TSLA,2028-12-15,2.6191780821917807,C,25.0,-2.749371289804241,366.35,374.3,321.5,1.1721232800292967,,27.0,390.82000732421875
TSLA,TSLA,2028-12-15,2.6191780821917807,C,45.0,-2.161584624902122,349.1,357.1,336.63,1.0009205227661133,1.0,29.0,390.82000732421875
TSLA,TSLA,2028-12-15,2.6191780821917807,C,50.0,-2.056224109244296,344.85,352.8,330.05,0.9717410052490234,14.0,16.0,390.82000732421875
TSLA,TSLA,2028-12-15,2.6191780821917807,C,60.0,-1.8739025524503412,336.4,344.4,324.23,0.9243781976318359,1.0,10.0,390.82000732421875
TSLA,TSLA,2028-12-15,2.6191780821917807,C,70.0,-1.719751872623083,328.05,336.05,283.13,0.8849498809814453,16.0,16.0,390.82000732421875
TSLA,TSLA,2028-12-15,2.6191780821917807,C,80.0,-1.5862204799985602,319.8,327.8,279.5,0.8517470880126954,8.0,19.0,390.82000732421875
TSLA,TSLA,2028-12-15,2.6191780821917807,C,100.0,-1.3630769286843505,304.2,311.35,314.1,0.8006916903686524,1.0,353.0,390.82000732421875
TSLA,TSLA,2028-12-15,2.6191780821917807,C,110.0,-1.2677667488800257,295.85,303.65,279.76,0.7767051138305664,3.0,49.0,390.82000732421875
TSLA,TSLA,2028-12-15,2.6191780821917807,C,120.0,-1.180755371890396,287.95,295.95,297.88,0.7568383691406251,1.0,56.0,390.82000732421875
TSLA,TSLA,2028-12-15,2.6191780821917807,C,130.0,-1.1007126642168594,280.35,288.25,273.25,0.7392909371948241,1.0,20.0,390.82000732421875
TSLA,TSLA,2028-12-15,2.6191780821917807,C,140.0,-1.0266046920631375,272.75,280.75,260.43,0.7230557479858398,8.0,44.0,390.82000732421875
TSLA,TSLA,2028-12-15,2.6191780821917807,C,150.0,-0.9576118205761861,266.9,271.3,275.8,0.7057982301330568,1.0,94.0,390.82000732421875
TSLA,TSLA,2028-12-15,2.6191780821917807,C,160.0,-0.8930732994386149,260.15,263.8,268.5,0.6940185627746582,1.0,96.0,390.82000732421875
TSLA,TSLA,2028-12-15,2.6191780821917807,C,170.0,-0.8324486776221801,251.45,258.55,241.02,0.6832307067871095,5.0,72.0,390.82000732421875
TSLA,TSLA,2028-12-15,2.6191780821917807,C,175.0,-0.8034611407489278,248.35,254.9,210.47,0.6786836331176759,,2.0,390.82000732421875
TSLA,TSLA,2028-12-15,2.6191780821917807,C,180.0,-0.7752902637822315,244.6,251.5,236.19,0.6722139712524416,10.0,72.0,390.82000732421875
TSLA,TSLA,2028-12-15,2.6191780821917807,C,185.0,-0.747891289594117,241.2,248.05,228.79,0.6669955175781253,1.0,4.0,390.82000732421875
TSLA,TSLA,2028-12-15,2.6191780821917807,C,190.0,-0.7212230425119557,239.8,242.65,239.64,0.6618686157226563,2.0,51.0,390.82000732421875
TSLA,TSLA,2028-12-15,2.6191780821917807,C,195.0,-0.695247556108695,236.35,239.3,236.24,0.6566501620483399,1.0,49.0,390.82000732421875
TSLA,TSLA,2028-12-15,2.6191780821917807,C,200.0,-0.6699297481244053,233.15,235.9,240.55,0.6521336056518555,3.0,324.0,390.82000732421875
TSLA,TSLA,2028-12-15,2.6191780821917807,C,210.0,-0.6211395839549733,224.8,231.45,209.47,0.6442143733215333,3.0,93.0,390.82000732421875
TSLA,TSLA,2028-12-15,2.6191780821917807,C,220.0,-0.5746195683200804,218.75,225.05,204.12,0.6370122969055176,12.0,156.0,390.82000732421875
TSLA,TSLA,2028-12-15,2.6191780821917807,C,230.0,-0.5301678057492466,212.45,218.85,200.6,0.6291159525299073,10.0,78.0,390.82000732421875
TSLA,TSLA,2028-12-15,2.6191780821917807,C,240.0,-0.48760819133045064,208.15,211.0,214.0,0.6219062467956542,2.0,156.0,390.82000732421875
TSLA,TSLA,2028-12-15,2.6191780821917807,C,250.0,-0.4467861968101955,202.55,204.85,205.0,0.6154899901580811,8.0,482.0,390.82000732421875
TSLA,TSLA,2028-12-15,2.6191780821917807,C,260.0,-0.4075654836569142,195.65,200.4,181.1,0.6097832601165774,10.0,237.0,390.82000732421875
TSLA,TSLA,2028-12-15,2.6191780821917807,C,270.0,-0.36982515567406715,191.4,193.65,195.68,0.6045876943969729,1.0,207.0,390.82000732421875
TSLA,TSLA,2028-12-15,2.6191780821917807,C,280.0,-0.3334575115031923,186.1,188.35,192.6,0.5999948448181154,5.0,155.0,390.82000732421875
TSLA,TSLA,2028-12-15,2.6191780821917807,C,290.0,-0.2983661916919222,180.8,183.1,183.25,0.5950357879638672,7.0,155.0,390.82000732421875
TSLA,TSLA,2028-12-15,2.6191780821917807,C,300.0,-0.2644646400162408,176.1,178.3,177.14,0.5923807852172852,37.0,4191.0,390.82000732421875
TSLA,TSLA,2028-12-15,2.6191780821917807,C,310.0,-0.23167481719324995,171.05,173.1,173.8,0.5872462540435792,1.0,250.0,390.82000732421875
TSLA,TSLA,2028-12-15,2.6191780821917807,C,320.0,-0.19992611887866965,166.25,168.35,169.38,0.5834544828796386,1.0,329.0,390.82000732421875
TSLA,TSLA,2028-12-15,2.6191780821917807,C,330.0,-0.16915446021191596,161.7,163.7,165.0,0.5800594362640381,5.0,358.0,390.82000732421875
TSLA,TSLA,2028-12-15,2.6191780821917807,C,340.0,-0.1393014970622348,157.55,158.9,159.43,0.5768169760131835,23.0,8893.0,390.82000732421875
TSLA,TSLA,2028-12-15,2.6191780821917807,C,350.0,-0.1103139601889825,153.4,154.55,155.1,0.5742077491760254,40.0,2463.0,390.82000732421875
TSLA,TSLA,2028-12-15,2.6191780821917807,C,360.0,-0.08214308322228618,149.2,150.4,151.0,0.571491711883545,41.0,706.0,390.82000732421875
TSLA,TSLA,2028-12-15,2.6191780821917807,C,370.0,-0.05474410903417173,144.9,146.5,150.27,0.5687146400451661,28.0,618.0,390.82000732421875
TSLA,TSLA,2028-12-15,2.6191780821917807,C,380.0,-0.0280758619520104,140.95,142.35,142.14,0.5657544645690917,67.0,1881.0,390.82000732421875
TSLA,TSLA,2028-12-15,2.6191780821917807,C,390.0,-0.0021003755487497416,137.1,138.55,137.9,0.5634198931884766,64.0,854.0,390.82000732421875
TSLA,TSLA,2028-12-15,2.6191780821917807,C,400.0,0.023217432435540027,133.65,134.8,135.47,0.5616727793121339,131.0,3715.0,390.82000732421875
TSLA,TSLA,2028-12-15,2.6191780821917807,C,410.0,0.047910045025911535,130.0,131.2,131.5,0.5594526477050781,28.0,497.0,390.82000732421875
TSLA,TSLA,2028-12-15,2.6191780821917807,C,420.0,0.07200759660497204,126.65,127.85,127.28,0.5580412238311768,22.0,902.0,390.82000732421875
TSLA,TSLA,2028-12-15,2.6191780821917807,C,430.0,0.09553809401516616,123.1,124.55,128.0,0.5559584199523928,23.0,581.0,390.82000732421875
TSLA,TSLA,2028-12-15,2.6191780821917807,C,440.0,0.11852761223986491,119.6,121.0,120.5,0.55313557220459,3.0,1149.0,390.82000732421875
TSLA,TSLA,2028-12-15,2.6191780821917807,C,450.0,0.14100046809192351,116.85,118.05,117.45,0.5527846235656739,77.0,5312.0,390.82000732421875
TSLA,TSLA,2028-12-15,2.6191780821917807,C,460.0,0.16297937481069874,113.6,114.95,115.57,0.5507781128692628,1.0,342.0,390.82000732421875
TSLA,TSLA,2028-12-15,2.6191780821917807,C,470.0,0.18448558003166235,110.4,112.0,113.6,0.548878412628174,31.0,318.0,390.82000732421875
TSLA,TSLA,2028-12-15,2.6191780821917807,C,480.0,0.20553898922949468,107.95,109.2,108.4,0.5485045760345459,35.0,431.0,390.82000732421875
TSLA,TSLA,2028-12-15,2.6191780821917807,C,490.0,0.22615827643223038,104.85,106.4,108.66,0.546528582611084,9.0,671.0,390.82000732421875
TSLA,TSLA,2028-12-15,2.6191780821917807,C,500.0,0.24636098374974982,102.45,103.4,104.1,0.5452926330566408,196.0,4556.0,390.82000732421875
TSLA,TSLA,2028-12-15,2.6191780821917807,C,510.0,0.26616361104592956,99.9,100.85,100.65,0.5443771148681642,10.0,295.0,390.82000732421875
TSLA,TSLA,2028-12-15,2.6191780821917807,C,520.0,0.28558169690303115,97.4,98.35,99.9,0.5434005621337892,4.0,340.0,390.82000732421875
TSLA,TSLA,2028-12-15,2.6191780821917807,C,530.0,0.30462989187372563,94.9,95.95,98.5,0.542370604171753,3.0,1195.0,390.82000732421875
TSLA,TSLA,2028-12-15,2.6191780821917807,C,540.0,0.3233220248858782,92.55,93.5,96.8,0.5412948703002932,8.0,599.0,390.82000732421875
TSLA,TSLA,2028-12-15,2.6191780821917807,C,550.0,0.34167116355407473,90.4,91.3,90.5,0.540867628479004,8.0,992.0,390.82000732421875
TSLA,TSLA,2028-12-15,2.6191780821917807,C,560.0,0.35968966905675304,88.15,89.1,90.75,0.5400131448364259,4.0,5061.0,390.82000732421875
TSLA,TSLA,2028-12-15,2.6191780821917807,C,570.0,0.37738924615615393,86.05,86.95,90.1,0.5393341355133059,4.0,389.0,390.82000732421875
TSLA,TSLA,2028-12-15,2.6191780821917807,C,580.0,0.39478098886802315,83.85,84.95,79.8,0.5385330570983888,1.0,531.0,390.82000732421875
TSLA,TSLA,2028-12-15,2.6191780821917807,C,590.0,0.41187542222732326,81.85,82.95,84.4,0.5379227116394043,8.0,654.0,390.82000732421875
TSLA,TSLA,2028-12-15,2.6191780821917807,C,600.0,0.42868254054370447,80.0,81.0,81.4,0.5374954698181154,158.0,9384.0,390.82000732421875
TSLA,TSLA,2028-12-15,2.6191780821917807,C,610.0,0.445211842494915,78.05,79.15,81.84,0.5368774950408935,28.0,382.0,390.82000732421875
TSLA,TSLA,2028-12-15,2.6191780821917807,C,620.0,0.46147236336669534,76.2,77.35,80.01,0.5363587014007569,52.0,728.0,390.82000732421875
TSLA,TSLA,2028-12-15,2.6191780821917807,C,630.0,0.4774727047131365,74.45,75.6,78.25,0.5359543475341797,3.0,646.0,390.82000732421875
TSLA,TSLA,2028-12-15,2.6191780821917807,C,640.0,0.49322106168127566,72.75,73.9,71.55,0.5355728816223146,1.0,714.0,390.82000732421875
TSLA,TSLA,2028-12-15,2.6191780821917807,C,650.0,0.508725248217241,71.2,72.2,72.18,0.5353134848022462,3.0,733.0,390.82000732421875
TSLA,TSLA,2028-12-15,2.6191780821917807,C,660.0,0.5239927203480294,69.05,71.25,61.15,0.5351761570739746,9.0,271.0,390.82000732421875
TSLA,TSLA,2028-12-15,2.6191780821917807,C,670.0,0.5390305977125699,67.95,69.15,69.0,0.5346802513885498,11.0,766.0,390.82000732421875
TSLA,TSLA,2028-12-15,2.6191780821917807,C,680.0,0.5538456834977105,66.45,67.65,69.4,0.5344284838867188,2.0,300.0,390.82000732421875
TSLA,TSLA,2028-12-15,2.6191780821917807,C,690.0,0.5684444829188632,65.0,66.2,65.72,0.5342224922943115,5.0,572.0,390.82000732421875
TSLA,TSLA,2028-12-15,2.6191780821917807,C,700.0,0.5828332203709629,63.65,64.65,64.59,0.5338639143371582,106.0,2235.0,390.82000732421875
TSLA,TSLA,2028-12-15,2.6191780821917807,C,710.0,0.5970178553629193,62.25,63.4,65.5,0.5338639143371582,2.0,500.0,390.82000732421875
TSLA,TSLA,2028-12-15,2.6191780821917807,C,720.0,0.6110040973376591,60.95,62.0,63.9,0.5336197761535646,2.0,3177.0,390.82000732421875
TSLA,TSLA,2028-12-15,2.6191780821917807,C,730.0,0.624797419469995,59.3,61.35,53.25,0.5340622766113281,1.0,309.0,390.82000732421875
TSLA,TSLA,2028-12-15,2.6191780821917807,C,740.0,0.6384030715257736,57.9,60.1,55.24,0.5336502934265137,5.0,363.0,390.82000732421875
TSLA,TSLA,2028-12-15,2.6191780821917807,C,750.0,0.6518260918579143,57.25,58.25,57.8,0.5334137845611573,164.0,1924.0,390.82000732421875
TSLA,TSLA,2028-12-15,2.6191780821917807,C,760.0,0.6650713186079349,55.7,57.7,48.6,0.53388680229187,1.0,463.0,390.82000732421875
TSLA,TSLA,2028-12-15,2.6191780821917807,C,770.0,0.6781434001752876,54.4,56.55,48.6,0.5334977070617677,1.0,506.0,390.82000732421875
TSLA,TSLA,2028-12-15,2.6191780821917807,C,780.0,0.6910468050111955,53.7,54.9,51.09,0.5332001636505127,1.0,496.0,390.82000732421875
TSLA,TSLA,2028-12-15,2.6191780821917807,C,790.0,0.7037858307886252,52.65,53.8,50.83,0.53320779296875,1.0,960.0,390.82000732421875
TSLA,TSLA,2028-12-15,2.6191780821917807,C,800.0,0.7163646129954854,51.7,52.7,52.58,0.5333146034240723,308.0,4322.0,390.82000732421875
TSLA,TSLA,2028-12-15,2.6191780821917807,C,810.0,0.7287871329940425,50.55,51.75,52.69,0.5332001636505127,8.0,424.0,390.82000732421875
TSLA,TSLA,2028-12-15,2.6191780821917807,C,820.0,0.7410572255858568,49.3,51.25,46.8,0.533734215927124,10.0,805.0,390.82000732421875
TSLA,TSLA,2028-12-15,2.6191780821917807,C,830.0,0.7531785861182017,48.65,49.5,50.6,0.5327500338745117,12.0,244.0,390.82000732421875
TSLA,TSLA,2028-12-15,2.6191780821917807,C,840.0,0.7651547771649173,47.25,49.05,44.9,0.5328568443298338,3.0,417.0,390.82000732421875
TSLA,TSLA,2028-12-15,2.6191780821917807,C,850.0,0.7769892348119202,46.85,47.9,47.25,0.5335282243347168,212.0,710.0,390.82000732421875
TSLA,TSLA,2028-12-15,2.6191780821917807,C,860.0,0.7886852745751115,46.0,46.75,46.35,0.5331009825134276,39.0,2291.0,390.82000732421875
TSLA,TSLA,2028-12-15,2.6191780821917807,C,870.0,0.8002460969761874,45.4,45.85,45.0,0.5336960693359375,578.0,11827.0,390.82000732421875
TSLA,TSLA,2028-12-15,2.6191780821917807,P,5.0,-4.358809202238342,0.04,0.08,0.09,1.000005,1.0,1539.0,390.82000732421875
TSLA,TSLA,2028-12-15,2.6191780821917807,P,10.0,-3.665662021678396,0.0,0.2,0.08,0.8652357226562499,5.0,204.0,390.82000732421875
TSLA,TSLA,2028-12-15,2.6191780821917807,P,15.0,-3.260196913570232,0.02,0.3,0.24,0.8007832421875,1.0,1060.0,390.82000732421875
TSLA,TSLA,2028-12-15,2.6191780821917807,P,20.0,-2.9725148411184508,0.12,0.4,0.34,0.7666038964843751,30.0,72.0,390.82000732421875
TSLA,TSLA,2028-12-15,2.6191780821917807,P,25.0,-2.749371289804241,0.24,0.48,0.54,0.73437765625,6.0,57.0,390.82000732421875
TSLA,TSLA,2028-12-15,2.6191780821917807,P,30.0,-2.5670497330102866,0.38,0.64,0.67,0.7148466015625,3.0,595.0,390.82000732421875
TSLA,TSLA,2028-12-15,2.6191780821917807,P,35.0,-2.412899053183028,0.63,0.84,0.7,0.7053252124023439,1.0,610.0,390.82000732421875
TSLA,TSLA,2028-12-15,2.6191780821917807,P,40.0,-2.2793676605585054,0.7,1.17,0.95,0.6889679541015626,1.0,197.0,390.82000732421875
TSLA,TSLA,2028-12-15,2.6191780821917807,P,45.0,-2.161584624902122,1.15,1.27,1.21,0.6792024267578126,10.0,86.0,390.82000732421875
TSLA,TSLA,2028-12-15,2.6191780821917807,P,50.0,-2.056224109244296,1.38,1.53,1.48,0.6650424121093752,201.0,1440.0,390.82000732421875
TSLA,TSLA,2028-12-15,2.6191780821917807,P,60.0,-1.8739025524503412,1.72,2.07,2.06,0.6333044482421876,10.0,496.0,390.82000732421875
TSLA,TSLA,2028-12-15,2.6191780821917807,P,70.0,-1.719751872623083,2.32,2.7,2.58,0.6120033917236329,1.0,38.0,390.82000732421875
TSLA,TSLA,2028-12-15,2.6191780821917807,P,80.0,-1.5862204799985602,2.88,3.65,3.7,0.5952188916015625,5.0,172.0,390.82000732421875
TSLA,TSLA,2028-12-15,2.6191780821917807,P,90.0,-1.4684374443421768,3.85,4.3,4.2,0.5786174951171875,1.0,258.0,390.82000732421875
TSLA,TSLA,2028-12-15,2.6191780821917807,P,100.0,-1.3630769286843505,4.85,5.25,5.05,0.5653119641113282,2.0,1756.0,390.82000732421875
TSLA,TSLA,2028-12-15,2.6191780821917807,P,110.0,-1.2677667488800257,5.95,6.5,6.25,0.55508867767334,5.0,375.0,390.82000732421875
TSLA,TSLA,2028-12-15,2.6191780821917807,P,120.0,-1.180755371890396,6.85,7.8,7.55,0.5415084912109377,1.0,379.0,390.82000732421875
TSLA,TSLA,2028-12-15,2.6191780821917807,P,130.0,-1.1007126642168594,8.15,9.1,8.9,0.5306443420410156,1.0,195.0,390.82000732421875
TSLA,TSLA,2028-12-15,2.6191780821917807,P,140.0,-1.0266046920631375,9.8,10.4,10.0,0.5213060565185546,3.0,268.0,390.82000732421875
TSLA,TSLA,2028-12-15,2.6191780821917807,P,150.0,-0.9576118205761861,11.25,11.85,11.88,0.5104113900756836,6.0,763.0,390.82000732421875
TSLA,TSLA,2028-12-15,2.6191780821917807,P,160.0,-0.8930732994386149,13.0,14.15,13.67,0.5058337991333007,3.0,862.0,390.82000732421875
TSLA,TSLA,2028-12-15,2.6191780821917807,P,170.0,-0.8324486776221801,15.2,15.6,15.35,0.4995014649963379,16.0,260.0,390.82000732421875
TSLA,TSLA,2028-12-15,2.6191780821917807,P,175.0,-0.8034611407489278,16.15,16.75,16.35,0.49728896270751966,20.0,26.0,390.82000732421875
TSLA,TSLA,2028-12-15,2.6191780821917807,P,180.0,-0.7752902637822315,17.2,17.85,17.41,0.4941762008666992,7.0,397.0,390.82000732421875
TSLA,TSLA,2028-12-15,2.6191780821917807,P,185.0,-0.747891289594117,18.05,19.35,19.77,0.4946187013244629,73.0,79.0,390.82000732421875
TSLA,TSLA,2028-12-15,2.6191780821917807,P,190.0,-0.7212230425119557,19.2,20.35,20.11,0.48985800674438484,3.0,183.0,390.82000732421875
TSLA,TSLA,2028-12-15,2.6191780821917807,P,195.0,-0.695247556108695,20.35,21.7,20.87,0.4880880049133301,1.0,79.0,390.82000732421875
TSLA,TSLA,2028-12-15,2.6191780821917807,P,200.0,-0.6699297481244053,21.85,22.55,22.05,0.48163360168457037,16.0,1383.0,390.82000732421875
TSLA,TSLA,2028-12-15,2.6191780821917807,P,210.0,-0.6211395839549733,24.5,25.25,24.6,0.47675083801269535,4.0,1837.0,390.82000732421875
TSLA,TSLA,2028-12-15,2.6191780821917807,P,220.0,-0.5746195683200804,27.25,27.95,27.45,0.47081522842407225,14.0,435.0,390.82000732421875
TSLA,TSLA,2028-12-15,2.6191780821917807,P,230.0,-0.5301678057492466,30.15,30.8,30.18,0.4650932397460938,10.0,631.0,390.82000732421875
TSLA,TSLA,2028-12-15,2.6191780821917807,P,240.0,-0.48760819133045064,33.3,34.0,33.6,0.4609123733520508,14.0,1615.0,390.82000732421875
TSLA,TSLA,2028-12-15,2.6191780821917807,P,250.0,-0.4467861968101955,36.65,37.55,36.15,0.4580437496948243,17.0,1564.0,390.82000732421875
TSLA,TSLA,2028-12-15,2.6191780821917807,P,260.0,-0.4075654836569142,40.0,41.1,40.2,0.45418331466674805,8.0,1045.0,390.82000732421875
TSLA,TSLA,2028-12-15,2.6191780821917807,P,270.0,-0.36982515567406715,43.65,44.75,43.71,0.4500634828186035,6.0,805.0,390.82000732421875
TSLA,TSLA,2028-12-15,2.6191780821917807,P,280.0,-0.3334575115031923,47.55,48.15,47.49,0.443792183227539,33.0,2735.0,390.82000732421875
TSLA,TSLA,2028-12-15,2.6191780821917807,P,290.0,-0.2983661916919222,51.55,52.35,51.24,0.44122873229980464,53.0,627.0,390.82000732421875
TSLA,TSLA,2028-12-15,2.6191780821917807,P,300.0,-0.2644646400162408,55.7,56.45,56.0,0.43733777999877926,1667.0,3478.0,390.82000732421875
TSLA,TSLA,2028-12-15,2.6191780821917807,P,310.0,-0.23167481719324995,60.0,60.85,59.75,0.4342707940673829,25.0,1585.0,390.82000732421875
TSLA,TSLA,2028-12-15,2.6191780821917807,P,320.0,-0.19992611887866965,64.5,65.75,64.26,0.43292803405761715,86.0,1491.0,390.82000732421875
TSLA,TSLA,2028-12-15,2.6191780821917807,P,330.0,-0.16915446021191596,69.1,70.05,68.75,0.4279918651580811,87.0,727.0,390.82000732421875
TSLA,TSLA,2028-12-15,2.6191780821917807,P,340.0,-0.1393014970622348,73.9,74.9,73.47,0.42503931900024416,3.0,938.0,390.82000732421875
TSLA,TSLA,2028-12-15,2.6191780821917807,P,350.0,-0.1103139601889825,78.9,79.9,79.3,0.4221401780700684,25.0,1474.0,390.82000732421875
TSLA,TSLA,2028-12-15,2.6191780821917807,P,360.0,-0.08214308322228618,84.0,85.0,82.99,0.41908082145690917,4.0,749.0,390.82000732421875
TSLA,TSLA,2028-12-15,2.6191780821917807,P,370.0,-0.05474410903417173,89.25,90.6,89.76,0.41760836303710935,48.0,881.0,390.82000732421875
TSLA,TSLA,2028-12-15,2.6191780821917807,P,380.0,-0.0280758619520104,94.7,95.7,94.75,0.4134046086883544,43.0,1322.0,390.82000732421875
TSLA,TSLA,2028-12-15,2.6191780821917807,P,390.0,-0.0021003755487497416,100.25,101.55,100.57,0.411840598449707,5.0,869.0,390.82000732421875
TSLA,TSLA,2028-12-15,2.6191780821917807,P,400.0,0.023217432435540027,105.9,107.0,105.75,0.4080640859222412,5.0,2230.0,390.82000732421875
TSLA,TSLA,2028-12-15,2.6191780821917807,P,410.0,0.047910045025911535,111.55,112.75,114.1,0.4050199879455566,19.0,405.0,390.82000732421875
TSLA,TSLA,2028-12-15,2.6191780821917807,P,420.0,0.07200759660497204,117.6,118.7,117.65,0.40229632133483884,17.0,923.0,390.82000732421875
TSLA,TSLA,2028-12-15,2.6191780821917807,P,430.0,0.09553809401516616,122.95,126.15,131.77,0.4051115397644042,6.0,221.0,390.82000732421875
TSLA,TSLA,2028-12-15,2.6191780821917807,P,440.0,0.11852761223986491,129.85,131.6,132.0,0.3993895510864258,1.0,907.0,390.82000732421875
TSLA,TSLA,2028-12-15,2.6191780821917807,P,450.0,0.14100046809192351,136.2,137.7,135.15,0.3958266594696045,5.0,1341.0,390.82000732421875
TSLA,TSLA,2028-12-15,2.6191780821917807,P,460.0,0.16297937481069874,141.85,145.35,151.21,0.3979628685760498,18.0,447.0,390.82000732421875
TSLA,TSLA,2028-12-15,2.6191780821917807,P,470.0,0.18448558003166235,148.35,150.8,155.84,0.3909286371612549,7.0,263.0,390.82000732421875
TSLA,TSLA,2028-12-15,2.6191780821917807,P,480.0,0.20553898922949468,155.8,157.65,154.0,0.3890060489654541,1.0,310.0,390.82000732421875
TSLA,TSLA,2028-12-15,2.6191780821917807,P,490.0,0.22615827643223038,162.4,163.95,161.6,0.384474233932495,17.0,2160.0,390.82000732421875
TSLA,TSLA,2028-12-15,2.6191780821917807,P,500.0,0.24636098374974982,169.6,171.15,168.05,0.3830933273315429,21.0,5641.0,390.82000732421875
TSLA,TSLA,2028-12-15,2.6191780821917807,P,510.0,0.26616361104592956,175.6,178.8,185.69,0.3830933273315429,15.0,329.0,390.82000732421875
TSLA,TSLA,2028-12-15,2.6191780821917807,P,520.0,0.28558169690303115,183.75,185.55,193.35,0.37911082321166995,2.0,8652.0,390.82000732421875
TSLA,TSLA,2028-12-15,2.6191780821917807,P,530.0,0.30462989187372563,190.25,192.3,189.55,0.37470107727050783,56.0,35.0,390.82000732421875
TSLA,TSLA,2028-12-15,2.6191780821917807,P,540.0,0.3233220248858782,198.2,199.85,197.95,0.373129437713623,2.0,29.0,390.82000732421875
TSLA,TSLA,2028-12-15,2.6191780821917807,P,550.0,0.34167116355407473,204.95,207.7,215.1,0.3724046524810791,2.0,1164.0,390.82000732421875
TSLA,TSLA,2028-12-15,2.6191780821917807,P,560.0,0.35968966905675304,213.1,215.25,217.0,0.37008533973693847,10.0,320.0,390.82000732421875
TSLA,TSLA,2028-12-15,2.6191780821917807,P,570.0,0.37738924615615393,220.8,222.8,229.1,0.36739219039917,2.0,1531.0,390.82000732421875
TSLA,TSLA,2028-12-15,2.6191780821917807,P,580.0,0.39478098886802315,228.35,230.5,227.97,0.3649431792449951,1.0,20.0,390.82000732421875
TSLA,TSLA,2028-12-15,2.6191780821917807,P,590.0,0.41187542222732326,235.1,238.8,241.1,0.3647066703796387,1.0,69.0,390.82000732421875
TSLA,TSLA,2028-12-15,2.6191780821917807,P,600.0,0.42868254054370447,244.1,245.9,241.86,0.35892364715576175,1.0,10052.0,390.82000732421875
TSLA,TSLA,2028-12-15,2.6191780821917807,P,610.0,0.445211842494915,252.05,254.05,265.47,0.357329119644165,1.0,3095.0,390.82000732421875
TSLA,TSLA,2028-12-15,2.6191780821917807,P,620.0,0.46147236336669534,260.05,261.95,269.1,0.3542621337127685,30.0,3815.0,390.82000732421875
TSLA,TSLA,2028-12-15,2.6191780821917807,P,630.0,0.4774727047131365,268.15,270.25,277.7,0.35265234756469727,10.0,5272.0,390.82000732421875
TSLA,TSLA,2028-12-15,2.6191780821917807,P,640.0,0.49322106168127566,276.2,278.7,289.02,0.35140876869201654,10.0,6070.0,390.82000732421875
TSLA,TSLA,2028-12-15,2.6191780821917807,P,650.0,0.508725248217241,284.3,286.8,283.28,0.3481815670776367,10.0,49.0,390.82000732421875
TSLA,TSLA,2028-12-15,2.6191780821917807,P,660.0,0.5239927203480294,291.2,296.05,306.47,0.35016518981933586,18.0,27.0,390.82000732421875
TSLA,TSLA,2028-12-15,2.6191780821917807,P,670.0,0.5390305977125699,299.55,303.85,314.89,0.3447712618255615,18.0,53.0,390.82000732421875
TSLA,TSLA,2028-12-15,2.6191780821917807,P,680.0,0.5538456834977105,306.35,312.75,317.16,0.3444966063690186,1.0,119.0,390.82000732421875
TSLA,TSLA,2028-12-15,2.6191780821917807,P,690.0,0.5684444829188632,316.5,320.8,329.23,0.3395070322418213,1.0,13.0,390.82000732421875
TSLA,TSLA,2028-12-15,2.6191780821917807,P,700.0,0.5828332203709629,326.5,329.35,323.9,0.33672233108520505,1.0,146.0,390.82000732421875
TSLA,TSLA,2028-12-15,2.6191780821917807,P,710.0,0.5970178553629193,333.7,337.95,348.62,0.33383081947326665,1.0,19.0,390.82000732421875
TSLA,TSLA,2028-12-15,2.6191780821917807,P,720.0,0.6110040973376591,342.4,347.35,357.2,0.33515069152832033,1.0,64.0,390.82000732421875
TSLA,TSLA,2028-12-15,2.6191780821917807,P,730.0,0.624797419469995,351.15,355.4,366.17,0.3283453396606445,1.0,93.0,390.82000732421875
TSLA,TSLA,2028-12-15,2.6191780821917807,P,740.0,0.6384030715257736,359.55,366.25,368.92,0.3378514701843262,100.0,122.0,390.82000732421875
TSLA,TSLA,2028-12-15,2.6191780821917807,P,750.0,0.6518260918579143,368.5,375.3,377.77,0.3365544860839844,100.0,128.0,390.82000732421875
TSLA,TSLA,2028-12-15,2.6191780821917807,P,760.0,0.6650713186079349,377.35,384.1,392.5,0.33341120697021487,2.0,49.0,390.82000732421875
TSLA,TSLA,2028-12-15,2.6191780821917807,P,770.0,0.6781434001752876,386.3,393.35,401.55,0.33280086151123045,2.0,88.0,390.82000732421875
TSLA,TSLA,2028-12-15,2.6191780821917807,P,780.0,0.6910468050111955,395.4,402.1,409.35,0.3286047364807128,2.0,14.0,390.82000732421875
TSLA,TSLA,2028-12-15,2.6191780821917807,P,790.0,0.7037858307886252,404.5,411.2,417.85,0.32636171691894533,2.0,56.0,390.82000732421875
TSLA,TSLA,2028-12-15,2.6191780821917807,P,800.0,0.7163646129954854,416.05,418.4,416.45,0.309378854522705,6.0,393.0,390.82000732421875
TSLA,TSLA,2028-12-15,2.6191780821917807,P,810.0,0.7287871329940425,422.4,429.8,444.35,0.3238440419006347,1.0,17.0,390.82000732421875
TSLA,TSLA,2028-12-15,2.6191780821917807,P,820.0,0.7410572255858568,431.25,439.2,441.45,0.32295904098510736,7.0,23.0,390.82000732421875
TSLA,TSLA,2028-12-15,2.6191780821917807,P,830.0,0.7531785861182017,442.25,446.4,439.9,0.3031838481140136,3.0,65.0,390.82000732421875
TSLA,TSLA,2028-12-15,2.6191780821917807,P,840.0,0.7651547771649173,449.85,457.8,468.35,0.31880869186401356,1.0,60.0,390.82000732421875
TSLA,TSLA,2028-12-15,2.6191780821917807,P,850.0,0.7769892348119202,459.25,467.1,477.98,0.3162299822998046,1.0,43.0,390.82000732421875
TSLA,TSLA,2028-12-15,2.6191780821917807,P,860.0,0.7886852745751115,470.9,474.6,476.43,0.2954782366943359,1.0,18.0,390.82000732421875
TSLA,TSLA,2028-12-15,2.6191780821917807,P,870.0,0.8002460969761874,480.4,484.05,478.5,0.2925790957641601,20.0,73.0,390.82000732421875
