coin,fundingRate,premium,time
xyz:AMD,0.0000120526,-0.0002035794,2025-12-04 15:00:00.047000+00:00
xyz:AMD,0.0000125000,-0.0000199926,2025-12-04 16:00:00.010000+00:00
xyz:AMD,0.0000125000,0.0000084299,2025-12-04 17:00:00.054000+00:00
xyz:AMD,0.0000125000,-0.0000174286,2025-12-04 18:00:00.008000+00:00
xyz:AMD,0.0000125000,-0.0000011297,2025-12-04 19:00:00.044000+00:00
xyz:AMD,0.0000125000,0.0000015306,2025-12-04 20:00:00.021000+00:00
xyz:AMD,0.0000125000,0.0000464496,2025-12-04 21:00:00.078000+00:00
xyz:AMD,0.0000137473,0.0004099787,2025-12-04 22:00:00.034000+00:00
xyz:AMD,0.0000192952,0.0004543614,2025-12-04 23:00:00.015000+00:00
xyz:AMD,0.0000134228,0.0004073820,2025-12-05 00:00:00.002000+00:00
xyz:AMD,0.0000125000,0.0001364461,2025-12-05 01:00:00.035000+00:00
xyz:AMD,0.0000125000,0.0003777440,2025-12-05 02:00:00.021000+00:00
xyz:AMD,0.0000125000,0.0002473853,2025-12-05 03:00:00.048000+00:00
xyz:AMD,-0.0000787926,-0.0009303410,2025-12-05 04:00:00.066000+00:00
xyz:AMD,-0.0001341956,-0.0013735647,2025-12-05 05:00:00.044000+00:00
xyz:AMD,-0.0000516373,-0.0007130980,2025-12-05 06:00:00.033000+00:00
xyz:AMD,0.0001358856,0.0013870850,2025-12-05 07:00:00.050000+00:00
xyz:AMD,0.0000125000,0.0002427610,2025-12-05 08:00:00.032000+00:00
xyz:AMD,0.0000125000,0.0003791929,2025-12-05 09:00:00.019000+00:00
xyz:AMD,0.0000765156,0.0009121246,2025-12-05 10:00:00.035000+00:00
xyz:AMD,0.0001174232,0.0012393858,2025-12-05 11:00:00.077000+00:00
xyz:AMD,0.0000562772,0.0007502173,2025-12-05 12:00:00.030000+00:00
xyz:AMD,0.0000443731,0.0006549851,2025-12-05 13:00:00.062000+00:00
xyz:AMD,0.0000474539,0.0006796310,2025-12-05 14:00:00.047000+00:00
xyz:AMD,0.0000711150,0.0008689200,2025-12-05 15:00:00.036000+00:00
xyz:AMD,0.0000125000,0.0002844768,2025-12-05 16:00:00+00:00
xyz:AMD,0.0000126289,0.0004010313,2025-12-05 17:00:00.026000+00:00
xyz:AMD,0.0000125000,0.0003917578,2025-12-05 18:00:00.054000+00:00
xyz:AMD,0.0000125000,0.0003906403,2025-12-05 19:00:00.086000+00:00
xyz:AMD,0.0000125000,0.0000756824,2025-12-05 20:00:00.004000+00:00
xyz:AMD,0.0000125000,0.0002005921,2025-12-05 21:00:00.036000+00:00
xyz:AMD,0.0000125000,0.0000747745,2025-12-05 22:00:00.035000+00:00
xyz:AMD,0.0000125000,-0.0001070414,2025-12-05 23:00:00.012000+00:00
xyz:AMD,0.0000125000,-0.0001596028,2025-12-06 00:00:00.052000+00:00
xyz:AMD,0.0000107010,-0.0002143921,2025-12-06 01:00:00.110000+00:00
xyz:AMD,0.0000125000,-0.0001544946,2025-12-06 02:00:00.011000+00:00
xyz:AMD,0.0000125000,-0.0000920147,2025-12-06 03:00:00.053000+00:00
xyz:AMD,0.0000125000,-0.0000922091,2025-12-06 04:00:00.025000+00:00
xyz:AMD,0.0000125000,-0.0000931046,2025-12-06 05:00:00.044000+00:00
xyz:AMD,0.0000125000,0.0001329429,2025-12-06 06:00:00.010000+00:00
xyz:AMD,-0.0000187114,-0.0004496913,2025-12-06 07:00:00.052000+00:00
xyz:AMD,-0.0000060683,-0.0003485461,2025-12-06 08:00:00.049000+00:00
xyz:AMD,-0.0000028400,-0.0003227204,2025-12-06 09:00:00.050000+00:00
xyz:AMD,0.0000125000,-0.0001752437,2025-12-06 10:00:00.024000+00:00
xyz:AMD,0.0000125000,-0.0001498348,2025-12-06 11:00:00.005000+00:00
xyz:AMD,-0.0000283696,-0.0005269571,2025-12-06 12:00:00.038000+00:00
xyz:AMD,-0.0000121421,-0.0003971370,2025-12-06 13:00:00.034000+00:00
xyz:AMD,0.0000125000,0.0000749119,2025-12-06 14:00:00.047000+00:00
xyz:AMD,0.0000770415,0.0009163321,2025-12-06 15:00:00.028000+00:00
xyz:AMD,0.0000503202,0.0007025614,2025-12-06 16:00:00.107000+00:00
xyz:AMD,0.0000343780,0.0005750242,2025-12-06 17:00:00.025000+00:00
xyz:AMD,0.0000168335,0.0004346681,2025-12-06 18:00:00.046000+00:00
xyz:AMD,0.0000125000,0.0003714481,2025-12-06 19:00:00.065000+00:00
xyz:AMD,0.0000357456,0.0005859646,2025-12-06 20:00:00.038000+00:00
xyz:AMD,0.0000401053,0.0006208425,2025-12-06 21:00:00.067000+00:00
xyz:AMD,0.0000272968,0.0005183742,2025-12-06 22:00:00.120000+00:00
xyz:AMD,0.0000229515,0.0004836122,2025-12-06 23:00:00.058000+00:00
xyz:AMD,0.0001202274,0.0012618190,2025-12-07 00:00:00.005000+00:00
xyz:AMD,0.0000057008,-0.0002543937,2025-12-07 01:00:00.048000+00:00
xyz:AMD,-0.0000606560,-0.0007852480,2025-12-07 02:00:00.012000+00:00
xyz:AMD,0.0000125000,-0.0000273184,2025-12-07 03:00:00.047000+00:00
xyz:AMD,0.0000251022,0.0005008178,2025-12-07 04:00:00.147000+00:00
xyz:AMD,0.0000125000,0.0000687065,2025-12-07 05:00:00.081000+00:00
xyz:AMD,0.0000125000,0.0000728257,2025-12-07 06:00:00.041000+00:00
xyz:AMD,0.0000125000,0.0001576369,2025-12-07 07:00:00.003000+00:00
xyz:AMD,0.0000121996,-0.0002024031,2025-12-07 08:00:00.025000+00:00
xyz:AMD,-0.0000418891,-0.0006351131,2025-12-07 09:00:00.033000+00:00
xyz:AMD,0.0000125000,-0.0001224372,2025-12-07 10:00:00.096000+00:00
xyz:AMD,0.0000125000,-0.0000240226,2025-12-07 11:00:00.107000+00:00
xyz:AMD,-0.0001199250,-0.0012593997,2025-12-07 12:00:00.022000+00:00
xyz:AMD,0.0001145217,0.0012161737,2025-12-07 13:00:00.015000+00:00
xyz:AMD,0.0003916804,0.0034334428,2025-12-07 14:00:00.007000+00:00
xyz:AMD,-0.0002638622,-0.0024108974,2025-12-07 15:00:00.003000+00:00
xyz:AMD,-0.0002196817,-0.0020574535,2025-12-07 16:00:00.031000+00:00
xyz:AMD,-0.0002009296,-0.0019074366,2025-12-07 17:00:00.002000+00:00
xyz:AMD,-0.0000641954,-0.0008135635,2025-12-07 18:00:00.040000+00:00
xyz:AMD,-0.0001105161,-0.0011841288,2025-12-07 19:00:00.096000+00:00
xyz:AMD,-0.0001905484,-0.0018243868,2025-12-07 20:00:00.036000+00:00
xyz:AMD,-0.0002228267,-0.0020826133,2025-12-07 21:00:00.009000+00:00
xyz:AMD,-0.0003398401,-0.0030187211,2025-12-07 22:00:00.031000+00:00
xyz:AMD,-0.0002352546,-0.0021820366,2025-12-07 23:00:00.067000+00:00
xyz:AMD,-0.0000087698,-0.0003701584,2025-12-08 00:00:00.031000+00:00
xyz:AMD,0.0000125000,-0.0000505105,2025-12-08 01:00:00.152000+00:00
xyz:AMD,0.0000125000,-0.0000152725,2025-12-08 02:00:00.010000+00:00
xyz:AMD,0.0000912399,0.0010299189,2025-12-08 03:00:00.024000+00:00
xyz:AMD,0.0000567315,0.0007538521,2025-12-08 04:00:00.007000+00:00
xyz:AMD,0.0000253460,0.0005027681,2025-12-08 05:00:00.036000+00:00
xyz:AMD,0.0000636583,0.0008092661,2025-12-08 06:00:00.056000+00:00
xyz:AMD,0.0002406116,0.0022248931,2025-12-08 07:00:00.006000+00:00
xyz:AMD,0.0001314876,0.0013519006,2025-12-08 08:00:00.113000+00:00
xyz:AMD,0.0002232866,0.0020862931,2025-12-08 09:00:00.062000+00:00
xyz:AMD,0.0000386888,0.0006095106,2025-12-08 10:00:00.041000+00:00
xyz:AMD,0.0000549759,0.0007398069,2025-12-08 11:00:00.085000+00:00
xyz:AMD,0.0000425803,0.0006406428,2025-12-08 12:00:00.019000+00:00
xyz:AMD,0.0000125000,0.0000856555,2025-12-08 13:00:00.077000+00:00
xyz:AMD,0.0000125000,-0.0001722181,2025-12-08 14:00:00.056000+00:00
xyz:AMD,0.0000125000,0.0000420522,2025-12-08 15:00:00.011000+00:00
xyz:AMD,0.0000125000,0.0000761928,2025-12-08 16:00:00.037000+00:00
xyz:AMD,0.0000125000,-0.0000383887,2025-12-08 17:00:00.037000+00:00
xyz:AMD,0.0000125000,-0.0001568307,2025-12-08 18:00:00.053000+00:00
xyz:AMD,-0.0000078029,-0.0003624228,2025-12-08 19:00:00.047000+00:00
xyz:AMD,-0.0000428309,-0.0006426475,2025-12-08 20:00:00.021000+00:00
xyz:AMD,-0.0000362582,-0.0005900655,2025-12-08 21:00:00.150000+00:00
xyz:AMD,-0.0000497406,-0.0006979244,2025-12-08 22:00:00.004000+00:00
xyz:AMD,0.0000065575,-0.0002475404,2025-12-08 23:00:00.059000+00:00
xyz:AMD,0.0000125000,0.0000337273,2025-12-09 00:00:00.087000+00:00
xyz:AMD,0.0000125000,0.0002474801,2025-12-09 01:00:00.022000+00:00
xyz:AMD,0.0000167158,0.0004337265,2025-12-09 02:00:00.045000+00:00
xyz:AMD,0.0002930333,0.0026442664,2025-12-09 03:00:00.064000+00:00
xyz:AMD,0.0000765852,0.0009126814,2025-12-09 04:00:00.033000+00:00
xyz:AMD,0.0000455448,0.0006643583,2025-12-09 05:00:00.043000+00:00
xyz:AMD,0.0001043124,0.0011344996,2025-12-09 06:00:00.001000+00:00
xyz:AMD,0.0000497228,0.0006977827,2025-12-09 07:00:00.090000+00:00
xyz:AMD,0.0000428227,0.0006425819,2025-12-09 08:00:00.041000+00:00
xyz:AMD,0.0000390167,0.0006121335,2025-12-09 09:00:00.045000+00:00
xyz:AMD,0.0000125000,0.0003124245,2025-12-09 10:00:00.025000+00:00
xyz:AMD,0.0000125000,0.0002600804,2025-12-09 11:00:00.029000+00:00
xyz:AMD,0.0000166959,0.0004335671,2025-12-09 12:00:00.077000+00:00
xyz:AMD,0.0000231155,0.0004849240,2025-12-09 13:00:00.052000+00:00
xyz:AMD,0.0000125000,0.0003061126,2025-12-09 14:00:00.043000+00:00
xyz:AMD,0.0000125000,0.0001523667,2025-12-09 15:00:00.058000+00:00
xyz:AMD,0.0000125000,0.0002621518,2025-12-09 16:00:00.007000+00:00
xyz:AMD,0.0000125000,0.0002093454,2025-12-09 17:00:00.005000+00:00
xyz:AMD,0.0000125000,0.0000375913,2025-12-09 18:00:00.021000+00:00
xyz:AMD,0.0000125000,0.0000313975,2025-12-09 19:00:00.066000+00:00
xyz:AMD,0.0000125000,-0.0000812735,2025-12-09 20:00:00.008000+00:00
xyz:AMD,0.0000125000,-0.0000054261,2025-12-09 21:00:00.033000+00:00
xyz:AMD,0.0000125000,0.0000254849,2025-12-09 22:00:00.103000+00:00
xyz:AMD,0.0000125000,-0.0001824097,2025-12-09 23:00:00.008000+00:00
xyz:AMD,0.0000122461,-0.0002020313,2025-12-10 00:00:00.013000+00:00
xyz:AMD,0.0000125000,-0.0001526360,2025-12-10 01:00:00.046000+00:00
xyz:AMD,0.0000454630,0.0006637040,2025-12-10 02:00:00.101000+00:00
xyz:AMD,-0.0000635812,-0.0008086496,2025-12-10 03:00:00+00:00
xyz:AMD,-0.0000398079,-0.0006184634,2025-12-10 04:00:00.090000+00:00
xyz:AMD,0.0000125000,-0.0000589114,2025-12-10 05:00:00.079000+00:00
xyz:AMD,0.0000125000,0.0003695230,2025-12-10 06:00:00.065000+00:00
xyz:AMD,0.0001018766,0.0011150131,2025-12-10 07:00:00.025000+00:00
xyz:AMD,0.0001799467,0.0017395736,2025-12-10 08:00:00.023000+00:00
xyz:AMD,0.0001185783,0.0012486263,2025-12-10 09:00:00.031000+00:00
xyz:AMD,0.0000425794,0.0006406356,2025-12-10 10:00:00.108000+00:00
xyz:AMD,0.0000685851,0.0008486811,2025-12-10 11:00:00.050000+00:00
xyz:AMD,0.0000362624,0.0005900991,2025-12-10 12:00:00.051000+00:00
xyz:AMD,0.0000125000,0.0003788167,2025-12-10 13:00:00.033000+00:00
xyz:AMD,0.0000125000,0.0002818154,2025-12-10 14:00:00.003000+00:00
xyz:AMD,0.0000125000,0.0001141537,2025-12-10 15:00:00.139000+00:00
xyz:AMD,0.0000125000,0.0000092448,2025-12-10 16:00:00.003000+00:00
xyz:AMD,0.0000125000,0.0000348032,2025-12-10 17:00:00.019000+00:00
xyz:AMD,0.0000125000,-0.0000898204,2025-12-10 18:00:00.058000+00:00
xyz:AMD,0.0000125000,-0.0001478758,2025-12-10 19:00:00.036000+00:00
xyz:AMD,-0.0000000877,-0.0003007017,2025-12-10 20:00:00.105000+00:00
xyz:AMD,-0.0000131811,-0.0004054492,2025-12-10 21:00:00.013000+00:00
xyz:AMD,-0.0000212599,-0.0004700792,2025-12-10 22:00:00.057000+00:00
xyz:AMD,-0.0000368246,-0.0005945971,2025-12-10 23:00:00+00:00
xyz:AMD,-0.0000519822,-0.0007158578,2025-12-11 00:00:00.043000+00:00
xyz:AMD,-0.0000179284,-0.0004434269,2025-12-11 01:00:00.002000+00:00
xyz:AMD,-0.0000284368,-0.0005274945,2025-12-11 02:00:00.017000+00:00
xyz:AMD,-0.0000007628,-0.0003061026,2025-12-11 03:00:00.029000+00:00
xyz:AMD,0.0000125000,-0.0000820511,2025-12-11 04:00:00.035000+00:00
xyz:AMD,0.0000105624,-0.0002155005,2025-12-11 05:00:00.039000+00:00
xyz:AMD,0.0000125000,-0.0000333456,2025-12-11 06:00:00.044000+00:00
xyz:AMD,0.0000125000,-0.0000262668,2025-12-11 07:00:00.030000+00:00
xyz:AMD,0.0000125000,-0.0000295824,2025-12-11 08:00:00.002000+00:00
xyz:AMD,0.0000125000,-0.0000366921,2025-12-11 09:00:00.086000+00:00
xyz:AMD,0.0000125000,-0.0001589556,2025-12-11 10:00:00.017000+00:00
xyz:AMD,-0.0000144321,-0.0004154571,2025-12-11 11:00:00.074000+00:00
xyz:AMD,0.0000113162,-0.0002094702,2025-12-11 12:00:00.085000+00:00
xyz:AMD,0.0000007421,-0.0002940634,2025-12-11 13:00:00.016000+00:00
xyz:AMD,0.0000032943,-0.0002736453,2025-12-11 14:00:00.053000+00:00
xyz:AMD,0.0000030407,-0.0002756742,2025-12-11 15:00:00.033000+00:00
xyz:AMD,0.0000125000,-0.0001547269,2025-12-11 16:00:00.037000+00:00
xyz:AMD,0.0000125000,-0.0000786667,2025-12-11 17:00:00.009000+00:00
xyz:AMD,0.0000125000,-0.0000273830,2025-12-11 18:00:00.065000+00:00
xyz:AMD,0.0000125000,0.0000165163,2025-12-11 19:00:00.050000+00:00
xyz:AMD,0.0000125000,0.0000334534,2025-12-11 20:00:00.102000+00:00
xyz:AMD,0.0000125000,-0.0000523098,2025-12-11 21:00:00.008000+00:00
xyz:AMD,0.0000125000,0.0000324147,2025-12-11 22:00:00.002000+00:00
xyz:AMD,0.0000125000,0.0000451379,2025-12-11 23:00:00.050000+00:00
xyz:AMD,0.0000125000,0.0000369818,2025-12-12 00:00:00.018000+00:00
xyz:AMD,0.0000125000,0.0000208564,2025-12-12 01:00:00.171000+00:00
xyz:AMD,0.0000125000,0.0000405315,2025-12-12 02:00:00.053000+00:00
xyz:AMD,0.0000125000,0.0000079521,2025-12-12 03:00:00.087000+00:00
xyz:AMD,0.0000125000,0.0000246151,2025-12-12 04:00:00.006000+00:00
xyz:AMD,0.0000125000,0.0000092773,2025-12-12 05:00:00.009000+00:00
xyz:AMD,0.0000125000,0.0001629455,2025-12-12 06:00:00.066000+00:00
xyz:AMD,0.0000363886,0.0005911090,2025-12-12 07:00:00.063000+00:00
xyz:AMD,0.0000336097,0.0005688776,2025-12-12 08:00:00.062000+00:00
xyz:AMD,0.0000313775,0.0005510197,2025-12-12 09:00:00.026000+00:00
xyz:AMD,0.0000150068,0.0004200544,2025-12-12 10:00:00.066000+00:00
xyz:AMD,0.0000181242,0.0004449938,2025-12-12 11:00:00.038000+00:00
xyz:AMD,0.0000138588,0.0004108704,2025-12-12 12:00:00.034000+00:00
xyz:AMD,0.0000125000,0.0003518583,2025-12-12 13:00:00.065000+00:00
xyz:AMD,0.0000125000,0.0002645719,2025-12-12 14:00:00.016000+00:00
xyz:AMD,0.0000125000,-0.0001048860,2025-12-12 15:00:00.036000+00:00
xyz:AMD,0.0000125000,0.0001362018,2025-12-12 16:00:00.063000+00:00
xyz:AMD,0.0000125000,0.0000857228,2025-12-12 17:00:00.048000+00:00
xyz:AMD,0.0000125000,0.0000348536,2025-12-12 18:00:00.100000+00:00
xyz:AMD,0.0000125000,0.0001567347,2025-12-12 19:00:00.047000+00:00
xyz:AMD,0.0000125000,0.0001713999,2025-12-12 20:00:00.061000+00:00
xyz:AMD,0.0000125000,0.0003296705,2025-12-12 21:00:00.053000+00:00
xyz:AMD,0.0000208978,0.0004671820,2025-12-12 22:00:00.043000+00:00
xyz:AMD,0.0000138865,0.0004110922,2025-12-12 23:00:00.048000+00:00
xyz:AMD,0.0000125000,0.0003121449,2025-12-13 00:00:00.091000+00:00
xyz:AMD,0.0000125000,0.0002582619,2025-12-13 01:00:00.043000+00:00
xyz:AMD,0.0000125000,0.0002918586,2025-12-13 02:00:00.027000+00:00
xyz:AMD,0.0000125000,0.0002364937,2025-12-13 03:00:00.090000+00:00
xyz:AMD,0.0000125000,0.0002178906,2025-12-13 04:00:00.011000+00:00
xyz:AMD,0.0000125000,0.0001084925,2025-12-13 05:00:00.068000+00:00
xyz:AMD,0.0001704029,0.0016632229,2025-12-13 06:00:00.030000+00:00
xyz:AMD,0.0002842172,0.0025737377,2025-12-13 07:00:00.002000+00:00
xyz:AMD,0.0001677916,0.0016423327,2025-12-13 08:00:00.054000+00:00
xyz:AMD,0.0001401624,0.0014212995,2025-12-13 09:00:00.047000+00:00
xyz:AMD,0.0001130944,0.0012047556,2025-12-13 10:00:00.009000+00:00
xyz:AMD,0.0000974492,0.0010795939,2025-12-13 11:00:00.027000+00:00
xyz:AMD,0.0000879624,0.0010036993,2025-12-13 12:00:00.024000+00:00
xyz:AMD,0.0000838206,0.0009705645,2025-12-13 13:00:00.079000+00:00
xyz:AMD,-0.0000060602,-0.0003484814,2025-12-13 14:00:00.061000+00:00
xyz:AMD,-0.0002636425,-0.0024091404,2025-12-13 15:00:00.113000+00:00
xyz:AMD,-0.0001076831,-0.0011614645,2025-12-13 16:00:00.054000+00:00
xyz:AMD,-0.0000840834,-0.0009726669,2025-12-13 17:00:00.085000+00:00
xyz:AMD,-0.0001117506,-0.0011940050,2025-12-13 18:00:00.079000+00:00
xyz:AMD,-0.0001500201,-0.0015001605,2025-12-13 19:00:00.003000+00:00
xyz:AMD,-0.0001088308,-0.0011706465,2025-12-13 20:00:00.137000+00:00
xyz:AMD,-0.0000962002,-0.0010696019,2025-12-13 21:00:00.031000+00:00
xyz:AMD,-0.0000952197,-0.0010617575,2025-12-13 22:00:00.014000+00:00
xyz:AMD,-0.0000875709,-0.0010005674,2025-12-13 23:00:00.022000+00:00
xyz:AMD,-0.0002122485,-0.0019979882,2025-12-14 00:00:00.071000+00:00
xyz:AMD,-0.0001468832,-0.0014750654,2025-12-14 01:00:00.077000+00:00
xyz:AMD,-0.0001028589,-0.0011228708,2025-12-14 02:00:00.004000+00:00
xyz:AMD,-0.0001036176,-0.0011289412,2025-12-14 03:00:00.045000+00:00
xyz:AMD,-0.0000986149,-0.0010889193,2025-12-14 04:00:00.070000+00:00
xyz:AMD,-0.0000616038,-0.0007928302,2025-12-14 05:00:00.007000+00:00
xyz:AMD,-0.0000530560,-0.0007244477,2025-12-14 06:00:00.066000+00:00
xyz:AMD,-0.0000430216,-0.0006441729,2025-12-14 07:00:00.048000+00:00
xyz:AMD,-0.0000308996,-0.0005471966,2025-12-14 08:00:00.098000+00:00
xyz:AMD,-0.0000348369,-0.0005786949,2025-12-14 09:00:00.052000+00:00
xyz:AMD,-0.0000673669,-0.0008389354,2025-12-14 10:00:00.041000+00:00
xyz:AMD,-0.0000635954,-0.0008087635,2025-12-14 11:00:00.121000+00:00
xyz:AMD,-0.0000407583,-0.0006260668,2025-12-14 12:00:00.014000+00:00
xyz:AMD,-0.0000070501,-0.0003564004,2025-12-14 13:00:00.017000+00:00
xyz:AMD,-0.0000024333,-0.0003194662,2025-12-14 14:00:00.060000+00:00
xyz:AMD,-0.0000354330,-0.0005834642,2025-12-14 15:00:00.031000+00:00
xyz:AMD,-0.0000308236,-0.0005465887,2025-12-14 16:00:00.070000+00:00
xyz:AMD,-0.0000284185,-0.0005273484,2025-12-14 17:00:00.069000+00:00
xyz:AMD,-0.0000448750,-0.0006589997,2025-12-14 18:00:00.047000+00:00
xyz:AMD,-0.0000546387,-0.0007371092,2025-12-14 19:00:00.044000+00:00
xyz:AMD,-0.0000408147,-0.0006265177,2025-12-14 20:00:00.047000+00:00
xyz:AMD,-0.0000115429,-0.0003923435,2025-12-14 21:00:00.068000+00:00
xyz:AMD,0.0000046885,-0.0002624922,2025-12-14 22:00:00.087000+00:00
xyz:AMD,-0.0001097798,-0.0011782384,2025-12-14 23:00:00.015000+00:00
xyz:AMD,-0.0001369194,-0.0013953551,2025-12-15 00:00:00.088000+00:00
xyz:AMD,-0.0001167257,-0.0012338054,2025-12-15 01:00:00.010000+00:00
xyz:AMD,0.0000125000,0.0002443750,2025-12-15 02:00:00.047000+00:00
xyz:AMD,0.0000125000,0.0003684320,2025-12-15 03:00:00.076000+00:00
xyz:AMD,0.0000125000,0.0003244462,2025-12-15 04:00:00.021000+00:00
xyz:AMD,0.0000125000,0.0003426216,2025-12-15 05:00:00.059000+00:00
xyz:AMD,0.0000125000,0.0003623019,2025-12-15 06:00:00.047000+00:00
xyz:AMD,0.0000125000,0.0003797367,2025-12-15 07:00:00.042000+00:00
xyz:AMD,0.0000125000,0.0003595966,2025-12-15 08:00:00.082000+00:00
xyz:AMD,0.0000125000,0.0002560017,2025-12-15 09:00:00.059000+00:00
xyz:AMD,0.0000125000,0.0003956218,2025-12-15 10:00:00.075000+00:00
xyz:AMD,0.0000207716,0.0004661728,2025-12-15 11:00:00.123000+00:00
xyz:AMD,0.0000217839,0.0004742711,2025-12-15 12:00:00.009000+00:00
xyz:AMD,0.0000163074,0.0004304596,2025-12-15 13:00:00.004000+00:00
xyz:AMD,0.0000125000,0.0003969601,2025-12-15 14:00:00.067000+00:00
xyz:AMD,0.0000125000,0.0003384183,2025-12-15 15:00:00.001000+00:00
xyz:AMD,0.0000125000,0.0001478844,2025-12-15 16:00:00.063000+00:00
xyz:AMD,0.0000125000,0.0001868956,2025-12-15 17:00:00.112000+00:00
xyz:AMD,0.0000125000,0.0003597331,2025-12-15 18:00:00.057000+00:00
xyz:AMD,0.0000125000,0.0003742759,2025-12-15 19:00:00.060000+00:00
xyz:AMD,0.0000125000,0.0003992182,2025-12-15 20:00:00.032000+00:00
xyz:AMD,0.0000125000,0.0003066008,2025-12-15 21:00:00.059000+00:00
xyz:AMD,0.0000125000,0.0002893153,2025-12-15 22:00:00.047000+00:00
xyz:AMD,0.0000125000,0.0003506764,2025-12-15 23:00:00.069000+00:00
xyz:AMD,0.0000125000,0.0001263094,2025-12-16 00:00:00.079000+00:00
xyz:AMD,0.0000125000,-0.0000496897,2025-12-16 01:00:00.072000+00:00
xyz:AMD,0.0000031279,-0.0002749771,2025-12-16 02:00:00.054000+00:00
xyz:AMD,-0.0000643974,-0.0008151789,2025-12-16 03:00:00.051000+00:00
xyz:AMD,-0.0000634541,-0.0008076330,2025-12-16 04:00:00.068000+00:00
xyz:AMD,-0.0001116835,-0.0011934678,2025-12-16 05:00:00.036000+00:00
xyz:AMD,-0.0000734486,-0.0008875888,2025-12-16 06:00:00.047000+00:00
xyz:AMD,-0.0000573692,-0.0007589536,2025-12-16 07:00:00.012000+00:00
xyz:AMD,-0.0000614011,-0.0007912086,2025-12-16 08:00:00.101000+00:00
xyz:AMD,-0.0000677242,-0.0008417937,2025-12-16 09:00:00.077000+00:00
xyz:AMD,-0.0000393024,-0.0006144195,2025-12-16 10:00:00.029000+00:00
xyz:AMD,-0.0000466706,-0.0006733648,2025-12-16 11:00:00.055000+00:00
xyz:AMD,-0.0000376512,-0.0006012097,2025-12-16 12:00:00.047000+00:00
xyz:AMD,-0.0000317653,-0.0005541223,2025-12-16 13:00:00.026000+00:00
xyz:AMD,-0.0000148770,-0.0004190161,2025-12-16 14:00:00.003000+00:00
xyz:AMD,0.0000125000,-0.0001878526,2025-12-16 15:00:00.025000+00:00
xyz:AMD,0.0000125000,-0.0000857313,2025-12-16 16:00:00.075000+00:00
xyz:AMD,0.0000125000,-0.0000058275,2025-12-16 17:00:00.045000+00:00
xyz:AMD,0.0000125000,-0.0000157670,2025-12-16 18:00:00.063000+00:00
xyz:AMD,0.0000125000,0.0000073122,2025-12-16 19:00:00.014000+00:00
xyz:AMD,0.0000125000,-0.0001221638,2025-12-16 20:00:00.180000+00:00
xyz:AMD,0.0000125000,-0.0000461526,2025-12-16 21:00:00.001000+00:00
xyz:AMD,0.0000125000,-0.0000152926,2025-12-16 22:00:00.081000+00:00
xyz:AMD,0.0000125000,0.0000276281,2025-12-16 23:00:00.079000+00:00
xyz:AMD,0.0000125000,0.0000456102,2025-12-17 00:00:00.013000+00:00
xyz:AMD,0.0000125000,-0.0001063012,2025-12-17 01:00:00.109000+00:00
xyz:AMD,0.0000125000,0.0000168208,2025-12-17 02:00:00.088000+00:00
xyz:AMD,0.0000125000,0.0000082826,2025-12-17 03:00:00.065000+00:00
xyz:AMD,0.0000125000,0.0000794251,2025-12-17 04:00:00.020000+00:00
xyz:AMD,0.0000125000,0.0001672953,2025-12-17 05:00:00.122000+00:00
xyz:AMD,0.0000125000,0.0000605658,2025-12-17 06:00:00.024000+00:00
xyz:AMD,0.0000125000,-0.0001276591,2025-12-17 07:00:00.010000+00:00
xyz:AMD,0.0000125000,-0.0000318915,2025-12-17 08:00:00.022000+00:00
xyz:AMD,0.0000125000,-0.0000451081,2025-12-17 09:00:00.055000+00:00
xyz:AMD,0.0000125000,-0.0000518632,2025-12-17 10:00:00.016000+00:00
xyz:AMD,0.0000125000,-0.0000503734,2025-12-17 11:00:00.072000+00:00
xyz:AMD,0.0000125000,-0.0000199525,2025-12-17 12:00:00.021000+00:00
xyz:AMD,0.0000125000,-0.0000174357,2025-12-17 13:00:00.083000+00:00
xyz:AMD,0.0000125000,0.0000193364,2025-12-17 14:00:00.018000+00:00
xyz:AMD,0.0000125000,-0.0000802690,2025-12-17 15:00:00.040000+00:00
xyz:AMD,0.0000125000,-0.0000832363,2025-12-17 16:00:00.034000+00:00
xyz:AMD,0.0000125000,-0.0000264233,2025-12-17 17:00:00.038000+00:00
xyz:AMD,0.0000125000,-0.0000293023,2025-12-17 18:00:00.074000+00:00
xyz:AMD,0.0000125000,-0.0000542339,2025-12-17 19:00:00.014000+00:00
xyz:AMD,0.0000125000,-0.0000296170,2025-12-17 20:00:00.061000+00:00
xyz:AMD,0.0000125000,-0.0000766854,2025-12-17 21:00:00.032000+00:00
xyz:AMD,0.0000125000,-0.0001007796,2025-12-17 22:00:00.073000+00:00
xyz:AMD,0.0000125000,-0.0000377913,2025-12-17 23:00:00+00:00
xyz:AMD,0.0000125000,-0.0000248434,2025-12-18 00:00:00.033000+00:00
xyz:AMD,0.0000125000,0.0000053832,2025-12-18 01:00:00.079000+00:00
xyz:AMD,0.0000125000,0.0000525802,2025-12-18 02:00:00.030000+00:00
xyz:AMD,0.0000125000,-0.0000150601,2025-12-18 03:00:00.055000+00:00
xyz:AMD,0.0000125000,0.0000566100,2025-12-18 04:00:00.029000+00:00
xyz:AMD,0.0000125000,-0.0000431643,2025-12-18 05:00:00.055000+00:00
xyz:AMD,0.0000125000,-0.0000636253,2025-12-18 06:00:00.044000+00:00
xyz:AMD,0.0000125000,-0.0000595522,2025-12-18 07:00:00.025000+00:00
xyz:AMD,0.0000125000,-0.0000286997,2025-12-18 08:00:00.050000+00:00
xyz:AMD,0.0000125000,-0.0000262529,2025-12-18 09:00:00.003000+00:00
xyz:AMD,0.0000125000,-0.0000513467,2025-12-18 10:00:00.091000+00:00
xyz:AMD,0.0000125000,0.0000687374,2025-12-18 11:00:00.056000+00:00
xyz:AMD,0.0000125000,0.0000036076,2025-12-18 12:00:00.039000+00:00
xyz:AMD,0.0000125000,0.0000137413,2025-12-18 13:00:00.003000+00:00
xyz:AMD,0.0000125000,-0.0000038944,2025-12-18 14:00:00.026000+00:00
xyz:AMD,0.0000125000,-0.0000823959,2025-12-18 15:00:00.050000+00:00
xyz:AMD,0.0000125000,-0.0001822973,2025-12-18 16:00:00.031000+00:00
xyz:AMD,0.0000125000,-0.0000153551,2025-12-18 17:00:00.074000+00:00
xyz:AMD,0.0000125000,-0.0000904448,2025-12-18 18:00:00.080000+00:00
xyz:AMD,0.0000125000,-0.0001695264,2025-12-18 19:00:00.016000+00:00
xyz:AMD,0.0000125000,-0.0001136107,2025-12-18 20:00:00.077000+00:00
xyz:AMD,0.0000125000,-0.0001888905,2025-12-18 21:00:00.013000+00:00
xyz:AMD,0.0000125000,-0.0000174439,2025-12-18 22:00:00.073000+00:00
xyz:AMD,0.0000125000,0.0000025948,2025-12-18 23:00:00.067000+00:00
xyz:AMD,0.0000125000,0.0000443431,2025-12-19 00:00:00.067000+00:00
xyz:AMD,0.0000125000,0.0000096356,2025-12-19 01:00:00.032000+00:00
xyz:AMD,0.0000125000,0.0000144941,2025-12-19 02:00:00.061000+00:00
xyz:AMD,0.0000125000,0.0000275158,2025-12-19 03:00:00.012000+00:00
xyz:AMD,0.0000125000,0.0000323953,2025-12-19 04:00:00.009000+00:00
xyz:AMD,0.0000125000,0.0000325477,2025-12-19 05:00:00.067000+00:00
xyz:AMD,0.0000125000,0.0000391779,2025-12-19 06:00:00.047000+00:00
xyz:AMD,0.0000125000,0.0000479798,2025-12-19 07:00:00.033000+00:00
xyz:AMD,0.0000125000,0.0000579392,2025-12-19 08:00:00.054000+00:00
xyz:AMD,0.0000125000,0.0000589171,2025-12-19 09:00:00.013000+00:00
xyz:AMD,0.0000125000,-0.0000688214,2025-12-19 10:00:00.046000+00:00
xyz:AMD,0.0000125000,0.0000244221,2025-12-19 11:00:00.006000+00:00
xyz:AMD,0.0000125000,0.0000623034,2025-12-19 12:00:00.061000+00:00
xyz:AMD,0.0000125000,0.0000674094,2025-12-19 13:00:00.006000+00:00
xyz:AMD,0.0000125000,-0.0000354201,2025-12-19 14:00:00.026000+00:00
xyz:AMD,0.0000125000,0.0001985806,2025-12-19 15:00:00.126000+00:00
xyz:AMD,0.0000125000,0.0000535144,2025-12-19 16:00:00.091000+00:00
xyz:AMD,0.0000125000,0.0001933265,2025-12-19 17:00:00.109000+00:00
xyz:AMD,0.0000125000,0.0000572473,2025-12-19 18:00:00.025000+00:00
xyz:AMD,0.0000125000,-0.0001567201,2025-12-19 19:00:00.014000+00:00
xyz:AMD,0.0000125000,-0.0000849526,2025-12-19 20:00:00.036000+00:00
xyz:AMD,0.0000125000,-0.0000626934,2025-12-19 21:00:00.021000+00:00
xyz:AMD,0.0000053353,-0.0002573176,2025-12-19 22:00:00.013000+00:00
xyz:AMD,0.0000022025,-0.0002647599,2025-12-19 23:00:00.045000+00:00
xyz:AMD,0.0000007833,-0.0002874666,2025-12-20 00:00:00.049000+00:00
xyz:AMD,0.0000022361,-0.0002642231,2025-12-20 01:00:00.054000+00:00
xyz:AMD,-0.0000126689,-0.0005027018,2025-12-20 02:00:00.052000+00:00
xyz:AMD,-0.0000179637,-0.0005874197,2025-12-20 03:00:00.088000+00:00
xyz:AMD,-0.0000168099,-0.0005689591,2025-12-20 04:00:00.068000+00:00
xyz:AMD,-0.0000114965,-0.0004839438,2025-12-20 05:00:00.010000+00:00
xyz:AMD,0.0000011278,-0.0002819555,2025-12-20 06:00:00.061000+00:00
xyz:AMD,0.0000040189,-0.0002356977,2025-12-20 07:00:00.016000+00:00
xyz:AMD,-0.0000041224,-0.0003659591,2025-12-20 08:00:00.027000+00:00
xyz:AMD,-0.0000082002,-0.0004312025,2025-12-20 09:00:00.085000+00:00
xyz:AMD,0.0000062500,-0.0001223995,2025-12-20 10:00:00.128000+00:00
xyz:AMD,0.0000062500,0.0002715320,2025-12-20 11:00:00.020000+00:00
xyz:AMD,0.0000062500,0.0001128007,2025-12-20 12:00:00.008000+00:00
xyz:AMD,0.0000062500,-0.0001921455,2025-12-20 13:00:00.029000+00:00
xyz:AMD,-0.0000106492,-0.0004703874,2025-12-20 14:00:00.160000+00:00
xyz:AMD,-0.0000109754,-0.0004756058,2025-12-20 15:00:00.007000+00:00
xyz:AMD,-0.0000208678,-0.0006338844,2025-12-20 16:00:00.049000+00:00
xyz:AMD,-0.0000178653,-0.0005858453,2025-12-20 17:00:00.090000+00:00
xyz:AMD,-0.0000173782,-0.0005780512,2025-12-20 18:00:00.003000+00:00
xyz:AMD,-0.0000129543,-0.0005072691,2025-12-20 19:00:00.040000+00:00
xyz:AMD,-0.0000402964,-0.0009447419,2025-12-20 20:00:00.009000+00:00
xyz:AMD,-0.0000292227,-0.0007675628,2025-12-20 21:00:00.059000+00:00
xyz:AMD,0.0000392904,0.0009286458,2025-12-20 22:00:00.093000+00:00
xyz:AMD,0.0000409648,0.0009554371,2025-12-20 23:00:00.087000+00:00
xyz:AMD,0.0000349705,0.0008595285,2025-12-21 00:00:00.121000+00:00
xyz:AMD,0.0000360262,0.0008764194,2025-12-21 01:00:00.035000+00:00
xyz:AMD,0.0000319995,0.0008119922,2025-12-21 02:00:00.051000+00:00
xyz:AMD,0.0000414991,0.0009639848,2025-12-21 03:00:00.019000+00:00
xyz:AMD,0.0000408485,0.0009535757,2025-12-21 04:00:00.042000+00:00
xyz:AMD,0.0000416291,0.0009660660,2025-12-21 05:00:00.026000+00:00
xyz:AMD,0.0000411072,0.0009577154,2025-12-21 06:00:00.033000+00:00
xyz:AMD,0.0000512849,0.0011205579,2025-12-21 07:00:00.023000+00:00
xyz:AMD,0.0002341821,0.0040469137,2025-12-21 08:00:00.005000+00:00
xyz:AMD,0.0000932222,0.0017915546,2025-12-21 09:00:00.041000+00:00
xyz:AMD,0.0000840508,0.0016448133,2025-12-21 10:00:00.026000+00:00
xyz:AMD,0.0000959084,0.0018345343,2025-12-21 11:00:00.001000+00:00
xyz:AMD,0.0000954802,0.0018276840,2025-12-21 12:00:00.014000+00:00
xyz:AMD,0.0000909165,0.0017546641,2025-12-21 13:00:00.104000+00:00
xyz:AMD,0.0000949342,0.0018189478,2025-12-21 14:00:00.061000+00:00
xyz:AMD,0.0000956605,0.0018305680,2025-12-21 15:00:00.046000+00:00
xyz:AMD,0.0000937843,0.0018005489,2025-12-21 16:00:00.090000+00:00
xyz:AMD,0.0000710041,0.0014360660,2025-12-21 17:00:00.081000+00:00
xyz:AMD,0.0000455107,0.0010281713,2025-12-21 18:00:00.005000+00:00
xyz:AMD,0.0000062500,0.0003310977,2025-12-21 19:00:00.103000+00:00
xyz:AMD,0.0000119911,0.0004918569,2025-12-21 20:00:00.004000+00:00
xyz:AMD,0.0000495346,0.0010925530,2025-12-21 21:00:00.091000+00:00
xyz:AMD,0.0000139568,0.0005233094,2025-12-21 22:00:00.043000+00:00
xyz:AMD,0.0000062500,-0.0001787983,2025-12-21 23:00:00.179000+00:00
xyz:AMD,-0.0000257521,-0.0007120340,2025-12-22 00:00:00.034000+00:00
xyz:AMD,0.0000654317,0.0013469077,2025-12-22 01:00:00.030000+00:00
xyz:AMD,0.0000945606,0.0018129702,2025-12-22 02:00:00.054000+00:00
xyz:AMD,0.0001783857,0.0031541705,2025-12-22 03:00:00.057000+00:00
xyz:AMD,0.0000903647,0.0017458351,2025-12-22 04:00:00.017000+00:00
xyz:AMD,0.0001110920,0.0020774726,2025-12-22 05:00:00.041000+00:00
xyz:AMD,0.0001034703,0.0019555251,2025-12-22 06:00:00.079000+00:00
xyz:AMD,0.0001039048,0.0019624769,2025-12-22 07:00:00.012000+00:00
xyz:AMD,0.0000161925,0.0005590804,2025-12-22 08:00:00.066000+00:00
xyz:AMD,0.0000217817,0.0006485071,2025-12-22 09:00:00.042000+00:00
xyz:AMD,0.0000062500,0.0003196627,2025-12-22 10:00:00.028000+00:00
xyz:AMD,0.0000062500,0.0002383142,2025-12-22 11:00:00.073000+00:00
xyz:AMD,0.0000062500,0.0003104969,2025-12-22 12:00:00.028000+00:00
xyz:AMD,0.0000062500,0.0003225076,2025-12-22 13:00:00.031000+00:00
xyz:AMD,0.0000062500,0.0003503234,2025-12-22 14:00:00.065000+00:00
xyz:AMD,0.0000199344,0.0006189505,2025-12-22 15:00:00.012000+00:00
xyz:AMD,0.0000062500,0.0000801893,2025-12-22 16:00:00.031000+00:00
xyz:AMD,0.0000062500,0.0002619175,2025-12-22 17:00:00.050000+00:00
xyz:AMD,0.0000062500,0.0001503081,2025-12-22 18:00:00.030000+00:00
xyz:AMD,0.0000062500,-0.0000472622,2025-12-22 19:00:00.006000+00:00
xyz:AMD,0.0000062500,-0.0001689406,2025-12-22 20:00:00.046000+00:00
xyz:AMD,0.0000045556,-0.0002271107,2025-12-22 21:00:00+00:00
xyz:AMD,0.0000005086,-0.0002918621,2025-12-22 22:00:00.036000+00:00
xyz:AMD,-0.0000063384,-0.0004014149,2025-12-22 23:00:00.053000+00:00
xyz:AMD,-0.0000078959,-0.0004263337,2025-12-23 00:00:00.002000+00:00
xyz:AMD,-0.0000070253,-0.0004124044,2025-12-23 01:00:00.098000+00:00
xyz:AMD,-0.0000071243,-0.0004139891,2025-12-23 02:00:00.053000+00:00
xyz:AMD,-0.0000065748,-0.0004051970,2025-12-23 03:00:00.060000+00:00
xyz:AMD,-0.0000064658,-0.0004034534,2025-12-23 04:00:00.059000+00:00
xyz:AMD,0.0000029636,-0.0002525818,2025-12-23 05:00:00.066000+00:00
xyz:AMD,0.0000062500,0.0000001784,2025-12-23 06:00:00.065000+00:00
xyz:AMD,0.0000069843,0.0004117494,2025-12-23 07:00:00.033000+00:00
xyz:AMD,0.0000062500,0.0002897695,2025-12-23 08:00:00.066000+00:00
xyz:AMD,0.0000062500,0.0002944110,2025-12-23 09:00:00.061000+00:00
xyz:AMD,0.0000062500,0.0001211026,2025-12-23 10:00:00.050000+00:00
xyz:AMD,0.0000062500,0.0003008127,2025-12-23 11:00:00.027000+00:00
xyz:AMD,0.0000062500,0.0003575583,2025-12-23 12:00:00.062000+00:00
xyz:AMD,0.0000062500,0.0003444414,2025-12-23 13:00:00.067000+00:00
xyz:AMD,0.0000062500,0.0003325160,2025-12-23 14:00:00.025000+00:00
xyz:AMD,0.0000062500,0.0002276872,2025-12-23 15:00:00.117000+00:00
xyz:AMD,0.0000062500,0.0000844261,2025-12-23 16:00:00.036000+00:00
xyz:AMD,0.0000050860,-0.0002186232,2025-12-23 17:00:00.118000+00:00
xyz:AMD,-0.0000019609,-0.0003313746,2025-12-23 18:00:00.008000+00:00
xyz:AMD,-0.0000043936,-0.0003702976,2025-12-23 19:00:00.021000+00:00
xyz:AMD,-0.0000042988,-0.0003687800,2025-12-23 20:00:00.206000+00:00
xyz:AMD,-0.0000056058,-0.0003896926,2025-12-23 21:00:00.067000+00:00
xyz:AMD,-0.0000111803,-0.0004788845,2025-12-23 22:00:00.021000+00:00
xyz:AMD,-0.0000125120,-0.0005001921,2025-12-23 23:00:00.051000+00:00
xyz:AMD,-0.0000127386,-0.0005038182,2025-12-24 00:00:00.088000+00:00
xyz:AMD,-0.0000109350,-0.0004749592,2025-12-24 01:00:00.030000+00:00
xyz:AMD,-0.0000215652,-0.0006450439,2025-12-24 02:00:00.077000+00:00
xyz:AMD,-0.0000242216,-0.0006875454,2025-12-24 03:00:00.005000+00:00
xyz:AMD,-0.0000227161,-0.0006634580,2025-12-24 04:00:00.045000+00:00
xyz:AMD,-0.0000247809,-0.0006964939,2025-12-24 05:00:00.039000+00:00
xyz:AMD,-0.0000259740,-0.0007155846,2025-12-24 06:00:00.027000+00:00
xyz:AMD,-0.0000262455,-0.0007199280,2025-12-24 07:00:00.010000+00:00
xyz:AMD,-0.0000264763,-0.0007236210,2025-12-24 08:00:00.074000+00:00
xyz:AMD,-0.0000246182,-0.0006938912,2025-12-24 09:00:00.035000+00:00
xyz:AMD,0.0000062500,-0.0000397270,2025-12-24 10:00:00.079000+00:00
xyz:AMD,0.0000062500,-0.0000997223,2025-12-24 11:00:00.034000+00:00
xyz:AMD,0.0000062500,-0.0001481407,2025-12-24 12:00:00.028000+00:00
xyz:AMD,-0.0000062990,-0.0004007834,2025-12-24 13:00:00.012000+00:00
xyz:AMD,0.0000016724,-0.0002732411,2025-12-24 14:00:00.025000+00:00
xyz:AMD,0.0000061756,-0.0002011908,2025-12-24 15:00:00.087000+00:00
xyz:AMD,-0.0000180047,-0.0005880757,2025-12-24 16:00:00.002000+00:00
xyz:AMD,-0.0000276789,-0.0007428625,2025-12-24 17:00:00.013000+00:00
xyz:AMD,-0.0000078027,-0.0004248426,2025-12-24 18:00:00.037000+00:00
xyz:AMD,-0.0000560799,-0.0011972785,2025-12-24 19:00:00.010000+00:00
xyz:AMD,-0.0000076617,-0.0004225871,2025-12-24 20:00:00.012000+00:00
xyz:AMD,0.0000062500,0.0000962972,2025-12-24 21:00:00.014000+00:00
xyz:AMD,0.0000062500,0.0001861287,2025-12-24 22:00:00.001000+00:00
xyz:AMD,-0.0000315724,-0.0008051582,2025-12-24 23:00:00.087000+00:00
xyz:AMD,-0.0000044673,-0.0003714774,2025-12-25 00:00:00.009000+00:00
xyz:AMD,0.0000038098,-0.0002390428,2025-12-25 01:00:00.033000+00:00
xyz:AMD,0.0000062500,-0.0001917724,2025-12-25 02:00:00.085000+00:00
xyz:AMD,-0.0000224684,-0.0006594944,2025-12-25 03:00:00.030000+00:00
xyz:AMD,-0.0000110236,-0.0004763768,2025-12-25 04:00:00.034000+00:00
xyz:AMD,-0.0000062156,-0.0003994488,2025-12-25 05:00:00.023000+00:00
xyz:AMD,-0.0000103828,-0.0004661246,2025-12-25 06:00:00.056000+00:00
xyz:AMD,-0.0000066014,-0.0004056218,2025-12-25 07:00:00.023000+00:00
xyz:AMD,0.0000062500,-0.0001322208,2025-12-25 08:00:00.045000+00:00
xyz:AMD,-0.0000846243,-0.0016539889,2025-12-25 09:00:00.041000+00:00
xyz:AMD,-0.0000533874,-0.0011541989,2025-12-25 10:00:00.018000+00:00
xyz:AMD,-0.0000358025,-0.0008728398,2025-12-25 11:00:00.029000+00:00
xyz:AMD,-0.0000317216,-0.0008075463,2025-12-25 12:00:00.064000+00:00
xyz:AMD,-0.0000292540,-0.0007680638,2025-12-25 13:00:00.067000+00:00
xyz:AMD,-0.0000008413,-0.0003134610,2025-12-25 14:00:00.102000+00:00
xyz:AMD,-0.0000153182,-0.0005450913,2025-12-25 15:00:00.042000+00:00
xyz:AMD,-0.0000231711,-0.0006707380,2025-12-25 16:00:00.058000+00:00
xyz:AMD,-0.0000142650,-0.0005282405,2025-12-25 17:00:00.056000+00:00
xyz:AMD,-0.0000034624,-0.0003553987,2025-12-25 18:00:00.010000+00:00
xyz:AMD,-0.0000037812,-0.0003605000,2025-12-25 19:00:00.040000+00:00
xyz:AMD,-0.0000103527,-0.0004656433,2025-12-25 20:00:00.060000+00:00
xyz:AMD,-0.0000240217,-0.0006843479,2025-12-25 21:00:00.080000+00:00
xyz:AMD,-0.0000121175,-0.0004938795,2025-12-25 22:00:00.003000+00:00
xyz:AMD,-0.0000109128,-0.0004746048,2025-12-25 23:00:00.019000+00:00
xyz:AMD,-0.0000289778,-0.0007636450,2025-12-26 00:00:00.022000+00:00
xyz:AMD,-0.0000123236,-0.0004971776,2025-12-26 01:00:00.008000+00:00
xyz:AMD,-0.0000780079,-0.0015481261,2025-12-26 02:00:00.062000+00:00
xyz:AMD,0.0000051092,-0.0002182536,2025-12-26 03:00:00+00:00
xyz:AMD,-0.0000360243,-0.0008763895,2025-12-26 04:00:00.056000+00:00
xyz:AMD,-0.0000166280,-0.0005660475,2025-12-26 05:00:00.092000+00:00
xyz:AMD,-0.0000378527,-0.0009056438,2025-12-26 06:00:00.012000+00:00
xyz:AMD,-0.0000546445,-0.0011743127,2025-12-26 07:00:00.039000+00:00
xyz:AMD,0.0000048840,-0.0002218558,2025-12-26 08:00:00.040000+00:00
xyz:AMD,0.0000062500,0.0001569578,2025-12-26 09:00:00.017000+00:00
xyz:AMD,0.0000062500,-0.0000571090,2025-12-26 10:00:00.113000+00:00
xyz:AMD,-0.0000009927,-0.0003158837,2025-12-26 11:00:00.164000+00:00
xyz:AMD,0.0000062500,-0.0001430070,2025-12-26 12:00:00.040000+00:00
xyz:AMD,-0.0000123044,-0.0004968703,2025-12-26 13:00:00.030000+00:00
xyz:AMD,-0.0000106909,-0.0004710543,2025-12-26 14:00:00.015000+00:00
xyz:AMD,0.0000011070,-0.0002822885,2025-12-26 15:00:00.077000+00:00
xyz:AMD,0.0000026637,-0.0002573803,2025-12-26 16:00:00.036000+00:00
xyz:AMD,0.0000004543,-0.0002927317,2025-12-26 17:00:00.019000+00:00
xyz:AMD,0.0000062500,-0.0001298531,2025-12-26 18:00:00.088000+00:00
xyz:AMD,0.0000054936,-0.0002121028,2025-12-26 19:00:00.033000+00:00
xyz:AMD,-0.0000024878,-0.0003398049,2025-12-26 20:00:00.045000+00:00
xyz:AMD,-0.0000035783,-0.0003572520,2025-12-26 21:00:00.004000+00:00
xyz:AMD,-0.0000233716,-0.0006739459,2025-12-26 22:00:00.040000+00:00
xyz:AMD,-0.0000233848,-0.0006741567,2025-12-26 23:00:00.040000+00:00
xyz:AMD,-0.0000318110,-0.0008089766,2025-12-27 00:00:00.023000+00:00
xyz:AMD,-0.0000255524,-0.0007088382,2025-12-27 01:00:00.020000+00:00
xyz:AMD,-0.0000171235,-0.0005739753,2025-12-27 02:00:00.019000+00:00
xyz:AMD,-0.0000151799,-0.0005428782,2025-12-27 03:00:00.083000+00:00
xyz:AMD,-0.0000034722,-0.0003555553,2025-12-27 04:00:00+00:00
xyz:AMD,-0.0000038393,-0.0003614285,2025-12-27 05:00:00.022000+00:00
xyz:AMD,-0.0000156090,-0.0005497437,2025-12-27 06:00:00.022000+00:00
xyz:AMD,-0.0000207846,-0.0006325541,2025-12-27 07:00:00.101000+00:00
xyz:AMD,-0.0000208592,-0.0006337468,2025-12-27 08:00:00.049000+00:00
xyz:AMD,-0.0000228815,-0.0006661044,2025-12-27 09:00:00.024000+00:00
xyz:AMD,-0.0000225013,-0.0006600206,2025-12-27 10:00:00.051000+00:00
xyz:AMD,-0.0000100246,-0.0004603937,2025-12-27 11:00:00.058000+00:00
xyz:AMD,-0.0000474583,-0.0010593334,2025-12-27 12:00:00.048000+00:00
xyz:AMD,-0.0000217504,-0.0006480062,2025-12-27 13:00:00.049000+00:00
xyz:AMD,-0.0000705142,-0.0014282271,2025-12-27 14:00:00.129000+00:00
xyz:AMD,-0.0000651390,-0.0013422240,2025-12-27 15:00:00.130000+00:00
xyz:AMD,-0.0000414161,-0.0009626580,2025-12-27 16:00:00.019000+00:00
xyz:AMD,-0.0000243156,-0.0006890498,2025-12-27 17:00:00.106000+00:00
xyz:AMD,-0.0000184514,-0.0005952221,2025-12-27 18:00:00.021000+00:00
xyz:AMD,-0.0000157484,-0.0005519739,2025-12-27 19:00:00.007000+00:00
xyz:AMD,-0.0000165416,-0.0005646661,2025-12-27 20:00:00.057000+00:00
xyz:AMD,-0.0000147591,-0.0005361456,2025-12-27 21:00:00.027000+00:00
xyz:AMD,-0.0000041385,-0.0003662157,2025-12-27 22:00:00.034000+00:00
xyz:AMD,0.0000000523,-0.0002991626,2025-12-27 23:00:00.018000+00:00
xyz:AMD,0.0000007677,-0.0002877170,2025-12-28 00:00:00.072000+00:00
xyz:AMD,0.0000062500,-0.0001933127,2025-12-28 01:00:00.041000+00:00
xyz:AMD,0.0000030775,-0.0002507602,2025-12-28 02:00:00.027000+00:00
xyz:AMD,-0.0000026727,-0.0003427636,2025-12-28 03:00:00.017000+00:00
xyz:AMD,0.0000014409,-0.0002769452,2025-12-28 04:00:00.024000+00:00
xyz:AMD,0.0000000463,-0.0002992596,2025-12-28 05:00:00.062000+00:00
xyz:AMD,0.0000062500,-0.0001493485,2025-12-28 06:00:00.060000+00:00
xyz:AMD,0.0000062500,-0.0000932680,2025-12-28 07:00:00.028000+00:00
xyz:AMD,-0.0000022792,-0.0003364667,2025-12-28 08:00:00.040000+00:00
xyz:AMD,-0.0000020204,-0.0003323264,2025-12-28 09:00:00.005000+00:00
xyz:AMD,0.0000062500,-0.0000922939,2025-12-28 10:00:00.074000+00:00
xyz:AMD,0.0000062004,-0.0002007931,2025-12-28 11:00:00.057000+00:00
xyz:AMD,0.0000031302,-0.0002499172,2025-12-28 12:00:00.046000+00:00
xyz:AMD,0.0000062500,-0.0000954459,2025-12-28 13:00:00.095000+00:00
xyz:AMD,0.0000062500,0.0000133778,2025-12-28 14:00:00.095000+00:00
xyz:AMD,0.0000062500,-0.0000219540,2025-12-28 15:00:00.109000+00:00
xyz:AMD,0.0000062500,-0.0000057434,2025-12-28 16:00:00.008000+00:00
xyz:AMD,0.0000095019,0.0004520300,2025-12-28 17:00:00.074000+00:00
xyz:AMD,0.0000838522,0.0016416350,2025-12-28 18:00:00.041000+00:00
xyz:AMD,0.0000617838,0.0012885403,2025-12-28 19:00:00.019000+00:00
xyz:AMD,0.0000697312,0.0014156991,2025-12-28 20:00:00.016000+00:00
xyz:AMD,0.0000541344,0.0011661510,2025-12-28 21:00:00.047000+00:00
xyz:AMD,0.0000861087,0.0016777400,2025-12-28 22:00:00.072000+00:00
xyz:AMD,0.0000482798,0.0010724768,2025-12-28 23:00:00.045000+00:00
xyz:AMD,0.0001202373,0.0022237968,2025-12-29 00:00:00.132000+00:00
xyz:AMD,0.0000968380,0.0018494081,2025-12-29 01:00:00.082000+00:00
xyz:AMD,-0.0000048055,-0.0003768875,2025-12-29 02:00:00.076000+00:00
xyz:AMD,0.0000111834,0.0004789347,2025-12-29 03:00:00.049000+00:00
xyz:AMD,0.0000062500,0.0000857072,2025-12-29 04:00:00.132000+00:00
xyz:AMD,-0.0000165243,-0.0005643881,2025-12-29 05:00:00.006000+00:00
xyz:AMD,0.0000328420,0.0008254719,2025-12-29 06:00:00.005000+00:00
xyz:AMD,0.0000531761,0.0011508172,2025-12-29 07:00:00.018000+00:00
xyz:AMD,0.0000375948,0.0009015161,2025-12-29 08:00:00.014000+00:00
xyz:AMD,0.0000381626,0.0009106013,2025-12-29 09:00:00.030000+00:00
xyz:AMD,0.0000062500,0.0000334540,2025-12-29 10:00:00.008000+00:00
xyz:AMD,0.0000062500,-0.0000581486,2025-12-29 11:00:00.098000+00:00
xyz:AMD,0.0000062500,-0.0000211183,2025-12-29 12:00:00.026000+00:00
xyz:AMD,0.0000062500,0.0000616251,2025-12-29 13:00:00.001000+00:00
xyz:AMD,0.0000062500,-0.0001870548,2025-12-29 14:00:00.028000+00:00
xyz:AMD,-0.0000233609,-0.0006737743,2025-12-29 15:00:00.031000+00:00
xyz:AMD,-0.0000049299,-0.0003788784,2025-12-29 16:00:00.014000+00:00
xyz:AMD,0.0000062500,-0.0000644231,2025-12-29 17:00:00.019000+00:00
xyz:AMD,0.0000060809,-0.0002027052,2025-12-29 18:00:00.031000+00:00
xyz:AMD,0.0000062500,-0.0000321073,2025-12-29 19:00:00.026000+00:00
xyz:AMD,0.0000062500,-0.0000420436,2025-12-29 20:00:00.055000+00:00
xyz:AMD,0.0000062500,-0.0000075103,2025-12-29 21:00:00.006000+00:00
xyz:AMD,0.0000062500,0.0003048085,2025-12-29 22:00:00.075000+00:00
xyz:AMD,0.0000062500,0.0001159253,2025-12-29 23:00:00.040000+00:00
xyz:AMD,0.0000029144,-0.0002533691,2025-12-30 00:00:00.010000+00:00
xyz:AMD,0.0000062500,-0.0000935126,2025-12-30 01:00:00.049000+00:00
xyz:AMD,0.0000062500,-0.0000003298,2025-12-30 02:00:00.033000+00:00
xyz:AMD,0.0000062500,-0.0000040695,2025-12-30 03:00:00.041000+00:00
xyz:AMD,0.0000062500,-0.0000116304,2025-12-30 04:00:00.063000+00:00
xyz:AMD,0.0000062500,-0.0000041602,2025-12-30 05:00:00.069000+00:00
xyz:AMD,0.0000062500,-0.0000046876,2025-12-30 06:00:00.067000+00:00
xyz:AMD,0.0000062500,-0.0000133417,2025-12-30 07:00:00.062000+00:00
xyz:AMD,0.0000062500,-0.0000085212,2025-12-30 08:00:00.028000+00:00
xyz:AMD,0.0000062500,-0.0000076106,2025-12-30 09:00:00.045000+00:00
xyz:AMD,-0.0000320614,-0.0008129828,2025-12-30 10:00:00.080000+00:00
xyz:AMD,-0.0000111672,-0.0004786753,2025-12-30 11:00:00.054000+00:00
xyz:AMD,-0.0000235365,-0.0006765841,2025-12-30 12:00:00.003000+00:00
xyz:AMD,-0.0000181799,-0.0005908785,2025-12-30 13:00:00.121000+00:00
xyz:AMD,-0.0000156640,-0.0005506241,2025-12-30 14:00:00.031000+00:00
xyz:AMD,-0.0000015243,-0.0003243886,2025-12-30 15:00:00.036000+00:00
xyz:AMD,-0.0000031843,-0.0003509490,2025-12-30 16:00:00.039000+00:00
xyz:AMD,-0.0000114280,-0.0004828483,2025-12-30 17:00:00.051000+00:00
xyz:AMD,-0.0000057973,-0.0003927567,2025-12-30 18:00:00.071000+00:00
xyz:AMD,-0.0000099440,-0.0004591040,2025-12-30 19:00:00.033000+00:00
xyz:AMD,-0.0000109405,-0.0004750476,2025-12-30 20:00:00.120000+00:00
xyz:AMD,-0.0000091930,-0.0004470872,2025-12-30 21:00:00.041000+00:00
xyz:AMD,-0.0000142742,-0.0005283871,2025-12-30 22:00:00.003000+00:00
xyz:AMD,-0.0000066241,-0.0004059855,2025-12-30 23:00:00.047000+00:00
xyz:AMD,0.0000062500,-0.0001001402,2025-12-31 00:00:00.021000+00:00
xyz:AMD,0.0000062500,0.0000228107,2025-12-31 01:00:00.022000+00:00
xyz:AMD,0.0000062500,0.0000081205,2025-12-31 02:00:00.037000+00:00
xyz:AMD,0.0000062500,0.0000156011,2025-12-31 03:00:00.053000+00:00
xyz:AMD,0.0000062500,0.0000124897,2025-12-31 04:00:00.057000+00:00
xyz:AMD,0.0000062500,0.0000132575,2025-12-31 05:00:00.011000+00:00
xyz:AMD,0.0000062500,0.0000093672,2025-12-31 06:00:00.002000+00:00
xyz:AMD,0.0000062500,-0.0000137320,2025-12-31 07:00:00.029000+00:00
xyz:AMD,0.0000062500,-0.0000637679,2025-12-31 08:00:00.063000+00:00
xyz:AMD,-0.0000060826,-0.0003973219,2025-12-31 09:00:00.019000+00:00
xyz:AMD,0.0000127643,0.0005042285,2025-12-31 10:00:00.002000+00:00
xyz:AMD,0.0000070155,0.0004122472,2025-12-31 11:00:00.050000+00:00
xyz:AMD,0.0000256173,0.0007098765,2025-12-31 12:00:00.095000+00:00
xyz:AMD,0.0000062500,0.0002506299,2025-12-31 13:00:00.002000+00:00
xyz:AMD,-0.0000033669,-0.0003538710,2025-12-31 14:00:00.008000+00:00
xyz:AMD,-0.0000099353,-0.0004589647,2025-12-31 15:00:00.015000+00:00
xyz:AMD,0.0000062500,-0.0000578018,2025-12-31 16:00:00.089000+00:00
xyz:AMD,0.0000062500,-0.0000432121,2025-12-31 17:00:00.072000+00:00
xyz:AMD,0.0000062500,-0.0001235669,2025-12-31 18:00:00.050000+00:00
xyz:AMD,0.0000062500,-0.0000904452,2025-12-31 19:00:00.053000+00:00
xyz:AMD,0.0000062500,-0.0001850604,2025-12-31 20:00:00.058000+00:00
xyz:AMD,0.0000062500,-0.0001449777,2025-12-31 21:00:00.043000+00:00
xyz:AMD,0.0000160523,0.0005568369,2025-12-31 22:00:00.100000+00:00
xyz:AMD,0.0000062500,0.0003597905,2025-12-31 23:00:00.093000+00:00
xyz:AMD,0.0000062500,0.0002105917,2026-01-01 00:00:00.063000+00:00
xyz:AMD,-0.0000002979,-0.0003047661,2026-01-01 01:00:00.053000+00:00
xyz:AMD,0.0000018615,-0.0002702164,2026-01-01 02:00:00.024000+00:00
xyz:AMD,-0.0000146825,-0.0005349193,2026-01-01 03:00:00.012000+00:00
xyz:AMD,-0.0000435289,-0.0009964623,2026-01-01 04:00:00.036000+00:00
xyz:AMD,-0.0000643599,-0.0013297590,2026-01-01 05:00:00.040000+00:00
xyz:AMD,-0.0000315850,-0.0008053597,2026-01-01 06:00:00.053000+00:00
xyz:AMD,-0.0000275488,-0.0007407809,2026-01-01 07:00:00.011000+00:00
xyz:AMD,-0.0000264940,-0.0007239034,2026-01-01 08:00:00.045000+00:00
xyz:AMD,-0.0000313815,-0.0008021048,2026-01-01 09:00:00.098000+00:00
xyz:AMD,-0.0000325518,-0.0008208296,2026-01-01 10:00:00.010000+00:00
xyz:AMD,-0.0000323001,-0.0008168008,2026-01-01 11:00:00.034000+00:00
xyz:AMD,-0.0000299180,-0.0007786875,2026-01-01 12:00:00.051000+00:00
xyz:AMD,-0.0000040589,-0.0003649419,2026-01-01 13:00:00.101000+00:00
xyz:AMD,-0.0000044716,-0.0003715463,2026-01-01 14:00:00.010000+00:00
xyz:AMD,0.0000062500,0.0003998102,2026-01-01 15:00:00.003000+00:00
xyz:AMD,0.0000062500,0.0000716173,2026-01-01 16:00:00.025000+00:00
xyz:AMD,-0.0000106895,-0.0004710318,2026-01-01 17:00:00.034000+00:00
xyz:AMD,-0.0000464121,-0.0010425937,2026-01-01 18:00:00.042000+00:00
xyz:AMD,-0.0000502862,-0.0011045795,2026-01-01 19:00:00.029000+00:00
xyz:AMD,-0.0000184280,-0.0005948483,2026-01-01 20:00:00.043000+00:00
xyz:AMD,0.0000062500,0.0000448799,2026-01-01 21:00:00.069000+00:00
xyz:AMD,0.0000171115,0.0005737832,2026-01-01 22:00:00.047000+00:00
xyz:AMD,-0.0000208507,-0.0006336110,2026-01-01 23:00:00.023000+00:00
xyz:AMD,0.0000062500,-0.0001394826,2026-01-02 00:00:00.042000+00:00
xyz:AMD,0.0000062500,-0.0001990028,2026-01-02 01:00:00.032000+00:00
xyz:AMD,-0.0000813994,-0.0016023897,2026-01-02 02:00:00.057000+00:00
xyz:AMD,-0.0000854705,-0.0016675276,2026-01-02 03:00:00.019000+00:00
xyz:AMD,-0.0001033524,-0.0019536391,2026-01-02 04:00:00.139000+00:00
xyz:AMD,-0.0001094948,-0.0020519166,2026-01-02 05:00:00.110000+00:00
xyz:AMD,-0.0000909631,-0.0017554090,2026-01-02 06:00:00.022000+00:00
xyz:AMD,-0.0000981621,-0.0018705940,2026-01-02 07:00:00.003000+00:00
xyz:AMD,-0.0000447205,-0.0010155277,2026-01-02 08:00:00.081000+00:00
xyz:AMD,-0.0000808956,-0.0015943300,2026-01-02 09:00:00.003000+00:00
xyz:AMD,-0.0000199023,-0.0006184373,2026-01-02 10:00:00.091000+00:00
xyz:AMD,-0.0000141919,-0.0005270707,2026-01-02 11:00:00.048000+00:00
xyz:AMD,-0.0000191017,-0.0006056264,2026-01-02 12:00:00.042000+00:00
xyz:AMD,-0.0000181182,-0.0005898905,2026-01-02 13:00:00.114000+00:00
xyz:AMD,-0.0000142707,-0.0005283305,2026-01-02 14:00:00.009000+00:00
xyz:AMD,-0.0000046316,-0.0003741062,2026-01-02 15:00:00.105000+00:00
xyz:AMD,-0.0000095292,-0.0004524673,2026-01-02 16:00:00.038000+00:00
xyz:AMD,0.0000004894,-0.0002921692,2026-01-02 17:00:00.047000+00:00
xyz:AMD,-0.0000048452,-0.0003775227,2026-01-02 18:00:00.034000+00:00
xyz:AMD,-0.0000110936,-0.0004774983,2026-01-02 19:00:00.026000+00:00
xyz:AMD,0.0000027912,-0.0002553401,2026-01-02 20:00:00.027000+00:00
xyz:AMD,0.0000021903,-0.0002649557,2026-01-02 21:00:00+00:00
xyz:AMD,-0.0000098641,-0.0004578257,2026-01-02 22:00:00.042000+00:00
xyz:AMD,-0.0000111437,-0.0004782990,2026-01-02 23:00:00.022000+00:00
xyz:AMD,-0.0000095904,-0.0004534458,2026-01-03 00:00:00.008000+00:00
xyz:AMD,-0.0000096096,-0.0004537532,2026-01-03 01:00:00.018000+00:00
xyz:AMD,0.0000062500,-0.0000236705,2026-01-03 02:00:00.008000+00:00
xyz:AMD,0.0000178210,0.0005851362,2026-01-03 03:00:00.074000+00:00
xyz:AMD,0.0001305668,0.0023890681,2026-01-03 04:00:00.011000+00:00
xyz:AMD,0.0001263570,0.0023217123,2026-01-03 05:00:00.006000+00:00
xyz:AMD,0.0000205314,0.0006285032,2026-01-03 06:00:00.019000+00:00
xyz:AMD,0.0000062500,0.0001288193,2026-01-03 07:00:00.004000+00:00
xyz:AMD,-0.0000594818,-0.0012517096,2026-01-03 08:00:00.011000+00:00
xyz:AMD,-0.0001014647,-0.0019234346,2026-01-03 09:00:00.067000+00:00
xyz:AMD,-0.0001213836,-0.0022421384,2026-01-03 10:00:00.026000+00:00
xyz:AMD,-0.0000918612,-0.0017697799,2026-01-03 11:00:00.060000+00:00
xyz:AMD,-0.0000667712,-0.0013683397,2026-01-03 12:00:00.095000+00:00
xyz:AMD,-0.0000433846,-0.0009941531,2026-01-03 13:00:00.083000+00:00
xyz:AMD,-0.0000354480,-0.0008671686,2026-01-03 14:00:00.043000+00:00
xyz:AMD,-0.0000555873,-0.0011893965,2026-01-03 15:00:00.072000+00:00
xyz:AMD,-0.0000481045,-0.0010696726,2026-01-03 16:00:00.044000+00:00
xyz:AMD,-0.0000426267,-0.0009820275,2026-01-03 17:00:00.083000+00:00
xyz:AMD,-0.0000402242,-0.0009435876,2026-01-03 18:00:00.061000+00:00
xyz:AMD,-0.0000442142,-0.0010074267,2026-01-03 19:00:00.032000+00:00
xyz:AMD,-0.0000351342,-0.0008621469,2026-01-03 20:00:00.019000+00:00
xyz:AMD,-0.0000061001,-0.0003976013,2026-01-03 21:00:00.128000+00:00
xyz:AMD,-0.0000980146,-0.0018682339,2026-01-03 22:00:00.077000+00:00
xyz:AMD,-0.0001532389,-0.0027518220,2026-01-03 23:00:00.046000+00:00
xyz:AMD,-0.0002401719,-0.0041427508,2026-01-04 00:00:00.024000+00:00
xyz:AMD,-0.0000475720,-0.0010611513,2026-01-04 01:00:00.010000+00:00
xyz:AMD,0.0000062500,-0.0000183082,2026-01-04 02:00:00.026000+00:00
xyz:AMD,-0.0002042956,-0.0035687290,2026-01-04 03:00:00.011000+00:00
xyz:AMD,0.0000036823,-0.0002410833,2026-01-04 04:00:00.063000+00:00
xyz:AMD,0.0000062500,0.0003828144,2026-01-04 05:00:00.060000+00:00
xyz:AMD,0.0000803097,0.0015849551,2026-01-04 06:00:00.066000+00:00
xyz:AMD,0.0001890889,0.0033254217,2026-01-04 07:00:00.031000+00:00
xyz:AMD,0.0001143990,0.0021303834,2026-01-04 08:00:00.036000+00:00
xyz:AMD,0.0000062500,0.0003456801,2026-01-04 09:00:00.001000+00:00
xyz:AMD,-0.0000153825,-0.0005461199,2026-01-04 10:00:00.051000+00:00
xyz:AMD,-0.0000152429,-0.0005438871,2026-01-04 11:00:00.051000+00:00
xyz:AMD,-0.0000159100,-0.0005545601,2026-01-04 12:00:00.052000+00:00
xyz:AMD,-0.0000175733,-0.0005811736,2026-01-04 13:00:00.062000+00:00
xyz:AMD,-0.0000094533,-0.0004512529,2026-01-04 14:00:00.019000+00:00
xyz:AMD,-0.0000020113,-0.0003321815,2026-01-04 15:00:00.078000+00:00
xyz:AMD,-0.0000059784,-0.0003956548,2026-01-04 16:00:00.098000+00:00
xyz:AMD,0.0000062081,-0.0002006697,2026-01-04 17:00:00.020000+00:00
xyz:AMD,0.0000918576,0.0017697217,2026-01-04 18:00:00.054000+00:00
xyz:AMD,0.0000452554,0.0010240857,2026-01-04 19:00:00.024000+00:00
xyz:AMD,0.0000062500,-0.0001406756,2026-01-04 20:00:00.062000+00:00
xyz:AMD,0.0000629269,0.0013068298,2026-01-04 21:00:00+00:00
xyz:AMD,0.0002595099,0.0044521583,2026-01-04 22:00:00.037000+00:00
xyz:AMD,0.0000253516,0.0007056258,2026-01-04 23:00:00.111000+00:00
xyz:AMD,0.0000004752,-0.0002923976,2026-01-05 00:00:00+00:00
xyz:AMD,0.0000019416,-0.0002689346,2026-01-05 01:00:00.014000+00:00
xyz:AMD,-0.0000406681,-0.0009506900,2026-01-05 02:00:00.009000+00:00
xyz:AMD,-0.0001146297,-0.0021340747,2026-01-05 03:00:00.010000+00:00
xyz:AMD,-0.0001580949,-0.0028295183,2026-01-05 04:00:00.044000+00:00
xyz:AMD,-0.0001345712,-0.0024531397,2026-01-05 05:00:00.042000+00:00
xyz:AMD,-0.0000125627,-0.0005010028,2026-01-05 06:00:00.026000+00:00
xyz:AMD,-0.0000710778,-0.0014372441,2026-01-05 07:00:00.067000+00:00
xyz:AMD,-0.0000138697,-0.0005219156,2026-01-05 08:00:00.060000+00:00
xyz:AMD,-0.0000554431,-0.0011870900,2026-01-05 09:00:00.043000+00:00
xyz:AMD,-0.0000226368,-0.0006621894,2026-01-05 10:00:00.038000+00:00
xyz:AMD,-0.0000228576,-0.0006657220,2026-01-05 11:00:00.040000+00:00
xyz:AMD,-0.0000110068,-0.0004761088,2026-01-05 12:00:00.068000+00:00
xyz:AMD,-0.0000066965,-0.0004071435,2026-01-05 13:00:00.054000+00:00
xyz:AMD,-0.0000102682,-0.0004642908,2026-01-05 14:00:00.015000+00:00
xyz:AMD,0.0000062500,-0.0000411734,2026-01-05 15:00:00.020000+00:00
xyz:AMD,0.0000062500,0.0000462418,2026-01-05 16:00:00.051000+00:00
xyz:AMD,0.0000062500,0.0000291689,2026-01-05 17:00:00.085000+00:00
xyz:AMD,0.0000062500,0.0000029244,2026-01-05 18:00:00.081000+00:00
xyz:AMD,0.0000062500,0.0000838036,2026-01-05 19:00:00.056000+00:00
xyz:AMD,0.0000062500,-0.0000146971,2026-01-05 20:00:00.045000+00:00
xyz:AMD,0.0000062500,-0.0000022475,2026-01-05 21:00:00.022000+00:00
xyz:AMD,0.0000062500,0.0000201425,2026-01-05 22:00:00.008000+00:00
xyz:AMD,0.0000062500,0.0000218331,2026-01-05 23:00:00.068000+00:00
xyz:AMD,0.0000062500,0.0002721550,2026-01-06 00:00:00.017000+00:00
xyz:AMD,0.0000062500,0.0002831505,2026-01-06 01:00:00.086000+00:00
xyz:AMD,0.0000062500,0.0000343817,2026-01-06 02:00:00.073000+00:00
xyz:AMD,0.0000062500,0.0000270954,2026-01-06 03:00:00.033000+00:00
xyz:AMD,0.0000062500,0.0000320926,2026-01-06 04:00:00.036000+00:00
xyz:AMD,0.0000062500,0.0000818178,2026-01-06 05:00:00.075000+00:00
xyz:AMD,0.0000062500,0.0000266485,2026-01-06 06:00:00.013000+00:00
xyz:AMD,-0.0000017558,-0.0003280934,2026-01-06 07:00:00.008000+00:00
xyz:AMD,0.0000062500,0.0001074042,2026-01-06 08:00:00.066000+00:00
xyz:AMD,0.0000062500,0.0001260014,2026-01-06 09:00:00.059000+00:00
xyz:AMD,0.0000062500,0.0000822851,2026-01-06 10:00:00.012000+00:00
xyz:AMD,0.0000062500,0.0000694179,2026-01-06 11:00:00.060000+00:00
xyz:AMD,0.0000062500,-0.0000920017,2026-01-06 12:00:00.017000+00:00
xyz:AMD,0.0000062500,-0.0000391371,2026-01-06 13:00:00.002000+00:00
xyz:AMD,0.0000062500,-0.0001109100,2026-01-06 14:00:00.046000+00:00
xyz:AMD,0.0000062500,-0.0001306678,2026-01-06 15:00:00.076000+00:00
xyz:AMD,0.0000062500,0.0001293468,2026-01-06 16:00:00.036000+00:00
xyz:AMD,0.0000114362,0.0004829791,2026-01-06 17:00:00.012000+00:00
xyz:AMD,0.0000062733,0.0004003720,2026-01-06 18:00:00.001000+00:00
xyz:AMD,0.0000108552,0.0004736825,2026-01-06 19:00:00.037000+00:00
xyz:AMD,0.0000062500,0.0000517737,2026-01-06 20:00:00.018000+00:00
xyz:AMD,0.0000062500,0.0000618109,2026-01-06 21:00:00.062000+00:00
xyz:AMD,0.0000268172,0.0007290756,2026-01-06 22:00:00.005000+00:00
xyz:AMD,0.0000062500,0.0001135136,2026-01-06 23:00:00.008000+00:00
xyz:AMD,0.0000062500,-0.0000273005,2026-01-07 00:00:00.119000+00:00
xyz:AMD,0.0000062500,0.0002241143,2026-01-07 01:00:00.007000+00:00
xyz:AMD,0.0000062500,0.0002612954,2026-01-07 02:00:00.010000+00:00
xyz:AMD,0.0000200449,0.0006207177,2026-01-07 03:00:00.017000+00:00
xyz:AMD,0.0000170967,0.0005735466,2026-01-07 04:00:00.033000+00:00
xyz:AMD,0.0000167339,0.0005677428,2026-01-07 05:00:00.087000+00:00
xyz:AMD,0.0000253758,0.0007060123,2026-01-07 06:00:00.009000+00:00
xyz:AMD,0.0000359320,0.0008749118,2026-01-07 07:00:00.014000+00:00
xyz:AMD,0.0000454369,0.0010269909,2026-01-07 08:00:00.062000+00:00
xyz:AMD,0.0000462327,0.0010397229,2026-01-07 09:00:00.082000+00:00
xyz:AMD,0.0001105078,0.0020681241,2026-01-07 10:00:00.029000+00:00
xyz:AMD,0.0000853249,0.0016651986,2026-01-07 11:00:00.048000+00:00
xyz:AMD,0.0000099412,0.0004590598,2026-01-07 12:00:00.096000+00:00
xyz:AMD,0.0000461753,0.0010388043,2026-01-07 13:00:00.074000+00:00
xyz:AMD,0.0000124764,0.0004996228,2026-01-07 14:00:00.040000+00:00
xyz:AMD,0.0000062500,0.0003821941,2026-01-07 15:00:00.099000+00:00
xyz:AMD,0.0000062500,0.0002285363,2026-01-07 16:00:00.081000+00:00
xyz:AMD,0.0000062500,0.0000242899,2026-01-07 17:00:00.013000+00:00
xyz:AMD,0.0000062500,0.0000060737,2026-01-07 18:00:00.014000+00:00
xyz:AMD,0.0000062500,0.0000315573,2026-01-07 19:00:00.055000+00:00
xyz:AMD,0.0000062500,0.0000303253,2026-01-07 20:00:00.113000+00:00
xyz:AMD,0.0000062500,0.0002076766,2026-01-07 21:00:00.117000+00:00
xyz:AMD,0.0000062500,0.0003355210,2026-01-07 22:00:00.043000+00:00
xyz:AMD,0.0000062500,0.0003867108,2026-01-07 23:00:00.090000+00:00
xyz:AMD,0.0000062500,0.0000258750,2026-01-08 00:00:00.001000+00:00
xyz:AMD,0.0000062500,0.0000305202,2026-01-08 01:00:00.035000+00:00
xyz:AMD,0.0000062500,0.0000032878,2026-01-08 02:00:00.029000+00:00
xyz:AMD,0.0000062500,-0.0000129564,2026-01-08 03:00:00.014000+00:00
xyz:AMD,0.0000062500,0.0000136058,2026-01-08 04:00:00.069000+00:00
xyz:AMD,0.0000062500,0.0000000139,2026-01-08 05:00:00.155000+00:00
xyz:AMD,0.0000062500,0.0000088458,2026-01-08 06:00:00.094000+00:00
xyz:AMD,0.0000062500,0.0001684829,2026-01-08 07:00:00.010000+00:00
xyz:AMD,0.0000473585,0.0010577368,2026-01-08 08:00:00.089000+00:00
xyz:AMD,0.0000079915,0.0004278635,2026-01-08 09:00:00.077000+00:00
xyz:AMD,0.0000379870,0.0009077923,2026-01-08 10:00:00.037000+00:00
xyz:AMD,0.0000469807,0.0010516917,2026-01-08 11:00:00.015000+00:00
xyz:AMD,0.0000062794,0.0004004702,2026-01-08 12:00:00.137000+00:00
xyz:AMD,0.0000062500,0.0000087342,2026-01-08 13:00:00.040000+00:00
xyz:AMD,0.0000062500,0.0000169577,2026-01-08 14:00:00+00:00
xyz:AMD,0.0000062500,0.0001046735,2026-01-08 15:00:00.106000+00:00
xyz:AMD,0.0000071058,0.0004136936,2026-01-08 16:00:00.063000+00:00
xyz:AMD,0.0000163552,0.0005616826,2026-01-08 17:00:00.004000+00:00
xyz:AMD,0.0000131748,0.0005107963,2026-01-08 18:00:00.008000+00:00
xyz:AMD,0.0000062500,0.0002862907,2026-01-08 19:00:00.013000+00:00
xyz:AMD,0.0000062500,0.0000929055,2026-01-08 20:00:00.098000+00:00
xyz:AMD,0.0000062500,0.0001903406,2026-01-08 21:00:00.116000+00:00
xyz:AMD,0.0000146409,0.0005342536,2026-01-08 22:00:00.008000+00:00
xyz:AMD,0.0000118846,0.0004901535,2026-01-08 23:00:00.085000+00:00
xyz:AMD,0.0000105549,0.0004688777,2026-01-09 00:00:00.020000+00:00
xyz:AMD,0.0000124766,0.0004996256,2026-01-09 01:00:00.016000+00:00
xyz:AMD,0.0000090695,0.0004451123,2026-01-09 02:00:00.063000+00:00
xyz:AMD,0.0000139068,0.0005225089,2026-01-09 03:00:00.059000+00:00
xyz:AMD,0.0000123817,0.0004981078,2026-01-09 04:00:00.100000+00:00
xyz:AMD,0.0000143491,0.0005295858,2026-01-09 05:00:00.158000+00:00
xyz:AMD,0.0000146096,0.0005337532,2026-01-09 06:00:00.046000+00:00
xyz:AMD,0.0000149942,0.0005399065,2026-01-09 07:00:00.012000+00:00
xyz:AMD,0.0000098985,0.0004583761,2026-01-09 08:00:00.028000+00:00
xyz:AMD,0.0000062500,0.0003755190,2026-01-09 09:00:00.072000+00:00
xyz:AMD,0.0000062500,0.0003655367,2026-01-09 10:00:00.077000+00:00
xyz:AMD,0.0000068309,0.0004092940,2026-01-09 11:00:00.050000+00:00
xyz:AMD,0.0000105909,0.0004694543,2026-01-09 12:00:00.041000+00:00
xyz:AMD,0.0000110914,0.0004774620,2026-01-09 13:00:00.005000+00:00
xyz:AMD,0.0000062500,0.0002580106,2026-01-09 14:00:00.032000+00:00
xyz:AMD,0.0000062500,0.0001875780,2026-01-09 15:00:00.042000+00:00
xyz:AMD,0.0000062500,0.0002221912,2026-01-09 16:00:00.002000+00:00
xyz:AMD,0.0000062500,0.0003564843,2026-01-09 17:00:00.004000+00:00
xyz:AMD,0.0000064293,0.0004028686,2026-01-09 18:00:00.018000+00:00
xyz:AMD,0.0000062500,0.0003870803,2026-01-09 19:00:00.042000+00:00
xyz:AMD,0.0000063216,0.0004011448,2026-01-09 20:00:00.065000+00:00
xyz:AMD,0.0000100309,0.0004604948,2026-01-09 21:00:00+00:00
xyz:AMD,0.0000116039,0.0004856623,2026-01-09 22:00:00.018000+00:00
xyz:AMD,0.0000137753,0.0005204056,2026-01-09 23:00:00.025000+00:00
xyz:AMD,0.0000124611,0.0004993778,2026-01-10 00:00:00.103000+00:00
xyz:AMD,0.0000135831,0.0005173297,2026-01-10 01:00:00.110000+00:00
xyz:AMD,0.0000062500,0.0003768804,2026-01-10 02:00:00.064000+00:00
xyz:AMD,0.0000067044,0.0004072709,2026-01-10 03:00:00.039000+00:00
xyz:AMD,0.0000062500,-0.0000219562,2026-01-10 04:00:00.085000+00:00
xyz:AMD,0.0000005422,-0.0002913251,2026-01-10 05:00:00.065000+00:00
xyz:AMD,0.0000038260,-0.0002387838,2026-01-10 06:00:00.034000+00:00
xyz:AMD,-0.0000108389,-0.0004734226,2026-01-10 07:00:00.035000+00:00
xyz:AMD,-0.0000023109,-0.0003369751,2026-01-10 08:00:00.072000+00:00
xyz:AMD,-0.0000118242,-0.0004891876,2026-01-10 09:00:00.033000+00:00
xyz:AMD,-0.0000143687,-0.0005298991,2026-01-10 10:00:00.024000+00:00
xyz:AMD,-0.0000276568,-0.0007425088,2026-01-10 11:00:00.060000+00:00
xyz:AMD,-0.0000281657,-0.0007506509,2026-01-10 12:00:00.034000+00:00
xyz:AMD,-0.0000166359,-0.0005661750,2026-01-10 13:00:00.030000+00:00
xyz:AMD,0.0000062500,-0.0001364721,2026-01-10 14:00:00.051000+00:00
xyz:AMD,0.0000062500,-0.0000562210,2026-01-10 15:00:00.017000+00:00
xyz:AMD,0.0000044095,-0.0002294473,2026-01-10 16:00:00.003000+00:00
xyz:AMD,0.0000059761,-0.0002043823,2026-01-10 17:00:00.066000+00:00
xyz:AMD,0.0000022771,-0.0002635659,2026-01-10 18:00:00.054000+00:00
xyz:AMD,0.0000004178,-0.0002933146,2026-01-10 19:00:00.025000+00:00
xyz:AMD,-0.0000006157,-0.0003098519,2026-01-10 20:00:00.081000+00:00
xyz:AMD,0.0000005969,-0.0002904497,2026-01-10 21:00:00.083000+00:00
xyz:AMD,0.0000028090,-0.0002550565,2026-01-10 22:00:00.025000+00:00
xyz:AMD,0.0000000510,-0.0002991844,2026-01-10 23:00:00.047000+00:00
xyz:AMD,-0.0000086932,-0.0004390909,2026-01-11 00:00:00.007000+00:00
xyz:AMD,-0.0000091813,-0.0004469003,2026-01-11 01:00:00.046000+00:00
xyz:AMD,-0.0000543938,-0.0011703013,2026-01-11 02:00:00.078000+00:00
xyz:AMD,-0.0000737532,-0.0014800518,2026-01-11 03:00:00.099000+00:00
xyz:AMD,-0.0000291068,-0.0007657090,2026-01-11 04:00:00.011000+00:00
xyz:AMD,0.0000559834,0.0011957346,2026-01-11 05:00:00.012000+00:00
xyz:AMD,0.0000549664,0.0011794628,2026-01-11 06:00:00.038000+00:00
xyz:AMD,0.0000553756,0.0011860091,2026-01-11 07:00:00.049000+00:00
xyz:AMD,0.0000522796,0.0011364732,2026-01-11 08:00:00.066000+00:00
xyz:AMD,0.0000681507,0.0013904118,2026-01-11 09:00:00.045000+00:00
xyz:AMD,0.0000062500,0.0001575325,2026-01-11 10:00:00.103000+00:00
xyz:AMD,-0.0000042762,-0.0003684199,2026-01-11 11:00:00.105000+00:00
xyz:AMD,0.0000045861,-0.0002266225,2026-01-11 12:00:00.018000+00:00
xyz:AMD,0.0000062500,0.0001304737,2026-01-11 13:00:00.035000+00:00
xyz:AMD,0.0000062500,0.0000696661,2026-01-11 14:00:00.034000+00:00
xyz:AMD,0.0000062500,0.0002018881,2026-01-11 15:00:00.124000+00:00
xyz:AMD,0.0000062500,-0.0000565758,2026-01-11 16:00:00.122000+00:00
xyz:AMD,0.0000055666,-0.0002109343,2026-01-11 17:00:00.061000+00:00
xyz:AMD,-0.0000104516,-0.0004672263,2026-01-11 18:00:00.004000+00:00
xyz:AMD,0.0000039849,-0.0002362415,2026-01-11 19:00:00.023000+00:00
xyz:AMD,0.0000062500,-0.0000576774,2026-01-11 20:00:00.002000+00:00
xyz:AMD,0.0000062500,0.0002280500,2026-01-11 21:00:00.010000+00:00
xyz:AMD,0.0000062500,-0.0001887692,2026-01-11 22:00:00.083000+00:00
xyz:AMD,-0.0000318745,-0.0008099913,2026-01-11 23:00:00.127000+00:00
xyz:AMD,-0.0001004456,-0.0019071290,2026-01-12 00:00:00.053000+00:00
xyz:AMD,-0.0000794544,-0.0015712710,2026-01-12 01:00:00.080000+00:00
xyz:AMD,0.0000018784,-0.0002699462,2026-01-12 02:00:00.090000+00:00
xyz:AMD,0.0000323855,0.0008181674,2026-01-12 03:00:00.016000+00:00
xyz:AMD,0.0001261896,0.0023190340,2026-01-12 04:00:00.021000+00:00
xyz:AMD,0.0000797456,0.0015759302,2026-01-12 05:00:00.027000+00:00
xyz:AMD,0.0000718969,0.0014503511,2026-01-12 06:00:00.025000+00:00
xyz:AMD,0.0000062500,0.0000412394,2026-01-12 07:00:00.061000+00:00
xyz:AMD,0.0000062500,0.0002712142,2026-01-12 08:00:00.053000+00:00
xyz:AMD,0.0000266041,0.0007256656,2026-01-12 09:00:00.088000+00:00
xyz:AMD,0.0000230577,0.0006689231,2026-01-12 10:00:00.042000+00:00
xyz:AMD,0.0000062500,0.0003911974,2026-01-12 11:00:00.003000+00:00
xyz:AMD,0.0000062500,0.0002517710,2026-01-12 12:00:00.088000+00:00
xyz:AMD,0.0000114794,0.0004836704,2026-01-12 13:00:00.053000+00:00
xyz:AMD,0.0000062862,0.0004005787,2026-01-12 14:00:00.107000+00:00
xyz:AMD,0.0000062500,0.0003078504,2026-01-12 15:00:00.059000+00:00
xyz:AMD,0.0000062500,0.0003151332,2026-01-12 16:00:00.040000+00:00
xyz:AMD,0.0000062500,0.0003364065,2026-01-12 17:00:00.086000+00:00
xyz:AMD,0.0000936490,0.0017983846,2026-01-12 18:00:00.057000+00:00
xyz:AMD,0.0000723323,0.0014573173,2026-01-12 19:00:00.008000+00:00
xyz:AMD,0.0000484556,0.0010752894,2026-01-12 20:00:00.098000+00:00
xyz:AMD,0.0000368322,0.0008893150,2026-01-12 21:00:00.078000+00:00
xyz:AMD,0.0000542997,0.0011687954,2026-01-12 22:00:00.075000+00:00
xyz:AMD,0.0000423105,0.0009769684,2026-01-12 23:00:00.024000+00:00
xyz:AMD,0.0000420033,0.0009720526,2026-01-13 00:00:00.109000+00:00
xyz:AMD,0.0000304389,0.0007870224,2026-01-13 01:00:00.121000+00:00
xyz:AMD,0.0000528284,0.0011452550,2026-01-13 02:00:00.017000+00:00
xyz:AMD,0.0000577301,0.0012236814,2026-01-13 03:00:00.043000+00:00
xyz:AMD,0.0000568308,0.0012092934,2026-01-13 04:00:00.068000+00:00
xyz:AMD,0.0000600623,0.0012609972,2026-01-13 05:00:00.079000+00:00
xyz:AMD,0.0000551527,0.0011824428,2026-01-13 06:00:00.029000+00:00
xyz:AMD,0.0000188341,0.0006013460,2026-01-13 07:00:00.089000+00:00
xyz:AMD,0.0000224911,0.0006598569,2026-01-13 08:00:00.032000+00:00
xyz:AMD,0.0000374384,0.0008990149,2026-01-13 09:00:00.003000+00:00
xyz:AMD,0.0000062500,0.0001975885,2026-01-13 10:00:00.232000+00:00
xyz:AMD,0.0000062500,0.0002055619,2026-01-13 11:00:00.011000+00:00
xyz:AMD,0.0000112351,0.0004797612,2026-01-13 12:00:00.032000+00:00
xyz:AMD,0.0000062500,0.0003919522,2026-01-13 13:00:00.083000+00:00
xyz:AMD,0.0000062500,0.0002070246,2026-01-13 14:00:00.043000+00:00
xyz:AMD,0.0000062500,0.0002890652,2026-01-13 15:00:00.051000+00:00
xyz:AMD,0.0000062500,0.0003944186,2026-01-13 16:00:00.100000+00:00
xyz:AMD,0.0000062500,0.0002924982,2026-01-13 17:00:00.039000+00:00
xyz:AMD,0.0000062500,0.0003967366,2026-01-13 18:00:00.042000+00:00
xyz:AMD,0.0000122856,0.0004965701,2026-01-13 19:00:00.031000+00:00
xyz:AMD,0.0000196880,0.0006150073,2026-01-13 20:00:00.005000+00:00
xyz:AMD,0.0000265652,0.0007250437,2026-01-13 21:00:00.017000+00:00
xyz:AMD,0.0000062500,0.0002704848,2026-01-13 22:00:00+00:00
xyz:AMD,0.0000062500,0.0001706370,2026-01-13 23:00:00.037000+00:00
xyz:AMD,0.0000062500,0.0003649873,2026-01-14 00:00:00.057000+00:00
xyz:AMD,0.0000062500,0.0003146358,2026-01-14 01:00:00.019000+00:00
xyz:AMD,0.0000189595,0.0006033519,2026-01-14 02:00:00.050000+00:00
xyz:AMD,0.0000062500,0.0001034272,2026-01-14 03:00:00.053000+00:00
xyz:AMD,0.0000062500,-0.0000173902,2026-01-14 04:00:00.063000+00:00
xyz:AMD,0.0000062500,-0.0000291239,2026-01-14 05:00:00.023000+00:00
xyz:AMD,0.0000062500,0.0000600270,2026-01-14 06:00:00.066000+00:00
xyz:AMD,0.0000062500,0.0000647002,2026-01-14 07:00:00.099000+00:00
xyz:AMD,0.0000062500,0.0000728462,2026-01-14 08:00:00.062000+00:00
xyz:AMD,0.0000062500,0.0000572649,2026-01-14 09:00:00.051000+00:00
xyz:AMD,0.0000107520,0.0004720328,2026-01-14 10:00:00.015000+00:00
xyz:AMD,0.0000103520,0.0004656319,2026-01-14 11:00:00+00:00
xyz:AMD,0.0000126306,0.0005020899,2026-01-14 12:00:00.043000+00:00
xyz:AMD,0.0000062500,0.0000701509,2026-01-14 13:00:00.040000+00:00
xyz:AMD,0.0000062500,0.0001571577,2026-01-14 14:00:00.084000+00:00
xyz:AMD,0.0000062500,0.0003620051,2026-01-14 15:00:00.001000+00:00
xyz:AMD,0.0000062500,0.0002741474,2026-01-14 16:00:00.013000+00:00
xyz:AMD,0.0000062500,0.0000836860,2026-01-14 17:00:00.085000+00:00
xyz:AMD,0.0000062500,0.0002241983,2026-01-14 18:00:00.113000+00:00
xyz:AMD,0.0000062500,0.0000561450,2026-01-14 19:00:00.071000+00:00
xyz:AMD,0.0000062500,0.0002894388,2026-01-14 20:00:00.090000+00:00
xyz:AMD,0.0000062500,0.0002640426,2026-01-14 21:00:00.039000+00:00
xyz:AMD,0.0000062500,0.0003564558,2026-01-14 22:00:00.018000+00:00
xyz:AMD,0.0000062500,0.0003658699,2026-01-14 23:00:00.024000+00:00
xyz:AMD,0.0000062500,0.0003142329,2026-01-15 00:00:00.028000+00:00
xyz:AMD,0.0000071834,0.0004149350,2026-01-15 01:00:00.004000+00:00
xyz:AMD,0.0000062500,0.0003401161,2026-01-15 02:00:00.052000+00:00
xyz:AMD,0.0000062500,0.0001421468,2026-01-15 03:00:00.019000+00:00
xyz:AMD,0.0000062500,0.0001830708,2026-01-15 04:00:00.018000+00:00
xyz:AMD,0.0000062500,0.0002601388,2026-01-15 05:00:00.081000+00:00
xyz:AMD,0.0000062500,-0.0000069316,2026-01-15 06:00:00.021000+00:00
xyz:AMD,0.0000062500,0.0003506716,2026-01-15 07:00:00.057000+00:00
xyz:AMD,0.0000208219,0.0006331505,2026-01-15 08:00:00.029000+00:00
xyz:AMD,0.0000273528,0.0007376447,2026-01-15 09:00:00.023000+00:00
xyz:AMD,0.0000155148,0.0005482362,2026-01-15 10:00:00.082000+00:00
xyz:AMD,0.0000156729,0.0005507672,2026-01-15 11:00:00.076000+00:00
xyz:AMD,0.0000133845,0.0005141520,2026-01-15 12:00:00.028000+00:00
xyz:AMD,0.0000121213,0.0004939407,2026-01-15 13:00:00.044000+00:00
xyz:AMD,0.0000062500,0.0003500785,2026-01-15 14:00:00.054000+00:00
xyz:AMD,0.0000192972,0.0006087545,2026-01-15 15:00:00.001000+00:00
xyz:AMD,0.0000112998,0.0004807975,2026-01-15 16:00:00.020000+00:00
xyz:AMD,0.0000062500,0.0003279549,2026-01-15 17:00:00.067000+00:00
xyz:AMD,0.0000080893,0.0004294282,2026-01-15 18:00:00.062000+00:00
xyz:AMD,0.0000062500,0.0003834061,2026-01-15 19:00:00.003000+00:00
xyz:AMD,0.0000100183,0.0004602931,2026-01-15 20:00:00.057000+00:00
xyz:AMD,0.0000062500,0.0003875919,2026-01-15 21:00:00.062000+00:00
xyz:AMD,0.0000062500,0.0003585133,2026-01-15 22:00:00.033000+00:00
xyz:AMD,0.0000120167,0.0004922675,2026-01-15 23:00:00+00:00
xyz:AMD,0.0000229636,0.0006674181,2026-01-16 00:00:00.092000+00:00
xyz:AMD,0.0000211972,0.0006391557,2026-01-16 01:00:00.045000+00:00
xyz:AMD,0.0000316886,0.0008070172,2026-01-16 02:00:00.007000+00:00
xyz:AMD,0.0000305427,0.0007886826,2026-01-16 03:00:00.044000+00:00
xyz:AMD,0.0000313460,0.0008015362,2026-01-16 04:00:00.096000+00:00
xyz:AMD,0.0000282650,0.0007522399,2026-01-16 05:00:00.028000+00:00
xyz:AMD,0.0000301844,0.0007829500,2026-01-16 06:00:00.013000+00:00
xyz:AMD,0.0000321853,0.0008149648,2026-01-16 07:00:00.059000+00:00
xyz:AMD,0.0000330244,0.0008283900,2026-01-16 08:00:00.044000+00:00
xyz:AMD,0.0000333005,0.0008328078,2026-01-16 09:00:00.013000+00:00
xyz:AMD,0.0000281626,0.0007506009,2026-01-16 10:00:00.073000+00:00
xyz:AMD,0.0000212289,0.0006396630,2026-01-16 11:00:00.003000+00:00
xyz:AMD,0.0000178386,0.0005854176,2026-01-16 12:00:00.005000+00:00
xyz:AMD,0.0000150462,0.0005407385,2026-01-16 13:00:00.060000+00:00
xyz:AMD,0.0000199861,0.0006197773,2026-01-16 14:00:00.084000+00:00
xyz:AMD,0.0000108398,0.0004734367,2026-01-16 15:00:00.051000+00:00
xyz:AMD,0.0000062500,0.0002928889,2026-01-16 16:00:00.040000+00:00
xyz:AMD,0.0000092398,0.0004478372,2026-01-16 17:00:00.051000+00:00
xyz:AMD,0.0000062500,0.0003771596,2026-01-16 18:00:00.045000+00:00
xyz:AMD,0.0000107047,0.0004712757,2026-01-16 19:00:00.147000+00:00
xyz:AMD,0.0000113728,0.0004819644,2026-01-16 20:00:00.078000+00:00
xyz:AMD,0.0000062500,0.0003798172,2026-01-16 21:00:00.092000+00:00
xyz:AMD,0.0000098967,0.0004583472,2026-01-16 22:00:00.120000+00:00
xyz:AMD,0.0000102173,0.0004634775,2026-01-16 23:00:00.021000+00:00
xyz:AMD,0.0000133060,0.0005128962,2026-01-17 00:00:00.037000+00:00
xyz:AMD,0.0000106074,0.0004697178,2026-01-17 01:00:00.055000+00:00
xyz:AMD,0.0000062500,0.0001417810,2026-01-17 02:00:00.090000+00:00
xyz:AMD,0.0000961613,0.0018385808,2026-01-17 03:00:00.036000+00:00
xyz:AMD,0.0001004924,0.0019078790,2026-01-17 04:00:00.003000+00:00
xyz:AMD,0.0001044503,0.0019712052,2026-01-17 05:00:00.027000+00:00
xyz:AMD,0.0001589749,0.0028435991,2026-01-17 06:00:00.104000+00:00
xyz:AMD,0.0001364001,0.0024824019,2026-01-17 07:00:00.005000+00:00
xyz:AMD,0.0000815861,0.0016053771,2026-01-17 08:00:00.022000+00:00
xyz:AMD,0.0000963106,0.0018409700,2026-01-17 09:00:00.004000+00:00
xyz:AMD,0.0000976217,0.0018619472,2026-01-17 10:00:00.039000+00:00
xyz:AMD,0.0000991836,0.0018869374,2026-01-17 11:00:00.095000+00:00
xyz:AMD,0.0000744756,0.0014916097,2026-01-17 12:00:00.021000+00:00
xyz:AMD,0.0000612604,0.0012801665,2026-01-17 13:00:00.089000+00:00
xyz:AMD,0.0000727857,0.0014645712,2026-01-17 14:00:00.030000+00:00
xyz:AMD,0.0000611967,0.0012791468,2026-01-17 15:00:00.010000+00:00
xyz:AMD,0.0000466452,0.0010463226,2026-01-17 16:00:00.102000+00:00
xyz:AMD,0.0000062500,0.0003840003,2026-01-17 17:00:00.010000+00:00
xyz:AMD,0.0000062500,0.0003632683,2026-01-17 18:00:00.066000+00:00
xyz:AMD,0.0000104650,0.0004674395,2026-01-17 19:00:00.038000+00:00
xyz:AMD,0.0000183455,0.0005935280,2026-01-17 20:00:00.073000+00:00
xyz:AMD,0.0000295544,0.0007728701,2026-01-17 21:00:00.017000+00:00
xyz:AMD,0.0000486083,0.0010777335,2026-01-17 22:00:00.036000+00:00
xyz:AMD,-0.0000142635,-0.0005282153,2026-01-17 23:00:00.100000+00:00
xyz:AMD,-0.0001519422,-0.0027310757,2026-01-18 00:00:00.017000+00:00
xyz:AMD,-0.0001290603,-0.0023649647,2026-01-18 01:00:00.117000+00:00
xyz:AMD,-0.0002064238,-0.0036027802,2026-01-18 02:00:00.061000+00:00
xyz:AMD,-0.0001127068,-0.0021033092,2026-01-18 03:00:00.047000+00:00
xyz:AMD,-0.0000770105,-0.0015321685,2026-01-18 04:00:00.062000+00:00
xyz:AMD,-0.0000549572,-0.0011793158,2026-01-18 05:00:00.034000+00:00
xyz:AMD,0.0000010755,-0.0002827912,2026-01-18 06:00:00.066000+00:00
xyz:AMD,-0.0000041963,-0.0003671409,2026-01-18 07:00:00.063000+00:00
xyz:AMD,-0.0000178269,-0.0005852299,2026-01-18 08:00:00.106000+00:00
xyz:AMD,-0.0000566301,-0.0012060814,2026-01-18 09:00:00.110000+00:00
xyz:AMD,-0.0000481163,-0.0010698605,2026-01-18 10:00:00.047000+00:00
xyz:AMD,-0.0000640551,-0.0013248812,2026-01-18 11:00:00.085000+00:00
xyz:AMD,-0.0000824439,-0.0016191020,2026-01-18 12:00:00.016000+00:00
xyz:AMD,-0.0000840004,-0.0016440058,2026-01-18 13:00:00.054000+00:00
xyz:AMD,-0.0000856025,-0.0016696408,2026-01-18 14:00:00.035000+00:00
xyz:AMD,-0.0000884777,-0.0017156427,2026-01-18 15:00:00.030000+00:00
xyz:AMD,-0.0000938579,-0.0018017257,2026-01-18 16:00:00.021000+00:00
xyz:AMD,-0.0000213624,-0.0006417982,2026-01-18 17:00:00.040000+00:00
xyz:AMD,-0.0000373966,-0.0008983457,2026-01-18 18:00:00.067000+00:00
xyz:AMD,-0.0000312120,-0.0007993924,2026-01-18 19:00:00.018000+00:00
xyz:AMD,-0.0000303279,-0.0007852458,2026-01-18 20:00:00.055000+00:00
xyz:AMD,-0.0000380280,-0.0009084485,2026-01-18 21:00:00.024000+00:00
xyz:AMD,-0.0000404651,-0.0009474418,2026-01-18 22:00:00.042000+00:00
xyz:AMD,-0.0000421031,-0.0009736502,2026-01-18 23:00:00.113000+00:00
xyz:AMD,-0.0000960362,-0.0018365793,2026-01-19 00:00:00.034000+00:00
xyz:AMD,-0.0001160975,-0.0021575601,2026-01-19 01:00:00.098000+00:00
xyz:AMD,0.0000822175,0.0016154795,2026-01-19 02:00:00.001000+00:00
xyz:AMD,0.0000127508,0.0005040126,2026-01-19 03:00:00.009000+00:00
xyz:AMD,-0.0000928895,-0.0017862321,2026-01-19 04:00:00.051000+00:00
xyz:AMD,-0.0001180174,-0.0021882776,2026-01-19 05:00:00+00:00
xyz:AMD,-0.0000888963,-0.0017223411,2026-01-19 06:00:00.033000+00:00
xyz:AMD,-0.0001219886,-0.0022518184,2026-01-19 07:00:00.014000+00:00
xyz:AMD,-0.0002172469,-0.0037759497,2026-01-19 08:00:00.026000+00:00
xyz:AMD,-0.0000543831,-0.0011701295,2026-01-19 09:00:00.012000+00:00
xyz:AMD,-0.0000917736,-0.0017683769,2026-01-19 10:00:00.012000+00:00
xyz:AMD,-0.0000325033,-0.0008200531,2026-01-19 11:00:00.094000+00:00
xyz:AMD,-0.0000103056,-0.0004648892,2026-01-19 12:00:00+00:00
xyz:AMD,0.0000062500,0.0000978097,2026-01-19 13:00:00.041000+00:00
xyz:AMD,0.0000062500,0.0000225699,2026-01-19 14:00:00.040000+00:00
xyz:AMD,-0.0000034257,-0.0003548118,2026-01-19 15:00:00.049000+00:00
xyz:AMD,0.0000354246,0.0008667940,2026-01-19 16:00:00.056000+00:00
xyz:AMD,0.0000140389,0.0005246231,2026-01-19 17:00:00.011000+00:00
xyz:AMD,0.0000420523,0.0009728369,2026-01-19 18:00:00.005000+00:00
xyz:AMD,0.0000501154,0.0011018468,2026-01-19 19:00:00.012000+00:00
xyz:AMD,0.0000487873,0.0010805968,2026-01-19 20:00:00.025000+00:00
xyz:AMD,0.0000612798,0.0012804769,2026-01-19 21:00:00.079000+00:00
xyz:AMD,0.0000660775,0.0013572398,2026-01-19 22:00:00.033000+00:00
xyz:AMD,0.0000462598,0.0010401568,2026-01-19 23:00:00.040000+00:00
xyz:AMD,0.0000062500,0.0002389162,2026-01-20 00:00:00.007000+00:00
xyz:AMD,-0.0000324046,-0.0008184737,2026-01-20 01:00:00.011000+00:00
xyz:AMD,0.0000397988,0.0009367814,2026-01-20 02:00:00.057000+00:00
xyz:AMD,0.0000214091,0.0006425464,2026-01-20 03:00:00.001000+00:00
xyz:AMD,0.0000255616,0.0007089855,2026-01-20 04:00:00.167000+00:00
xyz:AMD,0.0000170061,0.0005720973,2026-01-20 05:00:00.112000+00:00
xyz:AMD,0.0000062500,0.0003947904,2026-01-20 06:00:00.064000+00:00
xyz:AMD,0.0000156408,0.0005502524,2026-01-20 07:00:00.110000+00:00
xyz:AMD,0.0000102924,0.0004646778,2026-01-20 08:00:00.010000+00:00
xyz:AMD,0.0000190260,0.0006044153,2026-01-20 09:00:00.079000+00:00
xyz:AMD,0.0000125854,0.0005013663,2026-01-20 10:00:00.046000+00:00
xyz:AMD,0.0000062500,0.0001422293,2026-01-20 11:00:00.018000+00:00
xyz:AMD,0.0000062500,0.0000246360,2026-01-20 12:00:00.064000+00:00
xyz:AMD,0.0000062500,0.0002464677,2026-01-20 13:00:00.054000+00:00
xyz:AMD,0.0000062500,0.0000942676,2026-01-20 14:00:00.109000+00:00
xyz:AMD,0.0000062500,0.0002048267,2026-01-20 15:00:00.061000+00:00
xyz:AMD,0.0000062500,0.0002503782,2026-01-20 16:00:00.047000+00:00
xyz:AMD,0.0000062500,0.0003713638,2026-01-20 17:00:00.034000+00:00
xyz:AMD,0.0000062500,0.0000281653,2026-01-20 18:00:00.037000+00:00
xyz:AMD,0.0000062500,-0.0000357642,2026-01-20 19:00:00.028000+00:00
xyz:AMD,0.0000062500,-0.0000158705,2026-01-20 20:00:00.020000+00:00
xyz:AMD,0.0000062500,0.0000645158,2026-01-20 21:00:00.025000+00:00
xyz:AMD,0.0000062500,0.0000673576,2026-01-20 22:00:00.005000+00:00
xyz:AMD,0.0000062500,0.0000136427,2026-01-20 23:00:00.015000+00:00
xyz:AMD,0.0000062500,-0.0000698701,2026-01-21 00:00:00.063000+00:00
xyz:AMD,0.0000062500,-0.0000506824,2026-01-21 01:00:00.039000+00:00
xyz:AMD,0.0000062500,0.0001644293,2026-01-21 02:00:00.038000+00:00
xyz:AMD,0.0000062500,0.0000649453,2026-01-21 03:00:00.143000+00:00
xyz:AMD,0.0000090555,0.0004448878,2026-01-21 04:00:00.034000+00:00
xyz:AMD,0.0000114156,0.0004826499,2026-01-21 05:00:00.057000+00:00
xyz:AMD,0.0000156659,0.0005506546,2026-01-21 06:00:00.014000+00:00
xyz:AMD,0.0000147013,0.0005352201,2026-01-21 07:00:00.016000+00:00
xyz:AMD,0.0000169251,0.0005708013,2026-01-21 08:00:00.028000+00:00
xyz:AMD,0.0000229390,0.0006670239,2026-01-21 09:00:00.046000+00:00
xyz:AMD,0.0000062500,0.0003474083,2026-01-21 10:00:00.018000+00:00
xyz:AMD,0.0000062500,0.0000899723,2026-01-21 11:00:00.027000+00:00
xyz:AMD,0.0000062500,0.0001872566,2026-01-21 12:00:00.031000+00:00
xyz:AMD,0.0000072639,0.0004162221,2026-01-21 13:00:00.094000+00:00
xyz:AMD,0.0000062500,0.0003208665,2026-01-21 14:00:00.007000+00:00
xyz:AMD,0.0000062500,0.0003004668,2026-01-21 15:00:00.012000+00:00
xyz:AMD,0.0000062500,0.0003050162,2026-01-21 16:00:00.016000+00:00
xyz:AMD,0.0000099895,0.0004598319,2026-01-21 17:00:00.079000+00:00
xyz:AMD,0.0000062500,0.0000901356,2026-01-21 18:00:00.006000+00:00
xyz:AMD,0.0000062500,0.0000866685,2026-01-21 19:00:00.021000+00:00
xyz:AMD,0.0000062500,0.0002862473,2026-01-21 20:00:00.017000+00:00
xyz:AMD,0.0000062500,0.0002791605,2026-01-21 21:00:00.045000+00:00
xyz:AMD,0.0000070572,0.0004129146,2026-01-21 22:00:00.093000+00:00
xyz:AMD,0.0000141355,0.0005261683,2026-01-21 23:00:00.012000+00:00
xyz:AMD,0.0000138072,0.0005209158,2026-01-22 00:00:00.068000+00:00
xyz:AMD,0.0000088030,0.0004408484,2026-01-22 01:00:00.076000+00:00
xyz:AMD,0.0000062500,0.0002935029,2026-01-22 02:00:00.069000+00:00
xyz:AMD,0.0000086700,0.0004387206,2026-01-22 03:00:00.112000+00:00
xyz:AMD,0.0000171310,0.0005740963,2026-01-22 04:00:00.005000+00:00
xyz:AMD,0.0000164739,0.0005635829,2026-01-22 05:00:00.033000+00:00
xyz:AMD,0.0000145457,0.0005327318,2026-01-22 06:00:00.029000+00:00
xyz:AMD,0.0000062500,0.0003076737,2026-01-22 07:00:00.022000+00:00
xyz:AMD,0.0000193748,0.0006099961,2026-01-22 08:00:00.084000+00:00
xyz:AMD,0.0000062500,0.0001582935,2026-01-22 09:00:00.040000+00:00
xyz:AMD,0.0000190619,0.0006049910,2026-01-22 10:00:00.057000+00:00
xyz:AMD,0.0000062500,0.0001165885,2026-01-22 11:00:00.047000+00:00
xyz:AMD,0.0000142235,0.0005275756,2026-01-22 12:00:00.063000+00:00
xyz:AMD,0.0000062500,0.0003657157,2026-01-22 13:00:00.020000+00:00
xyz:AMD,0.0000062500,0.0001693613,2026-01-22 14:00:00.092000+00:00
xyz:AMD,0.0000062500,0.0003607104,2026-01-22 15:00:00.007000+00:00
xyz:AMD,0.0000073782,0.0004180508,2026-01-22 16:00:00.083000+00:00
xyz:AMD,0.0000062500,0.0003838597,2026-01-22 17:00:00.035000+00:00
xyz:AMD,0.0000062500,0.0002941633,2026-01-22 18:00:00.004000+00:00
xyz:AMD,0.0000062500,0.0003676761,2026-01-22 19:00:00.016000+00:00
xyz:AMD,0.0000104667,0.0004674676,2026-01-22 20:00:00.017000+00:00
xyz:AMD,0.0000062500,0.0003968010,2026-01-22 21:00:00.096000+00:00
xyz:AMD,0.0000062500,0.0000601499,2026-01-22 22:00:00.013000+00:00
xyz:AMD,0.0000062500,0.0001853027,2026-01-22 23:00:00.019000+00:00
xyz:AMD,0.0000062500,0.0001485745,2026-01-23 00:00:00.009000+00:00
xyz:AMD,0.0000062500,0.0000815108,2026-01-23 01:00:00.034000+00:00
xyz:AMD,0.0000062500,0.0000252499,2026-01-23 02:00:00.028000+00:00
xyz:AMD,0.0000062500,-0.0000282469,2026-01-23 03:00:00.122000+00:00
xyz:AMD,0.0000062500,-0.0000142026,2026-01-23 04:00:00.017000+00:00
xyz:AMD,0.0000062500,-0.0000226862,2026-01-23 05:00:00.154000+00:00
xyz:AMD,0.0000062500,0.0000117243,2026-01-23 06:00:00.112000+00:00
xyz:AMD,0.0000062500,-0.0000072858,2026-01-23 07:00:00.066000+00:00
xyz:AMD,0.0000177135,0.0005834164,2026-01-23 08:00:00.100000+00:00
xyz:AMD,0.0000261647,0.0007186350,2026-01-23 09:00:00.005000+00:00
xyz:AMD,0.0000226058,0.0006616929,2026-01-23 10:00:00.058000+00:00
xyz:AMD,0.0000244763,0.0006916208,2026-01-23 11:00:00.030000+00:00
xyz:AMD,0.0000124263,0.0004988215,2026-01-23 12:00:00.029000+00:00
xyz:AMD,0.0000145487,0.0005327797,2026-01-23 13:00:00.018000+00:00
xyz:AMD,0.0000099396,0.0004590342,2026-01-23 14:00:00.013000+00:00
xyz:AMD,0.0000062500,0.0002383015,2026-01-23 15:00:00.048000+00:00
xyz:AMD,0.0000062500,0.0003032043,2026-01-23 16:00:00.010000+00:00
xyz:AMD,0.0000068112,0.0004089793,2026-01-23 17:00:00.061000+00:00
xyz:AMD,0.0000062500,0.0002097719,2026-01-23 18:00:00.037000+00:00
xyz:AMD,0.0000072578,0.0004161255,2026-01-23 19:00:00.047000+00:00
xyz:AMD,0.0000071919,0.0004150703,2026-01-23 20:00:00.055000+00:00
xyz:AMD,0.0000083373,0.0004333960,2026-01-23 21:00:00.085000+00:00
xyz:AMD,0.0000180581,0.0005889293,2026-01-23 22:00:00.039000+00:00
xyz:AMD,0.0000292591,0.0007681463,2026-01-23 23:00:00.085000+00:00
xyz:AMD,0.0000172260,0.0005756162,2026-01-24 00:00:00.017000+00:00
xyz:AMD,0.0000184781,0.0005956501,2026-01-24 01:00:00.061000+00:00
xyz:AMD,0.0000128544,0.0005056710,2026-01-24 02:00:00.093000+00:00
xyz:AMD,0.0000062500,0.0001223170,2026-01-24 03:00:00.032000+00:00
xyz:AMD,0.0000062500,-0.0001793792,2026-01-24 04:00:00.067000+00:00
xyz:AMD,0.0000004179,-0.0002933138,2026-01-24 05:00:00.043000+00:00
xyz:AMD,0.0000062500,-0.0000373938,2026-01-24 06:00:00.032000+00:00
xyz:AMD,0.0000062500,-0.0000258657,2026-01-24 07:00:00.003000+00:00
xyz:AMD,0.0000062500,0.0001022659,2026-01-24 08:00:00.030000+00:00
xyz:AMD,0.0000131908,0.0005110536,2026-01-24 09:00:00.058000+00:00
xyz:AMD,0.0000079243,0.0004267894,2026-01-24 10:00:00.112000+00:00
xyz:AMD,0.0000062500,0.0000487229,2026-01-24 11:00:00.027000+00:00
xyz:AMD,0.0000062500,-0.0000530784,2026-01-24 12:00:00.100000+00:00
xyz:AMD,0.0000062500,0.0000714038,2026-01-24 13:00:00.080000+00:00
xyz:AMD,0.0000062500,-0.0001196790,2026-01-24 14:00:00.016000+00:00
xyz:AMD,0.0000062500,-0.0001527220,2026-01-24 15:00:00.060000+00:00
xyz:AMD,0.0000062500,-0.0001040125,2026-01-24 16:00:00.092000+00:00
xyz:AMD,0.0000062500,-0.0000944920,2026-01-24 17:00:00.040000+00:00
xyz:AMD,0.0000062500,-0.0000808573,2026-01-24 18:00:00.011000+00:00
xyz:AMD,0.0000062500,-0.0000609585,2026-01-24 19:00:00.036000+00:00
xyz:AMD,0.0000045331,-0.0002274708,2026-01-24 20:00:00.028000+00:00
xyz:AMD,-0.0000072799,-0.0004164790,2026-01-24 21:00:00.012000+00:00
xyz:AMD,-0.0000047851,-0.0003765612,2026-01-24 22:00:00.056000+00:00
xyz:AMD,-0.0000143053,-0.0005288843,2026-01-24 23:00:00.017000+00:00
xyz:AMD,-0.0000041553,-0.0003664856,2026-01-25 00:00:00.006000+00:00
xyz:AMD,0.0000062500,0.0000769536,2026-01-25 01:00:00.021000+00:00
xyz:AMD,-0.0000496484,-0.0010943736,2026-01-25 02:00:00.135000+00:00
xyz:AMD,-0.0000938645,-0.0018018312,2026-01-25 03:00:00.054000+00:00
xyz:AMD,-0.0000152546,-0.0005440728,2026-01-25 04:00:00.109000+00:00
xyz:AMD,0.0000148308,0.0005372925,2026-01-25 05:00:00.110000+00:00
xyz:AMD,0.0000114360,0.0004829763,2026-01-25 06:00:00.117000+00:00
xyz:AMD,0.0000062500,-0.0000738891,2026-01-25 07:00:00.059000+00:00
xyz:AMD,-0.0000129776,-0.0005076422,2026-01-25 08:00:00.042000+00:00
xyz:AMD,-0.0000004648,-0.0003074360,2026-01-25 09:00:00.055000+00:00
xyz:AMD,-0.0000386701,-0.0009187211,2026-01-25 10:00:00.045000+00:00
xyz:AMD,-0.0000305819,-0.0007893096,2026-01-25 11:00:00.011000+00:00
xyz:AMD,-0.0000193675,-0.0006098797,2026-01-25 12:00:00.029000+00:00
xyz:AMD,0.0000009594,-0.0002846492,2026-01-25 13:00:00.065000+00:00
xyz:AMD,0.0000181365,0.0005901835,2026-01-25 14:00:00.031000+00:00
xyz:AMD,0.0000062500,-0.0000892329,2026-01-25 15:00:00.075000+00:00
xyz:AMD,-0.0000240955,-0.0006855286,2026-01-25 16:00:00.012000+00:00
xyz:AMD,-0.0001196642,-0.0022146267,2026-01-25 17:00:00.013000+00:00
xyz:AMD,-0.0001447579,-0.0026161260,2026-01-25 18:00:00.020000+00:00
xyz:AMD,-0.0001193113,-0.0022089815,2026-01-25 19:00:00.010000+00:00
xyz:AMD,-0.0001124796,-0.0020996739,2026-01-25 20:00:00.016000+00:00
xyz:AMD,-0.0001800040,-0.0031800643,2026-01-25 21:00:00.021000+00:00
xyz:AMD,-0.0001330170,-0.0024282726,2026-01-25 22:00:00.063000+00:00
xyz:AMD,-0.0000904084,-0.0017465339,2026-01-25 23:00:00.127000+00:00
xyz:AMD,-0.0000756035,-0.0015096563,2026-01-26 00:00:00.127000+00:00
xyz:AMD,0.0000062500,-0.0001486721,2026-01-26 01:00:00.001000+00:00
xyz:AMD,0.0000062500,0.0001897296,2026-01-26 02:00:00.026000+00:00
xyz:AMD,0.0000062500,0.0002846067,2026-01-26 03:00:00.059000+00:00
xyz:AMD,0.0000084480,0.0004351683,2026-01-26 04:00:00.056000+00:00
xyz:AMD,0.0000062500,0.0001537708,2026-01-26 05:00:00.020000+00:00
xyz:AMD,0.0000080973,0.0004295561,2026-01-26 06:00:00.101000+00:00
xyz:AMD,0.0000083494,0.0004335901,2026-01-26 07:00:00.055000+00:00
xyz:AMD,0.0000062500,0.0000518513,2026-01-26 08:00:00.040000+00:00
xyz:AMD,0.0000062500,0.0002194288,2026-01-26 09:00:00.056000+00:00
xyz:AMD,0.0000062500,0.0003151227,2026-01-26 10:00:00.060000+00:00
xyz:AMD,0.0000062500,0.0001463491,2026-01-26 11:00:00.055000+00:00
xyz:AMD,0.0000062500,0.0001055843,2026-01-26 12:00:00.081000+00:00
xyz:AMD,0.0000062500,0.0000890340,2026-01-26 13:00:00+00:00
xyz:AMD,0.0000062500,0.0003750314,2026-01-26 14:00:00.050000+00:00
xyz:AMD,0.0000062500,0.0003198653,2026-01-26 15:00:00.064000+00:00
xyz:AMD,0.0000062500,0.0002773378,2026-01-26 16:00:00.006000+00:00
xyz:AMD,0.0000062500,0.0003623501,2026-01-26 17:00:00.012000+00:00
xyz:AMD,0.0000066582,0.0004065312,2026-01-26 18:00:00.010000+00:00
xyz:AMD,0.0000062500,0.0001853640,2026-01-26 19:00:00.045000+00:00
xyz:AMD,0.0000062500,-0.0000369806,2026-01-26 20:00:00.034000+00:00
xyz:AMD,0.0000062500,0.0001285236,2026-01-26 21:00:00.094000+00:00
xyz:AMD,0.0000062500,0.0000514913,2026-01-26 22:00:00.049000+00:00
xyz:AMD,0.0000062500,-0.0000137536,2026-01-26 23:00:00.079000+00:00
xyz:AMD,0.0000062500,0.0000450409,2026-01-27 00:00:00.085000+00:00
xyz:AMD,0.0000062500,-0.0000722032,2026-01-27 01:00:00.073000+00:00
xyz:AMD,0.0000062500,-0.0001001288,2026-01-27 02:00:00.052000+00:00
xyz:AMD,0.0000062500,0.0000251538,2026-01-27 03:00:00.012000+00:00
xyz:AMD,0.0000062500,0.0000694500,2026-01-27 04:00:00.017000+00:00
xyz:AMD,0.0000084463,0.0004351414,2026-01-27 05:00:00.023000+00:00
xyz:AMD,0.0000076064,0.0004217017,2026-01-27 06:00:00+00:00
xyz:AMD,0.0000089157,0.0004426511,2026-01-27 07:00:00.049000+00:00
xyz:AMD,0.0000066133,0.0004058121,2026-01-27 08:00:00.092000+00:00
xyz:AMD,0.0000067332,0.0004077305,2026-01-27 09:00:00.020000+00:00
xyz:AMD,0.0000088039,0.0004408621,2026-01-27 10:00:00.056000+00:00
xyz:AMD,0.0000076125,0.0004218000,2026-01-27 11:00:00.003000+00:00
xyz:AMD,0.0000114047,0.0004824757,2026-01-27 12:00:00.051000+00:00
xyz:AMD,0.0000146209,0.0005339345,2026-01-27 13:00:00.006000+00:00
xyz:AMD,0.0000142501,0.0005280019,2026-01-27 14:00:00.041000+00:00
xyz:AMD,0.0000173047,0.0005768748,2026-01-27 15:00:00.074000+00:00
xyz:AMD,0.0000174004,0.0005784067,2026-01-27 16:00:00.103000+00:00
xyz:AMD,0.0000154081,0.0005465297,2026-01-27 17:00:00.024000+00:00
xyz:AMD,0.0000108246,0.0004731938,2026-01-27 18:00:00.011000+00:00
xyz:AMD,0.0000068790,0.0004100646,2026-01-27 19:00:00.027000+00:00
xyz:AMD,0.0000074384,0.0004190140,2026-01-27 20:00:00.082000+00:00
xyz:AMD,0.0000092779,0.0004484466,2026-01-27 21:00:00.015000+00:00
xyz:AMD,0.0000108438,0.0004735012,2026-01-27 22:00:00.042000+00:00
xyz:AMD,0.0000123357,0.0004973712,2026-01-27 23:00:00.015000+00:00
xyz:AMD,0.0000133988,0.0005143804,2026-01-28 00:00:00.090000+00:00
xyz:AMD,0.0000143342,0.0005293473,2026-01-28 01:00:00.024000+00:00
xyz:AMD,0.0000062500,0.0002544222,2026-01-28 02:00:00.053000+00:00
xyz:AMD,0.0000155150,0.0005482394,2026-01-28 03:00:00.047000+00:00
xyz:AMD,0.0000189267,0.0006028266,2026-01-28 04:00:00.114000+00:00
xyz:AMD,0.0000092861,0.0004485779,2026-01-28 05:00:00.046000+00:00
xyz:AMD,0.0000067309,0.0004076946,2026-01-28 06:00:00.127000+00:00
xyz:AMD,0.0000221380,0.0006542085,2026-01-28 07:00:00.070000+00:00
xyz:AMD,0.0000202305,0.0006236878,2026-01-28 08:00:00.044000+00:00
xyz:AMD,0.0000195474,0.0006127587,2026-01-28 09:00:00.042000+00:00
xyz:AMD,0.0000221029,0.0006536463,2026-01-28 10:00:00.038000+00:00
xyz:AMD,0.0000222862,0.0006565799,2026-01-28 11:00:00.016000+00:00
xyz:AMD,0.0000311751,0.0007988016,2026-01-28 12:00:00.051000+00:00
xyz:AMD,0.0000190334,0.0006045339,2026-01-28 13:00:00.094000+00:00
xyz:AMD,0.0000242150,0.0006874400,2026-01-28 14:00:00.054000+00:00
xyz:AMD,0.0000125058,0.0005000922,2026-01-28 15:00:00.003000+00:00
xyz:AMD,0.0000062500,0.0003606426,2026-01-28 16:00:00.022000+00:00
xyz:AMD,0.0000077793,0.0004244693,2026-01-28 17:00:00.048000+00:00
xyz:AMD,0.0000062500,0.0003871722,2026-01-28 18:00:00.020000+00:00
xyz:AMD,0.0000245850,0.0006933607,2026-01-28 19:00:00.072000+00:00
xyz:AMD,0.0000242924,0.0006886779,2026-01-28 20:00:00.063000+00:00
xyz:AMD,0.0000155123,0.0005481975,2026-01-28 21:00:00.108000+00:00
xyz:AMD,0.0000094882,0.0004518107,2026-01-28 22:00:00.010000+00:00
xyz:AMD,0.0000062500,0.0000700387,2026-01-28 23:00:00.022000+00:00
xyz:AMD,0.0000062500,0.0002458975,2026-01-29 00:00:00.027000+00:00
xyz:AMD,0.0000062500,0.0003433803,2026-01-29 01:00:00.021000+00:00
xyz:AMD,0.0000062500,0.0003188250,2026-01-29 02:00:00.049000+00:00
xyz:AMD,0.0000062500,-0.0000264897,2026-01-29 03:00:00.013000+00:00
xyz:AMD,0.0000062500,0.0000184774,2026-01-29 04:00:00.038000+00:00
xyz:AMD,0.0000062500,0.0000418115,2026-01-29 05:00:00.051000+00:00
xyz:AMD,0.0000062500,0.0001293916,2026-01-29 06:00:00.048000+00:00
xyz:AMD,0.0000062500,0.0000824716,2026-01-29 07:00:00.087000+00:00
xyz:AMD,0.0000062500,0.0001006980,2026-01-29 08:00:00.047000+00:00
xyz:AMD,0.0000062500,0.0003021957,2026-01-29 09:00:00.026000+00:00
xyz:AMD,0.0000095243,0.0004523891,2026-01-29 10:00:00.066000+00:00
xyz:AMD,0.0000126954,0.0005031269,2026-01-29 11:00:00.051000+00:00
xyz:AMD,0.0000228829,0.0006661262,2026-01-29 12:00:00+00:00
xyz:AMD,0.0000208481,0.0006335703,2026-01-29 13:00:00.120000+00:00
xyz:AMD,0.0000166662,0.0005666599,2026-01-29 14:00:00.011000+00:00
xyz:AMD,0.0000455103,0.0010281645,2026-01-29 15:00:00.016000+00:00
xyz:AMD,0.0000167450,0.0005679200,2026-01-29 16:00:00.059000+00:00
xyz:AMD,0.0000218762,0.0006500196,2026-01-29 17:00:00.082000+00:00
xyz:AMD,0.0000139580,0.0005233276,2026-01-29 18:00:00.099000+00:00
xyz:AMD,0.0000121284,0.0004940551,2026-01-29 19:00:00.054000+00:00
xyz:AMD,0.0000126556,0.0005024891,2026-01-29 20:00:00.035000+00:00
xyz:AMD,0.0000135389,0.0005166224,2026-01-29 21:00:00.049000+00:00
xyz:AMD,0.0000275288,0.0007404605,2026-01-29 22:00:00.059000+00:00
xyz:AMD,0.0000346369,0.0008541903,2026-01-29 23:00:00.037000+00:00
xyz:AMD,0.0000310251,0.0007964017,2026-01-30 00:00:00.022000+00:00
xyz:AMD,0.0000334744,0.0008355900,2026-01-30 01:00:00.010000+00:00
xyz:AMD,0.0000312784,0.0008004537,2026-01-30 02:00:00.075000+00:00
xyz:AMD,0.0000238115,0.0006809843,2026-01-30 03:00:00.038000+00:00
xyz:AMD,0.0000214168,0.0006426689,2026-01-30 04:00:00.028000+00:00
xyz:AMD,0.0000359442,0.0008751078,2026-01-30 05:00:00.053000+00:00
xyz:AMD,0.0000062500,0.0001960208,2026-01-30 06:00:00.084000+00:00
xyz:AMD,0.0000062500,0.0003455482,2026-01-30 07:00:00.117000+00:00
xyz:AMD,0.0000117085,0.0004873367,2026-01-30 08:00:00.018000+00:00
xyz:AMD,0.0000265072,0.0007241156,2026-01-30 09:00:00.103000+00:00
xyz:AMD,0.0000062500,-0.0000246920,2026-01-30 10:00:00.049000+00:00
xyz:AMD,0.0000062500,0.0000889425,2026-01-30 11:00:00.108000+00:00
xyz:AMD,0.0000062500,0.0000140311,2026-01-30 12:00:00.036000+00:00
xyz:AMD,0.0000062500,0.0000553650,2026-01-30 13:00:00.025000+00:00
xyz:AMD,0.0000062500,-0.0000046363,2026-01-30 14:00:00.033000+00:00
xyz:AMD,-0.0000042668,-0.0003682687,2026-01-30 15:00:00.008000+00:00
xyz:AMD,0.0000029216,-0.0002532537,2026-01-30 16:00:00.054000+00:00
xyz:AMD,0.0000062500,0.0003536853,2026-01-30 17:00:00.105000+00:00
xyz:AMD,0.0000101552,0.0004624827,2026-01-30 18:00:00.037000+00:00
xyz:AMD,0.0000114616,0.0004833858,2026-01-30 19:00:00.042000+00:00
xyz:AMD,0.0000207269,0.0006316300,2026-01-30 20:00:00.041000+00:00
xyz:AMD,0.0000160799,0.0005572784,2026-01-30 21:00:00.006000+00:00
xyz:AMD,0.0000142948,0.0005287173,2026-01-30 22:00:00.001000+00:00
xyz:AMD,0.0000116633,0.0004866125,2026-01-30 23:00:00.031000+00:00
xyz:AMD,0.0000062500,0.0003711327,2026-01-31 00:00:00.171000+00:00
xyz:AMD,0.0000120411,0.0004926579,2026-01-31 01:00:00.100000+00:00
xyz:AMD,0.0000062500,0.0003038879,2026-01-31 02:00:00.068000+00:00
xyz:AMD,0.0000062500,0.0000499100,2026-01-31 03:00:00.097000+00:00
xyz:AMD,0.0000129244,0.0005067900,2026-01-31 04:00:00.012000+00:00
xyz:AMD,0.0000114994,0.0004839911,2026-01-31 05:00:00.026000+00:00
xyz:AMD,0.0000062500,0.0002361533,2026-01-31 06:00:00.002000+00:00
xyz:AMD,0.0000062500,-0.0001234883,2026-01-31 07:00:00.010000+00:00
xyz:AMD,0.0000062500,-0.0000332499,2026-01-31 08:00:00.049000+00:00
xyz:AMD,-0.0000095838,-0.0004533408,2026-01-31 09:00:00.076000+00:00
xyz:AMD,-0.0000155364,-0.0005485821,2026-01-31 10:00:00.022000+00:00
xyz:AMD,0.0000031020,-0.0002503676,2026-01-31 11:00:00.050000+00:00
xyz:AMD,0.0000030012,-0.0002519800,2026-01-31 12:00:00.105000+00:00
xyz:AMD,-0.0000032186,-0.0003514973,2026-01-31 13:00:00.035000+00:00
xyz:AMD,0.0000062500,0.0000203789,2026-01-31 14:00:00.027000+00:00
xyz:AMD,-0.0000037986,-0.0003607780,2026-01-31 15:00:00.033000+00:00
xyz:AMD,-0.0000336865,-0.0008389838,2026-01-31 16:00:00.091000+00:00
xyz:AMD,-0.0000322756,-0.0008164091,2026-01-31 17:00:00.030000+00:00
xyz:AMD,-0.0000334704,-0.0008355261,2026-01-31 18:00:00.057000+00:00
xyz:AMD,-0.0001391920,-0.0025270725,2026-01-31 19:00:00.118000+00:00
xyz:AMD,-0.0001477024,-0.0026632392,2026-01-31 20:00:00.081000+00:00
xyz:AMD,-0.0000597788,-0.0012564605,2026-01-31 21:00:00.058000+00:00
xyz:AMD,-0.0000402099,-0.0009433587,2026-01-31 22:00:00.056000+00:00
xyz:AMD,-0.0000215359,-0.0006445742,2026-01-31 23:00:00.088000+00:00
xyz:AMD,-0.0000096150,-0.0004538403,2026-02-01 00:00:00.016000+00:00
xyz:AMD,-0.0000084441,-0.0004351048,2026-02-01 01:00:00.017000+00:00
xyz:AMD,-0.0000291690,-0.0007667033,2026-02-01 02:00:00.052000+00:00
xyz:AMD,0.0000062500,-0.0001909655,2026-02-01 03:00:00.047000+00:00
xyz:AMD,0.0000062500,0.0001759810,2026-02-01 04:00:00.091000+00:00
xyz:AMD,0.0000038558,-0.0002383077,2026-02-01 05:00:00.008000+00:00
xyz:AMD,-0.0000116016,-0.0004856249,2026-02-01 06:00:00.029000+00:00
xyz:AMD,-0.0000177071,-0.0005833144,2026-02-01 07:00:00.060000+00:00
xyz:AMD,-0.0000222802,-0.0006564826,2026-02-01 08:00:00.056000+00:00
xyz:AMD,-0.0000438841,-0.0010021452,2026-02-01 09:00:00+00:00
xyz:AMD,-0.0000290465,-0.0007647438,2026-02-01 10:00:00.092000+00:00
xyz:AMD,-0.0000169773,-0.0005716376,2026-02-01 11:00:00.017000+00:00
xyz:AMD,-0.0000097188,-0.0004555001,2026-02-01 12:00:00.097000+00:00
xyz:AMD,0.0000010581,-0.0002830712,2026-02-01 13:00:00.026000+00:00
xyz:AMD,-0.0000240172,-0.0006842749,2026-02-01 14:00:00.096000+00:00
xyz:AMD,-0.0000157345,-0.0005517513,2026-02-01 15:00:00.019000+00:00
xyz:AMD,0.0000342054,0.0008472869,2026-02-01 16:00:00.034000+00:00
xyz:AMD,0.0000062500,-0.0000855161,2026-02-01 17:00:00.041000+00:00
xyz:AMD,0.0000062500,-0.0001276563,2026-02-01 18:00:00.062000+00:00
xyz:AMD,0.0000062500,0.0000041597,2026-02-01 19:00:00.042000+00:00
xyz:AMD,0.0000062500,0.0000039400,2026-02-01 20:00:00.067000+00:00
xyz:AMD,0.0000062500,-0.0001192837,2026-02-01 21:00:00.104000+00:00
xyz:AMD,0.0000041295,-0.0002339281,2026-02-01 22:00:00.015000+00:00
xyz:AMD,0.0000062500,-0.0000716089,2026-02-01 23:00:00.006000+00:00
xyz:AMD,0.0000062500,-0.0000556985,2026-02-02 00:00:00.059000+00:00
xyz:AMD,0.0000062500,0.0002494798,2026-02-02 01:00:00.038000+00:00
xyz:AMD,0.0000400169,0.0009402712,2026-02-02 02:00:00.017000+00:00
xyz:AMD,0.0000306195,0.0007899113,2026-02-02 03:00:00.062000+00:00
xyz:AMD,0.0000246379,0.0006942056,2026-02-02 04:00:00.064000+00:00
xyz:AMD,0.0000062500,0.0003417546,2026-02-02 05:00:00.106000+00:00
xyz:AMD,0.0000062500,0.0002058936,2026-02-02 06:00:00.074000+00:00
xyz:AMD,0.0000124295,0.0004988715,2026-02-02 07:00:00.020000+00:00
xyz:AMD,0.0000062500,0.0001597197,2026-02-02 08:00:00.007000+00:00
xyz:AMD,0.0000062500,0.0001529537,2026-02-02 09:00:00.043000+00:00
xyz:AMD,0.0000072021,0.0004152342,2026-02-02 10:00:00.084000+00:00
xyz:AMD,0.0000062500,0.0003004489,2026-02-02 11:00:00.047000+00:00
xyz:AMD,0.0000062500,0.0003939564,2026-02-02 12:00:00.061000+00:00
xyz:AMD,0.0000094724,0.0004515578,2026-02-02 13:00:00.088000+00:00
xyz:AMD,0.0000126597,0.0005025556,2026-02-02 14:00:00.065000+00:00
xyz:AMD,0.0000322847,0.0008165550,2026-02-02 15:00:00.070000+00:00
xyz:AMD,0.0000274915,0.0007398640,2026-02-02 16:00:00.041000+00:00
xyz:AMD,0.0000151605,0.0005425685,2026-02-02 17:00:00.065000+00:00
xyz:AMD,0.0000152875,0.0005445999,2026-02-02 18:00:00.066000+00:00
xyz:AMD,0.0000130936,0.0005094978,2026-02-02 19:00:00.004000+00:00
xyz:AMD,0.0000062500,0.0002638737,2026-02-02 20:00:00.023000+00:00
xyz:AMD,0.0000065482,0.0004047710,2026-02-02 21:00:00.014000+00:00
xyz:AMD,0.0000065765,0.0004052234,2026-02-02 22:00:00.099000+00:00
xyz:AMD,0.0000104184,0.0004666942,2026-02-02 23:00:00.055000+00:00
xyz:AMD,0.0000279268,0.0007468284,2026-02-03 00:00:00.013000+00:00
xyz:AMD,0.0000252216,0.0007035451,2026-02-03 01:00:00.015000+00:00
xyz:AMD,0.0000345721,0.0008531534,2026-02-03 02:00:00.012000+00:00
xyz:AMD,0.0000344692,0.0008515070,2026-02-03 03:00:00.032000+00:00
xyz:AMD,0.0000163259,0.0005612150,2026-02-03 04:00:00.038000+00:00
xyz:AMD,0.0000161604,0.0005585658,2026-02-03 05:00:00.029000+00:00
xyz:AMD,0.0000280441,0.0007487051,2026-02-03 06:00:00+00:00
xyz:AMD,0.0000265464,0.0007247422,2026-02-03 07:00:00.068000+00:00
xyz:AMD,0.0000359348,0.0008749569,2026-02-03 08:00:00.057000+00:00
xyz:AMD,0.0000330437,0.0008286987,2026-02-03 09:00:00.079000+00:00
xyz:AMD,0.0000185362,0.0005965784,2026-02-03 10:00:00.022000+00:00
xyz:AMD,0.0000205224,0.0006283580,2026-02-03 11:00:00.065000+00:00
xyz:AMD,0.0000125009,0.0005000147,2026-02-03 12:00:00.118000+00:00
xyz:AMD,0.0000083842,0.0004341471,2026-02-03 13:00:00.065000+00:00
xyz:AMD,0.0000062500,0.0003996157,2026-02-03 14:00:00.040000+00:00
xyz:AMD,0.0000062500,0.0003536234,2026-02-03 15:00:00.025000+00:00
xyz:AMD,0.0000062500,0.0002823849,2026-02-03 16:00:00.059000+00:00
xyz:AMD,0.0000134430,0.0005150873,2026-02-03 17:00:00.001000+00:00
xyz:AMD,0.0000542190,0.0011675047,2026-02-03 18:00:00.015000+00:00
xyz:AMD,0.0000987038,0.0018792601,2026-02-03 19:00:00.059000+00:00
xyz:AMD,0.0000923677,0.0017778831,2026-02-03 20:00:00.049000+00:00
xyz:AMD,0.0000710387,0.0014366195,2026-02-03 21:00:00.031000+00:00
xyz:AMD,0.0000116236,0.0004859769,2026-02-03 22:00:00.004000+00:00
xyz:AMD,0.0000313531,0.0008016493,2026-02-03 23:00:00.056000+00:00
xyz:AMD,0.0000151767,0.0005428274,2026-02-04 00:00:00.018000+00:00
xyz:AMD,0.0000278762,0.0007460189,2026-02-04 01:00:00.045000+00:00
xyz:AMD,0.0000709397,0.0014350345,2026-02-04 02:00:00.022000+00:00
xyz:AMD,0.0000798400,0.0015774399,2026-02-04 03:00:00.032000+00:00
xyz:AMD,0.0000890957,0.0017255316,2026-02-04 04:00:00.004000+00:00
xyz:AMD,0.0000590485,0.0012447752,2026-02-04 05:00:00.055000+00:00
xyz:AMD,0.0000635567,0.0013169078,2026-02-04 06:00:00.042000+00:00
xyz:AMD,0.0000820482,0.0016127713,2026-02-04 07:00:00.016000+00:00
xyz:AMD,0.0000524946,0.0011399143,2026-02-04 08:00:00.027000+00:00
xyz:AMD,0.0000229047,0.0006664753,2026-02-04 09:00:00.003000+00:00
xyz:AMD,0.0000062500,0.0003438035,2026-02-04 10:00:00.081000+00:00
xyz:AMD,0.0000062500,0.0001868253,2026-02-04 11:00:00.016000+00:00
xyz:AMD,0.0000165525,0.0005648401,2026-02-04 12:00:00.120000+00:00
xyz:AMD,0.0000067257,0.0004076108,2026-02-04 13:00:00.025000+00:00
xyz:AMD,0.0000062500,0.0001895724,2026-02-04 14:00:00.004000+00:00
xyz:AMD,0.0000094837,0.0004517394,2026-02-04 15:00:00.071000+00:00
xyz:AMD,-0.0000106602,-0.0004705639,2026-02-04 16:00:00.007000+00:00
xyz:AMD,0.0000060610,-0.0002030232,2026-02-04 17:00:00.105000+00:00
xyz:AMD,-0.0000075699,-0.0004211178,2026-02-04 18:00:00.058000+00:00
xyz:AMD,0.0000870749,0.0016931977,2026-02-04 19:00:00.028000+00:00
xyz:AMD,0.0000920720,0.0017731527,2026-02-04 20:00:00.001000+00:00
xyz:AMD,0.0000894329,0.0017309267,2026-02-04 21:00:00.072000+00:00
xyz:AMD,0.0000907814,0.0017525021,2026-02-04 22:00:00.051000+00:00
xyz:AMD,0.0001076241,0.0020219848,2026-02-04 23:00:00.022000+00:00
xyz:AMD,0.0000135276,0.0005164408,2026-02-05 00:00:00.003000+00:00
xyz:AMD,0.0000090598,0.0004449569,2026-02-05 01:00:00.010000+00:00
xyz:AMD,0.0000062500,0.0003346619,2026-02-05 02:00:00.097000+00:00
xyz:AMD,0.0000062500,0.0002822513,2026-02-05 03:00:00.011000+00:00
xyz:AMD,0.0000062500,0.0002230704,2026-02-05 04:00:00.032000+00:00
xyz:AMD,0.0000128655,0.0005058478,2026-02-05 05:00:00.057000+00:00
xyz:AMD,0.0000137297,0.0005196758,2026-02-05 06:00:00.038000+00:00
xyz:AMD,0.0000101932,0.0004630916,2026-02-05 07:00:00.008000+00:00
xyz:AMD,0.0000062500,0.0002618714,2026-02-05 08:00:00.038000+00:00
xyz:AMD,0.0000062500,0.0001107501,2026-02-05 09:00:00.023000+00:00
xyz:AMD,0.0000062500,0.0001804238,2026-02-05 10:00:00.022000+00:00
xyz:AMD,0.0000074081,0.0004185291,2026-02-05 11:00:00.046000+00:00
xyz:AMD,0.0000062500,0.0002228733,2026-02-05 12:00:00.036000+00:00
xyz:AMD,-0.0000131237,-0.0005099788,2026-02-05 13:00:00.013000+00:00
xyz:AMD,-0.0000188998,-0.0006023961,2026-02-05 14:00:00.012000+00:00
xyz:AMD,0.0000062500,-0.0000597550,2026-02-05 15:00:00.079000+00:00
xyz:AMD,0.0000062500,-0.0000275936,2026-02-05 16:00:00.065000+00:00
xyz:AMD,0.0000062500,0.0000988975,2026-02-05 17:00:00.004000+00:00
xyz:AMD,0.0000062500,0.0001072929,2026-02-05 18:00:00.104000+00:00
xyz:AMD,0.0000062500,0.0002481824,2026-02-05 19:00:00.030000+00:00
xyz:AMD,0.0000062500,0.0002988460,2026-02-05 20:00:00.057000+00:00
xyz:AMD,0.0000062500,0.0003184417,2026-02-05 21:00:00.013000+00:00
xyz:AMD,0.0000062500,0.0001922547,2026-02-05 22:00:00.040000+00:00
xyz:AMD,0.0000062500,0.0002815379,2026-02-05 23:00:00.019000+00:00
xyz:AMD,0.0000062500,0.0002758328,2026-02-06 00:00:00.083000+00:00
xyz:AMD,0.0000062500,0.0002135693,2026-02-06 01:00:00.049000+00:00
xyz:AMD,0.0000062500,0.0001552212,2026-02-06 02:00:00.026000+00:00
xyz:AMD,0.0000042083,-0.0002326668,2026-02-06 03:00:00.050000+00:00
xyz:AMD,0.0000062500,0.0002276011,2026-02-06 04:00:00.075000+00:00
xyz:AMD,0.0000062500,0.0002015061,2026-02-06 05:00:00.102000+00:00
xyz:AMD,0.0000062500,0.0001271239,2026-02-06 06:00:00.022000+00:00
xyz:AMD,0.0000062500,0.0002854660,2026-02-06 07:00:00.074000+00:00
xyz:AMD,0.0000062500,0.0003289962,2026-02-06 08:00:00.037000+00:00
xyz:AMD,0.0000062500,0.0002059419,2026-02-06 09:00:00.042000+00:00
xyz:AMD,0.0000062500,0.0002432605,2026-02-06 10:00:00.053000+00:00
xyz:AMD,0.0000062500,0.0001440674,2026-02-06 11:00:00.032000+00:00
xyz:AMD,0.0000062500,0.0001612546,2026-02-06 12:00:00.009000+00:00
xyz:AMD,0.0000062500,0.0001952403,2026-02-06 13:00:00.032000+00:00
xyz:AMD,0.0000062500,0.0001794814,2026-02-06 14:00:00.024000+00:00
xyz:AMD,0.0000062500,0.0001647327,2026-02-06 15:00:00.089000+00:00
xyz:AMD,0.0000062500,0.0000798438,2026-02-06 16:00:00.036000+00:00
xyz:AMD,0.0000062500,0.0002352631,2026-02-06 17:00:00.030000+00:00
xyz:AMD,0.0000062500,0.0001974194,2026-02-06 18:00:00.086000+00:00
xyz:AMD,0.0000062500,0.0001563412,2026-02-06 19:00:00.056000+00:00
xyz:AMD,0.0000062500,0.0000392392,2026-02-06 20:00:00.016000+00:00
xyz:AMD,0.0000062500,0.0000610213,2026-02-06 21:00:00.031000+00:00
xyz:AMD,0.0000062500,0.0000488668,2026-02-06 22:00:00.032000+00:00
xyz:AMD,0.0000062500,0.0000601325,2026-02-06 23:00:00.049000+00:00
xyz:AMD,0.0000062500,0.0000571184,2026-02-07 00:00:00.064000+00:00
xyz:AMD,0.0000062500,0.0000849230,2026-02-07 01:00:00.036000+00:00
xyz:AMD,0.0000062500,0.0001756946,2026-02-07 02:00:00.026000+00:00
xyz:AMD,0.0000062500,0.0001869033,2026-02-07 03:00:00.021000+00:00
xyz:AMD,0.0000125344,0.0005005507,2026-02-07 04:00:00.104000+00:00
xyz:AMD,0.0000763941,0.0015223049,2026-02-07 05:00:00.063000+00:00
xyz:AMD,0.0000346454,0.0008543258,2026-02-07 06:00:00.036000+00:00
xyz:AMD,0.0000072025,0.0004152398,2026-02-07 07:00:00.008000+00:00
xyz:AMD,-0.0000715306,-0.0014444902,2026-02-07 08:00:00.048000+00:00
xyz:AMD,-0.0000970042,-0.0018520677,2026-02-07 09:00:00.081000+00:00
xyz:AMD,-0.0000770369,-0.0015325906,2026-02-07 10:00:00.020000+00:00
xyz:AMD,-0.0000573463,-0.0012175404,2026-02-07 11:00:00.008000+00:00
xyz:AMD,-0.0000612855,-0.0012805674,2026-02-07 12:00:00.031000+00:00
xyz:AMD,-0.0000299842,-0.0007797476,2026-02-07 13:00:00.040000+00:00
xyz:AMD,-0.0000041137,-0.0003658195,2026-02-07 14:00:00.008000+00:00
xyz:AMD,-0.0000112249,-0.0004795992,2026-02-07 15:00:00.093000+00:00
xyz:AMD,0.0000247063,0.0006953007,2026-02-07 16:00:00.146000+00:00
xyz:AMD,0.0000062500,0.0003625027,2026-02-07 17:00:00.055000+00:00
xyz:AMD,0.0000062500,0.0000434273,2026-02-07 18:00:00.022000+00:00
xyz:AMD,-0.0000324663,-0.0008194614,2026-02-07 19:00:00.071000+00:00
xyz:AMD,-0.0000234936,-0.0006758968,2026-02-07 20:00:00.020000+00:00
xyz:AMD,0.0000002918,-0.0002953319,2026-02-07 21:00:00.089000+00:00
xyz:AMD,0.0000062500,0.0000117238,2026-02-07 22:00:00.055000+00:00
xyz:AMD,-0.0000090781,-0.0004452494,2026-02-07 23:00:00.038000+00:00
xyz:AMD,0.0000062500,0.0000374380,2026-02-08 00:00:00.042000+00:00
xyz:AMD,0.0000062500,0.0002527536,2026-02-08 01:00:00.003000+00:00
xyz:AMD,0.0000062500,0.0001266328,2026-02-08 02:00:00.074000+00:00
xyz:AMD,0.0000062500,0.0001313817,2026-02-08 03:00:00.113000+00:00
xyz:AMD,0.0000062500,0.0001911436,2026-02-08 04:00:00.069000+00:00
xyz:AMD,0.0000062500,0.0001884051,2026-02-08 05:00:00.059000+00:00
xyz:AMD,0.0000062500,0.0001897327,2026-02-08 06:00:00.031000+00:00
xyz:AMD,0.0000062500,0.0001788585,2026-02-08 07:00:00.038000+00:00
xyz:AMD,0.0000062500,0.0001852373,2026-02-08 08:00:00.113000+00:00
xyz:AMD,0.0000431616,0.0009905852,2026-02-08 09:00:00.040000+00:00
xyz:AMD,0.0000786398,0.0015582374,2026-02-08 10:00:00.031000+00:00
xyz:AMD,0.0000573021,0.0012168334,2026-02-08 11:00:00.068000+00:00
xyz:AMD,0.0000653471,0.0013455535,2026-02-08 12:00:00.077000+00:00
xyz:AMD,0.0000604029,0.0012664459,2026-02-08 13:00:00.011000+00:00
xyz:AMD,0.0000623563,0.0012977015,2026-02-08 14:00:00.051000+00:00
xyz:AMD,0.0000863353,0.0016813641,2026-02-08 15:00:00.041000+00:00
xyz:AMD,0.0000803462,0.0015855397,2026-02-08 16:00:00.023000+00:00
xyz:AMD,0.0000633866,0.0013141853,2026-02-08 17:00:00.043000+00:00
xyz:AMD,0.0000554733,0.0011875726,2026-02-08 18:00:00.023000+00:00
xyz:AMD,0.0000671575,0.0013745204,2026-02-08 19:00:00.070000+00:00
xyz:AMD,0.0000484893,0.0010758294,2026-02-08 20:00:00.046000+00:00
xyz:AMD,0.0000318300,0.0008092806,2026-02-08 21:00:00.059000+00:00
xyz:AMD,0.0000088704,0.0004419271,2026-02-08 22:00:00.049000+00:00
xyz:AMD,0.0000081492,0.0004303870,2026-02-08 23:00:00.015000+00:00
xyz:AMD,0.0000179783,0.0005876534,2026-02-09 00:00:00.009000+00:00
xyz:AMD,0.0000369673,0.0008914765,2026-02-09 01:00:00.034000+00:00
xyz:AMD,0.0000062500,0.0001829225,2026-02-09 02:00:00.118000+00:00
xyz:AMD,0.0000062500,0.0001036733,2026-02-09 03:00:00.004000+00:00
xyz:AMD,0.0000062500,0.0001739796,2026-02-09 04:00:00.091000+00:00
xyz:AMD,0.0000062500,0.0001110509,2026-02-09 05:00:00.037000+00:00
xyz:AMD,0.0000062500,0.0002724348,2026-02-09 06:00:00.020000+00:00
xyz:AMD,0.0000088921,0.0004422731,2026-02-09 07:00:00.026000+00:00
xyz:AMD,0.0000062500,0.0002113679,2026-02-09 08:00:00.013000+00:00
xyz:AMD,0.0000062500,0.0000936352,2026-02-09 09:00:00.040000+00:00
xyz:AMD,0.0000062500,-0.0000362395,2026-02-09 10:00:00.131000+00:00
xyz:AMD,0.0000062500,-0.0001164168,2026-02-09 11:00:00.088000+00:00
xyz:AMD,0.0000062500,0.0002335266,2026-02-09 12:00:00.030000+00:00
xyz:AMD,0.0000250020,0.0007000322,2026-02-09 13:00:00.020000+00:00
xyz:AMD,0.0000287669,0.0007602701,2026-02-09 14:00:00.015000+00:00
xyz:AMD,0.0000122540,0.0004960633,2026-02-09 15:00:00.011000+00:00
xyz:AMD,0.0000062500,0.0000078327,2026-02-09 16:00:00.001000+00:00
xyz:AMD,0.0000062500,0.0000030332,2026-02-09 17:00:00.038000+00:00
xyz:AMD,0.0000062500,0.0001594417,2026-02-09 18:00:00.060000+00:00
xyz:AMD,0.0000062500,0.0003092343,2026-02-09 19:00:00.023000+00:00
xyz:AMD,0.0000062500,0.0001887100,2026-02-09 20:00:00.059000+00:00
xyz:AMD,0.0000117755,0.0004884076,2026-02-09 21:00:00.068000+00:00
xyz:AMD,0.0000062500,0.0001741751,2026-02-09 22:00:00.065000+00:00
xyz:AMD,0.0000062500,-0.0000227584,2026-02-09 23:00:00.046000+00:00
xyz:AMD,0.0000062500,-0.0000759517,2026-02-10 00:00:00.013000+00:00
xyz:AMD,0.0000229146,0.0006666339,2026-02-10 01:00:00.012000+00:00
xyz:AMD,0.0000591665,0.0012466646,2026-02-10 02:00:00.055000+00:00
xyz:AMD,0.0000558272,0.0011932360,2026-02-10 03:00:00.057000+00:00
xyz:AMD,0.0000519881,0.0011318094,2026-02-10 04:00:00.071000+00:00
xyz:AMD,0.0000242266,0.0006876255,2026-02-10 05:00:00.024000+00:00
xyz:AMD,0.0000174373,0.0005789974,2026-02-10 06:00:00.028000+00:00
xyz:AMD,0.0000062500,0.0001645843,2026-02-10 07:00:00.090000+00:00
xyz:AMD,0.0000138544,0.0005216707,2026-02-10 08:00:00.018000+00:00
xyz:AMD,0.0000101607,0.0004625712,2026-02-10 09:00:00.041000+00:00
xyz:AMD,0.0000067051,0.0004072817,2026-02-10 10:00:00.028000+00:00
xyz:AMD,0.0000062500,0.0002971255,2026-02-10 11:00:00.100000+00:00
xyz:AMD,0.0000062500,-0.0000127304,2026-02-10 12:00:00.032000+00:00
xyz:AMD,0.0000062500,0.0000852231,2026-02-10 13:00:00.106000+00:00
xyz:AMD,0.0000062500,0.0000675683,2026-02-10 14:00:00.038000+00:00
xyz:AMD,0.0000062500,0.0000660394,2026-02-10 15:00:00.006000+00:00
xyz:AMD,0.0000100951,0.0004615209,2026-02-10 16:00:00.009000+00:00
xyz:AMD,0.0000062500,0.0003377843,2026-02-10 17:00:00.070000+00:00
xyz:AMD,0.0000062500,0.0003356450,2026-02-10 18:00:00.065000+00:00
xyz:AMD,0.0000062500,0.0003519632,2026-02-10 19:00:00.015000+00:00
xyz:AMD,0.0000062500,0.0002111878,2026-02-10 20:00:00.053000+00:00
xyz:AMD,0.0000062500,0.0003998199,2026-02-10 21:00:00.100000+00:00
xyz:AMD,0.0000009976,-0.0002840376,2026-02-10 22:00:00.070000+00:00
xyz:AMD,-0.0000143673,-0.0005298762,2026-02-10 23:00:00.016000+00:00
xyz:AMD,-0.0000099117,-0.0004585868,2026-02-11 00:00:00.036000+00:00
xyz:AMD,0.0000062500,-0.0000870405,2026-02-11 01:00:00.007000+00:00
xyz:AMD,0.0000040377,-0.0002353970,2026-02-11 02:00:00.051000+00:00
xyz:AMD,0.0000062500,-0.0001920630,2026-02-11 03:00:00.098000+00:00
xyz:AMD,0.0000062500,0.0001757131,2026-02-11 04:00:00.071000+00:00
xyz:AMD,0.0000062500,0.0002070073,2026-02-11 05:00:00.030000+00:00
xyz:AMD,0.0000062500,-0.0000055226,2026-02-11 06:00:00.005000+00:00
xyz:AMD,0.0000062500,0.0001833589,2026-02-11 07:00:00.062000+00:00
xyz:AMD,0.0000062500,0.0001059355,2026-02-11 08:00:00.095000+00:00
xyz:AMD,0.0000062500,-0.0000847529,2026-02-11 09:00:00.114000+00:00
xyz:AMD,0.0000062500,-0.0000252846,2026-02-11 10:00:00.048000+00:00
xyz:AMD,0.0000062500,-0.0000141365,2026-02-11 11:00:00.086000+00:00
xyz:AMD,0.0000062500,-0.0000071063,2026-02-11 12:00:00.022000+00:00
xyz:AMD,0.0000062500,0.0000641280,2026-02-11 13:00:00.055000+00:00
xyz:AMD,0.0000062500,0.0001012934,2026-02-11 14:00:00.087000+00:00
xyz:AMD,0.0000062500,0.0002995132,2026-02-11 15:00:00.012000+00:00
xyz:AMD,0.0000062500,0.0000448103,2026-02-11 16:00:00.074000+00:00
xyz:AMD,0.0000062500,0.0002318699,2026-02-11 17:00:00.077000+00:00
xyz:AMD,0.0000062500,0.0000932627,2026-02-11 18:00:00.062000+00:00
xyz:AMD,0.0000062500,0.0000047346,2026-02-11 19:00:00.045000+00:00
xyz:AMD,0.0000062500,-0.0000268177,2026-02-11 20:00:00.051000+00:00
xyz:AMD,0.0000062500,-0.0000184491,2026-02-11 21:00:00.053000+00:00
xyz:AMD,0.0000062500,0.0001381709,2026-02-11 22:00:00.067000+00:00
xyz:AMD,0.0000062500,0.0000662373,2026-02-11 23:00:00.087000+00:00
xyz:AMD,0.0000062500,-0.0001108554,2026-02-12 00:00:00.006000+00:00
xyz:AMD,0.0000062500,0.0000880116,2026-02-12 01:00:00.034000+00:00
xyz:AMD,0.0000062500,0.0001051256,2026-02-12 02:00:00.037000+00:00
xyz:AMD,0.0000062500,0.0001455885,2026-02-12 03:00:00.057000+00:00
xyz:AMD,0.0000062500,0.0001704620,2026-02-12 04:00:00.004000+00:00
xyz:AMD,0.0000062500,0.0000677994,2026-02-12 05:00:00.075000+00:00
xyz:AMD,0.0000062500,0.0001628412,2026-02-12 06:00:00.077000+00:00
xyz:AMD,0.0000062500,0.0002640129,2026-02-12 07:00:00.029000+00:00
xyz:AMD,0.0000062500,0.0003761802,2026-02-12 08:00:00.036000+00:00
xyz:AMD,0.0000062500,0.0002870897,2026-02-12 09:00:00.054000+00:00
xyz:AMD,0.0000171822,0.0005749156,2026-02-12 10:00:00.022000+00:00
xyz:AMD,0.0000062500,0.0000662812,2026-02-12 11:00:00.008000+00:00
xyz:AMD,0.0000062500,0.0003354473,2026-02-12 12:00:00.064000+00:00
xyz:AMD,0.0000062500,0.0001307491,2026-02-12 13:00:00.056000+00:00
xyz:AMD,0.0000062500,0.0003470431,2026-02-12 14:00:00.023000+00:00
xyz:AMD,0.0000062500,0.0002657114,2026-02-12 15:00:00.004000+00:00
xyz:AMD,0.0000062500,0.0001680914,2026-02-12 16:00:00.043000+00:00
xyz:AMD,0.0000062500,0.0001020011,2026-02-12 17:00:00.026000+00:00
xyz:AMD,0.0000062500,0.0001095955,2026-02-12 18:00:00.015000+00:00
xyz:AMD,0.0000062500,-0.0000172197,2026-02-12 19:00:00.053000+00:00
xyz:AMD,0.0000062500,0.0000523397,2026-02-12 20:00:00.037000+00:00
xyz:AMD,0.0000062500,-0.0000683733,2026-02-12 21:00:00.043000+00:00
xyz:AMD,0.0000062500,0.0000670223,2026-02-12 22:00:00.010000+00:00
xyz:AMD,0.0000062500,0.0001098893,2026-02-12 23:00:00.072000+00:00
xyz:AMD,0.0000062500,0.0002877721,2026-02-13 00:00:00.092000+00:00
xyz:AMD,0.0000062500,0.0002005995,2026-02-13 01:00:00.083000+00:00
xyz:AMD,0.0000383491,0.0009135860,2026-02-13 02:00:00.050000+00:00
xyz:AMD,0.0000208437,0.0006334997,2026-02-13 03:00:00.009000+00:00
xyz:AMD,0.0000062500,-0.0000280265,2026-02-13 04:00:00.087000+00:00
xyz:AMD,-0.0000038926,-0.0003622814,2026-02-13 05:00:00.083000+00:00
xyz:AMD,0.0000062500,-0.0000834810,2026-02-13 06:00:00.070000+00:00
xyz:AMD,0.0000062500,0.0002228308,2026-02-13 07:00:00.056000+00:00
xyz:AMD,0.0000062500,0.0002176390,2026-02-13 08:00:00.018000+00:00
xyz:AMD,0.0000062500,0.0001276103,2026-02-13 09:00:00.087000+00:00
xyz:AMD,0.0000062500,0.0000078061,2026-02-13 10:00:00.004000+00:00
xyz:AMD,0.0000062500,0.0001488364,2026-02-13 11:00:00.117000+00:00
xyz:AMD,0.0000062500,0.0000329480,2026-02-13 12:00:00.059000+00:00
xyz:AMD,0.0000062500,0.0000849481,2026-02-13 13:00:00.040000+00:00
xyz:AMD,0.0000062500,0.0003028147,2026-02-13 14:00:00.092000+00:00
xyz:AMD,0.0000062500,0.0001686726,2026-02-13 15:00:00.081000+00:00
xyz:AMD,0.0000062500,0.0000604304,2026-02-13 16:00:00.038000+00:00
xyz:AMD,0.0000062500,0.0003113255,2026-02-13 17:00:00.023000+00:00
xyz:AMD,0.0000062500,0.0003512734,2026-02-13 18:00:00.120000+00:00
xyz:AMD,0.0000062500,0.0002522010,2026-02-13 19:00:00.063000+00:00
xyz:AMD,0.0000062500,0.0001028545,2026-02-13 20:00:00.048000+00:00
xyz:AMD,0.0000062500,-0.0000225938,2026-02-13 21:00:00.056000+00:00
xyz:AMD,0.0000085451,0.0004367218,2026-02-13 22:00:00.018000+00:00
xyz:AMD,0.0000062500,0.0002605798,2026-02-13 23:00:00.072000+00:00
xyz:AMD,0.0000062500,0.0001078246,2026-02-14 00:00:00.041000+00:00
xyz:AMD,0.0000062500,0.0003314834,2026-02-14 01:00:00.085000+00:00
xyz:AMD,0.0000978061,0.0018648976,2026-02-14 02:00:00.103000+00:00
xyz:AMD,0.0000062500,0.0003482609,2026-02-14 03:00:00.007000+00:00
xyz:AMD,0.0000062500,-0.0000334239,2026-02-14 04:00:00.098000+00:00
xyz:AMD,0.0000062500,0.0001518405,2026-02-14 05:00:00.016000+00:00
xyz:AMD,0.0000062500,0.0002195356,2026-02-14 06:00:00.103000+00:00
xyz:AMD,0.0000062500,0.0002818581,2026-02-14 07:00:00.037000+00:00
xyz:AMD,0.0000170632,0.0005730108,2026-02-14 08:00:00.001000+00:00
xyz:AMD,0.0000062500,0.0000858206,2026-02-14 09:00:00.050000+00:00
xyz:AMD,0.0000062500,0.0000392853,2026-02-14 10:00:00.086000+00:00
xyz:AMD,0.0000062500,-0.0000394930,2026-02-14 11:00:00.026000+00:00
xyz:AMD,0.0000062500,0.0000257905,2026-02-14 12:00:00.125000+00:00
xyz:AMD,0.0000062500,0.0002051873,2026-02-14 13:00:00.083000+00:00
xyz:AMD,0.0000115905,0.0004854477,2026-02-14 14:00:00.055000+00:00
xyz:AMD,0.0000327434,0.0008238948,2026-02-14 15:00:00.081000+00:00
xyz:AMD,0.0000285926,0.0007574815,2026-02-14 16:00:00.035000+00:00
xyz:AMD,0.0000240084,0.0006841344,2026-02-14 17:00:00.075000+00:00
xyz:AMD,0.0000211719,0.0006387502,2026-02-14 18:00:00.102000+00:00
xyz:AMD,0.0000234140,0.0006746247,2026-02-14 19:00:00.005000+00:00
xyz:AMD,0.0000234689,0.0006755023,2026-02-14 20:00:00.071000+00:00
xyz:AMD,0.0000258462,0.0007135392,2026-02-14 21:00:00.056000+00:00
xyz:AMD,0.0000176431,0.0005822892,2026-02-14 22:00:00.045000+00:00
xyz:AMD,0.0000062500,0.0003152098,2026-02-14 23:00:00.022000+00:00
xyz:AMD,0.0000062500,0.0001093972,2026-02-15 00:00:00.102000+00:00
xyz:AMD,0.0000062500,0.0002744940,2026-02-15 01:00:00.052000+00:00
xyz:AMD,0.0000062500,0.0001049919,2026-02-15 02:00:00.088000+00:00
xyz:AMD,-0.0000007741,-0.0003123848,2026-02-15 03:00:00.093000+00:00
xyz:AMD,-0.0000117816,-0.0004885060,2026-02-15 04:00:00.058000+00:00
xyz:AMD,-0.0000029088,-0.0003465404,2026-02-15 05:00:00.004000+00:00
xyz:AMD,0.0000058598,-0.0002062435,2026-02-15 06:00:00.027000+00:00
xyz:AMD,0.0000056028,-0.0002103547,2026-02-15 07:00:00.020000+00:00
xyz:AMD,0.0000062500,0.0000270833,2026-02-15 08:00:00.027000+00:00
xyz:AMD,0.0000062500,0.0002740029,2026-02-15 09:00:00.043000+00:00
xyz:AMD,0.0000062500,0.0001489735,2026-02-15 10:00:00.001000+00:00
xyz:AMD,0.0000062500,0.0001026862,2026-02-15 11:00:00.015000+00:00
xyz:AMD,0.0000062500,0.0001415638,2026-02-15 12:00:00.014000+00:00
xyz:AMD,0.0000062500,0.0000848418,2026-02-15 13:00:00.012000+00:00
xyz:AMD,-0.0000046112,-0.0003737799,2026-02-15 14:00:00.023000+00:00
xyz:AMD,-0.0000013427,-0.0003214833,2026-02-15 15:00:00.014000+00:00
xyz:AMD,0.0000062500,0.0000283476,2026-02-15 16:00:00.083000+00:00
xyz:AMD,0.0000062500,-0.0000183596,2026-02-15 17:00:00.027000+00:00
xyz:AMD,0.0000062500,-0.0000184400,2026-02-15 18:00:00.006000+00:00
xyz:AMD,0.0000062500,-0.0000105491,2026-02-15 19:00:00.023000+00:00
xyz:AMD,-0.0000084414,-0.0004350628,2026-02-15 20:00:00.060000+00:00
xyz:AMD,-0.0000355705,-0.0008691284,2026-02-15 21:00:00.008000+00:00
xyz:AMD,0.0000062500,-0.0001082677,2026-02-15 22:00:00.058000+00:00
xyz:AMD,0.0000159125,0.0005545999,2026-02-15 23:00:00.053000+00:00
xyz:AMD,0.0000062500,0.0003120146,2026-02-16 00:00:00.071000+00:00
xyz:AMD,0.0000475981,0.0010615702,2026-02-16 01:00:00.023000+00:00
xyz:AMD,0.0000358430,0.0008734882,2026-02-16 02:00:00.070000+00:00
xyz:AMD,0.0000143582,0.0005297314,2026-02-16 03:00:00.088000+00:00
xyz:AMD,0.0000062500,0.0001405513,2026-02-16 04:00:00.033000+00:00
xyz:AMD,0.0000062500,0.0003370863,2026-02-16 05:00:00.025000+00:00
xyz:AMD,0.0000062500,-0.0001639176,2026-02-16 06:00:00.006000+00:00
xyz:AMD,0.0000025252,-0.0002595966,2026-02-16 07:00:00.043000+00:00
xyz:AMD,0.0000145871,0.0005333933,2026-02-16 08:00:00.025000+00:00
xyz:AMD,0.0000413592,0.0009617480,2026-02-16 09:00:00.002000+00:00
xyz:AMD,0.0000352805,0.0008644878,2026-02-16 10:00:00.026000+00:00
xyz:AMD,0.0000140797,0.0005252746,2026-02-16 11:00:00+00:00
xyz:AMD,0.0000062500,0.0002879053,2026-02-16 12:00:00.075000+00:00
xyz:AMD,0.0000062500,0.0000561248,2026-02-16 13:00:00.013000+00:00
xyz:AMD,0.0000040093,-0.0002358518,2026-02-16 14:00:00.083000+00:00
xyz:AMD,-0.0000277587,-0.0007441393,2026-02-16 15:00:00.037000+00:00
xyz:AMD,-0.0000680035,-0.0013880567,2026-02-16 16:00:00.099000+00:00
xyz:AMD,-0.0000511719,-0.0011187506,2026-02-16 17:00:00.019000+00:00
xyz:AMD,-0.0000343721,-0.0008499540,2026-02-16 18:00:00.138000+00:00
xyz:AMD,-0.0000297666,-0.0007762659,2026-02-16 19:00:00.072000+00:00
xyz:AMD,-0.0000424200,-0.0009787208,2026-02-16 20:00:00.001000+00:00
xyz:AMD,-0.0000483479,-0.0010735665,2026-02-16 21:00:00.070000+00:00
xyz:AMD,-0.0000280111,-0.0007481777,2026-02-16 22:00:00.043000+00:00
xyz:AMD,0.0000062500,0.0002577645,2026-02-16 23:00:00.088000+00:00
xyz:AMD,0.0000790903,0.0015654452,2026-02-17 00:00:00.063000+00:00
xyz:AMD,0.0000933360,0.0017933753,2026-02-17 01:00:00.070000+00:00
xyz:AMD,0.0000873907,0.0016982510,2026-02-17 02:00:00.032000+00:00
xyz:AMD,0.0000695578,0.0014129256,2026-02-17 03:00:00.021000+00:00
xyz:AMD,0.0000493849,0.0010901581,2026-02-17 04:00:00.061000+00:00
xyz:AMD,0.0000352624,0.0008641991,2026-02-17 05:00:00.038000+00:00
xyz:AMD,0.0000164828,0.0005637256,2026-02-17 06:00:00.104000+00:00
xyz:AMD,0.0000062500,0.0002546570,2026-02-17 07:00:00.044000+00:00
xyz:AMD,0.0000062500,0.0001988990,2026-02-17 08:00:00.015000+00:00
xyz:AMD,0.0000062500,0.0002964275,2026-02-17 09:00:00.082000+00:00
xyz:AMD,0.0000062500,0.0001332398,2026-02-17 10:00:00.097000+00:00
xyz:AMD,0.0000062500,-0.0001172488,2026-02-17 11:00:00.042000+00:00
xyz:AMD,0.0000062500,-0.0000564577,2026-02-17 12:00:00.044000+00:00
xyz:AMD,0.0000062500,-0.0000770898,2026-02-17 13:00:00.044000+00:00
xyz:AMD,0.0000062500,-0.0001085660,2026-02-17 14:00:00.063000+00:00
xyz:AMD,0.0000062500,0.0001832680,2026-02-17 15:00:00.062000+00:00
xyz:AMD,0.0000062500,0.0001998103,2026-02-17 16:00:00.071000+00:00
xyz:AMD,0.0000062500,0.0000723955,2026-02-17 17:00:00.038000+00:00
xyz:AMD,0.0000062500,-0.0001239064,2026-02-17 18:00:00.030000+00:00
xyz:AMD,0.0000062500,-0.0000769035,2026-02-17 19:00:00.003000+00:00
xyz:AMD,0.0000062500,0.0000453865,2026-02-17 20:00:00.062000+00:00
xyz:AMD,0.0000062500,0.0000718463,2026-02-17 21:00:00.058000+00:00
xyz:AMD,0.0000062500,0.0001999352,2026-02-17 22:00:00.051000+00:00
xyz:AMD,0.0000062500,0.0001611820,2026-02-17 23:00:00.070000+00:00
xyz:AMD,0.0000078238,0.0004251805,2026-02-18 00:00:00.021000+00:00
xyz:AMD,0.0000487680,0.0010802887,2026-02-18 01:00:00.085000+00:00
xyz:AMD,0.0000307005,0.0007912076,2026-02-18 02:00:00.067000+00:00
xyz:AMD,0.0000062500,0.0001356837,2026-02-18 03:00:00.005000+00:00
xyz:AMD,0.0000500289,0.0011004617,2026-02-18 04:00:00.016000+00:00
xyz:AMD,0.0000510800,0.0011172803,2026-02-18 05:00:00.053000+00:00
xyz:AMD,0.0000334805,0.0008356888,2026-02-18 06:00:00.013000+00:00
xyz:AMD,0.0000323772,0.0008180360,2026-02-18 07:00:00.044000+00:00
xyz:AMD,0.0000298745,0.0007779918,2026-02-18 08:00:00.085000+00:00
xyz:AMD,0.0000101365,0.0004621834,2026-02-18 09:00:00.065000+00:00
xyz:AMD,0.0000062500,0.0001904073,2026-02-18 10:00:00.081000+00:00
xyz:AMD,0.0000062500,0.0001198387,2026-02-18 11:00:00.026000+00:00
xyz:AMD,0.0000062500,-0.0001535083,2026-02-18 12:00:00.017000+00:00
xyz:AMD,0.0000062500,0.0000567541,2026-02-18 13:00:00.034000+00:00
xyz:AMD,0.0000062500,-0.0000351408,2026-02-18 14:00:00.046000+00:00
xyz:AMD,0.0000062500,0.0000835180,2026-02-18 15:00:00.043000+00:00
xyz:AMD,0.0000062500,-0.0000733330,2026-02-18 16:00:00.046000+00:00
xyz:AMD,0.0000062500,-0.0000951421,2026-02-18 17:00:00.010000+00:00
xyz:AMD,0.0000062500,-0.0001671698,2026-02-18 18:00:00.003000+00:00
xyz:AMD,0.0000001789,-0.0002971373,2026-02-18 19:00:00.072000+00:00
xyz:AMD,-0.0000079460,-0.0004271368,2026-02-18 20:00:00.039000+00:00
xyz:AMD,0.0000062500,-0.0001252961,2026-02-18 21:00:00.040000+00:00
xyz:AMD,0.0000072734,0.0004163751,2026-02-18 22:00:00.035000+00:00
xyz:AMD,0.0000218708,0.0006499322,2026-02-18 23:00:00.022000+00:00
xyz:AMD,0.0000548347,0.0011773544,2026-02-19 00:00:00.054000+00:00
xyz:AMD,0.0000427292,0.0009836666,2026-02-19 01:00:00.073000+00:00
xyz:AMD,0.0000296894,0.0007750305,2026-02-19 02:00:00.079000+00:00
xyz:AMD,0.0000423032,0.0009768512,2026-02-19 03:00:00.021000+00:00
xyz:AMD,0.0000338240,0.0008411842,2026-02-19 04:00:00.122000+00:00
xyz:AMD,0.0000736548,0.0014784767,2026-02-19 05:00:00.058000+00:00
xyz:AMD,0.0000713224,0.0014411578,2026-02-19 06:00:00.072000+00:00
xyz:AMD,0.0000853814,0.0016661017,2026-02-19 07:00:00.126000+00:00
xyz:AMD,0.0000806351,0.0015901623,2026-02-19 08:00:00.040000+00:00
xyz:AMD,0.0000211655,0.0006386475,2026-02-19 09:00:00.019000+00:00
xyz:AMD,0.0000106409,0.0004702552,2026-02-19 10:00:00.033000+00:00
xyz:AMD,0.0000134794,0.0005156708,2026-02-19 11:00:00.010000+00:00
xyz:AMD,0.0000169869,0.0005717897,2026-02-19 12:00:00.062000+00:00
xyz:AMD,0.0000087519,0.0004400302,2026-02-19 13:00:00.017000+00:00
xyz:AMD,0.0000062500,0.0002554128,2026-02-19 14:00:00.019000+00:00
xyz:AMD,0.0000062500,0.0002534194,2026-02-19 15:00:00.067000+00:00
xyz:AMD,0.0000062500,0.0001221496,2026-02-19 16:00:00.026000+00:00
xyz:AMD,0.0000062500,-0.0000151538,2026-02-19 17:00:00.013000+00:00
xyz:AMD,0.0000062500,-0.0000266900,2026-02-19 18:00:00+00:00
xyz:AMD,0.0000062500,-0.0000277857,2026-02-19 19:00:00.043000+00:00
xyz:AMD,0.0000062500,0.0000000442,2026-02-19 20:00:00.009000+00:00
xyz:AMD,0.0000062500,-0.0000152898,2026-02-19 21:00:00.023000+00:00
xyz:AMD,0.0000062500,0.0000073669,2026-02-19 22:00:00.022000+00:00
xyz:AMD,0.0000062500,0.0002442183,2026-02-19 23:00:00.042000+00:00
xyz:AMD,0.0000062500,0.0002342906,2026-02-20 00:00:00.035000+00:00
xyz:AMD,0.0000062500,0.0002207078,2026-02-20 01:00:00.190000+00:00
xyz:AMD,0.0000507559,0.0011120944,2026-02-20 02:00:00.054000+00:00
xyz:AMD,0.0000559697,0.0011955148,2026-02-20 03:00:00.118000+00:00
xyz:AMD,0.0000287225,0.0007595593,2026-02-20 04:00:00.085000+00:00
xyz:AMD,0.0000603772,0.0012660348,2026-02-20 05:00:00.048000+00:00
xyz:AMD,0.0000602123,0.0012633964,2026-02-20 06:00:00.033000+00:00
xyz:AMD,0.0000545342,0.0011725471,2026-02-20 07:00:00.077000+00:00
xyz:AMD,0.0000062500,0.0002416035,2026-02-20 08:00:00.069000+00:00
xyz:AMD,0.0000062500,0.0003159519,2026-02-20 09:00:00.018000+00:00
xyz:AMD,0.0000062500,0.0000632427,2026-02-20 10:00:00.018000+00:00
xyz:AMD,0.0000062500,0.0000735899,2026-02-20 11:00:00.029000+00:00
xyz:AMD,0.0000062500,0.0000310679,2026-02-20 12:00:00.020000+00:00
xyz:AMD,0.0000062500,0.0000713802,2026-02-20 13:00:00.001000+00:00
xyz:AMD,0.0000062500,0.0000806236,2026-02-20 14:00:00.062000+00:00
xyz:AMD,0.0000062500,0.0000733445,2026-02-20 15:00:00.013000+00:00
xyz:AMD,0.0000062500,0.0001886794,2026-02-20 16:00:00.044000+00:00
xyz:AMD,0.0000000150,-0.0002997594,2026-02-20 17:00:00.002000+00:00
xyz:AMD,0.0000060962,-0.0002024609,2026-02-20 18:00:00.056000+00:00
xyz:AMD,0.0000062500,0.0001575531,2026-02-20 19:00:00.125000+00:00
xyz:AMD,0.0000062500,0.0000444289,2026-02-20 20:00:00.028000+00:00
xyz:AMD,0.0000062500,-0.0000057823,2026-02-20 21:00:00.083000+00:00
xyz:AMD,0.0000062500,0.0001059154,2026-02-20 22:00:00.095000+00:00
xyz:AMD,0.0000062500,0.0001629606,2026-02-20 23:00:00.033000+00:00
xyz:AMD,0.0000062500,0.0002576328,2026-02-21 00:00:00.011000+00:00
xyz:AMD,0.0000076011,0.0004216184,2026-02-21 01:00:00.131000+00:00
xyz:AMD,0.0000128669,0.0005058698,2026-02-21 02:00:00.011000+00:00
xyz:AMD,0.0000122679,0.0004962865,2026-02-21 03:00:00.063000+00:00
xyz:AMD,0.0000062500,0.0001596889,2026-02-21 04:00:00.080000+00:00
xyz:AMD,0.0000062500,0.0003779846,2026-02-21 05:00:00.080000+00:00
xyz:AMD,0.0000062500,0.0003081153,2026-02-21 06:00:00.034000+00:00
xyz:AMD,0.0000062500,0.0002728514,2026-02-21 07:00:00.068000+00:00
xyz:AMD,0.0000062500,0.0000810148,2026-02-21 08:00:00.035000+00:00
xyz:AMD,0.0000062500,-0.0000042579,2026-02-21 09:00:00.020000+00:00
xyz:AMD,0.0000062500,0.0000714450,2026-02-21 10:00:00.068000+00:00
xyz:AMD,0.0000062500,-0.0000137874,2026-02-21 11:00:00.028000+00:00
xyz:AMD,0.0000062500,0.0002873523,2026-02-21 12:00:00.071000+00:00
xyz:AMD,0.0000012139,-0.0002805781,2026-02-21 13:00:00.019000+00:00
xyz:AMD,-0.0000003153,-0.0003050442,2026-02-21 14:00:00+00:00
xyz:AMD,0.0000006720,-0.0002892472,2026-02-21 15:00:00.011000+00:00
xyz:AMD,-0.0000450246,-0.0010203932,2026-02-21 16:00:00.010000+00:00
xyz:AMD,-0.0000319746,-0.0008115931,2026-02-21 17:00:00.060000+00:00
xyz:AMD,-0.0000194472,-0.0006111557,2026-02-21 18:00:00.086000+00:00
xyz:AMD,-0.0000010872,-0.0003173952,2026-02-21 19:00:00.111000+00:00
xyz:AMD,-0.0000343746,-0.0008499930,2026-02-21 20:00:00.048000+00:00
xyz:AMD,-0.0000292942,-0.0007687072,2026-02-21 21:00:00.024000+00:00
xyz:AMD,-0.0000222696,-0.0006563143,2026-02-21 22:00:00.037000+00:00
xyz:AMD,-0.0000063278,-0.0004012442,2026-02-21 23:00:00.054000+00:00
xyz:AMD,0.0000062500,-0.0000527429,2026-02-22 00:00:00.015000+00:00
xyz:AMD,0.0000062500,-0.0000385474,2026-02-22 01:00:00.084000+00:00
xyz:AMD,-0.0000222362,-0.0006557785,2026-02-22 02:00:00.046000+00:00
xyz:AMD,-0.0000293633,-0.0007698124,2026-02-22 03:00:00.056000+00:00
xyz:AMD,-0.0000325703,-0.0008211248,2026-02-22 04:00:00.066000+00:00
xyz:AMD,-0.0000392673,-0.0009282768,2026-02-22 05:00:00.123000+00:00
xyz:AMD,-0.0000254221,-0.0007067532,2026-02-22 06:00:00.012000+00:00
xyz:AMD,-0.0000264883,-0.0007238134,2026-02-22 07:00:00.039000+00:00
xyz:AMD,-0.0000266918,-0.0007270692,2026-02-22 08:00:00.009000+00:00
xyz:AMD,-0.0000188602,-0.0006017630,2026-02-22 09:00:00.017000+00:00
xyz:AMD,-0.0000156862,-0.0005509790,2026-02-22 10:00:00.091000+00:00
xyz:AMD,-0.0000237769,-0.0006804297,2026-02-22 11:00:00.056000+00:00
xyz:AMD,-0.0000124757,-0.0004996112,2026-02-22 12:00:00.075000+00:00
xyz:AMD,-0.0000077444,-0.0004239105,2026-02-22 13:00:00.038000+00:00
xyz:AMD,0.0000041629,-0.0002333930,2026-02-22 14:00:00.048000+00:00
xyz:AMD,-0.0000374961,-0.0008999379,2026-02-22 15:00:00.114000+00:00
xyz:AMD,-0.0000157648,-0.0005522371,2026-02-22 16:00:00.015000+00:00
xyz:AMD,-0.0000143549,-0.0005296783,2026-02-22 17:00:00.036000+00:00
xyz:AMD,-0.0000470280,-0.0010524478,2026-02-22 18:00:00.075000+00:00
xyz:AMD,-0.0000301679,-0.0007826869,2026-02-22 19:00:00.006000+00:00
xyz:AMD,-0.0000018228,-0.0003291653,2026-02-22 20:00:00.029000+00:00
xyz:AMD,0.0000036934,-0.0002409054,2026-02-22 21:00:00+00:00
xyz:AMD,0.0000062500,0.0001205780,2026-02-22 22:00:00.023000+00:00
xyz:AMD,0.0000077055,0.0004232875,2026-02-22 23:00:00.093000+00:00
xyz:AMD,0.0000026229,-0.0002580338,2026-02-23 00:00:00.016000+00:00
xyz:AMD,-0.0001531720,-0.0027507514,2026-02-23 01:00:00.004000+00:00
xyz:AMD,-0.0000023119,-0.0003369897,2026-02-23 02:00:00.025000+00:00
xyz:AMD,0.0000062500,0.0000238235,2026-02-23 03:00:00.025000+00:00
xyz:AMD,0.0000062500,0.0000293445,2026-02-23 04:00:00.028000+00:00
xyz:AMD,0.0000064566,0.0004033064,2026-02-23 05:00:00.010000+00:00
xyz:AMD,0.0000177560,0.0005840966,2026-02-23 06:00:00.078000+00:00
xyz:AMD,0.0000147295,0.0005356721,2026-02-23 07:00:00.058000+00:00
xyz:AMD,0.0000062500,0.0003202221,2026-02-23 08:00:00.004000+00:00
xyz:AMD,0.0000062500,0.0002159563,2026-02-23 09:00:00.103000+00:00
xyz:AMD,0.0000348098,0.0008569563,2026-02-23 10:00:00.012000+00:00
xyz:AMD,0.0000062500,0.0001507696,2026-02-23 11:00:00.010000+00:00
xyz:AMD,0.0000062500,-0.0000693788,2026-02-23 12:00:00.004000+00:00
xyz:AMD,0.0000007211,-0.0002884621,2026-02-23 13:00:00.080000+00:00
xyz:AMD,0.0000062500,-0.0001755954,2026-02-23 14:00:00.028000+00:00
xyz:AMD,0.0000062500,-0.0001911331,2026-02-23 15:00:00.059000+00:00
xyz:AMD,0.0000062500,0.0000342528,2026-02-23 16:00:00.045000+00:00
xyz:AMD,0.0000062500,0.0000447071,2026-02-23 17:00:00.042000+00:00
xyz:AMD,0.0000062500,0.0001523734,2026-02-23 18:00:00.076000+00:00
xyz:AMD,0.0000062500,0.0001593882,2026-02-23 19:00:00.053000+00:00
xyz:AMD,0.0000062500,0.0000235546,2026-02-23 20:00:00.017000+00:00
xyz:AMD,0.0000062500,-0.0000915098,2026-02-23 21:00:00.054000+00:00
xyz:AMD,0.0000062500,0.0002138324,2026-02-23 22:00:00.029000+00:00
xyz:AMD,0.0000062500,0.0000376213,2026-02-23 23:00:00.037000+00:00
xyz:AMD,0.0000062500,0.0001214964,2026-02-24 00:00:00.048000+00:00
xyz:AMD,0.0000062500,0.0002163404,2026-02-24 01:00:00.134000+00:00
xyz:AMD,0.0000151885,0.0005430159,2026-02-24 02:00:00.050000+00:00
xyz:AMD,0.0000081666,0.0004306663,2026-02-24 03:00:00.046000+00:00
xyz:AMD,0.0000062500,0.0000369062,2026-02-24 04:00:00.015000+00:00
xyz:AMD,0.0000062500,0.0002722663,2026-02-24 05:00:00.026000+00:00
xyz:AMD,0.0000062500,0.0002711404,2026-02-24 06:00:00.085000+00:00
xyz:AMD,0.0000062500,0.0001835140,2026-02-24 07:00:00.076000+00:00
xyz:AMD,0.0000062500,-0.0000547862,2026-02-24 08:00:00.022000+00:00
xyz:AMD,0.0000062500,0.0000392931,2026-02-24 09:00:00.048000+00:00
xyz:AMD,0.0000039141,-0.0002373737,2026-02-24 10:00:00.044000+00:00
xyz:AMD,0.0000062500,0.0002924785,2026-02-24 11:00:00.020000+00:00
xyz:AMD,0.0000062500,0.0001589205,2026-02-24 12:00:00.025000+00:00
xyz:AMD,0.0000062500,0.0003059675,2026-02-24 13:00:00.047000+00:00
xyz:AMD,0.0000062500,-0.0000446454,2026-02-24 14:00:00.060000+00:00
xyz:AMD,0.0000062500,0.0000201106,2026-02-24 15:00:00.057000+00:00
xyz:AMD,0.0000062500,0.0000600886,2026-02-24 16:00:00.005000+00:00
xyz:AMD,0.0000062500,0.0002640869,2026-02-24 17:00:00.049000+00:00
xyz:AMD,0.0000127299,0.0005036790,2026-02-24 18:00:00.022000+00:00
xyz:AMD,0.0000062500,0.0003375647,2026-02-24 19:00:00.066000+00:00
xyz:AMD,0.0000062500,0.0000417822,2026-02-24 20:00:00.026000+00:00
xyz:AMD,0.0000062500,0.0000124922,2026-02-24 21:00:00.002000+00:00
xyz:AMD,0.0000012646,-0.0002797665,2026-02-24 22:00:00.030000+00:00
xyz:AMD,-0.0000030656,-0.0003490499,2026-02-24 23:00:00.078000+00:00
xyz:AMD,0.0000062500,-0.0001301237,2026-02-25 00:00:00.014000+00:00
xyz:AMD,0.0000258683,0.0007138932,2026-02-25 01:00:00.032000+00:00
xyz:AMD,0.0000397098,0.0009353560,2026-02-25 02:00:00.039000+00:00
xyz:AMD,0.0000336693,0.0008387084,2026-02-25 03:00:00.030000+00:00
xyz:AMD,0.0000456807,0.0010308914,2026-02-25 04:00:00.056000+00:00
xyz:AMD,0.0000440334,0.0010045351,2026-02-25 05:00:00.028000+00:00
xyz:AMD,0.0000409139,0.0009546219,2026-02-25 06:00:00.061000+00:00
xyz:AMD,0.0000450432,0.0010206907,2026-02-25 07:00:00+00:00
xyz:AMD,0.0000401706,0.0009427291,2026-02-25 08:00:00.037000+00:00
xyz:AMD,0.0000147940,0.0005367034,2026-02-25 09:00:00.060000+00:00
xyz:AMD,0.0000062500,-0.0001707092,2026-02-25 10:00:00.029000+00:00
xyz:AMD,0.0000062500,-0.0001684365,2026-02-25 11:00:00.055000+00:00
xyz:AMD,0.0000062500,-0.0000261427,2026-02-25 12:00:00.008000+00:00
xyz:AMD,0.0000062500,0.0001116176,2026-02-25 13:00:00.008000+00:00
xyz:AMD,0.0000062500,0.0001420245,2026-02-25 14:00:00.023000+00:00
xyz:AMD,0.0000062500,0.0001595315,2026-02-25 15:00:00.051000+00:00
xyz:AMD,0.0000062500,0.0000607768,2026-02-25 16:00:00.012000+00:00
xyz:AMD,0.0000062500,0.0002149417,2026-02-25 17:00:00.075000+00:00
xyz:AMD,0.0000062500,0.0003246167,2026-02-25 18:00:00.088000+00:00
xyz:AMD,0.0000062500,0.0003380113,2026-02-25 19:00:00.128000+00:00
xyz:AMD,0.0000062500,-0.0000172052,2026-02-25 20:00:00.055000+00:00
xyz:AMD,0.0000062500,0.0003201325,2026-02-25 21:00:00.015000+00:00
xyz:AMD,0.0000133451,0.0005135220,2026-02-25 22:00:00+00:00
xyz:AMD,0.0000062500,0.0003629576,2026-02-25 23:00:00.045000+00:00
xyz:AMD,0.0000062500,0.0000612570,2026-02-26 00:00:00.036000+00:00
xyz:AMD,-0.0000015084,-0.0003241350,2026-02-26 01:00:00.091000+00:00
xyz:AMD,0.0000062500,-0.0001055604,2026-02-26 02:00:00.018000+00:00
xyz:AMD,0.0000062500,-0.0000360941,2026-02-26 03:00:00.060000+00:00
xyz:AMD,0.0000062500,-0.0001075125,2026-02-26 04:00:00.013000+00:00
xyz:AMD,0.0000062500,0.0002902647,2026-02-26 05:00:00.058000+00:00
xyz:AMD,0.0000275240,0.0007403843,2026-02-26 06:00:00.099000+00:00
xyz:AMD,0.0000320583,0.0008129333,2026-02-26 07:00:00.021000+00:00
xyz:AMD,0.0000642063,0.0013273015,2026-02-26 08:00:00.072000+00:00
xyz:AMD,0.0000523187,0.0011370998,2026-02-26 09:00:00.076000+00:00
xyz:AMD,0.0000200568,0.0006209084,2026-02-26 10:00:00.108000+00:00
xyz:AMD,0.0000078595,0.0004257513,2026-02-26 11:00:00.073000+00:00
xyz:AMD,0.0000062500,0.0000674095,2026-02-26 12:00:00.041000+00:00
xyz:AMD,0.0000062500,0.0003489162,2026-02-26 13:00:00.051000+00:00
xyz:AMD,0.0000062500,0.0002359942,2026-02-26 14:00:00.019000+00:00
xyz:AMD,0.0000062500,0.0000166141,2026-02-26 15:00:00.033000+00:00
xyz:AMD,0.0000062500,-0.0000494385,2026-02-26 16:00:00.028000+00:00
xyz:AMD,0.0000062500,0.0000795824,2026-02-26 17:00:00.027000+00:00
xyz:AMD,0.0000062500,0.0000588123,2026-02-26 18:00:00.023000+00:00
xyz:AMD,0.0000062500,0.0001283709,2026-02-26 19:00:00.009000+00:00
xyz:AMD,0.0000062500,0.0000646567,2026-02-26 20:00:00.035000+00:00
xyz:AMD,0.0000062500,0.0000801087,2026-02-26 21:00:00.019000+00:00
xyz:AMD,0.0000062500,0.0000203362,2026-02-26 22:00:00.019000+00:00
xyz:AMD,0.0000062500,0.0002196057,2026-02-26 23:00:00.054000+00:00
xyz:AMD,0.0000062500,0.0002762651,2026-02-27 00:00:00.001000+00:00
xyz:AMD,0.0000062500,0.0001127761,2026-02-27 01:00:00.078000+00:00
xyz:AMD,0.0000184806,0.0005956900,2026-02-27 02:00:00.016000+00:00
xyz:AMD,0.0000332727,0.0008323629,2026-02-27 03:00:00.116000+00:00
xyz:AMD,0.0000062500,0.0003722965,2026-02-27 04:00:00.057000+00:00
xyz:AMD,0.0000109701,0.0004755215,2026-02-27 05:00:00.058000+00:00
xyz:AMD,0.0000062500,0.0001421069,2026-02-27 06:00:00.053000+00:00
xyz:AMD,0.0000297422,0.0007758760,2026-02-27 07:00:00.067000+00:00
xyz:AMD,0.0000191057,0.0006056907,2026-02-27 08:00:00.017000+00:00
xyz:AMD,0.0000115095,0.0004841527,2026-02-27 09:00:00.026000+00:00
xyz:AMD,0.0000062500,0.0003371408,2026-02-27 10:00:00.074000+00:00
xyz:AMD,0.0000062500,0.0002622349,2026-02-27 11:00:00.078000+00:00
xyz:AMD,0.0000062500,-0.0001525029,2026-02-27 12:00:00.028000+00:00
xyz:AMD,0.0000062500,0.0001033082,2026-02-27 13:00:00.020000+00:00
xyz:AMD,0.0000062500,0.0002535716,2026-02-27 14:00:00.036000+00:00
xyz:AMD,0.0000062500,0.0002625712,2026-02-27 15:00:00.054000+00:00
xyz:AMD,0.0000062500,0.0002069514,2026-02-27 16:00:00.132000+00:00
xyz:AMD,0.0000062500,0.0001626242,2026-02-27 17:00:00.041000+00:00
xyz:AMD,0.0000062500,0.0001639351,2026-02-27 18:00:00.037000+00:00
xyz:AMD,0.0000062500,0.0001820817,2026-02-27 19:00:00.012000+00:00
xyz:AMD,0.0000062500,0.0001713288,2026-02-27 20:00:00.028000+00:00
xyz:AMD,0.0000062500,0.0002295663,2026-02-27 21:00:00.037000+00:00
xyz:AMD,0.0000102452,0.0004639232,2026-02-27 22:00:00.023000+00:00
xyz:AMD,0.0000062500,0.0000808022,2026-02-27 23:00:00.014000+00:00
xyz:AMD,0.0000062500,0.0000007160,2026-02-28 00:00:00.086000+00:00
xyz:AMD,0.0000062500,-0.0001571047,2026-02-28 01:00:00.090000+00:00
xyz:AMD,-0.0000516775,-0.0011268400,2026-02-28 02:00:00.058000+00:00
xyz:AMD,-0.0000482460,-0.0010719362,2026-02-28 03:00:00.012000+00:00
xyz:AMD,0.0000062500,0.0001242027,2026-02-28 04:00:00.088000+00:00
xyz:AMD,-0.0000240807,-0.0006852916,2026-02-28 05:00:00.063000+00:00
xyz:AMD,-0.0000683119,-0.0013929900,2026-02-28 06:00:00.065000+00:00
xyz:AMD,-0.0001667117,-0.0029673870,2026-02-28 07:00:00.026000+00:00
xyz:AMD,-0.0002681647,-0.0045906352,2026-02-28 08:00:00.028000+00:00
xyz:AMD,-0.0002251405,-0.0039022478,2026-02-28 09:00:00.012000+00:00
xyz:AMD,-0.0003722545,-0.0062560724,2026-02-28 10:00:00.008000+00:00
xyz:AMD,-0.0002334240,-0.0040347833,2026-02-28 11:00:00.008000+00:00
xyz:AMD,-0.0001595251,-0.0028524023,2026-02-28 12:00:00.032000+00:00
xyz:AMD,0.0000062500,0.0002468717,2026-02-28 13:00:00.035000+00:00
xyz:AMD,0.0001180275,0.0021884394,2026-02-28 14:00:00.033000+00:00
xyz:AMD,0.0000825231,0.0016203689,2026-02-28 15:00:00.021000+00:00
xyz:AMD,0.0000445585,0.0010129358,2026-02-28 16:00:00.041000+00:00
xyz:AMD,0.0000689460,0.0014031353,2026-02-28 17:00:00.025000+00:00
xyz:AMD,0.0000693157,0.0014090514,2026-02-28 18:00:00.015000+00:00
xyz:AMD,0.0000633310,0.0013132956,2026-02-28 19:00:00.074000+00:00
xyz:AMD,0.0000950335,0.0018205364,2026-02-28 20:00:00.039000+00:00
xyz:AMD,0.0003234251,0.0054748020,2026-02-28 21:00:00.041000+00:00
xyz:AMD,0.0001492295,0.0026876719,2026-02-28 22:00:00.035000+00:00
xyz:AMD,0.0002119851,0.0036917610,2026-02-28 23:00:00.066000+00:00
xyz:AMD,0.0001515173,0.0027242775,2026-03-01 00:00:00.168000+00:00
xyz:AMD,0.0000240906,0.0006854501,2026-03-01 01:00:00.024000+00:00
xyz:AMD,-0.0000288232,-0.0007611707,2026-03-01 02:00:00.052000+00:00
xyz:AMD,0.0001700721,0.0030211534,2026-03-01 03:00:00.074000+00:00
xyz:AMD,0.0002494936,0.0042918975,2026-03-01 04:00:00.034000+00:00
xyz:AMD,0.0001545776,0.0027732423,2026-03-01 05:00:00.052000+00:00
xyz:AMD,0.0000512582,0.0011201304,2026-03-01 06:00:00.071000+00:00
xyz:AMD,0.0000062500,0.0002966395,2026-03-01 07:00:00.018000+00:00
xyz:AMD,-0.0000222744,-0.0006563898,2026-03-01 08:00:00.093000+00:00
xyz:AMD,-0.0000340667,-0.0008450671,2026-03-01 09:00:00.017000+00:00
xyz:AMD,-0.0000529162,-0.0011466599,2026-03-01 10:00:00.018000+00:00
xyz:AMD,-0.0000945076,-0.0018121210,2026-03-01 11:00:00.017000+00:00
xyz:AMD,-0.0000628726,-0.0013059612,2026-03-01 12:00:00.039000+00:00
xyz:AMD,-0.0001202250,-0.0022236001,2026-03-01 13:00:00.054000+00:00
xyz:AMD,-0.0001317089,-0.0024073425,2026-03-01 14:00:00.029000+00:00
xyz:AMD,-0.0000825057,-0.0016200914,2026-03-01 15:00:00.027000+00:00
xyz:AMD,-0.0001213565,-0.0022417034,2026-03-01 16:00:00.018000+00:00
xyz:AMD,-0.0000889802,-0.0017236828,2026-03-01 17:00:00.120000+00:00
xyz:AMD,-0.0000966861,-0.0018469772,2026-03-01 18:00:00.070000+00:00
xyz:AMD,-0.0001712265,-0.0030396245,2026-03-01 19:00:00.062000+00:00
xyz:AMD,-0.0001813566,-0.0032017052,2026-03-01 20:00:00.026000+00:00
xyz:AMD,-0.0003483624,-0.0058737992,2026-03-01 21:00:00.065000+00:00
xyz:AMD,-0.0003581820,-0.0060309127,2026-03-01 22:00:00.085000+00:00
xyz:AMD,-0.0003242766,-0.0054884249,2026-03-01 23:00:00.005000+00:00
xyz:AMD,-0.0002172924,-0.0037766791,2026-03-02 00:00:00.044000+00:00
xyz:AMD,-0.0001573646,-0.0028178342,2026-03-02 01:00:00.048000+00:00
xyz:AMD,-0.0000025966,-0.0003415453,2026-03-02 02:00:00.044000+00:00
xyz:AMD,0.0000062500,0.0000966501,2026-03-02 03:00:00.063000+00:00
xyz:AMD,0.0000103553,0.0004656854,2026-03-02 04:00:00.048000+00:00
xyz:AMD,0.0000117962,0.0004887388,2026-03-02 05:00:00.071000+00:00
xyz:AMD,0.0000270584,0.0007329339,2026-03-02 06:00:00.062000+00:00
xyz:AMD,0.0000186205,0.0005979274,2026-03-02 07:00:00.054000+00:00
xyz:AMD,0.0000180596,0.0005889539,2026-03-02 08:00:00.003000+00:00
xyz:AMD,0.0000062500,0.0003075804,2026-03-02 09:00:00.091000+00:00
xyz:AMD,0.0000062500,0.0001202926,2026-03-02 10:00:00.007000+00:00
xyz:AMD,0.0000062500,0.0003325453,2026-03-02 11:00:00.019000+00:00
xyz:AMD,0.0000092026,0.0004472411,2026-03-02 12:00:00.016000+00:00
xyz:AMD,0.0000062500,0.0003617947,2026-03-02 13:00:00.034000+00:00
xyz:AMD,0.0000062500,0.0002901627,2026-03-02 14:00:00.035000+00:00
xyz:AMD,0.0000062500,0.0001817930,2026-03-02 15:00:00.070000+00:00
xyz:AMD,0.0000179352,0.0005869639,2026-03-02 16:00:00.053000+00:00
xyz:AMD,0.0000183695,0.0005939118,2026-03-02 17:00:00.086000+00:00
xyz:AMD,0.0000240798,0.0006852769,2026-03-02 18:00:00.025000+00:00
xyz:AMD,0.0000133997,0.0005143944,2026-03-02 19:00:00.044000+00:00
xyz:AMD,0.0000062500,0.0002129019,2026-03-02 20:00:00.120000+00:00
xyz:AMD,0.0000062500,0.0003402557,2026-03-02 21:00:00.038000+00:00
xyz:AMD,0.0000062500,0.0001056609,2026-03-02 22:00:00.033000+00:00
xyz:AMD,-0.0000026812,-0.0003428988,2026-03-02 23:00:00.068000+00:00
xyz:AMD,-0.0000003125,-0.0003050007,2026-03-03 00:00:00.062000+00:00
xyz:AMD,-0.0000113216,-0.0004811452,2026-03-03 01:00:00.052000+00:00
xyz:AMD,-0.0000076369,-0.0004221897,2026-03-03 02:00:00.011000+00:00
xyz:AMD,-0.0000069198,-0.0004107161,2026-03-03 03:00:00.058000+00:00
xyz:AMD,-0.0000175031,-0.0005800494,2026-03-03 04:00:00.010000+00:00
xyz:AMD,-0.0000390460,-0.0009247364,2026-03-03 05:00:00.074000+00:00
xyz:AMD,-0.0000325413,-0.0008206610,2026-03-03 06:00:00.050000+00:00
xyz:AMD,-0.0000292413,-0.0007678615,2026-03-03 07:00:00.069000+00:00
xyz:AMD,-0.0000223125,-0.0006569993,2026-03-03 08:00:00.009000+00:00
xyz:AMD,-0.0000079601,-0.0004273619,2026-03-03 09:00:00.114000+00:00
xyz:AMD,0.0000024444,-0.0002608889,2026-03-03 10:00:00.046000+00:00
xyz:AMD,0.0000062500,-0.0001998027,2026-03-03 11:00:00.006000+00:00
xyz:AMD,0.0000062500,-0.0000636676,2026-03-03 12:00:00.013000+00:00
xyz:AMD,0.0000062500,-0.0001273115,2026-03-03 13:00:00.012000+00:00
xyz:AMD,0.0000062500,-0.0000726364,2026-03-03 14:00:00.039000+00:00
xyz:AMD,0.0000062500,-0.0000116386,2026-03-03 15:00:00.007000+00:00
xyz:AMD,0.0000062500,0.0002829447,2026-03-03 16:00:00.004000+00:00
xyz:AMD,0.0000062500,0.0002763228,2026-03-03 17:00:00.041000+00:00
xyz:AMD,0.0000116452,0.0004863238,2026-03-03 18:00:00.015000+00:00
xyz:AMD,0.0000106855,0.0004709679,2026-03-03 19:00:00.049000+00:00
xyz:AMD,0.0000085102,0.0004361633,2026-03-03 20:00:00.007000+00:00
xyz:AMD,0.0000062500,0.0002660245,2026-03-03 21:00:00.014000+00:00
xyz:AMD,0.0000062500,0.0002564492,2026-03-03 22:00:00.070000+00:00
xyz:AMD,0.0000153942,0.0005463068,2026-03-03 23:00:00.016000+00:00
xyz:AMD,0.0000254391,0.0007070259,2026-03-04 00:00:00.034000+00:00
xyz:AMD,0.0000062500,0.0001118278,2026-03-04 01:00:00.049000+00:00
xyz:AMD,0.0000062500,0.0003209349,2026-03-04 02:00:00.060000+00:00
xyz:AMD,0.0000073769,0.0004180298,2026-03-04 03:00:00.052000+00:00
xyz:AMD,0.0000108202,0.0004731237,2026-03-04 04:00:00.001000+00:00
xyz:AMD,0.0000062500,0.0001058071,2026-03-04 05:00:00.064000+00:00
xyz:AMD,0.0000235394,0.0006766308,2026-03-04 06:00:00.079000+00:00
xyz:AMD,0.0000062500,-0.0000190003,2026-03-04 07:00:00.095000+00:00
xyz:AMD,0.0000062500,0.0001859414,2026-03-04 08:00:00.047000+00:00
xyz:AMD,0.0000062500,0.0001623333,2026-03-04 09:00:00.010000+00:00
xyz:AMD,0.0000206172,0.0006298750,2026-03-04 10:00:00.069000+00:00
xyz:AMD,0.0000367031,0.0008872493,2026-03-04 11:00:00.024000+00:00
xyz:AMD,0.0000237083,0.0006793323,2026-03-04 12:00:00.133000+00:00
xyz:AMD,0.0000062500,-0.0000366187,2026-03-04 13:00:00.019000+00:00
xyz:AMD,0.0000062500,0.0000054947,2026-03-04 14:00:00.036000+00:00
xyz:AMD,0.0000062500,0.0000731956,2026-03-04 15:00:00.023000+00:00
xyz:AMD,0.0000062500,0.0001860187,2026-03-04 16:00:00.011000+00:00
xyz:AMD,0.0000062500,0.0001420689,2026-03-04 17:00:00.095000+00:00
xyz:AMD,0.0000062500,0.0000904225,2026-03-04 18:00:00.092000+00:00
xyz:AMD,0.0000062500,0.0002396050,2026-03-04 19:00:00.093000+00:00
xyz:AMD,0.0000062500,0.0002773278,2026-03-04 20:00:00.047000+00:00
xyz:AMD,0.0000062500,0.0003202578,2026-03-04 21:00:00.048000+00:00
xyz:AMD,0.0000088912,0.0004422590,2026-03-04 22:00:00.024000+00:00
xyz:AMD,0.0000062500,0.0003538132,2026-03-04 23:00:00.045000+00:00
xyz:AMD,0.0000062500,0.0001810116,2026-03-05 00:00:00.022000+00:00
xyz:AMD,0.0000062500,0.0001905654,2026-03-05 01:00:00.018000+00:00
xyz:AMD,0.0000062500,0.0002803806,2026-03-05 02:00:00.139000+00:00
xyz:AMD,0.0000062500,0.0002070738,2026-03-05 03:00:00.019000+00:00
xyz:AMD,0.0000064865,0.0004037832,2026-03-05 04:00:00.027000+00:00
xyz:AMD,0.0000286712,0.0007587397,2026-03-05 05:00:00.001000+00:00
xyz:AMD,0.0000116818,0.0004869092,2026-03-05 06:00:00.037000+00:00
xyz:AMD,0.0000351540,0.0008624645,2026-03-05 07:00:00.091000+00:00
xyz:AMD,0.0000062500,0.0003971942,2026-03-05 08:00:00.033000+00:00
xyz:AMD,0.0000062500,0.0002524935,2026-03-05 09:00:00.063000+00:00
xyz:AMD,0.0000062500,0.0003679546,2026-03-05 10:00:00.091000+00:00
xyz:AMD,0.0000062500,0.0002666407,2026-03-05 11:00:00.017000+00:00
xyz:AMD,0.0000062500,0.0003707326,2026-03-05 12:00:00.003000+00:00
xyz:AMD,0.0000062500,0.0002678978,2026-03-05 13:00:00.009000+00:00
xyz:AMD,0.0000062500,0.0003751730,2026-03-05 14:00:00.024000+00:00
xyz:AMD,0.0000062500,0.0003127902,2026-03-05 15:00:00.039000+00:00
xyz:AMD,0.0000062500,0.0002414637,2026-03-05 16:00:00.034000+00:00
xyz:AMD,0.0000062500,0.0002573215,2026-03-05 17:00:00.083000+00:00
xyz:AMD,0.0000062500,0.0002118081,2026-03-05 18:00:00.048000+00:00
xyz:AMD,0.0000062500,0.0002660845,2026-03-05 19:00:00.052000+00:00
xyz:AMD,0.0000062500,0.0003262972,2026-03-05 20:00:00.073000+00:00
xyz:AMD,0.0000062500,0.0003603527,2026-03-05 21:00:00.042000+00:00
xyz:AMD,0.0000062500,0.0000811480,2026-03-05 22:00:00.028000+00:00
xyz:AMD,0.0000062500,0.0003230719,2026-03-05 23:00:00.029000+00:00
xyz:AMD,0.0000062500,-0.0000054127,2026-03-06 00:00:00.030000+00:00
xyz:AMD,0.0000062500,0.0000870276,2026-03-06 01:00:00.082000+00:00
xyz:AMD,0.0000062500,-0.0001005432,2026-03-06 02:00:00.006000+00:00
xyz:AMD,0.0000062500,0.0000421703,2026-03-06 03:00:00.079000+00:00
xyz:AMD,0.0000062500,0.0000247091,2026-03-06 04:00:00.026000+00:00
xyz:AMD,0.0000062500,0.0000095153,2026-03-06 05:00:00.112000+00:00
xyz:AMD,0.0000062500,0.0001380743,2026-03-06 06:00:00.019000+00:00
xyz:AMD,0.0000062500,0.0002247739,2026-03-06 07:00:00.028000+00:00
xyz:AMD,0.0000130858,0.0005093730,2026-03-06 08:00:00.021000+00:00
xyz:AMD,0.0000062500,0.0003679169,2026-03-06 09:00:00.022000+00:00
xyz:AMD,0.0000149034,0.0005384542,2026-03-06 10:00:00.031000+00:00
xyz:AMD,0.0000062500,0.0003143136,2026-03-06 11:00:00.036000+00:00
xyz:AMD,0.0000111548,0.0004784769,2026-03-06 12:00:00.052000+00:00
xyz:AMD,0.0000062500,0.0002646097,2026-03-06 13:00:00.052000+00:00
xyz:AMD,0.0000062500,0.0000490062,2026-03-06 14:00:00.033000+00:00
xyz:AMD,0.0000062500,0.0001064861,2026-03-06 15:00:00.037000+00:00
xyz:AMD,0.0000062500,0.0001994978,2026-03-06 16:00:00.062000+00:00
xyz:AMD,0.0000062500,0.0001155208,2026-03-06 17:00:00.089000+00:00
xyz:AMD,0.0000062500,0.0002398611,2026-03-06 18:00:00.056000+00:00
xyz:AMD,0.0000062500,0.0002613473,2026-03-06 19:00:00.066000+00:00
xyz:AMD,0.0000062500,0.0003154762,2026-03-06 20:00:00.046000+00:00
xyz:AMD,0.0000062500,0.0003011058,2026-03-06 21:00:00.021000+00:00
xyz:AMD,0.0000062500,0.0002562250,2026-03-06 22:00:00.046000+00:00
xyz:AMD,0.0000112638,0.0004802208,2026-03-06 23:00:00.092000+00:00
xyz:AMD,0.0000276535,0.0007424552,2026-03-07 00:00:00.061000+00:00
xyz:AMD,0.0000463996,0.0010423934,2026-03-07 01:00:00.027000+00:00
xyz:AMD,0.0000270336,0.0007325381,2026-03-07 02:00:00.050000+00:00
xyz:AMD,0.0000176905,0.0005830484,2026-03-07 03:00:00.045000+00:00
xyz:AMD,0.0000584102,0.0012345627,2026-03-07 04:00:00.014000+00:00
xyz:AMD,0.0000443104,0.0010089661,2026-03-07 05:00:00.052000+00:00
xyz:AMD,0.0000790129,0.0015642059,2026-03-07 06:00:00.070000+00:00
xyz:AMD,0.0000483111,0.0010729770,2026-03-07 07:00:00.068000+00:00
xyz:AMD,0.0000012270,-0.0002803673,2026-03-07 08:00:00.015000+00:00
xyz:AMD,0.0000388893,0.0009222282,2026-03-07 09:00:00.005000+00:00
xyz:AMD,-0.0000698330,-0.0014173275,2026-03-07 10:00:00.014000+00:00
xyz:AMD,-0.0001092837,-0.0020485389,2026-03-07 11:00:00.002000+00:00
xyz:AMD,-0.0001373433,-0.0024974934,2026-03-07 12:00:00.031000+00:00
xyz:AMD,-0.0002205308,-0.0038284922,2026-03-07 13:00:00.033000+00:00
xyz:AMD,-0.0001919588,-0.0033713415,2026-03-07 14:00:00.084000+00:00
xyz:AMD,-0.0001325792,-0.0024212673,2026-03-07 15:00:00.012000+00:00
xyz:AMD,-0.0001927060,-0.0033832967,2026-03-07 16:00:00.014000+00:00
xyz:AMD,-0.0001463093,-0.0026409482,2026-03-07 17:00:00.077000+00:00
xyz:AMD,-0.0000792377,-0.0015678037,2026-03-07 18:00:00.110000+00:00
xyz:AMD,-0.0001290645,-0.0023650325,2026-03-07 19:00:00.003000+00:00
xyz:AMD,-0.0001129069,-0.0021065105,2026-03-07 20:00:00.010000+00:00
xyz:AMD,-0.0000931038,-0.0017896601,2026-03-07 21:00:00.135000+00:00
xyz:AMD,-0.0001263243,-0.0023211892,2026-03-07 22:00:00.082000+00:00
xyz:AMD,-0.0000196250,-0.0006139999,2026-03-07 23:00:00.068000+00:00
xyz:AMD,-0.0000438578,-0.0010017247,2026-03-08 00:00:00.002000+00:00
xyz:AMD,-0.0000818961,-0.0016103374,2026-03-08 01:00:00.030000+00:00
xyz:AMD,-0.0002253653,-0.0039058442,2026-03-08 02:00:00.003000+00:00
xyz:AMD,-0.0000376837,-0.0009029394,2026-03-08 03:00:00.042000+00:00
xyz:AMD,-0.0001462553,-0.0026400844,2026-03-08 04:00:00.001000+00:00
xyz:AMD,-0.0001375215,-0.0025003445,2026-03-08 05:00:00.024000+00:00
xyz:AMD,-0.0001674098,-0.0029785561,2026-03-08 06:00:00.045000+00:00
xyz:AMD,0.0000062500,0.0001711933,2026-03-08 07:00:00.036000+00:00
xyz:AMD,-0.0000309280,-0.0007948486,2026-03-08 08:00:00.041000+00:00
xyz:AMD,-0.0002203081,-0.0038249299,2026-03-08 09:00:00.029000+00:00
xyz:AMD,-0.0000963129,-0.0018410067,2026-03-08 10:00:00.035000+00:00
xyz:AMD,-0.0000582354,-0.0012317666,2026-03-08 11:00:00.036000+00:00
xyz:AMD,-0.0001062838,-0.0020005416,2026-03-08 12:00:00.021000+00:00
xyz:AMD,-0.0000809208,-0.0015947326,2026-03-08 13:00:00.049000+00:00
xyz:AMD,-0.0001654769,-0.0029476305,2026-03-08 14:00:00.061000+00:00
xyz:AMD,-0.0001871064,-0.0032937025,2026-03-08 15:00:00.088000+00:00
xyz:AMD,-0.0001935773,-0.0033972375,2026-03-08 16:00:00.024000+00:00
xyz:AMD,-0.0001481824,-0.0026709180,2026-03-08 17:00:00.018000+00:00
xyz:AMD,-0.0001308276,-0.0023932411,2026-03-08 18:00:00.004000+00:00
xyz:AMD,-0.0000976877,-0.0018630030,2026-03-08 19:00:00+00:00
xyz:AMD,-0.0001214766,-0.0022436257,2026-03-08 20:00:00.074000+00:00
xyz:AMD,-0.0001692217,-0.0030075480,2026-03-08 21:00:00.003000+00:00
xyz:AMD,0.0001030353,0.0019485641,2026-03-08 22:00:00.038000+00:00
xyz:AMD,-0.0000158251,-0.0005532015,2026-03-08 23:00:00.057000+00:00
xyz:AMD,-0.0002557887,-0.0043926193,2026-03-09 00:00:00.091000+00:00
xyz:AMD,0.0000062500,-0.0001645114,2026-03-09 01:00:00.052000+00:00
xyz:AMD,-0.0000106883,-0.0004710132,2026-03-09 02:00:00.016000+00:00
xyz:AMD,-0.0000163884,-0.0005622147,2026-03-09 03:00:00.012000+00:00
xyz:AMD,-0.0000071129,-0.0004138070,2026-03-09 04:00:00.030000+00:00
xyz:AMD,-0.0000029076,-0.0003465212,2026-03-09 05:00:00.088000+00:00
xyz:AMD,0.0000003045,-0.0002951277,2026-03-09 06:00:00.070000+00:00
xyz:AMD,0.0000057940,-0.0002072960,2026-03-09 07:00:00.026000+00:00
xyz:AMD,0.0000062500,-0.0001888070,2026-03-09 08:00:00.094000+00:00
xyz:AMD,0.0000001645,-0.0002973680,2026-03-09 09:00:00.114000+00:00
xyz:AMD,0.0000062500,0.0000316373,2026-03-09 10:00:00.108000+00:00
xyz:AMD,0.0000062500,0.0002551599,2026-03-09 11:00:00.050000+00:00
xyz:AMD,0.0000062500,0.0003154480,2026-03-09 12:00:00.051000+00:00
xyz:AMD,0.0000062500,0.0002937047,2026-03-09 13:00:00.073000+00:00
xyz:AMD,0.0000062500,0.0002175143,2026-03-09 14:00:00.061000+00:00
xyz:AMD,0.0000062500,0.0000342026,2026-03-09 15:00:00.084000+00:00
xyz:AMD,0.0000062500,-0.0000001264,2026-03-09 16:00:00.075000+00:00
xyz:AMD,0.0000062500,0.0001825101,2026-03-09 17:00:00.049000+00:00
xyz:AMD,0.0000062500,0.0002815489,2026-03-09 18:00:00.036000+00:00
xyz:AMD,0.0000062500,0.0002595016,2026-03-09 19:00:00.053000+00:00
xyz:AMD,0.0000062500,-0.0001508617,2026-03-09 20:00:00.002000+00:00
xyz:AMD,-0.0000080062,-0.0004280992,2026-03-09 21:00:00.074000+00:00
xyz:AMD,-0.0000222757,-0.0006564105,2026-03-09 22:00:00.010000+00:00
xyz:AMD,-0.0000132110,-0.0005113760,2026-03-09 23:00:00.038000+00:00
xyz:AMD,-0.0000205451,-0.0006287213,2026-03-10 00:00:00.042000+00:00
xyz:AMD,0.0000062500,0.0000416331,2026-03-10 01:00:00.084000+00:00
xyz:AMD,0.0000062500,0.0002571310,2026-03-10 02:00:00.013000+00:00
xyz:AMD,0.0000062500,0.0003846371,2026-03-10 03:00:00.052000+00:00
xyz:AMD,0.0000125508,0.0005008125,2026-03-10 04:00:00.041000+00:00
xyz:AMD,0.0000194020,0.0006104321,2026-03-10 05:00:00.054000+00:00
xyz:AMD,0.0000079077,0.0004265235,2026-03-10 06:00:00.137000+00:00
xyz:AMD,0.0000062500,0.0000988473,2026-03-10 07:00:00.065000+00:00
xyz:AMD,0.0000062500,0.0001992912,2026-03-10 08:00:00.052000+00:00
xyz:AMD,0.0000062500,0.0001965566,2026-03-10 09:00:00.017000+00:00
xyz:AMD,0.0000078595,0.0004257519,2026-03-10 10:00:00.060000+00:00
xyz:AMD,0.0000066453,0.0004063249,2026-03-10 11:00:00.011000+00:00
xyz:AMD,0.0000175670,0.0005810718,2026-03-10 12:00:00.038000+00:00
xyz:AMD,0.0000062500,0.0001510897,2026-03-10 13:00:00.061000+00:00
xyz:AMD,0.0000062500,0.0000075169,2026-03-10 14:00:00.027000+00:00
xyz:AMD,0.0000062500,0.0000201520,2026-03-10 15:00:00.083000+00:00
xyz:AMD,0.0000062500,0.0001470335,2026-03-10 16:00:00.045000+00:00
xyz:AMD,0.0000062500,0.0000431507,2026-03-10 17:00:00.004000+00:00
xyz:AMD,0.0000062500,-0.0000017115,2026-03-10 18:00:00.018000+00:00
xyz:AMD,0.0000057930,-0.0002073121,2026-03-10 19:00:00.049000+00:00
xyz:AMD,0.0000062500,-0.0000882618,2026-03-10 20:00:00.050000+00:00
xyz:AMD,0.0000062500,0.0000778771,2026-03-10 21:00:00.058000+00:00
xyz:AMD,0.0000062500,0.0003234863,2026-03-10 22:00:00.068000+00:00
xyz:AMD,0.0000062500,0.0003868543,2026-03-10 23:00:00.061000+00:00
xyz:AMD,0.0000062500,-0.0000246232,2026-03-11 00:00:00.088000+00:00
xyz:AMD,0.0000062500,-0.0000015913,2026-03-11 01:00:00.002000+00:00
xyz:AMD,0.0000062500,0.0000211443,2026-03-11 02:00:00.098000+00:00
xyz:AMD,0.0000059213,-0.0002052585,2026-03-11 03:00:00.016000+00:00
xyz:AMD,0.0000044556,-0.0002287112,2026-03-11 04:00:00.038000+00:00
xyz:AMD,0.0000042537,-0.0002319412,2026-03-11 05:00:00.075000+00:00
xyz:AMD,0.0000062500,0.0000090011,2026-03-11 06:00:00.135000+00:00
xyz:AMD,0.0000062500,0.0000546427,2026-03-11 07:00:00.014000+00:00
xyz:AMD,0.0000062500,0.0000244671,2026-03-11 08:00:00.056000+00:00
xyz:AMD,0.0000062500,-0.0001748946,2026-03-11 09:00:00.082000+00:00
xyz:AMD,0.0000062500,0.0000956711,2026-03-11 10:00:00.084000+00:00
xyz:AMD,-0.0000065628,-0.0004050056,2026-03-11 11:00:00.001000+00:00
xyz:AMD,0.0000062500,-0.0001542250,2026-03-11 12:00:00.013000+00:00
xyz:AMD,0.0000062500,-0.0001170733,2026-03-11 13:00:00.063000+00:00
xyz:AMD,0.0000062500,0.0000036868,2026-03-11 14:00:00.004000+00:00
xyz:AMD,0.0000062500,-0.0000917154,2026-03-11 15:00:00.051000+00:00
xyz:AMD,0.0000059300,-0.0002051206,2026-03-11 16:00:00.065000+00:00
xyz:AMD,0.0000062500,-0.0001425168,2026-03-11 17:00:00.068000+00:00
xyz:AMD,0.0000062500,-0.0001132528,2026-03-11 18:00:00.102000+00:00
xyz:AMD,0.0000062500,0.0000756541,2026-03-11 19:00:00.082000+00:00
xyz:AMD,0.0000062500,-0.0000409552,2026-03-11 20:00:00.026000+00:00
xyz:AMD,0.0000062500,-0.0000087235,2026-03-11 21:00:00.008000+00:00
xyz:AMD,-0.0000036123,-0.0003577965,2026-03-11 22:00:00.035000+00:00
xyz:AMD,0.0000062500,-0.0000683091,2026-03-11 23:00:00.069000+00:00
xyz:AMD,0.0000062500,-0.0001375320,2026-03-12 00:00:00.084000+00:00
xyz:AMD,-0.0000075787,-0.0004212593,2026-03-12 01:00:00.006000+00:00
xyz:AMD,-0.0000012345,-0.0003197514,2026-03-12 02:00:00.080000+00:00
xyz:AMD,-0.0000003968,-0.0003063481,2026-03-12 03:00:00.036000+00:00
xyz:AMD,0.0000055090,-0.0002118566,2026-03-12 04:00:00.065000+00:00
xyz:AMD,0.0000062500,-0.0001735567,2026-03-12 05:00:00.094000+00:00
xyz:AMD,0.0000062500,0.0001825861,2026-03-12 06:00:00.108000+00:00
xyz:AMD,0.0000062500,-0.0000080452,2026-03-12 07:00:00.046000+00:00
xyz:AMD,0.0000034347,-0.0002450449,2026-03-12 08:00:00.068000+00:00
xyz:AMD,0.0000062500,-0.0000736160,2026-03-12 09:00:00.063000+00:00
xyz:AMD,0.0000062500,0.0001098574,2026-03-12 10:00:00.013000+00:00
xyz:AMD,0.0000062500,0.0001344379,2026-03-12 11:00:00.017000+00:00
xyz:AMD,0.0000062500,0.0001437381,2026-03-12 12:00:00.106000+00:00
xyz:AMD,0.0000062500,0.0001793207,2026-03-12 13:00:00.062000+00:00
xyz:AMD,0.0000062500,0.0001432027,2026-03-12 14:00:00.110000+00:00
xyz:AMD,0.0000062500,0.0001073204,2026-03-12 15:00:00.024000+00:00
xyz:AMD,0.0000062500,0.0002045594,2026-03-12 16:00:00.064000+00:00
xyz:AMD,0.0000062500,0.0002367714,2026-03-12 17:00:00.004000+00:00
xyz:AMD,0.0000062500,0.0001940284,2026-03-12 18:00:00.004000+00:00
xyz:AMD,0.0000062500,0.0002468256,2026-03-12 19:00:00.025000+00:00
xyz:AMD,0.0000062500,0.0002734662,2026-03-12 20:00:00.165000+00:00
xyz:AMD,0.0000062500,0.0001829684,2026-03-12 21:00:00.073000+00:00
xyz:AMD,0.0000062500,0.0001154284,2026-03-12 22:00:00.071000+00:00
xyz:AMD,0.0000062500,-0.0000550968,2026-03-12 23:00:00.070000+00:00
xyz:AMD,0.0000062500,-0.0000707589,2026-03-13 00:00:00.061000+00:00
xyz:AMD,0.0000290235,0.0007643758,2026-03-13 01:00:00.032000+00:00
xyz:AMD,0.0000077120,0.0004233917,2026-03-13 02:00:00.025000+00:00
xyz:AMD,0.0000062500,0.0000854066,2026-03-13 03:00:00.021000+00:00
xyz:AMD,0.0000062500,-0.0001285825,2026-03-13 04:00:00.099000+00:00
xyz:AMD,0.0000062500,0.0000219802,2026-03-13 05:00:00.089000+00:00
xyz:AMD,0.0000062500,-0.0000010544,2026-03-13 06:00:00.064000+00:00
xyz:AMD,0.0000062500,0.0000597582,2026-03-13 07:00:00.082000+00:00
xyz:AMD,0.0000062500,0.0000495608,2026-03-13 08:00:00.016000+00:00
xyz:AMD,0.0000062500,-0.0000541866,2026-03-13 09:00:00.045000+00:00
xyz:AMD,0.0000062500,-0.0000746040,2026-03-13 10:00:00.034000+00:00
xyz:AMD,0.0000062500,0.0001146295,2026-03-13 11:00:00.010000+00:00
xyz:AMD,0.0000062500,-0.0000013703,2026-03-13 12:00:00.009000+00:00
xyz:AMD,0.0000062500,0.0000837828,2026-03-13 13:00:00.059000+00:00
xyz:AMD,0.0000062500,0.0002237169,2026-03-13 14:00:00.032000+00:00
xyz:AMD,0.0000062500,0.0001634935,2026-03-13 15:00:00.021000+00:00
xyz:AMD,0.0000062500,0.0001907189,2026-03-13 16:00:00.051000+00:00
xyz:AMD,0.0000062500,0.0002315337,2026-03-13 17:00:00.044000+00:00
xyz:AMD,0.0000062500,0.0001620487,2026-03-13 18:00:00.052000+00:00
xyz:AMD,0.0000062500,0.0001729441,2026-03-13 19:00:00.006000+00:00
xyz:AMD,0.0000062500,0.0001453255,2026-03-13 20:00:00.021000+00:00
xyz:AMD,0.0000218469,0.0006495499,2026-03-13 21:00:00.092000+00:00
xyz:AMD,0.0000192397,0.0006078349,2026-03-13 22:00:00.005000+00:00
xyz:AMD,0.0000351663,0.0008626612,2026-03-13 23:00:00.109000+00:00
xyz:AMD,0.0000412514,0.0009600225,2026-03-14 00:00:00.044000+00:00
xyz:AMD,-0.0000135420,-0.0005166718,2026-03-14 01:00:00.094000+00:00
xyz:AMD,-0.0000204637,-0.0006274190,2026-03-14 02:00:00.100000+00:00
xyz:AMD,-0.0000190925,-0.0006054796,2026-03-14 03:00:00.013000+00:00
xyz:AMD,-0.0000160127,-0.0005562038,2026-03-14 04:00:00.019000+00:00
xyz:AMD,-0.0000157069,-0.0005513098,2026-03-14 05:00:00.095000+00:00
xyz:AMD,-0.0000848575,-0.0016577194,2026-03-14 06:00:00.072000+00:00
xyz:AMD,-0.0000915790,-0.0017652634,2026-03-14 07:00:00.036000+00:00
xyz:AMD,-0.0001157563,-0.0021521015,2026-03-14 08:00:00.041000+00:00
xyz:AMD,-0.0001652119,-0.0029433906,2026-03-14 09:00:00.025000+00:00
xyz:AMD,-0.0002128805,-0.0037060879,2026-03-14 10:00:00.098000+00:00
xyz:AMD,-0.0001049630,-0.0019794087,2026-03-14 11:00:00.047000+00:00
xyz:AMD,-0.0000572367,-0.0012157877,2026-03-14 12:00:00.020000+00:00
xyz:AMD,-0.0000482012,-0.0010712187,2026-03-14 13:00:00.042000+00:00
xyz:AMD,-0.0000447930,-0.0010166878,2026-03-14 14:00:00.076000+00:00
xyz:AMD,-0.0000512783,-0.0011204529,2026-03-14 15:00:00.009000+00:00
xyz:AMD,-0.0000541336,-0.0011661373,2026-03-14 16:00:00.100000+00:00
xyz:AMD,-0.0000041402,-0.0003662431,2026-03-14 17:00:00.061000+00:00
xyz:AMD,-0.0000946156,-0.0018138489,2026-03-14 18:00:00.018000+00:00
xyz:AMD,-0.0000002089,-0.0003033417,2026-03-14 19:00:00.048000+00:00
xyz:AMD,-0.0001026665,-0.0019426647,2026-03-14 20:00:00.035000+00:00
xyz:AMD,-0.0001915028,-0.0033640440,2026-03-14 21:00:00.015000+00:00
xyz:AMD,-0.0000402145,-0.0009434319,2026-03-14 22:00:00.041000+00:00
xyz:AMD,0.0000007831,-0.0002874696,2026-03-14 23:00:00.044000+00:00
xyz:AMD,0.0000390071,0.0009241144,2026-03-15 00:00:00.099000+00:00
xyz:AMD,0.0000062500,0.0001992839,2026-03-15 01:00:00.102000+00:00
xyz:AMD,0.0003032200,0.0051515203,2026-03-15 02:00:00.005000+00:00
xyz:AMD,0.0002944779,0.0050116457,2026-03-15 03:00:00.130000+00:00
xyz:AMD,0.0001914620,0.0033633920,2026-03-15 04:00:00.040000+00:00
xyz:AMD,0.0000279949,0.0007479187,2026-03-15 05:00:00.066000+00:00
xyz:AMD,0.0000091399,0.0004462384,2026-03-15 06:00:00.010000+00:00
xyz:AMD,0.0000032072,-0.0002486843,2026-03-15 07:00:00.046000+00:00
xyz:AMD,-0.0000101688,-0.0004627015,2026-03-15 08:00:00.003000+00:00
xyz:AMD,-0.0000238138,-0.0006810215,2026-03-15 09:00:00.067000+00:00
xyz:AMD,0.0000772337,0.0015357394,2026-03-15 10:00:00.003000+00:00
xyz:AMD,0.0000599647,0.0012594354,2026-03-15 11:00:00.039000+00:00
xyz:AMD,-0.0000437136,-0.0009994182,2026-03-15 12:00:00.060000+00:00
xyz:AMD,0.0000606511,0.0012704181,2026-03-15 13:00:00.023000+00:00
xyz:AMD,0.0000205698,0.0006291167,2026-03-15 14:00:00.023000+00:00
xyz:AMD,0.0000486777,0.0010788427,2026-03-15 15:00:00.084000+00:00
xyz:AMD,0.0000247040,0.0006952641,2026-03-15 16:00:00.034000+00:00
xyz:AMD,0.0000488398,0.0010814365,2026-03-15 17:00:00.036000+00:00
xyz:AMD,0.0000585567,0.0012369080,2026-03-15 18:00:00.003000+00:00
xyz:AMD,0.0001512038,0.0027192614,2026-03-15 19:00:00.127000+00:00
xyz:AMD,0.0000488813,0.0010821010,2026-03-15 20:00:00.024000+00:00
xyz:AMD,0.0000062500,0.0002141781,2026-03-15 21:00:00.083000+00:00
xyz:AMD,0.0000711563,0.0014385008,2026-03-15 22:00:00.019000+00:00
xyz:AMD,0.0000283104,0.0007529665,2026-03-15 23:00:00.037000+00:00
xyz:AMD,0.0001824206,0.0032187303,2026-03-16 00:00:00.090000+00:00
xyz:AMD,0.0000084177,0.0004346826,2026-03-16 01:00:00.002000+00:00
xyz:AMD,0.0000186029,0.0005976471,2026-03-16 02:00:00.078000+00:00
xyz:AMD,0.0000198469,0.0006175496,2026-03-16 03:00:00.040000+00:00
xyz:AMD,0.0000152968,0.0005447481,2026-03-16 04:00:00.012000+00:00
xyz:AMD,0.0000267844,0.0007285506,2026-03-16 05:00:00.021000+00:00
xyz:AMD,0.0000273368,0.0007373883,2026-03-16 06:00:00.092000+00:00
xyz:AMD,0.0000134083,0.0005145332,2026-03-16 07:00:00.033000+00:00
xyz:AMD,0.0000335602,0.0008369639,2026-03-16 08:00:00.062000+00:00
xyz:AMD,0.0000150327,0.0005405235,2026-03-16 09:00:00.035000+00:00
xyz:AMD,0.0000317235,0.0008075756,2026-03-16 10:00:00.042000+00:00
xyz:AMD,0.0000138554,0.0005216865,2026-03-16 11:00:00.013000+00:00
xyz:AMD,0.0000062500,0.0003302572,2026-03-16 12:00:00.013000+00:00
xyz:AMD,0.0000254927,0.0007078825,2026-03-16 13:00:00+00:00
xyz:AMD,0.0000307201,0.0007915209,2026-03-16 14:00:00.099000+00:00
xyz:AMD,0.0000074092,0.0004185473,2026-03-16 15:00:00.013000+00:00
xyz:AMD,0.0000062500,0.0000992331,2026-03-16 16:00:00.033000+00:00
xyz:AMD,0.0000062500,0.0000819273,2026-03-16 17:00:00.023000+00:00
xyz:AMD,0.0000062500,-0.0001407612,2026-03-16 18:00:00.045000+00:00
xyz:AMD,0.0000062500,0.0000206029,2026-03-16 19:00:00.080000+00:00
xyz:AMD,0.0000062500,0.0002430702,2026-03-16 20:00:00.001000+00:00
xyz:AMD,0.0000133840,0.0005141437,2026-03-16 21:00:00.032000+00:00
xyz:AMD,0.0000311258,0.0007980131,2026-03-16 22:00:00+00:00
xyz:AMD,0.0000331667,0.0008306666,2026-03-16 23:00:00.003000+00:00
xyz:AMD,0.0000333124,0.0008329982,2026-03-17 00:00:00.034000+00:00
xyz:AMD,0.0000072053,0.0004152842,2026-03-17 01:00:00.045000+00:00
xyz:AMD,0.0000274805,0.0007396878,2026-03-17 02:00:00.050000+00:00
xyz:AMD,0.0000348463,0.0008575410,2026-03-17 03:00:00.010000+00:00
xyz:AMD,0.0000242908,0.0006886522,2026-03-17 04:00:00.073000+00:00
xyz:AMD,0.0000062500,0.0003283690,2026-03-17 05:00:00.048000+00:00
xyz:AMD,0.0000062500,0.0002231005,2026-03-17 06:00:00.113000+00:00
xyz:AMD,0.0000062500,0.0000785213,2026-03-17 07:00:00.039000+00:00
xyz:AMD,0.0000062500,0.0003173173,2026-03-17 08:00:00+00:00
xyz:AMD,0.0000302838,0.0007845408,2026-03-17 09:00:00.002000+00:00
xyz:AMD,0.0000141525,0.0005264398,2026-03-17 10:00:00.075000+00:00
xyz:AMD,0.0000062500,0.0001488116,2026-03-17 11:00:00.115000+00:00
xyz:AMD,0.0000062500,0.0000886516,2026-03-17 12:00:00.006000+00:00
xyz:AMD,0.0000062500,0.0001341010,2026-03-17 13:00:00.013000+00:00
xyz:AMD,0.0000062500,0.0001137960,2026-03-17 14:00:00.047000+00:00
xyz:AMD,0.0000062500,0.0001833507,2026-03-17 15:00:00.074000+00:00
xyz:AMD,0.0000062500,0.0001804058,2026-03-17 16:00:00.038000+00:00
xyz:AMD,0.0000062500,0.0001984942,2026-03-17 17:00:00.054000+00:00
xyz:AMD,0.0000062500,0.0001974245,2026-03-17 18:00:00.071000+00:00
xyz:AMD,0.0000062500,0.0001215851,2026-03-17 19:00:00.018000+00:00
xyz:AMD,0.0000062500,0.0001399826,2026-03-17 20:00:00.034000+00:00
xyz:AMD,0.0000062500,0.0001672501,2026-03-17 21:00:00.072000+00:00
xyz:AMD,0.0000062500,0.0003223803,2026-03-17 22:00:00.003000+00:00
xyz:AMD,0.0000062500,0.0002763642,2026-03-17 23:00:00.011000+00:00
xyz:AMD,0.0000062500,0.0002231709,2026-03-18 00:00:00.028000+00:00
xyz:AMD,0.0000062500,-0.0001108402,2026-03-18 01:00:00.016000+00:00
xyz:AMD,0.0000062500,0.0000099171,2026-03-18 02:00:00.026000+00:00
xyz:AMD,0.0000062500,-0.0000289060,2026-03-18 03:00:00.060000+00:00
xyz:AMD,0.0000062500,-0.0001143602,2026-03-18 04:00:00.054000+00:00
xyz:AMD,0.0000062500,-0.0000313373,2026-03-18 05:00:00.001000+00:00
xyz:AMD,0.0000062500,0.0000498474,2026-03-18 06:00:00.067000+00:00
xyz:AMD,0.0000062500,-0.0000245919,2026-03-18 07:00:00.033000+00:00
xyz:AMD,0.0000062500,-0.0001951442,2026-03-18 08:00:00.005000+00:00
xyz:AMD,0.0000147203,0.0005355249,2026-03-18 09:00:00.052000+00:00
xyz:AMD,0.0000062500,0.0001563229,2026-03-18 10:00:00.037000+00:00
xyz:AMD,0.0000062500,0.0000837424,2026-03-18 11:00:00.025000+00:00
xyz:AMD,0.0000062500,0.0003077458,2026-03-18 12:00:00.062000+00:00
xyz:AMD,0.0000062500,0.0002596126,2026-03-18 13:00:00.007000+00:00
xyz:AMD,0.0000062500,-0.0000266191,2026-03-18 14:00:00.026000+00:00
xyz:AMD,0.0000062500,0.0002247033,2026-03-18 15:00:00.035000+00:00
xyz:AMD,0.0000062500,0.0002196802,2026-03-18 16:00:00.009000+00:00
xyz:AMD,0.0000062500,0.0001710910,2026-03-18 17:00:00.066000+00:00
xyz:AMD,0.0000062500,0.0002675870,2026-03-18 18:00:00.052000+00:00
xyz:AMD,0.0000062500,0.0002157580,2026-03-18 19:00:00.045000+00:00
xyz:AMD,0.0000062500,0.0002274233,2026-03-18 20:00:00.055000+00:00
xyz:AMD,0.0000062500,0.0002924424,2026-03-18 21:00:00.050000+00:00
xyz:AMD,0.0000062500,0.0000113201,2026-03-18 22:00:00.035000+00:00
xyz:AMD,0.0000175197,0.0005803145,2026-03-18 23:00:00.040000+00:00
xyz:AMD,0.0000186868,0.0005989884,2026-03-19 00:00:00.090000+00:00
xyz:AMD,0.0000217957,0.0006487305,2026-03-19 01:00:00.009000+00:00
xyz:AMD,0.0000104705,0.0004675274,2026-03-19 02:00:00.012000+00:00
xyz:AMD,0.0000062500,0.0002220666,2026-03-19 03:00:00.041000+00:00
xyz:AMD,0.0000062500,0.0001690215,2026-03-19 04:00:00.010000+00:00
xyz:AMD,0.0000062500,0.0001496191,2026-03-19 05:00:00.090000+00:00
xyz:AMD,0.0000062500,0.0002728399,2026-03-19 06:00:00.052000+00:00
xyz:AMD,0.0000154720,0.0005475519,2026-03-19 07:00:00.107000+00:00
xyz:AMD,0.0000062500,0.0002663560,2026-03-19 08:00:00.064000+00:00
xyz:AMD,0.0000062500,0.0001585683,2026-03-19 09:00:00.026000+00:00
xyz:AMD,0.0000154515,0.0005472246,2026-03-19 10:00:00.123000+00:00
xyz:AMD,0.0000243274,0.0006892377,2026-03-19 11:00:00.052000+00:00
xyz:AMD,0.0000384736,0.0009155782,2026-03-19 12:00:00.006000+00:00
xyz:AMD,0.0000062500,0.0000906486,2026-03-19 13:00:00.045000+00:00
xyz:AMD,0.0000062500,0.0001438835,2026-03-19 14:00:00.059000+00:00
xyz:AMD,0.0000062500,0.0002640055,2026-03-19 15:00:00.002000+00:00
xyz:AMD,0.0000062500,0.0001914540,2026-03-19 16:00:00.031000+00:00
xyz:AMD,0.0000062500,0.0002652132,2026-03-19 17:00:00.011000+00:00
xyz:AMD,0.0000062500,0.0003241902,2026-03-19 18:00:00.049000+00:00
xyz:AMD,0.0000062500,0.0002429635,2026-03-19 19:00:00.024000+00:00
xyz:AMD,0.0000062500,0.0002625107,2026-03-19 20:00:00.037000+00:00
xyz:AMD,0.0000062500,0.0001548266,2026-03-19 21:00:00.022000+00:00
xyz:AMD,0.0000062500,0.0000474330,2026-03-19 22:00:00.001000+00:00
xyz:AMD,0.0000062500,0.0001311567,2026-03-19 23:00:00.001000+00:00
xyz:AMD,0.0000062500,0.0001411428,2026-03-20 00:00:00.103000+00:00
xyz:AMD,0.0000062500,0.0002879996,2026-03-20 01:00:00.073000+00:00
xyz:AMD,0.0000062500,0.0000641891,2026-03-20 02:00:00.053000+00:00
xyz:AMD,0.0000062500,-0.0000853363,2026-03-20 03:00:00.072000+00:00
xyz:AMD,0.0000004184,-0.0002933054,2026-03-20 04:00:00.004000+00:00
xyz:AMD,0.0000062500,0.0000272869,2026-03-20 05:00:00.107000+00:00
xyz:AMD,0.0000062500,0.0001380522,2026-03-20 06:00:00.096000+00:00
xyz:AMD,0.0000031388,-0.0002497794,2026-03-20 07:00:00.012000+00:00
xyz:AMD,0.0000062500,0.0001371836,2026-03-20 08:00:00.003000+00:00
xyz:AMD,0.0000041871,-0.0002330063,2026-03-20 09:00:00.021000+00:00
xyz:AMD,0.0000031964,-0.0002488568,2026-03-20 10:00:00.063000+00:00
xyz:AMD,0.0000062500,-0.0000942561,2026-03-20 11:00:00.048000+00:00
xyz:AMD,0.0000062500,0.0001908505,2026-03-20 12:00:00.087000+00:00
xyz:AMD,0.0000062500,0.0002145164,2026-03-20 13:00:00.148000+00:00
xyz:AMD,0.0000062500,0.0002114350,2026-03-20 14:00:00.115000+00:00
xyz:AMD,0.0000062500,0.0001163639,2026-03-20 15:00:00.034000+00:00
xyz:AMD,0.0000062500,0.0001091701,2026-03-20 16:00:00.074000+00:00
xyz:AMD,0.0000062500,0.0002336042,2026-03-20 17:00:00.075000+00:00
xyz:AMD,0.0000062500,0.0001542965,2026-03-20 18:00:00.035000+00:00
xyz:AMD,0.0000062500,0.0001803636,2026-03-20 19:00:00.044000+00:00
xyz:AMD,0.0000062500,0.0001513018,2026-03-20 20:00:00.034000+00:00
xyz:AMD,0.0000062500,0.0001455212,2026-03-20 21:00:00.007000+00:00
xyz:AMD,0.0000062500,0.0002839781,2026-03-20 22:00:00+00:00
xyz:AMD,0.0000062500,0.0003663041,2026-03-20 23:00:00.047000+00:00
xyz:AMD,0.0000062500,0.0002319965,2026-03-21 00:00:00.093000+00:00
xyz:AMD,-0.0000651289,-0.0013420626,2026-03-21 01:00:00.011000+00:00
xyz:AMD,-0.0000649103,-0.0013385656,2026-03-21 02:00:00.032000+00:00
xyz:AMD,-0.0000494554,-0.0010912871,2026-03-21 03:00:00.013000+00:00
xyz:AMD,0.0000165188,0.0005643008,2026-03-21 04:00:00.040000+00:00
xyz:AMD,0.0000062500,0.0001462827,2026-03-21 05:00:00.041000+00:00
xyz:AMD,-0.0001043355,-0.0019693677,2026-03-21 06:00:00.066000+00:00
xyz:AMD,0.0000094689,0.0004515023,2026-03-21 07:00:00.010000+00:00
xyz:AMD,0.0001178912,0.0021862592,2026-03-21 08:00:00.075000+00:00
xyz:AMD,0.0002179890,0.0037878239,2026-03-21 09:00:00.064000+00:00
xyz:AMD,0.0000120607,0.0004929706,2026-03-21 10:00:00+00:00
xyz:AMD,0.0000067797,0.0004084746,2026-03-21 11:00:00.008000+00:00
xyz:AMD,0.0000062500,-0.0000872520,2026-03-21 12:00:00.094000+00:00
xyz:AMD,-0.0000545412,-0.0011726593,2026-03-21 13:00:00.015000+00:00
xyz:AMD,-0.0000383973,-0.0009143565,2026-03-21 14:00:00.045000+00:00
xyz:AMD,0.0000729665,0.0014674634,2026-03-21 15:00:00.051000+00:00
xyz:AMD,0.0000924810,0.0017796957,2026-03-21 16:00:00.039000+00:00
xyz:AMD,0.0000224063,0.0006585004,2026-03-21 17:00:00.032000+00:00
xyz:AMD,0.0000037372,-0.0002402055,2026-03-21 18:00:00.020000+00:00
xyz:AMD,0.0000649384,0.0013390136,2026-03-21 19:00:00.057000+00:00
xyz:AMD,0.0000786117,0.0015577871,2026-03-21 20:00:00.073000+00:00
xyz:AMD,0.0001140176,0.0021242813,2026-03-21 21:00:00.086000+00:00
xyz:AMD,0.0000611620,0.0012785928,2026-03-21 22:00:00.004000+00:00
xyz:AMD,-0.0000152058,-0.0005432926,2026-03-21 23:00:00.026000+00:00
xyz:AMD,-0.0001747374,-0.0030957984,2026-03-22 00:00:00.042000+00:00
xyz:AMD,-0.0004274181,-0.0071386889,2026-03-22 01:00:00.020000+00:00
xyz:AMD,-0.0002524444,-0.0043391102,2026-03-22 02:00:00.085000+00:00
xyz:AMD,-0.0002506457,-0.0043103310,2026-03-22 03:00:00.085000+00:00
xyz:AMD,-0.0002284919,-0.0039558705,2026-03-22 04:00:00.007000+00:00
xyz:AMD,-0.0001342107,-0.0024473716,2026-03-22 05:00:00.062000+00:00
xyz:AMD,-0.0001199986,-0.0022199781,2026-03-22 06:00:00.062000+00:00
xyz:AMD,-0.0001183086,-0.0021929378,2026-03-22 07:00:00.088000+00:00
xyz:AMD,-0.0000554717,-0.0011875470,2026-03-22 08:00:00.050000+00:00
xyz:AMD,-0.0001436315,-0.0025981040,2026-03-22 09:00:00.062000+00:00
xyz:AMD,-0.0001256489,-0.0023103829,2026-03-22 10:00:00.003000+00:00
xyz:AMD,-0.0001744166,-0.0030906660,2026-03-22 11:00:00.044000+00:00
xyz:AMD,-0.0002206144,-0.0038298308,2026-03-22 12:00:00.049000+00:00
xyz:AMD,-0.0002245551,-0.0038928810,2026-03-22 13:00:00.046000+00:00
xyz:AMD,-0.0001913355,-0.0033613685,2026-03-22 14:00:00.011000+00:00
xyz:AMD,-0.0000389617,-0.0009233867,2026-03-22 15:00:00.042000+00:00
xyz:AMD,-0.0000746385,-0.0014942160,2026-03-22 16:00:00.021000+00:00
xyz:AMD,-0.0001551941,-0.0027831051,2026-03-22 17:00:00.006000+00:00
xyz:AMD,-0.0001212131,-0.0022394101,2026-03-22 18:00:00.081000+00:00
xyz:AMD,-0.0000762664,-0.0015202616,2026-03-22 19:00:00.039000+00:00
xyz:AMD,-0.0000972220,-0.0018555517,2026-03-22 20:00:00.048000+00:00
xyz:AMD,-0.0001049125,-0.0019785992,2026-03-22 21:00:00.082000+00:00
xyz:AMD,-0.0001121755,-0.0020948084,2026-03-22 22:00:00.090000+00:00
xyz:AMD,-0.0000034684,-0.0003554946,2026-03-22 23:00:00.049000+00:00
xyz:AMD,0.0000067093,0.0004073485,2026-03-23 00:00:00.261000+00:00
xyz:AMD,0.0000062500,0.0001621050,2026-03-23 01:00:00.069000+00:00
xyz:AMD,0.0000062500,0.0003186728,2026-03-23 02:00:00.040000+00:00
xyz:AMD,0.0000062500,0.0002569447,2026-03-23 03:00:00.111000+00:00
xyz:AMD,0.0000062500,0.0000648001,2026-03-23 04:00:00.086000+00:00
xyz:AMD,0.0000062500,0.0001814174,2026-03-23 05:00:00.014000+00:00
xyz:AMD,0.0000062500,0.0001802455,2026-03-23 06:00:00.068000+00:00
xyz:AMD,0.0000062500,0.0001958478,2026-03-23 07:00:00.043000+00:00
xyz:AMD,0.0000062500,0.0000588498,2026-03-23 08:00:00.066000+00:00
xyz:AMD,-0.0000129755,-0.0005076080,2026-03-23 09:00:00.071000+00:00
xyz:AMD,-0.0000008437,-0.0003134985,2026-03-23 10:00:00.081000+00:00
xyz:AMD,0.0000046935,-0.0002249033,2026-03-23 11:00:00.004000+00:00
xyz:AMD,0.0000062500,0.0000749330,2026-03-23 12:00:00.045000+00:00
xyz:AMD,0.0000062500,0.0001220562,2026-03-23 13:00:00.056000+00:00
xyz:AMD,0.0000062500,-0.0000405874,2026-03-23 14:00:00.053000+00:00
xyz:AMD,0.0000062500,-0.0000292050,2026-03-23 15:00:00.071000+00:00
xyz:AMD,0.0000062500,0.0002304896,2026-03-23 16:00:00.048000+00:00
xyz:AMD,0.0000062500,0.0000445611,2026-03-23 17:00:00.080000+00:00
xyz:AMD,0.0000062500,-0.0000567314,2026-03-23 18:00:00.041000+00:00
xyz:AMD,0.0000062500,-0.0000362063,2026-03-23 19:00:00.054000+00:00
xyz:AMD,0.0000062500,-0.0000933746,2026-03-23 20:00:00.019000+00:00
xyz:AMD,0.0000060027,-0.0002039570,2026-03-23 21:00:00.090000+00:00
xyz:AMD,0.0000062500,-0.0001476876,2026-03-23 22:00:00.162000+00:00
xyz:AMD,0.0000017874,-0.0002714012,2026-03-23 23:00:00.056000+00:00
xyz:AMD,0.0000061026,-0.0002023584,2026-03-24 00:00:00.027000+00:00
xyz:AMD,-0.0000067307,-0.0004076911,2026-03-24 01:00:00.082000+00:00
xyz:AMD,0.0000062500,-0.0000724782,2026-03-24 02:00:00.034000+00:00
xyz:AMD,0.0000062500,0.0000138180,2026-03-24 03:00:00+00:00
xyz:AMD,0.0000062500,-0.0000719810,2026-03-24 04:00:00.016000+00:00
xyz:AMD,0.0000062500,0.0001890619,2026-03-24 05:00:00.079000+00:00
xyz:AMD,0.0000062500,0.0001875187,2026-03-24 06:00:00.003000+00:00
xyz:AMD,0.0000062500,0.0000416403,2026-03-24 07:00:00.088000+00:00
xyz:AMD,0.0000062500,0.0000452861,2026-03-24 08:00:00.033000+00:00
xyz:AMD,0.0000062500,0.0002947458,2026-03-24 09:00:00.051000+00:00
xyz:AMD,0.0000062500,0.0000220672,2026-03-24 10:00:00.105000+00:00
xyz:AMD,0.0000136854,0.0005189656,2026-03-24 11:00:00.045000+00:00
xyz:AMD,0.0000125554,0.0005008870,2026-03-24 12:00:00.096000+00:00
xyz:AMD,0.0000062500,0.0002971903,2026-03-24 13:00:00.028000+00:00
xyz:AMD,0.0000062500,0.0000994322,2026-03-24 14:00:00.089000+00:00
xyz:AMD,0.0000062500,0.0000278816,2026-03-24 15:00:00.033000+00:00
xyz:AMD,0.0000062500,0.0000756097,2026-03-24 16:00:00.039000+00:00
xyz:AMD,0.0000062500,-0.0000006063,2026-03-24 17:00:00.061000+00:00
xyz:AMD,0.0000062500,0.0001488588,2026-03-24 18:00:00.062000+00:00
xyz:AMD,0.0000062500,0.0002502304,2026-03-24 19:00:00.040000+00:00
xyz:AMD,0.0000062500,0.0000704183,2026-03-24 20:00:00.058000+00:00
xyz:AMD,0.0000062500,-0.0000512091,2026-03-24 21:00:00.159000+00:00
xyz:AMD,0.0000062500,-0.0000307583,2026-03-24 22:00:00.052000+00:00
xyz:AMD,0.0000051360,-0.0002178246,2026-03-24 23:00:00.069000+00:00
xyz:AMD,0.0000062500,-0.0000172231,2026-03-25 00:00:00.048000+00:00
xyz:AMD,0.0000062500,0.0003377863,2026-03-25 01:00:00.110000+00:00
xyz:AMD,0.0000062500,0.0002915888,2026-03-25 02:00:00.086000+00:00
xyz:AMD,0.0000062500,0.0002602282,2026-03-25 03:00:00.069000+00:00
xyz:AMD,0.0000062500,0.0002622902,2026-03-25 04:00:00.059000+00:00
xyz:AMD,0.0000062500,0.0002974333,2026-03-25 05:00:00.076000+00:00
xyz:AMD,0.0000062500,0.0002423109,2026-03-25 06:00:00.043000+00:00
xyz:AMD,0.0000062500,0.0001858719,2026-03-25 07:00:00.053000+00:00
xyz:AMD,0.0000062500,0.0002868966,2026-03-25 08:00:00.007000+00:00
xyz:AMD,0.0000062500,-0.0000575577,2026-03-25 09:00:00.057000+00:00
xyz:AMD,0.0000062500,0.0000451576,2026-03-25 10:00:00.090000+00:00
xyz:AMD,0.0000062500,-0.0000198502,2026-03-25 11:00:00.018000+00:00
xyz:AMD,0.0000062500,0.0001940745,2026-03-25 12:00:00.038000+00:00
xyz:AMD,0.0000090244,0.0004443900,2026-03-25 13:00:00.032000+00:00
xyz:AMD,0.0000083881,0.0004342092,2026-03-25 14:00:00.041000+00:00
xyz:AMD,0.0000062500,0.0001741658,2026-03-25 15:00:00.062000+00:00
xyz:AMD,0.0000062500,0.0000380954,2026-03-25 16:00:00.052000+00:00
xyz:AMD,0.0000062500,0.0001556125,2026-03-25 17:00:00.022000+00:00
xyz:AMD,0.0000062500,0.0000465228,2026-03-25 18:00:00.075000+00:00
xyz:AMD,0.0000062500,0.0000772671,2026-03-25 19:00:00.037000+00:00
xyz:AMD,0.0000062500,0.0000320708,2026-03-25 20:00:00.025000+00:00
xyz:AMD,0.0000062500,0.0001420717,2026-03-25 21:00:00.066000+00:00
xyz:AMD,0.0000062500,0.0001413573,2026-03-25 22:00:00.023000+00:00
xyz:AMD,0.0000062500,0.0001349689,2026-03-25 23:00:00.072000+00:00
xyz:AMD,0.0000062500,0.0001769122,2026-03-26 00:00:00.035000+00:00
xyz:AMD,0.0000062500,0.0002342696,2026-03-26 01:00:00.006000+00:00
xyz:AMD,0.0000062500,0.0000695803,2026-03-26 02:00:00.139000+00:00
xyz:AMD,0.0000062500,0.0000092545,2026-03-26 03:00:00.114000+00:00
xyz:AMD,0.0000062500,0.0000632318,2026-03-26 04:00:00.110000+00:00
xyz:AMD,0.0000062500,0.0001064883,2026-03-26 05:00:00.097000+00:00
xyz:AMD,0.0000062500,-0.0000284832,2026-03-26 06:00:00.014000+00:00
xyz:AMD,0.0000062500,0.0000768350,2026-03-26 07:00:00.009000+00:00
xyz:AMD,0.0000062500,0.0000463649,2026-03-26 08:00:00.094000+00:00
xyz:AMD,0.0000024726,-0.0002604384,2026-03-26 09:00:00.075000+00:00
xyz:AMD,0.0000037511,-0.0002399829,2026-03-26 10:00:00.001000+00:00
xyz:AMD,0.0000062500,-0.0001876656,2026-03-26 11:00:00.072000+00:00
xyz:AMD,0.0000062500,-0.0000412542,2026-03-26 12:00:00.020000+00:00
xyz:AMD,0.0000062500,-0.0001650321,2026-03-26 13:00:00.078000+00:00
xyz:AMD,0.0000062500,-0.0000444031,2026-03-26 14:00:00.066000+00:00
xyz:AMD,0.0000062500,0.0000137147,2026-03-26 15:00:00.018000+00:00
xyz:AMD,0.0000062500,0.0001891688,2026-03-26 16:00:00.055000+00:00
xyz:AMD,0.0000062500,0.0002342230,2026-03-26 17:00:00.026000+00:00
xyz:AMD,0.0000062500,0.0002388177,2026-03-26 18:00:00.030000+00:00
xyz:AMD,0.0000062500,0.0002407412,2026-03-26 19:00:00.003000+00:00
xyz:AMD,0.0000062500,0.0002305786,2026-03-26 20:00:00.077000+00:00
xyz:AMD,0.0000062500,0.0001099976,2026-03-26 21:00:00.031000+00:00
xyz:AMD,0.0000062500,0.0001377446,2026-03-26 22:00:00.068000+00:00
xyz:AMD,0.0000062500,0.0002035762,2026-03-26 23:00:00.071000+00:00
xyz:AMD,0.0000069316,0.0004109052,2026-03-27 00:00:00.013000+00:00
xyz:AMD,0.0000065927,0.0004054831,2026-03-27 01:00:00.004000+00:00
xyz:AMD,0.0000062500,0.0003230834,2026-03-27 02:00:00.007000+00:00
xyz:AMD,0.0000062500,0.0002959583,2026-03-27 03:00:00.045000+00:00
xyz:AMD,0.0000062500,-0.0000888464,2026-03-27 04:00:00.027000+00:00
xyz:AMD,0.0000037794,-0.0002395300,2026-03-27 05:00:00.055000+00:00
xyz:AMD,-0.0000034071,-0.0003545135,2026-03-27 06:00:00.021000+00:00
xyz:AMD,0.0000062500,-0.0000057225,2026-03-27 07:00:00.047000+00:00
xyz:AMD,0.0000062500,0.0000173284,2026-03-27 08:00:00.042000+00:00
xyz:AMD,0.0000125095,0.0005001517,2026-03-27 09:00:00.078000+00:00
xyz:AMD,0.0000062500,0.0002741981,2026-03-27 10:00:00.011000+00:00
xyz:AMD,0.0000062500,0.0000949651,2026-03-27 11:00:00.056000+00:00
xyz:AMD,0.0000062500,-0.0001283360,2026-03-27 12:00:00.073000+00:00
xyz:AMD,0.0000062500,-0.0000961345,2026-03-27 13:00:00.020000+00:00
xyz:AMD,0.0000062500,0.0000299951,2026-03-27 14:00:00.027000+00:00
xyz:AMD,0.0000062500,0.0003049142,2026-03-27 15:00:00.082000+00:00
xyz:AMD,0.0000062500,0.0002943959,2026-03-27 16:00:00.069000+00:00
xyz:AMD,0.0000062500,0.0002473302,2026-03-27 17:00:00.063000+00:00
xyz:AMD,0.0000062500,0.0002666394,2026-03-27 18:00:00.018000+00:00
xyz:AMD,0.0000062500,0.0001705628,2026-03-27 19:00:00.017000+00:00
xyz:AMD,0.0000062500,0.0001167773,2026-03-27 20:00:00.043000+00:00
xyz:AMD,0.0000062500,0.0001511861,2026-03-27 21:00:00.064000+00:00
xyz:AMD,0.0000062500,-0.0000805886,2026-03-27 22:00:00.044000+00:00
xyz:AMD,0.0000047359,-0.0002242250,2026-03-27 23:00:00.008000+00:00
xyz:AMD,-0.0000021072,-0.0003337149,2026-03-28 00:00:00.062000+00:00
xyz:AMD,-0.0000519673,-0.0011314773,2026-03-28 01:00:00.004000+00:00
xyz:AMD,-0.0001234541,-0.0022752664,2026-03-28 02:00:00.051000+00:00
xyz:AMD,-0.0001342933,-0.0024486924,2026-03-28 03:00:00.023000+00:00
xyz:AMD,-0.0000683007,-0.0013928111,2026-03-28 04:00:00.106000+00:00
xyz:AMD,-0.0000135010,-0.0005160163,2026-03-28 05:00:00.055000+00:00
xyz:AMD,-0.0000021078,-0.0003337248,2026-03-28 06:00:00.067000+00:00
xyz:AMD,0.0001237512,0.0022800195,2026-03-28 07:00:00.039000+00:00
xyz:AMD,0.0001163472,0.0021615546,2026-03-28 08:00:00.007000+00:00
xyz:AMD,0.0000379807,0.0009076905,2026-03-28 09:00:00.008000+00:00
xyz:AMD,-0.0000019715,-0.0003315432,2026-03-28 10:00:00.014000+00:00
xyz:AMD,0.0000062500,-0.0001081160,2026-03-28 11:00:00.095000+00:00
xyz:AMD,-0.0000075400,-0.0004206404,2026-03-28 12:00:00.014000+00:00
xyz:AMD,0.0000025001,-0.0002599987,2026-03-28 13:00:00.013000+00:00
xyz:AMD,0.0000966953,0.0018471253,2026-03-28 14:00:00.047000+00:00
xyz:AMD,0.0001115959,0.0020855340,2026-03-28 15:00:00.042000+00:00
xyz:AMD,0.0002419117,0.0041705867,2026-03-28 16:00:00.047000+00:00
xyz:AMD,0.0002072423,0.0036158772,2026-03-28 17:00:00.074000+00:00
xyz:AMD,0.0001719397,0.0030510359,2026-03-28 18:00:00.070000+00:00
xyz:AMD,0.0000882875,0.0017126000,2026-03-28 19:00:00.007000+00:00
xyz:AMD,0.0000587816,0.0012405061,2026-03-28 20:00:00.075000+00:00
xyz:AMD,0.0001195553,0.0022128854,2026-03-28 21:00:00.036000+00:00
xyz:AMD,0.0000511185,0.0011178963,2026-03-28 22:00:00.009000+00:00
xyz:AMD,0.0000062500,0.0001713430,2026-03-28 23:00:00.040000+00:00
xyz:AMD,-0.0000707377,-0.0014318027,2026-03-29 00:00:00.085000+00:00
xyz:AMD,-0.0000649597,-0.0013393549,2026-03-29 01:00:00.068000+00:00
xyz:AMD,0.0000057297,-0.0002083250,2026-03-29 02:00:00.040000+00:00
xyz:AMD,0.0000062500,0.0001971051,2026-03-29 03:00:00.050000+00:00
xyz:AMD,0.0001423368,0.0025773889,2026-03-29 04:00:00.034000+00:00
xyz:AMD,0.0000953517,0.0018256277,2026-03-29 05:00:00.054000+00:00
xyz:AMD,0.0000294019,0.0007704298,2026-03-29 06:00:00.017000+00:00
xyz:AMD,0.0000062500,0.0000755967,2026-03-29 07:00:00.047000+00:00
xyz:AMD,0.0000062500,0.0000324060,2026-03-29 08:00:00.033000+00:00
xyz:AMD,0.0000062500,-0.0000629627,2026-03-29 09:00:00.036000+00:00
xyz:AMD,-0.0000445859,-0.0010133745,2026-03-29 10:00:00.121000+00:00
xyz:AMD,-0.0000567267,-0.0012076265,2026-03-29 11:00:00.002000+00:00
xyz:AMD,-0.0000046117,-0.0003737864,2026-03-29 12:00:00.067000+00:00
xyz:AMD,-0.0000038381,-0.0003614091,2026-03-29 13:00:00.056000+00:00
xyz:AMD,0.0000062500,0.0002232706,2026-03-29 14:00:00.026000+00:00
xyz:AMD,-0.0000040072,-0.0003641146,2026-03-29 15:00:00.057000+00:00
xyz:AMD,-0.0000032474,-0.0003519583,2026-03-29 16:00:00.029000+00:00
xyz:AMD,-0.0000126595,-0.0005025521,2026-03-29 17:00:00.011000+00:00
xyz:AMD,-0.0000402884,-0.0009446146,2026-03-29 18:00:00.092000+00:00
xyz:AMD,0.0000062500,-0.0001987083,2026-03-29 19:00:00.066000+00:00
xyz:AMD,0.0000062500,-0.0000516597,2026-03-29 20:00:00.062000+00:00
xyz:AMD,0.0000151302,0.0005420833,2026-03-29 21:00:00.026000+00:00
xyz:AMD,0.0000011521,-0.0002815666,2026-03-29 22:00:00.013000+00:00
xyz:AMD,-0.0000032454,-0.0003519268,2026-03-29 23:00:00.096000+00:00
xyz:AMD,-0.0001759519,-0.0031152306,2026-03-30 00:00:00.038000+00:00
xyz:AMD,-0.0000716037,-0.0014456585,2026-03-30 01:00:00.030000+00:00
xyz:AMD,0.0000017610,-0.0002718232,2026-03-30 02:00:00.054000+00:00
xyz:AMD,0.0000062500,-0.0000146666,2026-03-30 03:00:00.013000+00:00
xyz:AMD,0.0000062500,0.0003055681,2026-03-30 04:00:00.074000+00:00
xyz:AMD,0.0000112050,0.0004792806,2026-03-30 05:00:00.056000+00:00
xyz:AMD,0.0000124852,0.0004997628,2026-03-30 06:00:00.089000+00:00
xyz:AMD,0.0000062500,0.0001987538,2026-03-30 07:00:00.043000+00:00
xyz:AMD,0.0000062500,0.0003131703,2026-03-30 08:00:00.192000+00:00
xyz:AMD,0.0000062500,0.0000251659,2026-03-30 09:00:00.039000+00:00
xyz:AMD,0.0000062500,-0.0000575733,2026-03-30 10:00:00.052000+00:00
xyz:AMD,-0.0000047005,-0.0003752077,2026-03-30 11:00:00.059000+00:00
xyz:AMD,0.0000062500,-0.0000930477,2026-03-30 12:00:00.038000+00:00
xyz:AMD,0.0000062500,0.0002324782,2026-03-30 13:00:00.031000+00:00
xyz:AMD,0.0000062500,0.0002333232,2026-03-30 14:00:00.046000+00:00
xyz:AMD,0.0000062500,0.0001123640,2026-03-30 15:00:00.019000+00:00
xyz:AMD,0.0000062500,0.0001016145,2026-03-30 16:00:00.071000+00:00
xyz:AMD,0.0000062500,0.0000681889,2026-03-30 17:00:00.108000+00:00
xyz:AMD,0.0000062500,0.0000041908,2026-03-30 18:00:00.051000+00:00
xyz:AMD,0.0000062500,-0.0000823977,2026-03-30 19:00:00.085000+00:00
xyz:AMD,0.0000062500,-0.0001929085,2026-03-30 20:00:00.055000+00:00
xyz:AMD,0.0000027893,-0.0002553712,2026-03-30 21:00:00.095000+00:00
xyz:AMD,-0.0000091351,-0.0004461624,2026-03-30 22:00:00.021000+00:00
xyz:AMD,-0.0000110274,-0.0004764383,2026-03-30 23:00:00.066000+00:00
xyz:AMD,0.0000026033,-0.0002583470,2026-03-31 00:00:00.016000+00:00
xyz:AMD,-0.0000094100,-0.0004505595,2026-03-31 01:00:00.038000+00:00
xyz:AMD,-0.0000108511,-0.0004736168,2026-03-31 02:00:00.066000+00:00
xyz:AMD,0.0000062500,-0.0001241118,2026-03-31 03:00:00.092000+00:00
xyz:AMD,-0.0000104007,-0.0004664109,2026-03-31 04:00:00.073000+00:00
xyz:AMD,-0.0000197292,-0.0006156668,2026-03-31 05:00:00.062000+00:00
xyz:AMD,-0.0000034121,-0.0003545935,2026-03-31 06:00:00.022000+00:00
xyz:AMD,-0.0000069095,-0.0004105517,2026-03-31 07:00:00.045000+00:00
xyz:AMD,-0.0000015427,-0.0003246840,2026-03-31 08:00:00+00:00
xyz:AMD,0.0000062500,0.0000408729,2026-03-31 09:00:00.056000+00:00
xyz:AMD,0.0000062500,-0.0000877295,2026-03-31 10:00:00.021000+00:00
xyz:AMD,-0.0000026275,-0.0003420397,2026-03-31 11:00:00.032000+00:00
xyz:AMD,0.0000025875,-0.0002586000,2026-03-31 12:00:00.073000+00:00
xyz:AMD,0.0000062500,-0.0001459284,2026-03-31 13:00:00.030000+00:00
xyz:AMD,0.0000062500,-0.0000734400,2026-03-31 14:00:00.038000+00:00
xyz:AMD,0.0000062500,-0.0001415072,2026-03-31 15:00:00.043000+00:00
xyz:AMD,0.0000062500,-0.0000162606,2026-03-31 16:00:00.025000+00:00
xyz:AMD,0.0000062500,0.0000446286,2026-03-31 17:00:00.030000+00:00
xyz:AMD,0.0000062500,-0.0000214624,2026-03-31 18:00:00.007000+00:00
xyz:AMD,0.0000062500,0.0000391200,2026-03-31 19:00:00.051000+00:00
xyz:AMD,0.0000062500,0.0001360429,2026-03-31 20:00:00.039000+00:00
xyz:AMD,0.0000062500,0.0000136652,2026-03-31 21:00:00.026000+00:00
xyz:AMD,0.0000062500,0.0003524879,2026-03-31 22:00:00.046000+00:00
xyz:AMD,0.0000062500,0.0003326958,2026-03-31 23:00:00.029000+00:00
xyz:AMD,0.0000062500,0.0002401243,2026-04-01 00:00:00.068000+00:00
xyz:AMD,0.0000062500,0.0001986097,2026-04-01 01:00:00.022000+00:00
xyz:AMD,0.0000062500,0.0000638447,2026-04-01 02:00:00.050000+00:00
xyz:AMD,0.0000062500,-0.0000600145,2026-04-01 03:00:00.044000+00:00
xyz:AMD,0.0000062500,0.0002426163,2026-04-01 04:00:00.042000+00:00
xyz:AMD,0.0000062500,0.0003186069,2026-04-01 05:00:00.057000+00:00
xyz:AMD,0.0000062500,0.0002643444,2026-04-01 06:00:00.051000+00:00
xyz:AMD,0.0000062500,0.0003425691,2026-04-01 07:00:00.039000+00:00
xyz:AMD,0.0000062500,0.0002922250,2026-04-01 08:00:00.062000+00:00
xyz:AMD,0.0000062500,0.0003745040,2026-04-01 09:00:00.046000+00:00
xyz:AMD,0.0000062500,0.0001671394,2026-04-01 10:00:00.050000+00:00
xyz:AMD,0.0000062500,0.0000995049,2026-04-01 11:00:00.068000+00:00
xyz:AMD,0.0000062500,-0.0000126474,2026-04-01 12:00:00.081000+00:00
xyz:AMD,0.0000062500,0.0002281530,2026-04-01 13:00:00.011000+00:00
xyz:AMD,0.0000062500,0.0001395519,2026-04-01 14:00:00.131000+00:00
xyz:AMD,0.0000062500,0.0000969528,2026-04-01 15:00:00.029000+00:00
xyz:AMD,0.0000063308,0.0004012927,2026-04-01 16:00:00.078000+00:00
xyz:AMD,0.0000062543,0.0004000685,2026-04-01 17:00:00.076000+00:00
xyz:AMD,0.0000062500,0.0002184745,2026-04-01 18:00:00.071000+00:00
xyz:AMD,0.0000062500,0.0002142375,2026-04-01 19:00:00.017000+00:00
xyz:AMD,0.0000062500,0.0002168382,2026-04-01 20:00:00.045000+00:00
xyz:AMD,0.0000062500,0.0003061455,2026-04-01 21:00:00.041000+00:00
xyz:AMD,0.0000062500,0.0003853780,2026-04-01 22:00:00.030000+00:00
xyz:AMD,0.0000078563,0.0004257006,2026-04-01 23:00:00.042000+00:00
xyz:AMD,0.0000062500,0.0003746985,2026-04-02 00:00:00.177000+00:00
xyz:AMD,0.0000062500,0.0002782377,2026-04-02 01:00:00.004000+00:00
xyz:AMD,0.0000092934,0.0004486942,2026-04-02 02:00:00.060000+00:00
xyz:AMD,0.0000066852,0.0004069626,2026-04-02 03:00:00.041000+00:00
xyz:AMD,0.0000062500,0.0003498045,2026-04-02 04:00:00.059000+00:00
xyz:AMD,0.0000062500,0.0002124316,2026-04-02 05:00:00.030000+00:00
xyz:AMD,0.0000062500,0.0002215763,2026-04-02 06:00:00.039000+00:00
xyz:AMD,0.0000062500,0.0002174127,2026-04-02 07:00:00.070000+00:00
xyz:AMD,0.0000062500,0.0002746823,2026-04-02 08:00:00.129000+00:00
xyz:AMD,0.0000062500,0.0000793604,2026-04-02 09:00:00.026000+00:00
xyz:AMD,0.0000160914,0.0005574632,2026-04-02 10:00:00.051000+00:00
xyz:AMD,0.0000062500,0.0000506427,2026-04-02 11:00:00.014000+00:00
xyz:AMD,0.0000062500,0.0001864866,2026-04-02 12:00:00.021000+00:00
xyz:AMD,0.0000062500,0.0001290546,2026-04-02 13:00:00.075000+00:00
xyz:AMD,0.0000062500,0.0000573259,2026-04-02 14:00:00.049000+00:00
xyz:AMD,0.0000062500,0.0002945494,2026-04-02 15:00:00.065000+00:00
xyz:AMD,0.0000159287,0.0005548600,2026-04-02 16:00:00.040000+00:00
xyz:AMD,0.0000081233,0.0004299727,2026-04-02 17:00:00.022000+00:00
xyz:AMD,0.0000099006,0.0004584103,2026-04-02 18:00:00.037000+00:00
xyz:AMD,0.0000062500,0.0003940638,2026-04-02 19:00:00.006000+00:00
xyz:AMD,0.0000073409,0.0004174549,2026-04-02 20:00:00.023000+00:00
xyz:AMD,0.0000117390,0.0004878247,2026-04-02 21:00:00.131000+00:00
xyz:AMD,0.0000234027,0.0006744439,2026-04-02 22:00:00.013000+00:00
xyz:AMD,0.0000346929,0.0008550870,2026-04-02 23:00:00.004000+00:00
xyz:AMD,0.0000503315,0.0011053045,2026-04-03 00:00:00.021000+00:00
xyz:AMD,0.0000402106,0.0009433700,2026-04-03 01:00:00.043000+00:00
xyz:AMD,0.0000062500,0.0002004341,2026-04-03 02:00:00.023000+00:00
xyz:AMD,-0.0000518771,-0.0011300333,2026-04-03 03:00:00.048000+00:00
xyz:AMD,-0.0000388130,-0.0009210082,2026-04-03 04:00:00.039000+00:00
xyz:AMD,-0.0000674863,-0.0013797812,2026-04-03 05:00:00.086000+00:00
xyz:AMD,-0.0000432312,-0.0009916997,2026-04-03 06:00:00.049000+00:00
xyz:AMD,-0.0000605394,-0.0012686298,2026-04-03 07:00:00.028000+00:00
xyz:AMD,-0.0001101488,-0.0020623803,2026-04-03 08:00:00.069000+00:00
xyz:AMD,-0.0000571780,-0.0012148486,2026-04-03 09:00:00.054000+00:00
xyz:AMD,-0.0000931046,-0.0017896731,2026-04-03 10:00:00.043000+00:00
xyz:AMD,-0.0000883524,-0.0017136387,2026-04-03 11:00:00.041000+00:00
xyz:AMD,-0.0000622462,-0.0012959398,2026-04-03 12:00:00.031000+00:00
xyz:AMD,0.0000062500,-0.0001946487,2026-04-03 13:00:00.058000+00:00
xyz:AMD,-0.0000926997,-0.0017831949,2026-04-03 14:00:00.001000+00:00
xyz:AMD,-0.0000885334,-0.0017165348,2026-04-03 15:00:00.044000+00:00
xyz:AMD,-0.0000669572,-0.0013713157,2026-04-03 16:00:00.033000+00:00
xyz:AMD,-0.0000449826,-0.0010197215,2026-04-03 17:00:00.040000+00:00
xyz:AMD,-0.0000399946,-0.0009399136,2026-04-03 18:00:00.069000+00:00
xyz:AMD,-0.0000870229,-0.0016923666,2026-04-03 19:00:00.026000+00:00
xyz:AMD,-0.0000453635,-0.0010258161,2026-04-03 20:00:00.036000+00:00
xyz:AMD,-0.0000469684,-0.0010514946,2026-04-03 21:00:00.048000+00:00
xyz:AMD,-0.0000368205,-0.0008891277,2026-04-03 22:00:00.031000+00:00
xyz:AMD,-0.0000332626,-0.0008322018,2026-04-03 23:00:00.039000+00:00
xyz:AMD,0.0000362096,0.0008793542,2026-04-04 00:00:00.063000+00:00
xyz:AMD,-0.0000702570,-0.0014241127,2026-04-04 01:00:00.014000+00:00
xyz:AMD,-0.0000912312,-0.0017596985,2026-04-04 02:00:00.021000+00:00
xyz:AMD,-0.0000479365,-0.0010669839,2026-04-04 03:00:00.064000+00:00
xyz:AMD,-0.0000122997,-0.0004967955,2026-04-04 04:00:00.011000+00:00
xyz:AMD,0.0000062500,0.0002633431,2026-04-04 05:00:00.063000+00:00
xyz:AMD,-0.0000061868,-0.0003989894,2026-04-04 06:00:00.057000+00:00
xyz:AMD,-0.0000761491,-0.0015183857,2026-04-04 07:00:00.051000+00:00
xyz:AMD,-0.0001035943,-0.0019575094,2026-04-04 08:00:00.033000+00:00
xyz:AMD,-0.0000921215,-0.0017739440,2026-04-04 09:00:00.008000+00:00
xyz:AMD,-0.0000917880,-0.0017686075,2026-04-04 10:00:00.029000+00:00
xyz:AMD,-0.0000433289,-0.0009932620,2026-04-04 11:00:00.050000+00:00
xyz:AMD,-0.0000174215,-0.0005787446,2026-04-04 12:00:00.009000+00:00
xyz:AMD,-0.0000391656,-0.0009266492,2026-04-04 13:00:00.107000+00:00
xyz:AMD,-0.0000684481,-0.0013951695,2026-04-04 14:00:00.065000+00:00
xyz:AMD,-0.0000541151,-0.0011658417,2026-04-04 15:00:00.008000+00:00
xyz:AMD,-0.0000284340,-0.0007549439,2026-04-04 16:00:00.038000+00:00
xyz:AMD,0.0000062500,0.0001274640,2026-04-04 17:00:00.041000+00:00
xyz:AMD,0.0000062500,0.0002268277,2026-04-04 18:00:00.064000+00:00
xyz:AMD,0.0000084511,0.0004352174,2026-04-04 19:00:00.012000+00:00
xyz:AMD,0.0000510088,0.0011161413,2026-04-04 20:00:00.063000+00:00
xyz:AMD,0.0000379541,0.0009072648,2026-04-04 21:00:00.037000+00:00
xyz:AMD,0.0000400415,0.0009406645,2026-04-04 22:00:00.032000+00:00
xyz:AMD,0.0000432032,0.0009912511,2026-04-04 23:00:00.014000+00:00
xyz:AMD,0.0000618139,0.0012890222,2026-04-05 00:00:00.047000+00:00
xyz:AMD,0.0000451766,0.0010228249,2026-04-05 01:00:00.058000+00:00
xyz:AMD,0.0000601871,0.0012629934,2026-04-05 02:00:00.058000+00:00
xyz:AMD,0.0000285560,0.0007568954,2026-04-05 03:00:00.014000+00:00
xyz:AMD,-0.0000088032,-0.0004408507,2026-04-05 04:00:00.022000+00:00
xyz:AMD,-0.0000323444,-0.0008175098,2026-04-05 05:00:00.024000+00:00
xyz:AMD,-0.0000743228,-0.0014891653,2026-04-05 06:00:00.051000+00:00
xyz:AMD,-0.0001093411,-0.0020494573,2026-04-05 07:00:00.048000+00:00
xyz:AMD,-0.0000860897,-0.0016774350,2026-04-05 08:00:00.066000+00:00
xyz:AMD,0.0000096732,0.0004547719,2026-04-05 09:00:00.017000+00:00
xyz:AMD,0.0000062500,0.0003773558,2026-04-05 10:00:00.017000+00:00
xyz:AMD,-0.0000279456,-0.0007471302,2026-04-05 11:00:00.024000+00:00
xyz:AMD,-0.0000702980,-0.0014247673,2026-04-05 12:00:00.017000+00:00
xyz:AMD,-0.0001101763,-0.0020628200,2026-04-05 13:00:00.047000+00:00
xyz:AMD,-0.0000729175,-0.0014666798,2026-04-05 14:00:00.057000+00:00
xyz:AMD,-0.0000048523,-0.0003776375,2026-04-05 15:00:00.081000+00:00
xyz:AMD,0.0000709419,0.0014350698,2026-04-05 16:00:00.031000+00:00
xyz:AMD,0.0001370570,0.0024929122,2026-04-05 17:00:00.049000+00:00
xyz:AMD,0.0000312255,0.0007996086,2026-04-05 18:00:00.042000+00:00
xyz:AMD,0.0000428822,0.0009861148,2026-04-05 19:00:00.041000+00:00
xyz:AMD,0.0001570167,0.0028122667,2026-04-05 20:00:00.030000+00:00
xyz:AMD,0.0000691284,0.0014060546,2026-04-05 21:00:00.003000+00:00
xyz:AMD,0.0001165644,0.0021650307,2026-04-05 22:00:00.060000+00:00
xyz:AMD,-0.0002058606,-0.0035937694,2026-04-05 23:00:00.020000+00:00
xyz:AMD,-0.0000330765,-0.0008292244,2026-04-06 00:00:00.029000+00:00
xyz:AMD,0.0000308045,0.0007928712,2026-04-06 01:00:00.040000+00:00
xyz:AMD,0.0000518995,0.0011303915,2026-04-06 02:00:00+00:00
xyz:AMD,0.0000383495,0.0009135924,2026-04-06 03:00:00.049000+00:00
xyz:AMD,0.0000221994,0.0006551909,2026-04-06 04:00:00.002000+00:00
xyz:AMD,0.0000304480,0.0007871680,2026-04-06 05:00:00.047000+00:00
xyz:AMD,0.0000213056,0.0006408899,2026-04-06 06:00:00.025000+00:00
xyz:AMD,0.0000197058,0.0006152931,2026-04-06 07:00:00.064000+00:00
xyz:AMD,0.0000283927,0.0007542839,2026-04-06 08:00:00.053000+00:00
xyz:AMD,0.0000185560,0.0005968965,2026-04-06 09:00:00.012000+00:00
xyz:AMD,0.0000128279,0.0005052461,2026-04-06 10:00:00.006000+00:00
xyz:AMD,0.0000154675,0.0005474793,2026-04-06 11:00:00.016000+00:00
xyz:AMD,0.0000062500,0.0003830179,2026-04-06 12:00:00.072000+00:00
xyz:AMD,0.0000111874,0.0004789981,2026-04-06 13:00:00.031000+00:00
xyz:AMD,0.0000063115,0.0004009839,2026-04-06 14:00:00.066000+00:00
xyz:AMD,0.0000062500,0.0002617355,2026-04-06 15:00:00.048000+00:00
xyz:AMD,0.0000062500,0.0002221971,2026-04-06 16:00:00.056000+00:00
xyz:AMD,0.0000062500,0.0003093706,2026-04-06 17:00:00.002000+00:00
xyz:AMD,0.0000062500,0.0002667151,2026-04-06 18:00:00.039000+00:00
xyz:AMD,0.0000062500,0.0002092722,2026-04-06 19:00:00+00:00
xyz:AMD,0.0000077793,0.0004244691,2026-04-06 20:00:00.078000+00:00
xyz:AMD,0.0000105967,0.0004695470,2026-04-06 21:00:00.054000+00:00
xyz:AMD,0.0000241008,0.0006856131,2026-04-06 22:00:00.043000+00:00
xyz:AMD,0.0000085506,0.0004368096,2026-04-06 23:00:00.021000+00:00
xyz:AMD,0.0000062500,0.0000595616,2026-04-07 00:00:00.046000+00:00
xyz:AMD,0.0000062500,0.0003030652,2026-04-07 01:00:00.015000+00:00
xyz:AMD,0.0000112897,0.0004806347,2026-04-07 02:00:00.012000+00:00
xyz:AMD,0.0000078563,0.0004257009,2026-04-07 03:00:00.093000+00:00
xyz:AMD,0.0000062500,0.0002919705,2026-04-07 04:00:00.017000+00:00
xyz:AMD,0.0000064222,0.0004027550,2026-04-07 05:00:00.006000+00:00
xyz:AMD,0.0000062500,0.0003329474,2026-04-07 06:00:00.030000+00:00
xyz:AMD,0.0000062500,0.0003389172,2026-04-07 07:00:00.064000+00:00
xyz:AMD,0.0000062500,0.0003684326,2026-04-07 08:00:00.020000+00:00
xyz:AMD,0.0000062500,0.0003288337,2026-04-07 09:00:00.031000+00:00
xyz:AMD,0.0000290195,0.0007643128,2026-04-07 10:00:00.005000+00:00
xyz:AMD,0.0000177269,0.0005836305,2026-04-07 11:00:00.030000+00:00
xyz:AMD,0.0000062500,0.0003425023,2026-04-07 12:00:00.037000+00:00
xyz:AMD,0.0000062500,0.0001291199,2026-04-07 13:00:00.060000+00:00
xyz:AMD,0.0000062500,0.0000777617,2026-04-07 14:00:00.027000+00:00
xyz:AMD,0.0000062500,0.0000503487,2026-04-07 15:00:00.041000+00:00
xyz:AMD,0.0000062500,0.0002468771,2026-04-07 16:00:00.036000+00:00
xyz:AMD,0.0000105832,0.0004693313,2026-04-07 17:00:00.024000+00:00
xyz:AMD,0.0000126263,0.0005020206,2026-04-07 18:00:00.013000+00:00
xyz:AMD,0.0000062500,0.0002836719,2026-04-07 19:00:00.017000+00:00
xyz:AMD,0.0000088726,0.0004419615,2026-04-07 20:00:00.041000+00:00
xyz:AMD,0.0000062500,0.0002519715,2026-04-07 21:00:00.062000+00:00
xyz:AMD,0.0000128632,0.0005058108,2026-04-07 22:00:00.029000+00:00
xyz:AMD,0.0000062500,0.0003041781,2026-04-07 23:00:00.038000+00:00
xyz:AMD,0.0000099871,0.0004597929,2026-04-08 00:00:00.094000+00:00
xyz:AMD,0.0000134410,0.0005150555,2026-04-08 01:00:00.057000+00:00
xyz:AMD,0.0000099275,0.0004588398,2026-04-08 02:00:00.043000+00:00
xyz:AMD,0.0000143043,0.0005288688,2026-04-08 03:00:00.059000+00:00
xyz:AMD,0.0000074293,0.0004188694,2026-04-08 04:00:00.012000+00:00
xyz:AMD,0.0000182234,0.0005915739,2026-04-08 05:00:00.056000+00:00
xyz:AMD,0.0000157024,0.0005512390,2026-04-08 06:00:00.065000+00:00
xyz:AMD,0.0000178693,0.0005859092,2026-04-08 07:00:00.039000+00:00
xyz:AMD,0.0000195207,0.0006123315,2026-04-08 08:00:00.005000+00:00
xyz:AMD,0.0000091123,0.0004457971,2026-04-08 09:00:00.047000+00:00
xyz:AMD,0.0000090337,0.0004445398,2026-04-08 10:00:00.004000+00:00
xyz:AMD,0.0000062500,0.0002552040,2026-04-08 11:00:00.027000+00:00
xyz:AMD,0.0000062500,0.0003061189,2026-04-08 12:00:00+00:00
xyz:AMD,0.0000062500,0.0002950357,2026-04-08 13:00:00.019000+00:00
xyz:AMD,0.0000062500,0.0002403861,2026-04-08 14:00:00.064000+00:00
xyz:AMD,0.0000062500,0.0002447334,2026-04-08 15:00:00.025000+00:00
xyz:AMD,0.0000062500,0.0002775040,2026-04-08 16:00:00.054000+00:00
xyz:AMD,0.0000062500,0.0002320888,2026-04-08 17:00:00.009000+00:00
xyz:AMD,0.0000062500,0.0002261739,2026-04-08 18:00:00.046000+00:00
xyz:AMD,0.0000062500,0.0001902959,2026-04-08 19:00:00.026000+00:00
xyz:AMD,0.0000062500,0.0001971146,2026-04-08 20:00:00.068000+00:00
xyz:AMD,0.0000062500,0.0001159471,2026-04-08 21:00:00.031000+00:00
xyz:AMD,0.0000062500,0.0002410781,2026-04-08 22:00:00.010000+00:00
xyz:AMD,0.0000062500,0.0002190923,2026-04-08 23:00:00.039000+00:00
xyz:AMD,0.0000062500,0.0003310737,2026-04-09 00:00:00.070000+00:00
xyz:AMD,0.0000130167,0.0005082671,2026-04-09 01:00:00.023000+00:00
xyz:AMD,0.0000062500,0.0003280887,2026-04-09 02:00:00.010000+00:00
xyz:AMD,0.0000062500,0.0002153220,2026-04-09 03:00:00.053000+00:00
xyz:AMD,0.0000062500,0.0002136496,2026-04-09 04:00:00.015000+00:00
xyz:AMD,0.0000062500,0.0001385646,2026-04-09 05:00:00.007000+00:00
xyz:AMD,0.0000062500,0.0002122402,2026-04-09 06:00:00.021000+00:00
xyz:AMD,0.0000062500,0.0002415602,2026-04-09 07:00:00.001000+00:00
xyz:AMD,0.0000062500,0.0001586264,2026-04-09 08:00:00.056000+00:00
xyz:AMD,0.0000062500,0.0001870091,2026-04-09 09:00:00.008000+00:00
xyz:AMD,0.0000062500,0.0003707125,2026-04-09 10:00:00.006000+00:00
xyz:AMD,0.0000062500,0.0002921169,2026-04-09 11:00:00.010000+00:00
xyz:AMD,0.0000062500,0.0002663302,2026-04-09 12:00:00.054000+00:00
xyz:AMD,0.0000062500,0.0001373425,2026-04-09 13:00:00.004000+00:00
xyz:AMD,0.0000062500,0.0002129696,2026-04-09 14:00:00.056000+00:00
xyz:AMD,0.0000062500,0.0002568092,2026-04-09 15:00:00.041000+00:00
xyz:AMD,0.0000062500,0.0002907193,2026-04-09 16:00:00.011000+00:00
xyz:AMD,0.0000062500,0.0002896605,2026-04-09 17:00:00.012000+00:00
xyz:AMD,0.0000062500,0.0002621181,2026-04-09 18:00:00.001000+00:00
xyz:AMD,0.0000062500,0.0002922278,2026-04-09 19:00:00.031000+00:00
xyz:AMD,0.0000062500,0.0003069488,2026-04-09 20:00:00.004000+00:00
xyz:AMD,0.0000062500,0.0002104542,2026-04-09 21:00:00.018000+00:00
xyz:AMD,0.0000062500,0.0003293958,2026-04-09 22:00:00+00:00
xyz:AMD,0.0000062500,0.0002466474,2026-04-09 23:00:00.071000+00:00
xyz:AMD,0.0000062500,0.0003151085,2026-04-10 00:00:00.062000+00:00
xyz:AMD,0.0000252187,0.0007034991,2026-04-10 01:00:00.013000+00:00
xyz:AMD,0.0000077836,0.0004245381,2026-04-10 02:00:00.002000+00:00
xyz:AMD,0.0000062500,0.0003092328,2026-04-10 03:00:00.040000+00:00
xyz:AMD,0.0000062500,0.0001590320,2026-04-10 04:00:00.047000+00:00
xyz:AMD,0.0000062500,0.0001835004,2026-04-10 05:00:00.031000+00:00
xyz:AMD,0.0000062500,0.0002517685,2026-04-10 06:00:00.026000+00:00
xyz:AMD,0.0000062500,0.0003654713,2026-04-10 07:00:00.016000+00:00
xyz:AMD,0.0000062500,0.0002747646,2026-04-10 08:00:00+00:00
xyz:AMD,0.0000062500,0.0003262801,2026-04-10 09:00:00.015000+00:00
xyz:AMD,0.0000062500,0.0002031160,2026-04-10 10:00:00.028000+00:00
xyz:AMD,0.0000062500,0.0001394688,2026-04-10 11:00:00.010000+00:00
xyz:AMD,0.0000062500,-0.0000649982,2026-04-10 12:00:00.057000+00:00
xyz:AMD,0.0000062500,0.0000632681,2026-04-10 13:00:00.032000+00:00
xyz:AMD,0.0000062500,0.0001704547,2026-04-10 14:00:00.008000+00:00
xyz:AMD,0.0000062500,0.0000164971,2026-04-10 15:00:00.005000+00:00
xyz:AMD,0.0000062500,0.0002833794,2026-04-10 16:00:00.053000+00:00
xyz:AMD,0.0000117381,0.0004878096,2026-04-10 17:00:00.022000+00:00
xyz:AMD,0.0000062500,0.0003354114,2026-04-10 18:00:00.021000+00:00
xyz:AMD,0.0000062500,0.0003755420,2026-04-10 19:00:00.046000+00:00
xyz:AMD,0.0000062500,0.0002997120,2026-04-10 20:00:00.009000+00:00
xyz:AMD,0.0000062500,0.0002747731,2026-04-10 21:00:00.010000+00:00
xyz:AMD,0.0000062500,-0.0000356621,2026-04-10 22:00:00.079000+00:00
xyz:AMD,0.0000062500,-0.0000648552,2026-04-10 23:00:00.055000+00:00
xyz:AMD,0.0000062500,0.0000732349,2026-04-11 00:00:00.015000+00:00
xyz:AMD,-0.0002622638,-0.0044962206,2026-04-11 01:00:00.006000+00:00
xyz:AMD,-0.0001593290,-0.0028492637,2026-04-11 02:00:00.020000+00:00
xyz:AMD,-0.0000058866,-0.0003941854,2026-04-11 03:00:00.039000+00:00
xyz:AMD,0.0000061329,-0.0002018740,2026-04-11 04:00:00.013000+00:00
xyz:AMD,0.0000303703,0.0007859240,2026-04-11 05:00:00.005000+00:00
xyz:AMD,0.0000504145,0.0011066325,2026-04-11 06:00:00.024000+00:00
xyz:AMD,0.0000731811,0.0014708977,2026-04-11 07:00:00.016000+00:00
xyz:AMD,0.0000851359,0.0016621740,2026-04-11 08:00:00.002000+00:00
xyz:AMD,0.0000237926,0.0006806815,2026-04-11 09:00:00.042000+00:00
xyz:AMD,0.0000690981,0.0014055690,2026-04-11 10:00:00.048000+00:00
xyz:AMD,0.0001192832,0.0022085315,2026-04-11 11:00:00.040000+00:00
xyz:AMD,0.0000501298,0.0011020776,2026-04-11 12:00:00.055000+00:00
xyz:AMD,0.0000371907,0.0008950515,2026-04-11 13:00:00.047000+00:00
xyz:AMD,-0.0000108076,-0.0004729213,2026-04-11 14:00:00.001000+00:00
xyz:AMD,0.0000062500,0.0002066779,2026-04-11 15:00:00.041000+00:00
xyz:AMD,-0.0000083233,-0.0004331735,2026-04-11 16:00:00.034000+00:00
xyz:AMD,0.0000623033,0.0012968534,2026-04-11 17:00:00.008000+00:00
xyz:AMD,0.0002079346,0.0036269530,2026-04-11 18:00:00.033000+00:00
xyz:AMD,0.0001787745,0.0031603919,2026-04-11 19:00:00.047000+00:00
xyz:AMD,0.0000782592,0.0015521478,2026-04-11 20:00:00.023000+00:00
xyz:AMD,0.0000238333,0.0006813332,2026-04-11 21:00:00.058000+00:00
xyz:AMD,0.0000062500,0.0002409797,2026-04-11 22:00:00.036000+00:00
xyz:AMD,0.0000062500,-0.0001659966,2026-04-11 23:00:00.020000+00:00
xyz:AMD,-0.0000555704,-0.0011891261,2026-04-12 00:00:00.067000+00:00
xyz:AMD,0.0000290306,0.0007644897,2026-04-12 01:00:00.044000+00:00
xyz:AMD,-0.0001910930,-0.0033574887,2026-04-12 02:00:00.031000+00:00
xyz:AMD,-0.0005989546,-0.0098832730,2026-04-12 03:00:00.029000+00:00
xyz:AMD,-0.0002596105,-0.0044537679,2026-04-12 04:00:00.055000+00:00
xyz:AMD,-0.0001555860,-0.0027893752,2026-04-12 05:00:00.066000+00:00
xyz:AMD,-0.0001116220,-0.0020859514,2026-04-12 06:00:00.047000+00:00
xyz:AMD,0.0000062500,-0.0000849969,2026-04-12 07:00:00.004000+00:00
xyz:AMD,0.0000062500,-0.0001659820,2026-04-12 08:00:00.022000+00:00
xyz:AMD,-0.0000272650,-0.0007362397,2026-04-12 09:00:00.049000+00:00
xyz:AMD,-0.0000977839,-0.0018645420,2026-04-12 10:00:00.011000+00:00
xyz:AMD,-0.0000705329,-0.0014285260,2026-04-12 11:00:00.022000+00:00
xyz:AMD,-0.0000704994,-0.0014279903,2026-04-12 12:00:00.040000+00:00
xyz:AMD,-0.0000893129,-0.0017290058,2026-04-12 13:00:00.028000+00:00
xyz:AMD,-0.0002335319,-0.0040365105,2026-04-12 14:00:00.064000+00:00
xyz:AMD,-0.0002115324,-0.0036845181,2026-04-12 15:00:00.065000+00:00
xyz:AMD,-0.0001924156,-0.0033786494,2026-04-12 16:00:00.046000+00:00
xyz:AMD,-0.0001272864,-0.0023365826,2026-04-12 17:00:00.054000+00:00
xyz:AMD,-0.0000600638,-0.0012610212,2026-04-12 18:00:00.035000+00:00
xyz:AMD,0.0001368197,0.0024891153,2026-04-12 19:00:00.028000+00:00
xyz:AMD,0.0000012920,-0.0002793282,2026-04-12 20:00:00.062000+00:00
xyz:AMD,0.0000222175,0.0006554799,2026-04-12 21:00:00.049000+00:00
xyz:AMD,-0.0000032855,-0.0003525684,2026-04-12 22:00:00.058000+00:00
xyz:AMD,0.0003488671,0.0058818738,2026-04-12 23:00:00.048000+00:00
xyz:AMD,0.0001277817,0.0023445071,2026-04-13 00:00:00.013000+00:00
xyz:AMD,0.0000091593,0.0004465483,2026-04-13 01:00:00.031000+00:00
xyz:AMD,0.0000261257,0.0007180106,2026-04-13 02:00:00.001000+00:00
xyz:AMD,0.0000358387,0.0008734192,2026-04-13 03:00:00.056000+00:00
xyz:AMD,0.0000387011,0.0009192176,2026-04-13 04:00:00.056000+00:00
xyz:AMD,0.0000463832,0.0010421312,2026-04-13 05:00:00.032000+00:00
xyz:AMD,0.0000371632,0.0008946116,2026-04-13 06:00:00.007000+00:00
xyz:AMD,0.0000377767,0.0009044278,2026-04-13 07:00:00.011000+00:00
xyz:AMD,0.0000367243,0.0008875891,2026-04-13 08:00:00.015000+00:00
xyz:AMD,0.0000062500,0.0000420119,2026-04-13 09:00:00.013000+00:00
xyz:AMD,0.0000062500,0.0000956536,2026-04-13 10:00:00.032000+00:00
xyz:AMD,0.0000095130,0.0004522087,2026-04-13 11:00:00.011000+00:00
xyz:AMD,0.0000248528,0.0006976443,2026-04-13 12:00:00.063000+00:00
xyz:AMD,0.0000130671,0.0005090730,2026-04-13 13:00:00.036000+00:00
xyz:AMD,0.0000196080,0.0006137283,2026-04-13 14:00:00.007000+00:00
xyz:AMD,0.0000189067,0.0006025073,2026-04-13 15:00:00.114000+00:00
xyz:AMD,0.0000197173,0.0006154775,2026-04-13 16:00:00.016000+00:00
xyz:AMD,0.0000131136,0.0005098180,2026-04-13 17:00:00.028000+00:00
xyz:AMD,0.0000062500,0.0003810729,2026-04-13 18:00:00.040000+00:00
xyz:AMD,0.0000062500,0.0003911242,2026-04-13 19:00:00.055000+00:00
xyz:AMD,0.0000089876,0.0004438014,2026-04-13 20:00:00.032000+00:00
xyz:AMD,0.0000147183,0.0005354920,2026-04-13 21:00:00.038000+00:00
xyz:AMD,0.0000253796,0.0007060733,2026-04-13 22:00:00.023000+00:00
xyz:AMD,0.0000188149,0.0006010383,2026-04-13 23:00:00.008000+00:00
xyz:AMD,0.0000143634,0.0005298143,2026-04-14 00:00:00.020000+00:00
xyz:AMD,0.0000130434,0.0005086945,2026-04-14 01:00:00.057000+00:00
xyz:AMD,0.0000142423,0.0005278765,2026-04-14 02:00:00.017000+00:00
xyz:AMD,0.0000062500,0.0003239169,2026-04-14 03:00:00.043000+00:00
xyz:AMD,0.0000062500,0.0003148776,2026-04-14 04:00:00.009000+00:00
xyz:AMD,0.0000062500,0.0001968694,2026-04-14 05:00:00.054000+00:00
xyz:AMD,0.0000131849,0.0005109590,2026-04-14 06:00:00.057000+00:00
xyz:AMD,0.0000118687,0.0004898988,2026-04-14 07:00:00.076000+00:00
xyz:AMD,0.0000072262,0.0004156194,2026-04-14 08:00:00.066000+00:00
xyz:AMD,0.0000062500,0.0002472235,2026-04-14 09:00:00.041000+00:00
xyz:AMD,0.0000069849,0.0004117577,2026-04-14 10:00:00.010000+00:00
xyz:AMD,0.0000115085,0.0004841363,2026-04-14 11:00:00.030000+00:00
xyz:AMD,0.0000077274,0.0004236381,2026-04-14 12:00:00.053000+00:00
xyz:AMD,0.0000081276,0.0004300409,2026-04-14 13:00:00.039000+00:00
xyz:AMD,0.0000062500,0.0003389037,2026-04-14 14:00:00.012000+00:00
xyz:AMD,0.0000062500,0.0002006173,2026-04-14 15:00:00.056000+00:00
xyz:AMD,0.0000062500,0.0003431734,2026-04-14 16:00:00.029000+00:00
xyz:AMD,0.0000062500,0.0003230780,2026-04-14 17:00:00.057000+00:00
xyz:AMD,0.0000062500,0.0002572697,2026-04-14 18:00:00.062000+00:00
xyz:AMD,0.0000062500,0.0002421203,2026-04-14 19:00:00.040000+00:00
xyz:AMD,0.0000062500,0.0002784512,2026-04-14 20:00:00+00:00
xyz:AMD,0.0000062500,0.0003848262,2026-04-14 21:00:00.003000+00:00
xyz:AMD,0.0000160943,0.0005575089,2026-04-14 22:00:00.001000+00:00
xyz:AMD,0.0000140458,0.0005247335,2026-04-14 23:00:00.021000+00:00
xyz:AMD,0.0000115776,0.0004852411,2026-04-15 00:00:00.015000+00:00
xyz:AMD,0.0000062500,0.0002887686,2026-04-15 01:00:00.054000+00:00
xyz:AMD,0.0000062500,0.0003065297,2026-04-15 02:00:00.036000+00:00
xyz:AMD,0.0000075381,0.0004206095,2026-04-15 03:00:00.065000+00:00
xyz:AMD,0.0000125091,0.0005001452,2026-04-15 04:00:00.053000+00:00
xyz:AMD,0.0000109199,0.0004747183,2026-04-15 05:00:00.029000+00:00
xyz:AMD,0.0000098588,0.0004577404,2026-04-15 06:00:00.060000+00:00
xyz:AMD,0.0000103167,0.0004650672,2026-04-15 07:00:00.038000+00:00
xyz:AMD,0.0000062500,0.0003460993,2026-04-15 08:00:00.009000+00:00
xyz:AMD,0.0000199130,0.0006186082,2026-04-15 09:00:00.024000+00:00
xyz:AMD,0.0000219063,0.0006505011,2026-04-15 10:00:00.027000+00:00
xyz:AMD,0.0000111524,0.0004784385,2026-04-15 11:00:00.067000+00:00
xyz:AMD,0.0000104510,0.0004672165,2026-04-15 12:00:00.030000+00:00
xyz:AMD,0.0000062500,0.0002646717,2026-04-15 13:00:00.008000+00:00
xyz:AMD,0.0000062500,0.0002976231,2026-04-15 14:00:00.035000+00:00
xyz:AMD,0.0000062500,0.0003600013,2026-04-15 15:00:00.057000+00:00
xyz:AMD,0.0000062500,0.0003328854,2026-04-15 16:00:00.025000+00:00
xyz:AMD,0.0000062500,0.0002907884,2026-04-15 17:00:00.022000+00:00
xyz:AMD,0.0000062500,0.0002992322,2026-04-15 18:00:00.030000+00:00
xyz:AMD,0.0000062500,0.0003424370,2026-04-15 19:00:00.062000+00:00
xyz:AMD,0.0000062500,0.0002956216,2026-04-15 20:00:00.014000+00:00
xyz:AMD,0.0000062500,0.0003030707,2026-04-15 21:00:00.049000+00:00
xyz:AMD,0.0000080084,0.0004281343,2026-04-15 22:00:00.067000+00:00
xyz:AMD,0.0000062500,0.0003340711,2026-04-15 23:00:00.056000+00:00
xyz:AMD,0.0000062500,0.0002743289,2026-04-16 00:00:00.044000+00:00
xyz:AMD,0.0000062500,0.0003704925,2026-04-16 01:00:00.022000+00:00
xyz:AMD,0.0000062500,0.0003224430,2026-04-16 02:00:00.010000+00:00
xyz:AMD,0.0000077192,0.0004235077,2026-04-16 03:00:00.053000+00:00
xyz:AMD,0.0000118413,0.0004894614,2026-04-16 04:00:00.006000+00:00
xyz:AMD,0.0000078658,0.0004258523,2026-04-16 05:00:00.042000+00:00
xyz:AMD,0.0000125006,0.0005000089,2026-04-16 06:00:00.031000+00:00
xyz:AMD,0.0000156451,0.0005503224,2026-04-16 07:00:00.012000+00:00
xyz:AMD,0.0000178109,0.0005849748,2026-04-16 08:00:00.062000+00:00
xyz:AMD,0.0000062500,0.0003702016,2026-04-16 09:00:00.045000+00:00
xyz:AMD,0.0000062500,0.0003115458,2026-04-16 10:00:00.004000+00:00
xyz:AMD,0.0000072690,0.0004163042,2026-04-16 11:00:00.035000+00:00
xyz:AMD,0.0000062500,0.0002906054,2026-04-16 12:00:00.042000+00:00
xyz:AMD,0.0000062500,0.0002822112,2026-04-16 13:00:00.030000+00:00
xyz:AMD,0.0000064711,0.0004035372,2026-04-16 14:00:00.019000+00:00
xyz:AMD,0.0000096225,0.0004539606,2026-04-16 15:00:00.047000+00:00
xyz:AMD,0.0000069795,0.0004116725,2026-04-16 16:00:00.051000+00:00
xyz:AMD,0.0000062500,0.0003413316,2026-04-16 17:00:00.013000+00:00
xyz:AMD,0.0000062500,0.0002119850,2026-04-16 18:00:00.034000+00:00
xyz:AMD,0.0000062500,0.0002129234,2026-04-16 19:00:00.064000+00:00
xyz:AMD,0.0000062500,0.0001039703,2026-04-16 20:00:00.016000+00:00
xyz:AMD,0.0000062500,0.0000826431,2026-04-16 21:00:00.025000+00:00
xyz:AMD,0.0000062500,0.0001509005,2026-04-16 22:00:00.043000+00:00
xyz:AMD,0.0000062500,0.0000217130,2026-04-16 23:00:00.041000+00:00
xyz:AMD,0.0000062500,0.0000029097,2026-04-17 00:00:00.030000+00:00
xyz:AMD,0.0000062500,0.0001356462,2026-04-17 01:00:00.015000+00:00
xyz:AMD,0.0000062500,0.0000550001,2026-04-17 02:00:00.026000+00:00
xyz:AMD,0.0000062500,0.0000120088,2026-04-17 03:00:00.010000+00:00
xyz:AMD,0.0000062500,0.0000367180,2026-04-17 04:00:00.064000+00:00
xyz:AMD,0.0000143784,0.0005300547,2026-04-17 05:00:00.052000+00:00
xyz:AMD,0.0000170823,0.0005733167,2026-04-17 06:00:00.017000+00:00
xyz:AMD,0.0000333572,0.0008337144,2026-04-17 07:00:00.065000+00:00
xyz:AMD,0.0000333105,0.0008329681,2026-04-17 08:00:00.042000+00:00
xyz:AMD,0.0000062500,0.0002605779,2026-04-17 09:00:00.035000+00:00
xyz:AMD,0.0000062500,0.0001931124,2026-04-17 10:00:00.011000+00:00
xyz:AMD,0.0000062500,0.0003602114,2026-04-17 11:00:00.038000+00:00
xyz:AMD,0.0000080746,0.0004291941,2026-04-17 12:00:00.064000+00:00
xyz:AMD,0.0000062500,0.0003092541,2026-04-17 13:00:00.036000+00:00
xyz:AMD,0.0000085239,0.0004363826,2026-04-17 14:00:00+00:00
xyz:AMD,0.0000062500,0.0003336404,2026-04-17 15:00:00.059000+00:00
xyz:AMD,0.0000062500,0.0003047401,2026-04-17 16:00:00.039000+00:00
xyz:AMD,0.0000062500,0.0002930011,2026-04-17 17:00:00.046000+00:00
xyz:AMD,0.0000062500,0.0003050144,2026-04-17 18:00:00.052000+00:00
xyz:AMD,0.0000062500,0.0002906414,2026-04-17 19:00:00.019000+00:00
xyz:AMD,0.0000062500,0.0003031497,2026-04-17 20:00:00.065000+00:00
xyz:AMD,0.0000062500,0.0003688165,2026-04-17 21:00:00.012000+00:00
xyz:AMD,0.0000062500,0.0003700740,2026-04-17 22:00:00.042000+00:00
xyz:AMD,0.0000160394,0.0005566304,2026-04-17 23:00:00.022000+00:00
xyz:AMD,0.0000062500,0.0003343807,2026-04-18 00:00:00.064000+00:00
xyz:AMD,-0.0002101226,-0.0036619610,2026-04-18 01:00:00.049000+00:00
xyz:AMD,-0.0002449471,-0.0042191530,2026-04-18 02:00:00.042000+00:00
xyz:AMD,-0.0000175921,-0.0005814732,2026-04-18 03:00:00.031000+00:00
xyz:AMD,0.0000124443,0.0004991094,2026-04-18 04:00:00.009000+00:00
xyz:AMD,-0.0000303285,-0.0007852562,2026-04-18 05:00:00.060000+00:00
xyz:AMD,0.0000029039,-0.0002535374,2026-04-18 06:00:00.049000+00:00
xyz:AMD,0.0000062500,-0.0000815707,2026-04-18 07:00:00.028000+00:00
xyz:AMD,0.0000402576,0.0009441211,2026-04-18 08:00:00.049000+00:00
xyz:AMD,-0.0000087460,-0.0004399362,2026-04-18 09:00:00.011000+00:00
xyz:AMD,-0.0000766475,-0.0015263602,2026-04-18 10:00:00.020000+00:00
xyz:AMD,-0.0000927549,-0.0017840786,2026-04-18 11:00:00.016000+00:00
xyz:AMD,-0.0001411691,-0.0025587059,2026-04-18 12:00:00.034000+00:00
xyz:AMD,0.0000062500,-0.0000705468,2026-04-18 13:00:00.047000+00:00
xyz:AMD,-0.0000158903,-0.0005542451,2026-04-18 14:00:00.018000+00:00
xyz:AMD,-0.0000396278,-0.0009340448,2026-04-18 15:00:00+00:00
xyz:AMD,0.0000140221,0.0005243541,2026-04-18 16:00:00.001000+00:00
xyz:AMD,0.0000062500,-0.0001495681,2026-04-18 17:00:00.001000+00:00
xyz:AMD,0.0000049911,-0.0002201428,2026-04-18 18:00:00.050000+00:00
xyz:AMD,-0.0001810286,-0.0031964572,2026-04-18 19:00:00.039000+00:00
xyz:AMD,-0.0001206198,-0.0022299165,2026-04-18 20:00:00.037000+00:00
xyz:AMD,-0.0001292723,-0.0023683565,2026-04-18 21:00:00.036000+00:00
xyz:AMD,-0.0000711436,-0.0014382968,2026-04-18 22:00:00.011000+00:00
xyz:AMD,-0.0000360517,-0.0008768279,2026-04-18 23:00:00.026000+00:00
xyz:AMD,-0.0000413169,-0.0009610704,2026-04-19 00:00:00.053000+00:00
xyz:AMD,-0.0000342163,-0.0008474611,2026-04-19 01:00:00.051000+00:00
xyz:AMD,0.0000062500,0.0003144942,2026-04-19 02:00:00.028000+00:00
xyz:AMD,-0.0000015204,-0.0003243266,2026-04-19 03:00:00.060000+00:00
xyz:AMD,-0.0000408775,-0.0009540394,2026-04-19 04:00:00.051000+00:00
xyz:AMD,-0.0000257617,-0.0007121878,2026-04-19 05:00:00.046000+00:00
xyz:AMD,-0.0000727347,-0.0014637556,2026-04-19 06:00:00.041000+00:00
xyz:AMD,-0.0000436087,-0.0009977398,2026-04-19 07:00:00.002000+00:00
xyz:AMD,-0.0001216114,-0.0022457828,2026-04-19 08:00:00.040000+00:00
xyz:AMD,-0.0000462709,-0.0010403350,2026-04-19 09:00:00.041000+00:00
xyz:AMD,-0.0000125549,-0.0005008786,2026-04-19 10:00:00.022000+00:00
xyz:AMD,-0.0000428433,-0.0009854930,2026-04-19 11:00:00.032000+00:00
xyz:AMD,0.0000062500,0.0000346112,2026-04-19 12:00:00.016000+00:00
xyz:AMD,0.0001340611,0.0024449772,2026-04-19 13:00:00.026000+00:00
xyz:AMD,0.0001988042,0.0034808674,2026-04-19 14:00:00.011000+00:00
