coin,fundingRate,premium,time
xyz:AMZN,0.0003001399,0.0027011194,2025-11-18 18:00:00.026000+00:00
xyz:AMZN,0.0000125000,0.0000187723,2025-11-18 19:00:00.025000+00:00
xyz:AMZN,0.0000125000,0.0000016962,2025-11-18 20:00:00.006000+00:00
xyz:AMZN,0.0000125000,0.0001423961,2025-11-18 21:00:00.030000+00:00
xyz:AMZN,0.0000125000,-0.0001180403,2025-11-18 22:00:00.011000+00:00
xyz:AMZN,0.0000125000,-0.0001668593,2025-11-18 23:00:00.026000+00:00
xyz:AMZN,0.0000125000,-0.0001672334,2025-11-19 00:00:00.026000+00:00
xyz:AMZN,0.0000125000,0.0002853722,2025-11-19 01:00:00.092000+00:00
xyz:AMZN,0.0000125000,-0.0001260688,2025-11-19 02:00:00.049000+00:00
xyz:AMZN,-0.0001935675,-0.0018485399,2025-11-19 03:00:00.012000+00:00
xyz:AMZN,0.0000109097,-0.0002127228,2025-11-19 04:00:00.054000+00:00
xyz:AMZN,0.0000125000,0.0001773511,2025-11-19 05:00:00.003000+00:00
xyz:AMZN,0.0000125000,0.0001700661,2025-11-19 06:00:00.026000+00:00
xyz:AMZN,-0.0000503471,-0.0007027765,2025-11-19 07:00:00.048000+00:00
xyz:AMZN,-0.0001325554,-0.0013604432,2025-11-19 08:00:00.018000+00:00
xyz:AMZN,-0.0000525098,-0.0007200780,2025-11-19 09:00:00.048000+00:00
xyz:AMZN,0.0000125000,0.0003396006,2025-11-19 10:00:00.012000+00:00
xyz:AMZN,0.0000125000,0.0000725851,2025-11-19 11:00:00.095000+00:00
xyz:AMZN,0.0000125000,0.0001846049,2025-11-19 12:00:00.026000+00:00
xyz:AMZN,0.0000125000,0.0003326927,2025-11-19 13:00:00.042000+00:00
xyz:AMZN,0.0000125000,0.0003395882,2025-11-19 14:00:00.002000+00:00
xyz:AMZN,0.0000125000,0.0002352943,2025-11-19 15:00:00.004000+00:00
xyz:AMZN,0.0000125000,-0.0001292813,2025-11-19 16:00:00.036000+00:00
xyz:AMZN,0.0000125000,-0.0000004166,2025-11-19 17:00:00.080000+00:00
xyz:AMZN,-0.0000237070,-0.0004896558,2025-11-19 18:00:00.054000+00:00
xyz:AMZN,0.0000125000,-0.0000563273,2025-11-19 19:00:00.006000+00:00
xyz:AMZN,0.0000125000,-0.0000034892,2025-11-19 20:00:00.045000+00:00
xyz:AMZN,-0.0000032193,-0.0003257541,2025-11-19 21:00:00.018000+00:00
xyz:AMZN,0.0001209221,0.0012673771,2025-11-19 22:00:00.034000+00:00
xyz:AMZN,0.0000125000,0.0003849631,2025-11-19 23:00:00.027000+00:00
xyz:AMZN,0.0000310771,0.0005486166,2025-11-20 00:00:00.071000+00:00
xyz:AMZN,0.0000292063,0.0005336503,2025-11-20 01:00:00.114000+00:00
xyz:AMZN,-0.0000630410,-0.0008043277,2025-11-20 02:00:00.030000+00:00
xyz:AMZN,-0.0000613246,-0.0007905970,2025-11-20 03:00:00.050000+00:00
xyz:AMZN,0.0000125000,-0.0001234236,2025-11-20 04:00:00.005000+00:00
xyz:AMZN,0.0000380957,0.0006047657,2025-11-20 05:00:00.045000+00:00
xyz:AMZN,0.0000283987,0.0005271895,2025-11-20 06:00:00.003000+00:00
xyz:AMZN,0.0000125000,0.0002495792,2025-11-20 07:00:00.046000+00:00
xyz:AMZN,0.0000125000,0.0000166399,2025-11-20 08:00:00+00:00
xyz:AMZN,0.0000125000,0.0000704306,2025-11-20 09:00:00.039000+00:00
xyz:AMZN,0.0000822411,0.0009579285,2025-11-20 10:00:00.112000+00:00
xyz:AMZN,0.0000125000,-0.0001592103,2025-11-20 11:00:00.052000+00:00
xyz:AMZN,0.0000125000,-0.0000403294,2025-11-20 12:00:00.004000+00:00
xyz:AMZN,0.0000125000,0.0002479532,2025-11-20 13:00:00.051000+00:00
xyz:AMZN,0.0000125000,0.0002159526,2025-11-20 14:00:00.045000+00:00
xyz:AMZN,0.0000125000,-0.0000397339,2025-11-20 15:00:00.022000+00:00
xyz:AMZN,0.0000125000,0.0000948606,2025-11-20 16:00:00.039000+00:00
xyz:AMZN,0.0000125000,0.0001072428,2025-11-20 17:00:00.059000+00:00
xyz:AMZN,0.0000125000,-0.0000029330,2025-11-20 18:00:00.035000+00:00
xyz:AMZN,0.0000050623,-0.0002595012,2025-11-20 19:00:00.088000+00:00
xyz:AMZN,0.0000067535,-0.0002459717,2025-11-20 20:00:00.054000+00:00
xyz:AMZN,0.0000047227,-0.0002622183,2025-11-20 21:00:00+00:00
xyz:AMZN,-0.0000074190,-0.0003593516,2025-11-20 22:00:00.129000+00:00
xyz:AMZN,0.0000125000,-0.0001501855,2025-11-20 23:00:00.006000+00:00
xyz:AMZN,0.0000085956,-0.0002312351,2025-11-21 00:00:00.037000+00:00
xyz:AMZN,0.0000125000,0.0001536295,2025-11-21 01:00:00.053000+00:00
xyz:AMZN,-0.0000889214,-0.0010113712,2025-11-21 02:00:00.169000+00:00
xyz:AMZN,-0.0000427374,-0.0006418991,2025-11-21 03:00:00.141000+00:00
xyz:AMZN,-0.0000693229,-0.0008545834,2025-11-21 04:00:00.006000+00:00
xyz:AMZN,0.0000035017,-0.0002719863,2025-11-21 05:00:00.005000+00:00
xyz:AMZN,-0.0000221457,-0.0004771660,2025-11-21 06:00:00.054000+00:00
xyz:AMZN,-0.0001206432,-0.0012651457,2025-11-21 07:00:00.092000+00:00
xyz:AMZN,-0.0002183931,-0.0020471449,2025-11-21 08:00:00.103000+00:00
xyz:AMZN,-0.0001303673,-0.0013429383,2025-11-21 09:00:00.003000+00:00
xyz:AMZN,-0.0000185576,-0.0004484610,2025-11-21 10:00:00.007000+00:00
xyz:AMZN,-0.0000403468,-0.0006227747,2025-11-21 11:00:00.009000+00:00
xyz:AMZN,0.0000125000,-0.0000916650,2025-11-21 12:00:00.005000+00:00
xyz:AMZN,-0.0000077568,-0.0003620543,2025-11-21 13:00:00.102000+00:00
xyz:AMZN,0.0000125000,-0.0000571840,2025-11-21 14:00:00.044000+00:00
xyz:AMZN,0.0000125000,-0.0001341700,2025-11-21 15:00:00.047000+00:00
xyz:AMZN,0.0000125000,-0.0000451960,2025-11-21 16:00:00.015000+00:00
xyz:AMZN,0.0000125000,0.0000630224,2025-11-21 17:00:00.023000+00:00
xyz:AMZN,0.0000125000,0.0001039212,2025-11-21 18:00:00.006000+00:00
xyz:AMZN,0.0000125000,-0.0000144734,2025-11-21 19:00:00.093000+00:00
xyz:AMZN,0.0000125000,-0.0000442578,2025-11-21 20:00:00.034000+00:00
xyz:AMZN,0.0000125000,-0.0000218270,2025-11-21 21:00:00.031000+00:00
xyz:AMZN,0.0000120683,-0.0002034538,2025-11-21 22:00:00.066000+00:00
xyz:AMZN,0.0000125000,0.0002867288,2025-11-21 23:00:00.002000+00:00
xyz:AMZN,0.0000125000,0.0000184076,2025-11-22 00:00:00.049000+00:00
xyz:AMZN,-0.0000105630,-0.0003845043,2025-11-22 01:00:00.034000+00:00
xyz:AMZN,-0.0000249440,-0.0004995519,2025-11-22 02:00:00.035000+00:00
xyz:AMZN,0.0000122829,-0.0002017365,2025-11-22 03:00:00.083000+00:00
xyz:AMZN,-0.0000518103,-0.0007144828,2025-11-22 04:00:00.070000+00:00
xyz:AMZN,-0.0000341670,-0.0005733357,2025-11-22 05:00:00.036000+00:00
xyz:AMZN,0.0000125000,-0.0001871149,2025-11-22 06:00:00.033000+00:00
xyz:AMZN,0.0000125000,-0.0000836042,2025-11-22 07:00:00.060000+00:00
xyz:AMZN,0.0000125000,-0.0000429028,2025-11-22 08:00:00.063000+00:00
xyz:AMZN,0.0000125000,-0.0000227807,2025-11-22 09:00:00.011000+00:00
xyz:AMZN,0.0000125000,0.0001174402,2025-11-22 10:00:00.052000+00:00
xyz:AMZN,0.0000125000,0.0002190352,2025-11-22 11:00:00.092000+00:00
xyz:AMZN,0.0000125000,0.0002908087,2025-11-22 12:00:00.045000+00:00
xyz:AMZN,0.0000125000,0.0000783651,2025-11-22 13:00:00.078000+00:00
xyz:AMZN,0.0000125000,0.0000672890,2025-11-22 14:00:00.013000+00:00
xyz:AMZN,-0.0000016034,-0.0003128270,2025-11-22 15:00:00.010000+00:00
xyz:AMZN,0.0000125000,0.0001304442,2025-11-22 16:00:00.011000+00:00
xyz:AMZN,0.0000125000,0.0000465418,2025-11-22 17:00:00.019000+00:00
xyz:AMZN,0.0000125000,0.0002678718,2025-11-22 18:00:00.003000+00:00
xyz:AMZN,0.0000125000,0.0003738073,2025-11-22 19:00:00.027000+00:00
xyz:AMZN,0.0000125000,0.0001937073,2025-11-22 20:00:00.045000+00:00
xyz:AMZN,0.0000125000,0.0003145202,2025-11-22 21:00:00.055000+00:00
xyz:AMZN,0.0000125000,0.0002846472,2025-11-22 22:00:00.053000+00:00
xyz:AMZN,0.0000125000,0.0001275030,2025-11-22 23:00:00.085000+00:00
xyz:AMZN,0.0000125000,0.0000659173,2025-11-23 00:00:00.020000+00:00
xyz:AMZN,0.0000125000,0.0000166502,2025-11-23 01:00:00.093000+00:00
xyz:AMZN,0.0000125000,0.0000223592,2025-11-23 02:00:00.046000+00:00
xyz:AMZN,0.0000125000,0.0000223842,2025-11-23 03:00:00.024000+00:00
xyz:AMZN,0.0000125000,0.0000214625,2025-11-23 04:00:00.004000+00:00
xyz:AMZN,0.0000125000,-0.0000858014,2025-11-23 05:00:00.012000+00:00
xyz:AMZN,0.0000125000,-0.0001602403,2025-11-23 06:00:00.007000+00:00
xyz:AMZN,0.0000125000,-0.0000707990,2025-11-23 07:00:00.051000+00:00
xyz:AMZN,0.0000125000,-0.0000220988,2025-11-23 08:00:00.064000+00:00
xyz:AMZN,-0.0001578089,-0.0015624712,2025-11-23 09:00:00.008000+00:00
xyz:AMZN,-0.0000159527,-0.0004276216,2025-11-23 10:00:00.023000+00:00
xyz:AMZN,0.0000036469,-0.0002708250,2025-11-23 11:00:00.097000+00:00
xyz:AMZN,0.0000125000,-0.0000349937,2025-11-23 12:00:00.010000+00:00
xyz:AMZN,0.0000125000,0.0000211373,2025-11-23 13:00:00.086000+00:00
xyz:AMZN,0.0000125000,0.0000274683,2025-11-23 14:00:00.004000+00:00
xyz:AMZN,0.0000125000,0.0001417573,2025-11-23 15:00:00.040000+00:00
xyz:AMZN,0.0000425999,0.0006407992,2025-11-23 16:00:00.021000+00:00
xyz:AMZN,0.0000056183,-0.0002550537,2025-11-23 17:00:00.005000+00:00
xyz:AMZN,-0.0000161757,-0.0004294059,2025-11-23 18:00:00.020000+00:00
xyz:AMZN,0.0000125000,-0.0000736323,2025-11-23 19:00:00.042000+00:00
xyz:AMZN,0.0000125000,-0.0001735764,2025-11-23 20:00:00.076000+00:00
xyz:AMZN,0.0000913093,0.0010304741,2025-11-23 21:00:00.083000+00:00
xyz:AMZN,0.0002197030,0.0020576240,2025-11-23 22:00:00.032000+00:00
xyz:AMZN,0.0000552205,0.0007417639,2025-11-23 23:00:00.050000+00:00
xyz:AMZN,0.0000125000,0.0003704258,2025-11-24 00:00:00.051000+00:00
xyz:AMZN,0.0000125000,0.0001547381,2025-11-24 01:00:00.030000+00:00
xyz:AMZN,0.0000453636,0.0006629090,2025-11-24 02:00:00.067000+00:00
xyz:AMZN,0.0000125000,-0.0001978691,2025-11-24 03:00:00.010000+00:00
xyz:AMZN,0.0001601944,0.0015815555,2025-11-24 04:00:00.034000+00:00
xyz:AMZN,0.0000125000,0.0001595374,2025-11-24 05:00:00.042000+00:00
xyz:AMZN,0.0000125000,0.0003693064,2025-11-24 06:00:00.036000+00:00
xyz:AMZN,-0.0000025632,-0.0003205057,2025-11-24 07:00:00.028000+00:00
xyz:AMZN,0.0000719665,0.0008757323,2025-11-24 08:00:00.025000+00:00
xyz:AMZN,0.0000125000,0.0002506422,2025-11-24 09:00:00.049000+00:00
xyz:AMZN,0.0000125000,0.0003462224,2025-11-24 10:00:00.007000+00:00
xyz:AMZN,0.0000151608,0.0004212865,2025-11-24 11:00:00.049000+00:00
xyz:AMZN,0.0000125000,-0.0001621760,2025-11-24 12:00:00.056000+00:00
xyz:AMZN,0.0000125000,-0.0000814971,2025-11-24 13:00:00.014000+00:00
xyz:AMZN,0.0000125000,0.0000606801,2025-11-24 14:00:00.035000+00:00
xyz:AMZN,0.0000125000,0.0000444947,2025-11-24 15:00:00.015000+00:00
xyz:AMZN,0.0000125000,0.0000280306,2025-11-24 16:00:00.011000+00:00
xyz:AMZN,0.0000125000,-0.0001774535,2025-11-24 17:00:00.041000+00:00
xyz:AMZN,0.0000125000,-0.0000583830,2025-11-24 18:00:00.097000+00:00
xyz:AMZN,0.0000125000,0.0001506567,2025-11-24 19:00:00.065000+00:00
xyz:AMZN,0.0000125000,0.0001898839,2025-11-24 20:00:00.083000+00:00
xyz:AMZN,0.0000125000,-0.0000500037,2025-11-24 21:00:00.134000+00:00
xyz:AMZN,0.0000125000,0.0001791264,2025-11-24 22:00:00.018000+00:00
xyz:AMZN,0.0000125000,-0.0001695364,2025-11-24 23:00:00.013000+00:00
xyz:AMZN,0.0000125000,0.0000695116,2025-11-25 00:00:00.027000+00:00
xyz:AMZN,0.0000125000,0.0000061841,2025-11-25 01:00:00.029000+00:00
xyz:AMZN,0.0000125000,0.0001202657,2025-11-25 02:00:00.065000+00:00
xyz:AMZN,-0.0000294100,-0.0005352804,2025-11-25 03:00:00.062000+00:00
xyz:AMZN,-0.0000229089,-0.0004832712,2025-11-25 04:00:00.057000+00:00
xyz:AMZN,-0.0001004323,-0.0011034583,2025-11-25 05:00:00.061000+00:00
xyz:AMZN,-0.0000953055,-0.0010624444,2025-11-25 06:00:00.056000+00:00
xyz:AMZN,-0.0000475267,-0.0006802137,2025-11-25 07:00:00.004000+00:00
xyz:AMZN,-0.0000436217,-0.0006489734,2025-11-25 08:00:00+00:00
xyz:AMZN,0.0000069219,-0.0002446248,2025-11-25 09:00:00.065000+00:00
xyz:AMZN,0.0000125000,0.0000469272,2025-11-25 10:00:00.014000+00:00
xyz:AMZN,0.0000125000,-0.0000816507,2025-11-25 11:00:00.010000+00:00
xyz:AMZN,0.0000125000,0.0000887281,2025-11-25 12:00:00.055000+00:00
xyz:AMZN,0.0000125000,0.0000732533,2025-11-25 13:00:00.083000+00:00
xyz:AMZN,0.0000125000,0.0000094195,2025-11-25 14:00:00.039000+00:00
xyz:AMZN,0.0000125000,0.0000576884,2025-11-25 15:00:00.004000+00:00
xyz:AMZN,0.0000125000,0.0000781086,2025-11-25 16:00:00.060000+00:00
xyz:AMZN,0.0000125000,0.0001807425,2025-11-25 17:00:00.006000+00:00
xyz:AMZN,0.0000125000,0.0002621218,2025-11-25 18:00:00.054000+00:00
xyz:AMZN,0.0000125000,0.0002539725,2025-11-25 19:00:00.061000+00:00
xyz:AMZN,0.0000125000,0.0001127747,2025-11-25 20:00:00.015000+00:00
xyz:AMZN,0.0000125000,-0.0000022486,2025-11-25 21:00:00.012000+00:00
xyz:AMZN,0.0000125000,0.0000920213,2025-11-25 22:00:00.013000+00:00
xyz:AMZN,0.0000125000,0.0000255296,2025-11-25 23:00:00.092000+00:00
xyz:AMZN,0.0000125000,0.0002170325,2025-11-26 00:00:00.203000+00:00
xyz:AMZN,0.0000125000,-0.0000998419,2025-11-26 01:00:00.056000+00:00
xyz:AMZN,-0.0000201245,-0.0004609961,2025-11-26 02:00:00.030000+00:00
xyz:AMZN,-0.0000667718,-0.0008341740,2025-11-26 03:00:00.063000+00:00
xyz:AMZN,-0.0000284851,-0.0005278809,2025-11-26 04:00:00.014000+00:00
xyz:AMZN,0.0000125000,-0.0000459644,2025-11-26 05:00:00.044000+00:00
xyz:AMZN,-0.0000498592,-0.0006988733,2025-11-26 06:00:00.016000+00:00
xyz:AMZN,-0.0000178538,-0.0004428301,2025-11-26 07:00:00.022000+00:00
xyz:AMZN,-0.0000922576,-0.0010380608,2025-11-26 08:00:00.098000+00:00
xyz:AMZN,-0.0000240734,-0.0004925876,2025-11-26 09:00:00.091000+00:00
xyz:AMZN,0.0000125000,-0.0001709455,2025-11-26 10:00:00.025000+00:00
xyz:AMZN,0.0000125000,-0.0001524594,2025-11-26 11:00:00.023000+00:00
xyz:AMZN,0.0000125000,0.0001128310,2025-11-26 12:00:00.100000+00:00
xyz:AMZN,0.0000125000,0.0001508280,2025-11-26 13:00:00.034000+00:00
xyz:AMZN,0.0000125000,-0.0000345241,2025-11-26 14:00:00.047000+00:00
xyz:AMZN,0.0000125000,0.0000841984,2025-11-26 15:00:00.012000+00:00
xyz:AMZN,0.0000125000,0.0001325451,2025-11-26 16:00:00.062000+00:00
xyz:AMZN,0.0000125000,-0.0000336432,2025-11-26 17:00:00.062000+00:00
xyz:AMZN,0.0000125000,0.0000172781,2025-11-26 18:00:00.073000+00:00
xyz:AMZN,0.0000125000,0.0001785433,2025-11-26 19:00:00.048000+00:00
xyz:AMZN,0.0000125000,0.0001374653,2025-11-26 20:00:00.065000+00:00
xyz:AMZN,0.0000125000,0.0001587203,2025-11-26 21:00:00.032000+00:00
xyz:AMZN,0.0000125000,0.0001331966,2025-11-26 22:00:00.029000+00:00
xyz:AMZN,0.0000125000,0.0000172481,2025-11-26 23:00:00.032000+00:00
xyz:AMZN,0.0000125000,0.0001118334,2025-11-27 00:00:00.024000+00:00
xyz:AMZN,0.0000125000,0.0000809392,2025-11-27 01:00:00.006000+00:00
xyz:AMZN,0.0000090452,-0.0002276383,2025-11-27 02:00:00.090000+00:00
xyz:AMZN,0.0000117088,-0.0002063294,2025-11-27 03:00:00.036000+00:00
xyz:AMZN,0.0000842662,0.0009741297,2025-11-27 04:00:00.062000+00:00
xyz:AMZN,0.0000247912,0.0004983295,2025-11-27 05:00:00.069000+00:00
xyz:AMZN,0.0000125000,0.0003055479,2025-11-27 06:00:00.027000+00:00
xyz:AMZN,0.0000125000,-0.0000985514,2025-11-27 07:00:00.004000+00:00
xyz:AMZN,0.0000125000,0.0001462941,2025-11-27 08:00:00.031000+00:00
xyz:AMZN,-0.0000507752,-0.0007062015,2025-11-27 09:00:00.030000+00:00
xyz:AMZN,-0.0002085124,-0.0019680991,2025-11-27 10:00:00.037000+00:00
xyz:AMZN,-0.0001064359,-0.0011514871,2025-11-27 11:00:00.006000+00:00
xyz:AMZN,0.0000125000,-0.0000471160,2025-11-27 12:00:00.056000+00:00
xyz:AMZN,0.0000125000,0.0001409892,2025-11-27 13:00:00.129000+00:00
xyz:AMZN,0.0000125000,0.0001040253,2025-11-27 14:00:00.083000+00:00
xyz:AMZN,0.0000125000,0.0000063806,2025-11-27 15:00:00.013000+00:00
xyz:AMZN,0.0000125000,-0.0000622363,2025-11-27 16:00:00.038000+00:00
xyz:AMZN,0.0000125000,0.0000408534,2025-11-27 17:00:00.030000+00:00
xyz:AMZN,0.0000739068,0.0008912547,2025-11-27 18:00:00.008000+00:00
xyz:AMZN,0.0000989326,0.0010914611,2025-11-27 19:00:00.043000+00:00
xyz:AMZN,0.0001041738,0.0011333903,2025-11-27 20:00:00.031000+00:00
xyz:AMZN,0.0000223766,0.0004790129,2025-11-27 21:00:00.068000+00:00
xyz:AMZN,0.0000436128,0.0006489025,2025-11-27 22:00:00.021000+00:00
xyz:AMZN,0.0000339863,0.0005718902,2025-11-27 23:00:00.015000+00:00
xyz:AMZN,0.0000335267,0.0005682136,2025-11-28 00:00:00.003000+00:00
xyz:AMZN,0.0001028757,0.0011230055,2025-11-28 01:00:00.096000+00:00
xyz:AMZN,0.0000204856,0.0004638847,2025-11-28 02:00:00.007000+00:00
xyz:AMZN,0.0000125000,0.0000913431,2025-11-28 03:00:00.026000+00:00
xyz:AMZN,0.0000125000,-0.0000237532,2025-11-28 04:00:00.060000+00:00
xyz:AMZN,-0.0000975244,-0.0010801950,2025-11-28 05:00:00.102000+00:00
xyz:AMZN,-0.0000526821,-0.0007214564,2025-11-28 06:00:00.089000+00:00
xyz:AMZN,-0.0001378383,-0.0014027062,2025-11-28 07:00:00.032000+00:00
xyz:AMZN,-0.0001282433,-0.0013259468,2025-11-28 08:00:00.007000+00:00
xyz:AMZN,0.0000006159,-0.0002950729,2025-11-28 09:00:00.007000+00:00
xyz:AMZN,-0.0000168486,-0.0004347885,2025-11-28 10:00:00.046000+00:00
xyz:AMZN,-0.0000076102,-0.0003608816,2025-11-28 11:00:00.039000+00:00
xyz:AMZN,-0.0000629621,-0.0008036968,2025-11-28 12:00:00.055000+00:00
xyz:AMZN,-0.0000678500,-0.0008427997,2025-11-28 13:00:00.037000+00:00
xyz:AMZN,-0.0000356958,-0.0005855663,2025-11-28 14:00:00.032000+00:00
xyz:AMZN,0.0000125000,0.0001120252,2025-11-28 15:00:00+00:00
xyz:AMZN,0.0000125000,0.0001546889,2025-11-28 16:00:00.028000+00:00
xyz:AMZN,0.0000125000,0.0000493905,2025-11-28 17:00:00.067000+00:00
xyz:AMZN,0.0000125000,-0.0000422945,2025-11-28 18:00:00.002000+00:00
xyz:AMZN,0.0000125000,0.0000457684,2025-11-28 19:00:00.074000+00:00
xyz:AMZN,0.0000125000,-0.0000602831,2025-11-28 20:00:00.023000+00:00
xyz:AMZN,0.0000160641,0.0004285128,2025-11-28 21:00:00.034000+00:00
xyz:AMZN,0.0000125000,0.0001956397,2025-11-28 22:00:00.030000+00:00
xyz:AMZN,0.0000125000,0.0000838236,2025-11-28 23:00:00.038000+00:00
xyz:AMZN,-0.0000209536,-0.0004676289,2025-11-29 00:00:00.025000+00:00
xyz:AMZN,0.0000125000,-0.0001306973,2025-11-29 01:00:00.081000+00:00
xyz:AMZN,-0.0000783243,-0.0009265945,2025-11-29 02:00:00.015000+00:00
xyz:AMZN,-0.0000192235,-0.0004537879,2025-11-29 03:00:00.061000+00:00
xyz:AMZN,-0.0000008067,-0.0003064538,2025-11-29 04:00:00.003000+00:00
xyz:AMZN,0.0000125000,-0.0001103513,2025-11-29 05:00:00.146000+00:00
xyz:AMZN,0.0000125000,-0.0000624777,2025-11-29 06:00:00.061000+00:00
xyz:AMZN,0.0000125000,-0.0000215418,2025-11-29 07:00:00.067000+00:00
xyz:AMZN,0.0000125000,-0.0000214613,2025-11-29 08:00:00.067000+00:00
xyz:AMZN,0.0000125000,-0.0000213460,2025-11-29 09:00:00.005000+00:00
xyz:AMZN,0.0000125000,0.0000095519,2025-11-29 10:00:00.028000+00:00
xyz:AMZN,0.0000125000,0.0001234300,2025-11-29 11:00:00.053000+00:00
xyz:AMZN,0.0000227417,0.0004819333,2025-11-29 12:00:00+00:00
xyz:AMZN,0.0000450097,0.0006600776,2025-11-29 13:00:00.051000+00:00
xyz:AMZN,0.0000109306,-0.0002125554,2025-11-29 14:00:00.026000+00:00
xyz:AMZN,0.0000125000,-0.0000146044,2025-11-29 15:00:00.007000+00:00
xyz:AMZN,0.0000125000,-0.0000202698,2025-11-29 16:00:00.017000+00:00
xyz:AMZN,0.0000125000,0.0000167222,2025-11-29 17:00:00.109000+00:00
xyz:AMZN,0.0000125000,-0.0001422967,2025-11-29 18:00:00.004000+00:00
xyz:AMZN,-0.0000344701,-0.0005757605,2025-11-29 19:00:00.022000+00:00
xyz:AMZN,-0.0000638697,-0.0008109578,2025-11-29 20:00:00.051000+00:00
xyz:AMZN,-0.0000010564,-0.0003084514,2025-11-29 21:00:00.028000+00:00
xyz:AMZN,0.0000125000,0.0002149317,2025-11-29 22:00:00.035000+00:00
xyz:AMZN,0.0000814338,0.0009514707,2025-11-29 23:00:00.051000+00:00
xyz:AMZN,0.0001274934,0.0013199469,2025-11-30 00:00:00.082000+00:00
xyz:AMZN,0.0000125000,0.0003315452,2025-11-30 01:00:00.030000+00:00
xyz:AMZN,0.0000125000,0.0001881174,2025-11-30 02:00:00.075000+00:00
xyz:AMZN,0.0000388884,0.0006111070,2025-11-30 03:00:00.044000+00:00
xyz:AMZN,0.0000410114,0.0006280912,2025-11-30 04:00:00.090000+00:00
xyz:AMZN,0.0000552879,0.0007423028,2025-11-30 05:00:00.004000+00:00
xyz:AMZN,0.0000292595,0.0005340758,2025-11-30 06:00:00.004000+00:00
xyz:AMZN,0.0000126632,0.0004013059,2025-11-30 07:00:00.045000+00:00
xyz:AMZN,0.0000241440,0.0004931523,2025-11-30 08:00:00.065000+00:00
xyz:AMZN,0.0000593801,0.0007750405,2025-11-30 09:00:00.051000+00:00
xyz:AMZN,0.0000125000,0.0003674987,2025-11-30 10:00:00.075000+00:00
xyz:AMZN,0.0000250071,0.0005000565,2025-11-30 11:00:00.070000+00:00
xyz:AMZN,0.0000202979,0.0004623834,2025-11-30 12:00:00.054000+00:00
xyz:AMZN,0.0000125000,0.0000971609,2025-11-30 13:00:00.060000+00:00
xyz:AMZN,0.0000260043,0.0005080344,2025-11-30 14:00:00.007000+00:00
xyz:AMZN,0.0000795834,0.0009366673,2025-11-30 15:00:00.066000+00:00
xyz:AMZN,0.0000125000,0.0002890031,2025-11-30 16:00:00.049000+00:00
xyz:AMZN,0.0000290363,0.0005322905,2025-11-30 17:00:00.046000+00:00
xyz:AMZN,0.0002183351,0.0020466806,2025-11-30 18:00:00.097000+00:00
xyz:AMZN,0.0003605362,0.0031842896,2025-11-30 19:00:00.015000+00:00
xyz:AMZN,0.0001443173,0.0014545388,2025-11-30 20:00:00.096000+00:00
xyz:AMZN,0.0000450178,0.0006601425,2025-11-30 21:00:00.035000+00:00
xyz:AMZN,-0.0000237988,-0.0004903905,2025-11-30 22:00:00.056000+00:00
xyz:AMZN,0.0001097506,0.0011780045,2025-11-30 23:00:00.008000+00:00
xyz:AMZN,0.0000371204,0.0005969632,2025-12-01 00:00:00.073000+00:00
xyz:AMZN,-0.0001965650,-0.0018725196,2025-12-01 01:00:00.076000+00:00
xyz:AMZN,0.0000854001,0.0009832008,2025-12-01 02:00:00.003000+00:00
xyz:AMZN,0.0000741246,0.0008929970,2025-12-01 03:00:00.027000+00:00
xyz:AMZN,0.0001036419,0.0011291350,2025-12-01 04:00:00.028000+00:00
xyz:AMZN,0.0001273710,0.0013189683,2025-12-01 05:00:00.048000+00:00
xyz:AMZN,0.0000349690,0.0005797522,2025-12-01 06:00:00.029000+00:00
xyz:AMZN,0.0001524543,0.0015196342,2025-12-01 07:00:00.034000+00:00
xyz:AMZN,0.0000993261,0.0010946086,2025-12-01 08:00:00.014000+00:00
xyz:AMZN,0.0001114140,0.0011913124,2025-12-01 09:00:00.010000+00:00
xyz:AMZN,0.0000125000,0.0003538093,2025-12-01 10:00:00.038000+00:00
xyz:AMZN,0.0000125000,-0.0000370344,2025-12-01 11:00:00.036000+00:00
xyz:AMZN,0.0000125000,0.0000001686,2025-12-01 12:00:00.066000+00:00
xyz:AMZN,0.0000125000,-0.0001285623,2025-12-01 13:00:00.024000+00:00
xyz:AMZN,0.0000110939,-0.0002112486,2025-12-01 14:00:00.024000+00:00
xyz:AMZN,0.0000125000,0.0001274565,2025-12-01 15:00:00.067000+00:00
xyz:AMZN,0.0000125000,0.0000122415,2025-12-01 16:00:00.069000+00:00
xyz:AMZN,0.0000125000,0.0000859370,2025-12-01 17:00:00.021000+00:00
xyz:AMZN,0.0000125000,0.0001141370,2025-12-01 18:00:00.060000+00:00
xyz:AMZN,0.0000125000,0.0000458011,2025-12-01 19:00:00+00:00
xyz:AMZN,0.0000125000,-0.0000533629,2025-12-01 20:00:00.070000+00:00
xyz:AMZN,0.0000125000,-0.0000074428,2025-12-01 21:00:00.006000+00:00
xyz:AMZN,0.0000125000,0.0002616978,2025-12-01 22:00:00.103000+00:00
xyz:AMZN,0.0000125000,0.0003223661,2025-12-01 23:00:00.062000+00:00
xyz:AMZN,0.0000125000,0.0001641177,2025-12-02 00:00:00.052000+00:00
xyz:AMZN,0.0000125000,0.0000787898,2025-12-02 01:00:00.062000+00:00
xyz:AMZN,0.0000025499,-0.0002796007,2025-12-02 02:00:00.027000+00:00
xyz:AMZN,-0.0000542838,-0.0007342704,2025-12-02 03:00:00.060000+00:00
xyz:AMZN,0.0000125000,-0.0000948102,2025-12-02 04:00:00.023000+00:00
xyz:AMZN,0.0000174800,0.0004398402,2025-12-02 05:00:00.061000+00:00
xyz:AMZN,0.0000125000,0.0000996931,2025-12-02 06:00:00.036000+00:00
xyz:AMZN,0.0000125000,0.0001364982,2025-12-02 07:00:00.001000+00:00
xyz:AMZN,0.0000125000,0.0002040552,2025-12-02 08:00:00.104000+00:00
xyz:AMZN,0.0000125000,-0.0001012973,2025-12-02 09:00:00.038000+00:00
xyz:AMZN,0.0000125000,0.0000753876,2025-12-02 10:00:00.047000+00:00
xyz:AMZN,0.0000125000,0.0000726335,2025-12-02 11:00:00.037000+00:00
xyz:AMZN,0.0000125000,-0.0000229357,2025-12-02 12:00:00.092000+00:00
xyz:AMZN,0.0000125000,-0.0000013956,2025-12-02 13:00:00.029000+00:00
xyz:AMZN,0.0000125000,0.0001383932,2025-12-02 14:00:00.078000+00:00
xyz:AMZN,0.0000125000,0.0002108858,2025-12-02 15:00:00.070000+00:00
xyz:AMZN,0.0000125000,0.0001801137,2025-12-02 16:00:00.048000+00:00
xyz:AMZN,0.0000426915,0.0006415316,2025-12-02 17:00:00.058000+00:00
xyz:AMZN,0.0000363782,0.0005910259,2025-12-02 18:00:00.022000+00:00
xyz:AMZN,0.0000275423,0.0005203385,2025-12-02 19:00:00.027000+00:00
xyz:AMZN,0.0000295486,0.0005363892,2025-12-02 20:00:00.007000+00:00
xyz:AMZN,0.0000125000,0.0002732132,2025-12-02 21:00:00.115000+00:00
xyz:AMZN,0.0000153662,0.0004229297,2025-12-02 22:00:00.050000+00:00
xyz:AMZN,0.0000125000,0.0002881459,2025-12-02 23:00:00.064000+00:00
xyz:AMZN,0.0000125000,0.0000183950,2025-12-03 00:00:00.098000+00:00
xyz:AMZN,0.0000125000,-0.0000593677,2025-12-03 01:00:00.052000+00:00
xyz:AMZN,0.0000421358,0.0006370866,2025-12-03 02:00:00.028000+00:00
xyz:AMZN,0.0000879425,0.0010035397,2025-12-03 03:00:00.017000+00:00
xyz:AMZN,0.0000993267,0.0010946137,2025-12-03 04:00:00.010000+00:00
xyz:AMZN,0.0000661999,0.0008295988,2025-12-03 05:00:00.062000+00:00
xyz:AMZN,0.0000827623,0.0009620983,2025-12-03 06:00:00.007000+00:00
xyz:AMZN,0.0000890854,0.0010126835,2025-12-03 07:00:00.016000+00:00
xyz:AMZN,0.0000876695,0.0010013561,2025-12-03 08:00:00.016000+00:00
xyz:AMZN,0.0000645012,0.0008160097,2025-12-03 09:00:00.099000+00:00
xyz:AMZN,0.0000720848,0.0008766785,2025-12-03 10:00:00.051000+00:00
xyz:AMZN,0.0000638074,0.0008104596,2025-12-03 11:00:00.008000+00:00
xyz:AMZN,0.0000125000,0.0002427784,2025-12-03 12:00:00.008000+00:00
xyz:AMZN,0.0000125000,0.0001020219,2025-12-03 13:00:00.033000+00:00
xyz:AMZN,0.0000125000,0.0002808085,2025-12-03 14:00:00.068000+00:00
xyz:AMZN,0.0000125000,0.0001886274,2025-12-03 15:00:00.020000+00:00
xyz:AMZN,0.0000125000,0.0003053387,2025-12-03 16:00:00.116000+00:00
xyz:AMZN,0.0000125000,0.0001617173,2025-12-03 17:00:00.035000+00:00
xyz:AMZN,0.0000125000,0.0003883256,2025-12-03 18:00:00.043000+00:00
xyz:AMZN,0.0000245600,0.0004964797,2025-12-03 19:00:00+00:00
xyz:AMZN,0.0000236224,0.0004889791,2025-12-03 20:00:00.036000+00:00
xyz:AMZN,0.0000501221,0.0007009764,2025-12-03 21:00:00.027000+00:00
xyz:AMZN,0.0001212952,0.0012703619,2025-12-03 22:00:00.024000+00:00
xyz:AMZN,0.0000816489,0.0009531909,2025-12-03 23:00:00.029000+00:00
xyz:AMZN,0.0000635898,0.0008087180,2025-12-04 00:00:00.032000+00:00
xyz:AMZN,0.0000388278,0.0006106222,2025-12-04 01:00:00.010000+00:00
xyz:AMZN,0.0000736402,0.0008891213,2025-12-04 02:00:00.079000+00:00
xyz:AMZN,0.0000903001,0.0010224006,2025-12-04 03:00:00.010000+00:00
xyz:AMZN,0.0000704709,0.0008637669,2025-12-04 04:00:00.038000+00:00
xyz:AMZN,0.0000846465,0.0009771722,2025-12-04 05:00:00.064000+00:00
xyz:AMZN,0.0000776786,0.0009214289,2025-12-04 06:00:00.059000+00:00
xyz:AMZN,0.0000125000,0.0002653753,2025-12-04 07:00:00.011000+00:00
xyz:AMZN,0.0000526600,0.0007212799,2025-12-04 08:00:00.049000+00:00
xyz:AMZN,0.0000428382,0.0006427059,2025-12-04 09:00:00.085000+00:00
xyz:AMZN,0.0000125000,0.0003630872,2025-12-04 10:00:00.081000+00:00
xyz:AMZN,0.0000361876,0.0005895011,2025-12-04 11:00:00.050000+00:00
xyz:AMZN,0.0000125000,0.0000692534,2025-12-04 12:00:00.031000+00:00
xyz:AMZN,0.0000125000,0.0002398460,2025-12-04 13:00:00.064000+00:00
xyz:AMZN,0.0000125000,0.0002800262,2025-12-04 14:00:00.041000+00:00
xyz:AMZN,0.0000326532,0.0005612254,2025-12-04 15:00:00.047000+00:00
xyz:AMZN,0.0000125000,0.0000447996,2025-12-04 16:00:00.010000+00:00
xyz:AMZN,0.0000125000,0.0001027211,2025-12-04 17:00:00.054000+00:00
xyz:AMZN,0.0000125000,0.0003067549,2025-12-04 18:00:00.008000+00:00
xyz:AMZN,0.0000172801,0.0004382409,2025-12-04 19:00:00.044000+00:00
xyz:AMZN,0.0000125000,0.0003596361,2025-12-04 20:00:00.021000+00:00
xyz:AMZN,0.0000125000,0.0001695445,2025-12-04 21:00:00.078000+00:00
xyz:AMZN,0.0000125000,0.0000209309,2025-12-04 22:00:00.034000+00:00
xyz:AMZN,0.0000125000,-0.0000213862,2025-12-04 23:00:00.015000+00:00
xyz:AMZN,0.0000125000,0.0001414369,2025-12-05 00:00:00.002000+00:00
xyz:AMZN,0.0000125000,0.0001597001,2025-12-05 01:00:00.035000+00:00
xyz:AMZN,0.0000040221,-0.0002678230,2025-12-05 02:00:00.021000+00:00
xyz:AMZN,0.0000125000,-0.0001595642,2025-12-05 03:00:00.048000+00:00
xyz:AMZN,-0.0000233671,-0.0004869368,2025-12-05 04:00:00.066000+00:00
xyz:AMZN,-0.0000328587,-0.0005628695,2025-12-05 05:00:00.044000+00:00
xyz:AMZN,0.0000113689,-0.0002090490,2025-12-05 06:00:00.033000+00:00
xyz:AMZN,0.0000125000,-0.0000920690,2025-12-05 07:00:00.050000+00:00
xyz:AMZN,0.0000125000,-0.0001934583,2025-12-05 08:00:00.032000+00:00
xyz:AMZN,0.0000125000,0.0001230653,2025-12-05 09:00:00.019000+00:00
xyz:AMZN,0.0000147822,0.0004182573,2025-12-05 10:00:00.035000+00:00
xyz:AMZN,0.0000125000,0.0003854119,2025-12-05 11:00:00.077000+00:00
xyz:AMZN,0.0000125000,0.0002646388,2025-12-05 12:00:00.030000+00:00
xyz:AMZN,0.0000160166,0.0004281332,2025-12-05 13:00:00.062000+00:00
xyz:AMZN,0.0000125000,0.0003281439,2025-12-05 14:00:00.047000+00:00
xyz:AMZN,0.0000132662,0.0004061294,2025-12-05 15:00:00.036000+00:00
xyz:AMZN,0.0000157244,0.0004257955,2025-12-05 16:00:00+00:00
xyz:AMZN,0.0000125000,0.0003480286,2025-12-05 17:00:00.026000+00:00
xyz:AMZN,0.0000125000,0.0003578611,2025-12-05 18:00:00.054000+00:00
xyz:AMZN,0.0000125000,0.0003929827,2025-12-05 19:00:00.086000+00:00
xyz:AMZN,0.0000125000,0.0002833480,2025-12-05 20:00:00.004000+00:00
xyz:AMZN,0.0000125000,0.0002933760,2025-12-05 21:00:00.036000+00:00
xyz:AMZN,0.0000288470,0.0005307757,2025-12-05 22:00:00.035000+00:00
xyz:AMZN,0.0000451131,0.0006609052,2025-12-05 23:00:00.012000+00:00
xyz:AMZN,0.0000374252,0.0005994018,2025-12-06 00:00:00.052000+00:00
xyz:AMZN,0.0000125000,0.0003633148,2025-12-06 01:00:00.110000+00:00
xyz:AMZN,0.0000775624,0.0009204990,2025-12-06 02:00:00.011000+00:00
xyz:AMZN,0.0000182562,0.0004460499,2025-12-06 03:00:00.053000+00:00
xyz:AMZN,0.0000125000,0.0002624826,2025-12-06 04:00:00.025000+00:00
xyz:AMZN,0.0000125000,0.0000450239,2025-12-06 05:00:00.044000+00:00
xyz:AMZN,0.0000113948,-0.0002088412,2025-12-06 06:00:00.010000+00:00
xyz:AMZN,0.0000031810,-0.0002745521,2025-12-06 07:00:00.052000+00:00
xyz:AMZN,0.0000125000,-0.0001405322,2025-12-06 08:00:00.049000+00:00
xyz:AMZN,-0.0000473514,-0.0006788112,2025-12-06 09:00:00.050000+00:00
xyz:AMZN,-0.0000296791,-0.0005374329,2025-12-06 10:00:00.024000+00:00
xyz:AMZN,-0.0000337674,-0.0005701394,2025-12-06 11:00:00.005000+00:00
xyz:AMZN,-0.0000263945,-0.0005111557,2025-12-06 12:00:00.038000+00:00
xyz:AMZN,-0.0000254121,-0.0005032970,2025-12-06 13:00:00.034000+00:00
xyz:AMZN,-0.0000231572,-0.0004852579,2025-12-06 14:00:00.047000+00:00
xyz:AMZN,-0.0000208853,-0.0004670827,2025-12-06 15:00:00.028000+00:00
xyz:AMZN,0.0000125000,0.0000790033,2025-12-06 16:00:00.107000+00:00
xyz:AMZN,0.0000125000,0.0000781525,2025-12-06 17:00:00.025000+00:00
xyz:AMZN,-0.0000182165,-0.0004457323,2025-12-06 18:00:00.046000+00:00
xyz:AMZN,0.0000125000,0.0001029456,2025-12-06 19:00:00.065000+00:00
xyz:AMZN,0.0000385205,0.0006081639,2025-12-06 20:00:00.038000+00:00
xyz:AMZN,0.0000366865,0.0005934921,2025-12-06 21:00:00.067000+00:00
xyz:AMZN,0.0000125000,-0.0000172776,2025-12-06 22:00:00.120000+00:00
xyz:AMZN,0.0000125000,0.0001405970,2025-12-06 23:00:00.058000+00:00
xyz:AMZN,0.0000125000,0.0001290191,2025-12-07 00:00:00.005000+00:00
xyz:AMZN,0.0000125000,0.0001483963,2025-12-07 01:00:00.048000+00:00
xyz:AMZN,0.0000125000,0.0002508773,2025-12-07 02:00:00.012000+00:00
xyz:AMZN,0.0000125000,0.0002761869,2025-12-07 03:00:00.047000+00:00
xyz:AMZN,0.0000125000,0.0001857794,2025-12-07 04:00:00.147000+00:00
xyz:AMZN,0.0000125000,0.0002350270,2025-12-07 05:00:00.081000+00:00
xyz:AMZN,0.0000125000,0.0001538671,2025-12-07 06:00:00.041000+00:00
xyz:AMZN,0.0000125000,0.0001879257,2025-12-07 07:00:00.003000+00:00
xyz:AMZN,0.0000125000,0.0000116092,2025-12-07 08:00:00.025000+00:00
xyz:AMZN,-0.0000327737,-0.0005621895,2025-12-07 09:00:00.033000+00:00
xyz:AMZN,-0.0000084147,-0.0003673174,2025-12-07 10:00:00.096000+00:00
xyz:AMZN,0.0000079584,-0.0002363327,2025-12-07 11:00:00.107000+00:00
xyz:AMZN,0.0000125000,-0.0001932454,2025-12-07 12:00:00.022000+00:00
xyz:AMZN,0.0000125000,-0.0001577805,2025-12-07 13:00:00.015000+00:00
xyz:AMZN,0.0000125000,-0.0000397395,2025-12-07 14:00:00.007000+00:00
xyz:AMZN,0.0000125000,0.0003660524,2025-12-07 15:00:00.003000+00:00
xyz:AMZN,-0.0000626630,-0.0008013037,2025-12-07 16:00:00.031000+00:00
xyz:AMZN,-0.0000809329,-0.0009474632,2025-12-07 17:00:00.002000+00:00
xyz:AMZN,-0.0000156236,-0.0004249888,2025-12-07 18:00:00.040000+00:00
xyz:AMZN,0.0000125000,0.0002216939,2025-12-07 19:00:00.096000+00:00
xyz:AMZN,0.0000408873,0.0006270987,2025-12-07 20:00:00.036000+00:00
xyz:AMZN,0.0000125051,0.0004000409,2025-12-07 21:00:00.009000+00:00
xyz:AMZN,0.0000125000,0.0002225992,2025-12-07 22:00:00.031000+00:00
xyz:AMZN,-0.0000294985,-0.0005359879,2025-12-07 23:00:00.067000+00:00
xyz:AMZN,-0.0000794474,-0.0009355796,2025-12-08 00:00:00.031000+00:00
xyz:AMZN,-0.0000467193,-0.0006737542,2025-12-08 01:00:00.152000+00:00
xyz:AMZN,0.0000125000,-0.0000965224,2025-12-08 02:00:00.010000+00:00
xyz:AMZN,0.0000125000,0.0002151235,2025-12-08 03:00:00.024000+00:00
xyz:AMZN,0.0000125000,0.0001961281,2025-12-08 04:00:00.007000+00:00
xyz:AMZN,0.0000125000,-0.0000673574,2025-12-08 05:00:00.036000+00:00
xyz:AMZN,-0.0000360963,-0.0005887704,2025-12-08 06:00:00.056000+00:00
xyz:AMZN,-0.0000411465,-0.0006291722,2025-12-08 07:00:00.006000+00:00
xyz:AMZN,0.0000125000,-0.0001577845,2025-12-08 08:00:00.113000+00:00
xyz:AMZN,0.0000125000,0.0000044872,2025-12-08 09:00:00.062000+00:00
xyz:AMZN,0.0000125000,0.0001890975,2025-12-08 10:00:00.041000+00:00
xyz:AMZN,0.0000125000,0.0002606238,2025-12-08 11:00:00.085000+00:00
xyz:AMZN,0.0000125000,0.0003519575,2025-12-08 12:00:00.019000+00:00
xyz:AMZN,0.0000125000,0.0002293311,2025-12-08 13:00:00.077000+00:00
xyz:AMZN,0.0000125000,0.0002331519,2025-12-08 14:00:00.056000+00:00
xyz:AMZN,0.0000125000,0.0002039604,2025-12-08 15:00:00.011000+00:00
xyz:AMZN,0.0000125000,0.0003371178,2025-12-08 16:00:00.037000+00:00
xyz:AMZN,0.0000125000,0.0003518569,2025-12-08 17:00:00.037000+00:00
xyz:AMZN,0.0000125000,0.0002838783,2025-12-08 18:00:00.053000+00:00
xyz:AMZN,0.0000125000,0.0001673270,2025-12-08 19:00:00.047000+00:00
xyz:AMZN,0.0000125000,0.0000587002,2025-12-08 20:00:00.021000+00:00
xyz:AMZN,0.0000125000,0.0001496266,2025-12-08 21:00:00.150000+00:00
xyz:AMZN,0.0000125000,0.0001738254,2025-12-08 22:00:00.004000+00:00
xyz:AMZN,0.0000125000,0.0003939127,2025-12-08 23:00:00.059000+00:00
xyz:AMZN,0.0000125000,0.0003293869,2025-12-09 00:00:00.087000+00:00
xyz:AMZN,0.0000125000,0.0002794599,2025-12-09 01:00:00.022000+00:00
xyz:AMZN,0.0000635335,0.0008082679,2025-12-09 02:00:00.045000+00:00
xyz:AMZN,0.0000710707,0.0008685653,2025-12-09 03:00:00.064000+00:00
xyz:AMZN,0.0000165183,0.0004321467,2025-12-09 04:00:00.033000+00:00
xyz:AMZN,0.0000239371,0.0004914967,2025-12-09 05:00:00.043000+00:00
xyz:AMZN,0.0000193160,0.0004545280,2025-12-09 06:00:00.001000+00:00
xyz:AMZN,0.0000125000,0.0001934224,2025-12-09 07:00:00.090000+00:00
xyz:AMZN,0.0000125000,-0.0001361578,2025-12-09 08:00:00.041000+00:00
xyz:AMZN,0.0000012773,-0.0002897814,2025-12-09 09:00:00.045000+00:00
xyz:AMZN,0.0000115609,-0.0002075126,2025-12-09 10:00:00.025000+00:00
xyz:AMZN,0.0000125000,-0.0001852460,2025-12-09 11:00:00.029000+00:00
xyz:AMZN,0.0000125000,-0.0001588654,2025-12-09 12:00:00.077000+00:00
xyz:AMZN,0.0000125000,-0.0000079130,2025-12-09 13:00:00.052000+00:00
xyz:AMZN,0.0000125000,0.0000361741,2025-12-09 14:00:00.043000+00:00
xyz:AMZN,0.0000125000,0.0000979917,2025-12-09 15:00:00.058000+00:00
xyz:AMZN,0.0000125000,0.0002485416,2025-12-09 16:00:00.007000+00:00
xyz:AMZN,0.0000125000,0.0001956460,2025-12-09 17:00:00.005000+00:00
xyz:AMZN,0.0000125000,0.0000387516,2025-12-09 18:00:00.021000+00:00
xyz:AMZN,0.0000125000,0.0001452112,2025-12-09 19:00:00.066000+00:00
xyz:AMZN,0.0000125000,0.0001554183,2025-12-09 20:00:00.008000+00:00
xyz:AMZN,0.0000125000,0.0001936430,2025-12-09 21:00:00.033000+00:00
xyz:AMZN,0.0000154949,0.0004239590,2025-12-09 22:00:00.103000+00:00
xyz:AMZN,0.0000125000,0.0002978660,2025-12-09 23:00:00.008000+00:00
xyz:AMZN,0.0000125000,0.0001729549,2025-12-10 00:00:00.013000+00:00
xyz:AMZN,0.0000125000,0.0001304588,2025-12-10 01:00:00.046000+00:00
xyz:AMZN,0.0000125000,0.0002038832,2025-12-10 02:00:00.101000+00:00
xyz:AMZN,0.0000125000,0.0000997065,2025-12-10 03:00:00+00:00
xyz:AMZN,0.0000125000,0.0003513980,2025-12-10 04:00:00.090000+00:00
xyz:AMZN,0.0000125000,0.0001453504,2025-12-10 05:00:00.079000+00:00
xyz:AMZN,0.0000125000,0.0003687279,2025-12-10 06:00:00.065000+00:00
xyz:AMZN,0.0000125000,0.0002928852,2025-12-10 07:00:00.025000+00:00
xyz:AMZN,0.0000163560,0.0004308479,2025-12-10 08:00:00.023000+00:00
xyz:AMZN,0.0000125000,0.0003171015,2025-12-10 09:00:00.031000+00:00
xyz:AMZN,0.0000125000,0.0002080522,2025-12-10 10:00:00.108000+00:00
xyz:AMZN,0.0000128361,0.0004026889,2025-12-10 11:00:00.050000+00:00
xyz:AMZN,0.0000153860,0.0004230882,2025-12-10 12:00:00.051000+00:00
xyz:AMZN,0.0000125000,0.0001882623,2025-12-10 13:00:00.033000+00:00
xyz:AMZN,0.0000125000,0.0002212653,2025-12-10 14:00:00.003000+00:00
xyz:AMZN,0.0000125000,0.0001375759,2025-12-10 15:00:00.139000+00:00
xyz:AMZN,0.0000125000,-0.0000354756,2025-12-10 16:00:00.003000+00:00
xyz:AMZN,0.0000125000,-0.0000087694,2025-12-10 17:00:00.019000+00:00
xyz:AMZN,0.0000125000,-0.0000255143,2025-12-10 18:00:00.058000+00:00
xyz:AMZN,0.0000125000,-0.0000614655,2025-12-10 19:00:00.036000+00:00
xyz:AMZN,0.0000125000,-0.0000011705,2025-12-10 20:00:00.105000+00:00
xyz:AMZN,0.0000125000,0.0000209852,2025-12-10 21:00:00.013000+00:00
xyz:AMZN,0.0000125000,-0.0000096454,2025-12-10 22:00:00.057000+00:00
xyz:AMZN,0.0000125000,-0.0000115167,2025-12-10 23:00:00+00:00
xyz:AMZN,0.0000125000,-0.0000252651,2025-12-11 00:00:00.043000+00:00
xyz:AMZN,0.0000125000,-0.0000668195,2025-12-11 01:00:00.002000+00:00
xyz:AMZN,0.0000125000,0.0000317986,2025-12-11 02:00:00.017000+00:00
xyz:AMZN,0.0000125000,0.0000952579,2025-12-11 03:00:00.029000+00:00
xyz:AMZN,0.0000125000,-0.0000039336,2025-12-11 04:00:00.035000+00:00
xyz:AMZN,0.0000125000,-0.0000290454,2025-12-11 05:00:00.039000+00:00
xyz:AMZN,0.0000125000,-0.0000393814,2025-12-11 06:00:00.044000+00:00
xyz:AMZN,0.0000125000,-0.0000205082,2025-12-11 07:00:00.030000+00:00
xyz:AMZN,0.0000125000,-0.0000266127,2025-12-11 08:00:00.002000+00:00
xyz:AMZN,0.0000125000,-0.0000019362,2025-12-11 09:00:00.086000+00:00
xyz:AMZN,0.0000125000,-0.0000506378,2025-12-11 10:00:00.017000+00:00
xyz:AMZN,0.0000125000,-0.0000187496,2025-12-11 11:00:00.074000+00:00
xyz:AMZN,0.0000125000,-0.0001385346,2025-12-11 12:00:00.085000+00:00
xyz:AMZN,0.0000125000,-0.0001736878,2025-12-11 13:00:00.016000+00:00
xyz:AMZN,0.0000125000,-0.0001584009,2025-12-11 14:00:00.053000+00:00
xyz:AMZN,0.0000117838,-0.0002057300,2025-12-11 15:00:00.033000+00:00
xyz:AMZN,0.0000096482,-0.0002228141,2025-12-11 16:00:00.037000+00:00
xyz:AMZN,0.0000125000,-0.0000131823,2025-12-11 17:00:00.009000+00:00
xyz:AMZN,0.0000125000,-0.0000681693,2025-12-11 18:00:00.065000+00:00
xyz:AMZN,0.0000125000,-0.0000594044,2025-12-11 19:00:00.050000+00:00
xyz:AMZN,0.0000125000,-0.0000333557,2025-12-11 20:00:00.102000+00:00
xyz:AMZN,0.0000125000,-0.0000093407,2025-12-11 21:00:00.008000+00:00
xyz:AMZN,0.0000125000,-0.0000646878,2025-12-11 22:00:00.002000+00:00
xyz:AMZN,0.0000125000,0.0000308851,2025-12-11 23:00:00.050000+00:00
xyz:AMZN,0.0000125000,0.0000378585,2025-12-12 00:00:00.018000+00:00
xyz:AMZN,0.0000125000,0.0000700084,2025-12-12 01:00:00.171000+00:00
xyz:AMZN,0.0000125000,0.0000204906,2025-12-12 02:00:00.053000+00:00
xyz:AMZN,0.0000125000,0.0000138932,2025-12-12 03:00:00.087000+00:00
xyz:AMZN,0.0000125000,-0.0000223154,2025-12-12 04:00:00.006000+00:00
xyz:AMZN,0.0000125000,-0.0000040012,2025-12-12 05:00:00.009000+00:00
xyz:AMZN,0.0000125000,-0.0000192500,2025-12-12 06:00:00.066000+00:00
xyz:AMZN,0.0000125000,-0.0000272977,2025-12-12 07:00:00.063000+00:00
xyz:AMZN,0.0000125000,-0.0000297276,2025-12-12 08:00:00.062000+00:00
xyz:AMZN,0.0000125000,-0.0000322226,2025-12-12 09:00:00.026000+00:00
xyz:AMZN,0.0000125000,0.0000288171,2025-12-12 10:00:00.066000+00:00
xyz:AMZN,0.0000125000,-0.0000737881,2025-12-12 11:00:00.038000+00:00
xyz:AMZN,0.0000125000,0.0000606165,2025-12-12 12:00:00.034000+00:00
xyz:AMZN,0.0000125000,0.0000346752,2025-12-12 13:00:00.065000+00:00
xyz:AMZN,0.0000125000,0.0000448481,2025-12-12 14:00:00.016000+00:00
xyz:AMZN,0.0000125000,0.0001402449,2025-12-12 15:00:00.036000+00:00
xyz:AMZN,0.0000125000,0.0003286636,2025-12-12 16:00:00.063000+00:00
xyz:AMZN,0.0000125000,0.0003805945,2025-12-12 17:00:00.048000+00:00
xyz:AMZN,0.0000125000,0.0002507417,2025-12-12 18:00:00.100000+00:00
xyz:AMZN,0.0000125000,0.0002405137,2025-12-12 19:00:00.047000+00:00
xyz:AMZN,0.0000125000,0.0001082964,2025-12-12 20:00:00.061000+00:00
xyz:AMZN,0.0000125000,0.0001530067,2025-12-12 21:00:00.053000+00:00
xyz:AMZN,0.0000125000,0.0002122544,2025-12-12 22:00:00.043000+00:00
xyz:AMZN,0.0000125000,0.0002847905,2025-12-12 23:00:00.048000+00:00
xyz:AMZN,0.0000125000,0.0003401986,2025-12-13 00:00:00.091000+00:00
xyz:AMZN,0.0000125000,0.0003476114,2025-12-13 01:00:00.043000+00:00
xyz:AMZN,0.0000125000,0.0002952301,2025-12-13 02:00:00.027000+00:00
xyz:AMZN,0.0000712802,0.0008702418,2025-12-13 03:00:00.090000+00:00
xyz:AMZN,0.0000154113,0.0004232901,2025-12-13 04:00:00.011000+00:00
xyz:AMZN,0.0000125000,0.0002787591,2025-12-13 05:00:00.068000+00:00
xyz:AMZN,0.0000125000,0.0001599350,2025-12-13 06:00:00.030000+00:00
xyz:AMZN,0.0000125000,-0.0000406828,2025-12-13 07:00:00.002000+00:00
xyz:AMZN,0.0000125000,0.0000013557,2025-12-13 08:00:00.054000+00:00
xyz:AMZN,0.0000125000,-0.0000407270,2025-12-13 09:00:00.047000+00:00
xyz:AMZN,0.0000125000,-0.0000482376,2025-12-13 10:00:00.009000+00:00
xyz:AMZN,0.0000125000,-0.0000258715,2025-12-13 11:00:00.027000+00:00
xyz:AMZN,0.0000125000,-0.0000675185,2025-12-13 12:00:00.024000+00:00
xyz:AMZN,0.0000125000,-0.0000568154,2025-12-13 13:00:00.079000+00:00
xyz:AMZN,0.0000125000,0.0000634673,2025-12-13 14:00:00.061000+00:00
xyz:AMZN,-0.0000267700,-0.0005141601,2025-12-13 15:00:00.113000+00:00
xyz:AMZN,-0.0000422390,-0.0006379119,2025-12-13 16:00:00.054000+00:00
xyz:AMZN,-0.0000126360,-0.0004010881,2025-12-13 17:00:00.085000+00:00
xyz:AMZN,0.0000125000,0.0002426609,2025-12-13 18:00:00.079000+00:00
xyz:AMZN,0.0000125000,0.0000503191,2025-12-13 19:00:00.003000+00:00
xyz:AMZN,0.0000125000,0.0000442911,2025-12-13 20:00:00.137000+00:00
xyz:AMZN,0.0000125000,-0.0001308195,2025-12-13 21:00:00.031000+00:00
xyz:AMZN,-0.0000246953,-0.0004975624,2025-12-13 22:00:00.014000+00:00
xyz:AMZN,0.0000125000,-0.0001697748,2025-12-13 23:00:00.022000+00:00
xyz:AMZN,0.0000343455,0.0005747643,2025-12-14 00:00:00.071000+00:00
xyz:AMZN,0.0000530813,0.0007246504,2025-12-14 01:00:00.077000+00:00
xyz:AMZN,0.0000262866,0.0005102924,2025-12-14 02:00:00.004000+00:00
xyz:AMZN,0.0000125000,0.0000167999,2025-12-14 03:00:00.045000+00:00
xyz:AMZN,0.0000125000,-0.0001192151,2025-12-14 04:00:00.070000+00:00
xyz:AMZN,0.0000125000,-0.0001192260,2025-12-14 05:00:00.007000+00:00
xyz:AMZN,0.0000125000,-0.0001651756,2025-12-14 06:00:00.066000+00:00
xyz:AMZN,0.0000125000,-0.0001435523,2025-12-14 07:00:00.048000+00:00
xyz:AMZN,0.0000125000,-0.0001541799,2025-12-14 08:00:00.098000+00:00
xyz:AMZN,-0.0000029411,-0.0003235284,2025-12-14 09:00:00.052000+00:00
xyz:AMZN,-0.0000093488,-0.0003747908,2025-12-14 10:00:00.041000+00:00
xyz:AMZN,0.0000125000,-0.0001888768,2025-12-14 11:00:00.121000+00:00
xyz:AMZN,0.0000125000,-0.0001113746,2025-12-14 12:00:00.014000+00:00
xyz:AMZN,0.0000125000,0.0000485067,2025-12-14 13:00:00.017000+00:00
xyz:AMZN,0.0000125000,0.0003694957,2025-12-14 14:00:00.060000+00:00
xyz:AMZN,0.0000125000,0.0003358165,2025-12-14 15:00:00.031000+00:00
xyz:AMZN,0.0000125000,0.0002816629,2025-12-14 16:00:00.070000+00:00
xyz:AMZN,0.0000125000,0.0003074602,2025-12-14 17:00:00.069000+00:00
xyz:AMZN,0.0000125000,-0.0001659722,2025-12-14 18:00:00.047000+00:00
xyz:AMZN,-0.0000513888,-0.0007111108,2025-12-14 19:00:00.044000+00:00
xyz:AMZN,0.0000125000,-0.0001553007,2025-12-14 20:00:00.047000+00:00
xyz:AMZN,0.0000125000,0.0003156081,2025-12-14 21:00:00.068000+00:00
xyz:AMZN,-0.0000340145,-0.0005721161,2025-12-14 22:00:00.087000+00:00
xyz:AMZN,-0.0000874900,-0.0009999204,2025-12-14 23:00:00.015000+00:00
xyz:AMZN,0.0000125000,-0.0001292949,2025-12-15 00:00:00.088000+00:00
xyz:AMZN,0.0000125000,-0.0001211178,2025-12-15 01:00:00.010000+00:00
xyz:AMZN,0.0000125000,-0.0000417365,2025-12-15 02:00:00.047000+00:00
xyz:AMZN,0.0000125000,-0.0001352248,2025-12-15 03:00:00.076000+00:00
xyz:AMZN,0.0000125000,0.0000236545,2025-12-15 04:00:00.021000+00:00
xyz:AMZN,0.0000125000,-0.0000966870,2025-12-15 05:00:00.059000+00:00
xyz:AMZN,0.0000125000,-0.0001176866,2025-12-15 06:00:00.047000+00:00
xyz:AMZN,0.0000125000,-0.0000404055,2025-12-15 07:00:00.042000+00:00
xyz:AMZN,0.0000125000,0.0001410704,2025-12-15 08:00:00.082000+00:00
xyz:AMZN,0.0000125000,0.0000532053,2025-12-15 09:00:00.059000+00:00
xyz:AMZN,0.0000125000,0.0000037979,2025-12-15 10:00:00.075000+00:00
xyz:AMZN,0.0000125000,-0.0000445804,2025-12-15 11:00:00.123000+00:00
xyz:AMZN,0.0000125000,-0.0000666677,2025-12-15 12:00:00.009000+00:00
xyz:AMZN,0.0000125000,-0.0000186930,2025-12-15 13:00:00.004000+00:00
xyz:AMZN,0.0000125000,-0.0000239216,2025-12-15 14:00:00.067000+00:00
xyz:AMZN,0.0000125000,0.0001926259,2025-12-15 15:00:00.001000+00:00
xyz:AMZN,0.0000155627,0.0004245018,2025-12-15 16:00:00.063000+00:00
xyz:AMZN,0.0000125000,0.0003352511,2025-12-15 17:00:00.112000+00:00
xyz:AMZN,0.0000125000,0.0000060200,2025-12-15 18:00:00.057000+00:00
xyz:AMZN,0.0000125000,-0.0000146101,2025-12-15 19:00:00.060000+00:00
xyz:AMZN,0.0000125000,-0.0000095241,2025-12-15 20:00:00.032000+00:00
xyz:AMZN,0.0000125000,-0.0000292405,2025-12-15 21:00:00.059000+00:00
xyz:AMZN,0.0000125000,-0.0000066001,2025-12-15 22:00:00.047000+00:00
xyz:AMZN,0.0000125000,0.0000029362,2025-12-15 23:00:00.069000+00:00
xyz:AMZN,0.0000125000,0.0000693236,2025-12-16 00:00:00.079000+00:00
xyz:AMZN,0.0000125000,0.0002681224,2025-12-16 01:00:00.072000+00:00
xyz:AMZN,0.0000125000,0.0003861954,2025-12-16 02:00:00.054000+00:00
xyz:AMZN,0.0000125000,0.0002951966,2025-12-16 03:00:00.051000+00:00
xyz:AMZN,0.0000125000,0.0001097813,2025-12-16 04:00:00.068000+00:00
xyz:AMZN,0.0000125000,0.0001767432,2025-12-16 05:00:00.036000+00:00
xyz:AMZN,0.0000125000,0.0000133472,2025-12-16 06:00:00.047000+00:00
xyz:AMZN,0.0000125000,-0.0000473522,2025-12-16 07:00:00.012000+00:00
xyz:AMZN,0.0000125000,0.0000933167,2025-12-16 08:00:00.101000+00:00
xyz:AMZN,0.0000125000,-0.0000722300,2025-12-16 09:00:00.077000+00:00
xyz:AMZN,0.0000125000,0.0000383576,2025-12-16 10:00:00.029000+00:00
xyz:AMZN,0.0000125000,-0.0000584579,2025-12-16 11:00:00.055000+00:00
xyz:AMZN,0.0000125000,0.0000351885,2025-12-16 12:00:00.047000+00:00
xyz:AMZN,0.0000125000,0.0001054959,2025-12-16 13:00:00.026000+00:00
xyz:AMZN,0.0000125000,0.0000614783,2025-12-16 14:00:00.003000+00:00
xyz:AMZN,0.0000125000,0.0001409139,2025-12-16 15:00:00.025000+00:00
xyz:AMZN,0.0000125000,0.0002448842,2025-12-16 16:00:00.075000+00:00
xyz:AMZN,0.0000125000,0.0002288866,2025-12-16 17:00:00.045000+00:00
xyz:AMZN,0.0000125000,0.0002164445,2025-12-16 18:00:00.063000+00:00
xyz:AMZN,0.0000125000,0.0000064377,2025-12-16 19:00:00.014000+00:00
xyz:AMZN,0.0000125000,-0.0001367856,2025-12-16 20:00:00.180000+00:00
xyz:AMZN,0.0000125000,-0.0000855244,2025-12-16 21:00:00.001000+00:00
xyz:AMZN,0.0000027047,-0.0002783628,2025-12-16 22:00:00.081000+00:00
xyz:AMZN,-0.0000006217,-0.0003049738,2025-12-16 23:00:00.079000+00:00
xyz:AMZN,0.0000125000,-0.0001956364,2025-12-17 00:00:00.013000+00:00
xyz:AMZN,0.0000125000,-0.0001948166,2025-12-17 01:00:00.109000+00:00
xyz:AMZN,0.0000125000,-0.0000683589,2025-12-17 02:00:00.088000+00:00
xyz:AMZN,0.0000125000,0.0001995585,2025-12-17 03:00:00.065000+00:00
xyz:AMZN,0.0000125000,0.0000018651,2025-12-17 04:00:00.020000+00:00
xyz:AMZN,0.0000125000,0.0001048858,2025-12-17 05:00:00.122000+00:00
xyz:AMZN,0.0000125000,0.0003647118,2025-12-17 06:00:00.024000+00:00
xyz:AMZN,0.0000173390,0.0004387124,2025-12-17 07:00:00.010000+00:00
xyz:AMZN,0.0000239657,0.0004917253,2025-12-17 08:00:00.022000+00:00
xyz:AMZN,0.0000255076,0.0005040610,2025-12-17 09:00:00.055000+00:00
xyz:AMZN,0.0000125000,0.0001354924,2025-12-17 10:00:00.016000+00:00
xyz:AMZN,0.0000125000,0.0001901855,2025-12-17 11:00:00.072000+00:00
xyz:AMZN,0.0000125000,0.0002096144,2025-12-17 12:00:00.021000+00:00
xyz:AMZN,0.0000233277,0.0004866217,2025-12-17 13:00:00.083000+00:00
xyz:AMZN,0.0000125000,0.0003592503,2025-12-17 14:00:00.018000+00:00
xyz:AMZN,0.0000143608,0.0004148861,2025-12-17 15:00:00.040000+00:00
xyz:AMZN,0.0000125000,0.0003619754,2025-12-17 16:00:00.034000+00:00
xyz:AMZN,0.0000125000,0.0003183517,2025-12-17 17:00:00.038000+00:00
xyz:AMZN,0.0000125000,0.0002918084,2025-12-17 18:00:00.074000+00:00
xyz:AMZN,0.0000125000,0.0002655476,2025-12-17 19:00:00.014000+00:00
xyz:AMZN,0.0000125000,0.0002682767,2025-12-17 20:00:00.061000+00:00
xyz:AMZN,0.0000125000,0.0001837551,2025-12-17 21:00:00.032000+00:00
xyz:AMZN,0.0000125000,0.0000171627,2025-12-17 22:00:00.073000+00:00
xyz:AMZN,0.0000125000,0.0000053748,2025-12-17 23:00:00+00:00
xyz:AMZN,0.0000125000,0.0000118249,2025-12-18 00:00:00.033000+00:00
xyz:AMZN,0.0000125000,0.0000314176,2025-12-18 01:00:00.079000+00:00
xyz:AMZN,0.0000125000,0.0000027772,2025-12-18 02:00:00.030000+00:00
xyz:AMZN,0.0000125000,0.0000558972,2025-12-18 03:00:00.055000+00:00
xyz:AMZN,0.0000125000,0.0000691579,2025-12-18 04:00:00.029000+00:00
xyz:AMZN,0.0000125000,0.0000225299,2025-12-18 05:00:00.055000+00:00
xyz:AMZN,0.0000125000,-0.0000333136,2025-12-18 06:00:00.044000+00:00
xyz:AMZN,0.0000125000,-0.0000136842,2025-12-18 07:00:00.025000+00:00
xyz:AMZN,0.0000125000,-0.0001029498,2025-12-18 08:00:00.050000+00:00
xyz:AMZN,0.0000111142,-0.0002110868,2025-12-18 09:00:00.003000+00:00
xyz:AMZN,0.0000125000,0.0000055859,2025-12-18 10:00:00.091000+00:00
xyz:AMZN,0.0000125000,0.0000255999,2025-12-18 11:00:00.056000+00:00
xyz:AMZN,0.0000125000,0.0000175978,2025-12-18 12:00:00.039000+00:00
xyz:AMZN,0.0000125000,0.0000307085,2025-12-18 13:00:00.003000+00:00
xyz:AMZN,0.0000125000,-0.0000367525,2025-12-18 14:00:00.026000+00:00
xyz:AMZN,0.0000125000,0.0002057803,2025-12-18 15:00:00.050000+00:00
xyz:AMZN,0.0000125000,0.0003076844,2025-12-18 16:00:00.031000+00:00
xyz:AMZN,0.0000125000,0.0001961149,2025-12-18 17:00:00.074000+00:00
xyz:AMZN,0.0000125000,0.0002041118,2025-12-18 18:00:00.080000+00:00
xyz:AMZN,0.0000125000,0.0002167911,2025-12-18 19:00:00.016000+00:00
xyz:AMZN,0.0000125000,0.0000945115,2025-12-18 20:00:00.077000+00:00
xyz:AMZN,0.0000125000,0.0000383120,2025-12-18 21:00:00.013000+00:00
xyz:AMZN,0.0000125000,-0.0000028509,2025-12-18 22:00:00.073000+00:00
xyz:AMZN,0.0000125000,0.0000005658,2025-12-18 23:00:00.067000+00:00
xyz:AMZN,0.0000125000,0.0000205708,2025-12-19 00:00:00.067000+00:00
xyz:AMZN,0.0000125000,0.0000107636,2025-12-19 01:00:00.032000+00:00
xyz:AMZN,0.0000125000,0.0001403115,2025-12-19 02:00:00.061000+00:00
xyz:AMZN,0.0000125000,0.0003189650,2025-12-19 03:00:00.012000+00:00
xyz:AMZN,0.0000125000,0.0000528628,2025-12-19 04:00:00.009000+00:00
xyz:AMZN,0.0000125000,-0.0000506891,2025-12-19 05:00:00.067000+00:00
xyz:AMZN,0.0000125000,-0.0000668645,2025-12-19 06:00:00.047000+00:00
xyz:AMZN,0.0000125000,-0.0001031584,2025-12-19 07:00:00.033000+00:00
xyz:AMZN,0.0000125000,-0.0000164314,2025-12-19 08:00:00.054000+00:00
xyz:AMZN,0.0000125000,0.0000546187,2025-12-19 09:00:00.013000+00:00
xyz:AMZN,0.0000125000,-0.0000528344,2025-12-19 10:00:00.046000+00:00
xyz:AMZN,0.0000125000,-0.0000473646,2025-12-19 11:00:00.006000+00:00
xyz:AMZN,0.0000125000,0.0002573531,2025-12-19 12:00:00.061000+00:00
xyz:AMZN,0.0000125000,0.0000066379,2025-12-19 13:00:00.006000+00:00
xyz:AMZN,0.0000125000,-0.0000463023,2025-12-19 14:00:00.026000+00:00
xyz:AMZN,0.0000125000,-0.0000491089,2025-12-19 15:00:00.126000+00:00
xyz:AMZN,0.0000125000,-0.0000239089,2025-12-19 16:00:00.091000+00:00
xyz:AMZN,0.0000125000,0.0001135371,2025-12-19 17:00:00.109000+00:00
xyz:AMZN,0.0000125000,0.0002315360,2025-12-19 18:00:00.025000+00:00
xyz:AMZN,0.0000125000,0.0002677886,2025-12-19 19:00:00.014000+00:00
xyz:AMZN,0.0000125000,0.0001237935,2025-12-19 20:00:00.036000+00:00
xyz:AMZN,0.0000125000,0.0000069733,2025-12-19 21:00:00.021000+00:00
xyz:AMZN,0.0000125000,0.0001933319,2025-12-19 22:00:00.013000+00:00
xyz:AMZN,0.0000062500,0.0002831645,2025-12-19 23:00:00.045000+00:00
xyz:AMZN,0.0000062500,0.0001508180,2025-12-20 00:00:00.049000+00:00
xyz:AMZN,0.0000062500,0.0001260642,2025-12-20 01:00:00.054000+00:00
xyz:AMZN,0.0000062500,-0.0001160260,2025-12-20 02:00:00.052000+00:00
xyz:AMZN,0.0000062500,0.0001999895,2025-12-20 03:00:00.088000+00:00
xyz:AMZN,-0.0000048640,-0.0003778240,2025-12-20 04:00:00.068000+00:00
xyz:AMZN,0.0000062500,-0.0001781260,2025-12-20 05:00:00.010000+00:00
xyz:AMZN,0.0000062500,0.0001884126,2025-12-20 06:00:00.061000+00:00
xyz:AMZN,0.0000062500,0.0003596562,2025-12-20 07:00:00.016000+00:00
xyz:AMZN,0.0000026448,-0.0002576839,2025-12-20 08:00:00.027000+00:00
xyz:AMZN,0.0000412192,0.0009595065,2025-12-20 09:00:00.085000+00:00
xyz:AMZN,0.0000478392,0.0010654269,2025-12-20 10:00:00.128000+00:00
xyz:AMZN,0.0000570662,0.0012130584,2025-12-20 11:00:00.020000+00:00
xyz:AMZN,0.0000603370,0.0012653913,2025-12-20 12:00:00.008000+00:00
xyz:AMZN,0.0000410035,0.0009560567,2025-12-20 13:00:00.029000+00:00
xyz:AMZN,0.0000289428,0.0007630842,2025-12-20 14:00:00.160000+00:00
xyz:AMZN,0.0000307075,0.0007913200,2025-12-20 15:00:00.007000+00:00
xyz:AMZN,0.0000278135,0.0007450165,2025-12-20 16:00:00.049000+00:00
xyz:AMZN,0.0000348290,0.0008572645,2025-12-20 17:00:00.090000+00:00
xyz:AMZN,0.0000421931,0.0009750888,2025-12-20 18:00:00.003000+00:00
xyz:AMZN,0.0000397642,0.0009362276,2025-12-20 19:00:00.040000+00:00
xyz:AMZN,0.0000335556,0.0008368901,2025-12-20 20:00:00.009000+00:00
xyz:AMZN,0.0000198913,0.0006182615,2025-12-20 21:00:00.059000+00:00
xyz:AMZN,0.0000090303,0.0004444841,2025-12-20 22:00:00.093000+00:00
xyz:AMZN,0.0000062500,0.0001727665,2025-12-20 23:00:00.087000+00:00
xyz:AMZN,0.0000089609,0.0004433737,2025-12-21 00:00:00.121000+00:00
xyz:AMZN,0.0000167223,0.0005675574,2025-12-21 01:00:00.035000+00:00
xyz:AMZN,0.0000062500,0.0003721066,2025-12-21 02:00:00.051000+00:00
xyz:AMZN,0.0000750316,0.0015005061,2025-12-21 03:00:00.019000+00:00
xyz:AMZN,0.0000062500,0.0003948089,2025-12-21 04:00:00.042000+00:00
xyz:AMZN,0.0000062500,0.0003181732,2025-12-21 05:00:00.026000+00:00
xyz:AMZN,0.0000236927,0.0006790825,2025-12-21 06:00:00.033000+00:00
xyz:AMZN,0.0000255067,0.0007081073,2025-12-21 07:00:00.023000+00:00
xyz:AMZN,0.0000062500,0.0001564559,2025-12-21 08:00:00.005000+00:00
xyz:AMZN,0.0000286539,0.0007584621,2025-12-21 09:00:00.041000+00:00
xyz:AMZN,0.0000347460,0.0008559362,2025-12-21 10:00:00.026000+00:00
xyz:AMZN,0.0000062500,0.0000390719,2025-12-21 11:00:00.001000+00:00
xyz:AMZN,0.0000730640,0.0014690243,2025-12-21 12:00:00.014000+00:00
xyz:AMZN,0.0000500041,0.0011000656,2025-12-21 13:00:00.104000+00:00
xyz:AMZN,0.0000127250,0.0005035994,2025-12-21 14:00:00.061000+00:00
xyz:AMZN,0.0000062500,0.0003686522,2025-12-21 15:00:00.046000+00:00
xyz:AMZN,-0.0000622468,-0.0012959483,2025-12-21 16:00:00.090000+00:00
xyz:AMZN,0.0000062500,-0.0000978769,2025-12-21 17:00:00.081000+00:00
xyz:AMZN,0.0000062500,0.0002094856,2025-12-21 18:00:00.005000+00:00
xyz:AMZN,0.0000062500,0.0000312474,2025-12-21 19:00:00.103000+00:00
xyz:AMZN,0.0000062500,0.0002098377,2025-12-21 20:00:00.004000+00:00
xyz:AMZN,0.0000279581,0.0007473291,2025-12-21 21:00:00.091000+00:00
xyz:AMZN,0.0000062500,0.0001882673,2025-12-21 22:00:00.043000+00:00
xyz:AMZN,0.0000074517,0.0004192267,2025-12-21 23:00:00.179000+00:00
xyz:AMZN,0.0000151713,0.0005427403,2025-12-22 00:00:00.034000+00:00
xyz:AMZN,0.0000062500,-0.0001563217,2025-12-22 01:00:00.030000+00:00
xyz:AMZN,0.0000299298,0.0007788766,2025-12-22 02:00:00.054000+00:00
xyz:AMZN,0.0000530860,0.0011493761,2025-12-22 03:00:00.057000+00:00
xyz:AMZN,0.0000536241,0.0011579854,2025-12-22 04:00:00.017000+00:00
xyz:AMZN,0.0000667428,0.0013678856,2025-12-22 05:00:00.041000+00:00
xyz:AMZN,0.0000478574,0.0010657184,2025-12-22 06:00:00.079000+00:00
xyz:AMZN,0.0000475889,0.0010614228,2025-12-22 07:00:00.012000+00:00
xyz:AMZN,0.0000250873,0.0007013975,2025-12-22 08:00:00.066000+00:00
xyz:AMZN,0.0000062500,0.0001600194,2025-12-22 09:00:00.042000+00:00
xyz:AMZN,0.0000062500,0.0000664114,2025-12-22 10:00:00.028000+00:00
xyz:AMZN,0.0000062500,0.0000534013,2025-12-22 11:00:00.073000+00:00
xyz:AMZN,0.0000062500,0.0000333212,2025-12-22 12:00:00.028000+00:00
xyz:AMZN,0.0000062500,0.0000450283,2025-12-22 13:00:00.031000+00:00
xyz:AMZN,0.0000062500,0.0000665388,2025-12-22 14:00:00.065000+00:00
xyz:AMZN,0.0000062500,0.0000959359,2025-12-22 15:00:00.012000+00:00
xyz:AMZN,0.0000062500,-0.0000082787,2025-12-22 16:00:00.031000+00:00
xyz:AMZN,0.0000062500,-0.0000048152,2025-12-22 17:00:00.050000+00:00
xyz:AMZN,0.0000062500,0.0000082081,2025-12-22 18:00:00.030000+00:00
xyz:AMZN,0.0000062500,-0.0000001307,2025-12-22 19:00:00.006000+00:00
xyz:AMZN,0.0000062500,-0.0000639971,2025-12-22 20:00:00.046000+00:00
xyz:AMZN,0.0000062500,-0.0000426081,2025-12-22 21:00:00+00:00
xyz:AMZN,-0.0000001664,-0.0003026619,2025-12-22 22:00:00.036000+00:00
xyz:AMZN,0.0000062500,-0.0000333399,2025-12-22 23:00:00.053000+00:00
xyz:AMZN,0.0000062500,-0.0001698657,2025-12-23 00:00:00.002000+00:00
xyz:AMZN,0.0000062500,-0.0001835888,2025-12-23 01:00:00.098000+00:00
xyz:AMZN,0.0000059653,-0.0002045560,2025-12-23 02:00:00.053000+00:00
xyz:AMZN,0.0000033278,-0.0002467558,2025-12-23 03:00:00.060000+00:00
xyz:AMZN,0.0000062500,-0.0001168938,2025-12-23 04:00:00.059000+00:00
xyz:AMZN,0.0000017837,-0.0002714606,2025-12-23 05:00:00.066000+00:00
xyz:AMZN,-0.0000045339,-0.0003725430,2025-12-23 06:00:00.065000+00:00
xyz:AMZN,-0.0000065253,-0.0004044048,2025-12-23 07:00:00.033000+00:00
xyz:AMZN,-0.0000047898,-0.0003766362,2025-12-23 08:00:00.066000+00:00
xyz:AMZN,0.0000002734,-0.0002956254,2025-12-23 09:00:00.061000+00:00
xyz:AMZN,-0.0000040065,-0.0003641040,2025-12-23 10:00:00.050000+00:00
xyz:AMZN,-0.0000035649,-0.0003570379,2025-12-23 11:00:00.027000+00:00
xyz:AMZN,0.0000062500,-0.0001920711,2025-12-23 12:00:00.062000+00:00
xyz:AMZN,0.0000060009,-0.0002039858,2025-12-23 13:00:00.067000+00:00
xyz:AMZN,0.0000062500,0.0000499327,2025-12-23 14:00:00.025000+00:00
xyz:AMZN,0.0000062500,-0.0001147089,2025-12-23 15:00:00.117000+00:00
xyz:AMZN,0.0000062500,0.0000329752,2025-12-23 16:00:00.036000+00:00
xyz:AMZN,0.0000062500,0.0002920066,2025-12-23 17:00:00.118000+00:00
xyz:AMZN,0.0000062500,0.0003298879,2025-12-23 18:00:00.008000+00:00
xyz:AMZN,0.0000062500,0.0002519562,2025-12-23 19:00:00.021000+00:00
xyz:AMZN,0.0000062500,0.0001192597,2025-12-23 20:00:00.206000+00:00
xyz:AMZN,0.0000062500,0.0000636492,2025-12-23 21:00:00.067000+00:00
xyz:AMZN,0.0000095640,0.0004530235,2025-12-23 22:00:00.021000+00:00
xyz:AMZN,0.0000062500,0.0000921760,2025-12-23 23:00:00.051000+00:00
xyz:AMZN,0.0000062500,0.0002142282,2025-12-24 00:00:00.088000+00:00
xyz:AMZN,0.0000062500,0.0003139185,2025-12-24 01:00:00.030000+00:00
xyz:AMZN,0.0000109729,0.0004755672,2025-12-24 02:00:00.077000+00:00
xyz:AMZN,0.0000062500,0.0003732449,2025-12-24 03:00:00.005000+00:00
xyz:AMZN,0.0000062500,0.0002590335,2025-12-24 04:00:00.045000+00:00
xyz:AMZN,0.0000062500,0.0002447154,2025-12-24 05:00:00.039000+00:00
xyz:AMZN,0.0000062500,0.0003573840,2025-12-24 06:00:00.027000+00:00
xyz:AMZN,0.0000216178,0.0006458848,2025-12-24 07:00:00.010000+00:00
xyz:AMZN,0.0000512403,0.0011198449,2025-12-24 08:00:00.074000+00:00
xyz:AMZN,0.0000565645,0.0012050317,2025-12-24 09:00:00.035000+00:00
xyz:AMZN,0.0000250094,0.0007001509,2025-12-24 10:00:00.079000+00:00
xyz:AMZN,0.0000258527,0.0007136439,2025-12-24 11:00:00.034000+00:00
xyz:AMZN,0.0000174951,0.0005799217,2025-12-24 12:00:00.028000+00:00
xyz:AMZN,0.0000155348,0.0005485562,2025-12-24 13:00:00.012000+00:00
xyz:AMZN,0.0000130411,0.0005086569,2025-12-24 14:00:00.025000+00:00
xyz:AMZN,0.0000192465,0.0006079434,2025-12-24 15:00:00.087000+00:00
xyz:AMZN,0.0000062500,0.0003676119,2025-12-24 16:00:00.002000+00:00
xyz:AMZN,0.0000096837,0.0004549393,2025-12-24 17:00:00.013000+00:00
xyz:AMZN,0.0000062500,0.0003538421,2025-12-24 18:00:00.037000+00:00
xyz:AMZN,0.0000062500,0.0002604914,2025-12-24 19:00:00.010000+00:00
xyz:AMZN,0.0000062500,0.0000031376,2025-12-24 20:00:00.012000+00:00
xyz:AMZN,-0.0000017198,-0.0003275175,2025-12-24 21:00:00.014000+00:00
xyz:AMZN,0.0000213361,0.0006413783,2025-12-24 22:00:00.001000+00:00
xyz:AMZN,0.0000062500,-0.0001040352,2025-12-24 23:00:00.087000+00:00
xyz:AMZN,-0.0000920883,-0.0017734121,2025-12-25 00:00:00.009000+00:00
xyz:AMZN,0.0000786897,0.0015590349,2025-12-25 01:00:00.033000+00:00
xyz:AMZN,0.0001046970,0.0019751514,2025-12-25 02:00:00.085000+00:00
xyz:AMZN,0.0000443698,0.0010099166,2025-12-25 03:00:00.030000+00:00
xyz:AMZN,0.0000226646,0.0006626336,2025-12-25 04:00:00.034000+00:00
xyz:AMZN,0.0001654875,0.0029478000,2025-12-25 05:00:00.023000+00:00
xyz:AMZN,0.0000927656,0.0017842498,2025-12-25 06:00:00.056000+00:00
xyz:AMZN,0.0000062500,-0.0000649828,2025-12-25 07:00:00.023000+00:00
xyz:AMZN,0.0000062500,-0.0000334531,2025-12-25 08:00:00.045000+00:00
xyz:AMZN,0.0000062500,0.0003860514,2025-12-25 09:00:00.041000+00:00
xyz:AMZN,0.0007021062,0.0115336986,2025-12-25 10:00:00.018000+00:00
xyz:AMZN,-0.0000441386,-0.0010062174,2025-12-25 11:00:00.029000+00:00
xyz:AMZN,-0.0000855380,-0.0016686075,2025-12-25 12:00:00.064000+00:00
xyz:AMZN,-0.0000237191,-0.0006795055,2025-12-25 13:00:00.067000+00:00
xyz:AMZN,0.0000062500,-0.0001103167,2025-12-25 14:00:00.102000+00:00
xyz:AMZN,-0.0000017592,-0.0003281476,2025-12-25 15:00:00.042000+00:00
xyz:AMZN,0.0000062500,0.0001728498,2025-12-25 16:00:00.058000+00:00
xyz:AMZN,0.0000062500,-0.0001484782,2025-12-25 17:00:00.056000+00:00
xyz:AMZN,-0.0000021025,-0.0003336407,2025-12-25 18:00:00.010000+00:00
xyz:AMZN,0.0000280872,0.0007493949,2025-12-25 19:00:00.040000+00:00
xyz:AMZN,-0.0000264180,-0.0007226883,2025-12-25 20:00:00.060000+00:00
xyz:AMZN,0.0000192977,0.0006087636,2025-12-25 21:00:00.080000+00:00
xyz:AMZN,0.0001190870,0.0022053917,2025-12-25 22:00:00.003000+00:00
xyz:AMZN,0.0000062500,-0.0001682377,2025-12-25 23:00:00.019000+00:00
xyz:AMZN,-0.0001181070,-0.0021897126,2025-12-26 00:00:00.022000+00:00
xyz:AMZN,-0.0000222919,-0.0006566708,2025-12-26 01:00:00.008000+00:00
xyz:AMZN,0.0000646024,0.0013336391,2025-12-26 02:00:00.062000+00:00
xyz:AMZN,0.0000737540,0.0014800638,2025-12-26 03:00:00+00:00
xyz:AMZN,0.0000931071,0.0017897143,2025-12-26 04:00:00.056000+00:00
xyz:AMZN,0.0000686752,0.0013988027,2025-12-26 05:00:00.092000+00:00
xyz:AMZN,0.0000650974,0.0013415582,2025-12-26 06:00:00.012000+00:00
xyz:AMZN,0.0000623243,0.0012971881,2025-12-26 07:00:00.039000+00:00
xyz:AMZN,0.0000868417,0.0016894668,2025-12-26 08:00:00.040000+00:00
xyz:AMZN,0.0001151421,0.0021422735,2025-12-26 09:00:00.017000+00:00
xyz:AMZN,0.0000413790,0.0009620634,2025-12-26 10:00:00.113000+00:00
xyz:AMZN,0.0000527155,0.0011434479,2025-12-26 11:00:00.164000+00:00
xyz:AMZN,0.0000689492,0.0014031875,2025-12-26 12:00:00.040000+00:00
xyz:AMZN,0.0000537727,0.0011603634,2025-12-26 13:00:00.030000+00:00
xyz:AMZN,0.0000476760,0.0010628154,2025-12-26 14:00:00.015000+00:00
xyz:AMZN,0.0000268011,0.0007288182,2025-12-26 15:00:00.077000+00:00
xyz:AMZN,0.0000062500,0.0002724070,2025-12-26 16:00:00.036000+00:00
xyz:AMZN,0.0000154278,0.0005468448,2025-12-26 17:00:00.019000+00:00
xyz:AMZN,0.0000226557,0.0006624906,2025-12-26 18:00:00.088000+00:00
xyz:AMZN,0.0000154502,0.0005472039,2025-12-26 19:00:00.033000+00:00
xyz:AMZN,0.0000197876,0.0006166019,2025-12-26 20:00:00.045000+00:00
xyz:AMZN,0.0000201860,0.0006229762,2025-12-26 21:00:00.004000+00:00
xyz:AMZN,0.0000465048,0.0010440766,2025-12-26 22:00:00.040000+00:00
xyz:AMZN,0.0000502571,0.0011041138,2025-12-26 23:00:00.040000+00:00
xyz:AMZN,0.0000516761,0.0011268179,2025-12-27 00:00:00.023000+00:00
xyz:AMZN,0.0000583008,0.0012328123,2025-12-27 01:00:00.020000+00:00
xyz:AMZN,0.0000311841,0.0007989452,2025-12-27 02:00:00.019000+00:00
xyz:AMZN,0.0000165769,0.0005652296,2025-12-27 03:00:00.083000+00:00
xyz:AMZN,0.0000176952,0.0005831232,2025-12-27 04:00:00+00:00
xyz:AMZN,0.0001041898,0.0019670363,2025-12-27 05:00:00.022000+00:00
xyz:AMZN,0.0000891266,0.0017260260,2025-12-27 06:00:00.022000+00:00
xyz:AMZN,0.0000473504,0.0010576071,2025-12-27 07:00:00.101000+00:00
xyz:AMZN,0.0000345555,0.0008528884,2025-12-27 08:00:00.049000+00:00
xyz:AMZN,0.0000253304,0.0007052865,2025-12-27 09:00:00.024000+00:00
xyz:AMZN,0.0000277812,0.0007444994,2025-12-27 10:00:00.051000+00:00
xyz:AMZN,0.0000225292,0.0006604670,2025-12-27 11:00:00.058000+00:00
xyz:AMZN,0.0000351837,0.0008629389,2025-12-27 12:00:00.048000+00:00
xyz:AMZN,0.0000209737,0.0006355799,2025-12-27 13:00:00.049000+00:00
xyz:AMZN,0.0000062500,0.0003602015,2025-12-27 14:00:00.129000+00:00
xyz:AMZN,0.0000062500,0.0003819879,2025-12-27 15:00:00.130000+00:00
xyz:AMZN,0.0000062500,0.0002918519,2025-12-27 16:00:00.019000+00:00
xyz:AMZN,0.0000062500,0.0003778840,2025-12-27 17:00:00.106000+00:00
xyz:AMZN,0.0000062500,0.0003698670,2025-12-27 18:00:00.021000+00:00
xyz:AMZN,0.0000062500,0.0003400856,2025-12-27 19:00:00.007000+00:00
xyz:AMZN,0.0000062500,-0.0000973353,2025-12-27 20:00:00.057000+00:00
xyz:AMZN,0.0000062500,-0.0001819176,2025-12-27 21:00:00.027000+00:00
xyz:AMZN,0.0000062500,0.0002000145,2025-12-27 22:00:00.034000+00:00
xyz:AMZN,0.0000062500,0.0003153035,2025-12-27 23:00:00.018000+00:00
xyz:AMZN,0.0000062500,0.0000882272,2025-12-28 00:00:00.072000+00:00
xyz:AMZN,0.0000062500,0.0003735595,2025-12-28 01:00:00.041000+00:00
xyz:AMZN,0.0000062500,0.0003850855,2025-12-28 02:00:00.027000+00:00
xyz:AMZN,0.0000114675,0.0004834801,2025-12-28 03:00:00.017000+00:00
xyz:AMZN,0.0000062500,0.0003296058,2025-12-28 04:00:00.024000+00:00
xyz:AMZN,0.0000062500,-0.0000291378,2025-12-28 05:00:00.062000+00:00
xyz:AMZN,0.0000062500,0.0003854758,2025-12-28 06:00:00.060000+00:00
xyz:AMZN,0.0000088136,0.0004410177,2025-12-28 07:00:00.028000+00:00
xyz:AMZN,0.0000033741,-0.0002460138,2025-12-28 08:00:00.040000+00:00
xyz:AMZN,-0.0000122647,-0.0004962354,2025-12-28 09:00:00.005000+00:00
xyz:AMZN,-0.0000129183,-0.0005066935,2025-12-28 10:00:00.074000+00:00
xyz:AMZN,-0.0000293317,-0.0007693076,2025-12-28 11:00:00.057000+00:00
xyz:AMZN,-0.0000128811,-0.0005060977,2025-12-28 12:00:00.046000+00:00
xyz:AMZN,-0.0000083408,-0.0004334532,2025-12-28 13:00:00.095000+00:00
xyz:AMZN,-0.0000148392,-0.0005374275,2025-12-28 14:00:00.095000+00:00
xyz:AMZN,-0.0000107290,-0.0004716637,2025-12-28 15:00:00.109000+00:00
xyz:AMZN,-0.0000137895,-0.0005206314,2025-12-28 16:00:00.008000+00:00
xyz:AMZN,-0.0000374475,-0.0008991593,2025-12-28 17:00:00.074000+00:00
xyz:AMZN,-0.0000387084,-0.0009193340,2025-12-28 18:00:00.041000+00:00
xyz:AMZN,0.0000062500,-0.0001366912,2025-12-28 19:00:00.019000+00:00
xyz:AMZN,0.0000062500,-0.0000772705,2025-12-28 20:00:00.016000+00:00
xyz:AMZN,0.0000033756,-0.0002459904,2025-12-28 21:00:00.047000+00:00
xyz:AMZN,-0.0000003422,-0.0003054753,2025-12-28 22:00:00.072000+00:00
xyz:AMZN,-0.0000077133,-0.0004234135,2025-12-28 23:00:00.045000+00:00
xyz:AMZN,0.0000062500,-0.0001177958,2025-12-29 00:00:00.132000+00:00
xyz:AMZN,0.0000022861,-0.0002634225,2025-12-29 01:00:00.082000+00:00
xyz:AMZN,0.0000187983,0.0006007725,2025-12-29 02:00:00.076000+00:00
xyz:AMZN,0.0001236066,0.0022777050,2025-12-29 03:00:00.049000+00:00
xyz:AMZN,0.0001318570,0.0024097117,2025-12-29 04:00:00.132000+00:00
xyz:AMZN,0.0001137997,0.0021207953,2025-12-29 05:00:00.006000+00:00
xyz:AMZN,0.0001206257,0.0022300119,2025-12-29 06:00:00.005000+00:00
xyz:AMZN,0.0000855253,0.0016684052,2025-12-29 07:00:00.018000+00:00
xyz:AMZN,0.0002084865,0.0036357834,2025-12-29 08:00:00.014000+00:00
xyz:AMZN,0.0001659879,0.0029558069,2025-12-29 09:00:00.030000+00:00
xyz:AMZN,0.0000481637,0.0010706190,2025-12-29 10:00:00.008000+00:00
xyz:AMZN,0.0000542807,0.0011684912,2025-12-29 11:00:00.098000+00:00
xyz:AMZN,0.0000312726,0.0008003610,2025-12-29 12:00:00.026000+00:00
xyz:AMZN,0.0000238729,0.0006819668,2025-12-29 13:00:00.001000+00:00
xyz:AMZN,0.0000628256,0.0013052097,2025-12-29 14:00:00.028000+00:00
xyz:AMZN,0.0000680131,0.0013882088,2025-12-29 15:00:00.031000+00:00
xyz:AMZN,0.0000242634,0.0006882143,2025-12-29 16:00:00.014000+00:00
xyz:AMZN,0.0000249537,0.0006992584,2025-12-29 17:00:00.019000+00:00
xyz:AMZN,0.0000187358,0.0005997724,2025-12-29 18:00:00.031000+00:00
xyz:AMZN,0.0000152977,0.0005447628,2025-12-29 19:00:00.026000+00:00
xyz:AMZN,0.0000274428,0.0007390842,2025-12-29 20:00:00.055000+00:00
xyz:AMZN,0.0000831718,0.0016307492,2025-12-29 21:00:00.006000+00:00
xyz:AMZN,0.0001202886,0.0022246173,2025-12-29 22:00:00.075000+00:00
xyz:AMZN,0.0001053579,0.0019857264,2025-12-29 23:00:00.040000+00:00
xyz:AMZN,0.0001373163,0.0024970615,2025-12-30 00:00:00.010000+00:00
xyz:AMZN,0.0000237160,0.0006794557,2025-12-30 01:00:00.049000+00:00
xyz:AMZN,0.0000461571,0.0010385143,2025-12-30 02:00:00.033000+00:00
xyz:AMZN,0.0000570341,0.0012125458,2025-12-30 03:00:00.041000+00:00
xyz:AMZN,0.0000537002,0.0011592037,2025-12-30 04:00:00.063000+00:00
xyz:AMZN,0.0000705531,0.0014288498,2025-12-30 05:00:00.069000+00:00
xyz:AMZN,0.0000842942,0.0016487079,2025-12-30 06:00:00.067000+00:00
xyz:AMZN,0.0000854526,0.0016672414,2025-12-30 07:00:00.062000+00:00
xyz:AMZN,0.0000795576,0.0015729213,2025-12-30 08:00:00.028000+00:00
xyz:AMZN,0.0000549255,0.0011788075,2025-12-30 09:00:00.045000+00:00
xyz:AMZN,0.0000189166,0.0006026654,2025-12-30 10:00:00.080000+00:00
xyz:AMZN,0.0000192287,0.0006076585,2025-12-30 11:00:00.054000+00:00
xyz:AMZN,0.0000275655,0.0007410483,2025-12-30 12:00:00.003000+00:00
xyz:AMZN,0.0000190197,0.0006043151,2025-12-30 13:00:00.121000+00:00
xyz:AMZN,0.0000209332,0.0006349318,2025-12-30 14:00:00.031000+00:00
xyz:AMZN,0.0000073790,0.0004180633,2025-12-30 15:00:00.036000+00:00
xyz:AMZN,0.0000062500,0.0001205436,2025-12-30 16:00:00.039000+00:00
xyz:AMZN,0.0000062719,0.0004003500,2025-12-30 17:00:00.051000+00:00
xyz:AMZN,0.0000107348,0.0004717567,2025-12-30 18:00:00.071000+00:00
xyz:AMZN,0.0000168036,0.0005688576,2025-12-30 19:00:00.033000+00:00
xyz:AMZN,0.0000150040,0.0005400632,2025-12-30 20:00:00.120000+00:00
xyz:AMZN,0.0000193636,0.0006098182,2025-12-30 21:00:00.041000+00:00
xyz:AMZN,0.0000331775,0.0008308398,2025-12-30 22:00:00.003000+00:00
xyz:AMZN,0.0000179686,0.0005874979,2025-12-30 23:00:00.047000+00:00
xyz:AMZN,0.0000229897,0.0006678354,2025-12-31 00:00:00.021000+00:00
xyz:AMZN,0.0000716622,0.0014465947,2025-12-31 01:00:00.022000+00:00
xyz:AMZN,0.0000368874,0.0008901987,2025-12-31 02:00:00.037000+00:00
xyz:AMZN,0.0000382479,0.0009119667,2025-12-31 03:00:00.053000+00:00
xyz:AMZN,0.0000410369,0.0009565911,2025-12-31 04:00:00.057000+00:00
xyz:AMZN,0.0000477422,0.0010638749,2025-12-31 05:00:00.011000+00:00
xyz:AMZN,0.0000511657,0.0011186512,2025-12-31 06:00:00.002000+00:00
xyz:AMZN,0.0000491272,0.0010860348,2025-12-31 07:00:00.029000+00:00
xyz:AMZN,0.0000500581,0.0011009301,2025-12-31 08:00:00.063000+00:00
xyz:AMZN,0.0000540628,0.0011650053,2025-12-31 09:00:00.019000+00:00
xyz:AMZN,0.0000686143,0.0013978289,2025-12-31 10:00:00.002000+00:00
xyz:AMZN,0.0000791962,0.0015671389,2025-12-31 11:00:00.050000+00:00
xyz:AMZN,0.0000482756,0.0010724098,2025-12-31 12:00:00.095000+00:00
xyz:AMZN,0.0000344468,0.0008511489,2025-12-31 13:00:00.002000+00:00
xyz:AMZN,0.0000150368,0.0005405886,2025-12-31 14:00:00.008000+00:00
xyz:AMZN,0.0000164183,0.0005626929,2025-12-31 15:00:00.015000+00:00
xyz:AMZN,0.0000062500,0.0002372238,2025-12-31 16:00:00.089000+00:00
xyz:AMZN,0.0000062500,0.0002175597,2025-12-31 17:00:00.072000+00:00
xyz:AMZN,0.0000170001,0.0005720008,2025-12-31 18:00:00.050000+00:00
xyz:AMZN,0.0000062500,0.0003003269,2025-12-31 19:00:00.053000+00:00
xyz:AMZN,0.0000062500,0.0000504226,2025-12-31 20:00:00.058000+00:00
xyz:AMZN,0.0000133264,0.0005132229,2025-12-31 21:00:00.043000+00:00
xyz:AMZN,0.0001434433,0.0025950922,2025-12-31 22:00:00.100000+00:00
xyz:AMZN,0.0001167531,0.0021680494,2025-12-31 23:00:00.093000+00:00
xyz:AMZN,0.0000886847,0.0017189545,2026-01-01 00:00:00.063000+00:00
xyz:AMZN,0.0000601282,0.0012620511,2026-01-01 01:00:00.053000+00:00
xyz:AMZN,0.0000766211,0.0015259380,2026-01-01 02:00:00.024000+00:00
xyz:AMZN,0.0000256256,0.0007100089,2026-01-01 03:00:00.012000+00:00
xyz:AMZN,0.0000293852,0.0007701632,2026-01-01 04:00:00.036000+00:00
xyz:AMZN,0.0000498637,0.0010978191,2026-01-01 05:00:00.040000+00:00
xyz:AMZN,0.0000888513,0.0017216213,2026-01-01 06:00:00.053000+00:00
xyz:AMZN,0.0000138315,0.0005213033,2026-01-01 07:00:00.011000+00:00
xyz:AMZN,0.0000693854,0.0014101661,2026-01-01 08:00:00.045000+00:00
xyz:AMZN,0.0000619152,0.0012906429,2026-01-01 09:00:00.098000+00:00
xyz:AMZN,0.0000806526,0.0015904415,2026-01-01 10:00:00.010000+00:00
xyz:AMZN,0.0000502601,0.0011041611,2026-01-01 11:00:00.034000+00:00
xyz:AMZN,0.0000876454,0.0017023269,2026-01-01 12:00:00.051000+00:00
xyz:AMZN,0.0001106194,0.0020699104,2026-01-01 13:00:00.101000+00:00
xyz:AMZN,0.0001136768,0.0021188282,2026-01-01 14:00:00.010000+00:00
xyz:AMZN,0.0000320818,0.0008133085,2026-01-01 15:00:00.003000+00:00
xyz:AMZN,0.0000926946,0.0017831141,2026-01-01 16:00:00.025000+00:00
xyz:AMZN,0.0000777830,0.0015445277,2026-01-01 17:00:00.034000+00:00
xyz:AMZN,-0.0000182166,-0.0005914663,2026-01-01 18:00:00.042000+00:00
xyz:AMZN,-0.0000178101,-0.0005849622,2026-01-01 19:00:00.029000+00:00
xyz:AMZN,0.0000113228,0.0004811655,2026-01-01 20:00:00.043000+00:00
xyz:AMZN,0.0000200045,0.0006200725,2026-01-01 21:00:00.069000+00:00
xyz:AMZN,0.0000062500,0.0003504669,2026-01-01 22:00:00.047000+00:00
xyz:AMZN,0.0000426268,0.0009820289,2026-01-01 23:00:00.023000+00:00
xyz:AMZN,0.0000640093,0.0013241483,2026-01-02 00:00:00.042000+00:00
xyz:AMZN,0.0000380278,0.0009084454,2026-01-02 01:00:00.032000+00:00
xyz:AMZN,0.0000716667,0.0014466678,2026-01-02 02:00:00.057000+00:00
xyz:AMZN,0.0000468778,0.0010500441,2026-01-02 03:00:00.019000+00:00
xyz:AMZN,0.0000062500,0.0001986222,2026-01-02 04:00:00.139000+00:00
xyz:AMZN,-0.0000004684,-0.0003074944,2026-01-02 05:00:00.110000+00:00
xyz:AMZN,0.0000062500,0.0000132133,2026-01-02 06:00:00.022000+00:00
xyz:AMZN,0.0000233199,0.0006731188,2026-01-02 07:00:00.003000+00:00
xyz:AMZN,0.0000574802,0.0012196831,2026-01-02 08:00:00.081000+00:00
xyz:AMZN,0.0000260517,0.0007168278,2026-01-02 09:00:00.003000+00:00
xyz:AMZN,0.0000062500,0.0001717957,2026-01-02 10:00:00.091000+00:00
xyz:AMZN,0.0000062500,0.0001706428,2026-01-02 11:00:00.048000+00:00
xyz:AMZN,0.0000062500,0.0002666213,2026-01-02 12:00:00.042000+00:00
xyz:AMZN,0.0000062500,0.0001074048,2026-01-02 13:00:00.114000+00:00
xyz:AMZN,0.0000062500,0.0001280691,2026-01-02 14:00:00.009000+00:00
xyz:AMZN,0.0000062500,0.0003849901,2026-01-02 15:00:00.105000+00:00
xyz:AMZN,0.0000280862,0.0007493799,2026-01-02 16:00:00.038000+00:00
xyz:AMZN,0.0000062500,0.0001539583,2026-01-02 17:00:00.047000+00:00
xyz:AMZN,0.0000062500,0.0001711637,2026-01-02 18:00:00.034000+00:00
xyz:AMZN,0.0000062500,0.0003633359,2026-01-02 19:00:00.026000+00:00
xyz:AMZN,0.0000062500,0.0003758826,2026-01-02 20:00:00.027000+00:00
xyz:AMZN,0.0000160447,0.0005567153,2026-01-02 21:00:00+00:00
xyz:AMZN,0.0000392886,0.0009286183,2026-01-02 22:00:00.042000+00:00
xyz:AMZN,0.0000353097,0.0008649551,2026-01-02 23:00:00.022000+00:00
xyz:AMZN,0.0000276347,0.0007421556,2026-01-03 00:00:00.008000+00:00
xyz:AMZN,0.0000246330,0.0006941275,2026-01-03 01:00:00.018000+00:00
xyz:AMZN,0.0000062500,0.0002823495,2026-01-03 02:00:00.008000+00:00
xyz:AMZN,-0.0001021351,-0.0019341611,2026-01-03 03:00:00.074000+00:00
xyz:AMZN,-0.0003611109,-0.0060777746,2026-01-03 04:00:00.011000+00:00
xyz:AMZN,0.0000062500,0.0001046835,2026-01-03 05:00:00.006000+00:00
xyz:AMZN,-0.0000360616,-0.0008769849,2026-01-03 06:00:00.019000+00:00
xyz:AMZN,0.0000062500,-0.0001315415,2026-01-03 07:00:00.004000+00:00
xyz:AMZN,-0.0000932253,-0.0017916052,2026-01-03 08:00:00.011000+00:00
xyz:AMZN,-0.0000932470,-0.0017919521,2026-01-03 09:00:00.067000+00:00
xyz:AMZN,-0.0000459437,-0.0010350985,2026-01-03 10:00:00.026000+00:00
xyz:AMZN,-0.0000060297,-0.0003964747,2026-01-03 11:00:00.060000+00:00
xyz:AMZN,0.0000062500,0.0002774052,2026-01-03 12:00:00.095000+00:00
xyz:AMZN,-0.0000029891,-0.0003478262,2026-01-03 13:00:00.083000+00:00
xyz:AMZN,-0.0000119208,-0.0004907328,2026-01-03 14:00:00.043000+00:00
xyz:AMZN,-0.0000427563,-0.0009841014,2026-01-03 15:00:00.072000+00:00
xyz:AMZN,-0.0000480414,-0.0010686621,2026-01-03 16:00:00.044000+00:00
xyz:AMZN,-0.0000422223,-0.0009755562,2026-01-03 17:00:00.083000+00:00
xyz:AMZN,0.0000062500,0.0002142468,2026-01-03 18:00:00.061000+00:00
xyz:AMZN,0.0000062500,0.0003719052,2026-01-03 19:00:00.032000+00:00
xyz:AMZN,0.0000062500,0.0001577851,2026-01-03 20:00:00.019000+00:00
xyz:AMZN,0.0000340816,0.0008453062,2026-01-03 21:00:00.128000+00:00
xyz:AMZN,0.0000040830,-0.0002346724,2026-01-03 22:00:00.077000+00:00
xyz:AMZN,-0.0000934305,-0.0017948887,2026-01-03 23:00:00.046000+00:00
xyz:AMZN,-0.0000692887,-0.0014086194,2026-01-04 00:00:00.024000+00:00
xyz:AMZN,0.0001536002,0.0027576026,2026-01-04 01:00:00.010000+00:00
xyz:AMZN,0.0000062500,0.0000065097,2026-01-04 02:00:00.026000+00:00
xyz:AMZN,-0.0000099287,-0.0004588594,2026-01-04 03:00:00.011000+00:00
xyz:AMZN,-0.0000120445,-0.0004927115,2026-01-04 04:00:00.063000+00:00
xyz:AMZN,-0.0000683978,-0.0013943645,2026-01-04 05:00:00.060000+00:00
xyz:AMZN,-0.0000446166,-0.0010138661,2026-01-04 06:00:00.066000+00:00
xyz:AMZN,-0.0000525424,-0.0011406777,2026-01-04 07:00:00.031000+00:00
xyz:AMZN,0.0000394885,0.0009318155,2026-01-04 08:00:00.036000+00:00
xyz:AMZN,0.0000788285,0.0015612565,2026-01-04 09:00:00.001000+00:00
xyz:AMZN,0.0000428679,0.0009858864,2026-01-04 10:00:00.051000+00:00
xyz:AMZN,0.0000577440,0.0012239043,2026-01-04 11:00:00.051000+00:00
xyz:AMZN,0.0000313272,0.0008012348,2026-01-04 12:00:00.052000+00:00
xyz:AMZN,0.0000062500,0.0001124530,2026-01-04 13:00:00.062000+00:00
xyz:AMZN,-0.0000197326,-0.0006157221,2026-01-04 14:00:00.019000+00:00
xyz:AMZN,-0.0000102867,-0.0004645866,2026-01-04 15:00:00.078000+00:00
xyz:AMZN,0.0000062500,0.0000628002,2026-01-04 16:00:00.098000+00:00
xyz:AMZN,-0.0000282905,-0.0007526480,2026-01-04 17:00:00.020000+00:00
xyz:AMZN,0.0000062500,-0.0001146890,2026-01-04 18:00:00.054000+00:00
xyz:AMZN,0.0000014578,-0.0002766757,2026-01-04 19:00:00.024000+00:00
xyz:AMZN,-0.0000168477,-0.0005695626,2026-01-04 20:00:00.062000+00:00
xyz:AMZN,-0.0000313843,-0.0008021494,2026-01-04 21:00:00+00:00
xyz:AMZN,0.0000281111,0.0007497774,2026-01-04 22:00:00.037000+00:00
xyz:AMZN,0.0000062500,0.0001931248,2026-01-04 23:00:00.111000+00:00
xyz:AMZN,0.0000062500,0.0000142910,2026-01-05 00:00:00+00:00
xyz:AMZN,0.0000091080,0.0004457274,2026-01-05 01:00:00.014000+00:00
xyz:AMZN,0.0000187652,0.0006002435,2026-01-05 02:00:00.009000+00:00
xyz:AMZN,0.0000062500,0.0001062770,2026-01-05 03:00:00.010000+00:00
xyz:AMZN,0.0000062500,0.0000128143,2026-01-05 04:00:00.044000+00:00
xyz:AMZN,0.0000062500,-0.0000200111,2026-01-05 05:00:00.042000+00:00
xyz:AMZN,0.0000062500,-0.0000123527,2026-01-05 06:00:00.026000+00:00
xyz:AMZN,0.0000062500,0.0000005587,2026-01-05 07:00:00.067000+00:00
xyz:AMZN,0.0000062500,0.0001630071,2026-01-05 08:00:00.060000+00:00
xyz:AMZN,0.0000062500,0.0000296712,2026-01-05 09:00:00.043000+00:00
xyz:AMZN,0.0000062500,0.0002381022,2026-01-05 10:00:00.038000+00:00
xyz:AMZN,0.0000062500,0.0000571462,2026-01-05 11:00:00.040000+00:00
xyz:AMZN,0.0000062500,-0.0000185677,2026-01-05 12:00:00.068000+00:00
xyz:AMZN,0.0000062500,0.0000427398,2026-01-05 13:00:00.054000+00:00
xyz:AMZN,0.0000062500,-0.0000886002,2026-01-05 14:00:00.015000+00:00
xyz:AMZN,0.0000062500,-0.0000257730,2026-01-05 15:00:00.020000+00:00
xyz:AMZN,0.0000062500,-0.0001101411,2026-01-05 16:00:00.051000+00:00
xyz:AMZN,0.0000062500,-0.0001452355,2026-01-05 17:00:00.085000+00:00
xyz:AMZN,0.0000060074,-0.0002038813,2026-01-05 18:00:00.081000+00:00
xyz:AMZN,-0.0000003323,-0.0003053162,2026-01-05 19:00:00.056000+00:00
xyz:AMZN,-0.0000049407,-0.0003790510,2026-01-05 20:00:00.045000+00:00
xyz:AMZN,0.0000060546,-0.0002031261,2026-01-05 21:00:00.022000+00:00
xyz:AMZN,0.0000062500,0.0000197649,2026-01-05 22:00:00.008000+00:00
xyz:AMZN,0.0000062500,0.0001554587,2026-01-05 23:00:00.068000+00:00
xyz:AMZN,0.0000062500,0.0000179924,2026-01-06 00:00:00.017000+00:00
xyz:AMZN,0.0000062500,0.0000146042,2026-01-06 01:00:00.086000+00:00
xyz:AMZN,0.0000062500,0.0002468733,2026-01-06 02:00:00.073000+00:00
xyz:AMZN,0.0000158102,0.0005529637,2026-01-06 03:00:00.033000+00:00
xyz:AMZN,0.0000193696,0.0006099138,2026-01-06 04:00:00.036000+00:00
xyz:AMZN,0.0000210387,0.0006366197,2026-01-06 05:00:00.075000+00:00
xyz:AMZN,0.0000233558,0.0006736924,2026-01-06 06:00:00.013000+00:00
xyz:AMZN,0.0000125592,0.0005009471,2026-01-06 07:00:00.008000+00:00
xyz:AMZN,0.0000271425,0.0007342796,2026-01-06 08:00:00.066000+00:00
xyz:AMZN,0.0000195951,0.0006135221,2026-01-06 09:00:00.059000+00:00
xyz:AMZN,0.0000062500,-0.0000033224,2026-01-06 10:00:00.012000+00:00
xyz:AMZN,0.0000062500,0.0003024339,2026-01-06 11:00:00.060000+00:00
xyz:AMZN,0.0000062500,0.0002267719,2026-01-06 12:00:00.017000+00:00
xyz:AMZN,0.0000062500,0.0001154302,2026-01-06 13:00:00.002000+00:00
xyz:AMZN,0.0000062500,0.0003251345,2026-01-06 14:00:00.046000+00:00
xyz:AMZN,0.0000062500,0.0002904779,2026-01-06 15:00:00.076000+00:00
xyz:AMZN,0.0000062500,0.0000730229,2026-01-06 16:00:00.036000+00:00
xyz:AMZN,0.0000062500,-0.0000283230,2026-01-06 17:00:00.012000+00:00
xyz:AMZN,0.0000062500,-0.0000150432,2026-01-06 18:00:00.001000+00:00
xyz:AMZN,0.0000062500,-0.0001288536,2026-01-06 19:00:00.037000+00:00
xyz:AMZN,0.0000062500,-0.0000553210,2026-01-06 20:00:00.018000+00:00
xyz:AMZN,0.0000062500,0.0002253948,2026-01-06 21:00:00.062000+00:00
xyz:AMZN,0.0000143640,0.0005298244,2026-01-06 22:00:00.005000+00:00
xyz:AMZN,-0.0000002575,-0.0003041192,2026-01-06 23:00:00.008000+00:00
xyz:AMZN,0.0000062500,-0.0001462627,2026-01-07 00:00:00.119000+00:00
xyz:AMZN,0.0000062500,0.0000975701,2026-01-07 01:00:00.007000+00:00
xyz:AMZN,0.0000062500,0.0000452006,2026-01-07 02:00:00.010000+00:00
xyz:AMZN,0.0000062500,-0.0000038399,2026-01-07 03:00:00.017000+00:00
xyz:AMZN,0.0000062500,-0.0000027282,2026-01-07 04:00:00.033000+00:00
xyz:AMZN,0.0000062500,-0.0000251546,2026-01-07 05:00:00.087000+00:00
xyz:AMZN,0.0000062500,0.0000090232,2026-01-07 06:00:00.009000+00:00
xyz:AMZN,0.0000062500,0.0000489432,2026-01-07 07:00:00.014000+00:00
xyz:AMZN,0.0000062500,0.0000323567,2026-01-07 08:00:00.062000+00:00
xyz:AMZN,0.0000062500,0.0000851550,2026-01-07 09:00:00.082000+00:00
xyz:AMZN,0.0000124394,0.0004990310,2026-01-07 10:00:00.029000+00:00
xyz:AMZN,0.0000139437,0.0005230999,2026-01-07 11:00:00.048000+00:00
xyz:AMZN,0.0000089365,0.0004429836,2026-01-07 12:00:00.096000+00:00
xyz:AMZN,0.0000062500,0.0001176473,2026-01-07 13:00:00.074000+00:00
xyz:AMZN,0.0000062500,0.0001148836,2026-01-07 14:00:00.040000+00:00
xyz:AMZN,0.0000062500,0.0002119030,2026-01-07 15:00:00.099000+00:00
xyz:AMZN,0.0000062500,0.0000980456,2026-01-07 16:00:00.081000+00:00
xyz:AMZN,0.0000062500,0.0002010079,2026-01-07 17:00:00.013000+00:00
xyz:AMZN,0.0000110525,0.0004768405,2026-01-07 18:00:00.014000+00:00
xyz:AMZN,0.0000145934,0.0005334952,2026-01-07 19:00:00.055000+00:00
xyz:AMZN,0.0000244958,0.0006919335,2026-01-07 20:00:00.113000+00:00
xyz:AMZN,0.0000507285,0.0011116553,2026-01-07 21:00:00.117000+00:00
xyz:AMZN,0.0000418520,0.0009696326,2026-01-07 22:00:00.043000+00:00
xyz:AMZN,0.0000559611,0.0011953779,2026-01-07 23:00:00.090000+00:00
xyz:AMZN,0.0000374979,0.0008999664,2026-01-08 00:00:00.001000+00:00
xyz:AMZN,0.0000391437,0.0009262987,2026-01-08 01:00:00.035000+00:00
xyz:AMZN,0.0000541223,0.0011659571,2026-01-08 02:00:00.029000+00:00
xyz:AMZN,0.0000594533,0.0012512523,2026-01-08 03:00:00.014000+00:00
xyz:AMZN,0.0000867420,0.0016878715,2026-01-08 04:00:00.069000+00:00
xyz:AMZN,0.0001071289,0.0020140629,2026-01-08 05:00:00.155000+00:00
xyz:AMZN,0.0001154191,0.0021467053,2026-01-08 06:00:00.094000+00:00
xyz:AMZN,0.0000973541,0.0018576659,2026-01-08 07:00:00.010000+00:00
xyz:AMZN,0.0001561584,0.0027985350,2026-01-08 08:00:00.089000+00:00
xyz:AMZN,0.0001268391,0.0023294255,2026-01-08 09:00:00.077000+00:00
xyz:AMZN,0.0001308925,0.0023942801,2026-01-08 10:00:00.037000+00:00
xyz:AMZN,0.0000266592,0.0007265474,2026-01-08 11:00:00.015000+00:00
xyz:AMZN,0.0000141727,0.0005267628,2026-01-08 12:00:00.137000+00:00
xyz:AMZN,0.0000135751,0.0005172023,2026-01-08 13:00:00.040000+00:00
xyz:AMZN,0.0000062500,0.0003775927,2026-01-08 14:00:00+00:00
xyz:AMZN,0.0000071112,0.0004137790,2026-01-08 15:00:00.106000+00:00
xyz:AMZN,0.0000062500,0.0002755866,2026-01-08 16:00:00.063000+00:00
xyz:AMZN,0.0000107598,0.0004721565,2026-01-08 17:00:00.004000+00:00
xyz:AMZN,0.0000204828,0.0006277254,2026-01-08 18:00:00.008000+00:00
xyz:AMZN,0.0000266025,0.0007256397,2026-01-08 19:00:00.013000+00:00
xyz:AMZN,0.0000228235,0.0006651760,2026-01-08 20:00:00.098000+00:00
xyz:AMZN,0.0000138925,0.0005222805,2026-01-08 21:00:00.116000+00:00
xyz:AMZN,0.0000351327,0.0008621226,2026-01-08 22:00:00.008000+00:00
xyz:AMZN,0.0000305940,0.0007895043,2026-01-08 23:00:00.085000+00:00
xyz:AMZN,0.0000164025,0.0005624407,2026-01-09 00:00:00.020000+00:00
xyz:AMZN,0.0000149436,0.0005390970,2026-01-09 01:00:00.016000+00:00
xyz:AMZN,0.0000303210,0.0007851355,2026-01-09 02:00:00.063000+00:00
xyz:AMZN,0.0000263841,0.0007221456,2026-01-09 03:00:00.059000+00:00
xyz:AMZN,0.0000274516,0.0007392260,2026-01-09 04:00:00.100000+00:00
xyz:AMZN,0.0000302095,0.0007833524,2026-01-09 05:00:00.158000+00:00
xyz:AMZN,0.0000340120,0.0008441914,2026-01-09 06:00:00.046000+00:00
xyz:AMZN,0.0000248706,0.0006979291,2026-01-09 07:00:00.012000+00:00
xyz:AMZN,0.0000302594,0.0007841497,2026-01-09 08:00:00.028000+00:00
xyz:AMZN,0.0000244475,0.0006911602,2026-01-09 09:00:00.072000+00:00
xyz:AMZN,0.0000062500,0.0003777975,2026-01-09 10:00:00.077000+00:00
xyz:AMZN,0.0000062500,0.0003959549,2026-01-09 11:00:00.050000+00:00
xyz:AMZN,0.0000230156,0.0006682492,2026-01-09 12:00:00.041000+00:00
xyz:AMZN,0.0000152624,0.0005441982,2026-01-09 13:00:00.005000+00:00
xyz:AMZN,0.0000194560,0.0006112966,2026-01-09 14:00:00.032000+00:00
xyz:AMZN,0.0000206401,0.0006302420,2026-01-09 15:00:00.042000+00:00
xyz:AMZN,0.0000121742,0.0004947877,2026-01-09 16:00:00.002000+00:00
xyz:AMZN,0.0000299820,0.0007797127,2026-01-09 17:00:00.004000+00:00
xyz:AMZN,0.0000144923,0.0005318763,2026-01-09 18:00:00.018000+00:00
xyz:AMZN,0.0000188952,0.0006023233,2026-01-09 19:00:00.042000+00:00
xyz:AMZN,0.0000285263,0.0007564214,2026-01-09 20:00:00.065000+00:00
xyz:AMZN,0.0000214935,0.0006438956,2026-01-09 21:00:00+00:00
xyz:AMZN,0.0000469980,0.0010519674,2026-01-09 22:00:00.018000+00:00
xyz:AMZN,0.0000702619,0.0014241901,2026-01-09 23:00:00.025000+00:00
xyz:AMZN,0.0000273341,0.0007373453,2026-01-10 00:00:00.103000+00:00
xyz:AMZN,0.0000350686,0.0008610983,2026-01-10 01:00:00.110000+00:00
xyz:AMZN,0.0000215496,0.0006447929,2026-01-10 02:00:00.064000+00:00
xyz:AMZN,0.0000062500,-0.0000134762,2026-01-10 03:00:00.039000+00:00
xyz:AMZN,0.0000062500,-0.0001755992,2026-01-10 04:00:00.085000+00:00
xyz:AMZN,0.0000062500,-0.0001611541,2026-01-10 05:00:00.065000+00:00
xyz:AMZN,-0.0000016502,-0.0003264035,2026-01-10 06:00:00.034000+00:00
xyz:AMZN,0.0000062500,-0.0000751660,2026-01-10 07:00:00.035000+00:00
xyz:AMZN,0.0000062500,-0.0001915122,2026-01-10 08:00:00.072000+00:00
xyz:AMZN,0.0000062500,0.0002726782,2026-01-10 09:00:00.033000+00:00
xyz:AMZN,0.0001112671,0.0020802742,2026-01-10 10:00:00.024000+00:00
xyz:AMZN,0.0001283380,0.0023534083,2026-01-10 11:00:00.060000+00:00
xyz:AMZN,0.0000062500,0.0000330450,2026-01-10 12:00:00.034000+00:00
xyz:AMZN,-0.0000109508,-0.0004752122,2026-01-10 13:00:00.030000+00:00
xyz:AMZN,0.0000062500,0.0000469411,2026-01-10 14:00:00.051000+00:00
xyz:AMZN,0.0000062500,0.0001333968,2026-01-10 15:00:00.017000+00:00
xyz:AMZN,0.0000062500,0.0003098784,2026-01-10 16:00:00.003000+00:00
xyz:AMZN,0.0000062500,0.0003995525,2026-01-10 17:00:00.066000+00:00
xyz:AMZN,0.0000062500,0.0003147293,2026-01-10 18:00:00.054000+00:00
xyz:AMZN,0.0000504396,0.0011070330,2026-01-10 19:00:00.025000+00:00
xyz:AMZN,0.0000313439,0.0008015025,2026-01-10 20:00:00.081000+00:00
xyz:AMZN,0.0000266260,0.0007260155,2026-01-10 21:00:00.083000+00:00
xyz:AMZN,0.0000062500,-0.0001966898,2026-01-10 22:00:00.025000+00:00
xyz:AMZN,0.0000059382,-0.0002049895,2026-01-10 23:00:00.047000+00:00
xyz:AMZN,-0.0000167426,-0.0005678821,2026-01-11 00:00:00.007000+00:00
xyz:AMZN,0.0000267585,0.0007281353,2026-01-11 01:00:00.046000+00:00
xyz:AMZN,0.0000209133,0.0006346124,2026-01-11 02:00:00.078000+00:00
xyz:AMZN,-0.0000194090,-0.0006105434,2026-01-11 03:00:00.099000+00:00
xyz:AMZN,-0.0000837942,-0.0016407066,2026-01-11 04:00:00.011000+00:00
xyz:AMZN,0.0000062500,0.0002743097,2026-01-11 05:00:00.012000+00:00
xyz:AMZN,0.0000096920,0.0004550725,2026-01-11 06:00:00.038000+00:00
xyz:AMZN,0.0000062500,-0.0000604688,2026-01-11 07:00:00.049000+00:00
xyz:AMZN,-0.0000282847,-0.0007525544,2026-01-11 08:00:00.066000+00:00
xyz:AMZN,0.0000058083,-0.0002070670,2026-01-11 09:00:00.045000+00:00
xyz:AMZN,0.0000052242,-0.0002164125,2026-01-11 10:00:00.103000+00:00
xyz:AMZN,0.0000062500,0.0001140848,2026-01-11 11:00:00.105000+00:00
xyz:AMZN,0.0000062500,0.0001150683,2026-01-11 12:00:00.018000+00:00
xyz:AMZN,0.0000062500,0.0000071983,2026-01-11 13:00:00.035000+00:00
xyz:AMZN,0.0000049016,-0.0002215750,2026-01-11 14:00:00.034000+00:00
xyz:AMZN,-0.0000915764,-0.0017652217,2026-01-11 15:00:00.124000+00:00
xyz:AMZN,-0.0000284135,-0.0007546155,2026-01-11 16:00:00.122000+00:00
xyz:AMZN,-0.0000159770,-0.0005556325,2026-01-11 17:00:00.061000+00:00
xyz:AMZN,0.0000062500,0.0001991517,2026-01-11 18:00:00.004000+00:00
xyz:AMZN,0.0000091393,0.0004462289,2026-01-11 19:00:00.023000+00:00
xyz:AMZN,0.0000327781,0.0008244492,2026-01-11 20:00:00.002000+00:00
xyz:AMZN,0.0000283158,0.0007530533,2026-01-11 21:00:00.010000+00:00
xyz:AMZN,-0.0000189821,-0.0006037134,2026-01-11 22:00:00.083000+00:00
xyz:AMZN,0.0000062500,-0.0001916017,2026-01-11 23:00:00.127000+00:00
xyz:AMZN,0.0000244725,0.0006915593,2026-01-12 00:00:00.053000+00:00
xyz:AMZN,0.0000062500,0.0003494843,2026-01-12 01:00:00.080000+00:00
xyz:AMZN,0.0000761033,0.0015176521,2026-01-12 02:00:00.090000+00:00
xyz:AMZN,0.0000598539,0.0012576616,2026-01-12 03:00:00.016000+00:00
xyz:AMZN,0.0000466707,0.0010467307,2026-01-12 04:00:00.021000+00:00
xyz:AMZN,0.0000518603,0.0011297655,2026-01-12 05:00:00.027000+00:00
xyz:AMZN,0.0000474484,0.0010591745,2026-01-12 06:00:00.025000+00:00
xyz:AMZN,0.0000312686,0.0008002970,2026-01-12 07:00:00.061000+00:00
xyz:AMZN,0.0000320598,0.0008129569,2026-01-12 08:00:00.053000+00:00
xyz:AMZN,0.0000451432,0.0010222907,2026-01-12 09:00:00.088000+00:00
xyz:AMZN,0.0000451288,0.0010220604,2026-01-12 10:00:00.042000+00:00
xyz:AMZN,0.0000463282,0.0010412505,2026-01-12 11:00:00.003000+00:00
xyz:AMZN,0.0000375279,0.0009004466,2026-01-12 12:00:00.088000+00:00
xyz:AMZN,0.0000491894,0.0010870300,2026-01-12 13:00:00.053000+00:00
xyz:AMZN,0.0000791178,0.0015658848,2026-01-12 14:00:00.107000+00:00
xyz:AMZN,0.0000707234,0.0014315747,2026-01-12 15:00:00.059000+00:00
xyz:AMZN,0.0000816162,0.0016058592,2026-01-12 16:00:00.040000+00:00
xyz:AMZN,0.0000400786,0.0009412576,2026-01-12 17:00:00.086000+00:00
xyz:AMZN,0.0000480924,0.0010694778,2026-01-12 18:00:00.057000+00:00
xyz:AMZN,0.0000062500,0.0003331140,2026-01-12 19:00:00.008000+00:00
xyz:AMZN,0.0000062500,0.0003584506,2026-01-12 20:00:00.098000+00:00
xyz:AMZN,0.0000062500,0.0002778604,2026-01-12 21:00:00.078000+00:00
xyz:AMZN,0.0000062500,0.0000281104,2026-01-12 22:00:00.075000+00:00
xyz:AMZN,0.0000062500,0.0000457820,2026-01-12 23:00:00.024000+00:00
xyz:AMZN,0.0000062500,0.0001465114,2026-01-13 00:00:00.109000+00:00
xyz:AMZN,0.0001181929,0.0021910870,2026-01-13 01:00:00.121000+00:00
xyz:AMZN,0.0001147604,0.0021361671,2026-01-13 02:00:00.017000+00:00
xyz:AMZN,0.0000910333,0.0017565334,2026-01-13 03:00:00.043000+00:00
xyz:AMZN,0.0000495263,0.0010924206,2026-01-13 04:00:00.068000+00:00
xyz:AMZN,0.0000470627,0.0010530031,2026-01-13 05:00:00.079000+00:00
xyz:AMZN,0.0000404739,0.0009475828,2026-01-13 06:00:00.029000+00:00
xyz:AMZN,0.0000576667,0.0012226665,2026-01-13 07:00:00.089000+00:00
xyz:AMZN,0.0000778059,0.0015448946,2026-01-13 08:00:00.032000+00:00
xyz:AMZN,0.0000849039,0.0016584624,2026-01-13 09:00:00.003000+00:00
xyz:AMZN,0.0000353649,0.0008658382,2026-01-13 10:00:00.232000+00:00
xyz:AMZN,0.0000203116,0.0006249849,2026-01-13 11:00:00.011000+00:00
xyz:AMZN,0.0000212609,0.0006401738,2026-01-13 12:00:00.032000+00:00
xyz:AMZN,0.0000135360,0.0005165765,2026-01-13 13:00:00.083000+00:00
xyz:AMZN,0.0000181505,0.0005904082,2026-01-13 14:00:00.043000+00:00
xyz:AMZN,0.0000160179,0.0005562859,2026-01-13 15:00:00.051000+00:00
xyz:AMZN,0.0000176682,0.0005826911,2026-01-13 16:00:00.100000+00:00
xyz:AMZN,0.0000164702,0.0005635228,2026-01-13 17:00:00.039000+00:00
xyz:AMZN,0.0000062500,0.0002444413,2026-01-13 18:00:00.042000+00:00
xyz:AMZN,0.0000062500,0.0001707480,2026-01-13 19:00:00.031000+00:00
xyz:AMZN,0.0000062500,0.0003681602,2026-01-13 20:00:00.005000+00:00
xyz:AMZN,0.0000250572,0.0007009155,2026-01-13 21:00:00.017000+00:00
xyz:AMZN,0.0000328163,0.0008250608,2026-01-13 22:00:00+00:00
xyz:AMZN,0.0000129849,0.0005077582,2026-01-13 23:00:00.037000+00:00
xyz:AMZN,0.0000062500,0.0002692524,2026-01-14 00:00:00.057000+00:00
xyz:AMZN,0.0000069780,0.0004116473,2026-01-14 01:00:00.019000+00:00
xyz:AMZN,0.0000180958,0.0005895323,2026-01-14 02:00:00.050000+00:00
xyz:AMZN,0.0000062500,0.0000731885,2026-01-14 03:00:00.053000+00:00
xyz:AMZN,0.0000062500,0.0000835846,2026-01-14 04:00:00.063000+00:00
xyz:AMZN,0.0000062500,0.0002970116,2026-01-14 05:00:00.023000+00:00
xyz:AMZN,0.0000062500,0.0001672845,2026-01-14 06:00:00.066000+00:00
xyz:AMZN,0.0000062500,0.0003426834,2026-01-14 07:00:00.099000+00:00
xyz:AMZN,0.0000168995,0.0005703926,2026-01-14 08:00:00.062000+00:00
xyz:AMZN,0.0000295724,0.0007731576,2026-01-14 09:00:00.051000+00:00
xyz:AMZN,0.0000062500,0.0003493850,2026-01-14 10:00:00.015000+00:00
xyz:AMZN,0.0000062500,0.0003386178,2026-01-14 11:00:00+00:00
xyz:AMZN,0.0000062500,0.0002360106,2026-01-14 12:00:00.043000+00:00
xyz:AMZN,0.0000062500,0.0001958697,2026-01-14 13:00:00.040000+00:00
xyz:AMZN,0.0000062500,0.0003490055,2026-01-14 14:00:00.084000+00:00
xyz:AMZN,0.0000062500,0.0003488976,2026-01-14 15:00:00.001000+00:00
xyz:AMZN,0.0000062500,0.0002885208,2026-01-14 16:00:00.013000+00:00
xyz:AMZN,0.0000101352,0.0004621637,2026-01-14 17:00:00.085000+00:00
xyz:AMZN,0.0000062500,0.0003653426,2026-01-14 18:00:00.113000+00:00
xyz:AMZN,0.0000062500,0.0002518341,2026-01-14 19:00:00.071000+00:00
xyz:AMZN,0.0000062500,0.0002935791,2026-01-14 20:00:00.090000+00:00
xyz:AMZN,0.0000062500,0.0003914079,2026-01-14 21:00:00.039000+00:00
xyz:AMZN,0.0000166394,0.0005662311,2026-01-14 22:00:00.018000+00:00
xyz:AMZN,0.0000156648,0.0005506365,2026-01-14 23:00:00.024000+00:00
xyz:AMZN,0.0000062500,0.0002204508,2026-01-15 00:00:00.028000+00:00
xyz:AMZN,0.0000062500,-0.0000415193,2026-01-15 01:00:00.004000+00:00
xyz:AMZN,0.0000368482,0.0008895716,2026-01-15 02:00:00.052000+00:00
xyz:AMZN,0.0000209153,0.0006346448,2026-01-15 03:00:00.019000+00:00
xyz:AMZN,0.0000062500,0.0001553329,2026-01-15 04:00:00.018000+00:00
xyz:AMZN,0.0000062500,0.0000687095,2026-01-15 05:00:00.081000+00:00
xyz:AMZN,0.0000062500,0.0001158728,2026-01-15 06:00:00.021000+00:00
xyz:AMZN,0.0000062500,-0.0000087491,2026-01-15 07:00:00.057000+00:00
xyz:AMZN,0.0000062500,-0.0001249547,2026-01-15 08:00:00.029000+00:00
xyz:AMZN,0.0000043711,-0.0002300625,2026-01-15 09:00:00.023000+00:00
xyz:AMZN,0.0000062500,0.0001315029,2026-01-15 10:00:00.082000+00:00
xyz:AMZN,0.0000062500,-0.0000435287,2026-01-15 11:00:00.076000+00:00
xyz:AMZN,0.0000062500,0.0000337413,2026-01-15 12:00:00.028000+00:00
xyz:AMZN,0.0000062500,0.0000579619,2026-01-15 13:00:00.044000+00:00
xyz:AMZN,0.0000062500,0.0001161009,2026-01-15 14:00:00.054000+00:00
xyz:AMZN,0.0000062500,0.0003733060,2026-01-15 15:00:00.001000+00:00
xyz:AMZN,0.0000137495,0.0005199918,2026-01-15 16:00:00.020000+00:00
xyz:AMZN,0.0000138863,0.0005221803,2026-01-15 17:00:00.067000+00:00
xyz:AMZN,0.0000068201,0.0004091213,2026-01-15 18:00:00.062000+00:00
xyz:AMZN,0.0000062500,0.0003492928,2026-01-15 19:00:00.003000+00:00
xyz:AMZN,0.0000094245,0.0004507919,2026-01-15 20:00:00.057000+00:00
xyz:AMZN,0.0000115199,0.0004843178,2026-01-15 21:00:00.062000+00:00
xyz:AMZN,0.0000062500,0.0002658195,2026-01-15 22:00:00.033000+00:00
xyz:AMZN,0.0000062500,0.0000953620,2026-01-15 23:00:00+00:00
xyz:AMZN,0.0000062500,0.0001333631,2026-01-16 00:00:00.092000+00:00
xyz:AMZN,0.0000178066,0.0005849049,2026-01-16 01:00:00.045000+00:00
xyz:AMZN,0.0000418880,0.0009702075,2026-01-16 02:00:00.007000+00:00
xyz:AMZN,0.0000407402,0.0009518429,2026-01-16 03:00:00.044000+00:00
xyz:AMZN,0.0000404566,0.0009473051,2026-01-16 04:00:00.096000+00:00
xyz:AMZN,0.0000185123,0.0005961969,2026-01-16 05:00:00.028000+00:00
xyz:AMZN,0.0000104128,0.0004666043,2026-01-16 06:00:00.013000+00:00
xyz:AMZN,0.0000062500,0.0001111598,2026-01-16 07:00:00.059000+00:00
xyz:AMZN,0.0000062500,0.0000309798,2026-01-16 08:00:00.044000+00:00
xyz:AMZN,0.0000062500,0.0000555813,2026-01-16 09:00:00.013000+00:00
xyz:AMZN,0.0000062500,0.0000600623,2026-01-16 10:00:00.073000+00:00
xyz:AMZN,0.0000062500,0.0000062477,2026-01-16 11:00:00.003000+00:00
xyz:AMZN,0.0000062500,0.0000136429,2026-01-16 12:00:00.005000+00:00
xyz:AMZN,0.0000062500,0.0000646937,2026-01-16 13:00:00.060000+00:00
xyz:AMZN,0.0000062500,0.0003799487,2026-01-16 14:00:00.084000+00:00
xyz:AMZN,0.0000079904,0.0004278457,2026-01-16 15:00:00.051000+00:00
xyz:AMZN,0.0000062500,0.0002377895,2026-01-16 16:00:00.040000+00:00
xyz:AMZN,0.0000062500,0.0002964440,2026-01-16 17:00:00.051000+00:00
xyz:AMZN,0.0000062500,0.0002874011,2026-01-16 18:00:00.045000+00:00
xyz:AMZN,0.0000062500,0.0003209031,2026-01-16 19:00:00.147000+00:00
xyz:AMZN,0.0000065218,0.0004043494,2026-01-16 20:00:00.078000+00:00
xyz:AMZN,0.0000062500,0.0003133486,2026-01-16 21:00:00.092000+00:00
xyz:AMZN,0.0000062500,0.0000940031,2026-01-16 22:00:00.120000+00:00
xyz:AMZN,0.0000062500,0.0000178463,2026-01-16 23:00:00.021000+00:00
xyz:AMZN,0.0000062500,0.0000514922,2026-01-17 00:00:00.037000+00:00
xyz:AMZN,0.0000062500,-0.0000077215,2026-01-17 01:00:00.055000+00:00
xyz:AMZN,-0.0000178237,-0.0005851784,2026-01-17 02:00:00.090000+00:00
xyz:AMZN,-0.0000003005,-0.0003048075,2026-01-17 03:00:00.036000+00:00
xyz:AMZN,0.0000062500,-0.0001552208,2026-01-17 04:00:00.003000+00:00
xyz:AMZN,0.0000062500,-0.0000062699,2026-01-17 05:00:00.027000+00:00
xyz:AMZN,0.0000062500,0.0002532359,2026-01-17 06:00:00.104000+00:00
xyz:AMZN,-0.0004471663,-0.0074546601,2026-01-17 07:00:00.005000+00:00
xyz:AMZN,0.0000227288,0.0006636616,2026-01-17 08:00:00.022000+00:00
xyz:AMZN,0.0000053810,-0.0002139037,2026-01-17 09:00:00.004000+00:00
xyz:AMZN,-0.0000246847,-0.0006949552,2026-01-17 10:00:00.039000+00:00
xyz:AMZN,-0.0001028269,-0.0019452312,2026-01-17 11:00:00.095000+00:00
xyz:AMZN,-0.0000104987,-0.0004679797,2026-01-17 12:00:00.021000+00:00
xyz:AMZN,0.0000062500,0.0000660942,2026-01-17 13:00:00.089000+00:00
xyz:AMZN,0.0000062500,0.0000271917,2026-01-17 14:00:00.030000+00:00
xyz:AMZN,0.0000062500,0.0002309980,2026-01-17 15:00:00.010000+00:00
xyz:AMZN,0.0000294623,0.0007713975,2026-01-17 16:00:00.102000+00:00
xyz:AMZN,0.0000084288,0.0004348615,2026-01-17 17:00:00.010000+00:00
xyz:AMZN,0.0000004325,-0.0002930793,2026-01-17 18:00:00.066000+00:00
xyz:AMZN,0.0000062500,0.0000394350,2026-01-17 19:00:00.038000+00:00
xyz:AMZN,0.0000062500,0.0003731516,2026-01-17 20:00:00.073000+00:00
xyz:AMZN,0.0000062500,0.0003938327,2026-01-17 21:00:00.017000+00:00
xyz:AMZN,0.0000225040,0.0006600638,2026-01-17 22:00:00.036000+00:00
xyz:AMZN,0.0000062500,0.0001245767,2026-01-17 23:00:00.100000+00:00
xyz:AMZN,0.0000037048,-0.0002407233,2026-01-18 00:00:00.017000+00:00
xyz:AMZN,-0.0000234309,-0.0006748939,2026-01-18 01:00:00.117000+00:00
xyz:AMZN,-0.0000504360,-0.0011069764,2026-01-18 02:00:00.061000+00:00
xyz:AMZN,0.0000062500,-0.0000934898,2026-01-18 03:00:00.047000+00:00
xyz:AMZN,0.0000563957,0.0012023319,2026-01-18 04:00:00.062000+00:00
xyz:AMZN,0.0000345752,0.0008532025,2026-01-18 05:00:00.034000+00:00
xyz:AMZN,0.0000229979,0.0006679663,2026-01-18 06:00:00.066000+00:00
xyz:AMZN,0.0000159414,0.0005550618,2026-01-18 07:00:00.063000+00:00
xyz:AMZN,0.0000134803,0.0005156855,2026-01-18 08:00:00.106000+00:00
xyz:AMZN,0.0000077807,0.0004244914,2026-01-18 09:00:00.110000+00:00
xyz:AMZN,0.0000062500,0.0003465783,2026-01-18 10:00:00.047000+00:00
xyz:AMZN,0.0000062500,0.0001142202,2026-01-18 11:00:00.085000+00:00
xyz:AMZN,0.0000062500,0.0000899195,2026-01-18 12:00:00.016000+00:00
xyz:AMZN,-0.0000341507,-0.0008464109,2026-01-18 13:00:00.054000+00:00
xyz:AMZN,-0.0000148075,-0.0005369202,2026-01-18 14:00:00.035000+00:00
xyz:AMZN,0.0000062500,0.0002468540,2026-01-18 15:00:00.030000+00:00
xyz:AMZN,0.0000615824,0.0012853183,2026-01-18 16:00:00.021000+00:00
xyz:AMZN,0.0000588011,0.0012408179,2026-01-18 17:00:00.040000+00:00
xyz:AMZN,0.0000062500,0.0000824309,2026-01-18 18:00:00.067000+00:00
xyz:AMZN,-0.0000404983,-0.0009479724,2026-01-18 19:00:00.018000+00:00
xyz:AMZN,0.0000062500,0.0003615839,2026-01-18 20:00:00.055000+00:00
xyz:AMZN,0.0000086349,0.0004381577,2026-01-18 21:00:00.024000+00:00
xyz:AMZN,0.0000062500,0.0002096009,2026-01-18 22:00:00.042000+00:00
xyz:AMZN,0.0000062500,-0.0001057873,2026-01-18 23:00:00.113000+00:00
xyz:AMZN,-0.0001250037,-0.0023000590,2026-01-19 00:00:00.034000+00:00
xyz:AMZN,-0.0002235505,-0.0038768088,2026-01-19 01:00:00.098000+00:00
xyz:AMZN,0.0000062500,0.0001623526,2026-01-19 02:00:00.001000+00:00
xyz:AMZN,0.0000062500,-0.0001967592,2026-01-19 03:00:00.009000+00:00
xyz:AMZN,0.0000069359,0.0004109750,2026-01-19 04:00:00.051000+00:00
xyz:AMZN,-0.0000285326,-0.0007565222,2026-01-19 05:00:00+00:00
xyz:AMZN,0.0000032866,-0.0002474148,2026-01-19 06:00:00.033000+00:00
xyz:AMZN,0.0000062500,-0.0000891778,2026-01-19 07:00:00.014000+00:00
xyz:AMZN,-0.0000348207,-0.0008571317,2026-01-19 08:00:00.026000+00:00
xyz:AMZN,0.0000438357,0.0010013718,2026-01-19 09:00:00.012000+00:00
xyz:AMZN,-0.0000383333,-0.0009133328,2026-01-19 10:00:00.012000+00:00
xyz:AMZN,-0.0001703613,-0.0030257807,2026-01-19 11:00:00.094000+00:00
xyz:AMZN,-0.0001478611,-0.0026657781,2026-01-19 12:00:00+00:00
xyz:AMZN,-0.0000378853,-0.0009061642,2026-01-19 13:00:00.041000+00:00
xyz:AMZN,0.0000062500,-0.0001300673,2026-01-19 14:00:00.040000+00:00
xyz:AMZN,-0.0001579114,-0.0028265832,2026-01-19 15:00:00.049000+00:00
xyz:AMZN,-0.0001095457,-0.0020527314,2026-01-19 16:00:00.056000+00:00
xyz:AMZN,-0.0000548898,-0.0011782373,2026-01-19 17:00:00.011000+00:00
xyz:AMZN,0.0000184350,0.0005949608,2026-01-19 18:00:00.005000+00:00
xyz:AMZN,0.0000752052,0.0015032836,2026-01-19 19:00:00.012000+00:00
xyz:AMZN,0.0002311039,0.0039976627,2026-01-19 20:00:00.025000+00:00
xyz:AMZN,0.0001166452,0.0021663236,2026-01-19 21:00:00.079000+00:00
xyz:AMZN,0.0000062500,0.0003605527,2026-01-19 22:00:00.033000+00:00
xyz:AMZN,0.0000307804,0.0007924872,2026-01-19 23:00:00.040000+00:00
xyz:AMZN,0.0000062500,-0.0001165551,2026-01-20 00:00:00.007000+00:00
xyz:AMZN,-0.0000399855,-0.0009397682,2026-01-20 01:00:00.011000+00:00
xyz:AMZN,-0.0000095812,-0.0004532998,2026-01-20 02:00:00.057000+00:00
xyz:AMZN,-0.0000086569,-0.0004385109,2026-01-20 03:00:00.001000+00:00
xyz:AMZN,-0.0000082285,-0.0004316562,2026-01-20 04:00:00.167000+00:00
xyz:AMZN,-0.0000082637,-0.0004322187,2026-01-20 05:00:00.112000+00:00
xyz:AMZN,-0.0000186479,-0.0005983671,2026-01-20 06:00:00.064000+00:00
xyz:AMZN,-0.0000082366,-0.0004317858,2026-01-20 07:00:00.110000+00:00
xyz:AMZN,-0.0000072860,-0.0004165755,2026-01-20 08:00:00.010000+00:00
xyz:AMZN,-0.0000006400,-0.0003102401,2026-01-20 09:00:00.079000+00:00
xyz:AMZN,-0.0000052599,-0.0003841592,2026-01-20 10:00:00.046000+00:00
xyz:AMZN,0.0000062500,-0.0001033352,2026-01-20 11:00:00.018000+00:00
xyz:AMZN,0.0000030957,-0.0002504691,2026-01-20 12:00:00.064000+00:00
xyz:AMZN,0.0000062500,-0.0001065078,2026-01-20 13:00:00.054000+00:00
xyz:AMZN,0.0000043523,-0.0002303625,2026-01-20 14:00:00.109000+00:00
xyz:AMZN,0.0000062500,0.0000001897,2026-01-20 15:00:00.061000+00:00
xyz:AMZN,0.0000062500,-0.0000388718,2026-01-20 16:00:00.047000+00:00
xyz:AMZN,0.0000062500,-0.0000347396,2026-01-20 17:00:00.034000+00:00
xyz:AMZN,0.0000062500,0.0000369304,2026-01-20 18:00:00.037000+00:00
xyz:AMZN,0.0000062500,-0.0000462779,2026-01-20 19:00:00.028000+00:00
xyz:AMZN,0.0000062500,-0.0000443263,2026-01-20 20:00:00.020000+00:00
xyz:AMZN,0.0000062500,0.0000558515,2026-01-20 21:00:00.025000+00:00
xyz:AMZN,0.0000062500,0.0000651784,2026-01-20 22:00:00.005000+00:00
xyz:AMZN,0.0000062500,0.0000303197,2026-01-20 23:00:00.015000+00:00
xyz:AMZN,0.0000062500,-0.0000055867,2026-01-21 00:00:00.063000+00:00
xyz:AMZN,0.0000062500,-0.0000277765,2026-01-21 01:00:00.039000+00:00
xyz:AMZN,0.0000062500,0.0000587171,2026-01-21 02:00:00.038000+00:00
xyz:AMZN,0.0000062500,0.0000936276,2026-01-21 03:00:00.143000+00:00
xyz:AMZN,0.0000062500,0.0000714232,2026-01-21 04:00:00.034000+00:00
xyz:AMZN,0.0000062500,0.0000742333,2026-01-21 05:00:00.057000+00:00
xyz:AMZN,0.0000062500,0.0001460194,2026-01-21 06:00:00.014000+00:00
xyz:AMZN,0.0000062500,0.0001149918,2026-01-21 07:00:00.016000+00:00
xyz:AMZN,0.0000062500,-0.0000053339,2026-01-21 08:00:00.028000+00:00
xyz:AMZN,0.0000062500,0.0001138960,2026-01-21 09:00:00.046000+00:00
xyz:AMZN,0.0000062500,0.0000923873,2026-01-21 10:00:00.018000+00:00
xyz:AMZN,0.0000062500,0.0000461075,2026-01-21 11:00:00.027000+00:00
xyz:AMZN,0.0000062500,0.0000433442,2026-01-21 12:00:00.031000+00:00
xyz:AMZN,0.0000062500,0.0000164584,2026-01-21 13:00:00.094000+00:00
xyz:AMZN,0.0000062500,-0.0000148086,2026-01-21 14:00:00.007000+00:00
xyz:AMZN,0.0000062500,0.0000633127,2026-01-21 15:00:00.012000+00:00
xyz:AMZN,0.0000062500,0.0000885606,2026-01-21 16:00:00.016000+00:00
xyz:AMZN,0.0000062500,0.0000185351,2026-01-21 17:00:00.079000+00:00
xyz:AMZN,0.0000062500,0.0000362051,2026-01-21 18:00:00.006000+00:00
xyz:AMZN,0.0000062500,0.0000537372,2026-01-21 19:00:00.021000+00:00
xyz:AMZN,0.0000062500,0.0001081177,2026-01-21 20:00:00.017000+00:00
xyz:AMZN,0.0000062500,0.0000397343,2026-01-21 21:00:00.045000+00:00
xyz:AMZN,0.0000062500,0.0003296930,2026-01-21 22:00:00.093000+00:00
xyz:AMZN,0.0000069894,0.0004118298,2026-01-21 23:00:00.012000+00:00
xyz:AMZN,0.0000062500,0.0003952382,2026-01-22 00:00:00.068000+00:00
xyz:AMZN,0.0000062500,0.0003645484,2026-01-22 01:00:00.076000+00:00
xyz:AMZN,0.0000062500,0.0003474206,2026-01-22 02:00:00.069000+00:00
xyz:AMZN,0.0000062500,0.0003806641,2026-01-22 03:00:00.112000+00:00
xyz:AMZN,0.0000062500,0.0003505643,2026-01-22 04:00:00.005000+00:00
xyz:AMZN,0.0000062500,0.0003581864,2026-01-22 05:00:00.033000+00:00
xyz:AMZN,0.0000106548,0.0004704762,2026-01-22 06:00:00.029000+00:00
xyz:AMZN,0.0000062500,0.0002304622,2026-01-22 07:00:00.022000+00:00
xyz:AMZN,0.0000062500,0.0000528914,2026-01-22 08:00:00.084000+00:00
xyz:AMZN,0.0000062500,0.0001970165,2026-01-22 09:00:00.040000+00:00
xyz:AMZN,0.0000062500,0.0003893184,2026-01-22 10:00:00.057000+00:00
xyz:AMZN,0.0000112314,0.0004797020,2026-01-22 11:00:00.047000+00:00
xyz:AMZN,0.0000118050,0.0004888807,2026-01-22 12:00:00.063000+00:00
xyz:AMZN,0.0000068599,0.0004097588,2026-01-22 13:00:00.020000+00:00
xyz:AMZN,0.0000082403,0.0004318455,2026-01-22 14:00:00.092000+00:00
xyz:AMZN,0.0000062500,0.0003121878,2026-01-22 15:00:00.007000+00:00
xyz:AMZN,0.0000062500,0.0002993325,2026-01-22 16:00:00.083000+00:00
xyz:AMZN,0.0000062500,0.0000910298,2026-01-22 17:00:00.035000+00:00
xyz:AMZN,0.0000062500,0.0002685482,2026-01-22 18:00:00.004000+00:00
xyz:AMZN,0.0000062500,0.0003531620,2026-01-22 19:00:00.016000+00:00
xyz:AMZN,0.0000062500,0.0002313170,2026-01-22 20:00:00.017000+00:00
xyz:AMZN,0.0000062500,0.0003001707,2026-01-22 21:00:00.096000+00:00
xyz:AMZN,0.0000062500,0.0001747558,2026-01-22 22:00:00.013000+00:00
xyz:AMZN,0.0000062500,0.0003942832,2026-01-22 23:00:00.019000+00:00
xyz:AMZN,0.0000062500,0.0003805766,2026-01-23 00:00:00.009000+00:00
xyz:AMZN,0.0000207724,0.0006323586,2026-01-23 01:00:00.034000+00:00
xyz:AMZN,0.0000062500,0.0000268096,2026-01-23 02:00:00.028000+00:00
xyz:AMZN,0.0000062500,0.0000625703,2026-01-23 03:00:00.122000+00:00
xyz:AMZN,0.0000062500,0.0003600896,2026-01-23 04:00:00.017000+00:00
xyz:AMZN,0.0000062500,0.0002675150,2026-01-23 05:00:00.154000+00:00
xyz:AMZN,0.0000062500,0.0003104710,2026-01-23 06:00:00.112000+00:00
xyz:AMZN,0.0000062500,0.0003036837,2026-01-23 07:00:00.066000+00:00
xyz:AMZN,0.0000062500,0.0003621905,2026-01-23 08:00:00.100000+00:00
xyz:AMZN,0.0000128647,0.0005058347,2026-01-23 09:00:00.005000+00:00
xyz:AMZN,0.0000062500,0.0003598445,2026-01-23 10:00:00.058000+00:00
xyz:AMZN,0.0000062500,0.0003411921,2026-01-23 11:00:00.030000+00:00
xyz:AMZN,0.0000085907,0.0004374517,2026-01-23 12:00:00.029000+00:00
xyz:AMZN,0.0000088202,0.0004411228,2026-01-23 13:00:00.018000+00:00
xyz:AMZN,0.0000067445,0.0004079114,2026-01-23 14:00:00.013000+00:00
xyz:AMZN,0.0000062500,0.0003710525,2026-01-23 15:00:00.048000+00:00
xyz:AMZN,0.0000156709,0.0005507350,2026-01-23 16:00:00.010000+00:00
xyz:AMZN,0.0000162235,0.0005595753,2026-01-23 17:00:00.061000+00:00
xyz:AMZN,0.0000062500,0.0003061931,2026-01-23 18:00:00.037000+00:00
xyz:AMZN,0.0000062500,0.0003505849,2026-01-23 19:00:00.047000+00:00
xyz:AMZN,0.0000126011,0.0005016183,2026-01-23 20:00:00.055000+00:00
xyz:AMZN,0.0000094348,0.0004509572,2026-01-23 21:00:00.085000+00:00
xyz:AMZN,0.0000090543,0.0004448687,2026-01-23 22:00:00.039000+00:00
xyz:AMZN,0.0000341645,0.0008466326,2026-01-23 23:00:00.085000+00:00
xyz:AMZN,0.0000118186,0.0004890983,2026-01-24 00:00:00.017000+00:00
xyz:AMZN,0.0000134153,0.0005146444,2026-01-24 01:00:00.061000+00:00
xyz:AMZN,0.0000067523,0.0004080370,2026-01-24 02:00:00.093000+00:00
xyz:AMZN,0.0000062500,0.0002272823,2026-01-24 03:00:00.032000+00:00
xyz:AMZN,0.0000062500,0.0001315941,2026-01-24 04:00:00.067000+00:00
xyz:AMZN,0.0000002360,-0.0002962233,2026-01-24 05:00:00.043000+00:00
xyz:AMZN,0.0000062500,0.0000209491,2026-01-24 06:00:00.032000+00:00
xyz:AMZN,0.0000062500,0.0002929755,2026-01-24 07:00:00.003000+00:00
xyz:AMZN,0.0000062500,0.0003369256,2026-01-24 08:00:00.030000+00:00
xyz:AMZN,0.0000062500,0.0002901631,2026-01-24 09:00:00.058000+00:00
xyz:AMZN,0.0000062500,0.0001149714,2026-01-24 10:00:00.112000+00:00
xyz:AMZN,0.0000062500,0.0002157091,2026-01-24 11:00:00.027000+00:00
xyz:AMZN,0.0000062500,0.0002318603,2026-01-24 12:00:00.100000+00:00
xyz:AMZN,0.0000062500,0.0003597581,2026-01-24 13:00:00.080000+00:00
xyz:AMZN,0.0000163957,0.0005623319,2026-01-24 14:00:00.016000+00:00
xyz:AMZN,0.0000071746,0.0004147944,2026-01-24 15:00:00.060000+00:00
xyz:AMZN,0.0000062500,0.0002993666,2026-01-24 16:00:00.092000+00:00
xyz:AMZN,0.0000062500,0.0002498067,2026-01-24 17:00:00.040000+00:00
xyz:AMZN,0.0000062500,0.0001446295,2026-01-24 18:00:00.011000+00:00
xyz:AMZN,0.0000065500,0.0004047994,2026-01-24 19:00:00.036000+00:00
xyz:AMZN,0.0000062500,0.0003460400,2026-01-24 20:00:00.028000+00:00
xyz:AMZN,0.0000062500,0.0002687680,2026-01-24 21:00:00.012000+00:00
xyz:AMZN,0.0000106666,0.0004706649,2026-01-24 22:00:00.056000+00:00
xyz:AMZN,0.0000062500,0.0001484081,2026-01-24 23:00:00.017000+00:00
xyz:AMZN,0.0000026594,-0.0002574493,2026-01-25 00:00:00.006000+00:00
xyz:AMZN,0.0000062500,0.0000456666,2026-01-25 01:00:00.021000+00:00
xyz:AMZN,0.0000062500,0.0002465075,2026-01-25 02:00:00.135000+00:00
xyz:AMZN,0.0000062500,0.0002279032,2026-01-25 03:00:00.054000+00:00
xyz:AMZN,0.0000062500,0.0000241242,2026-01-25 04:00:00.109000+00:00
xyz:AMZN,0.0000062500,-0.0001232296,2026-01-25 05:00:00.110000+00:00
xyz:AMZN,-0.0000104710,-0.0004675357,2026-01-25 06:00:00.117000+00:00
xyz:AMZN,-0.0000201399,-0.0006222389,2026-01-25 07:00:00.059000+00:00
xyz:AMZN,-0.0000267863,-0.0007285809,2026-01-25 08:00:00.042000+00:00
xyz:AMZN,-0.0000110176,-0.0004762810,2026-01-25 09:00:00.055000+00:00
xyz:AMZN,-0.0000032366,-0.0003517862,2026-01-25 10:00:00.045000+00:00
xyz:AMZN,-0.0000017214,-0.0003275418,2026-01-25 11:00:00.011000+00:00
xyz:AMZN,0.0000021020,-0.0002663676,2026-01-25 12:00:00.029000+00:00
xyz:AMZN,-0.0000046599,-0.0003745588,2026-01-25 13:00:00.065000+00:00
xyz:AMZN,0.0000033846,-0.0002458463,2026-01-25 14:00:00.031000+00:00
xyz:AMZN,0.0000062500,-0.0000832321,2026-01-25 15:00:00.075000+00:00
xyz:AMZN,0.0000062500,-0.0000611189,2026-01-25 16:00:00.012000+00:00
xyz:AMZN,0.0000062500,-0.0001115484,2026-01-25 17:00:00.013000+00:00
xyz:AMZN,0.0000062500,-0.0001103837,2026-01-25 18:00:00.020000+00:00
xyz:AMZN,0.0000035527,-0.0002431566,2026-01-25 19:00:00.010000+00:00
xyz:AMZN,-0.0000291016,-0.0007656251,2026-01-25 20:00:00.016000+00:00
xyz:AMZN,-0.0002424355,-0.0041789683,2026-01-25 21:00:00.021000+00:00
xyz:AMZN,-0.0000655196,-0.0013483134,2026-01-25 22:00:00.063000+00:00
xyz:AMZN,-0.0001316619,-0.0024065904,2026-01-25 23:00:00.127000+00:00
xyz:AMZN,0.0000062500,0.0002597050,2026-01-26 00:00:00.127000+00:00
xyz:AMZN,0.0002148303,0.0037372843,2026-01-26 01:00:00.001000+00:00
xyz:AMZN,-0.0000102908,-0.0004646527,2026-01-26 02:00:00.026000+00:00
xyz:AMZN,-0.0000040822,-0.0003653150,2026-01-26 03:00:00.059000+00:00
xyz:AMZN,0.0000014606,-0.0002766300,2026-01-26 04:00:00.056000+00:00
xyz:AMZN,0.0000062500,0.0002759060,2026-01-26 05:00:00.020000+00:00
xyz:AMZN,0.0000062500,0.0003939056,2026-01-26 06:00:00.101000+00:00
xyz:AMZN,0.0000062500,0.0003952553,2026-01-26 07:00:00.055000+00:00
xyz:AMZN,0.0000062500,0.0003868416,2026-01-26 08:00:00.040000+00:00
xyz:AMZN,0.0000062500,0.0003900699,2026-01-26 09:00:00.056000+00:00
xyz:AMZN,0.0000062500,0.0002328657,2026-01-26 10:00:00.060000+00:00
xyz:AMZN,0.0000062500,0.0001804708,2026-01-26 11:00:00.055000+00:00
xyz:AMZN,0.0000062500,0.0001689255,2026-01-26 12:00:00.081000+00:00
xyz:AMZN,0.0000062500,0.0001685437,2026-01-26 13:00:00+00:00
xyz:AMZN,0.0000062500,0.0002409493,2026-01-26 14:00:00.050000+00:00
xyz:AMZN,0.0000112745,0.0004803923,2026-01-26 15:00:00.064000+00:00
xyz:AMZN,0.0000062500,0.0003522663,2026-01-26 16:00:00.006000+00:00
xyz:AMZN,0.0000062500,0.0002201122,2026-01-26 17:00:00.012000+00:00
xyz:AMZN,0.0000063735,0.0004019768,2026-01-26 18:00:00.010000+00:00
xyz:AMZN,0.0000113117,0.0004809868,2026-01-26 19:00:00.045000+00:00
xyz:AMZN,0.0000157663,0.0005522612,2026-01-26 20:00:00.034000+00:00
xyz:AMZN,0.0000070517,0.0004128274,2026-01-26 21:00:00.094000+00:00
xyz:AMZN,0.0000062500,-0.0000141210,2026-01-26 22:00:00.049000+00:00
xyz:AMZN,0.0000062500,0.0003625355,2026-01-26 23:00:00.079000+00:00
xyz:AMZN,0.0000062500,-0.0000491795,2026-01-27 00:00:00.085000+00:00
xyz:AMZN,0.0000062500,0.0000218232,2026-01-27 01:00:00.073000+00:00
xyz:AMZN,0.0000062500,0.0000927709,2026-01-27 02:00:00.052000+00:00
xyz:AMZN,0.0000062500,0.0000582026,2026-01-27 03:00:00.012000+00:00
xyz:AMZN,0.0000062500,0.0000359103,2026-01-27 04:00:00.017000+00:00
xyz:AMZN,0.0000062500,0.0000578855,2026-01-27 05:00:00.023000+00:00
xyz:AMZN,0.0000062500,0.0000139514,2026-01-27 06:00:00+00:00
xyz:AMZN,0.0000062500,0.0000959095,2026-01-27 07:00:00.049000+00:00
xyz:AMZN,0.0000062500,0.0000625224,2026-01-27 08:00:00.092000+00:00
xyz:AMZN,0.0000062500,0.0000999967,2026-01-27 09:00:00.020000+00:00
xyz:AMZN,0.0000062500,0.0002452705,2026-01-27 10:00:00.056000+00:00
xyz:AMZN,0.0000062500,0.0003981357,2026-01-27 11:00:00.003000+00:00
xyz:AMZN,0.0000062500,0.0001391953,2026-01-27 12:00:00.051000+00:00
xyz:AMZN,0.0000062500,0.0001626901,2026-01-27 13:00:00.006000+00:00
xyz:AMZN,0.0000077742,0.0004243868,2026-01-27 14:00:00.041000+00:00
xyz:AMZN,0.0000145941,0.0005335060,2026-01-27 15:00:00.074000+00:00
xyz:AMZN,0.0000461627,0.0010386036,2026-01-27 16:00:00.103000+00:00
xyz:AMZN,0.0000577178,0.0012234853,2026-01-27 17:00:00.024000+00:00
xyz:AMZN,0.0000350935,0.0008614965,2026-01-27 18:00:00.011000+00:00
xyz:AMZN,0.0000263086,0.0007209370,2026-01-27 19:00:00.027000+00:00
xyz:AMZN,0.0000220837,0.0006533389,2026-01-27 20:00:00.082000+00:00
xyz:AMZN,0.0000217693,0.0006483089,2026-01-27 21:00:00.015000+00:00
xyz:AMZN,0.0000213884,0.0006422149,2026-01-27 22:00:00.042000+00:00
xyz:AMZN,0.0000173770,0.0005780327,2026-01-27 23:00:00.015000+00:00
xyz:AMZN,0.0000110634,0.0004770146,2026-01-28 00:00:00.090000+00:00
xyz:AMZN,0.0000173253,0.0005772055,2026-01-28 01:00:00.024000+00:00
xyz:AMZN,0.0000126776,0.0005028420,2026-01-28 02:00:00.053000+00:00
xyz:AMZN,0.0000062890,0.0004006248,2026-01-28 03:00:00.047000+00:00
xyz:AMZN,0.0000459700,0.0010355196,2026-01-28 04:00:00.114000+00:00
xyz:AMZN,0.0000523840,0.0011381440,2026-01-28 05:00:00.046000+00:00
xyz:AMZN,0.0000232273,0.0006716361,2026-01-28 06:00:00.127000+00:00
xyz:AMZN,0.0000134632,0.0005154115,2026-01-28 07:00:00.070000+00:00
xyz:AMZN,0.0000094380,0.0004510074,2026-01-28 08:00:00.044000+00:00
xyz:AMZN,0.0000088203,0.0004411253,2026-01-28 09:00:00.042000+00:00
xyz:AMZN,0.0000076810,0.0004228962,2026-01-28 10:00:00.038000+00:00
xyz:AMZN,0.0000247406,0.0006958489,2026-01-28 11:00:00.016000+00:00
xyz:AMZN,0.0000353702,0.0008659226,2026-01-28 12:00:00.051000+00:00
xyz:AMZN,0.0000062500,0.0003738766,2026-01-28 13:00:00.094000+00:00
xyz:AMZN,0.0000062500,0.0003972453,2026-01-28 14:00:00.054000+00:00
xyz:AMZN,0.0000215484,0.0006447749,2026-01-28 15:00:00.003000+00:00
xyz:AMZN,0.0000082176,0.0004314811,2026-01-28 16:00:00.022000+00:00
xyz:AMZN,0.0000062500,0.0003744811,2026-01-28 17:00:00.048000+00:00
xyz:AMZN,0.0000090435,0.0004446964,2026-01-28 18:00:00.020000+00:00
xyz:AMZN,0.0000391482,0.0009263715,2026-01-28 19:00:00.072000+00:00
xyz:AMZN,0.0000252295,0.0007036725,2026-01-28 20:00:00.063000+00:00
xyz:AMZN,0.0000148650,0.0005378403,2026-01-28 21:00:00.108000+00:00
xyz:AMZN,0.0000062500,-0.0001858473,2026-01-28 22:00:00.010000+00:00
xyz:AMZN,0.0000062500,0.0000693839,2026-01-28 23:00:00.022000+00:00
xyz:AMZN,0.0000062500,0.0001364008,2026-01-29 00:00:00.027000+00:00
xyz:AMZN,0.0000062500,0.0000916492,2026-01-29 01:00:00.021000+00:00
xyz:AMZN,0.0000062500,0.0000395897,2026-01-29 02:00:00.049000+00:00
xyz:AMZN,0.0000062500,-0.0000076607,2026-01-29 03:00:00.013000+00:00
xyz:AMZN,0.0000062500,0.0000241510,2026-01-29 04:00:00.038000+00:00
xyz:AMZN,0.0000062500,-0.0000183870,2026-01-29 05:00:00.051000+00:00
xyz:AMZN,0.0000062500,0.0000252459,2026-01-29 06:00:00.048000+00:00
xyz:AMZN,0.0000062500,0.0001229922,2026-01-29 07:00:00.087000+00:00
xyz:AMZN,0.0000062500,0.0002838514,2026-01-29 08:00:00.047000+00:00
xyz:AMZN,0.0000062500,0.0003853496,2026-01-29 09:00:00.026000+00:00
xyz:AMZN,0.0000062500,0.0002982585,2026-01-29 10:00:00.066000+00:00
xyz:AMZN,0.0000062500,0.0001204493,2026-01-29 11:00:00.051000+00:00
xyz:AMZN,0.0000062500,0.0002394690,2026-01-29 12:00:00+00:00
xyz:AMZN,0.0000062500,0.0001321902,2026-01-29 13:00:00.120000+00:00
xyz:AMZN,0.0000062500,0.0001473651,2026-01-29 14:00:00.011000+00:00
xyz:AMZN,0.0000123165,0.0004970642,2026-01-29 15:00:00.016000+00:00
xyz:AMZN,0.0000064830,0.0004037286,2026-01-29 16:00:00.059000+00:00
xyz:AMZN,0.0000088168,0.0004410693,2026-01-29 17:00:00.082000+00:00
xyz:AMZN,0.0000272014,0.0007352219,2026-01-29 18:00:00.099000+00:00
xyz:AMZN,0.0000102778,0.0004644446,2026-01-29 19:00:00.054000+00:00
xyz:AMZN,0.0000248188,0.0006971013,2026-01-29 20:00:00.035000+00:00
xyz:AMZN,0.0000335365,0.0008365839,2026-01-29 21:00:00.049000+00:00
xyz:AMZN,0.0000401245,0.0009419915,2026-01-29 22:00:00.059000+00:00
xyz:AMZN,0.0000511424,0.0011182791,2026-01-29 23:00:00.037000+00:00
xyz:AMZN,0.0000603201,0.0012651215,2026-01-30 00:00:00.022000+00:00
xyz:AMZN,0.0000207944,0.0006327096,2026-01-30 01:00:00.010000+00:00
xyz:AMZN,0.0000062500,0.0002284894,2026-01-30 02:00:00.075000+00:00
xyz:AMZN,0.0000062500,0.0002736964,2026-01-30 03:00:00.038000+00:00
xyz:AMZN,0.0000062500,-0.0000590277,2026-01-30 04:00:00.028000+00:00
xyz:AMZN,0.0000062500,-0.0000638058,2026-01-30 05:00:00.053000+00:00
xyz:AMZN,0.0000062500,0.0000082811,2026-01-30 06:00:00.084000+00:00
xyz:AMZN,0.0000062500,0.0000883692,2026-01-30 07:00:00.117000+00:00
xyz:AMZN,0.0000062500,0.0002063955,2026-01-30 08:00:00.018000+00:00
xyz:AMZN,0.0000062500,-0.0001049619,2026-01-30 09:00:00.103000+00:00
xyz:AMZN,0.0000062500,0.0001738985,2026-01-30 10:00:00.049000+00:00
xyz:AMZN,0.0000062500,0.0003307479,2026-01-30 11:00:00.108000+00:00
xyz:AMZN,0.0000062500,0.0000483372,2026-01-30 12:00:00.036000+00:00
xyz:AMZN,0.0000062500,0.0000159578,2026-01-30 13:00:00.025000+00:00
xyz:AMZN,0.0000062500,-0.0000238162,2026-01-30 14:00:00.033000+00:00
xyz:AMZN,0.0000062500,0.0000776070,2026-01-30 15:00:00.008000+00:00
xyz:AMZN,0.0000062500,0.0003465934,2026-01-30 16:00:00.054000+00:00
xyz:AMZN,0.0000063283,0.0004012536,2026-01-30 17:00:00.105000+00:00
xyz:AMZN,0.0000106084,0.0004697347,2026-01-30 18:00:00.037000+00:00
xyz:AMZN,0.0000211122,0.0006377949,2026-01-30 19:00:00.042000+00:00
xyz:AMZN,0.0000186436,0.0005982981,2026-01-30 20:00:00.041000+00:00
xyz:AMZN,0.0000201960,0.0006231360,2026-01-30 21:00:00.006000+00:00
xyz:AMZN,0.0000166663,0.0005666615,2026-01-30 22:00:00.001000+00:00
xyz:AMZN,0.0000096296,0.0004540737,2026-01-30 23:00:00.031000+00:00
xyz:AMZN,0.0000095824,0.0004533191,2026-01-31 00:00:00.171000+00:00
xyz:AMZN,0.0000123231,0.0004971701,2026-01-31 01:00:00.100000+00:00
xyz:AMZN,0.0000521259,0.0011340144,2026-01-31 02:00:00.068000+00:00
xyz:AMZN,0.0000128459,0.0005055347,2026-01-31 03:00:00.097000+00:00
xyz:AMZN,0.0000201958,0.0006231333,2026-01-31 04:00:00.012000+00:00
xyz:AMZN,0.0000135297,0.0005164745,2026-01-31 05:00:00.026000+00:00
xyz:AMZN,0.0000062500,0.0002750071,2026-01-31 06:00:00.002000+00:00
xyz:AMZN,0.0000062500,0.0002955645,2026-01-31 07:00:00.010000+00:00
xyz:AMZN,0.0000062500,0.0002418825,2026-01-31 08:00:00.049000+00:00
xyz:AMZN,-0.0000048804,-0.0003780859,2026-01-31 09:00:00.076000+00:00
xyz:AMZN,-0.0000528224,-0.0011451579,2026-01-31 10:00:00.022000+00:00
xyz:AMZN,-0.0000054403,-0.0003870443,2026-01-31 11:00:00.050000+00:00
xyz:AMZN,-0.0000102502,-0.0004640033,2026-01-31 12:00:00.105000+00:00
xyz:AMZN,-0.0000274335,-0.0007389360,2026-01-31 13:00:00.035000+00:00
xyz:AMZN,0.0000062500,-0.0001686610,2026-01-31 14:00:00.027000+00:00
xyz:AMZN,-0.0000009185,-0.0003146967,2026-01-31 15:00:00.033000+00:00
xyz:AMZN,-0.0000207970,-0.0006327527,2026-01-31 16:00:00.091000+00:00
xyz:AMZN,-0.0000221320,-0.0006541116,2026-01-31 17:00:00.030000+00:00
xyz:AMZN,-0.0000462692,-0.0010403076,2026-01-31 18:00:00.057000+00:00
xyz:AMZN,-0.0001279528,-0.0023472451,2026-01-31 19:00:00.118000+00:00
xyz:AMZN,-0.0000945434,-0.0018126941,2026-01-31 20:00:00.081000+00:00
xyz:AMZN,0.0000035205,-0.0002436715,2026-01-31 21:00:00.058000+00:00
xyz:AMZN,0.0000062500,-0.0000553145,2026-01-31 22:00:00.056000+00:00
xyz:AMZN,-0.0000454735,-0.0010275756,2026-01-31 23:00:00.088000+00:00
xyz:AMZN,-0.0000547248,-0.0011755969,2026-02-01 00:00:00.016000+00:00
xyz:AMZN,-0.0000416606,-0.0009665689,2026-02-01 01:00:00.017000+00:00
xyz:AMZN,-0.0000404368,-0.0009469895,2026-02-01 02:00:00.052000+00:00
xyz:AMZN,-0.0000442777,-0.0010084434,2026-02-01 03:00:00.047000+00:00
xyz:AMZN,-0.0000212669,-0.0006402708,2026-02-01 04:00:00.091000+00:00
xyz:AMZN,-0.0000404817,-0.0009477072,2026-02-01 05:00:00.008000+00:00
xyz:AMZN,-0.0000270101,-0.0007321621,2026-02-01 06:00:00.029000+00:00
xyz:AMZN,-0.0000120354,-0.0004925660,2026-02-01 07:00:00.060000+00:00
xyz:AMZN,0.0000062500,0.0000592819,2026-02-01 08:00:00.056000+00:00
xyz:AMZN,0.0000062500,-0.0001702696,2026-02-01 09:00:00+00:00
xyz:AMZN,-0.0000002385,-0.0003038156,2026-02-01 10:00:00.092000+00:00
xyz:AMZN,-0.0000003182,-0.0003050910,2026-02-01 11:00:00.017000+00:00
xyz:AMZN,0.0000062500,0.0000499302,2026-02-01 12:00:00.097000+00:00
xyz:AMZN,0.0000062500,-0.0000813614,2026-02-01 13:00:00.026000+00:00
xyz:AMZN,0.0000062500,-0.0001651937,2026-02-01 14:00:00.096000+00:00
xyz:AMZN,0.0000062500,-0.0001122945,2026-02-01 15:00:00.019000+00:00
xyz:AMZN,0.0000062500,-0.0000862892,2026-02-01 16:00:00.034000+00:00
xyz:AMZN,0.0000032907,-0.0002473484,2026-02-01 17:00:00.041000+00:00
xyz:AMZN,0.0000062500,-0.0001073015,2026-02-01 18:00:00.062000+00:00
xyz:AMZN,0.0000062500,0.0000035171,2026-02-01 19:00:00.042000+00:00
xyz:AMZN,0.0000061436,-0.0002017023,2026-02-01 20:00:00.067000+00:00
xyz:AMZN,-0.0000068544,-0.0004096708,2026-02-01 21:00:00.104000+00:00
xyz:AMZN,0.0000004022,-0.0002935643,2026-02-01 22:00:00.015000+00:00
xyz:AMZN,0.0000060628,-0.0002029955,2026-02-01 23:00:00.006000+00:00
xyz:AMZN,-0.0001391074,-0.0025257177,2026-02-02 00:00:00.059000+00:00
xyz:AMZN,0.0002868346,0.0048893537,2026-02-02 01:00:00.038000+00:00
xyz:AMZN,0.0000676484,0.0013823746,2026-02-02 02:00:00.017000+00:00
xyz:AMZN,0.0000401372,0.0009421955,2026-02-02 03:00:00.062000+00:00
xyz:AMZN,0.0000190415,0.0006046647,2026-02-02 04:00:00.064000+00:00
xyz:AMZN,0.0000140862,0.0005253788,2026-02-02 05:00:00.106000+00:00
xyz:AMZN,0.0000181710,0.0005907353,2026-02-02 06:00:00.074000+00:00
xyz:AMZN,0.0000335310,0.0008364961,2026-02-02 07:00:00.020000+00:00
xyz:AMZN,0.0000354644,0.0008674310,2026-02-02 08:00:00.007000+00:00
xyz:AMZN,0.0000309304,0.0007948859,2026-02-02 09:00:00.043000+00:00
xyz:AMZN,0.0000237085,0.0006793360,2026-02-02 10:00:00.084000+00:00
xyz:AMZN,0.0000178614,0.0005857820,2026-02-02 11:00:00.047000+00:00
xyz:AMZN,0.0000062500,0.0003814202,2026-02-02 12:00:00.061000+00:00
xyz:AMZN,0.0000076363,0.0004221801,2026-02-02 13:00:00.088000+00:00
xyz:AMZN,0.0000078362,0.0004253791,2026-02-02 14:00:00.065000+00:00
xyz:AMZN,0.0000233209,0.0006731341,2026-02-02 15:00:00.070000+00:00
xyz:AMZN,0.0000238679,0.0006818862,2026-02-02 16:00:00.041000+00:00
xyz:AMZN,0.0000103389,0.0004654229,2026-02-02 17:00:00.065000+00:00
xyz:AMZN,0.0000093309,0.0004492937,2026-02-02 18:00:00.066000+00:00
xyz:AMZN,0.0000568928,0.0012102851,2026-02-02 19:00:00.004000+00:00
xyz:AMZN,0.0000714812,0.0014436988,2026-02-02 20:00:00.023000+00:00
xyz:AMZN,0.0000651737,0.0013427790,2026-02-02 21:00:00.014000+00:00
xyz:AMZN,0.0000477017,0.0010632272,2026-02-02 22:00:00.099000+00:00
xyz:AMZN,0.0000356380,0.0008702075,2026-02-02 23:00:00.055000+00:00
xyz:AMZN,0.0000207562,0.0006320994,2026-02-03 00:00:00.013000+00:00
xyz:AMZN,0.0000189869,0.0006037905,2026-02-03 01:00:00.015000+00:00
xyz:AMZN,0.0000262662,0.0007202599,2026-02-03 02:00:00.012000+00:00
xyz:AMZN,0.0000467841,0.0010485457,2026-02-03 03:00:00.032000+00:00
xyz:AMZN,0.0000283458,0.0007535326,2026-02-03 04:00:00.038000+00:00
xyz:AMZN,0.0000133330,0.0005133286,2026-02-03 05:00:00.029000+00:00
xyz:AMZN,0.0000172674,0.0005762776,2026-02-03 06:00:00+00:00
xyz:AMZN,0.0000245595,0.0006929521,2026-02-03 07:00:00.068000+00:00
xyz:AMZN,0.0000513320,0.0011213113,2026-02-03 08:00:00.057000+00:00
xyz:AMZN,0.0000230119,0.0006681907,2026-02-03 09:00:00.079000+00:00
xyz:AMZN,0.0000085444,0.0004367100,2026-02-03 10:00:00.022000+00:00
xyz:AMZN,0.0000114497,0.0004831946,2026-02-03 11:00:00.065000+00:00
xyz:AMZN,0.0000112947,0.0004807146,2026-02-03 12:00:00.118000+00:00
xyz:AMZN,0.0000062500,0.0003855771,2026-02-03 13:00:00.065000+00:00
xyz:AMZN,0.0000129250,0.0005067993,2026-02-03 14:00:00.040000+00:00
xyz:AMZN,0.0000110993,0.0004775895,2026-02-03 15:00:00.025000+00:00
xyz:AMZN,0.0000062500,0.0003731368,2026-02-03 16:00:00.059000+00:00
xyz:AMZN,0.0000084534,0.0004352539,2026-02-03 17:00:00.001000+00:00
xyz:AMZN,0.0000091001,0.0004456012,2026-02-03 18:00:00.015000+00:00
xyz:AMZN,0.0000062500,0.0003067008,2026-02-03 19:00:00.059000+00:00
xyz:AMZN,0.0000180681,0.0005890896,2026-02-03 20:00:00.049000+00:00
xyz:AMZN,0.0000497699,0.0010963189,2026-02-03 21:00:00.031000+00:00
xyz:AMZN,0.0000448395,0.0010174325,2026-02-03 22:00:00.004000+00:00
xyz:AMZN,0.0000535384,0.0011566144,2026-02-03 23:00:00.056000+00:00
xyz:AMZN,0.0000652004,0.0013432066,2026-02-04 00:00:00.018000+00:00
xyz:AMZN,0.0000785295,0.0015564727,2026-02-04 01:00:00.045000+00:00
xyz:AMZN,0.0000927134,0.0017834142,2026-02-04 02:00:00.022000+00:00
xyz:AMZN,0.0000758498,0.0015135967,2026-02-04 03:00:00.032000+00:00
xyz:AMZN,0.0000564998,0.0012039968,2026-02-04 04:00:00.004000+00:00
xyz:AMZN,0.0000337546,0.0008400743,2026-02-04 05:00:00.055000+00:00
xyz:AMZN,0.0000657700,0.0013523203,2026-02-04 06:00:00.042000+00:00
xyz:AMZN,0.0000671457,0.0013743312,2026-02-04 07:00:00.016000+00:00
xyz:AMZN,0.0000062500,0.0003544395,2026-02-04 08:00:00.027000+00:00
xyz:AMZN,0.0000062500,0.0001888149,2026-02-04 09:00:00.003000+00:00
xyz:AMZN,0.0000156787,0.0005508594,2026-02-04 10:00:00.081000+00:00
xyz:AMZN,0.0000068794,0.0004100699,2026-02-04 11:00:00.016000+00:00
xyz:AMZN,0.0000062500,0.0001710600,2026-02-04 12:00:00.120000+00:00
xyz:AMZN,0.0000062500,0.0001314322,2026-02-04 13:00:00.025000+00:00
xyz:AMZN,0.0000062500,-0.0000611663,2026-02-04 14:00:00.004000+00:00
xyz:AMZN,0.0000062500,0.0001950927,2026-02-04 15:00:00.071000+00:00
xyz:AMZN,0.0000352045,0.0008632723,2026-02-04 16:00:00.007000+00:00
xyz:AMZN,0.0000062500,0.0002955682,2026-02-04 17:00:00.105000+00:00
xyz:AMZN,0.0000032513,-0.0002479793,2026-02-04 18:00:00.058000+00:00
xyz:AMZN,-0.0000064761,-0.0004036169,2026-02-04 19:00:00.028000+00:00
xyz:AMZN,0.0000062500,-0.0000323094,2026-02-04 20:00:00.001000+00:00
xyz:AMZN,0.0000240191,0.0006843059,2026-02-04 21:00:00.072000+00:00
xyz:AMZN,0.0000240322,0.0006845157,2026-02-04 22:00:00.051000+00:00
xyz:AMZN,0.0000494191,0.0010907049,2026-02-04 23:00:00.022000+00:00
xyz:AMZN,0.0000267060,0.0007272964,2026-02-05 00:00:00.003000+00:00
xyz:AMZN,0.0000126993,0.0005031886,2026-02-05 01:00:00.010000+00:00
xyz:AMZN,0.0000209060,0.0006344954,2026-02-05 02:00:00.097000+00:00
xyz:AMZN,0.0000062500,0.0001200328,2026-02-05 03:00:00.011000+00:00
xyz:AMZN,-0.0000007955,-0.0003127276,2026-02-05 04:00:00.032000+00:00
xyz:AMZN,-0.0000170527,-0.0005728434,2026-02-05 05:00:00.057000+00:00
xyz:AMZN,-0.0000128040,-0.0005048647,2026-02-05 06:00:00.038000+00:00
xyz:AMZN,-0.0000008107,-0.0003129708,2026-02-05 07:00:00.008000+00:00
xyz:AMZN,0.0000062500,-0.0000953585,2026-02-05 08:00:00.038000+00:00
xyz:AMZN,0.0000062500,-0.0001699258,2026-02-05 09:00:00.023000+00:00
xyz:AMZN,0.0000042804,-0.0002315142,2026-02-05 10:00:00.022000+00:00
xyz:AMZN,0.0000062500,-0.0001265254,2026-02-05 11:00:00.046000+00:00
xyz:AMZN,0.0000062500,-0.0001072632,2026-02-05 12:00:00.036000+00:00
xyz:AMZN,-0.0000145698,-0.0005331161,2026-02-05 13:00:00.013000+00:00
xyz:AMZN,-0.0000278828,-0.0007461243,2026-02-05 14:00:00.012000+00:00
xyz:AMZN,0.0000062500,-0.0001827918,2026-02-05 15:00:00.079000+00:00
xyz:AMZN,0.0000062500,0.0002741340,2026-02-05 16:00:00.065000+00:00
xyz:AMZN,0.0000086231,0.0004379701,2026-02-05 17:00:00.004000+00:00
xyz:AMZN,0.0000171674,0.0005746782,2026-02-05 18:00:00.104000+00:00
xyz:AMZN,0.0000062500,0.0001524408,2026-02-05 19:00:00.030000+00:00
xyz:AMZN,0.0000084887,0.0004358196,2026-02-05 20:00:00.057000+00:00
xyz:AMZN,0.0000062500,0.0003592033,2026-02-05 21:00:00.013000+00:00
xyz:AMZN,0.0000650407,0.0013406507,2026-02-05 22:00:00.040000+00:00
xyz:AMZN,0.0000062500,0.0001717305,2026-02-05 23:00:00.019000+00:00
xyz:AMZN,0.0000062500,0.0001251237,2026-02-06 00:00:00.083000+00:00
xyz:AMZN,0.0000062500,0.0000558759,2026-02-06 01:00:00.049000+00:00
xyz:AMZN,0.0000043249,-0.0002308022,2026-02-06 02:00:00.026000+00:00
xyz:AMZN,0.0000062500,0.0001139294,2026-02-06 03:00:00.050000+00:00
xyz:AMZN,0.0000088909,0.0004422537,2026-02-06 04:00:00.075000+00:00
xyz:AMZN,0.0000395955,0.0009335278,2026-02-06 05:00:00.102000+00:00
xyz:AMZN,0.0000062500,0.0002386050,2026-02-06 06:00:00.022000+00:00
xyz:AMZN,0.0000108670,0.0004738716,2026-02-06 07:00:00.074000+00:00
xyz:AMZN,0.0000165270,0.0005644317,2026-02-06 08:00:00.037000+00:00
xyz:AMZN,0.0000134062,0.0005144993,2026-02-06 09:00:00.042000+00:00
xyz:AMZN,0.0000062500,0.0002403854,2026-02-06 10:00:00.053000+00:00
xyz:AMZN,0.0000097954,0.0004567267,2026-02-06 11:00:00.032000+00:00
xyz:AMZN,0.0000329507,0.0008272106,2026-02-06 12:00:00.009000+00:00
xyz:AMZN,0.0000491610,0.0010865759,2026-02-06 13:00:00.032000+00:00
xyz:AMZN,0.0000118776,0.0004900422,2026-02-06 14:00:00.024000+00:00
xyz:AMZN,0.0000062500,0.0003910191,2026-02-06 15:00:00.089000+00:00
xyz:AMZN,0.0000259079,0.0007145263,2026-02-06 16:00:00.036000+00:00
xyz:AMZN,0.0000119901,0.0004918422,2026-02-06 17:00:00.030000+00:00
xyz:AMZN,0.0000093286,0.0004492570,2026-02-06 18:00:00.086000+00:00
xyz:AMZN,0.0000062500,0.0002371456,2026-02-06 19:00:00.056000+00:00
xyz:AMZN,0.0000062500,0.0000893568,2026-02-06 20:00:00.016000+00:00
xyz:AMZN,0.0000062500,0.0002912110,2026-02-06 21:00:00.031000+00:00
xyz:AMZN,0.0000062500,0.0001137598,2026-02-06 22:00:00.032000+00:00
xyz:AMZN,0.0000062500,0.0003177647,2026-02-06 23:00:00.049000+00:00
xyz:AMZN,0.0000065792,0.0004052676,2026-02-07 00:00:00.064000+00:00
xyz:AMZN,0.0000141037,0.0005256585,2026-02-07 01:00:00.036000+00:00
xyz:AMZN,0.0000062500,0.0000326071,2026-02-07 02:00:00.026000+00:00
xyz:AMZN,-0.0000097420,-0.0004558723,2026-02-07 03:00:00.021000+00:00
xyz:AMZN,-0.0000395764,-0.0009332227,2026-02-07 04:00:00.104000+00:00
xyz:AMZN,-0.0000111088,-0.0004777404,2026-02-07 05:00:00.063000+00:00
xyz:AMZN,0.0000048129,-0.0002229933,2026-02-07 06:00:00.036000+00:00
xyz:AMZN,0.0000062500,0.0000195198,2026-02-07 07:00:00.008000+00:00
xyz:AMZN,0.0000062500,0.0000351960,2026-02-07 08:00:00.048000+00:00
xyz:AMZN,-0.0001109439,-0.0020751017,2026-02-07 09:00:00.081000+00:00
xyz:AMZN,-0.0000649945,-0.0013399122,2026-02-07 10:00:00.020000+00:00
xyz:AMZN,0.0000062500,0.0000991943,2026-02-07 11:00:00.008000+00:00
xyz:AMZN,0.0000035888,-0.0002425787,2026-02-07 12:00:00.031000+00:00
xyz:AMZN,-0.0000151363,-0.0005421807,2026-02-07 13:00:00.040000+00:00
xyz:AMZN,-0.0000204413,-0.0006270614,2026-02-07 14:00:00.008000+00:00
xyz:AMZN,0.0000250175,0.0007002807,2026-02-07 15:00:00.093000+00:00
xyz:AMZN,0.0000604789,0.0012676620,2026-02-07 16:00:00.146000+00:00
xyz:AMZN,0.0000062500,0.0001249192,2026-02-07 17:00:00.055000+00:00
xyz:AMZN,0.0000742795,0.0014884726,2026-02-07 18:00:00.022000+00:00
xyz:AMZN,0.0000451129,0.0010218060,2026-02-07 19:00:00.071000+00:00
xyz:AMZN,0.0000200040,0.0006200640,2026-02-07 20:00:00.020000+00:00
xyz:AMZN,0.0000026510,-0.0002575841,2026-02-07 21:00:00.089000+00:00
xyz:AMZN,-0.0000156165,-0.0005498639,2026-02-07 22:00:00.055000+00:00
xyz:AMZN,0.0000062500,-0.0000047463,2026-02-07 23:00:00.038000+00:00
xyz:AMZN,0.0000335887,0.0008374190,2026-02-08 00:00:00.042000+00:00
xyz:AMZN,0.0000062500,0.0003354971,2026-02-08 01:00:00.003000+00:00
xyz:AMZN,-0.0000240914,-0.0006854627,2026-02-08 02:00:00.074000+00:00
xyz:AMZN,-0.0000239356,-0.0006829699,2026-02-08 03:00:00.113000+00:00
xyz:AMZN,0.0000062500,0.0002385291,2026-02-08 04:00:00.069000+00:00
xyz:AMZN,-0.0000035921,-0.0003574732,2026-02-08 05:00:00.059000+00:00
xyz:AMZN,-0.0000038664,-0.0003618626,2026-02-08 06:00:00.031000+00:00
xyz:AMZN,0.0000062500,-0.0000850533,2026-02-08 07:00:00.038000+00:00
xyz:AMZN,-0.0000050905,-0.0003814486,2026-02-08 08:00:00.113000+00:00
xyz:AMZN,0.0000210443,0.0006367094,2026-02-08 09:00:00.040000+00:00
xyz:AMZN,0.0000627335,0.0013037356,2026-02-08 10:00:00.031000+00:00
xyz:AMZN,0.0000100569,0.0004609110,2026-02-08 11:00:00.068000+00:00
xyz:AMZN,0.0000062500,-0.0000423371,2026-02-08 12:00:00.077000+00:00
xyz:AMZN,-0.0000037366,-0.0003597863,2026-02-08 13:00:00.011000+00:00
xyz:AMZN,0.0000592797,0.0012484748,2026-02-08 14:00:00.051000+00:00
xyz:AMZN,0.0000556901,0.0011910413,2026-02-08 15:00:00.041000+00:00
xyz:AMZN,0.0000340021,0.0008440339,2026-02-08 16:00:00.023000+00:00
xyz:AMZN,0.0000062500,0.0003397712,2026-02-08 17:00:00.043000+00:00
xyz:AMZN,0.0000062500,0.0001725594,2026-02-08 18:00:00.023000+00:00
xyz:AMZN,-0.0000263564,-0.0007217021,2026-02-08 19:00:00.070000+00:00
xyz:AMZN,-0.0000108495,-0.0004735927,2026-02-08 20:00:00.046000+00:00
xyz:AMZN,0.0000062500,0.0001080961,2026-02-08 21:00:00.059000+00:00
xyz:AMZN,-0.0000206590,-0.0006305447,2026-02-08 22:00:00.049000+00:00
xyz:AMZN,-0.0000283070,-0.0007529121,2026-02-08 23:00:00.015000+00:00
xyz:AMZN,-0.0000129888,-0.0005078212,2026-02-09 00:00:00.009000+00:00
xyz:AMZN,0.0000062500,0.0003204549,2026-02-09 01:00:00.034000+00:00
xyz:AMZN,0.0000087917,0.0004406666,2026-02-09 02:00:00.118000+00:00
xyz:AMZN,0.0000093688,0.0004499003,2026-02-09 03:00:00.004000+00:00
xyz:AMZN,0.0000105285,0.0004684563,2026-02-09 04:00:00.091000+00:00
xyz:AMZN,0.0000113183,0.0004810926,2026-02-09 05:00:00.037000+00:00
xyz:AMZN,0.0000226961,0.0006631379,2026-02-09 06:00:00.020000+00:00
xyz:AMZN,0.0000180532,0.0005888513,2026-02-09 07:00:00.026000+00:00
xyz:AMZN,0.0000066431,0.0004062889,2026-02-09 08:00:00.013000+00:00
xyz:AMZN,0.0000062500,0.0003426624,2026-02-09 09:00:00.040000+00:00
xyz:AMZN,0.0000062500,0.0002059178,2026-02-09 10:00:00.131000+00:00
xyz:AMZN,0.0000062500,0.0000491310,2026-02-09 11:00:00.088000+00:00
xyz:AMZN,0.0000062500,0.0000393293,2026-02-09 12:00:00.030000+00:00
xyz:AMZN,0.0000062500,0.0000597530,2026-02-09 13:00:00.020000+00:00
xyz:AMZN,0.0000062500,0.0003910322,2026-02-09 14:00:00.015000+00:00
xyz:AMZN,0.0000071871,0.0004149928,2026-02-09 15:00:00.011000+00:00
xyz:AMZN,0.0000210618,0.0006369887,2026-02-09 16:00:00.001000+00:00
xyz:AMZN,0.0000138816,0.0005221050,2026-02-09 17:00:00.038000+00:00
xyz:AMZN,0.0000062500,0.0003145966,2026-02-09 18:00:00.060000+00:00
xyz:AMZN,0.0000062500,0.0000321229,2026-02-09 19:00:00.023000+00:00
xyz:AMZN,0.0000062500,0.0001939803,2026-02-09 20:00:00.059000+00:00
xyz:AMZN,0.0000062500,0.0000416548,2026-02-09 21:00:00.068000+00:00
xyz:AMZN,0.0000062500,-0.0000051429,2026-02-09 22:00:00.065000+00:00
xyz:AMZN,0.0000062500,-0.0000052559,2026-02-09 23:00:00.046000+00:00
xyz:AMZN,0.0000062500,0.0003357729,2026-02-10 00:00:00.013000+00:00
xyz:AMZN,0.0000162726,0.0005603621,2026-02-10 01:00:00.012000+00:00
xyz:AMZN,0.0000406080,0.0009497274,2026-02-10 02:00:00.055000+00:00
xyz:AMZN,0.0000614037,0.0012824596,2026-02-10 03:00:00.057000+00:00
xyz:AMZN,0.0000152789,0.0005444631,2026-02-10 04:00:00.071000+00:00
xyz:AMZN,0.0000077304,0.0004236857,2026-02-10 05:00:00.024000+00:00
xyz:AMZN,0.0000062500,0.0003690916,2026-02-10 06:00:00.028000+00:00
xyz:AMZN,0.0000062500,0.0001507841,2026-02-10 07:00:00.090000+00:00
xyz:AMZN,0.0000062500,-0.0000270531,2026-02-10 08:00:00.018000+00:00
xyz:AMZN,0.0000062500,-0.0001893267,2026-02-10 09:00:00.041000+00:00
xyz:AMZN,0.0000062500,-0.0000112351,2026-02-10 10:00:00.028000+00:00
xyz:AMZN,0.0000062500,0.0001345030,2026-02-10 11:00:00.100000+00:00
xyz:AMZN,0.0000062500,0.0001519957,2026-02-10 12:00:00.032000+00:00
xyz:AMZN,0.0000062500,0.0002976608,2026-02-10 13:00:00.106000+00:00
xyz:AMZN,0.0000062500,0.0003379943,2026-02-10 14:00:00.038000+00:00
xyz:AMZN,0.0000062500,0.0002646049,2026-02-10 15:00:00.006000+00:00
xyz:AMZN,0.0000062500,0.0001319542,2026-02-10 16:00:00.009000+00:00
xyz:AMZN,0.0000062500,0.0000448519,2026-02-10 17:00:00.070000+00:00
xyz:AMZN,0.0000062500,0.0001370936,2026-02-10 18:00:00.065000+00:00
xyz:AMZN,0.0000062500,0.0000786352,2026-02-10 19:00:00.015000+00:00
xyz:AMZN,0.0000062500,0.0000444682,2026-02-10 20:00:00.053000+00:00
xyz:AMZN,0.0000062500,0.0000287674,2026-02-10 21:00:00.100000+00:00
xyz:AMZN,0.0000062500,0.0003512921,2026-02-10 22:00:00.070000+00:00
xyz:AMZN,0.0000062500,0.0002772623,2026-02-10 23:00:00.016000+00:00
xyz:AMZN,0.0000082824,0.0004325187,2026-02-11 00:00:00.036000+00:00
xyz:AMZN,0.0000131867,0.0005109876,2026-02-11 01:00:00.007000+00:00
xyz:AMZN,0.0000141235,0.0005259759,2026-02-11 02:00:00.051000+00:00
xyz:AMZN,0.0000062500,0.0003829087,2026-02-11 03:00:00.098000+00:00
xyz:AMZN,0.0000062500,0.0001073683,2026-02-11 04:00:00.071000+00:00
xyz:AMZN,0.0000062500,0.0001034383,2026-02-11 05:00:00.030000+00:00
xyz:AMZN,0.0000062500,0.0001339156,2026-02-11 06:00:00.005000+00:00
xyz:AMZN,0.0000062500,0.0002628891,2026-02-11 07:00:00.062000+00:00
xyz:AMZN,0.0000062500,0.0002091163,2026-02-11 08:00:00.095000+00:00
xyz:AMZN,0.0000062500,0.0001785453,2026-02-11 09:00:00.114000+00:00
xyz:AMZN,0.0000062500,0.0000234283,2026-02-11 10:00:00.048000+00:00
xyz:AMZN,0.0000062500,0.0002741933,2026-02-11 11:00:00.086000+00:00
xyz:AMZN,0.0000062500,0.0002751167,2026-02-11 12:00:00.022000+00:00
xyz:AMZN,0.0000062500,0.0003227840,2026-02-11 13:00:00.055000+00:00
xyz:AMZN,0.0000109181,0.0004746903,2026-02-11 14:00:00.087000+00:00
xyz:AMZN,0.0000233902,0.0006742436,2026-02-11 15:00:00.012000+00:00
xyz:AMZN,0.0000098611,0.0004577776,2026-02-11 16:00:00.074000+00:00
xyz:AMZN,0.0000169767,0.0005716280,2026-02-11 17:00:00.077000+00:00
xyz:AMZN,0.0000109633,0.0004754135,2026-02-11 18:00:00.062000+00:00
xyz:AMZN,0.0000165171,0.0005642737,2026-02-11 19:00:00.045000+00:00
xyz:AMZN,0.0000082963,0.0004327401,2026-02-11 20:00:00.051000+00:00
xyz:AMZN,0.0000090794,0.0004452712,2026-02-11 21:00:00.053000+00:00
xyz:AMZN,0.0000319655,0.0008114481,2026-02-11 22:00:00.067000+00:00
xyz:AMZN,0.0000375185,0.0009002956,2026-02-11 23:00:00.087000+00:00
xyz:AMZN,0.0000316788,0.0008068607,2026-02-12 00:00:00.006000+00:00
xyz:AMZN,0.0000069614,0.0004113818,2026-02-12 01:00:00.034000+00:00
xyz:AMZN,0.0000226413,0.0006622608,2026-02-12 02:00:00.037000+00:00
xyz:AMZN,0.0000090825,0.0004453195,2026-02-12 03:00:00.057000+00:00
xyz:AMZN,0.0000197633,0.0006162132,2026-02-12 04:00:00.004000+00:00
xyz:AMZN,0.0000180391,0.0005886250,2026-02-12 05:00:00.075000+00:00
xyz:AMZN,0.0000062500,0.0001345012,2026-02-12 06:00:00.077000+00:00
xyz:AMZN,0.0000062500,0.0002831857,2026-02-12 07:00:00.029000+00:00
xyz:AMZN,0.0000123024,0.0004968389,2026-02-12 08:00:00.036000+00:00
xyz:AMZN,0.0000297972,0.0007767545,2026-02-12 09:00:00.054000+00:00
xyz:AMZN,0.0000062500,0.0002396379,2026-02-12 10:00:00.022000+00:00
xyz:AMZN,0.0000062500,0.0003320515,2026-02-12 11:00:00.008000+00:00
xyz:AMZN,0.0000095221,0.0004523536,2026-02-12 12:00:00.064000+00:00
xyz:AMZN,0.0000196273,0.0006140371,2026-02-12 13:00:00.056000+00:00
xyz:AMZN,0.0000167013,0.0005672211,2026-02-12 14:00:00.023000+00:00
xyz:AMZN,0.0000200223,0.0006203574,2026-02-12 15:00:00.004000+00:00
xyz:AMZN,0.0000152138,0.0005434205,2026-02-12 16:00:00.043000+00:00
xyz:AMZN,0.0000151143,0.0005418284,2026-02-12 17:00:00.026000+00:00
xyz:AMZN,0.0000109423,0.0004750768,2026-02-12 18:00:00.015000+00:00
xyz:AMZN,0.0000156550,0.0005504795,2026-02-12 19:00:00.053000+00:00
xyz:AMZN,0.0000142650,0.0005282406,2026-02-12 20:00:00.037000+00:00
xyz:AMZN,0.0000143183,0.0005290928,2026-02-12 21:00:00.043000+00:00
xyz:AMZN,0.0000299785,0.0007796561,2026-02-12 22:00:00.010000+00:00
xyz:AMZN,0.0000260166,0.0007162659,2026-02-12 23:00:00.072000+00:00
xyz:AMZN,0.0000253833,0.0007061335,2026-02-13 00:00:00.092000+00:00
xyz:AMZN,0.0000242843,0.0006885490,2026-02-13 01:00:00.083000+00:00
xyz:AMZN,0.0000350174,0.0008602791,2026-02-13 02:00:00.050000+00:00
xyz:AMZN,0.0000160047,0.0005560757,2026-02-13 03:00:00.009000+00:00
xyz:AMZN,0.0000063752,0.0004020025,2026-02-13 04:00:00.087000+00:00
xyz:AMZN,0.0000062500,0.0003646867,2026-02-13 05:00:00.083000+00:00
xyz:AMZN,0.0000167478,0.0005679644,2026-02-13 06:00:00.070000+00:00
xyz:AMZN,0.0000153073,0.0005449162,2026-02-13 07:00:00.056000+00:00
xyz:AMZN,0.0000062500,0.0001854795,2026-02-13 08:00:00.018000+00:00
xyz:AMZN,0.0000062500,0.0002771060,2026-02-13 09:00:00.087000+00:00
xyz:AMZN,0.0000194268,0.0006108282,2026-02-13 10:00:00.004000+00:00
xyz:AMZN,0.0000286255,0.0007580086,2026-02-13 11:00:00.117000+00:00
xyz:AMZN,0.0000077571,0.0004241131,2026-02-13 12:00:00.059000+00:00
xyz:AMZN,0.0000062500,0.0003343395,2026-02-13 13:00:00.040000+00:00
xyz:AMZN,0.0000227744,0.0006643906,2026-02-13 14:00:00.092000+00:00
xyz:AMZN,0.0000303818,0.0007861084,2026-02-13 15:00:00.081000+00:00
xyz:AMZN,0.0000062500,0.0002632115,2026-02-13 16:00:00.038000+00:00
xyz:AMZN,0.0000064544,0.0004032703,2026-02-13 17:00:00.023000+00:00
xyz:AMZN,0.0000136315,0.0005181044,2026-02-13 18:00:00.120000+00:00
xyz:AMZN,0.0000062500,0.0001884979,2026-02-13 19:00:00.063000+00:00
xyz:AMZN,0.0000062500,-0.0000032870,2026-02-13 20:00:00.048000+00:00
xyz:AMZN,0.0000062500,-0.0000323897,2026-02-13 21:00:00.056000+00:00
xyz:AMZN,0.0000371270,0.0008940315,2026-02-13 22:00:00.018000+00:00
xyz:AMZN,0.0000245230,0.0006923680,2026-02-13 23:00:00.072000+00:00
xyz:AMZN,0.0000062500,0.0003433419,2026-02-14 00:00:00.041000+00:00
xyz:AMZN,0.0000062500,0.0002872780,2026-02-14 01:00:00.085000+00:00
xyz:AMZN,0.0000062500,0.0000352341,2026-02-14 02:00:00.103000+00:00
xyz:AMZN,0.0000062500,0.0003522081,2026-02-14 03:00:00.007000+00:00
xyz:AMZN,0.0000062500,0.0000641037,2026-02-14 04:00:00.098000+00:00
xyz:AMZN,0.0000062500,0.0002666311,2026-02-14 05:00:00.016000+00:00
xyz:AMZN,0.0000062500,0.0000838369,2026-02-14 06:00:00.103000+00:00
xyz:AMZN,0.0000062500,0.0003012714,2026-02-14 07:00:00.037000+00:00
xyz:AMZN,0.0000062500,0.0002293844,2026-02-14 08:00:00.001000+00:00
xyz:AMZN,0.0000062500,-0.0001195251,2026-02-14 09:00:00.050000+00:00
xyz:AMZN,0.0000062500,0.0000138156,2026-02-14 10:00:00.086000+00:00
xyz:AMZN,0.0000062500,0.0000735603,2026-02-14 11:00:00.026000+00:00
xyz:AMZN,0.0000062500,-0.0000133285,2026-02-14 12:00:00.125000+00:00
xyz:AMZN,0.0000062500,0.0003096323,2026-02-14 13:00:00.083000+00:00
xyz:AMZN,0.0000206311,0.0006300969,2026-02-14 14:00:00.055000+00:00
xyz:AMZN,0.0000062500,0.0003060439,2026-02-14 15:00:00.081000+00:00
xyz:AMZN,0.0000162781,0.0005604488,2026-02-14 16:00:00.035000+00:00
xyz:AMZN,0.0000062500,0.0003977278,2026-02-14 17:00:00.075000+00:00
xyz:AMZN,0.0000062500,-0.0001364606,2026-02-14 18:00:00.102000+00:00
xyz:AMZN,0.0000062500,-0.0001107883,2026-02-14 19:00:00.005000+00:00
xyz:AMZN,0.0000062500,-0.0001052187,2026-02-14 20:00:00.071000+00:00
xyz:AMZN,0.0000062500,0.0000206079,2026-02-14 21:00:00.056000+00:00
xyz:AMZN,0.0000062500,0.0003838834,2026-02-14 22:00:00.045000+00:00
xyz:AMZN,0.0000081116,0.0004297853,2026-02-14 23:00:00.022000+00:00
xyz:AMZN,0.0000062500,0.0003067393,2026-02-15 00:00:00.102000+00:00
xyz:AMZN,0.0000062500,0.0001842090,2026-02-15 01:00:00.052000+00:00
xyz:AMZN,-0.0000016894,-0.0003270304,2026-02-15 02:00:00.088000+00:00
xyz:AMZN,-0.0000073717,-0.0004179464,2026-02-15 03:00:00.093000+00:00
xyz:AMZN,-0.0000076897,-0.0004230352,2026-02-15 04:00:00.058000+00:00
xyz:AMZN,0.0000027139,-0.0002565768,2026-02-15 05:00:00.004000+00:00
xyz:AMZN,0.0000062500,0.0000094918,2026-02-15 06:00:00.027000+00:00
xyz:AMZN,0.0000062500,0.0000517920,2026-02-15 07:00:00.020000+00:00
xyz:AMZN,0.0000062500,0.0000772303,2026-02-15 08:00:00.027000+00:00
xyz:AMZN,0.0000062500,-0.0001320782,2026-02-15 09:00:00.043000+00:00
xyz:AMZN,0.0000062500,0.0000278787,2026-02-15 10:00:00.001000+00:00
xyz:AMZN,0.0000104760,0.0004676166,2026-02-15 11:00:00.015000+00:00
xyz:AMZN,0.0000144922,0.0005318755,2026-02-15 12:00:00.014000+00:00
xyz:AMZN,0.0000062500,0.0002184546,2026-02-15 13:00:00.012000+00:00
xyz:AMZN,-0.0000058386,-0.0003934180,2026-02-15 14:00:00.023000+00:00
xyz:AMZN,0.0000062500,-0.0000638738,2026-02-15 15:00:00.014000+00:00
xyz:AMZN,0.0000301615,0.0007825834,2026-02-15 16:00:00.083000+00:00
xyz:AMZN,0.0000121002,0.0004936025,2026-02-15 17:00:00.027000+00:00
xyz:AMZN,-0.0000042749,-0.0003683986,2026-02-15 18:00:00.006000+00:00
xyz:AMZN,-0.0000133667,-0.0005138668,2026-02-15 19:00:00.023000+00:00
xyz:AMZN,-0.0000243684,-0.0006898951,2026-02-15 20:00:00.060000+00:00
xyz:AMZN,-0.0000027303,-0.0003436853,2026-02-15 21:00:00.008000+00:00
xyz:AMZN,0.0000062500,0.0002322780,2026-02-15 22:00:00.058000+00:00
xyz:AMZN,0.0000252781,0.0007044500,2026-02-15 23:00:00.053000+00:00
xyz:AMZN,0.0000032388,-0.0002481794,2026-02-16 00:00:00.071000+00:00
xyz:AMZN,0.0000062500,-0.0000106902,2026-02-16 01:00:00.023000+00:00
xyz:AMZN,0.0000062500,0.0001408824,2026-02-16 02:00:00.070000+00:00
xyz:AMZN,0.0000062500,0.0001330864,2026-02-16 03:00:00.088000+00:00
xyz:AMZN,0.0000062500,0.0001121738,2026-02-16 04:00:00.033000+00:00
xyz:AMZN,0.0000062500,0.0001842472,2026-02-16 05:00:00.025000+00:00
xyz:AMZN,0.0000062500,0.0001102364,2026-02-16 06:00:00.006000+00:00
xyz:AMZN,0.0000062500,0.0000147715,2026-02-16 07:00:00.043000+00:00
xyz:AMZN,0.0000302794,0.0007844709,2026-02-16 08:00:00.025000+00:00
xyz:AMZN,0.0000592598,0.0012481562,2026-02-16 09:00:00.002000+00:00
xyz:AMZN,0.0000627940,0.0013047035,2026-02-16 10:00:00.026000+00:00
xyz:AMZN,0.0000110027,0.0004760434,2026-02-16 11:00:00+00:00
xyz:AMZN,0.0000109275,0.0004748403,2026-02-16 12:00:00.075000+00:00
xyz:AMZN,0.0000112188,0.0004795011,2026-02-16 13:00:00.013000+00:00
xyz:AMZN,0.0000279547,0.0007472745,2026-02-16 14:00:00.083000+00:00
xyz:AMZN,-0.0000051046,-0.0003816730,2026-02-16 15:00:00.037000+00:00
xyz:AMZN,-0.0000296798,-0.0007748772,2026-02-16 16:00:00.099000+00:00
xyz:AMZN,-0.0000162198,-0.0005595172,2026-02-16 17:00:00.019000+00:00
xyz:AMZN,-0.0000056633,-0.0003906127,2026-02-16 18:00:00.138000+00:00
xyz:AMZN,0.0000062500,0.0003834912,2026-02-16 19:00:00.072000+00:00
xyz:AMZN,0.0000300888,0.0007814200,2026-02-16 20:00:00.001000+00:00
xyz:AMZN,0.0000297998,0.0007767960,2026-02-16 21:00:00.070000+00:00
xyz:AMZN,0.0000223655,0.0006578475,2026-02-16 22:00:00.043000+00:00
xyz:AMZN,0.0000243551,0.0006896815,2026-02-16 23:00:00.088000+00:00
xyz:AMZN,0.0000224048,0.0006584775,2026-02-17 00:00:00.063000+00:00
xyz:AMZN,0.0000616928,0.0012870855,2026-02-17 01:00:00.070000+00:00
xyz:AMZN,0.0000494016,0.0010904248,2026-02-17 02:00:00.032000+00:00
xyz:AMZN,0.0000505543,0.0011088680,2026-02-17 03:00:00.021000+00:00
xyz:AMZN,0.0000242972,0.0006887558,2026-02-17 04:00:00.061000+00:00
xyz:AMZN,0.0000273749,0.0007379992,2026-02-17 05:00:00.038000+00:00
xyz:AMZN,0.0000185195,0.0005963122,2026-02-17 06:00:00.104000+00:00
xyz:AMZN,0.0000187033,0.0005992529,2026-02-17 07:00:00.044000+00:00
xyz:AMZN,0.0000225709,0.0006611347,2026-02-17 08:00:00.015000+00:00
xyz:AMZN,0.0000196423,0.0006142769,2026-02-17 09:00:00.082000+00:00
xyz:AMZN,0.0000130968,0.0005095491,2026-02-17 10:00:00.097000+00:00
xyz:AMZN,0.0000062500,0.0003465228,2026-02-17 11:00:00.042000+00:00
xyz:AMZN,0.0000062500,0.0002458665,2026-02-17 12:00:00.044000+00:00
xyz:AMZN,0.0000192584,0.0006081346,2026-02-17 13:00:00.044000+00:00
xyz:AMZN,0.0000288253,0.0007612054,2026-02-17 14:00:00.063000+00:00
xyz:AMZN,0.0000225731,0.0006611704,2026-02-17 15:00:00.062000+00:00
xyz:AMZN,0.0000280093,0.0007481492,2026-02-17 16:00:00.071000+00:00
xyz:AMZN,0.0000391962,0.0009271398,2026-02-17 17:00:00.038000+00:00
xyz:AMZN,0.0000062500,0.0003645147,2026-02-17 18:00:00.030000+00:00
xyz:AMZN,0.0000129110,0.0005065755,2026-02-17 19:00:00.003000+00:00
xyz:AMZN,0.0000269367,0.0007309869,2026-02-17 20:00:00.062000+00:00
xyz:AMZN,0.0000219933,0.0006518935,2026-02-17 21:00:00.058000+00:00
xyz:AMZN,0.0000130898,0.0005094367,2026-02-17 22:00:00.051000+00:00
xyz:AMZN,0.0000069925,0.0004118798,2026-02-17 23:00:00.070000+00:00
xyz:AMZN,0.0000399807,0.0009396906,2026-02-18 00:00:00.021000+00:00
xyz:AMZN,0.0000584046,0.0012344730,2026-02-18 01:00:00.085000+00:00
xyz:AMZN,0.0000541718,0.0011667481,2026-02-18 02:00:00.067000+00:00
xyz:AMZN,0.0000621477,0.0012943626,2026-02-18 03:00:00.005000+00:00
xyz:AMZN,0.0000776864,0.0015429831,2026-02-18 04:00:00.016000+00:00
xyz:AMZN,0.0000758369,0.0015133899,2026-02-18 05:00:00.053000+00:00
xyz:AMZN,0.0000377687,0.0009042997,2026-02-18 06:00:00.013000+00:00
xyz:AMZN,0.0000293735,0.0007699767,2026-02-18 07:00:00.044000+00:00
xyz:AMZN,0.0000236081,0.0006777292,2026-02-18 08:00:00.085000+00:00
xyz:AMZN,0.0000195519,0.0006128310,2026-02-18 09:00:00.065000+00:00
xyz:AMZN,0.0000206067,0.0006297066,2026-02-18 10:00:00.081000+00:00
xyz:AMZN,0.0000389054,0.0009224858,2026-02-18 11:00:00.026000+00:00
xyz:AMZN,0.0000220874,0.0006533985,2026-02-18 12:00:00.017000+00:00
xyz:AMZN,0.0000166298,0.0005660771,2026-02-18 13:00:00.034000+00:00
xyz:AMZN,0.0000095843,0.0004533483,2026-02-18 14:00:00.046000+00:00
xyz:AMZN,0.0000062500,0.0003654286,2026-02-18 15:00:00.043000+00:00
xyz:AMZN,0.0000214087,0.0006425398,2026-02-18 16:00:00.046000+00:00
xyz:AMZN,0.0000110595,0.0004769513,2026-02-18 17:00:00.010000+00:00
xyz:AMZN,0.0000062500,0.0001974057,2026-02-18 18:00:00.003000+00:00
xyz:AMZN,0.0000062500,0.0002870398,2026-02-18 19:00:00.072000+00:00
xyz:AMZN,0.0000062500,0.0000992447,2026-02-18 20:00:00.039000+00:00
xyz:AMZN,0.0000062500,0.0001875661,2026-02-18 21:00:00.040000+00:00
xyz:AMZN,0.0000062500,0.0002868657,2026-02-18 22:00:00.035000+00:00
xyz:AMZN,0.0000062500,0.0002017853,2026-02-18 23:00:00.022000+00:00
xyz:AMZN,0.0000062514,0.0004000225,2026-02-19 00:00:00.054000+00:00
xyz:AMZN,0.0000066304,0.0004060871,2026-02-19 01:00:00.073000+00:00
xyz:AMZN,0.0000372622,0.0008961956,2026-02-19 02:00:00.079000+00:00
xyz:AMZN,0.0000111870,0.0004789915,2026-02-19 03:00:00.021000+00:00
xyz:AMZN,0.0000062500,0.0001068713,2026-02-19 04:00:00.122000+00:00
xyz:AMZN,0.0000087538,0.0004400614,2026-02-19 05:00:00.058000+00:00
xyz:AMZN,0.0000256462,0.0007103390,2026-02-19 06:00:00.072000+00:00
xyz:AMZN,0.0000303179,0.0007850863,2026-02-19 07:00:00.126000+00:00
xyz:AMZN,0.0000108068,0.0004729092,2026-02-19 08:00:00.040000+00:00
xyz:AMZN,0.0000240474,0.0006847585,2026-02-19 09:00:00.019000+00:00
xyz:AMZN,0.0000352549,0.0008640782,2026-02-19 10:00:00.033000+00:00
xyz:AMZN,0.0000374194,0.0008987100,2026-02-19 11:00:00.010000+00:00
xyz:AMZN,0.0000327284,0.0008236549,2026-02-19 12:00:00.062000+00:00
xyz:AMZN,0.0000208497,0.0006335954,2026-02-19 13:00:00.017000+00:00
xyz:AMZN,0.0000405872,0.0009493956,2026-02-19 14:00:00.019000+00:00
xyz:AMZN,0.0000225035,0.0006600553,2026-02-19 15:00:00.067000+00:00
xyz:AMZN,0.0000104486,0.0004671783,2026-02-19 16:00:00.026000+00:00
xyz:AMZN,0.0000062500,0.0003179685,2026-02-19 17:00:00.013000+00:00
xyz:AMZN,0.0000062500,0.0003606819,2026-02-19 18:00:00+00:00
xyz:AMZN,0.0000090933,0.0004454923,2026-02-19 19:00:00.043000+00:00
xyz:AMZN,0.0000091464,0.0004463429,2026-02-19 20:00:00.009000+00:00
xyz:AMZN,0.0000062500,0.0002703936,2026-02-19 21:00:00.023000+00:00
xyz:AMZN,0.0000108002,0.0004728027,2026-02-19 22:00:00.022000+00:00
xyz:AMZN,0.0000062500,0.0002887193,2026-02-19 23:00:00.042000+00:00
xyz:AMZN,0.0000070282,0.0004124509,2026-02-20 00:00:00.035000+00:00
xyz:AMZN,0.0000211967,0.0006391468,2026-02-20 01:00:00.190000+00:00
xyz:AMZN,0.0000381893,0.0009110292,2026-02-20 02:00:00.054000+00:00
xyz:AMZN,0.0000149262,0.0005388191,2026-02-20 03:00:00.118000+00:00
xyz:AMZN,0.0000096367,0.0004541871,2026-02-20 04:00:00.085000+00:00
xyz:AMZN,0.0000226673,0.0006626760,2026-02-20 05:00:00.048000+00:00
xyz:AMZN,0.0000269939,0.0007319017,2026-02-20 06:00:00.033000+00:00
xyz:AMZN,0.0000330921,0.0008294743,2026-02-20 07:00:00.077000+00:00
xyz:AMZN,0.0000239569,0.0006833105,2026-02-20 08:00:00.069000+00:00
xyz:AMZN,0.0000578605,0.0012257675,2026-02-20 09:00:00.018000+00:00
xyz:AMZN,0.0000099128,0.0004586043,2026-02-20 10:00:00.018000+00:00
xyz:AMZN,0.0000145178,0.0005322842,2026-02-20 11:00:00.029000+00:00
xyz:AMZN,0.0000062500,0.0003287582,2026-02-20 12:00:00.020000+00:00
xyz:AMZN,0.0000062500,0.0002791479,2026-02-20 13:00:00.001000+00:00
xyz:AMZN,0.0000062500,0.0002205179,2026-02-20 14:00:00.062000+00:00
xyz:AMZN,0.0000153702,0.0005459239,2026-02-20 15:00:00.013000+00:00
xyz:AMZN,0.0000324083,0.0008185332,2026-02-20 16:00:00.044000+00:00
xyz:AMZN,0.0000063480,0.0004015684,2026-02-20 17:00:00.002000+00:00
xyz:AMZN,0.0000062500,0.0002735345,2026-02-20 18:00:00.056000+00:00
xyz:AMZN,0.0000062500,0.0002691460,2026-02-20 19:00:00.125000+00:00
xyz:AMZN,0.0000068880,0.0004102081,2026-02-20 20:00:00.028000+00:00
xyz:AMZN,0.0000085066,0.0004361061,2026-02-20 21:00:00.083000+00:00
xyz:AMZN,0.0000160109,0.0005561745,2026-02-20 22:00:00.095000+00:00
xyz:AMZN,0.0000307560,0.0007920958,2026-02-20 23:00:00.033000+00:00
xyz:AMZN,0.0000307974,0.0007927576,2026-02-21 00:00:00.011000+00:00
xyz:AMZN,0.0000516003,0.0011256052,2026-02-21 01:00:00.131000+00:00
xyz:AMZN,0.0000323925,0.0008182804,2026-02-21 02:00:00.011000+00:00
xyz:AMZN,0.0000104545,0.0004672726,2026-02-21 03:00:00.063000+00:00
xyz:AMZN,0.0000062500,0.0003611272,2026-02-21 04:00:00.080000+00:00
xyz:AMZN,0.0000430768,0.0009892283,2026-02-21 05:00:00.080000+00:00
xyz:AMZN,0.0000313958,0.0008023320,2026-02-21 06:00:00.034000+00:00
xyz:AMZN,0.0000062500,0.0002937280,2026-02-21 07:00:00.068000+00:00
xyz:AMZN,0.0000062500,0.0000580270,2026-02-21 08:00:00.035000+00:00
xyz:AMZN,0.0000024689,-0.0002604984,2026-02-21 09:00:00.020000+00:00
xyz:AMZN,-0.0000016037,-0.0003256584,2026-02-21 10:00:00.068000+00:00
xyz:AMZN,-0.0000018875,-0.0003302003,2026-02-21 11:00:00.028000+00:00
xyz:AMZN,0.0000062500,-0.0001220551,2026-02-21 12:00:00.071000+00:00
xyz:AMZN,0.0000062500,-0.0000725504,2026-02-21 13:00:00.019000+00:00
xyz:AMZN,0.0000062500,-0.0001092086,2026-02-21 14:00:00+00:00
xyz:AMZN,0.0000062500,-0.0001621988,2026-02-21 15:00:00.011000+00:00
xyz:AMZN,-0.0000009324,-0.0003149178,2026-02-21 16:00:00.010000+00:00
xyz:AMZN,-0.0000086804,-0.0004388862,2026-02-21 17:00:00.060000+00:00
xyz:AMZN,-0.0000003814,-0.0003061028,2026-02-21 18:00:00.086000+00:00
xyz:AMZN,-0.0000101340,-0.0004621432,2026-02-21 19:00:00.111000+00:00
xyz:AMZN,-0.0000093005,-0.0004488076,2026-02-21 20:00:00.048000+00:00
xyz:AMZN,-0.0000247778,-0.0006964454,2026-02-21 21:00:00.024000+00:00
xyz:AMZN,-0.0000111157,-0.0004778507,2026-02-21 22:00:00.037000+00:00
xyz:AMZN,0.0000062500,-0.0001128959,2026-02-21 23:00:00.054000+00:00
xyz:AMZN,0.0000062500,0.0001548419,2026-02-22 00:00:00.015000+00:00
xyz:AMZN,0.0000020973,-0.0002664436,2026-02-22 01:00:00.084000+00:00
xyz:AMZN,-0.0000065930,-0.0004054877,2026-02-22 02:00:00.046000+00:00
xyz:AMZN,0.0000062500,-0.0000312655,2026-02-22 03:00:00.056000+00:00
xyz:AMZN,0.0000062500,-0.0000258048,2026-02-22 04:00:00.066000+00:00
xyz:AMZN,0.0000062500,-0.0001507347,2026-02-22 05:00:00.123000+00:00
xyz:AMZN,-0.0000182764,-0.0005924220,2026-02-22 06:00:00.012000+00:00
xyz:AMZN,-0.0000104218,-0.0004667482,2026-02-22 07:00:00.039000+00:00
xyz:AMZN,-0.0000117366,-0.0004877852,2026-02-22 08:00:00.009000+00:00
xyz:AMZN,-0.0000146973,-0.0005351574,2026-02-22 09:00:00.017000+00:00
xyz:AMZN,-0.0000120980,-0.0004935674,2026-02-22 10:00:00.091000+00:00
xyz:AMZN,-0.0000161085,-0.0005577366,2026-02-22 11:00:00.056000+00:00
xyz:AMZN,0.0000062500,-0.0001775425,2026-02-22 12:00:00.075000+00:00
xyz:AMZN,-0.0000055557,-0.0003888909,2026-02-22 13:00:00.038000+00:00
xyz:AMZN,0.0000006554,-0.0002895143,2026-02-22 14:00:00.048000+00:00
xyz:AMZN,-0.0000180555,-0.0005888874,2026-02-22 15:00:00.114000+00:00
xyz:AMZN,-0.0000300597,-0.0007809549,2026-02-22 16:00:00.015000+00:00
xyz:AMZN,0.0000062500,-0.0001741643,2026-02-22 17:00:00.036000+00:00
xyz:AMZN,0.0000062500,-0.0001591770,2026-02-22 18:00:00.075000+00:00
xyz:AMZN,-0.0000086049,-0.0004376780,2026-02-22 19:00:00.006000+00:00
xyz:AMZN,0.0000062500,-0.0001411182,2026-02-22 20:00:00.029000+00:00
xyz:AMZN,0.0000062500,-0.0001367488,2026-02-22 21:00:00+00:00
xyz:AMZN,0.0000069472,0.0004111545,2026-02-22 22:00:00.023000+00:00
xyz:AMZN,0.0000062500,0.0000969528,2026-02-22 23:00:00.093000+00:00
xyz:AMZN,-0.0000628199,-0.0013051188,2026-02-23 00:00:00.016000+00:00
xyz:AMZN,-0.0001441091,-0.0026057457,2026-02-23 01:00:00.004000+00:00
xyz:AMZN,0.0000130827,0.0005093230,2026-02-23 02:00:00.025000+00:00
xyz:AMZN,0.0000062500,0.0003644796,2026-02-23 03:00:00.025000+00:00
xyz:AMZN,0.0000062809,0.0004004941,2026-02-23 04:00:00.028000+00:00
xyz:AMZN,0.0000062500,0.0003317400,2026-02-23 05:00:00.010000+00:00
xyz:AMZN,0.0000161491,0.0005583857,2026-02-23 06:00:00.078000+00:00
xyz:AMZN,0.0000335756,0.0008372099,2026-02-23 07:00:00.058000+00:00
xyz:AMZN,0.0000340060,0.0008440956,2026-02-23 08:00:00.004000+00:00
xyz:AMZN,0.0000267049,0.0007272785,2026-02-23 09:00:00.103000+00:00
xyz:AMZN,0.0000062500,0.0003034241,2026-02-23 10:00:00.012000+00:00
xyz:AMZN,0.0000100236,0.0004603783,2026-02-23 11:00:00.010000+00:00
xyz:AMZN,0.0000151370,0.0005421918,2026-02-23 12:00:00.004000+00:00
xyz:AMZN,0.0000208396,0.0006334336,2026-02-23 13:00:00.080000+00:00
xyz:AMZN,0.0000084219,0.0004347497,2026-02-23 14:00:00.028000+00:00
xyz:AMZN,0.0000097318,0.0004557081,2026-02-23 15:00:00.059000+00:00
xyz:AMZN,0.0000062500,0.0003065731,2026-02-23 16:00:00.045000+00:00
xyz:AMZN,0.0000079888,0.0004278204,2026-02-23 17:00:00.042000+00:00
xyz:AMZN,0.0000127109,0.0005033742,2026-02-23 18:00:00.076000+00:00
xyz:AMZN,0.0000062500,0.0003815941,2026-02-23 19:00:00.053000+00:00
xyz:AMZN,0.0000062500,0.0003114983,2026-02-23 20:00:00.017000+00:00
xyz:AMZN,0.0000062500,0.0003572364,2026-02-23 21:00:00.054000+00:00
xyz:AMZN,0.0000062500,0.0002912135,2026-02-23 22:00:00.029000+00:00
xyz:AMZN,0.0000062500,0.0002202196,2026-02-23 23:00:00.037000+00:00
xyz:AMZN,0.0000062500,0.0002868798,2026-02-24 00:00:00.048000+00:00
xyz:AMZN,0.0000062500,0.0003222854,2026-02-24 01:00:00.134000+00:00
xyz:AMZN,0.0000179670,0.0005874719,2026-02-24 02:00:00.050000+00:00
xyz:AMZN,0.0000063789,0.0004020626,2026-02-24 03:00:00.046000+00:00
xyz:AMZN,0.0000062500,0.0003397624,2026-02-24 04:00:00.015000+00:00
xyz:AMZN,0.0000235534,0.0006768548,2026-02-24 05:00:00.026000+00:00
xyz:AMZN,0.0000264538,0.0007232602,2026-02-24 06:00:00.085000+00:00
xyz:AMZN,0.0000242791,0.0006884651,2026-02-24 07:00:00.076000+00:00
xyz:AMZN,0.0000062500,0.0001952266,2026-02-24 08:00:00.022000+00:00
xyz:AMZN,0.0000062500,0.0002691496,2026-02-24 09:00:00.048000+00:00
xyz:AMZN,0.0000079368,0.0004269882,2026-02-24 10:00:00.044000+00:00
xyz:AMZN,0.0000062500,0.0002113090,2026-02-24 11:00:00.020000+00:00
xyz:AMZN,0.0000062500,0.0003020489,2026-02-24 12:00:00.025000+00:00
xyz:AMZN,0.0000062500,0.0003845993,2026-02-24 13:00:00.047000+00:00
xyz:AMZN,0.0000104885,0.0004678167,2026-02-24 14:00:00.060000+00:00
xyz:AMZN,0.0000062500,0.0003811245,2026-02-24 15:00:00.057000+00:00
xyz:AMZN,0.0000062500,0.0003307036,2026-02-24 16:00:00.005000+00:00
xyz:AMZN,0.0000062500,0.0003453659,2026-02-24 17:00:00.049000+00:00
xyz:AMZN,0.0000073591,0.0004177453,2026-02-24 18:00:00.022000+00:00
xyz:AMZN,0.0000098387,0.0004574195,2026-02-24 19:00:00.066000+00:00
xyz:AMZN,0.0000062500,0.0003508942,2026-02-24 20:00:00.026000+00:00
xyz:AMZN,0.0000093472,0.0004495551,2026-02-24 21:00:00.002000+00:00
xyz:AMZN,0.0000062500,0.0003174678,2026-02-24 22:00:00.030000+00:00
xyz:AMZN,0.0000062500,0.0002489970,2026-02-24 23:00:00.078000+00:00
xyz:AMZN,0.0000062500,0.0003236426,2026-02-25 00:00:00.014000+00:00
xyz:AMZN,0.0000291317,0.0007661065,2026-02-25 01:00:00.032000+00:00
xyz:AMZN,0.0000323428,0.0008174840,2026-02-25 02:00:00.039000+00:00
xyz:AMZN,0.0000301452,0.0007823236,2026-02-25 03:00:00.030000+00:00
xyz:AMZN,0.0000248067,0.0006969068,2026-02-25 04:00:00.056000+00:00
xyz:AMZN,0.0000108949,0.0004743178,2026-02-25 05:00:00.028000+00:00
xyz:AMZN,0.0000284985,0.0007559753,2026-02-25 06:00:00.061000+00:00
xyz:AMZN,0.0000431683,0.0009906921,2026-02-25 07:00:00+00:00
xyz:AMZN,0.0000570854,0.0012133668,2026-02-25 08:00:00.037000+00:00
xyz:AMZN,0.0000354170,0.0008666717,2026-02-25 09:00:00.060000+00:00
xyz:AMZN,0.0000062500,0.0001778900,2026-02-25 10:00:00.029000+00:00
xyz:AMZN,0.0000062500,0.0001508175,2026-02-25 11:00:00.055000+00:00
xyz:AMZN,0.0000062500,0.0002509360,2026-02-25 12:00:00.008000+00:00
xyz:AMZN,0.0000062500,0.0002929298,2026-02-25 13:00:00.008000+00:00
xyz:AMZN,0.0000094218,0.0004507482,2026-02-25 14:00:00.023000+00:00
xyz:AMZN,0.0000062500,0.0003911810,2026-02-25 15:00:00.051000+00:00
xyz:AMZN,0.0000062500,0.0002776024,2026-02-25 16:00:00.012000+00:00
xyz:AMZN,0.0000062500,0.0002078578,2026-02-25 17:00:00.075000+00:00
xyz:AMZN,0.0000062500,0.0001894806,2026-02-25 18:00:00.088000+00:00
xyz:AMZN,0.0000062500,0.0003990850,2026-02-25 19:00:00.128000+00:00
xyz:AMZN,0.0000062500,0.0003571382,2026-02-25 20:00:00.055000+00:00
xyz:AMZN,0.0000062500,0.0003655758,2026-02-25 21:00:00.015000+00:00
xyz:AMZN,0.0000062500,0.0002231456,2026-02-25 22:00:00+00:00
xyz:AMZN,0.0000085527,0.0004368427,2026-02-25 23:00:00.045000+00:00
xyz:AMZN,0.0000127520,0.0005040320,2026-02-26 00:00:00.036000+00:00
xyz:AMZN,0.0000062500,0.0002777270,2026-02-26 01:00:00.091000+00:00
xyz:AMZN,0.0000105951,0.0004695209,2026-02-26 02:00:00.018000+00:00
xyz:AMZN,0.0000193602,0.0006097636,2026-02-26 03:00:00.060000+00:00
xyz:AMZN,0.0000186905,0.0005990479,2026-02-26 04:00:00.013000+00:00
xyz:AMZN,0.0000342810,0.0008484966,2026-02-26 05:00:00.058000+00:00
xyz:AMZN,0.0000205432,0.0006286918,2026-02-26 06:00:00.099000+00:00
xyz:AMZN,0.0000062500,0.0003049775,2026-02-26 07:00:00.021000+00:00
xyz:AMZN,0.0000135782,0.0005172511,2026-02-26 08:00:00.072000+00:00
xyz:AMZN,0.0000100931,0.0004614892,2026-02-26 09:00:00.076000+00:00
xyz:AMZN,0.0000127102,0.0005033639,2026-02-26 10:00:00.108000+00:00
xyz:AMZN,0.0000062500,0.0001155172,2026-02-26 11:00:00.073000+00:00
xyz:AMZN,0.0000141469,0.0005263512,2026-02-26 12:00:00.041000+00:00
xyz:AMZN,0.0000062500,0.0003399934,2026-02-26 13:00:00.051000+00:00
xyz:AMZN,0.0000062500,0.0001867766,2026-02-26 14:00:00.019000+00:00
xyz:AMZN,0.0000062500,0.0003168575,2026-02-26 15:00:00.033000+00:00
xyz:AMZN,0.0000062500,0.0003071510,2026-02-26 16:00:00.028000+00:00
xyz:AMZN,0.0000131222,0.0005099549,2026-02-26 17:00:00.027000+00:00
xyz:AMZN,0.0000062500,0.0002551686,2026-02-26 18:00:00.023000+00:00
xyz:AMZN,0.0000062500,0.0002534127,2026-02-26 19:00:00.009000+00:00
xyz:AMZN,0.0000062500,0.0002202990,2026-02-26 20:00:00.035000+00:00
xyz:AMZN,0.0000062500,0.0003601061,2026-02-26 21:00:00.019000+00:00
xyz:AMZN,0.0000128477,0.0005055638,2026-02-26 22:00:00.019000+00:00
xyz:AMZN,0.0000168177,0.0005690827,2026-02-26 23:00:00.054000+00:00
xyz:AMZN,0.0000062500,0.0002710918,2026-02-27 00:00:00.001000+00:00
xyz:AMZN,0.0000062500,0.0001142973,2026-02-27 01:00:00.078000+00:00
xyz:AMZN,0.0000114609,0.0004833750,2026-02-27 02:00:00.016000+00:00
xyz:AMZN,0.0000062500,0.0002877829,2026-02-27 03:00:00.116000+00:00
xyz:AMZN,0.0000062500,-0.0000870067,2026-02-27 04:00:00.057000+00:00
xyz:AMZN,0.0000062500,-0.0001022071,2026-02-27 05:00:00.058000+00:00
xyz:AMZN,0.0000062500,-0.0000947935,2026-02-27 06:00:00.053000+00:00
xyz:AMZN,0.0000153049,0.0005448789,2026-02-27 07:00:00.067000+00:00
xyz:AMZN,0.0000062500,0.0001841314,2026-02-27 08:00:00.017000+00:00
xyz:AMZN,0.0000062500,0.0001729774,2026-02-27 09:00:00.026000+00:00
xyz:AMZN,0.0000213398,0.0006414369,2026-02-27 10:00:00.074000+00:00
xyz:AMZN,0.0000233530,0.0006736477,2026-02-27 11:00:00.078000+00:00
xyz:AMZN,0.0000081756,0.0004308090,2026-02-27 12:00:00.028000+00:00
xyz:AMZN,0.0000062500,0.0003108748,2026-02-27 13:00:00.020000+00:00
xyz:AMZN,0.0000062500,0.0002740892,2026-02-27 14:00:00.036000+00:00
xyz:AMZN,0.0000062500,0.0003285542,2026-02-27 15:00:00.054000+00:00
xyz:AMZN,0.0000062500,0.0003150699,2026-02-27 16:00:00.132000+00:00
xyz:AMZN,0.0000067443,0.0004079089,2026-02-27 17:00:00.041000+00:00
xyz:AMZN,0.0000074200,0.0004187199,2026-02-27 18:00:00.037000+00:00
xyz:AMZN,0.0000122434,0.0004958941,2026-02-27 19:00:00.012000+00:00
xyz:AMZN,0.0000062500,0.0003589532,2026-02-27 20:00:00.028000+00:00
xyz:AMZN,0.0000062500,0.0003403063,2026-02-27 21:00:00.037000+00:00
xyz:AMZN,0.0000218728,0.0006499644,2026-02-27 22:00:00.023000+00:00
xyz:AMZN,0.0000454937,0.0010278994,2026-02-27 23:00:00.014000+00:00
xyz:AMZN,0.0000185573,0.0005969168,2026-02-28 00:00:00.086000+00:00
xyz:AMZN,0.0000062500,0.0003045773,2026-02-28 01:00:00.090000+00:00
xyz:AMZN,0.0000062500,0.0003393107,2026-02-28 02:00:00.058000+00:00
xyz:AMZN,0.0000062500,-0.0000340564,2026-02-28 03:00:00.012000+00:00
xyz:AMZN,0.0000062500,0.0000490481,2026-02-28 04:00:00.088000+00:00
xyz:AMZN,0.0000062500,-0.0001155162,2026-02-28 05:00:00.063000+00:00
xyz:AMZN,0.0000062500,0.0000803344,2026-02-28 06:00:00.065000+00:00
xyz:AMZN,-0.0000063864,-0.0004021827,2026-02-28 07:00:00.026000+00:00
xyz:AMZN,-0.0000573864,-0.0012181829,2026-02-28 08:00:00.028000+00:00
xyz:AMZN,-0.0001268816,-0.0023301052,2026-02-28 09:00:00.012000+00:00
xyz:AMZN,-0.0001272225,-0.0023355593,2026-02-28 10:00:00.008000+00:00
xyz:AMZN,-0.0001521764,-0.0027348217,2026-02-28 11:00:00.008000+00:00
xyz:AMZN,-0.0000693059,-0.0014088941,2026-02-28 12:00:00.032000+00:00
xyz:AMZN,0.0000062500,-0.0000163918,2026-02-28 13:00:00.035000+00:00
xyz:AMZN,0.0000062500,-0.0001246449,2026-02-28 14:00:00.033000+00:00
xyz:AMZN,0.0000062500,0.0001701820,2026-02-28 15:00:00.021000+00:00
xyz:AMZN,0.0000062500,-0.0001866142,2026-02-28 16:00:00.041000+00:00
xyz:AMZN,-0.0000118506,-0.0004896097,2026-02-28 17:00:00.025000+00:00
xyz:AMZN,0.0000062500,0.0002278004,2026-02-28 18:00:00.015000+00:00
xyz:AMZN,0.0000481938,0.0010711007,2026-02-28 19:00:00.074000+00:00
xyz:AMZN,0.0000066219,0.0004059499,2026-02-28 20:00:00.039000+00:00
xyz:AMZN,0.0001435547,0.0025968752,2026-02-28 21:00:00.041000+00:00
xyz:AMZN,0.0001004494,0.0019071901,2026-02-28 22:00:00.035000+00:00
xyz:AMZN,0.0000541337,0.0011661390,2026-02-28 23:00:00.066000+00:00
xyz:AMZN,0.0000435614,0.0009969818,2026-03-01 00:00:00.168000+00:00
xyz:AMZN,0.0000062500,-0.0000094880,2026-03-01 01:00:00.024000+00:00
xyz:AMZN,-0.0000085279,-0.0004364469,2026-03-01 02:00:00.052000+00:00
xyz:AMZN,0.0000062500,0.0002400593,2026-03-01 03:00:00.074000+00:00
xyz:AMZN,0.0000207702,0.0006323233,2026-03-01 04:00:00.034000+00:00
xyz:AMZN,0.0000096056,0.0004536890,2026-03-01 05:00:00.052000+00:00
xyz:AMZN,0.0000655762,0.0013492192,2026-03-01 06:00:00.071000+00:00
xyz:AMZN,0.0000086912,0.0004390598,2026-03-01 07:00:00.018000+00:00
xyz:AMZN,0.0000062500,-0.0000001602,2026-03-01 08:00:00.093000+00:00
xyz:AMZN,0.0000062500,-0.0000567922,2026-03-01 09:00:00.017000+00:00
xyz:AMZN,0.0000029717,-0.0002524533,2026-03-01 10:00:00.018000+00:00
xyz:AMZN,-0.0000131919,-0.0005110702,2026-03-01 11:00:00.017000+00:00
xyz:AMZN,0.0000062500,-0.0001337312,2026-03-01 12:00:00.039000+00:00
xyz:AMZN,0.0000062500,-0.0000554997,2026-03-01 13:00:00.054000+00:00
xyz:AMZN,0.0000324519,0.0008192304,2026-03-01 14:00:00.029000+00:00
xyz:AMZN,0.0000240344,0.0006845502,2026-03-01 15:00:00.027000+00:00
xyz:AMZN,0.0000283393,0.0007534281,2026-03-01 16:00:00.018000+00:00
xyz:AMZN,0.0000227697,0.0006643160,2026-03-01 17:00:00.120000+00:00
xyz:AMZN,0.0000062500,0.0002266094,2026-03-01 18:00:00.070000+00:00
xyz:AMZN,-0.0001378555,-0.0025056872,2026-03-01 19:00:00.062000+00:00
xyz:AMZN,-0.0000368641,-0.0008898249,2026-03-01 20:00:00.026000+00:00
xyz:AMZN,-0.0001261235,-0.0023179765,2026-03-01 21:00:00.065000+00:00
xyz:AMZN,-0.0000759995,-0.0015159915,2026-03-01 22:00:00.085000+00:00
xyz:AMZN,-0.0000602970,-0.0012647517,2026-03-01 23:00:00.005000+00:00
xyz:AMZN,0.0000062500,0.0003115882,2026-03-02 00:00:00.044000+00:00
xyz:AMZN,0.0000062500,0.0001135571,2026-03-02 01:00:00.048000+00:00
xyz:AMZN,0.0000545816,0.0011733061,2026-03-02 02:00:00.044000+00:00
xyz:AMZN,0.0000384998,0.0009159961,2026-03-02 03:00:00.063000+00:00
xyz:AMZN,0.0000529451,0.0011471215,2026-03-02 04:00:00.048000+00:00
xyz:AMZN,0.0000493446,0.0010895136,2026-03-02 05:00:00.071000+00:00
xyz:AMZN,0.0000062500,0.0002502490,2026-03-02 06:00:00.062000+00:00
xyz:AMZN,0.0000062500,0.0002109323,2026-03-02 07:00:00.054000+00:00
xyz:AMZN,0.0000253890,0.0007062236,2026-03-02 08:00:00.003000+00:00
xyz:AMZN,0.0000388358,0.0009213723,2026-03-02 09:00:00.091000+00:00
xyz:AMZN,0.0000411761,0.0009588183,2026-03-02 10:00:00.007000+00:00
xyz:AMZN,0.0000425548,0.0009808766,2026-03-02 11:00:00.019000+00:00
xyz:AMZN,0.0000511656,0.0011186502,2026-03-02 12:00:00.016000+00:00
xyz:AMZN,0.0000445335,0.0010125357,2026-03-02 13:00:00.034000+00:00
xyz:AMZN,0.0000283023,0.0007528362,2026-03-02 14:00:00.035000+00:00
xyz:AMZN,0.0000362233,0.0008795721,2026-03-02 15:00:00.070000+00:00
xyz:AMZN,0.0000393528,0.0009296446,2026-03-02 16:00:00.053000+00:00
xyz:AMZN,0.0000062500,0.0002486470,2026-03-02 17:00:00.086000+00:00
xyz:AMZN,0.0000062500,0.0003988727,2026-03-02 18:00:00.025000+00:00
xyz:AMZN,0.0000114729,0.0004835658,2026-03-02 19:00:00.044000+00:00
xyz:AMZN,0.0000123521,0.0004976338,2026-03-02 20:00:00.120000+00:00
xyz:AMZN,0.0000223492,0.0006575869,2026-03-02 21:00:00.038000+00:00
xyz:AMZN,0.0000141547,0.0005264751,2026-03-02 22:00:00.033000+00:00
xyz:AMZN,0.0000062500,0.0003927257,2026-03-02 23:00:00.068000+00:00
xyz:AMZN,0.0000181212,0.0005899398,2026-03-03 00:00:00.062000+00:00
xyz:AMZN,0.0000210620,0.0006369925,2026-03-03 01:00:00.052000+00:00
xyz:AMZN,0.0000062500,0.0001632272,2026-03-03 02:00:00.011000+00:00
xyz:AMZN,0.0000214044,0.0006424699,2026-03-03 03:00:00.058000+00:00
xyz:AMZN,0.0000288192,0.0007611076,2026-03-03 04:00:00.010000+00:00
xyz:AMZN,0.0000418951,0.0009703215,2026-03-03 05:00:00.074000+00:00
xyz:AMZN,0.0000155267,0.0005484278,2026-03-03 06:00:00.050000+00:00
xyz:AMZN,0.0000062500,0.0002088633,2026-03-03 07:00:00.069000+00:00
xyz:AMZN,0.0000062500,0.0002230779,2026-03-03 08:00:00.009000+00:00
xyz:AMZN,0.0000062500,0.0001118581,2026-03-03 09:00:00.114000+00:00
xyz:AMZN,0.0000062500,0.0002349460,2026-03-03 10:00:00.046000+00:00
xyz:AMZN,0.0000062500,0.0002951077,2026-03-03 11:00:00.006000+00:00
xyz:AMZN,0.0000177389,0.0005838218,2026-03-03 12:00:00.013000+00:00
xyz:AMZN,0.0000062500,0.0003513736,2026-03-03 13:00:00.012000+00:00
xyz:AMZN,0.0000062500,0.0002052120,2026-03-03 14:00:00.039000+00:00
xyz:AMZN,0.0000062500,0.0003368843,2026-03-03 15:00:00.007000+00:00
xyz:AMZN,0.0000062500,0.0000378636,2026-03-03 16:00:00.004000+00:00
xyz:AMZN,0.0000062500,0.0001008735,2026-03-03 17:00:00.041000+00:00
xyz:AMZN,0.0000062500,0.0000673610,2026-03-03 18:00:00.015000+00:00
xyz:AMZN,0.0000062500,0.0001841213,2026-03-03 19:00:00.049000+00:00
xyz:AMZN,0.0000062500,0.0002692071,2026-03-03 20:00:00.007000+00:00
xyz:AMZN,0.0000062500,0.0002439857,2026-03-03 21:00:00.014000+00:00
xyz:AMZN,0.0000062500,-0.0001371516,2026-03-03 22:00:00.070000+00:00
xyz:AMZN,0.0000062500,-0.0001318597,2026-03-03 23:00:00.016000+00:00
xyz:AMZN,0.0000062500,0.0001358834,2026-03-04 00:00:00.034000+00:00
xyz:AMZN,0.0000062500,0.0003342602,2026-03-04 01:00:00.049000+00:00
xyz:AMZN,0.0000062500,0.0001166329,2026-03-04 02:00:00.060000+00:00
xyz:AMZN,0.0000062500,0.0001454892,2026-03-04 03:00:00.052000+00:00
xyz:AMZN,0.0000062500,0.0002963371,2026-03-04 04:00:00.001000+00:00
xyz:AMZN,0.0000062500,0.0003044528,2026-03-04 05:00:00.064000+00:00
xyz:AMZN,0.0000062500,0.0000704142,2026-03-04 06:00:00.079000+00:00
xyz:AMZN,0.0000062500,0.0000651054,2026-03-04 07:00:00.095000+00:00
xyz:AMZN,0.0000062500,0.0003668513,2026-03-04 08:00:00.047000+00:00
xyz:AMZN,0.0000309269,0.0007948308,2026-03-04 09:00:00.010000+00:00
xyz:AMZN,0.0000220146,0.0006522340,2026-03-04 10:00:00.069000+00:00
xyz:AMZN,0.0000272830,0.0007365284,2026-03-04 11:00:00.024000+00:00
xyz:AMZN,0.0000065363,0.0004045806,2026-03-04 12:00:00.133000+00:00
xyz:AMZN,0.0000062500,0.0002991743,2026-03-04 13:00:00.019000+00:00
xyz:AMZN,0.0000112274,0.0004796376,2026-03-04 14:00:00.036000+00:00
xyz:AMZN,0.0000062500,0.0003731122,2026-03-04 15:00:00.023000+00:00
xyz:AMZN,0.0000062500,0.0002694635,2026-03-04 16:00:00.011000+00:00
xyz:AMZN,0.0000062500,0.0001669391,2026-03-04 17:00:00.095000+00:00
xyz:AMZN,0.0000062500,0.0003375865,2026-03-04 18:00:00.092000+00:00
xyz:AMZN,0.0000106909,0.0004710547,2026-03-04 19:00:00.093000+00:00
xyz:AMZN,0.0000062500,0.0001866086,2026-03-04 20:00:00.047000+00:00
xyz:AMZN,0.0000062500,0.0002649091,2026-03-04 21:00:00.048000+00:00
xyz:AMZN,0.0000062500,0.0002446047,2026-03-04 22:00:00.024000+00:00
xyz:AMZN,0.0000062500,0.0002970422,2026-03-04 23:00:00.045000+00:00
xyz:AMZN,0.0000062500,0.0003353795,2026-03-05 00:00:00.022000+00:00
xyz:AMZN,0.0000129262,0.0005068190,2026-03-05 01:00:00.018000+00:00
xyz:AMZN,0.0000226565,0.0006625042,2026-03-05 02:00:00.139000+00:00
xyz:AMZN,0.0000090301,0.0004444814,2026-03-05 03:00:00.019000+00:00
xyz:AMZN,0.0000062500,0.0001779697,2026-03-05 04:00:00.027000+00:00
xyz:AMZN,0.0000062500,0.0002651062,2026-03-05 05:00:00.001000+00:00
xyz:AMZN,0.0000062500,0.0001955619,2026-03-05 06:00:00.037000+00:00
xyz:AMZN,0.0000062500,0.0003787656,2026-03-05 07:00:00.091000+00:00
xyz:AMZN,0.0000062500,0.0000919352,2026-03-05 08:00:00.033000+00:00
xyz:AMZN,0.0000065365,0.0004045832,2026-03-05 09:00:00.063000+00:00
xyz:AMZN,0.0000087206,0.0004395302,2026-03-05 10:00:00.091000+00:00
xyz:AMZN,0.0000082772,0.0004324358,2026-03-05 11:00:00.017000+00:00
xyz:AMZN,0.0000135631,0.0005170100,2026-03-05 12:00:00.003000+00:00
xyz:AMZN,0.0000089189,0.0004427018,2026-03-05 13:00:00.009000+00:00
xyz:AMZN,0.0000062500,0.0002890089,2026-03-05 14:00:00.024000+00:00
xyz:AMZN,0.0000062500,0.0002317506,2026-03-05 15:00:00.039000+00:00
xyz:AMZN,0.0000062500,0.0003508643,2026-03-05 16:00:00.034000+00:00
xyz:AMZN,0.0000062500,0.0003405738,2026-03-05 17:00:00.083000+00:00
xyz:AMZN,0.0000062500,0.0002386823,2026-03-05 18:00:00.048000+00:00
xyz:AMZN,0.0000062500,0.0001840418,2026-03-05 19:00:00.052000+00:00
xyz:AMZN,0.0000062500,0.0003560514,2026-03-05 20:00:00.073000+00:00
xyz:AMZN,0.0000062500,0.0003438937,2026-03-05 21:00:00.042000+00:00
xyz:AMZN,0.0000062500,0.0001398153,2026-03-05 22:00:00.028000+00:00
xyz:AMZN,0.0000059883,-0.0002041878,2026-03-05 23:00:00.029000+00:00
xyz:AMZN,0.0000030437,-0.0002513001,2026-03-06 00:00:00.030000+00:00
xyz:AMZN,0.0000062500,0.0000542505,2026-03-06 01:00:00.082000+00:00
xyz:AMZN,0.0000004962,-0.0002920610,2026-03-06 02:00:00.006000+00:00
xyz:AMZN,0.0000045452,-0.0002272774,2026-03-06 03:00:00.079000+00:00
xyz:AMZN,0.0000062500,-0.0000826550,2026-03-06 04:00:00.026000+00:00
xyz:AMZN,0.0000062500,-0.0000057364,2026-03-06 05:00:00.112000+00:00
xyz:AMZN,0.0000062500,-0.0001319170,2026-03-06 06:00:00.019000+00:00
xyz:AMZN,-0.0000052816,-0.0003845049,2026-03-06 07:00:00.028000+00:00
xyz:AMZN,0.0000057174,-0.0002085209,2026-03-06 08:00:00.021000+00:00
xyz:AMZN,0.0000062500,-0.0001450354,2026-03-06 09:00:00.022000+00:00
xyz:AMZN,0.0000062500,-0.0000064593,2026-03-06 10:00:00.031000+00:00
xyz:AMZN,0.0000062500,-0.0000807625,2026-03-06 11:00:00.036000+00:00
xyz:AMZN,0.0000062500,0.0001453965,2026-03-06 12:00:00.052000+00:00
xyz:AMZN,0.0000062500,0.0001371052,2026-03-06 13:00:00.052000+00:00
xyz:AMZN,0.0000062500,0.0001466620,2026-03-06 14:00:00.033000+00:00
xyz:AMZN,0.0000062500,0.0000981323,2026-03-06 15:00:00.037000+00:00
xyz:AMZN,0.0000062500,0.0000941983,2026-03-06 16:00:00.062000+00:00
xyz:AMZN,0.0000129853,0.0005077652,2026-03-06 17:00:00.089000+00:00
xyz:AMZN,0.0000112433,0.0004798923,2026-03-06 18:00:00.056000+00:00
xyz:AMZN,0.0000106361,0.0004701778,2026-03-06 19:00:00.066000+00:00
xyz:AMZN,0.0000070726,0.0004131620,2026-03-06 20:00:00.046000+00:00
xyz:AMZN,0.0000062500,0.0002679134,2026-03-06 21:00:00.021000+00:00
xyz:AMZN,0.0000062500,0.0002934732,2026-03-06 22:00:00.046000+00:00
xyz:AMZN,0.0000062500,0.0001304851,2026-03-06 23:00:00.092000+00:00
xyz:AMZN,0.0000062500,0.0002208842,2026-03-07 00:00:00.061000+00:00
xyz:AMZN,0.0000069122,0.0004105958,2026-03-07 01:00:00.027000+00:00
xyz:AMZN,0.0000102702,0.0004643225,2026-03-07 02:00:00.050000+00:00
xyz:AMZN,0.0000062500,0.0003546261,2026-03-07 03:00:00.045000+00:00
xyz:AMZN,-0.0000171929,-0.0005750857,2026-03-07 04:00:00.014000+00:00
xyz:AMZN,0.0000012016,-0.0002807748,2026-03-07 05:00:00.052000+00:00
xyz:AMZN,0.0000062500,-0.0000063215,2026-03-07 06:00:00.070000+00:00
xyz:AMZN,0.0000062500,0.0002071334,2026-03-07 07:00:00.068000+00:00
xyz:AMZN,0.0000062500,-0.0000757623,2026-03-07 08:00:00.015000+00:00
xyz:AMZN,0.0000062500,0.0001021075,2026-03-07 09:00:00.005000+00:00
xyz:AMZN,0.0000062500,0.0002979646,2026-03-07 10:00:00.014000+00:00
xyz:AMZN,0.0000062500,0.0001295865,2026-03-07 11:00:00.002000+00:00
xyz:AMZN,0.0000062500,0.0003500397,2026-03-07 12:00:00.031000+00:00
xyz:AMZN,0.0000125981,0.0005015700,2026-03-07 13:00:00.033000+00:00
xyz:AMZN,0.0000143902,0.0005302426,2026-03-07 14:00:00.084000+00:00
xyz:AMZN,0.0000062500,0.0001675569,2026-03-07 15:00:00.012000+00:00
xyz:AMZN,0.0000062500,0.0000711373,2026-03-07 16:00:00.014000+00:00
xyz:AMZN,0.0000062500,-0.0000841902,2026-03-07 17:00:00.077000+00:00
xyz:AMZN,0.0000062500,-0.0000401994,2026-03-07 18:00:00.110000+00:00
xyz:AMZN,0.0000184077,0.0005945238,2026-03-07 19:00:00.003000+00:00
xyz:AMZN,0.0000062500,0.0003057843,2026-03-07 20:00:00.010000+00:00
xyz:AMZN,0.0000062500,0.0000928001,2026-03-07 21:00:00.135000+00:00
xyz:AMZN,0.0000080333,0.0004285327,2026-03-07 22:00:00.082000+00:00
xyz:AMZN,0.0000062500,0.0001346903,2026-03-07 23:00:00.068000+00:00
xyz:AMZN,-0.0000231640,-0.0006706234,2026-03-08 00:00:00.002000+00:00
xyz:AMZN,-0.0000449506,-0.0010192098,2026-03-08 01:00:00.030000+00:00
xyz:AMZN,-0.0000259781,-0.0007156495,2026-03-08 02:00:00.003000+00:00
xyz:AMZN,-0.0000187660,-0.0006002561,2026-03-08 03:00:00.042000+00:00
xyz:AMZN,-0.0000142578,-0.0005281240,2026-03-08 04:00:00.001000+00:00
xyz:AMZN,0.0000008607,-0.0002862284,2026-03-08 05:00:00.024000+00:00
xyz:AMZN,-0.0000321312,-0.0008140985,2026-03-08 06:00:00.045000+00:00
xyz:AMZN,-0.0000108703,-0.0004739251,2026-03-08 07:00:00.036000+00:00
xyz:AMZN,0.0000062500,0.0000802127,2026-03-08 08:00:00.041000+00:00
xyz:AMZN,-0.0000042939,-0.0003687025,2026-03-08 09:00:00.029000+00:00
xyz:AMZN,-0.0000307117,-0.0007913880,2026-03-08 10:00:00.035000+00:00
xyz:AMZN,0.0000062500,0.0000813695,2026-03-08 11:00:00.036000+00:00
xyz:AMZN,-0.0000273530,-0.0007376472,2026-03-08 12:00:00.021000+00:00
xyz:AMZN,-0.0000201462,-0.0006223385,2026-03-08 13:00:00.049000+00:00
xyz:AMZN,-0.0000308163,-0.0007930616,2026-03-08 14:00:00.061000+00:00
xyz:AMZN,-0.0000575784,-0.0012212549,2026-03-08 15:00:00.088000+00:00
xyz:AMZN,-0.0000448161,-0.0010170571,2026-03-08 16:00:00.024000+00:00
xyz:AMZN,-0.0000119798,-0.0004916775,2026-03-08 17:00:00.018000+00:00
xyz:AMZN,-0.0000260908,-0.0007174528,2026-03-08 18:00:00.004000+00:00
xyz:AMZN,-0.0000224218,-0.0006587489,2026-03-08 19:00:00+00:00
xyz:AMZN,-0.0000040985,-0.0003655753,2026-03-08 20:00:00.074000+00:00
xyz:AMZN,-0.0000153423,-0.0005454767,2026-03-08 21:00:00.003000+00:00
xyz:AMZN,0.0000217955,0.0006487273,2026-03-08 22:00:00.038000+00:00
xyz:AMZN,-0.0002006044,-0.0035096706,2026-03-08 23:00:00.057000+00:00
xyz:AMZN,-0.0002222919,-0.0038566708,2026-03-09 00:00:00.091000+00:00
xyz:AMZN,0.0000062500,0.0000369508,2026-03-09 01:00:00.052000+00:00
xyz:AMZN,0.0000062500,-0.0000952497,2026-03-09 02:00:00.016000+00:00
xyz:AMZN,0.0000062500,0.0001248955,2026-03-09 03:00:00.012000+00:00
xyz:AMZN,0.0000062500,0.0003598511,2026-03-09 04:00:00.030000+00:00
xyz:AMZN,0.0000062500,0.0002962855,2026-03-09 05:00:00.088000+00:00
xyz:AMZN,0.0000062500,0.0002023907,2026-03-09 06:00:00.070000+00:00
xyz:AMZN,0.0000090738,0.0004451805,2026-03-09 07:00:00.026000+00:00
xyz:AMZN,0.0000062500,0.0002310183,2026-03-09 08:00:00.094000+00:00
xyz:AMZN,0.0000062500,0.0001233928,2026-03-09 09:00:00.114000+00:00
xyz:AMZN,0.0000179911,0.0005878569,2026-03-09 10:00:00.108000+00:00
xyz:AMZN,0.0000062500,0.0001533473,2026-03-09 11:00:00.050000+00:00
xyz:AMZN,0.0000083955,0.0004343281,2026-03-09 12:00:00.051000+00:00
xyz:AMZN,0.0000105458,0.0004687329,2026-03-09 13:00:00.073000+00:00
xyz:AMZN,0.0000077110,0.0004233768,2026-03-09 14:00:00.061000+00:00
xyz:AMZN,0.0000062500,0.0003383714,2026-03-09 15:00:00.084000+00:00
xyz:AMZN,0.0000062500,0.0001901870,2026-03-09 16:00:00.075000+00:00
xyz:AMZN,0.0000062500,0.0002225153,2026-03-09 17:00:00.049000+00:00
xyz:AMZN,0.0000062500,0.0003078516,2026-03-09 18:00:00.036000+00:00
xyz:AMZN,0.0000062500,0.0002103521,2026-03-09 19:00:00.053000+00:00
xyz:AMZN,0.0000062500,0.0002497692,2026-03-09 20:00:00.002000+00:00
xyz:AMZN,0.0000062500,0.0002501383,2026-03-09 21:00:00.074000+00:00
xyz:AMZN,0.0000062500,0.0003892641,2026-03-09 22:00:00.010000+00:00
xyz:AMZN,0.0000062500,0.0001563965,2026-03-09 23:00:00.038000+00:00
xyz:AMZN,0.0000062500,0.0002344072,2026-03-10 00:00:00.042000+00:00
xyz:AMZN,0.0000062500,-0.0000491957,2026-03-10 01:00:00.084000+00:00
xyz:AMZN,0.0000062500,-0.0000392758,2026-03-10 02:00:00.013000+00:00
xyz:AMZN,0.0000062500,0.0002283743,2026-03-10 03:00:00.052000+00:00
xyz:AMZN,0.0000062500,0.0001569282,2026-03-10 04:00:00.041000+00:00
xyz:AMZN,0.0000062500,0.0000783955,2026-03-10 05:00:00.054000+00:00
xyz:AMZN,0.0000062500,0.0000083855,2026-03-10 06:00:00.137000+00:00
xyz:AMZN,0.0000062500,0.0001272762,2026-03-10 07:00:00.065000+00:00
xyz:AMZN,0.0000062500,0.0003692248,2026-03-10 08:00:00.052000+00:00
xyz:AMZN,0.0000062500,0.0001883084,2026-03-10 09:00:00.017000+00:00
xyz:AMZN,0.0000088045,0.0004408718,2026-03-10 10:00:00.060000+00:00
xyz:AMZN,0.0000062500,0.0001667522,2026-03-10 11:00:00.011000+00:00
xyz:AMZN,0.0000062500,0.0003330625,2026-03-10 12:00:00.038000+00:00
xyz:AMZN,0.0000062500,0.0002094556,2026-03-10 13:00:00.061000+00:00
xyz:AMZN,0.0000062500,0.0003509338,2026-03-10 14:00:00.027000+00:00
xyz:AMZN,0.0000062500,0.0003737816,2026-03-10 15:00:00.083000+00:00
xyz:AMZN,0.0000062500,0.0001443836,2026-03-10 16:00:00.045000+00:00
xyz:AMZN,0.0000062500,0.0001613708,2026-03-10 17:00:00.004000+00:00
xyz:AMZN,0.0000062500,0.0001776485,2026-03-10 18:00:00.018000+00:00
xyz:AMZN,0.0000062500,0.0001494965,2026-03-10 19:00:00.049000+00:00
xyz:AMZN,0.0000062500,0.0001930900,2026-03-10 20:00:00.050000+00:00
xyz:AMZN,0.0000062500,0.0002686043,2026-03-10 21:00:00.058000+00:00
xyz:AMZN,0.0000062500,-0.0000109909,2026-03-10 22:00:00.068000+00:00
xyz:AMZN,0.0000062500,-0.0001756404,2026-03-10 23:00:00.061000+00:00
xyz:AMZN,0.0000062500,-0.0000761135,2026-03-11 00:00:00.088000+00:00
xyz:AMZN,0.0000062500,-0.0000498098,2026-03-11 01:00:00.002000+00:00
xyz:AMZN,0.0000062500,-0.0000087060,2026-03-11 02:00:00.098000+00:00
xyz:AMZN,0.0000042843,-0.0002314510,2026-03-11 03:00:00.016000+00:00
xyz:AMZN,0.0000000192,-0.0002996934,2026-03-11 04:00:00.038000+00:00
xyz:AMZN,0.0000062500,0.0001880830,2026-03-11 05:00:00.075000+00:00
xyz:AMZN,0.0000062500,0.0002878832,2026-03-11 06:00:00.135000+00:00
xyz:AMZN,0.0000062500,0.0001301217,2026-03-11 07:00:00.014000+00:00
xyz:AMZN,0.0000062500,-0.0001668492,2026-03-11 08:00:00.056000+00:00
xyz:AMZN,0.0000062500,0.0002300028,2026-03-11 09:00:00.082000+00:00
xyz:AMZN,0.0000062500,0.0000867031,2026-03-11 10:00:00.084000+00:00
xyz:AMZN,0.0000062500,0.0001367970,2026-03-11 11:00:00.001000+00:00
xyz:AMZN,0.0000111736,0.0004787781,2026-03-11 12:00:00.013000+00:00
xyz:AMZN,0.0000062500,0.0003272066,2026-03-11 13:00:00.063000+00:00
xyz:AMZN,0.0000062500,0.0002867360,2026-03-11 14:00:00.004000+00:00
xyz:AMZN,0.0000062500,0.0001829533,2026-03-11 15:00:00.051000+00:00
xyz:AMZN,0.0000093475,0.0004495600,2026-03-11 16:00:00.065000+00:00
xyz:AMZN,0.0000068808,0.0004100924,2026-03-11 17:00:00.068000+00:00
xyz:AMZN,0.0000098039,0.0004568622,2026-03-11 18:00:00.102000+00:00
xyz:AMZN,0.0000062500,0.0003727219,2026-03-11 19:00:00.082000+00:00
xyz:AMZN,0.0000062500,0.0002917321,2026-03-11 20:00:00.026000+00:00
xyz:AMZN,0.0000062500,0.0002035829,2026-03-11 21:00:00.008000+00:00
xyz:AMZN,0.0000062500,0.0001949597,2026-03-11 22:00:00.035000+00:00
xyz:AMZN,0.0000062500,0.0003512663,2026-03-11 23:00:00.069000+00:00
xyz:AMZN,0.0000062500,0.0002132890,2026-03-12 00:00:00.084000+00:00
xyz:AMZN,0.0000062500,0.0003464329,2026-03-12 01:00:00.006000+00:00
xyz:AMZN,0.0000139828,0.0005237249,2026-03-12 02:00:00.080000+00:00
xyz:AMZN,0.0000062500,0.0003257608,2026-03-12 03:00:00.036000+00:00
xyz:AMZN,0.0000062500,0.0003662993,2026-03-12 04:00:00.065000+00:00
xyz:AMZN,0.0000062500,0.0003672838,2026-03-12 05:00:00.094000+00:00
xyz:AMZN,0.0000062500,0.0003829196,2026-03-12 06:00:00.108000+00:00
xyz:AMZN,0.0000062500,0.0003127191,2026-03-12 07:00:00.046000+00:00
xyz:AMZN,0.0000072755,0.0004164086,2026-03-12 08:00:00.068000+00:00
xyz:AMZN,0.0000136446,0.0005183128,2026-03-12 09:00:00.063000+00:00
xyz:AMZN,0.0000214767,0.0006436273,2026-03-12 10:00:00.013000+00:00
xyz:AMZN,0.0000478109,0.0010649747,2026-03-12 11:00:00.017000+00:00
xyz:AMZN,0.0000148961,0.0005383372,2026-03-12 12:00:00.106000+00:00
xyz:AMZN,0.0000062500,0.0002920737,2026-03-12 13:00:00.062000+00:00
xyz:AMZN,0.0000080830,0.0004293286,2026-03-12 14:00:00.110000+00:00
xyz:AMZN,0.0000062500,0.0002607325,2026-03-12 15:00:00.024000+00:00
xyz:AMZN,0.0000062500,0.0003155562,2026-03-12 16:00:00.064000+00:00
xyz:AMZN,0.0000062500,0.0002514725,2026-03-12 17:00:00.004000+00:00
xyz:AMZN,0.0000062500,0.0001825287,2026-03-12 18:00:00.004000+00:00
xyz:AMZN,0.0000062500,0.0001746551,2026-03-12 19:00:00.025000+00:00
xyz:AMZN,0.0000062500,0.0001987975,2026-03-12 20:00:00.165000+00:00
xyz:AMZN,0.0000062500,0.0001424237,2026-03-12 21:00:00.073000+00:00
xyz:AMZN,0.0000062500,0.0002370768,2026-03-12 22:00:00.071000+00:00
xyz:AMZN,0.0000130254,0.0005084071,2026-03-12 23:00:00.070000+00:00
xyz:AMZN,0.0000171136,0.0005738177,2026-03-13 00:00:00.061000+00:00
xyz:AMZN,0.0000062500,0.0003850280,2026-03-13 01:00:00.032000+00:00
xyz:AMZN,0.0000088019,0.0004408307,2026-03-13 02:00:00.025000+00:00
xyz:AMZN,0.0000071013,0.0004136207,2026-03-13 03:00:00.021000+00:00
xyz:AMZN,0.0000144894,0.0005318308,2026-03-13 04:00:00.099000+00:00
xyz:AMZN,0.0000062500,0.0002372878,2026-03-13 05:00:00.089000+00:00
xyz:AMZN,0.0000062500,0.0002290651,2026-03-13 06:00:00.064000+00:00
xyz:AMZN,0.0000062500,0.0003031413,2026-03-13 07:00:00.082000+00:00
xyz:AMZN,0.0000133048,0.0005128769,2026-03-13 08:00:00.016000+00:00
xyz:AMZN,0.0000141636,0.0005266176,2026-03-13 09:00:00.045000+00:00
xyz:AMZN,0.0000062500,0.0003110528,2026-03-13 10:00:00.034000+00:00
xyz:AMZN,0.0000062500,0.0000869683,2026-03-13 11:00:00.010000+00:00
xyz:AMZN,0.0000062500,0.0002106883,2026-03-13 12:00:00.009000+00:00
xyz:AMZN,0.0000062500,0.0003097288,2026-03-13 13:00:00.059000+00:00
xyz:AMZN,0.0000062500,0.0001841880,2026-03-13 14:00:00.032000+00:00
xyz:AMZN,0.0000062500,0.0002132967,2026-03-13 15:00:00.021000+00:00
xyz:AMZN,0.0000062500,0.0002448106,2026-03-13 16:00:00.051000+00:00
xyz:AMZN,0.0000062500,0.0002414101,2026-03-13 17:00:00.044000+00:00
xyz:AMZN,0.0000062500,0.0001681315,2026-03-13 18:00:00.052000+00:00
xyz:AMZN,0.0000062500,0.0002072506,2026-03-13 19:00:00.006000+00:00
xyz:AMZN,0.0000062500,0.0001678802,2026-03-13 20:00:00.021000+00:00
xyz:AMZN,0.0000062500,0.0002749217,2026-03-13 21:00:00.092000+00:00
xyz:AMZN,0.0000127883,0.0005046130,2026-03-13 22:00:00.005000+00:00
xyz:AMZN,0.0000062500,0.0001547630,2026-03-13 23:00:00.109000+00:00
xyz:AMZN,0.0000062500,0.0001426258,2026-03-14 00:00:00.044000+00:00
xyz:AMZN,-0.0000170431,-0.0005726898,2026-03-14 01:00:00.094000+00:00
xyz:AMZN,-0.0000147050,-0.0005352794,2026-03-14 02:00:00.100000+00:00
xyz:AMZN,-0.0000103039,-0.0004648629,2026-03-14 03:00:00.013000+00:00
xyz:AMZN,-0.0000116904,-0.0004870464,2026-03-14 04:00:00.019000+00:00
xyz:AMZN,-0.0000024503,-0.0003392049,2026-03-14 05:00:00.095000+00:00
xyz:AMZN,-0.0000256579,-0.0007105260,2026-03-14 06:00:00.072000+00:00
xyz:AMZN,0.0000062500,-0.0001259734,2026-03-14 07:00:00.036000+00:00
xyz:AMZN,-0.0000013756,-0.0003220098,2026-03-14 08:00:00.041000+00:00
xyz:AMZN,-0.0000789302,-0.0015628831,2026-03-14 09:00:00.025000+00:00
xyz:AMZN,-0.0000656022,-0.0013496356,2026-03-14 10:00:00.098000+00:00
xyz:AMZN,-0.0000499355,-0.0010989672,2026-03-14 11:00:00.047000+00:00
xyz:AMZN,-0.0000362645,-0.0008802324,2026-03-14 12:00:00.020000+00:00
xyz:AMZN,-0.0000278216,-0.0007451463,2026-03-14 13:00:00.042000+00:00
xyz:AMZN,-0.0000052528,-0.0003840446,2026-03-14 14:00:00.076000+00:00
xyz:AMZN,0.0000062500,0.0000228563,2026-03-14 15:00:00.009000+00:00
xyz:AMZN,0.0000062500,0.0001898282,2026-03-14 16:00:00.100000+00:00
xyz:AMZN,0.0000079739,0.0004275832,2026-03-14 17:00:00.061000+00:00
xyz:AMZN,0.0000062500,0.0000077283,2026-03-14 18:00:00.018000+00:00
xyz:AMZN,-0.0000226945,-0.0006631125,2026-03-14 19:00:00.048000+00:00
xyz:AMZN,-0.0000117106,-0.0004873693,2026-03-14 20:00:00.035000+00:00
xyz:AMZN,-0.0000236064,-0.0006777031,2026-03-14 21:00:00.015000+00:00
xyz:AMZN,-0.0000182956,-0.0005927295,2026-03-14 22:00:00.041000+00:00
xyz:AMZN,-0.0000010926,-0.0003174824,2026-03-14 23:00:00.044000+00:00
xyz:AMZN,0.0000062500,0.0001223895,2026-03-15 00:00:00.099000+00:00
xyz:AMZN,0.0000328987,0.0008263787,2026-03-15 01:00:00.102000+00:00
xyz:AMZN,0.0000581862,0.0012309784,2026-03-15 02:00:00.005000+00:00
xyz:AMZN,0.0000769000,0.0015304007,2026-03-15 03:00:00.130000+00:00
xyz:AMZN,0.0000062500,0.0000421395,2026-03-15 04:00:00.040000+00:00
xyz:AMZN,0.0000062500,0.0003202619,2026-03-15 05:00:00.066000+00:00
xyz:AMZN,0.0000041463,-0.0002336586,2026-03-15 06:00:00.010000+00:00
xyz:AMZN,0.0000096052,0.0004536826,2026-03-15 07:00:00.046000+00:00
xyz:AMZN,0.0000062500,-0.0001030501,2026-03-15 08:00:00.003000+00:00
xyz:AMZN,0.0000005434,-0.0002913059,2026-03-15 09:00:00.067000+00:00
xyz:AMZN,0.0000062500,0.0003747804,2026-03-15 10:00:00.003000+00:00
xyz:AMZN,0.0000062500,0.0000553139,2026-03-15 11:00:00.039000+00:00
xyz:AMZN,-0.0000136504,-0.0005184066,2026-03-15 12:00:00.060000+00:00
xyz:AMZN,-0.0000145707,-0.0005331310,2026-03-15 13:00:00.023000+00:00
xyz:AMZN,-0.0000234928,-0.0006758854,2026-03-15 14:00:00.023000+00:00
xyz:AMZN,-0.0000173705,-0.0005779280,2026-03-15 15:00:00.084000+00:00
xyz:AMZN,-0.0000226906,-0.0006630498,2026-03-15 16:00:00.034000+00:00
xyz:AMZN,-0.0000230913,-0.0006694615,2026-03-15 17:00:00.036000+00:00
xyz:AMZN,-0.0000171760,-0.0005748157,2026-03-15 18:00:00.003000+00:00
xyz:AMZN,0.0000062500,0.0000019049,2026-03-15 19:00:00.127000+00:00
xyz:AMZN,0.0000062500,0.0001120291,2026-03-15 20:00:00.024000+00:00
xyz:AMZN,-0.0000193450,-0.0006095199,2026-03-15 21:00:00.083000+00:00
xyz:AMZN,0.0000062500,0.0003679181,2026-03-15 22:00:00.019000+00:00
xyz:AMZN,0.0000487428,0.0010798850,2026-03-15 23:00:00.037000+00:00
xyz:AMZN,0.0001175200,0.0021803197,2026-03-16 00:00:00.090000+00:00
xyz:AMZN,0.0000062500,0.0000117124,2026-03-16 01:00:00.002000+00:00
xyz:AMZN,0.0000062500,-0.0000580377,2026-03-16 02:00:00.078000+00:00
xyz:AMZN,0.0000062500,-0.0001531277,2026-03-16 03:00:00.040000+00:00
xyz:AMZN,0.0000062500,0.0003128618,2026-03-16 04:00:00.012000+00:00
xyz:AMZN,0.0000062500,0.0003158625,2026-03-16 05:00:00.021000+00:00
xyz:AMZN,0.0000062500,0.0002308356,2026-03-16 06:00:00.092000+00:00
xyz:AMZN,0.0000062500,0.0001774398,2026-03-16 07:00:00.033000+00:00
xyz:AMZN,0.0000062500,0.0002553591,2026-03-16 08:00:00.062000+00:00
xyz:AMZN,0.0000062500,0.0003738321,2026-03-16 09:00:00.035000+00:00
xyz:AMZN,0.0000125466,0.0005007460,2026-03-16 10:00:00.042000+00:00
xyz:AMZN,0.0000062500,0.0002824605,2026-03-16 11:00:00.013000+00:00
xyz:AMZN,0.0000062500,0.0003800930,2026-03-16 12:00:00.013000+00:00
xyz:AMZN,0.0000077468,0.0004239486,2026-03-16 13:00:00+00:00
xyz:AMZN,0.0000062500,0.0003585714,2026-03-16 14:00:00.099000+00:00
xyz:AMZN,0.0000062500,0.0000987303,2026-03-16 15:00:00.013000+00:00
xyz:AMZN,0.0000062500,-0.0001784340,2026-03-16 16:00:00.033000+00:00
xyz:AMZN,0.0000018855,-0.0002698312,2026-03-16 17:00:00.023000+00:00
xyz:AMZN,0.0000062500,-0.0001476189,2026-03-16 18:00:00.045000+00:00
xyz:AMZN,0.0000062500,-0.0000872375,2026-03-16 19:00:00.080000+00:00
xyz:AMZN,0.0000062500,0.0000272478,2026-03-16 20:00:00.001000+00:00
xyz:AMZN,0.0000062500,0.0003462476,2026-03-16 21:00:00.032000+00:00
xyz:AMZN,0.0000062500,0.0002772479,2026-03-16 22:00:00+00:00
xyz:AMZN,0.0000062500,0.0002414815,2026-03-16 23:00:00.003000+00:00
xyz:AMZN,0.0000062500,0.0002887363,2026-03-17 00:00:00.034000+00:00
xyz:AMZN,0.0000062500,-0.0000038042,2026-03-17 01:00:00.045000+00:00
xyz:AMZN,0.0000052389,-0.0002161773,2026-03-17 02:00:00.050000+00:00
xyz:AMZN,-0.0000056475,-0.0003903599,2026-03-17 03:00:00.010000+00:00
xyz:AMZN,0.0000033583,-0.0002462676,2026-03-17 04:00:00.073000+00:00
xyz:AMZN,-0.0000049232,-0.0003787705,2026-03-17 05:00:00.048000+00:00
xyz:AMZN,0.0000056207,-0.0002100688,2026-03-17 06:00:00.113000+00:00
xyz:AMZN,0.0000062500,-0.0000990754,2026-03-17 07:00:00.039000+00:00
xyz:AMZN,0.0000062500,0.0000473302,2026-03-17 08:00:00+00:00
xyz:AMZN,0.0000025463,-0.0002592598,2026-03-17 09:00:00.002000+00:00
xyz:AMZN,0.0000062500,-0.0001371277,2026-03-17 10:00:00.075000+00:00
xyz:AMZN,0.0000060057,-0.0002039087,2026-03-17 11:00:00.115000+00:00
xyz:AMZN,0.0000062500,0.0001230013,2026-03-17 12:00:00.006000+00:00
xyz:AMZN,0.0000062500,0.0000642377,2026-03-17 13:00:00.013000+00:00
xyz:AMZN,0.0000062500,0.0001462202,2026-03-17 14:00:00.047000+00:00
xyz:AMZN,0.0000062500,0.0002068675,2026-03-17 15:00:00.074000+00:00
xyz:AMZN,0.0000062500,0.0002085593,2026-03-17 16:00:00.038000+00:00
xyz:AMZN,0.0000062500,0.0002655863,2026-03-17 17:00:00.054000+00:00
xyz:AMZN,0.0000062500,0.0002267937,2026-03-17 18:00:00.071000+00:00
xyz:AMZN,0.0000062500,0.0002920906,2026-03-17 19:00:00.018000+00:00
xyz:AMZN,0.0000062500,0.0002342751,2026-03-17 20:00:00.034000+00:00
xyz:AMZN,0.0000062500,0.0001842623,2026-03-17 21:00:00.072000+00:00
xyz:AMZN,0.0000095063,0.0004521009,2026-03-17 22:00:00.003000+00:00
xyz:AMZN,0.0000100981,0.0004615694,2026-03-17 23:00:00.011000+00:00
xyz:AMZN,0.0000062500,0.0003031085,2026-03-18 00:00:00.028000+00:00
xyz:AMZN,0.0000062500,0.0003958170,2026-03-18 01:00:00.016000+00:00
xyz:AMZN,0.0000062500,0.0001724686,2026-03-18 02:00:00.026000+00:00
xyz:AMZN,0.0000062500,0.0001231390,2026-03-18 03:00:00.060000+00:00
xyz:AMZN,0.0000062500,0.0001727556,2026-03-18 04:00:00.054000+00:00
xyz:AMZN,0.0000062500,-0.0000505544,2026-03-18 05:00:00.001000+00:00
xyz:AMZN,0.0000062500,-0.0000945983,2026-03-18 06:00:00.067000+00:00
xyz:AMZN,0.0000062500,-0.0000286918,2026-03-18 07:00:00.033000+00:00
xyz:AMZN,0.0000062500,0.0000304432,2026-03-18 08:00:00.005000+00:00
xyz:AMZN,0.0000062500,0.0000210894,2026-03-18 09:00:00.052000+00:00
xyz:AMZN,0.0000062500,0.0000109066,2026-03-18 10:00:00.037000+00:00
xyz:AMZN,0.0000062500,0.0000704190,2026-03-18 11:00:00.025000+00:00
xyz:AMZN,0.0000062500,0.0000092449,2026-03-18 12:00:00.062000+00:00
xyz:AMZN,0.0000062500,0.0001217357,2026-03-18 13:00:00.007000+00:00
xyz:AMZN,0.0000062500,0.0001635311,2026-03-18 14:00:00.026000+00:00
xyz:AMZN,0.0000062500,0.0001890473,2026-03-18 15:00:00.035000+00:00
xyz:AMZN,0.0000062500,0.0001765094,2026-03-18 16:00:00.009000+00:00
xyz:AMZN,0.0000062500,0.0001670896,2026-03-18 17:00:00.066000+00:00
xyz:AMZN,0.0000062500,0.0001474176,2026-03-18 18:00:00.052000+00:00
xyz:AMZN,0.0000062500,0.0002128006,2026-03-18 19:00:00.045000+00:00
xyz:AMZN,0.0000062500,0.0002398974,2026-03-18 20:00:00.055000+00:00
xyz:AMZN,0.0000062500,0.0002407386,2026-03-18 21:00:00.050000+00:00
xyz:AMZN,0.0000062500,0.0003705693,2026-03-18 22:00:00.035000+00:00
xyz:AMZN,0.0000062500,0.0002532750,2026-03-18 23:00:00.040000+00:00
xyz:AMZN,0.0000062500,0.0001691295,2026-03-19 00:00:00.090000+00:00
xyz:AMZN,-0.0000049414,-0.0003790617,2026-03-19 01:00:00.009000+00:00
xyz:AMZN,0.0000062500,0.0000174460,2026-03-19 02:00:00.012000+00:00
xyz:AMZN,0.0000062500,0.0000677843,2026-03-19 03:00:00.041000+00:00
xyz:AMZN,0.0000062500,0.0001584249,2026-03-19 04:00:00.010000+00:00
xyz:AMZN,0.0000062500,-0.0001106905,2026-03-19 05:00:00.090000+00:00
xyz:AMZN,0.0000062500,0.0001411248,2026-03-19 06:00:00.052000+00:00
xyz:AMZN,0.0000062500,0.0001114260,2026-03-19 07:00:00.107000+00:00
xyz:AMZN,0.0000062500,-0.0001403371,2026-03-19 08:00:00.064000+00:00
xyz:AMZN,0.0000067886,0.0004086172,2026-03-19 09:00:00.026000+00:00
xyz:AMZN,0.0000062500,0.0001858170,2026-03-19 10:00:00.123000+00:00
xyz:AMZN,0.0000062500,0.0000042616,2026-03-19 11:00:00.052000+00:00
xyz:AMZN,0.0000062500,-0.0001013756,2026-03-19 12:00:00.006000+00:00
xyz:AMZN,0.0000043897,-0.0002297651,2026-03-19 13:00:00.045000+00:00
xyz:AMZN,0.0000062500,-0.0000548683,2026-03-19 14:00:00.059000+00:00
xyz:AMZN,0.0000062500,0.0001895145,2026-03-19 15:00:00.002000+00:00
xyz:AMZN,0.0000062500,0.0002593589,2026-03-19 16:00:00.031000+00:00
xyz:AMZN,0.0000062500,0.0002240862,2026-03-19 17:00:00.011000+00:00
xyz:AMZN,0.0000062500,0.0002100600,2026-03-19 18:00:00.049000+00:00
xyz:AMZN,0.0000062500,0.0002211510,2026-03-19 19:00:00.024000+00:00
xyz:AMZN,0.0000062500,0.0002083602,2026-03-19 20:00:00.037000+00:00
xyz:AMZN,0.0000062500,0.0003051343,2026-03-19 21:00:00.022000+00:00
xyz:AMZN,0.0000062500,0.0003041493,2026-03-19 22:00:00.001000+00:00
xyz:AMZN,0.0000161692,0.0005587067,2026-03-19 23:00:00.001000+00:00
xyz:AMZN,0.0000180974,0.0005895582,2026-03-20 00:00:00.103000+00:00
xyz:AMZN,0.0000134653,0.0005154451,2026-03-20 01:00:00.073000+00:00
xyz:AMZN,0.0000098648,0.0004578369,2026-03-20 02:00:00.053000+00:00
xyz:AMZN,0.0000062500,0.0003909960,2026-03-20 03:00:00.072000+00:00
xyz:AMZN,0.0000062500,0.0003178725,2026-03-20 04:00:00.004000+00:00
xyz:AMZN,0.0000062500,0.0002731293,2026-03-20 05:00:00.107000+00:00
xyz:AMZN,0.0000062500,0.0002602543,2026-03-20 06:00:00.096000+00:00
xyz:AMZN,0.0000096149,0.0004538390,2026-03-20 07:00:00.012000+00:00
xyz:AMZN,0.0000062500,0.0003412092,2026-03-20 08:00:00.003000+00:00
xyz:AMZN,0.0000062500,0.0002869073,2026-03-20 09:00:00.021000+00:00
xyz:AMZN,0.0000062500,0.0001895049,2026-03-20 10:00:00.063000+00:00
xyz:AMZN,0.0000062500,0.0003676848,2026-03-20 11:00:00.048000+00:00
xyz:AMZN,0.0000062500,0.0002507483,2026-03-20 12:00:00.087000+00:00
xyz:AMZN,0.0000062500,0.0001739906,2026-03-20 13:00:00.148000+00:00
xyz:AMZN,0.0000062500,0.0003242745,2026-03-20 14:00:00.115000+00:00
xyz:AMZN,0.0000062500,0.0002287533,2026-03-20 15:00:00.034000+00:00
xyz:AMZN,0.0000062500,0.0002671691,2026-03-20 16:00:00.074000+00:00
xyz:AMZN,0.0000062500,0.0002395268,2026-03-20 17:00:00.075000+00:00
xyz:AMZN,0.0000062500,0.0001876872,2026-03-20 18:00:00.035000+00:00
xyz:AMZN,0.0000062500,0.0001848362,2026-03-20 19:00:00.044000+00:00
xyz:AMZN,0.0000062500,0.0002077529,2026-03-20 20:00:00.034000+00:00
xyz:AMZN,0.0000062500,0.0002920806,2026-03-20 21:00:00.007000+00:00
xyz:AMZN,0.0000062500,0.0003672646,2026-03-20 22:00:00+00:00
xyz:AMZN,0.0000062500,0.0003101733,2026-03-20 23:00:00.047000+00:00
xyz:AMZN,0.0000062500,0.0001113187,2026-03-21 00:00:00.093000+00:00
xyz:AMZN,0.0000062500,0.0003703400,2026-03-21 01:00:00.011000+00:00
xyz:AMZN,0.0000062500,0.0003475909,2026-03-21 02:00:00.032000+00:00
xyz:AMZN,0.0000062500,0.0000662969,2026-03-21 03:00:00.013000+00:00
xyz:AMZN,0.0000062500,-0.0001698915,2026-03-21 04:00:00.040000+00:00
xyz:AMZN,0.0000062500,-0.0000736678,2026-03-21 05:00:00.041000+00:00
xyz:AMZN,0.0000062500,-0.0000429612,2026-03-21 06:00:00.066000+00:00
xyz:AMZN,0.0000062500,0.0000647551,2026-03-21 07:00:00.010000+00:00
xyz:AMZN,0.0000062500,-0.0000805956,2026-03-21 08:00:00.075000+00:00
xyz:AMZN,0.0000160780,0.0005572475,2026-03-21 09:00:00.064000+00:00
xyz:AMZN,0.0000122372,0.0004957947,2026-03-21 10:00:00+00:00
xyz:AMZN,0.0000081480,0.0004303677,2026-03-21 11:00:00.008000+00:00
xyz:AMZN,0.0000093259,0.0004492148,2026-03-21 12:00:00.094000+00:00
xyz:AMZN,0.0000062500,0.0002827809,2026-03-21 13:00:00.015000+00:00
xyz:AMZN,0.0000062500,-0.0001596673,2026-03-21 14:00:00.045000+00:00
xyz:AMZN,0.0000062500,0.0001754286,2026-03-21 15:00:00.051000+00:00
xyz:AMZN,0.0000350459,0.0008607342,2026-03-21 16:00:00.039000+00:00
xyz:AMZN,0.0000062500,0.0003289559,2026-03-21 17:00:00.032000+00:00
xyz:AMZN,0.0000062500,-0.0001837323,2026-03-21 18:00:00.020000+00:00
xyz:AMZN,0.0000062500,0.0001277648,2026-03-21 19:00:00.057000+00:00
xyz:AMZN,0.0000220678,0.0006530841,2026-03-21 20:00:00.073000+00:00
xyz:AMZN,0.0000588034,0.0012408537,2026-03-21 21:00:00.086000+00:00
xyz:AMZN,0.0000062500,0.0001814931,2026-03-21 22:00:00.004000+00:00
xyz:AMZN,-0.0000286101,-0.0007577617,2026-03-21 23:00:00.026000+00:00
xyz:AMZN,-0.0000606910,-0.0012710552,2026-03-22 00:00:00.042000+00:00
xyz:AMZN,-0.0001894681,-0.0033314896,2026-03-22 01:00:00.020000+00:00
xyz:AMZN,-0.0000369664,-0.0008914624,2026-03-22 02:00:00.085000+00:00
xyz:AMZN,-0.0000315165,-0.0008042635,2026-03-22 03:00:00.085000+00:00
xyz:AMZN,-0.0000469854,-0.0010517670,2026-03-22 04:00:00.007000+00:00
xyz:AMZN,-0.0000148710,-0.0005379362,2026-03-22 05:00:00.062000+00:00
xyz:AMZN,0.0000062500,-0.0000253635,2026-03-22 06:00:00.062000+00:00
xyz:AMZN,0.0000062500,0.0000240730,2026-03-22 07:00:00.088000+00:00
xyz:AMZN,0.0000469903,0.0010518445,2026-03-22 08:00:00.050000+00:00
xyz:AMZN,0.0000004178,-0.0002933158,2026-03-22 09:00:00.062000+00:00
xyz:AMZN,-0.0000026519,-0.0003424298,2026-03-22 10:00:00.003000+00:00
xyz:AMZN,-0.0000117010,-0.0004872154,2026-03-22 11:00:00.044000+00:00
xyz:AMZN,0.0000018853,-0.0002698360,2026-03-22 12:00:00.049000+00:00
xyz:AMZN,-0.0000318778,-0.0008100443,2026-03-22 13:00:00.046000+00:00
xyz:AMZN,-0.0000255601,-0.0007089614,2026-03-22 14:00:00.011000+00:00
xyz:AMZN,-0.0000305918,-0.0007894695,2026-03-22 15:00:00.042000+00:00
xyz:AMZN,0.0000323347,0.0008173556,2026-03-22 16:00:00.021000+00:00
xyz:AMZN,0.0000062500,0.0000423243,2026-03-22 17:00:00.006000+00:00
xyz:AMZN,-0.0000381705,-0.0009107276,2026-03-22 18:00:00.081000+00:00
xyz:AMZN,-0.0000695375,-0.0014125997,2026-03-22 19:00:00.039000+00:00
xyz:AMZN,-0.0000300667,-0.0007810666,2026-03-22 20:00:00.048000+00:00
xyz:AMZN,-0.0000378794,-0.0009060706,2026-03-22 21:00:00.082000+00:00
xyz:AMZN,-0.0000482454,-0.0010719263,2026-03-22 22:00:00.090000+00:00
xyz:AMZN,-0.0000059417,-0.0003950669,2026-03-22 23:00:00.049000+00:00
xyz:AMZN,0.0000062500,0.0003806537,2026-03-23 00:00:00.261000+00:00
xyz:AMZN,0.0000287249,0.0007595984,2026-03-23 01:00:00.069000+00:00
xyz:AMZN,0.0000300155,0.0007802479,2026-03-23 02:00:00.040000+00:00
xyz:AMZN,0.0000100559,0.0004608946,2026-03-23 03:00:00.111000+00:00
xyz:AMZN,0.0000062500,0.0003720884,2026-03-23 04:00:00.086000+00:00
xyz:AMZN,0.0000100351,0.0004605624,2026-03-23 05:00:00.014000+00:00
xyz:AMZN,0.0000180337,0.0005885398,2026-03-23 06:00:00.068000+00:00
xyz:AMZN,0.0000145974,0.0005335578,2026-03-23 07:00:00.043000+00:00
xyz:AMZN,0.0000191721,0.0006067543,2026-03-23 08:00:00.066000+00:00
xyz:AMZN,0.0000223581,0.0006577298,2026-03-23 09:00:00.071000+00:00
xyz:AMZN,0.0000184993,0.0005959882,2026-03-23 10:00:00.081000+00:00
xyz:AMZN,0.0000228730,0.0006659683,2026-03-23 11:00:00.004000+00:00
xyz:AMZN,0.0000062500,-0.0000073451,2026-03-23 12:00:00.045000+00:00
xyz:AMZN,0.0000062500,-0.0000079115,2026-03-23 13:00:00.056000+00:00
xyz:AMZN,0.0000062500,0.0000331583,2026-03-23 14:00:00.053000+00:00
xyz:AMZN,0.0000062500,0.0001324588,2026-03-23 15:00:00.071000+00:00
xyz:AMZN,0.0000062500,0.0001806649,2026-03-23 16:00:00.048000+00:00
xyz:AMZN,0.0000062500,0.0002008898,2026-03-23 17:00:00.080000+00:00
xyz:AMZN,0.0000062500,0.0002461617,2026-03-23 18:00:00.041000+00:00
xyz:AMZN,0.0000062500,0.0001152232,2026-03-23 19:00:00.054000+00:00
xyz:AMZN,0.0000062500,0.0001173397,2026-03-23 20:00:00.019000+00:00
xyz:AMZN,0.0000062500,0.0001305884,2026-03-23 21:00:00.090000+00:00
xyz:AMZN,0.0000062500,0.0000105055,2026-03-23 22:00:00.162000+00:00
xyz:AMZN,0.0000062500,-0.0000432217,2026-03-23 23:00:00.056000+00:00
xyz:AMZN,0.0000062500,0.0000842374,2026-03-24 00:00:00.027000+00:00
xyz:AMZN,0.0000062500,0.0000429692,2026-03-24 01:00:00.082000+00:00
xyz:AMZN,0.0000067711,0.0004083379,2026-03-24 02:00:00.034000+00:00
xyz:AMZN,0.0000100829,0.0004613259,2026-03-24 03:00:00+00:00
xyz:AMZN,0.0000062500,0.0002414253,2026-03-24 04:00:00.016000+00:00
xyz:AMZN,0.0000062500,-0.0001253298,2026-03-24 05:00:00.079000+00:00
xyz:AMZN,0.0000062500,-0.0000410730,2026-03-24 06:00:00.003000+00:00
xyz:AMZN,0.0000062500,0.0002854327,2026-03-24 07:00:00.088000+00:00
xyz:AMZN,0.0000062500,0.0001727655,2026-03-24 08:00:00.033000+00:00
xyz:AMZN,0.0000062500,0.0002369546,2026-03-24 09:00:00.051000+00:00
xyz:AMZN,0.0000139335,0.0005229359,2026-03-24 10:00:00.105000+00:00
xyz:AMZN,0.0000132194,0.0005115110,2026-03-24 11:00:00.045000+00:00
xyz:AMZN,0.0000118780,0.0004900479,2026-03-24 12:00:00.096000+00:00
xyz:AMZN,0.0000062500,0.0002626119,2026-03-24 13:00:00.028000+00:00
xyz:AMZN,0.0000062500,0.0000351585,2026-03-24 14:00:00.089000+00:00
xyz:AMZN,0.0000062500,0.0001624915,2026-03-24 15:00:00.033000+00:00
xyz:AMZN,0.0000062500,0.0001515343,2026-03-24 16:00:00.039000+00:00
xyz:AMZN,0.0000062500,0.0001562348,2026-03-24 17:00:00.061000+00:00
xyz:AMZN,0.0000062500,0.0001478670,2026-03-24 18:00:00.062000+00:00
xyz:AMZN,0.0000062500,0.0001141082,2026-03-24 19:00:00.040000+00:00
xyz:AMZN,0.0000062500,0.0001535494,2026-03-24 20:00:00.058000+00:00
xyz:AMZN,0.0000062500,0.0001097423,2026-03-24 21:00:00.159000+00:00
xyz:AMZN,0.0000062500,0.0002468651,2026-03-24 22:00:00.052000+00:00
xyz:AMZN,0.0000062500,0.0002999118,2026-03-24 23:00:00.069000+00:00
xyz:AMZN,0.0000062500,0.0003485202,2026-03-25 00:00:00.048000+00:00
xyz:AMZN,0.0000062500,0.0001956237,2026-03-25 01:00:00.110000+00:00
xyz:AMZN,0.0000062500,-0.0000128134,2026-03-25 02:00:00.086000+00:00
xyz:AMZN,0.0000062500,0.0001099436,2026-03-25 03:00:00.069000+00:00
xyz:AMZN,0.0000062500,0.0002242704,2026-03-25 04:00:00.059000+00:00
xyz:AMZN,0.0000062500,0.0003873064,2026-03-25 05:00:00.076000+00:00
xyz:AMZN,0.0000085709,0.0004371340,2026-03-25 06:00:00.043000+00:00
xyz:AMZN,0.0000062500,0.0003873484,2026-03-25 07:00:00.053000+00:00
xyz:AMZN,0.0000076010,0.0004216167,2026-03-25 08:00:00.007000+00:00
xyz:AMZN,0.0000206447,0.0006303159,2026-03-25 09:00:00.057000+00:00
xyz:AMZN,0.0000089748,0.0004435973,2026-03-25 10:00:00.090000+00:00
xyz:AMZN,0.0000122376,0.0004958008,2026-03-25 11:00:00.018000+00:00
xyz:AMZN,0.0000094601,0.0004513619,2026-03-25 12:00:00.038000+00:00
xyz:AMZN,0.0000062500,0.0003294305,2026-03-25 13:00:00.032000+00:00
xyz:AMZN,0.0000157659,0.0005522537,2026-03-25 14:00:00.041000+00:00
xyz:AMZN,0.0000062500,0.0003080272,2026-03-25 15:00:00.062000+00:00
xyz:AMZN,0.0000062500,0.0002893139,2026-03-25 16:00:00.052000+00:00
xyz:AMZN,0.0000091876,0.0004470018,2026-03-25 17:00:00.022000+00:00
xyz:AMZN,0.0000062500,0.0003963325,2026-03-25 18:00:00.075000+00:00
xyz:AMZN,0.0000065762,0.0004052188,2026-03-25 19:00:00.037000+00:00
xyz:AMZN,0.0000062500,0.0003731940,2026-03-25 20:00:00.025000+00:00
xyz:AMZN,0.0000062500,0.0002495821,2026-03-25 21:00:00.066000+00:00
xyz:AMZN,0.0000062500,0.0001808493,2026-03-25 22:00:00.023000+00:00
xyz:AMZN,0.0000073295,0.0004172722,2026-03-25 23:00:00.072000+00:00
xyz:AMZN,0.0000062500,0.0003271194,2026-03-26 00:00:00.035000+00:00
xyz:AMZN,0.0000062500,0.0003875038,2026-03-26 01:00:00.006000+00:00
xyz:AMZN,0.0000062500,0.0001821315,2026-03-26 02:00:00.139000+00:00
xyz:AMZN,0.0000062500,0.0003105859,2026-03-26 03:00:00.114000+00:00
xyz:AMZN,0.0000062500,0.0002761140,2026-03-26 04:00:00.110000+00:00
xyz:AMZN,0.0000062500,0.0001018823,2026-03-26 05:00:00.097000+00:00
xyz:AMZN,0.0000062500,-0.0000575397,2026-03-26 06:00:00.014000+00:00
xyz:AMZN,0.0000062500,0.0000266510,2026-03-26 07:00:00.009000+00:00
xyz:AMZN,0.0000062500,0.0000997132,2026-03-26 08:00:00.094000+00:00
xyz:AMZN,0.0000062500,0.0002311530,2026-03-26 09:00:00.075000+00:00
xyz:AMZN,0.0000212377,0.0006398027,2026-03-26 10:00:00.001000+00:00
xyz:AMZN,0.0000098339,0.0004573423,2026-03-26 11:00:00.072000+00:00
xyz:AMZN,0.0000062500,0.0003582451,2026-03-26 12:00:00.020000+00:00
xyz:AMZN,0.0000062500,0.0002816950,2026-03-26 13:00:00.078000+00:00
xyz:AMZN,0.0000102382,0.0004638105,2026-03-26 14:00:00.066000+00:00
xyz:AMZN,0.0000062500,0.0002416057,2026-03-26 15:00:00.018000+00:00
xyz:AMZN,0.0000062500,0.0001395928,2026-03-26 16:00:00.055000+00:00
xyz:AMZN,0.0000062500,-0.0000872884,2026-03-26 17:00:00.026000+00:00
xyz:AMZN,0.0000062500,0.0000059895,2026-03-26 18:00:00.030000+00:00
xyz:AMZN,0.0000062500,0.0001063543,2026-03-26 19:00:00.003000+00:00
xyz:AMZN,0.0000062500,0.0001160819,2026-03-26 20:00:00.077000+00:00
xyz:AMZN,0.0000062500,0.0002796548,2026-03-26 21:00:00.031000+00:00
xyz:AMZN,0.0000062500,-0.0000113599,2026-03-26 22:00:00.068000+00:00
xyz:AMZN,0.0000062500,0.0002284278,2026-03-26 23:00:00.071000+00:00
xyz:AMZN,0.0000149540,0.0005392633,2026-03-27 00:00:00.013000+00:00
xyz:AMZN,0.0000064797,0.0004036758,2026-03-27 01:00:00.004000+00:00
xyz:AMZN,0.0000295814,0.0007733023,2026-03-27 02:00:00.007000+00:00
xyz:AMZN,0.0000062500,0.0001904641,2026-03-27 03:00:00.045000+00:00
xyz:AMZN,0.0000062500,-0.0000668671,2026-03-27 04:00:00.027000+00:00
xyz:AMZN,0.0000062500,-0.0001416767,2026-03-27 05:00:00.055000+00:00
xyz:AMZN,0.0000062500,0.0003027681,2026-03-27 06:00:00.021000+00:00
xyz:AMZN,0.0000062500,0.0003918515,2026-03-27 07:00:00.047000+00:00
xyz:AMZN,0.0000062500,0.0003005067,2026-03-27 08:00:00.042000+00:00
xyz:AMZN,0.0000062500,0.0001783667,2026-03-27 09:00:00.078000+00:00
xyz:AMZN,0.0000062500,0.0001330461,2026-03-27 10:00:00.011000+00:00
xyz:AMZN,0.0000062500,0.0001350429,2026-03-27 11:00:00.056000+00:00
xyz:AMZN,0.0000062500,0.0001838804,2026-03-27 12:00:00.073000+00:00
xyz:AMZN,0.0000062500,0.0000875322,2026-03-27 13:00:00.020000+00:00
xyz:AMZN,0.0000062500,0.0001655771,2026-03-27 14:00:00.027000+00:00
xyz:AMZN,0.0000062500,0.0001886764,2026-03-27 15:00:00.082000+00:00
xyz:AMZN,0.0000062500,0.0002173235,2026-03-27 16:00:00.069000+00:00
xyz:AMZN,0.0000062500,0.0003893937,2026-03-27 17:00:00.063000+00:00
xyz:AMZN,0.0000062500,0.0001459839,2026-03-27 18:00:00.018000+00:00
xyz:AMZN,0.0000062500,0.0002374068,2026-03-27 19:00:00.017000+00:00
xyz:AMZN,0.0000062500,0.0003313419,2026-03-27 20:00:00.043000+00:00
xyz:AMZN,0.0000103239,0.0004651829,2026-03-27 21:00:00.064000+00:00
xyz:AMZN,0.0000062500,0.0003479062,2026-03-27 22:00:00.044000+00:00
xyz:AMZN,0.0000062500,0.0003007654,2026-03-27 23:00:00.008000+00:00
xyz:AMZN,0.0000062500,0.0003965252,2026-03-28 00:00:00.062000+00:00
xyz:AMZN,0.0000062500,0.0002617549,2026-03-28 01:00:00.004000+00:00
xyz:AMZN,-0.0000162701,-0.0005603217,2026-03-28 02:00:00.051000+00:00
xyz:AMZN,-0.0000168746,-0.0005699939,2026-03-28 03:00:00.023000+00:00
xyz:AMZN,-0.0000026594,-0.0003425510,2026-03-28 04:00:00.106000+00:00
xyz:AMZN,0.0000062500,-0.0001172739,2026-03-28 05:00:00.055000+00:00
xyz:AMZN,0.0000062500,0.0000613035,2026-03-28 06:00:00.067000+00:00
xyz:AMZN,0.0000203354,0.0006253669,2026-03-28 07:00:00.039000+00:00
xyz:AMZN,0.0000376233,0.0009019735,2026-03-28 08:00:00.007000+00:00
xyz:AMZN,0.0000095793,0.0004532690,2026-03-28 09:00:00.008000+00:00
xyz:AMZN,-0.0000048680,-0.0003778886,2026-03-28 10:00:00.014000+00:00
xyz:AMZN,0.0000040908,-0.0002345468,2026-03-28 11:00:00.095000+00:00
xyz:AMZN,-0.0000006333,-0.0003101325,2026-03-28 12:00:00.014000+00:00
xyz:AMZN,-0.0000074616,-0.0004193848,2026-03-28 13:00:00.013000+00:00
xyz:AMZN,0.0000230953,0.0006695251,2026-03-28 14:00:00.047000+00:00
xyz:AMZN,0.0000529013,0.0011464212,2026-03-28 15:00:00.042000+00:00
xyz:AMZN,0.0000635070,0.0013161123,2026-03-28 16:00:00.047000+00:00
xyz:AMZN,0.0000377388,0.0009038211,2026-03-28 17:00:00.074000+00:00
xyz:AMZN,0.0000090033,0.0004440527,2026-03-28 18:00:00.070000+00:00
xyz:AMZN,0.0000062500,0.0002293364,2026-03-28 19:00:00.007000+00:00
xyz:AMZN,0.0000062500,0.0001513451,2026-03-28 20:00:00.075000+00:00
xyz:AMZN,0.0000062500,0.0000671749,2026-03-28 21:00:00.036000+00:00
xyz:AMZN,0.0000062500,0.0000863403,2026-03-28 22:00:00.009000+00:00
xyz:AMZN,-0.0000017421,-0.0003278728,2026-03-28 23:00:00.040000+00:00
xyz:AMZN,-0.0000216977,-0.0006471637,2026-03-29 00:00:00.085000+00:00
xyz:AMZN,-0.0000581404,-0.0012302469,2026-03-29 01:00:00.068000+00:00
xyz:AMZN,-0.0000101149,-0.0004618390,2026-03-29 02:00:00.040000+00:00
xyz:AMZN,-0.0000024570,-0.0003393116,2026-03-29 03:00:00.050000+00:00
xyz:AMZN,-0.0000161448,-0.0005583175,2026-03-29 04:00:00.034000+00:00
xyz:AMZN,0.0000121331,0.0004941288,2026-03-29 05:00:00.054000+00:00
xyz:AMZN,-0.0000104363,-0.0004669806,2026-03-29 06:00:00.017000+00:00
xyz:AMZN,-0.0000184257,-0.0005948110,2026-03-29 07:00:00.047000+00:00
xyz:AMZN,-0.0000131474,-0.0005103578,2026-03-29 08:00:00.033000+00:00
xyz:AMZN,-0.0000279770,-0.0007476313,2026-03-29 09:00:00.036000+00:00
xyz:AMZN,-0.0000779647,-0.0015474348,2026-03-29 10:00:00.121000+00:00
xyz:AMZN,-0.0000703124,-0.0014249990,2026-03-29 11:00:00.002000+00:00
xyz:AMZN,0.0000062500,-0.0000066335,2026-03-29 12:00:00.067000+00:00
xyz:AMZN,0.0000044877,-0.0002281961,2026-03-29 13:00:00.056000+00:00
xyz:AMZN,-0.0000193828,-0.0006101250,2026-03-29 14:00:00.026000+00:00
xyz:AMZN,0.0000062500,0.0000035450,2026-03-29 15:00:00.057000+00:00
xyz:AMZN,0.0000062500,0.0002201927,2026-03-29 16:00:00.029000+00:00
xyz:AMZN,0.0000062500,0.0001726347,2026-03-29 17:00:00.011000+00:00
xyz:AMZN,0.0000062500,0.0000976520,2026-03-29 18:00:00.092000+00:00
xyz:AMZN,0.0000313907,0.0008022510,2026-03-29 19:00:00.066000+00:00
xyz:AMZN,0.0000187132,0.0005994117,2026-03-29 20:00:00.062000+00:00
xyz:AMZN,0.0000216611,0.0006465771,2026-03-29 21:00:00.026000+00:00
xyz:AMZN,0.0000141761,0.0005268174,2026-03-29 22:00:00.013000+00:00
xyz:AMZN,-0.0000885687,-0.0017170992,2026-03-29 23:00:00.096000+00:00
xyz:AMZN,-0.0001219158,-0.0022506521,2026-03-30 00:00:00.038000+00:00
xyz:AMZN,0.0000034515,-0.0002447765,2026-03-30 01:00:00.030000+00:00
xyz:AMZN,0.0000062500,0.0003124272,2026-03-30 02:00:00.054000+00:00
xyz:AMZN,0.0000062500,0.0002204899,2026-03-30 03:00:00.013000+00:00
xyz:AMZN,0.0000102104,0.0004633665,2026-03-30 04:00:00.074000+00:00
xyz:AMZN,0.0000116565,0.0004865037,2026-03-30 05:00:00.056000+00:00
xyz:AMZN,0.0000062500,0.0003334446,2026-03-30 06:00:00.089000+00:00
xyz:AMZN,0.0000062500,0.0002543245,2026-03-30 07:00:00.043000+00:00
xyz:AMZN,0.0000062500,0.0002056556,2026-03-30 08:00:00.192000+00:00
xyz:AMZN,0.0000062500,0.0001862351,2026-03-30 09:00:00.039000+00:00
xyz:AMZN,0.0000062500,0.0000121358,2026-03-30 10:00:00.052000+00:00
xyz:AMZN,0.0000062500,-0.0000765111,2026-03-30 11:00:00.059000+00:00
xyz:AMZN,0.0000062500,0.0002519948,2026-03-30 12:00:00.038000+00:00
xyz:AMZN,0.0000062500,0.0002224679,2026-03-30 13:00:00.031000+00:00
xyz:AMZN,0.0000062500,0.0002690565,2026-03-30 14:00:00.046000+00:00
xyz:AMZN,0.0000062500,0.0002965868,2026-03-30 15:00:00.019000+00:00
xyz:AMZN,0.0000062500,0.0002876050,2026-03-30 16:00:00.071000+00:00
xyz:AMZN,0.0000062500,0.0002936633,2026-03-30 17:00:00.108000+00:00
xyz:AMZN,0.0000062500,0.0002598934,2026-03-30 18:00:00.051000+00:00
xyz:AMZN,0.0000062500,0.0003116077,2026-03-30 19:00:00.085000+00:00
xyz:AMZN,0.0000062500,0.0001997227,2026-03-30 20:00:00.055000+00:00
xyz:AMZN,0.0000062500,0.0001745061,2026-03-30 21:00:00.095000+00:00
xyz:AMZN,0.0000062500,0.0002115703,2026-03-30 22:00:00.021000+00:00
xyz:AMZN,0.0000062500,0.0001555329,2026-03-30 23:00:00.066000+00:00
xyz:AMZN,0.0000062500,-0.0000535064,2026-03-31 00:00:00.016000+00:00
xyz:AMZN,0.0000039322,-0.0002370845,2026-03-31 01:00:00.038000+00:00
xyz:AMZN,0.0000062500,-0.0001094386,2026-03-31 02:00:00.066000+00:00
xyz:AMZN,0.0000062500,0.0002409477,2026-03-31 03:00:00.092000+00:00
xyz:AMZN,0.0000062500,0.0001516483,2026-03-31 04:00:00.073000+00:00
xyz:AMZN,0.0000062500,0.0002596427,2026-03-31 05:00:00.062000+00:00
xyz:AMZN,0.0000062500,0.0001725596,2026-03-31 06:00:00.022000+00:00
xyz:AMZN,0.0000062500,0.0000932106,2026-03-31 07:00:00.045000+00:00
xyz:AMZN,0.0000062500,0.0001792263,2026-03-31 08:00:00+00:00
xyz:AMZN,0.0000062500,0.0002763929,2026-03-31 09:00:00.056000+00:00
xyz:AMZN,0.0000140340,0.0005245435,2026-03-31 10:00:00.021000+00:00
xyz:AMZN,0.0000078254,0.0004252072,2026-03-31 11:00:00.032000+00:00
xyz:AMZN,0.0000062500,0.0003398843,2026-03-31 12:00:00.073000+00:00
xyz:AMZN,0.0000067951,0.0004087208,2026-03-31 13:00:00.030000+00:00
xyz:AMZN,0.0000062500,0.0003937828,2026-03-31 14:00:00.038000+00:00
xyz:AMZN,0.0000066115,0.0004057839,2026-03-31 15:00:00.043000+00:00
xyz:AMZN,0.0000062500,0.0003542938,2026-03-31 16:00:00.025000+00:00
xyz:AMZN,0.0000062500,0.0002851541,2026-03-31 17:00:00.030000+00:00
xyz:AMZN,0.0000062500,0.0002361875,2026-03-31 18:00:00.007000+00:00
xyz:AMZN,0.0000062500,0.0002489087,2026-03-31 19:00:00.051000+00:00
xyz:AMZN,0.0000062500,0.0002575887,2026-03-31 20:00:00.039000+00:00
xyz:AMZN,0.0000062500,0.0003443247,2026-03-31 21:00:00.026000+00:00
xyz:AMZN,0.0000095209,0.0004523346,2026-03-31 22:00:00.046000+00:00
xyz:AMZN,0.0000062500,0.0002928597,2026-03-31 23:00:00.029000+00:00
xyz:AMZN,0.0000062500,0.0001998478,2026-04-01 00:00:00.068000+00:00
xyz:AMZN,0.0000062500,0.0002402259,2026-04-01 01:00:00.022000+00:00
xyz:AMZN,0.0000062500,0.0001665601,2026-04-01 02:00:00.050000+00:00
xyz:AMZN,0.0000062500,0.0003382551,2026-04-01 03:00:00.044000+00:00
xyz:AMZN,0.0000062500,0.0003762226,2026-04-01 04:00:00.042000+00:00
xyz:AMZN,0.0000062500,0.0003892429,2026-04-01 05:00:00.057000+00:00
xyz:AMZN,0.0000141780,0.0005268484,2026-04-01 06:00:00.051000+00:00
xyz:AMZN,0.0000075904,0.0004214460,2026-04-01 07:00:00.039000+00:00
xyz:AMZN,0.0000062500,0.0003720385,2026-04-01 08:00:00.062000+00:00
xyz:AMZN,0.0000062500,0.0001665342,2026-04-01 09:00:00.046000+00:00
xyz:AMZN,0.0000062500,0.0003095820,2026-04-01 10:00:00.050000+00:00
xyz:AMZN,0.0000062500,-0.0000594963,2026-04-01 11:00:00.068000+00:00
xyz:AMZN,0.0000062500,0.0001359890,2026-04-01 12:00:00.081000+00:00
xyz:AMZN,0.0000062500,0.0002970488,2026-04-01 13:00:00.011000+00:00
xyz:AMZN,0.0000062500,0.0000976297,2026-04-01 14:00:00.131000+00:00
xyz:AMZN,0.0000062500,0.0002588864,2026-04-01 15:00:00.029000+00:00
xyz:AMZN,0.0000062500,0.0002482632,2026-04-01 16:00:00.078000+00:00
xyz:AMZN,0.0000062500,0.0001974797,2026-04-01 17:00:00.076000+00:00
xyz:AMZN,0.0000062500,0.0002251778,2026-04-01 18:00:00.071000+00:00
xyz:AMZN,0.0000062500,0.0002701552,2026-04-01 19:00:00.017000+00:00
xyz:AMZN,0.0000062500,0.0002387140,2026-04-01 20:00:00.045000+00:00
xyz:AMZN,0.0000062500,0.0003360873,2026-04-01 21:00:00.041000+00:00
xyz:AMZN,0.0000076751,0.0004228018,2026-04-01 22:00:00.030000+00:00
xyz:AMZN,0.0000099168,0.0004586680,2026-04-01 23:00:00.042000+00:00
xyz:AMZN,0.0000067694,0.0004083108,2026-04-02 00:00:00.177000+00:00
xyz:AMZN,0.0000066301,0.0004060815,2026-04-02 01:00:00.004000+00:00
xyz:AMZN,0.0000062500,0.0002965994,2026-04-02 02:00:00.060000+00:00
xyz:AMZN,0.0000062500,0.0003252809,2026-04-02 03:00:00.041000+00:00
xyz:AMZN,0.0000090502,0.0004448031,2026-04-02 04:00:00.059000+00:00
xyz:AMZN,0.0000062500,0.0003940862,2026-04-02 05:00:00.030000+00:00
xyz:AMZN,0.0000062500,0.0003709422,2026-04-02 06:00:00.039000+00:00
xyz:AMZN,0.0000062500,0.0003756454,2026-04-02 07:00:00.070000+00:00
xyz:AMZN,0.0000095097,0.0004521547,2026-04-02 08:00:00.129000+00:00
xyz:AMZN,0.0000062500,0.0000344391,2026-04-02 09:00:00.026000+00:00
xyz:AMZN,0.0000062500,0.0000381635,2026-04-02 10:00:00.051000+00:00
xyz:AMZN,0.0000062500,0.0001618199,2026-04-02 11:00:00.014000+00:00
xyz:AMZN,0.0000062500,0.0001328475,2026-04-02 12:00:00.021000+00:00
xyz:AMZN,0.0000062500,0.0000477934,2026-04-02 13:00:00.075000+00:00
xyz:AMZN,0.0000062500,0.0001359987,2026-04-02 14:00:00.049000+00:00
xyz:AMZN,0.0000062500,0.0002292766,2026-04-02 15:00:00.065000+00:00
xyz:AMZN,0.0000062500,0.0001701785,2026-04-02 16:00:00.040000+00:00
xyz:AMZN,0.0000062500,0.0001560966,2026-04-02 17:00:00.022000+00:00
xyz:AMZN,0.0000062500,0.0001386015,2026-04-02 18:00:00.037000+00:00
xyz:AMZN,0.0000062500,0.0001050491,2026-04-02 19:00:00.006000+00:00
xyz:AMZN,0.0000062500,0.0000964692,2026-04-02 20:00:00.023000+00:00
xyz:AMZN,0.0000062500,0.0001304954,2026-04-02 21:00:00.131000+00:00
xyz:AMZN,0.0000062500,0.0002111812,2026-04-02 22:00:00.013000+00:00
xyz:AMZN,0.0000062500,0.0003465419,2026-04-02 23:00:00.004000+00:00
xyz:AMZN,0.0000062500,0.0001732167,2026-04-03 00:00:00.021000+00:00
xyz:AMZN,0.0000062500,0.0000105006,2026-04-03 01:00:00.043000+00:00
xyz:AMZN,-0.0000006768,-0.0003108296,2026-04-03 02:00:00.023000+00:00
xyz:AMZN,-0.0000337972,-0.0008407546,2026-04-03 03:00:00.048000+00:00
xyz:AMZN,-0.0000280148,-0.0007482367,2026-04-03 04:00:00.039000+00:00
xyz:AMZN,-0.0000213372,-0.0006413952,2026-04-03 05:00:00.086000+00:00
xyz:AMZN,-0.0000039371,-0.0003629940,2026-04-03 06:00:00.049000+00:00
xyz:AMZN,-0.0000199686,-0.0006194980,2026-04-03 07:00:00.028000+00:00
xyz:AMZN,-0.0000228747,-0.0006659948,2026-04-03 08:00:00.069000+00:00
xyz:AMZN,-0.0000085420,-0.0004366718,2026-04-03 09:00:00.054000+00:00
xyz:AMZN,-0.0000064352,-0.0004029638,2026-04-03 10:00:00.043000+00:00
xyz:AMZN,-0.0000106928,-0.0004710843,2026-04-03 11:00:00.041000+00:00
xyz:AMZN,-0.0000159191,-0.0005547060,2026-04-03 12:00:00.031000+00:00
xyz:AMZN,0.0000023643,-0.0002621718,2026-04-03 13:00:00.058000+00:00
xyz:AMZN,-0.0000233764,-0.0006740227,2026-04-03 14:00:00.001000+00:00
xyz:AMZN,-0.0000160785,-0.0005572552,2026-04-03 15:00:00.044000+00:00
xyz:AMZN,-0.0000151290,-0.0005420645,2026-04-03 16:00:00.033000+00:00
xyz:AMZN,-0.0000186433,-0.0005982920,2026-04-03 17:00:00.040000+00:00
xyz:AMZN,-0.0000100645,-0.0004610325,2026-04-03 18:00:00.069000+00:00
xyz:AMZN,-0.0000117630,-0.0004882072,2026-04-03 19:00:00.026000+00:00
xyz:AMZN,-0.0000256758,-0.0007108123,2026-04-03 20:00:00.036000+00:00
xyz:AMZN,-0.0000157524,-0.0005520381,2026-04-03 21:00:00.048000+00:00
xyz:AMZN,-0.0000009925,-0.0003158797,2026-04-03 22:00:00.031000+00:00
xyz:AMZN,-0.0000211739,-0.0006387829,2026-04-03 23:00:00.039000+00:00
xyz:AMZN,-0.0000093713,-0.0004499413,2026-04-04 00:00:00.063000+00:00
xyz:AMZN,0.0000062500,0.0001650344,2026-04-04 01:00:00.014000+00:00
xyz:AMZN,0.0000062500,0.0000704775,2026-04-04 02:00:00.021000+00:00
xyz:AMZN,0.0000062500,-0.0000903515,2026-04-04 03:00:00.064000+00:00
xyz:AMZN,0.0000062500,0.0000731449,2026-04-04 04:00:00.011000+00:00
xyz:AMZN,-0.0000015963,-0.0003255412,2026-04-04 05:00:00.063000+00:00
xyz:AMZN,-0.0000035341,-0.0003565464,2026-04-04 06:00:00.057000+00:00
xyz:AMZN,-0.0000062359,-0.0003997742,2026-04-04 07:00:00.051000+00:00
xyz:AMZN,-0.0000174565,-0.0005793044,2026-04-04 08:00:00.033000+00:00
xyz:AMZN,-0.0000273313,-0.0007373002,2026-04-04 09:00:00.008000+00:00
xyz:AMZN,-0.0000297368,-0.0007757886,2026-04-04 10:00:00.029000+00:00
xyz:AMZN,-0.0000219555,-0.0006512886,2026-04-04 11:00:00.050000+00:00
xyz:AMZN,0.0000007263,-0.0002883792,2026-04-04 12:00:00.009000+00:00
xyz:AMZN,0.0000018390,-0.0002705761,2026-04-04 13:00:00.107000+00:00
xyz:AMZN,-0.0000059461,-0.0003951381,2026-04-04 14:00:00.065000+00:00
xyz:AMZN,-0.0000024253,-0.0003388042,2026-04-04 15:00:00.008000+00:00
xyz:AMZN,0.0000062500,-0.0001128505,2026-04-04 16:00:00.038000+00:00
xyz:AMZN,0.0000062500,-0.0000333663,2026-04-04 17:00:00.041000+00:00
xyz:AMZN,0.0000062500,0.0000288100,2026-04-04 18:00:00.064000+00:00
xyz:AMZN,0.0000089119,0.0004425897,2026-04-04 19:00:00.012000+00:00
xyz:AMZN,0.0000062500,-0.0000762770,2026-04-04 20:00:00.063000+00:00
xyz:AMZN,0.0000059964,-0.0002040576,2026-04-04 21:00:00.037000+00:00
xyz:AMZN,0.0000062500,0.0002264296,2026-04-04 22:00:00.032000+00:00
xyz:AMZN,0.0000062500,0.0000193098,2026-04-04 23:00:00.014000+00:00
xyz:AMZN,0.0000062500,0.0000409273,2026-04-05 00:00:00.047000+00:00
xyz:AMZN,0.0000062500,0.0000416115,2026-04-05 01:00:00.058000+00:00
xyz:AMZN,0.0000028575,-0.0002542797,2026-04-05 02:00:00.058000+00:00
xyz:AMZN,-0.0000014380,-0.0003230080,2026-04-05 03:00:00.014000+00:00
xyz:AMZN,0.0000024387,-0.0002609816,2026-04-05 04:00:00.022000+00:00
xyz:AMZN,-0.0000148515,-0.0005376239,2026-04-05 05:00:00.024000+00:00
xyz:AMZN,-0.0000372439,-0.0008959024,2026-04-05 06:00:00.051000+00:00
xyz:AMZN,-0.0000366346,-0.0008861536,2026-04-05 07:00:00.048000+00:00
xyz:AMZN,-0.0000277513,-0.0007440215,2026-04-05 08:00:00.066000+00:00
xyz:AMZN,0.0000062500,-0.0001681971,2026-04-05 09:00:00.017000+00:00
xyz:AMZN,0.0000035027,-0.0002439566,2026-04-05 10:00:00.017000+00:00
xyz:AMZN,0.0000062500,-0.0001636833,2026-04-05 11:00:00.024000+00:00
xyz:AMZN,-0.0000254899,-0.0007078379,2026-04-05 12:00:00.017000+00:00
xyz:AMZN,-0.0000403980,-0.0009463674,2026-04-05 13:00:00.047000+00:00
xyz:AMZN,-0.0000268188,-0.0007291010,2026-04-05 14:00:00.057000+00:00
xyz:AMZN,0.0000030870,-0.0002506085,2026-04-05 15:00:00.081000+00:00
xyz:AMZN,0.0000116734,0.0004867748,2026-04-05 16:00:00.031000+00:00
xyz:AMZN,0.0000482735,0.0010723761,2026-04-05 17:00:00.049000+00:00
xyz:AMZN,0.0000166689,0.0005667027,2026-04-05 18:00:00.042000+00:00
xyz:AMZN,0.0000176485,0.0005823755,2026-04-05 19:00:00.041000+00:00
xyz:AMZN,0.0000637100,0.0013193598,2026-04-05 20:00:00.030000+00:00
xyz:AMZN,0.0000273810,0.0007380958,2026-04-05 21:00:00.003000+00:00
xyz:AMZN,0.0000293355,0.0007693686,2026-04-05 22:00:00.060000+00:00
xyz:AMZN,-0.0000638113,-0.0013209814,2026-04-05 23:00:00.020000+00:00
xyz:AMZN,0.0000031996,-0.0002488068,2026-04-06 00:00:00.029000+00:00
xyz:AMZN,0.0000374656,0.0008994494,2026-04-06 01:00:00.040000+00:00
xyz:AMZN,0.0000150368,0.0005405890,2026-04-06 02:00:00+00:00
xyz:AMZN,0.0000062500,0.0002419859,2026-04-06 03:00:00.049000+00:00
xyz:AMZN,0.0000062500,0.0000062585,2026-04-06 04:00:00.002000+00:00
xyz:AMZN,0.0000062500,0.0002538682,2026-04-06 05:00:00.047000+00:00
xyz:AMZN,0.0000062500,0.0002103047,2026-04-06 06:00:00.025000+00:00
xyz:AMZN,0.0000062500,-0.0001138197,2026-04-06 07:00:00.064000+00:00
xyz:AMZN,0.0000062500,0.0000357899,2026-04-06 08:00:00.053000+00:00
xyz:AMZN,0.0000062500,0.0003274334,2026-04-06 09:00:00.012000+00:00
xyz:AMZN,0.0000062500,0.0001590571,2026-04-06 10:00:00.006000+00:00
xyz:AMZN,0.0000062500,0.0000817224,2026-04-06 11:00:00.016000+00:00
xyz:AMZN,0.0000062500,0.0001536425,2026-04-06 12:00:00.072000+00:00
xyz:AMZN,0.0000062500,0.0000728332,2026-04-06 13:00:00.031000+00:00
xyz:AMZN,0.0000062500,0.0001128150,2026-04-06 14:00:00.066000+00:00
xyz:AMZN,0.0000062500,0.0002925256,2026-04-06 15:00:00.048000+00:00
xyz:AMZN,0.0000062500,0.0003421652,2026-04-06 16:00:00.056000+00:00
xyz:AMZN,0.0000062500,0.0002507885,2026-04-06 17:00:00.002000+00:00
xyz:AMZN,0.0000062500,0.0002560938,2026-04-06 18:00:00.039000+00:00
xyz:AMZN,0.0000062500,0.0002506541,2026-04-06 19:00:00+00:00
xyz:AMZN,0.0000062500,0.0002436210,2026-04-06 20:00:00.078000+00:00
xyz:AMZN,0.0000062500,0.0002355486,2026-04-06 21:00:00.054000+00:00
xyz:AMZN,0.0000062500,0.0001707553,2026-04-06 22:00:00.043000+00:00
xyz:AMZN,0.0000062500,0.0000232721,2026-04-06 23:00:00.021000+00:00
xyz:AMZN,0.0000062500,0.0002659531,2026-04-07 00:00:00.046000+00:00
xyz:AMZN,0.0000062500,0.0000961853,2026-04-07 01:00:00.015000+00:00
xyz:AMZN,0.0000062500,0.0000269291,2026-04-07 02:00:00.012000+00:00
xyz:AMZN,0.0000062500,0.0002748480,2026-04-07 03:00:00.093000+00:00
xyz:AMZN,0.0000142394,0.0005278309,2026-04-07 04:00:00.017000+00:00
xyz:AMZN,0.0000062500,0.0003240621,2026-04-07 05:00:00.006000+00:00
xyz:AMZN,0.0000062500,0.0003033566,2026-04-07 06:00:00.030000+00:00
xyz:AMZN,0.0000062500,0.0003414908,2026-04-07 07:00:00.064000+00:00
xyz:AMZN,0.0000062500,0.0001843949,2026-04-07 08:00:00.020000+00:00
xyz:AMZN,0.0000062500,0.0003643144,2026-04-07 09:00:00.031000+00:00
xyz:AMZN,0.0000090235,0.0004443758,2026-04-07 10:00:00.005000+00:00
xyz:AMZN,0.0000062500,0.0002821764,2026-04-07 11:00:00.030000+00:00
xyz:AMZN,0.0000062500,0.0000770218,2026-04-07 12:00:00.037000+00:00
xyz:AMZN,0.0000062500,0.0002006525,2026-04-07 13:00:00.060000+00:00
xyz:AMZN,0.0000062500,0.0001981750,2026-04-07 14:00:00.027000+00:00
xyz:AMZN,0.0000062500,0.0003115348,2026-04-07 15:00:00.041000+00:00
xyz:AMZN,0.0000062500,0.0002450254,2026-04-07 16:00:00.036000+00:00
xyz:AMZN,0.0000062500,0.0001763908,2026-04-07 17:00:00.024000+00:00
xyz:AMZN,0.0000062500,0.0001657796,2026-04-07 18:00:00.013000+00:00
xyz:AMZN,0.0000062500,0.0001408477,2026-04-07 19:00:00.017000+00:00
xyz:AMZN,0.0000062500,0.0001559757,2026-04-07 20:00:00.041000+00:00
xyz:AMZN,0.0000062500,0.0003923486,2026-04-07 21:00:00.062000+00:00
xyz:AMZN,0.0000135459,0.0005167348,2026-04-07 22:00:00.029000+00:00
xyz:AMZN,0.0000182729,0.0005923667,2026-04-07 23:00:00.038000+00:00
xyz:AMZN,0.0000062500,0.0003828618,2026-04-08 00:00:00.094000+00:00
xyz:AMZN,0.0000169499,0.0005711980,2026-04-08 01:00:00.057000+00:00
xyz:AMZN,0.0000151649,0.0005426389,2026-04-08 02:00:00.043000+00:00
xyz:AMZN,0.0000247146,0.0006954341,2026-04-08 03:00:00.059000+00:00
xyz:AMZN,0.0000150078,0.0005401247,2026-04-08 04:00:00.012000+00:00
xyz:AMZN,0.0000062500,0.0003352142,2026-04-08 05:00:00.056000+00:00
xyz:AMZN,0.0000062500,0.0002798388,2026-04-08 06:00:00.065000+00:00
xyz:AMZN,0.0000062500,0.0002700246,2026-04-08 07:00:00.039000+00:00
xyz:AMZN,0.0000062500,0.0003715833,2026-04-08 08:00:00.005000+00:00
xyz:AMZN,0.0000062500,0.0002437240,2026-04-08 09:00:00.047000+00:00
xyz:AMZN,0.0000062500,0.0002205406,2026-04-08 10:00:00.004000+00:00
xyz:AMZN,0.0000062500,0.0003527493,2026-04-08 11:00:00.027000+00:00
xyz:AMZN,0.0000062500,0.0003478817,2026-04-08 12:00:00+00:00
xyz:AMZN,0.0000062500,0.0002703463,2026-04-08 13:00:00.019000+00:00
xyz:AMZN,0.0000062500,0.0001391457,2026-04-08 14:00:00.064000+00:00
xyz:AMZN,0.0000062500,0.0001625385,2026-04-08 15:00:00.025000+00:00
xyz:AMZN,0.0000062500,0.0000523552,2026-04-08 16:00:00.054000+00:00
xyz:AMZN,0.0000062500,-0.0000142996,2026-04-08 17:00:00.009000+00:00
xyz:AMZN,0.0000062500,-0.0000631872,2026-04-08 18:00:00.046000+00:00
xyz:AMZN,0.0000062500,0.0000047543,2026-04-08 19:00:00.026000+00:00
xyz:AMZN,0.0000062500,0.0000415504,2026-04-08 20:00:00.068000+00:00
xyz:AMZN,0.0000062500,0.0000895549,2026-04-08 21:00:00.031000+00:00
xyz:AMZN,0.0000062500,0.0001470186,2026-04-08 22:00:00.010000+00:00
xyz:AMZN,0.0000062500,0.0000552928,2026-04-08 23:00:00.039000+00:00
xyz:AMZN,0.0000062500,-0.0000106038,2026-04-09 00:00:00.070000+00:00
xyz:AMZN,0.0000062500,0.0003274432,2026-04-09 01:00:00.023000+00:00
xyz:AMZN,0.0000062500,-0.0000027268,2026-04-09 02:00:00.010000+00:00
xyz:AMZN,0.0000062500,0.0000379077,2026-04-09 03:00:00.053000+00:00
xyz:AMZN,0.0000062500,-0.0001930816,2026-04-09 04:00:00.015000+00:00
xyz:AMZN,0.0000044077,-0.0002294769,2026-04-09 05:00:00.007000+00:00
xyz:AMZN,0.0000062500,-0.0001642565,2026-04-09 06:00:00.021000+00:00
xyz:AMZN,0.0000062500,-0.0000255678,2026-04-09 07:00:00.001000+00:00
xyz:AMZN,0.0000062500,0.0000740209,2026-04-09 08:00:00.056000+00:00
xyz:AMZN,0.0000062500,0.0001326939,2026-04-09 09:00:00.008000+00:00
xyz:AMZN,0.0000062500,0.0000589065,2026-04-09 10:00:00.006000+00:00
xyz:AMZN,0.0000062500,0.0000465166,2026-04-09 11:00:00.010000+00:00
xyz:AMZN,0.0000062500,-0.0001383323,2026-04-09 12:00:00.054000+00:00
xyz:AMZN,0.0000062500,-0.0000835583,2026-04-09 13:00:00.004000+00:00
xyz:AMZN,0.0000062500,-0.0000016440,2026-04-09 14:00:00.056000+00:00
xyz:AMZN,0.0000032195,-0.0002484880,2026-04-09 15:00:00.041000+00:00
xyz:AMZN,0.0000029046,-0.0002535262,2026-04-09 16:00:00.011000+00:00
xyz:AMZN,0.0000062500,-0.0001059380,2026-04-09 17:00:00.012000+00:00
xyz:AMZN,0.0000062500,-0.0000794872,2026-04-09 18:00:00.001000+00:00
xyz:AMZN,0.0000062500,0.0001834921,2026-04-09 19:00:00.031000+00:00
xyz:AMZN,0.0000062500,0.0003764486,2026-04-09 20:00:00.004000+00:00
xyz:AMZN,0.0000204878,0.0006278053,2026-04-09 21:00:00.018000+00:00
xyz:AMZN,0.0000181763,0.0005908214,2026-04-09 22:00:00+00:00
xyz:AMZN,0.0000062500,0.0003498593,2026-04-09 23:00:00.071000+00:00
xyz:AMZN,0.0000062500,0.0003036565,2026-04-10 00:00:00.062000+00:00
xyz:AMZN,0.0000062500,0.0003366434,2026-04-10 01:00:00.013000+00:00
xyz:AMZN,0.0000062500,0.0002761150,2026-04-10 02:00:00.002000+00:00
xyz:AMZN,0.0000062500,0.0002655549,2026-04-10 03:00:00.040000+00:00
xyz:AMZN,0.0000153008,0.0005448125,2026-04-10 04:00:00.047000+00:00
xyz:AMZN,0.0000062500,0.0003353265,2026-04-10 05:00:00.031000+00:00
xyz:AMZN,0.0000062500,0.0003048322,2026-04-10 06:00:00.026000+00:00
xyz:AMZN,0.0000062500,0.0003439084,2026-04-10 07:00:00.016000+00:00
xyz:AMZN,0.0000062500,0.0003229882,2026-04-10 08:00:00+00:00
xyz:AMZN,0.0000062500,0.0001544118,2026-04-10 09:00:00.015000+00:00
xyz:AMZN,0.0000062500,0.0002673911,2026-04-10 10:00:00.028000+00:00
xyz:AMZN,0.0000062500,0.0002294060,2026-04-10 11:00:00.010000+00:00
xyz:AMZN,0.0000103711,0.0004659374,2026-04-10 12:00:00.057000+00:00
xyz:AMZN,0.0000188008,0.0006008128,2026-04-10 13:00:00.032000+00:00
xyz:AMZN,0.0000157678,0.0005522842,2026-04-10 14:00:00.008000+00:00
xyz:AMZN,0.0000062500,0.0002708545,2026-04-10 15:00:00.005000+00:00
xyz:AMZN,0.0000062500,0.0001057413,2026-04-10 16:00:00.053000+00:00
xyz:AMZN,0.0000062500,0.0000789214,2026-04-10 17:00:00.022000+00:00
xyz:AMZN,0.0000062500,0.0000765192,2026-04-10 18:00:00.021000+00:00
xyz:AMZN,0.0000062500,0.0001097167,2026-04-10 19:00:00.046000+00:00
xyz:AMZN,0.0000062500,0.0001006350,2026-04-10 20:00:00.009000+00:00
xyz:AMZN,0.0000062500,0.0000520382,2026-04-10 21:00:00.010000+00:00
xyz:AMZN,0.0000062500,-0.0000828537,2026-04-10 22:00:00.079000+00:00
xyz:AMZN,0.0000006732,-0.0002892284,2026-04-10 23:00:00.055000+00:00
xyz:AMZN,0.0000062500,0.0000310195,2026-04-11 00:00:00.015000+00:00
xyz:AMZN,-0.0001080302,-0.0020284836,2026-04-11 01:00:00.006000+00:00
xyz:AMZN,-0.0000524614,-0.0011393819,2026-04-11 02:00:00.020000+00:00
xyz:AMZN,0.0000062500,-0.0001071444,2026-04-11 03:00:00.039000+00:00
xyz:AMZN,0.0000062500,0.0000276663,2026-04-11 04:00:00.013000+00:00
xyz:AMZN,0.0000062500,0.0000230450,2026-04-11 05:00:00.005000+00:00
xyz:AMZN,0.0000062500,-0.0000030594,2026-04-11 06:00:00.024000+00:00
xyz:AMZN,0.0000062500,0.0001000738,2026-04-11 07:00:00.016000+00:00
xyz:AMZN,0.0000062500,0.0001813444,2026-04-11 08:00:00.002000+00:00
xyz:AMZN,0.0000062500,0.0000951314,2026-04-11 09:00:00.042000+00:00
xyz:AMZN,0.0000062500,0.0002614363,2026-04-11 10:00:00.048000+00:00
xyz:AMZN,0.0000398568,0.0009377090,2026-04-11 11:00:00.040000+00:00
xyz:AMZN,0.0000255768,0.0007092292,2026-04-11 12:00:00.055000+00:00
xyz:AMZN,0.0000136106,0.0005177702,2026-04-11 13:00:00.047000+00:00
xyz:AMZN,0.0000062500,0.0003358914,2026-04-11 14:00:00.001000+00:00
xyz:AMZN,-0.0000150609,-0.0005409752,2026-04-11 15:00:00.041000+00:00
xyz:AMZN,-0.0000089063,-0.0004425006,2026-04-11 16:00:00.034000+00:00
xyz:AMZN,0.0000062500,0.0000779969,2026-04-11 17:00:00.008000+00:00
xyz:AMZN,0.0000555573,0.0011889160,2026-04-11 18:00:00.033000+00:00
xyz:AMZN,0.0000756144,0.0015098310,2026-04-11 19:00:00.047000+00:00
xyz:AMZN,0.0000400963,0.0009415412,2026-04-11 20:00:00.023000+00:00
xyz:AMZN,0.0000098139,0.0004570232,2026-04-11 21:00:00.058000+00:00
xyz:AMZN,0.0000062500,0.0001554913,2026-04-11 22:00:00.036000+00:00
xyz:AMZN,0.0000022019,-0.0002647690,2026-04-11 23:00:00.020000+00:00
xyz:AMZN,0.0000012894,-0.0002793701,2026-04-12 00:00:00.067000+00:00
xyz:AMZN,0.0000062500,-0.0000678684,2026-04-12 01:00:00.044000+00:00
xyz:AMZN,-0.0000745915,-0.0014934644,2026-04-12 02:00:00.031000+00:00
xyz:AMZN,-0.0002547888,-0.0043766215,2026-04-12 03:00:00.029000+00:00
xyz:AMZN,-0.0001537185,-0.0027594968,2026-04-12 04:00:00.055000+00:00
xyz:AMZN,-0.0000735174,-0.0014762781,2026-04-12 05:00:00.066000+00:00
xyz:AMZN,-0.0000335190,-0.0008363038,2026-04-12 06:00:00.047000+00:00
xyz:AMZN,0.0000062500,-0.0000918080,2026-04-12 07:00:00.004000+00:00
xyz:AMZN,-0.0000020078,-0.0003321254,2026-04-12 08:00:00.022000+00:00
xyz:AMZN,-0.0000119439,-0.0004911024,2026-04-12 09:00:00.049000+00:00
xyz:AMZN,-0.0000050998,-0.0003815965,2026-04-12 10:00:00.011000+00:00
xyz:AMZN,-0.0000152652,-0.0005442429,2026-04-12 11:00:00.022000+00:00
xyz:AMZN,-0.0000373961,-0.0008983373,2026-04-12 12:00:00.040000+00:00
xyz:AMZN,-0.0000321677,-0.0008146825,2026-04-12 13:00:00.028000+00:00
xyz:AMZN,-0.0001020495,-0.0019327914,2026-04-12 14:00:00.064000+00:00
xyz:AMZN,-0.0001030283,-0.0019484525,2026-04-12 15:00:00.065000+00:00
xyz:AMZN,-0.0000721393,-0.0014542284,2026-04-12 16:00:00.046000+00:00
xyz:AMZN,-0.0000691629,-0.0014066066,2026-04-12 17:00:00.054000+00:00
xyz:AMZN,-0.0000327545,-0.0008240713,2026-04-12 18:00:00.035000+00:00
xyz:AMZN,0.0000163681,0.0005618898,2026-04-12 19:00:00.028000+00:00
xyz:AMZN,-0.0000054148,-0.0003866372,2026-04-12 20:00:00.062000+00:00
xyz:AMZN,-0.0000081226,-0.0004299620,2026-04-12 21:00:00.049000+00:00
xyz:AMZN,-0.0000472048,-0.0010552775,2026-04-12 22:00:00.058000+00:00
xyz:AMZN,0.0001143736,0.0021299777,2026-04-12 23:00:00.048000+00:00
xyz:AMZN,0.0000549530,0.0011792478,2026-04-13 00:00:00.013000+00:00
xyz:AMZN,-0.0000089290,-0.0004428640,2026-04-13 01:00:00.031000+00:00
xyz:AMZN,-0.0000027101,-0.0003433619,2026-04-13 02:00:00.001000+00:00
xyz:AMZN,0.0000023111,-0.0002630218,2026-04-13 03:00:00.056000+00:00
xyz:AMZN,-0.0000007138,-0.0003114202,2026-04-13 04:00:00.056000+00:00
xyz:AMZN,-0.0000011299,-0.0003180787,2026-04-13 05:00:00.032000+00:00
xyz:AMZN,-0.0000077596,-0.0004241528,2026-04-13 06:00:00.007000+00:00
xyz:AMZN,-0.0000136204,-0.0005179263,2026-04-13 07:00:00.011000+00:00
xyz:AMZN,-0.0000131201,-0.0005099219,2026-04-13 08:00:00.015000+00:00
xyz:AMZN,0.0000055607,-0.0002110283,2026-04-13 09:00:00.013000+00:00
xyz:AMZN,0.0000019847,-0.0002682447,2026-04-13 10:00:00.032000+00:00
xyz:AMZN,0.0000046987,-0.0002248213,2026-04-13 11:00:00.011000+00:00
xyz:AMZN,0.0000062500,-0.0001416444,2026-04-13 12:00:00.063000+00:00
xyz:AMZN,0.0000062500,-0.0001478352,2026-04-13 13:00:00.036000+00:00
xyz:AMZN,0.0000062500,-0.0000698479,2026-04-13 14:00:00.007000+00:00
xyz:AMZN,0.0000062500,0.0001730523,2026-04-13 15:00:00.114000+00:00
xyz:AMZN,0.0000114869,0.0004837896,2026-04-13 16:00:00.016000+00:00
xyz:AMZN,0.0000062500,0.0003840909,2026-04-13 17:00:00.028000+00:00
xyz:AMZN,0.0000062500,0.0002865734,2026-04-13 18:00:00.040000+00:00
xyz:AMZN,0.0000062500,0.0002631636,2026-04-13 19:00:00.055000+00:00
xyz:AMZN,0.0000062500,0.0003499266,2026-04-13 20:00:00.032000+00:00
xyz:AMZN,0.0000085859,0.0004373737,2026-04-13 21:00:00.038000+00:00
xyz:AMZN,0.0000093517,0.0004496266,2026-04-13 22:00:00.023000+00:00
xyz:AMZN,0.0000160711,0.0005571376,2026-04-13 23:00:00.008000+00:00
xyz:AMZN,0.0000121185,0.0004938960,2026-04-14 00:00:00.020000+00:00
xyz:AMZN,0.0000062500,0.0002688872,2026-04-14 01:00:00.057000+00:00
xyz:AMZN,0.0000062500,0.0002346987,2026-04-14 02:00:00.017000+00:00
xyz:AMZN,0.0000062500,0.0002788101,2026-04-14 03:00:00.043000+00:00
xyz:AMZN,0.0000063894,0.0004022309,2026-04-14 04:00:00.009000+00:00
xyz:AMZN,0.0000062500,0.0003982577,2026-04-14 05:00:00.054000+00:00
xyz:AMZN,0.0000068384,0.0004094151,2026-04-14 06:00:00.057000+00:00
xyz:AMZN,0.0000073086,0.0004169369,2026-04-14 07:00:00.076000+00:00
xyz:AMZN,0.0000062500,0.0003534421,2026-04-14 08:00:00.066000+00:00
xyz:AMZN,0.0000093171,0.0004490736,2026-04-14 09:00:00.041000+00:00
xyz:AMZN,0.0000247776,0.0006964408,2026-04-14 10:00:00.010000+00:00
xyz:AMZN,0.0000168600,0.0005697606,2026-04-14 11:00:00.030000+00:00
xyz:AMZN,0.0000145055,0.0005320878,2026-04-14 12:00:00.053000+00:00
xyz:AMZN,0.0000062500,0.0003267022,2026-04-14 13:00:00.039000+00:00
xyz:AMZN,0.0000062500,0.0003737546,2026-04-14 14:00:00.012000+00:00
xyz:AMZN,0.0000062500,0.0003169528,2026-04-14 15:00:00.056000+00:00
xyz:AMZN,0.0000062500,0.0003124979,2026-04-14 16:00:00.029000+00:00
xyz:AMZN,0.0000062500,0.0003207885,2026-04-14 17:00:00.057000+00:00
xyz:AMZN,0.0000062500,0.0003196304,2026-04-14 18:00:00.062000+00:00
xyz:AMZN,0.0000062500,0.0003103063,2026-04-14 19:00:00.040000+00:00
xyz:AMZN,0.0000062500,0.0003727930,2026-04-14 20:00:00+00:00
xyz:AMZN,0.0000171013,0.0005736213,2026-04-14 21:00:00.003000+00:00
xyz:AMZN,0.0000233944,0.0006743107,2026-04-14 22:00:00.001000+00:00
xyz:AMZN,0.0000121983,0.0004951726,2026-04-14 23:00:00.021000+00:00
xyz:AMZN,0.0000062500,0.0003211698,2026-04-15 00:00:00.015000+00:00
xyz:AMZN,0.0000062500,0.0003066490,2026-04-15 01:00:00.054000+00:00
xyz:AMZN,0.0000062500,0.0003137034,2026-04-15 02:00:00.036000+00:00
xyz:AMZN,0.0000062500,0.0002702391,2026-04-15 03:00:00.065000+00:00
xyz:AMZN,0.0000091455,0.0004463274,2026-04-15 04:00:00.053000+00:00
xyz:AMZN,0.0000079205,0.0004267280,2026-04-15 05:00:00.029000+00:00
xyz:AMZN,0.0000062500,0.0002569467,2026-04-15 06:00:00.060000+00:00
xyz:AMZN,0.0000062500,0.0000502890,2026-04-15 07:00:00.038000+00:00
xyz:AMZN,0.0000062500,0.0001929115,2026-04-15 08:00:00.009000+00:00
xyz:AMZN,0.0000062500,0.0001616879,2026-04-15 09:00:00.024000+00:00
xyz:AMZN,0.0000062500,0.0001513074,2026-04-15 10:00:00.027000+00:00
xyz:AMZN,0.0000062500,0.0003043876,2026-04-15 11:00:00.067000+00:00
xyz:AMZN,0.0000063349,0.0004013580,2026-04-15 12:00:00.030000+00:00
xyz:AMZN,0.0000062500,0.0003600918,2026-04-15 13:00:00.008000+00:00
xyz:AMZN,0.0000062500,0.0003564666,2026-04-15 14:00:00.035000+00:00
xyz:AMZN,0.0000062500,0.0003341733,2026-04-15 15:00:00.057000+00:00
xyz:AMZN,0.0000062500,0.0003157415,2026-04-15 16:00:00.025000+00:00
xyz:AMZN,0.0000062500,0.0003244842,2026-04-15 17:00:00.022000+00:00
xyz:AMZN,0.0000062500,0.0002927737,2026-04-15 18:00:00.030000+00:00
xyz:AMZN,0.0000062500,0.0003068139,2026-04-15 19:00:00.062000+00:00
xyz:AMZN,0.0000062500,0.0003842683,2026-04-15 20:00:00.014000+00:00
xyz:AMZN,0.0000116694,0.0004867102,2026-04-15 21:00:00.049000+00:00
xyz:AMZN,0.0000176900,0.0005830405,2026-04-15 22:00:00.067000+00:00
xyz:AMZN,0.0000185383,0.0005966132,2026-04-15 23:00:00.056000+00:00
xyz:AMZN,0.0000140492,0.0005247866,2026-04-16 00:00:00.044000+00:00
xyz:AMZN,0.0000062500,0.0001724960,2026-04-16 01:00:00.022000+00:00
xyz:AMZN,0.0000062500,0.0002604178,2026-04-16 02:00:00.010000+00:00
xyz:AMZN,0.0000062500,0.0003368784,2026-04-16 03:00:00.053000+00:00
xyz:AMZN,0.0000062500,0.0002784306,2026-04-16 04:00:00.006000+00:00
xyz:AMZN,0.0000062500,0.0000138008,2026-04-16 05:00:00.042000+00:00
xyz:AMZN,0.0000062500,-0.0000512732,2026-04-16 06:00:00.031000+00:00
xyz:AMZN,0.0000062500,0.0001964556,2026-04-16 07:00:00.012000+00:00
xyz:AMZN,0.0000062500,0.0002269262,2026-04-16 08:00:00.062000+00:00
xyz:AMZN,0.0000062500,0.0001863784,2026-04-16 09:00:00.045000+00:00
xyz:AMZN,0.0000062500,0.0002725081,2026-04-16 10:00:00.004000+00:00
xyz:AMZN,0.0000062500,0.0002724863,2026-04-16 11:00:00.035000+00:00
xyz:AMZN,0.0000062500,0.0003178780,2026-04-16 12:00:00.042000+00:00
xyz:AMZN,0.0000062500,0.0003751120,2026-04-16 13:00:00.030000+00:00
xyz:AMZN,0.0000064054,0.0004024869,2026-04-16 14:00:00.019000+00:00
xyz:AMZN,0.0000122903,0.0004966451,2026-04-16 15:00:00.047000+00:00
xyz:AMZN,0.0000071066,0.0004137049,2026-04-16 16:00:00.051000+00:00
xyz:AMZN,0.0000062500,0.0003241142,2026-04-16 17:00:00.013000+00:00
xyz:AMZN,0.0000062500,0.0001832935,2026-04-16 18:00:00.034000+00:00
xyz:AMZN,0.0000062500,0.0002106359,2026-04-16 19:00:00.064000+00:00
xyz:AMZN,0.0000062500,0.0002301217,2026-04-16 20:00:00.016000+00:00
xyz:AMZN,0.0000062500,0.0002397109,2026-04-16 21:00:00.025000+00:00
xyz:AMZN,0.0000062500,0.0002089840,2026-04-16 22:00:00.043000+00:00
xyz:AMZN,0.0000062500,0.0002819485,2026-04-16 23:00:00.041000+00:00
xyz:AMZN,0.0000114750,0.0004836007,2026-04-17 00:00:00.030000+00:00
xyz:AMZN,0.0000188579,0.0006017259,2026-04-17 01:00:00.015000+00:00
xyz:AMZN,0.0000129005,0.0005064076,2026-04-17 02:00:00.026000+00:00
xyz:AMZN,0.0000062676,0.0004002819,2026-04-17 03:00:00.010000+00:00
xyz:AMZN,0.0000062500,0.0000736675,2026-04-17 04:00:00.064000+00:00
xyz:AMZN,0.0000062500,0.0002059976,2026-04-17 05:00:00.052000+00:00
xyz:AMZN,0.0000090525,0.0004448402,2026-04-17 06:00:00.017000+00:00
xyz:AMZN,0.0000062500,0.0001616668,2026-04-17 07:00:00.065000+00:00
xyz:AMZN,0.0000140393,0.0005246294,2026-04-17 08:00:00.042000+00:00
xyz:AMZN,0.0000261670,0.0007186714,2026-04-17 09:00:00.035000+00:00
xyz:AMZN,0.0000149271,0.0005388338,2026-04-17 10:00:00.011000+00:00
xyz:AMZN,0.0000124035,0.0004984560,2026-04-17 11:00:00.038000+00:00
xyz:AMZN,0.0000095946,0.0004535140,2026-04-17 12:00:00.064000+00:00
xyz:AMZN,0.0000145513,0.0005328214,2026-04-17 13:00:00.036000+00:00
xyz:AMZN,0.0000062500,0.0003602767,2026-04-17 14:00:00+00:00
xyz:AMZN,0.0000062500,0.0003391654,2026-04-17 15:00:00.059000+00:00
xyz:AMZN,0.0000062500,0.0003276574,2026-04-17 16:00:00.039000+00:00
xyz:AMZN,0.0000062500,0.0003671897,2026-04-17 17:00:00.046000+00:00
xyz:AMZN,0.0000062500,0.0003306405,2026-04-17 18:00:00.052000+00:00
xyz:AMZN,0.0000062500,0.0003415407,2026-04-17 19:00:00.019000+00:00
xyz:AMZN,0.0000062500,0.0003557275,2026-04-17 20:00:00.065000+00:00
xyz:AMZN,0.0000062500,0.0003122318,2026-04-17 21:00:00.012000+00:00
xyz:AMZN,0.0000062500,0.0000616703,2026-04-17 22:00:00.042000+00:00
xyz:AMZN,0.0000062500,0.0002162629,2026-04-17 23:00:00.022000+00:00
xyz:AMZN,0.0000062500,0.0002675331,2026-04-18 00:00:00.064000+00:00
xyz:AMZN,-0.0000702864,-0.0014245826,2026-04-18 01:00:00.049000+00:00
xyz:AMZN,-0.0000730751,-0.0014692021,2026-04-18 02:00:00.042000+00:00
xyz:AMZN,-0.0000040499,-0.0003647981,2026-04-18 03:00:00.031000+00:00
xyz:AMZN,0.0000062500,0.0000805504,2026-04-18 04:00:00.009000+00:00
xyz:AMZN,-0.0000163765,-0.0005620233,2026-04-18 05:00:00.060000+00:00
xyz:AMZN,-0.0000100415,-0.0004606638,2026-04-18 06:00:00.049000+00:00
xyz:AMZN,-0.0000051662,-0.0003826595,2026-04-18 07:00:00.028000+00:00
xyz:AMZN,0.0000062500,0.0001898236,2026-04-18 08:00:00.049000+00:00
xyz:AMZN,-0.0000343708,-0.0008499329,2026-04-18 09:00:00.011000+00:00
xyz:AMZN,-0.0000597420,-0.0012558727,2026-04-18 10:00:00.020000+00:00
xyz:AMZN,-0.0000778127,-0.0015450026,2026-04-18 11:00:00.016000+00:00
xyz:AMZN,-0.0000829983,-0.0016279730,2026-04-18 12:00:00.034000+00:00
xyz:AMZN,-0.0000172780,-0.0005764486,2026-04-18 13:00:00.047000+00:00
xyz:AMZN,-0.0000247560,-0.0006960954,2026-04-18 14:00:00.018000+00:00
xyz:AMZN,-0.0000099845,-0.0004597528,2026-04-18 15:00:00+00:00
xyz:AMZN,-0.0000182874,-0.0005925982,2026-04-18 16:00:00.001000+00:00
xyz:AMZN,-0.0000556443,-0.0011903082,2026-04-18 17:00:00.001000+00:00
xyz:AMZN,-0.0000235612,-0.0006769785,2026-04-18 18:00:00.050000+00:00
xyz:AMZN,-0.0000910206,-0.0017563301,2026-04-18 19:00:00.039000+00:00
xyz:AMZN,-0.0000255468,-0.0007087487,2026-04-18 20:00:00.037000+00:00
xyz:AMZN,-0.0000429929,-0.0009878856,2026-04-18 21:00:00.036000+00:00
xyz:AMZN,0.0000009916,-0.0002841343,2026-04-18 22:00:00.011000+00:00
xyz:AMZN,0.0000062500,-0.0001516955,2026-04-18 23:00:00.026000+00:00
xyz:AMZN,0.0000282613,0.0007521814,2026-04-19 00:00:00.053000+00:00
xyz:AMZN,0.0000132639,0.0005122226,2026-04-19 01:00:00.051000+00:00
xyz:AMZN,0.0000195919,0.0006134706,2026-04-19 02:00:00.028000+00:00
xyz:AMZN,0.0000142840,0.0005285447,2026-04-19 03:00:00.060000+00:00
xyz:AMZN,0.0000079646,0.0004274344,2026-04-19 04:00:00.051000+00:00
xyz:AMZN,0.0000062500,-0.0001293792,2026-04-19 05:00:00.046000+00:00
xyz:AMZN,0.0000005964,-0.0002904574,2026-04-19 06:00:00.041000+00:00
xyz:AMZN,-0.0000094058,-0.0004504926,2026-04-19 07:00:00.002000+00:00
xyz:AMZN,-0.0000576209,-0.0012219339,2026-04-19 08:00:00.040000+00:00
xyz:AMZN,-0.0000261878,-0.0007190049,2026-04-19 09:00:00.041000+00:00
xyz:AMZN,-0.0000105249,-0.0004683979,2026-04-19 10:00:00.022000+00:00
xyz:AMZN,-0.0000193243,-0.0006091892,2026-04-19 11:00:00.032000+00:00
xyz:AMZN,0.0000062500,-0.0001740563,2026-04-19 12:00:00.016000+00:00
xyz:AMZN,0.0000062500,0.0001520779,2026-04-19 13:00:00.026000+00:00
xyz:AMZN,0.0000351706,0.0008627295,2026-04-19 14:00:00.011000+00:00
