coin,fundingRate,premium,time
xyz:GOLD,0.0000201130,0.0006218073,2025-12-22 15:00:00.012000+00:00
xyz:GOLD,0.0000062500,0.0003787162,2025-12-22 16:00:00.031000+00:00
xyz:GOLD,0.0000277728,0.0007443648,2025-12-22 17:00:00.050000+00:00
xyz:GOLD,0.0001152392,0.0021438274,2025-12-22 18:00:00.030000+00:00
xyz:GOLD,0.0001533210,0.0027531363,2025-12-22 19:00:00.006000+00:00
xyz:GOLD,0.0000884119,0.0017145909,2025-12-22 20:00:00.046000+00:00
xyz:GOLD,0.0000062500,0.0001839981,2025-12-22 21:00:00+00:00
xyz:GOLD,0.0000062500,0.0002791791,2025-12-22 22:00:00.036000+00:00
xyz:GOLD,0.0000062500,0.0000586086,2025-12-22 23:00:00.053000+00:00
xyz:GOLD,0.0000062500,0.0001300350,2025-12-23 00:00:00.002000+00:00
xyz:GOLD,0.0000062500,-0.0000272611,2025-12-23 01:00:00.098000+00:00
xyz:GOLD,0.0000657727,0.0013523626,2025-12-23 02:00:00.053000+00:00
xyz:GOLD,0.0000062500,0.0001687066,2025-12-23 03:00:00.060000+00:00
xyz:GOLD,0.0000062500,0.0000338498,2025-12-23 04:00:00.059000+00:00
xyz:GOLD,0.0000132994,0.0005127902,2025-12-23 05:00:00.066000+00:00
xyz:GOLD,0.0000435364,0.0009965816,2025-12-23 06:00:00.065000+00:00
xyz:GOLD,0.0000313849,0.0008021591,2025-12-23 07:00:00.033000+00:00
xyz:GOLD,0.0000062500,0.0001157747,2025-12-23 08:00:00.066000+00:00
xyz:GOLD,0.0001918881,0.0033702102,2025-12-23 09:00:00.061000+00:00
xyz:GOLD,0.0001131314,0.0021101018,2025-12-23 10:00:00.050000+00:00
xyz:GOLD,0.0000703887,0.0014262199,2025-12-23 11:00:00.027000+00:00
xyz:GOLD,0.0000533380,0.0011534074,2025-12-23 12:00:00.062000+00:00
xyz:GOLD,0.0000062500,0.0003724640,2025-12-23 13:00:00.067000+00:00
xyz:GOLD,0.0000127414,0.0005038627,2025-12-23 14:00:00.025000+00:00
xyz:GOLD,0.0000148445,0.0005375114,2025-12-23 15:00:00.117000+00:00
xyz:GOLD,0.0000085272,0.0004364348,2025-12-23 16:00:00.036000+00:00
xyz:GOLD,0.0000093015,0.0004488248,2025-12-23 17:00:00.118000+00:00
xyz:GOLD,0.0000241813,0.0006869012,2025-12-23 18:00:00.008000+00:00
xyz:GOLD,0.0000080762,0.0004292184,2025-12-23 19:00:00.021000+00:00
xyz:GOLD,0.0000135034,0.0005160546,2025-12-23 20:00:00.206000+00:00
xyz:GOLD,0.0000062500,0.0002949015,2025-12-23 21:00:00.067000+00:00
xyz:GOLD,0.0000062500,0.0003822094,2025-12-23 22:00:00.021000+00:00
xyz:GOLD,0.0000127619,0.0005041904,2025-12-23 23:00:00.051000+00:00
xyz:GOLD,0.0000212649,0.0006402377,2025-12-24 00:00:00.088000+00:00
xyz:GOLD,0.0000318874,0.0008101980,2025-12-24 01:00:00.030000+00:00
xyz:GOLD,0.0000062500,0.0002774149,2025-12-24 02:00:00.077000+00:00
xyz:GOLD,0.0000077301,0.0004236818,2025-12-24 03:00:00.005000+00:00
xyz:GOLD,0.0000145602,0.0005329624,2025-12-24 04:00:00.045000+00:00
xyz:GOLD,0.0000062500,-0.0000737657,2025-12-24 05:00:00.039000+00:00
xyz:GOLD,0.0000062500,0.0000480691,2025-12-24 06:00:00.027000+00:00
xyz:GOLD,0.0000097574,0.0004561182,2025-12-24 07:00:00.010000+00:00
xyz:GOLD,0.0000110009,0.0004760152,2025-12-24 08:00:00.074000+00:00
xyz:GOLD,0.0000062500,0.0001658318,2025-12-24 09:00:00.035000+00:00
xyz:GOLD,0.0000062500,-0.0001461797,2025-12-24 10:00:00.079000+00:00
xyz:GOLD,0.0000062500,0.0003375608,2025-12-24 11:00:00.034000+00:00
xyz:GOLD,0.0000062500,0.0001490540,2025-12-24 12:00:00.028000+00:00
xyz:GOLD,0.0000062500,0.0002837582,2025-12-24 13:00:00.012000+00:00
xyz:GOLD,0.0000062500,0.0003810514,2025-12-24 14:00:00.025000+00:00
xyz:GOLD,0.0000062500,0.0003904123,2025-12-24 15:00:00.087000+00:00
xyz:GOLD,0.0000268294,0.0007292701,2025-12-24 16:00:00.002000+00:00
xyz:GOLD,0.0000156055,0.0005496873,2025-12-24 17:00:00.013000+00:00
xyz:GOLD,0.0000147167,0.0005354674,2025-12-24 18:00:00.037000+00:00
xyz:GOLD,0.0000123532,0.0004976515,2025-12-24 19:00:00.010000+00:00
xyz:GOLD,0.0000062500,0.0002593775,2025-12-24 20:00:00.012000+00:00
xyz:GOLD,0.0000062500,0.0001624642,2025-12-24 21:00:00.014000+00:00
xyz:GOLD,0.0000062500,0.0003966381,2025-12-24 22:00:00.001000+00:00
xyz:GOLD,0.0000225458,0.0006607332,2025-12-24 23:00:00.087000+00:00
xyz:GOLD,0.0000103261,0.0004652172,2025-12-25 00:00:00.009000+00:00
xyz:GOLD,0.0000391244,0.0009259899,2025-12-25 01:00:00.033000+00:00
xyz:GOLD,0.0000062500,-0.0000009055,2025-12-25 02:00:00.085000+00:00
xyz:GOLD,0.0000062500,-0.0000696078,2025-12-25 03:00:00.030000+00:00
xyz:GOLD,0.0000062500,-0.0000477820,2025-12-25 04:00:00.034000+00:00
xyz:GOLD,0.0000062500,0.0003502068,2025-12-25 05:00:00.023000+00:00
xyz:GOLD,0.0000453691,0.0010259063,2025-12-25 06:00:00.056000+00:00
xyz:GOLD,0.0000062500,0.0003470547,2025-12-25 07:00:00.023000+00:00
xyz:GOLD,0.0000062500,0.0002713190,2025-12-25 08:00:00.045000+00:00
xyz:GOLD,0.0000062500,0.0000188661,2025-12-25 09:00:00.041000+00:00
xyz:GOLD,0.0000062500,0.0001698770,2025-12-25 10:00:00.018000+00:00
xyz:GOLD,0.0000062500,-0.0000173272,2025-12-25 11:00:00.029000+00:00
xyz:GOLD,0.0000016245,-0.0002740079,2025-12-25 12:00:00.064000+00:00
xyz:GOLD,-0.0000176202,-0.0005819227,2025-12-25 13:00:00.067000+00:00
xyz:GOLD,-0.0000250084,-0.0007001341,2025-12-25 14:00:00.102000+00:00
xyz:GOLD,0.0000018965,-0.0002696558,2025-12-25 15:00:00.042000+00:00
xyz:GOLD,0.0000062500,0.0002215788,2025-12-25 16:00:00.058000+00:00
xyz:GOLD,0.0000062500,0.0003001861,2025-12-25 17:00:00.056000+00:00
xyz:GOLD,0.0000062500,0.0001739814,2025-12-25 18:00:00.010000+00:00
xyz:GOLD,0.0000111714,0.0004787430,2025-12-25 19:00:00.040000+00:00
xyz:GOLD,0.0000066339,0.0004061425,2025-12-25 20:00:00.060000+00:00
xyz:GOLD,0.0000393159,0.0009290547,2025-12-25 21:00:00.080000+00:00
xyz:GOLD,0.0000558320,0.0011933123,2025-12-25 22:00:00.003000+00:00
xyz:GOLD,0.0000071524,0.0004144387,2025-12-25 23:00:00.019000+00:00
xyz:GOLD,0.0000156694,0.0005507106,2025-12-26 00:00:00.022000+00:00
xyz:GOLD,0.0000062500,0.0001249481,2025-12-26 01:00:00.008000+00:00
xyz:GOLD,0.0000062500,-0.0000647429,2025-12-26 02:00:00.062000+00:00
xyz:GOLD,0.0000062500,-0.0000205063,2025-12-26 03:00:00+00:00
xyz:GOLD,0.0000122056,0.0004952901,2025-12-26 04:00:00.056000+00:00
xyz:GOLD,0.0000162400,0.0005598408,2025-12-26 05:00:00.092000+00:00
xyz:GOLD,0.0000306117,0.0007897872,2025-12-26 06:00:00.012000+00:00
xyz:GOLD,0.0000242034,0.0006872550,2025-12-26 07:00:00.039000+00:00
xyz:GOLD,0.0000591675,0.0012466798,2025-12-26 08:00:00.040000+00:00
xyz:GOLD,0.0000090390,0.0004446244,2025-12-26 09:00:00.017000+00:00
xyz:GOLD,0.0000472319,0.0010557108,2025-12-26 10:00:00.113000+00:00
xyz:GOLD,0.0000217867,0.0006485865,2025-12-26 11:00:00.164000+00:00
xyz:GOLD,0.0000671044,0.0013736710,2025-12-26 12:00:00.040000+00:00
xyz:GOLD,0.0000338127,0.0008410034,2025-12-26 13:00:00.030000+00:00
xyz:GOLD,0.0000168051,0.0005688813,2025-12-26 14:00:00.015000+00:00
xyz:GOLD,0.0000530893,0.0011494285,2025-12-26 15:00:00.077000+00:00
xyz:GOLD,0.0000304367,0.0007869878,2025-12-26 16:00:00.036000+00:00
xyz:GOLD,0.0000829490,0.0016271844,2025-12-26 17:00:00.019000+00:00
xyz:GOLD,0.0000475459,0.0010607351,2025-12-26 18:00:00.088000+00:00
xyz:GOLD,0.0000062500,0.0000471083,2025-12-26 19:00:00.033000+00:00
xyz:GOLD,0.0000430838,0.0009893406,2025-12-26 20:00:00.045000+00:00
xyz:GOLD,0.0000381955,0.0009111284,2025-12-26 21:00:00.004000+00:00
xyz:GOLD,0.0000400594,0.0009409506,2025-12-26 22:00:00.040000+00:00
xyz:GOLD,0.0000254904,0.0007078460,2025-12-26 23:00:00.040000+00:00
xyz:GOLD,0.0000062500,-0.0001179808,2025-12-27 00:00:00.023000+00:00
xyz:GOLD,0.0000062500,0.0003952606,2025-12-27 01:00:00.020000+00:00
xyz:GOLD,0.0000062500,-0.0000108374,2025-12-27 02:00:00.019000+00:00
xyz:GOLD,-0.0000019918,-0.0003318691,2025-12-27 03:00:00.083000+00:00
xyz:GOLD,0.0000022286,-0.0002643426,2025-12-27 04:00:00+00:00
xyz:GOLD,0.0000346757,0.0008548108,2025-12-27 05:00:00.022000+00:00
xyz:GOLD,0.0000158197,0.0005531155,2025-12-27 06:00:00.022000+00:00
xyz:GOLD,0.0000145182,0.0005322920,2025-12-27 07:00:00.101000+00:00
xyz:GOLD,0.0000259602,0.0007153631,2025-12-27 08:00:00.049000+00:00
xyz:GOLD,0.0000382696,0.0009123139,2025-12-27 09:00:00.024000+00:00
xyz:GOLD,0.0000236858,0.0006789735,2025-12-27 10:00:00.051000+00:00
xyz:GOLD,0.0000609030,0.0012744484,2025-12-27 11:00:00.058000+00:00
xyz:GOLD,0.0000155875,0.0005493992,2025-12-27 12:00:00.048000+00:00
xyz:GOLD,0.0000062500,-0.0000940231,2025-12-27 13:00:00.049000+00:00
xyz:GOLD,0.0000062500,-0.0000917790,2025-12-27 14:00:00.129000+00:00
xyz:GOLD,0.0000062500,0.0000692280,2025-12-27 15:00:00.130000+00:00
xyz:GOLD,0.0000049388,-0.0002209794,2025-12-27 16:00:00.019000+00:00
xyz:GOLD,0.0000062500,-0.0001943576,2025-12-27 17:00:00.106000+00:00
xyz:GOLD,0.0000062500,0.0002566306,2025-12-27 18:00:00.021000+00:00
xyz:GOLD,0.0000396121,0.0009337937,2025-12-27 19:00:00.007000+00:00
xyz:GOLD,0.0000145437,0.0005326988,2025-12-27 20:00:00.057000+00:00
xyz:GOLD,0.0000062500,0.0003076302,2025-12-27 21:00:00.027000+00:00
xyz:GOLD,0.0000062500,0.0002602224,2025-12-27 22:00:00.034000+00:00
xyz:GOLD,0.0000062500,-0.0001532269,2025-12-27 23:00:00.018000+00:00
xyz:GOLD,0.0000055758,-0.0002107875,2025-12-28 00:00:00.072000+00:00
xyz:GOLD,-0.0000787385,-0.0015598158,2025-12-28 01:00:00.041000+00:00
xyz:GOLD,-0.0000505355,-0.0011085675,2025-12-28 02:00:00.027000+00:00
xyz:GOLD,-0.0000000671,-0.0003010742,2025-12-28 03:00:00.017000+00:00
xyz:GOLD,0.0000062500,-0.0001795763,2025-12-28 04:00:00.024000+00:00
xyz:GOLD,0.0000062500,-0.0000136784,2025-12-28 05:00:00.062000+00:00
xyz:GOLD,0.0000062500,-0.0000223560,2025-12-28 06:00:00.060000+00:00
xyz:GOLD,0.0000062500,0.0001144415,2025-12-28 07:00:00.028000+00:00
xyz:GOLD,0.0000062500,0.0002673388,2025-12-28 08:00:00.040000+00:00
xyz:GOLD,0.0000062500,0.0003443657,2025-12-28 09:00:00.005000+00:00
xyz:GOLD,0.0000062500,0.0001740653,2025-12-28 10:00:00.074000+00:00
xyz:GOLD,0.0000062500,0.0001024008,2025-12-28 11:00:00.057000+00:00
xyz:GOLD,0.0000062500,0.0002522649,2025-12-28 12:00:00.046000+00:00
xyz:GOLD,0.0000137626,0.0005202011,2025-12-28 13:00:00.095000+00:00
xyz:GOLD,0.0000062500,0.0002314669,2025-12-28 14:00:00.095000+00:00
xyz:GOLD,0.0000062500,-0.0000455629,2025-12-28 15:00:00.109000+00:00
xyz:GOLD,0.0000012691,-0.0002796951,2025-12-28 16:00:00.008000+00:00
xyz:GOLD,0.0000114695,0.0004835119,2025-12-28 17:00:00.074000+00:00
xyz:GOLD,0.0000062500,0.0002274823,2025-12-28 18:00:00.041000+00:00
xyz:GOLD,0.0000062500,0.0003800978,2025-12-28 19:00:00.019000+00:00
xyz:GOLD,0.0000089625,0.0004433996,2025-12-28 20:00:00.016000+00:00
xyz:GOLD,0.0000105023,0.0004680367,2025-12-28 21:00:00.047000+00:00
xyz:GOLD,0.0000143224,0.0005291592,2025-12-28 22:00:00.072000+00:00
xyz:GOLD,0.0000062500,0.0002780071,2025-12-28 23:00:00.045000+00:00
xyz:GOLD,0.0001097574,0.0020561187,2025-12-29 00:00:00.132000+00:00
xyz:GOLD,0.0000062500,0.0003927450,2025-12-29 01:00:00.082000+00:00
xyz:GOLD,-0.0000012883,-0.0003206123,2025-12-29 02:00:00.076000+00:00
xyz:GOLD,0.0000055087,-0.0002118610,2025-12-29 03:00:00.049000+00:00
xyz:GOLD,0.0000062500,-0.0000811146,2025-12-29 04:00:00.132000+00:00
xyz:GOLD,-0.0000184045,-0.0005944713,2025-12-29 05:00:00.006000+00:00
xyz:GOLD,0.0000009823,-0.0002842834,2025-12-29 06:00:00.005000+00:00
xyz:GOLD,0.0000062500,-0.0000388708,2025-12-29 07:00:00.018000+00:00
xyz:GOLD,0.0000062500,0.0003182642,2025-12-29 08:00:00.014000+00:00
xyz:GOLD,0.0000153169,0.0005450697,2025-12-29 09:00:00.030000+00:00
xyz:GOLD,0.0000101251,0.0004620015,2025-12-29 10:00:00.008000+00:00
xyz:GOLD,0.0000124177,0.0004986826,2025-12-29 11:00:00.098000+00:00
xyz:GOLD,0.0000062500,0.0001473468,2025-12-29 12:00:00.026000+00:00
xyz:GOLD,0.0000062500,-0.0001252237,2025-12-29 13:00:00.001000+00:00
xyz:GOLD,0.0000062500,0.0001660441,2025-12-29 14:00:00.028000+00:00
xyz:GOLD,0.0000062500,-0.0001164419,2025-12-29 15:00:00.031000+00:00
xyz:GOLD,0.0000062500,0.0001328808,2025-12-29 16:00:00.014000+00:00
xyz:GOLD,0.0000119444,0.0004911103,2025-12-29 17:00:00.019000+00:00
xyz:GOLD,0.0000561462,0.0011983398,2025-12-29 18:00:00.031000+00:00
xyz:GOLD,0.0000168042,0.0005688678,2025-12-29 19:00:00.026000+00:00
xyz:GOLD,0.0000135472,0.0005167557,2025-12-29 20:00:00.055000+00:00
xyz:GOLD,0.0000247289,0.0006956626,2025-12-29 21:00:00.006000+00:00
xyz:GOLD,0.0000166165,0.0005658636,2025-12-29 22:00:00.075000+00:00
xyz:GOLD,0.0000073323,0.0004173165,2025-12-29 23:00:00.040000+00:00
xyz:GOLD,0.0000743213,0.0014891408,2025-12-30 00:00:00.010000+00:00
xyz:GOLD,0.0000286886,0.0007590178,2025-12-30 01:00:00.049000+00:00
xyz:GOLD,0.0000166074,0.0005657185,2025-12-30 02:00:00.033000+00:00
xyz:GOLD,0.0000135906,0.0005174488,2025-12-30 03:00:00.041000+00:00
xyz:GOLD,0.0000244528,0.0006912442,2025-12-30 04:00:00.063000+00:00
xyz:GOLD,0.0000193086,0.0006089375,2025-12-30 05:00:00.069000+00:00
xyz:GOLD,0.0000215813,0.0006453002,2025-12-30 06:00:00.067000+00:00
xyz:GOLD,0.0000247338,0.0006957410,2025-12-30 07:00:00.062000+00:00
xyz:GOLD,0.0000186878,0.0005990047,2025-12-30 08:00:00.028000+00:00
xyz:GOLD,0.0000189695,0.0006035127,2025-12-30 09:00:00.045000+00:00
xyz:GOLD,0.0000169160,0.0005706553,2025-12-30 10:00:00.080000+00:00
xyz:GOLD,0.0000179735,0.0005875765,2025-12-30 11:00:00.054000+00:00
xyz:GOLD,0.0000073228,0.0004171651,2025-12-30 12:00:00.003000+00:00
xyz:GOLD,0.0000062500,0.0003969997,2025-12-30 13:00:00.121000+00:00
xyz:GOLD,0.0000062500,0.0001499709,2025-12-30 14:00:00.031000+00:00
xyz:GOLD,0.0000062500,0.0001358273,2025-12-30 15:00:00.036000+00:00
xyz:GOLD,0.0000062500,0.0001869865,2025-12-30 16:00:00.039000+00:00
xyz:GOLD,0.0000062500,0.0002265944,2025-12-30 17:00:00.051000+00:00
xyz:GOLD,0.0000062500,0.0001779324,2025-12-30 18:00:00.071000+00:00
xyz:GOLD,0.0000062500,0.0000258701,2025-12-30 19:00:00.033000+00:00
xyz:GOLD,0.0000062500,0.0001540089,2025-12-30 20:00:00.120000+00:00
xyz:GOLD,0.0000062500,0.0001201186,2025-12-30 21:00:00.041000+00:00
xyz:GOLD,0.0000062500,0.0001388866,2025-12-30 22:00:00.003000+00:00
xyz:GOLD,0.0000719043,0.0014504691,2025-12-30 23:00:00.047000+00:00
xyz:GOLD,0.0000062500,0.0001299961,2025-12-31 00:00:00.021000+00:00
xyz:GOLD,0.0000062500,-0.0000335613,2025-12-31 01:00:00.022000+00:00
xyz:GOLD,-0.0000008678,-0.0003138853,2025-12-31 02:00:00.037000+00:00
xyz:GOLD,0.0000062500,-0.0000539935,2025-12-31 03:00:00.053000+00:00
xyz:GOLD,0.0000042834,-0.0002314663,2025-12-31 04:00:00.057000+00:00
xyz:GOLD,0.0000062500,-0.0000756546,2025-12-31 05:00:00.011000+00:00
xyz:GOLD,0.0000062500,-0.0001621062,2025-12-31 06:00:00.002000+00:00
xyz:GOLD,-0.0000078387,-0.0004254189,2025-12-31 07:00:00.029000+00:00
xyz:GOLD,-0.0000018774,-0.0003300387,2025-12-31 08:00:00.063000+00:00
xyz:GOLD,0.0000057935,-0.0002073036,2025-12-31 09:00:00.019000+00:00
xyz:GOLD,0.0000062500,-0.0001626851,2025-12-31 10:00:00.002000+00:00
xyz:GOLD,0.0000062500,-0.0000786979,2025-12-31 11:00:00.050000+00:00
xyz:GOLD,0.0000062500,0.0000294952,2025-12-31 12:00:00.095000+00:00
xyz:GOLD,0.0000062500,0.0000132169,2025-12-31 13:00:00.002000+00:00
xyz:GOLD,0.0000062500,-0.0001628962,2025-12-31 14:00:00.008000+00:00
xyz:GOLD,0.0000031313,-0.0002498992,2025-12-31 15:00:00.015000+00:00
xyz:GOLD,0.0000062500,0.0001734827,2025-12-31 16:00:00.089000+00:00
xyz:GOLD,0.0000062500,0.0000755815,2025-12-31 17:00:00.072000+00:00
xyz:GOLD,0.0000062500,0.0000143760,2025-12-31 18:00:00.050000+00:00
xyz:GOLD,0.0000062500,-0.0000402155,2025-12-31 19:00:00.053000+00:00
xyz:GOLD,-0.0000022982,-0.0003367719,2025-12-31 20:00:00.058000+00:00
xyz:GOLD,0.0000024684,-0.0002605059,2025-12-31 21:00:00.043000+00:00
xyz:GOLD,0.0000062500,0.0001237022,2025-12-31 22:00:00.100000+00:00
xyz:GOLD,0.0000062500,-0.0001508508,2025-12-31 23:00:00.093000+00:00
xyz:GOLD,0.0000018743,-0.0002700105,2026-01-01 00:00:00.063000+00:00
xyz:GOLD,0.0000062500,0.0002591331,2026-01-01 01:00:00.053000+00:00
xyz:GOLD,0.0000062500,-0.0000063328,2026-01-01 02:00:00.024000+00:00
xyz:GOLD,0.0000062500,-0.0000174111,2026-01-01 03:00:00.012000+00:00
xyz:GOLD,0.0000062500,-0.0001432410,2026-01-01 04:00:00.036000+00:00
xyz:GOLD,0.0000062500,0.0002545598,2026-01-01 05:00:00.040000+00:00
xyz:GOLD,0.0000062500,0.0001373644,2026-01-01 06:00:00.053000+00:00
xyz:GOLD,0.0000062500,0.0002204080,2026-01-01 07:00:00.011000+00:00
xyz:GOLD,0.0000062500,0.0001715635,2026-01-01 08:00:00.045000+00:00
xyz:GOLD,0.0000062500,0.0001446099,2026-01-01 09:00:00.098000+00:00
xyz:GOLD,0.0000062500,0.0001583268,2026-01-01 10:00:00.010000+00:00
xyz:GOLD,0.0000062500,0.0002357955,2026-01-01 11:00:00.034000+00:00
xyz:GOLD,0.0000062500,0.0003483668,2026-01-01 12:00:00.051000+00:00
xyz:GOLD,0.0000062500,-0.0000331827,2026-01-01 13:00:00.101000+00:00
xyz:GOLD,0.0000062500,-0.0001216641,2026-01-01 14:00:00.010000+00:00
xyz:GOLD,0.0000062500,0.0000510693,2026-01-01 15:00:00.003000+00:00
xyz:GOLD,0.0000057741,-0.0002076150,2026-01-01 16:00:00.025000+00:00
xyz:GOLD,-0.0000109905,-0.0004758476,2026-01-01 17:00:00.034000+00:00
xyz:GOLD,-0.0000010501,-0.0003168012,2026-01-01 18:00:00.042000+00:00
xyz:GOLD,-0.0000030267,-0.0003484279,2026-01-01 19:00:00.029000+00:00
xyz:GOLD,0.0000050474,-0.0002192418,2026-01-01 20:00:00.043000+00:00
xyz:GOLD,0.0000004313,-0.0002930988,2026-01-01 21:00:00.069000+00:00
xyz:GOLD,-0.0000031436,-0.0003502979,2026-01-01 22:00:00.047000+00:00
xyz:GOLD,-0.0000009012,-0.0003144187,2026-01-01 23:00:00.023000+00:00
xyz:GOLD,-0.0000441054,-0.0010056856,2026-01-02 00:00:00.042000+00:00
xyz:GOLD,-0.0000057519,-0.0003920305,2026-01-02 01:00:00.032000+00:00
xyz:GOLD,-0.0000069875,-0.0004118007,2026-01-02 02:00:00.057000+00:00
xyz:GOLD,-0.0000146356,-0.0005341703,2026-01-02 03:00:00.019000+00:00
xyz:GOLD,-0.0000782169,-0.0015514705,2026-01-02 04:00:00.139000+00:00
xyz:GOLD,-0.0000420246,-0.0009723935,2026-01-02 05:00:00.110000+00:00
xyz:GOLD,-0.0000304050,-0.0007864802,2026-01-02 06:00:00.022000+00:00
xyz:GOLD,0.0000062500,-0.0000358313,2026-01-02 07:00:00.003000+00:00
xyz:GOLD,0.0000047009,-0.0002247851,2026-01-02 08:00:00.081000+00:00
xyz:GOLD,-0.0000072711,-0.0004163375,2026-01-02 09:00:00.003000+00:00
xyz:GOLD,-0.0000071069,-0.0004137097,2026-01-02 10:00:00.091000+00:00
xyz:GOLD,0.0000006496,-0.0002896056,2026-01-02 11:00:00.048000+00:00
xyz:GOLD,0.0000011614,-0.0002814178,2026-01-02 12:00:00.042000+00:00
xyz:GOLD,-0.0000017814,-0.0003285024,2026-01-02 13:00:00.114000+00:00
xyz:GOLD,0.0000230531,0.0006688490,2026-01-02 14:00:00.009000+00:00
xyz:GOLD,0.0000431957,0.0009911306,2026-01-02 15:00:00.105000+00:00
xyz:GOLD,0.0000062500,0.0003724737,2026-01-02 16:00:00.038000+00:00
xyz:GOLD,0.0000062500,0.0002392758,2026-01-02 17:00:00.047000+00:00
xyz:GOLD,0.0000062500,0.0001519118,2026-01-02 18:00:00.034000+00:00
xyz:GOLD,0.0000062500,0.0003567880,2026-01-02 19:00:00.026000+00:00
xyz:GOLD,0.0000066466,0.0004063456,2026-01-02 20:00:00.027000+00:00
xyz:GOLD,0.0000076132,0.0004218114,2026-01-02 21:00:00+00:00
xyz:GOLD,0.0000062500,0.0003181463,2026-01-02 22:00:00.042000+00:00
xyz:GOLD,0.0000057461,-0.0002080619,2026-01-02 23:00:00.022000+00:00
xyz:GOLD,0.0000062500,0.0001498248,2026-01-03 00:00:00.008000+00:00
xyz:GOLD,0.0000062500,0.0000613409,2026-01-03 01:00:00.018000+00:00
xyz:GOLD,0.0000062500,-0.0001971578,2026-01-03 02:00:00.008000+00:00
xyz:GOLD,0.0000062500,0.0002392155,2026-01-03 03:00:00.074000+00:00
xyz:GOLD,0.0000062500,0.0002416081,2026-01-03 04:00:00.011000+00:00
xyz:GOLD,0.0000062500,-0.0000455432,2026-01-03 05:00:00.006000+00:00
xyz:GOLD,-0.0000086754,-0.0004388071,2026-01-03 06:00:00.019000+00:00
xyz:GOLD,-0.0000154888,-0.0005478213,2026-01-03 07:00:00.004000+00:00
xyz:GOLD,0.0000557507,0.0011920109,2026-01-03 08:00:00.011000+00:00
xyz:GOLD,0.0001901809,0.0033428938,2026-01-03 09:00:00.067000+00:00
xyz:GOLD,0.0000463453,0.0010415255,2026-01-03 10:00:00.026000+00:00
xyz:GOLD,0.0000777847,0.0015445550,2026-01-03 11:00:00.060000+00:00
xyz:GOLD,0.0000653508,0.0013456135,2026-01-03 12:00:00.095000+00:00
xyz:GOLD,0.0000542119,0.0011673897,2026-01-03 13:00:00.083000+00:00
xyz:GOLD,0.0000062500,0.0001085022,2026-01-03 14:00:00.043000+00:00
xyz:GOLD,-0.0000235741,-0.0006771863,2026-01-03 15:00:00.072000+00:00
xyz:GOLD,-0.0000221118,-0.0006537890,2026-01-03 16:00:00.044000+00:00
xyz:GOLD,0.0000062500,-0.0001436509,2026-01-03 17:00:00.083000+00:00
xyz:GOLD,0.0000062500,0.0000772651,2026-01-03 18:00:00.061000+00:00
xyz:GOLD,0.0000062500,-0.0000428301,2026-01-03 19:00:00.032000+00:00
xyz:GOLD,0.0000062500,-0.0001745084,2026-01-03 20:00:00.019000+00:00
xyz:GOLD,0.0000062500,-0.0001811030,2026-01-03 21:00:00.128000+00:00
xyz:GOLD,-0.0000301642,-0.0007826271,2026-01-03 22:00:00.077000+00:00
xyz:GOLD,-0.0000276556,-0.0007424891,2026-01-03 23:00:00.046000+00:00
xyz:GOLD,-0.0000205592,-0.0006289466,2026-01-04 00:00:00.024000+00:00
xyz:GOLD,-0.0000717067,-0.0014473074,2026-01-04 01:00:00.010000+00:00
xyz:GOLD,-0.0000158085,-0.0005529362,2026-01-04 02:00:00.026000+00:00
xyz:GOLD,0.0000062500,0.0001150974,2026-01-04 03:00:00.011000+00:00
xyz:GOLD,0.0000062500,0.0000498695,2026-01-04 04:00:00.063000+00:00
xyz:GOLD,-0.0000129025,-0.0005064394,2026-01-04 05:00:00.060000+00:00
xyz:GOLD,-0.0000129714,-0.0005075416,2026-01-04 06:00:00.066000+00:00
xyz:GOLD,0.0000062500,-0.0001989943,2026-01-04 07:00:00.031000+00:00
xyz:GOLD,0.0000062500,0.0002922722,2026-01-04 08:00:00.036000+00:00
xyz:GOLD,0.0000062500,0.0000562502,2026-01-04 09:00:00.001000+00:00
xyz:GOLD,0.0000048746,-0.0002220072,2026-01-04 10:00:00.051000+00:00
xyz:GOLD,0.0000062500,0.0000640478,2026-01-04 11:00:00.051000+00:00
xyz:GOLD,0.0000062500,-0.0000964091,2026-01-04 12:00:00.052000+00:00
xyz:GOLD,0.0000051079,-0.0002182741,2026-01-04 13:00:00.062000+00:00
xyz:GOLD,-0.0000225364,-0.0006605817,2026-01-04 14:00:00.019000+00:00
xyz:GOLD,-0.0000377565,-0.0009041032,2026-01-04 15:00:00.078000+00:00
xyz:GOLD,0.0000062500,0.0003362808,2026-01-04 16:00:00.098000+00:00
xyz:GOLD,0.0000168655,0.0005698476,2026-01-04 17:00:00.020000+00:00
xyz:GOLD,0.0000118372,0.0004893951,2026-01-04 18:00:00.054000+00:00
xyz:GOLD,0.0000062500,0.0003612545,2026-01-04 19:00:00.024000+00:00
xyz:GOLD,0.0000068954,0.0004103270,2026-01-04 20:00:00.062000+00:00
xyz:GOLD,0.0000273691,0.0007379061,2026-01-04 21:00:00+00:00
xyz:GOLD,0.0000419499,0.0009711990,2026-01-04 22:00:00.037000+00:00
xyz:GOLD,0.0000037123,-0.0002406037,2026-01-04 23:00:00.111000+00:00
xyz:GOLD,-0.0000192110,-0.0006073754,2026-01-05 00:00:00+00:00
xyz:GOLD,-0.0000790629,-0.0015650065,2026-01-05 01:00:00.014000+00:00
xyz:GOLD,-0.0001493524,-0.0026896383,2026-01-05 02:00:00.009000+00:00
xyz:GOLD,-0.0000519612,-0.0011313794,2026-01-05 03:00:00.010000+00:00
xyz:GOLD,-0.0000501929,-0.0011030865,2026-01-05 04:00:00.044000+00:00
xyz:GOLD,-0.0000434668,-0.0009954691,2026-01-05 05:00:00.042000+00:00
xyz:GOLD,-0.0000556800,-0.0011908805,2026-01-05 06:00:00.026000+00:00
xyz:GOLD,-0.0000309258,-0.0007948131,2026-01-05 07:00:00.067000+00:00
xyz:GOLD,0.0000057551,-0.0002079183,2026-01-05 08:00:00.060000+00:00
xyz:GOLD,0.0000062500,-0.0001981549,2026-01-05 09:00:00.043000+00:00
xyz:GOLD,0.0000062500,0.0000638840,2026-01-05 10:00:00.038000+00:00
xyz:GOLD,0.0000062500,0.0000280682,2026-01-05 11:00:00.040000+00:00
xyz:GOLD,0.0000062500,0.0000787920,2026-01-05 12:00:00.068000+00:00
xyz:GOLD,0.0000062500,0.0001464997,2026-01-05 13:00:00.054000+00:00
xyz:GOLD,0.0000062500,-0.0000836925,2026-01-05 14:00:00.015000+00:00
xyz:GOLD,0.0000062500,0.0000823915,2026-01-05 15:00:00.020000+00:00
xyz:GOLD,0.0000226731,0.0006627695,2026-01-05 16:00:00.051000+00:00
xyz:GOLD,0.0000091752,0.0004468026,2026-01-05 17:00:00.085000+00:00
xyz:GOLD,0.0000256985,0.0007111760,2026-01-05 18:00:00.081000+00:00
xyz:GOLD,0.0000062500,0.0002975670,2026-01-05 19:00:00.056000+00:00
xyz:GOLD,0.0000062500,0.0001829970,2026-01-05 20:00:00.045000+00:00
xyz:GOLD,0.0000062500,0.0000894267,2026-01-05 21:00:00.022000+00:00
xyz:GOLD,0.0000062500,0.0001522855,2026-01-05 22:00:00.008000+00:00
xyz:GOLD,0.0000062500,-0.0001336848,2026-01-05 23:00:00.068000+00:00
xyz:GOLD,0.0000062500,0.0001653589,2026-01-06 00:00:00.017000+00:00
xyz:GOLD,0.0000062500,0.0000975734,2026-01-06 01:00:00.086000+00:00
xyz:GOLD,0.0000062500,0.0003354878,2026-01-06 02:00:00.073000+00:00
xyz:GOLD,0.0000062500,0.0002453762,2026-01-06 03:00:00.033000+00:00
xyz:GOLD,0.0000062500,0.0001087438,2026-01-06 04:00:00.036000+00:00
xyz:GOLD,0.0000456273,0.0010300367,2026-01-06 05:00:00.075000+00:00
xyz:GOLD,0.0000386689,0.0009187023,2026-01-06 06:00:00.013000+00:00
xyz:GOLD,0.0000396031,0.0009336500,2026-01-06 07:00:00.008000+00:00
xyz:GOLD,0.0000230452,0.0006687240,2026-01-06 08:00:00.066000+00:00
xyz:GOLD,0.0000220913,0.0006534612,2026-01-06 09:00:00.059000+00:00
xyz:GOLD,0.0000132688,0.0005123007,2026-01-06 10:00:00.012000+00:00
xyz:GOLD,0.0000062500,0.0002655146,2026-01-06 11:00:00.060000+00:00
xyz:GOLD,0.0000062500,0.0002255193,2026-01-06 12:00:00.017000+00:00
xyz:GOLD,0.0000062500,0.0002313614,2026-01-06 13:00:00.002000+00:00
xyz:GOLD,0.0000062500,0.0002354729,2026-01-06 14:00:00.046000+00:00
xyz:GOLD,0.0000192782,0.0006084514,2026-01-06 15:00:00.076000+00:00
xyz:GOLD,0.0000259331,0.0007149299,2026-01-06 16:00:00.036000+00:00
xyz:GOLD,0.0000259436,0.0007150968,2026-01-06 17:00:00.012000+00:00
xyz:GOLD,0.0000294031,0.0007704494,2026-01-06 18:00:00.001000+00:00
xyz:GOLD,0.0000209744,0.0006355908,2026-01-06 19:00:00.037000+00:00
xyz:GOLD,0.0003035287,0.0051564587,2026-01-06 20:00:00.018000+00:00
xyz:GOLD,0.0001268872,0.0023301956,2026-01-06 21:00:00.062000+00:00
xyz:GOLD,0.0000831828,0.0016309245,2026-01-06 22:00:00.005000+00:00
xyz:GOLD,0.0001004985,0.0019079766,2026-01-06 23:00:00.008000+00:00
xyz:GOLD,0.0001321760,0.0024148161,2026-01-07 00:00:00.119000+00:00
xyz:GOLD,0.0000851699,0.0016627190,2026-01-07 01:00:00.007000+00:00
xyz:GOLD,0.0001529471,0.0027471540,2026-01-07 02:00:00.010000+00:00
xyz:GOLD,0.0001127009,0.0021032145,2026-01-07 03:00:00.017000+00:00
xyz:GOLD,0.0001389599,0.0025233584,2026-01-07 04:00:00.033000+00:00
xyz:GOLD,0.0001103994,0.0020663904,2026-01-07 05:00:00.087000+00:00
xyz:GOLD,0.0000977779,0.0018644472,2026-01-07 06:00:00.009000+00:00
xyz:GOLD,0.0000991508,0.0018864120,2026-01-07 07:00:00.014000+00:00
xyz:GOLD,0.0000530069,0.0011481103,2026-01-07 08:00:00.062000+00:00
xyz:GOLD,0.0000425310,0.0009804952,2026-01-07 09:00:00.082000+00:00
xyz:GOLD,0.0000915260,0.0017644158,2026-01-07 10:00:00.029000+00:00
xyz:GOLD,0.0001412631,0.0025602101,2026-01-07 11:00:00.048000+00:00
xyz:GOLD,0.0001432761,0.0025924174,2026-01-07 12:00:00.096000+00:00
xyz:GOLD,0.0000548207,0.0011771306,2026-01-07 13:00:00.074000+00:00
xyz:GOLD,0.0000341988,0.0008471813,2026-01-07 14:00:00.040000+00:00
xyz:GOLD,0.0000335191,0.0008363048,2026-01-07 15:00:00.099000+00:00
xyz:GOLD,0.0000369812,0.0008916999,2026-01-07 16:00:00.081000+00:00
xyz:GOLD,0.0000245732,0.0006931710,2026-01-07 17:00:00.013000+00:00
xyz:GOLD,0.0000390704,0.0009251261,2026-01-07 18:00:00.014000+00:00
xyz:GOLD,0.0000188120,0.0006009924,2026-01-07 19:00:00.055000+00:00
xyz:GOLD,0.0000247913,0.0006966606,2026-01-07 20:00:00.113000+00:00
xyz:GOLD,0.0000238009,0.0006808140,2026-01-07 21:00:00.117000+00:00
xyz:GOLD,0.0000476403,0.0010622455,2026-01-07 22:00:00.043000+00:00
xyz:GOLD,0.0000662216,0.0013595455,2026-01-07 23:00:00.090000+00:00
xyz:GOLD,0.0000894231,0.0017307700,2026-01-08 00:00:00.001000+00:00
xyz:GOLD,0.0000789795,0.0015636721,2026-01-08 01:00:00.035000+00:00
xyz:GOLD,0.0000289279,0.0007628458,2026-01-08 02:00:00.029000+00:00
xyz:GOLD,0.0000249084,0.0006985351,2026-01-08 03:00:00.014000+00:00
xyz:GOLD,0.0000185559,0.0005968941,2026-01-08 04:00:00.069000+00:00
xyz:GOLD,0.0000218238,0.0006491803,2026-01-08 05:00:00.155000+00:00
xyz:GOLD,0.0000106901,0.0004710423,2026-01-08 06:00:00.094000+00:00
xyz:GOLD,0.0000062500,0.0003466706,2026-01-08 07:00:00.010000+00:00
xyz:GOLD,0.0000137594,0.0005201501,2026-01-08 08:00:00.089000+00:00
xyz:GOLD,0.0000062500,0.0003983149,2026-01-08 09:00:00.077000+00:00
xyz:GOLD,0.0000062500,0.0003315364,2026-01-08 10:00:00.037000+00:00
xyz:GOLD,0.0000096103,0.0004537643,2026-01-08 11:00:00.015000+00:00
xyz:GOLD,0.0000163570,0.0005617123,2026-01-08 12:00:00.137000+00:00
xyz:GOLD,0.0000099004,0.0004584064,2026-01-08 13:00:00.040000+00:00
xyz:GOLD,0.0000140456,0.0005247289,2026-01-08 14:00:00+00:00
xyz:GOLD,0.0000115188,0.0004843011,2026-01-08 15:00:00.106000+00:00
xyz:GOLD,0.0000062500,0.0003909307,2026-01-08 16:00:00.063000+00:00
xyz:GOLD,0.0000066943,0.0004071082,2026-01-08 17:00:00.004000+00:00
xyz:GOLD,0.0000062500,0.0002440498,2026-01-08 18:00:00.008000+00:00
xyz:GOLD,0.0000090135,0.0004442160,2026-01-08 19:00:00.013000+00:00
xyz:GOLD,0.0000283873,0.0007541970,2026-01-08 20:00:00.098000+00:00
xyz:GOLD,0.0000180799,0.0005892785,2026-01-08 21:00:00.116000+00:00
xyz:GOLD,0.0000187931,0.0006006897,2026-01-08 22:00:00.008000+00:00
xyz:GOLD,0.0000182581,0.0005921301,2026-01-08 23:00:00.085000+00:00
xyz:GOLD,0.0000695894,0.0014134299,2026-01-09 00:00:00.020000+00:00
xyz:GOLD,0.0001149210,0.0021387364,2026-01-09 01:00:00.016000+00:00
xyz:GOLD,0.0000669760,0.0013716159,2026-01-09 02:00:00.063000+00:00
xyz:GOLD,0.0000375751,0.0009012016,2026-01-09 03:00:00.059000+00:00
xyz:GOLD,0.0000322904,0.0008166469,2026-01-09 04:00:00.100000+00:00
xyz:GOLD,0.0000211163,0.0006378608,2026-01-09 05:00:00.158000+00:00
xyz:GOLD,0.0000104302,0.0004668838,2026-01-09 06:00:00.046000+00:00
xyz:GOLD,0.0000070834,0.0004133338,2026-01-09 07:00:00.012000+00:00
xyz:GOLD,0.0000149603,0.0005393654,2026-01-09 08:00:00.028000+00:00
xyz:GOLD,0.0000261337,0.0007181384,2026-01-09 09:00:00.072000+00:00
xyz:GOLD,0.0000177229,0.0005835664,2026-01-09 10:00:00.077000+00:00
xyz:GOLD,0.0000358444,0.0008735109,2026-01-09 11:00:00.050000+00:00
xyz:GOLD,0.0000161021,0.0005576330,2026-01-09 12:00:00.041000+00:00
xyz:GOLD,0.0000422972,0.0009767545,2026-01-09 13:00:00.005000+00:00
xyz:GOLD,0.0000347155,0.0008554474,2026-01-09 14:00:00.032000+00:00
xyz:GOLD,0.0000438323,0.0010013176,2026-01-09 15:00:00.042000+00:00
xyz:GOLD,0.0000344672,0.0008514751,2026-01-09 16:00:00.002000+00:00
xyz:GOLD,0.0000359829,0.0008757269,2026-01-09 17:00:00.004000+00:00
xyz:GOLD,0.0000358513,0.0008736207,2026-01-09 18:00:00.018000+00:00
xyz:GOLD,0.0000193022,0.0006088345,2026-01-09 19:00:00.042000+00:00
xyz:GOLD,0.0000197786,0.0006164580,2026-01-09 20:00:00.065000+00:00
xyz:GOLD,0.0000244591,0.0006913449,2026-01-09 21:00:00+00:00
xyz:GOLD,0.0000115913,0.0004854605,2026-01-09 22:00:00.018000+00:00
xyz:GOLD,0.0000062500,0.0002686528,2026-01-09 23:00:00.025000+00:00
xyz:GOLD,0.0000062500,0.0001781045,2026-01-10 00:00:00.103000+00:00
xyz:GOLD,0.0000062500,0.0000388072,2026-01-10 01:00:00.110000+00:00
xyz:GOLD,0.0000062500,-0.0001357719,2026-01-10 02:00:00.064000+00:00
xyz:GOLD,0.0000062500,-0.0000312474,2026-01-10 03:00:00.039000+00:00
xyz:GOLD,0.0000062500,0.0001581260,2026-01-10 04:00:00.085000+00:00
xyz:GOLD,0.0000186427,0.0005982828,2026-01-10 05:00:00.065000+00:00
xyz:GOLD,0.0000512680,0.0011202873,2026-01-10 06:00:00.034000+00:00
xyz:GOLD,0.0000109202,0.0004747239,2026-01-10 07:00:00.035000+00:00
xyz:GOLD,0.0000134459,0.0005151336,2026-01-10 08:00:00.072000+00:00
xyz:GOLD,0.0000302961,0.0007847376,2026-01-10 09:00:00.033000+00:00
xyz:GOLD,0.0000118256,0.0004892089,2026-01-10 10:00:00.024000+00:00
xyz:GOLD,0.0000062500,0.0002955494,2026-01-10 11:00:00.060000+00:00
xyz:GOLD,0.0000062500,0.0003640616,2026-01-10 12:00:00.034000+00:00
xyz:GOLD,0.0000062500,0.0001952361,2026-01-10 13:00:00.030000+00:00
xyz:GOLD,0.0000062500,0.0001496805,2026-01-10 14:00:00.051000+00:00
xyz:GOLD,0.0000062500,-0.0000477589,2026-01-10 15:00:00.017000+00:00
xyz:GOLD,-0.0000167037,-0.0005672584,2026-01-10 16:00:00.003000+00:00
xyz:GOLD,-0.0000126247,-0.0005019955,2026-01-10 17:00:00.066000+00:00
xyz:GOLD,0.0000031517,-0.0002495731,2026-01-10 18:00:00.054000+00:00
xyz:GOLD,0.0000062500,-0.0000417296,2026-01-10 19:00:00.025000+00:00
xyz:GOLD,0.0000062500,-0.0000075083,2026-01-10 20:00:00.081000+00:00
xyz:GOLD,0.0000062500,0.0000809497,2026-01-10 21:00:00.083000+00:00
xyz:GOLD,0.0000874346,0.0016989541,2026-01-10 22:00:00.025000+00:00
xyz:GOLD,0.0001095438,0.0020527015,2026-01-10 23:00:00.047000+00:00
xyz:GOLD,0.0000473738,0.0010579809,2026-01-11 00:00:00.007000+00:00
xyz:GOLD,-0.0000151061,-0.0005416977,2026-01-11 01:00:00.046000+00:00
xyz:GOLD,-0.0000006041,-0.0003096662,2026-01-11 02:00:00.078000+00:00
xyz:GOLD,0.0000032838,-0.0002474600,2026-01-11 03:00:00.099000+00:00
xyz:GOLD,0.0000062500,-0.0001067991,2026-01-11 04:00:00.011000+00:00
xyz:GOLD,0.0000062500,0.0000532949,2026-01-11 05:00:00.012000+00:00
xyz:GOLD,0.0000062500,0.0000277278,2026-01-11 06:00:00.038000+00:00
xyz:GOLD,0.0000028840,-0.0002538558,2026-01-11 07:00:00.049000+00:00
xyz:GOLD,0.0000055192,-0.0002116924,2026-01-11 08:00:00.066000+00:00
xyz:GOLD,0.0000062500,-0.0001276580,2026-01-11 09:00:00.045000+00:00
xyz:GOLD,0.0000062500,-0.0000424963,2026-01-11 10:00:00.103000+00:00
xyz:GOLD,0.0000062500,0.0000314851,2026-01-11 11:00:00.105000+00:00
xyz:GOLD,0.0000062500,-0.0000983422,2026-01-11 12:00:00.018000+00:00
xyz:GOLD,-0.0000120392,-0.0004926276,2026-01-11 13:00:00.035000+00:00
xyz:GOLD,-0.0000036257,-0.0003580107,2026-01-11 14:00:00.034000+00:00
xyz:GOLD,-0.0000433769,-0.0009940302,2026-01-11 15:00:00.124000+00:00
xyz:GOLD,-0.0000334188,-0.0008347008,2026-01-11 16:00:00.122000+00:00
xyz:GOLD,-0.0000233034,-0.0006728550,2026-01-11 17:00:00.061000+00:00
xyz:GOLD,0.0000021146,-0.0002661665,2026-01-11 18:00:00.004000+00:00
xyz:GOLD,0.0000037495,-0.0002400073,2026-01-11 19:00:00.023000+00:00
xyz:GOLD,0.0000062500,-0.0001822969,2026-01-11 20:00:00.002000+00:00
xyz:GOLD,0.0000062500,0.0003493020,2026-01-11 21:00:00.010000+00:00
xyz:GOLD,0.0000062500,-0.0000132050,2026-01-11 22:00:00.083000+00:00
xyz:GOLD,0.0000062500,-0.0000367243,2026-01-11 23:00:00.127000+00:00
xyz:GOLD,0.0000541276,0.0011660422,2026-01-12 00:00:00.053000+00:00
xyz:GOLD,0.0001339095,0.0024425524,2026-01-12 01:00:00.080000+00:00
xyz:GOLD,0.0002146950,0.0037351203,2026-01-12 02:00:00.090000+00:00
xyz:GOLD,0.0001985264,0.0034764231,2026-01-12 03:00:00.016000+00:00
xyz:GOLD,0.0002135847,0.0037173559,2026-01-12 04:00:00.021000+00:00
xyz:GOLD,0.0002016124,0.0035257976,2026-01-12 05:00:00.027000+00:00
xyz:GOLD,0.0001824320,0.0032189117,2026-01-12 06:00:00.025000+00:00
xyz:GOLD,0.0000932867,0.0017925871,2026-01-12 07:00:00.061000+00:00
xyz:GOLD,0.0000416721,0.0009667532,2026-01-12 08:00:00.053000+00:00
xyz:GOLD,0.0000396254,0.0009340061,2026-01-12 09:00:00.088000+00:00
xyz:GOLD,0.0000584383,0.0012350128,2026-01-12 10:00:00.042000+00:00
xyz:GOLD,0.0000471129,0.0010538071,2026-01-12 11:00:00.003000+00:00
xyz:GOLD,0.0000443495,0.0010095927,2026-01-12 12:00:00.088000+00:00
xyz:GOLD,0.0000369385,0.0008910156,2026-01-12 13:00:00.053000+00:00
xyz:GOLD,0.0000284360,0.0007549763,2026-01-12 14:00:00.107000+00:00
xyz:GOLD,0.0000198555,0.0006176882,2026-01-12 15:00:00.059000+00:00
xyz:GOLD,0.0000165833,0.0005653323,2026-01-12 16:00:00.040000+00:00
xyz:GOLD,0.0000087943,0.0004407093,2026-01-12 17:00:00.086000+00:00
xyz:GOLD,0.0000120488,0.0004927809,2026-01-12 18:00:00.057000+00:00
xyz:GOLD,0.0000193709,0.0006099350,2026-01-12 19:00:00.008000+00:00
xyz:GOLD,0.0000102050,0.0004632797,2026-01-12 20:00:00.098000+00:00
xyz:GOLD,0.0000133561,0.0005136980,2026-01-12 21:00:00.078000+00:00
xyz:GOLD,0.0000062500,0.0002599569,2026-01-12 22:00:00.075000+00:00
xyz:GOLD,0.0000062500,0.0002755638,2026-01-12 23:00:00.024000+00:00
xyz:GOLD,0.0000062500,0.0003778224,2026-01-13 00:00:00.109000+00:00
xyz:GOLD,0.0000347648,0.0008562373,2026-01-13 01:00:00.121000+00:00
xyz:GOLD,0.0000331298,0.0008300764,2026-01-13 02:00:00.017000+00:00
xyz:GOLD,0.0000117136,0.0004874172,2026-01-13 03:00:00.043000+00:00
xyz:GOLD,0.0000275826,0.0007413222,2026-01-13 04:00:00.068000+00:00
xyz:GOLD,0.0000381379,0.0009102063,2026-01-13 05:00:00.079000+00:00
xyz:GOLD,0.0000466198,0.0010459176,2026-01-13 06:00:00.029000+00:00
xyz:GOLD,0.0000649800,0.0013396796,2026-01-13 07:00:00.089000+00:00
xyz:GOLD,0.0000661385,0.0013582166,2026-01-13 08:00:00.032000+00:00
xyz:GOLD,0.0000368470,0.0008895513,2026-01-13 09:00:00.003000+00:00
xyz:GOLD,0.0000409434,0.0009550937,2026-01-13 10:00:00.232000+00:00
xyz:GOLD,0.0000264132,0.0007226114,2026-01-13 11:00:00.011000+00:00
xyz:GOLD,0.0000325979,0.0008215662,2026-01-13 12:00:00.032000+00:00
xyz:GOLD,0.0000154524,0.0005472386,2026-01-13 13:00:00.083000+00:00
xyz:GOLD,0.0000214019,0.0006424299,2026-01-13 14:00:00.043000+00:00
xyz:GOLD,0.0000062500,0.0001166943,2026-01-13 15:00:00.051000+00:00
xyz:GOLD,0.0000062500,0.0002795024,2026-01-13 16:00:00.100000+00:00
xyz:GOLD,0.0000062500,0.0002068272,2026-01-13 17:00:00.039000+00:00
xyz:GOLD,0.0000062500,0.0000235125,2026-01-13 18:00:00.042000+00:00
xyz:GOLD,0.0000062500,0.0001063797,2026-01-13 19:00:00.031000+00:00
xyz:GOLD,0.0000062500,0.0001373685,2026-01-13 20:00:00.005000+00:00
xyz:GOLD,0.0000062500,0.0000982422,2026-01-13 21:00:00.017000+00:00
xyz:GOLD,0.0000062500,0.0003600564,2026-01-13 22:00:00+00:00
xyz:GOLD,0.0000062500,-0.0001094829,2026-01-13 23:00:00.037000+00:00
xyz:GOLD,0.0000062500,0.0000576603,2026-01-14 00:00:00.057000+00:00
xyz:GOLD,0.0000069394,0.0004110311,2026-01-14 01:00:00.019000+00:00
xyz:GOLD,0.0000062500,0.0003945949,2026-01-14 02:00:00.050000+00:00
xyz:GOLD,0.0000468985,0.0010503763,2026-01-14 03:00:00.053000+00:00
xyz:GOLD,0.0000119985,0.0004919752,2026-01-14 04:00:00.063000+00:00
xyz:GOLD,0.0000299687,0.0007794986,2026-01-14 05:00:00.023000+00:00
xyz:GOLD,0.0000359034,0.0008744543,2026-01-14 06:00:00.066000+00:00
xyz:GOLD,0.0000157873,0.0005525966,2026-01-14 07:00:00.099000+00:00
xyz:GOLD,0.0000118023,0.0004888361,2026-01-14 08:00:00.062000+00:00
xyz:GOLD,0.0000185534,0.0005968551,2026-01-14 09:00:00.051000+00:00
xyz:GOLD,0.0000117638,0.0004882216,2026-01-14 10:00:00.015000+00:00
xyz:GOLD,0.0000062500,0.0003699970,2026-01-14 11:00:00+00:00
xyz:GOLD,0.0000266157,0.0007258516,2026-01-14 12:00:00.043000+00:00
xyz:GOLD,0.0000314682,0.0008034904,2026-01-14 13:00:00.040000+00:00
xyz:GOLD,0.0000324847,0.0008197546,2026-01-14 14:00:00.084000+00:00
xyz:GOLD,0.0000197810,0.0006164961,2026-01-14 15:00:00.001000+00:00
xyz:GOLD,0.0000062500,0.0000155136,2026-01-14 16:00:00.013000+00:00
xyz:GOLD,0.0000060524,-0.0002031620,2026-01-14 17:00:00.085000+00:00
xyz:GOLD,0.0000062500,-0.0001456096,2026-01-14 18:00:00.113000+00:00
xyz:GOLD,0.0000062500,-0.0000797182,2026-01-14 19:00:00.071000+00:00
xyz:GOLD,0.0000062500,-0.0000176747,2026-01-14 20:00:00.090000+00:00
xyz:GOLD,0.0000062500,0.0000202416,2026-01-14 21:00:00.039000+00:00
xyz:GOLD,0.0000062500,-0.0000117327,2026-01-14 22:00:00.018000+00:00
xyz:GOLD,0.0000302938,0.0007847013,2026-01-14 23:00:00.024000+00:00
xyz:GOLD,0.0000062500,0.0000781011,2026-01-15 00:00:00.028000+00:00
xyz:GOLD,0.0000062500,0.0001821072,2026-01-15 01:00:00.004000+00:00
xyz:GOLD,0.0000062500,0.0003764443,2026-01-15 02:00:00.052000+00:00
xyz:GOLD,0.0000062500,-0.0000663778,2026-01-15 03:00:00.019000+00:00
xyz:GOLD,0.0000062500,-0.0000626148,2026-01-15 04:00:00.018000+00:00
xyz:GOLD,0.0000062500,-0.0000492509,2026-01-15 05:00:00.081000+00:00
xyz:GOLD,0.0000062500,-0.0001571319,2026-01-15 06:00:00.021000+00:00
xyz:GOLD,0.0000062500,-0.0000737926,2026-01-15 07:00:00.057000+00:00
xyz:GOLD,0.0000062500,-0.0000373444,2026-01-15 08:00:00.029000+00:00
xyz:GOLD,0.0000062500,-0.0000670540,2026-01-15 09:00:00.023000+00:00
xyz:GOLD,0.0000062500,-0.0000521351,2026-01-15 10:00:00.082000+00:00
xyz:GOLD,0.0000062500,-0.0000316961,2026-01-15 11:00:00.076000+00:00
xyz:GOLD,0.0000034409,-0.0002449455,2026-01-15 12:00:00.028000+00:00
xyz:GOLD,0.0000044852,-0.0002282371,2026-01-15 13:00:00.044000+00:00
xyz:GOLD,0.0000051976,-0.0002168383,2026-01-15 14:00:00.054000+00:00
xyz:GOLD,0.0000062500,-0.0000166803,2026-01-15 15:00:00.001000+00:00
xyz:GOLD,0.0000062500,0.0000279427,2026-01-15 16:00:00.020000+00:00
xyz:GOLD,0.0000062500,0.0001045040,2026-01-15 17:00:00.067000+00:00
xyz:GOLD,0.0000062500,0.0001165550,2026-01-15 18:00:00.062000+00:00
xyz:GOLD,0.0000062500,0.0000830821,2026-01-15 19:00:00.003000+00:00
xyz:GOLD,0.0000062500,0.0000549036,2026-01-15 20:00:00.057000+00:00
xyz:GOLD,0.0000062500,-0.0000402285,2026-01-15 21:00:00.062000+00:00
xyz:GOLD,0.0000062500,0.0001036975,2026-01-15 22:00:00.033000+00:00
xyz:GOLD,0.0000062500,0.0001277412,2026-01-15 23:00:00+00:00
xyz:GOLD,0.0000062500,0.0000300602,2026-01-16 00:00:00.092000+00:00
xyz:GOLD,0.0000062500,0.0000787497,2026-01-16 01:00:00.045000+00:00
xyz:GOLD,0.0000062500,0.0001093799,2026-01-16 02:00:00.007000+00:00
xyz:GOLD,0.0000062500,0.0000220857,2026-01-16 03:00:00.044000+00:00
xyz:GOLD,0.0000062500,0.0000077189,2026-01-16 04:00:00.096000+00:00
xyz:GOLD,0.0000062500,0.0002147083,2026-01-16 05:00:00.028000+00:00
xyz:GOLD,0.0000099618,0.0004593894,2026-01-16 06:00:00.013000+00:00
xyz:GOLD,0.0000350413,0.0008606613,2026-01-16 07:00:00.059000+00:00
xyz:GOLD,0.0000099776,0.0004596417,2026-01-16 08:00:00.044000+00:00
xyz:GOLD,0.0000068392,0.0004094267,2026-01-16 09:00:00.013000+00:00
xyz:GOLD,0.0000071659,0.0004146540,2026-01-16 10:00:00.073000+00:00
xyz:GOLD,0.0000062500,-0.0000815695,2026-01-16 11:00:00.003000+00:00
xyz:GOLD,-0.0000053669,-0.0003858698,2026-01-16 12:00:00.005000+00:00
xyz:GOLD,0.0000019775,-0.0002683599,2026-01-16 13:00:00.060000+00:00
xyz:GOLD,0.0000062500,-0.0000797787,2026-01-16 14:00:00.084000+00:00
xyz:GOLD,0.0000062500,0.0001471250,2026-01-16 15:00:00.051000+00:00
xyz:GOLD,0.0000062500,0.0000553818,2026-01-16 16:00:00.040000+00:00
xyz:GOLD,0.0000062500,0.0003595279,2026-01-16 17:00:00.051000+00:00
xyz:GOLD,0.0000288218,0.0007611481,2026-01-16 18:00:00.045000+00:00
xyz:GOLD,0.0000207260,0.0006316159,2026-01-16 19:00:00.147000+00:00
xyz:GOLD,0.0000062500,0.0003244152,2026-01-16 20:00:00.078000+00:00
xyz:GOLD,0.0000062500,0.0003762656,2026-01-16 21:00:00.092000+00:00
xyz:GOLD,0.0000031849,-0.0002490413,2026-01-16 22:00:00.120000+00:00
xyz:GOLD,0.0000062500,-0.0000471641,2026-01-16 23:00:00.021000+00:00
xyz:GOLD,0.0000062500,0.0000515017,2026-01-17 00:00:00.037000+00:00
xyz:GOLD,0.0000062500,0.0000248317,2026-01-17 01:00:00.055000+00:00
xyz:GOLD,0.0000062500,0.0000116066,2026-01-17 02:00:00.090000+00:00
xyz:GOLD,0.0000062500,0.0000081799,2026-01-17 03:00:00.036000+00:00
xyz:GOLD,0.0000062500,-0.0000137988,2026-01-17 04:00:00.003000+00:00
xyz:GOLD,0.0000062500,0.0000390695,2026-01-17 05:00:00.027000+00:00
xyz:GOLD,0.0000062500,0.0002435915,2026-01-17 06:00:00.104000+00:00
xyz:GOLD,0.0000062500,0.0001053955,2026-01-17 07:00:00.005000+00:00
xyz:GOLD,0.0000062500,0.0000760476,2026-01-17 08:00:00.022000+00:00
xyz:GOLD,0.0000062500,-0.0000092316,2026-01-17 09:00:00.004000+00:00
xyz:GOLD,0.0000062500,-0.0001459391,2026-01-17 10:00:00.039000+00:00
xyz:GOLD,0.0000062500,0.0000016600,2026-01-17 11:00:00.095000+00:00
xyz:GOLD,0.0000062500,0.0000162772,2026-01-17 12:00:00.021000+00:00
xyz:GOLD,0.0000062500,-0.0000128755,2026-01-17 13:00:00.089000+00:00
xyz:GOLD,0.0000062500,-0.0000290108,2026-01-17 14:00:00.030000+00:00
xyz:GOLD,0.0000062500,0.0000091470,2026-01-17 15:00:00.010000+00:00
xyz:GOLD,0.0000062500,-0.0000182133,2026-01-17 16:00:00.102000+00:00
xyz:GOLD,0.0000062500,0.0001549163,2026-01-17 17:00:00.010000+00:00
xyz:GOLD,0.0000062500,0.0003558880,2026-01-17 18:00:00.066000+00:00
xyz:GOLD,0.0000100288,0.0004604601,2026-01-17 19:00:00.038000+00:00
xyz:GOLD,0.0000062500,-0.0000652789,2026-01-17 20:00:00.073000+00:00
xyz:GOLD,0.0000062500,0.0003241791,2026-01-17 21:00:00.017000+00:00
xyz:GOLD,0.0000062500,0.0001544388,2026-01-17 22:00:00.036000+00:00
xyz:GOLD,0.0000062500,0.0002486259,2026-01-17 23:00:00.100000+00:00
xyz:GOLD,0.0000062500,0.0003683595,2026-01-18 00:00:00.017000+00:00
xyz:GOLD,0.0000062500,0.0003408824,2026-01-18 01:00:00.117000+00:00
xyz:GOLD,0.0000228497,0.0006655960,2026-01-18 02:00:00.061000+00:00
xyz:GOLD,0.0000630745,0.0013091919,2026-01-18 03:00:00.047000+00:00
xyz:GOLD,0.0000062500,0.0003546645,2026-01-18 04:00:00.062000+00:00
xyz:GOLD,0.0000062500,0.0002404527,2026-01-18 05:00:00.034000+00:00
xyz:GOLD,0.0000062500,0.0001859531,2026-01-18 06:00:00.066000+00:00
xyz:GOLD,0.0000062500,0.0000330283,2026-01-18 07:00:00.063000+00:00
xyz:GOLD,0.0000206600,0.0006305607,2026-01-18 08:00:00.106000+00:00
xyz:GOLD,0.0000219121,0.0006505934,2026-01-18 09:00:00.110000+00:00
xyz:GOLD,0.0000062500,0.0000107689,2026-01-18 10:00:00.047000+00:00
xyz:GOLD,0.0000062500,-0.0000434193,2026-01-18 11:00:00.085000+00:00
xyz:GOLD,0.0000062500,-0.0000338746,2026-01-18 12:00:00.016000+00:00
xyz:GOLD,0.0000062500,0.0000747116,2026-01-18 13:00:00.054000+00:00
xyz:GOLD,0.0000062500,0.0000431652,2026-01-18 14:00:00.035000+00:00
xyz:GOLD,0.0000073925,0.0004182797,2026-01-18 15:00:00.030000+00:00
xyz:GOLD,0.0000062500,0.0001370432,2026-01-18 16:00:00.021000+00:00
xyz:GOLD,0.0000407662,0.0009522588,2026-01-18 17:00:00.040000+00:00
xyz:GOLD,0.0000480105,0.0010681672,2026-01-18 18:00:00.067000+00:00
xyz:GOLD,0.0000070159,0.0004122549,2026-01-18 19:00:00.018000+00:00
xyz:GOLD,0.0000362359,0.0008797744,2026-01-18 20:00:00.055000+00:00
xyz:GOLD,0.0000062500,-0.0000553016,2026-01-18 21:00:00.024000+00:00
xyz:GOLD,-0.0000662926,-0.0013606820,2026-01-18 22:00:00.042000+00:00
xyz:GOLD,-0.0000338616,-0.0008417853,2026-01-18 23:00:00.113000+00:00
xyz:GOLD,0.0000593155,0.0012490475,2026-01-19 00:00:00.034000+00:00
xyz:GOLD,0.0000568306,0.0012092894,2026-01-19 01:00:00.098000+00:00
xyz:GOLD,0.0000742184,0.0014874937,2026-01-19 02:00:00.001000+00:00
xyz:GOLD,0.0000161997,0.0005591959,2026-01-19 03:00:00.009000+00:00
xyz:GOLD,0.0000165636,0.0005650181,2026-01-19 04:00:00.051000+00:00
xyz:GOLD,0.0000152070,0.0005433123,2026-01-19 05:00:00+00:00
xyz:GOLD,0.0000091774,0.0004468384,2026-01-19 06:00:00.033000+00:00
xyz:GOLD,0.0000179608,0.0005873727,2026-01-19 07:00:00.014000+00:00
xyz:GOLD,0.0000190912,0.0006054597,2026-01-19 08:00:00.026000+00:00
xyz:GOLD,0.0000062500,0.0003727187,2026-01-19 09:00:00.012000+00:00
xyz:GOLD,0.0000093230,0.0004491679,2026-01-19 10:00:00.012000+00:00
xyz:GOLD,0.0000062500,0.0003063413,2026-01-19 11:00:00.094000+00:00
xyz:GOLD,0.0000091085,0.0004457367,2026-01-19 12:00:00+00:00
xyz:GOLD,0.0000062500,0.0003387221,2026-01-19 13:00:00.041000+00:00
xyz:GOLD,0.0000067552,0.0004080826,2026-01-19 14:00:00.040000+00:00
xyz:GOLD,0.0000062500,0.0002419017,2026-01-19 15:00:00.049000+00:00
xyz:GOLD,0.0000062500,-0.0000195594,2026-01-19 16:00:00.056000+00:00
xyz:GOLD,0.0000062500,0.0002483690,2026-01-19 17:00:00.011000+00:00
xyz:GOLD,0.0000062500,0.0002824374,2026-01-19 18:00:00.005000+00:00
xyz:GOLD,0.0000062500,0.0003435210,2026-01-19 19:00:00.012000+00:00
xyz:GOLD,0.0000062500,0.0003315160,2026-01-19 20:00:00.025000+00:00
xyz:GOLD,0.0000062500,-0.0000526912,2026-01-19 21:00:00.079000+00:00
xyz:GOLD,0.0000062500,-0.0000172366,2026-01-19 22:00:00.033000+00:00
xyz:GOLD,0.0000062500,0.0003696952,2026-01-19 23:00:00.040000+00:00
xyz:GOLD,0.0000069676,0.0004114813,2026-01-20 00:00:00.007000+00:00
xyz:GOLD,0.0000062500,0.0002574095,2026-01-20 01:00:00.011000+00:00
xyz:GOLD,0.0000062500,0.0000133358,2026-01-20 02:00:00.057000+00:00
xyz:GOLD,0.0000062500,-0.0000339249,2026-01-20 03:00:00.001000+00:00
xyz:GOLD,0.0000062500,0.0000236378,2026-01-20 04:00:00.167000+00:00
xyz:GOLD,0.0000062500,0.0003084572,2026-01-20 05:00:00.112000+00:00
xyz:GOLD,0.0000111339,0.0004781430,2026-01-20 06:00:00.064000+00:00
xyz:GOLD,0.0000222628,0.0006562055,2026-01-20 07:00:00.110000+00:00
xyz:GOLD,0.0000317724,0.0008083580,2026-01-20 08:00:00.010000+00:00
xyz:GOLD,0.0000185582,0.0005969305,2026-01-20 09:00:00.079000+00:00
xyz:GOLD,0.0000163561,0.0005616979,2026-01-20 10:00:00.046000+00:00
xyz:GOLD,0.0000205393,0.0006286292,2026-01-20 11:00:00.018000+00:00
xyz:GOLD,0.0000219481,0.0006511689,2026-01-20 12:00:00.064000+00:00
xyz:GOLD,0.0000158167,0.0005530679,2026-01-20 13:00:00.054000+00:00
xyz:GOLD,0.0000062500,0.0003533258,2026-01-20 14:00:00.109000+00:00
xyz:GOLD,0.0000062500,0.0002375659,2026-01-20 15:00:00.061000+00:00
xyz:GOLD,0.0000062500,0.0000886060,2026-01-20 16:00:00.047000+00:00
xyz:GOLD,0.0000062500,0.0002067418,2026-01-20 17:00:00.034000+00:00
xyz:GOLD,0.0000062500,0.0003831964,2026-01-20 18:00:00.037000+00:00
xyz:GOLD,0.0000062500,0.0000476925,2026-01-20 19:00:00.028000+00:00
xyz:GOLD,0.0000062500,-0.0000662039,2026-01-20 20:00:00.020000+00:00
xyz:GOLD,0.0000062500,0.0003030555,2026-01-20 21:00:00.025000+00:00
xyz:GOLD,0.0000062500,0.0003303956,2026-01-20 22:00:00.005000+00:00
xyz:GOLD,0.0000204546,0.0006272738,2026-01-20 23:00:00.015000+00:00
xyz:GOLD,0.0000075408,0.0004206529,2026-01-21 00:00:00.063000+00:00
xyz:GOLD,0.0000204776,0.0006276417,2026-01-21 01:00:00.039000+00:00
xyz:GOLD,0.0000062500,0.0000512780,2026-01-21 02:00:00.038000+00:00
xyz:GOLD,0.0000062500,0.0002084721,2026-01-21 03:00:00.143000+00:00
xyz:GOLD,0.0000062500,0.0002670176,2026-01-21 04:00:00.034000+00:00
xyz:GOLD,0.0000062500,0.0002292071,2026-01-21 05:00:00.057000+00:00
xyz:GOLD,0.0000062500,0.0000148000,2026-01-21 06:00:00.014000+00:00
xyz:GOLD,0.0000062500,-0.0001114548,2026-01-21 07:00:00.016000+00:00
xyz:GOLD,0.0000062500,0.0001464790,2026-01-21 08:00:00.028000+00:00
xyz:GOLD,0.0000062500,0.0000519589,2026-01-21 09:00:00.046000+00:00
xyz:GOLD,0.0000062500,-0.0000380937,2026-01-21 10:00:00.018000+00:00
xyz:GOLD,0.0000062500,0.0003198204,2026-01-21 11:00:00.027000+00:00
xyz:GOLD,0.0000062500,0.0003487889,2026-01-21 12:00:00.031000+00:00
xyz:GOLD,0.0000062500,0.0002792654,2026-01-21 13:00:00.094000+00:00
xyz:GOLD,0.0000062500,0.0002490938,2026-01-21 14:00:00.007000+00:00
xyz:GOLD,0.0000062500,0.0000892195,2026-01-21 15:00:00.012000+00:00
xyz:GOLD,0.0000062500,0.0001346310,2026-01-21 16:00:00.016000+00:00
xyz:GOLD,0.0000062500,0.0002490646,2026-01-21 17:00:00.079000+00:00
xyz:GOLD,0.0000062500,-0.0000146904,2026-01-21 18:00:00.006000+00:00
xyz:GOLD,0.0000092668,0.0004482686,2026-01-21 19:00:00.021000+00:00
xyz:GOLD,0.0000062500,0.0001483187,2026-01-21 20:00:00.017000+00:00
xyz:GOLD,0.0000062500,0.0003327754,2026-01-21 21:00:00.045000+00:00
xyz:GOLD,0.0000062500,0.0003292935,2026-01-21 22:00:00.093000+00:00
xyz:GOLD,0.0000062500,0.0003837667,2026-01-21 23:00:00.012000+00:00
xyz:GOLD,0.0000062500,0.0000647204,2026-01-22 00:00:00.068000+00:00
xyz:GOLD,0.0000062500,0.0001455634,2026-01-22 01:00:00.076000+00:00
xyz:GOLD,0.0000062500,0.0002959328,2026-01-22 02:00:00.069000+00:00
xyz:GOLD,0.0000062500,-0.0000746188,2026-01-22 03:00:00.112000+00:00
xyz:GOLD,0.0000056571,-0.0002094857,2026-01-22 04:00:00.005000+00:00
xyz:GOLD,0.0000062500,0.0003592926,2026-01-22 05:00:00.033000+00:00
xyz:GOLD,0.0000122670,0.0004962712,2026-01-22 06:00:00.029000+00:00
xyz:GOLD,0.0000108593,0.0004737480,2026-01-22 07:00:00.022000+00:00
xyz:GOLD,0.0000107572,0.0004721149,2026-01-22 08:00:00.084000+00:00
xyz:GOLD,0.0000062500,0.0003773893,2026-01-22 09:00:00.040000+00:00
xyz:GOLD,0.0000062500,0.0002421115,2026-01-22 10:00:00.057000+00:00
xyz:GOLD,0.0000062500,0.0001305498,2026-01-22 11:00:00.047000+00:00
xyz:GOLD,0.0000062500,0.0001223489,2026-01-22 12:00:00.063000+00:00
xyz:GOLD,0.0000062500,0.0001904649,2026-01-22 13:00:00.020000+00:00
xyz:GOLD,0.0000062500,0.0000295007,2026-01-22 14:00:00.092000+00:00
xyz:GOLD,0.0000062500,0.0002116069,2026-01-22 15:00:00.007000+00:00
xyz:GOLD,0.0000092085,0.0004473368,2026-01-22 16:00:00.083000+00:00
xyz:GOLD,0.0000062500,-0.0000645208,2026-01-22 17:00:00.035000+00:00
xyz:GOLD,0.0000062500,-0.0000259830,2026-01-22 18:00:00.004000+00:00
xyz:GOLD,0.0000062500,0.0002541713,2026-01-22 19:00:00.016000+00:00
xyz:GOLD,0.0000062500,0.0001634937,2026-01-22 20:00:00.017000+00:00
xyz:GOLD,0.0000062500,0.0002067965,2026-01-22 21:00:00.096000+00:00
xyz:GOLD,0.0000162033,0.0005592527,2026-01-22 22:00:00.013000+00:00
xyz:GOLD,0.0000445226,0.0010123620,2026-01-22 23:00:00.019000+00:00
xyz:GOLD,0.0000157568,0.0005521086,2026-01-23 00:00:00.009000+00:00
xyz:GOLD,0.0000110695,0.0004771126,2026-01-23 01:00:00.034000+00:00
xyz:GOLD,0.0000062500,0.0003862521,2026-01-23 02:00:00.028000+00:00
xyz:GOLD,0.0000062500,0.0001077547,2026-01-23 03:00:00.122000+00:00
xyz:GOLD,0.0000204100,0.0006265606,2026-01-23 04:00:00.017000+00:00
xyz:GOLD,0.0000259334,0.0007149348,2026-01-23 05:00:00.154000+00:00
xyz:GOLD,0.0000380717,0.0009091466,2026-01-23 06:00:00.112000+00:00
xyz:GOLD,0.0000278034,0.0007448551,2026-01-23 07:00:00.066000+00:00
xyz:GOLD,0.0000062500,0.0003647902,2026-01-23 08:00:00.100000+00:00
xyz:GOLD,0.0000062500,0.0003026223,2026-01-23 09:00:00.005000+00:00
xyz:GOLD,0.0000062500,0.0000643472,2026-01-23 10:00:00.058000+00:00
xyz:GOLD,0.0000062500,0.0001548645,2026-01-23 11:00:00.030000+00:00
xyz:GOLD,0.0000202903,0.0006246454,2026-01-23 12:00:00.029000+00:00
xyz:GOLD,0.0000122294,0.0004956706,2026-01-23 13:00:00.018000+00:00
xyz:GOLD,0.0000170618,0.0005729887,2026-01-23 14:00:00.013000+00:00
xyz:GOLD,0.0000197227,0.0006155637,2026-01-23 15:00:00.048000+00:00
xyz:GOLD,0.0000148846,0.0005381536,2026-01-23 16:00:00.010000+00:00
xyz:GOLD,0.0000062500,-0.0000968573,2026-01-23 17:00:00.061000+00:00
xyz:GOLD,0.0000062500,-0.0001247669,2026-01-23 18:00:00.037000+00:00
xyz:GOLD,0.0000062500,-0.0001707587,2026-01-23 19:00:00.047000+00:00
xyz:GOLD,0.0000027248,-0.0002564036,2026-01-23 20:00:00.055000+00:00
xyz:GOLD,0.0000056003,-0.0002103944,2026-01-23 21:00:00.085000+00:00
xyz:GOLD,0.0000062500,-0.0000009140,2026-01-23 22:00:00.039000+00:00
xyz:GOLD,0.0000062500,0.0001331499,2026-01-23 23:00:00.085000+00:00
xyz:GOLD,0.0000364947,0.0008839151,2026-01-24 00:00:00.017000+00:00
xyz:GOLD,0.0000062500,0.0002459080,2026-01-24 01:00:00.061000+00:00
xyz:GOLD,0.0000190216,0.0006043452,2026-01-24 02:00:00.093000+00:00
xyz:GOLD,-0.0000025998,-0.0003415965,2026-01-24 03:00:00.032000+00:00
xyz:GOLD,0.0000062500,0.0000296704,2026-01-24 04:00:00.067000+00:00
xyz:GOLD,0.0000105642,0.0004690270,2026-01-24 05:00:00.043000+00:00
xyz:GOLD,0.0000062500,0.0001191660,2026-01-24 06:00:00.032000+00:00
xyz:GOLD,0.0000062500,0.0001730752,2026-01-24 07:00:00.003000+00:00
xyz:GOLD,0.0000111926,0.0004790814,2026-01-24 08:00:00.030000+00:00
xyz:GOLD,0.0000062500,0.0001591170,2026-01-24 09:00:00.058000+00:00
xyz:GOLD,0.0000384639,0.0009154230,2026-01-24 10:00:00.112000+00:00
xyz:GOLD,0.0000230826,0.0006693224,2026-01-24 11:00:00.027000+00:00
xyz:GOLD,0.0000013931,-0.0002777108,2026-01-24 12:00:00.100000+00:00
xyz:GOLD,-0.0000036344,-0.0003581507,2026-01-24 13:00:00.080000+00:00
xyz:GOLD,0.0000320418,0.0008126689,2026-01-24 14:00:00.016000+00:00
xyz:GOLD,0.0000309716,0.0007955463,2026-01-24 15:00:00.060000+00:00
xyz:GOLD,0.0000256450,0.0007103201,2026-01-24 16:00:00.092000+00:00
xyz:GOLD,0.0000495426,0.0010926810,2026-01-24 17:00:00.040000+00:00
xyz:GOLD,0.0001090206,0.0020443294,2026-01-24 18:00:00.011000+00:00
xyz:GOLD,0.0000549398,0.0011790365,2026-01-24 19:00:00.036000+00:00
xyz:GOLD,0.0000534160,0.0011546564,2026-01-24 20:00:00.028000+00:00
xyz:GOLD,0.0000622775,0.0012964406,2026-01-24 21:00:00.012000+00:00
xyz:GOLD,0.0000483792,0.0010740679,2026-01-24 22:00:00.056000+00:00
xyz:GOLD,0.0000006890,-0.0002889753,2026-01-24 23:00:00.017000+00:00
xyz:GOLD,-0.0000235229,-0.0006763670,2026-01-25 00:00:00.006000+00:00
xyz:GOLD,-0.0000182976,-0.0005927621,2026-01-25 01:00:00.021000+00:00
xyz:GOLD,0.0000062500,0.0001019407,2026-01-25 02:00:00.135000+00:00
xyz:GOLD,0.0000062500,0.0001941215,2026-01-25 03:00:00.054000+00:00
xyz:GOLD,0.0000127801,0.0005044819,2026-01-25 04:00:00.109000+00:00
xyz:GOLD,0.0000062500,0.0003185366,2026-01-25 05:00:00.110000+00:00
xyz:GOLD,0.0000062500,0.0001062859,2026-01-25 06:00:00.117000+00:00
xyz:GOLD,0.0000249526,0.0006992409,2026-01-25 07:00:00.059000+00:00
xyz:GOLD,0.0000098589,0.0004577418,2026-01-25 08:00:00.042000+00:00
xyz:GOLD,-0.0000437125,-0.0009993994,2026-01-25 09:00:00.055000+00:00
xyz:GOLD,-0.0000579960,-0.0012279365,2026-01-25 10:00:00.045000+00:00
xyz:GOLD,-0.0000560822,-0.0011973150,2026-01-25 11:00:00.011000+00:00
xyz:GOLD,0.0000051627,-0.0002173971,2026-01-25 12:00:00.029000+00:00
xyz:GOLD,-0.0000111820,-0.0004789115,2026-01-25 13:00:00.065000+00:00
xyz:GOLD,0.0000062500,0.0000080317,2026-01-25 14:00:00.031000+00:00
xyz:GOLD,0.0000392546,0.0009280738,2026-01-25 15:00:00.075000+00:00
xyz:GOLD,-0.0000214439,-0.0006431024,2026-01-25 16:00:00.012000+00:00
xyz:GOLD,0.0001152785,0.0021444563,2026-01-25 17:00:00.013000+00:00
xyz:GOLD,0.0001580001,0.0028280016,2026-01-25 18:00:00.020000+00:00
xyz:GOLD,0.0000354668,0.0008674682,2026-01-25 19:00:00.010000+00:00
xyz:GOLD,-0.0000198588,-0.0006177410,2026-01-25 20:00:00.016000+00:00
xyz:GOLD,-0.0000330245,-0.0008283914,2026-01-25 21:00:00.021000+00:00
xyz:GOLD,-0.0000024094,-0.0003385498,2026-01-25 22:00:00.063000+00:00
xyz:GOLD,0.0000673812,0.0013780984,2026-01-25 23:00:00.127000+00:00
xyz:GOLD,0.0000490560,0.0010848963,2026-01-26 00:00:00.127000+00:00
xyz:GOLD,0.0000062500,0.0001504681,2026-01-26 01:00:00.001000+00:00
xyz:GOLD,0.0000062500,0.0000078954,2026-01-26 02:00:00.026000+00:00
xyz:GOLD,0.0000062500,0.0000306360,2026-01-26 03:00:00.059000+00:00
xyz:GOLD,0.0000062500,-0.0000973074,2026-01-26 04:00:00.056000+00:00
xyz:GOLD,0.0000062500,-0.0001855240,2026-01-26 05:00:00.020000+00:00
xyz:GOLD,0.0000062500,-0.0000260539,2026-01-26 06:00:00.101000+00:00
xyz:GOLD,0.0000062500,0.0003843368,2026-01-26 07:00:00.055000+00:00
xyz:GOLD,0.0000062500,0.0000714088,2026-01-26 08:00:00.040000+00:00
xyz:GOLD,0.0000099592,0.0004593465,2026-01-26 09:00:00.056000+00:00
xyz:GOLD,0.0000062500,0.0003399727,2026-01-26 10:00:00.060000+00:00
xyz:GOLD,0.0000062500,0.0000718132,2026-01-26 11:00:00.055000+00:00
xyz:GOLD,0.0000062500,0.0002401369,2026-01-26 12:00:00.081000+00:00
xyz:GOLD,0.0000062500,0.0003176773,2026-01-26 13:00:00+00:00
xyz:GOLD,0.0000062500,0.0000929722,2026-01-26 14:00:00.050000+00:00
xyz:GOLD,0.0000062500,0.0001691065,2026-01-26 15:00:00.064000+00:00
xyz:GOLD,0.0000062500,0.0001722590,2026-01-26 16:00:00.006000+00:00
xyz:GOLD,0.0000117470,0.0004879516,2026-01-26 17:00:00.012000+00:00
xyz:GOLD,0.0000470951,0.0010535219,2026-01-26 18:00:00.010000+00:00
xyz:GOLD,0.0000252775,0.0007044393,2026-01-26 19:00:00.045000+00:00
xyz:GOLD,0.0000062500,-0.0000924789,2026-01-26 20:00:00.034000+00:00
xyz:GOLD,0.0000062500,-0.0000532898,2026-01-26 21:00:00.094000+00:00
xyz:GOLD,0.0000062500,-0.0000885041,2026-01-26 22:00:00.049000+00:00
xyz:GOLD,-0.0000889040,-0.0017224645,2026-01-26 23:00:00.079000+00:00
xyz:GOLD,0.0000062500,-0.0000548776,2026-01-27 00:00:00.085000+00:00
xyz:GOLD,0.0000062500,-0.0000904379,2026-01-27 01:00:00.073000+00:00
xyz:GOLD,0.0000062500,0.0002382342,2026-01-27 02:00:00.052000+00:00
xyz:GOLD,0.0000062500,0.0002986887,2026-01-27 03:00:00.012000+00:00
xyz:GOLD,0.0000102833,0.0004645330,2026-01-27 04:00:00.017000+00:00
xyz:GOLD,0.0000157097,0.0005513548,2026-01-27 05:00:00.023000+00:00
xyz:GOLD,0.0000062500,0.0003881709,2026-01-27 06:00:00+00:00
xyz:GOLD,0.0000077086,0.0004233372,2026-01-27 07:00:00.049000+00:00
xyz:GOLD,0.0000183585,0.0005937365,2026-01-27 08:00:00.092000+00:00
xyz:GOLD,0.0000243979,0.0006903666,2026-01-27 09:00:00.020000+00:00
xyz:GOLD,0.0000210720,0.0006371512,2026-01-27 10:00:00.056000+00:00
xyz:GOLD,0.0000212166,0.0006394664,2026-01-27 11:00:00.003000+00:00
xyz:GOLD,0.0000288732,0.0007619709,2026-01-27 12:00:00.051000+00:00
xyz:GOLD,0.0000128022,0.0005048354,2026-01-27 13:00:00.006000+00:00
xyz:GOLD,0.0000062500,0.0003963945,2026-01-27 14:00:00.041000+00:00
xyz:GOLD,0.0000062500,0.0002561121,2026-01-27 15:00:00.074000+00:00
xyz:GOLD,0.0000062500,0.0002163850,2026-01-27 16:00:00.103000+00:00
xyz:GOLD,0.0000062500,0.0001975814,2026-01-27 17:00:00.024000+00:00
xyz:GOLD,0.0000062500,0.0002731862,2026-01-27 18:00:00.011000+00:00
xyz:GOLD,0.0000062500,0.0003495387,2026-01-27 19:00:00.027000+00:00
xyz:GOLD,0.0000062500,0.0001363695,2026-01-27 20:00:00.082000+00:00
xyz:GOLD,0.0000105968,0.0004695493,2026-01-27 21:00:00.015000+00:00
xyz:GOLD,0.0000062500,0.0002503149,2026-01-27 22:00:00.042000+00:00
xyz:GOLD,0.0000062500,0.0001258067,2026-01-27 23:00:00.015000+00:00
xyz:GOLD,0.0000265681,0.0007250889,2026-01-28 00:00:00.090000+00:00
xyz:GOLD,0.0000123594,0.0004977500,2026-01-28 01:00:00.024000+00:00
xyz:GOLD,0.0000823076,0.0016169212,2026-01-28 02:00:00.053000+00:00
xyz:GOLD,0.0000343252,0.0008492024,2026-01-28 03:00:00.047000+00:00
xyz:GOLD,0.0000418822,0.0009701156,2026-01-28 04:00:00.114000+00:00
xyz:GOLD,0.0000520218,0.0011323489,2026-01-28 05:00:00.046000+00:00
xyz:GOLD,0.0000973051,0.0018568818,2026-01-28 06:00:00.127000+00:00
xyz:GOLD,0.0000276817,0.0007429071,2026-01-28 07:00:00.070000+00:00
xyz:GOLD,0.0000391937,0.0009270990,2026-01-28 08:00:00.044000+00:00
xyz:GOLD,0.0000266401,0.0007262410,2026-01-28 09:00:00.042000+00:00
xyz:GOLD,0.0000175548,0.0005808762,2026-01-28 10:00:00.038000+00:00
xyz:GOLD,0.0000147625,0.0005361995,2026-01-28 11:00:00.016000+00:00
xyz:GOLD,0.0000063645,0.0004018317,2026-01-28 12:00:00.051000+00:00
xyz:GOLD,0.0000145485,0.0005327759,2026-01-28 13:00:00.094000+00:00
xyz:GOLD,0.0000236305,0.0006780874,2026-01-28 14:00:00.054000+00:00
xyz:GOLD,0.0000062500,0.0002736321,2026-01-28 15:00:00.003000+00:00
xyz:GOLD,0.0000129617,0.0005073879,2026-01-28 16:00:00.022000+00:00
xyz:GOLD,0.0000106355,0.0004701675,2026-01-28 17:00:00.048000+00:00
xyz:GOLD,0.0000236065,0.0006777044,2026-01-28 18:00:00.020000+00:00
xyz:GOLD,0.0000469577,0.0010513224,2026-01-28 19:00:00.072000+00:00
xyz:GOLD,0.0000335427,0.0008366838,2026-01-28 20:00:00.063000+00:00
xyz:GOLD,0.0000062500,0.0002962974,2026-01-28 21:00:00.108000+00:00
xyz:GOLD,0.0000062500,0.0003352213,2026-01-28 22:00:00.010000+00:00
xyz:GOLD,0.0000062500,0.0002021567,2026-01-28 23:00:00.022000+00:00
xyz:GOLD,0.0000062500,0.0000700034,2026-01-29 00:00:00.027000+00:00
xyz:GOLD,0.0000081862,0.0004309788,2026-01-29 01:00:00.021000+00:00
xyz:GOLD,0.0000062500,0.0003374698,2026-01-29 02:00:00.049000+00:00
xyz:GOLD,0.0000062500,0.0003843652,2026-01-29 03:00:00.013000+00:00
xyz:GOLD,0.0000062500,0.0002874158,2026-01-29 04:00:00.038000+00:00
xyz:GOLD,0.0000249660,0.0006994565,2026-01-29 05:00:00.051000+00:00
xyz:GOLD,0.0000209278,0.0006348443,2026-01-29 06:00:00.048000+00:00
xyz:GOLD,0.0000405314,0.0009485023,2026-01-29 07:00:00.087000+00:00
xyz:GOLD,0.0000353020,0.0008648328,2026-01-29 08:00:00.047000+00:00
xyz:GOLD,0.0000199355,0.0006189683,2026-01-29 09:00:00.026000+00:00
xyz:GOLD,0.0000305447,0.0007887158,2026-01-29 10:00:00.066000+00:00
xyz:GOLD,0.0000446126,0.0010138011,2026-01-29 11:00:00.051000+00:00
xyz:GOLD,0.0000289358,0.0007629736,2026-01-29 12:00:00+00:00
xyz:GOLD,0.0000305951,0.0007895214,2026-01-29 13:00:00.120000+00:00
xyz:GOLD,0.0000329774,0.0008276381,2026-01-29 14:00:00.011000+00:00
xyz:GOLD,0.0000556225,0.0011899601,2026-01-29 15:00:00.016000+00:00
xyz:GOLD,0.0001770603,0.0031329656,2026-01-29 16:00:00.059000+00:00
xyz:GOLD,0.0001036982,0.0019591720,2026-01-29 17:00:00.082000+00:00
xyz:GOLD,0.0000624121,0.0012985932,2026-01-29 18:00:00.099000+00:00
xyz:GOLD,0.0000230923,0.0006694776,2026-01-29 19:00:00.054000+00:00
xyz:GOLD,0.0000352501,0.0008640017,2026-01-29 20:00:00.035000+00:00
xyz:GOLD,0.0000225611,0.0006609783,2026-01-29 21:00:00.049000+00:00
xyz:GOLD,0.0000298662,0.0007778595,2026-01-29 22:00:00.059000+00:00
xyz:GOLD,0.0000750059,0.0015000940,2026-01-29 23:00:00.037000+00:00
xyz:GOLD,0.0000460113,0.0010361803,2026-01-30 00:00:00.022000+00:00
xyz:GOLD,0.0000188859,0.0006021736,2026-01-30 01:00:00.010000+00:00
xyz:GOLD,0.0000443215,0.0010091437,2026-01-30 02:00:00.075000+00:00
xyz:GOLD,0.0000691750,0.0014068004,2026-01-30 03:00:00.038000+00:00
xyz:GOLD,0.0000072776,0.0004164420,2026-01-30 04:00:00.028000+00:00
xyz:GOLD,0.0000070320,0.0004125118,2026-01-30 05:00:00.053000+00:00
xyz:GOLD,0.0000074559,0.0004192950,2026-01-30 06:00:00.084000+00:00
xyz:GOLD,0.0000249591,0.0006993457,2026-01-30 07:00:00.117000+00:00
xyz:GOLD,0.0000332258,0.0008316129,2026-01-30 08:00:00.018000+00:00
xyz:GOLD,0.0000088990,0.0004423833,2026-01-30 09:00:00.103000+00:00
xyz:GOLD,0.0000241667,0.0006866676,2026-01-30 10:00:00.049000+00:00
xyz:GOLD,0.0000770168,0.0015322690,2026-01-30 11:00:00.108000+00:00
xyz:GOLD,0.0000486426,0.0010782815,2026-01-30 12:00:00.036000+00:00
xyz:GOLD,0.0000062500,0.0002478301,2026-01-30 13:00:00.025000+00:00
xyz:GOLD,0.0000232873,0.0006725975,2026-01-30 14:00:00.033000+00:00
xyz:GOLD,0.0000561887,0.0011990186,2026-01-30 15:00:00.008000+00:00
xyz:GOLD,0.0000192043,0.0006072684,2026-01-30 16:00:00.054000+00:00
xyz:GOLD,0.0000062500,0.0003018616,2026-01-30 17:00:00.105000+00:00
xyz:GOLD,0.0000241830,0.0006869276,2026-01-30 18:00:00.037000+00:00
xyz:GOLD,0.0002858277,0.0048732431,2026-01-30 19:00:00.042000+00:00
xyz:GOLD,0.0001622137,0.0028954189,2026-01-30 20:00:00.041000+00:00
xyz:GOLD,0.0001090691,0.0020451059,2026-01-30 21:00:00.006000+00:00
xyz:GOLD,0.0001335148,0.0024362376,2026-01-30 22:00:00.001000+00:00
xyz:GOLD,0.0000062500,0.0000936760,2026-01-30 23:00:00.031000+00:00
xyz:GOLD,0.0000273154,0.0007370457,2026-01-31 00:00:00.171000+00:00
xyz:GOLD,0.0000811054,0.0015976858,2026-01-31 01:00:00.100000+00:00
xyz:GOLD,0.0000291772,0.0007668358,2026-01-31 02:00:00.068000+00:00
xyz:GOLD,0.0000062500,0.0001563461,2026-01-31 03:00:00.097000+00:00
xyz:GOLD,-0.0000176298,-0.0005820768,2026-01-31 04:00:00.012000+00:00
xyz:GOLD,-0.0000225504,-0.0006608069,2026-01-31 05:00:00.026000+00:00
xyz:GOLD,0.0000361416,0.0008782661,2026-01-31 06:00:00.002000+00:00
xyz:GOLD,0.0000057143,-0.0002085710,2026-01-31 07:00:00.010000+00:00
xyz:GOLD,0.0000062500,0.0002964907,2026-01-31 08:00:00.049000+00:00
xyz:GOLD,0.0000590071,0.0012441135,2026-01-31 09:00:00.076000+00:00
xyz:GOLD,-0.0000636842,-0.0013189478,2026-01-31 10:00:00.022000+00:00
xyz:GOLD,-0.0000285548,-0.0007568770,2026-01-31 11:00:00.050000+00:00
xyz:GOLD,-0.0000121711,-0.0004947382,2026-01-31 12:00:00.105000+00:00
xyz:GOLD,0.0000062500,0.0003793974,2026-01-31 13:00:00.035000+00:00
xyz:GOLD,0.0000062500,-0.0001757666,2026-01-31 14:00:00.027000+00:00
xyz:GOLD,-0.0000826318,-0.0016221086,2026-01-31 15:00:00.033000+00:00
xyz:GOLD,0.0000062500,-0.0001156023,2026-01-31 16:00:00.091000+00:00
xyz:GOLD,-0.0000419665,-0.0009714648,2026-01-31 17:00:00.030000+00:00
xyz:GOLD,-0.0001176730,-0.0021827682,2026-01-31 18:00:00.057000+00:00
xyz:GOLD,-0.0000735447,-0.0014767152,2026-01-31 19:00:00.118000+00:00
xyz:GOLD,-0.0000730777,-0.0014692434,2026-01-31 20:00:00.081000+00:00
xyz:GOLD,-0.0000413689,-0.0009619030,2026-01-31 21:00:00.058000+00:00
xyz:GOLD,0.0000062500,-0.0001717165,2026-01-31 22:00:00.056000+00:00
xyz:GOLD,-0.0000210365,-0.0006365836,2026-01-31 23:00:00.088000+00:00
xyz:GOLD,-0.0000242351,-0.0006877617,2026-02-01 00:00:00.016000+00:00
xyz:GOLD,0.0000539086,0.0011625369,2026-02-01 01:00:00.017000+00:00
xyz:GOLD,0.0000417697,0.0009683150,2026-02-01 02:00:00.052000+00:00
xyz:GOLD,-0.0000014989,-0.0003239823,2026-02-01 03:00:00.047000+00:00
xyz:GOLD,-0.0000570273,-0.0012124375,2026-02-01 04:00:00.091000+00:00
xyz:GOLD,0.0000027402,-0.0002561566,2026-02-01 05:00:00.008000+00:00
xyz:GOLD,0.0000830009,0.0016280143,2026-02-01 06:00:00.029000+00:00
xyz:GOLD,0.0000062500,0.0000934944,2026-02-01 07:00:00.060000+00:00
xyz:GOLD,-0.0000091114,-0.0004457824,2026-02-01 08:00:00.056000+00:00
xyz:GOLD,0.0000062500,0.0000686668,2026-02-01 09:00:00+00:00
xyz:GOLD,-0.0000129760,-0.0005076161,2026-02-01 10:00:00.092000+00:00
xyz:GOLD,0.0000062500,-0.0001303075,2026-02-01 11:00:00.017000+00:00
xyz:GOLD,0.0000062500,0.0000105042,2026-02-01 12:00:00.097000+00:00
xyz:GOLD,-0.0000801322,-0.0015821159,2026-02-01 13:00:00.026000+00:00
xyz:GOLD,-0.0000641816,-0.0013269048,2026-02-01 14:00:00.096000+00:00
xyz:GOLD,-0.0001338613,-0.0024417812,2026-02-01 15:00:00.019000+00:00
xyz:GOLD,-0.0001539759,-0.0027636150,2026-02-01 16:00:00.034000+00:00
xyz:GOLD,-0.0000600818,-0.0012613085,2026-02-01 17:00:00.041000+00:00
xyz:GOLD,0.0000535976,0.0011575618,2026-02-01 18:00:00.062000+00:00
xyz:GOLD,0.0000698168,0.0014170687,2026-02-01 19:00:00.042000+00:00
xyz:GOLD,-0.0000079140,-0.0004266234,2026-02-01 20:00:00.067000+00:00
xyz:GOLD,-0.0000121145,-0.0004938314,2026-02-01 21:00:00.104000+00:00
xyz:GOLD,-0.0000427072,-0.0009833150,2026-02-01 22:00:00.015000+00:00
xyz:GOLD,0.0002348751,0.0040580012,2026-02-01 23:00:00.006000+00:00
xyz:GOLD,0.0001605840,0.0028693433,2026-02-02 00:00:00.059000+00:00
xyz:GOLD,0.0000759496,0.0015151930,2026-02-02 01:00:00.038000+00:00
xyz:GOLD,0.0001324145,0.0024186319,2026-02-02 02:00:00.017000+00:00
xyz:GOLD,0.0000555619,0.0011889907,2026-02-02 03:00:00.062000+00:00
xyz:GOLD,0.0000599568,0.0012593095,2026-02-02 04:00:00.064000+00:00
xyz:GOLD,0.0001619918,0.0028918690,2026-02-02 05:00:00.106000+00:00
xyz:GOLD,0.0001000852,0.0019013632,2026-02-02 06:00:00.074000+00:00
xyz:GOLD,0.0004925787,0.0081812594,2026-02-02 07:00:00.020000+00:00
xyz:GOLD,0.0002718663,0.0046498608,2026-02-02 08:00:00.007000+00:00
xyz:GOLD,0.0000704942,0.0014279079,2026-02-02 09:00:00.043000+00:00
xyz:GOLD,0.0000599558,0.0012592930,2026-02-02 10:00:00.084000+00:00
xyz:GOLD,0.0000545262,0.0011724196,2026-02-02 11:00:00.047000+00:00
xyz:GOLD,0.0000342150,0.0008474398,2026-02-02 12:00:00.061000+00:00
xyz:GOLD,0.0000209231,0.0006347691,2026-02-02 13:00:00.088000+00:00
xyz:GOLD,0.0000376521,0.0009024333,2026-02-02 14:00:00.065000+00:00
xyz:GOLD,0.0000459708,0.0010355323,2026-02-02 15:00:00.070000+00:00
xyz:GOLD,0.0000110753,0.0004772046,2026-02-02 16:00:00.041000+00:00
xyz:GOLD,0.0000246557,0.0006944911,2026-02-02 17:00:00.065000+00:00
xyz:GOLD,0.0000320065,0.0008121046,2026-02-02 18:00:00.066000+00:00
xyz:GOLD,0.0000339839,0.0008437427,2026-02-02 19:00:00.004000+00:00
xyz:GOLD,0.0000458762,0.0010340199,2026-02-02 20:00:00.023000+00:00
xyz:GOLD,0.0000563634,0.0012018140,2026-02-02 21:00:00.014000+00:00
xyz:GOLD,0.0000639165,0.0013226642,2026-02-02 22:00:00.099000+00:00
xyz:GOLD,0.0000687890,0.0014006235,2026-02-02 23:00:00.055000+00:00
xyz:GOLD,0.0000686903,0.0013990449,2026-02-03 00:00:00.013000+00:00
xyz:GOLD,0.0000062500,0.0002724370,2026-02-03 01:00:00.015000+00:00
xyz:GOLD,0.0000062500,0.0002512942,2026-02-03 02:00:00.012000+00:00
xyz:GOLD,0.0000330530,0.0008288484,2026-02-03 03:00:00.032000+00:00
xyz:GOLD,0.0000075226,0.0004203620,2026-02-03 04:00:00.038000+00:00
xyz:GOLD,0.0000440704,0.0010051267,2026-02-03 05:00:00.029000+00:00
xyz:GOLD,0.0000871238,0.0016939816,2026-02-03 06:00:00+00:00
xyz:GOLD,0.0000841513,0.0016464211,2026-02-03 07:00:00.068000+00:00
xyz:GOLD,0.0000186263,0.0005980203,2026-02-03 08:00:00.057000+00:00
xyz:GOLD,0.0000062500,0.0001937576,2026-02-03 09:00:00.079000+00:00
xyz:GOLD,0.0000062500,-0.0000239543,2026-02-03 10:00:00.022000+00:00
xyz:GOLD,0.0000062500,-0.0001580380,2026-02-03 11:00:00.065000+00:00
xyz:GOLD,0.0000062500,-0.0001854423,2026-02-03 12:00:00.118000+00:00
xyz:GOLD,0.0000062500,0.0003658179,2026-02-03 13:00:00.065000+00:00
xyz:GOLD,0.0000062500,0.0003255563,2026-02-03 14:00:00.040000+00:00
xyz:GOLD,-0.0000009947,-0.0003159154,2026-02-03 15:00:00.025000+00:00
xyz:GOLD,-0.0000101157,-0.0004618507,2026-02-03 16:00:00.059000+00:00
xyz:GOLD,0.0000062500,0.0002075654,2026-02-03 17:00:00.001000+00:00
xyz:GOLD,0.0000062500,-0.0001295610,2026-02-03 18:00:00.015000+00:00
xyz:GOLD,0.0000128403,0.0005054452,2026-02-03 19:00:00.059000+00:00
xyz:GOLD,0.0000062500,0.0003579049,2026-02-03 20:00:00.049000+00:00
xyz:GOLD,0.0000150938,0.0005415006,2026-02-03 21:00:00.031000+00:00
xyz:GOLD,0.0000331359,0.0008301742,2026-02-03 22:00:00.004000+00:00
xyz:GOLD,0.0000062500,0.0001833973,2026-02-03 23:00:00.056000+00:00
xyz:GOLD,0.0000179818,0.0005877095,2026-02-04 00:00:00.018000+00:00
xyz:GOLD,-0.0000111502,-0.0004784024,2026-02-04 01:00:00.045000+00:00
xyz:GOLD,0.0000062500,0.0000159482,2026-02-04 02:00:00.022000+00:00
xyz:GOLD,0.0000062500,0.0000677788,2026-02-04 03:00:00.032000+00:00
xyz:GOLD,0.0000062500,-0.0001660094,2026-02-04 04:00:00.004000+00:00
xyz:GOLD,0.0000466864,0.0010469828,2026-02-04 05:00:00.055000+00:00
xyz:GOLD,0.0000380327,0.0009085228,2026-02-04 06:00:00.042000+00:00
xyz:GOLD,0.0000270362,0.0007325784,2026-02-04 07:00:00.016000+00:00
xyz:GOLD,0.0000135373,0.0005165961,2026-02-04 08:00:00.027000+00:00
xyz:GOLD,0.0000148190,0.0005371034,2026-02-04 09:00:00.003000+00:00
xyz:GOLD,0.0000149030,0.0005384481,2026-02-04 10:00:00.081000+00:00
xyz:GOLD,0.0000142545,0.0005280718,2026-02-04 11:00:00.016000+00:00
xyz:GOLD,0.0000164079,0.0005625269,2026-02-04 12:00:00.120000+00:00
xyz:GOLD,0.0000117767,0.0004884279,2026-02-04 13:00:00.025000+00:00
xyz:GOLD,0.0000062500,0.0002383348,2026-02-04 14:00:00.004000+00:00
xyz:GOLD,0.0000062500,0.0003182778,2026-02-04 15:00:00.071000+00:00
xyz:GOLD,0.0000062500,0.0002076150,2026-02-04 16:00:00.007000+00:00
xyz:GOLD,0.0000062500,0.0001863421,2026-02-04 17:00:00.105000+00:00
xyz:GOLD,0.0000459482,0.0010351716,2026-02-04 18:00:00.058000+00:00
xyz:GOLD,0.0000062500,0.0000889338,2026-02-04 19:00:00.028000+00:00
xyz:GOLD,0.0000133989,0.0005143823,2026-02-04 20:00:00.001000+00:00
xyz:GOLD,0.0000275363,0.0007405807,2026-02-04 21:00:00.072000+00:00
xyz:GOLD,0.0000160163,0.0005562605,2026-02-04 22:00:00.051000+00:00
xyz:GOLD,0.0000218171,0.0006490732,2026-02-04 23:00:00.022000+00:00
xyz:GOLD,0.0000221774,0.0006548390,2026-02-05 00:00:00.003000+00:00
xyz:GOLD,0.0000062500,0.0003791600,2026-02-05 01:00:00.010000+00:00
xyz:GOLD,0.0000062500,0.0000635620,2026-02-05 02:00:00.097000+00:00
xyz:GOLD,-0.0000156163,-0.0005498604,2026-02-05 03:00:00.011000+00:00
xyz:GOLD,-0.0000296064,-0.0007737025,2026-02-05 04:00:00.032000+00:00
xyz:GOLD,-0.0000198411,-0.0006174578,2026-02-05 05:00:00.057000+00:00
xyz:GOLD,-0.0000348709,-0.0008579342,2026-02-05 06:00:00.038000+00:00
xyz:GOLD,-0.0000130245,-0.0005083927,2026-02-05 07:00:00.008000+00:00
xyz:GOLD,0.0000052081,-0.0002166706,2026-02-05 08:00:00.038000+00:00
xyz:GOLD,-0.0000124445,-0.0004991122,2026-02-05 09:00:00.023000+00:00
xyz:GOLD,0.0000062500,-0.0000420229,2026-02-05 10:00:00.022000+00:00
xyz:GOLD,-0.0000184166,-0.0005946650,2026-02-05 11:00:00.046000+00:00
xyz:GOLD,-0.0000077993,-0.0004247894,2026-02-05 12:00:00.036000+00:00
xyz:GOLD,0.0000019671,-0.0002685263,2026-02-05 13:00:00.013000+00:00
xyz:GOLD,0.0000062500,-0.0000726132,2026-02-05 14:00:00.012000+00:00
xyz:GOLD,0.0000062500,-0.0001285894,2026-02-05 15:00:00.079000+00:00
xyz:GOLD,0.0000062500,-0.0001660584,2026-02-05 16:00:00.065000+00:00
xyz:GOLD,0.0000062500,0.0003809784,2026-02-05 17:00:00.004000+00:00
xyz:GOLD,0.0000145214,0.0005323431,2026-02-05 18:00:00.104000+00:00
xyz:GOLD,0.0000062500,0.0003004535,2026-02-05 19:00:00.030000+00:00
xyz:GOLD,0.0000307862,0.0007925794,2026-02-05 20:00:00.057000+00:00
xyz:GOLD,0.0000095271,0.0004524338,2026-02-05 21:00:00.013000+00:00
xyz:GOLD,0.0000075056,0.0004200898,2026-02-05 22:00:00.040000+00:00
xyz:GOLD,-0.0000024420,-0.0003390716,2026-02-05 23:00:00.019000+00:00
xyz:GOLD,0.0000062500,-0.0001387610,2026-02-06 00:00:00.083000+00:00
xyz:GOLD,0.0000062500,0.0000806621,2026-02-06 01:00:00.049000+00:00
xyz:GOLD,0.0000271467,0.0007343475,2026-02-06 02:00:00.026000+00:00
xyz:GOLD,-0.0000045497,-0.0003727951,2026-02-06 03:00:00.050000+00:00
xyz:GOLD,0.0000062500,0.0001429812,2026-02-06 04:00:00.075000+00:00
xyz:GOLD,0.0000067446,0.0004079133,2026-02-06 05:00:00.102000+00:00
xyz:GOLD,0.0000167502,0.0005680026,2026-02-06 06:00:00.022000+00:00
xyz:GOLD,0.0000095090,0.0004521434,2026-02-06 07:00:00.074000+00:00
xyz:GOLD,0.0000062500,0.0003116647,2026-02-06 08:00:00.037000+00:00
xyz:GOLD,0.0000062500,0.0002478119,2026-02-06 09:00:00.042000+00:00
xyz:GOLD,0.0000062500,0.0003062888,2026-02-06 10:00:00.053000+00:00
xyz:GOLD,0.0000062500,0.0001512050,2026-02-06 11:00:00.032000+00:00
xyz:GOLD,0.0000062500,0.0003528929,2026-02-06 12:00:00.009000+00:00
xyz:GOLD,0.0000132473,0.0005119569,2026-02-06 13:00:00.032000+00:00
xyz:GOLD,0.0000355856,0.0008693696,2026-02-06 14:00:00.024000+00:00
xyz:GOLD,0.0000341758,0.0008468128,2026-02-06 15:00:00.089000+00:00
xyz:GOLD,0.0000265057,0.0007240907,2026-02-06 16:00:00.036000+00:00
xyz:GOLD,0.0000068353,0.0004093653,2026-02-06 17:00:00.030000+00:00
xyz:GOLD,0.0000062500,0.0000348777,2026-02-06 18:00:00.086000+00:00
xyz:GOLD,0.0000062500,-0.0001078867,2026-02-06 19:00:00.056000+00:00
xyz:GOLD,-0.0000003550,-0.0003056798,2026-02-06 20:00:00.016000+00:00
xyz:GOLD,0.0000000484,-0.0002992262,2026-02-06 21:00:00.031000+00:00
xyz:GOLD,0.0000062500,-0.0000701380,2026-02-06 22:00:00.032000+00:00
xyz:GOLD,0.0000062500,0.0001016616,2026-02-06 23:00:00.049000+00:00
xyz:GOLD,-0.0000121420,-0.0004942723,2026-02-07 00:00:00.064000+00:00
xyz:GOLD,-0.0000535149,-0.0011562389,2026-02-07 01:00:00.036000+00:00
xyz:GOLD,-0.0000269401,-0.0007310414,2026-02-07 02:00:00.026000+00:00
xyz:GOLD,0.0000062500,0.0002480442,2026-02-07 03:00:00.021000+00:00
xyz:GOLD,0.0000062500,0.0003563601,2026-02-07 04:00:00.104000+00:00
xyz:GOLD,0.0000484700,0.0010755204,2026-02-07 05:00:00.063000+00:00
xyz:GOLD,0.0000072069,0.0004153107,2026-02-07 06:00:00.036000+00:00
xyz:GOLD,0.0000371115,0.0008937836,2026-02-07 07:00:00.008000+00:00
xyz:GOLD,0.0000062500,0.0000138548,2026-02-07 08:00:00.048000+00:00
xyz:GOLD,0.0000062500,0.0002485935,2026-02-07 09:00:00.081000+00:00
xyz:GOLD,0.0000062500,0.0002925737,2026-02-07 10:00:00.020000+00:00
xyz:GOLD,0.0000374697,0.0008995148,2026-02-07 11:00:00.008000+00:00
xyz:GOLD,0.0000062500,0.0000928522,2026-02-07 12:00:00.031000+00:00
xyz:GOLD,0.0000105690,0.0004691042,2026-02-07 13:00:00.040000+00:00
xyz:GOLD,0.0000062500,0.0002544991,2026-02-07 14:00:00.008000+00:00
xyz:GOLD,0.0000062500,-0.0001365646,2026-02-07 15:00:00.093000+00:00
xyz:GOLD,-0.0000135186,-0.0005162981,2026-02-07 16:00:00.146000+00:00
xyz:GOLD,-0.0000061409,-0.0003982549,2026-02-07 17:00:00.055000+00:00
xyz:GOLD,0.0000062500,-0.0001074704,2026-02-07 18:00:00.022000+00:00
xyz:GOLD,0.0000155831,0.0005493298,2026-02-07 19:00:00.071000+00:00
xyz:GOLD,0.0000458461,0.0010335380,2026-02-07 20:00:00.020000+00:00
xyz:GOLD,0.0000823741,0.0016179862,2026-02-07 21:00:00.089000+00:00
xyz:GOLD,0.0000486389,0.0010782232,2026-02-07 22:00:00.055000+00:00
xyz:GOLD,0.0000062500,0.0001934840,2026-02-07 23:00:00.038000+00:00
xyz:GOLD,0.0000062500,0.0001868663,2026-02-08 00:00:00.042000+00:00
xyz:GOLD,0.0000077914,0.0004246628,2026-02-08 01:00:00.003000+00:00
xyz:GOLD,0.0000243300,0.0006892804,2026-02-08 02:00:00.074000+00:00
xyz:GOLD,0.0000062500,0.0001598586,2026-02-08 03:00:00.113000+00:00
xyz:GOLD,0.0000098957,0.0004583318,2026-02-08 04:00:00.069000+00:00
xyz:GOLD,0.0000149381,0.0005390092,2026-02-08 05:00:00.059000+00:00
xyz:GOLD,0.0000400572,0.0009409152,2026-02-08 06:00:00.031000+00:00
xyz:GOLD,0.0000396117,0.0009337866,2026-02-08 07:00:00.038000+00:00
xyz:GOLD,-0.0000274960,-0.0007399362,2026-02-08 08:00:00.113000+00:00
xyz:GOLD,0.0000062500,-0.0000840140,2026-02-08 09:00:00.040000+00:00
xyz:GOLD,-0.0000056726,-0.0003907618,2026-02-08 10:00:00.031000+00:00
xyz:GOLD,-0.0000527927,-0.0011446833,2026-02-08 11:00:00.068000+00:00
xyz:GOLD,0.0000027366,-0.0002562137,2026-02-08 12:00:00.077000+00:00
xyz:GOLD,0.0000062500,0.0003288261,2026-02-08 13:00:00.011000+00:00
xyz:GOLD,0.0000311993,0.0007991882,2026-02-08 14:00:00.051000+00:00
xyz:GOLD,0.0000062500,-0.0001796086,2026-02-08 15:00:00.041000+00:00
xyz:GOLD,-0.0000099452,-0.0004591233,2026-02-08 16:00:00.023000+00:00
xyz:GOLD,-0.0000031658,-0.0003506530,2026-02-08 17:00:00.043000+00:00
xyz:GOLD,0.0000005480,-0.0002912322,2026-02-08 18:00:00.023000+00:00
xyz:GOLD,0.0000062500,-0.0001320264,2026-02-08 19:00:00.070000+00:00
xyz:GOLD,0.0000613615,0.0012817846,2026-02-08 20:00:00.046000+00:00
xyz:GOLD,0.0000311790,0.0007988641,2026-02-08 21:00:00.059000+00:00
xyz:GOLD,0.0000062500,0.0002313081,2026-02-08 22:00:00.049000+00:00
xyz:GOLD,0.0000677684,0.0013842943,2026-02-08 23:00:00.015000+00:00
xyz:GOLD,0.0000597067,0.0012553078,2026-02-09 00:00:00.009000+00:00
xyz:GOLD,0.0000236751,0.0006788014,2026-02-09 01:00:00.034000+00:00
xyz:GOLD,0.0000246864,0.0006949825,2026-02-09 02:00:00.118000+00:00
xyz:GOLD,0.0000232020,0.0006712325,2026-02-09 03:00:00.004000+00:00
xyz:GOLD,0.0000201952,0.0006231236,2026-02-09 04:00:00.091000+00:00
xyz:GOLD,0.0000168131,0.0005690092,2026-02-09 05:00:00.037000+00:00
xyz:GOLD,0.0000160132,0.0005562104,2026-02-09 06:00:00.020000+00:00
xyz:GOLD,0.0000270784,0.0007332542,2026-02-09 07:00:00.026000+00:00
xyz:GOLD,0.0000062500,0.0003137370,2026-02-09 08:00:00.013000+00:00
xyz:GOLD,0.0000136734,0.0005187749,2026-02-09 09:00:00.040000+00:00
xyz:GOLD,0.0000238671,0.0006818741,2026-02-09 10:00:00.131000+00:00
xyz:GOLD,0.0000139488,0.0005231814,2026-02-09 11:00:00.088000+00:00
xyz:GOLD,0.0000182451,0.0005919212,2026-02-09 12:00:00.030000+00:00
xyz:GOLD,0.0000177730,0.0005843678,2026-02-09 13:00:00.020000+00:00
xyz:GOLD,0.0000062500,0.0003050257,2026-02-09 14:00:00.015000+00:00
xyz:GOLD,0.0000090822,0.0004453154,2026-02-09 15:00:00.011000+00:00
xyz:GOLD,0.0000306249,0.0007899988,2026-02-09 16:00:00.001000+00:00
xyz:GOLD,0.0000351644,0.0008626302,2026-02-09 17:00:00.038000+00:00
xyz:GOLD,0.0000275660,0.0007410560,2026-02-09 18:00:00.060000+00:00
xyz:GOLD,0.0000337764,0.0008404216,2026-02-09 19:00:00.023000+00:00
xyz:GOLD,0.0000211542,0.0006384670,2026-02-09 20:00:00.059000+00:00
xyz:GOLD,0.0000241846,0.0006869540,2026-02-09 21:00:00.068000+00:00
xyz:GOLD,0.0000479417,0.0010670677,2026-02-09 22:00:00.065000+00:00
xyz:GOLD,0.0000323427,0.0008174834,2026-02-09 23:00:00.046000+00:00
xyz:GOLD,0.0000197646,0.0006162335,2026-02-10 00:00:00.013000+00:00
xyz:GOLD,0.0000127104,0.0005033665,2026-02-10 01:00:00.012000+00:00
xyz:GOLD,0.0000062500,0.0002281568,2026-02-10 02:00:00.055000+00:00
xyz:GOLD,0.0000062500,0.0002185947,2026-02-10 03:00:00.057000+00:00
xyz:GOLD,0.0000062500,0.0002300583,2026-02-10 04:00:00.071000+00:00
xyz:GOLD,0.0000062500,0.0003112651,2026-02-10 05:00:00.024000+00:00
xyz:GOLD,0.0000062500,0.0000794483,2026-02-10 06:00:00.028000+00:00
xyz:GOLD,0.0000062500,-0.0000046229,2026-02-10 07:00:00.090000+00:00
xyz:GOLD,0.0000062500,0.0000148532,2026-02-10 08:00:00.018000+00:00
xyz:GOLD,0.0000062500,0.0001809919,2026-02-10 09:00:00.041000+00:00
xyz:GOLD,0.0000084573,0.0004353168,2026-02-10 10:00:00.028000+00:00
xyz:GOLD,0.0000211216,0.0006379459,2026-02-10 11:00:00.100000+00:00
xyz:GOLD,0.0000136324,0.0005181183,2026-02-10 12:00:00.032000+00:00
xyz:GOLD,0.0000062500,-0.0000874313,2026-02-10 13:00:00.106000+00:00
xyz:GOLD,0.0000062500,-0.0000356702,2026-02-10 14:00:00.038000+00:00
xyz:GOLD,0.0000062500,0.0002704000,2026-02-10 15:00:00.006000+00:00
xyz:GOLD,0.0000062500,0.0003279811,2026-02-10 16:00:00.009000+00:00
xyz:GOLD,0.0000130287,0.0005084594,2026-02-10 17:00:00.070000+00:00
xyz:GOLD,0.0000067855,0.0004085675,2026-02-10 18:00:00.065000+00:00
xyz:GOLD,0.0000062500,0.0001873020,2026-02-10 19:00:00.015000+00:00
xyz:GOLD,0.0000062500,0.0000499058,2026-02-10 20:00:00.053000+00:00
xyz:GOLD,0.0000062500,0.0001188975,2026-02-10 21:00:00.100000+00:00
xyz:GOLD,0.0000062500,0.0000377249,2026-02-10 22:00:00.070000+00:00
xyz:GOLD,0.0000200299,0.0006204782,2026-02-10 23:00:00.016000+00:00
xyz:GOLD,0.0000062500,0.0003727958,2026-02-11 00:00:00.036000+00:00
xyz:GOLD,0.0000062500,0.0001942836,2026-02-11 01:00:00.007000+00:00
xyz:GOLD,0.0000062500,0.0000645031,2026-02-11 02:00:00.051000+00:00
xyz:GOLD,0.0000062500,0.0001372318,2026-02-11 03:00:00.098000+00:00
xyz:GOLD,0.0000062500,0.0003364974,2026-02-11 04:00:00.071000+00:00
xyz:GOLD,0.0000130304,0.0005084868,2026-02-11 05:00:00.030000+00:00
xyz:GOLD,0.0000228625,0.0006657995,2026-02-11 06:00:00.005000+00:00
xyz:GOLD,0.0000211404,0.0006382464,2026-02-11 07:00:00.062000+00:00
xyz:GOLD,0.0000230085,0.0006681355,2026-02-11 08:00:00.095000+00:00
xyz:GOLD,0.0000157017,0.0005512280,2026-02-11 09:00:00.114000+00:00
xyz:GOLD,0.0000154409,0.0005470548,2026-02-11 10:00:00.048000+00:00
xyz:GOLD,0.0000341131,0.0008458102,2026-02-11 11:00:00.086000+00:00
xyz:GOLD,0.0000571021,0.0012136330,2026-02-11 12:00:00.022000+00:00
xyz:GOLD,0.0000549545,0.0011792716,2026-02-11 13:00:00.055000+00:00
xyz:GOLD,0.0000270342,0.0007325479,2026-02-11 14:00:00.087000+00:00
xyz:GOLD,0.0000223662,0.0006578595,2026-02-11 15:00:00.012000+00:00
xyz:GOLD,0.0000177818,0.0005845089,2026-02-11 16:00:00.074000+00:00
xyz:GOLD,0.0000253920,0.0007062724,2026-02-11 17:00:00.077000+00:00
xyz:GOLD,0.0000418696,0.0009699141,2026-02-11 18:00:00.062000+00:00
xyz:GOLD,0.0000407619,0.0009521898,2026-02-11 19:00:00.045000+00:00
xyz:GOLD,0.0000278505,0.0007456077,2026-02-11 20:00:00.051000+00:00
xyz:GOLD,0.0000125412,0.0005006592,2026-02-11 21:00:00.053000+00:00
xyz:GOLD,0.0000302196,0.0007835133,2026-02-11 22:00:00.067000+00:00
xyz:GOLD,0.0000062500,0.0003560094,2026-02-11 23:00:00.087000+00:00
xyz:GOLD,0.0000288795,0.0007620714,2026-02-12 00:00:00.006000+00:00
xyz:GOLD,0.0000062500,0.0003793198,2026-02-12 01:00:00.034000+00:00
xyz:GOLD,0.0000062500,0.0002715492,2026-02-12 02:00:00.037000+00:00
xyz:GOLD,0.0000062500,0.0002097452,2026-02-12 03:00:00.057000+00:00
xyz:GOLD,0.0000062500,0.0002842775,2026-02-12 04:00:00.004000+00:00
xyz:GOLD,0.0000062500,0.0003991134,2026-02-12 05:00:00.075000+00:00
xyz:GOLD,0.0000062500,0.0003354250,2026-02-12 06:00:00.077000+00:00
xyz:GOLD,0.0000062500,0.0003959480,2026-02-12 07:00:00.029000+00:00
xyz:GOLD,0.0000062500,0.0003810297,2026-02-12 08:00:00.036000+00:00
xyz:GOLD,0.0000062500,0.0002572799,2026-02-12 09:00:00.054000+00:00
xyz:GOLD,0.0000062500,0.0001615128,2026-02-12 10:00:00.022000+00:00
xyz:GOLD,0.0000128245,0.0005051923,2026-02-12 11:00:00.008000+00:00
xyz:GOLD,0.0000062500,0.0001858236,2026-02-12 12:00:00.064000+00:00
xyz:GOLD,0.0000062500,0.0000470128,2026-02-12 13:00:00.056000+00:00
xyz:GOLD,0.0000062500,0.0001170134,2026-02-12 14:00:00.023000+00:00
xyz:GOLD,0.0000062500,0.0003831880,2026-02-12 15:00:00.004000+00:00
xyz:GOLD,0.0000119728,0.0004915650,2026-02-12 16:00:00.043000+00:00
xyz:GOLD,0.0000139737,0.0005235798,2026-02-12 17:00:00.026000+00:00
xyz:GOLD,0.0000062500,0.0003941168,2026-02-12 18:00:00.015000+00:00
xyz:GOLD,0.0000062500,0.0003373284,2026-02-12 19:00:00.053000+00:00
xyz:GOLD,0.0000071112,0.0004137799,2026-02-12 20:00:00.037000+00:00
xyz:GOLD,0.0000092727,0.0004483627,2026-02-12 21:00:00.043000+00:00
xyz:GOLD,0.0000183854,0.0005941669,2026-02-12 22:00:00.010000+00:00
xyz:GOLD,0.0000448260,0.0010172167,2026-02-12 23:00:00.072000+00:00
xyz:GOLD,0.0000226041,0.0006616650,2026-02-13 00:00:00.092000+00:00
xyz:GOLD,0.0000063215,0.0004011439,2026-02-13 01:00:00.083000+00:00
xyz:GOLD,0.0000062500,0.0003580751,2026-02-13 02:00:00.050000+00:00
xyz:GOLD,0.0000062500,0.0003742520,2026-02-13 03:00:00.009000+00:00
xyz:GOLD,0.0000062500,0.0003486018,2026-02-13 04:00:00.087000+00:00
xyz:GOLD,0.0000062500,0.0003819586,2026-02-13 05:00:00.083000+00:00
xyz:GOLD,0.0000062500,0.0003857380,2026-02-13 06:00:00.070000+00:00
xyz:GOLD,0.0000168701,0.0005699214,2026-02-13 07:00:00.056000+00:00
xyz:GOLD,0.0000150407,0.0005406510,2026-02-13 08:00:00.018000+00:00
xyz:GOLD,0.0000136925,0.0005190796,2026-02-13 09:00:00.087000+00:00
xyz:GOLD,0.0000258657,0.0007138512,2026-02-13 10:00:00.004000+00:00
xyz:GOLD,0.0000346037,0.0008536599,2026-02-13 11:00:00.117000+00:00
xyz:GOLD,0.0000393480,0.0009295683,2026-02-13 12:00:00.059000+00:00
xyz:GOLD,0.0000189119,0.0006025900,2026-02-13 13:00:00.040000+00:00
xyz:GOLD,0.0000112098,0.0004793569,2026-02-13 14:00:00.092000+00:00
xyz:GOLD,0.0000074188,0.0004187010,2026-02-13 15:00:00.081000+00:00
xyz:GOLD,0.0000172269,0.0005756305,2026-02-13 16:00:00.038000+00:00
xyz:GOLD,0.0000062500,0.0003846083,2026-02-13 17:00:00.023000+00:00
xyz:GOLD,0.0000062500,0.0003653065,2026-02-13 18:00:00.120000+00:00
xyz:GOLD,0.0000062500,0.0002060738,2026-02-13 19:00:00.063000+00:00
xyz:GOLD,0.0000062500,0.0003559290,2026-02-13 20:00:00.048000+00:00
xyz:GOLD,0.0000062500,0.0002722081,2026-02-13 21:00:00.056000+00:00
xyz:GOLD,0.0000041966,-0.0002328544,2026-02-13 22:00:00.018000+00:00
xyz:GOLD,-0.0000071983,-0.0004151736,2026-02-13 23:00:00.072000+00:00
xyz:GOLD,0.0000062500,0.0000218737,2026-02-14 00:00:00.041000+00:00
xyz:GOLD,0.0000062500,-0.0001178058,2026-02-14 01:00:00.085000+00:00
xyz:GOLD,0.0000062500,0.0000108727,2026-02-14 02:00:00.103000+00:00
xyz:GOLD,0.0000062500,-0.0001015298,2026-02-14 03:00:00.007000+00:00
xyz:GOLD,0.0000062500,-0.0001095507,2026-02-14 04:00:00.098000+00:00
xyz:GOLD,-0.0000141142,-0.0005258267,2026-02-14 05:00:00.016000+00:00
xyz:GOLD,0.0000062500,0.0001041415,2026-02-14 06:00:00.103000+00:00
xyz:GOLD,-0.0000006171,-0.0003098731,2026-02-14 07:00:00.037000+00:00
xyz:GOLD,-0.0000066439,-0.0004063022,2026-02-14 08:00:00.001000+00:00
xyz:GOLD,0.0000062500,-0.0000807751,2026-02-14 09:00:00.050000+00:00
xyz:GOLD,0.0000047966,-0.0002232542,2026-02-14 10:00:00.086000+00:00
xyz:GOLD,-0.0000157472,-0.0005519549,2026-02-14 11:00:00.026000+00:00
xyz:GOLD,0.0000062500,-0.0001201999,2026-02-14 12:00:00.125000+00:00
xyz:GOLD,0.0000062500,-0.0001096865,2026-02-14 13:00:00.083000+00:00
xyz:GOLD,0.0000062500,0.0001842043,2026-02-14 14:00:00.055000+00:00
xyz:GOLD,0.0000062500,-0.0000848191,2026-02-14 15:00:00.081000+00:00
xyz:GOLD,0.0000062500,0.0000488888,2026-02-14 16:00:00.035000+00:00
xyz:GOLD,0.0000062500,-0.0000589608,2026-02-14 17:00:00.075000+00:00
xyz:GOLD,0.0000062500,-0.0000109530,2026-02-14 18:00:00.102000+00:00
xyz:GOLD,0.0000062500,0.0001067263,2026-02-14 19:00:00.005000+00:00
xyz:GOLD,0.0000062500,0.0000463500,2026-02-14 20:00:00.071000+00:00
xyz:GOLD,0.0000025136,-0.0002597828,2026-02-14 21:00:00.056000+00:00
xyz:GOLD,0.0000062500,-0.0001710505,2026-02-14 22:00:00.045000+00:00
xyz:GOLD,0.0000062500,-0.0001321370,2026-02-14 23:00:00.022000+00:00
xyz:GOLD,0.0000062500,-0.0001500318,2026-02-15 00:00:00.102000+00:00
xyz:GOLD,0.0000062500,0.0000325753,2026-02-15 01:00:00.052000+00:00
xyz:GOLD,0.0000062500,0.0001650036,2026-02-15 02:00:00.088000+00:00
xyz:GOLD,0.0000062500,0.0002470898,2026-02-15 03:00:00.093000+00:00
xyz:GOLD,0.0000062500,0.0002640591,2026-02-15 04:00:00.058000+00:00
xyz:GOLD,0.0000062500,0.0003128453,2026-02-15 05:00:00.004000+00:00
xyz:GOLD,0.0000062500,-0.0000517471,2026-02-15 06:00:00.027000+00:00
xyz:GOLD,0.0000060751,-0.0002027976,2026-02-15 07:00:00.020000+00:00
xyz:GOLD,0.0000062500,0.0002237832,2026-02-15 08:00:00.027000+00:00
xyz:GOLD,0.0000062500,0.0003612750,2026-02-15 09:00:00.043000+00:00
xyz:GOLD,0.0000240344,0.0006845505,2026-02-15 10:00:00.001000+00:00
xyz:GOLD,-0.0000044041,-0.0003704649,2026-02-15 11:00:00.015000+00:00
xyz:GOLD,0.0000062500,-0.0001409658,2026-02-15 12:00:00.014000+00:00
xyz:GOLD,0.0000062500,-0.0001757393,2026-02-15 13:00:00.012000+00:00
xyz:GOLD,-0.0000031837,-0.0003509397,2026-02-15 14:00:00.023000+00:00
xyz:GOLD,-0.0000050341,-0.0003805450,2026-02-15 15:00:00.014000+00:00
xyz:GOLD,0.0000062500,0.0003085307,2026-02-15 16:00:00.083000+00:00
xyz:GOLD,0.0000062500,0.0002624257,2026-02-15 17:00:00.027000+00:00
xyz:GOLD,0.0000062500,0.0001563557,2026-02-15 18:00:00.006000+00:00
xyz:GOLD,0.0000053292,-0.0002147332,2026-02-15 19:00:00.023000+00:00
xyz:GOLD,-0.0000225836,-0.0006613376,2026-02-15 20:00:00.060000+00:00
xyz:GOLD,0.0000062500,0.0002733244,2026-02-15 21:00:00.008000+00:00
xyz:GOLD,0.0000211076,0.0006377222,2026-02-15 22:00:00.058000+00:00
xyz:GOLD,0.0000062500,0.0003749321,2026-02-15 23:00:00.053000+00:00
xyz:GOLD,0.0000528873,0.0011461963,2026-02-16 00:00:00.071000+00:00
xyz:GOLD,0.0000380777,0.0009092433,2026-02-16 01:00:00.023000+00:00
xyz:GOLD,0.0000189568,0.0006033095,2026-02-16 02:00:00.070000+00:00
xyz:GOLD,0.0000313305,0.0008012878,2026-02-16 03:00:00.088000+00:00
xyz:GOLD,0.0000205123,0.0006281964,2026-02-16 04:00:00.033000+00:00
xyz:GOLD,0.0000361001,0.0008776012,2026-02-16 05:00:00.025000+00:00
xyz:GOLD,0.0000414963,0.0009639408,2026-02-16 06:00:00.006000+00:00
xyz:GOLD,0.0000412628,0.0009602053,2026-02-16 07:00:00.043000+00:00
xyz:GOLD,0.0000313009,0.0008008152,2026-02-16 08:00:00.025000+00:00
xyz:GOLD,0.0000229010,0.0006664153,2026-02-16 09:00:00.002000+00:00
xyz:GOLD,0.0000138367,0.0005213875,2026-02-16 10:00:00.026000+00:00
xyz:GOLD,0.0000141773,0.0005268362,2026-02-16 11:00:00+00:00
xyz:GOLD,0.0000087882,0.0004406112,2026-02-16 12:00:00.075000+00:00
xyz:GOLD,0.0000153138,0.0005450208,2026-02-16 13:00:00.013000+00:00
xyz:GOLD,0.0000167929,0.0005686865,2026-02-16 14:00:00.083000+00:00
xyz:GOLD,0.0000183732,0.0005939706,2026-02-16 15:00:00.037000+00:00
xyz:GOLD,0.0000151801,0.0005428811,2026-02-16 16:00:00.099000+00:00
xyz:GOLD,0.0000131892,0.0005110277,2026-02-16 17:00:00.019000+00:00
xyz:GOLD,0.0000146966,0.0005351458,2026-02-16 18:00:00.138000+00:00
xyz:GOLD,0.0000169830,0.0005717278,2026-02-16 19:00:00.072000+00:00
xyz:GOLD,0.0000147837,0.0005365388,2026-02-16 20:00:00.001000+00:00
xyz:GOLD,0.0000062500,0.0001628900,2026-02-16 21:00:00.070000+00:00
xyz:GOLD,0.0000062500,0.0000947917,2026-02-16 22:00:00.043000+00:00
xyz:GOLD,0.0000062500,0.0001596608,2026-02-16 23:00:00.088000+00:00
xyz:GOLD,0.0000073068,0.0004169092,2026-02-17 00:00:00.063000+00:00
xyz:GOLD,0.0000147332,0.0005357305,2026-02-17 01:00:00.070000+00:00
xyz:GOLD,0.0000062500,0.0003964487,2026-02-17 02:00:00.032000+00:00
xyz:GOLD,0.0000062500,0.0001045178,2026-02-17 03:00:00.021000+00:00
xyz:GOLD,0.0000062500,0.0001212842,2026-02-17 04:00:00.061000+00:00
xyz:GOLD,0.0000062500,0.0002252413,2026-02-17 05:00:00.038000+00:00
xyz:GOLD,0.0000062500,0.0000053991,2026-02-17 06:00:00.104000+00:00
xyz:GOLD,-0.0000035545,-0.0003568714,2026-02-17 07:00:00.044000+00:00
xyz:GOLD,-0.0000016704,-0.0003267256,2026-02-17 08:00:00.015000+00:00
xyz:GOLD,0.0000062500,-0.0001831646,2026-02-17 09:00:00.082000+00:00
xyz:GOLD,0.0000062500,-0.0000884504,2026-02-17 10:00:00.097000+00:00
xyz:GOLD,0.0000062500,0.0000039891,2026-02-17 11:00:00.042000+00:00
xyz:GOLD,0.0000062500,-0.0001161766,2026-02-17 12:00:00.044000+00:00
xyz:GOLD,0.0000062500,-0.0000475516,2026-02-17 13:00:00.044000+00:00
xyz:GOLD,0.0000062500,0.0000681112,2026-02-17 14:00:00.063000+00:00
xyz:GOLD,0.0000062500,0.0000993922,2026-02-17 15:00:00.062000+00:00
xyz:GOLD,0.0000062500,0.0002473927,2026-02-17 16:00:00.071000+00:00
xyz:GOLD,0.0000062500,0.0002003973,2026-02-17 17:00:00.038000+00:00
xyz:GOLD,0.0000062500,0.0003137399,2026-02-17 18:00:00.030000+00:00
xyz:GOLD,0.0000062500,0.0003444361,2026-02-17 19:00:00.003000+00:00
xyz:GOLD,0.0000062500,0.0003612381,2026-02-17 20:00:00.062000+00:00
xyz:GOLD,0.0000062500,0.0001291657,2026-02-17 21:00:00.058000+00:00
xyz:GOLD,0.0000062500,0.0003511075,2026-02-17 22:00:00.051000+00:00
xyz:GOLD,0.0000471909,0.0010550540,2026-02-17 23:00:00.070000+00:00
xyz:GOLD,0.0000062500,0.0002665397,2026-02-18 00:00:00.021000+00:00
xyz:GOLD,0.0000062500,0.0000981017,2026-02-18 01:00:00.085000+00:00
xyz:GOLD,0.0000062500,-0.0000013703,2026-02-18 02:00:00.067000+00:00
xyz:GOLD,0.0000062500,0.0000440071,2026-02-18 03:00:00.005000+00:00
xyz:GOLD,0.0000062500,0.0000646178,2026-02-18 04:00:00.016000+00:00
xyz:GOLD,0.0000062500,0.0003430639,2026-02-18 05:00:00.053000+00:00
xyz:GOLD,0.0000062500,0.0003706099,2026-02-18 06:00:00.013000+00:00
xyz:GOLD,0.0000075447,0.0004207148,2026-02-18 07:00:00.044000+00:00
xyz:GOLD,0.0000062500,0.0003774375,2026-02-18 08:00:00.085000+00:00
xyz:GOLD,0.0000067159,0.0004074539,2026-02-18 09:00:00.065000+00:00
xyz:GOLD,0.0000100748,0.0004611973,2026-02-18 10:00:00.081000+00:00
xyz:GOLD,0.0000112114,0.0004793821,2026-02-18 11:00:00.026000+00:00
xyz:GOLD,0.0000117634,0.0004882152,2026-02-18 12:00:00.017000+00:00
xyz:GOLD,0.0000089144,0.0004426303,2026-02-18 13:00:00.034000+00:00
xyz:GOLD,0.0000087618,0.0004401881,2026-02-18 14:00:00.046000+00:00
xyz:GOLD,0.0000119045,0.0004904717,2026-02-18 15:00:00.043000+00:00
xyz:GOLD,0.0000062500,0.0003615399,2026-02-18 16:00:00.046000+00:00
xyz:GOLD,0.0000067899,0.0004086382,2026-02-18 17:00:00.010000+00:00
xyz:GOLD,0.0000121534,0.0004944543,2026-02-18 18:00:00.003000+00:00
xyz:GOLD,0.0000167432,0.0005678916,2026-02-18 19:00:00.072000+00:00
xyz:GOLD,0.0000168578,0.0005697247,2026-02-18 20:00:00.039000+00:00
xyz:GOLD,0.0000062500,0.0003971526,2026-02-18 21:00:00.040000+00:00
xyz:GOLD,0.0000160952,0.0005575226,2026-02-18 22:00:00.035000+00:00
xyz:GOLD,0.0000192373,0.0006077972,2026-02-18 23:00:00.022000+00:00
xyz:GOLD,0.0000062500,0.0003597440,2026-02-19 00:00:00.054000+00:00
xyz:GOLD,0.0000062500,0.0003184178,2026-02-19 01:00:00.073000+00:00
xyz:GOLD,0.0000062500,0.0002674107,2026-02-19 02:00:00.079000+00:00
xyz:GOLD,0.0000062500,0.0002852606,2026-02-19 03:00:00.021000+00:00
xyz:GOLD,0.0000062500,0.0003189788,2026-02-19 04:00:00.122000+00:00
xyz:GOLD,0.0000129082,0.0005065314,2026-02-19 05:00:00.058000+00:00
xyz:GOLD,0.0000154257,0.0005468106,2026-02-19 06:00:00.072000+00:00
xyz:GOLD,0.0000128025,0.0005048406,2026-02-19 07:00:00.126000+00:00
xyz:GOLD,0.0000121225,0.0004939601,2026-02-19 08:00:00.040000+00:00
xyz:GOLD,0.0000108526,0.0004736417,2026-02-19 09:00:00.019000+00:00
xyz:GOLD,0.0000157482,0.0005519706,2026-02-19 10:00:00.033000+00:00
xyz:GOLD,0.0000225665,0.0006610648,2026-02-19 11:00:00.010000+00:00
xyz:GOLD,0.0000246115,0.0006937835,2026-02-19 12:00:00.062000+00:00
xyz:GOLD,0.0000304870,0.0007877928,2026-02-19 13:00:00.017000+00:00
xyz:GOLD,0.0000235918,0.0006774696,2026-02-19 14:00:00.019000+00:00
xyz:GOLD,0.0000107275,0.0004716394,2026-02-19 15:00:00.067000+00:00
xyz:GOLD,0.0000062500,0.0002328263,2026-02-19 16:00:00.026000+00:00
xyz:GOLD,0.0000062500,0.0003096599,2026-02-19 17:00:00.013000+00:00
xyz:GOLD,0.0000066359,0.0004061739,2026-02-19 18:00:00+00:00
xyz:GOLD,0.0000101346,0.0004621541,2026-02-19 19:00:00.043000+00:00
xyz:GOLD,0.0000062500,0.0001655494,2026-02-19 20:00:00.009000+00:00
xyz:GOLD,0.0000062500,-0.0000262386,2026-02-19 21:00:00.023000+00:00
xyz:GOLD,0.0000062500,0.0000675743,2026-02-19 22:00:00.022000+00:00
xyz:GOLD,0.0000062500,0.0002143235,2026-02-19 23:00:00.042000+00:00
xyz:GOLD,0.0000062500,0.0001314232,2026-02-20 00:00:00.035000+00:00
xyz:GOLD,0.0000062500,0.0001617869,2026-02-20 01:00:00.190000+00:00
xyz:GOLD,0.0000062500,0.0002132232,2026-02-20 02:00:00.054000+00:00
xyz:GOLD,0.0000062500,0.0002438187,2026-02-20 03:00:00.118000+00:00
xyz:GOLD,0.0000062500,0.0001051737,2026-02-20 04:00:00.085000+00:00
xyz:GOLD,0.0000062500,0.0000750713,2026-02-20 05:00:00.048000+00:00
xyz:GOLD,0.0000062500,0.0000046292,2026-02-20 06:00:00.033000+00:00
xyz:GOLD,0.0000062500,-0.0000623474,2026-02-20 07:00:00.077000+00:00
xyz:GOLD,0.0000062500,0.0001449311,2026-02-20 08:00:00.069000+00:00
xyz:GOLD,0.0000062500,0.0001264302,2026-02-20 09:00:00.018000+00:00
xyz:GOLD,0.0000062500,0.0001463568,2026-02-20 10:00:00.018000+00:00
xyz:GOLD,0.0000062500,0.0001103377,2026-02-20 11:00:00.029000+00:00
xyz:GOLD,0.0000062500,0.0003412757,2026-02-20 12:00:00.020000+00:00
xyz:GOLD,0.0000062500,0.0002780157,2026-02-20 13:00:00.001000+00:00
xyz:GOLD,0.0000207900,0.0006326393,2026-02-20 14:00:00.062000+00:00
xyz:GOLD,0.0000345043,0.0008520694,2026-02-20 15:00:00.013000+00:00
xyz:GOLD,0.0000297284,0.0007756540,2026-02-20 16:00:00.044000+00:00
xyz:GOLD,0.0000164969,0.0005639496,2026-02-20 17:00:00.002000+00:00
xyz:GOLD,0.0000065304,0.0004044862,2026-02-20 18:00:00.056000+00:00
xyz:GOLD,0.0000120572,0.0004929152,2026-02-20 19:00:00.125000+00:00
xyz:GOLD,0.0000062500,0.0003512941,2026-02-20 20:00:00.028000+00:00
xyz:GOLD,0.0000062500,0.0001428769,2026-02-20 21:00:00.083000+00:00
xyz:GOLD,0.0000062500,0.0001985680,2026-02-20 22:00:00.095000+00:00
xyz:GOLD,0.0000014297,-0.0002771243,2026-02-20 23:00:00.033000+00:00
xyz:GOLD,0.0000052793,-0.0002155319,2026-02-21 00:00:00.011000+00:00
xyz:GOLD,0.0000062500,0.0003061007,2026-02-21 01:00:00.131000+00:00
xyz:GOLD,0.0000062500,0.0003046702,2026-02-21 02:00:00.011000+00:00
xyz:GOLD,-0.0000112895,-0.0004806322,2026-02-21 03:00:00.063000+00:00
xyz:GOLD,-0.0000208540,-0.0006336638,2026-02-21 04:00:00.080000+00:00
xyz:GOLD,-0.0000006520,-0.0003104316,2026-02-21 05:00:00.080000+00:00
xyz:GOLD,0.0000062500,-0.0000619235,2026-02-21 06:00:00.034000+00:00
xyz:GOLD,0.0000062500,0.0000015670,2026-02-21 07:00:00.068000+00:00
xyz:GOLD,0.0000089362,0.0004429798,2026-02-21 08:00:00.035000+00:00
xyz:GOLD,0.0000369774,0.0008916386,2026-02-21 09:00:00.020000+00:00
xyz:GOLD,0.0000064326,0.0004029208,2026-02-21 10:00:00.068000+00:00
xyz:GOLD,0.0000062500,0.0002831583,2026-02-21 11:00:00.028000+00:00
xyz:GOLD,0.0000062500,0.0002201571,2026-02-21 12:00:00.071000+00:00
xyz:GOLD,0.0000062500,0.0003371652,2026-02-21 13:00:00.019000+00:00
xyz:GOLD,0.0000098932,0.0004582911,2026-02-21 14:00:00+00:00
xyz:GOLD,0.0000456106,0.0010297688,2026-02-21 15:00:00.011000+00:00
xyz:GOLD,0.0000099266,0.0004588260,2026-02-21 16:00:00.010000+00:00
xyz:GOLD,0.0000062500,0.0001997749,2026-02-21 17:00:00.060000+00:00
xyz:GOLD,0.0000584922,0.0012358756,2026-02-21 18:00:00.086000+00:00
xyz:GOLD,0.0000215233,0.0006443728,2026-02-21 19:00:00.111000+00:00
xyz:GOLD,-0.0000024774,-0.0003396381,2026-02-21 20:00:00.048000+00:00
xyz:GOLD,0.0000052906,-0.0002153503,2026-02-21 21:00:00.024000+00:00
xyz:GOLD,0.0000062500,0.0001005798,2026-02-21 22:00:00.037000+00:00
xyz:GOLD,-0.0000011658,-0.0003186522,2026-02-21 23:00:00.054000+00:00
xyz:GOLD,-0.0000129725,-0.0005075607,2026-02-22 00:00:00.015000+00:00
xyz:GOLD,0.0000058180,-0.0002069123,2026-02-22 01:00:00.084000+00:00
xyz:GOLD,-0.0000058465,-0.0003935445,2026-02-22 02:00:00.046000+00:00
xyz:GOLD,0.0000062500,0.0001585888,2026-02-22 03:00:00.056000+00:00
xyz:GOLD,-0.0000193389,-0.0006094224,2026-02-22 04:00:00.066000+00:00
xyz:GOLD,0.0000062500,0.0000547317,2026-02-22 05:00:00.123000+00:00
xyz:GOLD,0.0000066540,0.0004064633,2026-02-22 06:00:00.012000+00:00
xyz:GOLD,0.0000062500,0.0002754961,2026-02-22 07:00:00.039000+00:00
xyz:GOLD,0.0000062500,-0.0000674629,2026-02-22 08:00:00.009000+00:00
xyz:GOLD,0.0000062500,-0.0000358388,2026-02-22 09:00:00.017000+00:00
xyz:GOLD,-0.0000074518,-0.0004192281,2026-02-22 10:00:00.091000+00:00
xyz:GOLD,0.0000062500,0.0001908509,2026-02-22 11:00:00.056000+00:00
xyz:GOLD,0.0000131381,0.0005102102,2026-02-22 12:00:00.075000+00:00
xyz:GOLD,0.0000192072,0.0006073144,2026-02-22 13:00:00.038000+00:00
xyz:GOLD,0.0000180491,0.0005887850,2026-02-22 14:00:00.048000+00:00
xyz:GOLD,0.0000771255,0.0015340081,2026-02-22 15:00:00.114000+00:00
xyz:GOLD,0.0000062500,0.0001205035,2026-02-22 16:00:00.015000+00:00
xyz:GOLD,0.0000062500,0.0001329946,2026-02-22 17:00:00.036000+00:00
xyz:GOLD,0.0000062500,0.0003924335,2026-02-22 18:00:00.075000+00:00
xyz:GOLD,0.0000062500,0.0000055604,2026-02-22 19:00:00.006000+00:00
xyz:GOLD,0.0000062500,-0.0001934807,2026-02-22 20:00:00.029000+00:00
xyz:GOLD,0.0000157960,0.0005527358,2026-02-22 21:00:00+00:00
xyz:GOLD,0.0000216587,0.0006465387,2026-02-22 22:00:00.023000+00:00
xyz:GOLD,0.0000353559,0.0008656950,2026-02-22 23:00:00.093000+00:00
xyz:GOLD,0.0000859493,0.0016751884,2026-02-23 00:00:00.016000+00:00
xyz:GOLD,0.0000246826,0.0006949215,2026-02-23 01:00:00.004000+00:00
xyz:GOLD,0.0000259338,0.0007149412,2026-02-23 02:00:00.025000+00:00
xyz:GOLD,0.0000466284,0.0010460549,2026-02-23 03:00:00.025000+00:00
xyz:GOLD,0.0000322924,0.0008166782,2026-02-23 04:00:00.028000+00:00
xyz:GOLD,0.0000235998,0.0006775962,2026-02-23 05:00:00.010000+00:00
xyz:GOLD,0.0000165968,0.0005655481,2026-02-23 06:00:00.078000+00:00
xyz:GOLD,0.0000122685,0.0004962959,2026-02-23 07:00:00.058000+00:00
xyz:GOLD,0.0000107203,0.0004715242,2026-02-23 08:00:00.004000+00:00
xyz:GOLD,0.0000076585,0.0004225363,2026-02-23 09:00:00.103000+00:00
xyz:GOLD,0.0000111980,0.0004791676,2026-02-23 10:00:00.012000+00:00
xyz:GOLD,0.0000165747,0.0005651948,2026-02-23 11:00:00.010000+00:00
xyz:GOLD,0.0000251161,0.0007018578,2026-02-23 12:00:00.004000+00:00
xyz:GOLD,0.0000187323,0.0005997163,2026-02-23 13:00:00.080000+00:00
xyz:GOLD,0.0000176382,0.0005822120,2026-02-23 14:00:00.028000+00:00
xyz:GOLD,0.0000190663,0.0006050609,2026-02-23 15:00:00.059000+00:00
xyz:GOLD,0.0000275217,0.0007403477,2026-02-23 16:00:00.045000+00:00
xyz:GOLD,0.0000345487,0.0008527791,2026-02-23 17:00:00.042000+00:00
xyz:GOLD,0.0000112033,0.0004792523,2026-02-23 18:00:00.076000+00:00
xyz:GOLD,0.0000232992,0.0006727869,2026-02-23 19:00:00.053000+00:00
xyz:GOLD,0.0000302712,0.0007843392,2026-02-23 20:00:00.017000+00:00
xyz:GOLD,0.0000364303,0.0008828847,2026-02-23 21:00:00.054000+00:00
xyz:GOLD,0.0000356428,0.0008702856,2026-02-23 22:00:00.029000+00:00
xyz:GOLD,0.0000348814,0.0008581026,2026-02-23 23:00:00.037000+00:00
xyz:GOLD,0.0000413698,0.0009619168,2026-02-24 00:00:00.048000+00:00
xyz:GOLD,0.0000222184,0.0006554951,2026-02-24 01:00:00.134000+00:00
xyz:GOLD,0.0000294063,0.0007705004,2026-02-24 02:00:00.050000+00:00
xyz:GOLD,0.0000134066,0.0005145062,2026-02-24 03:00:00.046000+00:00
xyz:GOLD,0.0000104502,0.0004672025,2026-02-24 04:00:00.015000+00:00
xyz:GOLD,0.0000062500,0.0003800150,2026-02-24 05:00:00.026000+00:00
xyz:GOLD,0.0000062500,0.0003148730,2026-02-24 06:00:00.085000+00:00
xyz:GOLD,0.0000123953,0.0004983251,2026-02-24 07:00:00.076000+00:00
xyz:GOLD,0.0000114159,0.0004826541,2026-02-24 08:00:00.022000+00:00
xyz:GOLD,0.0000187544,0.0006000704,2026-02-24 09:00:00.048000+00:00
xyz:GOLD,0.0000393310,0.0009292958,2026-02-24 10:00:00.044000+00:00
xyz:GOLD,0.0000383431,0.0009134900,2026-02-24 11:00:00.020000+00:00
xyz:GOLD,0.0000404191,0.0009467062,2026-02-24 12:00:00.025000+00:00
xyz:GOLD,0.0000414121,0.0009625928,2026-02-24 13:00:00.047000+00:00
xyz:GOLD,0.0000412166,0.0009594650,2026-02-24 14:00:00.060000+00:00
xyz:GOLD,0.0000396706,0.0009347304,2026-02-24 15:00:00.057000+00:00
xyz:GOLD,0.0000062500,0.0003542717,2026-02-24 16:00:00.005000+00:00
xyz:GOLD,0.0000081633,0.0004306132,2026-02-24 17:00:00.049000+00:00
xyz:GOLD,0.0000211153,0.0006378442,2026-02-24 18:00:00.022000+00:00
xyz:GOLD,0.0000237532,0.0006800507,2026-02-24 19:00:00.066000+00:00
xyz:GOLD,0.0000214671,0.0006434739,2026-02-24 20:00:00.026000+00:00
xyz:GOLD,0.0000175290,0.0005804643,2026-02-24 21:00:00.002000+00:00
xyz:GOLD,0.0000211128,0.0006378056,2026-02-24 22:00:00.030000+00:00
xyz:GOLD,0.0000062500,0.0000941517,2026-02-24 23:00:00.078000+00:00
xyz:GOLD,0.0000135905,0.0005174477,2026-02-25 00:00:00.014000+00:00
xyz:GOLD,0.0000087139,0.0004394220,2026-02-25 01:00:00.032000+00:00
xyz:GOLD,0.0000071392,0.0004142265,2026-02-25 02:00:00.039000+00:00
xyz:GOLD,0.0000062500,0.0002556097,2026-02-25 03:00:00.030000+00:00
xyz:GOLD,0.0000062500,0.0001943673,2026-02-25 04:00:00.056000+00:00
xyz:GOLD,0.0000156244,0.0005499900,2026-02-25 05:00:00.028000+00:00
xyz:GOLD,0.0000062500,0.0003732275,2026-02-25 06:00:00.061000+00:00
xyz:GOLD,0.0000062500,0.0003745771,2026-02-25 07:00:00+00:00
xyz:GOLD,0.0000062500,0.0001774238,2026-02-25 08:00:00.037000+00:00
xyz:GOLD,0.0000091110,0.0004457753,2026-02-25 09:00:00.060000+00:00
xyz:GOLD,0.0000211326,0.0006381210,2026-02-25 10:00:00.029000+00:00
xyz:GOLD,0.0000280225,0.0007483597,2026-02-25 11:00:00.055000+00:00
xyz:GOLD,0.0000265465,0.0007247443,2026-02-25 12:00:00.008000+00:00
xyz:GOLD,0.0000215077,0.0006441237,2026-02-25 13:00:00.008000+00:00
xyz:GOLD,0.0000139555,0.0005232887,2026-02-25 14:00:00.023000+00:00
xyz:GOLD,0.0000285610,0.0007569763,2026-02-25 15:00:00.051000+00:00
xyz:GOLD,0.0000062500,0.0003824372,2026-02-25 16:00:00.012000+00:00
xyz:GOLD,0.0000062500,0.0002014227,2026-02-25 17:00:00.075000+00:00
xyz:GOLD,0.0000062500,0.0001918925,2026-02-25 18:00:00.088000+00:00
xyz:GOLD,0.0000062500,0.0000793116,2026-02-25 19:00:00.128000+00:00
xyz:GOLD,0.0000062500,0.0002484145,2026-02-25 20:00:00.055000+00:00
xyz:GOLD,0.0000062500,0.0003292981,2026-02-25 21:00:00.015000+00:00
xyz:GOLD,0.0000062500,0.0002139600,2026-02-25 22:00:00+00:00
xyz:GOLD,-0.0000071592,-0.0004145469,2026-02-25 23:00:00.045000+00:00
xyz:GOLD,0.0000062500,0.0000051945,2026-02-26 00:00:00.036000+00:00
xyz:GOLD,0.0000062500,0.0000261544,2026-02-26 01:00:00.091000+00:00
xyz:GOLD,0.0000062500,-0.0000654458,2026-02-26 02:00:00.018000+00:00
xyz:GOLD,0.0000062500,0.0002162295,2026-02-26 03:00:00.060000+00:00
xyz:GOLD,0.0000062500,0.0002060176,2026-02-26 04:00:00.013000+00:00
xyz:GOLD,0.0000062500,0.0003285162,2026-02-26 05:00:00.058000+00:00
xyz:GOLD,0.0000062500,0.0002681572,2026-02-26 06:00:00.099000+00:00
xyz:GOLD,0.0000062500,0.0002946769,2026-02-26 07:00:00.021000+00:00
xyz:GOLD,0.0000122951,0.0004967217,2026-02-26 08:00:00.072000+00:00
xyz:GOLD,0.0000156801,0.0005508810,2026-02-26 09:00:00.076000+00:00
xyz:GOLD,0.0000062500,0.0002557659,2026-02-26 10:00:00.108000+00:00
xyz:GOLD,0.0000062500,0.0002990865,2026-02-26 11:00:00.073000+00:00
xyz:GOLD,0.0000062500,0.0003856281,2026-02-26 12:00:00.041000+00:00
xyz:GOLD,0.0000062500,0.0001811958,2026-02-26 13:00:00.051000+00:00
xyz:GOLD,0.0000062500,0.0002654462,2026-02-26 14:00:00.019000+00:00
xyz:GOLD,0.0000062500,0.0000768327,2026-02-26 15:00:00.033000+00:00
xyz:GOLD,0.0000062500,0.0000267569,2026-02-26 16:00:00.028000+00:00
xyz:GOLD,0.0000062500,0.0000842761,2026-02-26 17:00:00.027000+00:00
xyz:GOLD,0.0000062500,0.0002529960,2026-02-26 18:00:00.023000+00:00
xyz:GOLD,0.0000062500,0.0002640798,2026-02-26 19:00:00.009000+00:00
xyz:GOLD,0.0000062500,0.0002189297,2026-02-26 20:00:00.035000+00:00
xyz:GOLD,0.0000062500,0.0003112219,2026-02-26 21:00:00.019000+00:00
xyz:GOLD,0.0000164442,0.0005631072,2026-02-26 22:00:00.019000+00:00
xyz:GOLD,0.0000073956,0.0004183304,2026-02-26 23:00:00.054000+00:00
xyz:GOLD,0.0000162809,0.0005604946,2026-02-27 00:00:00.001000+00:00
xyz:GOLD,0.0000215072,0.0006441160,2026-02-27 01:00:00.078000+00:00
xyz:GOLD,0.0000223539,0.0006576625,2026-02-27 02:00:00.016000+00:00
xyz:GOLD,0.0000305212,0.0007883388,2026-02-27 03:00:00.116000+00:00
xyz:GOLD,0.0000344742,0.0008515871,2026-02-27 04:00:00.057000+00:00
xyz:GOLD,0.0000255243,0.0007083894,2026-02-27 05:00:00.058000+00:00
xyz:GOLD,0.0000083757,0.0004340109,2026-02-27 06:00:00.053000+00:00
xyz:GOLD,0.0000118564,0.0004897025,2026-02-27 07:00:00.067000+00:00
xyz:GOLD,0.0000237700,0.0006803203,2026-02-27 08:00:00.017000+00:00
xyz:GOLD,0.0000267246,0.0007275935,2026-02-27 09:00:00.026000+00:00
xyz:GOLD,0.0000202888,0.0006246205,2026-02-27 10:00:00.074000+00:00
xyz:GOLD,0.0000249322,0.0006989153,2026-02-27 11:00:00.078000+00:00
xyz:GOLD,0.0000284219,0.0007547504,2026-02-27 12:00:00.028000+00:00
xyz:GOLD,0.0000307475,0.0007919601,2026-02-27 13:00:00.020000+00:00
xyz:GOLD,0.0000251541,0.0007024662,2026-02-27 14:00:00.036000+00:00
xyz:GOLD,0.0000238734,0.0006819741,2026-02-27 15:00:00.054000+00:00
xyz:GOLD,0.0000211691,0.0006387064,2026-02-27 16:00:00.132000+00:00
xyz:GOLD,0.0000271512,0.0007344200,2026-02-27 17:00:00.041000+00:00
xyz:GOLD,0.0000100741,0.0004611855,2026-02-27 18:00:00.037000+00:00
xyz:GOLD,0.0000062500,0.0002655661,2026-02-27 19:00:00.012000+00:00
xyz:GOLD,0.0000089322,0.0004429145,2026-02-27 20:00:00.028000+00:00
xyz:GOLD,0.0000062500,0.0003142734,2026-02-27 21:00:00.037000+00:00
xyz:GOLD,0.0000062500,0.0001109890,2026-02-27 22:00:00.023000+00:00
xyz:GOLD,0.0000062500,0.0003381481,2026-02-27 23:00:00.014000+00:00
xyz:GOLD,-0.0000038969,-0.0003623509,2026-02-28 00:00:00.086000+00:00
xyz:GOLD,-0.0000028452,-0.0003455236,2026-02-28 01:00:00.090000+00:00
xyz:GOLD,0.0000350328,0.0008605252,2026-02-28 02:00:00.058000+00:00
xyz:GOLD,0.0000101514,0.0004624226,2026-02-28 03:00:00.012000+00:00
xyz:GOLD,0.0000062500,0.0003132587,2026-02-28 04:00:00.088000+00:00
xyz:GOLD,0.0000385292,0.0009164673,2026-02-28 05:00:00.063000+00:00
xyz:GOLD,0.0000256516,0.0007104259,2026-02-28 06:00:00.065000+00:00
xyz:GOLD,0.0001518733,0.0027299727,2026-02-28 07:00:00.026000+00:00
xyz:GOLD,0.0001040729,0.0019651665,2026-02-28 08:00:00.028000+00:00
xyz:GOLD,0.0002641095,0.0045257524,2026-02-28 09:00:00.012000+00:00
xyz:GOLD,0.0004950101,0.0082201614,2026-02-28 10:00:00.008000+00:00
xyz:GOLD,0.0002752606,0.0047041695,2026-02-28 11:00:00.008000+00:00
xyz:GOLD,-0.0000913963,-0.0017623411,2026-02-28 12:00:00.032000+00:00
xyz:GOLD,0.0000062500,0.0001072121,2026-02-28 13:00:00.035000+00:00
xyz:GOLD,-0.0001683724,-0.0029939587,2026-02-28 14:00:00.033000+00:00
xyz:GOLD,-0.0001257076,-0.0023113211,2026-02-28 15:00:00.021000+00:00
xyz:GOLD,-0.0000246206,-0.0006939301,2026-02-28 16:00:00.041000+00:00
xyz:GOLD,-0.0000628942,-0.0013063080,2026-02-28 17:00:00.025000+00:00
xyz:GOLD,-0.0000025466,-0.0003407449,2026-02-28 18:00:00.015000+00:00
xyz:GOLD,-0.0000144511,-0.0005312181,2026-02-28 19:00:00.074000+00:00
xyz:GOLD,-0.0000602473,-0.0012639563,2026-02-28 20:00:00.039000+00:00
xyz:GOLD,-0.0002281753,-0.0039508044,2026-02-28 21:00:00.041000+00:00
xyz:GOLD,0.0000142981,0.0005287696,2026-02-28 22:00:00.035000+00:00
xyz:GOLD,-0.0000038028,-0.0003608453,2026-02-28 23:00:00.066000+00:00
xyz:GOLD,-0.0000155379,-0.0005486065,2026-03-01 00:00:00.168000+00:00
xyz:GOLD,0.0000062500,-0.0001062936,2026-03-01 01:00:00.024000+00:00
xyz:GOLD,0.0000062500,-0.0001727173,2026-03-01 02:00:00.052000+00:00
xyz:GOLD,-0.0001672403,-0.0029758453,2026-03-01 03:00:00.074000+00:00
xyz:GOLD,-0.0001353216,-0.0024651455,2026-03-01 04:00:00.034000+00:00
xyz:GOLD,0.0000596273,0.0012540365,2026-03-01 05:00:00.052000+00:00
xyz:GOLD,0.0000619381,0.0012910094,2026-03-01 06:00:00.071000+00:00
xyz:GOLD,0.0001380698,0.0025091172,2026-03-01 07:00:00.018000+00:00
xyz:GOLD,0.0000317172,0.0008074760,2026-03-01 08:00:00.093000+00:00
xyz:GOLD,0.0000295343,0.0007725481,2026-03-01 09:00:00.017000+00:00
xyz:GOLD,0.0000891466,0.0017263458,2026-03-01 10:00:00.018000+00:00
xyz:GOLD,0.0000590101,0.0012441614,2026-03-01 11:00:00.017000+00:00
xyz:GOLD,0.0000062500,-0.0001747901,2026-03-01 12:00:00.039000+00:00
xyz:GOLD,0.0001146064,0.0021337023,2026-03-01 13:00:00.054000+00:00
xyz:GOLD,0.0000461027,0.0010376431,2026-03-01 14:00:00.029000+00:00
xyz:GOLD,0.0000048214,-0.0002228571,2026-03-01 15:00:00.027000+00:00
xyz:GOLD,-0.0000030797,-0.0003492744,2026-03-01 16:00:00.018000+00:00
xyz:GOLD,0.0000062500,-0.0001120269,2026-03-01 17:00:00.120000+00:00
xyz:GOLD,0.0000499663,0.0010994611,2026-03-01 18:00:00.070000+00:00
xyz:GOLD,0.0000382140,0.0009114244,2026-03-01 19:00:00.062000+00:00
xyz:GOLD,0.0000062500,-0.0000426268,2026-03-01 20:00:00.026000+00:00
xyz:GOLD,0.0001341300,0.0024460807,2026-03-01 21:00:00.065000+00:00
xyz:GOLD,0.0001011107,0.0019177710,2026-03-01 22:00:00.085000+00:00
xyz:GOLD,-0.0000009034,-0.0003144545,2026-03-01 23:00:00.005000+00:00
xyz:GOLD,0.0000062500,0.0003802971,2026-03-02 00:00:00.044000+00:00
xyz:GOLD,0.0000062500,0.0001236427,2026-03-02 01:00:00.048000+00:00
xyz:GOLD,0.0000062500,-0.0000038517,2026-03-02 02:00:00.044000+00:00
xyz:GOLD,0.0000062500,0.0000216701,2026-03-02 03:00:00.063000+00:00
xyz:GOLD,0.0000062500,-0.0000473385,2026-03-02 04:00:00.048000+00:00
xyz:GOLD,-0.0000026205,-0.0003419284,2026-03-02 05:00:00.071000+00:00
xyz:GOLD,-0.0000072749,-0.0004163978,2026-03-02 06:00:00.062000+00:00
xyz:GOLD,0.0000062500,-0.0001844225,2026-03-02 07:00:00.054000+00:00
xyz:GOLD,-0.0000143265,-0.0005292236,2026-03-02 08:00:00.003000+00:00
xyz:GOLD,-0.0000177993,-0.0005847886,2026-03-02 09:00:00.091000+00:00
xyz:GOLD,0.0000031566,-0.0002494946,2026-03-02 10:00:00.007000+00:00
xyz:GOLD,0.0000062500,-0.0001541312,2026-03-02 11:00:00.019000+00:00
xyz:GOLD,0.0000049720,-0.0002204483,2026-03-02 12:00:00.016000+00:00
xyz:GOLD,0.0000062500,-0.0001878192,2026-03-02 13:00:00.034000+00:00
xyz:GOLD,0.0000062500,-0.0000610227,2026-03-02 14:00:00.035000+00:00
xyz:GOLD,0.0000062500,0.0000139557,2026-03-02 15:00:00.070000+00:00
xyz:GOLD,-0.0000186709,-0.0005987347,2026-03-02 16:00:00.053000+00:00
xyz:GOLD,-0.0000070789,-0.0004132630,2026-03-02 17:00:00.086000+00:00
xyz:GOLD,0.0000062500,-0.0000227926,2026-03-02 18:00:00.025000+00:00
xyz:GOLD,-0.0000017862,-0.0003285798,2026-03-02 19:00:00.044000+00:00
xyz:GOLD,-0.0000187948,-0.0006007171,2026-03-02 20:00:00.120000+00:00
xyz:GOLD,-0.0000118505,-0.0004896072,2026-03-02 21:00:00.038000+00:00
xyz:GOLD,-0.0000155015,-0.0005480244,2026-03-02 22:00:00.033000+00:00
xyz:GOLD,-0.0000153001,-0.0005448022,2026-03-02 23:00:00.068000+00:00
xyz:GOLD,-0.0000368368,-0.0008893893,2026-03-03 00:00:00.062000+00:00
xyz:GOLD,-0.0000320839,-0.0008133432,2026-03-03 01:00:00.052000+00:00
xyz:GOLD,-0.0000131931,-0.0005110895,2026-03-03 02:00:00.011000+00:00
xyz:GOLD,-0.0000074024,-0.0004184381,2026-03-03 03:00:00.058000+00:00
xyz:GOLD,-0.0000274073,-0.0007385173,2026-03-03 04:00:00.010000+00:00
xyz:GOLD,-0.0000076514,-0.0004224217,2026-03-03 05:00:00.074000+00:00
xyz:GOLD,0.0000062500,-0.0000721405,2026-03-03 06:00:00.050000+00:00
xyz:GOLD,-0.0000067298,-0.0004076761,2026-03-03 07:00:00.069000+00:00
xyz:GOLD,0.0000059229,-0.0002052344,2026-03-03 08:00:00.009000+00:00
xyz:GOLD,0.0000062500,0.0000115736,2026-03-03 09:00:00.114000+00:00
xyz:GOLD,0.0000006280,-0.0002899518,2026-03-03 10:00:00.046000+00:00
xyz:GOLD,-0.0000098656,-0.0004578493,2026-03-03 11:00:00.006000+00:00
xyz:GOLD,-0.0000134752,-0.0005156037,2026-03-03 12:00:00.013000+00:00
xyz:GOLD,-0.0000196676,-0.0006146817,2026-03-03 13:00:00.012000+00:00
xyz:GOLD,-0.0000032536,-0.0003520572,2026-03-03 14:00:00.039000+00:00
xyz:GOLD,-0.0000017130,-0.0003274078,2026-03-03 15:00:00.007000+00:00
xyz:GOLD,0.0000062500,0.0000167882,2026-03-03 16:00:00.004000+00:00
xyz:GOLD,-0.0000092453,-0.0004479254,2026-03-03 17:00:00.041000+00:00
xyz:GOLD,0.0000062500,-0.0001895597,2026-03-03 18:00:00.015000+00:00
xyz:GOLD,0.0000062500,-0.0001648979,2026-03-03 19:00:00.049000+00:00
xyz:GOLD,-0.0000071669,-0.0004146706,2026-03-03 20:00:00.007000+00:00
xyz:GOLD,-0.0000068005,-0.0004088082,2026-03-03 21:00:00.014000+00:00
xyz:GOLD,-0.0000118759,-0.0004900144,2026-03-03 22:00:00.070000+00:00
xyz:GOLD,0.0000261987,0.0007191790,2026-03-03 23:00:00.016000+00:00
xyz:GOLD,-0.0000107756,-0.0004724090,2026-03-04 00:00:00.034000+00:00
xyz:GOLD,-0.0000203887,-0.0006262189,2026-03-04 01:00:00.049000+00:00
xyz:GOLD,-0.0000130306,-0.0005084897,2026-03-04 02:00:00.060000+00:00
xyz:GOLD,-0.0000338328,-0.0008413253,2026-03-04 03:00:00.052000+00:00
xyz:GOLD,0.0000062500,-0.0001889679,2026-03-04 04:00:00.001000+00:00
xyz:GOLD,0.0000059319,-0.0002050902,2026-03-04 05:00:00.064000+00:00
xyz:GOLD,0.0000028455,-0.0002544717,2026-03-04 06:00:00.079000+00:00
xyz:GOLD,-0.0000022917,-0.0003366672,2026-03-04 07:00:00.095000+00:00
xyz:GOLD,0.0000062500,-0.0001591966,2026-03-04 08:00:00.047000+00:00
xyz:GOLD,-0.0000003630,-0.0003058085,2026-03-04 09:00:00.010000+00:00
xyz:GOLD,0.0000045705,-0.0002268725,2026-03-04 10:00:00.069000+00:00
xyz:GOLD,-0.0000063039,-0.0004008629,2026-03-04 11:00:00.024000+00:00
xyz:GOLD,-0.0000072464,-0.0004159417,2026-03-04 12:00:00.133000+00:00
xyz:GOLD,-0.0000031797,-0.0003508749,2026-03-04 13:00:00.019000+00:00
xyz:GOLD,-0.0000174114,-0.0005785818,2026-03-04 14:00:00.036000+00:00
xyz:GOLD,-0.0000087995,-0.0004407919,2026-03-04 15:00:00.023000+00:00
xyz:GOLD,-0.0000080395,-0.0004286319,2026-03-04 16:00:00.011000+00:00
xyz:GOLD,-0.0000084996,-0.0004359940,2026-03-04 17:00:00.095000+00:00
xyz:GOLD,-0.0000012544,-0.0003200698,2026-03-04 18:00:00.092000+00:00
xyz:GOLD,-0.0000304281,-0.0007868490,2026-03-04 19:00:00.093000+00:00
xyz:GOLD,-0.0000056581,-0.0003905297,2026-03-04 20:00:00.047000+00:00
xyz:GOLD,0.0000062500,-0.0001738839,2026-03-04 21:00:00.048000+00:00
xyz:GOLD,0.0000062500,-0.0001538965,2026-03-04 22:00:00.024000+00:00
xyz:GOLD,0.0000062500,0.0001104444,2026-03-04 23:00:00.045000+00:00
xyz:GOLD,0.0000006280,-0.0002899521,2026-03-05 00:00:00.022000+00:00
xyz:GOLD,-0.0000135562,-0.0005168996,2026-03-05 01:00:00.018000+00:00
xyz:GOLD,-0.0000212948,-0.0006407170,2026-03-05 02:00:00.139000+00:00
xyz:GOLD,-0.0000066077,-0.0004057240,2026-03-05 03:00:00.019000+00:00
xyz:GOLD,-0.0000087463,-0.0004399414,2026-03-05 04:00:00.027000+00:00
xyz:GOLD,-0.0000190398,-0.0006046370,2026-03-05 05:00:00.001000+00:00
xyz:GOLD,-0.0000094965,-0.0004519447,2026-03-05 06:00:00.037000+00:00
xyz:GOLD,-0.0000334646,-0.0008354342,2026-03-05 07:00:00.091000+00:00
xyz:GOLD,-0.0000213541,-0.0006416662,2026-03-05 08:00:00.033000+00:00
xyz:GOLD,-0.0000056504,-0.0003904058,2026-03-05 09:00:00.063000+00:00
xyz:GOLD,0.0000062500,-0.0001487013,2026-03-05 10:00:00.091000+00:00
xyz:GOLD,0.0000062500,-0.0001636553,2026-03-05 11:00:00.017000+00:00
xyz:GOLD,-0.0000046440,-0.0003743034,2026-03-05 12:00:00.003000+00:00
xyz:GOLD,0.0000062500,-0.0001923922,2026-03-05 13:00:00.009000+00:00
xyz:GOLD,-0.0000013671,-0.0003218738,2026-03-05 14:00:00.024000+00:00
xyz:GOLD,0.0000028830,-0.0002538726,2026-03-05 15:00:00.039000+00:00
xyz:GOLD,-0.0000026878,-0.0003430044,2026-03-05 16:00:00.034000+00:00
xyz:GOLD,0.0000047058,-0.0002247080,2026-03-05 17:00:00.083000+00:00
xyz:GOLD,0.0000029128,-0.0002533945,2026-03-05 18:00:00.048000+00:00
xyz:GOLD,0.0000062500,-0.0000628173,2026-03-05 19:00:00.052000+00:00
xyz:GOLD,0.0000062500,-0.0001510182,2026-03-05 20:00:00.073000+00:00
xyz:GOLD,0.0000062500,-0.0000908516,2026-03-05 21:00:00.042000+00:00
xyz:GOLD,0.0000062500,-0.0001987607,2026-03-05 22:00:00.028000+00:00
xyz:GOLD,0.0000062500,0.0003019015,2026-03-05 23:00:00.029000+00:00
xyz:GOLD,0.0000062500,0.0000249960,2026-03-06 00:00:00.030000+00:00
xyz:GOLD,0.0000062500,0.0001122559,2026-03-06 01:00:00.082000+00:00
xyz:GOLD,-0.0000003024,-0.0003048388,2026-03-06 02:00:00.006000+00:00
xyz:GOLD,-0.0000145700,-0.0005331207,2026-03-06 03:00:00.079000+00:00
xyz:GOLD,0.0000053074,-0.0002150821,2026-03-06 04:00:00.026000+00:00
xyz:GOLD,-0.0000089256,-0.0004428100,2026-03-06 05:00:00.112000+00:00
xyz:GOLD,-0.0000185781,-0.0005972504,2026-03-06 06:00:00.019000+00:00
xyz:GOLD,-0.0000105736,-0.0004691771,2026-03-06 07:00:00.028000+00:00
xyz:GOLD,-0.0000109489,-0.0004751818,2026-03-06 08:00:00.021000+00:00
xyz:GOLD,-0.0000014354,-0.0003229664,2026-03-06 09:00:00.022000+00:00
xyz:GOLD,-0.0000131693,-0.0005107086,2026-03-06 10:00:00.031000+00:00
xyz:GOLD,0.0000032494,-0.0002480096,2026-03-06 11:00:00.036000+00:00
xyz:GOLD,0.0000062500,-0.0001720850,2026-03-06 12:00:00.052000+00:00
xyz:GOLD,-0.0000065995,-0.0004055915,2026-03-06 13:00:00.052000+00:00
xyz:GOLD,-0.0000103460,-0.0004655367,2026-03-06 14:00:00.033000+00:00
xyz:GOLD,-0.0000059743,-0.0003955890,2026-03-06 15:00:00.037000+00:00
xyz:GOLD,0.0000062500,-0.0000505222,2026-03-06 16:00:00.062000+00:00
xyz:GOLD,0.0000022147,-0.0002645641,2026-03-06 17:00:00.089000+00:00
xyz:GOLD,-0.0000031534,-0.0003504542,2026-03-06 18:00:00.056000+00:00
xyz:GOLD,-0.0000128974,-0.0005063583,2026-03-06 19:00:00.066000+00:00
xyz:GOLD,-0.0000348367,-0.0008573870,2026-03-06 20:00:00.046000+00:00
xyz:GOLD,-0.0000296677,-0.0007746829,2026-03-06 21:00:00.021000+00:00
xyz:GOLD,-0.0000204516,-0.0006272263,2026-03-06 22:00:00.046000+00:00
xyz:GOLD,0.0000062500,-0.0001202273,2026-03-06 23:00:00.092000+00:00
xyz:GOLD,-0.0000148217,-0.0005371472,2026-03-07 00:00:00.061000+00:00
xyz:GOLD,0.0000062500,-0.0001299284,2026-03-07 01:00:00.027000+00:00
xyz:GOLD,0.0000062500,-0.0000837654,2026-03-07 02:00:00.050000+00:00
xyz:GOLD,-0.0000351454,-0.0008623264,2026-03-07 03:00:00.045000+00:00
xyz:GOLD,0.0000062500,0.0002884328,2026-03-07 04:00:00.014000+00:00
xyz:GOLD,0.0000172131,0.0005754090,2026-03-07 05:00:00.052000+00:00
xyz:GOLD,0.0000064574,0.0004033190,2026-03-07 06:00:00.070000+00:00
xyz:GOLD,0.0000062500,0.0002587298,2026-03-07 07:00:00.068000+00:00
xyz:GOLD,0.0000078834,0.0004261336,2026-03-07 08:00:00.015000+00:00
xyz:GOLD,0.0000062217,-0.0002004521,2026-03-07 09:00:00.005000+00:00
xyz:GOLD,-0.0000002102,-0.0003033634,2026-03-07 10:00:00.014000+00:00
xyz:GOLD,0.0000062500,0.0000929318,2026-03-07 11:00:00.002000+00:00
xyz:GOLD,0.0000062500,0.0001079230,2026-03-07 12:00:00.031000+00:00
xyz:GOLD,0.0000062500,-0.0000059780,2026-03-07 13:00:00.033000+00:00
xyz:GOLD,0.0000062500,-0.0001750645,2026-03-07 14:00:00.084000+00:00
xyz:GOLD,0.0000062500,-0.0000159766,2026-03-07 15:00:00.012000+00:00
xyz:GOLD,0.0000062500,0.0000948847,2026-03-07 16:00:00.014000+00:00
xyz:GOLD,0.0000062500,0.0002893207,2026-03-07 17:00:00.077000+00:00
xyz:GOLD,0.0000122571,0.0004961130,2026-03-07 18:00:00.110000+00:00
xyz:GOLD,0.0000031708,-0.0002492674,2026-03-07 19:00:00.003000+00:00
xyz:GOLD,-0.0000122031,-0.0004952496,2026-03-07 20:00:00.010000+00:00
xyz:GOLD,-0.0000281062,-0.0007496996,2026-03-07 21:00:00.135000+00:00
xyz:GOLD,0.0000062500,0.0000203169,2026-03-07 22:00:00.082000+00:00
xyz:GOLD,0.0000062500,0.0003440335,2026-03-07 23:00:00.068000+00:00
xyz:GOLD,0.0000062500,-0.0000677914,2026-03-08 00:00:00.002000+00:00
xyz:GOLD,0.0000032201,-0.0002484781,2026-03-08 01:00:00.030000+00:00
xyz:GOLD,0.0000062500,0.0002509655,2026-03-08 02:00:00.003000+00:00
xyz:GOLD,0.0000062500,0.0003069759,2026-03-08 03:00:00.042000+00:00
xyz:GOLD,0.0000062500,0.0000435319,2026-03-08 04:00:00.001000+00:00
xyz:GOLD,0.0000062500,-0.0000146600,2026-03-08 05:00:00.024000+00:00
xyz:GOLD,0.0000001444,-0.0002976896,2026-03-08 06:00:00.045000+00:00
xyz:GOLD,0.0000062500,-0.0001047249,2026-03-08 07:00:00.036000+00:00
xyz:GOLD,0.0000062500,-0.0000277693,2026-03-08 08:00:00.041000+00:00
xyz:GOLD,0.0000062500,0.0000945838,2026-03-08 09:00:00.029000+00:00
xyz:GOLD,0.0000062500,-0.0001528625,2026-03-08 10:00:00.035000+00:00
xyz:GOLD,-0.0000055427,-0.0003886830,2026-03-08 11:00:00.036000+00:00
xyz:GOLD,-0.0000010674,-0.0003170789,2026-03-08 12:00:00.021000+00:00
xyz:GOLD,0.0000062500,-0.0000868477,2026-03-08 13:00:00.049000+00:00
xyz:GOLD,0.0000062500,0.0000797105,2026-03-08 14:00:00.061000+00:00
xyz:GOLD,0.0000062500,0.0002583497,2026-03-08 15:00:00.088000+00:00
xyz:GOLD,0.0000062500,0.0000785955,2026-03-08 16:00:00.024000+00:00
xyz:GOLD,0.0000062500,-0.0000537897,2026-03-08 17:00:00.018000+00:00
xyz:GOLD,-0.0000072226,-0.0004155613,2026-03-08 18:00:00.004000+00:00
xyz:GOLD,-0.0000138828,-0.0005221251,2026-03-08 19:00:00+00:00
xyz:GOLD,0.0000062500,0.0000490733,2026-03-08 20:00:00.074000+00:00
xyz:GOLD,0.0000062500,0.0003884402,2026-03-08 21:00:00.003000+00:00
xyz:GOLD,-0.0000197276,-0.0006156422,2026-03-08 22:00:00.038000+00:00
xyz:GOLD,-0.0000127285,-0.0005036552,2026-03-08 23:00:00.057000+00:00
xyz:GOLD,0.0000062500,-0.0001786941,2026-03-09 00:00:00.091000+00:00
xyz:GOLD,0.0000032845,-0.0002474474,2026-03-09 01:00:00.052000+00:00
xyz:GOLD,-0.0000146223,-0.0005339575,2026-03-09 02:00:00.016000+00:00
xyz:GOLD,-0.0000167061,-0.0005672975,2026-03-09 03:00:00.012000+00:00
xyz:GOLD,-0.0000129173,-0.0005066768,2026-03-09 04:00:00.030000+00:00
xyz:GOLD,-0.0000011249,-0.0003179979,2026-03-09 05:00:00.088000+00:00
xyz:GOLD,-0.0000130653,-0.0005090445,2026-03-09 06:00:00.070000+00:00
xyz:GOLD,-0.0000160108,-0.0005561723,2026-03-09 07:00:00.026000+00:00
xyz:GOLD,-0.0000060805,-0.0003972886,2026-03-09 08:00:00.094000+00:00
xyz:GOLD,-0.0000046985,-0.0003751766,2026-03-09 09:00:00.114000+00:00
xyz:GOLD,-0.0000059441,-0.0003951063,2026-03-09 10:00:00.108000+00:00
xyz:GOLD,0.0000062500,-0.0001684858,2026-03-09 11:00:00.050000+00:00
xyz:GOLD,-0.0000044990,-0.0003719832,2026-03-09 12:00:00.051000+00:00
xyz:GOLD,0.0000028755,-0.0002539922,2026-03-09 13:00:00.073000+00:00
xyz:GOLD,0.0000062500,-0.0001547906,2026-03-09 14:00:00.061000+00:00
xyz:GOLD,0.0000006686,-0.0002893031,2026-03-09 15:00:00.084000+00:00
xyz:GOLD,-0.0000007840,-0.0003125443,2026-03-09 16:00:00.075000+00:00
xyz:GOLD,-0.0000025927,-0.0003414825,2026-03-09 17:00:00.049000+00:00
xyz:GOLD,-0.0000043409,-0.0003694551,2026-03-09 18:00:00.036000+00:00
xyz:GOLD,-0.0000181102,-0.0005897633,2026-03-09 19:00:00.053000+00:00
xyz:GOLD,-0.0000020479,-0.0003327656,2026-03-09 20:00:00.002000+00:00
xyz:GOLD,0.0000032597,-0.0002478449,2026-03-09 21:00:00.074000+00:00
xyz:GOLD,0.0000057069,-0.0002086903,2026-03-09 22:00:00.010000+00:00
xyz:GOLD,-0.0000041884,-0.0003670148,2026-03-09 23:00:00.038000+00:00
xyz:GOLD,0.0000062500,-0.0000971808,2026-03-10 00:00:00.042000+00:00
xyz:GOLD,0.0000062500,-0.0001826734,2026-03-10 01:00:00.084000+00:00
xyz:GOLD,-0.0000176955,-0.0005831278,2026-03-10 02:00:00.013000+00:00
xyz:GOLD,-0.0000078826,-0.0004261214,2026-03-10 03:00:00.052000+00:00
xyz:GOLD,-0.0000127126,-0.0005034022,2026-03-10 04:00:00.041000+00:00
xyz:GOLD,0.0000010300,-0.0002835193,2026-03-10 05:00:00.054000+00:00
xyz:GOLD,0.0000013264,-0.0002787782,2026-03-10 06:00:00.137000+00:00
xyz:GOLD,-0.0000011616,-0.0003185853,2026-03-10 07:00:00.065000+00:00
xyz:GOLD,-0.0000039918,-0.0003638693,2026-03-10 08:00:00.052000+00:00
xyz:GOLD,-0.0000030994,-0.0003495910,2026-03-10 09:00:00.017000+00:00
xyz:GOLD,-0.0000085228,-0.0004363650,2026-03-10 10:00:00.060000+00:00
xyz:GOLD,-0.0000139841,-0.0005237451,2026-03-10 11:00:00.011000+00:00
xyz:GOLD,-0.0000004038,-0.0003064605,2026-03-10 12:00:00.038000+00:00
xyz:GOLD,-0.0000067686,-0.0004082976,2026-03-10 13:00:00.061000+00:00
xyz:GOLD,-0.0000009440,-0.0003151039,2026-03-10 14:00:00.027000+00:00
xyz:GOLD,0.0000044414,-0.0002289374,2026-03-10 15:00:00.083000+00:00
xyz:GOLD,0.0000062500,-0.0001746837,2026-03-10 16:00:00.045000+00:00
xyz:GOLD,0.0000062500,0.0000036068,2026-03-10 17:00:00.004000+00:00
xyz:GOLD,0.0000010487,-0.0002832203,2026-03-10 18:00:00.018000+00:00
xyz:GOLD,-0.0000122862,-0.0004965789,2026-03-10 19:00:00.049000+00:00
xyz:GOLD,-0.0000192070,-0.0006073113,2026-03-10 20:00:00.050000+00:00
xyz:GOLD,-0.0000283266,-0.0007532263,2026-03-10 21:00:00.058000+00:00
xyz:GOLD,-0.0000041983,-0.0003671729,2026-03-10 22:00:00.068000+00:00
xyz:GOLD,-0.0000202343,-0.0006237487,2026-03-10 23:00:00.061000+00:00
xyz:GOLD,-0.0000029687,-0.0003474993,2026-03-11 00:00:00.088000+00:00
xyz:GOLD,0.0000018840,-0.0002698559,2026-03-11 01:00:00.002000+00:00
xyz:GOLD,0.0000019725,-0.0002684400,2026-03-11 02:00:00.098000+00:00
xyz:GOLD,0.0000049598,-0.0002206437,2026-03-11 03:00:00.016000+00:00
xyz:GOLD,0.0000062500,0.0002314697,2026-03-11 04:00:00.038000+00:00
xyz:GOLD,0.0000062500,0.0001339151,2026-03-11 05:00:00.075000+00:00
xyz:GOLD,0.0000062500,0.0001096880,2026-03-11 06:00:00.135000+00:00
xyz:GOLD,0.0000037636,-0.0002397825,2026-03-11 07:00:00.014000+00:00
xyz:GOLD,-0.0000180118,-0.0005881893,2026-03-11 08:00:00.056000+00:00
xyz:GOLD,-0.0000106116,-0.0004697852,2026-03-11 09:00:00.082000+00:00
xyz:GOLD,-0.0000106750,-0.0004707993,2026-03-11 10:00:00.084000+00:00
xyz:GOLD,0.0000062500,-0.0000795641,2026-03-11 11:00:00.001000+00:00
xyz:GOLD,0.0000062500,0.0000116702,2026-03-11 12:00:00.013000+00:00
xyz:GOLD,0.0000047935,-0.0002233033,2026-03-11 13:00:00.063000+00:00
xyz:GOLD,0.0000013983,-0.0002776272,2026-03-11 14:00:00.004000+00:00
xyz:GOLD,-0.0000047867,-0.0003765872,2026-03-11 15:00:00.051000+00:00
xyz:GOLD,-0.0000050136,-0.0003802168,2026-03-11 16:00:00.065000+00:00
xyz:GOLD,-0.0000137284,-0.0005196542,2026-03-11 17:00:00.068000+00:00
xyz:GOLD,-0.0000038601,-0.0003617618,2026-03-11 18:00:00.102000+00:00
xyz:GOLD,-0.0000087736,-0.0004403781,2026-03-11 19:00:00.082000+00:00
xyz:GOLD,-0.0000065377,-0.0004046028,2026-03-11 20:00:00.026000+00:00
xyz:GOLD,-0.0000015745,-0.0003251927,2026-03-11 21:00:00.008000+00:00
xyz:GOLD,-0.0000013002,-0.0003208034,2026-03-11 22:00:00.035000+00:00
xyz:GOLD,-0.0000130169,-0.0005082709,2026-03-11 23:00:00.069000+00:00
xyz:GOLD,-0.0000379039,-0.0009064616,2026-03-12 00:00:00.084000+00:00
xyz:GOLD,-0.0000307921,-0.0007926729,2026-03-12 01:00:00.006000+00:00
xyz:GOLD,-0.0000264752,-0.0007236028,2026-03-12 02:00:00.080000+00:00
xyz:GOLD,-0.0000239225,-0.0006827607,2026-03-12 03:00:00.036000+00:00
xyz:GOLD,-0.0000290129,-0.0007642069,2026-03-12 04:00:00.065000+00:00
xyz:GOLD,-0.0000292409,-0.0007678545,2026-03-12 05:00:00.094000+00:00
xyz:GOLD,-0.0000292351,-0.0007677611,2026-03-12 06:00:00.108000+00:00
xyz:GOLD,-0.0000185419,-0.0005966703,2026-03-12 07:00:00.046000+00:00
xyz:GOLD,0.0000014058,-0.0002775078,2026-03-12 08:00:00.068000+00:00
xyz:GOLD,-0.0000076317,-0.0004221072,2026-03-12 09:00:00.063000+00:00
xyz:GOLD,-0.0000010892,-0.0003174269,2026-03-12 10:00:00.013000+00:00
xyz:GOLD,-0.0000078340,-0.0004253434,2026-03-12 11:00:00.017000+00:00
xyz:GOLD,-0.0000095896,-0.0004534341,2026-03-12 12:00:00.106000+00:00
xyz:GOLD,-0.0000043739,-0.0003699821,2026-03-12 13:00:00.062000+00:00
xyz:GOLD,0.0000012827,-0.0002794772,2026-03-12 14:00:00.110000+00:00
xyz:GOLD,0.0000062500,-0.0001033643,2026-03-12 15:00:00.024000+00:00
xyz:GOLD,-0.0000112592,-0.0004801475,2026-03-12 16:00:00.064000+00:00
xyz:GOLD,-0.0000070832,-0.0004133318,2026-03-12 17:00:00.004000+00:00
xyz:GOLD,0.0000012534,-0.0002799452,2026-03-12 18:00:00.004000+00:00
xyz:GOLD,-0.0000008639,-0.0003138223,2026-03-12 19:00:00.025000+00:00
xyz:GOLD,0.0000062500,-0.0000167418,2026-03-12 20:00:00.165000+00:00
xyz:GOLD,0.0000062500,0.0001616101,2026-03-12 21:00:00.073000+00:00
xyz:GOLD,0.0000757214,0.0015115421,2026-03-12 22:00:00.071000+00:00
xyz:GOLD,0.0000091376,0.0004462015,2026-03-12 23:00:00.070000+00:00
xyz:GOLD,0.0000062500,0.0001524152,2026-03-13 00:00:00.061000+00:00
xyz:GOLD,0.0000062500,-0.0001975391,2026-03-13 01:00:00.032000+00:00
xyz:GOLD,-0.0000288227,-0.0007611637,2026-03-13 02:00:00.025000+00:00
xyz:GOLD,-0.0000189102,-0.0006025624,2026-03-13 03:00:00.021000+00:00
xyz:GOLD,-0.0000299310,-0.0007788952,2026-03-13 04:00:00.099000+00:00
xyz:GOLD,-0.0000255667,-0.0007090671,2026-03-13 05:00:00.089000+00:00
xyz:GOLD,-0.0000277556,-0.0007440894,2026-03-13 06:00:00.064000+00:00
xyz:GOLD,-0.0000200298,-0.0006204762,2026-03-13 07:00:00.082000+00:00
xyz:GOLD,-0.0000063904,-0.0004022466,2026-03-13 08:00:00.016000+00:00
xyz:GOLD,0.0000062500,-0.0000586290,2026-03-13 09:00:00.045000+00:00
xyz:GOLD,0.0000062500,-0.0000956556,2026-03-13 10:00:00.034000+00:00
xyz:GOLD,0.0000062500,0.0000006816,2026-03-13 11:00:00.010000+00:00
xyz:GOLD,0.0000062500,-0.0000126702,2026-03-13 12:00:00.009000+00:00
xyz:GOLD,0.0000062500,-0.0000156673,2026-03-13 13:00:00.059000+00:00
xyz:GOLD,0.0000062500,-0.0000793876,2026-03-13 14:00:00.032000+00:00
xyz:GOLD,0.0000062500,-0.0001105014,2026-03-13 15:00:00.021000+00:00
xyz:GOLD,0.0000062500,-0.0000079102,2026-03-13 16:00:00.051000+00:00
xyz:GOLD,0.0000062500,0.0002483209,2026-03-13 17:00:00.044000+00:00
xyz:GOLD,0.0000074137,0.0004186197,2026-03-13 18:00:00.052000+00:00
xyz:GOLD,0.0000062500,-0.0000362135,2026-03-13 19:00:00.006000+00:00
xyz:GOLD,0.0000062500,0.0002578093,2026-03-13 20:00:00.021000+00:00
xyz:GOLD,0.0000062500,0.0000765368,2026-03-13 21:00:00.092000+00:00
xyz:GOLD,-0.0000345448,-0.0008527172,2026-03-13 22:00:00.005000+00:00
xyz:GOLD,0.0000062500,0.0003466763,2026-03-13 23:00:00.109000+00:00
xyz:GOLD,0.0000062500,0.0003260136,2026-03-14 00:00:00.044000+00:00
xyz:GOLD,0.0000489750,0.0010835995,2026-03-14 01:00:00.094000+00:00
xyz:GOLD,0.0000062500,0.0000984946,2026-03-14 02:00:00.100000+00:00
xyz:GOLD,0.0000062500,-0.0001851864,2026-03-14 03:00:00.013000+00:00
xyz:GOLD,0.0000062500,-0.0000936469,2026-03-14 04:00:00.019000+00:00
xyz:GOLD,0.0000069095,0.0004105526,2026-03-14 05:00:00.095000+00:00
xyz:GOLD,0.0000062500,-0.0000419928,2026-03-14 06:00:00.072000+00:00
xyz:GOLD,0.0000062500,0.0000279835,2026-03-14 07:00:00.036000+00:00
xyz:GOLD,0.0000062500,-0.0001966668,2026-03-14 08:00:00.041000+00:00
xyz:GOLD,0.0000062500,-0.0001065144,2026-03-14 09:00:00.025000+00:00
xyz:GOLD,0.0000062500,-0.0000690583,2026-03-14 10:00:00.098000+00:00
xyz:GOLD,0.0000034473,-0.0002448426,2026-03-14 11:00:00.047000+00:00
xyz:GOLD,0.0000062500,-0.0001677252,2026-03-14 12:00:00.020000+00:00
xyz:GOLD,0.0000048472,-0.0002224443,2026-03-14 13:00:00.042000+00:00
xyz:GOLD,0.0000041257,-0.0002339893,2026-03-14 14:00:00.076000+00:00
xyz:GOLD,0.0000062500,0.0000269518,2026-03-14 15:00:00.009000+00:00
xyz:GOLD,0.0000062500,0.0001946341,2026-03-14 16:00:00.100000+00:00
xyz:GOLD,0.0000062500,-0.0000353002,2026-03-14 17:00:00.061000+00:00
xyz:GOLD,0.0000062500,-0.0000466764,2026-03-14 18:00:00.018000+00:00
xyz:GOLD,0.0000062500,-0.0000217654,2026-03-14 19:00:00.048000+00:00
xyz:GOLD,0.0000062500,-0.0001714922,2026-03-14 20:00:00.035000+00:00
xyz:GOLD,-0.0000030031,-0.0003480500,2026-03-14 21:00:00.015000+00:00
xyz:GOLD,-0.0000012132,-0.0003194112,2026-03-14 22:00:00.041000+00:00
xyz:GOLD,0.0000017870,-0.0002714076,2026-03-14 23:00:00.044000+00:00
xyz:GOLD,0.0000021664,-0.0002653370,2026-03-15 00:00:00.099000+00:00
xyz:GOLD,-0.0000019145,-0.0003306318,2026-03-15 01:00:00.102000+00:00
xyz:GOLD,-0.0000103936,-0.0004662970,2026-03-15 02:00:00.005000+00:00
xyz:GOLD,0.0000062500,0.0001984256,2026-03-15 03:00:00.130000+00:00
xyz:GOLD,0.0000062500,0.0002720128,2026-03-15 04:00:00.040000+00:00
xyz:GOLD,0.0000031744,-0.0002492091,2026-03-15 05:00:00.066000+00:00
xyz:GOLD,-0.0000024859,-0.0003397743,2026-03-15 06:00:00.010000+00:00
xyz:GOLD,0.0000055964,-0.0002104580,2026-03-15 07:00:00.046000+00:00
xyz:GOLD,0.0000062500,-0.0000638577,2026-03-15 08:00:00.003000+00:00
xyz:GOLD,0.0000062500,-0.0000362367,2026-03-15 09:00:00.067000+00:00
xyz:GOLD,0.0000062500,-0.0000984993,2026-03-15 10:00:00.003000+00:00
xyz:GOLD,0.0000003311,-0.0002947030,2026-03-15 11:00:00.039000+00:00
xyz:GOLD,0.0000062500,0.0002320742,2026-03-15 12:00:00.060000+00:00
xyz:GOLD,0.0000062500,0.0001230211,2026-03-15 13:00:00.023000+00:00
xyz:GOLD,0.0000062500,0.0000056169,2026-03-15 14:00:00.023000+00:00
xyz:GOLD,0.0000062500,-0.0000117939,2026-03-15 15:00:00.084000+00:00
xyz:GOLD,-0.0000149345,-0.0005389518,2026-03-15 16:00:00.034000+00:00
xyz:GOLD,-0.0000379903,-0.0009078453,2026-03-15 17:00:00.036000+00:00
xyz:GOLD,0.0000062500,-0.0001770802,2026-03-15 18:00:00.003000+00:00
xyz:GOLD,0.0000062500,-0.0000339637,2026-03-15 19:00:00.127000+00:00
xyz:GOLD,-0.0000137167,-0.0005194672,2026-03-15 20:00:00.024000+00:00
xyz:GOLD,0.0000062500,0.0000603709,2026-03-15 21:00:00.083000+00:00
xyz:GOLD,0.0000395155,0.0009322481,2026-03-15 22:00:00.019000+00:00
xyz:GOLD,-0.0000018308,-0.0003292930,2026-03-15 23:00:00.037000+00:00
xyz:GOLD,0.0000018841,-0.0002698552,2026-03-16 00:00:00.090000+00:00
xyz:GOLD,-0.0000152515,-0.0005440240,2026-03-16 01:00:00.002000+00:00
xyz:GOLD,-0.0000002707,-0.0003043312,2026-03-16 02:00:00.078000+00:00
xyz:GOLD,-0.0000136521,-0.0005184342,2026-03-16 03:00:00.040000+00:00
xyz:GOLD,-0.0000020229,-0.0003323670,2026-03-16 04:00:00.012000+00:00
xyz:GOLD,-0.0000076921,-0.0004230734,2026-03-16 05:00:00.021000+00:00
xyz:GOLD,-0.0000117531,-0.0004880489,2026-03-16 06:00:00.092000+00:00
xyz:GOLD,-0.0000111679,-0.0004786865,2026-03-16 07:00:00.033000+00:00
xyz:GOLD,-0.0000169622,-0.0005713947,2026-03-16 08:00:00.062000+00:00
xyz:GOLD,-0.0000173685,-0.0005778957,2026-03-16 09:00:00.035000+00:00
xyz:GOLD,-0.0000134996,-0.0005159929,2026-03-16 10:00:00.042000+00:00
xyz:GOLD,-0.0000156992,-0.0005511869,2026-03-16 11:00:00.013000+00:00
xyz:GOLD,-0.0000161570,-0.0005585123,2026-03-16 12:00:00.013000+00:00
xyz:GOLD,-0.0000116795,-0.0004868718,2026-03-16 13:00:00+00:00
xyz:GOLD,0.0000011817,-0.0002810923,2026-03-16 14:00:00.099000+00:00
xyz:GOLD,-0.0000002840,-0.0003045434,2026-03-16 15:00:00.013000+00:00
xyz:GOLD,0.0000017352,-0.0002722364,2026-03-16 16:00:00.033000+00:00
xyz:GOLD,0.0000032572,-0.0002478856,2026-03-16 17:00:00.023000+00:00
xyz:GOLD,0.0000062500,-0.0001962606,2026-03-16 18:00:00.045000+00:00
xyz:GOLD,-0.0000058515,-0.0003936237,2026-03-16 19:00:00.080000+00:00
xyz:GOLD,-0.0000200049,-0.0006200789,2026-03-16 20:00:00.001000+00:00
xyz:GOLD,-0.0000186201,-0.0005979222,2026-03-16 21:00:00.032000+00:00
xyz:GOLD,-0.0000381047,-0.0009096754,2026-03-16 22:00:00+00:00
xyz:GOLD,-0.0000261796,-0.0007188738,2026-03-16 23:00:00.003000+00:00
xyz:GOLD,-0.0000300869,-0.0007813905,2026-03-17 00:00:00.034000+00:00
xyz:GOLD,-0.0000334229,-0.0008347665,2026-03-17 01:00:00.045000+00:00
xyz:GOLD,-0.0000444031,-0.0010104504,2026-03-17 02:00:00.050000+00:00
xyz:GOLD,-0.0000320564,-0.0008129032,2026-03-17 03:00:00.010000+00:00
xyz:GOLD,-0.0000265690,-0.0007251039,2026-03-17 04:00:00.073000+00:00
xyz:GOLD,-0.0000072821,-0.0004165136,2026-03-17 05:00:00.048000+00:00
xyz:GOLD,-0.0000024430,-0.0003390888,2026-03-17 06:00:00.113000+00:00
xyz:GOLD,0.0000056546,-0.0002095262,2026-03-17 07:00:00.039000+00:00
xyz:GOLD,0.0000059530,-0.0002047517,2026-03-17 08:00:00+00:00
xyz:GOLD,0.0000040365,-0.0002354156,2026-03-17 09:00:00.002000+00:00
xyz:GOLD,-0.0000033629,-0.0003538066,2026-03-17 10:00:00.075000+00:00
xyz:GOLD,-0.0000019685,-0.0003314958,2026-03-17 11:00:00.115000+00:00
xyz:GOLD,-0.0000015677,-0.0003250828,2026-03-17 12:00:00.006000+00:00
xyz:GOLD,-0.0000006610,-0.0003105757,2026-03-17 13:00:00.013000+00:00
xyz:GOLD,0.0000062500,-0.0001770553,2026-03-17 14:00:00.047000+00:00
xyz:GOLD,0.0000024347,-0.0002610444,2026-03-17 15:00:00.074000+00:00
xyz:GOLD,0.0000062500,-0.0001644415,2026-03-17 16:00:00.038000+00:00
xyz:GOLD,0.0000029221,-0.0002532463,2026-03-17 17:00:00.054000+00:00
xyz:GOLD,-0.0000000212,-0.0003003391,2026-03-17 18:00:00.071000+00:00
xyz:GOLD,-0.0000061361,-0.0003981780,2026-03-17 19:00:00.018000+00:00
xyz:GOLD,0.0000046647,-0.0002253652,2026-03-17 20:00:00.034000+00:00
xyz:GOLD,0.0000062500,-0.0001943685,2026-03-17 21:00:00.072000+00:00
xyz:GOLD,-0.0000178956,-0.0005863302,2026-03-17 22:00:00.003000+00:00
xyz:GOLD,-0.0000052652,-0.0003842425,2026-03-17 23:00:00.011000+00:00
xyz:GOLD,-0.0000084948,-0.0004359176,2026-03-18 00:00:00.028000+00:00
xyz:GOLD,-0.0000077425,-0.0004238806,2026-03-18 01:00:00.016000+00:00
xyz:GOLD,-0.0000050415,-0.0003806641,2026-03-18 02:00:00.026000+00:00
xyz:GOLD,-0.0000107540,-0.0004720647,2026-03-18 03:00:00.060000+00:00
xyz:GOLD,-0.0000081099,-0.0004297579,2026-03-18 04:00:00.054000+00:00
xyz:GOLD,-0.0000067646,-0.0004082335,2026-03-18 05:00:00.001000+00:00
xyz:GOLD,-0.0000045330,-0.0003725279,2026-03-18 06:00:00.067000+00:00
xyz:GOLD,-0.0000104259,-0.0004668140,2026-03-18 07:00:00.033000+00:00
xyz:GOLD,-0.0000052737,-0.0003843789,2026-03-18 08:00:00.005000+00:00
xyz:GOLD,0.0000062500,-0.0000562727,2026-03-18 09:00:00.052000+00:00
xyz:GOLD,0.0000062500,0.0000446730,2026-03-18 10:00:00.037000+00:00
xyz:GOLD,0.0000062500,-0.0000140427,2026-03-18 11:00:00.025000+00:00
xyz:GOLD,0.0000062500,-0.0000455450,2026-03-18 12:00:00.062000+00:00
xyz:GOLD,0.0000062500,-0.0001493709,2026-03-18 13:00:00.007000+00:00
xyz:GOLD,0.0000062500,0.0001702605,2026-03-18 14:00:00.026000+00:00
xyz:GOLD,0.0000062500,-0.0000522442,2026-03-18 15:00:00.035000+00:00
xyz:GOLD,0.0000062500,0.0000081445,2026-03-18 16:00:00.009000+00:00
xyz:GOLD,0.0000062500,0.0001568327,2026-03-18 17:00:00.066000+00:00
xyz:GOLD,0.0000062500,0.0001855869,2026-03-18 18:00:00.052000+00:00
xyz:GOLD,0.0000062500,0.0000691189,2026-03-18 19:00:00.045000+00:00
xyz:GOLD,0.0000062500,0.0002018092,2026-03-18 20:00:00.055000+00:00
xyz:GOLD,0.0000062500,0.0002545354,2026-03-18 21:00:00.050000+00:00
xyz:GOLD,0.0000062500,0.0003936749,2026-03-18 22:00:00.035000+00:00
xyz:GOLD,0.0000062500,0.0001729647,2026-03-18 23:00:00.040000+00:00
xyz:GOLD,0.0000062500,0.0001835047,2026-03-19 00:00:00.090000+00:00
xyz:GOLD,0.0000062500,0.0000641949,2026-03-19 01:00:00.009000+00:00
xyz:GOLD,0.0000062500,0.0000102970,2026-03-19 02:00:00.012000+00:00
xyz:GOLD,0.0000062500,0.0000011918,2026-03-19 03:00:00.041000+00:00
xyz:GOLD,0.0000062500,0.0000128393,2026-03-19 04:00:00.010000+00:00
xyz:GOLD,0.0000062500,-0.0000692451,2026-03-19 05:00:00.090000+00:00
xyz:GOLD,0.0000055826,-0.0002106780,2026-03-19 06:00:00.052000+00:00
xyz:GOLD,0.0000024562,-0.0002607007,2026-03-19 07:00:00.107000+00:00
xyz:GOLD,0.0000062500,-0.0000933341,2026-03-19 08:00:00.064000+00:00
xyz:GOLD,0.0000062500,0.0002672024,2026-03-19 09:00:00.026000+00:00
xyz:GOLD,0.0000146980,0.0005351680,2026-03-19 10:00:00.123000+00:00
xyz:GOLD,0.0000136379,0.0005182069,2026-03-19 11:00:00.052000+00:00
xyz:GOLD,0.0000220167,0.0006522670,2026-03-19 12:00:00.006000+00:00
xyz:GOLD,0.0000499322,0.0010989157,2026-03-19 13:00:00.045000+00:00
xyz:GOLD,0.0000732605,0.0014721684,2026-03-19 14:00:00.059000+00:00
xyz:GOLD,0.0000188124,0.0006009991,2026-03-19 15:00:00.002000+00:00
xyz:GOLD,0.0000618939,0.0012903022,2026-03-19 16:00:00.031000+00:00
xyz:GOLD,0.0000736790,0.0014788642,2026-03-19 17:00:00.011000+00:00
xyz:GOLD,0.0000694215,0.0014107433,2026-03-19 18:00:00.049000+00:00
xyz:GOLD,0.0000546983,0.0011751730,2026-03-19 19:00:00.024000+00:00
xyz:GOLD,0.0000542788,0.0011684608,2026-03-19 20:00:00.037000+00:00
xyz:GOLD,0.0000526623,0.0011425971,2026-03-19 21:00:00.022000+00:00
xyz:GOLD,0.0000869991,0.0016919851,2026-03-19 22:00:00.001000+00:00
xyz:GOLD,0.0000438087,0.0010009396,2026-03-19 23:00:00.001000+00:00
xyz:GOLD,0.0000498198,0.0010971166,2026-03-20 00:00:00.103000+00:00
xyz:GOLD,0.0000491480,0.0010863682,2026-03-20 01:00:00.073000+00:00
xyz:GOLD,0.0000460309,0.0010364947,2026-03-20 02:00:00.053000+00:00
xyz:GOLD,0.0000374116,0.0008985852,2026-03-20 03:00:00.072000+00:00
xyz:GOLD,0.0000062500,0.0003561930,2026-03-20 04:00:00.004000+00:00
xyz:GOLD,0.0000062500,0.0001670730,2026-03-20 05:00:00.107000+00:00
xyz:GOLD,0.0000062500,0.0001472539,2026-03-20 06:00:00.096000+00:00
xyz:GOLD,0.0000062500,0.0002764641,2026-03-20 07:00:00.012000+00:00
xyz:GOLD,0.0000208169,0.0006330706,2026-03-20 08:00:00.003000+00:00
xyz:GOLD,0.0000062500,0.0003537819,2026-03-20 09:00:00.021000+00:00
xyz:GOLD,0.0000062500,0.0002547639,2026-03-20 10:00:00.063000+00:00
xyz:GOLD,0.0000062500,0.0000896642,2026-03-20 11:00:00.048000+00:00
xyz:GOLD,0.0000189813,0.0006037006,2026-03-20 12:00:00.087000+00:00
xyz:GOLD,0.0000062500,0.0003643694,2026-03-20 13:00:00.148000+00:00
xyz:GOLD,0.0000062500,0.0000595820,2026-03-20 14:00:00.115000+00:00
xyz:GOLD,0.0000407652,0.0009522431,2026-03-20 15:00:00.034000+00:00
xyz:GOLD,0.0000295166,0.0007722654,2026-03-20 16:00:00.074000+00:00
xyz:GOLD,0.0000337806,0.0008404904,2026-03-20 17:00:00.075000+00:00
xyz:GOLD,0.0000482589,0.0010721428,2026-03-20 18:00:00.035000+00:00
xyz:GOLD,0.0000611980,0.0012791687,2026-03-20 19:00:00.044000+00:00
xyz:GOLD,0.0000629662,0.0013074586,2026-03-20 20:00:00.034000+00:00
xyz:GOLD,0.0000733211,0.0014731377,2026-03-20 21:00:00.007000+00:00
xyz:GOLD,0.0000512400,0.0011198404,2026-03-20 22:00:00+00:00
xyz:GOLD,-0.0000002027,-0.0003032435,2026-03-20 23:00:00.047000+00:00
xyz:GOLD,-0.0000215484,-0.0006447748,2026-03-21 00:00:00.093000+00:00
xyz:GOLD,0.0000261683,0.0007186932,2026-03-21 01:00:00.011000+00:00
xyz:GOLD,0.0000487436,0.0010798974,2026-03-21 02:00:00.032000+00:00
xyz:GOLD,0.0000062500,-0.0000339829,2026-03-21 03:00:00.013000+00:00
xyz:GOLD,0.0000062500,0.0002939229,2026-03-21 04:00:00.040000+00:00
xyz:GOLD,0.0000062500,0.0001286632,2026-03-21 05:00:00.041000+00:00
xyz:GOLD,0.0000062500,-0.0001374933,2026-03-21 06:00:00.066000+00:00
xyz:GOLD,0.0000062500,0.0002731508,2026-03-21 07:00:00.010000+00:00
xyz:GOLD,0.0000062500,0.0001011954,2026-03-21 08:00:00.075000+00:00
xyz:GOLD,0.0000062500,-0.0000516901,2026-03-21 09:00:00.064000+00:00
xyz:GOLD,0.0000062500,-0.0001851359,2026-03-21 10:00:00+00:00
xyz:GOLD,0.0000062500,0.0001848231,2026-03-21 11:00:00.008000+00:00
xyz:GOLD,0.0000062500,-0.0000296671,2026-03-21 12:00:00.094000+00:00
xyz:GOLD,0.0000062500,-0.0001174909,2026-03-21 13:00:00.015000+00:00
xyz:GOLD,-0.0000007881,-0.0003126099,2026-03-21 14:00:00.045000+00:00
xyz:GOLD,0.0000013058,-0.0002791070,2026-03-21 15:00:00.051000+00:00
xyz:GOLD,0.0000062500,0.0001665109,2026-03-21 16:00:00.039000+00:00
xyz:GOLD,0.0000062500,0.0000244295,2026-03-21 17:00:00.032000+00:00
xyz:GOLD,0.0000062500,-0.0000736937,2026-03-21 18:00:00.020000+00:00
xyz:GOLD,0.0000062500,-0.0000405876,2026-03-21 19:00:00.057000+00:00
xyz:GOLD,0.0000062500,0.0000137325,2026-03-21 20:00:00.073000+00:00
xyz:GOLD,0.0000062500,-0.0000093943,2026-03-21 21:00:00.086000+00:00
xyz:GOLD,0.0000062500,-0.0000070522,2026-03-21 22:00:00.004000+00:00
xyz:GOLD,0.0000062500,0.0000813540,2026-03-21 23:00:00.026000+00:00
xyz:GOLD,0.0000042033,-0.0002327472,2026-03-22 00:00:00.042000+00:00
xyz:GOLD,0.0000062500,-0.0001255200,2026-03-22 01:00:00.020000+00:00
xyz:GOLD,0.0000047807,-0.0002235095,2026-03-22 02:00:00.085000+00:00
xyz:GOLD,0.0000062500,-0.0000809280,2026-03-22 03:00:00.085000+00:00
xyz:GOLD,0.0000062500,0.0002041719,2026-03-22 04:00:00.007000+00:00
xyz:GOLD,0.0000062500,0.0001341273,2026-03-22 05:00:00.062000+00:00
xyz:GOLD,0.0000062500,0.0002355155,2026-03-22 06:00:00.062000+00:00
xyz:GOLD,0.0000062500,-0.0000088890,2026-03-22 07:00:00.088000+00:00
xyz:GOLD,-0.0000053693,-0.0003859089,2026-03-22 08:00:00.050000+00:00
xyz:GOLD,-0.0000015100,-0.0003241592,2026-03-22 09:00:00.062000+00:00
xyz:GOLD,-0.0000084138,-0.0004346201,2026-03-22 10:00:00.003000+00:00
xyz:GOLD,-0.0000919328,-0.0017709255,2026-03-22 11:00:00.044000+00:00
xyz:GOLD,-0.0000826886,-0.0016230179,2026-03-22 12:00:00.049000+00:00
xyz:GOLD,-0.0000633962,-0.0013143400,2026-03-22 13:00:00.046000+00:00
xyz:GOLD,0.0000062500,0.0000542846,2026-03-22 14:00:00.011000+00:00
xyz:GOLD,-0.0000754391,-0.0015070258,2026-03-22 15:00:00.042000+00:00
xyz:GOLD,0.0000062500,0.0000460734,2026-03-22 16:00:00.021000+00:00
xyz:GOLD,0.0000062500,0.0002513065,2026-03-22 17:00:00.006000+00:00
xyz:GOLD,0.0000503750,0.0011059993,2026-03-22 18:00:00.081000+00:00
xyz:GOLD,0.0000292114,0.0007673817,2026-03-22 19:00:00.039000+00:00
xyz:GOLD,0.0000062500,0.0001893839,2026-03-22 20:00:00.048000+00:00
xyz:GOLD,0.0000062500,0.0002941684,2026-03-22 21:00:00.082000+00:00
xyz:GOLD,-0.0000390654,-0.0009250458,2026-03-22 22:00:00.090000+00:00
xyz:GOLD,0.0000062500,0.0001002779,2026-03-22 23:00:00.049000+00:00
xyz:GOLD,0.0000162069,0.0005593108,2026-03-23 00:00:00.261000+00:00
xyz:GOLD,0.0000494889,0.0010918227,2026-03-23 01:00:00.069000+00:00
xyz:GOLD,0.0000161406,0.0005582497,2026-03-23 02:00:00.040000+00:00
xyz:GOLD,0.0000559692,0.0011955076,2026-03-23 03:00:00.111000+00:00
xyz:GOLD,0.0000766969,0.0015271510,2026-03-23 04:00:00.086000+00:00
xyz:GOLD,0.0000776826,0.0015429216,2026-03-23 05:00:00.014000+00:00
xyz:GOLD,0.0000876478,0.0017023645,2026-03-23 06:00:00.068000+00:00
xyz:GOLD,0.0000983643,0.0018738282,2026-03-23 07:00:00.043000+00:00
xyz:GOLD,0.0001586377,0.0028382024,2026-03-23 08:00:00.066000+00:00
xyz:GOLD,0.0000869404,0.0016910471,2026-03-23 09:00:00.071000+00:00
xyz:GOLD,0.0000266375,0.0007261995,2026-03-23 10:00:00.081000+00:00
xyz:GOLD,0.0000417031,0.0009672490,2026-03-23 11:00:00.004000+00:00
xyz:GOLD,0.0000062500,0.0003451586,2026-03-23 12:00:00.045000+00:00
xyz:GOLD,0.0000093441,0.0004495052,2026-03-23 13:00:00.056000+00:00
xyz:GOLD,0.0000156435,0.0005502967,2026-03-23 14:00:00.053000+00:00
xyz:GOLD,0.0000062500,0.0003398164,2026-03-23 15:00:00.071000+00:00
xyz:GOLD,0.0000062500,0.0003364602,2026-03-23 16:00:00.048000+00:00
xyz:GOLD,0.0000306993,0.0007911888,2026-03-23 17:00:00.080000+00:00
xyz:GOLD,0.0000392297,0.0009276750,2026-03-23 18:00:00.041000+00:00
xyz:GOLD,0.0000271843,0.0007349484,2026-03-23 19:00:00.054000+00:00
xyz:GOLD,0.0000191178,0.0006058855,2026-03-23 20:00:00.019000+00:00
xyz:GOLD,0.0000401624,0.0009425986,2026-03-23 21:00:00.090000+00:00
xyz:GOLD,0.0000429224,0.0009867578,2026-03-23 22:00:00.162000+00:00
xyz:GOLD,0.0000248641,0.0006978255,2026-03-23 23:00:00.056000+00:00
xyz:GOLD,0.0000062500,0.0002987450,2026-03-24 00:00:00.027000+00:00
xyz:GOLD,0.0000062500,0.0001003370,2026-03-24 01:00:00.082000+00:00
xyz:GOLD,0.0000145276,0.0005324416,2026-03-24 02:00:00.034000+00:00
xyz:GOLD,0.0000062500,-0.0000336829,2026-03-24 03:00:00+00:00
xyz:GOLD,0.0000062500,0.0001431174,2026-03-24 04:00:00.016000+00:00
xyz:GOLD,0.0000062500,0.0001080673,2026-03-24 05:00:00.079000+00:00
xyz:GOLD,0.0000062500,0.0002209529,2026-03-24 06:00:00.003000+00:00
xyz:GOLD,0.0000367788,0.0008884604,2026-03-24 07:00:00.088000+00:00
xyz:GOLD,0.0000197536,0.0006160572,2026-03-24 08:00:00.033000+00:00
xyz:GOLD,0.0000182716,0.0005923460,2026-03-24 09:00:00.051000+00:00
xyz:GOLD,0.0000207479,0.0006319662,2026-03-24 10:00:00.105000+00:00
xyz:GOLD,0.0000106808,0.0004708926,2026-03-24 11:00:00.045000+00:00
xyz:GOLD,0.0000062500,0.0001174353,2026-03-24 12:00:00.096000+00:00
xyz:GOLD,0.0000062500,0.0002489100,2026-03-24 13:00:00.028000+00:00
xyz:GOLD,0.0000062500,0.0003769223,2026-03-24 14:00:00.089000+00:00
xyz:GOLD,0.0000062500,-0.0000213569,2026-03-24 15:00:00.033000+00:00
xyz:GOLD,0.0000062500,-0.0000679851,2026-03-24 16:00:00.039000+00:00
xyz:GOLD,0.0000062500,0.0000632555,2026-03-24 17:00:00.061000+00:00
xyz:GOLD,0.0000062500,0.0000301685,2026-03-24 18:00:00.062000+00:00
xyz:GOLD,0.0000062500,0.0002361944,2026-03-24 19:00:00.040000+00:00
xyz:GOLD,0.0000062500,0.0002943470,2026-03-24 20:00:00.058000+00:00
xyz:GOLD,0.0000190830,0.0006053280,2026-03-24 21:00:00.159000+00:00
xyz:GOLD,0.0000664907,0.0013638508,2026-03-24 22:00:00.052000+00:00
xyz:GOLD,0.0000362063,0.0008793013,2026-03-24 23:00:00.069000+00:00
xyz:GOLD,0.0000516579,0.0011265266,2026-03-25 00:00:00.048000+00:00
xyz:GOLD,0.0000288954,0.0007623262,2026-03-25 01:00:00.110000+00:00
xyz:GOLD,0.0000062500,0.0003045042,2026-03-25 02:00:00.086000+00:00
xyz:GOLD,0.0000062500,-0.0001618347,2026-03-25 03:00:00.069000+00:00
xyz:GOLD,0.0000056659,-0.0002093456,2026-03-25 04:00:00.059000+00:00
xyz:GOLD,0.0000062500,-0.0000579911,2026-03-25 05:00:00.076000+00:00
xyz:GOLD,0.0000062500,-0.0000922925,2026-03-25 06:00:00.043000+00:00
xyz:GOLD,0.0000062500,-0.0000861428,2026-03-25 07:00:00.053000+00:00
xyz:GOLD,0.0000062500,-0.0000407285,2026-03-25 08:00:00.007000+00:00
xyz:GOLD,0.0000062500,-0.0001007617,2026-03-25 09:00:00.057000+00:00
xyz:GOLD,0.0000062500,-0.0001688708,2026-03-25 10:00:00.090000+00:00
xyz:GOLD,-0.0000068929,-0.0004102860,2026-03-25 11:00:00.018000+00:00
xyz:GOLD,-0.0000138926,-0.0005222809,2026-03-25 12:00:00.038000+00:00
xyz:GOLD,-0.0000112563,-0.0004801001,2026-03-25 13:00:00.032000+00:00
xyz:GOLD,-0.0000094929,-0.0004518869,2026-03-25 14:00:00.041000+00:00
xyz:GOLD,-0.0000044367,-0.0003709875,2026-03-25 15:00:00.062000+00:00
xyz:GOLD,-0.0000031116,-0.0003497848,2026-03-25 16:00:00.052000+00:00
xyz:GOLD,-0.0000083964,-0.0004343425,2026-03-25 17:00:00.022000+00:00
xyz:GOLD,-0.0000015606,-0.0003249690,2026-03-25 18:00:00.075000+00:00
xyz:GOLD,-0.0000016138,-0.0003258200,2026-03-25 19:00:00.037000+00:00
xyz:GOLD,0.0000039345,-0.0002370473,2026-03-25 20:00:00.025000+00:00
xyz:GOLD,0.0000028001,-0.0002551979,2026-03-25 21:00:00.066000+00:00
xyz:GOLD,0.0000435856,0.0009973696,2026-03-25 22:00:00.023000+00:00
xyz:GOLD,0.0000062500,-0.0001864453,2026-03-25 23:00:00.072000+00:00
xyz:GOLD,0.0000025603,-0.0002590345,2026-03-26 00:00:00.035000+00:00
xyz:GOLD,-0.0000344973,-0.0008519560,2026-03-26 01:00:00.006000+00:00
xyz:GOLD,-0.0000296613,-0.0007745802,2026-03-26 02:00:00.139000+00:00
xyz:GOLD,-0.0000241087,-0.0006857386,2026-03-26 03:00:00.114000+00:00
xyz:GOLD,-0.0000358791,-0.0008740660,2026-03-26 04:00:00.110000+00:00
xyz:GOLD,-0.0000362631,-0.0008802092,2026-03-26 05:00:00.097000+00:00
xyz:GOLD,-0.0000315490,-0.0008047839,2026-03-26 06:00:00.014000+00:00
xyz:GOLD,-0.0000015209,-0.0003243344,2026-03-26 07:00:00.009000+00:00
xyz:GOLD,0.0000039597,-0.0002366449,2026-03-26 08:00:00.094000+00:00
xyz:GOLD,0.0000062500,-0.0001454493,2026-03-26 09:00:00.075000+00:00
xyz:GOLD,0.0000062500,-0.0000807370,2026-03-26 10:00:00.001000+00:00
xyz:GOLD,0.0000062500,-0.0001189492,2026-03-26 11:00:00.072000+00:00
xyz:GOLD,0.0000062500,-0.0001069705,2026-03-26 12:00:00.020000+00:00
xyz:GOLD,0.0000062500,-0.0001583597,2026-03-26 13:00:00.078000+00:00
xyz:GOLD,0.0000062500,-0.0001114202,2026-03-26 14:00:00.066000+00:00
xyz:GOLD,0.0000042533,-0.0002319472,2026-03-26 15:00:00.018000+00:00
xyz:GOLD,0.0000003994,-0.0002936091,2026-03-26 16:00:00.055000+00:00
xyz:GOLD,0.0000062500,0.0000656458,2026-03-26 17:00:00.026000+00:00
xyz:GOLD,0.0000062500,0.0002499365,2026-03-26 18:00:00.030000+00:00
xyz:GOLD,0.0000062500,0.0002899709,2026-03-26 19:00:00.003000+00:00
xyz:GOLD,0.0000062500,0.0003275661,2026-03-26 20:00:00.077000+00:00
xyz:GOLD,0.0000211768,0.0006388287,2026-03-26 21:00:00.031000+00:00
xyz:GOLD,0.0001077560,0.0020240955,2026-03-26 22:00:00.068000+00:00
xyz:GOLD,0.0000062500,0.0003816240,2026-03-26 23:00:00.071000+00:00
xyz:GOLD,0.0000127701,0.0005043221,2026-03-27 00:00:00.013000+00:00
xyz:GOLD,0.0000162488,0.0005599811,2026-03-27 01:00:00.004000+00:00
xyz:GOLD,0.0000173512,0.0005776198,2026-03-27 02:00:00.007000+00:00
xyz:GOLD,0.0000134787,0.0005156588,2026-03-27 03:00:00.045000+00:00
xyz:GOLD,0.0000062500,0.0002749012,2026-03-27 04:00:00.027000+00:00
xyz:GOLD,0.0000062500,0.0002104773,2026-03-27 05:00:00.055000+00:00
xyz:GOLD,0.0000062500,0.0001789555,2026-03-27 06:00:00.021000+00:00
xyz:GOLD,0.0000062500,-0.0000257355,2026-03-27 07:00:00.047000+00:00
xyz:GOLD,0.0000062500,0.0001345829,2026-03-27 08:00:00.042000+00:00
xyz:GOLD,0.0000062500,0.0001837700,2026-03-27 09:00:00.078000+00:00
xyz:GOLD,0.0000062500,0.0002529151,2026-03-27 10:00:00.011000+00:00
xyz:GOLD,0.0000062500,0.0000574835,2026-03-27 11:00:00.056000+00:00
xyz:GOLD,0.0000062500,0.0000246095,2026-03-27 12:00:00.073000+00:00
xyz:GOLD,0.0000062500,0.0001831641,2026-03-27 13:00:00.020000+00:00
xyz:GOLD,0.0000062500,0.0003642164,2026-03-27 14:00:00.027000+00:00
xyz:GOLD,0.0000062500,0.0003601674,2026-03-27 15:00:00.082000+00:00
xyz:GOLD,0.0000062500,0.0001169695,2026-03-27 16:00:00.069000+00:00
xyz:GOLD,0.0000062500,0.0002146319,2026-03-27 17:00:00.063000+00:00
xyz:GOLD,0.0000076241,0.0004219850,2026-03-27 18:00:00.018000+00:00
xyz:GOLD,0.0000117454,0.0004879259,2026-03-27 19:00:00.017000+00:00
xyz:GOLD,0.0000062500,0.0003299589,2026-03-27 20:00:00.043000+00:00
xyz:GOLD,0.0000062500,0.0001425786,2026-03-27 21:00:00.064000+00:00
xyz:GOLD,0.0000062500,0.0003459977,2026-03-27 22:00:00.044000+00:00
xyz:GOLD,0.0000062500,0.0003612221,2026-03-27 23:00:00.008000+00:00
xyz:GOLD,0.0000062500,0.0000097923,2026-03-28 00:00:00.062000+00:00
xyz:GOLD,0.0000062500,-0.0000097798,2026-03-28 01:00:00.004000+00:00
xyz:GOLD,-0.0000251968,-0.0007031489,2026-03-28 02:00:00.051000+00:00
xyz:GOLD,0.0000062500,0.0000169135,2026-03-28 03:00:00.023000+00:00
xyz:GOLD,0.0000062500,0.0001150651,2026-03-28 04:00:00.106000+00:00
xyz:GOLD,-0.0000017151,-0.0003274422,2026-03-28 05:00:00.055000+00:00
xyz:GOLD,0.0000293920,0.0007702723,2026-03-28 06:00:00.067000+00:00
xyz:GOLD,0.0000062500,0.0003799831,2026-03-28 07:00:00.039000+00:00
xyz:GOLD,0.0000062500,0.0002988753,2026-03-28 08:00:00.007000+00:00
xyz:GOLD,0.0000062500,0.0001108952,2026-03-28 09:00:00.008000+00:00
xyz:GOLD,0.0000062500,0.0000439419,2026-03-28 10:00:00.014000+00:00
xyz:GOLD,0.0000011363,-0.0002818191,2026-03-28 11:00:00.095000+00:00
xyz:GOLD,0.0000062500,-0.0001533667,2026-03-28 12:00:00.014000+00:00
xyz:GOLD,0.0000062500,0.0000118739,2026-03-28 13:00:00.013000+00:00
xyz:GOLD,0.0000062500,-0.0001276729,2026-03-28 14:00:00.047000+00:00
xyz:GOLD,0.0000062500,-0.0000607365,2026-03-28 15:00:00.042000+00:00
xyz:GOLD,0.0000025438,-0.0002592997,2026-03-28 16:00:00.047000+00:00
xyz:GOLD,0.0000062500,0.0000198194,2026-03-28 17:00:00.074000+00:00
xyz:GOLD,0.0000062500,0.0001142114,2026-03-28 18:00:00.070000+00:00
xyz:GOLD,0.0000062500,0.0000018887,2026-03-28 19:00:00.007000+00:00
xyz:GOLD,0.0000062500,-0.0000716700,2026-03-28 20:00:00.075000+00:00
xyz:GOLD,0.0000062500,0.0001032500,2026-03-28 21:00:00.036000+00:00
xyz:GOLD,0.0000062500,-0.0000248190,2026-03-28 22:00:00.009000+00:00
xyz:GOLD,0.0000062500,-0.0001710810,2026-03-28 23:00:00.040000+00:00
xyz:GOLD,0.0000062500,-0.0000474462,2026-03-29 00:00:00.085000+00:00
xyz:GOLD,0.0000062500,-0.0000298651,2026-03-29 01:00:00.068000+00:00
xyz:GOLD,-0.0000027093,-0.0003433492,2026-03-29 02:00:00.040000+00:00
xyz:GOLD,0.0000062500,-0.0000301838,2026-03-29 03:00:00.050000+00:00
xyz:GOLD,0.0000062500,0.0002818239,2026-03-29 04:00:00.034000+00:00
xyz:GOLD,0.0000062500,-0.0000028172,2026-03-29 05:00:00.054000+00:00
xyz:GOLD,0.0000062500,-0.0000453601,2026-03-29 06:00:00.017000+00:00
xyz:GOLD,0.0000062500,-0.0000274980,2026-03-29 07:00:00.047000+00:00
xyz:GOLD,0.0000062500,-0.0000281458,2026-03-29 08:00:00.033000+00:00
xyz:GOLD,0.0000062500,0.0001210261,2026-03-29 09:00:00.036000+00:00
xyz:GOLD,0.0000034243,-0.0002452106,2026-03-29 10:00:00.121000+00:00
xyz:GOLD,0.0000062500,-0.0000973937,2026-03-29 11:00:00.002000+00:00
xyz:GOLD,0.0000062500,0.0000483266,2026-03-29 12:00:00.067000+00:00
xyz:GOLD,0.0000382850,0.0009125599,2026-03-29 13:00:00.056000+00:00
xyz:GOLD,0.0000415781,0.0009652492,2026-03-29 14:00:00.026000+00:00
xyz:GOLD,0.0000062500,0.0003019494,2026-03-29 15:00:00.057000+00:00
xyz:GOLD,0.0000062500,0.0001740284,2026-03-29 16:00:00.029000+00:00
xyz:GOLD,0.0000216732,0.0006467709,2026-03-29 17:00:00.011000+00:00
xyz:GOLD,0.0000124662,0.0004994594,2026-03-29 18:00:00.092000+00:00
xyz:GOLD,0.0000167244,0.0005675901,2026-03-29 19:00:00.066000+00:00
xyz:GOLD,0.0000062500,0.0001531904,2026-03-29 20:00:00.062000+00:00
xyz:GOLD,0.0000062500,-0.0001013605,2026-03-29 21:00:00.026000+00:00
xyz:GOLD,0.0000142227,0.0005275627,2026-03-29 22:00:00.013000+00:00
xyz:GOLD,0.0000062500,0.0001043201,2026-03-29 23:00:00.096000+00:00
xyz:GOLD,0.0000062500,-0.0001105279,2026-03-30 00:00:00.038000+00:00
xyz:GOLD,0.0000062500,-0.0000297958,2026-03-30 01:00:00.030000+00:00
xyz:GOLD,0.0000062500,0.0002460234,2026-03-30 02:00:00.054000+00:00
xyz:GOLD,0.0000062500,0.0001675092,2026-03-30 03:00:00.013000+00:00
xyz:GOLD,0.0000062500,0.0002471055,2026-03-30 04:00:00.074000+00:00
xyz:GOLD,0.0000062500,0.0003523851,2026-03-30 05:00:00.056000+00:00
xyz:GOLD,0.0000062500,0.0001147908,2026-03-30 06:00:00.089000+00:00
xyz:GOLD,0.0000062500,0.0000222763,2026-03-30 07:00:00.043000+00:00
xyz:GOLD,0.0000062500,-0.0000520686,2026-03-30 08:00:00.192000+00:00
xyz:GOLD,0.0000062500,0.0000569443,2026-03-30 09:00:00.039000+00:00
xyz:GOLD,0.0000062500,-0.0000174436,2026-03-30 10:00:00.052000+00:00
xyz:GOLD,0.0000062500,-0.0000679971,2026-03-30 11:00:00.059000+00:00
xyz:GOLD,0.0000062500,-0.0001942029,2026-03-30 12:00:00.038000+00:00
xyz:GOLD,0.0000001408,-0.0002977478,2026-03-30 13:00:00.031000+00:00
xyz:GOLD,-0.0000030381,-0.0003486089,2026-03-30 14:00:00.046000+00:00
xyz:GOLD,0.0000005190,-0.0002916965,2026-03-30 15:00:00.019000+00:00
xyz:GOLD,0.0000054940,-0.0002120964,2026-03-30 16:00:00.071000+00:00
xyz:GOLD,0.0000062500,0.0001304768,2026-03-30 17:00:00.108000+00:00
xyz:GOLD,0.0000062500,0.0002093264,2026-03-30 18:00:00.051000+00:00
xyz:GOLD,0.0000062500,0.0002173360,2026-03-30 19:00:00.085000+00:00
xyz:GOLD,0.0000062500,0.0001154898,2026-03-30 20:00:00.055000+00:00
xyz:GOLD,0.0000062500,0.0000897310,2026-03-30 21:00:00.095000+00:00
xyz:GOLD,0.0000257473,0.0007119569,2026-03-30 22:00:00.021000+00:00
xyz:GOLD,0.0000062500,0.0001798386,2026-03-30 23:00:00.066000+00:00
xyz:GOLD,0.0000062500,-0.0000422493,2026-03-31 00:00:00.016000+00:00
xyz:GOLD,0.0000024889,-0.0002601778,2026-03-31 01:00:00.038000+00:00
xyz:GOLD,-0.0000074183,-0.0004186930,2026-03-31 02:00:00.066000+00:00
xyz:GOLD,0.0000019697,-0.0002684845,2026-03-31 03:00:00.092000+00:00
xyz:GOLD,0.0000062500,-0.0001095683,2026-03-31 04:00:00.073000+00:00
xyz:GOLD,0.0000062500,-0.0001832297,2026-03-31 05:00:00.062000+00:00
xyz:GOLD,-0.0000019358,-0.0003309735,2026-03-31 06:00:00.022000+00:00
xyz:GOLD,0.0000062500,-0.0001691865,2026-03-31 07:00:00.045000+00:00
xyz:GOLD,0.0000062500,-0.0000867052,2026-03-31 08:00:00+00:00
xyz:GOLD,0.0000062500,0.0001777623,2026-03-31 09:00:00.056000+00:00
xyz:GOLD,0.0000062500,0.0002890057,2026-03-31 10:00:00.021000+00:00
xyz:GOLD,0.0000062500,0.0003054599,2026-03-31 11:00:00.032000+00:00
xyz:GOLD,0.0000132904,0.0005126459,2026-03-31 12:00:00.073000+00:00
xyz:GOLD,0.0000174860,0.0005797762,2026-03-31 13:00:00.030000+00:00
xyz:GOLD,0.0000062500,0.0002992669,2026-03-31 14:00:00.038000+00:00
xyz:GOLD,0.0000062500,0.0000063199,2026-03-31 15:00:00.043000+00:00
xyz:GOLD,0.0000062500,0.0000162548,2026-03-31 16:00:00.025000+00:00
xyz:GOLD,0.0000062500,0.0001321466,2026-03-31 17:00:00.030000+00:00
xyz:GOLD,0.0000062500,-0.0001190852,2026-03-31 18:00:00.007000+00:00
xyz:GOLD,0.0000038576,-0.0002382784,2026-03-31 19:00:00.051000+00:00
xyz:GOLD,-0.0000103100,-0.0004649595,2026-03-31 20:00:00.039000+00:00
xyz:GOLD,-0.0000156626,-0.0005506010,2026-03-31 21:00:00.026000+00:00
xyz:GOLD,-0.0000178948,-0.0005863164,2026-03-31 22:00:00.046000+00:00
xyz:GOLD,-0.0000157375,-0.0005517992,2026-03-31 23:00:00.029000+00:00
xyz:GOLD,-0.0000182834,-0.0005925345,2026-04-01 00:00:00.068000+00:00
xyz:GOLD,-0.0000140146,-0.0005242333,2026-04-01 01:00:00.022000+00:00
xyz:GOLD,-0.0000275319,-0.0007405101,2026-04-01 02:00:00.050000+00:00
xyz:GOLD,-0.0000263841,-0.0007221452,2026-04-01 03:00:00.044000+00:00
xyz:GOLD,-0.0000295066,-0.0007721062,2026-04-01 04:00:00.042000+00:00
xyz:GOLD,-0.0000289875,-0.0007638007,2026-04-01 05:00:00.057000+00:00
xyz:GOLD,-0.0000129755,-0.0005076080,2026-04-01 06:00:00.051000+00:00
xyz:GOLD,-0.0000217381,-0.0006478096,2026-04-01 07:00:00.039000+00:00
xyz:GOLD,-0.0000231440,-0.0006703043,2026-04-01 08:00:00.062000+00:00
xyz:GOLD,-0.0000309288,-0.0007948602,2026-04-01 09:00:00.046000+00:00
xyz:GOLD,-0.0000239775,-0.0006836395,2026-04-01 10:00:00.050000+00:00
xyz:GOLD,-0.0000329114,-0.0008265822,2026-04-01 11:00:00.068000+00:00
xyz:GOLD,-0.0000197678,-0.0006162849,2026-04-01 12:00:00.081000+00:00
xyz:GOLD,-0.0000315524,-0.0008048380,2026-04-01 13:00:00.011000+00:00
xyz:GOLD,-0.0000345235,-0.0008523756,2026-04-01 14:00:00.131000+00:00
xyz:GOLD,-0.0000347435,-0.0008558964,2026-04-01 15:00:00.029000+00:00
xyz:GOLD,-0.0000263090,-0.0007209446,2026-04-01 16:00:00.078000+00:00
xyz:GOLD,-0.0000524363,-0.0011389806,2026-04-01 17:00:00.076000+00:00
xyz:GOLD,-0.0000564174,-0.0012026781,2026-04-01 18:00:00.071000+00:00
xyz:GOLD,-0.0000511868,-0.0011189896,2026-04-01 19:00:00.017000+00:00
xyz:GOLD,-0.0000485144,-0.0010762298,2026-04-01 20:00:00.045000+00:00
xyz:GOLD,-0.0000420055,-0.0009720883,2026-04-01 21:00:00.041000+00:00
xyz:GOLD,-0.0000005431,-0.0003086897,2026-04-01 22:00:00.030000+00:00
xyz:GOLD,-0.0000414320,-0.0009629126,2026-04-01 23:00:00.042000+00:00
xyz:GOLD,-0.0000515919,-0.0011254709,2026-04-02 00:00:00.177000+00:00
xyz:GOLD,-0.0000243211,-0.0006891371,2026-04-02 01:00:00.004000+00:00
xyz:GOLD,0.0000009755,-0.0002843928,2026-04-02 02:00:00.060000+00:00
xyz:GOLD,0.0000056560,-0.0002095034,2026-04-02 03:00:00.041000+00:00
xyz:GOLD,0.0000062500,-0.0001397221,2026-04-02 04:00:00.059000+00:00
xyz:GOLD,0.0000056899,-0.0002089609,2026-04-02 05:00:00.030000+00:00
xyz:GOLD,0.0000012342,-0.0002802533,2026-04-02 06:00:00.039000+00:00
xyz:GOLD,-0.0000120489,-0.0004927822,2026-04-02 07:00:00.070000+00:00
xyz:GOLD,-0.0000235433,-0.0006766933,2026-04-02 08:00:00.129000+00:00
xyz:GOLD,-0.0000404602,-0.0009473625,2026-04-02 09:00:00.026000+00:00
xyz:GOLD,-0.0000319343,-0.0008109487,2026-04-02 10:00:00.051000+00:00
xyz:GOLD,-0.0000250650,-0.0007010404,2026-04-02 11:00:00.014000+00:00
xyz:GOLD,-0.0000236716,-0.0006787457,2026-04-02 12:00:00.021000+00:00
xyz:GOLD,-0.0000360592,-0.0008769469,2026-04-02 13:00:00.075000+00:00
xyz:GOLD,-0.0000136883,-0.0005190131,2026-04-02 14:00:00.049000+00:00
xyz:GOLD,-0.0000264508,-0.0007232130,2026-04-02 15:00:00.065000+00:00
xyz:GOLD,-0.0000673001,-0.0013768019,2026-04-02 16:00:00.040000+00:00
xyz:GOLD,-0.0000489696,-0.0010835144,2026-04-02 17:00:00.022000+00:00
xyz:GOLD,-0.0000306120,-0.0007897927,2026-04-02 18:00:00.037000+00:00
xyz:GOLD,-0.0000153042,-0.0005448673,2026-04-02 19:00:00.006000+00:00
xyz:GOLD,0.0000062500,0.0001058450,2026-04-02 20:00:00.023000+00:00
xyz:GOLD,0.0000062500,0.0003735609,2026-04-02 21:00:00.131000+00:00
xyz:GOLD,0.0000062500,0.0003521961,2026-04-02 22:00:00.013000+00:00
xyz:GOLD,0.0000062500,0.0000528750,2026-04-02 23:00:00.004000+00:00
xyz:GOLD,0.0000062500,0.0001906417,2026-04-03 00:00:00.021000+00:00
xyz:GOLD,0.0000062500,-0.0000014391,2026-04-03 01:00:00.043000+00:00
xyz:GOLD,-0.0000042024,-0.0003672377,2026-04-03 02:00:00.023000+00:00
xyz:GOLD,0.0000062500,0.0000238128,2026-04-03 03:00:00.048000+00:00
xyz:GOLD,0.0000062500,0.0000283650,2026-04-03 04:00:00.039000+00:00
xyz:GOLD,0.0000062500,0.0000444565,2026-04-03 05:00:00.086000+00:00
xyz:GOLD,0.0000062500,0.0001207789,2026-04-03 06:00:00.049000+00:00
xyz:GOLD,0.0000062500,0.0000183319,2026-04-03 07:00:00.028000+00:00
xyz:GOLD,-0.0000151284,-0.0005420544,2026-04-03 08:00:00.069000+00:00
xyz:GOLD,0.0000045500,-0.0002271992,2026-04-03 09:00:00.054000+00:00
xyz:GOLD,0.0000062500,-0.0001513699,2026-04-03 10:00:00.043000+00:00
xyz:GOLD,0.0000062500,-0.0000036466,2026-04-03 11:00:00.041000+00:00
xyz:GOLD,0.0000062500,0.0000371693,2026-04-03 12:00:00.031000+00:00
xyz:GOLD,-0.0000116344,-0.0004861497,2026-04-03 13:00:00.058000+00:00
xyz:GOLD,-0.0000168889,-0.0005702231,2026-04-03 14:00:00.001000+00:00
xyz:GOLD,0.0000010239,-0.0002836183,2026-04-03 15:00:00.044000+00:00
xyz:GOLD,0.0000062500,0.0000522052,2026-04-03 16:00:00.033000+00:00
xyz:GOLD,0.0000062500,0.0001772813,2026-04-03 17:00:00.040000+00:00
xyz:GOLD,-0.0000211090,-0.0006377448,2026-04-03 18:00:00.069000+00:00
xyz:GOLD,-0.0000111970,-0.0004791515,2026-04-03 19:00:00.026000+00:00
xyz:GOLD,0.0000025627,-0.0002589970,2026-04-03 20:00:00.036000+00:00
xyz:GOLD,0.0000062500,-0.0000847676,2026-04-03 21:00:00.048000+00:00
xyz:GOLD,0.0000062500,0.0001619888,2026-04-03 22:00:00.031000+00:00
xyz:GOLD,0.0000062500,0.0000819905,2026-04-03 23:00:00.039000+00:00
xyz:GOLD,0.0000062500,0.0000098226,2026-04-04 00:00:00.063000+00:00
xyz:GOLD,0.0000062500,0.0000023099,2026-04-04 01:00:00.014000+00:00
xyz:GOLD,0.0000062500,0.0002209185,2026-04-04 02:00:00.021000+00:00
xyz:GOLD,0.0000062500,0.0002339540,2026-04-04 03:00:00.064000+00:00
xyz:GOLD,0.0000062500,0.0001751459,2026-04-04 04:00:00.011000+00:00
xyz:GOLD,0.0000062500,0.0001554973,2026-04-04 05:00:00.063000+00:00
xyz:GOLD,0.0000062500,0.0001372464,2026-04-04 06:00:00.057000+00:00
xyz:GOLD,0.0000062500,0.0001326853,2026-04-04 07:00:00.051000+00:00
xyz:GOLD,0.0000062500,0.0000839904,2026-04-04 08:00:00.033000+00:00
xyz:GOLD,0.0000043870,-0.0002298081,2026-04-04 09:00:00.008000+00:00
xyz:GOLD,0.0000062500,-0.0001944042,2026-04-04 10:00:00.029000+00:00
xyz:GOLD,0.0000062500,0.0000830509,2026-04-04 11:00:00.050000+00:00
xyz:GOLD,0.0000062500,0.0001833252,2026-04-04 12:00:00.009000+00:00
xyz:GOLD,0.0000062500,0.0001455937,2026-04-04 13:00:00.107000+00:00
xyz:GOLD,0.0000062500,-0.0000341423,2026-04-04 14:00:00.065000+00:00
xyz:GOLD,0.0000062500,-0.0000298315,2026-04-04 15:00:00.008000+00:00
xyz:GOLD,0.0000062500,-0.0000033113,2026-04-04 16:00:00.038000+00:00
xyz:GOLD,0.0000062500,0.0000947753,2026-04-04 17:00:00.041000+00:00
xyz:GOLD,0.0000062500,0.0000031553,2026-04-04 18:00:00.064000+00:00
xyz:GOLD,0.0000030186,-0.0002517030,2026-04-04 19:00:00.012000+00:00
xyz:GOLD,0.0000007090,-0.0002886565,2026-04-04 20:00:00.063000+00:00
xyz:GOLD,0.0000062500,-0.0001167891,2026-04-04 21:00:00.037000+00:00
xyz:GOLD,0.0000062500,-0.0000041644,2026-04-04 22:00:00.032000+00:00
xyz:GOLD,0.0000062500,0.0000070792,2026-04-04 23:00:00.014000+00:00
xyz:GOLD,0.0000062500,-0.0000059962,2026-04-05 00:00:00.047000+00:00
xyz:GOLD,0.0000062500,0.0000183683,2026-04-05 01:00:00.058000+00:00
xyz:GOLD,0.0000062500,0.0000732058,2026-04-05 02:00:00.058000+00:00
xyz:GOLD,0.0000062500,-0.0001032852,2026-04-05 03:00:00.014000+00:00
xyz:GOLD,0.0000062500,-0.0001150695,2026-04-05 04:00:00.022000+00:00
xyz:GOLD,0.0000026778,-0.0002571552,2026-04-05 05:00:00.024000+00:00
xyz:GOLD,0.0000009948,-0.0002840836,2026-04-05 06:00:00.051000+00:00
xyz:GOLD,0.0000062500,-0.0001642079,2026-04-05 07:00:00.048000+00:00
xyz:GOLD,0.0000014563,-0.0002766992,2026-04-05 08:00:00.066000+00:00
xyz:GOLD,0.0000062500,-0.0001933314,2026-04-05 09:00:00.017000+00:00
xyz:GOLD,-0.0000084595,-0.0004353520,2026-04-05 10:00:00.017000+00:00
xyz:GOLD,-0.0000170445,-0.0005727122,2026-04-05 11:00:00.024000+00:00
xyz:GOLD,-0.0000206746,-0.0006307929,2026-04-05 12:00:00.017000+00:00
xyz:GOLD,-0.0001107663,-0.0020722601,2026-04-05 13:00:00.047000+00:00
xyz:GOLD,0.0000062500,-0.0000127292,2026-04-05 14:00:00.057000+00:00
xyz:GOLD,0.0000062500,0.0000217853,2026-04-05 15:00:00.081000+00:00
xyz:GOLD,0.0000062500,-0.0000029278,2026-04-05 16:00:00.031000+00:00
xyz:GOLD,-0.0000345095,-0.0008521517,2026-04-05 17:00:00.049000+00:00
xyz:GOLD,-0.0000280950,-0.0007495206,2026-04-05 18:00:00.042000+00:00
xyz:GOLD,0.0000062500,-0.0000116142,2026-04-05 19:00:00.041000+00:00
xyz:GOLD,0.0000062500,0.0003103179,2026-04-05 20:00:00.030000+00:00
xyz:GOLD,-0.0000279599,-0.0007473579,2026-04-05 21:00:00.003000+00:00
xyz:GOLD,0.0000062500,-0.0001390247,2026-04-05 22:00:00.060000+00:00
xyz:GOLD,-0.0000464977,-0.0010439625,2026-04-05 23:00:00.020000+00:00
xyz:GOLD,0.0000062500,0.0002437616,2026-04-06 00:00:00.029000+00:00
xyz:GOLD,0.0000062500,-0.0001319227,2026-04-06 01:00:00.040000+00:00
xyz:GOLD,0.0000054707,-0.0002124692,2026-04-06 02:00:00+00:00
xyz:GOLD,-0.0000112050,-0.0004792800,2026-04-06 03:00:00.049000+00:00
xyz:GOLD,-0.0000117866,-0.0004885852,2026-04-06 04:00:00.002000+00:00
xyz:GOLD,-0.0000116573,-0.0004865170,2026-04-06 05:00:00.047000+00:00
xyz:GOLD,-0.0000140312,-0.0005244991,2026-04-06 06:00:00.025000+00:00
xyz:GOLD,-0.0000026397,-0.0003422356,2026-04-06 07:00:00.064000+00:00
xyz:GOLD,-0.0000054857,-0.0003877714,2026-04-06 08:00:00.053000+00:00
xyz:GOLD,-0.0000085791,-0.0004372657,2026-04-06 09:00:00.012000+00:00
xyz:GOLD,-0.0000068732,-0.0004099710,2026-04-06 10:00:00.006000+00:00
xyz:GOLD,-0.0000005756,-0.0003092095,2026-04-06 11:00:00.016000+00:00
xyz:GOLD,0.0000062500,-0.0001324255,2026-04-06 12:00:00.072000+00:00
xyz:GOLD,0.0000062500,0.0001970481,2026-04-06 13:00:00.031000+00:00
xyz:GOLD,0.0000062500,0.0003875700,2026-04-06 14:00:00.066000+00:00
xyz:GOLD,0.0000062500,0.0001736818,2026-04-06 15:00:00.048000+00:00
xyz:GOLD,0.0000062500,0.0000063753,2026-04-06 16:00:00.056000+00:00
xyz:GOLD,0.0000062500,-0.0001040401,2026-04-06 17:00:00.002000+00:00
xyz:GOLD,0.0000062500,0.0000570097,2026-04-06 18:00:00.039000+00:00
xyz:GOLD,0.0000062500,0.0002666699,2026-04-06 19:00:00+00:00
xyz:GOLD,0.0000126064,0.0005017018,2026-04-06 20:00:00.078000+00:00
xyz:GOLD,0.0000116381,0.0004862102,2026-04-06 21:00:00.054000+00:00
xyz:GOLD,0.0000062500,0.0003045912,2026-04-06 22:00:00.043000+00:00
xyz:GOLD,0.0000062500,-0.0001780237,2026-04-06 23:00:00.021000+00:00
xyz:GOLD,0.0000062500,-0.0001321621,2026-04-07 00:00:00.046000+00:00
xyz:GOLD,0.0000062500,0.0002002758,2026-04-07 01:00:00.015000+00:00
xyz:GOLD,0.0000062500,-0.0000137999,2026-04-07 02:00:00.012000+00:00
xyz:GOLD,0.0000062500,0.0000454476,2026-04-07 03:00:00.093000+00:00
xyz:GOLD,0.0000062500,-0.0001024777,2026-04-07 04:00:00.017000+00:00
xyz:GOLD,0.0000062500,-0.0001428265,2026-04-07 05:00:00.006000+00:00
xyz:GOLD,0.0000062500,-0.0000318841,2026-04-07 06:00:00.030000+00:00
xyz:GOLD,0.0000062500,-0.0001003947,2026-04-07 07:00:00.064000+00:00
xyz:GOLD,0.0000062500,0.0000682547,2026-04-07 08:00:00.020000+00:00
xyz:GOLD,0.0000062500,-0.0001501921,2026-04-07 09:00:00.031000+00:00
xyz:GOLD,0.0000062500,-0.0000996875,2026-04-07 10:00:00.005000+00:00
xyz:GOLD,0.0000062500,0.0001141668,2026-04-07 11:00:00.030000+00:00
xyz:GOLD,0.0000062500,0.0001235449,2026-04-07 12:00:00.037000+00:00
xyz:GOLD,0.0000062500,-0.0001563669,2026-04-07 13:00:00.060000+00:00
xyz:GOLD,0.0000062500,-0.0000608016,2026-04-07 14:00:00.027000+00:00
xyz:GOLD,0.0000062500,0.0000558109,2026-04-07 15:00:00.041000+00:00
xyz:GOLD,0.0000062500,0.0001282536,2026-04-07 16:00:00.036000+00:00
xyz:GOLD,0.0000062500,0.0000825956,2026-04-07 17:00:00.024000+00:00
xyz:GOLD,0.0000062500,-0.0000162957,2026-04-07 18:00:00.013000+00:00
xyz:GOLD,0.0000062500,0.0002461005,2026-04-07 19:00:00.017000+00:00
xyz:GOLD,0.0000062500,0.0000010535,2026-04-07 20:00:00.041000+00:00
xyz:GOLD,0.0000062500,-0.0001170880,2026-04-07 21:00:00.062000+00:00
xyz:GOLD,0.0000272416,0.0007358660,2026-04-07 22:00:00.029000+00:00
xyz:GOLD,0.0000062500,-0.0001749447,2026-04-07 23:00:00.038000+00:00
xyz:GOLD,-0.0000082988,-0.0004327806,2026-04-08 00:00:00.094000+00:00
xyz:GOLD,0.0000018690,-0.0002700955,2026-04-08 01:00:00.057000+00:00
xyz:GOLD,0.0000029032,-0.0002535484,2026-04-08 02:00:00.043000+00:00
xyz:GOLD,-0.0000077851,-0.0004245621,2026-04-08 03:00:00.059000+00:00
xyz:GOLD,0.0000055089,-0.0002118570,2026-04-08 04:00:00.012000+00:00
xyz:GOLD,0.0000062500,-0.0001519105,2026-04-08 05:00:00.056000+00:00
xyz:GOLD,-0.0000021885,-0.0003350162,2026-04-08 06:00:00.065000+00:00
xyz:GOLD,-0.0000082016,-0.0004312258,2026-04-08 07:00:00.039000+00:00
xyz:GOLD,0.0000051165,-0.0002181360,2026-04-08 08:00:00.005000+00:00
xyz:GOLD,0.0000062500,0.0000055649,2026-04-08 09:00:00.047000+00:00
xyz:GOLD,0.0000062500,0.0000556210,2026-04-08 10:00:00.004000+00:00
xyz:GOLD,0.0000062500,-0.0001447217,2026-04-08 11:00:00.027000+00:00
xyz:GOLD,0.0000062500,-0.0000929764,2026-04-08 12:00:00+00:00
xyz:GOLD,0.0000062500,-0.0001941868,2026-04-08 13:00:00.019000+00:00
xyz:GOLD,0.0000062500,-0.0000654492,2026-04-08 14:00:00.064000+00:00
xyz:GOLD,0.0000013624,-0.0002782017,2026-04-08 15:00:00.025000+00:00
xyz:GOLD,-0.0000003663,-0.0003058602,2026-04-08 16:00:00.054000+00:00
xyz:GOLD,-0.0000024738,-0.0003395804,2026-04-08 17:00:00.009000+00:00
xyz:GOLD,0.0000013267,-0.0002787723,2026-04-08 18:00:00.046000+00:00
xyz:GOLD,0.0000044137,-0.0002293813,2026-04-08 19:00:00.026000+00:00
xyz:GOLD,-0.0000055147,-0.0003882345,2026-04-08 20:00:00.068000+00:00
xyz:GOLD,-0.0000087863,-0.0004405810,2026-04-08 21:00:00.031000+00:00
xyz:GOLD,-0.0000496824,-0.0010949190,2026-04-08 22:00:00.010000+00:00
xyz:GOLD,-0.0000136741,-0.0005187850,2026-04-08 23:00:00.039000+00:00
xyz:GOLD,-0.0000173439,-0.0005775018,2026-04-09 00:00:00.070000+00:00
xyz:GOLD,-0.0000196975,-0.0006151603,2026-04-09 01:00:00.023000+00:00
xyz:GOLD,-0.0000156435,-0.0005502961,2026-04-09 02:00:00.010000+00:00
xyz:GOLD,-0.0000097539,-0.0004560628,2026-04-09 03:00:00.053000+00:00
xyz:GOLD,-0.0000035925,-0.0003574795,2026-04-09 04:00:00.015000+00:00
xyz:GOLD,-0.0000188739,-0.0006019819,2026-04-09 05:00:00.007000+00:00
xyz:GOLD,-0.0000093081,-0.0004489295,2026-04-09 06:00:00.021000+00:00
xyz:GOLD,0.0000043242,-0.0002308130,2026-04-09 07:00:00.001000+00:00
xyz:GOLD,-0.0000010034,-0.0003160547,2026-04-09 08:00:00.056000+00:00
xyz:GOLD,-0.0000047336,-0.0003757378,2026-04-09 09:00:00.008000+00:00
xyz:GOLD,0.0000046002,-0.0002263967,2026-04-09 10:00:00.006000+00:00
xyz:GOLD,-0.0000013510,-0.0003216163,2026-04-09 11:00:00.010000+00:00
xyz:GOLD,-0.0000056087,-0.0003897389,2026-04-09 12:00:00.054000+00:00
xyz:GOLD,-0.0000006818,-0.0003109087,2026-04-09 13:00:00.004000+00:00
xyz:GOLD,-0.0000053247,-0.0003851958,2026-04-09 14:00:00.056000+00:00
xyz:GOLD,-0.0000045386,-0.0003726170,2026-04-09 15:00:00.041000+00:00
xyz:GOLD,-0.0000083589,-0.0004337428,2026-04-09 16:00:00.011000+00:00
xyz:GOLD,-0.0000129106,-0.0005065691,2026-04-09 17:00:00.012000+00:00
xyz:GOLD,-0.0000065822,-0.0004053159,2026-04-09 18:00:00.001000+00:00
xyz:GOLD,-0.0000003901,-0.0003062415,2026-04-09 19:00:00.031000+00:00
xyz:GOLD,0.0000024109,-0.0002614251,2026-04-09 20:00:00.004000+00:00
xyz:GOLD,0.0000062500,-0.0000708022,2026-04-09 21:00:00.018000+00:00
xyz:GOLD,0.0000062500,-0.0001413104,2026-04-09 22:00:00+00:00
xyz:GOLD,0.0000062500,-0.0001348653,2026-04-09 23:00:00.071000+00:00
xyz:GOLD,0.0000062500,-0.0001932517,2026-04-10 00:00:00.062000+00:00
xyz:GOLD,0.0000062500,-0.0000499231,2026-04-10 01:00:00.013000+00:00
xyz:GOLD,0.0000062500,-0.0001049317,2026-04-10 02:00:00.002000+00:00
xyz:GOLD,-0.0000022267,-0.0003356278,2026-04-10 03:00:00.040000+00:00
xyz:GOLD,-0.0000089289,-0.0004428621,2026-04-10 04:00:00.047000+00:00
xyz:GOLD,-0.0000060474,-0.0003967588,2026-04-10 05:00:00.031000+00:00
xyz:GOLD,-0.0000015327,-0.0003245237,2026-04-10 06:00:00.026000+00:00
xyz:GOLD,0.0000052028,-0.0002167548,2026-04-10 07:00:00.016000+00:00
xyz:GOLD,0.0000034002,-0.0002455966,2026-04-10 08:00:00+00:00
xyz:GOLD,0.0000007832,-0.0002874694,2026-04-10 09:00:00.015000+00:00
xyz:GOLD,-0.0000010476,-0.0003167623,2026-04-10 10:00:00.028000+00:00
xyz:GOLD,-0.0000007503,-0.0003120053,2026-04-10 11:00:00.010000+00:00
xyz:GOLD,0.0000062500,-0.0001407980,2026-04-10 12:00:00.057000+00:00
xyz:GOLD,0.0000029947,-0.0002520847,2026-04-10 13:00:00.032000+00:00
xyz:GOLD,0.0000011991,-0.0002808137,2026-04-10 14:00:00.008000+00:00
xyz:GOLD,0.0000015319,-0.0002754903,2026-04-10 15:00:00.005000+00:00
xyz:GOLD,-0.0000017184,-0.0003274943,2026-04-10 16:00:00.053000+00:00
xyz:GOLD,0.0000007859,-0.0002874261,2026-04-10 17:00:00.022000+00:00
xyz:GOLD,-0.0000017948,-0.0003287162,2026-04-10 18:00:00.021000+00:00
xyz:GOLD,0.0000060894,-0.0002025694,2026-04-10 19:00:00.046000+00:00
xyz:GOLD,0.0000062500,-0.0001847074,2026-04-10 20:00:00.009000+00:00
xyz:GOLD,0.0000062500,0.0001203268,2026-04-10 21:00:00.010000+00:00
xyz:GOLD,0.0000062500,0.0002344398,2026-04-10 22:00:00.079000+00:00
xyz:GOLD,0.0000062500,-0.0000489560,2026-04-10 23:00:00.055000+00:00
xyz:GOLD,0.0000062500,-0.0001233366,2026-04-11 00:00:00.015000+00:00
xyz:GOLD,-0.0000027487,-0.0003439798,2026-04-11 01:00:00.006000+00:00
xyz:GOLD,0.0000019001,-0.0002695990,2026-04-11 02:00:00.020000+00:00
xyz:GOLD,0.0000062500,0.0001479885,2026-04-11 03:00:00.039000+00:00
xyz:GOLD,0.0000062500,0.0001288366,2026-04-11 04:00:00.013000+00:00
xyz:GOLD,0.0000062500,0.0000716438,2026-04-11 05:00:00.005000+00:00
xyz:GOLD,0.0000062500,-0.0000855879,2026-04-11 06:00:00.024000+00:00
xyz:GOLD,0.0000062500,0.0000865121,2026-04-11 07:00:00.016000+00:00
xyz:GOLD,0.0000062500,0.0001056503,2026-04-11 08:00:00.002000+00:00
xyz:GOLD,0.0000062500,0.0001998261,2026-04-11 09:00:00.042000+00:00
xyz:GOLD,0.0000062500,0.0001673523,2026-04-11 10:00:00.048000+00:00
xyz:GOLD,0.0000062500,0.0001478921,2026-04-11 11:00:00.040000+00:00
xyz:GOLD,0.0000062500,-0.0000612632,2026-04-11 12:00:00.055000+00:00
xyz:GOLD,0.0000046761,-0.0002251830,2026-04-11 13:00:00.047000+00:00
xyz:GOLD,-0.0000029900,-0.0003478401,2026-04-11 14:00:00.001000+00:00
xyz:GOLD,0.0000062500,0.0002946944,2026-04-11 15:00:00.041000+00:00
xyz:GOLD,0.0000062500,0.0001097173,2026-04-11 16:00:00.034000+00:00
xyz:GOLD,0.0000062500,0.0001973560,2026-04-11 17:00:00.008000+00:00
xyz:GOLD,0.0000034616,-0.0002446147,2026-04-11 18:00:00.033000+00:00
xyz:GOLD,0.0000062500,0.0001981046,2026-04-11 19:00:00.047000+00:00
xyz:GOLD,0.0000078235,0.0004251755,2026-04-11 20:00:00.023000+00:00
xyz:GOLD,0.0000062500,0.0000118452,2026-04-11 21:00:00.058000+00:00
xyz:GOLD,0.0000062500,0.0000281187,2026-04-11 22:00:00.036000+00:00
xyz:GOLD,0.0000062500,0.0000133556,2026-04-11 23:00:00.020000+00:00
xyz:GOLD,0.0000004472,-0.0002928446,2026-04-12 00:00:00.067000+00:00
xyz:GOLD,0.0000062500,-0.0000401199,2026-04-12 01:00:00.044000+00:00
xyz:GOLD,-0.0000121922,-0.0004950746,2026-04-12 02:00:00.031000+00:00
xyz:GOLD,-0.0000741403,-0.0014862452,2026-04-12 03:00:00.029000+00:00
xyz:GOLD,-0.0000033937,-0.0003542995,2026-04-12 04:00:00.055000+00:00
xyz:GOLD,-0.0000025877,-0.0003414038,2026-04-12 05:00:00.066000+00:00
xyz:GOLD,-0.0000010840,-0.0003173446,2026-04-12 06:00:00.047000+00:00
xyz:GOLD,0.0000008158,-0.0002869466,2026-04-12 07:00:00.004000+00:00
xyz:GOLD,0.0000062500,-0.0000057616,2026-04-12 08:00:00.022000+00:00
xyz:GOLD,0.0000062500,0.0001037410,2026-04-12 09:00:00.049000+00:00
xyz:GOLD,0.0000062500,0.0002655873,2026-04-12 10:00:00.011000+00:00
xyz:GOLD,0.0000062500,-0.0000925073,2026-04-12 11:00:00.022000+00:00
xyz:GOLD,0.0000058270,-0.0002067687,2026-04-12 12:00:00.040000+00:00
xyz:GOLD,-0.0000325504,-0.0008208069,2026-04-12 13:00:00.028000+00:00
xyz:GOLD,-0.0001124167,-0.0020986676,2026-04-12 14:00:00.064000+00:00
xyz:GOLD,-0.0000572279,-0.0012156458,2026-04-12 15:00:00.065000+00:00
xyz:GOLD,0.0000010723,-0.0002828426,2026-04-12 16:00:00.046000+00:00
xyz:GOLD,-0.0000390637,-0.0009250194,2026-04-12 17:00:00.054000+00:00
xyz:GOLD,0.0000062500,0.0002588160,2026-04-12 18:00:00.035000+00:00
xyz:GOLD,0.0000062500,-0.0000461825,2026-04-12 19:00:00.028000+00:00
xyz:GOLD,0.0000024794,-0.0002603289,2026-04-12 20:00:00.062000+00:00
xyz:GOLD,-0.0000079376,-0.0004270014,2026-04-12 21:00:00.049000+00:00
xyz:GOLD,-0.0003524732,-0.0059395709,2026-04-12 22:00:00.058000+00:00
xyz:GOLD,-0.0000623958,-0.0012983331,2026-04-12 23:00:00.048000+00:00
xyz:GOLD,-0.0000058703,-0.0003939244,2026-04-13 00:00:00.013000+00:00
xyz:GOLD,-0.0000011962,-0.0003191396,2026-04-13 01:00:00.031000+00:00
xyz:GOLD,-0.0000192384,-0.0006078150,2026-04-13 02:00:00.001000+00:00
xyz:GOLD,-0.0000182782,-0.0005924510,2026-04-13 03:00:00.056000+00:00
xyz:GOLD,-0.0000112996,-0.0004807935,2026-04-13 04:00:00.056000+00:00
xyz:GOLD,-0.0000102463,-0.0004639415,2026-04-13 05:00:00.032000+00:00
xyz:GOLD,-0.0000080803,-0.0004292842,2026-04-13 06:00:00.007000+00:00
xyz:GOLD,0.0000055436,-0.0002113017,2026-04-13 07:00:00.011000+00:00
xyz:GOLD,0.0000031493,-0.0002496118,2026-04-13 08:00:00.015000+00:00
xyz:GOLD,0.0000037707,-0.0002396683,2026-04-13 09:00:00.013000+00:00
xyz:GOLD,0.0000034151,-0.0002453582,2026-04-13 10:00:00.032000+00:00
xyz:GOLD,0.0000049372,-0.0002210054,2026-04-13 11:00:00.011000+00:00
xyz:GOLD,0.0000062500,-0.0001625088,2026-04-13 12:00:00.063000+00:00
xyz:GOLD,0.0000016655,-0.0002733520,2026-04-13 13:00:00.036000+00:00
xyz:GOLD,0.0000062500,-0.0001914103,2026-04-13 14:00:00.007000+00:00
xyz:GOLD,0.0000062500,-0.0000575240,2026-04-13 15:00:00.114000+00:00
xyz:GOLD,0.0000059363,-0.0002050193,2026-04-13 16:00:00.016000+00:00
xyz:GOLD,0.0000062500,-0.0001208198,2026-04-13 17:00:00.028000+00:00
xyz:GOLD,0.0000062500,-0.0001209357,2026-04-13 18:00:00.040000+00:00
xyz:GOLD,0.0000062500,-0.0001316875,2026-04-13 19:00:00.055000+00:00
xyz:GOLD,0.0000062500,0.0001062455,2026-04-13 20:00:00.032000+00:00
xyz:GOLD,0.0000062500,0.0002593410,2026-04-13 21:00:00.038000+00:00
xyz:GOLD,0.0000066778,0.0004068452,2026-04-13 22:00:00.023000+00:00
xyz:GOLD,0.0000062500,0.0003543441,2026-04-13 23:00:00.008000+00:00
xyz:GOLD,0.0000062500,0.0001750576,2026-04-14 00:00:00.020000+00:00
xyz:GOLD,0.0000062500,-0.0001294577,2026-04-14 01:00:00.057000+00:00
xyz:GOLD,0.0000062500,-0.0001720701,2026-04-14 02:00:00.017000+00:00
xyz:GOLD,0.0000062500,-0.0001400563,2026-04-14 03:00:00.043000+00:00
xyz:GOLD,0.0000062500,-0.0000797831,2026-04-14 04:00:00.009000+00:00
xyz:GOLD,0.0000062500,-0.0001558191,2026-04-14 05:00:00.054000+00:00
xyz:GOLD,0.0000062500,-0.0001276616,2026-04-14 06:00:00.057000+00:00
xyz:GOLD,0.0000062500,-0.0001559256,2026-04-14 07:00:00.076000+00:00
xyz:GOLD,0.0000062500,0.0000266401,2026-04-14 08:00:00.066000+00:00
xyz:GOLD,0.0000062500,0.0000162895,2026-04-14 09:00:00.041000+00:00
xyz:GOLD,0.0000062500,0.0001701440,2026-04-14 10:00:00.010000+00:00
xyz:GOLD,0.0000062500,-0.0000970533,2026-04-14 11:00:00.030000+00:00
xyz:GOLD,0.0000062500,-0.0000463327,2026-04-14 12:00:00.053000+00:00
xyz:GOLD,0.0000062500,-0.0001306332,2026-04-14 13:00:00.039000+00:00
xyz:GOLD,0.0000062500,-0.0001152339,2026-04-14 14:00:00.012000+00:00
xyz:GOLD,0.0000062500,-0.0000450590,2026-04-14 15:00:00.056000+00:00
xyz:GOLD,0.0000062500,-0.0001447395,2026-04-14 16:00:00.029000+00:00
xyz:GOLD,0.0000062500,-0.0000023937,2026-04-14 17:00:00.057000+00:00
xyz:GOLD,0.0000062500,0.0001269420,2026-04-14 18:00:00.062000+00:00
xyz:GOLD,0.0000062500,0.0001165618,2026-04-14 19:00:00.040000+00:00
xyz:GOLD,0.0000062500,0.0002675813,2026-04-14 20:00:00+00:00
xyz:GOLD,0.0000062500,0.0000391929,2026-04-14 21:00:00.003000+00:00
xyz:GOLD,-0.0000485975,-0.0010775607,2026-04-14 22:00:00.001000+00:00
xyz:GOLD,0.0000062500,-0.0001396003,2026-04-14 23:00:00.021000+00:00
xyz:GOLD,0.0000062500,-0.0001515457,2026-04-15 00:00:00.015000+00:00
xyz:GOLD,0.0000062500,-0.0001302800,2026-04-15 01:00:00.054000+00:00
xyz:GOLD,0.0000062500,0.0000049236,2026-04-15 02:00:00.036000+00:00
xyz:GOLD,0.0000062500,0.0000417041,2026-04-15 03:00:00.065000+00:00
xyz:GOLD,0.0000062500,-0.0000535971,2026-04-15 04:00:00.053000+00:00
xyz:GOLD,0.0000062500,-0.0000450900,2026-04-15 05:00:00.029000+00:00
xyz:GOLD,0.0000062500,-0.0001175662,2026-04-15 06:00:00.060000+00:00
xyz:GOLD,0.0000062500,-0.0001132784,2026-04-15 07:00:00.038000+00:00
xyz:GOLD,0.0000062500,-0.0001107163,2026-04-15 08:00:00.009000+00:00
xyz:GOLD,0.0000062500,0.0000504113,2026-04-15 09:00:00.024000+00:00
xyz:GOLD,0.0000062500,0.0001784412,2026-04-15 10:00:00.027000+00:00
xyz:GOLD,0.0000062500,0.0002972394,2026-04-15 11:00:00.067000+00:00
xyz:GOLD,0.0000062500,0.0003882766,2026-04-15 12:00:00.030000+00:00
xyz:GOLD,0.0000104852,0.0004677625,2026-04-15 13:00:00.008000+00:00
xyz:GOLD,0.0000151848,0.0005429573,2026-04-15 14:00:00.035000+00:00
xyz:GOLD,0.0000128111,0.0005049775,2026-04-15 15:00:00.057000+00:00
xyz:GOLD,0.0000062500,0.0003131898,2026-04-15 16:00:00.025000+00:00
xyz:GOLD,0.0000062500,0.0003763529,2026-04-15 17:00:00.022000+00:00
xyz:GOLD,0.0000105582,0.0004689312,2026-04-15 18:00:00.030000+00:00
xyz:GOLD,0.0000119959,0.0004919347,2026-04-15 19:00:00.062000+00:00
xyz:GOLD,0.0000062500,0.0003760985,2026-04-15 20:00:00.014000+00:00
xyz:GOLD,0.0000062500,0.0003980715,2026-04-15 21:00:00.049000+00:00
xyz:GOLD,0.0000077221,0.0004235535,2026-04-15 22:00:00.067000+00:00
xyz:GOLD,0.0000062500,0.0003153492,2026-04-15 23:00:00.056000+00:00
xyz:GOLD,0.0000062500,0.0001660674,2026-04-16 00:00:00.044000+00:00
xyz:GOLD,0.0000062500,0.0001208558,2026-04-16 01:00:00.022000+00:00
xyz:GOLD,0.0000062500,0.0001327304,2026-04-16 02:00:00.010000+00:00
xyz:GOLD,0.0000062500,0.0001461357,2026-04-16 03:00:00.053000+00:00
xyz:GOLD,0.0000062500,0.0001971240,2026-04-16 04:00:00.006000+00:00
xyz:GOLD,0.0000062500,0.0001241246,2026-04-16 05:00:00.042000+00:00
xyz:GOLD,0.0000062500,0.0002516938,2026-04-16 06:00:00.031000+00:00
xyz:GOLD,0.0000062500,0.0001971197,2026-04-16 07:00:00.012000+00:00
xyz:GOLD,0.0000062500,0.0001519917,2026-04-16 08:00:00.062000+00:00
xyz:GOLD,0.0000062500,0.0002825785,2026-04-16 09:00:00.045000+00:00
xyz:GOLD,0.0000062500,0.0002811275,2026-04-16 10:00:00.004000+00:00
xyz:GOLD,0.0000062500,0.0003943612,2026-04-16 11:00:00.035000+00:00
xyz:GOLD,0.0000062500,0.0003721189,2026-04-16 12:00:00.042000+00:00
xyz:GOLD,0.0000070165,0.0004122645,2026-04-16 13:00:00.030000+00:00
xyz:GOLD,0.0000074755,0.0004196087,2026-04-16 14:00:00.019000+00:00
xyz:GOLD,0.0000106215,0.0004699443,2026-04-16 15:00:00.047000+00:00
xyz:GOLD,0.0000062500,0.0003005010,2026-04-16 16:00:00.051000+00:00
xyz:GOLD,0.0000062500,0.0002442632,2026-04-16 17:00:00.013000+00:00
xyz:GOLD,0.0000062500,0.0002726582,2026-04-16 18:00:00.034000+00:00
xyz:GOLD,0.0000124293,0.0004988692,2026-04-16 19:00:00.064000+00:00
xyz:GOLD,0.0000185362,0.0005965789,2026-04-16 20:00:00.016000+00:00
xyz:GOLD,0.0000131345,0.0005101516,2026-04-16 21:00:00.025000+00:00
xyz:GOLD,0.0000062500,-0.0001675902,2026-04-16 22:00:00.043000+00:00
xyz:GOLD,0.0000062500,0.0003215355,2026-04-16 23:00:00.041000+00:00
xyz:GOLD,0.0000062500,0.0002058699,2026-04-17 00:00:00.030000+00:00
xyz:GOLD,0.0000062500,0.0000750241,2026-04-17 01:00:00.015000+00:00
xyz:GOLD,0.0000062500,0.0003567154,2026-04-17 02:00:00.026000+00:00
xyz:GOLD,0.0000062500,0.0000159155,2026-04-17 03:00:00.010000+00:00
xyz:GOLD,0.0000062500,-0.0000186719,2026-04-17 04:00:00.064000+00:00
xyz:GOLD,0.0000062500,0.0000916319,2026-04-17 05:00:00.052000+00:00
xyz:GOLD,0.0000062500,0.0002891934,2026-04-17 06:00:00.017000+00:00
xyz:GOLD,0.0000069382,0.0004110106,2026-04-17 07:00:00.065000+00:00
xyz:GOLD,0.0000071862,0.0004149788,2026-04-17 08:00:00.042000+00:00
xyz:GOLD,0.0000154258,0.0005468129,2026-04-17 09:00:00.035000+00:00
xyz:GOLD,0.0000116618,0.0004865893,2026-04-17 10:00:00.011000+00:00
xyz:GOLD,0.0000064781,0.0004036502,2026-04-17 11:00:00.038000+00:00
xyz:GOLD,0.0000094716,0.0004515460,2026-04-17 12:00:00.064000+00:00
xyz:GOLD,0.0000073920,0.0004182721,2026-04-17 13:00:00.036000+00:00
xyz:GOLD,0.0000062500,0.0003573231,2026-04-17 14:00:00+00:00
xyz:GOLD,0.0000062500,0.0002084188,2026-04-17 15:00:00.059000+00:00
xyz:GOLD,0.0000062500,0.0001505435,2026-04-17 16:00:00.039000+00:00
xyz:GOLD,0.0000062500,0.0003291215,2026-04-17 17:00:00.046000+00:00
xyz:GOLD,0.0000062500,0.0000937772,2026-04-17 18:00:00.052000+00:00
xyz:GOLD,0.0000062500,0.0000347903,2026-04-17 19:00:00.019000+00:00
xyz:GOLD,0.0000062500,-0.0000499871,2026-04-17 20:00:00.065000+00:00
xyz:GOLD,0.0000062500,0.0003116901,2026-04-17 21:00:00.012000+00:00
xyz:GOLD,0.0000077779,0.0004244472,2026-04-17 22:00:00.042000+00:00
xyz:GOLD,0.0000062500,0.0002016497,2026-04-17 23:00:00.022000+00:00
xyz:GOLD,0.0000062500,0.0003230692,2026-04-18 00:00:00.064000+00:00
xyz:GOLD,0.0000462664,0.0010402618,2026-04-18 01:00:00.049000+00:00
xyz:GOLD,0.0000066571,0.0004065140,2026-04-18 02:00:00.042000+00:00
xyz:GOLD,0.0000062500,-0.0001830554,2026-04-18 03:00:00.031000+00:00
xyz:GOLD,-0.0000003988,-0.0003063803,2026-04-18 04:00:00.009000+00:00
xyz:GOLD,-0.0000113893,-0.0004822283,2026-04-18 05:00:00.060000+00:00
xyz:GOLD,-0.0000337599,-0.0008401589,2026-04-18 06:00:00.049000+00:00
xyz:GOLD,0.0000039120,-0.0002374082,2026-04-18 07:00:00.028000+00:00
xyz:GOLD,0.0000062500,0.0001055009,2026-04-18 08:00:00.049000+00:00
xyz:GOLD,-0.0000167923,-0.0005686762,2026-04-18 09:00:00.011000+00:00
xyz:GOLD,-0.0000162181,-0.0005594891,2026-04-18 10:00:00.020000+00:00
xyz:GOLD,-0.0000313654,-0.0008018468,2026-04-18 11:00:00.016000+00:00
xyz:GOLD,-0.0000249380,-0.0006990078,2026-04-18 12:00:00.034000+00:00
xyz:GOLD,-0.0000286496,-0.0007583940,2026-04-18 13:00:00.047000+00:00
xyz:GOLD,0.0000000148,-0.0002997633,2026-04-18 14:00:00.018000+00:00
xyz:GOLD,0.0000062500,-0.0001517570,2026-04-18 15:00:00+00:00
xyz:GOLD,0.0000062500,0.0003638811,2026-04-18 16:00:00.001000+00:00
xyz:GOLD,0.0000062500,0.0001788738,2026-04-18 17:00:00.001000+00:00
xyz:GOLD,0.0000062500,0.0001294071,2026-04-18 18:00:00.050000+00:00
xyz:GOLD,-0.0000272922,-0.0007366745,2026-04-18 19:00:00.039000+00:00
xyz:GOLD,-0.0000279756,-0.0007476098,2026-04-18 20:00:00.037000+00:00
xyz:GOLD,0.0000007358,-0.0002882274,2026-04-18 21:00:00.036000+00:00
xyz:GOLD,-0.0000185119,-0.0005961904,2026-04-18 22:00:00.011000+00:00
xyz:GOLD,-0.0000092506,-0.0004480098,2026-04-18 23:00:00.026000+00:00
xyz:GOLD,-0.0001158866,-0.0021541856,2026-04-19 00:00:00.053000+00:00
xyz:GOLD,-0.0000717376,-0.0014478020,2026-04-19 01:00:00.051000+00:00
xyz:GOLD,0.0000096843,0.0004549483,2026-04-19 02:00:00.028000+00:00
xyz:GOLD,0.0000062500,0.0000909989,2026-04-19 03:00:00.060000+00:00
xyz:GOLD,0.0000062500,-0.0000980393,2026-04-19 04:00:00.051000+00:00
xyz:GOLD,0.0000374322,0.0008989155,2026-04-19 05:00:00.046000+00:00
xyz:GOLD,0.0000062500,0.0000414854,2026-04-19 06:00:00.041000+00:00
xyz:GOLD,-0.0000188794,-0.0006020711,2026-04-19 07:00:00.002000+00:00
xyz:GOLD,-0.0000010165,-0.0003162638,2026-04-19 08:00:00.040000+00:00
xyz:GOLD,0.0000062500,0.0001648749,2026-04-19 09:00:00.041000+00:00
xyz:GOLD,0.0000062500,-0.0000503229,2026-04-19 10:00:00.022000+00:00
xyz:GOLD,0.0000062500,-0.0000841878,2026-04-19 11:00:00.032000+00:00
xyz:GOLD,0.0000116911,0.0004870579,2026-04-19 12:00:00.016000+00:00
xyz:GOLD,0.0000143537,0.0005296591,2026-04-19 13:00:00.026000+00:00
xyz:GOLD,0.0000620829,0.0012933257,2026-04-19 14:00:00.011000+00:00
