coin,fundingRate,premium,time
xyz:META,0.0000489622,0.0006916973,2025-11-20 15:00:00.022000+00:00
xyz:META,0.0001039431,0.0011315448,2025-11-20 16:00:00.039000+00:00
xyz:META,0.0000158162,0.0004265298,2025-11-20 17:00:00.059000+00:00
xyz:META,0.0000125000,0.0000940550,2025-11-20 18:00:00.035000+00:00
xyz:META,0.0000125000,0.0002100862,2025-11-20 19:00:00.088000+00:00
xyz:META,0.0000301076,0.0005408610,2025-11-20 20:00:00.054000+00:00
xyz:META,0.0000125000,-0.0000400488,2025-11-20 21:00:00+00:00
xyz:META,0.0000125000,0.0003092123,2025-11-20 22:00:00.129000+00:00
xyz:META,0.0000125000,0.0003102159,2025-11-20 23:00:00.006000+00:00
xyz:META,0.0000125000,0.0000624720,2025-11-21 00:00:00.037000+00:00
xyz:META,0.0000183684,0.0004469468,2025-11-21 01:00:00.053000+00:00
xyz:META,0.0000125000,0.0001171130,2025-11-21 02:00:00.169000+00:00
xyz:META,0.0000889759,0.0010118076,2025-11-21 03:00:00.141000+00:00
xyz:META,-0.0001240185,-0.0012921478,2025-11-21 04:00:00.006000+00:00
xyz:META,0.0000125000,0.0001809025,2025-11-21 05:00:00.005000+00:00
xyz:META,-0.0000505584,-0.0007044673,2025-11-21 06:00:00.054000+00:00
xyz:META,-0.0000067934,-0.0003543474,2025-11-21 07:00:00.092000+00:00
xyz:META,0.0000040709,-0.0002674332,2025-11-21 08:00:00.103000+00:00
xyz:META,-0.0002336260,-0.0021690076,2025-11-21 09:00:00.003000+00:00
xyz:META,0.0000125000,0.0000926908,2025-11-21 10:00:00.007000+00:00
xyz:META,0.0000125000,-0.0001795894,2025-11-21 11:00:00.009000+00:00
xyz:META,-0.0000023741,-0.0003189928,2025-11-21 12:00:00.005000+00:00
xyz:META,0.0000125000,0.0000225991,2025-11-21 13:00:00.102000+00:00
xyz:META,0.0000125000,-0.0000877692,2025-11-21 14:00:00.044000+00:00
xyz:META,0.0000125000,-0.0000206262,2025-11-21 15:00:00.047000+00:00
xyz:META,0.0000125000,0.0000122547,2025-11-21 16:00:00.015000+00:00
xyz:META,0.0000125000,0.0000842725,2025-11-21 17:00:00.023000+00:00
xyz:META,0.0000125000,0.0000009637,2025-11-21 18:00:00.006000+00:00
xyz:META,0.0000125000,0.0000885769,2025-11-21 19:00:00.093000+00:00
xyz:META,0.0000125000,-0.0001138548,2025-11-21 20:00:00.034000+00:00
xyz:META,0.0000125000,0.0000110283,2025-11-21 21:00:00.031000+00:00
xyz:META,0.0000125000,-0.0000910326,2025-11-21 22:00:00.066000+00:00
xyz:META,0.0000125000,-0.0001208142,2025-11-21 23:00:00.002000+00:00
xyz:META,0.0000125000,0.0001615005,2025-11-22 00:00:00.049000+00:00
xyz:META,0.0000125000,0.0000014097,2025-11-22 01:00:00.034000+00:00
xyz:META,0.0000421550,0.0006372399,2025-11-22 02:00:00.035000+00:00
xyz:META,0.0001007331,0.0011058646,2025-11-22 03:00:00.083000+00:00
xyz:META,0.0002244032,0.0020952252,2025-11-22 04:00:00.070000+00:00
xyz:META,0.0000125000,0.0002201262,2025-11-22 05:00:00.036000+00:00
xyz:META,0.0000121161,-0.0002030712,2025-11-22 06:00:00.033000+00:00
xyz:META,-0.0000096414,-0.0003771315,2025-11-22 07:00:00.060000+00:00
xyz:META,0.0000122991,-0.0002016075,2025-11-22 08:00:00.063000+00:00
xyz:META,0.0000125000,-0.0001340916,2025-11-22 09:00:00.011000+00:00
xyz:META,0.0000180466,0.0004443725,2025-11-22 10:00:00.052000+00:00
xyz:META,0.0000125000,-0.0000831337,2025-11-22 11:00:00.092000+00:00
xyz:META,0.0000125000,0.0000113312,2025-11-22 12:00:00.045000+00:00
xyz:META,0.0000125000,0.0000591689,2025-11-22 13:00:00.078000+00:00
xyz:META,0.0000125000,0.0000072866,2025-11-22 14:00:00.013000+00:00
xyz:META,0.0000125000,0.0000082395,2025-11-22 15:00:00.010000+00:00
xyz:META,0.0000125000,0.0000083650,2025-11-22 16:00:00.011000+00:00
xyz:META,0.0000125000,0.0000087462,2025-11-22 17:00:00.019000+00:00
xyz:META,0.0000125000,0.0000295005,2025-11-22 18:00:00.003000+00:00
xyz:META,0.0000125000,0.0000201870,2025-11-22 19:00:00.027000+00:00
xyz:META,0.0001053626,0.0011429007,2025-11-22 20:00:00.045000+00:00
xyz:META,0.0000481120,0.0006848961,2025-11-22 21:00:00.055000+00:00
xyz:META,-0.0002445219,-0.0022561754,2025-11-22 22:00:00.053000+00:00
xyz:META,-0.0000676626,-0.0008413007,2025-11-22 23:00:00.085000+00:00
xyz:META,-0.0000023790,-0.0003190319,2025-11-23 00:00:00.020000+00:00
xyz:META,0.0000125000,0.0003118391,2025-11-23 01:00:00.093000+00:00
xyz:META,0.0000125000,0.0002089392,2025-11-23 02:00:00.046000+00:00
xyz:META,0.0000125000,0.0000877830,2025-11-23 03:00:00.024000+00:00
xyz:META,0.0000125000,0.0000417385,2025-11-23 04:00:00.004000+00:00
xyz:META,0.0000125000,0.0000266471,2025-11-23 05:00:00.012000+00:00
xyz:META,0.0000125000,0.0000174076,2025-11-23 06:00:00.007000+00:00
xyz:META,0.0000125000,-0.0000430248,2025-11-23 07:00:00.051000+00:00
xyz:META,0.0000125000,0.0001263895,2025-11-23 08:00:00.064000+00:00
xyz:META,0.0000125000,0.0000639253,2025-11-23 09:00:00.008000+00:00
xyz:META,0.0000125000,0.0002853966,2025-11-23 10:00:00.023000+00:00
xyz:META,0.0000246148,0.0004969187,2025-11-23 11:00:00.097000+00:00
xyz:META,0.0000125000,0.0000307902,2025-11-23 12:00:00.010000+00:00
xyz:META,0.0000125000,0.0000083681,2025-11-23 13:00:00.086000+00:00
xyz:META,0.0000125000,-0.0000502688,2025-11-23 14:00:00.004000+00:00
xyz:META,0.0000125000,-0.0001325778,2025-11-23 15:00:00.040000+00:00
xyz:META,0.0000125000,-0.0000308327,2025-11-23 16:00:00.021000+00:00
xyz:META,0.0000276972,0.0005215779,2025-11-23 17:00:00.005000+00:00
xyz:META,0.0000125000,0.0002756662,2025-11-23 18:00:00.020000+00:00
xyz:META,-0.0000141833,-0.0004134662,2025-11-23 19:00:00.042000+00:00
xyz:META,-0.0000182354,-0.0004458831,2025-11-23 20:00:00.076000+00:00
xyz:META,-0.0000418921,-0.0006351370,2025-11-23 21:00:00.083000+00:00
xyz:META,0.0000795571,0.0009364567,2025-11-23 22:00:00.032000+00:00
xyz:META,0.0000332966,0.0005663729,2025-11-23 23:00:00.050000+00:00
xyz:META,0.0005349871,0.0045798969,2025-11-24 00:00:00.051000+00:00
xyz:META,0.0002175634,0.0020405071,2025-11-24 01:00:00.030000+00:00
xyz:META,0.0000222049,0.0004776395,2025-11-24 02:00:00.067000+00:00
xyz:META,0.0000125000,0.0001099315,2025-11-24 03:00:00.010000+00:00
xyz:META,0.0000039393,-0.0002684854,2025-11-24 04:00:00.034000+00:00
xyz:META,0.0000125000,0.0001395557,2025-11-24 05:00:00.042000+00:00
xyz:META,0.0001517642,0.0015141137,2025-11-24 06:00:00.036000+00:00
xyz:META,0.0000493459,0.0006947673,2025-11-24 07:00:00.028000+00:00
xyz:META,0.0000125000,0.0003970338,2025-11-24 08:00:00.025000+00:00
xyz:META,0.0000291172,0.0005329374,2025-11-24 09:00:00.049000+00:00
xyz:META,0.0000125000,-0.0000083705,2025-11-24 10:00:00.007000+00:00
xyz:META,0.0000125000,-0.0001252366,2025-11-24 11:00:00.049000+00:00
xyz:META,0.0000125000,0.0001550108,2025-11-24 12:00:00.056000+00:00
xyz:META,0.0000125000,-0.0000386683,2025-11-24 13:00:00.014000+00:00
xyz:META,0.0000125000,0.0000182889,2025-11-24 14:00:00.035000+00:00
xyz:META,0.0000125000,0.0000459852,2025-11-24 15:00:00.015000+00:00
xyz:META,0.0000125000,0.0000006455,2025-11-24 16:00:00.011000+00:00
xyz:META,0.0000125000,-0.0001065325,2025-11-24 17:00:00.041000+00:00
xyz:META,0.0000125000,-0.0000571402,2025-11-24 18:00:00.097000+00:00
xyz:META,0.0000125000,-0.0000474602,2025-11-24 19:00:00.065000+00:00
xyz:META,0.0000125000,-0.0000352889,2025-11-24 20:00:00.083000+00:00
xyz:META,0.0000125000,-0.0001090615,2025-11-24 21:00:00.134000+00:00
xyz:META,0.0000125000,0.0000281708,2025-11-24 22:00:00.018000+00:00
xyz:META,0.0000125000,0.0001078470,2025-11-24 23:00:00.013000+00:00
xyz:META,0.0000125000,0.0000823931,2025-11-25 00:00:00.027000+00:00
xyz:META,0.0000125000,0.0000680207,2025-11-25 01:00:00.029000+00:00
xyz:META,0.0000258735,0.0005069882,2025-11-25 02:00:00.065000+00:00
xyz:META,0.0001293897,0.0013351176,2025-11-25 03:00:00.062000+00:00
xyz:META,0.0000656790,0.0008254323,2025-11-25 04:00:00.057000+00:00
xyz:META,0.0000673256,0.0008386045,2025-11-25 05:00:00.061000+00:00
xyz:META,0.0000367796,0.0005942368,2025-11-25 06:00:00.056000+00:00
xyz:META,0.0000048962,-0.0002608307,2025-11-25 07:00:00.004000+00:00
xyz:META,0.0000125000,0.0003275351,2025-11-25 08:00:00+00:00
xyz:META,0.0000454010,0.0006632080,2025-11-25 09:00:00.065000+00:00
xyz:META,0.0000152079,0.0004216630,2025-11-25 10:00:00.014000+00:00
xyz:META,0.0000125000,0.0003235464,2025-11-25 11:00:00.010000+00:00
xyz:META,0.0000125000,0.0001711959,2025-11-25 12:00:00.055000+00:00
xyz:META,0.0000125000,0.0000708642,2025-11-25 13:00:00.083000+00:00
xyz:META,0.0000125000,-0.0000182509,2025-11-25 14:00:00.039000+00:00
xyz:META,0.0000125000,-0.0000356265,2025-11-25 15:00:00.004000+00:00
xyz:META,0.0000125000,-0.0000077196,2025-11-25 16:00:00.060000+00:00
xyz:META,0.0000125000,-0.0001382966,2025-11-25 17:00:00.006000+00:00
xyz:META,0.0000125000,0.0000549261,2025-11-25 18:00:00.054000+00:00
xyz:META,0.0000125000,0.0001230271,2025-11-25 19:00:00.061000+00:00
xyz:META,0.0000125000,0.0001374588,2025-11-25 20:00:00.015000+00:00
xyz:META,0.0000125000,0.0001365776,2025-11-25 21:00:00.012000+00:00
xyz:META,0.0000125000,0.0001968545,2025-11-25 22:00:00.013000+00:00
xyz:META,0.0000125000,0.0001854868,2025-11-25 23:00:00.092000+00:00
xyz:META,0.0000125000,0.0003282642,2025-11-26 00:00:00.203000+00:00
xyz:META,0.0000125000,0.0000650971,2025-11-26 01:00:00.056000+00:00
xyz:META,-0.0000049260,-0.0003394083,2025-11-26 02:00:00.030000+00:00
xyz:META,0.0000125000,0.0002020851,2025-11-26 03:00:00.063000+00:00
xyz:META,0.0000552534,0.0007420272,2025-11-26 04:00:00.014000+00:00
xyz:META,0.0000976216,0.0010809729,2025-11-26 05:00:00.044000+00:00
xyz:META,0.0000671121,0.0008368969,2025-11-26 06:00:00.016000+00:00
xyz:META,0.0000639964,0.0008119714,2025-11-26 07:00:00.022000+00:00
xyz:META,0.0000125000,0.0002854728,2025-11-26 08:00:00.098000+00:00
xyz:META,0.0000351270,0.0005810158,2025-11-26 09:00:00.091000+00:00
xyz:META,0.0000125000,0.0002586300,2025-11-26 10:00:00.025000+00:00
xyz:META,0.0000125000,0.0001397462,2025-11-26 11:00:00.023000+00:00
xyz:META,0.0000422398,0.0006379185,2025-11-26 12:00:00.100000+00:00
xyz:META,0.0000346185,0.0005769479,2025-11-26 13:00:00.034000+00:00
xyz:META,0.0000125000,0.0001197628,2025-11-26 14:00:00.047000+00:00
xyz:META,0.0000125000,0.0000966947,2025-11-26 15:00:00.012000+00:00
xyz:META,0.0000125000,0.0001294523,2025-11-26 16:00:00.062000+00:00
xyz:META,0.0000125000,0.0003588304,2025-11-26 17:00:00.062000+00:00
xyz:META,0.0000413803,0.0006310425,2025-11-26 18:00:00.073000+00:00
xyz:META,0.0000419037,0.0006352296,2025-11-26 19:00:00.048000+00:00
xyz:META,0.0000125000,0.0003102676,2025-11-26 20:00:00.065000+00:00
xyz:META,0.0000125000,0.0000709983,2025-11-26 21:00:00.032000+00:00
xyz:META,0.0000125000,0.0001689010,2025-11-26 22:00:00.029000+00:00
xyz:META,0.0000125000,-0.0000067218,2025-11-26 23:00:00.032000+00:00
xyz:META,0.0000125000,-0.0000372838,2025-11-27 00:00:00.024000+00:00
xyz:META,0.0000125000,0.0003429739,2025-11-27 01:00:00.006000+00:00
xyz:META,0.0000125000,0.0001955391,2025-11-27 02:00:00.090000+00:00
xyz:META,-0.0001015921,-0.0011127372,2025-11-27 03:00:00.036000+00:00
xyz:META,-0.0000253997,-0.0005031976,2025-11-27 04:00:00.062000+00:00
xyz:META,-0.0000528408,-0.0007227263,2025-11-27 05:00:00.069000+00:00
xyz:META,0.0000270603,0.0005164826,2025-11-27 06:00:00.027000+00:00
xyz:META,0.0000125000,0.0001680632,2025-11-27 07:00:00.004000+00:00
xyz:META,0.0000125000,-0.0000966276,2025-11-27 08:00:00.031000+00:00
xyz:META,0.0000125000,-0.0001639677,2025-11-27 09:00:00.030000+00:00
xyz:META,0.0000125000,0.0000832337,2025-11-27 10:00:00.037000+00:00
xyz:META,0.0000125000,0.0002435136,2025-11-27 11:00:00.006000+00:00
xyz:META,0.0001630419,0.0016043354,2025-11-27 12:00:00.056000+00:00
xyz:META,0.0000125000,0.0002727655,2025-11-27 13:00:00.129000+00:00
xyz:META,0.0000125000,0.0000439179,2025-11-27 14:00:00.083000+00:00
xyz:META,0.0000125000,0.0000200131,2025-11-27 15:00:00.013000+00:00
xyz:META,-0.0000233001,-0.0004864011,2025-11-27 16:00:00.038000+00:00
xyz:META,-0.0000340659,-0.0005725276,2025-11-27 17:00:00.030000+00:00
xyz:META,0.0000125000,-0.0000722833,2025-11-27 18:00:00.008000+00:00
xyz:META,0.0000125000,0.0000293818,2025-11-27 19:00:00.043000+00:00
xyz:META,0.0000125000,0.0000198889,2025-11-27 20:00:00.031000+00:00
xyz:META,0.0000125000,0.0002521619,2025-11-27 21:00:00.068000+00:00
xyz:META,0.0000447881,0.0006583045,2025-11-27 22:00:00.021000+00:00
xyz:META,0.0000156736,0.0004253891,2025-11-27 23:00:00.015000+00:00
xyz:META,0.0000125000,0.0001348348,2025-11-28 00:00:00.003000+00:00
xyz:META,0.0000125000,0.0000543490,2025-11-28 01:00:00.096000+00:00
xyz:META,-0.0000139692,-0.0004117533,2025-11-28 02:00:00.007000+00:00
xyz:META,0.0000125000,0.0001115794,2025-11-28 03:00:00.026000+00:00
xyz:META,-0.0000368856,-0.0005950844,2025-11-28 04:00:00.060000+00:00
xyz:META,-0.0000294639,-0.0005357112,2025-11-28 05:00:00.102000+00:00
xyz:META,-0.0000471682,-0.0006773460,2025-11-28 06:00:00.089000+00:00
xyz:META,0.0000125000,-0.0000324239,2025-11-28 07:00:00.032000+00:00
xyz:META,-0.0000161502,-0.0004292020,2025-11-28 08:00:00.007000+00:00
xyz:META,0.0000125000,0.0001744356,2025-11-28 09:00:00.007000+00:00
xyz:META,0.0000125000,-0.0001595733,2025-11-28 10:00:00.046000+00:00
xyz:META,0.0000125000,-0.0000048858,2025-11-28 11:00:00.039000+00:00
xyz:META,0.0000125000,0.0003223706,2025-11-28 12:00:00.055000+00:00
xyz:META,0.0000125000,0.0003725373,2025-11-28 13:00:00.037000+00:00
xyz:META,0.0000391752,0.0006134014,2025-11-28 14:00:00.032000+00:00
xyz:META,0.0000125000,0.0003913004,2025-11-28 15:00:00+00:00
xyz:META,0.0000125000,0.0003935827,2025-11-28 16:00:00.028000+00:00
xyz:META,0.0000125000,0.0003078863,2025-11-28 17:00:00.067000+00:00
xyz:META,0.0000206347,0.0004650779,2025-11-28 18:00:00.002000+00:00
xyz:META,0.0000125000,-0.0001576663,2025-11-28 19:00:00.074000+00:00
xyz:META,0.0000125000,-0.0000975326,2025-11-28 20:00:00.023000+00:00
xyz:META,0.0000125000,-0.0000415513,2025-11-28 21:00:00.034000+00:00
xyz:META,0.0000125000,-0.0000225450,2025-11-28 22:00:00.030000+00:00
xyz:META,0.0000125000,-0.0000120242,2025-11-28 23:00:00.038000+00:00
xyz:META,0.0000125000,-0.0000082098,2025-11-29 00:00:00.025000+00:00
xyz:META,0.0000125000,-0.0000384750,2025-11-29 01:00:00.081000+00:00
xyz:META,0.0000125000,-0.0000102383,2025-11-29 02:00:00.015000+00:00
xyz:META,0.0000125000,-0.0001475705,2025-11-29 03:00:00.061000+00:00
xyz:META,0.0000125000,-0.0001325358,2025-11-29 04:00:00.003000+00:00
xyz:META,-0.0001602435,-0.0015819482,2025-11-29 05:00:00.146000+00:00
xyz:META,-0.0000769300,-0.0009154399,2025-11-29 06:00:00.061000+00:00
xyz:META,-0.0000336994,-0.0005695949,2025-11-29 07:00:00.067000+00:00
xyz:META,-0.0000005968,-0.0003047745,2025-11-29 08:00:00.067000+00:00
xyz:META,0.0000119586,-0.0002043310,2025-11-29 09:00:00.005000+00:00
xyz:META,0.0000125000,0.0001991992,2025-11-29 10:00:00.028000+00:00
xyz:META,0.0001061025,0.0011488198,2025-11-29 11:00:00.053000+00:00
xyz:META,0.0000382815,0.0006062521,2025-11-29 12:00:00+00:00
xyz:META,0.0000125000,0.0003378575,2025-11-29 13:00:00.051000+00:00
xyz:META,0.0000125000,0.0003256311,2025-11-29 14:00:00.026000+00:00
xyz:META,0.0000125000,0.0001189222,2025-11-29 15:00:00.007000+00:00
xyz:META,0.0000125000,0.0000256380,2025-11-29 16:00:00.017000+00:00
xyz:META,0.0000125000,0.0000113911,2025-11-29 17:00:00.109000+00:00
xyz:META,0.0000125000,0.0000077293,2025-11-29 18:00:00.004000+00:00
xyz:META,0.0000675621,0.0008404970,2025-11-29 19:00:00.022000+00:00
xyz:META,-0.0000355374,-0.0005842990,2025-11-29 20:00:00.051000+00:00
xyz:META,-0.0000085415,-0.0003683317,2025-11-29 21:00:00.028000+00:00
xyz:META,0.0000125000,0.0001218647,2025-11-29 22:00:00.035000+00:00
xyz:META,0.0000125000,0.0001364609,2025-11-29 23:00:00.051000+00:00
xyz:META,0.0001397236,0.0014177887,2025-11-30 00:00:00.082000+00:00
xyz:META,0.0001128813,0.0012030506,2025-11-30 01:00:00.030000+00:00
xyz:META,0.0000683526,0.0008468207,2025-11-30 02:00:00.075000+00:00
xyz:META,0.0000320593,0.0005564744,2025-11-30 03:00:00.044000+00:00
xyz:META,0.0000125000,0.0002874259,2025-11-30 04:00:00.090000+00:00
xyz:META,0.0000125000,0.0002355578,2025-11-30 05:00:00.004000+00:00
xyz:META,0.0000125000,0.0001208035,2025-11-30 06:00:00.004000+00:00
xyz:META,-0.0000008600,-0.0003068796,2025-11-30 07:00:00.045000+00:00
xyz:META,0.0000125000,-0.0000940161,2025-11-30 08:00:00.065000+00:00
xyz:META,0.0000125000,-0.0000272046,2025-11-30 09:00:00.051000+00:00
xyz:META,0.0000125000,-0.0000132265,2025-11-30 10:00:00.075000+00:00
xyz:META,0.0000125000,-0.0000078576,2025-11-30 11:00:00.070000+00:00
xyz:META,0.0000125000,-0.0000075627,2025-11-30 12:00:00.054000+00:00
xyz:META,0.0000125000,0.0000348826,2025-11-30 13:00:00.060000+00:00
xyz:META,0.0000125000,-0.0000606334,2025-11-30 14:00:00.007000+00:00
xyz:META,0.0000125000,0.0000249721,2025-11-30 15:00:00.066000+00:00
xyz:META,0.0000125000,0.0000110485,2025-11-30 16:00:00.049000+00:00
xyz:META,0.0000125000,-0.0001160861,2025-11-30 17:00:00.046000+00:00
xyz:META,-0.0000580691,-0.0007645528,2025-11-30 18:00:00.097000+00:00
xyz:META,-0.0001780554,-0.0017244430,2025-11-30 19:00:00.015000+00:00
xyz:META,-0.0000101501,-0.0003812010,2025-11-30 20:00:00.096000+00:00
xyz:META,0.0000125000,-0.0000741354,2025-11-30 21:00:00.035000+00:00
xyz:META,0.0000125000,-0.0000829822,2025-11-30 22:00:00.056000+00:00
xyz:META,0.0000125000,0.0000052689,2025-11-30 23:00:00.008000+00:00
xyz:META,0.0000125000,-0.0000067449,2025-12-01 00:00:00.073000+00:00
xyz:META,0.0000125000,0.0001058469,2025-12-01 01:00:00.076000+00:00
xyz:META,0.0000125000,-0.0001021655,2025-12-01 02:00:00.003000+00:00
xyz:META,0.0000125000,0.0000553763,2025-12-01 03:00:00.027000+00:00
xyz:META,-0.0000214771,-0.0004718169,2025-12-01 04:00:00.028000+00:00
xyz:META,-0.0000572485,-0.0007579882,2025-12-01 05:00:00.048000+00:00
xyz:META,-0.0000772936,-0.0009183489,2025-12-01 06:00:00.029000+00:00
xyz:META,0.0000169021,0.0004352172,2025-12-01 07:00:00.034000+00:00
xyz:META,0.0000553753,0.0007430025,2025-12-01 08:00:00.014000+00:00
xyz:META,0.0000714411,0.0008715286,2025-12-01 09:00:00.010000+00:00
xyz:META,0.0000125000,0.0001328996,2025-12-01 10:00:00.038000+00:00
xyz:META,0.0000125000,0.0002556868,2025-12-01 11:00:00.036000+00:00
xyz:META,0.0000125000,0.0000902496,2025-12-01 12:00:00.066000+00:00
xyz:META,0.0000125000,0.0001468166,2025-12-01 13:00:00.024000+00:00
xyz:META,0.0000125000,0.0000067531,2025-12-01 14:00:00.024000+00:00
xyz:META,0.0000125000,-0.0000202679,2025-12-01 15:00:00.067000+00:00
xyz:META,0.0000125000,-0.0000170814,2025-12-01 16:00:00.069000+00:00
xyz:META,0.0000125000,-0.0000721211,2025-12-01 17:00:00.021000+00:00
xyz:META,0.0000125000,-0.0001447819,2025-12-01 18:00:00.060000+00:00
xyz:META,0.0000125000,-0.0001317580,2025-12-01 19:00:00+00:00
xyz:META,0.0000117210,-0.0002062321,2025-12-01 20:00:00.070000+00:00
xyz:META,0.0000125000,-0.0001411177,2025-12-01 21:00:00.006000+00:00
xyz:META,0.0000125000,0.0000683006,2025-12-01 22:00:00.103000+00:00
xyz:META,0.0000125000,-0.0000583589,2025-12-01 23:00:00.062000+00:00
xyz:META,0.0000125000,-0.0001316444,2025-12-02 00:00:00.052000+00:00
xyz:META,0.0000125000,-0.0000328511,2025-12-02 01:00:00.062000+00:00
xyz:META,0.0000125000,0.0001317504,2025-12-02 02:00:00.027000+00:00
xyz:META,0.0000357727,0.0005861815,2025-12-02 03:00:00.060000+00:00
xyz:META,0.0000527397,0.0007219174,2025-12-02 04:00:00.023000+00:00
xyz:META,0.0000643385,0.0008147079,2025-12-02 05:00:00.061000+00:00
xyz:META,0.0000527010,0.0007216077,2025-12-02 06:00:00.036000+00:00
xyz:META,0.0000125000,0.0002761997,2025-12-02 07:00:00.001000+00:00
xyz:META,0.0000125000,-0.0000827826,2025-12-02 08:00:00.104000+00:00
xyz:META,-0.0000632011,-0.0008056090,2025-12-02 09:00:00.038000+00:00
xyz:META,-0.0000085210,-0.0003681681,2025-12-02 10:00:00.047000+00:00
xyz:META,0.0000125000,0.0000032357,2025-12-02 11:00:00.037000+00:00
xyz:META,0.0000125000,0.0000687710,2025-12-02 12:00:00.092000+00:00
xyz:META,0.0000125000,-0.0000366877,2025-12-02 13:00:00.029000+00:00
xyz:META,0.0000125000,0.0001692466,2025-12-02 14:00:00.078000+00:00
xyz:META,0.0000125000,0.0001151229,2025-12-02 15:00:00.070000+00:00
xyz:META,0.0000125000,0.0001616617,2025-12-02 16:00:00.048000+00:00
xyz:META,0.0000125000,0.0002849280,2025-12-02 17:00:00.058000+00:00
xyz:META,0.0000125000,0.0002089795,2025-12-02 18:00:00.022000+00:00
xyz:META,0.0000125000,0.0001381247,2025-12-02 19:00:00.027000+00:00
xyz:META,0.0000125000,0.0001505130,2025-12-02 20:00:00.007000+00:00
xyz:META,0.0000125000,0.0001181000,2025-12-02 21:00:00.115000+00:00
xyz:META,0.0000125000,0.0001491801,2025-12-02 22:00:00.050000+00:00
xyz:META,0.0000125000,0.0000330090,2025-12-02 23:00:00.064000+00:00
xyz:META,0.0000125000,0.0000121124,2025-12-03 00:00:00.098000+00:00
xyz:META,0.0000125000,0.0000061814,2025-12-03 01:00:00.052000+00:00
xyz:META,0.0000286331,0.0005290647,2025-12-03 02:00:00.028000+00:00
xyz:META,0.0000611672,0.0007893380,2025-12-03 03:00:00.017000+00:00
xyz:META,0.0000675144,0.0008401153,2025-12-03 04:00:00.010000+00:00
xyz:META,0.0001120239,0.0011961912,2025-12-03 05:00:00.062000+00:00
xyz:META,0.0000519626,0.0007157010,2025-12-03 06:00:00.007000+00:00
xyz:META,0.0000277012,0.0005216094,2025-12-03 07:00:00.016000+00:00
xyz:META,0.0000192658,0.0004541262,2025-12-03 08:00:00.016000+00:00
xyz:META,0.0000926268,0.0010410146,2025-12-03 09:00:00.099000+00:00
xyz:META,0.0000553506,0.0007428046,2025-12-03 10:00:00.051000+00:00
xyz:META,0.0000395435,0.0006163484,2025-12-03 11:00:00.008000+00:00
xyz:META,0.0000125000,0.0002721138,2025-12-03 12:00:00.008000+00:00
xyz:META,0.0000125000,0.0002212129,2025-12-03 13:00:00.033000+00:00
xyz:META,0.0000125000,0.0002424270,2025-12-03 14:00:00.068000+00:00
xyz:META,0.0000125000,0.0003086326,2025-12-03 15:00:00.020000+00:00
xyz:META,0.0000125000,0.0000603043,2025-12-03 16:00:00.116000+00:00
xyz:META,0.0000125000,0.0000251281,2025-12-03 17:00:00.035000+00:00
xyz:META,0.0000125000,0.0000275019,2025-12-03 18:00:00.043000+00:00
xyz:META,0.0000125000,-0.0000054552,2025-12-03 19:00:00+00:00
xyz:META,0.0000125000,-0.0000223401,2025-12-03 20:00:00.036000+00:00
xyz:META,0.0000125000,-0.0000932003,2025-12-03 21:00:00.027000+00:00
xyz:META,0.0000125000,-0.0000412772,2025-12-03 22:00:00.024000+00:00
xyz:META,0.0000125000,0.0001451363,2025-12-03 23:00:00.029000+00:00
xyz:META,0.0000125000,0.0000255928,2025-12-04 00:00:00.032000+00:00
xyz:META,0.0000125000,-0.0000141663,2025-12-04 01:00:00.010000+00:00
xyz:META,-0.0000504439,-0.0007035512,2025-12-04 02:00:00.079000+00:00
xyz:META,-0.0000121212,-0.0003969693,2025-12-04 03:00:00.010000+00:00
xyz:META,0.0000125000,0.0003981915,2025-12-04 04:00:00.038000+00:00
xyz:META,0.0000322219,0.0005577749,2025-12-04 05:00:00.064000+00:00
xyz:META,0.0000699971,0.0008599768,2025-12-04 06:00:00.059000+00:00
xyz:META,0.0000547624,0.0007380996,2025-12-04 07:00:00.011000+00:00
xyz:META,0.0000500303,0.0007002426,2025-12-04 08:00:00.049000+00:00
xyz:META,0.0000927441,0.0010419530,2025-12-04 09:00:00.085000+00:00
xyz:META,0.0000125000,0.0003040627,2025-12-04 10:00:00.081000+00:00
xyz:META,0.0000138789,0.0004110314,2025-12-04 11:00:00.050000+00:00
xyz:META,0.0000125000,0.0003654641,2025-12-04 12:00:00.031000+00:00
xyz:META,0.0000196786,0.0004574285,2025-12-04 13:00:00.064000+00:00
xyz:META,0.0000537992,0.0007303938,2025-12-04 14:00:00.041000+00:00
xyz:META,0.0000331913,0.0005655301,2025-12-04 15:00:00.047000+00:00
xyz:META,0.0000125000,0.0003648638,2025-12-04 16:00:00.010000+00:00
xyz:META,0.0000125000,0.0002680163,2025-12-04 17:00:00.054000+00:00
xyz:META,0.0000125000,-0.0000107137,2025-12-04 18:00:00.008000+00:00
xyz:META,0.0000125000,-0.0000056889,2025-12-04 19:00:00.044000+00:00
xyz:META,0.0000125000,-0.0001866469,2025-12-04 20:00:00.021000+00:00
xyz:META,0.0000125000,-0.0001975370,2025-12-04 21:00:00.078000+00:00
xyz:META,0.0000125000,-0.0001735243,2025-12-04 22:00:00.034000+00:00
xyz:META,0.0000017919,-0.0002856651,2025-12-04 23:00:00.015000+00:00
xyz:META,-0.0000096186,-0.0003769487,2025-12-05 00:00:00.002000+00:00
xyz:META,-0.0000544091,-0.0007352730,2025-12-05 01:00:00.035000+00:00
xyz:META,-0.0000175088,-0.0004400703,2025-12-05 02:00:00.021000+00:00
xyz:META,-0.0000174032,-0.0004392257,2025-12-05 03:00:00.048000+00:00
xyz:META,0.0000125000,-0.0000879480,2025-12-05 04:00:00.066000+00:00
xyz:META,0.0000099387,-0.0002204901,2025-12-05 05:00:00.044000+00:00
xyz:META,0.0000124309,-0.0002005525,2025-12-05 06:00:00.033000+00:00
xyz:META,0.0000084141,-0.0002326869,2025-12-05 07:00:00.050000+00:00
xyz:META,0.0000125000,-0.0001188115,2025-12-05 08:00:00.032000+00:00
xyz:META,0.0000125000,0.0000072213,2025-12-05 09:00:00.019000+00:00
xyz:META,0.0000106062,-0.0002151504,2025-12-05 10:00:00.035000+00:00
xyz:META,0.0000125000,-0.0001208028,2025-12-05 11:00:00.077000+00:00
xyz:META,0.0000125000,-0.0001275061,2025-12-05 12:00:00.030000+00:00
xyz:META,0.0000125000,-0.0001169150,2025-12-05 13:00:00.062000+00:00
xyz:META,0.0000125000,0.0000187497,2025-12-05 14:00:00.047000+00:00
xyz:META,0.0000125000,0.0000130405,2025-12-05 15:00:00.036000+00:00
xyz:META,0.0000125000,0.0000637681,2025-12-05 16:00:00+00:00
xyz:META,0.0000125000,0.0001543747,2025-12-05 17:00:00.026000+00:00
xyz:META,0.0000125000,0.0001015346,2025-12-05 18:00:00.054000+00:00
xyz:META,0.0000125000,0.0000286304,2025-12-05 19:00:00.086000+00:00
xyz:META,0.0000125000,0.0002428781,2025-12-05 20:00:00.004000+00:00
xyz:META,0.0000125000,0.0003150519,2025-12-05 21:00:00.036000+00:00
xyz:META,0.0000125000,0.0000590922,2025-12-05 22:00:00.035000+00:00
xyz:META,0.0000125000,-0.0000700778,2025-12-05 23:00:00.012000+00:00
xyz:META,0.0000125000,-0.0001981758,2025-12-06 00:00:00.052000+00:00
xyz:META,0.0000125000,-0.0000399437,2025-12-06 01:00:00.110000+00:00
xyz:META,0.0000125000,0.0000228342,2025-12-06 02:00:00.011000+00:00
xyz:META,0.0000125000,0.0000035612,2025-12-06 03:00:00.053000+00:00
xyz:META,0.0000125000,-0.0000074429,2025-12-06 04:00:00.025000+00:00
xyz:META,0.0000125000,-0.0000074429,2025-12-06 05:00:00.044000+00:00
xyz:META,0.0000125000,-0.0000074429,2025-12-06 06:00:00.010000+00:00
xyz:META,0.0000125000,-0.0000026350,2025-12-06 07:00:00.052000+00:00
xyz:META,0.0000125000,-0.0000066407,2025-12-06 08:00:00.049000+00:00
xyz:META,0.0000090639,-0.0002274889,2025-12-06 09:00:00.050000+00:00
xyz:META,0.0000125000,-0.0001488876,2025-12-06 10:00:00.024000+00:00
xyz:META,0.0000125000,-0.0000464862,2025-12-06 11:00:00.005000+00:00
xyz:META,0.0000125000,-0.0000217141,2025-12-06 12:00:00.038000+00:00
xyz:META,0.0000125000,-0.0000113607,2025-12-06 13:00:00.034000+00:00
xyz:META,0.0000125000,-0.0000899679,2025-12-06 14:00:00.047000+00:00
xyz:META,0.0000098273,-0.0002213816,2025-12-06 15:00:00.028000+00:00
xyz:META,-0.0000399360,-0.0006194882,2025-12-06 16:00:00.107000+00:00
xyz:META,-0.0000121049,-0.0003968390,2025-12-06 17:00:00.025000+00:00
xyz:META,-0.0000353963,-0.0005831708,2025-12-06 18:00:00.046000+00:00
xyz:META,-0.0000355642,-0.0005845139,2025-12-06 19:00:00.065000+00:00
xyz:META,0.0000125000,-0.0001870919,2025-12-06 20:00:00.038000+00:00
xyz:META,0.0000125000,-0.0000739896,2025-12-06 21:00:00.067000+00:00
xyz:META,0.0000125000,-0.0000309703,2025-12-06 22:00:00.120000+00:00
xyz:META,0.0000125000,0.0003589561,2025-12-06 23:00:00.058000+00:00
xyz:META,0.0000374970,0.0005999763,2025-12-07 00:00:00.005000+00:00
xyz:META,0.0000244057,0.0004952453,2025-12-07 01:00:00.048000+00:00
xyz:META,0.0000447749,0.0006581994,2025-12-07 02:00:00.012000+00:00
xyz:META,0.0000395626,0.0006165010,2025-12-07 03:00:00.047000+00:00
xyz:META,0.0000388821,0.0006110568,2025-12-07 04:00:00.147000+00:00
xyz:META,0.0000403917,0.0006231338,2025-12-07 05:00:00.081000+00:00
xyz:META,0.0000211963,0.0004695707,2025-12-07 06:00:00.041000+00:00
xyz:META,0.0000125000,0.0003479376,2025-12-07 07:00:00.003000+00:00
xyz:META,0.0000606225,0.0007849801,2025-12-07 08:00:00.025000+00:00
xyz:META,0.0000125000,0.0002251005,2025-12-07 09:00:00.033000+00:00
xyz:META,0.0000125000,-0.0001391211,2025-12-07 10:00:00.096000+00:00
xyz:META,0.0000125000,0.0000139911,2025-12-07 11:00:00.107000+00:00
xyz:META,0.0000125000,0.0000657508,2025-12-07 12:00:00.022000+00:00
xyz:META,0.0000125000,0.0000366444,2025-12-07 13:00:00.015000+00:00
xyz:META,0.0000125000,0.0001969251,2025-12-07 14:00:00.007000+00:00
xyz:META,0.0000169206,0.0004353650,2025-12-07 15:00:00.003000+00:00
xyz:META,0.0002005558,0.0019044461,2025-12-07 16:00:00.031000+00:00
xyz:META,0.0000628169,0.0008025353,2025-12-07 17:00:00.002000+00:00
xyz:META,0.0000125000,0.0002203045,2025-12-07 18:00:00.040000+00:00
xyz:META,0.0000125000,0.0000643982,2025-12-07 19:00:00.096000+00:00
xyz:META,0.0000125000,0.0000281674,2025-12-07 20:00:00.036000+00:00
xyz:META,0.0000125000,0.0002982476,2025-12-07 21:00:00.009000+00:00
xyz:META,0.0000457918,0.0006663344,2025-12-07 22:00:00.031000+00:00
xyz:META,0.0000125000,0.0002581067,2025-12-07 23:00:00.067000+00:00
xyz:META,0.0000125000,-0.0000338401,2025-12-08 00:00:00.031000+00:00
xyz:META,0.0000125000,-0.0000010718,2025-12-08 01:00:00.152000+00:00
xyz:META,0.0000125000,0.0001748295,2025-12-08 02:00:00.010000+00:00
xyz:META,0.0000303580,0.0005428641,2025-12-08 03:00:00.024000+00:00
xyz:META,0.0000287867,0.0005302933,2025-12-08 04:00:00.007000+00:00
xyz:META,0.0000125000,0.0001804527,2025-12-08 05:00:00.036000+00:00
xyz:META,0.0000125000,-0.0001095702,2025-12-08 06:00:00.056000+00:00
xyz:META,0.0000125000,0.0000314108,2025-12-08 07:00:00.006000+00:00
xyz:META,0.0000125000,0.0002864165,2025-12-08 08:00:00.113000+00:00
xyz:META,0.0000125000,-0.0001954000,2025-12-08 09:00:00.062000+00:00
xyz:META,0.0000125000,-0.0000980558,2025-12-08 10:00:00.041000+00:00
xyz:META,0.0000125000,-0.0001193016,2025-12-08 11:00:00.085000+00:00
xyz:META,0.0000125000,0.0001604076,2025-12-08 12:00:00.019000+00:00
xyz:META,0.0000125000,0.0000298785,2025-12-08 13:00:00.077000+00:00
xyz:META,0.0000125000,-0.0000012846,2025-12-08 14:00:00.056000+00:00
xyz:META,0.0000125000,-0.0000150226,2025-12-08 15:00:00.011000+00:00
xyz:META,0.0000125000,-0.0000292044,2025-12-08 16:00:00.037000+00:00
xyz:META,0.0000125000,-0.0000114965,2025-12-08 17:00:00.037000+00:00
xyz:META,0.0000125000,0.0000152498,2025-12-08 18:00:00.053000+00:00
xyz:META,0.0000125000,0.0000346762,2025-12-08 19:00:00.047000+00:00
xyz:META,0.0000125000,0.0000435447,2025-12-08 20:00:00.021000+00:00
xyz:META,0.0000125000,0.0000604433,2025-12-08 21:00:00.150000+00:00
xyz:META,0.0000125000,0.0000129616,2025-12-08 22:00:00.004000+00:00
xyz:META,0.0000125000,0.0000175239,2025-12-08 23:00:00.059000+00:00
xyz:META,0.0000125000,-0.0000601465,2025-12-09 00:00:00.087000+00:00
xyz:META,0.0000125000,-0.0000323726,2025-12-09 01:00:00.022000+00:00
xyz:META,0.0000125000,0.0002603395,2025-12-09 02:00:00.045000+00:00
xyz:META,0.0000125000,0.0002206219,2025-12-09 03:00:00.064000+00:00
xyz:META,0.0000125000,-0.0001053949,2025-12-09 04:00:00.033000+00:00
xyz:META,0.0000085865,-0.0002313083,2025-12-09 05:00:00.043000+00:00
xyz:META,0.0000114408,-0.0002084733,2025-12-09 06:00:00.001000+00:00
xyz:META,-0.0000073729,-0.0003589832,2025-12-09 07:00:00.090000+00:00
xyz:META,-0.0000074818,-0.0003598540,2025-12-09 08:00:00.041000+00:00
xyz:META,-0.0000072318,-0.0003578548,2025-12-09 09:00:00.045000+00:00
xyz:META,0.0000125000,-0.0000838194,2025-12-09 10:00:00.025000+00:00
xyz:META,0.0000101405,-0.0002188758,2025-12-09 11:00:00.029000+00:00
xyz:META,0.0000125000,-0.0001315467,2025-12-09 12:00:00.077000+00:00
xyz:META,0.0000125000,-0.0001007283,2025-12-09 13:00:00.052000+00:00
xyz:META,0.0000125000,-0.0000939025,2025-12-09 14:00:00.043000+00:00
xyz:META,0.0000125000,-0.0000743678,2025-12-09 15:00:00.058000+00:00
xyz:META,0.0000125000,-0.0001522667,2025-12-09 16:00:00.007000+00:00
xyz:META,0.0000086198,-0.0002310420,2025-12-09 17:00:00.005000+00:00
xyz:META,0.0000125000,-0.0001959464,2025-12-09 18:00:00.021000+00:00
xyz:META,0.0000125000,-0.0001788776,2025-12-09 19:00:00.066000+00:00
xyz:META,0.0000125000,-0.0000046319,2025-12-09 20:00:00.008000+00:00
xyz:META,0.0000125000,-0.0000565303,2025-12-09 21:00:00.033000+00:00
xyz:META,0.0000124106,-0.0002007154,2025-12-09 22:00:00.103000+00:00
xyz:META,0.0000125000,-0.0001107897,2025-12-09 23:00:00.008000+00:00
xyz:META,0.0000096740,-0.0002226076,2025-12-10 00:00:00.013000+00:00
xyz:META,0.0000056481,-0.0002548151,2025-12-10 01:00:00.046000+00:00
xyz:META,0.0000125000,0.0002603376,2025-12-10 02:00:00.101000+00:00
xyz:META,0.0000125000,0.0003028197,2025-12-10 03:00:00+00:00
xyz:META,0.0000125000,0.0000272777,2025-12-10 04:00:00.090000+00:00
xyz:META,0.0000125000,-0.0001762141,2025-12-10 05:00:00.079000+00:00
xyz:META,0.0000125000,-0.0001320643,2025-12-10 06:00:00.065000+00:00
xyz:META,0.0000125000,-0.0001632981,2025-12-10 07:00:00.025000+00:00
xyz:META,0.0000105071,-0.0002159430,2025-12-10 08:00:00.023000+00:00
xyz:META,0.0000085331,-0.0002317352,2025-12-10 09:00:00.031000+00:00
xyz:META,0.0000125000,-0.0001300034,2025-12-10 10:00:00.108000+00:00
xyz:META,0.0000125000,-0.0001315434,2025-12-10 11:00:00.050000+00:00
xyz:META,0.0000125000,-0.0000279140,2025-12-10 12:00:00.051000+00:00
xyz:META,0.0000125000,0.0000711039,2025-12-10 13:00:00.033000+00:00
xyz:META,0.0000125000,0.0001512056,2025-12-10 14:00:00.003000+00:00
xyz:META,0.0000125000,0.0001486660,2025-12-10 15:00:00.139000+00:00
xyz:META,0.0000112262,-0.0002101902,2025-12-10 16:00:00.003000+00:00
xyz:META,-0.0000024143,-0.0003193146,2025-12-10 17:00:00.019000+00:00
xyz:META,0.0000075474,-0.0002396206,2025-12-10 18:00:00.058000+00:00
xyz:META,0.0000125000,0.0000301342,2025-12-10 19:00:00.036000+00:00
xyz:META,0.0000125000,-0.0000813437,2025-12-10 20:00:00.105000+00:00
xyz:META,0.0000125000,0.0001650335,2025-12-10 21:00:00.013000+00:00
xyz:META,0.0000125000,0.0001840393,2025-12-10 22:00:00.057000+00:00
xyz:META,0.0000125000,0.0002029293,2025-12-10 23:00:00+00:00
xyz:META,0.0000125000,0.0002904590,2025-12-11 00:00:00.043000+00:00
xyz:META,0.0000125000,0.0001490161,2025-12-11 01:00:00.002000+00:00
xyz:META,0.0000028107,-0.0002775144,2025-12-11 02:00:00.017000+00:00
xyz:META,0.0000125000,-0.0001518771,2025-12-11 03:00:00.029000+00:00
xyz:META,-0.0000352734,-0.0005821874,2025-12-11 04:00:00.035000+00:00
xyz:META,-0.0000525954,-0.0007207635,2025-12-11 05:00:00.039000+00:00
xyz:META,-0.0000407273,-0.0006258186,2025-12-11 06:00:00.044000+00:00
xyz:META,-0.0000438159,-0.0006505272,2025-12-11 07:00:00.030000+00:00
xyz:META,-0.0000496391,-0.0006971127,2025-12-11 08:00:00.002000+00:00
xyz:META,-0.0000419352,-0.0006354817,2025-12-11 09:00:00.086000+00:00
xyz:META,-0.0000553713,-0.0007429707,2025-12-11 10:00:00.017000+00:00
xyz:META,-0.0000237476,-0.0004899811,2025-12-11 11:00:00.074000+00:00
xyz:META,-0.0000275842,-0.0005206733,2025-12-11 12:00:00.085000+00:00
xyz:META,-0.0000155075,-0.0004240602,2025-12-11 13:00:00.016000+00:00
xyz:META,-0.0000099899,-0.0003799189,2025-12-11 14:00:00.053000+00:00
xyz:META,0.0000005490,-0.0002956082,2025-12-11 15:00:00.033000+00:00
xyz:META,0.0000125000,0.0000152188,2025-12-11 16:00:00.037000+00:00
xyz:META,0.0000125000,0.0000592057,2025-12-11 17:00:00.009000+00:00
xyz:META,0.0000125000,-0.0001466175,2025-12-11 18:00:00.065000+00:00
xyz:META,0.0000125000,0.0000285903,2025-12-11 19:00:00.050000+00:00
xyz:META,0.0000125000,0.0000188198,2025-12-11 20:00:00.102000+00:00
xyz:META,0.0000125000,0.0000752392,2025-12-11 21:00:00.008000+00:00
xyz:META,0.0000125000,0.0000068820,2025-12-11 22:00:00.002000+00:00
xyz:META,0.0000125000,0.0001005126,2025-12-11 23:00:00.050000+00:00
xyz:META,0.0000095272,-0.0002237826,2025-12-12 00:00:00.018000+00:00
xyz:META,0.0000125000,-0.0000458347,2025-12-12 01:00:00.171000+00:00
xyz:META,0.0000125000,0.0003559320,2025-12-12 02:00:00.053000+00:00
xyz:META,0.0000125000,0.0000998761,2025-12-12 03:00:00.087000+00:00
xyz:META,0.0000125000,0.0000455884,2025-12-12 04:00:00.006000+00:00
xyz:META,0.0000125000,0.0000290294,2025-12-12 05:00:00.009000+00:00
xyz:META,0.0000125000,0.0001578798,2025-12-12 06:00:00.066000+00:00
xyz:META,0.0000125000,0.0002535610,2025-12-12 07:00:00.063000+00:00
xyz:META,0.0000125000,0.0003023486,2025-12-12 08:00:00.062000+00:00
xyz:META,0.0000125000,0.0002907531,2025-12-12 09:00:00.026000+00:00
xyz:META,0.0000125000,0.0001277796,2025-12-12 10:00:00.066000+00:00
xyz:META,0.0000125000,0.0000306090,2025-12-12 11:00:00.038000+00:00
xyz:META,0.0000125000,0.0000833391,2025-12-12 12:00:00.034000+00:00
xyz:META,0.0000125000,0.0003688603,2025-12-12 13:00:00.065000+00:00
xyz:META,0.0000125000,0.0000701604,2025-12-12 14:00:00.016000+00:00
xyz:META,0.0000125000,-0.0000758544,2025-12-12 15:00:00.036000+00:00
xyz:META,0.0000125000,-0.0001282527,2025-12-12 16:00:00.063000+00:00
xyz:META,0.0000021422,-0.0002828622,2025-12-12 17:00:00.048000+00:00
xyz:META,0.0000125000,-0.0000433624,2025-12-12 18:00:00.100000+00:00
xyz:META,0.0000027759,-0.0002777930,2025-12-12 19:00:00.047000+00:00
xyz:META,0.0000125000,-0.0001084017,2025-12-12 20:00:00.061000+00:00
xyz:META,0.0000125000,-0.0001395677,2025-12-12 21:00:00.053000+00:00
xyz:META,0.0000125000,-0.0000634721,2025-12-12 22:00:00.043000+00:00
xyz:META,0.0000108464,-0.0002132290,2025-12-12 23:00:00.048000+00:00
xyz:META,0.0000125000,-0.0000466644,2025-12-13 00:00:00.091000+00:00
xyz:META,0.0000125000,-0.0000225717,2025-12-13 01:00:00.043000+00:00
xyz:META,-0.0000602609,-0.0007820876,2025-12-13 02:00:00.027000+00:00
xyz:META,0.0000125000,-0.0001845027,2025-12-13 03:00:00.090000+00:00
xyz:META,0.0000125000,0.0002876073,2025-12-13 04:00:00.011000+00:00
xyz:META,0.0000402406,0.0006219251,2025-12-13 05:00:00.068000+00:00
xyz:META,0.0000330712,0.0005645699,2025-12-13 06:00:00.030000+00:00
xyz:META,0.0000303077,0.0005424613,2025-12-13 07:00:00.002000+00:00
xyz:META,0.0000346878,0.0005775020,2025-12-13 08:00:00.054000+00:00
xyz:META,0.0000193490,0.0004547917,2025-12-13 09:00:00.047000+00:00
xyz:META,0.0000345951,0.0005767607,2025-12-13 10:00:00.009000+00:00
xyz:META,0.0000125000,0.0003179665,2025-12-13 11:00:00.027000+00:00
xyz:META,0.0000125000,0.0002787165,2025-12-13 12:00:00.024000+00:00
xyz:META,0.0000125000,0.0003652002,2025-12-13 13:00:00.079000+00:00
xyz:META,0.0000856684,0.0009853470,2025-12-13 14:00:00.061000+00:00
xyz:META,0.0000718336,0.0008746685,2025-12-13 15:00:00.113000+00:00
xyz:META,-0.0000599550,-0.0007796401,2025-12-13 16:00:00.054000+00:00
xyz:META,0.0000860872,0.0009886973,2025-12-13 17:00:00.085000+00:00
xyz:META,0.0000125000,0.0002845507,2025-12-13 18:00:00.079000+00:00
xyz:META,0.0000403331,0.0006226648,2025-12-13 19:00:00.003000+00:00
xyz:META,0.0000872917,0.0009983338,2025-12-13 20:00:00.137000+00:00
xyz:META,0.0000401787,0.0006214293,2025-12-13 21:00:00.031000+00:00
xyz:META,0.0000342902,0.0005743215,2025-12-13 22:00:00.014000+00:00
xyz:META,0.0000242252,0.0004938018,2025-12-13 23:00:00.022000+00:00
xyz:META,0.0000136600,0.0004092798,2025-12-14 00:00:00.071000+00:00
xyz:META,0.0000825865,0.0009606923,2025-12-14 01:00:00.077000+00:00
xyz:META,0.0000277592,0.0005220733,2025-12-14 02:00:00.004000+00:00
xyz:META,0.0000125000,0.0003474739,2025-12-14 03:00:00.045000+00:00
xyz:META,0.0000125000,0.0001999010,2025-12-14 04:00:00.070000+00:00
xyz:META,0.0000125000,0.0001040319,2025-12-14 05:00:00.007000+00:00
xyz:META,0.0000125000,0.0001719973,2025-12-14 06:00:00.066000+00:00
xyz:META,0.0000125000,0.0000938028,2025-12-14 07:00:00.048000+00:00
xyz:META,0.0000066521,-0.0002467831,2025-12-14 08:00:00.098000+00:00
xyz:META,-0.0000215968,-0.0004727742,2025-12-14 09:00:00.052000+00:00
xyz:META,-0.0000039525,-0.0003316201,2025-12-14 10:00:00.041000+00:00
xyz:META,-0.0000118574,-0.0003948588,2025-12-14 11:00:00.121000+00:00
xyz:META,-0.0000302895,-0.0005423163,2025-12-14 12:00:00.014000+00:00
xyz:META,-0.0000214445,-0.0004715557,2025-12-14 13:00:00.017000+00:00
xyz:META,-0.0000216918,-0.0004735346,2025-12-14 14:00:00.060000+00:00
xyz:META,-0.0000304136,-0.0005433089,2025-12-14 15:00:00.031000+00:00
xyz:META,-0.0000141855,-0.0004134837,2025-12-14 16:00:00.070000+00:00
xyz:META,0.0000125000,0.0000291101,2025-12-14 17:00:00.069000+00:00
xyz:META,0.0000125000,-0.0001274805,2025-12-14 18:00:00.047000+00:00
xyz:META,0.0000824716,0.0009597729,2025-12-14 19:00:00.044000+00:00
xyz:META,-0.0000093067,-0.0003744532,2025-12-14 20:00:00.047000+00:00
xyz:META,0.0000125000,-0.0000386000,2025-12-14 21:00:00.068000+00:00
xyz:META,0.0000125000,0.0000464943,2025-12-14 22:00:00.087000+00:00
xyz:META,-0.0003048952,-0.0027391615,2025-12-14 23:00:00.015000+00:00
xyz:META,0.0001517378,0.0015139023,2025-12-15 00:00:00.088000+00:00
xyz:META,0.0000125000,0.0002941996,2025-12-15 01:00:00.010000+00:00
xyz:META,0.0000125000,0.0000877111,2025-12-15 02:00:00.047000+00:00
xyz:META,0.0000125000,0.0000225094,2025-12-15 03:00:00.076000+00:00
xyz:META,0.0000125000,0.0001506397,2025-12-15 04:00:00.021000+00:00
xyz:META,0.0000231792,0.0004854340,2025-12-15 05:00:00.059000+00:00
xyz:META,0.0000125000,0.0003921743,2025-12-15 06:00:00.047000+00:00
xyz:META,0.0000125000,0.0003815039,2025-12-15 07:00:00.042000+00:00
xyz:META,0.0000215216,0.0004721730,2025-12-15 08:00:00.082000+00:00
xyz:META,0.0000125000,0.0002976145,2025-12-15 09:00:00.059000+00:00
xyz:META,0.0000125000,-0.0000660252,2025-12-15 10:00:00.075000+00:00
xyz:META,0.0000125000,-0.0000877281,2025-12-15 11:00:00.123000+00:00
xyz:META,0.0000125000,-0.0000095086,2025-12-15 12:00:00.009000+00:00
xyz:META,0.0000125000,-0.0000179964,2025-12-15 13:00:00.004000+00:00
xyz:META,0.0000125000,0.0000214189,2025-12-15 14:00:00.067000+00:00
xyz:META,0.0000125000,-0.0001211147,2025-12-15 15:00:00.001000+00:00
xyz:META,0.0000117629,-0.0002058965,2025-12-15 16:00:00.063000+00:00
xyz:META,0.0000125000,-0.0001804941,2025-12-15 17:00:00.112000+00:00
xyz:META,0.0000125000,-0.0001185020,2025-12-15 18:00:00.057000+00:00
xyz:META,0.0000099560,-0.0002203523,2025-12-15 19:00:00.060000+00:00
xyz:META,0.0000125000,-0.0001027782,2025-12-15 20:00:00.032000+00:00
xyz:META,0.0000125000,-0.0001277201,2025-12-15 21:00:00.059000+00:00
xyz:META,0.0000125000,0.0000065746,2025-12-15 22:00:00.047000+00:00
xyz:META,0.0000125000,0.0000247741,2025-12-15 23:00:00.069000+00:00
xyz:META,0.0000125000,-0.0000720920,2025-12-16 00:00:00.079000+00:00
xyz:META,-0.0000041514,-0.0003332116,2025-12-16 01:00:00.072000+00:00
xyz:META,0.0000125000,0.0001028437,2025-12-16 02:00:00.054000+00:00
xyz:META,0.0000125000,0.0000413806,2025-12-16 03:00:00.051000+00:00
xyz:META,0.0000125000,-0.0000620942,2025-12-16 04:00:00.068000+00:00
xyz:META,0.0000125000,0.0002027920,2025-12-16 05:00:00.036000+00:00
xyz:META,0.0000125000,-0.0000579006,2025-12-16 06:00:00.047000+00:00
xyz:META,0.0000125000,-0.0000605269,2025-12-16 07:00:00.012000+00:00
xyz:META,0.0000125000,0.0000641508,2025-12-16 08:00:00.101000+00:00
xyz:META,0.0000125000,-0.0000346022,2025-12-16 09:00:00.077000+00:00
xyz:META,0.0000125000,0.0000052734,2025-12-16 10:00:00.029000+00:00
xyz:META,0.0000125000,-0.0000621281,2025-12-16 11:00:00.055000+00:00
xyz:META,0.0000125000,-0.0000036480,2025-12-16 12:00:00.047000+00:00
xyz:META,0.0000125000,-0.0000404554,2025-12-16 13:00:00.026000+00:00
xyz:META,0.0000125000,-0.0000226242,2025-12-16 14:00:00.003000+00:00
xyz:META,0.0000125000,-0.0001267525,2025-12-16 15:00:00.025000+00:00
xyz:META,0.0000028743,-0.0002770052,2025-12-16 16:00:00.075000+00:00
xyz:META,0.0000123426,-0.0002012594,2025-12-16 17:00:00.045000+00:00
xyz:META,0.0000125000,-0.0000428366,2025-12-16 18:00:00.063000+00:00
xyz:META,0.0000125000,-0.0000143943,2025-12-16 19:00:00.014000+00:00
xyz:META,0.0000125000,-0.0000673863,2025-12-16 20:00:00.180000+00:00
xyz:META,0.0000125000,-0.0000271084,2025-12-16 21:00:00.001000+00:00
xyz:META,0.0000125000,-0.0000543924,2025-12-16 22:00:00.081000+00:00
xyz:META,0.0000096132,-0.0002230945,2025-12-16 23:00:00.079000+00:00
xyz:META,0.0000094007,-0.0002247945,2025-12-17 00:00:00.013000+00:00
xyz:META,-0.0000017317,-0.0003138537,2025-12-17 01:00:00.109000+00:00
xyz:META,-0.0000477319,-0.0006818550,2025-12-17 02:00:00.088000+00:00
xyz:META,-0.0000013031,-0.0003104251,2025-12-17 03:00:00.065000+00:00
xyz:META,0.0000210803,0.0004686427,2025-12-17 04:00:00.020000+00:00
xyz:META,0.0001602925,0.0015823401,2025-12-17 05:00:00.122000+00:00
xyz:META,0.0001621244,0.0015969949,2025-12-17 06:00:00.024000+00:00
xyz:META,0.0000504627,0.0007037020,2025-12-17 07:00:00.010000+00:00
xyz:META,0.0000562997,0.0007503975,2025-12-17 08:00:00.022000+00:00
xyz:META,0.0000811807,0.0009494459,2025-12-17 09:00:00.055000+00:00
xyz:META,0.0000272265,0.0005178120,2025-12-17 10:00:00.016000+00:00
xyz:META,0.0000366556,0.0005932448,2025-12-17 11:00:00.072000+00:00
xyz:META,0.0000387466,0.0006099725,2025-12-17 12:00:00.021000+00:00
xyz:META,0.0000240556,0.0004924446,2025-12-17 13:00:00.083000+00:00
xyz:META,0.0000245268,0.0004962146,2025-12-17 14:00:00.018000+00:00
xyz:META,0.0000129487,0.0004035893,2025-12-17 15:00:00.040000+00:00
xyz:META,0.0000125000,0.0000902875,2025-12-17 16:00:00.034000+00:00
xyz:META,0.0000125000,0.0001856430,2025-12-17 17:00:00.038000+00:00
xyz:META,0.0000125000,0.0002633520,2025-12-17 18:00:00.074000+00:00
xyz:META,0.0000125000,0.0000523705,2025-12-17 19:00:00.014000+00:00
xyz:META,0.0000125000,0.0000178202,2025-12-17 20:00:00.061000+00:00
xyz:META,0.0000125000,-0.0000069771,2025-12-17 21:00:00.032000+00:00
xyz:META,0.0000125000,-0.0001926606,2025-12-17 22:00:00.073000+00:00
xyz:META,0.0000063527,-0.0002491782,2025-12-17 23:00:00+00:00
xyz:META,0.0000042967,-0.0002656267,2025-12-18 00:00:00.033000+00:00
xyz:META,0.0000110113,-0.0002119099,2025-12-18 01:00:00.079000+00:00
xyz:META,0.0000093459,-0.0002252325,2025-12-18 02:00:00.030000+00:00
xyz:META,0.0000091994,-0.0002264046,2025-12-18 03:00:00.055000+00:00
xyz:META,0.0000125000,0.0000402852,2025-12-18 04:00:00.029000+00:00
xyz:META,0.0000125000,-0.0001794991,2025-12-18 05:00:00.055000+00:00
xyz:META,0.0000125000,-0.0001933865,2025-12-18 06:00:00.044000+00:00
xyz:META,0.0000119089,-0.0002047287,2025-12-18 07:00:00.025000+00:00
xyz:META,0.0000125000,-0.0001880175,2025-12-18 08:00:00.050000+00:00
xyz:META,-0.0000010445,-0.0003083560,2025-12-18 09:00:00.003000+00:00
xyz:META,0.0000076931,-0.0002384551,2025-12-18 10:00:00.091000+00:00
xyz:META,0.0000009728,-0.0002922180,2025-12-18 11:00:00.056000+00:00
xyz:META,-0.0000040036,-0.0003320291,2025-12-18 12:00:00.039000+00:00
xyz:META,0.0000123211,-0.0002014311,2025-12-18 13:00:00.003000+00:00
xyz:META,-0.0000050793,-0.0003406342,2025-12-18 14:00:00.026000+00:00
xyz:META,0.0000125000,-0.0001511861,2025-12-18 15:00:00.050000+00:00
xyz:META,0.0000125000,0.0001279060,2025-12-18 16:00:00.031000+00:00
xyz:META,0.0000125000,0.0001886756,2025-12-18 17:00:00.074000+00:00
xyz:META,0.0000125000,0.0002570532,2025-12-18 18:00:00.080000+00:00
xyz:META,0.0000125000,0.0003087749,2025-12-18 19:00:00.016000+00:00
xyz:META,0.0000125000,0.0001579014,2025-12-18 20:00:00.077000+00:00
xyz:META,0.0000125000,0.0001901568,2025-12-18 21:00:00.013000+00:00
xyz:META,0.0000125000,0.0002327031,2025-12-18 22:00:00.073000+00:00
xyz:META,0.0000125000,0.0002979934,2025-12-18 23:00:00.067000+00:00
xyz:META,0.0000125000,0.0002822990,2025-12-19 00:00:00.067000+00:00
xyz:META,0.0000125000,0.0002039536,2025-12-19 01:00:00.032000+00:00
xyz:META,0.0000125000,0.0002451037,2025-12-19 02:00:00.061000+00:00
xyz:META,0.0000035265,-0.0002717879,2025-12-19 03:00:00.012000+00:00
xyz:META,0.0000125000,-0.0001471821,2025-12-19 04:00:00.009000+00:00
xyz:META,0.0000125000,-0.0001200948,2025-12-19 05:00:00.067000+00:00
xyz:META,0.0000125000,-0.0001378192,2025-12-19 06:00:00.047000+00:00
xyz:META,0.0000125000,0.0000469419,2025-12-19 07:00:00.033000+00:00
xyz:META,0.0000125000,0.0000304853,2025-12-19 08:00:00.054000+00:00
xyz:META,0.0000125000,-0.0000650594,2025-12-19 09:00:00.013000+00:00
xyz:META,0.0000125000,-0.0000134158,2025-12-19 10:00:00.046000+00:00
xyz:META,0.0000125000,0.0000745131,2025-12-19 11:00:00.006000+00:00
xyz:META,0.0000125000,0.0001488045,2025-12-19 12:00:00.061000+00:00
xyz:META,0.0000125000,0.0001430741,2025-12-19 13:00:00.006000+00:00
xyz:META,0.0000125000,0.0000693393,2025-12-19 14:00:00.026000+00:00
xyz:META,0.0000125000,0.0000381355,2025-12-19 15:00:00.126000+00:00
xyz:META,0.0000125000,0.0000564974,2025-12-19 16:00:00.091000+00:00
xyz:META,0.0000125000,0.0000307015,2025-12-19 17:00:00.109000+00:00
xyz:META,0.0000125000,0.0000179554,2025-12-19 18:00:00.025000+00:00
xyz:META,0.0000125000,-0.0000064780,2025-12-19 19:00:00.014000+00:00
xyz:META,0.0000125000,-0.0000119880,2025-12-19 20:00:00.036000+00:00
xyz:META,0.0000125000,-0.0000398619,2025-12-19 21:00:00.021000+00:00
xyz:META,0.0000125000,-0.0001309064,2025-12-19 22:00:00.013000+00:00
xyz:META,0.0000042874,-0.0002314023,2025-12-19 23:00:00.045000+00:00
xyz:META,0.0000043364,-0.0002306176,2025-12-20 00:00:00.049000+00:00
xyz:META,0.0000062500,-0.0001877515,2025-12-20 01:00:00.054000+00:00
xyz:META,0.0000062500,0.0002358580,2025-12-20 02:00:00.052000+00:00
xyz:META,0.0000062500,0.0003136530,2025-12-20 03:00:00.088000+00:00
xyz:META,0.0000062500,-0.0001814697,2025-12-20 04:00:00.068000+00:00
xyz:META,-0.0000428281,-0.0009852503,2025-12-20 05:00:00.010000+00:00
xyz:META,-0.0000249952,-0.0006999236,2025-12-20 06:00:00.061000+00:00
xyz:META,0.0000037587,-0.0002398611,2025-12-20 07:00:00.016000+00:00
xyz:META,0.0000062500,0.0002617539,2025-12-20 08:00:00.027000+00:00
xyz:META,0.0000062500,0.0003218717,2025-12-20 09:00:00.085000+00:00
xyz:META,0.0000062500,0.0000850388,2025-12-20 10:00:00.128000+00:00
xyz:META,0.0000062500,-0.0000184917,2025-12-20 11:00:00.020000+00:00
xyz:META,0.0000062500,0.0001257201,2025-12-20 12:00:00.008000+00:00
xyz:META,0.0000062500,0.0000041716,2025-12-20 13:00:00.029000+00:00
xyz:META,0.0000062500,0.0000054145,2025-12-20 14:00:00.160000+00:00
xyz:META,0.0000062500,0.0000181085,2025-12-20 15:00:00.007000+00:00
xyz:META,0.0000062500,-0.0000596444,2025-12-20 16:00:00.049000+00:00
xyz:META,0.0000055063,-0.0002118986,2025-12-20 17:00:00.090000+00:00
xyz:META,-0.0000046505,-0.0003744074,2025-12-20 18:00:00.003000+00:00
xyz:META,-0.0000056767,-0.0003908273,2025-12-20 19:00:00.040000+00:00
xyz:META,0.0000022033,-0.0002647469,2025-12-20 20:00:00.009000+00:00
xyz:META,-0.0000223356,-0.0006573689,2025-12-20 21:00:00.059000+00:00
xyz:META,0.0000062500,-0.0001696837,2025-12-20 22:00:00.093000+00:00
xyz:META,0.0000062500,0.0000639640,2025-12-20 23:00:00.087000+00:00
xyz:META,0.0000062500,0.0000749628,2025-12-21 00:00:00.121000+00:00
xyz:META,-0.0001226014,-0.0022616223,2025-12-21 01:00:00.035000+00:00
xyz:META,-0.0001368103,-0.0024889652,2025-12-21 02:00:00.051000+00:00
xyz:META,-0.0000927628,-0.0017842042,2025-12-21 03:00:00.019000+00:00
xyz:META,0.0000010835,-0.0002826648,2025-12-21 04:00:00.042000+00:00
xyz:META,-0.0000009182,-0.0003146917,2025-12-21 05:00:00.026000+00:00
xyz:META,0.0000062500,-0.0001115574,2025-12-21 06:00:00.033000+00:00
xyz:META,-0.0000085829,-0.0004373262,2025-12-21 07:00:00.023000+00:00
xyz:META,0.0000062500,0.0003734922,2025-12-21 08:00:00.005000+00:00
xyz:META,0.0000336926,0.0008390809,2025-12-21 09:00:00.041000+00:00
xyz:META,0.0000226173,0.0006618765,2025-12-21 10:00:00.026000+00:00
xyz:META,0.0000125999,0.0005015985,2025-12-21 11:00:00.001000+00:00
xyz:META,0.0000062500,0.0003625823,2025-12-21 12:00:00.014000+00:00
xyz:META,0.0000062500,0.0002700380,2025-12-21 13:00:00.104000+00:00
xyz:META,0.0000062500,-0.0000203293,2025-12-21 14:00:00.061000+00:00
xyz:META,0.0000062500,0.0002351111,2025-12-21 15:00:00.046000+00:00
xyz:META,0.0000407261,0.0009516173,2025-12-21 16:00:00.090000+00:00
xyz:META,0.0000251939,0.0007031031,2025-12-21 17:00:00.081000+00:00
xyz:META,-0.0000061056,-0.0003976890,2025-12-21 18:00:00.005000+00:00
xyz:META,-0.0000353083,-0.0008649335,2025-12-21 19:00:00.103000+00:00
xyz:META,-0.0000273558,-0.0007376935,2025-12-21 20:00:00.004000+00:00
xyz:META,-0.0000468772,-0.0010500356,2025-12-21 21:00:00.091000+00:00
xyz:META,-0.0000419362,-0.0009709785,2025-12-21 22:00:00.043000+00:00
xyz:META,-0.0000452001,-0.0010232009,2025-12-21 23:00:00.179000+00:00
xyz:META,-0.0000639404,-0.0013230459,2025-12-22 00:00:00.034000+00:00
xyz:META,-0.0000029472,-0.0003471544,2025-12-22 01:00:00.030000+00:00
xyz:META,-0.0000201421,-0.0006222735,2025-12-22 02:00:00.054000+00:00
xyz:META,0.0000062500,0.0000322483,2025-12-22 03:00:00.057000+00:00
xyz:META,0.0000062500,0.0003091962,2025-12-22 04:00:00.017000+00:00
xyz:META,0.0000156480,0.0005503683,2025-12-22 05:00:00.041000+00:00
xyz:META,0.0000351254,0.0008620057,2025-12-22 06:00:00.079000+00:00
xyz:META,0.0000232932,0.0006726916,2025-12-22 07:00:00.012000+00:00
xyz:META,0.0000347827,0.0008565236,2025-12-22 08:00:00.066000+00:00
xyz:META,0.0000166852,0.0005669627,2025-12-22 09:00:00.042000+00:00
xyz:META,0.0000089193,0.0004427083,2025-12-22 10:00:00.028000+00:00
xyz:META,0.0000118441,0.0004895056,2025-12-22 11:00:00.073000+00:00
xyz:META,0.0000062500,0.0003685302,2025-12-22 12:00:00.028000+00:00
xyz:META,0.0000062500,0.0003701307,2025-12-22 13:00:00.031000+00:00
xyz:META,0.0000062500,0.0003784420,2025-12-22 14:00:00.065000+00:00
xyz:META,0.0000062500,0.0001859265,2025-12-22 15:00:00.012000+00:00
xyz:META,0.0000062500,0.0001411545,2025-12-22 16:00:00.031000+00:00
xyz:META,0.0000062500,0.0002611166,2025-12-22 17:00:00.050000+00:00
xyz:META,0.0000062500,0.0002861473,2025-12-22 18:00:00.030000+00:00
xyz:META,0.0000062500,0.0002418131,2025-12-22 19:00:00.006000+00:00
xyz:META,0.0000062500,0.0000738226,2025-12-22 20:00:00.046000+00:00
xyz:META,0.0000062500,0.0002411620,2025-12-22 21:00:00+00:00
xyz:META,0.0000062500,0.0003757672,2025-12-22 22:00:00.036000+00:00
xyz:META,0.0000068000,0.0004087997,2025-12-22 23:00:00.053000+00:00
xyz:META,0.0000062500,0.0000835417,2025-12-23 00:00:00.002000+00:00
xyz:META,0.0000062500,0.0000419584,2025-12-23 01:00:00.098000+00:00
xyz:META,0.0000062500,-0.0000093721,2025-12-23 02:00:00.053000+00:00
xyz:META,0.0000062500,0.0000010190,2025-12-23 03:00:00.060000+00:00
xyz:META,0.0000062500,0.0000171509,2025-12-23 04:00:00.059000+00:00
xyz:META,0.0000062500,0.0000149680,2025-12-23 05:00:00.066000+00:00
xyz:META,0.0000062500,0.0001407393,2025-12-23 06:00:00.065000+00:00
xyz:META,0.0000062500,0.0001083773,2025-12-23 07:00:00.033000+00:00
xyz:META,0.0000062500,0.0003156183,2025-12-23 08:00:00.066000+00:00
xyz:META,0.0000062500,0.0001323847,2025-12-23 09:00:00.061000+00:00
xyz:META,0.0000062500,0.0000356432,2025-12-23 10:00:00.050000+00:00
xyz:META,0.0000062500,0.0000557729,2025-12-23 11:00:00.027000+00:00
xyz:META,0.0000062500,-0.0000628377,2025-12-23 12:00:00.062000+00:00
xyz:META,0.0000062500,0.0000190234,2025-12-23 13:00:00.067000+00:00
xyz:META,0.0000062500,0.0001083046,2025-12-23 14:00:00.025000+00:00
xyz:META,0.0000062500,0.0002001868,2025-12-23 15:00:00.117000+00:00
xyz:META,0.0000062500,0.0001566162,2025-12-23 16:00:00.036000+00:00
xyz:META,0.0000062500,0.0000677276,2025-12-23 17:00:00.118000+00:00
xyz:META,0.0000062500,0.0000515723,2025-12-23 18:00:00.008000+00:00
xyz:META,0.0000062500,0.0000699328,2025-12-23 19:00:00.021000+00:00
xyz:META,0.0000062500,0.0000402345,2025-12-23 20:00:00.206000+00:00
xyz:META,0.0000062500,0.0000239626,2025-12-23 21:00:00.067000+00:00
xyz:META,0.0000062500,0.0001018467,2025-12-23 22:00:00.021000+00:00
xyz:META,0.0000094391,0.0004510258,2025-12-23 23:00:00.051000+00:00
xyz:META,0.0000062500,0.0003662125,2025-12-24 00:00:00.088000+00:00
xyz:META,0.0000062500,0.0000984099,2025-12-24 01:00:00.030000+00:00
xyz:META,0.0000062500,0.0001848847,2025-12-24 02:00:00.077000+00:00
xyz:META,0.0000062500,0.0002440947,2025-12-24 03:00:00.005000+00:00
xyz:META,0.0000062500,0.0001649408,2025-12-24 04:00:00.045000+00:00
xyz:META,0.0000062500,0.0001906231,2025-12-24 05:00:00.039000+00:00
xyz:META,0.0000062500,0.0002012967,2025-12-24 06:00:00.027000+00:00
xyz:META,0.0000062500,0.0001945418,2025-12-24 07:00:00.010000+00:00
xyz:META,0.0000062500,0.0003216520,2025-12-24 08:00:00.074000+00:00
xyz:META,0.0000097354,0.0004557666,2025-12-24 09:00:00.035000+00:00
xyz:META,0.0000062500,0.0002228992,2025-12-24 10:00:00.079000+00:00
xyz:META,0.0000126024,0.0005016377,2025-12-24 11:00:00.034000+00:00
xyz:META,0.0000198571,0.0006177134,2025-12-24 12:00:00.028000+00:00
xyz:META,0.0000062500,0.0001128308,2025-12-24 13:00:00.012000+00:00
xyz:META,0.0000062500,0.0000731459,2025-12-24 14:00:00.025000+00:00
xyz:META,0.0000062500,-0.0001106164,2025-12-24 15:00:00.087000+00:00
xyz:META,0.0000062500,-0.0000055428,2025-12-24 16:00:00.002000+00:00
xyz:META,0.0000062500,0.0000851584,2025-12-24 17:00:00.013000+00:00
xyz:META,0.0000062500,0.0000150057,2025-12-24 18:00:00.037000+00:00
xyz:META,-0.0000592796,-0.0012484742,2025-12-24 19:00:00.010000+00:00
xyz:META,-0.0000519475,-0.0011311606,2025-12-24 20:00:00.012000+00:00
xyz:META,0.0000062500,-0.0000461546,2025-12-24 21:00:00.014000+00:00
xyz:META,0.0000062500,0.0003116434,2025-12-24 22:00:00.001000+00:00
xyz:META,-0.0000505285,-0.0011084557,2025-12-24 23:00:00.087000+00:00
xyz:META,-0.0000578460,-0.0012255355,2025-12-25 00:00:00.009000+00:00
xyz:META,0.0000062500,-0.0001325968,2025-12-25 01:00:00.033000+00:00
xyz:META,0.0000062500,0.0002365759,2025-12-25 02:00:00.085000+00:00
xyz:META,0.0000062597,0.0004001555,2025-12-25 03:00:00.030000+00:00
xyz:META,0.0000076279,0.0004220468,2025-12-25 04:00:00.034000+00:00
xyz:META,0.0000448893,0.0010182294,2025-12-25 05:00:00.023000+00:00
xyz:META,0.0000237633,0.0006802121,2025-12-25 06:00:00.056000+00:00
xyz:META,0.0000194281,0.0006108497,2025-12-25 07:00:00.023000+00:00
xyz:META,0.0000062500,0.0000072816,2025-12-25 08:00:00.045000+00:00
xyz:META,0.0000062500,0.0003295408,2025-12-25 09:00:00.041000+00:00
xyz:META,0.0000011356,-0.0002818304,2025-12-25 10:00:00.018000+00:00
xyz:META,0.0000062500,0.0002836227,2025-12-25 11:00:00.029000+00:00
xyz:META,0.0000009951,-0.0002840789,2025-12-25 12:00:00.064000+00:00
xyz:META,0.0000062500,0.0000234552,2025-12-25 13:00:00.067000+00:00
xyz:META,0.0000076626,0.0004226011,2025-12-25 14:00:00.102000+00:00
xyz:META,0.0000145053,0.0005320844,2025-12-25 15:00:00.042000+00:00
xyz:META,0.0001126850,0.0021029599,2025-12-25 16:00:00.058000+00:00
xyz:META,0.0001095720,0.0020531512,2025-12-25 17:00:00.056000+00:00
xyz:META,0.0000470651,0.0010530412,2025-12-25 18:00:00.010000+00:00
xyz:META,0.0000170257,0.0005724108,2025-12-25 19:00:00.040000+00:00
xyz:META,0.0000082910,0.0004326557,2025-12-25 20:00:00.060000+00:00
xyz:META,0.0000161822,0.0005589150,2025-12-25 21:00:00.080000+00:00
xyz:META,0.0000062500,0.0003853841,2025-12-25 22:00:00.003000+00:00
xyz:META,0.0000283601,0.0007537615,2025-12-25 23:00:00.019000+00:00
xyz:META,0.0000314809,0.0008036940,2025-12-26 00:00:00.022000+00:00
xyz:META,0.0000062500,0.0000399034,2025-12-26 01:00:00.008000+00:00
xyz:META,0.0000053513,-0.0002143790,2025-12-26 02:00:00.062000+00:00
xyz:META,0.0000064357,0.0004029704,2025-12-26 03:00:00+00:00
xyz:META,0.0000470402,0.0010526434,2025-12-26 04:00:00.056000+00:00
xyz:META,0.0000393087,0.0009289392,2025-12-26 05:00:00.092000+00:00
xyz:META,-0.0000052864,-0.0003845817,2025-12-26 06:00:00.012000+00:00
xyz:META,0.0000062500,0.0001668472,2025-12-26 07:00:00.039000+00:00
xyz:META,0.0000062500,0.0003617220,2025-12-26 08:00:00.040000+00:00
xyz:META,0.0000068513,0.0004096208,2025-12-26 09:00:00.017000+00:00
xyz:META,0.0000062500,-0.0000463923,2025-12-26 10:00:00.113000+00:00
xyz:META,0.0000062500,-0.0000936213,2025-12-26 11:00:00.164000+00:00
xyz:META,0.0000062500,0.0001910811,2025-12-26 12:00:00.040000+00:00
xyz:META,-0.0000030020,-0.0003480323,2025-12-26 13:00:00.030000+00:00
xyz:META,0.0000062500,-0.0001106659,2025-12-26 14:00:00.015000+00:00
xyz:META,0.0000062500,0.0001756146,2025-12-26 15:00:00.077000+00:00
xyz:META,0.0000062500,0.0001194775,2025-12-26 16:00:00.036000+00:00
xyz:META,0.0000062500,0.0001353337,2025-12-26 17:00:00.019000+00:00
xyz:META,0.0000062500,0.0003930994,2025-12-26 18:00:00.088000+00:00
xyz:META,0.0000062500,0.0002049267,2025-12-26 19:00:00.033000+00:00
xyz:META,0.0000062500,0.0001999174,2025-12-26 20:00:00.045000+00:00
xyz:META,0.0000062500,0.0000274933,2025-12-26 21:00:00.004000+00:00
xyz:META,0.0000062500,-0.0000248364,2025-12-26 22:00:00.040000+00:00
xyz:META,0.0000062500,0.0002330977,2025-12-26 23:00:00.040000+00:00
xyz:META,0.0000062500,0.0002706414,2025-12-27 00:00:00.023000+00:00
xyz:META,0.0000062500,0.0003348654,2025-12-27 01:00:00.020000+00:00
xyz:META,0.0000081706,0.0004307289,2025-12-27 02:00:00.019000+00:00
xyz:META,0.0000062500,0.0003129732,2025-12-27 03:00:00.083000+00:00
xyz:META,0.0000062500,0.0003159332,2025-12-27 04:00:00+00:00
xyz:META,0.0000052026,-0.0002167591,2025-12-27 05:00:00.022000+00:00
xyz:META,0.0000062500,-0.0001720962,2025-12-27 06:00:00.022000+00:00
xyz:META,0.0000062500,-0.0000391040,2025-12-27 07:00:00.101000+00:00
xyz:META,0.0000062500,0.0000162246,2025-12-27 08:00:00.049000+00:00
xyz:META,0.0000062500,0.0000296522,2025-12-27 09:00:00.024000+00:00
xyz:META,0.0000062500,0.0000302028,2025-12-27 10:00:00.051000+00:00
xyz:META,0.0000062500,0.0000148150,2025-12-27 11:00:00.058000+00:00
xyz:META,0.0000062500,-0.0000000503,2025-12-27 12:00:00.048000+00:00
xyz:META,0.0000062500,0.0001122798,2025-12-27 13:00:00.049000+00:00
xyz:META,-0.0000372400,-0.0008958402,2025-12-27 14:00:00.129000+00:00
xyz:META,-0.0000038870,-0.0003621915,2025-12-27 15:00:00.130000+00:00
xyz:META,0.0000311825,0.0007989202,2025-12-27 16:00:00.019000+00:00
xyz:META,0.0000293791,0.0007700660,2025-12-27 17:00:00.106000+00:00
xyz:META,0.0000062500,0.0002038283,2025-12-27 18:00:00.021000+00:00
xyz:META,0.0000286098,0.0007577574,2025-12-27 19:00:00.007000+00:00
xyz:META,0.0000527471,0.0011439540,2025-12-27 20:00:00.057000+00:00
xyz:META,0.0000062500,0.0003988842,2025-12-27 21:00:00.027000+00:00
xyz:META,0.0000062500,0.0002886680,2025-12-27 22:00:00.034000+00:00
xyz:META,0.0000062500,0.0003460077,2025-12-27 23:00:00.018000+00:00
xyz:META,0.0000062500,0.0000032030,2025-12-28 00:00:00.072000+00:00
xyz:META,0.0000174486,0.0005791783,2025-12-28 01:00:00.041000+00:00
xyz:META,0.0000332823,0.0008325162,2025-12-28 02:00:00.027000+00:00
xyz:META,0.0000234110,0.0006745762,2025-12-28 03:00:00.017000+00:00
xyz:META,0.0000062500,0.0003228931,2025-12-28 04:00:00.024000+00:00
xyz:META,0.0000062500,0.0002660015,2025-12-28 05:00:00.062000+00:00
xyz:META,0.0000063125,0.0004009992,2025-12-28 06:00:00.060000+00:00
xyz:META,0.0000114947,0.0004839153,2025-12-28 07:00:00.028000+00:00
xyz:META,0.0000002482,-0.0002960287,2025-12-28 08:00:00.040000+00:00
xyz:META,0.0000062500,-0.0001941315,2025-12-28 09:00:00.005000+00:00
xyz:META,0.0000062500,0.0000299819,2025-12-28 10:00:00.074000+00:00
xyz:META,0.0000062500,0.0000862554,2025-12-28 11:00:00.057000+00:00
xyz:META,0.0000062500,0.0001378417,2025-12-28 12:00:00.046000+00:00
xyz:META,0.0000062500,0.0003901198,2025-12-28 13:00:00.095000+00:00
xyz:META,0.0000229101,0.0006665612,2025-12-28 14:00:00.095000+00:00
xyz:META,0.0000093812,0.0004500997,2025-12-28 15:00:00.109000+00:00
xyz:META,0.0000219196,0.0006507130,2025-12-28 16:00:00.008000+00:00
xyz:META,0.0000236019,0.0006776302,2025-12-28 17:00:00.074000+00:00
xyz:META,0.0000368717,0.0008899477,2025-12-28 18:00:00.041000+00:00
xyz:META,0.0000214806,0.0006436895,2025-12-28 19:00:00.019000+00:00
xyz:META,0.0000475497,0.0010607951,2025-12-28 20:00:00.016000+00:00
xyz:META,0.0000350512,0.0008608190,2025-12-28 21:00:00.047000+00:00
xyz:META,0.0000725642,0.0014610274,2025-12-28 22:00:00.072000+00:00
xyz:META,0.0000409637,0.0009554197,2025-12-28 23:00:00.045000+00:00
xyz:META,0.0000062500,0.0002118594,2025-12-29 00:00:00.132000+00:00
xyz:META,0.0000023838,-0.0002618594,2025-12-29 01:00:00.082000+00:00
xyz:META,0.0000029898,-0.0002521625,2025-12-29 02:00:00.076000+00:00
xyz:META,0.0000062500,0.0000417413,2025-12-29 03:00:00.049000+00:00
xyz:META,0.0000062500,0.0000885477,2025-12-29 04:00:00.132000+00:00
xyz:META,0.0000062500,0.0002754996,2025-12-29 05:00:00.006000+00:00
xyz:META,0.0000295699,0.0007731188,2025-12-29 06:00:00.005000+00:00
xyz:META,0.0000243114,0.0006889824,2025-12-29 07:00:00.018000+00:00
xyz:META,0.0000274048,0.0007384761,2025-12-29 08:00:00.014000+00:00
xyz:META,0.0000459072,0.0010345146,2025-12-29 09:00:00.030000+00:00
xyz:META,0.0000146512,0.0005344198,2025-12-29 10:00:00.008000+00:00
xyz:META,0.0000135540,0.0005168634,2025-12-29 11:00:00.098000+00:00
xyz:META,0.0000139678,0.0005234846,2025-12-29 12:00:00.026000+00:00
xyz:META,0.0000062500,0.0001215457,2025-12-29 13:00:00.001000+00:00
xyz:META,0.0000062500,0.0001007645,2025-12-29 14:00:00.028000+00:00
xyz:META,0.0000062500,0.0002121736,2025-12-29 15:00:00.031000+00:00
xyz:META,0.0000062500,0.0001700447,2025-12-29 16:00:00.014000+00:00
xyz:META,0.0000062500,0.0001819073,2025-12-29 17:00:00.019000+00:00
xyz:META,0.0000062500,0.0003087382,2025-12-29 18:00:00.031000+00:00
xyz:META,0.0000062500,0.0000947519,2025-12-29 19:00:00.026000+00:00
xyz:META,0.0000062500,0.0003032383,2025-12-29 20:00:00.055000+00:00
xyz:META,0.0000062500,0.0000532680,2025-12-29 21:00:00.006000+00:00
xyz:META,0.0000062500,0.0000382815,2025-12-29 22:00:00.075000+00:00
xyz:META,0.0000062500,0.0000186836,2025-12-29 23:00:00.040000+00:00
xyz:META,0.0000062500,0.0001998395,2025-12-30 00:00:00.010000+00:00
xyz:META,0.0000062500,0.0000728440,2025-12-30 01:00:00.049000+00:00
xyz:META,0.0000062500,0.0000575026,2025-12-30 02:00:00.033000+00:00
xyz:META,0.0000062500,0.0000252212,2025-12-30 03:00:00.041000+00:00
xyz:META,0.0000062500,0.0000238579,2025-12-30 04:00:00.063000+00:00
xyz:META,0.0000062500,0.0002437572,2025-12-30 05:00:00.069000+00:00
xyz:META,0.0000062500,0.0002509979,2025-12-30 06:00:00.067000+00:00
xyz:META,0.0000062500,0.0003851324,2025-12-30 07:00:00.062000+00:00
xyz:META,0.0000106907,0.0004710510,2025-12-30 08:00:00.028000+00:00
xyz:META,0.0000157387,0.0005518194,2025-12-30 09:00:00.045000+00:00
xyz:META,0.0000062500,-0.0000538605,2025-12-30 10:00:00.080000+00:00
xyz:META,0.0000062500,0.0000210845,2025-12-30 11:00:00.054000+00:00
xyz:META,0.0000018779,-0.0002699538,2025-12-30 12:00:00.003000+00:00
xyz:META,0.0000062500,-0.0000761160,2025-12-30 13:00:00.121000+00:00
xyz:META,0.0000062500,-0.0001162176,2025-12-30 14:00:00.031000+00:00
xyz:META,0.0000062500,-0.0000420593,2025-12-30 15:00:00.036000+00:00
xyz:META,0.0000062500,0.0000295835,2025-12-30 16:00:00.039000+00:00
xyz:META,0.0000096211,0.0004539371,2025-12-30 17:00:00.051000+00:00
xyz:META,0.0000062500,0.0003164738,2025-12-30 18:00:00.071000+00:00
xyz:META,0.0000062500,0.0002889343,2025-12-30 19:00:00.033000+00:00
xyz:META,0.0000062500,0.0003874062,2025-12-30 20:00:00.120000+00:00
xyz:META,0.0000062500,0.0001467051,2025-12-30 21:00:00.041000+00:00
xyz:META,0.0000062500,-0.0001175703,2025-12-30 22:00:00.003000+00:00
xyz:META,0.0000062500,-0.0000928308,2025-12-30 23:00:00.047000+00:00
xyz:META,0.0000062500,-0.0000849278,2025-12-31 00:00:00.021000+00:00
xyz:META,0.0000062500,-0.0000894371,2025-12-31 01:00:00.022000+00:00
xyz:META,0.0000062500,0.0000327605,2025-12-31 02:00:00.037000+00:00
xyz:META,0.0000062500,-0.0000137583,2025-12-31 03:00:00.053000+00:00
xyz:META,0.0000062500,-0.0000142220,2025-12-31 04:00:00.057000+00:00
xyz:META,0.0000062500,-0.0000228879,2025-12-31 05:00:00.011000+00:00
xyz:META,0.0000062500,-0.0000314499,2025-12-31 06:00:00.002000+00:00
xyz:META,0.0000062500,-0.0000072470,2025-12-31 07:00:00.029000+00:00
xyz:META,0.0000062500,0.0001427333,2025-12-31 08:00:00.063000+00:00
xyz:META,0.0000062500,0.0002283811,2025-12-31 09:00:00.019000+00:00
xyz:META,0.0000062500,0.0001414968,2025-12-31 10:00:00.002000+00:00
xyz:META,0.0000182315,0.0005917047,2025-12-31 11:00:00.050000+00:00
xyz:META,0.0000062500,0.0002915640,2025-12-31 12:00:00.095000+00:00
xyz:META,0.0000062500,-0.0001360321,2025-12-31 13:00:00.002000+00:00
xyz:META,-0.0000216356,-0.0006461695,2025-12-31 14:00:00.008000+00:00
xyz:META,0.0000062500,-0.0000987490,2025-12-31 15:00:00.015000+00:00
xyz:META,0.0000062500,-0.0000729873,2025-12-31 16:00:00.089000+00:00
xyz:META,0.0000062500,-0.0000100285,2025-12-31 17:00:00.072000+00:00
xyz:META,0.0000062500,-0.0001053869,2025-12-31 18:00:00.050000+00:00
xyz:META,0.0000062500,-0.0000746968,2025-12-31 19:00:00.053000+00:00
xyz:META,0.0000062500,-0.0000411068,2025-12-31 20:00:00.058000+00:00
xyz:META,0.0000062500,0.0001235446,2025-12-31 21:00:00.043000+00:00
xyz:META,0.0000062500,0.0003491878,2025-12-31 22:00:00.100000+00:00
xyz:META,0.0000129737,0.0005075799,2025-12-31 23:00:00.093000+00:00
xyz:META,0.0000182213,0.0005915403,2026-01-01 00:00:00.063000+00:00
xyz:META,0.0000426253,0.0009820054,2026-01-01 01:00:00.053000+00:00
xyz:META,0.0000279435,0.0007470960,2026-01-01 02:00:00.024000+00:00
xyz:META,0.0000362607,0.0008801712,2026-01-01 03:00:00.012000+00:00
xyz:META,0.0000285520,0.0007568323,2026-01-01 04:00:00.036000+00:00
xyz:META,0.0000217308,0.0006476930,2026-01-01 05:00:00.040000+00:00
xyz:META,0.0000251388,0.0007022202,2026-01-01 06:00:00.053000+00:00
xyz:META,0.0000633514,0.0013136222,2026-01-01 07:00:00.011000+00:00
xyz:META,0.0001143471,0.0021295536,2026-01-01 08:00:00.045000+00:00
xyz:META,0.0001313228,0.0024011652,2026-01-01 09:00:00.098000+00:00
xyz:META,0.0001149636,0.0021394176,2026-01-01 10:00:00.010000+00:00
xyz:META,0.0000759610,0.0015153766,2026-01-01 11:00:00.034000+00:00
xyz:META,0.0000062500,-0.0000049390,2026-01-01 12:00:00.051000+00:00
xyz:META,0.0000062500,-0.0001264179,2026-01-01 13:00:00.101000+00:00
xyz:META,0.0000062500,-0.0001932328,2026-01-01 14:00:00.010000+00:00
xyz:META,0.0000221343,0.0006541488,2026-01-01 15:00:00.003000+00:00
xyz:META,0.0000240961,0.0006855374,2026-01-01 16:00:00.025000+00:00
xyz:META,0.0000563660,0.0012018563,2026-01-01 17:00:00.034000+00:00
xyz:META,0.0000127262,0.0005036189,2026-01-01 18:00:00.042000+00:00
xyz:META,0.0000185888,0.0005974212,2026-01-01 19:00:00.029000+00:00
xyz:META,-0.0000421357,-0.0009741707,2026-01-01 20:00:00.043000+00:00
xyz:META,-0.0000553225,-0.0011851593,2026-01-01 21:00:00.069000+00:00
xyz:META,-0.0000543853,-0.0011701655,2026-01-01 22:00:00.047000+00:00
xyz:META,-0.0000583769,-0.0012340299,2026-01-01 23:00:00.023000+00:00
xyz:META,0.0000062500,-0.0001352079,2026-01-02 00:00:00.042000+00:00
xyz:META,0.0000457472,0.0010319556,2026-01-02 01:00:00.032000+00:00
xyz:META,0.0000476326,0.0010621224,2026-01-02 02:00:00.057000+00:00
xyz:META,0.0000581980,0.0012311676,2026-01-02 03:00:00.019000+00:00
xyz:META,0.0000212766,0.0006404261,2026-01-02 04:00:00.139000+00:00
xyz:META,0.0000174656,0.0005794504,2026-01-02 05:00:00.110000+00:00
xyz:META,0.0000062500,0.0002356256,2026-01-02 06:00:00.022000+00:00
xyz:META,-0.0000009216,-0.0003147450,2026-01-02 07:00:00.003000+00:00
xyz:META,0.0000184012,0.0005944189,2026-01-02 08:00:00.081000+00:00
xyz:META,0.0000062500,0.0001277946,2026-01-02 09:00:00.003000+00:00
xyz:META,0.0000062500,0.0000133329,2026-01-02 10:00:00.091000+00:00
xyz:META,0.0000062500,0.0000121293,2026-01-02 11:00:00.048000+00:00
xyz:META,0.0000062500,-0.0000561563,2026-01-02 12:00:00.042000+00:00
xyz:META,0.0000062500,-0.0000575538,2026-01-02 13:00:00.114000+00:00
xyz:META,0.0000062500,-0.0001106487,2026-01-02 14:00:00.009000+00:00
xyz:META,0.0000062500,-0.0001424162,2026-01-02 15:00:00.105000+00:00
xyz:META,0.0000062500,-0.0001308395,2026-01-02 16:00:00.038000+00:00
xyz:META,0.0000062500,-0.0001107864,2026-01-02 17:00:00.047000+00:00
xyz:META,0.0000062500,-0.0000094126,2026-01-02 18:00:00.034000+00:00
xyz:META,0.0000062500,-0.0000805475,2026-01-02 19:00:00.026000+00:00
xyz:META,0.0000051809,-0.0002171058,2026-01-02 20:00:00.027000+00:00
xyz:META,0.0000062500,-0.0000268840,2026-01-02 21:00:00+00:00
xyz:META,0.0000062500,0.0000430036,2026-01-02 22:00:00.042000+00:00
xyz:META,0.0000062500,0.0000382927,2026-01-02 23:00:00.022000+00:00
xyz:META,0.0000062500,-0.0000043625,2026-01-03 00:00:00.008000+00:00
xyz:META,0.0000062500,0.0000287754,2026-01-03 01:00:00.018000+00:00
xyz:META,0.0000062500,0.0002968933,2026-01-03 02:00:00.008000+00:00
xyz:META,0.0000062500,-0.0001513211,2026-01-03 03:00:00.074000+00:00
xyz:META,-0.0000332524,-0.0008320392,2026-01-03 04:00:00.011000+00:00
xyz:META,0.0000164039,0.0005624630,2026-01-03 05:00:00.006000+00:00
xyz:META,0.0000062500,0.0002280361,2026-01-03 06:00:00.019000+00:00
xyz:META,0.0000062500,-0.0000365173,2026-01-03 07:00:00.004000+00:00
xyz:META,0.0000062500,0.0001231415,2026-01-03 08:00:00.011000+00:00
xyz:META,-0.0000554755,-0.0011876076,2026-01-03 09:00:00.067000+00:00
xyz:META,-0.0001797277,-0.0031756437,2026-01-03 10:00:00.026000+00:00
xyz:META,-0.0001992162,-0.0034874590,2026-01-03 11:00:00.060000+00:00
xyz:META,-0.0001422651,-0.0025762414,2026-01-03 12:00:00.095000+00:00
xyz:META,0.0000062500,0.0002821940,2026-01-03 13:00:00.083000+00:00
xyz:META,0.0000011940,-0.0002808959,2026-01-03 14:00:00.043000+00:00
xyz:META,0.0000664258,0.0013628134,2026-01-03 15:00:00.072000+00:00
xyz:META,0.0000603131,0.0012650093,2026-01-03 16:00:00.044000+00:00
xyz:META,0.0000469593,0.0010513485,2026-01-03 17:00:00.083000+00:00
xyz:META,0.0000519257,0.0011308110,2026-01-03 18:00:00.061000+00:00
xyz:META,0.0000103967,0.0004663470,2026-01-03 19:00:00.032000+00:00
xyz:META,-0.0001961936,-0.0034390981,2026-01-03 20:00:00.019000+00:00
xyz:META,0.0000028954,-0.0002536736,2026-01-03 21:00:00.128000+00:00
xyz:META,0.0001090179,0.0020442860,2026-01-03 22:00:00.077000+00:00
xyz:META,0.0000062500,0.0001669255,2026-01-03 23:00:00.046000+00:00
xyz:META,0.0000062500,0.0002785043,2026-01-04 00:00:00.024000+00:00
xyz:META,-0.0000213192,-0.0006411079,2026-01-04 01:00:00.010000+00:00
xyz:META,0.0000062500,0.0001203315,2026-01-04 02:00:00.026000+00:00
xyz:META,0.0000062500,0.0003362855,2026-01-04 03:00:00.011000+00:00
xyz:META,-0.0000080147,-0.0004282346,2026-01-04 04:00:00.063000+00:00
xyz:META,0.0000062500,-0.0001848956,2026-01-04 05:00:00.060000+00:00
xyz:META,0.0000062500,0.0000651941,2026-01-04 06:00:00.066000+00:00
xyz:META,0.0000062500,0.0001888733,2026-01-04 07:00:00.031000+00:00
xyz:META,0.0000058169,-0.0002069293,2026-01-04 08:00:00.036000+00:00
xyz:META,0.0000278472,0.0007455548,2026-01-04 09:00:00.001000+00:00
xyz:META,0.0000564247,0.0012027959,2026-01-04 10:00:00.051000+00:00
xyz:META,0.0000062500,0.0001222525,2026-01-04 11:00:00.051000+00:00
xyz:META,-0.0000356177,-0.0008698830,2026-01-04 12:00:00.052000+00:00
xyz:META,0.0000062500,0.0003364410,2026-01-04 13:00:00.062000+00:00
xyz:META,0.0000062500,0.0001927834,2026-01-04 14:00:00.019000+00:00
xyz:META,0.0000144975,0.0005319597,2026-01-04 15:00:00.078000+00:00
xyz:META,0.0000062500,0.0001138683,2026-01-04 16:00:00.098000+00:00
xyz:META,0.0000062500,-0.0001499522,2026-01-04 17:00:00.020000+00:00
xyz:META,-0.0000150634,-0.0005410141,2026-01-04 18:00:00.054000+00:00
xyz:META,0.0000062500,0.0000839883,2026-01-04 19:00:00.024000+00:00
xyz:META,0.0000062500,-0.0000020369,2026-01-04 20:00:00.062000+00:00
xyz:META,0.0000062500,0.0001764027,2026-01-04 21:00:00+00:00
xyz:META,0.0000062500,0.0003657311,2026-01-04 22:00:00.037000+00:00
xyz:META,0.0000266075,0.0007257199,2026-01-04 23:00:00.111000+00:00
xyz:META,-0.0000142427,-0.0005278839,2026-01-05 00:00:00+00:00
xyz:META,0.0000062500,0.0003839674,2026-01-05 01:00:00.014000+00:00
xyz:META,-0.0000251310,-0.0007020957,2026-01-05 02:00:00.009000+00:00
xyz:META,0.0000062500,-0.0001509953,2026-01-05 03:00:00.010000+00:00
xyz:META,0.0000062500,-0.0000574093,2026-01-05 04:00:00.044000+00:00
xyz:META,0.0000062500,-0.0001216141,2026-01-05 05:00:00.042000+00:00
xyz:META,0.0000062500,-0.0000068234,2026-01-05 06:00:00.026000+00:00
xyz:META,-0.0000232420,-0.0006718713,2026-01-05 07:00:00.067000+00:00
xyz:META,-0.0000727033,-0.0014632535,2026-01-05 08:00:00.060000+00:00
xyz:META,-0.0000414192,-0.0009627064,2026-01-05 09:00:00.043000+00:00
xyz:META,-0.0000004063,-0.0003065012,2026-01-05 10:00:00.038000+00:00
xyz:META,0.0000062500,0.0000998453,2026-01-05 11:00:00.040000+00:00
xyz:META,0.0000062500,-0.0000943251,2026-01-05 12:00:00.068000+00:00
xyz:META,0.0000062500,-0.0000233255,2026-01-05 13:00:00.054000+00:00
xyz:META,0.0000062500,0.0000083482,2026-01-05 14:00:00.015000+00:00
xyz:META,0.0000062500,-0.0001582816,2026-01-05 15:00:00.020000+00:00
xyz:META,0.0000004685,-0.0002925046,2026-01-05 16:00:00.051000+00:00
xyz:META,0.0000016587,-0.0002734614,2026-01-05 17:00:00.085000+00:00
xyz:META,0.0000062500,-0.0001335938,2026-01-05 18:00:00.081000+00:00
xyz:META,0.0000062500,-0.0001706356,2026-01-05 19:00:00.056000+00:00
xyz:META,0.0000023006,-0.0002631904,2026-01-05 20:00:00.045000+00:00
xyz:META,0.0000062500,-0.0000762011,2026-01-05 21:00:00.022000+00:00
xyz:META,0.0000035791,-0.0002427348,2026-01-05 22:00:00.008000+00:00
xyz:META,-0.0000013733,-0.0003219721,2026-01-05 23:00:00.068000+00:00
xyz:META,0.0000062500,-0.0001473763,2026-01-06 00:00:00.017000+00:00
xyz:META,0.0000062500,-0.0001400839,2026-01-06 01:00:00.086000+00:00
xyz:META,0.0000062500,0.0001316088,2026-01-06 02:00:00.073000+00:00
xyz:META,0.0000032194,-0.0002484888,2026-01-06 03:00:00.033000+00:00
xyz:META,0.0000062500,-0.0000385864,2026-01-06 04:00:00.036000+00:00
xyz:META,0.0000062500,-0.0000127449,2026-01-06 05:00:00.075000+00:00
xyz:META,0.0000062500,0.0000052590,2026-01-06 06:00:00.013000+00:00
xyz:META,0.0000062500,-0.0000163863,2026-01-06 07:00:00.008000+00:00
xyz:META,0.0000062500,-0.0000199308,2026-01-06 08:00:00.066000+00:00
xyz:META,0.0000062500,0.0000713988,2026-01-06 09:00:00.059000+00:00
xyz:META,0.0000062500,0.0001396490,2026-01-06 10:00:00.012000+00:00
xyz:META,0.0000062500,0.0002751020,2026-01-06 11:00:00.060000+00:00
xyz:META,0.0000062500,0.0002918071,2026-01-06 12:00:00.017000+00:00
xyz:META,0.0000062500,0.0001988340,2026-01-06 13:00:00.002000+00:00
xyz:META,0.0000062500,0.0001280165,2026-01-06 14:00:00.046000+00:00
xyz:META,0.0000062500,0.0000438644,2026-01-06 15:00:00.076000+00:00
xyz:META,0.0000062500,-0.0000462764,2026-01-06 16:00:00.036000+00:00
xyz:META,0.0000062500,0.0000823048,2026-01-06 17:00:00.012000+00:00
xyz:META,0.0000062500,0.0000477169,2026-01-06 18:00:00.001000+00:00
xyz:META,0.0000062500,-0.0000092271,2026-01-06 19:00:00.037000+00:00
xyz:META,0.0000062500,0.0000009247,2026-01-06 20:00:00.018000+00:00
xyz:META,0.0000062500,-0.0000626069,2026-01-06 21:00:00.062000+00:00
xyz:META,0.0000062500,-0.0000368686,2026-01-06 22:00:00.005000+00:00
xyz:META,0.0000062500,-0.0000943519,2026-01-06 23:00:00.008000+00:00
xyz:META,0.0000062500,0.0001745670,2026-01-07 00:00:00.119000+00:00
xyz:META,0.0000062500,0.0000852320,2026-01-07 01:00:00.007000+00:00
xyz:META,0.0000062500,-0.0000210173,2026-01-07 02:00:00.010000+00:00
xyz:META,0.0000062500,0.0000309547,2026-01-07 03:00:00.017000+00:00
xyz:META,0.0000062500,0.0000246136,2026-01-07 04:00:00.033000+00:00
xyz:META,0.0000062500,0.0001206247,2026-01-07 05:00:00.087000+00:00
xyz:META,0.0000062500,0.0000255178,2026-01-07 06:00:00.009000+00:00
xyz:META,0.0000062500,0.0000867658,2026-01-07 07:00:00.014000+00:00
xyz:META,0.0000062500,0.0000490768,2026-01-07 08:00:00.062000+00:00
xyz:META,0.0000062500,0.0003327437,2026-01-07 09:00:00.082000+00:00
xyz:META,0.0000062500,-0.0000431856,2026-01-07 10:00:00.029000+00:00
xyz:META,0.0000062500,0.0000204767,2026-01-07 11:00:00.048000+00:00
xyz:META,0.0000062500,0.0001925243,2026-01-07 12:00:00.096000+00:00
xyz:META,0.0000062500,0.0002981573,2026-01-07 13:00:00.074000+00:00
xyz:META,0.0000062500,0.0001181712,2026-01-07 14:00:00.040000+00:00
xyz:META,0.0000062500,-0.0000021395,2026-01-07 15:00:00.099000+00:00
xyz:META,0.0000062500,-0.0000825704,2026-01-07 16:00:00.081000+00:00
xyz:META,0.0000062500,-0.0000271211,2026-01-07 17:00:00.013000+00:00
xyz:META,0.0000062500,-0.0000228054,2026-01-07 18:00:00.014000+00:00
xyz:META,0.0000062500,-0.0000715497,2026-01-07 19:00:00.055000+00:00
xyz:META,0.0000062500,-0.0000821901,2026-01-07 20:00:00.113000+00:00
xyz:META,0.0000062500,0.0002183454,2026-01-07 21:00:00.117000+00:00
xyz:META,0.0000062500,0.0003197891,2026-01-07 22:00:00.043000+00:00
xyz:META,0.0000062500,0.0003391643,2026-01-07 23:00:00.090000+00:00
xyz:META,0.0000062500,0.0003294348,2026-01-08 00:00:00.001000+00:00
xyz:META,0.0000062500,0.0000288316,2026-01-08 01:00:00.035000+00:00
xyz:META,0.0000062500,0.0000669600,2026-01-08 02:00:00.029000+00:00
xyz:META,0.0000062500,0.0000373995,2026-01-08 03:00:00.014000+00:00
xyz:META,0.0000062500,0.0000621725,2026-01-08 04:00:00.069000+00:00
xyz:META,0.0000062500,0.0000484100,2026-01-08 05:00:00.155000+00:00
xyz:META,0.0000062500,0.0002225580,2026-01-08 06:00:00.094000+00:00
xyz:META,0.0000062500,0.0000519203,2026-01-08 07:00:00.010000+00:00
xyz:META,0.0000606886,0.0012710172,2026-01-08 08:00:00.089000+00:00
xyz:META,0.0000814442,0.0016031068,2026-01-08 09:00:00.077000+00:00
xyz:META,0.0000406672,0.0009506759,2026-01-08 10:00:00.037000+00:00
xyz:META,0.0000088055,0.0004408876,2026-01-08 11:00:00.015000+00:00
xyz:META,0.0000062500,0.0001982883,2026-01-08 12:00:00.137000+00:00
xyz:META,0.0000062500,0.0000115273,2026-01-08 13:00:00.040000+00:00
xyz:META,0.0000062500,-0.0001233923,2026-01-08 14:00:00+00:00
xyz:META,0.0000062500,-0.0001252054,2026-01-08 15:00:00.106000+00:00
xyz:META,0.0000062500,-0.0000081928,2026-01-08 16:00:00.063000+00:00
xyz:META,0.0000062500,-0.0000442228,2026-01-08 17:00:00.004000+00:00
xyz:META,0.0000062500,-0.0000329478,2026-01-08 18:00:00.008000+00:00
xyz:META,-0.0000041574,-0.0003665186,2026-01-08 19:00:00.013000+00:00
xyz:META,-0.0000099942,-0.0004599070,2026-01-08 20:00:00.098000+00:00
xyz:META,0.0000021317,-0.0002658935,2026-01-08 21:00:00.116000+00:00
xyz:META,0.0000062500,-0.0000507746,2026-01-08 22:00:00.008000+00:00
xyz:META,0.0000062500,-0.0000326306,2026-01-08 23:00:00.085000+00:00
xyz:META,0.0000062500,-0.0000386739,2026-01-09 00:00:00.020000+00:00
xyz:META,0.0000062500,-0.0000238607,2026-01-09 01:00:00.016000+00:00
xyz:META,0.0000062500,-0.0001903886,2026-01-09 02:00:00.063000+00:00
xyz:META,0.0000050387,-0.0002193811,2026-01-09 03:00:00.059000+00:00
xyz:META,-0.0000039879,-0.0003638056,2026-01-09 04:00:00.100000+00:00
xyz:META,0.0000062500,-0.0001400757,2026-01-09 05:00:00.158000+00:00
xyz:META,0.0000062500,-0.0000254680,2026-01-09 06:00:00.046000+00:00
xyz:META,0.0000062500,-0.0000243344,2026-01-09 07:00:00.012000+00:00
xyz:META,0.0000062500,-0.0000736508,2026-01-09 08:00:00.028000+00:00
xyz:META,0.0000062500,0.0000802274,2026-01-09 09:00:00.072000+00:00
xyz:META,0.0000062500,-0.0001223793,2026-01-09 10:00:00.077000+00:00
xyz:META,0.0000062500,0.0001993679,2026-01-09 11:00:00.050000+00:00
xyz:META,0.0000062500,-0.0000164025,2026-01-09 12:00:00.041000+00:00
xyz:META,0.0000062500,-0.0000236408,2026-01-09 13:00:00.005000+00:00
xyz:META,0.0000062500,-0.0000830131,2026-01-09 14:00:00.032000+00:00
xyz:META,0.0000024121,-0.0002614063,2026-01-09 15:00:00.042000+00:00
xyz:META,0.0000033597,-0.0002462445,2026-01-09 16:00:00.002000+00:00
xyz:META,0.0000006586,-0.0002894622,2026-01-09 17:00:00.004000+00:00
xyz:META,0.0000062500,-0.0001625765,2026-01-09 18:00:00.018000+00:00
xyz:META,0.0000062500,0.0000337758,2026-01-09 19:00:00.042000+00:00
xyz:META,0.0000062500,0.0000322000,2026-01-09 20:00:00.065000+00:00
xyz:META,0.0000062500,0.0000393427,2026-01-09 21:00:00+00:00
xyz:META,0.0000062500,0.0000175664,2026-01-09 22:00:00.018000+00:00
xyz:META,0.0000062500,0.0000096562,2026-01-09 23:00:00.025000+00:00
xyz:META,0.0000062500,0.0000261361,2026-01-10 00:00:00.103000+00:00
xyz:META,0.0000062500,0.0001403008,2026-01-10 01:00:00.110000+00:00
xyz:META,0.0000062500,0.0000298897,2026-01-10 02:00:00.064000+00:00
xyz:META,0.0000062500,0.0000429487,2026-01-10 03:00:00.039000+00:00
xyz:META,0.0000062500,0.0001498020,2026-01-10 04:00:00.085000+00:00
xyz:META,0.0000062500,0.0000826480,2026-01-10 05:00:00.065000+00:00
xyz:META,0.0000062500,-0.0001290706,2026-01-10 06:00:00.034000+00:00
xyz:META,0.0000026974,-0.0002568414,2026-01-10 07:00:00.035000+00:00
xyz:META,0.0000062500,0.0001461987,2026-01-10 08:00:00.072000+00:00
xyz:META,0.0000062500,0.0002561953,2026-01-10 09:00:00.033000+00:00
xyz:META,0.0000062500,-0.0001209197,2026-01-10 10:00:00.024000+00:00
xyz:META,0.0000077842,0.0004245473,2026-01-10 11:00:00.060000+00:00
xyz:META,0.0000062500,0.0001254206,2026-01-10 12:00:00.034000+00:00
xyz:META,0.0000062500,0.0002431735,2026-01-10 13:00:00.030000+00:00
xyz:META,0.0000062500,-0.0001568257,2026-01-10 14:00:00.051000+00:00
xyz:META,0.0000036088,-0.0002422593,2026-01-10 15:00:00.017000+00:00
xyz:META,0.0000062500,-0.0001111074,2026-01-10 16:00:00.003000+00:00
xyz:META,0.0000062500,-0.0001264674,2026-01-10 17:00:00.066000+00:00
xyz:META,0.0000062500,-0.0001772300,2026-01-10 18:00:00.054000+00:00
xyz:META,0.0000061626,-0.0002013980,2026-01-10 19:00:00.025000+00:00
xyz:META,-0.0000566366,-0.0012061860,2026-01-10 20:00:00.081000+00:00
xyz:META,-0.0000228360,-0.0006653763,2026-01-10 21:00:00.083000+00:00
xyz:META,-0.0000017211,-0.0003275377,2026-01-10 22:00:00.025000+00:00
xyz:META,-0.0000031158,-0.0003498534,2026-01-10 23:00:00.047000+00:00
xyz:META,-0.0000061005,-0.0003976075,2026-01-11 00:00:00.007000+00:00
xyz:META,-0.0000136514,-0.0005184229,2026-01-11 01:00:00.046000+00:00
xyz:META,-0.0001499187,-0.0026986999,2026-01-11 02:00:00.078000+00:00
xyz:META,-0.0000990433,-0.0018846922,2026-01-11 03:00:00.099000+00:00
xyz:META,-0.0000337985,-0.0008407761,2026-01-11 04:00:00.011000+00:00
xyz:META,0.0000062114,-0.0002006173,2026-01-11 05:00:00.012000+00:00
xyz:META,0.0000062500,0.0001865871,2026-01-11 06:00:00.038000+00:00
xyz:META,0.0000146051,0.0005336814,2026-01-11 07:00:00.049000+00:00
xyz:META,0.0000062500,0.0002177738,2026-01-11 08:00:00.066000+00:00
xyz:META,0.0000062500,0.0001037835,2026-01-11 09:00:00.045000+00:00
xyz:META,0.0000055022,-0.0002119642,2026-01-11 10:00:00.103000+00:00
xyz:META,-0.0000405333,-0.0009485323,2026-01-11 11:00:00.105000+00:00
xyz:META,-0.0000760740,-0.0015171843,2026-01-11 12:00:00.018000+00:00
xyz:META,-0.0000250779,-0.0007012463,2026-01-11 13:00:00.035000+00:00
xyz:META,-0.0000040236,-0.0003643783,2026-01-11 14:00:00.034000+00:00
xyz:META,-0.0000061806,-0.0003988892,2026-01-11 15:00:00.124000+00:00
xyz:META,-0.0000054811,-0.0003876979,2026-01-11 16:00:00.122000+00:00
xyz:META,-0.0000034722,-0.0003555555,2026-01-11 17:00:00.061000+00:00
xyz:META,-0.0000054092,-0.0003865467,2026-01-11 18:00:00.004000+00:00
xyz:META,-0.0000129824,-0.0005077184,2026-01-11 19:00:00.023000+00:00
xyz:META,-0.0000480753,-0.0010692046,2026-01-11 20:00:00.002000+00:00
xyz:META,-0.0000315701,-0.0008051208,2026-01-11 21:00:00.010000+00:00
xyz:META,-0.0000043116,-0.0003689862,2026-01-11 22:00:00.083000+00:00
xyz:META,-0.0000257650,-0.0007122394,2026-01-11 23:00:00.127000+00:00
xyz:META,-0.0000523790,-0.0011380634,2026-01-12 00:00:00.053000+00:00
xyz:META,0.0000062500,-0.0001472253,2026-01-12 01:00:00.080000+00:00
xyz:META,0.0000062500,0.0002834922,2026-01-12 02:00:00.090000+00:00
xyz:META,0.0000058256,-0.0002067905,2026-01-12 03:00:00.016000+00:00
xyz:META,0.0000336831,0.0008389289,2026-01-12 04:00:00.021000+00:00
xyz:META,0.0000082100,0.0004313606,2026-01-12 05:00:00.027000+00:00
xyz:META,0.0000180324,0.0005885181,2026-01-12 06:00:00.025000+00:00
xyz:META,0.0000119356,0.0004909695,2026-01-12 07:00:00.061000+00:00
xyz:META,0.0000062500,0.0002144057,2026-01-12 08:00:00.053000+00:00
xyz:META,0.0000062500,0.0002824986,2026-01-12 09:00:00.088000+00:00
xyz:META,-0.0000058980,-0.0003943684,2026-01-12 10:00:00.042000+00:00
xyz:META,-0.0000009287,-0.0003148595,2026-01-12 11:00:00.003000+00:00
xyz:META,-0.0000016563,-0.0003265003,2026-01-12 12:00:00.088000+00:00
xyz:META,-0.0000024700,-0.0003395207,2026-01-12 13:00:00.053000+00:00
xyz:META,-0.0000005690,-0.0003091034,2026-01-12 14:00:00.107000+00:00
xyz:META,0.0000062500,-0.0000516166,2026-01-12 15:00:00.059000+00:00
xyz:META,0.0000062500,-0.0000167002,2026-01-12 16:00:00.040000+00:00
xyz:META,0.0000062500,-0.0000755302,2026-01-12 17:00:00.086000+00:00
xyz:META,0.0000062500,0.0000193320,2026-01-12 18:00:00.057000+00:00
xyz:META,0.0000062500,0.0000684661,2026-01-12 19:00:00.008000+00:00
xyz:META,0.0000062500,0.0000417300,2026-01-12 20:00:00.098000+00:00
xyz:META,0.0000062500,0.0000462575,2026-01-12 21:00:00.078000+00:00
xyz:META,0.0000062500,0.0003145199,2026-01-12 22:00:00.075000+00:00
xyz:META,0.0000109332,0.0004749312,2026-01-12 23:00:00.024000+00:00
xyz:META,0.0000062500,0.0002282649,2026-01-13 00:00:00.109000+00:00
xyz:META,0.0000062500,0.0001565473,2026-01-13 01:00:00.121000+00:00
xyz:META,0.0000062500,0.0000852345,2026-01-13 02:00:00.017000+00:00
xyz:META,0.0000062500,0.0003357731,2026-01-13 03:00:00.043000+00:00
xyz:META,0.0000062500,0.0003654453,2026-01-13 04:00:00.068000+00:00
xyz:META,0.0000062500,0.0003709145,2026-01-13 05:00:00.079000+00:00
xyz:META,0.0000062500,0.0003556109,2026-01-13 06:00:00.029000+00:00
xyz:META,0.0000062500,0.0003630747,2026-01-13 07:00:00.089000+00:00
xyz:META,0.0000062500,0.0003513427,2026-01-13 08:00:00.032000+00:00
xyz:META,0.0000062500,0.0003761325,2026-01-13 09:00:00.003000+00:00
xyz:META,0.0000084095,0.0004345524,2026-01-13 10:00:00.232000+00:00
xyz:META,0.0000160767,0.0005572264,2026-01-13 11:00:00.011000+00:00
xyz:META,0.0000135802,0.0005172829,2026-01-13 12:00:00.032000+00:00
xyz:META,0.0000062500,0.0002973912,2026-01-13 13:00:00.083000+00:00
xyz:META,0.0000062500,-0.0000482465,2026-01-13 14:00:00.043000+00:00
xyz:META,0.0000062500,-0.0000868058,2026-01-13 15:00:00.051000+00:00
xyz:META,0.0000062500,0.0001554615,2026-01-13 16:00:00.100000+00:00
xyz:META,0.0000062500,0.0001397432,2026-01-13 17:00:00.039000+00:00
xyz:META,0.0000062500,0.0002508494,2026-01-13 18:00:00.042000+00:00
xyz:META,0.0000062500,0.0003908658,2026-01-13 19:00:00.031000+00:00
xyz:META,0.0000062500,0.0003849958,2026-01-13 20:00:00.005000+00:00
xyz:META,0.0000075607,0.0004209706,2026-01-13 21:00:00.017000+00:00
xyz:META,0.0000062500,0.0001972363,2026-01-13 22:00:00+00:00
xyz:META,0.0000062500,0.0001238807,2026-01-13 23:00:00.037000+00:00
xyz:META,0.0000062500,0.0003424271,2026-01-14 00:00:00.057000+00:00
xyz:META,0.0000062500,0.0003457157,2026-01-14 01:00:00.019000+00:00
xyz:META,0.0000144259,0.0005308139,2026-01-14 02:00:00.050000+00:00
xyz:META,0.0000091927,0.0004470829,2026-01-14 03:00:00.053000+00:00
xyz:META,0.0000152017,0.0005432272,2026-01-14 04:00:00.063000+00:00
xyz:META,0.0000328823,0.0008261167,2026-01-14 05:00:00.023000+00:00
xyz:META,0.0000223728,0.0006579646,2026-01-14 06:00:00.066000+00:00
xyz:META,0.0000190480,0.0006047676,2026-01-14 07:00:00.099000+00:00
xyz:META,0.0000109745,0.0004755912,2026-01-14 08:00:00.062000+00:00
xyz:META,0.0000105703,0.0004691244,2026-01-14 09:00:00.051000+00:00
xyz:META,0.0000176226,0.0005819620,2026-01-14 10:00:00.015000+00:00
xyz:META,0.0000212382,0.0006398112,2026-01-14 11:00:00+00:00
xyz:META,0.0000241513,0.0006864211,2026-01-14 12:00:00.043000+00:00
xyz:META,0.0000205648,0.0006290361,2026-01-14 13:00:00.040000+00:00
xyz:META,0.0000147737,0.0005363786,2026-01-14 14:00:00.084000+00:00
xyz:META,0.0000062500,0.0003115185,2026-01-14 15:00:00.001000+00:00
xyz:META,0.0000062500,0.0001698620,2026-01-14 16:00:00.013000+00:00
xyz:META,0.0000062500,0.0002823008,2026-01-14 17:00:00.085000+00:00
xyz:META,0.0000062500,0.0000777269,2026-01-14 18:00:00.113000+00:00
xyz:META,0.0000062500,0.0002823694,2026-01-14 19:00:00.071000+00:00
xyz:META,0.0000062500,0.0002964607,2026-01-14 20:00:00.090000+00:00
xyz:META,0.0000062500,0.0002658112,2026-01-14 21:00:00.039000+00:00
xyz:META,0.0000062500,0.0002597654,2026-01-14 22:00:00.018000+00:00
xyz:META,0.0000062500,0.0001364746,2026-01-14 23:00:00.024000+00:00
xyz:META,0.0000062500,0.0000671049,2026-01-15 00:00:00.028000+00:00
xyz:META,0.0000062500,0.0000331985,2026-01-15 01:00:00.004000+00:00
xyz:META,0.0000062500,0.0001841406,2026-01-15 02:00:00.052000+00:00
xyz:META,0.0000062500,0.0003240312,2026-01-15 03:00:00.019000+00:00
xyz:META,0.0000062500,0.0000701735,2026-01-15 04:00:00.018000+00:00
xyz:META,0.0000062500,0.0000932047,2026-01-15 05:00:00.081000+00:00
xyz:META,0.0000062500,0.0000615780,2026-01-15 06:00:00.021000+00:00
xyz:META,0.0000062500,0.0000194178,2026-01-15 07:00:00.057000+00:00
xyz:META,0.0000062500,0.0000680421,2026-01-15 08:00:00.029000+00:00
xyz:META,0.0000062500,0.0001862243,2026-01-15 09:00:00.023000+00:00
xyz:META,0.0000062500,0.0001420635,2026-01-15 10:00:00.082000+00:00
xyz:META,0.0000213581,0.0006417291,2026-01-15 11:00:00.076000+00:00
xyz:META,0.0000201322,0.0006221153,2026-01-15 12:00:00.028000+00:00
xyz:META,0.0000146248,0.0005339960,2026-01-15 13:00:00.044000+00:00
xyz:META,0.0000103056,0.0004648893,2026-01-15 14:00:00.054000+00:00
xyz:META,0.0000062500,0.0003373269,2026-01-15 15:00:00.001000+00:00
xyz:META,0.0000062500,0.0003308546,2026-01-15 16:00:00.020000+00:00
xyz:META,0.0000062500,0.0002521545,2026-01-15 17:00:00.067000+00:00
xyz:META,0.0000154185,0.0005466967,2026-01-15 18:00:00.062000+00:00
xyz:META,0.0000062500,0.0002473252,2026-01-15 19:00:00.003000+00:00
xyz:META,0.0000062500,0.0003873664,2026-01-15 20:00:00.057000+00:00
xyz:META,0.0000062500,0.0003774062,2026-01-15 21:00:00.062000+00:00
xyz:META,0.0000062500,0.0000357015,2026-01-15 22:00:00.033000+00:00
xyz:META,0.0000062500,0.0000858801,2026-01-15 23:00:00+00:00
xyz:META,0.0000062500,0.0002017578,2026-01-16 00:00:00.092000+00:00
xyz:META,0.0000168237,0.0005691789,2026-01-16 01:00:00.045000+00:00
xyz:META,0.0000474084,0.0010585350,2026-01-16 02:00:00.007000+00:00
xyz:META,0.0000539574,0.0011633185,2026-01-16 03:00:00.044000+00:00
xyz:META,0.0000351975,0.0008631604,2026-01-16 04:00:00.096000+00:00
xyz:META,0.0000287252,0.0007596024,2026-01-16 05:00:00.028000+00:00
xyz:META,0.0000280725,0.0007491593,2026-01-16 06:00:00.013000+00:00
xyz:META,0.0000204222,0.0006267560,2026-01-16 07:00:00.059000+00:00
xyz:META,0.0000201214,0.0006219416,2026-01-16 08:00:00.044000+00:00
xyz:META,0.0000164246,0.0005627937,2026-01-16 09:00:00.013000+00:00
xyz:META,0.0000204398,0.0006270364,2026-01-16 10:00:00.073000+00:00
xyz:META,0.0000142641,0.0005282260,2026-01-16 11:00:00.003000+00:00
xyz:META,0.0000179187,0.0005866990,2026-01-16 12:00:00.005000+00:00
xyz:META,0.0000206874,0.0006309989,2026-01-16 13:00:00.060000+00:00
xyz:META,0.0000225043,0.0006600682,2026-01-16 14:00:00.084000+00:00
xyz:META,0.0000083399,0.0004334387,2026-01-16 15:00:00.051000+00:00
xyz:META,0.0000062500,0.0002132530,2026-01-16 16:00:00.040000+00:00
xyz:META,0.0000062500,0.0001530768,2026-01-16 17:00:00.051000+00:00
xyz:META,0.0000062500,-0.0000377530,2026-01-16 18:00:00.045000+00:00
xyz:META,0.0000062500,-0.0000086129,2026-01-16 19:00:00.147000+00:00
xyz:META,0.0000062500,0.0002607746,2026-01-16 20:00:00.078000+00:00
xyz:META,0.0000062500,0.0003905096,2026-01-16 21:00:00.092000+00:00
xyz:META,0.0000062500,0.0000669888,2026-01-16 22:00:00.120000+00:00
xyz:META,0.0000062500,0.0000282941,2026-01-16 23:00:00.021000+00:00
xyz:META,0.0000062500,0.0000178037,2026-01-17 00:00:00.037000+00:00
xyz:META,0.0000062500,-0.0000111033,2026-01-17 01:00:00.055000+00:00
xyz:META,0.0000062500,0.0001735887,2026-01-17 02:00:00.090000+00:00
xyz:META,0.0000306926,0.0007910815,2026-01-17 03:00:00.036000+00:00
xyz:META,0.0000495638,0.0010930201,2026-01-17 04:00:00.003000+00:00
xyz:META,0.0000144487,0.0005311798,2026-01-17 05:00:00.027000+00:00
xyz:META,0.0000062500,0.0003423495,2026-01-17 06:00:00.104000+00:00
xyz:META,0.0000062500,0.0003557451,2026-01-17 07:00:00.005000+00:00
xyz:META,0.0000396210,0.0009339368,2026-01-17 08:00:00.022000+00:00
xyz:META,0.0000199843,0.0006197494,2026-01-17 09:00:00.004000+00:00
xyz:META,0.0000062500,0.0002329367,2026-01-17 10:00:00.039000+00:00
xyz:META,0.0000062500,0.0000962316,2026-01-17 11:00:00.095000+00:00
xyz:META,0.0000062500,0.0003548005,2026-01-17 12:00:00.021000+00:00
xyz:META,0.0000062500,0.0002808716,2026-01-17 13:00:00.089000+00:00
xyz:META,0.0000062500,0.0002192073,2026-01-17 14:00:00.030000+00:00
xyz:META,0.0000062500,0.0002983205,2026-01-17 15:00:00.010000+00:00
xyz:META,0.0000062500,0.0002946490,2026-01-17 16:00:00.102000+00:00
xyz:META,0.0000062500,-0.0001576947,2026-01-17 17:00:00.010000+00:00
xyz:META,-0.0000618350,-0.0012893600,2026-01-17 18:00:00.066000+00:00
xyz:META,-0.0000535175,-0.0011562804,2026-01-17 19:00:00.038000+00:00
xyz:META,-0.0000356296,-0.0008700744,2026-01-17 20:00:00.073000+00:00
xyz:META,-0.0000345478,-0.0008527646,2026-01-17 21:00:00.017000+00:00
xyz:META,-0.0000271428,-0.0007342853,2026-01-17 22:00:00.036000+00:00
xyz:META,-0.0000654194,-0.0013467107,2026-01-17 23:00:00.100000+00:00
xyz:META,-0.0001305569,-0.0023889108,2026-01-18 00:00:00.017000+00:00
xyz:META,-0.0001041197,-0.0019659150,2026-01-18 01:00:00.117000+00:00
xyz:META,-0.0001144216,-0.0021307451,2026-01-18 02:00:00.061000+00:00
xyz:META,-0.0000779391,-0.0015470251,2026-01-18 03:00:00.047000+00:00
xyz:META,0.0000062500,-0.0000085152,2026-01-18 04:00:00.062000+00:00
xyz:META,0.0000271965,0.0007351444,2026-01-18 05:00:00.034000+00:00
xyz:META,0.0000038856,-0.0002378308,2026-01-18 06:00:00.066000+00:00
xyz:META,-0.0000185767,-0.0005972265,2026-01-18 07:00:00.063000+00:00
xyz:META,-0.0000040787,-0.0003652588,2026-01-18 08:00:00.106000+00:00
xyz:META,0.0000017558,-0.0002719065,2026-01-18 09:00:00.110000+00:00
xyz:META,0.0000062500,-0.0001757067,2026-01-18 10:00:00.047000+00:00
xyz:META,0.0000022939,-0.0002632975,2026-01-18 11:00:00.085000+00:00
xyz:META,0.0000062500,-0.0001641355,2026-01-18 12:00:00.016000+00:00
xyz:META,0.0000062500,-0.0001499776,2026-01-18 13:00:00.054000+00:00
xyz:META,0.0000062500,-0.0001710393,2026-01-18 14:00:00.035000+00:00
xyz:META,0.0000062500,-0.0001925487,2026-01-18 15:00:00.030000+00:00
xyz:META,0.0000062500,-0.0000513642,2026-01-18 16:00:00.021000+00:00
xyz:META,0.0000062500,-0.0000005926,2026-01-18 17:00:00.040000+00:00
xyz:META,0.0000062500,-0.0000118721,2026-01-18 18:00:00.067000+00:00
xyz:META,0.0000062500,0.0000120108,2026-01-18 19:00:00.018000+00:00
xyz:META,0.0000062500,0.0000234165,2026-01-18 20:00:00.055000+00:00
xyz:META,0.0000062500,-0.0000145375,2026-01-18 21:00:00.024000+00:00
xyz:META,0.0000062500,-0.0000630457,2026-01-18 22:00:00.042000+00:00
xyz:META,0.0000062500,-0.0001425496,2026-01-18 23:00:00.113000+00:00
xyz:META,0.0000062500,0.0002914188,2026-01-19 00:00:00.034000+00:00
xyz:META,-0.0000764670,-0.0015234726,2026-01-19 01:00:00.098000+00:00
xyz:META,0.0000062500,0.0000299195,2026-01-19 02:00:00.001000+00:00
xyz:META,-0.0000126988,-0.0005031810,2026-01-19 03:00:00.009000+00:00
xyz:META,-0.0000722028,-0.0014552448,2026-01-19 04:00:00.051000+00:00
xyz:META,-0.0001337159,-0.0024394551,2026-01-19 05:00:00+00:00
xyz:META,-0.0000296747,-0.0007747950,2026-01-19 06:00:00.033000+00:00
xyz:META,0.0000062500,0.0002416213,2026-01-19 07:00:00.014000+00:00
xyz:META,-0.0000308450,-0.0007935204,2026-01-19 08:00:00.026000+00:00
xyz:META,-0.0000686678,-0.0013986851,2026-01-19 09:00:00.012000+00:00
xyz:META,-0.0001835616,-0.0032369855,2026-01-19 10:00:00.012000+00:00
xyz:META,-0.0000740885,-0.0014854165,2026-01-19 11:00:00.094000+00:00
xyz:META,-0.0001278863,-0.0023461811,2026-01-19 12:00:00+00:00
xyz:META,0.0000062500,0.0002846002,2026-01-19 13:00:00.041000+00:00
xyz:META,-0.0000196858,-0.0006149735,2026-01-19 14:00:00.040000+00:00
xyz:META,-0.0000953452,-0.0018255225,2026-01-19 15:00:00.049000+00:00
xyz:META,0.0000062500,0.0003950719,2026-01-19 16:00:00.056000+00:00
xyz:META,-0.0000209791,-0.0006356654,2026-01-19 17:00:00.011000+00:00
xyz:META,0.0000228544,0.0006656700,2026-01-19 18:00:00.005000+00:00
xyz:META,0.0000062500,0.0001474802,2026-01-19 19:00:00.012000+00:00
xyz:META,0.0000978856,0.0018661701,2026-01-19 20:00:00.025000+00:00
xyz:META,0.0001356734,0.0024707752,2026-01-19 21:00:00.079000+00:00
xyz:META,0.0000062500,0.0003718779,2026-01-19 22:00:00.033000+00:00
xyz:META,0.0000980146,0.0018682337,2026-01-19 23:00:00.040000+00:00
xyz:META,0.0000136921,0.0005190742,2026-01-20 00:00:00.007000+00:00
xyz:META,-0.0000597283,-0.0012556535,2026-01-20 01:00:00.011000+00:00
xyz:META,0.0000062500,-0.0001616849,2026-01-20 02:00:00.057000+00:00
xyz:META,0.0000062500,0.0000044662,2026-01-20 03:00:00.001000+00:00
xyz:META,0.0000062500,0.0000229868,2026-01-20 04:00:00.167000+00:00
xyz:META,0.0000062500,-0.0000592458,2026-01-20 05:00:00.112000+00:00
xyz:META,0.0000062500,-0.0000675827,2026-01-20 06:00:00.064000+00:00
xyz:META,-0.0000107796,-0.0004724736,2026-01-20 07:00:00.110000+00:00
xyz:META,-0.0000094247,-0.0004507960,2026-01-20 08:00:00.010000+00:00
xyz:META,0.0000015563,-0.0002751000,2026-01-20 09:00:00.079000+00:00
xyz:META,0.0000062500,-0.0001456918,2026-01-20 10:00:00.046000+00:00
xyz:META,0.0000062500,0.0001776201,2026-01-20 11:00:00.018000+00:00
xyz:META,0.0000062500,0.0000933195,2026-01-20 12:00:00.064000+00:00
xyz:META,0.0000062500,0.0000075632,2026-01-20 13:00:00.054000+00:00
xyz:META,0.0000062500,-0.0000005848,2026-01-20 14:00:00.109000+00:00
xyz:META,0.0000062500,-0.0001791041,2026-01-20 15:00:00.061000+00:00
xyz:META,0.0000062500,-0.0000488781,2026-01-20 16:00:00.047000+00:00
xyz:META,0.0000062500,-0.0001592320,2026-01-20 17:00:00.034000+00:00
xyz:META,0.0000062500,-0.0001443813,2026-01-20 18:00:00.037000+00:00
xyz:META,0.0000062500,-0.0000728695,2026-01-20 19:00:00.028000+00:00
xyz:META,0.0000062500,-0.0000603071,2026-01-20 20:00:00.020000+00:00
xyz:META,0.0000062500,-0.0001722708,2026-01-20 21:00:00.025000+00:00
xyz:META,0.0000039659,-0.0002365459,2026-01-20 22:00:00.005000+00:00
xyz:META,-0.0000017413,-0.0003278607,2026-01-20 23:00:00.015000+00:00
xyz:META,-0.0000013700,-0.0003219200,2026-01-21 00:00:00.063000+00:00
xyz:META,-0.0000081315,-0.0004301045,2026-01-21 01:00:00.039000+00:00
xyz:META,-0.0000184973,-0.0005959568,2026-01-21 02:00:00.038000+00:00
xyz:META,-0.0000371014,-0.0008936223,2026-01-21 03:00:00.143000+00:00
xyz:META,-0.0000183451,-0.0005935218,2026-01-21 04:00:00.034000+00:00
xyz:META,0.0000062500,-0.0000891762,2026-01-21 05:00:00.057000+00:00
xyz:META,0.0000062500,-0.0001785520,2026-01-21 06:00:00.014000+00:00
xyz:META,0.0000026234,-0.0002580262,2026-01-21 07:00:00.016000+00:00
xyz:META,0.0000062500,-0.0001154072,2026-01-21 08:00:00.028000+00:00
xyz:META,0.0000009573,-0.0002846831,2026-01-21 09:00:00.046000+00:00
xyz:META,0.0000062500,-0.0001872434,2026-01-21 10:00:00.018000+00:00
xyz:META,0.0000062500,-0.0000500940,2026-01-21 11:00:00.027000+00:00
xyz:META,0.0000062500,-0.0000513402,2026-01-21 12:00:00.031000+00:00
xyz:META,0.0000062500,0.0000319777,2026-01-21 13:00:00.094000+00:00
xyz:META,0.0000062500,0.0000551720,2026-01-21 14:00:00.007000+00:00
xyz:META,0.0000062500,0.0001981847,2026-01-21 15:00:00.012000+00:00
xyz:META,0.0000062500,0.0001994968,2026-01-21 16:00:00.016000+00:00
xyz:META,0.0000062500,0.0001841748,2026-01-21 17:00:00.079000+00:00
xyz:META,0.0000062500,0.0000707176,2026-01-21 18:00:00.006000+00:00
xyz:META,0.0000062500,0.0001088746,2026-01-21 19:00:00.021000+00:00
xyz:META,0.0000062500,0.0001802518,2026-01-21 20:00:00.017000+00:00
xyz:META,0.0000062500,0.0002899671,2026-01-21 21:00:00.045000+00:00
xyz:META,0.0000062500,0.0003770910,2026-01-21 22:00:00.093000+00:00
xyz:META,0.0000141850,0.0005269602,2026-01-21 23:00:00.012000+00:00
xyz:META,0.0000068185,0.0004090963,2026-01-22 00:00:00.068000+00:00
xyz:META,0.0000068680,0.0004098874,2026-01-22 01:00:00.076000+00:00
xyz:META,0.0000111272,0.0004780358,2026-01-22 02:00:00.069000+00:00
xyz:META,0.0000159591,0.0005553450,2026-01-22 03:00:00.112000+00:00
xyz:META,0.0000117165,0.0004874634,2026-01-22 04:00:00.005000+00:00
xyz:META,0.0000067017,0.0004072275,2026-01-22 05:00:00.033000+00:00
xyz:META,0.0000062500,0.0003577419,2026-01-22 06:00:00.029000+00:00
xyz:META,0.0000062500,0.0003960206,2026-01-22 07:00:00.022000+00:00
xyz:META,0.0000062500,0.0003760391,2026-01-22 08:00:00.084000+00:00
xyz:META,0.0000062500,0.0003094294,2026-01-22 09:00:00.040000+00:00
xyz:META,0.0000162991,0.0005607856,2026-01-22 10:00:00.057000+00:00
xyz:META,0.0000102602,0.0004641624,2026-01-22 11:00:00.047000+00:00
xyz:META,0.0000146242,0.0005339879,2026-01-22 12:00:00.063000+00:00
xyz:META,0.0000075307,0.0004204907,2026-01-22 13:00:00.020000+00:00
xyz:META,0.0000062500,0.0002511039,2026-01-22 14:00:00.092000+00:00
xyz:META,0.0000062500,0.0002483769,2026-01-22 15:00:00.007000+00:00
xyz:META,0.0000062500,0.0000589362,2026-01-22 16:00:00.083000+00:00
xyz:META,0.0000062500,0.0002335407,2026-01-22 17:00:00.035000+00:00
xyz:META,0.0000062500,0.0003821979,2026-01-22 18:00:00.004000+00:00
xyz:META,0.0000062500,0.0000533979,2026-01-22 19:00:00.016000+00:00
xyz:META,0.0000062500,0.0000796687,2026-01-22 20:00:00.017000+00:00
xyz:META,0.0000062500,0.0002303453,2026-01-22 21:00:00.096000+00:00
xyz:META,0.0000069276,0.0004108415,2026-01-22 22:00:00.013000+00:00
xyz:META,0.0000062500,0.0002439873,2026-01-22 23:00:00.019000+00:00
xyz:META,0.0000062500,0.0000070946,2026-01-23 00:00:00.009000+00:00
xyz:META,0.0000062500,-0.0000116840,2026-01-23 01:00:00.034000+00:00
xyz:META,0.0000062500,0.0000845769,2026-01-23 02:00:00.028000+00:00
xyz:META,0.0000062500,0.0000470177,2026-01-23 03:00:00.122000+00:00
xyz:META,0.0000062500,0.0000348007,2026-01-23 04:00:00.017000+00:00
xyz:META,0.0000062500,0.0000210462,2026-01-23 05:00:00.154000+00:00
xyz:META,0.0000062500,-0.0000365055,2026-01-23 06:00:00.112000+00:00
xyz:META,0.0000062500,-0.0001115609,2026-01-23 07:00:00.066000+00:00
xyz:META,0.0000062500,-0.0000342570,2026-01-23 08:00:00.100000+00:00
xyz:META,0.0000062500,-0.0000089356,2026-01-23 09:00:00.005000+00:00
xyz:META,0.0000062500,-0.0000395182,2026-01-23 10:00:00.058000+00:00
xyz:META,0.0000062500,-0.0001145510,2026-01-23 11:00:00.030000+00:00
xyz:META,0.0000062500,-0.0000074347,2026-01-23 12:00:00.029000+00:00
xyz:META,0.0000062500,0.0000229388,2026-01-23 13:00:00.018000+00:00
xyz:META,0.0000062500,-0.0000760013,2026-01-23 14:00:00.013000+00:00
xyz:META,0.0000062500,0.0000510455,2026-01-23 15:00:00.048000+00:00
xyz:META,0.0000062500,0.0001178765,2026-01-23 16:00:00.010000+00:00
xyz:META,0.0000062500,0.0003375013,2026-01-23 17:00:00.061000+00:00
xyz:META,0.0000062500,0.0001797297,2026-01-23 18:00:00.037000+00:00
xyz:META,0.0000062500,0.0001642850,2026-01-23 19:00:00.047000+00:00
xyz:META,0.0000062500,0.0001610423,2026-01-23 20:00:00.055000+00:00
xyz:META,0.0000062500,0.0002030228,2026-01-23 21:00:00.085000+00:00
xyz:META,0.0000062500,0.0002716438,2026-01-23 22:00:00.039000+00:00
xyz:META,0.0000062500,0.0001453584,2026-01-23 23:00:00.085000+00:00
xyz:META,0.0000062500,0.0000250250,2026-01-24 00:00:00.017000+00:00
xyz:META,0.0000062500,0.0000930250,2026-01-24 01:00:00.061000+00:00
xyz:META,0.0000062500,0.0003759572,2026-01-24 02:00:00.093000+00:00
xyz:META,0.0000111141,0.0004778248,2026-01-24 03:00:00.032000+00:00
xyz:META,0.0000062500,0.0001043424,2026-01-24 04:00:00.067000+00:00
xyz:META,0.0000014604,-0.0002766338,2026-01-24 05:00:00.043000+00:00
xyz:META,-0.0000165063,-0.0005641010,2026-01-24 06:00:00.032000+00:00
xyz:META,-0.0000131114,-0.0005097826,2026-01-24 07:00:00.003000+00:00
xyz:META,-0.0000121301,-0.0004940821,2026-01-24 08:00:00.030000+00:00
xyz:META,0.0000013269,-0.0002787691,2026-01-24 09:00:00.058000+00:00
xyz:META,0.0000020826,-0.0002666779,2026-01-24 10:00:00.112000+00:00
xyz:META,0.0000011973,-0.0002808439,2026-01-24 11:00:00.027000+00:00
xyz:META,-0.0000061647,-0.0003986355,2026-01-24 12:00:00.100000+00:00
xyz:META,-0.0000051507,-0.0003824112,2026-01-24 13:00:00.080000+00:00
xyz:META,0.0000027008,-0.0002567880,2026-01-24 14:00:00.016000+00:00
xyz:META,-0.0000138867,-0.0005221873,2026-01-24 15:00:00.060000+00:00
xyz:META,-0.0000136799,-0.0005188792,2026-01-24 16:00:00.092000+00:00
xyz:META,-0.0000172589,-0.0005761430,2026-01-24 17:00:00.040000+00:00
xyz:META,-0.0000451343,-0.0010221480,2026-01-24 18:00:00.011000+00:00
xyz:META,-0.0000521308,-0.0011340936,2026-01-24 19:00:00.036000+00:00
xyz:META,-0.0000373602,-0.0008977636,2026-01-24 20:00:00.028000+00:00
xyz:META,-0.0000364711,-0.0008835370,2026-01-24 21:00:00.012000+00:00
xyz:META,-0.0000176897,-0.0005830347,2026-01-24 22:00:00.056000+00:00
xyz:META,0.0000062500,-0.0000359541,2026-01-24 23:00:00.017000+00:00
xyz:META,0.0000180158,0.0005882532,2026-01-25 00:00:00.006000+00:00
xyz:META,0.0000062500,0.0002576776,2026-01-25 01:00:00.021000+00:00
xyz:META,-0.0000154472,-0.0005471553,2026-01-25 02:00:00.135000+00:00
xyz:META,-0.0000249970,-0.0006999525,2026-01-25 03:00:00.054000+00:00
xyz:META,0.0000062500,0.0001049017,2026-01-25 04:00:00.109000+00:00
xyz:META,0.0000062500,0.0003284560,2026-01-25 05:00:00.110000+00:00
xyz:META,0.0000062500,0.0003460368,2026-01-25 06:00:00.117000+00:00
xyz:META,-0.0000005827,-0.0003093236,2026-01-25 07:00:00.059000+00:00
xyz:META,-0.0000157186,-0.0005514968,2026-01-25 08:00:00.042000+00:00
xyz:META,-0.0000292294,-0.0007676698,2026-01-25 09:00:00.055000+00:00
xyz:META,-0.0000292572,-0.0007681147,2026-01-25 10:00:00.045000+00:00
xyz:META,-0.0000367899,-0.0008886378,2026-01-25 11:00:00.011000+00:00
xyz:META,0.0000062500,-0.0000745494,2026-01-25 12:00:00.029000+00:00
xyz:META,0.0000062500,-0.0000389598,2026-01-25 13:00:00.065000+00:00
xyz:META,0.0000062500,-0.0001639420,2026-01-25 14:00:00.031000+00:00
xyz:META,0.0000062500,-0.0000253629,2026-01-25 15:00:00.075000+00:00
xyz:META,-0.0000198722,-0.0006179545,2026-01-25 16:00:00.012000+00:00
xyz:META,-0.0000016525,-0.0003264394,2026-01-25 17:00:00.013000+00:00
xyz:META,-0.0000316813,-0.0008069010,2026-01-25 18:00:00.020000+00:00
xyz:META,-0.0000377076,-0.0009033222,2026-01-25 19:00:00.010000+00:00
xyz:META,-0.0000940340,-0.0018045438,2026-01-25 20:00:00.016000+00:00
xyz:META,-0.0002033338,-0.0035533405,2026-01-25 21:00:00.021000+00:00
xyz:META,-0.0001163614,-0.0021617817,2026-01-25 22:00:00.063000+00:00
xyz:META,-0.0000092078,-0.0004473255,2026-01-25 23:00:00.127000+00:00
xyz:META,0.0000075232,0.0004203706,2026-01-26 00:00:00.127000+00:00
xyz:META,0.0000826079,0.0016217262,2026-01-26 01:00:00.001000+00:00
xyz:META,-0.0000153641,-0.0005458259,2026-01-26 02:00:00.026000+00:00
xyz:META,-0.0000080409,-0.0004286548,2026-01-26 03:00:00.059000+00:00
xyz:META,0.0000062500,-0.0001890541,2026-01-26 04:00:00.056000+00:00
xyz:META,0.0000062500,-0.0000847226,2026-01-26 05:00:00.020000+00:00
xyz:META,0.0000062500,-0.0001305140,2026-01-26 06:00:00.101000+00:00
xyz:META,0.0000062500,-0.0001529137,2026-01-26 07:00:00.055000+00:00
xyz:META,0.0000062500,-0.0000733208,2026-01-26 08:00:00.040000+00:00
xyz:META,0.0000062500,-0.0000363443,2026-01-26 09:00:00.056000+00:00
xyz:META,0.0000062500,-0.0000181813,2026-01-26 10:00:00.060000+00:00
xyz:META,0.0000062500,-0.0001432857,2026-01-26 11:00:00.055000+00:00
xyz:META,0.0000062500,-0.0000605283,2026-01-26 12:00:00.081000+00:00
xyz:META,0.0000062500,-0.0000807685,2026-01-26 13:00:00+00:00
xyz:META,0.0000062500,-0.0000694756,2026-01-26 14:00:00.050000+00:00
xyz:META,0.0000062500,0.0000580765,2026-01-26 15:00:00.064000+00:00
xyz:META,0.0000062500,0.0002559672,2026-01-26 16:00:00.006000+00:00
xyz:META,0.0000062500,0.0003208766,2026-01-26 17:00:00.012000+00:00
xyz:META,0.0000062500,0.0003178625,2026-01-26 18:00:00.010000+00:00
xyz:META,0.0000062500,0.0003707381,2026-01-26 19:00:00.045000+00:00
xyz:META,0.0000062500,0.0003178175,2026-01-26 20:00:00.034000+00:00
xyz:META,0.0000062500,0.0003439346,2026-01-26 21:00:00.094000+00:00
xyz:META,0.0000028646,-0.0002541658,2026-01-26 22:00:00.049000+00:00
xyz:META,0.0000062500,0.0000182984,2026-01-26 23:00:00.079000+00:00
xyz:META,0.0000062500,-0.0000915927,2026-01-27 00:00:00.085000+00:00
xyz:META,0.0000062500,-0.0001823044,2026-01-27 01:00:00.073000+00:00
xyz:META,-0.0000152716,-0.0005443450,2026-01-27 02:00:00.052000+00:00
xyz:META,0.0000062500,-0.0000018152,2026-01-27 03:00:00.012000+00:00
xyz:META,0.0000062500,0.0000060211,2026-01-27 04:00:00.017000+00:00
xyz:META,0.0000062500,0.0000454666,2026-01-27 05:00:00.023000+00:00
xyz:META,0.0000062500,0.0000332619,2026-01-27 06:00:00+00:00
xyz:META,0.0000062500,0.0000264614,2026-01-27 07:00:00.049000+00:00
xyz:META,0.0000062500,0.0000469243,2026-01-27 08:00:00.092000+00:00
xyz:META,0.0000062500,0.0000346735,2026-01-27 09:00:00.020000+00:00
xyz:META,0.0000062500,0.0000512384,2026-01-27 10:00:00.056000+00:00
xyz:META,0.0000062500,0.0000948043,2026-01-27 11:00:00.003000+00:00
xyz:META,0.0000062500,0.0000412528,2026-01-27 12:00:00.051000+00:00
xyz:META,0.0000062500,0.0001478844,2026-01-27 13:00:00.006000+00:00
xyz:META,0.0000062500,0.0002250630,2026-01-27 14:00:00.041000+00:00
xyz:META,0.0000062500,0.0002799352,2026-01-27 15:00:00.074000+00:00
xyz:META,0.0000062500,0.0001624393,2026-01-27 16:00:00.103000+00:00
xyz:META,0.0000062500,0.0002255865,2026-01-27 17:00:00.024000+00:00
xyz:META,0.0000062500,0.0003104307,2026-01-27 18:00:00.011000+00:00
xyz:META,0.0000062500,0.0003283314,2026-01-27 19:00:00.027000+00:00
xyz:META,0.0000062500,0.0001114816,2026-01-27 20:00:00.082000+00:00
xyz:META,0.0000062500,0.0002883256,2026-01-27 21:00:00.015000+00:00
xyz:META,0.0000062500,0.0002193361,2026-01-27 22:00:00.042000+00:00
xyz:META,0.0000062500,0.0000156658,2026-01-27 23:00:00.015000+00:00
xyz:META,0.0000062500,0.0000525602,2026-01-28 00:00:00.090000+00:00
xyz:META,0.0000062500,0.0000690210,2026-01-28 01:00:00.024000+00:00
xyz:META,0.0000062500,0.0001774682,2026-01-28 02:00:00.053000+00:00
xyz:META,0.0000062500,0.0002290237,2026-01-28 03:00:00.047000+00:00
xyz:META,0.0000062500,0.0001253726,2026-01-28 04:00:00.114000+00:00
xyz:META,0.0000189807,0.0006036915,2026-01-28 05:00:00.046000+00:00
xyz:META,0.0000216003,0.0006456044,2026-01-28 06:00:00.127000+00:00
xyz:META,0.0000127958,0.0005047331,2026-01-28 07:00:00.070000+00:00
xyz:META,0.0000133198,0.0005131169,2026-01-28 08:00:00.044000+00:00
xyz:META,0.0000062500,0.0002037908,2026-01-28 09:00:00.042000+00:00
xyz:META,0.0000062500,0.0001371793,2026-01-28 10:00:00.038000+00:00
xyz:META,0.0000062500,0.0002751640,2026-01-28 11:00:00.016000+00:00
xyz:META,0.0000204385,0.0006270165,2026-01-28 12:00:00.051000+00:00
xyz:META,0.0000123758,0.0004980125,2026-01-28 13:00:00.094000+00:00
xyz:META,0.0000153646,0.0005458340,2026-01-28 14:00:00.054000+00:00
xyz:META,0.0000062500,0.0003973764,2026-01-28 15:00:00.003000+00:00
xyz:META,0.0000062500,0.0003039413,2026-01-28 16:00:00.022000+00:00
xyz:META,0.0000062500,0.0003340063,2026-01-28 17:00:00.048000+00:00
xyz:META,0.0000062500,0.0003476489,2026-01-28 18:00:00.020000+00:00
xyz:META,0.0000071343,0.0004141484,2026-01-28 19:00:00.072000+00:00
xyz:META,0.0000160341,0.0005565463,2026-01-28 20:00:00.063000+00:00
xyz:META,0.0000073979,0.0004183667,2026-01-28 21:00:00.108000+00:00
xyz:META,0.0000092866,0.0004485860,2026-01-28 22:00:00.010000+00:00
xyz:META,0.0000062500,0.0001159984,2026-01-28 23:00:00.022000+00:00
xyz:META,0.0000066324,0.0004061189,2026-01-29 00:00:00.027000+00:00
xyz:META,0.0000062500,0.0003824026,2026-01-29 01:00:00.021000+00:00
xyz:META,0.0000083443,0.0004335092,2026-01-29 02:00:00.049000+00:00
xyz:META,0.0000062500,0.0003253712,2026-01-29 03:00:00.013000+00:00
xyz:META,0.0000062500,0.0001813613,2026-01-29 04:00:00.038000+00:00
xyz:META,0.0000062500,0.0000319434,2026-01-29 05:00:00.051000+00:00
xyz:META,0.0000062500,0.0001036129,2026-01-29 06:00:00.048000+00:00
xyz:META,0.0000062500,0.0001917282,2026-01-29 07:00:00.087000+00:00
xyz:META,0.0000062500,0.0001667835,2026-01-29 08:00:00.047000+00:00
xyz:META,0.0000062500,0.0002610175,2026-01-29 09:00:00.026000+00:00
xyz:META,0.0000062500,0.0001322714,2026-01-29 10:00:00.066000+00:00
xyz:META,0.0000062500,0.0003753538,2026-01-29 11:00:00.051000+00:00
xyz:META,0.0000062500,0.0003708368,2026-01-29 12:00:00+00:00
xyz:META,0.0000077344,0.0004237497,2026-01-29 13:00:00.120000+00:00
xyz:META,0.0000062500,0.0003454254,2026-01-29 14:00:00.011000+00:00
xyz:META,0.0000062500,0.0003795816,2026-01-29 15:00:00.016000+00:00
xyz:META,0.0000062500,0.0000830034,2026-01-29 16:00:00.059000+00:00
xyz:META,0.0000062500,0.0001983576,2026-01-29 17:00:00.082000+00:00
xyz:META,0.0000062500,0.0003843802,2026-01-29 18:00:00.099000+00:00
xyz:META,0.0000062500,0.0002939456,2026-01-29 19:00:00.054000+00:00
xyz:META,0.0000062500,0.0002133276,2026-01-29 20:00:00.035000+00:00
xyz:META,0.0000062500,0.0000818050,2026-01-29 21:00:00.049000+00:00
xyz:META,0.0000062500,0.0003306260,2026-01-29 22:00:00.059000+00:00
xyz:META,0.0000062500,0.0002254361,2026-01-29 23:00:00.037000+00:00
xyz:META,0.0000062500,0.0003130882,2026-01-30 00:00:00.022000+00:00
xyz:META,0.0000062500,0.0003784098,2026-01-30 01:00:00.010000+00:00
xyz:META,0.0000062500,0.0003521800,2026-01-30 02:00:00.075000+00:00
xyz:META,0.0000062500,0.0000780885,2026-01-30 03:00:00.038000+00:00
xyz:META,0.0000062500,0.0002519798,2026-01-30 04:00:00.028000+00:00
xyz:META,0.0000062500,0.0003080614,2026-01-30 05:00:00.053000+00:00
xyz:META,0.0000062500,0.0002597172,2026-01-30 06:00:00.084000+00:00
xyz:META,0.0000062500,0.0003914931,2026-01-30 07:00:00.117000+00:00
xyz:META,0.0000062500,0.0003888260,2026-01-30 08:00:00.018000+00:00
xyz:META,0.0000062500,0.0003947303,2026-01-30 09:00:00.103000+00:00
xyz:META,0.0000062500,0.0000458763,2026-01-30 10:00:00.049000+00:00
xyz:META,0.0000062500,-0.0001193244,2026-01-30 11:00:00.108000+00:00
xyz:META,0.0000062500,-0.0000771352,2026-01-30 12:00:00.036000+00:00
xyz:META,0.0000016127,-0.0002741965,2026-01-30 13:00:00.025000+00:00
xyz:META,-0.0000085708,-0.0004371321,2026-01-30 14:00:00.033000+00:00
xyz:META,0.0000034766,-0.0002443740,2026-01-30 15:00:00.008000+00:00
xyz:META,0.0000062500,-0.0000011334,2026-01-30 16:00:00.054000+00:00
xyz:META,0.0000062500,0.0000032357,2026-01-30 17:00:00.105000+00:00
xyz:META,0.0000062500,0.0000067761,2026-01-30 18:00:00.037000+00:00
xyz:META,0.0000062500,-0.0000408655,2026-01-30 19:00:00.042000+00:00
xyz:META,-0.0000019075,-0.0003305199,2026-01-30 20:00:00.041000+00:00
xyz:META,-0.0000018327,-0.0003293229,2026-01-30 21:00:00.006000+00:00
xyz:META,0.0000062500,-0.0001561002,2026-01-30 22:00:00.001000+00:00
xyz:META,0.0000056099,-0.0002102417,2026-01-30 23:00:00.031000+00:00
xyz:META,0.0000062500,-0.0000772810,2026-01-31 00:00:00.171000+00:00
xyz:META,0.0000062500,0.0002509366,2026-01-31 01:00:00.100000+00:00
xyz:META,0.0000062500,0.0000451705,2026-01-31 02:00:00.068000+00:00
xyz:META,0.0000062500,0.0000567112,2026-01-31 03:00:00.097000+00:00
xyz:META,0.0000062500,0.0002772402,2026-01-31 04:00:00.012000+00:00
xyz:META,0.0000062500,0.0001749753,2026-01-31 05:00:00.026000+00:00
xyz:META,0.0000062500,-0.0000565976,2026-01-31 06:00:00.002000+00:00
xyz:META,0.0000062500,-0.0001220917,2026-01-31 07:00:00.010000+00:00
xyz:META,0.0000062500,0.0001749574,2026-01-31 08:00:00.049000+00:00
xyz:META,-0.0000025556,-0.0003408903,2026-01-31 09:00:00.076000+00:00
xyz:META,-0.0000304412,-0.0007870589,2026-01-31 10:00:00.022000+00:00
xyz:META,-0.0000149987,-0.0005399790,2026-01-31 11:00:00.050000+00:00
xyz:META,0.0000023135,-0.0002629833,2026-01-31 12:00:00.105000+00:00
xyz:META,0.0000062500,-0.0001884496,2026-01-31 13:00:00.035000+00:00
xyz:META,0.0000028026,-0.0002551586,2026-01-31 14:00:00.027000+00:00
xyz:META,-0.0000125907,-0.0005014519,2026-01-31 15:00:00.033000+00:00
xyz:META,-0.0000297450,-0.0007759199,2026-01-31 16:00:00.091000+00:00
xyz:META,-0.0000464164,-0.0010426617,2026-01-31 17:00:00.030000+00:00
xyz:META,-0.0000466707,-0.0010467306,2026-01-31 18:00:00.057000+00:00
xyz:META,-0.0001641262,-0.0029260197,2026-01-31 19:00:00.118000+00:00
xyz:META,-0.0000110154,-0.0004762462,2026-01-31 20:00:00.081000+00:00
xyz:META,-0.0000184196,-0.0005947131,2026-01-31 21:00:00.058000+00:00
xyz:META,0.0000046918,-0.0002249309,2026-01-31 22:00:00.056000+00:00
xyz:META,-0.0000097998,-0.0004567969,2026-01-31 23:00:00.088000+00:00
xyz:META,-0.0000380824,-0.0009093179,2026-02-01 00:00:00.016000+00:00
xyz:META,-0.0000150773,-0.0005412366,2026-02-01 01:00:00.017000+00:00
xyz:META,-0.0000164524,-0.0005632390,2026-02-01 02:00:00.052000+00:00
xyz:META,-0.0000012112,-0.0003193796,2026-02-01 03:00:00.047000+00:00
xyz:META,-0.0000071147,-0.0004138355,2026-02-01 04:00:00.091000+00:00
xyz:META,-0.0000023227,-0.0003371635,2026-02-01 05:00:00.008000+00:00
xyz:META,0.0000062500,-0.0000277894,2026-02-01 06:00:00.029000+00:00
xyz:META,0.0000003643,-0.0002941716,2026-02-01 07:00:00.060000+00:00
xyz:META,-0.0000211797,-0.0006388759,2026-02-01 08:00:00.056000+00:00
xyz:META,-0.0000170581,-0.0005729298,2026-02-01 09:00:00+00:00
xyz:META,-0.0000072955,-0.0004167286,2026-02-01 10:00:00.092000+00:00
xyz:META,-0.0000042281,-0.0003676498,2026-02-01 11:00:00.017000+00:00
xyz:META,-0.0000070009,-0.0004120144,2026-02-01 12:00:00.097000+00:00
xyz:META,0.0000062500,-0.0000770139,2026-02-01 13:00:00.026000+00:00
xyz:META,-0.0000002149,-0.0003034386,2026-02-01 14:00:00.096000+00:00
xyz:META,-0.0000099089,-0.0004585431,2026-02-01 15:00:00.019000+00:00
xyz:META,-0.0000141335,-0.0005261362,2026-02-01 16:00:00.034000+00:00
xyz:META,-0.0000102419,-0.0004638697,2026-02-01 17:00:00.041000+00:00
xyz:META,0.0000062500,-0.0000603385,2026-02-01 18:00:00.062000+00:00
xyz:META,0.0000062500,-0.0000071791,2026-02-01 19:00:00.042000+00:00
xyz:META,0.0000062500,-0.0000672805,2026-02-01 20:00:00.067000+00:00
xyz:META,0.0000062500,-0.0001715348,2026-02-01 21:00:00.104000+00:00
xyz:META,0.0000062500,-0.0001307751,2026-02-01 22:00:00.015000+00:00
xyz:META,0.0000062500,0.0000414059,2026-02-01 23:00:00.006000+00:00
xyz:META,-0.0000948086,-0.0018169379,2026-02-02 00:00:00.059000+00:00
xyz:META,0.0000380166,0.0009082661,2026-02-02 01:00:00.038000+00:00
xyz:META,0.0000516046,0.0011256732,2026-02-02 02:00:00.017000+00:00
xyz:META,0.0000505396,0.0011086342,2026-02-02 03:00:00.062000+00:00
xyz:META,0.0000062500,0.0003921074,2026-02-02 04:00:00.064000+00:00
xyz:META,0.0000062500,0.0000100165,2026-02-02 05:00:00.106000+00:00
xyz:META,0.0000062500,0.0000253622,2026-02-02 06:00:00.074000+00:00
xyz:META,0.0000062500,-0.0000876179,2026-02-02 07:00:00.020000+00:00
xyz:META,0.0000062500,-0.0000059644,2026-02-02 08:00:00.007000+00:00
xyz:META,0.0000062500,0.0000167249,2026-02-02 09:00:00.043000+00:00
xyz:META,0.0000039053,-0.0002375159,2026-02-02 10:00:00.084000+00:00
xyz:META,0.0000008183,-0.0002869079,2026-02-02 11:00:00.047000+00:00
xyz:META,0.0000062500,-0.0001230788,2026-02-02 12:00:00.061000+00:00
xyz:META,0.0000062500,-0.0000460309,2026-02-02 13:00:00.088000+00:00
xyz:META,0.0000062500,-0.0000781347,2026-02-02 14:00:00.065000+00:00
xyz:META,0.0000004379,-0.0002929933,2026-02-02 15:00:00.070000+00:00
xyz:META,0.0000023064,-0.0002630970,2026-02-02 16:00:00.041000+00:00
xyz:META,0.0000062500,-0.0001836244,2026-02-02 17:00:00.065000+00:00
xyz:META,0.0000062500,0.0000744266,2026-02-02 18:00:00.066000+00:00
xyz:META,0.0000062500,0.0001868235,2026-02-02 19:00:00.004000+00:00
xyz:META,0.0000062500,0.0001310905,2026-02-02 20:00:00.023000+00:00
xyz:META,0.0000062500,0.0000682013,2026-02-02 21:00:00.014000+00:00
xyz:META,0.0000062500,-0.0000754456,2026-02-02 22:00:00.099000+00:00
xyz:META,0.0000062500,-0.0000495394,2026-02-02 23:00:00.055000+00:00
xyz:META,0.0000062500,0.0000131212,2026-02-03 00:00:00.013000+00:00
xyz:META,0.0000062500,0.0000250120,2026-02-03 01:00:00.015000+00:00
xyz:META,0.0000062500,-0.0000578346,2026-02-03 02:00:00.012000+00:00
xyz:META,0.0000062500,0.0000043739,2026-02-03 03:00:00.032000+00:00
xyz:META,0.0000062500,-0.0000555007,2026-02-03 04:00:00.038000+00:00
xyz:META,0.0000062500,0.0000361311,2026-02-03 05:00:00.029000+00:00
xyz:META,0.0000062500,-0.0000404744,2026-02-03 06:00:00+00:00
xyz:META,0.0000062500,-0.0000394239,2026-02-03 07:00:00.068000+00:00
xyz:META,0.0000062500,-0.0000386184,2026-02-03 08:00:00.057000+00:00
xyz:META,0.0000062500,-0.0000606966,2026-02-03 09:00:00.079000+00:00
xyz:META,0.0000062500,0.0001362423,2026-02-03 10:00:00.022000+00:00
xyz:META,0.0000062500,0.0000963031,2026-02-03 11:00:00.065000+00:00
xyz:META,0.0000062500,0.0000789844,2026-02-03 12:00:00.118000+00:00
xyz:META,0.0000062500,0.0001026588,2026-02-03 13:00:00.065000+00:00
xyz:META,0.0000062500,0.0001474208,2026-02-03 14:00:00.040000+00:00
xyz:META,0.0000062500,0.0000698166,2026-02-03 15:00:00.025000+00:00
xyz:META,0.0000062500,0.0003292986,2026-02-03 16:00:00.059000+00:00
xyz:META,0.0000062500,0.0001363326,2026-02-03 17:00:00.001000+00:00
xyz:META,0.0000062500,0.0000283914,2026-02-03 18:00:00.015000+00:00
xyz:META,0.0000062500,-0.0000382843,2026-02-03 19:00:00.059000+00:00
xyz:META,-0.0000251846,-0.0007029541,2026-02-03 20:00:00.049000+00:00
xyz:META,-0.0000041743,-0.0003667888,2026-02-03 21:00:00.031000+00:00
xyz:META,0.0000062500,0.0000842533,2026-02-03 22:00:00.004000+00:00
xyz:META,0.0000062500,0.0001763101,2026-02-03 23:00:00.056000+00:00
xyz:META,0.0000062500,0.0000630313,2026-02-04 00:00:00.018000+00:00
xyz:META,0.0000062500,-0.0000348410,2026-02-04 01:00:00.045000+00:00
xyz:META,0.0000358144,0.0008730308,2026-02-04 02:00:00.022000+00:00
xyz:META,0.0000196322,0.0006141147,2026-02-04 03:00:00.032000+00:00
xyz:META,0.0000062500,0.0001421985,2026-02-04 04:00:00.004000+00:00
xyz:META,0.0000062500,0.0000650379,2026-02-04 05:00:00.055000+00:00
xyz:META,-0.0000147515,-0.0005360248,2026-02-04 06:00:00.042000+00:00
xyz:META,-0.0000033073,-0.0003529167,2026-02-04 07:00:00.016000+00:00
xyz:META,-0.0000107425,-0.0004718806,2026-02-04 08:00:00.027000+00:00
xyz:META,0.0000062500,0.0001174493,2026-02-04 09:00:00.003000+00:00
xyz:META,0.0000062500,0.0003929016,2026-02-04 10:00:00.081000+00:00
xyz:META,0.0000062500,0.0002020373,2026-02-04 11:00:00.016000+00:00
xyz:META,0.0000062500,0.0002377363,2026-02-04 12:00:00.120000+00:00
xyz:META,0.0000062500,0.0001397624,2026-02-04 13:00:00.025000+00:00
xyz:META,0.0000062500,0.0000380557,2026-02-04 14:00:00.004000+00:00
xyz:META,0.0000062500,0.0002866786,2026-02-04 15:00:00.071000+00:00
xyz:META,0.0000062500,-0.0001658706,2026-02-04 16:00:00.007000+00:00
xyz:META,0.0000062500,-0.0001717520,2026-02-04 17:00:00.105000+00:00
xyz:META,0.0000062500,-0.0001128360,2026-02-04 18:00:00.058000+00:00
xyz:META,0.0000062500,0.0001772570,2026-02-04 19:00:00.028000+00:00
xyz:META,0.0000139598,0.0005233563,2026-02-04 20:00:00.001000+00:00
xyz:META,0.0000114123,0.0004825973,2026-02-04 21:00:00.072000+00:00
xyz:META,0.0000439087,0.0010025393,2026-02-04 22:00:00.051000+00:00
xyz:META,0.0000508844,0.0011141501,2026-02-04 23:00:00.022000+00:00
xyz:META,0.0000062500,0.0003177313,2026-02-05 00:00:00.003000+00:00
xyz:META,0.0000062500,0.0001656886,2026-02-05 01:00:00.010000+00:00
xyz:META,0.0000062500,0.0002819750,2026-02-05 02:00:00.097000+00:00
xyz:META,0.0000065554,0.0004048858,2026-02-05 03:00:00.011000+00:00
xyz:META,0.0000062500,0.0002112084,2026-02-05 04:00:00.032000+00:00
xyz:META,0.0000062500,0.0000576155,2026-02-05 05:00:00.057000+00:00
xyz:META,0.0000062500,-0.0000812295,2026-02-05 06:00:00.038000+00:00
xyz:META,0.0000062500,0.0002347051,2026-02-05 07:00:00.008000+00:00
xyz:META,0.0000062500,-0.0000767339,2026-02-05 08:00:00.038000+00:00
xyz:META,0.0000062500,0.0001275885,2026-02-05 09:00:00.023000+00:00
xyz:META,0.0000062500,0.0001665241,2026-02-05 10:00:00.022000+00:00
xyz:META,0.0000062500,0.0001250213,2026-02-05 11:00:00.046000+00:00
xyz:META,0.0000062500,0.0000750849,2026-02-05 12:00:00.036000+00:00
xyz:META,0.0000062500,0.0001418040,2026-02-05 13:00:00.013000+00:00
xyz:META,0.0000081725,0.0004307600,2026-02-05 14:00:00.012000+00:00
xyz:META,0.0000062500,0.0001710387,2026-02-05 15:00:00.079000+00:00
xyz:META,0.0000062500,-0.0000577637,2026-02-05 16:00:00.065000+00:00
xyz:META,0.0000062500,0.0001263195,2026-02-05 17:00:00.004000+00:00
xyz:META,0.0000062500,0.0002528289,2026-02-05 18:00:00.104000+00:00
xyz:META,0.0000062500,0.0000240750,2026-02-05 19:00:00.030000+00:00
xyz:META,0.0000062500,-0.0000320816,2026-02-05 20:00:00.057000+00:00
xyz:META,0.0000062500,-0.0000228809,2026-02-05 21:00:00.013000+00:00
xyz:META,0.0000062500,-0.0000113599,2026-02-05 22:00:00.040000+00:00
xyz:META,0.0000062500,0.0000416706,2026-02-05 23:00:00.019000+00:00
xyz:META,0.0000062500,-0.0000776682,2026-02-06 00:00:00.083000+00:00
xyz:META,0.0000062500,-0.0000835040,2026-02-06 01:00:00.049000+00:00
xyz:META,0.0000062500,0.0001467809,2026-02-06 02:00:00.026000+00:00
xyz:META,0.0000062500,0.0002582074,2026-02-06 03:00:00.050000+00:00
xyz:META,0.0000062500,0.0000045800,2026-02-06 04:00:00.075000+00:00
xyz:META,0.0000062500,-0.0000434065,2026-02-06 05:00:00.102000+00:00
xyz:META,0.0000062500,0.0000910515,2026-02-06 06:00:00.022000+00:00
xyz:META,0.0000062500,-0.0001332035,2026-02-06 07:00:00.074000+00:00
xyz:META,0.0000046580,-0.0002254714,2026-02-06 08:00:00.037000+00:00
xyz:META,0.0000062500,0.0000299814,2026-02-06 09:00:00.042000+00:00
xyz:META,0.0000062500,0.0001737487,2026-02-06 10:00:00.053000+00:00
xyz:META,0.0000062500,0.0001246520,2026-02-06 11:00:00.032000+00:00
xyz:META,0.0000062500,0.0002096394,2026-02-06 12:00:00.009000+00:00
xyz:META,0.0000062500,0.0000532916,2026-02-06 13:00:00.032000+00:00
xyz:META,0.0000062500,0.0000683773,2026-02-06 14:00:00.024000+00:00
xyz:META,0.0000062500,0.0000321038,2026-02-06 15:00:00.089000+00:00
xyz:META,0.0000062500,0.0000162535,2026-02-06 16:00:00.036000+00:00
xyz:META,0.0000062500,-0.0000074934,2026-02-06 17:00:00.030000+00:00
xyz:META,0.0000062500,-0.0000243790,2026-02-06 18:00:00.086000+00:00
xyz:META,0.0000062500,-0.0000451957,2026-02-06 19:00:00.056000+00:00
xyz:META,0.0000062500,-0.0000282883,2026-02-06 20:00:00.016000+00:00
xyz:META,0.0000062500,-0.0000028475,2026-02-06 21:00:00.031000+00:00
xyz:META,0.0000062500,0.0000251645,2026-02-06 22:00:00.032000+00:00
xyz:META,0.0000062500,0.0000276943,2026-02-06 23:00:00.049000+00:00
xyz:META,0.0000062500,0.0000962993,2026-02-07 00:00:00.064000+00:00
xyz:META,0.0000062500,0.0000029993,2026-02-07 01:00:00.036000+00:00
xyz:META,-0.0000566991,-0.0012071862,2026-02-07 02:00:00.026000+00:00
xyz:META,-0.0000078522,-0.0004256360,2026-02-07 03:00:00.021000+00:00
xyz:META,-0.0000211808,-0.0006388925,2026-02-07 04:00:00.104000+00:00
xyz:META,0.0000062500,0.0001272626,2026-02-07 05:00:00.063000+00:00
xyz:META,0.0000062500,0.0000472008,2026-02-07 06:00:00.036000+00:00
xyz:META,0.0000062500,0.0002499700,2026-02-07 07:00:00.008000+00:00
xyz:META,0.0000062500,0.0000847022,2026-02-07 08:00:00.048000+00:00
xyz:META,-0.0000035980,-0.0003575680,2026-02-07 09:00:00.081000+00:00
xyz:META,0.0000062500,-0.0000249056,2026-02-07 10:00:00.020000+00:00
xyz:META,0.0000036556,-0.0002415100,2026-02-07 11:00:00.008000+00:00
xyz:META,0.0000045308,-0.0002275070,2026-02-07 12:00:00.031000+00:00
xyz:META,0.0000005964,-0.0002904571,2026-02-07 13:00:00.040000+00:00
xyz:META,0.0000062500,-0.0001575463,2026-02-07 14:00:00.008000+00:00
xyz:META,0.0000062500,0.0003380613,2026-02-07 15:00:00.093000+00:00
xyz:META,0.0000170719,0.0005731496,2026-02-07 16:00:00.146000+00:00
xyz:META,0.0000062500,0.0003281491,2026-02-07 17:00:00.055000+00:00
xyz:META,0.0000291353,0.0007661650,2026-02-07 18:00:00.022000+00:00
xyz:META,0.0000141626,0.0005266009,2026-02-07 19:00:00.071000+00:00
xyz:META,0.0000145254,0.0005324064,2026-02-07 20:00:00.020000+00:00
xyz:META,0.0000062500,0.0003377487,2026-02-07 21:00:00.089000+00:00
xyz:META,0.0000062500,0.0002091015,2026-02-07 22:00:00.055000+00:00
xyz:META,0.0000062500,0.0000446129,2026-02-07 23:00:00.038000+00:00
xyz:META,0.0000062500,0.0000523509,2026-02-08 00:00:00.042000+00:00
xyz:META,0.0000062500,-0.0000936304,2026-02-08 01:00:00.003000+00:00
xyz:META,0.0000062500,-0.0001698979,2026-02-08 02:00:00.074000+00:00
xyz:META,0.0000062500,-0.0001872053,2026-02-08 03:00:00.113000+00:00
xyz:META,0.0000062500,-0.0001049971,2026-02-08 04:00:00.069000+00:00
xyz:META,0.0000062500,-0.0000463309,2026-02-08 05:00:00.059000+00:00
xyz:META,0.0000062500,-0.0000224036,2026-02-08 06:00:00.031000+00:00
xyz:META,0.0000062500,0.0002261412,2026-02-08 07:00:00.038000+00:00
xyz:META,0.0000062500,0.0002651249,2026-02-08 08:00:00.113000+00:00
xyz:META,0.0000131347,0.0005101549,2026-02-08 09:00:00.040000+00:00
xyz:META,0.0000139889,0.0005238227,2026-02-08 10:00:00.031000+00:00
xyz:META,0.0000062500,0.0001673408,2026-02-08 11:00:00.068000+00:00
xyz:META,0.0000062500,0.0000900392,2026-02-08 12:00:00.077000+00:00
xyz:META,0.0000062500,0.0003084127,2026-02-08 13:00:00.011000+00:00
xyz:META,0.0000069353,0.0004109650,2026-02-08 14:00:00.051000+00:00
xyz:META,0.0000062500,0.0003433217,2026-02-08 15:00:00.041000+00:00
xyz:META,0.0000062500,-0.0001420766,2026-02-08 16:00:00.023000+00:00
xyz:META,-0.0000055359,-0.0003885751,2026-02-08 17:00:00.043000+00:00
xyz:META,0.0000006645,-0.0002893675,2026-02-08 18:00:00.023000+00:00
xyz:META,-0.0000111983,-0.0004791734,2026-02-08 19:00:00.070000+00:00
xyz:META,-0.0000247521,-0.0006960329,2026-02-08 20:00:00.046000+00:00
xyz:META,-0.0000153709,-0.0005459344,2026-02-08 21:00:00.059000+00:00
xyz:META,-0.0000006322,-0.0003101159,2026-02-08 22:00:00.049000+00:00
xyz:META,0.0000062500,0.0001992696,2026-02-08 23:00:00.015000+00:00
xyz:META,0.0000275108,0.0007401728,2026-02-09 00:00:00.009000+00:00
xyz:META,0.0000062500,0.0000281362,2026-02-09 01:00:00.034000+00:00
xyz:META,0.0000062500,0.0001508964,2026-02-09 02:00:00.118000+00:00
xyz:META,0.0000062500,-0.0000533862,2026-02-09 03:00:00.004000+00:00
xyz:META,0.0000062500,0.0001643573,2026-02-09 04:00:00.091000+00:00
xyz:META,0.0000062500,0.0000965444,2026-02-09 05:00:00.037000+00:00
xyz:META,0.0000062500,0.0001925077,2026-02-09 06:00:00.020000+00:00
xyz:META,0.0000062500,0.0001079725,2026-02-09 07:00:00.026000+00:00
xyz:META,0.0000062500,0.0002774923,2026-02-09 08:00:00.013000+00:00
xyz:META,0.0000062500,0.0001955506,2026-02-09 09:00:00.040000+00:00
xyz:META,0.0000062500,-0.0000804337,2026-02-09 10:00:00.131000+00:00
xyz:META,0.0000062500,-0.0000422498,2026-02-09 11:00:00.088000+00:00
xyz:META,0.0000062500,0.0000474591,2026-02-09 12:00:00.030000+00:00
xyz:META,0.0000062500,-0.0000547101,2026-02-09 13:00:00.020000+00:00
xyz:META,0.0000062500,-0.0000127212,2026-02-09 14:00:00.015000+00:00
xyz:META,0.0000062500,0.0001522463,2026-02-09 15:00:00.011000+00:00
xyz:META,0.0000062500,0.0002629064,2026-02-09 16:00:00.001000+00:00
xyz:META,0.0000062500,0.0001680375,2026-02-09 17:00:00.038000+00:00
xyz:META,0.0000085007,0.0004360105,2026-02-09 18:00:00.060000+00:00
xyz:META,0.0000062500,0.0000237126,2026-02-09 19:00:00.023000+00:00
xyz:META,0.0000062500,-0.0000090299,2026-02-09 20:00:00.059000+00:00
xyz:META,0.0000062500,0.0000032814,2026-02-09 21:00:00.068000+00:00
xyz:META,0.0000062500,0.0002834016,2026-02-09 22:00:00.065000+00:00
xyz:META,0.0000062500,0.0001276319,2026-02-09 23:00:00.046000+00:00
xyz:META,0.0000062500,-0.0000307676,2026-02-10 00:00:00.013000+00:00
xyz:META,0.0000062500,-0.0001524031,2026-02-10 01:00:00.012000+00:00
xyz:META,0.0000062500,-0.0001638312,2026-02-10 02:00:00.055000+00:00
xyz:META,0.0000062500,0.0001641966,2026-02-10 03:00:00.057000+00:00
xyz:META,0.0000062500,-0.0000353848,2026-02-10 04:00:00.071000+00:00
xyz:META,0.0000088049,0.0004408781,2026-02-10 05:00:00.024000+00:00
xyz:META,0.0000062500,0.0000674154,2026-02-10 06:00:00.028000+00:00
xyz:META,0.0000114286,0.0004828578,2026-02-10 07:00:00.090000+00:00
xyz:META,0.0000062500,0.0003536031,2026-02-10 08:00:00.018000+00:00
xyz:META,0.0000210729,0.0006371664,2026-02-10 09:00:00.041000+00:00
xyz:META,0.0000062500,0.0000947415,2026-02-10 10:00:00.028000+00:00
xyz:META,0.0000062500,0.0000561278,2026-02-10 11:00:00.100000+00:00
xyz:META,0.0000062500,0.0000816595,2026-02-10 12:00:00.032000+00:00
xyz:META,0.0000062500,0.0001474398,2026-02-10 13:00:00.106000+00:00
xyz:META,0.0000062500,-0.0001986939,2026-02-10 14:00:00.038000+00:00
xyz:META,0.0000005433,-0.0002913079,2026-02-10 15:00:00.006000+00:00
xyz:META,0.0000062500,-0.0001754824,2026-02-10 16:00:00.009000+00:00
xyz:META,0.0000062500,-0.0000679835,2026-02-10 17:00:00.070000+00:00
xyz:META,0.0000062500,0.0000845854,2026-02-10 18:00:00.065000+00:00
xyz:META,0.0000062500,0.0000303576,2026-02-10 19:00:00.015000+00:00
xyz:META,0.0000062500,-0.0000268056,2026-02-10 20:00:00.053000+00:00
xyz:META,0.0000062500,0.0001184697,2026-02-10 21:00:00.100000+00:00
xyz:META,0.0000062500,0.0000288578,2026-02-10 22:00:00.070000+00:00
xyz:META,0.0000062500,-0.0000012470,2026-02-10 23:00:00.016000+00:00
xyz:META,0.0000062500,0.0001013512,2026-02-11 00:00:00.036000+00:00
xyz:META,0.0000062500,0.0000280445,2026-02-11 01:00:00.007000+00:00
xyz:META,0.0000391132,0.0009258117,2026-02-11 02:00:00.051000+00:00
xyz:META,0.0000062500,0.0000237838,2026-02-11 03:00:00.098000+00:00
xyz:META,0.0000062500,0.0002775638,2026-02-11 04:00:00.071000+00:00
xyz:META,0.0000062500,0.0001590929,2026-02-11 05:00:00.030000+00:00
xyz:META,0.0000062500,0.0003472568,2026-02-11 06:00:00.005000+00:00
xyz:META,0.0000168306,0.0005692899,2026-02-11 07:00:00.062000+00:00
xyz:META,0.0000073921,0.0004182731,2026-02-11 08:00:00.095000+00:00
xyz:META,0.0000074394,0.0004190302,2026-02-11 09:00:00.114000+00:00
xyz:META,0.0000062500,0.0000563819,2026-02-11 10:00:00.048000+00:00
xyz:META,-0.0000052949,-0.0003847188,2026-02-11 11:00:00.086000+00:00
xyz:META,0.0000019202,-0.0002692772,2026-02-11 12:00:00.022000+00:00
xyz:META,0.0000056064,-0.0002102981,2026-02-11 13:00:00.055000+00:00
xyz:META,0.0000062500,-0.0000537725,2026-02-11 14:00:00.087000+00:00
xyz:META,0.0000062500,0.0001485714,2026-02-11 15:00:00.012000+00:00
xyz:META,0.0000062500,0.0001440207,2026-02-11 16:00:00.074000+00:00
xyz:META,0.0000234449,0.0006751183,2026-02-11 17:00:00.077000+00:00
xyz:META,0.0000156851,0.0005509616,2026-02-11 18:00:00.062000+00:00
xyz:META,0.0000062500,0.0002556894,2026-02-11 19:00:00.045000+00:00
xyz:META,0.0000037778,-0.0002395552,2026-02-11 20:00:00.051000+00:00
xyz:META,0.0000059777,-0.0002043571,2026-02-11 21:00:00.053000+00:00
xyz:META,0.0000062500,0.0001954836,2026-02-11 22:00:00.067000+00:00
xyz:META,0.0000078347,0.0004253546,2026-02-11 23:00:00.087000+00:00
xyz:META,0.0000068074,0.0004089186,2026-02-12 00:00:00.006000+00:00
xyz:META,0.0000062500,0.0001940627,2026-02-12 01:00:00.034000+00:00
xyz:META,0.0000062500,0.0001757466,2026-02-12 02:00:00.037000+00:00
xyz:META,0.0000062500,-0.0000826451,2026-02-12 03:00:00.057000+00:00
xyz:META,0.0000062500,0.0000951759,2026-02-12 04:00:00.004000+00:00
xyz:META,0.0000062500,0.0002277769,2026-02-12 05:00:00.075000+00:00
xyz:META,0.0000062500,0.0000601386,2026-02-12 06:00:00.077000+00:00
xyz:META,0.0000062500,0.0001346061,2026-02-12 07:00:00.029000+00:00
xyz:META,0.0000062500,0.0002386623,2026-02-12 08:00:00.036000+00:00
xyz:META,0.0000062500,0.0002894564,2026-02-12 09:00:00.054000+00:00
xyz:META,0.0000062500,0.0000729174,2026-02-12 10:00:00.022000+00:00
xyz:META,0.0000062500,0.0001238485,2026-02-12 11:00:00.008000+00:00
xyz:META,0.0000062500,0.0000962227,2026-02-12 12:00:00.064000+00:00
xyz:META,0.0000062500,0.0001148964,2026-02-12 13:00:00.056000+00:00
xyz:META,0.0000062500,0.0000763153,2026-02-12 14:00:00.023000+00:00
xyz:META,0.0000062500,0.0000431520,2026-02-12 15:00:00.004000+00:00
xyz:META,0.0000182486,0.0005919776,2026-02-12 16:00:00.043000+00:00
xyz:META,0.0000156464,0.0005503424,2026-02-12 17:00:00.026000+00:00
xyz:META,0.0000062500,0.0003798804,2026-02-12 18:00:00.015000+00:00
xyz:META,0.0000062500,0.0002253211,2026-02-12 19:00:00.053000+00:00
xyz:META,0.0000062500,0.0002279331,2026-02-12 20:00:00.037000+00:00
xyz:META,0.0000062500,0.0001919881,2026-02-12 21:00:00.043000+00:00
xyz:META,0.0000062500,0.0002030924,2026-02-12 22:00:00.010000+00:00
xyz:META,0.0000162411,0.0005598577,2026-02-12 23:00:00.072000+00:00
xyz:META,0.0000062500,0.0002556851,2026-02-13 00:00:00.092000+00:00
xyz:META,0.0000062500,0.0002119072,2026-02-13 01:00:00.083000+00:00
xyz:META,0.0000062500,0.0000618919,2026-02-13 02:00:00.050000+00:00
xyz:META,0.0000062500,0.0001469329,2026-02-13 03:00:00.009000+00:00
xyz:META,0.0000062500,0.0000616960,2026-02-13 04:00:00.087000+00:00
xyz:META,0.0000062500,-0.0000244122,2026-02-13 05:00:00.083000+00:00
xyz:META,0.0000351274,0.0008620388,2026-02-13 06:00:00.070000+00:00
xyz:META,0.0000193630,0.0006098074,2026-02-13 07:00:00.056000+00:00
xyz:META,0.0000254014,0.0007064232,2026-02-13 08:00:00.018000+00:00
xyz:META,0.0000200276,0.0006204416,2026-02-13 09:00:00.087000+00:00
xyz:META,0.0000308998,0.0007943975,2026-02-13 10:00:00.004000+00:00
xyz:META,0.0000279338,0.0007469402,2026-02-13 11:00:00.117000+00:00
xyz:META,0.0000062500,0.0002296749,2026-02-13 12:00:00.059000+00:00
xyz:META,0.0000062500,0.0001823856,2026-02-13 13:00:00.040000+00:00
xyz:META,0.0000068491,0.0004095854,2026-02-13 14:00:00.092000+00:00
xyz:META,0.0000111016,0.0004776251,2026-02-13 15:00:00.081000+00:00
xyz:META,0.0000124226,0.0004987618,2026-02-13 16:00:00.038000+00:00
xyz:META,0.0000062500,0.0003365002,2026-02-13 17:00:00.023000+00:00
xyz:META,0.0000062500,0.0002048804,2026-02-13 18:00:00.120000+00:00
xyz:META,0.0000062500,0.0000830063,2026-02-13 19:00:00.063000+00:00
xyz:META,0.0000062500,0.0000806630,2026-02-13 20:00:00.048000+00:00
xyz:META,0.0000062500,0.0001571019,2026-02-13 21:00:00.056000+00:00
xyz:META,0.0000068572,0.0004097158,2026-02-13 22:00:00.018000+00:00
xyz:META,0.0000182766,0.0005924258,2026-02-13 23:00:00.072000+00:00
xyz:META,0.0000379190,0.0009067044,2026-02-14 00:00:00.041000+00:00
xyz:META,0.0000360927,0.0008774837,2026-02-14 01:00:00.085000+00:00
xyz:META,0.0000295552,0.0007728832,2026-02-14 02:00:00.103000+00:00
xyz:META,0.0000062500,0.0002536974,2026-02-14 03:00:00.007000+00:00
xyz:META,0.0000062500,0.0002250214,2026-02-14 04:00:00.098000+00:00
xyz:META,0.0000062500,0.0002139236,2026-02-14 05:00:00.016000+00:00
xyz:META,0.0000062500,0.0002455688,2026-02-14 06:00:00.103000+00:00
xyz:META,0.0000062500,0.0002272142,2026-02-14 07:00:00.037000+00:00
xyz:META,0.0000062500,0.0001992053,2026-02-14 08:00:00.001000+00:00
xyz:META,0.0000062500,0.0002254842,2026-02-14 09:00:00.050000+00:00
xyz:META,0.0000097339,0.0004557421,2026-02-14 10:00:00.086000+00:00
xyz:META,0.0000157798,0.0005524772,2026-02-14 11:00:00.026000+00:00
xyz:META,0.0000188283,0.0006012532,2026-02-14 12:00:00.125000+00:00
xyz:META,0.0000169785,0.0005716561,2026-02-14 13:00:00.083000+00:00
xyz:META,0.0000076773,0.0004228365,2026-02-14 14:00:00.055000+00:00
xyz:META,0.0000147555,0.0005360879,2026-02-14 15:00:00.081000+00:00
xyz:META,0.0000084835,0.0004357356,2026-02-14 16:00:00.035000+00:00
xyz:META,0.0000062500,0.0002332984,2026-02-14 17:00:00.075000+00:00
xyz:META,0.0000062500,0.0003266073,2026-02-14 18:00:00.102000+00:00
xyz:META,0.0000062500,0.0001505265,2026-02-14 19:00:00.005000+00:00
xyz:META,0.0000062500,-0.0000172330,2026-02-14 20:00:00.071000+00:00
xyz:META,-0.0000064883,-0.0004038123,2026-02-14 21:00:00.056000+00:00
xyz:META,0.0000062500,-0.0000822997,2026-02-14 22:00:00.045000+00:00
xyz:META,0.0000062500,-0.0000377148,2026-02-14 23:00:00.022000+00:00
xyz:META,0.0000062500,0.0001918275,2026-02-15 00:00:00.102000+00:00
xyz:META,0.0000062500,0.0003261671,2026-02-15 01:00:00.052000+00:00
xyz:META,0.0000062500,-0.0000574662,2026-02-15 02:00:00.088000+00:00
xyz:META,0.0000062500,-0.0001841364,2026-02-15 03:00:00.093000+00:00
xyz:META,0.0000059324,-0.0002050820,2026-02-15 04:00:00.058000+00:00
xyz:META,-0.0000042456,-0.0003679289,2026-02-15 05:00:00.004000+00:00
xyz:META,-0.0000046992,-0.0003751875,2026-02-15 06:00:00.027000+00:00
xyz:META,0.0000033949,-0.0002456815,2026-02-15 07:00:00.020000+00:00
xyz:META,0.0000045561,-0.0002271020,2026-02-15 08:00:00.027000+00:00
xyz:META,0.0000062500,-0.0001949804,2026-02-15 09:00:00.043000+00:00
xyz:META,0.0000062500,-0.0000619073,2026-02-15 10:00:00.001000+00:00
xyz:META,0.0000062500,-0.0000181940,2026-02-15 11:00:00.015000+00:00
xyz:META,0.0000062500,0.0000130673,2026-02-15 12:00:00.014000+00:00
xyz:META,0.0000062500,0.0001060816,2026-02-15 13:00:00.012000+00:00
xyz:META,0.0000062500,-0.0000986446,2026-02-15 14:00:00.023000+00:00
xyz:META,-0.0000235999,-0.0006775979,2026-02-15 15:00:00.014000+00:00
xyz:META,0.0000061814,-0.0002010977,2026-02-15 16:00:00.083000+00:00
xyz:META,-0.0000012881,-0.0003206096,2026-02-15 17:00:00.027000+00:00
xyz:META,0.0000028233,-0.0002548277,2026-02-15 18:00:00.006000+00:00
xyz:META,0.0000062500,-0.0000047284,2026-02-15 19:00:00.023000+00:00
xyz:META,0.0000062500,0.0001249572,2026-02-15 20:00:00.060000+00:00
xyz:META,0.0000062500,0.0001415871,2026-02-15 21:00:00.008000+00:00
xyz:META,0.0000062500,0.0001768209,2026-02-15 22:00:00.058000+00:00
xyz:META,0.0000062500,0.0001012092,2026-02-15 23:00:00.053000+00:00
xyz:META,0.0000062500,-0.0001054227,2026-02-16 00:00:00.071000+00:00
xyz:META,0.0000146880,0.0005350072,2026-02-16 01:00:00.023000+00:00
xyz:META,0.0000268086,0.0007289372,2026-02-16 02:00:00.070000+00:00
xyz:META,0.0000296008,0.0007736123,2026-02-16 03:00:00.088000+00:00
xyz:META,0.0000115378,0.0004846052,2026-02-16 04:00:00.033000+00:00
xyz:META,0.0000374450,0.0008991203,2026-02-16 05:00:00.025000+00:00
xyz:META,0.0000110817,0.0004773077,2026-02-16 06:00:00.006000+00:00
xyz:META,0.0000128065,0.0005049048,2026-02-16 07:00:00.043000+00:00
xyz:META,0.0000233696,0.0006739136,2026-02-16 08:00:00.025000+00:00
xyz:META,0.0000093868,0.0004501883,2026-02-16 09:00:00.002000+00:00
xyz:META,0.0000062500,-0.0001292169,2026-02-16 10:00:00.026000+00:00
xyz:META,-0.0000046589,-0.0003745420,2026-02-16 11:00:00+00:00
xyz:META,-0.0000344282,-0.0008508515,2026-02-16 12:00:00.075000+00:00
xyz:META,-0.0000333222,-0.0008331554,2026-02-16 13:00:00.013000+00:00
xyz:META,-0.0000174412,-0.0005790597,2026-02-16 14:00:00.083000+00:00
xyz:META,-0.0000744430,-0.0014910882,2026-02-16 15:00:00.037000+00:00
xyz:META,-0.0000930994,-0.0017895911,2026-02-16 16:00:00.099000+00:00
xyz:META,-0.0000519230,-0.0011307675,2026-02-16 17:00:00.019000+00:00
xyz:META,-0.0000102519,-0.0004640305,2026-02-16 18:00:00.138000+00:00
xyz:META,-0.0000002224,-0.0003035586,2026-02-16 19:00:00.072000+00:00
xyz:META,0.0000019384,-0.0002689856,2026-02-16 20:00:00.001000+00:00
xyz:META,-0.0000069510,-0.0004112156,2026-02-16 21:00:00.070000+00:00
xyz:META,0.0000018447,-0.0002704851,2026-02-16 22:00:00.043000+00:00
xyz:META,0.0000062500,-0.0001236548,2026-02-16 23:00:00.088000+00:00
xyz:META,0.0000340923,0.0008454763,2026-02-17 00:00:00.063000+00:00
xyz:META,0.0000509783,0.0011156525,2026-02-17 01:00:00.070000+00:00
xyz:META,0.0000488791,0.0010820663,2026-02-17 02:00:00.032000+00:00
xyz:META,0.0000465919,0.0010454710,2026-02-17 03:00:00.021000+00:00
xyz:META,0.0000062500,0.0002632092,2026-02-17 04:00:00.061000+00:00
xyz:META,0.0000329943,0.0008279085,2026-02-17 05:00:00.038000+00:00
xyz:META,0.0000062500,0.0002777413,2026-02-17 06:00:00.104000+00:00
xyz:META,0.0000062500,-0.0000165611,2026-02-17 07:00:00.044000+00:00
xyz:META,0.0000062500,0.0000637702,2026-02-17 08:00:00.015000+00:00
xyz:META,0.0000062500,-0.0001514459,2026-02-17 09:00:00.082000+00:00
xyz:META,0.0000062500,-0.0001077225,2026-02-17 10:00:00.097000+00:00
xyz:META,0.0000062500,-0.0000253886,2026-02-17 11:00:00.042000+00:00
xyz:META,0.0000062500,0.0000367898,2026-02-17 12:00:00.044000+00:00
xyz:META,0.0000062500,0.0001011300,2026-02-17 13:00:00.044000+00:00
xyz:META,0.0000062500,0.0001261005,2026-02-17 14:00:00.063000+00:00
xyz:META,0.0000062500,-0.0000526016,2026-02-17 15:00:00.062000+00:00
xyz:META,0.0000062500,0.0002121843,2026-02-17 16:00:00.071000+00:00
xyz:META,0.0000101648,0.0004626368,2026-02-17 17:00:00.038000+00:00
xyz:META,0.0000062500,0.0003863166,2026-02-17 18:00:00.030000+00:00
xyz:META,0.0000062500,0.0002486502,2026-02-17 19:00:00.003000+00:00
xyz:META,0.0000062500,0.0003118899,2026-02-17 20:00:00.062000+00:00
xyz:META,0.0000062500,0.0001123101,2026-02-17 21:00:00.058000+00:00
xyz:META,0.0000062500,-0.0001141447,2026-02-17 22:00:00.051000+00:00
xyz:META,0.0000003726,-0.0002940390,2026-02-17 23:00:00.070000+00:00
xyz:META,0.0000062500,0.0000321958,2026-02-18 00:00:00.021000+00:00
xyz:META,0.0000062500,-0.0001364642,2026-02-18 01:00:00.085000+00:00
xyz:META,0.0000012330,-0.0002802716,2026-02-18 02:00:00.067000+00:00
xyz:META,0.0000062500,-0.0001161312,2026-02-18 03:00:00.005000+00:00
xyz:META,0.0000062500,0.0001513853,2026-02-18 04:00:00.016000+00:00
xyz:META,0.0000096686,0.0004546984,2026-02-18 05:00:00.053000+00:00
xyz:META,0.0000062500,0.0000454214,2026-02-18 06:00:00.013000+00:00
xyz:META,0.0000062500,-0.0000336924,2026-02-18 07:00:00.044000+00:00
xyz:META,0.0000062500,0.0000641519,2026-02-18 08:00:00.085000+00:00
xyz:META,0.0000062500,0.0002235086,2026-02-18 09:00:00.065000+00:00
xyz:META,0.0000062500,0.0002680144,2026-02-18 10:00:00.081000+00:00
xyz:META,0.0000062500,0.0002203055,2026-02-18 11:00:00.026000+00:00
xyz:META,0.0000062500,-0.0000053047,2026-02-18 12:00:00.017000+00:00
xyz:META,0.0000062500,0.0000890230,2026-02-18 13:00:00.034000+00:00
xyz:META,0.0000062500,0.0002812091,2026-02-18 14:00:00.046000+00:00
xyz:META,0.0000062500,0.0001922626,2026-02-18 15:00:00.043000+00:00
xyz:META,0.0000107629,0.0004722059,2026-02-18 16:00:00.046000+00:00
xyz:META,0.0000155775,0.0005492399,2026-02-18 17:00:00.010000+00:00
xyz:META,0.0000062500,0.0001701665,2026-02-18 18:00:00.003000+00:00
xyz:META,0.0000062500,0.0001954360,2026-02-18 19:00:00.072000+00:00
xyz:META,0.0000062500,0.0002997468,2026-02-18 20:00:00.039000+00:00
xyz:META,0.0000062500,0.0001389666,2026-02-18 21:00:00.040000+00:00
xyz:META,0.0000062500,0.0001856131,2026-02-18 22:00:00.035000+00:00
xyz:META,0.0000062500,0.0001534356,2026-02-18 23:00:00.022000+00:00
xyz:META,0.0000062500,0.0003247837,2026-02-19 00:00:00.054000+00:00
xyz:META,0.0000062500,0.0002366514,2026-02-19 01:00:00.073000+00:00
xyz:META,0.0000273041,0.0007368653,2026-02-19 02:00:00.079000+00:00
xyz:META,0.0000062500,0.0001364127,2026-02-19 03:00:00.021000+00:00
xyz:META,0.0000062500,-0.0001526228,2026-02-19 04:00:00.122000+00:00
xyz:META,0.0000010207,-0.0002836683,2026-02-19 05:00:00.058000+00:00
xyz:META,0.0000062500,-0.0001808928,2026-02-19 06:00:00.072000+00:00
xyz:META,0.0000044035,-0.0002295447,2026-02-19 07:00:00.126000+00:00
xyz:META,0.0000042676,-0.0002317186,2026-02-19 08:00:00.040000+00:00
xyz:META,0.0000062500,0.0001631696,2026-02-19 09:00:00.019000+00:00
xyz:META,0.0000062500,0.0001422445,2026-02-19 10:00:00.033000+00:00
xyz:META,0.0000062500,0.0001804878,2026-02-19 11:00:00.010000+00:00
xyz:META,0.0000062500,-0.0000407002,2026-02-19 12:00:00.062000+00:00
xyz:META,0.0000062500,-0.0001149091,2026-02-19 13:00:00.017000+00:00
xyz:META,0.0000062500,-0.0000335280,2026-02-19 14:00:00.019000+00:00
xyz:META,0.0000062500,0.0000773823,2026-02-19 15:00:00.067000+00:00
xyz:META,0.0000062500,0.0002835280,2026-02-19 16:00:00.026000+00:00
xyz:META,0.0000062500,0.0002069486,2026-02-19 17:00:00.013000+00:00
xyz:META,0.0000062500,0.0001980589,2026-02-19 18:00:00+00:00
xyz:META,0.0000062500,0.0002066714,2026-02-19 19:00:00.043000+00:00
xyz:META,0.0000062500,0.0003198430,2026-02-19 20:00:00.009000+00:00
xyz:META,0.0000064309,0.0004028941,2026-02-19 21:00:00.023000+00:00
xyz:META,0.0000062500,0.0003693172,2026-02-19 22:00:00.022000+00:00
xyz:META,0.0000084672,0.0004354746,2026-02-19 23:00:00.042000+00:00
xyz:META,0.0000062500,-0.0000124084,2026-02-20 00:00:00.035000+00:00
xyz:META,0.0000062500,0.0002949965,2026-02-20 01:00:00.190000+00:00
xyz:META,0.0000108394,0.0004734299,2026-02-20 02:00:00.054000+00:00
xyz:META,0.0000062500,0.0000190343,2026-02-20 03:00:00.118000+00:00
xyz:META,0.0000084108,0.0004345724,2026-02-20 04:00:00.085000+00:00
xyz:META,0.0000062500,0.0003726100,2026-02-20 05:00:00.048000+00:00
xyz:META,0.0000072196,0.0004155143,2026-02-20 06:00:00.033000+00:00
xyz:META,0.0000092013,0.0004472205,2026-02-20 07:00:00.077000+00:00
xyz:META,0.0000062500,-0.0000814816,2026-02-20 08:00:00.069000+00:00
xyz:META,0.0000062500,0.0001675989,2026-02-20 09:00:00.018000+00:00
xyz:META,0.0000062500,0.0003493711,2026-02-20 10:00:00.018000+00:00
xyz:META,0.0000127261,0.0005036171,2026-02-20 11:00:00.029000+00:00
xyz:META,0.0000141874,0.0005269977,2026-02-20 12:00:00.020000+00:00
xyz:META,0.0000062500,0.0003598474,2026-02-20 13:00:00.001000+00:00
xyz:META,0.0000062500,0.0002168462,2026-02-20 14:00:00.062000+00:00
xyz:META,0.0000062500,0.0003431963,2026-02-20 15:00:00.013000+00:00
xyz:META,0.0000062500,0.0002815777,2026-02-20 16:00:00.044000+00:00
xyz:META,0.0000062500,0.0002225175,2026-02-20 17:00:00.002000+00:00
xyz:META,0.0000062500,0.0002934023,2026-02-20 18:00:00.056000+00:00
xyz:META,0.0000062500,0.0002290301,2026-02-20 19:00:00.125000+00:00
xyz:META,0.0000062500,0.0003455797,2026-02-20 20:00:00.028000+00:00
xyz:META,0.0000062500,0.0002889512,2026-02-20 21:00:00.083000+00:00
xyz:META,0.0000062500,0.0002892591,2026-02-20 22:00:00.095000+00:00
xyz:META,0.0000062500,0.0002552027,2026-02-20 23:00:00.033000+00:00
xyz:META,0.0000062500,0.0000715613,2026-02-21 00:00:00.011000+00:00
xyz:META,0.0000132990,0.0005127843,2026-02-21 01:00:00.131000+00:00
xyz:META,0.0000194855,0.0006117675,2026-02-21 02:00:00.011000+00:00
xyz:META,0.0000111853,0.0004789646,2026-02-21 03:00:00.063000+00:00
xyz:META,0.0000062500,0.0003805578,2026-02-21 04:00:00.080000+00:00
xyz:META,0.0000062500,-0.0000050907,2026-02-21 05:00:00.080000+00:00
xyz:META,0.0000041986,-0.0002328216,2026-02-21 06:00:00.034000+00:00
xyz:META,-0.0000053696,-0.0003859135,2026-02-21 07:00:00.068000+00:00
xyz:META,-0.0000024434,-0.0003390946,2026-02-21 08:00:00.035000+00:00
xyz:META,-0.0000034910,-0.0003558555,2026-02-21 09:00:00.020000+00:00
xyz:META,-0.0000043833,-0.0003701326,2026-02-21 10:00:00.068000+00:00
xyz:META,0.0000000639,-0.0002989779,2026-02-21 11:00:00.028000+00:00
xyz:META,-0.0000218010,-0.0006488154,2026-02-21 12:00:00.071000+00:00
xyz:META,0.0000015390,-0.0002753765,2026-02-21 13:00:00.019000+00:00
xyz:META,0.0000046853,-0.0002250351,2026-02-21 14:00:00+00:00
xyz:META,0.0000030133,-0.0002517868,2026-02-21 15:00:00.011000+00:00
xyz:META,0.0000062500,0.0001138252,2026-02-21 16:00:00.010000+00:00
xyz:META,0.0000062500,0.0001346289,2026-02-21 17:00:00.060000+00:00
xyz:META,0.0000062500,0.0002399300,2026-02-21 18:00:00.086000+00:00
xyz:META,0.0000062500,0.0001547386,2026-02-21 19:00:00.111000+00:00
xyz:META,-0.0000203338,-0.0006253400,2026-02-21 20:00:00.048000+00:00
xyz:META,0.0000062500,-0.0000618003,2026-02-21 21:00:00.024000+00:00
xyz:META,-0.0000000824,-0.0003013191,2026-02-21 22:00:00.037000+00:00
xyz:META,0.0000062500,-0.0001494916,2026-02-21 23:00:00.054000+00:00
xyz:META,0.0000062500,0.0003177712,2026-02-22 00:00:00.015000+00:00
xyz:META,0.0000023142,-0.0002629728,2026-02-22 01:00:00.084000+00:00
xyz:META,-0.0000161582,-0.0005585316,2026-02-22 02:00:00.046000+00:00
xyz:META,-0.0000104434,-0.0004670943,2026-02-22 03:00:00.056000+00:00
xyz:META,-0.0000126972,-0.0005031556,2026-02-22 04:00:00.066000+00:00
xyz:META,-0.0000215437,-0.0006446994,2026-02-22 05:00:00.123000+00:00
xyz:META,-0.0000278165,-0.0007450639,2026-02-22 06:00:00.012000+00:00
xyz:META,-0.0000276701,-0.0007427215,2026-02-22 07:00:00.039000+00:00
xyz:META,-0.0000322519,-0.0008160301,2026-02-22 08:00:00.009000+00:00
xyz:META,-0.0000218892,-0.0006502266,2026-02-22 09:00:00.017000+00:00
xyz:META,-0.0000158916,-0.0005542655,2026-02-22 10:00:00.091000+00:00
xyz:META,-0.0000259798,-0.0007156760,2026-02-22 11:00:00.056000+00:00
xyz:META,-0.0000209255,-0.0006348075,2026-02-22 12:00:00.075000+00:00
xyz:META,-0.0000085819,-0.0004373110,2026-02-22 13:00:00.038000+00:00
xyz:META,0.0000018934,-0.0002697056,2026-02-22 14:00:00.048000+00:00
xyz:META,-0.0000094761,-0.0004516184,2026-02-22 15:00:00.114000+00:00
xyz:META,-0.0000160735,-0.0005571764,2026-02-22 16:00:00.015000+00:00
xyz:META,-0.0000155628,-0.0005490045,2026-02-22 17:00:00.036000+00:00
xyz:META,-0.0000228487,-0.0006655784,2026-02-22 18:00:00.075000+00:00
xyz:META,-0.0000166695,-0.0005667125,2026-02-22 19:00:00.006000+00:00
xyz:META,-0.0000047091,-0.0003753462,2026-02-22 20:00:00.029000+00:00
xyz:META,0.0000011420,-0.0002817286,2026-02-22 21:00:00+00:00
xyz:META,-0.0000026106,-0.0003417694,2026-02-22 22:00:00.023000+00:00
xyz:META,0.0000062500,0.0000548337,2026-02-22 23:00:00.093000+00:00
xyz:META,-0.0000190616,-0.0006049860,2026-02-23 00:00:00.016000+00:00
xyz:META,-0.0001485771,-0.0026772344,2026-02-23 01:00:00.004000+00:00
xyz:META,0.0000062500,0.0002171295,2026-02-23 02:00:00.025000+00:00
xyz:META,0.0000062500,0.0002413001,2026-02-23 03:00:00.025000+00:00
xyz:META,0.0000062500,0.0001892093,2026-02-23 04:00:00.028000+00:00
xyz:META,-0.0000010215,-0.0003163436,2026-02-23 05:00:00.010000+00:00
xyz:META,0.0000053304,-0.0002147139,2026-02-23 06:00:00.078000+00:00
xyz:META,0.0000062500,0.0001839034,2026-02-23 07:00:00.058000+00:00
xyz:META,0.0000062500,-0.0000603831,2026-02-23 08:00:00.004000+00:00
xyz:META,0.0000062500,-0.0000476377,2026-02-23 09:00:00.103000+00:00
xyz:META,-0.0000168686,-0.0005698973,2026-02-23 10:00:00.012000+00:00
xyz:META,-0.0000155748,-0.0005491967,2026-02-23 11:00:00.010000+00:00
xyz:META,0.0000041409,-0.0002337460,2026-02-23 12:00:00.004000+00:00
xyz:META,0.0000062500,0.0000478503,2026-02-23 13:00:00.080000+00:00
xyz:META,0.0000062500,0.0000547120,2026-02-23 14:00:00.028000+00:00
xyz:META,0.0000062500,0.0000773821,2026-02-23 15:00:00.059000+00:00
xyz:META,0.0000062500,0.0000471327,2026-02-23 16:00:00.045000+00:00
xyz:META,0.0000062500,0.0002917919,2026-02-23 17:00:00.042000+00:00
xyz:META,0.0000074060,0.0004184962,2026-02-23 18:00:00.076000+00:00
xyz:META,0.0000062500,0.0002616154,2026-02-23 19:00:00.053000+00:00
xyz:META,0.0000062500,-0.0000590739,2026-02-23 20:00:00.017000+00:00
xyz:META,0.0000062500,-0.0000257331,2026-02-23 21:00:00.054000+00:00
xyz:META,0.0000062500,0.0000809081,2026-02-23 22:00:00.029000+00:00
xyz:META,0.0000062500,0.0001006635,2026-02-23 23:00:00.037000+00:00
xyz:META,0.0000062500,0.0001784451,2026-02-24 00:00:00.048000+00:00
xyz:META,0.0000062500,0.0002608082,2026-02-24 01:00:00.134000+00:00
xyz:META,0.0000062500,-0.0000316191,2026-02-24 02:00:00.050000+00:00
xyz:META,0.0000062500,0.0002076444,2026-02-24 03:00:00.046000+00:00
xyz:META,0.0000062500,0.0002442910,2026-02-24 04:00:00.015000+00:00
xyz:META,0.0000062500,0.0003786579,2026-02-24 05:00:00.026000+00:00
xyz:META,0.0000073460,0.0004175367,2026-02-24 06:00:00.085000+00:00
xyz:META,0.0000062500,0.0002468805,2026-02-24 07:00:00.076000+00:00
xyz:META,0.0000120294,0.0004924708,2026-02-24 08:00:00.022000+00:00
xyz:META,0.0000062500,0.0002250148,2026-02-24 09:00:00.048000+00:00
xyz:META,0.0000062500,-0.0000350743,2026-02-24 10:00:00.044000+00:00
xyz:META,0.0000062500,-0.0000306450,2026-02-24 11:00:00.020000+00:00
xyz:META,0.0000062500,0.0001403958,2026-02-24 12:00:00.025000+00:00
xyz:META,0.0000062500,0.0001400717,2026-02-24 13:00:00.047000+00:00
xyz:META,0.0000062500,0.0001949348,2026-02-24 14:00:00.060000+00:00
xyz:META,0.0000062500,0.0000732701,2026-02-24 15:00:00.057000+00:00
xyz:META,0.0000062500,0.0000839793,2026-02-24 16:00:00.005000+00:00
xyz:META,0.0000062500,0.0001171421,2026-02-24 17:00:00.049000+00:00
xyz:META,0.0000062500,0.0002135932,2026-02-24 18:00:00.022000+00:00
xyz:META,0.0000062500,0.0002707000,2026-02-24 19:00:00.066000+00:00
xyz:META,0.0000062500,0.0001951389,2026-02-24 20:00:00.026000+00:00
xyz:META,0.0000062500,0.0001624173,2026-02-24 21:00:00.002000+00:00
xyz:META,0.0000062500,0.0002207536,2026-02-24 22:00:00.030000+00:00
xyz:META,0.0000062500,0.0003549728,2026-02-24 23:00:00.078000+00:00
xyz:META,0.0000062500,0.0002072860,2026-02-25 00:00:00.014000+00:00
xyz:META,0.0000062500,0.0001298983,2026-02-25 01:00:00.032000+00:00
xyz:META,0.0000062500,0.0001011228,2026-02-25 02:00:00.039000+00:00
xyz:META,0.0000062500,-0.0000775209,2026-02-25 03:00:00.030000+00:00
xyz:META,0.0000062500,0.0000952516,2026-02-25 04:00:00.056000+00:00
xyz:META,0.0000062500,0.0001148155,2026-02-25 05:00:00.028000+00:00
xyz:META,0.0000062500,-0.0000101179,2026-02-25 06:00:00.061000+00:00
xyz:META,0.0000062500,0.0001382491,2026-02-25 07:00:00+00:00
xyz:META,0.0000062500,0.0001405843,2026-02-25 08:00:00.037000+00:00
xyz:META,0.0000062500,0.0002605207,2026-02-25 09:00:00.060000+00:00
xyz:META,0.0000104017,0.0004664268,2026-02-25 10:00:00.029000+00:00
xyz:META,0.0000062500,0.0002596096,2026-02-25 11:00:00.055000+00:00
xyz:META,0.0000062500,0.0002160457,2026-02-25 12:00:00.008000+00:00
xyz:META,0.0000062500,0.0001471576,2026-02-25 13:00:00.008000+00:00
xyz:META,0.0000062500,0.0001226142,2026-02-25 14:00:00.023000+00:00
xyz:META,0.0000062500,0.0001845389,2026-02-25 15:00:00.051000+00:00
xyz:META,0.0000062500,-0.0001883136,2026-02-25 16:00:00.012000+00:00
xyz:META,0.0000062500,-0.0001450177,2026-02-25 17:00:00.075000+00:00
xyz:META,0.0000062500,-0.0000476521,2026-02-25 18:00:00.088000+00:00
xyz:META,0.0000062500,-0.0000141131,2026-02-25 19:00:00.128000+00:00
xyz:META,0.0000062500,-0.0000109171,2026-02-25 20:00:00.055000+00:00
xyz:META,0.0000062500,-0.0000006901,2026-02-25 21:00:00.015000+00:00
xyz:META,0.0000062500,-0.0000120384,2026-02-25 22:00:00+00:00
xyz:META,0.0000062500,0.0000268629,2026-02-25 23:00:00.045000+00:00
xyz:META,0.0000062500,0.0002548078,2026-02-26 00:00:00.036000+00:00
xyz:META,0.0000062500,0.0001346401,2026-02-26 01:00:00.091000+00:00
xyz:META,0.0000062500,0.0003037146,2026-02-26 02:00:00.018000+00:00
xyz:META,0.0000062500,0.0003048180,2026-02-26 03:00:00.060000+00:00
xyz:META,0.0000062500,0.0003883831,2026-02-26 04:00:00.013000+00:00
xyz:META,0.0000062500,0.0003563356,2026-02-26 05:00:00.058000+00:00
xyz:META,0.0000062500,0.0003759242,2026-02-26 06:00:00.099000+00:00
xyz:META,0.0000062500,0.0000852034,2026-02-26 07:00:00.021000+00:00
xyz:META,0.0000062500,0.0003162681,2026-02-26 08:00:00.072000+00:00
xyz:META,0.0000062500,0.0002203718,2026-02-26 09:00:00.076000+00:00
xyz:META,0.0000062500,0.0001962142,2026-02-26 10:00:00.108000+00:00
xyz:META,0.0000073642,0.0004178277,2026-02-26 11:00:00.073000+00:00
xyz:META,0.0000129001,0.0005064019,2026-02-26 12:00:00.041000+00:00
xyz:META,0.0000062500,0.0003609859,2026-02-26 13:00:00.051000+00:00
xyz:META,0.0000062500,0.0001555802,2026-02-26 14:00:00.019000+00:00
xyz:META,0.0000062500,0.0001349416,2026-02-26 15:00:00.033000+00:00
xyz:META,0.0000062500,-0.0000074310,2026-02-26 16:00:00.028000+00:00
xyz:META,0.0000062500,0.0000461001,2026-02-26 17:00:00.027000+00:00
xyz:META,0.0000062500,-0.0000446758,2026-02-26 18:00:00.023000+00:00
xyz:META,0.0000062500,-0.0000344122,2026-02-26 19:00:00.009000+00:00
xyz:META,0.0000062500,0.0000022077,2026-02-26 20:00:00.035000+00:00
xyz:META,0.0000062500,0.0002267295,2026-02-26 21:00:00.019000+00:00
xyz:META,0.0000062500,0.0001196693,2026-02-26 22:00:00.019000+00:00
xyz:META,0.0000062500,0.0003536789,2026-02-26 23:00:00.054000+00:00
xyz:META,0.0000062500,0.0001891161,2026-02-27 00:00:00.001000+00:00
xyz:META,0.0000062500,0.0002524932,2026-02-27 01:00:00.078000+00:00
xyz:META,0.0000178817,0.0005861071,2026-02-27 02:00:00.016000+00:00
xyz:META,0.0000284351,0.0007549620,2026-02-27 03:00:00.116000+00:00
xyz:META,0.0000410392,0.0009566276,2026-02-27 04:00:00.057000+00:00
xyz:META,0.0000223138,0.0006570202,2026-02-27 05:00:00.058000+00:00
xyz:META,0.0000133492,0.0005135873,2026-02-27 06:00:00.053000+00:00
xyz:META,0.0000231204,0.0006699257,2026-02-27 07:00:00.067000+00:00
xyz:META,0.0000062500,0.0001221235,2026-02-27 08:00:00.017000+00:00
xyz:META,0.0000062500,0.0000800004,2026-02-27 09:00:00.026000+00:00
xyz:META,0.0000062500,0.0000090342,2026-02-27 10:00:00.074000+00:00
xyz:META,0.0000062500,0.0001247684,2026-02-27 11:00:00.078000+00:00
xyz:META,0.0000062500,0.0002183802,2026-02-27 12:00:00.028000+00:00
xyz:META,0.0000062500,0.0000801071,2026-02-27 13:00:00.020000+00:00
xyz:META,0.0000062500,-0.0000341559,2026-02-27 14:00:00.036000+00:00
xyz:META,0.0000062500,0.0000237398,2026-02-27 15:00:00.054000+00:00
xyz:META,0.0000062500,-0.0000161370,2026-02-27 16:00:00.132000+00:00
xyz:META,0.0000062500,-0.0000237939,2026-02-27 17:00:00.041000+00:00
xyz:META,0.0000062500,-0.0000247088,2026-02-27 18:00:00.037000+00:00
xyz:META,0.0000062500,0.0000102032,2026-02-27 19:00:00.012000+00:00
xyz:META,0.0000062500,0.0000012486,2026-02-27 20:00:00.028000+00:00
xyz:META,0.0000062500,0.0001478163,2026-02-27 21:00:00.037000+00:00
xyz:META,0.0000149363,0.0005389802,2026-02-27 22:00:00.023000+00:00
xyz:META,0.0000424646,0.0009794343,2026-02-27 23:00:00.014000+00:00
xyz:META,0.0000062500,0.0001588609,2026-02-28 00:00:00.086000+00:00
xyz:META,0.0000062500,0.0001797019,2026-02-28 01:00:00.090000+00:00
xyz:META,-0.0000112243,-0.0004795891,2026-02-28 02:00:00.058000+00:00
xyz:META,-0.0000173679,-0.0005778867,2026-02-28 03:00:00.012000+00:00
xyz:META,0.0000062500,0.0001067706,2026-02-28 04:00:00.088000+00:00
xyz:META,-0.0000060771,-0.0003972334,2026-02-28 05:00:00.063000+00:00
xyz:META,-0.0000149430,-0.0005390879,2026-02-28 06:00:00.065000+00:00
xyz:META,-0.0000335749,-0.0008371988,2026-02-28 07:00:00.026000+00:00
xyz:META,-0.0000890520,-0.0017248314,2026-02-28 08:00:00.028000+00:00
xyz:META,-0.0001625074,-0.0029001191,2026-02-28 09:00:00.012000+00:00
xyz:META,-0.0001458813,-0.0026341005,2026-02-28 10:00:00.008000+00:00
xyz:META,-0.0001083022,-0.0020328355,2026-02-28 11:00:00.008000+00:00
xyz:META,-0.0000452798,-0.0010244763,2026-02-28 12:00:00.032000+00:00
xyz:META,-0.0000044223,-0.0003707574,2026-02-28 13:00:00.035000+00:00
xyz:META,0.0000300773,0.0007812363,2026-02-28 14:00:00.033000+00:00
xyz:META,-0.0000030398,-0.0003486367,2026-02-28 15:00:00.021000+00:00
xyz:META,-0.0000417296,-0.0009676736,2026-02-28 16:00:00.041000+00:00
xyz:META,-0.0000260926,-0.0007174820,2026-02-28 17:00:00.025000+00:00
xyz:META,-0.0000149371,-0.0005389940,2026-02-28 18:00:00.015000+00:00
xyz:META,0.0000050687,-0.0002189009,2026-02-28 19:00:00.074000+00:00
xyz:META,0.0000030547,-0.0002511245,2026-02-28 20:00:00.039000+00:00
xyz:META,0.0001102877,0.0020646025,2026-02-28 21:00:00.041000+00:00
xyz:META,0.0000468341,0.0010493454,2026-02-28 22:00:00.035000+00:00
xyz:META,0.0000151105,0.0005417681,2026-02-28 23:00:00.066000+00:00
xyz:META,0.0000839170,0.0016426718,2026-03-01 00:00:00.168000+00:00
xyz:META,0.0000435631,0.0009970096,2026-03-01 01:00:00.024000+00:00
xyz:META,0.0000093758,0.0004500123,2026-03-01 02:00:00.052000+00:00
xyz:META,0.0000609059,0.0012744937,2026-03-01 03:00:00.074000+00:00
xyz:META,0.0000480867,0.0010693864,2026-03-01 04:00:00.034000+00:00
xyz:META,0.0000207500,0.0006319999,2026-03-01 05:00:00.052000+00:00
xyz:META,0.0000323761,0.0008180169,2026-03-01 06:00:00.071000+00:00
xyz:META,0.0000609022,0.0012744347,2026-03-01 07:00:00.018000+00:00
xyz:META,0.0000580099,0.0012281590,2026-03-01 08:00:00.093000+00:00
xyz:META,0.0000446513,0.0010144211,2026-03-01 09:00:00.017000+00:00
xyz:META,0.0000062500,0.0000349423,2026-03-01 10:00:00.018000+00:00
xyz:META,-0.0000338956,-0.0008423300,2026-03-01 11:00:00.017000+00:00
xyz:META,-0.0000290325,-0.0007645206,2026-03-01 12:00:00.039000+00:00
xyz:META,-0.0000330793,-0.0008292681,2026-03-01 13:00:00.054000+00:00
xyz:META,-0.0000392285,-0.0009276562,2026-03-01 14:00:00.029000+00:00
xyz:META,0.0000062500,0.0000324257,2026-03-01 15:00:00.027000+00:00
xyz:META,0.0000166794,0.0005668698,2026-03-01 16:00:00.018000+00:00
xyz:META,0.0000373358,0.0008973729,2026-03-01 17:00:00.120000+00:00
xyz:META,0.0000062500,-0.0001316317,2026-03-01 18:00:00.070000+00:00
xyz:META,-0.0000475463,-0.0010607411,2026-03-01 19:00:00.062000+00:00
xyz:META,-0.0000532404,-0.0011518469,2026-03-01 20:00:00.026000+00:00
xyz:META,-0.0000939528,-0.0018032451,2026-03-01 21:00:00.065000+00:00
xyz:META,-0.0001082168,-0.0020314685,2026-03-01 22:00:00.085000+00:00
xyz:META,-0.0001057291,-0.0019916652,2026-03-01 23:00:00.005000+00:00
xyz:META,-0.0000682037,-0.0013912592,2026-03-02 00:00:00.044000+00:00
xyz:META,-0.0000120980,-0.0004935684,2026-03-02 01:00:00.048000+00:00
xyz:META,0.0000062500,0.0001315617,2026-03-02 02:00:00.044000+00:00
xyz:META,0.0000062500,0.0002285305,2026-03-02 03:00:00.063000+00:00
xyz:META,0.0000086214,0.0004379418,2026-03-02 04:00:00.048000+00:00
xyz:META,0.0000062500,0.0003533765,2026-03-02 05:00:00.071000+00:00
xyz:META,0.0000062500,0.0003816644,2026-03-02 06:00:00.062000+00:00
xyz:META,0.0000062500,0.0002668860,2026-03-02 07:00:00.054000+00:00
xyz:META,0.0000062500,0.0000870298,2026-03-02 08:00:00.003000+00:00
xyz:META,0.0000149719,0.0005395503,2026-03-02 09:00:00.091000+00:00
xyz:META,0.0000084530,0.0004352483,2026-03-02 10:00:00.007000+00:00
xyz:META,0.0000178240,0.0005851833,2026-03-02 11:00:00.019000+00:00
xyz:META,0.0000130856,0.0005093699,2026-03-02 12:00:00.016000+00:00
xyz:META,0.0000124822,0.0004997148,2026-03-02 13:00:00.034000+00:00
xyz:META,0.0000158195,0.0005531126,2026-03-02 14:00:00.035000+00:00
xyz:META,0.0000069665,0.0004114634,2026-03-02 15:00:00.070000+00:00
xyz:META,0.0000062500,0.0000523836,2026-03-02 16:00:00.053000+00:00
xyz:META,0.0000062500,-0.0000446848,2026-03-02 17:00:00.086000+00:00
xyz:META,0.0000062500,-0.0001301623,2026-03-02 18:00:00.025000+00:00
xyz:META,0.0000062500,-0.0000440450,2026-03-02 19:00:00.044000+00:00
xyz:META,0.0000062500,0.0000013607,2026-03-02 20:00:00.120000+00:00
xyz:META,0.0000062500,0.0000988149,2026-03-02 21:00:00.038000+00:00
xyz:META,0.0000062500,0.0000153852,2026-03-02 22:00:00.033000+00:00
xyz:META,0.0000062500,0.0001290106,2026-03-02 23:00:00.068000+00:00
xyz:META,0.0000062500,0.0003623234,2026-03-03 00:00:00.062000+00:00
xyz:META,0.0000162862,0.0005605796,2026-03-03 01:00:00.052000+00:00
xyz:META,0.0000163049,0.0005608791,2026-03-03 02:00:00.011000+00:00
xyz:META,0.0000314220,0.0008027517,2026-03-03 03:00:00.058000+00:00
xyz:META,0.0000225790,0.0006612643,2026-03-03 04:00:00.010000+00:00
xyz:META,0.0000346048,0.0008536774,2026-03-03 05:00:00.074000+00:00
xyz:META,0.0000192181,0.0006074888,2026-03-03 06:00:00.050000+00:00
xyz:META,0.0000072298,0.0004156761,2026-03-03 07:00:00.069000+00:00
xyz:META,0.0000062500,-0.0000677785,2026-03-03 08:00:00.009000+00:00
xyz:META,0.0000062500,0.0003088612,2026-03-03 09:00:00.114000+00:00
xyz:META,0.0000062500,-0.0001647529,2026-03-03 10:00:00.046000+00:00
xyz:META,0.0000062500,0.0001159783,2026-03-03 11:00:00.006000+00:00
xyz:META,0.0000132790,0.0005124647,2026-03-03 12:00:00.013000+00:00
xyz:META,0.0000062500,0.0002487133,2026-03-03 13:00:00.012000+00:00
xyz:META,0.0000062500,0.0001743447,2026-03-03 14:00:00.039000+00:00
xyz:META,0.0000062500,0.0001686718,2026-03-03 15:00:00.007000+00:00
xyz:META,0.0000062500,0.0000966693,2026-03-03 16:00:00.004000+00:00
xyz:META,0.0000062500,0.0001992345,2026-03-03 17:00:00.041000+00:00
xyz:META,0.0000062500,0.0000545323,2026-03-03 18:00:00.015000+00:00
xyz:META,0.0000062500,0.0000755348,2026-03-03 19:00:00.049000+00:00
xyz:META,0.0000062500,-0.0000797742,2026-03-03 20:00:00.007000+00:00
xyz:META,0.0000062500,-0.0000979486,2026-03-03 21:00:00.014000+00:00
xyz:META,0.0000062500,0.0001706676,2026-03-03 22:00:00.070000+00:00
xyz:META,0.0000062500,0.0000695554,2026-03-03 23:00:00.016000+00:00
xyz:META,0.0000062500,-0.0001482814,2026-03-04 00:00:00.034000+00:00
xyz:META,0.0000062500,0.0000440984,2026-03-04 01:00:00.049000+00:00
xyz:META,0.0000062500,0.0001305478,2026-03-04 02:00:00.060000+00:00
xyz:META,0.0000062500,0.0002111262,2026-03-04 03:00:00.052000+00:00
xyz:META,0.0000109148,0.0004746368,2026-03-04 04:00:00.001000+00:00
xyz:META,0.0000062500,0.0003321698,2026-03-04 05:00:00.064000+00:00
xyz:META,0.0000062500,0.0000007048,2026-03-04 06:00:00.079000+00:00
xyz:META,0.0000054421,-0.0002129270,2026-03-04 07:00:00.095000+00:00
xyz:META,0.0000062500,-0.0001618385,2026-03-04 08:00:00.047000+00:00
xyz:META,0.0000062500,-0.0000555565,2026-03-04 09:00:00.010000+00:00
xyz:META,0.0000062500,0.0002765424,2026-03-04 10:00:00.069000+00:00
xyz:META,0.0000062500,0.0001824530,2026-03-04 11:00:00.024000+00:00
xyz:META,0.0000062500,0.0003086718,2026-03-04 12:00:00.133000+00:00
xyz:META,0.0000062500,0.0000819630,2026-03-04 13:00:00.019000+00:00
xyz:META,0.0000062500,0.0002136366,2026-03-04 14:00:00.036000+00:00
xyz:META,0.0000062500,0.0002887284,2026-03-04 15:00:00.023000+00:00
xyz:META,0.0000062500,0.0002292257,2026-03-04 16:00:00.011000+00:00
xyz:META,0.0000062500,0.0000502286,2026-03-04 17:00:00.095000+00:00
xyz:META,0.0000062500,-0.0000138977,2026-03-04 18:00:00.092000+00:00
xyz:META,0.0000062500,0.0000602884,2026-03-04 19:00:00.093000+00:00
xyz:META,0.0000062500,-0.0000158780,2026-03-04 20:00:00.047000+00:00
xyz:META,0.0000062500,0.0000040518,2026-03-04 21:00:00.048000+00:00
xyz:META,0.0000062500,0.0002862474,2026-03-04 22:00:00.024000+00:00
xyz:META,0.0000074385,0.0004190166,2026-03-04 23:00:00.045000+00:00
xyz:META,0.0000062500,0.0002092195,2026-03-05 00:00:00.022000+00:00
xyz:META,0.0000062500,0.0000811774,2026-03-05 01:00:00.018000+00:00
xyz:META,-0.0000175651,-0.0005810412,2026-03-05 02:00:00.139000+00:00
xyz:META,0.0000062500,0.0000804234,2026-03-05 03:00:00.019000+00:00
xyz:META,0.0000088304,0.0004412872,2026-03-05 04:00:00.027000+00:00
xyz:META,0.0000143955,0.0005303272,2026-03-05 05:00:00.001000+00:00
xyz:META,0.0000062500,0.0003500297,2026-03-05 06:00:00.037000+00:00
xyz:META,0.0000062500,0.0003754073,2026-03-05 07:00:00.091000+00:00
xyz:META,0.0000062500,0.0002328731,2026-03-05 08:00:00.033000+00:00
xyz:META,0.0000062500,0.0003285383,2026-03-05 09:00:00.063000+00:00
xyz:META,0.0000062500,-0.0001412006,2026-03-05 10:00:00.091000+00:00
xyz:META,0.0000062500,0.0003915405,2026-03-05 11:00:00.017000+00:00
xyz:META,0.0000062500,0.0003196820,2026-03-05 12:00:00.003000+00:00
xyz:META,0.0000062500,0.0003330686,2026-03-05 13:00:00.009000+00:00
xyz:META,0.0000062500,0.0002041236,2026-03-05 14:00:00.024000+00:00
xyz:META,0.0000062500,0.0000448437,2026-03-05 15:00:00.039000+00:00
xyz:META,0.0000062500,-0.0000270234,2026-03-05 16:00:00.034000+00:00
xyz:META,0.0000062500,0.0000734523,2026-03-05 17:00:00.083000+00:00
xyz:META,0.0000062500,0.0000468393,2026-03-05 18:00:00.048000+00:00
xyz:META,0.0000062500,0.0000875390,2026-03-05 19:00:00.052000+00:00
xyz:META,0.0000062500,0.0000829448,2026-03-05 20:00:00.073000+00:00
xyz:META,0.0000062500,0.0000507897,2026-03-05 21:00:00.042000+00:00
xyz:META,0.0000062500,0.0002823799,2026-03-05 22:00:00.028000+00:00
xyz:META,0.0000178870,0.0005861913,2026-03-05 23:00:00.029000+00:00
xyz:META,0.0000156634,0.0005506144,2026-03-06 00:00:00.030000+00:00
xyz:META,0.0000187265,0.0005996238,2026-03-06 01:00:00.082000+00:00
xyz:META,0.0000062500,-0.0001069208,2026-03-06 02:00:00.006000+00:00
xyz:META,0.0000062500,0.0001318969,2026-03-06 03:00:00.079000+00:00
xyz:META,0.0000062500,-0.0000965130,2026-03-06 04:00:00.026000+00:00
xyz:META,0.0000062500,0.0003051071,2026-03-06 05:00:00.112000+00:00
xyz:META,0.0000062500,0.0000269032,2026-03-06 06:00:00.019000+00:00
xyz:META,0.0000062500,0.0002533209,2026-03-06 07:00:00.028000+00:00
xyz:META,0.0000094734,0.0004515746,2026-03-06 08:00:00.021000+00:00
xyz:META,0.0000073825,0.0004181203,2026-03-06 09:00:00.022000+00:00
xyz:META,0.0000062500,-0.0000471139,2026-03-06 10:00:00.031000+00:00
xyz:META,0.0000062500,-0.0000667568,2026-03-06 11:00:00.036000+00:00
xyz:META,0.0000062500,-0.0000485474,2026-03-06 12:00:00.052000+00:00
xyz:META,0.0000062500,-0.0000831375,2026-03-06 13:00:00.052000+00:00
xyz:META,0.0000062500,-0.0000503534,2026-03-06 14:00:00.033000+00:00
xyz:META,0.0000062500,0.0000425985,2026-03-06 15:00:00.037000+00:00
xyz:META,0.0000062500,0.0001881325,2026-03-06 16:00:00.062000+00:00
xyz:META,0.0000062500,0.0000088969,2026-03-06 17:00:00.089000+00:00
xyz:META,0.0000062500,-0.0000170206,2026-03-06 18:00:00.056000+00:00
xyz:META,0.0000062500,-0.0000507537,2026-03-06 19:00:00.066000+00:00
xyz:META,0.0000062500,-0.0000651999,2026-03-06 20:00:00.046000+00:00
xyz:META,0.0000062500,0.0000086140,2026-03-06 21:00:00.021000+00:00
xyz:META,0.0000062500,0.0002714450,2026-03-06 22:00:00.046000+00:00
xyz:META,0.0000130363,0.0005085813,2026-03-06 23:00:00.092000+00:00
xyz:META,0.0000198603,0.0006177641,2026-03-07 00:00:00.061000+00:00
xyz:META,0.0000272061,0.0007352980,2026-03-07 01:00:00.027000+00:00
xyz:META,0.0000118326,0.0004893223,2026-03-07 02:00:00.050000+00:00
xyz:META,0.0000062500,0.0003494558,2026-03-07 03:00:00.045000+00:00
xyz:META,0.0000062500,0.0001996291,2026-03-07 04:00:00.014000+00:00
xyz:META,0.0000062500,0.0001460807,2026-03-07 05:00:00.052000+00:00
xyz:META,0.0000062500,-0.0000164027,2026-03-07 06:00:00.070000+00:00
xyz:META,0.0000062500,0.0000403470,2026-03-07 07:00:00.068000+00:00
xyz:META,0.0000000701,-0.0002988779,2026-03-07 08:00:00.015000+00:00
xyz:META,-0.0000113295,-0.0004812713,2026-03-07 09:00:00.005000+00:00
xyz:META,0.0000062500,-0.0001767430,2026-03-07 10:00:00.014000+00:00
xyz:META,0.0000062500,0.0002282235,2026-03-07 11:00:00.002000+00:00
xyz:META,0.0000078309,0.0004252940,2026-03-07 12:00:00.031000+00:00
xyz:META,0.0000287777,0.0007604425,2026-03-07 13:00:00.033000+00:00
xyz:META,-0.0000069580,-0.0004113280,2026-03-07 14:00:00.084000+00:00
xyz:META,-0.0000196966,-0.0006151464,2026-03-07 15:00:00.012000+00:00
xyz:META,-0.0000241049,-0.0006856786,2026-03-07 16:00:00.014000+00:00
xyz:META,-0.0000124250,-0.0004987994,2026-03-07 17:00:00.077000+00:00
xyz:META,-0.0000029748,-0.0003475974,2026-03-07 18:00:00.110000+00:00
xyz:META,-0.0000113139,-0.0004810226,2026-03-07 19:00:00.003000+00:00
xyz:META,-0.0000333203,-0.0008331240,2026-03-07 20:00:00.010000+00:00
xyz:META,-0.0000372521,-0.0008960334,2026-03-07 21:00:00.135000+00:00
xyz:META,-0.0000400443,-0.0009407081,2026-03-07 22:00:00.082000+00:00
xyz:META,-0.0000613528,-0.0012816444,2026-03-07 23:00:00.068000+00:00
xyz:META,-0.0000476093,-0.0010617487,2026-03-08 00:00:00.002000+00:00
xyz:META,-0.0000326831,-0.0008229291,2026-03-08 01:00:00.030000+00:00
xyz:META,-0.0000385343,-0.0009165482,2026-03-08 02:00:00.003000+00:00
xyz:META,-0.0000225933,-0.0006614928,2026-03-08 03:00:00.042000+00:00
xyz:META,-0.0000370895,-0.0008934319,2026-03-08 04:00:00.001000+00:00
xyz:META,-0.0000230741,-0.0006691858,2026-03-08 05:00:00.024000+00:00
xyz:META,-0.0000247978,-0.0006967648,2026-03-08 06:00:00.045000+00:00
xyz:META,-0.0000071094,-0.0004137511,2026-03-08 07:00:00.036000+00:00
xyz:META,0.0000062500,-0.0001649095,2026-03-08 08:00:00.041000+00:00
xyz:META,-0.0000508996,-0.0011143929,2026-03-08 09:00:00.029000+00:00
xyz:META,-0.0000426743,-0.0009827890,2026-03-08 10:00:00.035000+00:00
xyz:META,-0.0000392479,-0.0009279658,2026-03-08 11:00:00.036000+00:00
xyz:META,-0.0000533991,-0.0011543852,2026-03-08 12:00:00.021000+00:00
xyz:META,-0.0000370556,-0.0008928904,2026-03-08 13:00:00.049000+00:00
xyz:META,-0.0000398139,-0.0009370221,2026-03-08 14:00:00.061000+00:00
xyz:META,-0.0000458607,-0.0010337717,2026-03-08 15:00:00.088000+00:00
xyz:META,-0.0000421356,-0.0009741693,2026-03-08 16:00:00.024000+00:00
xyz:META,-0.0000362441,-0.0008799054,2026-03-08 17:00:00.018000+00:00
xyz:META,-0.0000388495,-0.0009215916,2026-03-08 18:00:00.004000+00:00
xyz:META,-0.0000246655,-0.0006946485,2026-03-08 19:00:00+00:00
xyz:META,-0.0000100828,-0.0004613242,2026-03-08 20:00:00.074000+00:00
xyz:META,-0.0000034541,-0.0003552652,2026-03-08 21:00:00.003000+00:00
xyz:META,0.0000062500,-0.0000703082,2026-03-08 22:00:00.038000+00:00
xyz:META,-0.0001497602,-0.0026961638,2026-03-08 23:00:00.057000+00:00
xyz:META,-0.0001928572,-0.0033857156,2026-03-09 00:00:00.091000+00:00
xyz:META,-0.0000008113,-0.0003129814,2026-03-09 01:00:00.052000+00:00
xyz:META,0.0000062500,-0.0001939146,2026-03-09 02:00:00.016000+00:00
xyz:META,0.0000062500,-0.0001088007,2026-03-09 03:00:00.012000+00:00
xyz:META,0.0000062500,-0.0000176320,2026-03-09 04:00:00.030000+00:00
xyz:META,0.0000062500,-0.0001437344,2026-03-09 05:00:00.088000+00:00
xyz:META,0.0000062500,0.0001735546,2026-03-09 06:00:00.070000+00:00
xyz:META,0.0000065947,0.0004055150,2026-03-09 07:00:00.026000+00:00
xyz:META,0.0000062500,0.0001270675,2026-03-09 08:00:00.094000+00:00
xyz:META,0.0000062500,-0.0000017960,2026-03-09 09:00:00.114000+00:00
xyz:META,0.0000062500,0.0003135513,2026-03-09 10:00:00.108000+00:00
xyz:META,0.0000062500,0.0003452551,2026-03-09 11:00:00.050000+00:00
xyz:META,0.0000062500,0.0000633773,2026-03-09 12:00:00.051000+00:00
xyz:META,0.0000062500,-0.0001094421,2026-03-09 13:00:00.073000+00:00
xyz:META,0.0000062500,0.0000325986,2026-03-09 14:00:00.061000+00:00
xyz:META,0.0000062500,-0.0000308356,2026-03-09 15:00:00.084000+00:00
xyz:META,0.0000062500,-0.0000728716,2026-03-09 16:00:00.075000+00:00
xyz:META,0.0000062500,-0.0000108608,2026-03-09 17:00:00.049000+00:00
xyz:META,0.0000062500,-0.0000273417,2026-03-09 18:00:00.036000+00:00
xyz:META,0.0000062500,-0.0000218956,2026-03-09 19:00:00.053000+00:00
xyz:META,0.0000062500,0.0001923982,2026-03-09 20:00:00.002000+00:00
xyz:META,0.0000062500,0.0000787090,2026-03-09 21:00:00.074000+00:00
xyz:META,0.0000062500,0.0002478303,2026-03-09 22:00:00.010000+00:00
xyz:META,0.0000062500,0.0003325404,2026-03-09 23:00:00.038000+00:00
xyz:META,0.0000158359,0.0005533740,2026-03-10 00:00:00.042000+00:00
xyz:META,0.0000170112,0.0005721797,2026-03-10 01:00:00.084000+00:00
xyz:META,0.0000307493,0.0007919887,2026-03-10 02:00:00.013000+00:00
xyz:META,0.0000627757,0.0013044109,2026-03-10 03:00:00.052000+00:00
xyz:META,0.0000527057,0.0011432914,2026-03-10 04:00:00.041000+00:00
xyz:META,0.0000422875,0.0009766007,2026-03-10 05:00:00.054000+00:00
xyz:META,0.0000186565,0.0005985046,2026-03-10 06:00:00.137000+00:00
xyz:META,0.0000114389,0.0004830222,2026-03-10 07:00:00.065000+00:00
xyz:META,0.0000062500,-0.0000045293,2026-03-10 08:00:00.052000+00:00
xyz:META,0.0000180602,0.0005889624,2026-03-10 09:00:00.017000+00:00
xyz:META,0.0000062500,0.0003796627,2026-03-10 10:00:00.060000+00:00
xyz:META,0.0000100115,0.0004601833,2026-03-10 11:00:00.011000+00:00
xyz:META,0.0000159025,0.0005544394,2026-03-10 12:00:00.038000+00:00
xyz:META,0.0000169392,0.0005710275,2026-03-10 13:00:00.061000+00:00
xyz:META,0.0000062500,0.0003491470,2026-03-10 14:00:00.027000+00:00
xyz:META,0.0000062500,0.0002110110,2026-03-10 15:00:00.083000+00:00
xyz:META,0.0000062500,0.0000580659,2026-03-10 16:00:00.045000+00:00
xyz:META,0.0000062500,-0.0000550202,2026-03-10 17:00:00.004000+00:00
xyz:META,0.0000062500,-0.0000561752,2026-03-10 18:00:00.018000+00:00
xyz:META,0.0000062500,-0.0000014271,2026-03-10 19:00:00.049000+00:00
xyz:META,0.0000062500,0.0001774728,2026-03-10 20:00:00.050000+00:00
xyz:META,0.0000062500,0.0001964328,2026-03-10 21:00:00.058000+00:00
xyz:META,0.0000062500,0.0002483167,2026-03-10 22:00:00.068000+00:00
xyz:META,0.0000062500,0.0003994526,2026-03-10 23:00:00.061000+00:00
xyz:META,0.0000163581,0.0005617288,2026-03-11 00:00:00.088000+00:00
xyz:META,0.0000227600,0.0006641595,2026-03-11 01:00:00.002000+00:00
xyz:META,0.0000062500,0.0003961000,2026-03-11 02:00:00.098000+00:00
xyz:META,0.0000062500,0.0002088884,2026-03-11 03:00:00.016000+00:00
xyz:META,0.0000062500,0.0000616315,2026-03-11 04:00:00.038000+00:00
xyz:META,0.0000062500,-0.0001071839,2026-03-11 05:00:00.075000+00:00
xyz:META,0.0000062500,0.0001387457,2026-03-11 06:00:00.135000+00:00
xyz:META,0.0000062500,-0.0001652584,2026-03-11 07:00:00.014000+00:00
xyz:META,0.0000062500,-0.0000836762,2026-03-11 08:00:00.056000+00:00
xyz:META,0.0000062500,0.0003591879,2026-03-11 09:00:00.082000+00:00
xyz:META,0.0000062500,0.0001763451,2026-03-11 10:00:00.084000+00:00
xyz:META,0.0000062500,-0.0000175870,2026-03-11 11:00:00.001000+00:00
xyz:META,0.0000062500,-0.0000323177,2026-03-11 12:00:00.013000+00:00
xyz:META,0.0000062500,0.0000527472,2026-03-11 13:00:00.063000+00:00
xyz:META,0.0000062500,-0.0000606277,2026-03-11 14:00:00.004000+00:00
xyz:META,0.0000062500,0.0001567573,2026-03-11 15:00:00.051000+00:00
xyz:META,0.0000062500,0.0001483055,2026-03-11 16:00:00.065000+00:00
xyz:META,0.0000062500,0.0000524607,2026-03-11 17:00:00.068000+00:00
xyz:META,0.0000062500,0.0000031533,2026-03-11 18:00:00.102000+00:00
xyz:META,0.0000062500,0.0000182298,2026-03-11 19:00:00.082000+00:00
xyz:META,0.0000062500,0.0000178767,2026-03-11 20:00:00.026000+00:00
xyz:META,0.0000062500,0.0000700175,2026-03-11 21:00:00.008000+00:00
xyz:META,0.0000062500,0.0002638059,2026-03-11 22:00:00.035000+00:00
xyz:META,0.0000062500,0.0002582033,2026-03-11 23:00:00.069000+00:00
xyz:META,0.0000062500,0.0003151902,2026-03-12 00:00:00.084000+00:00
xyz:META,0.0000062500,-0.0001202926,2026-03-12 01:00:00.006000+00:00
xyz:META,0.0000062500,0.0000764762,2026-03-12 02:00:00.080000+00:00
xyz:META,0.0000062500,-0.0001712087,2026-03-12 03:00:00.036000+00:00
xyz:META,-0.0000020717,-0.0003331466,2026-03-12 04:00:00.065000+00:00
xyz:META,-0.0000033029,-0.0003528464,2026-03-12 05:00:00.094000+00:00
xyz:META,0.0000062500,0.0001644998,2026-03-12 06:00:00.108000+00:00
xyz:META,0.0000062500,0.0000604756,2026-03-12 07:00:00.046000+00:00
xyz:META,0.0000062500,0.0002854597,2026-03-12 08:00:00.068000+00:00
xyz:META,0.0000062500,0.0001821135,2026-03-12 09:00:00.063000+00:00
xyz:META,0.0000062500,0.0000897639,2026-03-12 10:00:00.013000+00:00
xyz:META,0.0000062500,0.0000847293,2026-03-12 11:00:00.017000+00:00
xyz:META,0.0000062500,0.0002251785,2026-03-12 12:00:00.106000+00:00
xyz:META,0.0000062500,0.0003089544,2026-03-12 13:00:00.062000+00:00
xyz:META,0.0000062500,0.0001319622,2026-03-12 14:00:00.110000+00:00
xyz:META,0.0000062500,0.0000556465,2026-03-12 15:00:00.024000+00:00
xyz:META,0.0000062500,0.0000177561,2026-03-12 16:00:00.064000+00:00
xyz:META,0.0000062500,0.0001515817,2026-03-12 17:00:00.004000+00:00
xyz:META,0.0000062500,0.0000831087,2026-03-12 18:00:00.004000+00:00
xyz:META,0.0000062500,0.0000513213,2026-03-12 19:00:00.025000+00:00
xyz:META,0.0000062500,0.0000311336,2026-03-12 20:00:00.165000+00:00
xyz:META,0.0000062500,0.0000549870,2026-03-12 21:00:00.073000+00:00
xyz:META,0.0000062500,0.0001280043,2026-03-12 22:00:00.071000+00:00
xyz:META,0.0000062500,0.0000882356,2026-03-12 23:00:00.070000+00:00
xyz:META,0.0000062500,0.0001090893,2026-03-13 00:00:00.061000+00:00
xyz:META,0.0000062500,0.0002155916,2026-03-13 01:00:00.032000+00:00
xyz:META,0.0000062500,0.0003438935,2026-03-13 02:00:00.025000+00:00
xyz:META,0.0000062500,0.0002720561,2026-03-13 03:00:00.021000+00:00
xyz:META,0.0000062500,0.0002128138,2026-03-13 04:00:00.099000+00:00
xyz:META,0.0000062500,0.0003525891,2026-03-13 05:00:00.089000+00:00
xyz:META,0.0000062500,-0.0000753163,2026-03-13 06:00:00.064000+00:00
xyz:META,0.0000062500,-0.0001762267,2026-03-13 07:00:00.082000+00:00
xyz:META,0.0000062500,-0.0001865582,2026-03-13 08:00:00.016000+00:00
xyz:META,0.0000062500,-0.0000517409,2026-03-13 09:00:00.045000+00:00
xyz:META,0.0000062500,0.0002099643,2026-03-13 10:00:00.034000+00:00
xyz:META,0.0000062500,0.0000817244,2026-03-13 11:00:00.010000+00:00
xyz:META,0.0000062500,0.0002538327,2026-03-13 12:00:00.009000+00:00
xyz:META,0.0000062500,0.0001694679,2026-03-13 13:00:00.059000+00:00
xyz:META,0.0000062500,0.0001183268,2026-03-13 14:00:00.032000+00:00
xyz:META,0.0000062500,0.0000735634,2026-03-13 15:00:00.021000+00:00
xyz:META,0.0000062500,0.0000653262,2026-03-13 16:00:00.051000+00:00
xyz:META,0.0000062500,0.0000696019,2026-03-13 17:00:00.044000+00:00
xyz:META,0.0000062500,-0.0000444614,2026-03-13 18:00:00.052000+00:00
xyz:META,0.0000062500,-0.0000018082,2026-03-13 19:00:00.006000+00:00
xyz:META,0.0000062500,0.0000035966,2026-03-13 20:00:00.021000+00:00
xyz:META,0.0000062500,0.0003020711,2026-03-13 21:00:00.092000+00:00
xyz:META,0.0000114708,0.0004835330,2026-03-13 22:00:00.005000+00:00
xyz:META,0.0000235698,0.0006771170,2026-03-13 23:00:00.109000+00:00
xyz:META,0.0000143528,0.0005296454,2026-03-14 00:00:00.044000+00:00
xyz:META,0.0000101072,0.0004617149,2026-03-14 01:00:00.094000+00:00
xyz:META,0.0000003487,-0.0002944203,2026-03-14 02:00:00.100000+00:00
xyz:META,0.0000062500,0.0003194681,2026-03-14 03:00:00.013000+00:00
xyz:META,0.0000259719,0.0007155509,2026-03-14 04:00:00.019000+00:00
xyz:META,0.0000062500,0.0003330897,2026-03-14 05:00:00.095000+00:00
xyz:META,0.0000252469,0.0007039500,2026-03-14 06:00:00.072000+00:00
xyz:META,0.0000330156,0.0008282495,2026-03-14 07:00:00.036000+00:00
xyz:META,0.0000441152,0.0010058434,2026-03-14 08:00:00.041000+00:00
xyz:META,-0.0000384500,-0.0009151993,2026-03-14 09:00:00.025000+00:00
xyz:META,-0.0000529701,-0.0011475213,2026-03-14 10:00:00.098000+00:00
xyz:META,-0.0000254444,-0.0007071101,2026-03-14 11:00:00.047000+00:00
xyz:META,-0.0000003736,-0.0003059784,2026-03-14 12:00:00.020000+00:00
xyz:META,0.0000062500,-0.0000068696,2026-03-14 13:00:00.042000+00:00
xyz:META,0.0000193336,0.0006093374,2026-03-14 14:00:00.076000+00:00
xyz:META,0.0000215058,0.0006440930,2026-03-14 15:00:00.009000+00:00
xyz:META,0.0000060321,-0.0002034863,2026-03-14 16:00:00.100000+00:00
xyz:META,0.0000062500,0.0001453031,2026-03-14 17:00:00.061000+00:00
xyz:META,0.0000062500,-0.0001820796,2026-03-14 18:00:00.018000+00:00
xyz:META,0.0000023002,-0.0002631963,2026-03-14 19:00:00.048000+00:00
xyz:META,0.0000062500,0.0001224918,2026-03-14 20:00:00.035000+00:00
xyz:META,-0.0000058035,-0.0003928559,2026-03-14 21:00:00.015000+00:00
xyz:META,-0.0000089151,-0.0004426414,2026-03-14 22:00:00.041000+00:00
xyz:META,0.0000062500,-0.0000078490,2026-03-14 23:00:00.044000+00:00
xyz:META,0.0000236885,0.0006790153,2026-03-15 00:00:00.099000+00:00
xyz:META,0.0000464754,0.0010436062,2026-03-15 01:00:00.102000+00:00
xyz:META,0.0000558828,0.0011941250,2026-03-15 02:00:00.005000+00:00
xyz:META,0.0001321012,0.0024136198,2026-03-15 03:00:00.130000+00:00
xyz:META,0.0001681889,0.0029910226,2026-03-15 04:00:00.040000+00:00
xyz:META,0.0000789093,0.0015625492,2026-03-15 05:00:00.066000+00:00
xyz:META,0.0000391749,0.0009267985,2026-03-15 06:00:00.010000+00:00
xyz:META,0.0000478025,0.0010648397,2026-03-15 07:00:00.046000+00:00
xyz:META,0.0000075984,0.0004215744,2026-03-15 08:00:00.003000+00:00
xyz:META,0.0000084682,0.0004354906,2026-03-15 09:00:00.067000+00:00
xyz:META,0.0000176320,0.0005821117,2026-03-15 10:00:00.003000+00:00
xyz:META,0.0000179916,0.0005878651,2026-03-15 11:00:00.039000+00:00
xyz:META,0.0000062500,0.0002479262,2026-03-15 12:00:00.060000+00:00
xyz:META,0.0000114144,0.0004826307,2026-03-15 13:00:00.023000+00:00
xyz:META,0.0000062500,0.0003158618,2026-03-15 14:00:00.023000+00:00
xyz:META,0.0000062500,0.0000433220,2026-03-15 15:00:00.084000+00:00
xyz:META,0.0000062500,-0.0001798180,2026-03-15 16:00:00.034000+00:00
xyz:META,0.0000046569,-0.0002254895,2026-03-15 17:00:00.036000+00:00
xyz:META,0.0000062500,-0.0001770815,2026-03-15 18:00:00.003000+00:00
xyz:META,0.0000182555,0.0005920874,2026-03-15 19:00:00.127000+00:00
xyz:META,0.0000062500,0.0000300982,2026-03-15 20:00:00.024000+00:00
xyz:META,-0.0000023533,-0.0003376535,2026-03-15 21:00:00.083000+00:00
xyz:META,0.0000062500,0.0000580722,2026-03-15 22:00:00.019000+00:00
xyz:META,0.0000079220,0.0004267520,2026-03-15 23:00:00.037000+00:00
xyz:META,0.0000741424,0.0014862786,2026-03-16 00:00:00.090000+00:00
xyz:META,0.0000525548,0.0011408765,2026-03-16 01:00:00.002000+00:00
xyz:META,0.0000669090,0.0013705433,2026-03-16 02:00:00.078000+00:00
xyz:META,0.0000548218,0.0011771488,2026-03-16 03:00:00.040000+00:00
xyz:META,0.0000467923,0.0010486762,2026-03-16 04:00:00.012000+00:00
xyz:META,0.0000379639,0.0009074227,2026-03-16 05:00:00.021000+00:00
xyz:META,0.0000237628,0.0006802047,2026-03-16 06:00:00.092000+00:00
xyz:META,0.0000244360,0.0006909760,2026-03-16 07:00:00.033000+00:00
xyz:META,0.0000329460,0.0008271358,2026-03-16 08:00:00.062000+00:00
xyz:META,0.0000275367,0.0007405867,2026-03-16 09:00:00.035000+00:00
xyz:META,0.0000182033,0.0005912536,2026-03-16 10:00:00.042000+00:00
xyz:META,0.0000215608,0.0006449725,2026-03-16 11:00:00.013000+00:00
xyz:META,0.0000272335,0.0007357355,2026-03-16 12:00:00.013000+00:00
xyz:META,0.0000184978,0.0005959648,2026-03-16 13:00:00+00:00
xyz:META,0.0000066187,0.0004058988,2026-03-16 14:00:00.099000+00:00
xyz:META,0.0000062500,-0.0001923151,2026-03-16 15:00:00.013000+00:00
xyz:META,-0.0000110494,-0.0004767910,2026-03-16 16:00:00.033000+00:00
xyz:META,-0.0000127104,-0.0005033659,2026-03-16 17:00:00.023000+00:00
xyz:META,0.0000019180,-0.0002693124,2026-03-16 18:00:00.045000+00:00
xyz:META,0.0000027932,-0.0002553083,2026-03-16 19:00:00.080000+00:00
xyz:META,0.0000021699,-0.0002652820,2026-03-16 20:00:00.001000+00:00
xyz:META,-0.0000087791,-0.0004404662,2026-03-16 21:00:00.032000+00:00
xyz:META,-0.0000079330,-0.0004269287,2026-03-16 22:00:00+00:00
xyz:META,0.0000030990,-0.0002504153,2026-03-16 23:00:00.003000+00:00
xyz:META,-0.0000163010,-0.0005608164,2026-03-17 00:00:00.034000+00:00
xyz:META,-0.0000277430,-0.0007438881,2026-03-17 01:00:00.045000+00:00
xyz:META,-0.0000208238,-0.0006331809,2026-03-17 02:00:00.050000+00:00
xyz:META,-0.0000167540,-0.0005680638,2026-03-17 03:00:00.010000+00:00
xyz:META,-0.0000128243,-0.0005051886,2026-03-17 04:00:00.073000+00:00
xyz:META,0.0000033805,-0.0002459126,2026-03-17 05:00:00.048000+00:00
xyz:META,0.0000058470,-0.0002064477,2026-03-17 06:00:00.113000+00:00
xyz:META,-0.0000026048,-0.0003416767,2026-03-17 07:00:00.039000+00:00
xyz:META,0.0000062500,-0.0000246034,2026-03-17 08:00:00+00:00
xyz:META,-0.0000004631,-0.0003074099,2026-03-17 09:00:00.002000+00:00
xyz:META,0.0000062500,-0.0000938663,2026-03-17 10:00:00.075000+00:00
xyz:META,0.0000062500,0.0000050765,2026-03-17 11:00:00.115000+00:00
xyz:META,0.0000062500,0.0000222732,2026-03-17 12:00:00.006000+00:00
xyz:META,0.0000062500,-0.0000411775,2026-03-17 13:00:00.013000+00:00
xyz:META,0.0000062500,0.0000213839,2026-03-17 14:00:00.047000+00:00
xyz:META,0.0000062500,0.0001267380,2026-03-17 15:00:00.074000+00:00
xyz:META,0.0000062500,0.0001932181,2026-03-17 16:00:00.038000+00:00
xyz:META,0.0000062500,0.0002070609,2026-03-17 17:00:00.054000+00:00
xyz:META,0.0000062500,0.0001579287,2026-03-17 18:00:00.071000+00:00
xyz:META,0.0000062500,0.0001420361,2026-03-17 19:00:00.018000+00:00
xyz:META,0.0000062500,0.0002037548,2026-03-17 20:00:00.034000+00:00
xyz:META,0.0000062500,0.0000606691,2026-03-17 21:00:00.072000+00:00
xyz:META,0.0000062500,0.0001236271,2026-03-17 22:00:00.003000+00:00
xyz:META,0.0000062500,0.0000604698,2026-03-17 23:00:00.011000+00:00
xyz:META,0.0000062500,0.0000275016,2026-03-18 00:00:00.028000+00:00
xyz:META,-0.0000024071,-0.0003385143,2026-03-18 01:00:00.016000+00:00
xyz:META,0.0000062500,0.0000667894,2026-03-18 02:00:00.026000+00:00
xyz:META,0.0000062500,0.0003343626,2026-03-18 03:00:00.060000+00:00
xyz:META,0.0000062500,0.0002035994,2026-03-18 04:00:00.054000+00:00
xyz:META,0.0000050252,-0.0002195964,2026-03-18 05:00:00.001000+00:00
xyz:META,0.0000045128,-0.0002277947,2026-03-18 06:00:00.067000+00:00
xyz:META,0.0000054012,-0.0002135810,2026-03-18 07:00:00.033000+00:00
xyz:META,0.0000062500,-0.0001946041,2026-03-18 08:00:00.005000+00:00
xyz:META,0.0000045442,-0.0002272936,2026-03-18 09:00:00.052000+00:00
xyz:META,0.0000062500,-0.0001249739,2026-03-18 10:00:00.037000+00:00
xyz:META,0.0000062500,-0.0001274059,2026-03-18 11:00:00.025000+00:00
xyz:META,0.0000062500,-0.0001476725,2026-03-18 12:00:00.062000+00:00
xyz:META,0.0000062500,-0.0000521989,2026-03-18 13:00:00.007000+00:00
xyz:META,0.0000062500,0.0000180283,2026-03-18 14:00:00.026000+00:00
xyz:META,0.0000062500,0.0001215594,2026-03-18 15:00:00.035000+00:00
xyz:META,0.0000062500,0.0002102379,2026-03-18 16:00:00.009000+00:00
xyz:META,0.0000062500,0.0002640354,2026-03-18 17:00:00.066000+00:00
xyz:META,0.0000062500,0.0001380812,2026-03-18 18:00:00.052000+00:00
xyz:META,0.0000062500,0.0001851053,2026-03-18 19:00:00.045000+00:00
xyz:META,0.0000062500,0.0001546467,2026-03-18 20:00:00.055000+00:00
xyz:META,0.0000062500,0.0002379220,2026-03-18 21:00:00.050000+00:00
xyz:META,0.0000062500,0.0000699924,2026-03-18 22:00:00.035000+00:00
xyz:META,0.0000062500,-0.0000552186,2026-03-18 23:00:00.040000+00:00
xyz:META,0.0000062500,-0.0000498479,2026-03-19 00:00:00.090000+00:00
xyz:META,0.0000062500,0.0002383017,2026-03-19 01:00:00.009000+00:00
xyz:META,0.0000062500,0.0001773975,2026-03-19 02:00:00.012000+00:00
xyz:META,0.0000062500,0.0001502887,2026-03-19 03:00:00.041000+00:00
xyz:META,0.0000062500,0.0001838376,2026-03-19 04:00:00.010000+00:00
xyz:META,0.0000062500,0.0001213940,2026-03-19 05:00:00.090000+00:00
xyz:META,0.0000062500,0.0000281437,2026-03-19 06:00:00.052000+00:00
xyz:META,0.0000062500,0.0001408457,2026-03-19 07:00:00.107000+00:00
xyz:META,0.0000062500,-0.0000226731,2026-03-19 08:00:00.064000+00:00
xyz:META,0.0000062500,-0.0000335316,2026-03-19 09:00:00.026000+00:00
xyz:META,0.0000062500,0.0002033978,2026-03-19 10:00:00.123000+00:00
xyz:META,0.0000062500,0.0000136303,2026-03-19 11:00:00.052000+00:00
xyz:META,0.0000062500,0.0000414425,2026-03-19 12:00:00.006000+00:00
xyz:META,0.0000062500,-0.0000416406,2026-03-19 13:00:00.045000+00:00
xyz:META,0.0000062500,-0.0000251079,2026-03-19 14:00:00.059000+00:00
xyz:META,0.0000062500,0.0002010646,2026-03-19 15:00:00.002000+00:00
xyz:META,0.0000062500,0.0001291566,2026-03-19 16:00:00.031000+00:00
xyz:META,0.0000062500,0.0001134050,2026-03-19 17:00:00.011000+00:00
xyz:META,0.0000062500,0.0001136272,2026-03-19 18:00:00.049000+00:00
xyz:META,0.0000062500,0.0001560838,2026-03-19 19:00:00.024000+00:00
xyz:META,0.0000062500,0.0002404708,2026-03-19 20:00:00.037000+00:00
xyz:META,0.0000062500,0.0002913993,2026-03-19 21:00:00.022000+00:00
xyz:META,0.0000062500,0.0002504031,2026-03-19 22:00:00.001000+00:00
xyz:META,0.0000062500,0.0001709690,2026-03-19 23:00:00.001000+00:00
xyz:META,0.0000062500,0.0002383403,2026-03-20 00:00:00.103000+00:00
xyz:META,0.0000062500,0.0003167531,2026-03-20 01:00:00.073000+00:00
xyz:META,0.0000131528,0.0005104441,2026-03-20 02:00:00.053000+00:00
xyz:META,0.0000062500,0.0003335604,2026-03-20 03:00:00.072000+00:00
xyz:META,0.0000062500,0.0002367084,2026-03-20 04:00:00.004000+00:00
xyz:META,0.0000062500,0.0001710549,2026-03-20 05:00:00.107000+00:00
xyz:META,0.0000062500,0.0001955120,2026-03-20 06:00:00.096000+00:00
xyz:META,0.0000062500,0.0002207909,2026-03-20 07:00:00.012000+00:00
xyz:META,0.0000081962,0.0004311394,2026-03-20 08:00:00.003000+00:00
xyz:META,0.0000062500,0.0002411078,2026-03-20 09:00:00.021000+00:00
xyz:META,0.0000062500,0.0000781789,2026-03-20 10:00:00.063000+00:00
xyz:META,0.0000062500,0.0003547380,2026-03-20 11:00:00.048000+00:00
xyz:META,0.0000062500,0.0002313458,2026-03-20 12:00:00.087000+00:00
xyz:META,0.0000062500,0.0001509259,2026-03-20 13:00:00.148000+00:00
xyz:META,0.0000062500,0.0001827113,2026-03-20 14:00:00.115000+00:00
xyz:META,0.0000062500,0.0001720963,2026-03-20 15:00:00.034000+00:00
xyz:META,0.0000062500,0.0001605316,2026-03-20 16:00:00.074000+00:00
xyz:META,0.0000062500,0.0001526153,2026-03-20 17:00:00.075000+00:00
xyz:META,0.0000062500,0.0001625057,2026-03-20 18:00:00.035000+00:00
xyz:META,0.0000062500,0.0001660624,2026-03-20 19:00:00.044000+00:00
xyz:META,0.0000062500,0.0001632945,2026-03-20 20:00:00.034000+00:00
xyz:META,0.0000062500,0.0000656112,2026-03-20 21:00:00.007000+00:00
xyz:META,0.0000062500,-0.0000169987,2026-03-20 22:00:00+00:00
xyz:META,0.0000062500,-0.0001386559,2026-03-20 23:00:00.047000+00:00
xyz:META,0.0000062500,-0.0001665022,2026-03-21 00:00:00.093000+00:00
xyz:META,0.0000062500,-0.0000585246,2026-03-21 01:00:00.011000+00:00
xyz:META,0.0000062500,-0.0001487024,2026-03-21 02:00:00.032000+00:00
xyz:META,0.0000020129,-0.0002677942,2026-03-21 03:00:00.013000+00:00
xyz:META,0.0000062500,-0.0001379989,2026-03-21 04:00:00.040000+00:00
xyz:META,0.0000053045,-0.0002151281,2026-03-21 05:00:00.041000+00:00
xyz:META,-0.0000075361,-0.0004205776,2026-03-21 06:00:00.066000+00:00
xyz:META,0.0000062500,-0.0001521880,2026-03-21 07:00:00.010000+00:00
xyz:META,0.0000062500,-0.0000805418,2026-03-21 08:00:00.075000+00:00
xyz:META,0.0000076572,0.0004225147,2026-03-21 09:00:00.064000+00:00
xyz:META,0.0000062500,0.0003416980,2026-03-21 10:00:00+00:00
xyz:META,0.0000062500,0.0002808550,2026-03-21 11:00:00.008000+00:00
xyz:META,0.0000062500,0.0002232570,2026-03-21 12:00:00.094000+00:00
xyz:META,0.0000062500,0.0001239234,2026-03-21 13:00:00.015000+00:00
xyz:META,0.0000062500,0.0000660908,2026-03-21 14:00:00.045000+00:00
xyz:META,0.0000062500,0.0003713040,2026-03-21 15:00:00.051000+00:00
xyz:META,0.0000503430,0.0011054874,2026-03-21 16:00:00.039000+00:00
xyz:META,0.0000393372,0.0009293947,2026-03-21 17:00:00.032000+00:00
xyz:META,0.0000062500,-0.0001634525,2026-03-21 18:00:00.020000+00:00
xyz:META,0.0000062500,-0.0000373282,2026-03-21 19:00:00.057000+00:00
xyz:META,0.0000062500,0.0000402996,2026-03-21 20:00:00.073000+00:00
xyz:META,0.0000062500,0.0002356963,2026-03-21 21:00:00.086000+00:00
xyz:META,0.0000062500,0.0000285019,2026-03-21 22:00:00.004000+00:00
xyz:META,-0.0000049107,-0.0003785717,2026-03-21 23:00:00.026000+00:00
xyz:META,-0.0000387695,-0.0009203114,2026-03-22 00:00:00.042000+00:00
xyz:META,-0.0001635807,-0.0029172906,2026-03-22 01:00:00.020000+00:00
xyz:META,-0.0000976430,-0.0018622875,2026-03-22 02:00:00.085000+00:00
xyz:META,-0.0000695186,-0.0014122975,2026-03-22 03:00:00.085000+00:00
xyz:META,-0.0000609337,-0.0012749389,2026-03-22 04:00:00.007000+00:00
xyz:META,-0.0000416454,-0.0009663257,2026-03-22 05:00:00.062000+00:00
xyz:META,0.0000062500,-0.0000837518,2026-03-22 06:00:00.062000+00:00
xyz:META,0.0000062500,-0.0000744098,2026-03-22 07:00:00.088000+00:00
xyz:META,0.0000179020,0.0005864327,2026-03-22 08:00:00.050000+00:00
xyz:META,0.0000062500,-0.0000022127,2026-03-22 09:00:00.062000+00:00
xyz:META,0.0000062500,0.0002134608,2026-03-22 10:00:00.003000+00:00
xyz:META,-0.0000106966,-0.0004711462,2026-03-22 11:00:00.044000+00:00
xyz:META,-0.0000255470,-0.0007087515,2026-03-22 12:00:00.049000+00:00
xyz:META,-0.0000265184,-0.0007242939,2026-03-22 13:00:00.046000+00:00
xyz:META,-0.0000301263,-0.0007820204,2026-03-22 14:00:00.011000+00:00
xyz:META,-0.0000248104,-0.0006969667,2026-03-22 15:00:00.042000+00:00
xyz:META,0.0000062500,0.0000955789,2026-03-22 16:00:00.021000+00:00
xyz:META,0.0000275737,0.0007411798,2026-03-22 17:00:00.006000+00:00
xyz:META,0.0000062500,-0.0001263058,2026-03-22 18:00:00.081000+00:00
xyz:META,-0.0000849147,-0.0016586345,2026-03-22 19:00:00.039000+00:00
xyz:META,-0.0000669258,-0.0013708121,2026-03-22 20:00:00.048000+00:00
xyz:META,-0.0000596429,-0.0012542863,2026-03-22 21:00:00.082000+00:00
xyz:META,-0.0001192145,-0.0022074325,2026-03-22 22:00:00.090000+00:00
xyz:META,-0.0000441422,-0.0010062753,2026-03-22 23:00:00.049000+00:00
xyz:META,0.0000211604,0.0006385671,2026-03-23 00:00:00.261000+00:00
xyz:META,0.0000062500,0.0000709937,2026-03-23 01:00:00.069000+00:00
xyz:META,0.0000062500,0.0001352768,2026-03-23 02:00:00.040000+00:00
xyz:META,0.0000062500,-0.0000617153,2026-03-23 03:00:00.111000+00:00
xyz:META,0.0000062500,-0.0000168912,2026-03-23 04:00:00.086000+00:00
xyz:META,0.0000062500,-0.0001943043,2026-03-23 05:00:00.014000+00:00
xyz:META,-0.0000041925,-0.0003670794,2026-03-23 06:00:00.068000+00:00
xyz:META,-0.0000170993,-0.0005735896,2026-03-23 07:00:00.043000+00:00
xyz:META,-0.0000333296,-0.0008332742,2026-03-23 08:00:00.066000+00:00
xyz:META,-0.0000217094,-0.0006473510,2026-03-23 09:00:00.071000+00:00
xyz:META,-0.0000290267,-0.0007644270,2026-03-23 10:00:00.081000+00:00
xyz:META,-0.0000263928,-0.0007222847,2026-03-23 11:00:00.004000+00:00
xyz:META,0.0000062500,-0.0001386762,2026-03-23 12:00:00.045000+00:00
xyz:META,0.0000062500,0.0001848914,2026-03-23 13:00:00.056000+00:00
xyz:META,0.0000062500,0.0001932276,2026-03-23 14:00:00.053000+00:00
xyz:META,0.0000062500,0.0001615484,2026-03-23 15:00:00.071000+00:00
xyz:META,0.0000062500,0.0001196582,2026-03-23 16:00:00.048000+00:00
xyz:META,0.0000062500,0.0001069524,2026-03-23 17:00:00.080000+00:00
xyz:META,0.0000062500,0.0000403186,2026-03-23 18:00:00.041000+00:00
xyz:META,0.0000062500,0.0000054808,2026-03-23 19:00:00.054000+00:00
xyz:META,0.0000062500,0.0000133774,2026-03-23 20:00:00.019000+00:00
xyz:META,0.0000062500,0.0001348974,2026-03-23 21:00:00.090000+00:00
xyz:META,0.0000062500,-0.0000012690,2026-03-23 22:00:00.162000+00:00
xyz:META,0.0000062500,-0.0001396722,2026-03-23 23:00:00.056000+00:00
xyz:META,0.0000062500,-0.0000151074,2026-03-24 00:00:00.027000+00:00
xyz:META,0.0000078516,0.0004256252,2026-03-24 01:00:00.082000+00:00
xyz:META,0.0000062500,0.0002845226,2026-03-24 02:00:00.034000+00:00
xyz:META,0.0000062500,0.0000308848,2026-03-24 03:00:00+00:00
xyz:META,0.0000062500,-0.0000572535,2026-03-24 04:00:00.016000+00:00
xyz:META,0.0000062500,-0.0001145713,2026-03-24 05:00:00.079000+00:00
xyz:META,0.0000023688,-0.0002620990,2026-03-24 06:00:00.003000+00:00
xyz:META,0.0000062500,-0.0000493957,2026-03-24 07:00:00.088000+00:00
xyz:META,0.0000062500,0.0001642970,2026-03-24 08:00:00.033000+00:00
xyz:META,0.0000062500,0.0002403346,2026-03-24 09:00:00.051000+00:00
xyz:META,0.0000062500,-0.0000708025,2026-03-24 10:00:00.105000+00:00
xyz:META,0.0000062500,0.0003936916,2026-03-24 11:00:00.045000+00:00
xyz:META,0.0000062500,0.0002583554,2026-03-24 12:00:00.096000+00:00
xyz:META,0.0000062500,0.0002842563,2026-03-24 13:00:00.028000+00:00
xyz:META,0.0000062500,0.0001960569,2026-03-24 14:00:00.089000+00:00
xyz:META,0.0000062500,0.0000424766,2026-03-24 15:00:00.033000+00:00
xyz:META,0.0000062500,0.0001161551,2026-03-24 16:00:00.039000+00:00
xyz:META,0.0000062500,0.0001570470,2026-03-24 17:00:00.061000+00:00
xyz:META,0.0000062500,0.0001297936,2026-03-24 18:00:00.062000+00:00
xyz:META,0.0000062500,0.0000447315,2026-03-24 19:00:00.040000+00:00
xyz:META,0.0000062500,0.0001422032,2026-03-24 20:00:00.058000+00:00
xyz:META,0.0000062500,0.0000988289,2026-03-24 21:00:00.159000+00:00
xyz:META,0.0000062500,0.0002011253,2026-03-24 22:00:00.052000+00:00
xyz:META,0.0000062500,0.0001962418,2026-03-24 23:00:00.069000+00:00
xyz:META,0.0000062500,0.0002779653,2026-03-25 00:00:00.048000+00:00
xyz:META,0.0000062500,0.0000434383,2026-03-25 01:00:00.110000+00:00
xyz:META,0.0000062500,0.0000738718,2026-03-25 02:00:00.086000+00:00
xyz:META,0.0000062500,0.0001161627,2026-03-25 03:00:00.069000+00:00
xyz:META,0.0000062500,0.0001919331,2026-03-25 04:00:00.059000+00:00
xyz:META,0.0000062500,0.0003058271,2026-03-25 05:00:00.076000+00:00
xyz:META,0.0000171599,0.0005745585,2026-03-25 06:00:00.043000+00:00
xyz:META,0.0000062500,0.0001481958,2026-03-25 07:00:00.053000+00:00
xyz:META,0.0000138972,0.0005223551,2026-03-25 08:00:00.007000+00:00
xyz:META,0.0000142884,0.0005286144,2026-03-25 09:00:00.057000+00:00
xyz:META,0.0000114802,0.0004836832,2026-03-25 10:00:00.090000+00:00
xyz:META,0.0000134757,0.0005156106,2026-03-25 11:00:00.018000+00:00
xyz:META,0.0000062500,0.0003656337,2026-03-25 12:00:00.038000+00:00
xyz:META,0.0000062500,0.0001752626,2026-03-25 13:00:00.032000+00:00
xyz:META,0.0000062500,0.0001151130,2026-03-25 14:00:00.041000+00:00
xyz:META,0.0000062500,0.0001187933,2026-03-25 15:00:00.062000+00:00
xyz:META,0.0000062500,0.0000066858,2026-03-25 16:00:00.052000+00:00
xyz:META,0.0000062500,0.0000774090,2026-03-25 17:00:00.022000+00:00
xyz:META,0.0000062500,0.0001593745,2026-03-25 18:00:00.075000+00:00
xyz:META,0.0000062500,0.0002668216,2026-03-25 19:00:00.037000+00:00
xyz:META,0.0000062500,0.0003478771,2026-03-25 20:00:00.025000+00:00
xyz:META,0.0000062500,0.0001602805,2026-03-25 21:00:00.066000+00:00
xyz:META,0.0000062500,0.0001927730,2026-03-25 22:00:00.023000+00:00
xyz:META,0.0000062500,0.0001804049,2026-03-25 23:00:00.072000+00:00
xyz:META,0.0000062500,0.0001602752,2026-03-26 00:00:00.035000+00:00
xyz:META,-0.0000061022,-0.0003976348,2026-03-26 01:00:00.006000+00:00
xyz:META,0.0000062500,-0.0000590994,2026-03-26 02:00:00.139000+00:00
xyz:META,0.0000062500,-0.0000024034,2026-03-26 03:00:00.114000+00:00
xyz:META,0.0000062500,0.0002818522,2026-03-26 04:00:00.110000+00:00
xyz:META,0.0000146504,0.0005344069,2026-03-26 05:00:00.097000+00:00
xyz:META,0.0000062500,0.0000885676,2026-03-26 06:00:00.014000+00:00
xyz:META,0.0000062500,0.0001303938,2026-03-26 07:00:00.009000+00:00
xyz:META,0.0000062500,0.0002023551,2026-03-26 08:00:00.094000+00:00
xyz:META,0.0000062500,0.0003318102,2026-03-26 09:00:00.075000+00:00
xyz:META,0.0000094592,0.0004513466,2026-03-26 10:00:00.001000+00:00
xyz:META,0.0000062500,0.0002018820,2026-03-26 11:00:00.072000+00:00
xyz:META,0.0000062500,0.0000421635,2026-03-26 12:00:00.020000+00:00
xyz:META,0.0000062500,0.0000152017,2026-03-26 13:00:00.078000+00:00
xyz:META,0.0000062500,0.0000107289,2026-03-26 14:00:00.066000+00:00
xyz:META,0.0000062500,0.0000522432,2026-03-26 15:00:00.018000+00:00
xyz:META,0.0000062500,0.0002890363,2026-03-26 16:00:00.055000+00:00
xyz:META,0.0000062500,0.0002819846,2026-03-26 17:00:00.026000+00:00
xyz:META,0.0000062500,0.0003850252,2026-03-26 18:00:00.030000+00:00
xyz:META,0.0000062500,0.0003777465,2026-03-26 19:00:00.003000+00:00
xyz:META,0.0000090809,0.0004452941,2026-03-26 20:00:00.077000+00:00
xyz:META,0.0000062500,0.0003931763,2026-03-26 21:00:00.031000+00:00
xyz:META,0.0000161609,0.0005585737,2026-03-26 22:00:00.068000+00:00
xyz:META,0.0000211416,0.0006382654,2026-03-26 23:00:00.071000+00:00
xyz:META,0.0000240945,0.0006855127,2026-03-27 00:00:00.013000+00:00
xyz:META,0.0000130305,0.0005084875,2026-03-27 01:00:00.004000+00:00
xyz:META,0.0000206566,0.0006305052,2026-03-27 02:00:00.007000+00:00
xyz:META,0.0000083824,0.0004341187,2026-03-27 03:00:00.045000+00:00
xyz:META,0.0000062500,0.0003509824,2026-03-27 04:00:00.027000+00:00
xyz:META,0.0000084080,0.0004345283,2026-03-27 05:00:00.055000+00:00
xyz:META,0.0000135655,0.0005170483,2026-03-27 06:00:00.021000+00:00
xyz:META,0.0000114088,0.0004825407,2026-03-27 07:00:00.047000+00:00
xyz:META,0.0000062500,0.0003354217,2026-03-27 08:00:00.042000+00:00
xyz:META,0.0000133612,0.0005137791,2026-03-27 09:00:00.078000+00:00
xyz:META,0.0000062500,0.0002998622,2026-03-27 10:00:00.011000+00:00
xyz:META,0.0000062500,0.0001181412,2026-03-27 11:00:00.056000+00:00
xyz:META,0.0000062500,0.0000947566,2026-03-27 12:00:00.073000+00:00
xyz:META,0.0000062500,0.0001802374,2026-03-27 13:00:00.020000+00:00
xyz:META,0.0000062500,0.0001958876,2026-03-27 14:00:00.027000+00:00
xyz:META,0.0000062500,0.0003339166,2026-03-27 15:00:00.082000+00:00
xyz:META,0.0000062500,0.0002423978,2026-03-27 16:00:00.069000+00:00
xyz:META,0.0000062500,0.0003298654,2026-03-27 17:00:00.063000+00:00
xyz:META,0.0000062500,0.0002852915,2026-03-27 18:00:00.018000+00:00
xyz:META,0.0000062500,0.0003794895,2026-03-27 19:00:00.017000+00:00
xyz:META,0.0000173208,0.0005771322,2026-03-27 20:00:00.043000+00:00
xyz:META,0.0000250237,0.0007003784,2026-03-27 21:00:00.064000+00:00
xyz:META,0.0000125107,0.0005001704,2026-03-27 22:00:00.044000+00:00
xyz:META,0.0000301116,0.0007817862,2026-03-27 23:00:00.008000+00:00
xyz:META,0.0000457009,0.0010312139,2026-03-28 00:00:00.062000+00:00
xyz:META,0.0000062500,0.0001892094,2026-03-28 01:00:00.004000+00:00
xyz:META,0.0000062500,0.0001284897,2026-03-28 02:00:00.051000+00:00
xyz:META,0.0000062500,-0.0000257810,2026-03-28 03:00:00.023000+00:00
xyz:META,0.0000062500,0.0001136586,2026-03-28 04:00:00.106000+00:00
xyz:META,0.0000062500,-0.0000089010,2026-03-28 05:00:00.055000+00:00
xyz:META,0.0000062500,0.0001798933,2026-03-28 06:00:00.067000+00:00
xyz:META,0.0000497889,0.0010966222,2026-03-28 07:00:00.039000+00:00
xyz:META,0.0000477856,0.0010645704,2026-03-28 08:00:00.007000+00:00
xyz:META,0.0000062500,0.0003387638,2026-03-28 09:00:00.008000+00:00
xyz:META,-0.0000380525,-0.0009088397,2026-03-28 10:00:00.014000+00:00
xyz:META,-0.0000104869,-0.0004677906,2026-03-28 11:00:00.095000+00:00
xyz:META,-0.0000125074,-0.0005001184,2026-03-28 12:00:00.014000+00:00
xyz:META,0.0000003393,-0.0002945720,2026-03-28 13:00:00.013000+00:00
xyz:META,0.0000080039,0.0004280629,2026-03-28 14:00:00.047000+00:00
xyz:META,0.0000456557,0.0010304919,2026-03-28 15:00:00.042000+00:00
xyz:META,0.0000574647,0.0012194354,2026-03-28 16:00:00.047000+00:00
xyz:META,0.0000540970,0.0011655515,2026-03-28 17:00:00.074000+00:00
xyz:META,0.0000386634,0.0009186145,2026-03-28 18:00:00.070000+00:00
xyz:META,0.0000410026,0.0009560414,2026-03-28 19:00:00.007000+00:00
xyz:META,0.0000296173,0.0007738760,2026-03-28 20:00:00.075000+00:00
xyz:META,0.0000352051,0.0008632810,2026-03-28 21:00:00.036000+00:00
xyz:META,0.0000325075,0.0008201198,2026-03-28 22:00:00.009000+00:00
xyz:META,0.0000275840,0.0007413436,2026-03-28 23:00:00.040000+00:00
xyz:META,0.0000062500,0.0002232734,2026-03-29 00:00:00.085000+00:00
xyz:META,0.0000062500,-0.0001625262,2026-03-29 01:00:00.068000+00:00
xyz:META,-0.0000056870,-0.0003909926,2026-03-29 02:00:00.040000+00:00
xyz:META,0.0000062500,-0.0001869434,2026-03-29 03:00:00.050000+00:00
xyz:META,0.0000147801,0.0005364811,2026-03-29 04:00:00.034000+00:00
xyz:META,0.0000237239,0.0006795816,2026-03-29 05:00:00.054000+00:00
xyz:META,0.0000062500,0.0002785419,2026-03-29 06:00:00.017000+00:00
xyz:META,0.0000062500,0.0001884152,2026-03-29 07:00:00.047000+00:00
xyz:META,-0.0000001571,-0.0003025140,2026-03-29 08:00:00.033000+00:00
xyz:META,-0.0000111011,-0.0004776176,2026-03-29 09:00:00.036000+00:00
xyz:META,-0.0000268453,-0.0007295253,2026-03-29 10:00:00.121000+00:00
xyz:META,-0.0000558076,-0.0011929224,2026-03-29 11:00:00.002000+00:00
xyz:META,-0.0000161307,-0.0005580908,2026-03-29 12:00:00.067000+00:00
xyz:META,0.0000062500,0.0002502301,2026-03-29 13:00:00.056000+00:00
xyz:META,0.0000111788,0.0004788604,2026-03-29 14:00:00.026000+00:00
xyz:META,0.0000227590,0.0006641446,2026-03-29 15:00:00.057000+00:00
xyz:META,0.0000062500,0.0003279014,2026-03-29 16:00:00.029000+00:00
xyz:META,0.0000092866,0.0004485857,2026-03-29 17:00:00.011000+00:00
xyz:META,0.0000096302,0.0004540825,2026-03-29 18:00:00.092000+00:00
xyz:META,0.0000335916,0.0008374664,2026-03-29 19:00:00.066000+00:00
xyz:META,0.0000466028,0.0010456442,2026-03-29 20:00:00.062000+00:00
xyz:META,0.0000367124,0.0008873985,2026-03-29 21:00:00.026000+00:00
xyz:META,0.0000193108,0.0006089727,2026-03-29 22:00:00.013000+00:00
xyz:META,0.0000062500,0.0002231105,2026-03-29 23:00:00.096000+00:00
xyz:META,-0.0000170432,-0.0005726917,2026-03-30 00:00:00.038000+00:00
xyz:META,0.0000062500,0.0003788216,2026-03-30 01:00:00.030000+00:00
xyz:META,0.0000062500,0.0000811894,2026-03-30 02:00:00.054000+00:00
xyz:META,0.0000112454,0.0004799265,2026-03-30 03:00:00.013000+00:00
xyz:META,0.0000120633,0.0004930129,2026-03-30 04:00:00.074000+00:00
xyz:META,0.0000160927,0.0005574836,2026-03-30 05:00:00.056000+00:00
xyz:META,0.0000163719,0.0005619506,2026-03-30 06:00:00.089000+00:00
xyz:META,0.0000215255,0.0006444076,2026-03-30 07:00:00.043000+00:00
xyz:META,0.0000180634,0.0005890143,2026-03-30 08:00:00.192000+00:00
xyz:META,0.0000235262,0.0006764190,2026-03-30 09:00:00.039000+00:00
xyz:META,0.0000159628,0.0005554055,2026-03-30 10:00:00.052000+00:00
xyz:META,0.0000062500,0.0002022238,2026-03-30 11:00:00.059000+00:00
xyz:META,0.0000062500,0.0003130543,2026-03-30 12:00:00.038000+00:00
xyz:META,0.0000160213,0.0005563400,2026-03-30 13:00:00.031000+00:00
xyz:META,0.0000062500,0.0003919990,2026-03-30 14:00:00.046000+00:00
xyz:META,0.0000062500,0.0002869618,2026-03-30 15:00:00.019000+00:00
xyz:META,0.0000067314,0.0004077030,2026-03-30 16:00:00.071000+00:00
xyz:META,0.0000062500,0.0001629163,2026-03-30 17:00:00.108000+00:00
xyz:META,0.0000062500,0.0000562835,2026-03-30 18:00:00.051000+00:00
xyz:META,0.0000062500,-0.0000452573,2026-03-30 19:00:00.085000+00:00
xyz:META,0.0000062500,0.0001935240,2026-03-30 20:00:00.055000+00:00
xyz:META,0.0000062500,0.0000855239,2026-03-30 21:00:00.095000+00:00
xyz:META,0.0000062500,0.0001426183,2026-03-30 22:00:00.021000+00:00
xyz:META,0.0000062500,0.0002957025,2026-03-30 23:00:00.066000+00:00
xyz:META,0.0000062500,0.0003184083,2026-03-31 00:00:00.016000+00:00
xyz:META,-0.0000052361,-0.0003837779,2026-03-31 01:00:00.038000+00:00
xyz:META,0.0000062500,0.0002670182,2026-03-31 02:00:00.066000+00:00
xyz:META,0.0000062500,0.0003912905,2026-03-31 03:00:00.092000+00:00
xyz:META,0.0000062500,0.0003937455,2026-03-31 04:00:00.073000+00:00
xyz:META,0.0000062500,0.0002931398,2026-03-31 05:00:00.062000+00:00
xyz:META,0.0000062500,0.0003585316,2026-03-31 06:00:00.022000+00:00
xyz:META,0.0000062500,0.0002840350,2026-03-31 07:00:00.045000+00:00
xyz:META,0.0000062500,0.0001997684,2026-03-31 08:00:00+00:00
xyz:META,0.0000156981,0.0005511696,2026-03-31 09:00:00.056000+00:00
xyz:META,0.0000062500,0.0003313531,2026-03-31 10:00:00.021000+00:00
xyz:META,0.0000062500,0.0002196054,2026-03-31 11:00:00.032000+00:00
xyz:META,0.0000062500,0.0001784587,2026-03-31 12:00:00.073000+00:00
xyz:META,0.0000062500,0.0002433169,2026-03-31 13:00:00.030000+00:00
xyz:META,0.0000062500,0.0001472896,2026-03-31 14:00:00.038000+00:00
xyz:META,0.0000062500,0.0000748356,2026-03-31 15:00:00.043000+00:00
xyz:META,0.0000062500,0.0000280603,2026-03-31 16:00:00.025000+00:00
xyz:META,0.0000062500,0.0001592347,2026-03-31 17:00:00.030000+00:00
xyz:META,0.0000062500,0.0003563114,2026-03-31 18:00:00.007000+00:00
xyz:META,0.0000062500,0.0002419117,2026-03-31 19:00:00.051000+00:00
xyz:META,0.0000062500,0.0001895326,2026-03-31 20:00:00.039000+00:00
xyz:META,0.0000062500,0.0001042568,2026-03-31 21:00:00.026000+00:00
xyz:META,0.0000062500,0.0001064305,2026-03-31 22:00:00.046000+00:00
xyz:META,0.0000062500,0.0001170533,2026-03-31 23:00:00.029000+00:00
xyz:META,0.0000062500,0.0000446452,2026-04-01 00:00:00.068000+00:00
xyz:META,0.0000062500,0.0000088148,2026-04-01 01:00:00.022000+00:00
xyz:META,0.0000062500,-0.0000784274,2026-04-01 02:00:00.050000+00:00
xyz:META,0.0000062500,-0.0000483217,2026-04-01 03:00:00.044000+00:00
xyz:META,0.0000062500,-0.0000770418,2026-04-01 04:00:00.042000+00:00
xyz:META,0.0000062500,-0.0001068057,2026-04-01 05:00:00.057000+00:00
xyz:META,0.0000062500,-0.0000698540,2026-04-01 06:00:00.051000+00:00
xyz:META,0.0000062500,0.0000314296,2026-04-01 07:00:00.039000+00:00
xyz:META,0.0000062500,0.0000470370,2026-04-01 08:00:00.062000+00:00
xyz:META,0.0000062500,-0.0000183779,2026-04-01 09:00:00.046000+00:00
xyz:META,0.0000062500,-0.0001306129,2026-04-01 10:00:00.050000+00:00
xyz:META,0.0000062500,0.0003766932,2026-04-01 11:00:00.068000+00:00
xyz:META,0.0000108104,0.0004729662,2026-04-01 12:00:00.081000+00:00
xyz:META,0.0000113016,0.0004808251,2026-04-01 13:00:00.011000+00:00
xyz:META,0.0000062500,0.0002597785,2026-04-01 14:00:00.131000+00:00
xyz:META,0.0000062500,0.0000969946,2026-04-01 15:00:00.029000+00:00
xyz:META,0.0000062500,0.0001562036,2026-04-01 16:00:00.078000+00:00
xyz:META,0.0000062500,0.0001616699,2026-04-01 17:00:00.076000+00:00
xyz:META,0.0000062500,0.0000662185,2026-04-01 18:00:00.071000+00:00
xyz:META,0.0000062500,0.0002530153,2026-04-01 19:00:00.017000+00:00
xyz:META,0.0000062500,0.0003098202,2026-04-01 20:00:00.045000+00:00
xyz:META,0.0000062500,0.0003523506,2026-04-01 21:00:00.041000+00:00
xyz:META,0.0000062500,0.0002780507,2026-04-01 22:00:00.030000+00:00
xyz:META,0.0000065981,0.0004055703,2026-04-01 23:00:00.042000+00:00
xyz:META,0.0000121108,0.0004937735,2026-04-02 00:00:00.177000+00:00
xyz:META,0.0000062500,0.0003549796,2026-04-02 01:00:00.004000+00:00
xyz:META,0.0000062500,0.0001536328,2026-04-02 02:00:00.060000+00:00
xyz:META,0.0000062500,0.0000648514,2026-04-02 03:00:00.041000+00:00
xyz:META,0.0000062500,0.0000561458,2026-04-02 04:00:00.059000+00:00
xyz:META,0.0000062500,-0.0001351959,2026-04-02 05:00:00.030000+00:00
xyz:META,0.0000062500,-0.0000258028,2026-04-02 06:00:00.039000+00:00
xyz:META,0.0000062500,-0.0000829143,2026-04-02 07:00:00.070000+00:00
xyz:META,0.0000062500,-0.0000054732,2026-04-02 08:00:00.129000+00:00
xyz:META,0.0000052027,-0.0002167570,2026-04-02 09:00:00.026000+00:00
xyz:META,0.0000062500,-0.0001482940,2026-04-02 10:00:00.051000+00:00
xyz:META,0.0000062500,-0.0000719354,2026-04-02 11:00:00.014000+00:00
xyz:META,0.0000062500,0.0000385028,2026-04-02 12:00:00.021000+00:00
xyz:META,0.0000062500,-0.0000094896,2026-04-02 13:00:00.075000+00:00
xyz:META,0.0000062500,0.0000316229,2026-04-02 14:00:00.049000+00:00
xyz:META,0.0000062500,0.0000695846,2026-04-02 15:00:00.065000+00:00
xyz:META,0.0000062500,-0.0000732978,2026-04-02 16:00:00.040000+00:00
xyz:META,0.0000062500,-0.0000488931,2026-04-02 17:00:00.022000+00:00
xyz:META,0.0000062500,0.0001100371,2026-04-02 18:00:00.037000+00:00
xyz:META,0.0000062500,0.0000521647,2026-04-02 19:00:00.006000+00:00
xyz:META,0.0000062500,0.0000628575,2026-04-02 20:00:00.023000+00:00
xyz:META,0.0000062500,0.0001429982,2026-04-02 21:00:00.131000+00:00
xyz:META,0.0000062500,0.0001992938,2026-04-02 22:00:00.013000+00:00
xyz:META,0.0000062500,-0.0000224624,2026-04-02 23:00:00.004000+00:00
xyz:META,0.0000062500,0.0000678230,2026-04-03 00:00:00.021000+00:00
xyz:META,0.0000062500,0.0000784398,2026-04-03 01:00:00.043000+00:00
xyz:META,-0.0000015957,-0.0003255306,2026-04-03 02:00:00.023000+00:00
xyz:META,-0.0000332616,-0.0008321857,2026-04-03 03:00:00.048000+00:00
xyz:META,-0.0000132008,-0.0005112121,2026-04-03 04:00:00.039000+00:00
xyz:META,-0.0000212284,-0.0006396543,2026-04-03 05:00:00.086000+00:00
xyz:META,0.0000037850,-0.0002394402,2026-04-03 06:00:00.049000+00:00
xyz:META,-0.0000299505,-0.0007792073,2026-04-03 07:00:00.028000+00:00
xyz:META,-0.0000324953,-0.0008199247,2026-04-03 08:00:00.069000+00:00
xyz:META,0.0000062500,-0.0001944253,2026-04-03 09:00:00.054000+00:00
xyz:META,0.0000060563,-0.0002030995,2026-04-03 10:00:00.043000+00:00
xyz:META,0.0000062500,-0.0000931800,2026-04-03 11:00:00.041000+00:00
xyz:META,-0.0000293009,-0.0007688140,2026-04-03 12:00:00.031000+00:00
xyz:META,0.0000046107,-0.0002262290,2026-04-03 13:00:00.058000+00:00
xyz:META,-0.0000217004,-0.0006472060,2026-04-03 14:00:00.001000+00:00
xyz:META,-0.0000086251,-0.0004380012,2026-04-03 15:00:00.044000+00:00
xyz:META,0.0000013546,-0.0002783268,2026-04-03 16:00:00.033000+00:00
xyz:META,-0.0000053626,-0.0003858016,2026-04-03 17:00:00.040000+00:00
xyz:META,0.0000062500,-0.0001978154,2026-04-03 18:00:00.069000+00:00
xyz:META,0.0000062500,-0.0001340066,2026-04-03 19:00:00.026000+00:00
xyz:META,-0.0000006208,-0.0003099321,2026-04-03 20:00:00.036000+00:00
xyz:META,0.0000003986,-0.0002936218,2026-04-03 21:00:00.048000+00:00
xyz:META,0.0000062500,0.0002781191,2026-04-03 22:00:00.031000+00:00
xyz:META,0.0000062500,0.0000046465,2026-04-03 23:00:00.039000+00:00
xyz:META,0.0000062500,-0.0001475146,2026-04-04 00:00:00.063000+00:00
xyz:META,0.0000062500,-0.0000988680,2026-04-04 01:00:00.014000+00:00
xyz:META,-0.0000380225,-0.0009083596,2026-04-04 02:00:00.021000+00:00
xyz:META,-0.0000285404,-0.0007566462,2026-04-04 03:00:00.064000+00:00
xyz:META,-0.0000131175,-0.0005098800,2026-04-04 04:00:00.011000+00:00
xyz:META,-0.0000182054,-0.0005912863,2026-04-04 05:00:00.063000+00:00
xyz:META,-0.0000186208,-0.0005979323,2026-04-04 06:00:00.057000+00:00
xyz:META,-0.0000237258,-0.0006796131,2026-04-04 07:00:00.051000+00:00
xyz:META,-0.0000184623,-0.0005953972,2026-04-04 08:00:00.033000+00:00
xyz:META,-0.0000254963,-0.0007079406,2026-04-04 09:00:00.008000+00:00
xyz:META,-0.0000202186,-0.0006234972,2026-04-04 10:00:00.029000+00:00
xyz:META,-0.0000117840,-0.0004885447,2026-04-04 11:00:00.050000+00:00
xyz:META,-0.0000024060,-0.0003384964,2026-04-04 12:00:00.009000+00:00
xyz:META,0.0000057973,-0.0002072438,2026-04-04 13:00:00.107000+00:00
xyz:META,-0.0000034897,-0.0003558350,2026-04-04 14:00:00.065000+00:00
xyz:META,-0.0000140799,-0.0005252787,2026-04-04 15:00:00.008000+00:00
xyz:META,-0.0000026492,-0.0003423866,2026-04-04 16:00:00.038000+00:00
xyz:META,0.0000062500,-0.0000560331,2026-04-04 17:00:00.041000+00:00
xyz:META,0.0000062500,0.0001307470,2026-04-04 18:00:00.064000+00:00
xyz:META,0.0000062500,0.0003224045,2026-04-04 19:00:00.012000+00:00
xyz:META,0.0000063514,0.0004016228,2026-04-04 20:00:00.063000+00:00
xyz:META,0.0000062500,0.0003478231,2026-04-04 21:00:00.037000+00:00
xyz:META,0.0000062500,0.0002786612,2026-04-04 22:00:00.032000+00:00
xyz:META,0.0000062500,0.0001790480,2026-04-04 23:00:00.014000+00:00
xyz:META,0.0000062500,0.0002248580,2026-04-05 00:00:00.047000+00:00
xyz:META,0.0000062500,0.0002916194,2026-04-05 01:00:00.058000+00:00
xyz:META,0.0000062500,-0.0001837075,2026-04-05 02:00:00.058000+00:00
xyz:META,0.0000054488,-0.0002128196,2026-04-05 03:00:00.014000+00:00
xyz:META,-0.0000071365,-0.0004141848,2026-04-05 04:00:00.022000+00:00
xyz:META,-0.0000364278,-0.0008828454,2026-04-05 05:00:00.024000+00:00
xyz:META,-0.0000366265,-0.0008860236,2026-04-05 06:00:00.051000+00:00
xyz:META,-0.0000661086,-0.0013577370,2026-04-05 07:00:00.048000+00:00
xyz:META,-0.0000418327,-0.0009693225,2026-04-05 08:00:00.066000+00:00
xyz:META,-0.0000154320,-0.0005469125,2026-04-05 09:00:00.017000+00:00
xyz:META,0.0000062500,-0.0000753462,2026-04-05 10:00:00.017000+00:00
xyz:META,0.0000229665,0.0006674643,2026-04-05 11:00:00.024000+00:00
xyz:META,0.0000062500,0.0000222508,2026-04-05 12:00:00.017000+00:00
xyz:META,-0.0000269399,-0.0007310381,2026-04-05 13:00:00.047000+00:00
xyz:META,-0.0000242522,-0.0006880348,2026-04-05 14:00:00.057000+00:00
xyz:META,-0.0000444366,-0.0010109859,2026-04-05 15:00:00.081000+00:00
xyz:META,0.0000062500,-0.0000839818,2026-04-05 16:00:00.031000+00:00
xyz:META,0.0000137589,0.0005201423,2026-04-05 17:00:00.049000+00:00
xyz:META,0.0000108894,0.0004742299,2026-04-05 18:00:00.042000+00:00
xyz:META,0.0000160334,0.0005565338,2026-04-05 19:00:00.041000+00:00
xyz:META,0.0000850397,0.0016606349,2026-04-05 20:00:00.030000+00:00
xyz:META,0.0000367314,0.0008877026,2026-04-05 21:00:00.003000+00:00
xyz:META,0.0000377605,0.0009041675,2026-04-05 22:00:00.060000+00:00
xyz:META,-0.0000760527,-0.0015168433,2026-04-05 23:00:00.020000+00:00
xyz:META,-0.0000173495,-0.0005775928,2026-04-06 00:00:00.029000+00:00
xyz:META,0.0000167876,0.0005686009,2026-04-06 01:00:00.040000+00:00
xyz:META,0.0000263664,0.0007218625,2026-04-06 02:00:00+00:00
xyz:META,0.0000368092,0.0008889469,2026-04-06 03:00:00.049000+00:00
xyz:META,0.0000062500,0.0003015027,2026-04-06 04:00:00.002000+00:00
xyz:META,0.0000285867,0.0007573867,2026-04-06 05:00:00.047000+00:00
xyz:META,0.0000204753,0.0006276047,2026-04-06 06:00:00.025000+00:00
xyz:META,0.0000400499,0.0009407987,2026-04-06 07:00:00.064000+00:00
xyz:META,0.0000275061,0.0007400978,2026-04-06 08:00:00.053000+00:00
xyz:META,0.0000113731,0.0004819693,2026-04-06 09:00:00.012000+00:00
xyz:META,0.0000236162,0.0006778595,2026-04-06 10:00:00.006000+00:00
xyz:META,0.0000163769,0.0005620308,2026-04-06 11:00:00.016000+00:00
xyz:META,0.0000165124,0.0005641987,2026-04-06 12:00:00.072000+00:00
xyz:META,0.0000109429,0.0004750870,2026-04-06 13:00:00.031000+00:00
xyz:META,0.0000122014,0.0004952217,2026-04-06 14:00:00.066000+00:00
xyz:META,0.0000062500,0.0002166750,2026-04-06 15:00:00.048000+00:00
xyz:META,0.0000062500,0.0002817601,2026-04-06 16:00:00.056000+00:00
xyz:META,0.0000062500,0.0003325805,2026-04-06 17:00:00.002000+00:00
xyz:META,0.0000062500,0.0002568656,2026-04-06 18:00:00.039000+00:00
xyz:META,0.0000062500,0.0001325884,2026-04-06 19:00:00+00:00
xyz:META,0.0000062500,0.0001816422,2026-04-06 20:00:00.078000+00:00
xyz:META,0.0000062500,0.0001188720,2026-04-06 21:00:00.054000+00:00
xyz:META,0.0000062500,0.0001446794,2026-04-06 22:00:00.043000+00:00
xyz:META,0.0000062500,0.0000492712,2026-04-06 23:00:00.021000+00:00
xyz:META,0.0000062500,0.0001052054,2026-04-07 00:00:00.046000+00:00
xyz:META,0.0000062500,0.0003665805,2026-04-07 01:00:00.015000+00:00
xyz:META,0.0000062500,0.0002712089,2026-04-07 02:00:00.012000+00:00
xyz:META,0.0000062500,0.0001145371,2026-04-07 03:00:00.093000+00:00
xyz:META,0.0000062500,0.0003336905,2026-04-07 04:00:00.017000+00:00
xyz:META,0.0000062500,0.0001212411,2026-04-07 05:00:00.006000+00:00
xyz:META,0.0000062500,0.0000551595,2026-04-07 06:00:00.030000+00:00
xyz:META,0.0000062500,0.0000386831,2026-04-07 07:00:00.064000+00:00
xyz:META,0.0000062500,0.0001751234,2026-04-07 08:00:00.020000+00:00
xyz:META,0.0000062500,-0.0001357462,2026-04-07 09:00:00.031000+00:00
xyz:META,0.0000062500,0.0000824409,2026-04-07 10:00:00.005000+00:00
xyz:META,0.0000062500,0.0003266206,2026-04-07 11:00:00.030000+00:00
xyz:META,0.0000062500,0.0001871205,2026-04-07 12:00:00.037000+00:00
xyz:META,0.0000062500,0.0000328670,2026-04-07 13:00:00.060000+00:00
xyz:META,0.0000062500,0.0002203533,2026-04-07 14:00:00.027000+00:00
xyz:META,0.0000062500,0.0000985799,2026-04-07 15:00:00.041000+00:00
xyz:META,0.0000062500,0.0001101806,2026-04-07 16:00:00.036000+00:00
xyz:META,0.0000062500,0.0000643537,2026-04-07 17:00:00.024000+00:00
xyz:META,0.0000062500,0.0002005992,2026-04-07 18:00:00.013000+00:00
xyz:META,0.0000070145,0.0004122315,2026-04-07 19:00:00.017000+00:00
xyz:META,0.0000062500,0.0002905953,2026-04-07 20:00:00.041000+00:00
xyz:META,0.0000112208,0.0004795323,2026-04-07 21:00:00.062000+00:00
xyz:META,0.0000201352,0.0006221633,2026-04-07 22:00:00.029000+00:00
xyz:META,0.0000189734,0.0006035739,2026-04-07 23:00:00.038000+00:00
xyz:META,0.0000062500,0.0001915361,2026-04-08 00:00:00.094000+00:00
xyz:META,0.0000015656,-0.0002749497,2026-04-08 01:00:00.057000+00:00
xyz:META,0.0000036456,-0.0002416698,2026-04-08 02:00:00.043000+00:00
xyz:META,0.0000062500,-0.0000142355,2026-04-08 03:00:00.059000+00:00
xyz:META,0.0000062500,0.0000843767,2026-04-08 04:00:00.012000+00:00
xyz:META,0.0000062500,0.0003220638,2026-04-08 05:00:00.056000+00:00
xyz:META,0.0000293806,0.0007700895,2026-04-08 06:00:00.065000+00:00
xyz:META,0.0000112879,0.0004806062,2026-04-08 07:00:00.039000+00:00
xyz:META,0.0000062500,0.0003574985,2026-04-08 08:00:00.005000+00:00
xyz:META,0.0000062500,0.0000659102,2026-04-08 09:00:00.047000+00:00
xyz:META,0.0000062500,0.0001560927,2026-04-08 10:00:00.004000+00:00
xyz:META,0.0000062500,0.0002730624,2026-04-08 11:00:00.027000+00:00
xyz:META,0.0000062500,0.0002969769,2026-04-08 12:00:00+00:00
xyz:META,0.0000062500,0.0003874300,2026-04-08 13:00:00.019000+00:00
xyz:META,0.0000062500,0.0002085136,2026-04-08 14:00:00.064000+00:00
xyz:META,0.0000062500,0.0000706310,2026-04-08 15:00:00.025000+00:00
xyz:META,0.0000062500,0.0000873663,2026-04-08 16:00:00.054000+00:00
xyz:META,0.0000062500,0.0000635142,2026-04-08 17:00:00.009000+00:00
xyz:META,0.0000062500,0.0001316183,2026-04-08 18:00:00.046000+00:00
xyz:META,0.0000062500,0.0000658295,2026-04-08 19:00:00.026000+00:00
xyz:META,0.0000062500,0.0001188431,2026-04-08 20:00:00.068000+00:00
xyz:META,0.0000062500,0.0001896000,2026-04-08 21:00:00.031000+00:00
xyz:META,0.0000062500,0.0001778006,2026-04-08 22:00:00.010000+00:00
xyz:META,0.0000062500,0.0001919020,2026-04-08 23:00:00.039000+00:00
xyz:META,0.0000062500,0.0001652499,2026-04-09 00:00:00.070000+00:00
xyz:META,0.0000072296,0.0004156731,2026-04-09 01:00:00.023000+00:00
xyz:META,0.0000062500,0.0002335658,2026-04-09 02:00:00.010000+00:00
xyz:META,0.0000062500,0.0000505885,2026-04-09 03:00:00.053000+00:00
xyz:META,0.0000062500,0.0001761538,2026-04-09 04:00:00.015000+00:00
xyz:META,0.0000062500,0.0001692992,2026-04-09 05:00:00.007000+00:00
xyz:META,0.0000085745,0.0004371913,2026-04-09 06:00:00.021000+00:00
xyz:META,0.0000083743,0.0004339894,2026-04-09 07:00:00.001000+00:00
xyz:META,0.0000062500,0.0003522529,2026-04-09 08:00:00.056000+00:00
xyz:META,0.0000062500,0.0001504913,2026-04-09 09:00:00.008000+00:00
xyz:META,0.0000062500,-0.0000381039,2026-04-09 10:00:00.006000+00:00
xyz:META,0.0000062500,0.0000668814,2026-04-09 11:00:00.010000+00:00
xyz:META,0.0000062500,-0.0000198365,2026-04-09 12:00:00.054000+00:00
xyz:META,0.0000062500,-0.0001062556,2026-04-09 13:00:00.004000+00:00
xyz:META,0.0000062500,-0.0000556719,2026-04-09 14:00:00.056000+00:00
xyz:META,0.0000062500,-0.0000798689,2026-04-09 15:00:00.041000+00:00
xyz:META,0.0000062500,-0.0000114142,2026-04-09 16:00:00.011000+00:00
xyz:META,0.0000062500,0.0001205896,2026-04-09 17:00:00.012000+00:00
xyz:META,0.0000062500,0.0001444882,2026-04-09 18:00:00.001000+00:00
xyz:META,0.0000062500,0.0002893351,2026-04-09 19:00:00.031000+00:00
xyz:META,0.0000104897,0.0004678353,2026-04-09 20:00:00.004000+00:00
xyz:META,0.0000163329,0.0005613261,2026-04-09 21:00:00.018000+00:00
xyz:META,0.0000234514,0.0006752218,2026-04-09 22:00:00+00:00
xyz:META,0.0000062500,0.0003290521,2026-04-09 23:00:00.071000+00:00
xyz:META,0.0000062500,0.0001189088,2026-04-10 00:00:00.062000+00:00
xyz:META,-0.0000101177,-0.0004618831,2026-04-10 01:00:00.013000+00:00
xyz:META,0.0000042432,-0.0002321090,2026-04-10 02:00:00.002000+00:00
xyz:META,0.0000062500,-0.0000967745,2026-04-10 03:00:00.040000+00:00
xyz:META,0.0000062500,0.0003491225,2026-04-10 04:00:00.047000+00:00
xyz:META,0.0000062500,0.0001269857,2026-04-10 05:00:00.031000+00:00
xyz:META,0.0000062500,0.0002736940,2026-04-10 06:00:00.026000+00:00
xyz:META,0.0000062500,0.0001827113,2026-04-10 07:00:00.016000+00:00
xyz:META,0.0000062500,0.0001751456,2026-04-10 08:00:00+00:00
xyz:META,0.0000062500,0.0001789277,2026-04-10 09:00:00.015000+00:00
xyz:META,0.0000062500,0.0000420226,2026-04-10 10:00:00.028000+00:00
xyz:META,0.0000062500,0.0000516887,2026-04-10 11:00:00.010000+00:00
xyz:META,0.0000062500,0.0002697930,2026-04-10 12:00:00.057000+00:00
xyz:META,0.0000107095,0.0004713526,2026-04-10 13:00:00.032000+00:00
xyz:META,0.0000062500,0.0002809643,2026-04-10 14:00:00.008000+00:00
xyz:META,0.0000062500,0.0001496532,2026-04-10 15:00:00.005000+00:00
xyz:META,0.0000062500,0.0002882397,2026-04-10 16:00:00.053000+00:00
xyz:META,0.0000062500,0.0002733205,2026-04-10 17:00:00.022000+00:00
xyz:META,0.0000062500,0.0003039084,2026-04-10 18:00:00.021000+00:00
xyz:META,0.0000062500,0.0002568782,2026-04-10 19:00:00.046000+00:00
xyz:META,0.0000062500,0.0002768759,2026-04-10 20:00:00.009000+00:00
xyz:META,0.0000062500,0.0000596787,2026-04-10 21:00:00.010000+00:00
xyz:META,0.0000062500,0.0000942192,2026-04-10 22:00:00.079000+00:00
xyz:META,0.0000062500,0.0000900027,2026-04-10 23:00:00.055000+00:00
xyz:META,0.0000062500,0.0003565870,2026-04-11 00:00:00.015000+00:00
xyz:META,-0.0001361254,-0.0024780058,2026-04-11 01:00:00.006000+00:00
xyz:META,-0.0000401845,-0.0009429521,2026-04-11 02:00:00.020000+00:00
xyz:META,0.0000062500,0.0001095460,2026-04-11 03:00:00.039000+00:00
xyz:META,0.0000062500,0.0001914573,2026-04-11 04:00:00.013000+00:00
xyz:META,0.0000062500,0.0002618038,2026-04-11 05:00:00.005000+00:00
xyz:META,0.0000062500,0.0003621031,2026-04-11 06:00:00.024000+00:00
xyz:META,0.0000062500,0.0003353317,2026-04-11 07:00:00.016000+00:00
xyz:META,0.0000062500,0.0003504329,2026-04-11 08:00:00.002000+00:00
xyz:META,0.0000062500,0.0000917955,2026-04-11 09:00:00.042000+00:00
xyz:META,0.0000062500,0.0001782071,2026-04-11 10:00:00.048000+00:00
xyz:META,0.0000293420,0.0007694723,2026-04-11 11:00:00.040000+00:00
xyz:META,0.0000133921,0.0005142742,2026-04-11 12:00:00.055000+00:00
xyz:META,0.0000136442,0.0005183076,2026-04-11 13:00:00.047000+00:00
xyz:META,0.0000062500,0.0001007757,2026-04-11 14:00:00.001000+00:00
xyz:META,0.0000062500,0.0000389762,2026-04-11 15:00:00.041000+00:00
xyz:META,0.0000062500,-0.0000318379,2026-04-11 16:00:00.034000+00:00
xyz:META,0.0000462370,0.0010397916,2026-04-11 17:00:00.008000+00:00
xyz:META,0.0001589228,0.0028427640,2026-04-11 18:00:00.033000+00:00
xyz:META,0.0001155748,0.0021491963,2026-04-11 19:00:00.047000+00:00
xyz:META,0.0000510169,0.0011162708,2026-04-11 20:00:00.023000+00:00
xyz:META,0.0000304088,0.0007865415,2026-04-11 21:00:00.058000+00:00
xyz:META,0.0000114347,0.0004829558,2026-04-11 22:00:00.036000+00:00
xyz:META,0.0000062500,-0.0001338642,2026-04-11 23:00:00.020000+00:00
xyz:META,-0.0000125523,-0.0005008370,2026-04-12 00:00:00.067000+00:00
xyz:META,0.0000062500,0.0000022802,2026-04-12 01:00:00.044000+00:00
xyz:META,-0.0001066198,-0.0020059168,2026-04-12 02:00:00.031000+00:00
xyz:META,-0.0003308297,-0.0055932749,2026-04-12 03:00:00.029000+00:00
xyz:META,-0.0001957700,-0.0034323201,2026-04-12 04:00:00.055000+00:00
xyz:META,-0.0000795133,-0.0015722135,2026-04-12 05:00:00.066000+00:00
xyz:META,-0.0000575884,-0.0012214149,2026-04-12 06:00:00.047000+00:00
xyz:META,0.0000002777,-0.0002955564,2026-04-12 07:00:00.004000+00:00
xyz:META,-0.0000074674,-0.0004194782,2026-04-12 08:00:00.022000+00:00
xyz:META,-0.0000471577,-0.0010545236,2026-04-12 09:00:00.049000+00:00
xyz:META,-0.0000451589,-0.0010225425,2026-04-12 10:00:00.011000+00:00
xyz:META,-0.0000050595,-0.0003809527,2026-04-12 11:00:00.022000+00:00
xyz:META,-0.0000281687,-0.0007506996,2026-04-12 12:00:00.040000+00:00
xyz:META,-0.0000286577,-0.0007585233,2026-04-12 13:00:00.028000+00:00
xyz:META,-0.0000963874,-0.0018421988,2026-04-12 14:00:00.064000+00:00
xyz:META,-0.0001145268,-0.0021324287,2026-04-12 15:00:00.065000+00:00
xyz:META,-0.0001087218,-0.0020395482,2026-04-12 16:00:00.046000+00:00
xyz:META,-0.0001080819,-0.0020293111,2026-04-12 17:00:00.054000+00:00
xyz:META,-0.0000620604,-0.0012929665,2026-04-12 18:00:00.035000+00:00
xyz:META,0.0000062500,0.0003587545,2026-04-12 19:00:00.028000+00:00
xyz:META,-0.0000005736,-0.0003091771,2026-04-12 20:00:00.062000+00:00
xyz:META,-0.0000536651,-0.0011586417,2026-04-12 21:00:00.049000+00:00
xyz:META,-0.0000594796,-0.0012516736,2026-04-12 22:00:00.058000+00:00
xyz:META,0.0001588155,0.0028410480,2026-04-12 23:00:00.048000+00:00
xyz:META,0.0000743556,0.0014896902,2026-04-13 00:00:00.013000+00:00
xyz:META,0.0000062500,0.0002309017,2026-04-13 01:00:00.031000+00:00
xyz:META,0.0000065205,0.0004043281,2026-04-13 02:00:00.001000+00:00
xyz:META,0.0000062500,0.0003888627,2026-04-13 03:00:00.056000+00:00
xyz:META,0.0000087343,0.0004397483,2026-04-13 04:00:00.056000+00:00
xyz:META,0.0000192404,0.0006078470,2026-04-13 05:00:00.032000+00:00
xyz:META,0.0000158007,0.0005528111,2026-04-13 06:00:00.007000+00:00
xyz:META,0.0000179745,0.0005875916,2026-04-13 07:00:00.011000+00:00
xyz:META,0.0000062500,0.0002316457,2026-04-13 08:00:00.015000+00:00
xyz:META,0.0000062500,0.0001142781,2026-04-13 09:00:00.013000+00:00
xyz:META,0.0000062500,-0.0001208812,2026-04-13 10:00:00.032000+00:00
xyz:META,0.0000062500,-0.0000559471,2026-04-13 11:00:00.011000+00:00
xyz:META,0.0000062500,0.0000372989,2026-04-13 12:00:00.063000+00:00
xyz:META,0.0000062500,0.0002121303,2026-04-13 13:00:00.036000+00:00
xyz:META,0.0000062500,0.0003161475,2026-04-13 14:00:00.007000+00:00
xyz:META,0.0000062500,0.0003988160,2026-04-13 15:00:00.114000+00:00
xyz:META,0.0000062500,0.0003768740,2026-04-13 16:00:00.016000+00:00
xyz:META,0.0000062500,0.0002796228,2026-04-13 17:00:00.028000+00:00
xyz:META,0.0000062500,0.0003160767,2026-04-13 18:00:00.040000+00:00
xyz:META,0.0000062500,0.0002366293,2026-04-13 19:00:00.055000+00:00
xyz:META,0.0000062500,0.0002319229,2026-04-13 20:00:00.032000+00:00
xyz:META,0.0000062500,0.0001595245,2026-04-13 21:00:00.038000+00:00
xyz:META,0.0000062500,0.0002692447,2026-04-13 22:00:00.023000+00:00
xyz:META,0.0000062500,0.0003330686,2026-04-13 23:00:00.008000+00:00
xyz:META,0.0000062500,0.0003943716,2026-04-14 00:00:00.020000+00:00
xyz:META,0.0000062500,0.0003377263,2026-04-14 01:00:00.057000+00:00
xyz:META,0.0000062500,0.0002713048,2026-04-14 02:00:00.017000+00:00
xyz:META,0.0000062500,0.0000632965,2026-04-14 03:00:00.043000+00:00
xyz:META,0.0000062500,0.0003743842,2026-04-14 04:00:00.009000+00:00
xyz:META,0.0000089827,0.0004437228,2026-04-14 05:00:00.054000+00:00
xyz:META,0.0000104996,0.0004679930,2026-04-14 06:00:00.057000+00:00
xyz:META,0.0000121186,0.0004938977,2026-04-14 07:00:00.076000+00:00
xyz:META,0.0000062500,0.0002820833,2026-04-14 08:00:00.066000+00:00
xyz:META,0.0000062500,0.0000490060,2026-04-14 09:00:00.041000+00:00
xyz:META,0.0000062500,0.0001511233,2026-04-14 10:00:00.010000+00:00
xyz:META,0.0000062500,0.0002929692,2026-04-14 11:00:00.030000+00:00
xyz:META,0.0000062500,0.0002850244,2026-04-14 12:00:00.053000+00:00
xyz:META,0.0000062500,0.0001138871,2026-04-14 13:00:00.039000+00:00
xyz:META,0.0000062500,0.0002036887,2026-04-14 14:00:00.012000+00:00
xyz:META,0.0000062500,0.0002673000,2026-04-14 15:00:00.056000+00:00
xyz:META,0.0000062500,0.0002703566,2026-04-14 16:00:00.029000+00:00
xyz:META,0.0000062500,0.0002197808,2026-04-14 17:00:00.057000+00:00
xyz:META,0.0000062500,0.0001157179,2026-04-14 18:00:00.062000+00:00
xyz:META,0.0000062500,0.0001534256,2026-04-14 19:00:00.040000+00:00
xyz:META,0.0000062500,0.0001953318,2026-04-14 20:00:00+00:00
xyz:META,0.0000062500,0.0002316887,2026-04-14 21:00:00.003000+00:00
xyz:META,0.0000062500,0.0003580730,2026-04-14 22:00:00.001000+00:00
xyz:META,0.0000062500,0.0002069436,2026-04-14 23:00:00.021000+00:00
xyz:META,0.0000062500,0.0002180138,2026-04-15 00:00:00.015000+00:00
xyz:META,0.0000062500,0.0001912319,2026-04-15 01:00:00.054000+00:00
xyz:META,0.0000062500,0.0002456082,2026-04-15 02:00:00.036000+00:00
xyz:META,0.0000098687,0.0004578996,2026-04-15 03:00:00.065000+00:00
xyz:META,0.0000128945,0.0005063113,2026-04-15 04:00:00.053000+00:00
xyz:META,0.0000065862,0.0004053798,2026-04-15 05:00:00.029000+00:00
xyz:META,0.0000118293,0.0004892696,2026-04-15 06:00:00.060000+00:00
xyz:META,0.0000134125,0.0005145994,2026-04-15 07:00:00.038000+00:00
xyz:META,0.0000118561,0.0004896974,2026-04-15 08:00:00.009000+00:00
xyz:META,0.0000062500,0.0001107693,2026-04-15 09:00:00.024000+00:00
xyz:META,0.0000062500,0.0001830869,2026-04-15 10:00:00.027000+00:00
xyz:META,0.0000062500,0.0002665224,2026-04-15 11:00:00.067000+00:00
xyz:META,0.0000062500,0.0002308912,2026-04-15 12:00:00.030000+00:00
xyz:META,0.0000062500,0.0002558964,2026-04-15 13:00:00.008000+00:00
xyz:META,0.0000062500,0.0000931200,2026-04-15 14:00:00.035000+00:00
xyz:META,0.0000062500,0.0002054067,2026-04-15 15:00:00.057000+00:00
xyz:META,0.0000062500,0.0001406150,2026-04-15 16:00:00.025000+00:00
xyz:META,0.0000062500,0.0001442483,2026-04-15 17:00:00.022000+00:00
xyz:META,0.0000062500,0.0001358418,2026-04-15 18:00:00.030000+00:00
xyz:META,0.0000062500,0.0000911432,2026-04-15 19:00:00.062000+00:00
xyz:META,0.0000062500,0.0001547199,2026-04-15 20:00:00.014000+00:00
xyz:META,0.0000062500,0.0000035079,2026-04-15 21:00:00.049000+00:00
xyz:META,0.0000188256,0.0006012091,2026-04-15 22:00:00.067000+00:00
xyz:META,0.0000255072,0.0007081156,2026-04-15 23:00:00.056000+00:00
xyz:META,0.0000103320,0.0004653120,2026-04-16 00:00:00.044000+00:00
xyz:META,0.0000109915,0.0004758641,2026-04-16 01:00:00.022000+00:00
xyz:META,0.0000227655,0.0006642484,2026-04-16 02:00:00.010000+00:00
xyz:META,0.0000250383,0.0007006131,2026-04-16 03:00:00.053000+00:00
xyz:META,0.0000321402,0.0008142438,2026-04-16 04:00:00.006000+00:00
xyz:META,0.0000265996,0.0007255938,2026-04-16 05:00:00.042000+00:00
xyz:META,0.0000207973,0.0006327563,2026-04-16 06:00:00.031000+00:00
xyz:META,0.0000252293,0.0007036690,2026-04-16 07:00:00.012000+00:00
xyz:META,0.0000293515,0.0007696244,2026-04-16 08:00:00.062000+00:00
xyz:META,0.0000115089,0.0004841421,2026-04-16 09:00:00.045000+00:00
xyz:META,0.0000062500,0.0003827610,2026-04-16 10:00:00.004000+00:00
xyz:META,0.0000062500,0.0003221296,2026-04-16 11:00:00.035000+00:00
xyz:META,0.0000062500,0.0003141499,2026-04-16 12:00:00.042000+00:00
xyz:META,0.0000062500,0.0003922185,2026-04-16 13:00:00.030000+00:00
xyz:META,0.0000062500,0.0003804517,2026-04-16 14:00:00.019000+00:00
xyz:META,0.0000062500,0.0002640406,2026-04-16 15:00:00.047000+00:00
xyz:META,0.0000062500,0.0002521661,2026-04-16 16:00:00.051000+00:00
xyz:META,0.0000062500,0.0003006373,2026-04-16 17:00:00.013000+00:00
xyz:META,0.0000062500,0.0003398464,2026-04-16 18:00:00.034000+00:00
xyz:META,0.0000062500,0.0002813508,2026-04-16 19:00:00.064000+00:00
xyz:META,0.0000062500,0.0003208445,2026-04-16 20:00:00.016000+00:00
xyz:META,0.0000062500,0.0003810703,2026-04-16 21:00:00.025000+00:00
xyz:META,0.0000062500,0.0002604075,2026-04-16 22:00:00.043000+00:00
xyz:META,0.0000062500,0.0001489045,2026-04-16 23:00:00.041000+00:00
xyz:META,0.0000062500,0.0000532056,2026-04-17 00:00:00.030000+00:00
xyz:META,0.0000062500,0.0003305212,2026-04-17 01:00:00.015000+00:00
xyz:META,0.0000062500,0.0001965410,2026-04-17 02:00:00.026000+00:00
xyz:META,0.0000062500,-0.0000300066,2026-04-17 03:00:00.010000+00:00
xyz:META,0.0000062500,-0.0001257695,2026-04-17 04:00:00.064000+00:00
xyz:META,-0.0000018409,-0.0003294550,2026-04-17 05:00:00.052000+00:00
xyz:META,0.0000018021,-0.0002711668,2026-04-17 06:00:00.017000+00:00
xyz:META,0.0000062500,-0.0000752071,2026-04-17 07:00:00.065000+00:00
xyz:META,0.0000062500,0.0000228357,2026-04-17 08:00:00.042000+00:00
xyz:META,0.0000062500,0.0000135506,2026-04-17 09:00:00.035000+00:00
xyz:META,0.0000062500,0.0000234446,2026-04-17 10:00:00.011000+00:00
xyz:META,0.0000062500,-0.0000743258,2026-04-17 11:00:00.038000+00:00
xyz:META,0.0000062500,0.0000776531,2026-04-17 12:00:00.064000+00:00
xyz:META,0.0000062500,0.0001221922,2026-04-17 13:00:00.036000+00:00
xyz:META,0.0000062500,0.0001146251,2026-04-17 14:00:00+00:00
xyz:META,0.0000062500,0.0001234565,2026-04-17 15:00:00.059000+00:00
xyz:META,0.0000062500,0.0001577882,2026-04-17 16:00:00.039000+00:00
xyz:META,0.0000062500,0.0001290845,2026-04-17 17:00:00.046000+00:00
xyz:META,0.0000062500,0.0001329872,2026-04-17 18:00:00.052000+00:00
xyz:META,0.0000062500,0.0002663958,2026-04-17 19:00:00.019000+00:00
xyz:META,0.0000062500,0.0002663024,2026-04-17 20:00:00.065000+00:00
xyz:META,0.0000062500,0.0002790098,2026-04-17 21:00:00.012000+00:00
xyz:META,0.0000062500,0.0002124455,2026-04-17 22:00:00.042000+00:00
xyz:META,0.0000062500,0.0003465025,2026-04-17 23:00:00.022000+00:00
xyz:META,0.0000062500,0.0001417383,2026-04-18 00:00:00.064000+00:00
xyz:META,-0.0000760125,-0.0015162004,2026-04-18 01:00:00.049000+00:00
xyz:META,-0.0000803881,-0.0015862097,2026-04-18 02:00:00.042000+00:00
xyz:META,0.0000062500,-0.0001574990,2026-04-18 03:00:00.031000+00:00
xyz:META,0.0000150951,0.0005415214,2026-04-18 04:00:00.009000+00:00
xyz:META,-0.0000195446,-0.0006127142,2026-04-18 05:00:00.060000+00:00
xyz:META,-0.0000355938,-0.0008695009,2026-04-18 06:00:00.049000+00:00
xyz:META,-0.0000177772,-0.0005844359,2026-04-18 07:00:00.028000+00:00
xyz:META,0.0000062500,0.0000061083,2026-04-18 08:00:00.049000+00:00
xyz:META,-0.0000446864,-0.0010149831,2026-04-18 09:00:00.011000+00:00
xyz:META,-0.0000827943,-0.0016247083,2026-04-18 10:00:00.020000+00:00
xyz:META,-0.0000785379,-0.0015566071,2026-04-18 11:00:00.016000+00:00
xyz:META,-0.0001035636,-0.0019570176,2026-04-18 12:00:00.034000+00:00
xyz:META,-0.0000079219,-0.0004267498,2026-04-18 13:00:00.047000+00:00
xyz:META,-0.0000219134,-0.0006506139,2026-04-18 14:00:00.018000+00:00
xyz:META,-0.0000213419,-0.0006414702,2026-04-18 15:00:00+00:00
xyz:META,-0.0000122653,-0.0004962455,2026-04-18 16:00:00.001000+00:00
xyz:META,-0.0000543907,-0.0011702507,2026-04-18 17:00:00.001000+00:00
xyz:META,-0.0000243097,-0.0006889547,2026-04-18 18:00:00.050000+00:00
xyz:META,-0.0000759504,-0.0015152060,2026-04-18 19:00:00.039000+00:00
xyz:META,-0.0000247109,-0.0006953740,2026-04-18 20:00:00.037000+00:00
xyz:META,-0.0000380060,-0.0009080954,2026-04-18 21:00:00.036000+00:00
xyz:META,-0.0000106801,-0.0004708811,2026-04-18 22:00:00.011000+00:00
xyz:META,0.0000062500,-0.0000267511,2026-04-18 23:00:00.026000+00:00
xyz:META,0.0000550129,0.0011802059,2026-04-19 00:00:00.053000+00:00
xyz:META,0.0000347463,0.0008559411,2026-04-19 01:00:00.051000+00:00
xyz:META,0.0000237990,0.0006807838,2026-04-19 02:00:00.028000+00:00
xyz:META,0.0000139652,0.0005234433,2026-04-19 03:00:00.060000+00:00
xyz:META,0.0000062500,0.0002021487,2026-04-19 04:00:00.051000+00:00
xyz:META,0.0000062500,0.0000424011,2026-04-19 05:00:00.046000+00:00
xyz:META,0.0000062500,0.0000640624,2026-04-19 06:00:00.041000+00:00
xyz:META,-0.0000043211,-0.0003691373,2026-04-19 07:00:00.002000+00:00
xyz:META,-0.0000248517,-0.0006976278,2026-04-19 08:00:00.040000+00:00
xyz:META,-0.0000216254,-0.0006460071,2026-04-19 09:00:00.041000+00:00
xyz:META,0.0000056273,-0.0002099629,2026-04-19 10:00:00.022000+00:00
xyz:META,-0.0000029549,-0.0003472784,2026-04-19 11:00:00.032000+00:00
xyz:META,0.0000062500,0.0000807323,2026-04-19 12:00:00.016000+00:00
xyz:META,0.0000830145,0.0016282326,2026-04-19 13:00:00.026000+00:00
xyz:META,0.0001067348,0.0020077567,2026-04-19 14:00:00.011000+00:00
