coin,fundingRate,premium,time
xyz:MSTR,-0.0000190866,-0.0004526929,2025-12-02 16:00:00.048000+00:00
xyz:MSTR,0.0000125000,0.0002881122,2025-12-02 17:00:00.058000+00:00
xyz:MSTR,0.0000262487,0.0005099898,2025-12-02 18:00:00.022000+00:00
xyz:MSTR,0.0001311438,0.0013491505,2025-12-02 19:00:00.027000+00:00
xyz:MSTR,0.0003772132,0.0033177055,2025-12-02 20:00:00.007000+00:00
xyz:MSTR,0.0002038422,0.0019307377,2025-12-02 21:00:00.115000+00:00
xyz:MSTR,0.0002056896,0.0019455167,2025-12-02 22:00:00.050000+00:00
xyz:MSTR,0.0001130053,0.0012040426,2025-12-02 23:00:00.064000+00:00
xyz:MSTR,0.0001210024,0.0012680194,2025-12-03 00:00:00.098000+00:00
xyz:MSTR,0.0002229300,0.0020834402,2025-12-03 01:00:00.052000+00:00
xyz:MSTR,0.0000125000,0.0001304521,2025-12-03 02:00:00.028000+00:00
xyz:MSTR,0.0000125000,-0.0001963316,2025-12-03 03:00:00.017000+00:00
xyz:MSTR,0.0000047673,-0.0002618615,2025-12-03 04:00:00.010000+00:00
xyz:MSTR,0.0000024829,-0.0002801365,2025-12-03 05:00:00.062000+00:00
xyz:MSTR,-0.0000991847,-0.0010934776,2025-12-03 06:00:00.007000+00:00
xyz:MSTR,0.0000125000,0.0001731249,2025-12-03 07:00:00.016000+00:00
xyz:MSTR,0.0000668098,0.0008344787,2025-12-03 08:00:00.016000+00:00
xyz:MSTR,0.0002112323,0.0019898581,2025-12-03 09:00:00.099000+00:00
xyz:MSTR,0.0001491329,0.0014930634,2025-12-03 10:00:00.051000+00:00
xyz:MSTR,0.0002026997,0.0019215974,2025-12-03 11:00:00.008000+00:00
xyz:MSTR,0.0001368076,0.0013944605,2025-12-03 12:00:00.008000+00:00
xyz:MSTR,0.0000836129,0.0009689030,2025-12-03 13:00:00.033000+00:00
xyz:MSTR,0.0001184025,0.0012472199,2025-12-03 14:00:00.068000+00:00
xyz:MSTR,0.0001064787,0.0011518298,2025-12-03 15:00:00.020000+00:00
xyz:MSTR,0.0000125000,0.0002755710,2025-12-03 16:00:00.116000+00:00
xyz:MSTR,0.0000226093,0.0004808745,2025-12-03 17:00:00.035000+00:00
xyz:MSTR,0.0000410290,0.0006282319,2025-12-03 18:00:00.043000+00:00
xyz:MSTR,0.0000313233,0.0005505863,2025-12-03 19:00:00+00:00
xyz:MSTR,0.0000125000,0.0002810336,2025-12-03 20:00:00.036000+00:00
xyz:MSTR,0.0000125000,0.0002421390,2025-12-03 21:00:00.027000+00:00
xyz:MSTR,0.0000125000,0.0001461448,2025-12-03 22:00:00.024000+00:00
xyz:MSTR,0.0000792735,0.0009341880,2025-12-03 23:00:00.029000+00:00
xyz:MSTR,0.0002993682,0.0026949456,2025-12-04 00:00:00.032000+00:00
xyz:MSTR,0.0001758145,0.0017065163,2025-12-04 01:00:00.010000+00:00
xyz:MSTR,0.0001719166,0.0016753326,2025-12-04 02:00:00.079000+00:00
xyz:MSTR,0.0000195105,0.0004560837,2025-12-04 03:00:00.010000+00:00
xyz:MSTR,0.0001612653,0.0015901223,2025-12-04 04:00:00.038000+00:00
xyz:MSTR,0.0001528990,0.0015231922,2025-12-04 05:00:00.064000+00:00
xyz:MSTR,-0.0000519789,-0.0007158312,2025-12-04 06:00:00.059000+00:00
xyz:MSTR,0.0000125000,-0.0001308693,2025-12-04 07:00:00.011000+00:00
xyz:MSTR,0.0000112384,-0.0002100929,2025-12-04 08:00:00.049000+00:00
xyz:MSTR,0.0000158769,0.0004270149,2025-12-04 09:00:00.085000+00:00
xyz:MSTR,0.0000125000,0.0002420566,2025-12-04 10:00:00.081000+00:00
xyz:MSTR,0.0000901865,0.0010214924,2025-12-04 11:00:00.050000+00:00
xyz:MSTR,0.0001031367,0.0011250935,2025-12-04 12:00:00.031000+00:00
xyz:MSTR,0.0000804629,0.0009437028,2025-12-04 13:00:00.064000+00:00
xyz:MSTR,0.0000527958,0.0007223662,2025-12-04 14:00:00.041000+00:00
xyz:MSTR,0.0000592236,0.0007737888,2025-12-04 15:00:00.047000+00:00
xyz:MSTR,0.0000328680,0.0005629443,2025-12-04 16:00:00.010000+00:00
xyz:MSTR,0.0000471820,0.0006774560,2025-12-04 17:00:00.054000+00:00
xyz:MSTR,0.0000125000,0.0002175192,2025-12-04 18:00:00.008000+00:00
xyz:MSTR,0.0000125000,0.0002417660,2025-12-04 19:00:00.044000+00:00
xyz:MSTR,0.0000125000,0.0001897982,2025-12-04 20:00:00.021000+00:00
xyz:MSTR,0.0000125000,-0.0000353419,2025-12-04 21:00:00.078000+00:00
xyz:MSTR,0.0000125000,-0.0000818943,2025-12-04 22:00:00.034000+00:00
xyz:MSTR,0.0000125000,-0.0001511256,2025-12-04 23:00:00.015000+00:00
xyz:MSTR,0.0000125000,0.0000358464,2025-12-05 00:00:00.002000+00:00
xyz:MSTR,0.0000125000,-0.0000584152,2025-12-05 01:00:00.035000+00:00
xyz:MSTR,0.0000125000,0.0002630522,2025-12-05 02:00:00.021000+00:00
xyz:MSTR,0.0000405736,0.0006245886,2025-12-05 03:00:00.048000+00:00
xyz:MSTR,0.0000532973,0.0007263783,2025-12-05 04:00:00.066000+00:00
xyz:MSTR,0.0000125000,0.0003946517,2025-12-05 05:00:00.044000+00:00
xyz:MSTR,0.0000438139,0.0006505115,2025-12-05 06:00:00.033000+00:00
xyz:MSTR,0.0000692573,0.0008540586,2025-12-05 07:00:00.050000+00:00
xyz:MSTR,0.0000447395,0.0006579162,2025-12-05 08:00:00.032000+00:00
xyz:MSTR,0.0000566573,0.0007532586,2025-12-05 09:00:00.019000+00:00
xyz:MSTR,0.0000125000,-0.0000338838,2025-12-05 10:00:00.035000+00:00
xyz:MSTR,0.0000125000,-0.0000769052,2025-12-05 11:00:00.077000+00:00
xyz:MSTR,0.0000125000,-0.0000075651,2025-12-05 12:00:00.030000+00:00
xyz:MSTR,0.0000125000,-0.0000108402,2025-12-05 13:00:00.062000+00:00
xyz:MSTR,0.0000125000,0.0000301021,2025-12-05 14:00:00.047000+00:00
xyz:MSTR,0.0000125000,0.0000416902,2025-12-05 15:00:00.036000+00:00
xyz:MSTR,0.0000125000,-0.0000518750,2025-12-05 16:00:00+00:00
xyz:MSTR,-0.0000326768,-0.0005614140,2025-12-05 17:00:00.026000+00:00
xyz:MSTR,-0.0000165931,-0.0004327449,2025-12-05 18:00:00.054000+00:00
xyz:MSTR,0.0000064358,-0.0002485139,2025-12-05 19:00:00.086000+00:00
xyz:MSTR,0.0000125000,-0.0000935546,2025-12-05 20:00:00.004000+00:00
xyz:MSTR,-0.0000043117,-0.0003344936,2025-12-05 21:00:00.036000+00:00
xyz:MSTR,0.0000125000,-0.0000976115,2025-12-05 22:00:00.035000+00:00
xyz:MSTR,-0.0000146957,-0.0004175658,2025-12-05 23:00:00.012000+00:00
xyz:MSTR,0.0000012496,-0.0002900035,2025-12-06 00:00:00.052000+00:00
xyz:MSTR,0.0000125000,-0.0001357357,2025-12-06 01:00:00.110000+00:00
xyz:MSTR,0.0000545234,0.0007361869,2025-12-06 02:00:00.011000+00:00
xyz:MSTR,0.0000970939,0.0010767514,2025-12-06 03:00:00.053000+00:00
xyz:MSTR,0.0002602822,0.0023822580,2025-12-06 04:00:00.025000+00:00
xyz:MSTR,0.0001561839,0.0015494713,2025-12-06 05:00:00.044000+00:00
xyz:MSTR,0.0000271354,0.0005170834,2025-12-06 06:00:00.010000+00:00
xyz:MSTR,0.0000125000,0.0002153617,2025-12-06 07:00:00.052000+00:00
xyz:MSTR,0.0000125000,0.0001116577,2025-12-06 08:00:00.049000+00:00
xyz:MSTR,0.0000125000,-0.0001711548,2025-12-06 09:00:00.050000+00:00
xyz:MSTR,0.0000125000,0.0000850804,2025-12-06 10:00:00.024000+00:00
xyz:MSTR,-0.0000601351,-0.0007810811,2025-12-06 11:00:00.005000+00:00
xyz:MSTR,0.0000166600,0.0004332799,2025-12-06 12:00:00.038000+00:00
xyz:MSTR,0.0000125000,0.0002824494,2025-12-06 13:00:00.034000+00:00
xyz:MSTR,0.0000346577,0.0005772614,2025-12-06 14:00:00.047000+00:00
xyz:MSTR,0.0002018820,0.0019150560,2025-12-06 15:00:00.028000+00:00
xyz:MSTR,0.0000430175,0.0006441399,2025-12-06 16:00:00.107000+00:00
xyz:MSTR,0.0000619946,0.0007959570,2025-12-06 17:00:00.025000+00:00
xyz:MSTR,0.0000758859,0.0009070873,2025-12-06 18:00:00.046000+00:00
xyz:MSTR,0.0000125000,0.0002324458,2025-12-06 19:00:00.065000+00:00
xyz:MSTR,0.0000125000,0.0000435866,2025-12-06 20:00:00.038000+00:00
xyz:MSTR,0.0000125000,0.0002442860,2025-12-06 21:00:00.067000+00:00
xyz:MSTR,0.0000125000,-0.0001474449,2025-12-06 22:00:00.120000+00:00
xyz:MSTR,-0.0000208188,-0.0004665504,2025-12-06 23:00:00.058000+00:00
xyz:MSTR,-0.0001160556,-0.0012284450,2025-12-07 00:00:00.005000+00:00
xyz:MSTR,0.0000065865,-0.0002473083,2025-12-07 01:00:00.048000+00:00
xyz:MSTR,0.0000586469,0.0007691755,2025-12-07 02:00:00.012000+00:00
xyz:MSTR,0.0000649142,0.0008193136,2025-12-07 03:00:00.047000+00:00
xyz:MSTR,0.0000867146,0.0009937170,2025-12-07 04:00:00.147000+00:00
xyz:MSTR,0.0000281680,0.0005253436,2025-12-07 05:00:00.081000+00:00
xyz:MSTR,0.0000115048,-0.0002079613,2025-12-07 06:00:00.041000+00:00
xyz:MSTR,0.0000125000,-0.0001209878,2025-12-07 07:00:00.003000+00:00
xyz:MSTR,-0.0000245375,-0.0004963001,2025-12-07 08:00:00.025000+00:00
xyz:MSTR,-0.0000124007,-0.0003992058,2025-12-07 09:00:00.033000+00:00
xyz:MSTR,-0.0000397193,-0.0006177545,2025-12-07 10:00:00.096000+00:00
xyz:MSTR,-0.0001189338,-0.0012514706,2025-12-07 11:00:00.107000+00:00
xyz:MSTR,-0.0002171579,-0.0020372631,2025-12-07 12:00:00.022000+00:00
xyz:MSTR,-0.0002258077,-0.0021064616,2025-12-07 13:00:00.015000+00:00
xyz:MSTR,-0.0004354038,-0.0037832306,2025-12-07 14:00:00.007000+00:00
xyz:MSTR,-0.0002447467,-0.0022579732,2025-12-07 15:00:00.003000+00:00
xyz:MSTR,-0.0005383162,-0.0046065294,2025-12-07 16:00:00.031000+00:00
xyz:MSTR,-0.0000883628,-0.0010069024,2025-12-07 17:00:00.002000+00:00
xyz:MSTR,0.0005848346,0.0049786769,2025-12-07 18:00:00.040000+00:00
xyz:MSTR,0.0008751438,0.0073011506,2025-12-07 19:00:00.096000+00:00
xyz:MSTR,0.0004360868,0.0037886946,2025-12-07 20:00:00.036000+00:00
xyz:MSTR,0.0002311514,0.0021492115,2025-12-07 21:00:00.009000+00:00
xyz:MSTR,0.0002402624,0.0022220992,2025-12-07 22:00:00.031000+00:00
xyz:MSTR,-0.0002403693,-0.0022229541,2025-12-07 23:00:00.067000+00:00
xyz:MSTR,0.0000125000,0.0000764681,2025-12-08 00:00:00.031000+00:00
xyz:MSTR,0.0002793118,0.0025344948,2025-12-08 01:00:00.152000+00:00
xyz:MSTR,0.0000125000,-0.0000419615,2025-12-08 02:00:00.010000+00:00
xyz:MSTR,0.0000125000,0.0000384357,2025-12-08 03:00:00.024000+00:00
xyz:MSTR,-0.0000332641,-0.0005661126,2025-12-08 04:00:00.007000+00:00
xyz:MSTR,-0.0000289360,-0.0005314879,2025-12-08 05:00:00.036000+00:00
xyz:MSTR,0.0000287022,0.0005296180,2025-12-08 06:00:00.056000+00:00
xyz:MSTR,0.0000125000,0.0001051830,2025-12-08 07:00:00.006000+00:00
xyz:MSTR,0.0000253105,0.0005024836,2025-12-08 08:00:00.113000+00:00
xyz:MSTR,0.0000242347,0.0004938780,2025-12-08 09:00:00.062000+00:00
xyz:MSTR,0.0000125000,0.0002431736,2025-12-08 10:00:00.041000+00:00
xyz:MSTR,0.0000125000,0.0000023773,2025-12-08 11:00:00.085000+00:00
xyz:MSTR,0.0000138934,0.0004111469,2025-12-08 12:00:00.019000+00:00
xyz:MSTR,0.0000125000,0.0001049764,2025-12-08 13:00:00.077000+00:00
xyz:MSTR,0.0000125000,0.0000058807,2025-12-08 14:00:00.056000+00:00
xyz:MSTR,0.0000125000,-0.0001499111,2025-12-08 15:00:00.011000+00:00
xyz:MSTR,0.0000125000,-0.0000077144,2025-12-08 16:00:00.037000+00:00
xyz:MSTR,0.0000125000,-0.0001987040,2025-12-08 17:00:00.037000+00:00
xyz:MSTR,0.0000067942,-0.0002456466,2025-12-08 18:00:00.053000+00:00
xyz:MSTR,0.0000044346,-0.0002645236,2025-12-08 19:00:00.047000+00:00
xyz:MSTR,-0.0000304726,-0.0005437806,2025-12-08 20:00:00.021000+00:00
xyz:MSTR,-0.0000136413,-0.0004091304,2025-12-08 21:00:00.150000+00:00
xyz:MSTR,-0.0000006267,-0.0003050135,2025-12-08 22:00:00.004000+00:00
xyz:MSTR,0.0000001169,-0.0002990644,2025-12-08 23:00:00.059000+00:00
xyz:MSTR,-0.0000383161,-0.0006065287,2025-12-09 00:00:00.087000+00:00
xyz:MSTR,-0.0000152419,-0.0004219349,2025-12-09 01:00:00.022000+00:00
xyz:MSTR,-0.0000816582,-0.0009532656,2025-12-09 02:00:00.045000+00:00
xyz:MSTR,-0.0000672377,-0.0008379014,2025-12-09 03:00:00.064000+00:00
xyz:MSTR,-0.0000563901,-0.0007511208,2025-12-09 04:00:00.033000+00:00
xyz:MSTR,-0.0000354884,-0.0005839074,2025-12-09 05:00:00.043000+00:00
xyz:MSTR,-0.0000616661,-0.0007933289,2025-12-09 06:00:00.001000+00:00
xyz:MSTR,-0.0000793647,-0.0009349178,2025-12-09 07:00:00.090000+00:00
xyz:MSTR,-0.0000809718,-0.0009477743,2025-12-09 08:00:00.041000+00:00
xyz:MSTR,-0.0000745504,-0.0008964033,2025-12-09 09:00:00.045000+00:00
xyz:MSTR,-0.0000055159,-0.0003441274,2025-12-09 10:00:00.025000+00:00
xyz:MSTR,-0.0000457507,-0.0006660053,2025-12-09 11:00:00.029000+00:00
xyz:MSTR,-0.0000369749,-0.0005957989,2025-12-09 12:00:00.077000+00:00
xyz:MSTR,-0.0000501517,-0.0007012139,2025-12-09 13:00:00.052000+00:00
xyz:MSTR,-0.0000359323,-0.0005874584,2025-12-09 14:00:00.043000+00:00
xyz:MSTR,-0.0000083530,-0.0003668238,2025-12-09 15:00:00.058000+00:00
xyz:MSTR,-0.0000088044,-0.0003704352,2025-12-09 16:00:00.007000+00:00
xyz:MSTR,0.0000125000,-0.0000656594,2025-12-09 17:00:00.005000+00:00
xyz:MSTR,0.0000125000,-0.0001702777,2025-12-09 18:00:00.021000+00:00
xyz:MSTR,0.0000053837,-0.0002569303,2025-12-09 19:00:00.066000+00:00
xyz:MSTR,0.0000040310,-0.0002677520,2025-12-09 20:00:00.008000+00:00
xyz:MSTR,0.0000125000,-0.0001396335,2025-12-09 21:00:00.033000+00:00
xyz:MSTR,0.0000125000,-0.0001101252,2025-12-09 22:00:00.103000+00:00
xyz:MSTR,0.0000118356,-0.0002053155,2025-12-09 23:00:00.008000+00:00
xyz:MSTR,-0.0000053402,-0.0003427218,2025-12-10 00:00:00.013000+00:00
xyz:MSTR,0.0000047160,-0.0002622720,2025-12-10 01:00:00.046000+00:00
xyz:MSTR,0.0001198447,0.0012587574,2025-12-10 02:00:00.101000+00:00
xyz:MSTR,0.0001180605,0.0012444838,2025-12-10 03:00:00+00:00
xyz:MSTR,0.0000834760,0.0009678078,2025-12-10 04:00:00.090000+00:00
xyz:MSTR,0.0000371790,0.0005974318,2025-12-10 05:00:00.079000+00:00
xyz:MSTR,0.0000647200,0.0008177602,2025-12-10 06:00:00.065000+00:00
xyz:MSTR,0.0000910626,0.0010285012,2025-12-10 07:00:00.025000+00:00
xyz:MSTR,0.0001081458,0.0011651662,2025-12-10 08:00:00.023000+00:00
xyz:MSTR,0.0000919161,0.0010353290,2025-12-10 09:00:00.031000+00:00
xyz:MSTR,0.0000347862,0.0005782896,2025-12-10 10:00:00.108000+00:00
xyz:MSTR,0.0000125000,0.0002151825,2025-12-10 11:00:00.050000+00:00
xyz:MSTR,0.0000125000,0.0001904551,2025-12-10 12:00:00.051000+00:00
xyz:MSTR,0.0000125000,0.0002626947,2025-12-10 13:00:00.033000+00:00
xyz:MSTR,0.0000125000,-0.0001068268,2025-12-10 14:00:00.003000+00:00
xyz:MSTR,0.0000125000,-0.0001463812,2025-12-10 15:00:00.139000+00:00
xyz:MSTR,0.0000087131,-0.0002302949,2025-12-10 16:00:00.003000+00:00
xyz:MSTR,0.0000125000,-0.0000111248,2025-12-10 17:00:00.019000+00:00
xyz:MSTR,0.0000125000,0.0001033600,2025-12-10 18:00:00.058000+00:00
xyz:MSTR,0.0000125000,-0.0000069032,2025-12-10 19:00:00.036000+00:00
xyz:MSTR,0.0000125000,-0.0000644640,2025-12-10 20:00:00.105000+00:00
xyz:MSTR,0.0000125000,0.0000227390,2025-12-10 21:00:00.013000+00:00
xyz:MSTR,0.0000384548,0.0006076386,2025-12-10 22:00:00.057000+00:00
xyz:MSTR,0.0000292516,0.0005340125,2025-12-10 23:00:00+00:00
xyz:MSTR,0.0000217703,0.0004741626,2025-12-11 00:00:00.043000+00:00
xyz:MSTR,0.0000212620,0.0004700963,2025-12-11 01:00:00.002000+00:00
xyz:MSTR,0.0000861562,0.0009892498,2025-12-11 02:00:00.017000+00:00
xyz:MSTR,0.0000307345,0.0005458763,2025-12-11 03:00:00.029000+00:00
xyz:MSTR,0.0000125000,0.0000969931,2025-12-11 04:00:00.035000+00:00
xyz:MSTR,-0.0001288501,-0.0013308008,2025-12-11 05:00:00.039000+00:00
xyz:MSTR,-0.0001287711,-0.0013301689,2025-12-11 06:00:00.044000+00:00
xyz:MSTR,-0.0001166854,-0.0012334835,2025-12-11 07:00:00.030000+00:00
xyz:MSTR,-0.0001259923,-0.0013079385,2025-12-11 08:00:00.002000+00:00
xyz:MSTR,-0.0000578874,-0.0007630988,2025-12-11 09:00:00.086000+00:00
xyz:MSTR,-0.0000949902,-0.0010599215,2025-12-11 10:00:00.017000+00:00
xyz:MSTR,-0.0000410529,-0.0006284234,2025-12-11 11:00:00.074000+00:00
xyz:MSTR,-0.0000132974,-0.0004063791,2025-12-11 12:00:00.085000+00:00
xyz:MSTR,-0.0000177126,-0.0004417006,2025-12-11 13:00:00.016000+00:00
xyz:MSTR,-0.0000134209,-0.0004073673,2025-12-11 14:00:00.053000+00:00
xyz:MSTR,-0.0000036169,-0.0003289355,2025-12-11 15:00:00.033000+00:00
xyz:MSTR,0.0000125000,-0.0000143772,2025-12-11 16:00:00.037000+00:00
xyz:MSTR,0.0000125000,-0.0000102479,2025-12-11 17:00:00.009000+00:00
xyz:MSTR,0.0000125000,-0.0001488848,2025-12-11 18:00:00.065000+00:00
xyz:MSTR,0.0000125000,-0.0001211807,2025-12-11 19:00:00.050000+00:00
xyz:MSTR,0.0000125000,-0.0001938753,2025-12-11 20:00:00.102000+00:00
xyz:MSTR,0.0000125000,-0.0000656167,2025-12-11 21:00:00.008000+00:00
xyz:MSTR,0.0000125000,0.0000188937,2025-12-11 22:00:00.002000+00:00
xyz:MSTR,0.0000125000,0.0000464140,2025-12-11 23:00:00.050000+00:00
xyz:MSTR,0.0000125000,0.0000165605,2025-12-12 00:00:00.018000+00:00
xyz:MSTR,0.0000125000,0.0000000336,2025-12-12 01:00:00.171000+00:00
xyz:MSTR,-0.0000211009,-0.0004688068,2025-12-12 02:00:00.053000+00:00
xyz:MSTR,-0.0000587568,-0.0007700542,2025-12-12 03:00:00.087000+00:00
xyz:MSTR,-0.0000597819,-0.0007782552,2025-12-12 04:00:00.006000+00:00
xyz:MSTR,-0.0000368309,-0.0005946471,2025-12-12 05:00:00.009000+00:00
xyz:MSTR,-0.0000410939,-0.0006287508,2025-12-12 06:00:00.066000+00:00
xyz:MSTR,-0.0000269486,-0.0005155891,2025-12-12 07:00:00.063000+00:00
xyz:MSTR,-0.0000301187,-0.0005409497,2025-12-12 08:00:00.062000+00:00
xyz:MSTR,-0.0000307445,-0.0005459557,2025-12-12 09:00:00.026000+00:00
xyz:MSTR,-0.0000100083,-0.0003800661,2025-12-12 10:00:00.066000+00:00
xyz:MSTR,-0.0000086850,-0.0003694798,2025-12-12 11:00:00.038000+00:00
xyz:MSTR,-0.0000074950,-0.0003599602,2025-12-12 12:00:00.034000+00:00
xyz:MSTR,0.0000125000,-0.0001774173,2025-12-12 13:00:00.065000+00:00
xyz:MSTR,0.0000014538,-0.0002883697,2025-12-12 14:00:00.016000+00:00
xyz:MSTR,-0.0000107100,-0.0003856804,2025-12-12 15:00:00.036000+00:00
xyz:MSTR,0.0000014498,-0.0002884013,2025-12-12 16:00:00.063000+00:00
xyz:MSTR,0.0000097087,-0.0002223304,2025-12-12 17:00:00.048000+00:00
xyz:MSTR,0.0000125000,-0.0001298538,2025-12-12 18:00:00.100000+00:00
xyz:MSTR,0.0000125000,-0.0000545772,2025-12-12 19:00:00.047000+00:00
xyz:MSTR,0.0000125000,-0.0000602040,2025-12-12 20:00:00.061000+00:00
xyz:MSTR,0.0000125000,-0.0000295870,2025-12-12 21:00:00.053000+00:00
xyz:MSTR,0.0000125000,-0.0000818769,2025-12-12 22:00:00.043000+00:00
xyz:MSTR,0.0000125000,-0.0000689059,2025-12-12 23:00:00.048000+00:00
xyz:MSTR,0.0000125000,0.0001648288,2025-12-13 00:00:00.091000+00:00
xyz:MSTR,0.0000125000,-0.0000299546,2025-12-13 01:00:00.043000+00:00
xyz:MSTR,0.0000125000,0.0002428119,2025-12-13 02:00:00.027000+00:00
xyz:MSTR,-0.0000097103,-0.0003776826,2025-12-13 03:00:00.090000+00:00
xyz:MSTR,-0.0000244290,-0.0004954320,2025-12-13 04:00:00.011000+00:00
xyz:MSTR,0.0000558949,0.0007471592,2025-12-13 05:00:00.068000+00:00
xyz:MSTR,0.0000635053,0.0008080426,2025-12-13 06:00:00.030000+00:00
xyz:MSTR,0.0000301912,0.0005415294,2025-12-13 07:00:00.002000+00:00
xyz:MSTR,0.0000264631,0.0005117047,2025-12-13 08:00:00.054000+00:00
xyz:MSTR,0.0001320137,0.0013561098,2025-12-13 09:00:00.047000+00:00
xyz:MSTR,0.0000810985,0.0009487880,2025-12-13 10:00:00.009000+00:00
xyz:MSTR,0.0001012677,0.0011101417,2025-12-13 11:00:00.027000+00:00
xyz:MSTR,0.0002627856,0.0024022847,2025-12-13 12:00:00.024000+00:00
xyz:MSTR,0.0002732662,0.0024861297,2025-12-13 13:00:00.079000+00:00
xyz:MSTR,0.0001477480,0.0014819841,2025-12-13 14:00:00.061000+00:00
xyz:MSTR,0.0000764224,0.0009113789,2025-12-13 15:00:00.113000+00:00
xyz:MSTR,0.0000877727,0.0010021813,2025-12-13 16:00:00.054000+00:00
xyz:MSTR,0.0000627941,0.0008023525,2025-12-13 17:00:00.085000+00:00
xyz:MSTR,0.0000422355,0.0006378844,2025-12-13 18:00:00.079000+00:00
xyz:MSTR,0.0000424851,0.0006398810,2025-12-13 19:00:00.003000+00:00
xyz:MSTR,0.0000326717,0.0005613738,2025-12-13 20:00:00.137000+00:00
xyz:MSTR,0.0000504256,0.0007034048,2025-12-13 21:00:00.031000+00:00
xyz:MSTR,0.0000296730,0.0005373837,2025-12-13 22:00:00.014000+00:00
xyz:MSTR,-0.0000594509,-0.0007756073,2025-12-13 23:00:00.022000+00:00
xyz:MSTR,0.0000125000,0.0000767519,2025-12-14 00:00:00.071000+00:00
xyz:MSTR,0.0000125000,0.0001351810,2025-12-14 01:00:00.077000+00:00
xyz:MSTR,0.0000121102,-0.0002031182,2025-12-14 02:00:00.004000+00:00
xyz:MSTR,-0.0000422080,-0.0006376643,2025-12-14 03:00:00.045000+00:00
xyz:MSTR,-0.0000411282,-0.0006290258,2025-12-14 04:00:00.070000+00:00
xyz:MSTR,-0.0000370468,-0.0005963743,2025-12-14 05:00:00.007000+00:00
xyz:MSTR,0.0000125000,-0.0001824519,2025-12-14 06:00:00.066000+00:00
xyz:MSTR,0.0000382886,0.0006063090,2025-12-14 07:00:00.048000+00:00
xyz:MSTR,0.0000417267,0.0006338135,2025-12-14 08:00:00.098000+00:00
xyz:MSTR,0.0001237425,0.0012899403,2025-12-14 09:00:00.052000+00:00
xyz:MSTR,0.0000861801,0.0009894410,2025-12-14 10:00:00.041000+00:00
xyz:MSTR,0.0000258216,0.0005065724,2025-12-14 11:00:00.121000+00:00
xyz:MSTR,-0.0002764762,-0.0025118100,2025-12-14 12:00:00.014000+00:00
xyz:MSTR,-0.0002424783,-0.0022398264,2025-12-14 13:00:00.017000+00:00
xyz:MSTR,-0.0001810305,-0.0017482444,2025-12-14 14:00:00.060000+00:00
xyz:MSTR,-0.0001953655,-0.0018629241,2025-12-14 15:00:00.031000+00:00
xyz:MSTR,-0.0001832654,-0.0017661233,2025-12-14 16:00:00.070000+00:00
xyz:MSTR,-0.0001549848,-0.0015398780,2025-12-14 17:00:00.069000+00:00
xyz:MSTR,0.0000037406,-0.0002700755,2025-12-14 18:00:00.047000+00:00
xyz:MSTR,0.0000125000,0.0002643288,2025-12-14 19:00:00.044000+00:00
xyz:MSTR,-0.0001013907,-0.0011111253,2025-12-14 20:00:00.047000+00:00
xyz:MSTR,0.0000125000,-0.0000809690,2025-12-14 21:00:00.068000+00:00
xyz:MSTR,-0.0001485118,-0.0014880943,2025-12-14 22:00:00.087000+00:00
xyz:MSTR,-0.0002673524,-0.0024388195,2025-12-14 23:00:00.015000+00:00
xyz:MSTR,-0.0002988324,-0.0026906592,2025-12-15 00:00:00.088000+00:00
xyz:MSTR,-0.0003359800,-0.0029878401,2025-12-15 01:00:00.010000+00:00
xyz:MSTR,0.0000125000,0.0000066710,2025-12-15 02:00:00.047000+00:00
xyz:MSTR,0.0000125000,-0.0000228543,2025-12-15 03:00:00.076000+00:00
xyz:MSTR,0.0000095515,-0.0002235879,2025-12-15 04:00:00.021000+00:00
xyz:MSTR,0.0000066481,-0.0002468156,2025-12-15 05:00:00.059000+00:00
xyz:MSTR,0.0000125000,0.0000857780,2025-12-15 06:00:00.047000+00:00
xyz:MSTR,0.0000125000,-0.0000649373,2025-12-15 07:00:00.042000+00:00
xyz:MSTR,0.0000125000,-0.0000629428,2025-12-15 08:00:00.082000+00:00
xyz:MSTR,0.0000125000,-0.0001561176,2025-12-15 09:00:00.059000+00:00
xyz:MSTR,0.0000125000,0.0000375160,2025-12-15 10:00:00.075000+00:00
xyz:MSTR,0.0000125000,0.0001277015,2025-12-15 11:00:00.123000+00:00
xyz:MSTR,0.0000125000,-0.0000117899,2025-12-15 12:00:00.009000+00:00
xyz:MSTR,0.0000125000,0.0002694440,2025-12-15 13:00:00.004000+00:00
xyz:MSTR,0.0000125000,0.0002124790,2025-12-15 14:00:00.067000+00:00
xyz:MSTR,0.0000088256,-0.0002293952,2025-12-15 15:00:00.001000+00:00
xyz:MSTR,0.0000125000,0.0002322421,2025-12-15 16:00:00.063000+00:00
xyz:MSTR,0.0000125000,0.0001990734,2025-12-15 17:00:00.112000+00:00
xyz:MSTR,0.0000125000,0.0001569161,2025-12-15 18:00:00.057000+00:00
xyz:MSTR,0.0000125000,0.0000739950,2025-12-15 19:00:00.060000+00:00
xyz:MSTR,0.0000125000,0.0002527971,2025-12-15 20:00:00.032000+00:00
xyz:MSTR,0.0000125000,0.0001876103,2025-12-15 21:00:00.059000+00:00
xyz:MSTR,0.0000125000,0.0000729516,2025-12-15 22:00:00.047000+00:00
xyz:MSTR,0.0000125000,-0.0000151328,2025-12-15 23:00:00.069000+00:00
xyz:MSTR,0.0000125000,0.0000733854,2025-12-16 00:00:00.079000+00:00
xyz:MSTR,0.0000125000,0.0002802589,2025-12-16 01:00:00.072000+00:00
xyz:MSTR,0.0000125000,0.0003137628,2025-12-16 02:00:00.054000+00:00
xyz:MSTR,0.0000311973,0.0005495787,2025-12-16 03:00:00.051000+00:00
xyz:MSTR,0.0000125000,0.0000958186,2025-12-16 04:00:00.068000+00:00
xyz:MSTR,0.0000125000,0.0002045171,2025-12-16 05:00:00.036000+00:00
xyz:MSTR,0.0000125000,0.0000032077,2025-12-16 06:00:00.047000+00:00
xyz:MSTR,0.0000098457,-0.0002212343,2025-12-16 07:00:00.012000+00:00
xyz:MSTR,0.0000125000,-0.0001320426,2025-12-16 08:00:00.101000+00:00
xyz:MSTR,0.0000039252,-0.0002685987,2025-12-16 09:00:00.077000+00:00
xyz:MSTR,0.0000125000,-0.0000309645,2025-12-16 10:00:00.029000+00:00
xyz:MSTR,-0.0000021051,-0.0003168404,2025-12-16 11:00:00.055000+00:00
xyz:MSTR,-0.0000125557,-0.0004004459,2025-12-16 12:00:00.047000+00:00
xyz:MSTR,-0.0000156211,-0.0004249686,2025-12-16 13:00:00.026000+00:00
xyz:MSTR,-0.0000173725,-0.0004389797,2025-12-16 14:00:00.003000+00:00
xyz:MSTR,0.0000125000,-0.0001906967,2025-12-16 15:00:00.025000+00:00
xyz:MSTR,0.0000125000,-0.0001510316,2025-12-16 16:00:00.075000+00:00
xyz:MSTR,0.0000053190,-0.0002574483,2025-12-16 17:00:00.045000+00:00
xyz:MSTR,0.0000125000,-0.0001843279,2025-12-16 18:00:00.063000+00:00
xyz:MSTR,0.0000125000,0.0002183609,2025-12-16 19:00:00.014000+00:00
xyz:MSTR,0.0000125000,0.0000943841,2025-12-16 20:00:00.180000+00:00
xyz:MSTR,0.0000125000,-0.0000006051,2025-12-16 21:00:00.001000+00:00
xyz:MSTR,-0.0000118842,-0.0003950738,2025-12-16 22:00:00.081000+00:00
xyz:MSTR,-0.0000235176,-0.0004881410,2025-12-16 23:00:00.079000+00:00
xyz:MSTR,-0.0000253678,-0.0005029423,2025-12-17 00:00:00.013000+00:00
xyz:MSTR,0.0000125000,-0.0000641018,2025-12-17 01:00:00.109000+00:00
xyz:MSTR,0.0000062009,-0.0002503929,2025-12-17 02:00:00.088000+00:00
xyz:MSTR,0.0000125000,-0.0001169587,2025-12-17 03:00:00.065000+00:00
xyz:MSTR,0.0000120759,-0.0002033925,2025-12-17 04:00:00.020000+00:00
xyz:MSTR,0.0000125000,0.0000526985,2025-12-17 05:00:00.122000+00:00
xyz:MSTR,0.0000125000,0.0000211539,2025-12-17 06:00:00.024000+00:00
xyz:MSTR,0.0000125000,-0.0001910699,2025-12-17 07:00:00.010000+00:00
xyz:MSTR,-0.0000352090,-0.0005816716,2025-12-17 08:00:00.022000+00:00
xyz:MSTR,-0.0000328183,-0.0005625465,2025-12-17 09:00:00.055000+00:00
xyz:MSTR,-0.0000137451,-0.0004099612,2025-12-17 10:00:00.016000+00:00
xyz:MSTR,0.0000125000,-0.0001306985,2025-12-17 11:00:00.072000+00:00
xyz:MSTR,0.0000125000,-0.0001458787,2025-12-17 12:00:00.021000+00:00
xyz:MSTR,0.0000125000,-0.0000813987,2025-12-17 13:00:00.083000+00:00
xyz:MSTR,0.0000125000,-0.0000556514,2025-12-17 14:00:00.018000+00:00
xyz:MSTR,0.0000125000,-0.0000339192,2025-12-17 15:00:00.040000+00:00
xyz:MSTR,0.0000125000,-0.0001163049,2025-12-17 16:00:00.034000+00:00
xyz:MSTR,0.0000125000,0.0000720400,2025-12-17 17:00:00.038000+00:00
xyz:MSTR,0.0000125000,0.0000153849,2025-12-17 18:00:00.074000+00:00
xyz:MSTR,0.0000125000,-0.0000884215,2025-12-17 19:00:00.014000+00:00
xyz:MSTR,0.0000125000,0.0000216789,2025-12-17 20:00:00.061000+00:00
xyz:MSTR,0.0000125000,0.0000219952,2025-12-17 21:00:00.032000+00:00
xyz:MSTR,0.0000125000,0.0002876107,2025-12-17 22:00:00.073000+00:00
xyz:MSTR,0.0000125000,0.0003866146,2025-12-17 23:00:00+00:00
xyz:MSTR,0.0000125000,0.0003418625,2025-12-18 00:00:00.033000+00:00
xyz:MSTR,0.0000125000,0.0003603899,2025-12-18 01:00:00.079000+00:00
xyz:MSTR,0.0000125000,0.0002611472,2025-12-18 02:00:00.030000+00:00
xyz:MSTR,0.0000125000,0.0001236099,2025-12-18 03:00:00.055000+00:00
xyz:MSTR,0.0000125000,0.0002271700,2025-12-18 04:00:00.029000+00:00
xyz:MSTR,0.0000125000,0.0001474235,2025-12-18 05:00:00.055000+00:00
xyz:MSTR,0.0000125000,0.0001678192,2025-12-18 06:00:00.044000+00:00
xyz:MSTR,0.0000306838,0.0005454700,2025-12-18 07:00:00.025000+00:00
xyz:MSTR,0.0000125000,0.0003904197,2025-12-18 08:00:00.050000+00:00
xyz:MSTR,0.0000230994,0.0004847949,2025-12-18 09:00:00.003000+00:00
xyz:MSTR,0.0000291467,0.0005331739,2025-12-18 10:00:00.091000+00:00
xyz:MSTR,0.0000231402,0.0004851218,2025-12-18 11:00:00.056000+00:00
xyz:MSTR,0.0000306754,0.0005454033,2025-12-18 12:00:00.039000+00:00
xyz:MSTR,0.0000260237,0.0005081892,2025-12-18 13:00:00.003000+00:00
xyz:MSTR,0.0000125000,0.0003673752,2025-12-18 14:00:00.026000+00:00
xyz:MSTR,0.0000125000,-0.0000225513,2025-12-18 15:00:00.050000+00:00
xyz:MSTR,0.0000125000,0.0001890577,2025-12-18 16:00:00.031000+00:00
xyz:MSTR,0.0000125000,0.0001610092,2025-12-18 17:00:00.074000+00:00
xyz:MSTR,0.0000125000,-0.0000015696,2025-12-18 18:00:00.080000+00:00
xyz:MSTR,0.0000125000,0.0000377801,2025-12-18 19:00:00.016000+00:00
xyz:MSTR,0.0000125000,0.0000729179,2025-12-18 20:00:00.077000+00:00
xyz:MSTR,0.0000125000,-0.0000053691,2025-12-18 21:00:00.013000+00:00
xyz:MSTR,0.0000125000,0.0000847584,2025-12-18 22:00:00.073000+00:00
xyz:MSTR,0.0000125000,-0.0000085870,2025-12-18 23:00:00.067000+00:00
xyz:MSTR,0.0000125000,-0.0001472630,2025-12-19 00:00:00.067000+00:00
xyz:MSTR,0.0000016387,-0.0002868902,2025-12-19 01:00:00.032000+00:00
xyz:MSTR,0.0000125000,-0.0000615518,2025-12-19 02:00:00.061000+00:00
xyz:MSTR,0.0000125000,-0.0000086794,2025-12-19 03:00:00.012000+00:00
xyz:MSTR,0.0000180977,0.0004447813,2025-12-19 04:00:00.009000+00:00
xyz:MSTR,0.0000637869,0.0008102954,2025-12-19 05:00:00.067000+00:00
xyz:MSTR,0.0000847756,0.0009782051,2025-12-19 06:00:00.047000+00:00
xyz:MSTR,0.0000780435,0.0009243477,2025-12-19 07:00:00.033000+00:00
xyz:MSTR,0.0000792533,0.0009340266,2025-12-19 08:00:00.054000+00:00
xyz:MSTR,0.0000587944,0.0007703555,2025-12-19 09:00:00.013000+00:00
xyz:MSTR,0.0000610436,0.0007883490,2025-12-19 10:00:00.046000+00:00
xyz:MSTR,0.0000216790,0.0004734319,2025-12-19 11:00:00.006000+00:00
xyz:MSTR,0.0000672652,0.0008381217,2025-12-19 12:00:00.061000+00:00
xyz:MSTR,0.0000473480,0.0006787837,2025-12-19 13:00:00.006000+00:00
xyz:MSTR,0.0000510541,0.0007084326,2025-12-19 14:00:00.026000+00:00
xyz:MSTR,0.0000174576,0.0004396606,2025-12-19 15:00:00.126000+00:00
xyz:MSTR,0.0000125000,0.0000104015,2025-12-19 16:00:00.091000+00:00
xyz:MSTR,0.0000125000,-0.0000344859,2025-12-19 17:00:00.109000+00:00
xyz:MSTR,0.0000125000,-0.0000539768,2025-12-19 18:00:00.025000+00:00
xyz:MSTR,0.0000125000,0.0002363551,2025-12-19 19:00:00.014000+00:00
xyz:MSTR,0.0000125000,0.0002520612,2025-12-19 20:00:00.036000+00:00
xyz:MSTR,0.0000125000,0.0003039009,2025-12-19 21:00:00.021000+00:00
xyz:MSTR,0.0000259786,0.0005078286,2025-12-19 22:00:00.013000+00:00
xyz:MSTR,0.0000192532,0.0006080508,2025-12-19 23:00:00.045000+00:00
xyz:MSTR,0.0000190305,0.0006044881,2025-12-20 00:00:00.049000+00:00
xyz:MSTR,0.0000176722,0.0005827552,2025-12-20 01:00:00.054000+00:00
xyz:MSTR,0.0000201074,0.0006217186,2025-12-20 02:00:00.052000+00:00
xyz:MSTR,0.0000301334,0.0007821336,2025-12-20 03:00:00.088000+00:00
xyz:MSTR,0.0000389993,0.0009239881,2025-12-20 04:00:00.068000+00:00
xyz:MSTR,0.0000299236,0.0007787784,2025-12-20 05:00:00.010000+00:00
xyz:MSTR,0.0000628779,0.0013060464,2025-12-20 06:00:00.061000+00:00
xyz:MSTR,0.0000827775,0.0016244394,2025-12-20 07:00:00.016000+00:00
xyz:MSTR,0.0000090672,0.0004450754,2025-12-20 08:00:00.027000+00:00
xyz:MSTR,0.0000089411,0.0004430577,2025-12-20 09:00:00.085000+00:00
xyz:MSTR,0.0000502011,0.0011032174,2025-12-20 10:00:00.128000+00:00
xyz:MSTR,0.0000472417,0.0010558668,2025-12-20 11:00:00.020000+00:00
xyz:MSTR,0.0000062500,0.0001401682,2025-12-20 12:00:00.008000+00:00
xyz:MSTR,0.0000062500,-0.0000875558,2025-12-20 13:00:00.029000+00:00
xyz:MSTR,-0.0000039278,-0.0003628446,2025-12-20 14:00:00.160000+00:00
xyz:MSTR,0.0000042870,-0.0002314087,2025-12-20 15:00:00.007000+00:00
xyz:MSTR,0.0000062500,-0.0001904034,2025-12-20 16:00:00.049000+00:00
xyz:MSTR,0.0000062500,0.0002237154,2025-12-20 17:00:00.090000+00:00
xyz:MSTR,0.0000062500,-0.0000505836,2025-12-20 18:00:00.003000+00:00
xyz:MSTR,0.0000022583,-0.0002638671,2025-12-20 19:00:00.040000+00:00
xyz:MSTR,0.0000062500,0.0001941961,2025-12-20 20:00:00.009000+00:00
xyz:MSTR,0.0000276724,0.0007427590,2025-12-20 21:00:00.059000+00:00
xyz:MSTR,0.0000062500,0.0003427691,2025-12-20 22:00:00.093000+00:00
xyz:MSTR,0.0000062500,0.0000484310,2025-12-20 23:00:00.087000+00:00
xyz:MSTR,0.0000671172,0.0013738747,2025-12-21 00:00:00.121000+00:00
xyz:MSTR,0.0000012239,-0.0002804172,2025-12-21 01:00:00.035000+00:00
xyz:MSTR,-0.0000470989,-0.0010535827,2025-12-21 02:00:00.051000+00:00
xyz:MSTR,-0.0000606491,-0.0012703859,2025-12-21 03:00:00.019000+00:00
xyz:MSTR,-0.0000091416,-0.0004462654,2025-12-21 04:00:00.042000+00:00
xyz:MSTR,0.0000039396,-0.0002369666,2025-12-21 05:00:00.026000+00:00
xyz:MSTR,0.0000062500,-0.0001804500,2025-12-21 06:00:00.033000+00:00
xyz:MSTR,0.0000027006,-0.0002567897,2025-12-21 07:00:00.023000+00:00
xyz:MSTR,-0.0000031663,-0.0003506601,2025-12-21 08:00:00.005000+00:00
xyz:MSTR,0.0000062500,0.0002702454,2025-12-21 09:00:00.041000+00:00
xyz:MSTR,0.0001466778,0.0026468445,2025-12-21 10:00:00.026000+00:00
xyz:MSTR,0.0001384875,0.0025158004,2025-12-21 11:00:00.001000+00:00
xyz:MSTR,0.0001019895,0.0019318322,2025-12-21 12:00:00.014000+00:00
xyz:MSTR,0.0001154252,0.0021468038,2025-12-21 13:00:00.104000+00:00
xyz:MSTR,-0.0000122428,-0.0004958853,2025-12-21 14:00:00.061000+00:00
xyz:MSTR,-0.0001500166,-0.0027002649,2025-12-21 15:00:00.046000+00:00
xyz:MSTR,-0.0000711571,-0.0014385131,2025-12-21 16:00:00.090000+00:00
xyz:MSTR,-0.0000474996,-0.0010599930,2025-12-21 17:00:00.081000+00:00
xyz:MSTR,0.0000062500,0.0003800591,2025-12-21 18:00:00.005000+00:00
xyz:MSTR,-0.0000557019,-0.0011912304,2025-12-21 19:00:00.103000+00:00
xyz:MSTR,0.0000062500,0.0001683718,2025-12-21 20:00:00.004000+00:00
xyz:MSTR,-0.0000437140,-0.0009994238,2025-12-21 21:00:00.091000+00:00
xyz:MSTR,-0.0000678151,-0.0013850421,2025-12-21 22:00:00.043000+00:00
xyz:MSTR,-0.0000165483,-0.0005647726,2025-12-21 23:00:00.179000+00:00
xyz:MSTR,0.0000724738,0.0014595805,2025-12-22 00:00:00.034000+00:00
xyz:MSTR,0.0002353554,0.0040656864,2025-12-22 01:00:00.030000+00:00
xyz:MSTR,0.0000514898,0.0011238365,2025-12-22 02:00:00.054000+00:00
xyz:MSTR,0.0000141620,0.0005265927,2025-12-22 03:00:00.057000+00:00
xyz:MSTR,0.0000097056,0.0004552889,2025-12-22 04:00:00.017000+00:00
xyz:MSTR,0.0000062500,0.0000792906,2025-12-22 05:00:00.041000+00:00
xyz:MSTR,0.0000062500,-0.0000518474,2025-12-22 06:00:00.079000+00:00
xyz:MSTR,0.0000246640,0.0006946235,2025-12-22 07:00:00.012000+00:00
xyz:MSTR,0.0000300534,0.0007808547,2025-12-22 08:00:00.066000+00:00
xyz:MSTR,0.0000447786,0.0010164575,2025-12-22 09:00:00.042000+00:00
xyz:MSTR,0.0000335303,0.0008364854,2025-12-22 10:00:00.028000+00:00
xyz:MSTR,0.0000490771,0.0010852340,2025-12-22 11:00:00.073000+00:00
xyz:MSTR,0.0000615218,0.0012843491,2025-12-22 12:00:00.028000+00:00
xyz:MSTR,0.0000468437,0.0010494988,2025-12-22 13:00:00.031000+00:00
xyz:MSTR,0.0000323090,0.0008169442,2025-12-22 14:00:00.065000+00:00
xyz:MSTR,0.0000062500,0.0001717159,2025-12-22 15:00:00.012000+00:00
xyz:MSTR,0.0000062500,-0.0000046008,2025-12-22 16:00:00.031000+00:00
xyz:MSTR,0.0000062500,-0.0001127805,2025-12-22 17:00:00.050000+00:00
xyz:MSTR,0.0000062500,0.0000167497,2025-12-22 18:00:00.030000+00:00
xyz:MSTR,0.0000062500,0.0000020692,2025-12-22 19:00:00.006000+00:00
xyz:MSTR,0.0000062500,-0.0000162561,2025-12-22 20:00:00.046000+00:00
xyz:MSTR,0.0000062500,0.0000747991,2025-12-22 21:00:00+00:00
xyz:MSTR,0.0000062500,0.0000428929,2025-12-22 22:00:00.036000+00:00
xyz:MSTR,0.0000062500,0.0000002554,2025-12-22 23:00:00.053000+00:00
xyz:MSTR,0.0000062500,-0.0000844962,2025-12-23 00:00:00.002000+00:00
xyz:MSTR,0.0000062500,-0.0001527095,2025-12-23 01:00:00.098000+00:00
xyz:MSTR,0.0000062500,-0.0001738921,2025-12-23 02:00:00.053000+00:00
xyz:MSTR,0.0000024236,-0.0002612223,2025-12-23 03:00:00.060000+00:00
xyz:MSTR,0.0000051424,-0.0002177220,2025-12-23 04:00:00.059000+00:00
xyz:MSTR,0.0000021114,-0.0002662177,2025-12-23 05:00:00.066000+00:00
xyz:MSTR,0.0000011400,-0.0002817593,2025-12-23 06:00:00.065000+00:00
xyz:MSTR,-0.0000002787,-0.0003044585,2025-12-23 07:00:00.033000+00:00
xyz:MSTR,-0.0000020940,-0.0003335040,2025-12-23 08:00:00.066000+00:00
xyz:MSTR,0.0000006283,-0.0002899471,2025-12-23 09:00:00.061000+00:00
xyz:MSTR,0.0000007269,-0.0002883690,2025-12-23 10:00:00.050000+00:00
xyz:MSTR,0.0000062500,0.0001231716,2025-12-23 11:00:00.027000+00:00
xyz:MSTR,0.0000062500,0.0002277907,2025-12-23 12:00:00.062000+00:00
xyz:MSTR,0.0000062500,0.0003183235,2025-12-23 13:00:00.067000+00:00
xyz:MSTR,0.0000062500,0.0003498194,2025-12-23 14:00:00.025000+00:00
xyz:MSTR,0.0000062500,0.0002460167,2025-12-23 15:00:00.117000+00:00
xyz:MSTR,0.0000062500,0.0001019672,2025-12-23 16:00:00.036000+00:00
xyz:MSTR,0.0000062500,0.0002716022,2025-12-23 17:00:00.118000+00:00
xyz:MSTR,0.0000062500,0.0002908855,2025-12-23 18:00:00.008000+00:00
xyz:MSTR,0.0000062500,0.0002837453,2025-12-23 19:00:00.021000+00:00
xyz:MSTR,0.0000062500,0.0003155850,2025-12-23 20:00:00.206000+00:00
xyz:MSTR,0.0000062500,0.0002422245,2025-12-23 21:00:00.067000+00:00
xyz:MSTR,0.0000062500,-0.0001585589,2025-12-23 22:00:00.021000+00:00
xyz:MSTR,0.0000062500,-0.0001778124,2025-12-23 23:00:00.051000+00:00
xyz:MSTR,0.0000062500,-0.0001363696,2025-12-24 00:00:00.088000+00:00
xyz:MSTR,0.0000062500,-0.0001359035,2025-12-24 01:00:00.030000+00:00
xyz:MSTR,0.0000062500,-0.0000158300,2025-12-24 02:00:00.077000+00:00
xyz:MSTR,0.0000062500,-0.0000484327,2025-12-24 03:00:00.005000+00:00
xyz:MSTR,-0.0000059805,-0.0003956885,2025-12-24 04:00:00.045000+00:00
xyz:MSTR,-0.0000122060,-0.0004952959,2025-12-24 05:00:00.039000+00:00
xyz:MSTR,-0.0000096281,-0.0004540499,2025-12-24 06:00:00.027000+00:00
xyz:MSTR,-0.0000085457,-0.0004367316,2025-12-24 07:00:00.010000+00:00
xyz:MSTR,-0.0000083413,-0.0004334603,2025-12-24 08:00:00.074000+00:00
xyz:MSTR,-0.0000078933,-0.0004262921,2025-12-24 09:00:00.035000+00:00
xyz:MSTR,0.0000072741,0.0004163856,2025-12-24 10:00:00.079000+00:00
xyz:MSTR,0.0000062500,0.0000817166,2025-12-24 11:00:00.034000+00:00
xyz:MSTR,-0.0000035067,-0.0003561075,2025-12-24 12:00:00.028000+00:00
xyz:MSTR,0.0000062500,-0.0001537346,2025-12-24 13:00:00.012000+00:00
xyz:MSTR,0.0000062500,0.0002025001,2025-12-24 14:00:00.025000+00:00
xyz:MSTR,0.0000062500,0.0000740693,2025-12-24 15:00:00.087000+00:00
xyz:MSTR,0.0000062500,0.0001778580,2025-12-24 16:00:00.002000+00:00
xyz:MSTR,0.0000062500,0.0001374604,2025-12-24 17:00:00.013000+00:00
xyz:MSTR,0.0000062500,-0.0000441541,2025-12-24 18:00:00.037000+00:00
xyz:MSTR,0.0000751367,0.0015021879,2025-12-24 19:00:00.010000+00:00
xyz:MSTR,0.0000062500,0.0001999573,2025-12-24 20:00:00.012000+00:00
xyz:MSTR,0.0000062500,0.0000505319,2025-12-24 21:00:00.014000+00:00
xyz:MSTR,0.0000062500,0.0000109942,2025-12-24 22:00:00.001000+00:00
xyz:MSTR,-0.0000099791,-0.0004596650,2025-12-24 23:00:00.087000+00:00
xyz:MSTR,-0.0000374924,-0.0008998792,2025-12-25 00:00:00.009000+00:00
xyz:MSTR,0.0000062500,0.0003971934,2025-12-25 01:00:00.033000+00:00
xyz:MSTR,0.0000856086,0.0016697368,2025-12-25 02:00:00.085000+00:00
xyz:MSTR,0.0000635961,0.0013175384,2025-12-25 03:00:00.030000+00:00
xyz:MSTR,0.0000679502,0.0013872032,2025-12-25 04:00:00.034000+00:00
xyz:MSTR,0.0000911202,0.0017579236,2025-12-25 05:00:00.023000+00:00
xyz:MSTR,0.0000881520,0.0017104323,2025-12-25 06:00:00.056000+00:00
xyz:MSTR,0.0000591149,0.0012458382,2025-12-25 07:00:00.023000+00:00
xyz:MSTR,0.0000114967,0.0004839470,2025-12-25 08:00:00.045000+00:00
xyz:MSTR,0.0000062500,0.0000801515,2025-12-25 09:00:00.041000+00:00
xyz:MSTR,0.0000062500,0.0001826038,2025-12-25 10:00:00.018000+00:00
xyz:MSTR,0.0000062500,0.0002951352,2025-12-25 11:00:00.029000+00:00
xyz:MSTR,0.0000062500,-0.0000697887,2025-12-25 12:00:00.064000+00:00
xyz:MSTR,-0.0000000696,-0.0003011133,2025-12-25 13:00:00.067000+00:00
xyz:MSTR,-0.0000414836,-0.0009637378,2025-12-25 14:00:00.102000+00:00
xyz:MSTR,-0.0000675056,-0.0013800889,2025-12-25 15:00:00.042000+00:00
xyz:MSTR,-0.0000067262,-0.0004076195,2025-12-25 16:00:00.058000+00:00
xyz:MSTR,0.0000291981,0.0007671703,2025-12-25 17:00:00.056000+00:00
xyz:MSTR,0.0000062500,-0.0000046015,2025-12-25 18:00:00.010000+00:00
xyz:MSTR,0.0000094965,0.0004519445,2025-12-25 19:00:00.040000+00:00
xyz:MSTR,0.0000174069,0.0005785105,2025-12-25 20:00:00.060000+00:00
xyz:MSTR,0.0000124247,0.0004987956,2025-12-25 21:00:00.080000+00:00
xyz:MSTR,0.0000612229,0.0012795671,2025-12-25 22:00:00.003000+00:00
xyz:MSTR,0.0000257494,0.0007119911,2025-12-25 23:00:00.019000+00:00
xyz:MSTR,-0.0000347345,-0.0008557515,2025-12-26 00:00:00.022000+00:00
xyz:MSTR,-0.0001828744,-0.0032259909,2025-12-26 01:00:00.008000+00:00
xyz:MSTR,-0.0000498868,-0.0010981894,2025-12-26 02:00:00.062000+00:00
xyz:MSTR,0.0000062500,0.0002439951,2025-12-26 03:00:00+00:00
xyz:MSTR,0.0000873600,0.0016977604,2025-12-26 04:00:00.056000+00:00
xyz:MSTR,0.0000062500,0.0003425474,2025-12-26 05:00:00.092000+00:00
xyz:MSTR,0.0000333507,0.0008336115,2025-12-26 06:00:00.012000+00:00
xyz:MSTR,0.0000445578,0.0010129243,2025-12-26 07:00:00.039000+00:00
xyz:MSTR,0.0000486874,0.0010789988,2025-12-26 08:00:00.040000+00:00
xyz:MSTR,0.0000276538,0.0007424611,2025-12-26 09:00:00.017000+00:00
xyz:MSTR,0.0000090686,0.0004450983,2025-12-26 10:00:00.113000+00:00
xyz:MSTR,0.0000446625,0.0010145994,2025-12-26 11:00:00.164000+00:00
xyz:MSTR,0.0001457863,0.0026325809,2025-12-26 12:00:00.040000+00:00
xyz:MSTR,0.0001418501,0.0025696011,2025-12-26 13:00:00.030000+00:00
xyz:MSTR,0.0001371407,0.0024942504,2025-12-26 14:00:00.015000+00:00
xyz:MSTR,0.0000429321,0.0009869139,2025-12-26 15:00:00.077000+00:00
xyz:MSTR,0.0000062500,0.0001131007,2025-12-26 16:00:00.036000+00:00
xyz:MSTR,0.0000062500,0.0001901428,2025-12-26 17:00:00.019000+00:00
xyz:MSTR,0.0000085738,0.0004371809,2025-12-26 18:00:00.088000+00:00
xyz:MSTR,0.0000179743,0.0005875892,2025-12-26 19:00:00.033000+00:00
xyz:MSTR,0.0000207279,0.0006316466,2025-12-26 20:00:00.045000+00:00
xyz:MSTR,0.0000208816,0.0006341056,2025-12-26 21:00:00.004000+00:00
xyz:MSTR,0.0000180112,0.0005881798,2025-12-26 22:00:00.040000+00:00
xyz:MSTR,0.0000128056,0.0005048902,2025-12-26 23:00:00.040000+00:00
xyz:MSTR,0.0000129791,0.0005076661,2025-12-27 00:00:00.023000+00:00
xyz:MSTR,0.0000160790,0.0005572636,2025-12-27 01:00:00.020000+00:00
xyz:MSTR,0.0000190461,0.0006047371,2025-12-27 02:00:00.019000+00:00
xyz:MSTR,0.0000195080,0.0006121282,2025-12-27 03:00:00.083000+00:00
xyz:MSTR,0.0000193450,0.0006095196,2025-12-27 04:00:00+00:00
xyz:MSTR,0.0000193900,0.0006102398,2025-12-27 05:00:00.022000+00:00
xyz:MSTR,0.0000172255,0.0005756076,2025-12-27 06:00:00.022000+00:00
xyz:MSTR,0.0000077734,0.0004243739,2025-12-27 07:00:00.101000+00:00
xyz:MSTR,0.0000079639,0.0004274217,2025-12-27 08:00:00.049000+00:00
xyz:MSTR,0.0000073927,0.0004182828,2025-12-27 09:00:00.024000+00:00
xyz:MSTR,0.0000094899,0.0004518390,2025-12-27 10:00:00.051000+00:00
xyz:MSTR,0.0000062500,0.0003904883,2025-12-27 11:00:00.058000+00:00
xyz:MSTR,0.0000062500,0.0003916462,2025-12-27 12:00:00.048000+00:00
xyz:MSTR,-0.0000806674,-0.0015906783,2025-12-27 13:00:00.049000+00:00
xyz:MSTR,-0.0001555009,-0.0027880140,2025-12-27 14:00:00.129000+00:00
xyz:MSTR,-0.0000785898,-0.0015574368,2025-12-27 15:00:00.130000+00:00
xyz:MSTR,0.0000062500,-0.0000286973,2025-12-27 16:00:00.019000+00:00
xyz:MSTR,-0.0000283865,-0.0007541841,2025-12-27 17:00:00.106000+00:00
xyz:MSTR,-0.0000382545,-0.0009120727,2025-12-27 18:00:00.021000+00:00
xyz:MSTR,-0.0000290279,-0.0007644466,2025-12-27 19:00:00.007000+00:00
xyz:MSTR,-0.0000315972,-0.0008055556,2025-12-27 20:00:00.057000+00:00
xyz:MSTR,-0.0000174259,-0.0005788149,2025-12-27 21:00:00.027000+00:00
xyz:MSTR,0.0000062500,0.0001082174,2025-12-27 22:00:00.034000+00:00
xyz:MSTR,0.0000062500,0.0002188918,2025-12-27 23:00:00.018000+00:00
xyz:MSTR,0.0000215039,0.0006440618,2025-12-28 00:00:00.072000+00:00
xyz:MSTR,0.0001228710,0.0022659352,2025-12-28 01:00:00.041000+00:00
xyz:MSTR,0.0001269706,0.0023315291,2025-12-28 02:00:00.027000+00:00
xyz:MSTR,0.0001632913,0.0029126603,2025-12-28 03:00:00.017000+00:00
xyz:MSTR,0.0001993336,0.0034893374,2025-12-28 04:00:00.024000+00:00
xyz:MSTR,0.0001545359,0.0027725736,2025-12-28 05:00:00.062000+00:00
xyz:MSTR,0.0000062500,0.0003014155,2025-12-28 06:00:00.060000+00:00
xyz:MSTR,0.0000062500,0.0001236669,2025-12-28 07:00:00.028000+00:00
xyz:MSTR,0.0000497547,0.0010960751,2025-12-28 08:00:00.040000+00:00
xyz:MSTR,0.0001358382,0.0024734104,2025-12-28 09:00:00.005000+00:00
xyz:MSTR,0.0000062500,0.0003199358,2025-12-28 10:00:00.074000+00:00
xyz:MSTR,0.0000062500,0.0000517849,2025-12-28 11:00:00.057000+00:00
xyz:MSTR,0.0000331614,0.0008305832,2025-12-28 12:00:00.046000+00:00
xyz:MSTR,0.0000657659,0.0013522538,2025-12-28 13:00:00.095000+00:00
xyz:MSTR,0.0000948850,0.0018181596,2025-12-28 14:00:00.095000+00:00
xyz:MSTR,0.0001325766,0.0024212264,2025-12-28 15:00:00.109000+00:00
xyz:MSTR,0.0001305547,0.0023888757,2025-12-28 16:00:00.008000+00:00
xyz:MSTR,0.0001635165,0.0029162645,2025-12-28 17:00:00.074000+00:00
xyz:MSTR,0.0002862149,0.0048794385,2025-12-28 18:00:00.041000+00:00
xyz:MSTR,0.0002135433,0.0037166928,2025-12-28 19:00:00.019000+00:00
xyz:MSTR,0.0001530399,0.0027486383,2025-12-28 20:00:00.016000+00:00
xyz:MSTR,0.0001245599,0.0022929577,2025-12-28 21:00:00.047000+00:00
xyz:MSTR,-0.0000114747,-0.0004835945,2025-12-28 22:00:00.072000+00:00
xyz:MSTR,-0.0000155525,-0.0005488403,2025-12-28 23:00:00.045000+00:00
xyz:MSTR,-0.0000214336,-0.0006429378,2025-12-29 00:00:00.132000+00:00
xyz:MSTR,0.0000049796,-0.0002203261,2025-12-29 01:00:00.082000+00:00
xyz:MSTR,0.0000062500,0.0003991374,2025-12-29 02:00:00.076000+00:00
xyz:MSTR,0.0000301156,0.0007818499,2025-12-29 03:00:00.049000+00:00
xyz:MSTR,0.0000928544,0.0017856696,2025-12-29 04:00:00.132000+00:00
xyz:MSTR,0.0000437667,0.0010002668,2025-12-29 05:00:00.006000+00:00
xyz:MSTR,0.0000826253,0.0016220052,2025-12-29 06:00:00.005000+00:00
xyz:MSTR,0.0000062500,0.0003260781,2025-12-29 07:00:00.018000+00:00
xyz:MSTR,0.0000463102,0.0010409627,2025-12-29 08:00:00.014000+00:00
xyz:MSTR,0.0000584802,0.0012356825,2025-12-29 09:00:00.030000+00:00
xyz:MSTR,0.0000521289,0.0011340619,2025-12-29 10:00:00.008000+00:00
xyz:MSTR,-0.0000214210,-0.0006427353,2025-12-29 11:00:00.098000+00:00
xyz:MSTR,-0.0000025646,-0.0003410342,2025-12-29 12:00:00.026000+00:00
xyz:MSTR,0.0000012891,-0.0002793743,2025-12-29 13:00:00.001000+00:00
xyz:MSTR,-0.0000061246,-0.0003979937,2025-12-29 14:00:00.028000+00:00
xyz:MSTR,-0.0000158346,-0.0005533529,2025-12-29 15:00:00.031000+00:00
xyz:MSTR,0.0000018921,-0.0002697266,2025-12-29 16:00:00.014000+00:00
xyz:MSTR,0.0000062500,-0.0001302881,2025-12-29 17:00:00.019000+00:00
xyz:MSTR,0.0000062500,-0.0000094367,2025-12-29 18:00:00.031000+00:00
xyz:MSTR,0.0000062500,-0.0000731772,2025-12-29 19:00:00.026000+00:00
xyz:MSTR,0.0000062500,-0.0000382107,2025-12-29 20:00:00.055000+00:00
xyz:MSTR,0.0000062500,-0.0000405685,2025-12-29 21:00:00.006000+00:00
xyz:MSTR,0.0000096890,0.0004550245,2025-12-29 22:00:00.075000+00:00
xyz:MSTR,0.0000134667,0.0005154680,2025-12-29 23:00:00.040000+00:00
xyz:MSTR,0.0000418555,0.0009696875,2025-12-30 00:00:00.010000+00:00
xyz:MSTR,0.0000062500,0.0002544871,2025-12-30 01:00:00.049000+00:00
xyz:MSTR,0.0000090399,0.0004446386,2025-12-30 02:00:00.033000+00:00
xyz:MSTR,0.0000117452,0.0004879227,2025-12-30 03:00:00.041000+00:00
xyz:MSTR,0.0000112339,0.0004797426,2025-12-30 04:00:00.063000+00:00
xyz:MSTR,0.0000062500,0.0003942962,2025-12-30 05:00:00.069000+00:00
xyz:MSTR,0.0000068184,0.0004090947,2025-12-30 06:00:00.067000+00:00
xyz:MSTR,0.0000124190,0.0004987043,2025-12-30 07:00:00.062000+00:00
xyz:MSTR,0.0000079082,0.0004265318,2025-12-30 08:00:00.028000+00:00
xyz:MSTR,0.0000071522,0.0004144357,2025-12-30 09:00:00.045000+00:00
xyz:MSTR,-0.0000180032,-0.0005880511,2025-12-30 10:00:00.080000+00:00
xyz:MSTR,-0.0000081169,-0.0004298710,2025-12-30 11:00:00.054000+00:00
xyz:MSTR,0.0000062500,-0.0001027611,2025-12-30 12:00:00.003000+00:00
xyz:MSTR,0.0000062500,0.0000441909,2025-12-30 13:00:00.121000+00:00
xyz:MSTR,0.0000048092,-0.0002230524,2025-12-30 14:00:00.031000+00:00
xyz:MSTR,0.0000062500,0.0000741489,2025-12-30 15:00:00.036000+00:00
xyz:MSTR,0.0000062500,0.0003861332,2025-12-30 16:00:00.039000+00:00
xyz:MSTR,0.0000062500,0.0003854513,2025-12-30 17:00:00.051000+00:00
xyz:MSTR,0.0000062500,0.0001369849,2025-12-30 18:00:00.071000+00:00
xyz:MSTR,0.0000062500,0.0001102302,2025-12-30 19:00:00.033000+00:00
xyz:MSTR,0.0000062500,0.0000118952,2025-12-30 20:00:00.120000+00:00
xyz:MSTR,0.0000062500,-0.0000178644,2025-12-30 21:00:00.041000+00:00
xyz:MSTR,0.0000379469,0.0009071503,2025-12-30 22:00:00.003000+00:00
xyz:MSTR,0.0000158286,0.0005532581,2025-12-30 23:00:00.047000+00:00
xyz:MSTR,0.0000156281,0.0005500492,2025-12-31 00:00:00.021000+00:00
xyz:MSTR,0.0000429206,0.0009867295,2025-12-31 01:00:00.022000+00:00
xyz:MSTR,0.0000378167,0.0009050676,2025-12-31 02:00:00.037000+00:00
xyz:MSTR,0.0000330815,0.0008293047,2025-12-31 03:00:00.053000+00:00
xyz:MSTR,0.0000434213,0.0009947413,2025-12-31 04:00:00.057000+00:00
xyz:MSTR,0.0000542921,0.0011686737,2025-12-31 05:00:00.011000+00:00
xyz:MSTR,0.0000463474,0.0010415579,2025-12-31 06:00:00.002000+00:00
xyz:MSTR,0.0000361795,0.0008788722,2025-12-31 07:00:00.029000+00:00
xyz:MSTR,0.0000514261,0.0011228180,2025-12-31 08:00:00.063000+00:00
xyz:MSTR,0.0000393117,0.0009289873,2025-12-31 09:00:00.019000+00:00
xyz:MSTR,0.0000062500,0.0000853526,2025-12-31 10:00:00.002000+00:00
xyz:MSTR,0.0000062500,0.0001030426,2025-12-31 11:00:00.050000+00:00
xyz:MSTR,0.0000081180,0.0004298876,2025-12-31 12:00:00.095000+00:00
xyz:MSTR,0.0000221570,0.0006545117,2025-12-31 13:00:00.002000+00:00
xyz:MSTR,0.0000088878,0.0004422054,2025-12-31 14:00:00.008000+00:00
xyz:MSTR,0.0000147037,0.0005352597,2025-12-31 15:00:00.015000+00:00
xyz:MSTR,0.0000435005,0.0009960077,2025-12-31 16:00:00.089000+00:00
xyz:MSTR,0.0000174461,0.0005791378,2025-12-31 17:00:00.072000+00:00
xyz:MSTR,0.0000261258,0.0007180126,2025-12-31 18:00:00.050000+00:00
xyz:MSTR,0.0000366509,0.0008864152,2025-12-31 19:00:00.053000+00:00
xyz:MSTR,0.0000473465,0.0010575444,2025-12-31 20:00:00.058000+00:00
xyz:MSTR,0.0000653674,0.0013458788,2025-12-31 21:00:00.043000+00:00
xyz:MSTR,0.0002498320,0.0042973121,2025-12-31 22:00:00.100000+00:00
xyz:MSTR,0.0001640521,0.0029248329,2025-12-31 23:00:00.093000+00:00
xyz:MSTR,0.0001153709,0.0021459343,2026-01-01 00:00:00.063000+00:00
xyz:MSTR,0.0000952355,0.0018237674,2026-01-01 01:00:00.053000+00:00
xyz:MSTR,0.0000738246,0.0014811938,2026-01-01 02:00:00.024000+00:00
xyz:MSTR,0.0000498730,0.0010979678,2026-01-01 03:00:00.012000+00:00
xyz:MSTR,0.0000475132,0.0010602105,2026-01-01 04:00:00.036000+00:00
xyz:MSTR,0.0000373608,0.0008977731,2026-01-01 05:00:00.040000+00:00
xyz:MSTR,0.0000521727,0.0011347636,2026-01-01 06:00:00.053000+00:00
xyz:MSTR,0.0001104501,0.0020672022,2026-01-01 07:00:00.011000+00:00
xyz:MSTR,0.0001263849,0.0023221584,2026-01-01 08:00:00.045000+00:00
xyz:MSTR,0.0001534730,0.0027555674,2026-01-01 09:00:00.098000+00:00
xyz:MSTR,-0.0000912283,-0.0017596524,2026-01-01 10:00:00.010000+00:00
xyz:MSTR,0.0000062500,-0.0001471510,2026-01-01 11:00:00.034000+00:00
xyz:MSTR,0.0002714868,0.0046437890,2026-01-01 12:00:00.051000+00:00
xyz:MSTR,0.0001242032,0.0022872513,2026-01-01 13:00:00.101000+00:00
xyz:MSTR,0.0001746474,0.0030943576,2026-01-01 14:00:00.010000+00:00
xyz:MSTR,0.0001313831,0.0024021297,2026-01-01 15:00:00.003000+00:00
xyz:MSTR,0.0000772728,0.0015363641,2026-01-01 16:00:00.025000+00:00
xyz:MSTR,0.0001746409,0.0030942541,2026-01-01 17:00:00.034000+00:00
xyz:MSTR,0.0001039539,0.0019632623,2026-01-01 18:00:00.042000+00:00
xyz:MSTR,0.0000378555,0.0009056873,2026-01-01 19:00:00.029000+00:00
xyz:MSTR,0.0000411703,0.0009587245,2026-01-01 20:00:00.043000+00:00
xyz:MSTR,0.0000371718,0.0008947495,2026-01-01 21:00:00.069000+00:00
xyz:MSTR,0.0001879006,0.0033064096,2026-01-01 22:00:00.047000+00:00
xyz:MSTR,0.0001833712,0.0032339394,2026-01-01 23:00:00.023000+00:00
xyz:MSTR,0.0002062949,0.0036007177,2026-01-02 00:00:00.042000+00:00
xyz:MSTR,0.0002758452,0.0047135236,2026-01-02 01:00:00.032000+00:00
xyz:MSTR,0.0001236122,0.0022777945,2026-01-02 02:00:00.057000+00:00
xyz:MSTR,0.0003365860,0.0056853754,2026-01-02 03:00:00.019000+00:00
xyz:MSTR,0.0001770161,0.0031322569,2026-01-02 04:00:00.139000+00:00
xyz:MSTR,0.0001682053,0.0029912851,2026-01-02 05:00:00.110000+00:00
xyz:MSTR,0.0000671081,0.0013737300,2026-01-02 06:00:00.022000+00:00
xyz:MSTR,0.0001026231,0.0019419701,2026-01-02 07:00:00.003000+00:00
xyz:MSTR,0.0001266332,0.0023261316,2026-01-02 08:00:00.081000+00:00
xyz:MSTR,0.0000604978,0.0012679651,2026-01-02 09:00:00.003000+00:00
xyz:MSTR,-0.0000032347,-0.0003517557,2026-01-02 10:00:00.091000+00:00
xyz:MSTR,-0.0000044030,-0.0003704473,2026-01-02 11:00:00.048000+00:00
xyz:MSTR,0.0000062500,-0.0001718846,2026-01-02 12:00:00.042000+00:00
xyz:MSTR,-0.0000097604,-0.0004561658,2026-01-02 13:00:00.114000+00:00
xyz:MSTR,-0.0000019397,-0.0003310346,2026-01-02 14:00:00.009000+00:00
xyz:MSTR,0.0000062500,0.0001596516,2026-01-02 15:00:00.105000+00:00
xyz:MSTR,0.0000075425,0.0004206800,2026-01-02 16:00:00.038000+00:00
xyz:MSTR,0.0000062500,-0.0000433804,2026-01-02 17:00:00.047000+00:00
xyz:MSTR,0.0000062500,0.0000619564,2026-01-02 18:00:00.034000+00:00
xyz:MSTR,0.0000062500,-0.0000916505,2026-01-02 19:00:00.026000+00:00
xyz:MSTR,0.0000062500,-0.0000069215,2026-01-02 20:00:00.027000+00:00
xyz:MSTR,0.0000679724,0.0013875588,2026-01-02 21:00:00+00:00
xyz:MSTR,0.0002047299,0.0035756792,2026-01-02 22:00:00.042000+00:00
xyz:MSTR,0.0001451806,0.0026228897,2026-01-02 23:00:00.022000+00:00
xyz:MSTR,0.0000977609,0.0018641749,2026-01-03 00:00:00.008000+00:00
xyz:MSTR,0.0000885627,0.0017170026,2026-01-03 01:00:00.018000+00:00
xyz:MSTR,0.0000780293,0.0015484683,2026-01-03 02:00:00.008000+00:00
xyz:MSTR,0.0001018860,0.0019301757,2026-01-03 03:00:00.074000+00:00
xyz:MSTR,0.0000442646,0.0010082337,2026-01-03 04:00:00.011000+00:00
xyz:MSTR,0.0000062500,-0.0000687599,2026-01-03 05:00:00.006000+00:00
xyz:MSTR,0.0000062500,0.0002483913,2026-01-03 06:00:00.019000+00:00
xyz:MSTR,0.0000062500,-0.0001437692,2026-01-03 07:00:00.004000+00:00
xyz:MSTR,-0.0001864458,-0.0032831324,2026-01-03 08:00:00.011000+00:00
xyz:MSTR,-0.0000885030,-0.0017160480,2026-01-03 09:00:00.067000+00:00
xyz:MSTR,-0.0000524087,-0.0011385396,2026-01-03 10:00:00.026000+00:00
xyz:MSTR,0.0000062500,0.0001951127,2026-01-03 11:00:00.060000+00:00
xyz:MSTR,0.0000062500,-0.0001526667,2026-01-03 12:00:00.095000+00:00
xyz:MSTR,0.0000506006,0.0011096092,2026-01-03 13:00:00.083000+00:00
xyz:MSTR,0.0000932751,0.0017924010,2026-01-03 14:00:00.043000+00:00
xyz:MSTR,0.0000928188,0.0017851004,2026-01-03 15:00:00.072000+00:00
xyz:MSTR,0.0001180873,0.0021893963,2026-01-03 16:00:00.044000+00:00
xyz:MSTR,0.0000580622,0.0012289944,2026-01-03 17:00:00.083000+00:00
xyz:MSTR,0.0000697480,0.0014159678,2026-01-03 18:00:00.061000+00:00
xyz:MSTR,0.0000062500,0.0002559471,2026-01-03 19:00:00.032000+00:00
xyz:MSTR,0.0000412788,0.0009604612,2026-01-03 20:00:00.019000+00:00
xyz:MSTR,0.0000548840,0.0011781436,2026-01-03 21:00:00.128000+00:00
xyz:MSTR,0.0002973246,0.0050571938,2026-01-03 22:00:00.077000+00:00
xyz:MSTR,-0.0000661764,-0.0013588232,2026-01-03 23:00:00.046000+00:00
xyz:MSTR,0.0000801439,0.0015823026,2026-01-04 00:00:00.024000+00:00
xyz:MSTR,0.0004677291,0.0077836656,2026-01-04 01:00:00.010000+00:00
xyz:MSTR,0.0004483529,0.0074736464,2026-01-04 02:00:00.026000+00:00
xyz:MSTR,0.0002351259,0.0040620146,2026-01-04 03:00:00.011000+00:00
xyz:MSTR,0.0002563117,0.0044009871,2026-01-04 04:00:00.063000+00:00
xyz:MSTR,0.0001243176,0.0022890822,2026-01-04 05:00:00.060000+00:00
xyz:MSTR,0.0000868972,0.0016903551,2026-01-04 06:00:00.066000+00:00
xyz:MSTR,0.0001147897,0.0021366348,2026-01-04 07:00:00.031000+00:00
xyz:MSTR,0.0002476206,0.0042619298,2026-01-04 08:00:00.036000+00:00
xyz:MSTR,0.0001758631,0.0031138093,2026-01-04 09:00:00.001000+00:00
xyz:MSTR,0.0002903746,0.0049459929,2026-01-04 10:00:00.051000+00:00
xyz:MSTR,0.0005529363,0.0091469810,2026-01-04 11:00:00.051000+00:00
xyz:MSTR,0.0003746255,0.0062940075,2026-01-04 12:00:00.052000+00:00
xyz:MSTR,0.0000986834,0.0018789338,2026-01-04 13:00:00.062000+00:00
xyz:MSTR,0.0000721597,0.0014545546,2026-01-04 14:00:00.019000+00:00
xyz:MSTR,0.0000516756,0.0011268098,2026-01-04 15:00:00.078000+00:00
xyz:MSTR,0.0002099603,0.0036593645,2026-01-04 16:00:00.098000+00:00
xyz:MSTR,0.0001364200,0.0024827195,2026-01-04 17:00:00.020000+00:00
xyz:MSTR,0.0001860571,0.0032769132,2026-01-04 18:00:00.054000+00:00
xyz:MSTR,0.0001683127,0.0029930029,2026-01-04 19:00:00.024000+00:00
xyz:MSTR,0.0000695700,0.0014131192,2026-01-04 20:00:00.062000+00:00
xyz:MSTR,0.0000869619,0.0016913910,2026-01-04 21:00:00+00:00
xyz:MSTR,0.0000111892,0.0004790276,2026-01-04 22:00:00.037000+00:00
xyz:MSTR,-0.0000956846,-0.0018309532,2026-01-04 23:00:00.111000+00:00
xyz:MSTR,0.0000062500,0.0001590685,2026-01-05 00:00:00+00:00
xyz:MSTR,-0.0001604486,-0.0028671771,2026-01-05 01:00:00.014000+00:00
xyz:MSTR,0.0001621995,0.0028951917,2026-01-05 02:00:00.009000+00:00
xyz:MSTR,0.0001595212,0.0028523391,2026-01-05 03:00:00.010000+00:00
xyz:MSTR,0.0001815347,0.0032045560,2026-01-05 04:00:00.044000+00:00
xyz:MSTR,0.0001334338,0.0024349415,2026-01-05 05:00:00.042000+00:00
xyz:MSTR,0.0001843591,0.0032497461,2026-01-05 06:00:00.026000+00:00
xyz:MSTR,0.0001486885,0.0026790166,2026-01-05 07:00:00.067000+00:00
xyz:MSTR,0.0001068825,0.0020101200,2026-01-05 08:00:00.060000+00:00
xyz:MSTR,0.0001146893,0.0021350282,2026-01-05 09:00:00.043000+00:00
xyz:MSTR,0.0001854342,0.0032669470,2026-01-05 10:00:00.038000+00:00
xyz:MSTR,0.0001836112,0.0032377797,2026-01-05 11:00:00.040000+00:00
xyz:MSTR,0.0000683184,0.0013930937,2026-01-05 12:00:00.068000+00:00
xyz:MSTR,0.0000160109,0.0005561742,2026-01-05 13:00:00.054000+00:00
xyz:MSTR,0.0000939523,0.0018032366,2026-01-05 14:00:00.015000+00:00
xyz:MSTR,0.0000523448,0.0011375166,2026-01-05 15:00:00.020000+00:00
xyz:MSTR,0.0000062500,0.0001897716,2026-01-05 16:00:00.051000+00:00
xyz:MSTR,0.0000040556,-0.0002351104,2026-01-05 17:00:00.085000+00:00
xyz:MSTR,0.0000000319,-0.0002994890,2026-01-05 18:00:00.081000+00:00
xyz:MSTR,0.0000062500,-0.0000798342,2026-01-05 19:00:00.056000+00:00
xyz:MSTR,0.0000062500,0.0000667758,2026-01-05 20:00:00.045000+00:00
xyz:MSTR,0.0000062500,0.0000609656,2026-01-05 21:00:00.022000+00:00
xyz:MSTR,0.0000062500,-0.0001229686,2026-01-05 22:00:00.008000+00:00
xyz:MSTR,0.0000062500,-0.0000961130,2026-01-05 23:00:00.068000+00:00
xyz:MSTR,0.0000062500,-0.0001026594,2026-01-06 00:00:00.017000+00:00
xyz:MSTR,0.0000062500,-0.0000612609,2026-01-06 01:00:00.086000+00:00
xyz:MSTR,0.0000062500,0.0000275018,2026-01-06 02:00:00.073000+00:00
xyz:MSTR,0.0000062500,0.0000211624,2026-01-06 03:00:00.033000+00:00
xyz:MSTR,0.0000062500,0.0000287210,2026-01-06 04:00:00.036000+00:00
xyz:MSTR,0.0000062500,0.0002675450,2026-01-06 05:00:00.075000+00:00
xyz:MSTR,-0.0000475892,-0.0010614272,2026-01-06 06:00:00.013000+00:00
xyz:MSTR,-0.0000624513,-0.0012992212,2026-01-06 07:00:00.008000+00:00
xyz:MSTR,-0.0000183144,-0.0005930311,2026-01-06 08:00:00.066000+00:00
xyz:MSTR,0.0000026959,-0.0002568660,2026-01-06 09:00:00.059000+00:00
xyz:MSTR,0.0000019277,-0.0002691567,2026-01-06 10:00:00.012000+00:00
xyz:MSTR,-0.0000198747,-0.0006179956,2026-01-06 11:00:00.060000+00:00
xyz:MSTR,-0.0000053968,-0.0003863487,2026-01-06 12:00:00.017000+00:00
xyz:MSTR,0.0000062500,-0.0000337632,2026-01-06 13:00:00.002000+00:00
xyz:MSTR,0.0000062500,-0.0000650489,2026-01-06 14:00:00.046000+00:00
xyz:MSTR,0.0000080793,0.0004292685,2026-01-06 15:00:00.076000+00:00
xyz:MSTR,0.0000209590,0.0006353437,2026-01-06 16:00:00.036000+00:00
xyz:MSTR,0.0000062500,0.0002298138,2026-01-06 17:00:00.012000+00:00
xyz:MSTR,0.0000062500,0.0002103815,2026-01-06 18:00:00.001000+00:00
xyz:MSTR,0.0000315956,0.0008055293,2026-01-06 19:00:00.037000+00:00
xyz:MSTR,0.0000062500,0.0003065001,2026-01-06 20:00:00.018000+00:00
xyz:MSTR,0.0000062500,0.0001979890,2026-01-06 21:00:00.062000+00:00
xyz:MSTR,0.0000759655,0.0015154488,2026-01-06 22:00:00.005000+00:00
xyz:MSTR,0.0003290032,0.0055640504,2026-01-06 23:00:00.008000+00:00
xyz:MSTR,0.0005091013,0.0084456200,2026-01-07 00:00:00.119000+00:00
xyz:MSTR,0.0002212226,0.0038395623,2026-01-07 01:00:00.007000+00:00
xyz:MSTR,0.0000809283,0.0015948521,2026-01-07 02:00:00.010000+00:00
xyz:MSTR,0.0000795423,0.0015726764,2026-01-07 03:00:00.017000+00:00
xyz:MSTR,0.0001055770,0.0019892321,2026-01-07 04:00:00.033000+00:00
xyz:MSTR,0.0002274631,0.0039394096,2026-01-07 05:00:00.087000+00:00
xyz:MSTR,0.0001914604,0.0033633661,2026-01-07 06:00:00.009000+00:00
xyz:MSTR,0.0001665486,0.0029647781,2026-01-07 07:00:00.014000+00:00
xyz:MSTR,0.0000541389,0.0011662220,2026-01-07 08:00:00.062000+00:00
xyz:MSTR,0.0001240813,0.0022853009,2026-01-07 09:00:00.082000+00:00
xyz:MSTR,0.0000522649,0.0011362388,2026-01-07 10:00:00.029000+00:00
xyz:MSTR,0.0000292131,0.0007674097,2026-01-07 11:00:00.048000+00:00
xyz:MSTR,0.0000097283,0.0004556522,2026-01-07 12:00:00.096000+00:00
xyz:MSTR,0.0000199397,0.0006190350,2026-01-07 13:00:00.074000+00:00
xyz:MSTR,0.0000062500,0.0002854634,2026-01-07 14:00:00.040000+00:00
xyz:MSTR,0.0000062500,0.0000520581,2026-01-07 15:00:00.099000+00:00
xyz:MSTR,0.0000062500,-0.0001775626,2026-01-07 16:00:00.081000+00:00
xyz:MSTR,0.0000062500,-0.0000172409,2026-01-07 17:00:00.013000+00:00
xyz:MSTR,0.0000062500,-0.0000077077,2026-01-07 18:00:00.014000+00:00
xyz:MSTR,0.0000094897,0.0004518356,2026-01-07 19:00:00.055000+00:00
xyz:MSTR,0.0000171793,0.0005748691,2026-01-07 20:00:00.113000+00:00
xyz:MSTR,0.0000223342,0.0006573470,2026-01-07 21:00:00.117000+00:00
xyz:MSTR,0.0000267730,0.0007283685,2026-01-07 22:00:00.043000+00:00
xyz:MSTR,0.0000150082,0.0005401304,2026-01-07 23:00:00.090000+00:00
xyz:MSTR,0.0000262138,0.0007194207,2026-01-08 00:00:00.001000+00:00
xyz:MSTR,0.0000062500,0.0003154823,2026-01-08 01:00:00.035000+00:00
xyz:MSTR,0.0000062500,0.0003317802,2026-01-08 02:00:00.029000+00:00
xyz:MSTR,0.0000229624,0.0006673988,2026-01-08 03:00:00.014000+00:00
xyz:MSTR,0.0000219645,0.0006514325,2026-01-08 04:00:00.069000+00:00
xyz:MSTR,-0.0000376012,-0.0009016186,2026-01-08 05:00:00.155000+00:00
xyz:MSTR,-0.0000285533,-0.0007568534,2026-01-08 06:00:00.094000+00:00
xyz:MSTR,-0.0000165511,-0.0005648171,2026-01-08 07:00:00.010000+00:00
xyz:MSTR,0.0000062500,0.0000338037,2026-01-08 08:00:00.089000+00:00
xyz:MSTR,0.0000062500,0.0000832986,2026-01-08 09:00:00.077000+00:00
xyz:MSTR,0.0000449123,0.0010185975,2026-01-08 10:00:00.037000+00:00
xyz:MSTR,0.0000078304,0.0004252856,2026-01-08 11:00:00.015000+00:00
xyz:MSTR,0.0000062500,0.0003235260,2026-01-08 12:00:00.137000+00:00
xyz:MSTR,0.0000062500,0.0001866166,2026-01-08 13:00:00.040000+00:00
xyz:MSTR,0.0000062500,0.0000441426,2026-01-08 14:00:00+00:00
xyz:MSTR,0.0000062500,0.0002084006,2026-01-08 15:00:00.106000+00:00
xyz:MSTR,0.0000062500,0.0002722643,2026-01-08 16:00:00.063000+00:00
xyz:MSTR,0.0000154427,0.0005470838,2026-01-08 17:00:00.004000+00:00
xyz:MSTR,0.0000104615,0.0004673842,2026-01-08 18:00:00.008000+00:00
xyz:MSTR,0.0000062500,0.0000170136,2026-01-08 19:00:00.013000+00:00
xyz:MSTR,0.0000062500,-0.0000191100,2026-01-08 20:00:00.098000+00:00
xyz:MSTR,0.0000062500,0.0001442249,2026-01-08 21:00:00.116000+00:00
xyz:MSTR,0.0000112929,0.0004806860,2026-01-08 22:00:00.008000+00:00
xyz:MSTR,0.0000205704,0.0006291269,2026-01-08 23:00:00.085000+00:00
xyz:MSTR,0.0000205710,0.0006291361,2026-01-09 00:00:00.020000+00:00
xyz:MSTR,0.0000408829,0.0009541268,2026-01-09 01:00:00.016000+00:00
xyz:MSTR,0.0000206602,0.0006305626,2026-01-09 02:00:00.063000+00:00
xyz:MSTR,0.0000256351,0.0007101613,2026-01-09 03:00:00.059000+00:00
xyz:MSTR,0.0000242173,0.0006874771,2026-01-09 04:00:00.100000+00:00
xyz:MSTR,0.0000146787,0.0005348599,2026-01-09 05:00:00.158000+00:00
xyz:MSTR,0.0000147402,0.0005358433,2026-01-09 06:00:00.046000+00:00
xyz:MSTR,0.0000062500,0.0002858358,2026-01-09 07:00:00.012000+00:00
xyz:MSTR,0.0000160125,0.0005561996,2026-01-09 08:00:00.028000+00:00
xyz:MSTR,0.0000062500,0.0003342743,2026-01-09 09:00:00.072000+00:00
xyz:MSTR,0.0000062500,0.0003930714,2026-01-09 10:00:00.077000+00:00
xyz:MSTR,0.0000062500,0.0001482885,2026-01-09 11:00:00.050000+00:00
xyz:MSTR,0.0000062500,0.0002356047,2026-01-09 12:00:00.041000+00:00
xyz:MSTR,0.0000156591,0.0005505451,2026-01-09 13:00:00.005000+00:00
xyz:MSTR,0.0000068614,0.0004097827,2026-01-09 14:00:00.032000+00:00
xyz:MSTR,0.0000295694,0.0007731110,2026-01-09 15:00:00.042000+00:00
xyz:MSTR,0.0000349013,0.0008584202,2026-01-09 16:00:00.002000+00:00
xyz:MSTR,0.0000062500,0.0002801263,2026-01-09 17:00:00.004000+00:00
xyz:MSTR,0.0000343503,0.0008496041,2026-01-09 18:00:00.018000+00:00
xyz:MSTR,0.0000102911,0.0004646579,2026-01-09 19:00:00.042000+00:00
xyz:MSTR,0.0000224818,0.0006597095,2026-01-09 20:00:00.065000+00:00
xyz:MSTR,0.0000194584,0.0006113352,2026-01-09 21:00:00+00:00
xyz:MSTR,0.0000472468,0.0010559493,2026-01-09 22:00:00.018000+00:00
xyz:MSTR,0.0000494658,0.0010914536,2026-01-09 23:00:00.025000+00:00
xyz:MSTR,0.0000465829,0.0010453264,2026-01-10 00:00:00.103000+00:00
xyz:MSTR,0.0000062500,0.0003630082,2026-01-10 01:00:00.110000+00:00
xyz:MSTR,0.0000062500,-0.0000647693,2026-01-10 02:00:00.064000+00:00
xyz:MSTR,0.0000062500,-0.0001527459,2026-01-10 03:00:00.039000+00:00
xyz:MSTR,0.0000062500,0.0002880355,2026-01-10 04:00:00.085000+00:00
xyz:MSTR,0.0000174763,0.0005796213,2026-01-10 05:00:00.065000+00:00
xyz:MSTR,0.0000253309,0.0007052948,2026-01-10 06:00:00.034000+00:00
xyz:MSTR,0.0000062500,0.0002012021,2026-01-10 07:00:00.035000+00:00
xyz:MSTR,0.0000031508,-0.0002495878,2026-01-10 08:00:00.072000+00:00
xyz:MSTR,-0.0000124693,-0.0004995083,2026-01-10 09:00:00.033000+00:00
xyz:MSTR,0.0000044254,-0.0002291931,2026-01-10 10:00:00.024000+00:00
xyz:MSTR,0.0000504051,0.0011064818,2026-01-10 11:00:00.060000+00:00
xyz:MSTR,0.0000334990,0.0008359843,2026-01-10 12:00:00.034000+00:00
xyz:MSTR,0.0000062500,0.0000004934,2026-01-10 13:00:00.030000+00:00
xyz:MSTR,0.0000062500,-0.0000946056,2026-01-10 14:00:00.051000+00:00
xyz:MSTR,0.0000161072,0.0005577145,2026-01-10 15:00:00.017000+00:00
xyz:MSTR,-0.0000091158,-0.0004458533,2026-01-10 16:00:00.003000+00:00
xyz:MSTR,0.0000062500,0.0001476509,2026-01-10 17:00:00.066000+00:00
xyz:MSTR,0.0000062500,0.0000461864,2026-01-10 18:00:00.054000+00:00
xyz:MSTR,-0.0000188670,-0.0006018721,2026-01-10 19:00:00.025000+00:00
xyz:MSTR,0.0000062500,0.0001185307,2026-01-10 20:00:00.081000+00:00
xyz:MSTR,0.0000062500,0.0002351789,2026-01-10 21:00:00.083000+00:00
xyz:MSTR,0.0000062500,0.0003595269,2026-01-10 22:00:00.025000+00:00
xyz:MSTR,0.0000176129,0.0005818062,2026-01-10 23:00:00.047000+00:00
xyz:MSTR,0.0000105270,0.0004684322,2026-01-11 00:00:00.007000+00:00
xyz:MSTR,0.0000318730,0.0008099672,2026-01-11 01:00:00.046000+00:00
xyz:MSTR,0.0000062500,0.0001880782,2026-01-11 02:00:00.078000+00:00
xyz:MSTR,0.0000062500,0.0000096036,2026-01-11 03:00:00.099000+00:00
xyz:MSTR,-0.0000223672,-0.0006578758,2026-01-11 04:00:00.011000+00:00
xyz:MSTR,0.0000515297,0.0011244753,2026-01-11 05:00:00.012000+00:00
xyz:MSTR,0.0000469177,0.0010506835,2026-01-11 06:00:00.038000+00:00
xyz:MSTR,-0.0000320448,-0.0008127164,2026-01-11 07:00:00.049000+00:00
xyz:MSTR,-0.0000605909,-0.0012694545,2026-01-11 08:00:00.066000+00:00
xyz:MSTR,0.0000682421,0.0013918741,2026-01-11 09:00:00.045000+00:00
xyz:MSTR,-0.0000592362,-0.0012477800,2026-01-11 10:00:00.103000+00:00
xyz:MSTR,-0.0000949622,-0.0018193957,2026-01-11 11:00:00.105000+00:00
xyz:MSTR,0.0001623107,0.0028969711,2026-01-11 12:00:00.018000+00:00
xyz:MSTR,0.0000643599,0.0013297585,2026-01-11 13:00:00.035000+00:00
xyz:MSTR,-0.0000687811,-0.0014004979,2026-01-11 14:00:00.034000+00:00
xyz:MSTR,-0.0000151640,-0.0005426246,2026-01-11 15:00:00.124000+00:00
xyz:MSTR,0.0000480558,0.0010688930,2026-01-11 16:00:00.122000+00:00
xyz:MSTR,0.0000036280,-0.0002419526,2026-01-11 17:00:00.061000+00:00
xyz:MSTR,0.0000062500,-0.0001443154,2026-01-11 18:00:00.004000+00:00
xyz:MSTR,0.0000062500,0.0002833890,2026-01-11 19:00:00.023000+00:00
xyz:MSTR,0.0000005942,-0.0002904923,2026-01-11 20:00:00.002000+00:00
xyz:MSTR,0.0000117043,0.0004872688,2026-01-11 21:00:00.010000+00:00
xyz:MSTR,0.0000062500,0.0001409930,2026-01-11 22:00:00.083000+00:00
xyz:MSTR,-0.0000309325,-0.0007949205,2026-01-11 23:00:00.127000+00:00
xyz:MSTR,0.0000062500,-0.0000677033,2026-01-12 00:00:00.053000+00:00
xyz:MSTR,-0.0000020588,-0.0003329406,2026-01-12 01:00:00.080000+00:00
xyz:MSTR,0.0000848762,0.0016580189,2026-01-12 02:00:00.090000+00:00
xyz:MSTR,0.0001907959,0.0033527338,2026-01-12 03:00:00.016000+00:00
xyz:MSTR,0.0000926358,0.0017821731,2026-01-12 04:00:00.021000+00:00
xyz:MSTR,0.0001284792,0.0023556670,2026-01-12 05:00:00.027000+00:00
xyz:MSTR,0.0001153096,0.0021449533,2026-01-12 06:00:00.025000+00:00
xyz:MSTR,0.0001369555,0.0024912887,2026-01-12 07:00:00.061000+00:00
xyz:MSTR,0.0001229143,0.0022666295,2026-01-12 08:00:00.053000+00:00
xyz:MSTR,0.0000977220,0.0018635523,2026-01-12 09:00:00.088000+00:00
xyz:MSTR,0.0000365959,0.0008855341,2026-01-12 10:00:00.042000+00:00
xyz:MSTR,0.0000162712,0.0005603400,2026-01-12 11:00:00.003000+00:00
xyz:MSTR,0.0000131177,0.0005098828,2026-01-12 12:00:00.088000+00:00
xyz:MSTR,0.0000503330,0.0011053281,2026-01-12 13:00:00.053000+00:00
xyz:MSTR,0.0000736937,0.0014790996,2026-01-12 14:00:00.107000+00:00
xyz:MSTR,0.0000238732,0.0006819717,2026-01-12 15:00:00.059000+00:00
xyz:MSTR,0.0000178363,0.0005853808,2026-01-12 16:00:00.040000+00:00
xyz:MSTR,0.0000184568,0.0005953084,2026-01-12 17:00:00.086000+00:00
xyz:MSTR,0.0000341463,0.0008463416,2026-01-12 18:00:00.057000+00:00
xyz:MSTR,0.0000226119,0.0006617898,2026-01-12 19:00:00.008000+00:00
xyz:MSTR,0.0000171518,0.0005744284,2026-01-12 20:00:00.098000+00:00
xyz:MSTR,0.0000062500,0.0003338625,2026-01-12 21:00:00.078000+00:00
xyz:MSTR,0.0000062500,0.0003675032,2026-01-12 22:00:00.075000+00:00
xyz:MSTR,0.0000133074,0.0005129181,2026-01-12 23:00:00.024000+00:00
xyz:MSTR,0.0000391788,0.0009268615,2026-01-13 00:00:00.109000+00:00
xyz:MSTR,0.0000374728,0.0008995641,2026-01-13 01:00:00.121000+00:00
xyz:MSTR,0.0000465072,0.0010441158,2026-01-13 02:00:00.017000+00:00
xyz:MSTR,0.0000554186,0.0011866982,2026-01-13 03:00:00.043000+00:00
xyz:MSTR,0.0000503057,0.0011048909,2026-01-13 04:00:00.068000+00:00
xyz:MSTR,0.0000821947,0.0016151158,2026-01-13 05:00:00.079000+00:00
xyz:MSTR,0.0000652260,0.0013436154,2026-01-13 06:00:00.029000+00:00
xyz:MSTR,0.0000516222,0.0011259545,2026-01-13 07:00:00.089000+00:00
xyz:MSTR,0.0000518686,0.0011298978,2026-01-13 08:00:00.032000+00:00
xyz:MSTR,0.0000581760,0.0012308157,2026-01-13 09:00:00.003000+00:00
xyz:MSTR,0.0000062500,0.0003931642,2026-01-13 10:00:00.232000+00:00
xyz:MSTR,0.0000062500,0.0003450388,2026-01-13 11:00:00.011000+00:00
xyz:MSTR,0.0000144882,0.0005318114,2026-01-13 12:00:00.032000+00:00
xyz:MSTR,0.0000062500,0.0003106217,2026-01-13 13:00:00.083000+00:00
xyz:MSTR,0.0000062500,0.0001623442,2026-01-13 14:00:00.043000+00:00
xyz:MSTR,0.0000062500,0.0002368295,2026-01-13 15:00:00.051000+00:00
xyz:MSTR,0.0000141497,0.0005263948,2026-01-13 16:00:00.100000+00:00
xyz:MSTR,0.0000062500,0.0003813348,2026-01-13 17:00:00.039000+00:00
xyz:MSTR,0.0000148472,0.0005375555,2026-01-13 18:00:00.042000+00:00
xyz:MSTR,0.0000326547,0.0008224758,2026-01-13 19:00:00.031000+00:00
xyz:MSTR,0.0000221055,0.0006536875,2026-01-13 20:00:00.005000+00:00
xyz:MSTR,0.0000451709,0.0010227346,2026-01-13 21:00:00.017000+00:00
xyz:MSTR,0.0000234038,0.0006744613,2026-01-13 22:00:00+00:00
xyz:MSTR,0.0000062500,0.0002218949,2026-01-13 23:00:00.037000+00:00
xyz:MSTR,0.0000062500,0.0001417091,2026-01-14 00:00:00.057000+00:00
xyz:MSTR,0.0000062500,0.0000197174,2026-01-14 01:00:00.019000+00:00
xyz:MSTR,0.0000062500,-0.0001794688,2026-01-14 02:00:00.050000+00:00
xyz:MSTR,0.0000149741,0.0005395861,2026-01-14 03:00:00.053000+00:00
xyz:MSTR,0.0000653048,0.0013448765,2026-01-14 04:00:00.063000+00:00
xyz:MSTR,0.0000672097,0.0013753555,2026-01-14 05:00:00.023000+00:00
xyz:MSTR,0.0000646723,0.0013347571,2026-01-14 06:00:00.066000+00:00
xyz:MSTR,0.0000384288,0.0009148608,2026-01-14 07:00:00.099000+00:00
xyz:MSTR,0.0000539476,0.0011631615,2026-01-14 08:00:00.062000+00:00
xyz:MSTR,0.0000701731,0.0014227703,2026-01-14 09:00:00.051000+00:00
xyz:MSTR,0.0000208533,0.0006336535,2026-01-14 10:00:00.015000+00:00
xyz:MSTR,0.0000205884,0.0006294143,2026-01-14 11:00:00+00:00
xyz:MSTR,0.0000247071,0.0006953129,2026-01-14 12:00:00.043000+00:00
xyz:MSTR,0.0000240003,0.0006840056,2026-01-14 13:00:00.040000+00:00
xyz:MSTR,0.0000157286,0.0005516574,2026-01-14 14:00:00.084000+00:00
xyz:MSTR,0.0000363867,0.0008821867,2026-01-14 15:00:00.001000+00:00
xyz:MSTR,0.0000345497,0.0008527953,2026-01-14 16:00:00.013000+00:00
xyz:MSTR,0.0000062500,0.0003602651,2026-01-14 17:00:00.085000+00:00
xyz:MSTR,0.0000062500,0.0002551596,2026-01-14 18:00:00.113000+00:00
xyz:MSTR,0.0000062500,0.0000654500,2026-01-14 19:00:00.071000+00:00
xyz:MSTR,0.0000062500,0.0001213557,2026-01-14 20:00:00.090000+00:00
xyz:MSTR,0.0000062500,0.0002079631,2026-01-14 21:00:00.039000+00:00
xyz:MSTR,0.0000062500,0.0001964278,2026-01-14 22:00:00.018000+00:00
xyz:MSTR,0.0000076935,0.0004230954,2026-01-14 23:00:00.024000+00:00
xyz:MSTR,0.0000062500,0.0001300206,2026-01-15 00:00:00.028000+00:00
xyz:MSTR,0.0000062500,-0.0000962192,2026-01-15 01:00:00.004000+00:00
xyz:MSTR,-0.0000069043,-0.0004104692,2026-01-15 02:00:00.052000+00:00
xyz:MSTR,0.0000005842,-0.0002906535,2026-01-15 03:00:00.019000+00:00
xyz:MSTR,0.0000490144,0.0010842308,2026-01-15 04:00:00.018000+00:00
xyz:MSTR,0.0000549406,0.0011790488,2026-01-15 05:00:00.081000+00:00
xyz:MSTR,0.0000479221,0.0010667537,2026-01-15 06:00:00.021000+00:00
xyz:MSTR,0.0000489603,0.0010833649,2026-01-15 07:00:00.057000+00:00
xyz:MSTR,0.0000403852,0.0009461638,2026-01-15 08:00:00.029000+00:00
xyz:MSTR,0.0000517746,0.0011283929,2026-01-15 09:00:00.023000+00:00
xyz:MSTR,0.0000249196,0.0006987139,2026-01-15 10:00:00.082000+00:00
xyz:MSTR,0.0000299258,0.0007788121,2026-01-15 11:00:00.076000+00:00
xyz:MSTR,0.0000389900,0.0009238404,2026-01-15 12:00:00.028000+00:00
xyz:MSTR,0.0000169686,0.0005714982,2026-01-15 13:00:00.044000+00:00
xyz:MSTR,0.0000129234,0.0005067744,2026-01-15 14:00:00.054000+00:00
xyz:MSTR,0.0000133997,0.0005143956,2026-01-15 15:00:00.001000+00:00
xyz:MSTR,0.0000086460,0.0004383359,2026-01-15 16:00:00.020000+00:00
xyz:MSTR,0.0000069925,0.0004118804,2026-01-15 17:00:00.067000+00:00
xyz:MSTR,0.0000062500,0.0003125316,2026-01-15 18:00:00.062000+00:00
xyz:MSTR,0.0000062500,0.0002435856,2026-01-15 19:00:00.003000+00:00
xyz:MSTR,0.0000126615,0.0005025841,2026-01-15 20:00:00.057000+00:00
xyz:MSTR,0.0000062500,0.0003198757,2026-01-15 21:00:00.062000+00:00
xyz:MSTR,0.0000062500,0.0001499469,2026-01-15 22:00:00.033000+00:00
xyz:MSTR,0.0000102810,0.0004644962,2026-01-15 23:00:00+00:00
xyz:MSTR,0.0000226117,0.0006617865,2026-01-16 00:00:00.092000+00:00
xyz:MSTR,0.0000199940,0.0006199040,2026-01-16 01:00:00.045000+00:00
xyz:MSTR,0.0000234230,0.0006747679,2026-01-16 02:00:00.007000+00:00
xyz:MSTR,0.0000251603,0.0007025642,2026-01-16 03:00:00.044000+00:00
xyz:MSTR,0.0000236359,0.0006781750,2026-01-16 04:00:00.096000+00:00
xyz:MSTR,0.0000062500,0.0000136636,2026-01-16 05:00:00.028000+00:00
xyz:MSTR,0.0000062500,-0.0000224434,2026-01-16 06:00:00.013000+00:00
xyz:MSTR,0.0000062500,0.0000153459,2026-01-16 07:00:00.059000+00:00
xyz:MSTR,0.0000062500,0.0000285793,2026-01-16 08:00:00.044000+00:00
xyz:MSTR,0.0000062500,0.0000231674,2026-01-16 09:00:00.013000+00:00
xyz:MSTR,0.0000062500,0.0002780780,2026-01-16 10:00:00.073000+00:00
xyz:MSTR,0.0000062500,0.0003490384,2026-01-16 11:00:00.003000+00:00
xyz:MSTR,0.0000228517,0.0006656271,2026-01-16 12:00:00.005000+00:00
xyz:MSTR,0.0000079850,0.0004277600,2026-01-16 13:00:00.060000+00:00
xyz:MSTR,0.0000062500,0.0000988437,2026-01-16 14:00:00.084000+00:00
xyz:MSTR,0.0000062500,0.0000272447,2026-01-16 15:00:00.051000+00:00
xyz:MSTR,0.0000062500,0.0000345116,2026-01-16 16:00:00.040000+00:00
xyz:MSTR,0.0000062500,0.0002696835,2026-01-16 17:00:00.051000+00:00
xyz:MSTR,0.0000062500,0.0002757460,2026-01-16 18:00:00.045000+00:00
xyz:MSTR,0.0000062500,0.0001717716,2026-01-16 19:00:00.147000+00:00
xyz:MSTR,0.0000062500,0.0001536135,2026-01-16 20:00:00.078000+00:00
xyz:MSTR,0.0000062500,0.0001488142,2026-01-16 21:00:00.092000+00:00
xyz:MSTR,0.0000062500,0.0000144687,2026-01-16 22:00:00.120000+00:00
xyz:MSTR,0.0000062500,0.0001044889,2026-01-16 23:00:00.021000+00:00
xyz:MSTR,0.0000062500,0.0003642577,2026-01-17 00:00:00.037000+00:00
xyz:MSTR,0.0000062500,0.0001127526,2026-01-17 01:00:00.055000+00:00
xyz:MSTR,0.0000062500,0.0000590274,2026-01-17 02:00:00.090000+00:00
xyz:MSTR,-0.0000846978,-0.0016551649,2026-01-17 03:00:00.036000+00:00
xyz:MSTR,0.0000329897,0.0008278348,2026-01-17 04:00:00.003000+00:00
xyz:MSTR,0.0000707062,0.0014312994,2026-01-17 05:00:00.027000+00:00
xyz:MSTR,0.0001205319,0.0022285099,2026-01-17 06:00:00.104000+00:00
xyz:MSTR,-0.0000323125,-0.0008169994,2026-01-17 07:00:00.005000+00:00
xyz:MSTR,0.0000800145,0.0015802316,2026-01-17 08:00:00.022000+00:00
xyz:MSTR,0.0001188414,0.0022014618,2026-01-17 09:00:00.004000+00:00
xyz:MSTR,0.0002453449,0.0042255177,2026-01-17 10:00:00.039000+00:00
xyz:MSTR,0.0001350297,0.0024604757,2026-01-17 11:00:00.095000+00:00
xyz:MSTR,0.0000484097,0.0010745553,2026-01-17 12:00:00.021000+00:00
xyz:MSTR,0.0000062500,0.0001548647,2026-01-17 13:00:00.089000+00:00
xyz:MSTR,0.0000444018,0.0010104282,2026-01-17 14:00:00.030000+00:00
xyz:MSTR,0.0000100236,0.0004603782,2026-01-17 15:00:00.010000+00:00
xyz:MSTR,-0.0000000372,-0.0003005959,2026-01-17 16:00:00.102000+00:00
xyz:MSTR,-0.0000023750,-0.0003380002,2026-01-17 17:00:00.010000+00:00
xyz:MSTR,0.0000245625,0.0006929996,2026-01-17 18:00:00.066000+00:00
xyz:MSTR,0.0000179149,0.0005866386,2026-01-17 19:00:00.038000+00:00
xyz:MSTR,-0.0000915942,-0.0017655077,2026-01-17 20:00:00.073000+00:00
xyz:MSTR,-0.0000716328,-0.0014461245,2026-01-17 21:00:00.017000+00:00
xyz:MSTR,-0.0001049301,-0.0019788812,2026-01-17 22:00:00.036000+00:00
xyz:MSTR,-0.0001235705,-0.0022771276,2026-01-17 23:00:00.100000+00:00
xyz:MSTR,-0.0001172630,-0.0021762087,2026-01-18 00:00:00.017000+00:00
xyz:MSTR,-0.0001452110,-0.0026233756,2026-01-18 01:00:00.117000+00:00
xyz:MSTR,-0.0001199369,-0.0022189912,2026-01-18 02:00:00.061000+00:00
xyz:MSTR,0.0000062500,0.0000070691,2026-01-18 03:00:00.047000+00:00
xyz:MSTR,-0.0000778410,-0.0015454561,2026-01-18 04:00:00.062000+00:00
xyz:MSTR,-0.0000275217,-0.0007403468,2026-01-18 05:00:00.034000+00:00
xyz:MSTR,0.0001468670,0.0026498712,2026-01-18 06:00:00.066000+00:00
xyz:MSTR,0.0000062500,0.0002280171,2026-01-18 07:00:00.063000+00:00
xyz:MSTR,-0.0000638702,-0.0013219231,2026-01-18 08:00:00.106000+00:00
xyz:MSTR,-0.0001505838,-0.0027093414,2026-01-18 09:00:00.110000+00:00
xyz:MSTR,0.0000027729,-0.0002556332,2026-01-18 10:00:00.047000+00:00
xyz:MSTR,-0.0000009142,-0.0003146272,2026-01-18 11:00:00.085000+00:00
xyz:MSTR,-0.0000383459,-0.0009135347,2026-01-18 12:00:00.016000+00:00
xyz:MSTR,0.0000229670,0.0006674724,2026-01-18 13:00:00.054000+00:00
xyz:MSTR,0.0000813995,0.0016023921,2026-01-18 14:00:00.035000+00:00
xyz:MSTR,0.0000282785,0.0007524558,2026-01-18 15:00:00.030000+00:00
xyz:MSTR,-0.0000736535,-0.0014784555,2026-01-18 16:00:00.021000+00:00
xyz:MSTR,0.0000062500,-0.0001141732,2026-01-18 17:00:00.040000+00:00
xyz:MSTR,0.0000106372,0.0004701950,2026-01-18 18:00:00.067000+00:00
xyz:MSTR,0.0001990761,0.0034852170,2026-01-18 19:00:00.018000+00:00
xyz:MSTR,0.0000084719,0.0004355505,2026-01-18 20:00:00.055000+00:00
xyz:MSTR,0.0000121611,0.0004945774,2026-01-18 21:00:00.024000+00:00
xyz:MSTR,0.0000062500,0.0002914842,2026-01-18 22:00:00.042000+00:00
xyz:MSTR,-0.0000931293,-0.0017900689,2026-01-18 23:00:00.113000+00:00
xyz:MSTR,-0.0002359102,-0.0040745630,2026-01-19 00:00:00.034000+00:00
xyz:MSTR,-0.0003609918,-0.0060758691,2026-01-19 01:00:00.098000+00:00
xyz:MSTR,-0.0000203462,-0.0006255399,2026-01-19 02:00:00.001000+00:00
xyz:MSTR,-0.0002152477,-0.0037439633,2026-01-19 03:00:00.009000+00:00
xyz:MSTR,-0.0000599044,-0.0012584708,2026-01-19 04:00:00.051000+00:00
xyz:MSTR,-0.0001465623,-0.0026449969,2026-01-19 05:00:00+00:00
xyz:MSTR,-0.0001239363,-0.0022829804,2026-01-19 06:00:00.033000+00:00
xyz:MSTR,0.0000047320,-0.0002242887,2026-01-19 07:00:00.014000+00:00
xyz:MSTR,-0.0000072129,-0.0004154063,2026-01-19 08:00:00.026000+00:00
xyz:MSTR,-0.0004972098,-0.0082553574,2026-01-19 09:00:00.012000+00:00
xyz:MSTR,-0.0001523346,-0.0027373542,2026-01-19 10:00:00.012000+00:00
xyz:MSTR,-0.0002473722,-0.0042579552,2026-01-19 11:00:00.094000+00:00
xyz:MSTR,0.0000041118,-0.0002342109,2026-01-19 12:00:00+00:00
xyz:MSTR,0.0000716306,0.0014460901,2026-01-19 13:00:00.041000+00:00
xyz:MSTR,0.0000110289,0.0004764628,2026-01-19 14:00:00.040000+00:00
xyz:MSTR,-0.0000794795,-0.0015716716,2026-01-19 15:00:00.049000+00:00
xyz:MSTR,-0.0000216010,-0.0006456167,2026-01-19 16:00:00.056000+00:00
xyz:MSTR,0.0000378411,0.0009054578,2026-01-19 17:00:00.011000+00:00
xyz:MSTR,0.0000883873,0.0017141972,2026-01-19 18:00:00.005000+00:00
xyz:MSTR,0.0001273495,0.0023375918,2026-01-19 19:00:00.012000+00:00
xyz:MSTR,0.0000168670,0.0005698717,2026-01-19 20:00:00.025000+00:00
xyz:MSTR,-0.0000027326,-0.0003437220,2026-01-19 21:00:00.079000+00:00
xyz:MSTR,0.0000062500,0.0002904678,2026-01-19 22:00:00.033000+00:00
xyz:MSTR,-0.0000956519,-0.0018304301,2026-01-19 23:00:00.040000+00:00
xyz:MSTR,-0.0000402983,-0.0009447723,2026-01-20 00:00:00.007000+00:00
xyz:MSTR,-0.0001457168,-0.0026314688,2026-01-20 01:00:00.011000+00:00
xyz:MSTR,0.0000438880,0.0010022076,2026-01-20 02:00:00.057000+00:00
xyz:MSTR,0.0000062500,0.0002512051,2026-01-20 03:00:00.001000+00:00
xyz:MSTR,0.0000062500,-0.0000260653,2026-01-20 04:00:00.167000+00:00
xyz:MSTR,0.0000046467,-0.0002256524,2026-01-20 05:00:00.112000+00:00
xyz:MSTR,-0.0000406951,-0.0009511212,2026-01-20 06:00:00.064000+00:00
xyz:MSTR,-0.0000390835,-0.0009253359,2026-01-20 07:00:00.110000+00:00
xyz:MSTR,0.0000191094,0.0006057500,2026-01-20 08:00:00.010000+00:00
xyz:MSTR,0.0000062500,0.0003746077,2026-01-20 09:00:00.079000+00:00
xyz:MSTR,0.0000062500,0.0000860675,2026-01-20 10:00:00.046000+00:00
xyz:MSTR,0.0000062500,0.0000661402,2026-01-20 11:00:00.018000+00:00
xyz:MSTR,0.0000062500,0.0000804091,2026-01-20 12:00:00.064000+00:00
xyz:MSTR,0.0000062500,0.0000810893,2026-01-20 13:00:00.054000+00:00
xyz:MSTR,0.0000062500,-0.0001146102,2026-01-20 14:00:00.109000+00:00
xyz:MSTR,0.0000062500,0.0000902232,2026-01-20 15:00:00.061000+00:00
xyz:MSTR,0.0000062500,0.0001841431,2026-01-20 16:00:00.047000+00:00
xyz:MSTR,0.0000062500,0.0001132248,2026-01-20 17:00:00.034000+00:00
xyz:MSTR,0.0000062500,0.0003348492,2026-01-20 18:00:00.037000+00:00
xyz:MSTR,0.0000087089,0.0004393418,2026-01-20 19:00:00.028000+00:00
xyz:MSTR,0.0000074371,0.0004189939,2026-01-20 20:00:00.020000+00:00
xyz:MSTR,0.0000062500,0.0001568509,2026-01-20 21:00:00.025000+00:00
xyz:MSTR,0.0000062500,0.0003358038,2026-01-20 22:00:00.005000+00:00
xyz:MSTR,0.0000062500,0.0000430223,2026-01-20 23:00:00.015000+00:00
xyz:MSTR,0.0000024554,-0.0002607130,2026-01-21 00:00:00.063000+00:00
xyz:MSTR,0.0000007658,-0.0002877465,2026-01-21 01:00:00.039000+00:00
xyz:MSTR,0.0000062500,0.0000662246,2026-01-21 02:00:00.038000+00:00
xyz:MSTR,0.0000062500,0.0000258121,2026-01-21 03:00:00.143000+00:00
xyz:MSTR,0.0000062500,-0.0000006944,2026-01-21 04:00:00.034000+00:00
xyz:MSTR,0.0000062500,0.0001290912,2026-01-21 05:00:00.057000+00:00
xyz:MSTR,0.0000062500,0.0001897203,2026-01-21 06:00:00.014000+00:00
xyz:MSTR,0.0000062500,0.0001275599,2026-01-21 07:00:00.016000+00:00
xyz:MSTR,0.0000062500,0.0001021090,2026-01-21 08:00:00.028000+00:00
xyz:MSTR,0.0000062500,0.0001595948,2026-01-21 09:00:00.046000+00:00
xyz:MSTR,0.0000062500,0.0003717436,2026-01-21 10:00:00.018000+00:00
xyz:MSTR,0.0000074491,0.0004191856,2026-01-21 11:00:00.027000+00:00
xyz:MSTR,0.0000062500,0.0001480321,2026-01-21 12:00:00.031000+00:00
xyz:MSTR,0.0000062500,0.0000087901,2026-01-21 13:00:00.094000+00:00
xyz:MSTR,0.0000062500,-0.0000783469,2026-01-21 14:00:00.007000+00:00
xyz:MSTR,0.0000062500,0.0000095180,2026-01-21 15:00:00.012000+00:00
xyz:MSTR,0.0000062500,0.0000717254,2026-01-21 16:00:00.016000+00:00
xyz:MSTR,0.0000062500,-0.0000561767,2026-01-21 17:00:00.079000+00:00
xyz:MSTR,0.0000062500,0.0002037691,2026-01-21 18:00:00.006000+00:00
xyz:MSTR,0.0000062500,0.0002357818,2026-01-21 19:00:00.021000+00:00
xyz:MSTR,0.0000062500,0.0003309700,2026-01-21 20:00:00.017000+00:00
xyz:MSTR,0.0000062500,0.0001658288,2026-01-21 21:00:00.045000+00:00
xyz:MSTR,0.0000062500,0.0002054942,2026-01-21 22:00:00.093000+00:00
xyz:MSTR,0.0000062500,0.0003803297,2026-01-21 23:00:00.012000+00:00
xyz:MSTR,0.0000062500,0.0003984888,2026-01-22 00:00:00.068000+00:00
xyz:MSTR,0.0000062500,0.0002706468,2026-01-22 01:00:00.076000+00:00
xyz:MSTR,0.0000062500,0.0002778923,2026-01-22 02:00:00.069000+00:00
xyz:MSTR,0.0000062500,0.0003153160,2026-01-22 03:00:00.112000+00:00
xyz:MSTR,0.0000062500,0.0002361972,2026-01-22 04:00:00.005000+00:00
xyz:MSTR,0.0000062500,-0.0001968676,2026-01-22 05:00:00.033000+00:00
xyz:MSTR,0.0000062500,-0.0000673737,2026-01-22 06:00:00.029000+00:00
xyz:MSTR,0.0000062500,-0.0001817008,2026-01-22 07:00:00.022000+00:00
xyz:MSTR,0.0000062500,-0.0000236863,2026-01-22 08:00:00.084000+00:00
xyz:MSTR,0.0000062500,0.0000801509,2026-01-22 09:00:00.040000+00:00
xyz:MSTR,0.0000062500,0.0002002680,2026-01-22 10:00:00.057000+00:00
xyz:MSTR,0.0000062500,0.0000691116,2026-01-22 11:00:00.047000+00:00
xyz:MSTR,0.0000062500,0.0002145354,2026-01-22 12:00:00.063000+00:00
xyz:MSTR,0.0000062500,0.0001253522,2026-01-22 13:00:00.020000+00:00
xyz:MSTR,0.0000062500,0.0002399526,2026-01-22 14:00:00.092000+00:00
xyz:MSTR,0.0000062500,0.0000230343,2026-01-22 15:00:00.007000+00:00
xyz:MSTR,0.0000062500,0.0000543858,2026-01-22 16:00:00.083000+00:00
xyz:MSTR,0.0000062500,-0.0000260728,2026-01-22 17:00:00.035000+00:00
xyz:MSTR,0.0000062500,0.0000127892,2026-01-22 18:00:00.004000+00:00
xyz:MSTR,0.0000062500,0.0000137306,2026-01-22 19:00:00.016000+00:00
xyz:MSTR,0.0000062500,0.0000528212,2026-01-22 20:00:00.017000+00:00
xyz:MSTR,0.0000062500,0.0002330786,2026-01-22 21:00:00.096000+00:00
xyz:MSTR,0.0000062500,0.0001797191,2026-01-22 22:00:00.013000+00:00
xyz:MSTR,0.0000062500,0.0001577077,2026-01-22 23:00:00.019000+00:00
xyz:MSTR,0.0000062500,0.0002032715,2026-01-23 00:00:00.009000+00:00
xyz:MSTR,0.0000062500,0.0001569698,2026-01-23 01:00:00.034000+00:00
xyz:MSTR,0.0000062500,0.0003724961,2026-01-23 02:00:00.028000+00:00
xyz:MSTR,0.0000101466,0.0004623456,2026-01-23 03:00:00.122000+00:00
xyz:MSTR,0.0000062500,0.0003772703,2026-01-23 04:00:00.017000+00:00
xyz:MSTR,0.0000062500,0.0003635947,2026-01-23 05:00:00.154000+00:00
xyz:MSTR,0.0000098454,0.0004575263,2026-01-23 06:00:00.112000+00:00
xyz:MSTR,0.0000062500,0.0003307194,2026-01-23 07:00:00.066000+00:00
xyz:MSTR,0.0000062500,0.0000346972,2026-01-23 08:00:00.100000+00:00
xyz:MSTR,0.0000062500,0.0001919030,2026-01-23 09:00:00.005000+00:00
xyz:MSTR,0.0000062500,0.0001782799,2026-01-23 10:00:00.058000+00:00
xyz:MSTR,0.0000068219,0.0004091497,2026-01-23 11:00:00.030000+00:00
xyz:MSTR,0.0000062500,0.0003842623,2026-01-23 12:00:00.029000+00:00
xyz:MSTR,0.0000062500,0.0003867157,2026-01-23 13:00:00.018000+00:00
xyz:MSTR,0.0000062500,0.0003220682,2026-01-23 14:00:00.013000+00:00
xyz:MSTR,0.0000062500,0.0003631762,2026-01-23 15:00:00.048000+00:00
xyz:MSTR,0.0000062500,0.0001646622,2026-01-23 16:00:00.010000+00:00
xyz:MSTR,0.0000062500,0.0001606079,2026-01-23 17:00:00.061000+00:00
xyz:MSTR,0.0000062500,0.0002035376,2026-01-23 18:00:00.037000+00:00
xyz:MSTR,0.0000062500,0.0002670820,2026-01-23 19:00:00.047000+00:00
xyz:MSTR,0.0000062500,0.0003581764,2026-01-23 20:00:00.055000+00:00
xyz:MSTR,0.0000062500,0.0003215109,2026-01-23 21:00:00.085000+00:00
xyz:MSTR,0.0000083844,0.0004341501,2026-01-23 22:00:00.039000+00:00
xyz:MSTR,0.0000145370,0.0005325924,2026-01-23 23:00:00.085000+00:00
xyz:MSTR,0.0000133409,0.0005134544,2026-01-24 00:00:00.017000+00:00
xyz:MSTR,0.0000124636,0.0004994183,2026-01-24 01:00:00.061000+00:00
xyz:MSTR,0.0000065947,0.0004055146,2026-01-24 02:00:00.093000+00:00
xyz:MSTR,0.0000119174,0.0004906790,2026-01-24 03:00:00.032000+00:00
xyz:MSTR,0.0000069269,0.0004108301,2026-01-24 04:00:00.067000+00:00
xyz:MSTR,0.0000062500,0.0000980660,2026-01-24 05:00:00.043000+00:00
xyz:MSTR,0.0000062500,0.0003886765,2026-01-24 06:00:00.032000+00:00
xyz:MSTR,0.0000095335,0.0004525362,2026-01-24 07:00:00.003000+00:00
xyz:MSTR,0.0000062500,-0.0000824012,2026-01-24 08:00:00.030000+00:00
xyz:MSTR,0.0000062500,-0.0001672936,2026-01-24 09:00:00.058000+00:00
xyz:MSTR,0.0000062500,-0.0000352245,2026-01-24 10:00:00.112000+00:00
xyz:MSTR,0.0000062500,-0.0000871227,2026-01-24 11:00:00.027000+00:00
xyz:MSTR,0.0000094259,0.0004508142,2026-01-24 12:00:00.100000+00:00
xyz:MSTR,0.0000126645,0.0005026315,2026-01-24 13:00:00.080000+00:00
xyz:MSTR,0.0000132258,0.0005116132,2026-01-24 14:00:00.016000+00:00
xyz:MSTR,0.0000062500,0.0002034509,2026-01-24 15:00:00.060000+00:00
xyz:MSTR,0.0000062500,0.0002043192,2026-01-24 16:00:00.092000+00:00
xyz:MSTR,0.0000062500,0.0000654091,2026-01-24 17:00:00.040000+00:00
xyz:MSTR,0.0000062500,0.0000348074,2026-01-24 18:00:00.011000+00:00
xyz:MSTR,0.0000062500,0.0000430697,2026-01-24 19:00:00.036000+00:00
xyz:MSTR,0.0000062500,0.0000443637,2026-01-24 20:00:00.028000+00:00
xyz:MSTR,0.0000062500,0.0000278220,2026-01-24 21:00:00.012000+00:00
xyz:MSTR,0.0000062500,-0.0001949246,2026-01-24 22:00:00.056000+00:00
xyz:MSTR,-0.0000017703,-0.0003283246,2026-01-24 23:00:00.017000+00:00
xyz:MSTR,0.0000062500,-0.0001761060,2026-01-25 00:00:00.006000+00:00
xyz:MSTR,0.0000062500,-0.0000294928,2026-01-25 01:00:00.021000+00:00
xyz:MSTR,-0.0000360964,-0.0008775430,2026-01-25 02:00:00.135000+00:00
xyz:MSTR,-0.0000698825,-0.0014181205,2026-01-25 03:00:00.054000+00:00
xyz:MSTR,-0.0000224270,-0.0006588319,2026-01-25 04:00:00.109000+00:00
xyz:MSTR,0.0000062500,-0.0001317731,2026-01-25 05:00:00.110000+00:00
xyz:MSTR,0.0000062500,0.0003912969,2026-01-25 06:00:00.117000+00:00
xyz:MSTR,-0.0000056647,-0.0003906347,2026-01-25 07:00:00.059000+00:00
xyz:MSTR,-0.0000229638,-0.0006674214,2026-01-25 08:00:00.042000+00:00
xyz:MSTR,-0.0000294997,-0.0007719945,2026-01-25 09:00:00.055000+00:00
xyz:MSTR,-0.0000172528,-0.0005760447,2026-01-25 10:00:00.045000+00:00
xyz:MSTR,-0.0000090141,-0.0004442259,2026-01-25 11:00:00.011000+00:00
xyz:MSTR,-0.0000133113,-0.0005129816,2026-01-25 12:00:00.029000+00:00
xyz:MSTR,-0.0000275612,-0.0007409791,2026-01-25 13:00:00.065000+00:00
xyz:MSTR,-0.0000242823,-0.0006885163,2026-01-25 14:00:00.031000+00:00
xyz:MSTR,-0.0000661758,-0.0013588135,2026-01-25 15:00:00.075000+00:00
xyz:MSTR,-0.0000740677,-0.0014850831,2026-01-25 16:00:00.012000+00:00
xyz:MSTR,-0.0001574290,-0.0028188644,2026-01-25 17:00:00.013000+00:00
xyz:MSTR,-0.0001313006,-0.0024008091,2026-01-25 18:00:00.020000+00:00
xyz:MSTR,-0.0001725302,-0.0030604834,2026-01-25 19:00:00.010000+00:00
xyz:MSTR,-0.0002052887,-0.0035846194,2026-01-25 20:00:00.016000+00:00
xyz:MSTR,-0.0004103676,-0.0068658814,2026-01-25 21:00:00.021000+00:00
xyz:MSTR,-0.0002177388,-0.0037838215,2026-01-25 22:00:00.063000+00:00
xyz:MSTR,-0.0000677919,-0.0013846697,2026-01-25 23:00:00.127000+00:00
xyz:MSTR,-0.0000201029,-0.0006216468,2026-01-26 00:00:00.127000+00:00
xyz:MSTR,-0.0001196654,-0.0022146457,2026-01-26 01:00:00.001000+00:00
xyz:MSTR,0.0000062500,0.0000062930,2026-01-26 02:00:00.026000+00:00
xyz:MSTR,0.0000025129,-0.0002597940,2026-01-26 03:00:00.059000+00:00
xyz:MSTR,0.0000022679,-0.0002637129,2026-01-26 04:00:00.056000+00:00
xyz:MSTR,0.0000062500,0.0002116542,2026-01-26 05:00:00.020000+00:00
xyz:MSTR,0.0000062500,0.0002717035,2026-01-26 06:00:00.101000+00:00
xyz:MSTR,0.0000062500,0.0000702157,2026-01-26 07:00:00.055000+00:00
xyz:MSTR,-0.0000068862,-0.0004101790,2026-01-26 08:00:00.040000+00:00
xyz:MSTR,-0.0000309318,-0.0007949088,2026-01-26 09:00:00.056000+00:00
xyz:MSTR,0.0000062500,-0.0000880119,2026-01-26 10:00:00.060000+00:00
xyz:MSTR,0.0000062500,-0.0001406559,2026-01-26 11:00:00.055000+00:00
xyz:MSTR,0.0000062500,-0.0001588081,2026-01-26 12:00:00.081000+00:00
xyz:MSTR,0.0000062500,-0.0001642439,2026-01-26 13:00:00+00:00
xyz:MSTR,0.0000062500,-0.0000837899,2026-01-26 14:00:00.050000+00:00
xyz:MSTR,0.0000062500,0.0000918512,2026-01-26 15:00:00.064000+00:00
xyz:MSTR,0.0000062500,0.0000622770,2026-01-26 16:00:00.006000+00:00
xyz:MSTR,0.0000062500,0.0000038739,2026-01-26 17:00:00.012000+00:00
xyz:MSTR,0.0000062500,0.0000097256,2026-01-26 18:00:00.010000+00:00
xyz:MSTR,0.0000062500,0.0000441892,2026-01-26 19:00:00.045000+00:00
xyz:MSTR,0.0000062500,0.0001787159,2026-01-26 20:00:00.034000+00:00
xyz:MSTR,0.0000062500,0.0000460452,2026-01-26 21:00:00.094000+00:00
xyz:MSTR,0.0000062500,0.0000407877,2026-01-26 22:00:00.049000+00:00
xyz:MSTR,0.0000062500,-0.0001752636,2026-01-26 23:00:00.079000+00:00
xyz:MSTR,0.0000062500,-0.0000238094,2026-01-27 00:00:00.085000+00:00
xyz:MSTR,0.0000062500,-0.0001240090,2026-01-27 01:00:00.073000+00:00
xyz:MSTR,-0.0000088992,-0.0004423872,2026-01-27 02:00:00.052000+00:00
xyz:MSTR,0.0000034733,-0.0002444269,2026-01-27 03:00:00.012000+00:00
xyz:MSTR,-0.0000027684,-0.0003442951,2026-01-27 04:00:00.017000+00:00
xyz:MSTR,0.0000062500,-0.0000163654,2026-01-27 05:00:00.023000+00:00
xyz:MSTR,0.0000630022,0.0013080345,2026-01-27 06:00:00+00:00
xyz:MSTR,0.0000774345,0.0015389522,2026-01-27 07:00:00.049000+00:00
xyz:MSTR,0.0000698915,0.0014182637,2026-01-27 08:00:00.092000+00:00
xyz:MSTR,0.0000661463,0.0013583402,2026-01-27 09:00:00.020000+00:00
xyz:MSTR,0.0000485247,0.0010763950,2026-01-27 10:00:00.056000+00:00
xyz:MSTR,0.0000276456,0.0007423303,2026-01-27 11:00:00.003000+00:00
xyz:MSTR,0.0000100806,0.0004612897,2026-01-27 12:00:00.051000+00:00
xyz:MSTR,0.0000197685,0.0006162953,2026-01-27 13:00:00.006000+00:00
xyz:MSTR,0.0000213492,0.0006415865,2026-01-27 14:00:00.041000+00:00
xyz:MSTR,0.0000122715,0.0004963436,2026-01-27 15:00:00.074000+00:00
xyz:MSTR,0.0000245555,0.0006928872,2026-01-27 16:00:00.103000+00:00
xyz:MSTR,0.0000127718,0.0005043490,2026-01-27 17:00:00.024000+00:00
xyz:MSTR,0.0000180264,0.0005884228,2026-01-27 18:00:00.011000+00:00
xyz:MSTR,0.0000135378,0.0005166046,2026-01-27 19:00:00.027000+00:00
xyz:MSTR,0.0000125201,0.0005003212,2026-01-27 20:00:00.082000+00:00
xyz:MSTR,0.0000115086,0.0004841379,2026-01-27 21:00:00.015000+00:00
xyz:MSTR,0.0000087470,0.0004399523,2026-01-27 22:00:00.042000+00:00
xyz:MSTR,0.0000062500,0.0001354755,2026-01-27 23:00:00.015000+00:00
xyz:MSTR,0.0000062500,0.0002876043,2026-01-28 00:00:00.090000+00:00
xyz:MSTR,0.0000159938,0.0005559013,2026-01-28 01:00:00.024000+00:00
xyz:MSTR,0.0000126832,0.0005029311,2026-01-28 02:00:00.053000+00:00
xyz:MSTR,0.0000133506,0.0005136097,2026-01-28 03:00:00.047000+00:00
xyz:MSTR,0.0000083133,0.0004330131,2026-01-28 04:00:00.114000+00:00
xyz:MSTR,0.0000096148,0.0004538362,2026-01-28 05:00:00.046000+00:00
xyz:MSTR,0.0000197375,0.0006157993,2026-01-28 06:00:00.127000+00:00
xyz:MSTR,0.0000164688,0.0005635003,2026-01-28 07:00:00.070000+00:00
xyz:MSTR,0.0000262328,0.0007197254,2026-01-28 08:00:00.044000+00:00
xyz:MSTR,0.0000373490,0.0008975843,2026-01-28 09:00:00.042000+00:00
xyz:MSTR,0.0000168857,0.0005701714,2026-01-28 10:00:00.038000+00:00
xyz:MSTR,0.0000313053,0.0008008848,2026-01-28 11:00:00.016000+00:00
xyz:MSTR,0.0000191840,0.0006069438,2026-01-28 12:00:00.051000+00:00
xyz:MSTR,0.0000065622,0.0004049951,2026-01-28 13:00:00.094000+00:00
xyz:MSTR,0.0000124946,0.0004999143,2026-01-28 14:00:00.054000+00:00
xyz:MSTR,0.0000136252,0.0005180032,2026-01-28 15:00:00.003000+00:00
xyz:MSTR,0.0000108972,0.0004743551,2026-01-28 16:00:00.022000+00:00
xyz:MSTR,0.0000206477,0.0006303633,2026-01-28 17:00:00.048000+00:00
xyz:MSTR,0.0000175672,0.0005810752,2026-01-28 18:00:00.020000+00:00
xyz:MSTR,0.0000275774,0.0007412383,2026-01-28 19:00:00.072000+00:00
xyz:MSTR,0.0000276125,0.0007417993,2026-01-28 20:00:00.063000+00:00
xyz:MSTR,0.0000151655,0.0005426482,2026-01-28 21:00:00.108000+00:00
xyz:MSTR,0.0000062500,0.0003453060,2026-01-28 22:00:00.010000+00:00
xyz:MSTR,0.0000062500,0.0003154454,2026-01-28 23:00:00.022000+00:00
xyz:MSTR,0.0000062500,0.0001322129,2026-01-29 00:00:00.027000+00:00
xyz:MSTR,0.0000062500,0.0003790378,2026-01-29 01:00:00.021000+00:00
xyz:MSTR,0.0000062500,0.0003669250,2026-01-29 02:00:00.049000+00:00
xyz:MSTR,0.0000068057,0.0004088913,2026-01-29 03:00:00.013000+00:00
xyz:MSTR,0.0000071716,0.0004147451,2026-01-29 04:00:00.038000+00:00
xyz:MSTR,0.0000062500,0.0003374678,2026-01-29 05:00:00.051000+00:00
xyz:MSTR,0.0000062500,0.0002992813,2026-01-29 06:00:00.048000+00:00
xyz:MSTR,0.0000062500,0.0002072663,2026-01-29 07:00:00.087000+00:00
xyz:MSTR,0.0000066462,0.0004063392,2026-01-29 08:00:00.047000+00:00
xyz:MSTR,0.0000074556,0.0004192889,2026-01-29 09:00:00.026000+00:00
xyz:MSTR,0.0000084700,0.0004355198,2026-01-29 10:00:00.066000+00:00
xyz:MSTR,0.0000145362,0.0005325791,2026-01-29 11:00:00.051000+00:00
xyz:MSTR,0.0000209939,0.0006359024,2026-01-29 12:00:00+00:00
xyz:MSTR,0.0000217403,0.0006478446,2026-01-29 13:00:00.120000+00:00
xyz:MSTR,0.0000193062,0.0006088999,2026-01-29 14:00:00.011000+00:00
xyz:MSTR,0.0000383668,0.0009138691,2026-01-29 15:00:00.016000+00:00
xyz:MSTR,0.0000206880,0.0006310082,2026-01-29 16:00:00.059000+00:00
xyz:MSTR,0.0000376811,0.0009028972,2026-01-29 17:00:00.082000+00:00
xyz:MSTR,0.0000322029,0.0008152468,2026-01-29 18:00:00.099000+00:00
xyz:MSTR,0.0000455256,0.0010284094,2026-01-29 19:00:00.054000+00:00
xyz:MSTR,0.0000401570,0.0009425116,2026-01-29 20:00:00.035000+00:00
xyz:MSTR,0.0000589711,0.0012435382,2026-01-29 21:00:00.049000+00:00
xyz:MSTR,0.0000671537,0.0013744587,2026-01-29 22:00:00.059000+00:00
xyz:MSTR,0.0000614460,0.0012831363,2026-01-29 23:00:00.037000+00:00
xyz:MSTR,0.0000617572,0.0012881156,2026-01-30 00:00:00.022000+00:00
xyz:MSTR,0.0000360286,0.0008764575,2026-01-30 01:00:00.010000+00:00
xyz:MSTR,0.0000428559,0.0009856945,2026-01-30 02:00:00.075000+00:00
xyz:MSTR,0.0000242743,0.0006883892,2026-01-30 03:00:00.038000+00:00
xyz:MSTR,0.0000077335,0.0004237358,2026-01-30 04:00:00.028000+00:00
xyz:MSTR,0.0000084211,0.0004347379,2026-01-30 05:00:00.053000+00:00
xyz:MSTR,0.0000244526,0.0006912413,2026-01-30 06:00:00.084000+00:00
xyz:MSTR,0.0000347549,0.0008560783,2026-01-30 07:00:00.117000+00:00
xyz:MSTR,0.0000361963,0.0008791408,2026-01-30 08:00:00.018000+00:00
xyz:MSTR,0.0000293833,0.0007701327,2026-01-30 09:00:00.103000+00:00
xyz:MSTR,0.0000285248,0.0007563973,2026-01-30 10:00:00.049000+00:00
xyz:MSTR,0.0000203137,0.0006250197,2026-01-30 11:00:00.108000+00:00
xyz:MSTR,0.0000361401,0.0008782422,2026-01-30 12:00:00.036000+00:00
xyz:MSTR,0.0000388099,0.0009209590,2026-01-30 13:00:00.025000+00:00
xyz:MSTR,0.0000062500,0.0002002644,2026-01-30 14:00:00.033000+00:00
xyz:MSTR,0.0000062500,0.0001945596,2026-01-30 15:00:00.008000+00:00
xyz:MSTR,0.0000267991,0.0007287855,2026-01-30 16:00:00.054000+00:00
xyz:MSTR,0.0000196658,0.0006146526,2026-01-30 17:00:00.105000+00:00
xyz:MSTR,0.0000288060,0.0007608962,2026-01-30 18:00:00.037000+00:00
xyz:MSTR,0.0000062500,0.0001924586,2026-01-30 19:00:00.042000+00:00
xyz:MSTR,0.0000062500,0.0001161145,2026-01-30 20:00:00.041000+00:00
xyz:MSTR,0.0000062500,0.0003672003,2026-01-30 21:00:00.006000+00:00
xyz:MSTR,0.0000062500,0.0003313243,2026-01-30 22:00:00.001000+00:00
xyz:MSTR,0.0000062500,0.0003529640,2026-01-30 23:00:00.031000+00:00
xyz:MSTR,0.0000163398,0.0005614363,2026-01-31 00:00:00.171000+00:00
xyz:MSTR,0.0000213546,0.0006416737,2026-01-31 01:00:00.100000+00:00
xyz:MSTR,0.0000537343,0.0011597487,2026-01-31 02:00:00.068000+00:00
xyz:MSTR,0.0000062500,0.0002072567,2026-01-31 03:00:00.097000+00:00
xyz:MSTR,0.0000430402,0.0009886436,2026-01-31 04:00:00.012000+00:00
xyz:MSTR,-0.0000106037,-0.0004696592,2026-01-31 05:00:00.026000+00:00
xyz:MSTR,-0.0000434871,-0.0009957935,2026-01-31 06:00:00.002000+00:00
xyz:MSTR,-0.0000440989,-0.0010055831,2026-01-31 07:00:00.010000+00:00
xyz:MSTR,-0.0000146013,-0.0005336200,2026-01-31 08:00:00.049000+00:00
xyz:MSTR,-0.0000889660,-0.0017234568,2026-01-31 09:00:00.076000+00:00
xyz:MSTR,-0.0000830641,-0.0016290261,2026-01-31 10:00:00.022000+00:00
xyz:MSTR,-0.0000414398,-0.0009630362,2026-01-31 11:00:00.050000+00:00
xyz:MSTR,-0.0000176329,-0.0005821264,2026-01-31 12:00:00.105000+00:00
xyz:MSTR,-0.0000125138,-0.0005002210,2026-01-31 13:00:00.035000+00:00
xyz:MSTR,-0.0000539442,-0.0011631074,2026-01-31 14:00:00.027000+00:00
xyz:MSTR,-0.0005420472,-0.0089727556,2026-01-31 15:00:00.033000+00:00
xyz:MSTR,-0.0005181960,-0.0085911366,2026-01-31 16:00:00.091000+00:00
xyz:MSTR,-0.0005290993,-0.0087655886,2026-01-31 17:00:00.030000+00:00
xyz:MSTR,-0.0009562899,-0.0156006376,2026-01-31 18:00:00.057000+00:00
xyz:MSTR,-0.0007278236,-0.0119451773,2026-01-31 19:00:00.118000+00:00
xyz:MSTR,-0.0004280750,-0.0071491992,2026-01-31 20:00:00.081000+00:00
xyz:MSTR,-0.0003685674,-0.0061970781,2026-01-31 21:00:00.058000+00:00
xyz:MSTR,-0.0004373663,-0.0072978604,2026-01-31 22:00:00.056000+00:00
xyz:MSTR,-0.0005584769,-0.0092356309,2026-01-31 23:00:00.088000+00:00
xyz:MSTR,-0.0002288536,-0.0039616576,2026-02-01 00:00:00.016000+00:00
xyz:MSTR,-0.0001449066,-0.0026185063,2026-02-01 01:00:00.017000+00:00
xyz:MSTR,0.0000664816,0.0013637052,2026-02-01 02:00:00.052000+00:00
xyz:MSTR,0.0000244082,0.0006905316,2026-02-01 03:00:00.047000+00:00
xyz:MSTR,0.0001275841,0.0023413455,2026-02-01 04:00:00.091000+00:00
xyz:MSTR,0.0000924778,0.0017796444,2026-02-01 05:00:00.008000+00:00
xyz:MSTR,-0.0000552602,-0.0011841626,2026-02-01 06:00:00.029000+00:00
xyz:MSTR,0.0000062500,-0.0000405474,2026-02-01 07:00:00.060000+00:00
xyz:MSTR,-0.0001213254,-0.0022412063,2026-02-01 08:00:00.056000+00:00
xyz:MSTR,-0.0000001742,-0.0003027868,2026-02-01 09:00:00+00:00
xyz:MSTR,0.0000091862,0.0004469800,2026-02-01 10:00:00.092000+00:00
xyz:MSTR,0.0001101082,0.0020617307,2026-02-01 11:00:00.017000+00:00
xyz:MSTR,0.0000857799,0.0016724785,2026-02-01 12:00:00.097000+00:00
xyz:MSTR,0.0001073357,0.0020173706,2026-02-01 13:00:00.026000+00:00
xyz:MSTR,0.0000832282,0.0016316509,2026-02-01 14:00:00.096000+00:00
xyz:MSTR,0.0000062500,0.0000741521,2026-02-01 15:00:00.019000+00:00
xyz:MSTR,-0.0003231348,-0.0054701560,2026-02-01 16:00:00.034000+00:00
xyz:MSTR,-0.0000399519,-0.0009392301,2026-02-01 17:00:00.041000+00:00
xyz:MSTR,-0.0000138524,-0.0005216378,2026-02-01 18:00:00.062000+00:00
xyz:MSTR,-0.0000181703,-0.0005907241,2026-02-01 19:00:00.042000+00:00
xyz:MSTR,-0.0002602495,-0.0044639920,2026-02-01 20:00:00.067000+00:00
xyz:MSTR,-0.0002614895,-0.0044838313,2026-02-01 21:00:00.104000+00:00
xyz:MSTR,-0.0002174071,-0.0037785130,2026-02-01 22:00:00.015000+00:00
xyz:MSTR,-0.0002845973,-0.0048535574,2026-02-01 23:00:00.006000+00:00
xyz:MSTR,-0.0003270468,-0.0055327495,2026-02-02 00:00:00.059000+00:00
xyz:MSTR,0.0000863049,0.0016808776,2026-02-02 01:00:00.038000+00:00
xyz:MSTR,0.0002101375,0.0036621997,2026-02-02 02:00:00.017000+00:00
xyz:MSTR,0.0001470505,0.0026528082,2026-02-02 03:00:00.062000+00:00
xyz:MSTR,0.0000513389,0.0011214220,2026-02-02 04:00:00.064000+00:00
xyz:MSTR,0.0000314497,0.0008031949,2026-02-02 05:00:00.106000+00:00
xyz:MSTR,0.0000565233,0.0012043725,2026-02-02 06:00:00.074000+00:00
xyz:MSTR,0.0000514605,0.0011233685,2026-02-02 07:00:00.020000+00:00
xyz:MSTR,0.0000440768,0.0010052295,2026-02-02 08:00:00.007000+00:00
xyz:MSTR,0.0000436791,0.0009988662,2026-02-02 09:00:00.043000+00:00
xyz:MSTR,-0.0000303227,-0.0007851635,2026-02-02 10:00:00.084000+00:00
xyz:MSTR,-0.0000048046,-0.0003768729,2026-02-02 11:00:00.047000+00:00
xyz:MSTR,0.0000062500,-0.0001728134,2026-02-02 12:00:00.061000+00:00
xyz:MSTR,0.0000062500,0.0001080034,2026-02-02 13:00:00.088000+00:00
xyz:MSTR,0.0000062500,0.0003548187,2026-02-02 14:00:00.065000+00:00
xyz:MSTR,0.0000020759,-0.0002667849,2026-02-02 15:00:00.070000+00:00
xyz:MSTR,-0.0000259901,-0.0007158420,2026-02-02 16:00:00.041000+00:00
xyz:MSTR,-0.0000199309,-0.0006188941,2026-02-02 17:00:00.065000+00:00
xyz:MSTR,-0.0000083822,-0.0004341158,2026-02-02 18:00:00.066000+00:00
xyz:MSTR,0.0000062500,-0.0000222552,2026-02-02 19:00:00.004000+00:00
xyz:MSTR,-0.0000128490,-0.0005055842,2026-02-02 20:00:00.023000+00:00
xyz:MSTR,0.0000062500,0.0000947298,2026-02-02 21:00:00.014000+00:00
xyz:MSTR,0.0000102802,0.0004644826,2026-02-02 22:00:00.099000+00:00
xyz:MSTR,0.0000147346,0.0005357535,2026-02-02 23:00:00.055000+00:00
xyz:MSTR,0.0000062500,0.0002108410,2026-02-03 00:00:00.013000+00:00
xyz:MSTR,0.0000062500,0.0002098545,2026-02-03 01:00:00.015000+00:00
xyz:MSTR,0.0000062500,0.0000262414,2026-02-03 02:00:00.012000+00:00
xyz:MSTR,0.0000062500,0.0000305204,2026-02-03 03:00:00.032000+00:00
xyz:MSTR,0.0000062500,-0.0000608290,2026-02-03 04:00:00.038000+00:00
xyz:MSTR,0.0000062500,0.0002232546,2026-02-03 05:00:00.029000+00:00
xyz:MSTR,0.0001078172,0.0020250755,2026-02-03 06:00:00+00:00
xyz:MSTR,0.0000969279,0.0018508466,2026-02-03 07:00:00.068000+00:00
xyz:MSTR,0.0000558947,0.0011943147,2026-02-03 08:00:00.057000+00:00
xyz:MSTR,0.0000530940,0.0011495036,2026-02-03 09:00:00.079000+00:00
xyz:MSTR,0.0000262136,0.0007194178,2026-02-03 10:00:00.022000+00:00
xyz:MSTR,0.0000168338,0.0005693416,2026-02-03 11:00:00.065000+00:00
xyz:MSTR,0.0000126286,0.0005020578,2026-02-03 12:00:00.118000+00:00
xyz:MSTR,0.0000062500,0.0003797402,2026-02-03 13:00:00.065000+00:00
xyz:MSTR,0.0000062500,0.0003470079,2026-02-03 14:00:00.040000+00:00
xyz:MSTR,0.0000069699,0.0004115191,2026-02-03 15:00:00.025000+00:00
xyz:MSTR,0.0000062500,0.0002003353,2026-02-03 16:00:00.059000+00:00
xyz:MSTR,0.0000062500,0.0002665784,2026-02-03 17:00:00.001000+00:00
xyz:MSTR,0.0000368479,0.0008895665,2026-02-03 18:00:00.015000+00:00
xyz:MSTR,0.0000062500,0.0003186478,2026-02-03 19:00:00.059000+00:00
xyz:MSTR,0.0000179338,0.0005869410,2026-02-03 20:00:00.049000+00:00
xyz:MSTR,0.0000069997,0.0004119956,2026-02-03 21:00:00.031000+00:00
xyz:MSTR,0.0000257286,0.0007116578,2026-02-03 22:00:00.004000+00:00
xyz:MSTR,0.0000399169,0.0009386702,2026-02-03 23:00:00.056000+00:00
xyz:MSTR,0.0000399841,0.0009397459,2026-02-04 00:00:00.018000+00:00
xyz:MSTR,0.0000320143,0.0008122291,2026-02-04 01:00:00.045000+00:00
xyz:MSTR,0.0000475482,0.0010607708,2026-02-04 02:00:00.022000+00:00
xyz:MSTR,0.0000733734,0.0014739740,2026-02-04 03:00:00.032000+00:00
xyz:MSTR,0.0000160220,0.0005563526,2026-02-04 04:00:00.004000+00:00
xyz:MSTR,0.0000201787,0.0006228593,2026-02-04 05:00:00.055000+00:00
xyz:MSTR,0.0000319736,0.0008115774,2026-02-04 06:00:00.042000+00:00
xyz:MSTR,0.0000217553,0.0006480855,2026-02-04 07:00:00.016000+00:00
xyz:MSTR,0.0000062500,0.0001580747,2026-02-04 08:00:00.027000+00:00
xyz:MSTR,0.0000062500,0.0002012887,2026-02-04 09:00:00.003000+00:00
xyz:MSTR,0.0000062500,0.0000820133,2026-02-04 10:00:00.081000+00:00
xyz:MSTR,0.0000062500,0.0000057399,2026-02-04 11:00:00.016000+00:00
xyz:MSTR,0.0000062500,0.0002402450,2026-02-04 12:00:00.120000+00:00
xyz:MSTR,0.0000062500,0.0003499741,2026-02-04 13:00:00.025000+00:00
xyz:MSTR,0.0000062500,0.0003240042,2026-02-04 14:00:00.004000+00:00
xyz:MSTR,0.0000062500,0.0002476350,2026-02-04 15:00:00.071000+00:00
xyz:MSTR,0.0000062500,0.0002874244,2026-02-04 16:00:00.007000+00:00
xyz:MSTR,0.0000211036,0.0006376576,2026-02-04 17:00:00.105000+00:00
xyz:MSTR,0.0000281083,0.0007497321,2026-02-04 18:00:00.058000+00:00
xyz:MSTR,0.0000369824,0.0008917185,2026-02-04 19:00:00.028000+00:00
xyz:MSTR,0.0000612552,0.0012800827,2026-02-04 20:00:00.001000+00:00
xyz:MSTR,0.0000102437,0.0004638991,2026-02-04 21:00:00.072000+00:00
xyz:MSTR,0.0000062500,0.0000489838,2026-02-04 22:00:00.051000+00:00
xyz:MSTR,0.0000075346,0.0004205529,2026-02-04 23:00:00.022000+00:00
xyz:MSTR,0.0000357745,0.0008723921,2026-02-05 00:00:00.003000+00:00
xyz:MSTR,0.0000199704,0.0006195269,2026-02-05 01:00:00.010000+00:00
xyz:MSTR,0.0000062500,-0.0000550543,2026-02-05 02:00:00.097000+00:00
xyz:MSTR,0.0000062500,0.0000280710,2026-02-05 03:00:00.011000+00:00
xyz:MSTR,0.0000062500,0.0000511964,2026-02-05 04:00:00.032000+00:00
xyz:MSTR,0.0000062500,-0.0001326539,2026-02-05 05:00:00.057000+00:00
xyz:MSTR,-0.0000090657,-0.0004450506,2026-02-05 06:00:00.038000+00:00
xyz:MSTR,-0.0000110696,-0.0004771135,2026-02-05 07:00:00.008000+00:00
xyz:MSTR,0.0000092197,0.0004475145,2026-02-05 08:00:00.038000+00:00
xyz:MSTR,0.0000062500,-0.0000874706,2026-02-05 09:00:00.023000+00:00
xyz:MSTR,0.0000062500,0.0000188009,2026-02-05 10:00:00.022000+00:00
xyz:MSTR,0.0000062500,0.0002366531,2026-02-05 11:00:00.046000+00:00
xyz:MSTR,0.0000062500,-0.0000380428,2026-02-05 12:00:00.036000+00:00
xyz:MSTR,0.0000062500,0.0000701786,2026-02-05 13:00:00.013000+00:00
xyz:MSTR,0.0000062500,0.0000411591,2026-02-05 14:00:00.012000+00:00
xyz:MSTR,0.0000099493,0.0004591883,2026-02-05 15:00:00.079000+00:00
xyz:MSTR,0.0000052414,-0.0002161368,2026-02-05 16:00:00.065000+00:00
xyz:MSTR,0.0000062500,0.0000142891,2026-02-05 17:00:00.004000+00:00
xyz:MSTR,0.0000062500,0.0000732420,2026-02-05 18:00:00.104000+00:00
xyz:MSTR,0.0000062500,0.0002325647,2026-02-05 19:00:00.030000+00:00
xyz:MSTR,0.0000062500,0.0002399124,2026-02-05 20:00:00.057000+00:00
xyz:MSTR,0.0000062500,0.0003338088,2026-02-05 21:00:00.013000+00:00
xyz:MSTR,0.0000108672,0.0004738754,2026-02-05 22:00:00.040000+00:00
xyz:MSTR,0.0000466191,0.0010459062,2026-02-05 23:00:00.019000+00:00
xyz:MSTR,0.0000117020,0.0004872322,2026-02-06 00:00:00.083000+00:00
xyz:MSTR,0.0000062500,0.0001017570,2026-02-06 01:00:00.049000+00:00
xyz:MSTR,0.0000062500,0.0000346253,2026-02-06 02:00:00.026000+00:00
xyz:MSTR,-0.0000477929,-0.0010646861,2026-02-06 03:00:00.050000+00:00
xyz:MSTR,-0.0000051796,-0.0003828731,2026-02-06 04:00:00.075000+00:00
xyz:MSTR,-0.0000080112,-0.0004281789,2026-02-06 05:00:00.102000+00:00
xyz:MSTR,-0.0000161533,-0.0005584530,2026-02-06 06:00:00.022000+00:00
xyz:MSTR,0.0000057880,-0.0002073928,2026-02-06 07:00:00.074000+00:00
xyz:MSTR,0.0000062500,-0.0001932231,2026-02-06 08:00:00.037000+00:00
xyz:MSTR,-0.0000173732,-0.0005779713,2026-02-06 09:00:00.042000+00:00
xyz:MSTR,0.0000023804,-0.0002619131,2026-02-06 10:00:00.053000+00:00
xyz:MSTR,0.0000062500,0.0000430628,2026-02-06 11:00:00.032000+00:00
xyz:MSTR,0.0000062500,-0.0001734918,2026-02-06 12:00:00.009000+00:00
xyz:MSTR,0.0000048926,-0.0002217191,2026-02-06 13:00:00.032000+00:00
xyz:MSTR,0.0000062500,0.0002599598,2026-02-06 14:00:00.024000+00:00
xyz:MSTR,0.0000062500,0.0003924468,2026-02-06 15:00:00.089000+00:00
xyz:MSTR,0.0000062500,0.0001798315,2026-02-06 16:00:00.036000+00:00
xyz:MSTR,0.0000062500,0.0000393502,2026-02-06 17:00:00.030000+00:00
xyz:MSTR,0.0000062500,0.0001109452,2026-02-06 18:00:00.086000+00:00
xyz:MSTR,0.0000062500,-0.0001388845,2026-02-06 19:00:00.056000+00:00
xyz:MSTR,0.0000062500,-0.0000374063,2026-02-06 20:00:00.016000+00:00
xyz:MSTR,0.0000062500,-0.0000673986,2026-02-06 21:00:00.031000+00:00
xyz:MSTR,0.0000062500,-0.0000654263,2026-02-06 22:00:00.032000+00:00
xyz:MSTR,0.0000062500,-0.0000747096,2026-02-06 23:00:00.049000+00:00
xyz:MSTR,0.0000062500,-0.0000475550,2026-02-07 00:00:00.064000+00:00
xyz:MSTR,-0.0000272180,-0.0007354884,2026-02-07 01:00:00.036000+00:00
xyz:MSTR,0.0000086590,0.0004385444,2026-02-07 02:00:00.026000+00:00
xyz:MSTR,0.0001679805,0.0029876883,2026-02-07 03:00:00.021000+00:00
xyz:MSTR,0.0002947000,0.0050152000,2026-02-07 04:00:00.104000+00:00
xyz:MSTR,0.0002142865,0.0037285833,2026-02-07 05:00:00.063000+00:00
xyz:MSTR,-0.0002010549,-0.0035168780,2026-02-07 06:00:00.036000+00:00
xyz:MSTR,-0.0003302698,-0.0055843164,2026-02-07 07:00:00.008000+00:00
xyz:MSTR,-0.0011766787,-0.0191268598,2026-02-07 08:00:00.048000+00:00
xyz:MSTR,-0.0004137466,-0.0069199456,2026-02-07 09:00:00.081000+00:00
xyz:MSTR,-0.0003018046,-0.0051288733,2026-02-07 10:00:00.020000+00:00
xyz:MSTR,-0.0003726759,-0.0062628142,2026-02-07 11:00:00.008000+00:00
xyz:MSTR,-0.0002549823,-0.0043797167,2026-02-07 12:00:00.031000+00:00
xyz:MSTR,0.0005925219,0.0097803503,2026-02-07 13:00:00.040000+00:00
xyz:MSTR,0.0002130794,0.0037092700,2026-02-07 14:00:00.008000+00:00
xyz:MSTR,-0.0000046876,-0.0003750024,2026-02-07 15:00:00.093000+00:00
xyz:MSTR,0.0003098481,0.0052575697,2026-02-07 16:00:00.146000+00:00
xyz:MSTR,0.0001796241,0.0031739848,2026-02-07 17:00:00.055000+00:00
xyz:MSTR,0.0000062500,0.0000466513,2026-02-07 18:00:00.022000+00:00
xyz:MSTR,0.0002903420,0.0049454722,2026-02-07 19:00:00.071000+00:00
xyz:MSTR,0.0001423773,0.0025780374,2026-02-07 20:00:00.020000+00:00
xyz:MSTR,0.0001837046,0.0032392730,2026-02-07 21:00:00.089000+00:00
xyz:MSTR,0.0001525339,0.0027405419,2026-02-07 22:00:00.055000+00:00
xyz:MSTR,0.0000548422,0.0011774750,2026-02-07 23:00:00.038000+00:00
xyz:MSTR,-0.0002406515,-0.0041504245,2026-02-08 00:00:00.042000+00:00
xyz:MSTR,-0.0000932610,-0.0017921766,2026-02-08 01:00:00.003000+00:00
xyz:MSTR,0.0000203281,0.0006252494,2026-02-08 02:00:00.074000+00:00
xyz:MSTR,0.0000543443,0.0011695094,2026-02-08 03:00:00.113000+00:00
xyz:MSTR,0.0000062500,-0.0001062216,2026-02-08 04:00:00.069000+00:00
xyz:MSTR,-0.0000719750,-0.0014515999,2026-02-08 05:00:00.059000+00:00
xyz:MSTR,0.0000352932,0.0008646918,2026-02-08 06:00:00.031000+00:00
xyz:MSTR,0.0001087141,0.0020394253,2026-02-08 07:00:00.038000+00:00
xyz:MSTR,0.0002006643,0.0035106290,2026-02-08 08:00:00.113000+00:00
xyz:MSTR,0.0004653196,0.0077451137,2026-02-08 09:00:00.040000+00:00
xyz:MSTR,0.0003473412,0.0058574587,2026-02-08 10:00:00.031000+00:00
xyz:MSTR,0.0000624238,0.0012987812,2026-02-08 11:00:00.068000+00:00
xyz:MSTR,0.0003774097,0.0063385545,2026-02-08 12:00:00.077000+00:00
xyz:MSTR,0.0002925140,0.0049802241,2026-02-08 13:00:00.011000+00:00
xyz:MSTR,0.0003118749,0.0052899977,2026-02-08 14:00:00.051000+00:00
xyz:MSTR,0.0002328222,0.0040251551,2026-02-08 15:00:00.041000+00:00
xyz:MSTR,0.0001053407,0.0019854520,2026-02-08 16:00:00.023000+00:00
xyz:MSTR,-0.0000143570,-0.0005297121,2026-02-08 17:00:00.043000+00:00
xyz:MSTR,-0.0000989304,-0.0018828866,2026-02-08 18:00:00.023000+00:00
xyz:MSTR,0.0002013076,0.0035209224,2026-02-08 19:00:00.070000+00:00
xyz:MSTR,0.0002507968,0.0043127485,2026-02-08 20:00:00.046000+00:00
xyz:MSTR,0.0000062500,0.0001810476,2026-02-08 21:00:00.059000+00:00
xyz:MSTR,-0.0000918495,-0.0017695927,2026-02-08 22:00:00.049000+00:00
xyz:MSTR,0.0000062500,0.0001773362,2026-02-08 23:00:00.015000+00:00
xyz:MSTR,-0.0000129292,-0.0005068671,2026-02-09 00:00:00.009000+00:00
xyz:MSTR,-0.0001619308,-0.0028908926,2026-02-09 01:00:00.034000+00:00
xyz:MSTR,-0.0000235341,-0.0006765453,2026-02-09 02:00:00.118000+00:00
xyz:MSTR,-0.0000326939,-0.0008231021,2026-02-09 03:00:00.004000+00:00
xyz:MSTR,-0.0000362655,-0.0008802475,2026-02-09 04:00:00.091000+00:00
xyz:MSTR,-0.0000201545,-0.0006224725,2026-02-09 05:00:00.037000+00:00
xyz:MSTR,-0.0000146148,-0.0005338368,2026-02-09 06:00:00.020000+00:00
xyz:MSTR,-0.0000084470,-0.0004351525,2026-02-09 07:00:00.026000+00:00
xyz:MSTR,-0.0000141021,-0.0005256343,2026-02-09 08:00:00.013000+00:00
xyz:MSTR,-0.0000017273,-0.0003276369,2026-02-09 09:00:00.040000+00:00
xyz:MSTR,-0.0000137875,-0.0005206005,2026-02-09 10:00:00.131000+00:00
xyz:MSTR,-0.0000002924,-0.0003046792,2026-02-09 11:00:00.088000+00:00
xyz:MSTR,0.0000062500,-0.0000841021,2026-02-09 12:00:00.030000+00:00
xyz:MSTR,-0.0000131155,-0.0005098481,2026-02-09 13:00:00.020000+00:00
xyz:MSTR,-0.0000264762,-0.0007236198,2026-02-09 14:00:00.015000+00:00
xyz:MSTR,-0.0000000524,-0.0003008384,2026-02-09 15:00:00.011000+00:00
xyz:MSTR,0.0000062500,-0.0001235948,2026-02-09 16:00:00.001000+00:00
xyz:MSTR,0.0000062500,0.0000372352,2026-02-09 17:00:00.038000+00:00
xyz:MSTR,0.0000062500,0.0000898033,2026-02-09 18:00:00.060000+00:00
xyz:MSTR,0.0000062500,0.0003148891,2026-02-09 19:00:00.023000+00:00
xyz:MSTR,0.0000062500,0.0003399145,2026-02-09 20:00:00.059000+00:00
xyz:MSTR,0.0000062500,-0.0000565402,2026-02-09 21:00:00.068000+00:00
xyz:MSTR,0.0000062500,-0.0001019068,2026-02-09 22:00:00.065000+00:00
xyz:MSTR,0.0000062500,-0.0000622018,2026-02-09 23:00:00.046000+00:00
xyz:MSTR,0.0000062500,-0.0001877896,2026-02-10 00:00:00.013000+00:00
xyz:MSTR,0.0000062500,-0.0000094293,2026-02-10 01:00:00.012000+00:00
xyz:MSTR,0.0000062500,0.0003136663,2026-02-10 02:00:00.055000+00:00
xyz:MSTR,0.0000062500,0.0002530105,2026-02-10 03:00:00.057000+00:00
xyz:MSTR,0.0000062500,0.0000479164,2026-02-10 04:00:00.071000+00:00
xyz:MSTR,0.0000062500,0.0000687767,2026-02-10 05:00:00.024000+00:00
xyz:MSTR,0.0000146372,0.0005341958,2026-02-10 06:00:00.028000+00:00
xyz:MSTR,0.0000062500,0.0000673975,2026-02-10 07:00:00.090000+00:00
xyz:MSTR,0.0000062500,0.0002260328,2026-02-10 08:00:00.018000+00:00
xyz:MSTR,-0.0000077160,-0.0004234566,2026-02-10 09:00:00.041000+00:00
xyz:MSTR,0.0000062500,-0.0000171189,2026-02-10 10:00:00.028000+00:00
xyz:MSTR,0.0000062500,0.0002274566,2026-02-10 11:00:00.100000+00:00
xyz:MSTR,0.0000062500,0.0001475289,2026-02-10 12:00:00.032000+00:00
xyz:MSTR,0.0000062500,0.0003531982,2026-02-10 13:00:00.106000+00:00
xyz:MSTR,0.0000062500,0.0001488798,2026-02-10 14:00:00.038000+00:00
xyz:MSTR,0.0000009245,-0.0002852074,2026-02-10 15:00:00.006000+00:00
xyz:MSTR,-0.0000143620,-0.0005297916,2026-02-10 16:00:00.009000+00:00
xyz:MSTR,-0.0000020687,-0.0003330998,2026-02-10 17:00:00.070000+00:00
xyz:MSTR,0.0000062500,-0.0000738377,2026-02-10 18:00:00.065000+00:00
xyz:MSTR,0.0000062500,-0.0000908351,2026-02-10 19:00:00.015000+00:00
xyz:MSTR,0.0000062500,-0.0001197665,2026-02-10 20:00:00.053000+00:00
xyz:MSTR,0.0000062500,-0.0000491390,2026-02-10 21:00:00.100000+00:00
xyz:MSTR,0.0000062500,0.0001329321,2026-02-10 22:00:00.070000+00:00
xyz:MSTR,0.0000062500,0.0000568106,2026-02-10 23:00:00.016000+00:00
xyz:MSTR,0.0000062500,-0.0001704417,2026-02-11 00:00:00.036000+00:00
xyz:MSTR,0.0000062500,-0.0000680698,2026-02-11 01:00:00.007000+00:00
xyz:MSTR,0.0000062500,-0.0000052208,2026-02-11 02:00:00.051000+00:00
xyz:MSTR,0.0000062500,-0.0001210116,2026-02-11 03:00:00.098000+00:00
xyz:MSTR,0.0000062500,-0.0000339924,2026-02-11 04:00:00.071000+00:00
xyz:MSTR,0.0000062500,-0.0000922930,2026-02-11 05:00:00.030000+00:00
xyz:MSTR,-0.0000107780,-0.0004724480,2026-02-11 06:00:00.005000+00:00
xyz:MSTR,-0.0000100596,-0.0004609536,2026-02-11 07:00:00.062000+00:00
xyz:MSTR,0.0000062500,0.0000011522,2026-02-11 08:00:00.095000+00:00
xyz:MSTR,0.0000062500,0.0000895314,2026-02-11 09:00:00.114000+00:00
xyz:MSTR,0.0000062500,-0.0000612222,2026-02-11 10:00:00.048000+00:00
xyz:MSTR,0.0000062500,0.0000000627,2026-02-11 11:00:00.086000+00:00
xyz:MSTR,0.0000062500,-0.0000426085,2026-02-11 12:00:00.022000+00:00
xyz:MSTR,0.0000062500,0.0000889769,2026-02-11 13:00:00.055000+00:00
xyz:MSTR,0.0000062500,0.0002804140,2026-02-11 14:00:00.087000+00:00
xyz:MSTR,0.0000068160,0.0004090552,2026-02-11 15:00:00.012000+00:00
xyz:MSTR,0.0000062500,0.0001939398,2026-02-11 16:00:00.074000+00:00
xyz:MSTR,0.0000062500,0.0003727517,2026-02-11 17:00:00.077000+00:00
xyz:MSTR,0.0000062500,0.0003690303,2026-02-11 18:00:00.062000+00:00
xyz:MSTR,0.0000062500,0.0002968566,2026-02-11 19:00:00.045000+00:00
xyz:MSTR,0.0000062500,0.0003712091,2026-02-11 20:00:00.051000+00:00
xyz:MSTR,0.0000062500,0.0003075047,2026-02-11 21:00:00.053000+00:00
xyz:MSTR,0.0000199416,0.0006190650,2026-02-11 22:00:00.067000+00:00
xyz:MSTR,0.0000276591,0.0007425450,2026-02-11 23:00:00.087000+00:00
xyz:MSTR,0.0000351588,0.0008625408,2026-02-12 00:00:00.006000+00:00
xyz:MSTR,0.0000517699,0.0011283190,2026-02-12 01:00:00.034000+00:00
xyz:MSTR,0.0000595418,0.0012526690,2026-02-12 02:00:00.037000+00:00
xyz:MSTR,0.0000400675,0.0009410799,2026-02-12 03:00:00.057000+00:00
xyz:MSTR,0.0000521233,0.0011339723,2026-02-12 04:00:00.004000+00:00
xyz:MSTR,0.0000570664,0.0012130619,2026-02-12 05:00:00.075000+00:00
xyz:MSTR,0.0000304131,0.0007866102,2026-02-12 06:00:00.077000+00:00
xyz:MSTR,0.0000430151,0.0009882409,2026-02-12 07:00:00.029000+00:00
xyz:MSTR,0.0000591359,0.0012461747,2026-02-12 08:00:00.036000+00:00
xyz:MSTR,0.0000648381,0.0013374091,2026-02-12 09:00:00.054000+00:00
xyz:MSTR,0.0000758499,0.0015135980,2026-02-12 10:00:00.022000+00:00
xyz:MSTR,0.0000704040,0.0014264635,2026-02-12 11:00:00.008000+00:00
xyz:MSTR,0.0000760736,0.0015171783,2026-02-12 12:00:00.064000+00:00
xyz:MSTR,0.0000651540,0.0013424644,2026-02-12 13:00:00.056000+00:00
xyz:MSTR,0.0000187666,0.0006002656,2026-02-12 14:00:00.023000+00:00
xyz:MSTR,0.0000188865,0.0006021838,2026-02-12 15:00:00.004000+00:00
xyz:MSTR,0.0000191960,0.0006071354,2026-02-12 16:00:00.043000+00:00
xyz:MSTR,0.0000062500,0.0000960609,2026-02-12 17:00:00.026000+00:00
xyz:MSTR,0.0000062500,0.0002342878,2026-02-12 18:00:00.015000+00:00
xyz:MSTR,0.0000062500,0.0002629097,2026-02-12 19:00:00.053000+00:00
xyz:MSTR,0.0000062500,0.0000765582,2026-02-12 20:00:00.037000+00:00
xyz:MSTR,0.0000062500,-0.0001138135,2026-02-12 21:00:00.043000+00:00
xyz:MSTR,0.0000220055,0.0006520885,2026-02-12 22:00:00.010000+00:00
xyz:MSTR,0.0000276653,0.0007426449,2026-02-12 23:00:00.072000+00:00
xyz:MSTR,0.0000165677,0.0005650830,2026-02-13 00:00:00.092000+00:00
xyz:MSTR,0.0000062500,0.0002122215,2026-02-13 01:00:00.083000+00:00
xyz:MSTR,0.0000077704,0.0004243272,2026-02-13 02:00:00.050000+00:00
xyz:MSTR,0.0000062500,0.0003352995,2026-02-13 03:00:00.009000+00:00
xyz:MSTR,0.0000062500,-0.0000480455,2026-02-13 04:00:00.087000+00:00
xyz:MSTR,0.0000062500,0.0000517197,2026-02-13 05:00:00.083000+00:00
xyz:MSTR,0.0000062500,0.0001622455,2026-02-13 06:00:00.070000+00:00
xyz:MSTR,0.0000062500,0.0003107822,2026-02-13 07:00:00.056000+00:00
xyz:MSTR,0.0000062500,0.0003201502,2026-02-13 08:00:00.018000+00:00
xyz:MSTR,0.0000062500,-0.0001533707,2026-02-13 09:00:00.087000+00:00
xyz:MSTR,0.0000623898,0.0012982366,2026-02-13 10:00:00.004000+00:00
xyz:MSTR,0.0000548766,0.0011780258,2026-02-13 11:00:00.117000+00:00
xyz:MSTR,0.0000543513,0.0011696207,2026-02-13 12:00:00.059000+00:00
xyz:MSTR,0.0000343684,0.0008498939,2026-02-13 13:00:00.040000+00:00
xyz:MSTR,0.0000377495,0.0009039918,2026-02-13 14:00:00.092000+00:00
xyz:MSTR,0.0000230572,0.0006689146,2026-02-13 15:00:00.081000+00:00
xyz:MSTR,0.0000110127,0.0004762028,2026-02-13 16:00:00.038000+00:00
xyz:MSTR,0.0000188147,0.0006010353,2026-02-13 17:00:00.023000+00:00
xyz:MSTR,0.0000154471,0.0005471544,2026-02-13 18:00:00.120000+00:00
xyz:MSTR,0.0000062500,0.0003966561,2026-02-13 19:00:00.063000+00:00
xyz:MSTR,0.0000062500,0.0002598881,2026-02-13 20:00:00.048000+00:00
xyz:MSTR,0.0000062500,0.0000509031,2026-02-13 21:00:00.056000+00:00
xyz:MSTR,0.0000062500,0.0001264097,2026-02-13 22:00:00.018000+00:00
xyz:MSTR,0.0000062500,0.0000508527,2026-02-13 23:00:00.072000+00:00
xyz:MSTR,0.0000062500,-0.0000411697,2026-02-14 00:00:00.041000+00:00
xyz:MSTR,0.0000062500,-0.0001881935,2026-02-14 01:00:00.085000+00:00
xyz:MSTR,0.0000062500,-0.0001797693,2026-02-14 02:00:00.103000+00:00
xyz:MSTR,-0.0000588895,-0.0012422316,2026-02-14 03:00:00.007000+00:00
xyz:MSTR,-0.0000756725,-0.0015107597,2026-02-14 04:00:00.098000+00:00
xyz:MSTR,-0.0000695087,-0.0014121399,2026-02-14 05:00:00.016000+00:00
xyz:MSTR,-0.0000600899,-0.0012614385,2026-02-14 06:00:00.103000+00:00
xyz:MSTR,-0.0000073784,-0.0004180547,2026-02-14 07:00:00.037000+00:00
xyz:MSTR,0.0000770708,0.0015331334,2026-02-14 08:00:00.001000+00:00
xyz:MSTR,0.0004290498,0.0071647973,2026-02-14 09:00:00.050000+00:00
xyz:MSTR,0.0002422277,0.0041756429,2026-02-14 10:00:00.086000+00:00
xyz:MSTR,0.0000721279,0.0014540461,2026-02-14 11:00:00.026000+00:00
xyz:MSTR,0.0000798083,0.0015769333,2026-02-14 12:00:00.125000+00:00
xyz:MSTR,0.0000062500,0.0003189023,2026-02-14 13:00:00.083000+00:00
xyz:MSTR,-0.0002311929,-0.0039990865,2026-02-14 14:00:00.055000+00:00
xyz:MSTR,-0.0000428176,-0.0009850823,2026-02-14 15:00:00.081000+00:00
xyz:MSTR,0.0000062500,0.0002144156,2026-02-14 16:00:00.035000+00:00
xyz:MSTR,-0.0000970587,-0.0018529388,2026-02-14 17:00:00.075000+00:00
xyz:MSTR,-0.0000702074,-0.0014233180,2026-02-14 18:00:00.102000+00:00
xyz:MSTR,-0.0000436758,-0.0009988129,2026-02-14 19:00:00.005000+00:00
xyz:MSTR,0.0000048470,-0.0002224475,2026-02-14 20:00:00.071000+00:00
xyz:MSTR,0.0001576055,0.0028216878,2026-02-14 21:00:00.056000+00:00
xyz:MSTR,0.0000524320,0.0011389128,2026-02-14 22:00:00.045000+00:00
xyz:MSTR,0.0000598747,0.0012579959,2026-02-14 23:00:00.022000+00:00
xyz:MSTR,0.0000711820,0.0014389123,2026-02-15 00:00:00.102000+00:00
xyz:MSTR,0.0000110261,0.0004764175,2026-02-15 01:00:00.052000+00:00
xyz:MSTR,0.0000062500,-0.0001144593,2026-02-15 02:00:00.088000+00:00
xyz:MSTR,0.0000062500,0.0002228747,2026-02-15 03:00:00.093000+00:00
xyz:MSTR,0.0000062500,-0.0000936077,2026-02-15 04:00:00.058000+00:00
xyz:MSTR,0.0000568262,0.0012092184,2026-02-15 05:00:00.004000+00:00
xyz:MSTR,0.0001656877,0.0029510039,2026-02-15 06:00:00.027000+00:00
xyz:MSTR,0.0000951242,0.0018219876,2026-02-15 07:00:00.020000+00:00
xyz:MSTR,0.0000288890,0.0007622233,2026-02-15 08:00:00.027000+00:00
xyz:MSTR,-0.0000456997,-0.0010311953,2026-02-15 09:00:00.043000+00:00
xyz:MSTR,-0.0000494473,-0.0010911568,2026-02-15 10:00:00.001000+00:00
xyz:MSTR,-0.0000223163,-0.0006570606,2026-02-15 11:00:00.015000+00:00
xyz:MSTR,0.0000079268,0.0004268284,2026-02-15 12:00:00.014000+00:00
xyz:MSTR,-0.0000578404,-0.0012254468,2026-02-15 13:00:00.012000+00:00
xyz:MSTR,-0.0003129846,-0.0053077541,2026-02-15 14:00:00.023000+00:00
xyz:MSTR,-0.0001748142,-0.0030970276,2026-02-15 15:00:00.014000+00:00
xyz:MSTR,-0.0000659045,-0.0013544724,2026-02-15 16:00:00.083000+00:00
xyz:MSTR,-0.0000425869,-0.0009813910,2026-02-15 17:00:00.027000+00:00
xyz:MSTR,-0.0000374046,-0.0008984730,2026-02-15 18:00:00.006000+00:00
xyz:MSTR,-0.0001491688,-0.0026867011,2026-02-15 19:00:00.023000+00:00
xyz:MSTR,-0.0001380578,-0.0025089254,2026-02-15 20:00:00.060000+00:00
xyz:MSTR,-0.0000719737,-0.0014515793,2026-02-15 21:00:00.008000+00:00
xyz:MSTR,-0.0000133428,-0.0005134841,2026-02-15 22:00:00.058000+00:00
xyz:MSTR,0.0000522440,0.0011359032,2026-02-15 23:00:00.053000+00:00
xyz:MSTR,-0.0000514429,-0.0011230866,2026-02-16 00:00:00.071000+00:00
xyz:MSTR,0.0000599856,0.0012597691,2026-02-16 01:00:00.023000+00:00
xyz:MSTR,0.0000097707,0.0004563304,2026-02-16 02:00:00.070000+00:00
xyz:MSTR,0.0000062500,0.0000139115,2026-02-16 03:00:00.088000+00:00
xyz:MSTR,-0.0000198104,-0.0006169659,2026-02-16 04:00:00.033000+00:00
xyz:MSTR,0.0000062500,0.0003118143,2026-02-16 05:00:00.025000+00:00
xyz:MSTR,-0.0000180369,-0.0005885909,2026-02-16 06:00:00.006000+00:00
xyz:MSTR,-0.0000317172,-0.0008074750,2026-02-16 07:00:00.043000+00:00
xyz:MSTR,-0.0001032440,-0.0019519040,2026-02-16 08:00:00.025000+00:00
xyz:MSTR,0.0000062500,-0.0000879040,2026-02-16 09:00:00.002000+00:00
xyz:MSTR,0.0000848784,0.0016580540,2026-02-16 10:00:00.026000+00:00
xyz:MSTR,0.0000665356,0.0013645694,2026-02-16 11:00:00+00:00
xyz:MSTR,-0.0000375536,-0.0009008571,2026-02-16 12:00:00.075000+00:00
xyz:MSTR,0.0003357592,0.0056721468,2026-02-16 13:00:00.013000+00:00
xyz:MSTR,0.0001630499,0.0029087990,2026-02-16 14:00:00.083000+00:00
xyz:MSTR,-0.0001050052,-0.0019800830,2026-02-16 15:00:00.037000+00:00
xyz:MSTR,-0.0007041453,-0.0115663243,2026-02-16 16:00:00.099000+00:00
xyz:MSTR,-0.0005041322,-0.0083661144,2026-02-16 17:00:00.019000+00:00
xyz:MSTR,-0.0000430973,-0.0009895560,2026-02-16 18:00:00.138000+00:00
xyz:MSTR,0.0000062500,0.0000850718,2026-02-16 19:00:00.072000+00:00
xyz:MSTR,0.0000062500,-0.0001707226,2026-02-16 20:00:00.001000+00:00
xyz:MSTR,0.0000062500,0.0001043894,2026-02-16 21:00:00.070000+00:00
xyz:MSTR,0.0002029133,0.0035466133,2026-02-16 22:00:00.043000+00:00
xyz:MSTR,0.0002137132,0.0037194110,2026-02-16 23:00:00.088000+00:00
xyz:MSTR,0.0001915900,0.0033654408,2026-02-17 00:00:00.063000+00:00
xyz:MSTR,0.0001781813,0.0031509014,2026-02-17 01:00:00.070000+00:00
xyz:MSTR,0.0000544096,0.0011705531,2026-02-17 02:00:00.032000+00:00
xyz:MSTR,0.0000479875,0.0010678003,2026-02-17 03:00:00.021000+00:00
xyz:MSTR,0.0000109015,0.0004744240,2026-02-17 04:00:00.061000+00:00
xyz:MSTR,0.0000062500,0.0001382556,2026-02-17 05:00:00.038000+00:00
xyz:MSTR,0.0000062500,-0.0000488168,2026-02-17 06:00:00.104000+00:00
xyz:MSTR,-0.0000213579,-0.0006417269,2026-02-17 07:00:00.044000+00:00
xyz:MSTR,0.0000062500,0.0000310673,2026-02-17 08:00:00.015000+00:00
xyz:MSTR,0.0000012034,-0.0002807450,2026-02-17 09:00:00.082000+00:00
xyz:MSTR,0.0000062500,0.0003194680,2026-02-17 10:00:00.097000+00:00
xyz:MSTR,-0.0000126727,-0.0005027637,2026-02-17 11:00:00.042000+00:00
xyz:MSTR,-0.0000087300,-0.0004396802,2026-02-17 12:00:00.044000+00:00
xyz:MSTR,-0.0000170630,-0.0005730084,2026-02-17 13:00:00.044000+00:00
xyz:MSTR,-0.0000036765,-0.0003588232,2026-02-17 14:00:00.063000+00:00
xyz:MSTR,0.0000062500,0.0000178150,2026-02-17 15:00:00.062000+00:00
xyz:MSTR,-0.0000034011,-0.0003544175,2026-02-17 16:00:00.071000+00:00
xyz:MSTR,-0.0000127386,-0.0005038168,2026-02-17 17:00:00.038000+00:00
xyz:MSTR,-0.0000027198,-0.0003435162,2026-02-17 18:00:00.030000+00:00
xyz:MSTR,0.0000062500,-0.0001873241,2026-02-17 19:00:00.003000+00:00
xyz:MSTR,0.0000062500,0.0000960875,2026-02-17 20:00:00.062000+00:00
xyz:MSTR,0.0000062500,0.0000054203,2026-02-17 21:00:00.058000+00:00
xyz:MSTR,0.0000032513,-0.0002479796,2026-02-17 22:00:00.051000+00:00
xyz:MSTR,-0.0000453378,-0.0010254050,2026-02-17 23:00:00.070000+00:00
xyz:MSTR,-0.0000325249,-0.0008203988,2026-02-18 00:00:00.021000+00:00
xyz:MSTR,-0.0000238522,-0.0006816352,2026-02-18 01:00:00.085000+00:00
xyz:MSTR,0.0000062500,0.0001853140,2026-02-18 02:00:00.067000+00:00
xyz:MSTR,-0.0000327646,-0.0008242340,2026-02-18 03:00:00.005000+00:00
xyz:MSTR,-0.0000455248,-0.0010283964,2026-02-18 04:00:00.016000+00:00
xyz:MSTR,-0.0000226749,-0.0006627989,2026-02-18 05:00:00.053000+00:00
xyz:MSTR,-0.0000413525,-0.0009616395,2026-02-18 06:00:00.013000+00:00
xyz:MSTR,-0.0000400408,-0.0009406525,2026-02-18 07:00:00.044000+00:00
xyz:MSTR,-0.0000245437,-0.0006926994,2026-02-18 08:00:00.085000+00:00
xyz:MSTR,-0.0000358427,-0.0008734827,2026-02-18 09:00:00.065000+00:00
xyz:MSTR,0.0000031189,-0.0002500980,2026-02-18 10:00:00.081000+00:00
xyz:MSTR,0.0000062500,0.0002101588,2026-02-18 11:00:00.026000+00:00
xyz:MSTR,0.0000062500,0.0001150625,2026-02-18 12:00:00.017000+00:00
xyz:MSTR,0.0000062500,0.0002029959,2026-02-18 13:00:00.034000+00:00
xyz:MSTR,0.0000062500,0.0000839065,2026-02-18 14:00:00.046000+00:00
xyz:MSTR,0.0000062500,-0.0000717947,2026-02-18 15:00:00.043000+00:00
xyz:MSTR,0.0000062500,-0.0001601295,2026-02-18 16:00:00.046000+00:00
xyz:MSTR,0.0000062500,0.0002799091,2026-02-18 17:00:00.010000+00:00
xyz:MSTR,0.0000172541,0.0005760650,2026-02-18 18:00:00.003000+00:00
xyz:MSTR,0.0000168465,0.0005695443,2026-02-18 19:00:00.072000+00:00
xyz:MSTR,0.0000117460,0.0004879365,2026-02-18 20:00:00.039000+00:00
xyz:MSTR,0.0000062500,0.0002901945,2026-02-18 21:00:00.040000+00:00
xyz:MSTR,0.0000165333,0.0005645321,2026-02-18 22:00:00.035000+00:00
xyz:MSTR,0.0000271991,0.0007351852,2026-02-18 23:00:00.022000+00:00
xyz:MSTR,0.0000209449,0.0006351188,2026-02-19 00:00:00.054000+00:00
xyz:MSTR,0.0000062500,0.0003795836,2026-02-19 01:00:00.073000+00:00
xyz:MSTR,-0.0000191222,-0.0006059559,2026-02-19 02:00:00.079000+00:00
xyz:MSTR,-0.0000463237,-0.0010411784,2026-02-19 03:00:00.021000+00:00
xyz:MSTR,-0.0000543089,-0.0011689426,2026-02-19 04:00:00.122000+00:00
xyz:MSTR,-0.0000656059,-0.0013496941,2026-02-19 05:00:00.058000+00:00
xyz:MSTR,-0.0000429175,-0.0009866804,2026-02-19 06:00:00.072000+00:00
xyz:MSTR,-0.0000345437,-0.0008526993,2026-02-19 07:00:00.126000+00:00
xyz:MSTR,-0.0000331771,-0.0008308343,2026-02-19 08:00:00.040000+00:00
xyz:MSTR,0.0000062500,0.0000894383,2026-02-19 09:00:00.019000+00:00
xyz:MSTR,0.0000066722,0.0004067559,2026-02-19 10:00:00.033000+00:00
xyz:MSTR,0.0000062500,-0.0000328291,2026-02-19 11:00:00.010000+00:00
xyz:MSTR,0.0000062500,-0.0000623994,2026-02-19 12:00:00.062000+00:00
xyz:MSTR,0.0000053081,-0.0002150705,2026-02-19 13:00:00.017000+00:00
xyz:MSTR,-0.0000004606,-0.0003073702,2026-02-19 14:00:00.019000+00:00
xyz:MSTR,0.0000062500,-0.0000462604,2026-02-19 15:00:00.067000+00:00
xyz:MSTR,0.0000062500,0.0000726515,2026-02-19 16:00:00.026000+00:00
xyz:MSTR,0.0000062500,0.0000310948,2026-02-19 17:00:00.013000+00:00
xyz:MSTR,0.0000062500,0.0001754379,2026-02-19 18:00:00+00:00
xyz:MSTR,0.0000062500,0.0000141537,2026-02-19 19:00:00.043000+00:00
xyz:MSTR,0.0000062500,0.0003665988,2026-02-19 20:00:00.009000+00:00
xyz:MSTR,0.0000062500,0.0003904280,2026-02-19 21:00:00.023000+00:00
xyz:MSTR,0.0000062500,0.0003120559,2026-02-19 22:00:00.022000+00:00
xyz:MSTR,0.0000062500,0.0001020228,2026-02-19 23:00:00.042000+00:00
xyz:MSTR,0.0000062500,0.0003341729,2026-02-20 00:00:00.035000+00:00
xyz:MSTR,0.0000065017,0.0004040266,2026-02-20 01:00:00.190000+00:00
xyz:MSTR,0.0000062500,-0.0001626408,2026-02-20 02:00:00.054000+00:00
xyz:MSTR,0.0000062500,-0.0001932228,2026-02-20 03:00:00.118000+00:00
xyz:MSTR,0.0000039138,-0.0002373789,2026-02-20 04:00:00.085000+00:00
xyz:MSTR,0.0000062500,0.0003652327,2026-02-20 05:00:00.048000+00:00
xyz:MSTR,0.0000062500,0.0000753671,2026-02-20 06:00:00.033000+00:00
xyz:MSTR,0.0000241428,0.0006862844,2026-02-20 07:00:00.077000+00:00
xyz:MSTR,0.0000607005,0.0012712076,2026-02-20 08:00:00.069000+00:00
xyz:MSTR,0.0000734156,0.0014746491,2026-02-20 09:00:00.018000+00:00
xyz:MSTR,0.0000196528,0.0006144454,2026-02-20 10:00:00.018000+00:00
xyz:MSTR,0.0000412020,0.0009592317,2026-02-20 11:00:00.029000+00:00
xyz:MSTR,0.0000372810,0.0008964957,2026-02-20 12:00:00.020000+00:00
xyz:MSTR,0.0000350394,0.0008606307,2026-02-20 13:00:00.001000+00:00
xyz:MSTR,0.0000143629,0.0005298066,2026-02-20 14:00:00.062000+00:00
xyz:MSTR,0.0000168499,0.0005695989,2026-02-20 15:00:00.013000+00:00
xyz:MSTR,0.0000062500,0.0001513853,2026-02-20 16:00:00.044000+00:00
xyz:MSTR,0.0000062500,0.0000276614,2026-02-20 17:00:00.002000+00:00
xyz:MSTR,0.0000062500,0.0000248822,2026-02-20 18:00:00.056000+00:00
xyz:MSTR,0.0000062500,-0.0001339510,2026-02-20 19:00:00.125000+00:00
xyz:MSTR,0.0000062500,-0.0000817355,2026-02-20 20:00:00.028000+00:00
xyz:MSTR,0.0000062500,-0.0000523806,2026-02-20 21:00:00.083000+00:00
xyz:MSTR,0.0000140627,0.0005250036,2026-02-20 22:00:00.095000+00:00
xyz:MSTR,0.0000342112,0.0008473790,2026-02-20 23:00:00.033000+00:00
xyz:MSTR,0.0000827981,0.0016247700,2026-02-21 00:00:00.011000+00:00
xyz:MSTR,0.0000801604,0.0015825670,2026-02-21 01:00:00.131000+00:00
xyz:MSTR,0.0001170034,0.0021720550,2026-02-21 02:00:00.011000+00:00
xyz:MSTR,0.0000941295,0.0018060715,2026-02-21 03:00:00.063000+00:00
xyz:MSTR,-0.0001039247,-0.0019627956,2026-02-21 04:00:00.080000+00:00
xyz:MSTR,-0.0000129474,-0.0005071587,2026-02-21 05:00:00.080000+00:00
xyz:MSTR,0.0000062500,0.0000284482,2026-02-21 06:00:00.034000+00:00
xyz:MSTR,-0.0000142731,-0.0005283688,2026-02-21 07:00:00.068000+00:00
xyz:MSTR,0.0000062500,0.0001781280,2026-02-21 08:00:00.035000+00:00
xyz:MSTR,0.0000324864,0.0008197825,2026-02-21 09:00:00.020000+00:00
xyz:MSTR,0.0001217067,0.0022473068,2026-02-21 10:00:00.068000+00:00
xyz:MSTR,0.0000892977,0.0017287638,2026-02-21 11:00:00.028000+00:00
xyz:MSTR,0.0000406895,0.0009510321,2026-02-21 12:00:00.071000+00:00
xyz:MSTR,0.0000027434,-0.0002561058,2026-02-21 13:00:00.019000+00:00
xyz:MSTR,0.0000592232,0.0012475705,2026-02-21 14:00:00+00:00
xyz:MSTR,0.0002259407,0.0039150508,2026-02-21 15:00:00.011000+00:00
xyz:MSTR,0.0002243111,0.0038889783,2026-02-21 16:00:00.010000+00:00
xyz:MSTR,-0.0000234681,-0.0006754894,2026-02-21 17:00:00.060000+00:00
xyz:MSTR,0.0000062500,0.0002370554,2026-02-21 18:00:00.086000+00:00
xyz:MSTR,0.0001400010,0.0025400164,2026-02-21 19:00:00.111000+00:00
xyz:MSTR,0.0001302753,0.0023844050,2026-02-21 20:00:00.048000+00:00
xyz:MSTR,0.0000211509,0.0006384137,2026-02-21 21:00:00.024000+00:00
xyz:MSTR,-0.0000128447,-0.0005055155,2026-02-21 22:00:00.037000+00:00
xyz:MSTR,0.0000062500,0.0001570216,2026-02-21 23:00:00.054000+00:00
xyz:MSTR,-0.0000704156,-0.0014266496,2026-02-22 00:00:00.015000+00:00
xyz:MSTR,-0.0000964780,-0.0018436477,2026-02-22 01:00:00.084000+00:00
xyz:MSTR,-0.0000540955,-0.0011655282,2026-02-22 02:00:00.046000+00:00
xyz:MSTR,-0.0000432236,-0.0009915772,2026-02-22 03:00:00.056000+00:00
xyz:MSTR,-0.0000708251,-0.0014332019,2026-02-22 04:00:00.066000+00:00
xyz:MSTR,-0.0000491101,-0.0010857610,2026-02-22 05:00:00.123000+00:00
xyz:MSTR,-0.0000756344,-0.0015101500,2026-02-22 06:00:00.012000+00:00
xyz:MSTR,0.0000062500,0.0002193227,2026-02-22 07:00:00.039000+00:00
xyz:MSTR,0.0000549400,0.0011790404,2026-02-22 08:00:00.009000+00:00
xyz:MSTR,0.0000208564,0.0006337027,2026-02-22 09:00:00.017000+00:00
xyz:MSTR,0.0000460364,0.0010365831,2026-02-22 10:00:00.091000+00:00
xyz:MSTR,0.0000185234,0.0005963738,2026-02-22 11:00:00.056000+00:00
xyz:MSTR,0.0000159475,0.0005551594,2026-02-22 12:00:00.075000+00:00
xyz:MSTR,0.0000062500,0.0003200118,2026-02-22 13:00:00.038000+00:00
xyz:MSTR,-0.0000704940,-0.0014279045,2026-02-22 14:00:00.048000+00:00
xyz:MSTR,-0.0002299963,-0.0039799405,2026-02-22 15:00:00.114000+00:00
xyz:MSTR,-0.0001507239,-0.0027115832,2026-02-22 16:00:00.015000+00:00
xyz:MSTR,-0.0000629442,-0.0013071076,2026-02-22 17:00:00.036000+00:00
xyz:MSTR,-0.0002009049,-0.0035144782,2026-02-22 18:00:00.075000+00:00
xyz:MSTR,-0.0001361549,-0.0024784780,2026-02-22 19:00:00.006000+00:00
xyz:MSTR,-0.0001452431,-0.0026238895,2026-02-22 20:00:00.029000+00:00
xyz:MSTR,-0.0001172850,-0.0021765598,2026-02-22 21:00:00+00:00
xyz:MSTR,-0.0000829321,-0.0016269133,2026-02-22 22:00:00.023000+00:00
xyz:MSTR,-0.0000324078,-0.0008185251,2026-02-22 23:00:00.093000+00:00
xyz:MSTR,-0.0001347715,-0.0024563440,2026-02-23 00:00:00.016000+00:00
xyz:MSTR,-0.0002630309,-0.0045084940,2026-02-23 01:00:00.004000+00:00
xyz:MSTR,-0.0000437523,-0.0010000361,2026-02-23 02:00:00.025000+00:00
xyz:MSTR,-0.0000273781,-0.0007380495,2026-02-23 03:00:00.025000+00:00
xyz:MSTR,-0.0000239888,-0.0006838211,2026-02-23 04:00:00.028000+00:00
xyz:MSTR,-0.0000287476,-0.0007599612,2026-02-23 05:00:00.010000+00:00
xyz:MSTR,-0.0000085851,-0.0004373617,2026-02-23 06:00:00.078000+00:00
xyz:MSTR,-0.0000206654,-0.0006306459,2026-02-23 07:00:00.058000+00:00
xyz:MSTR,-0.0000027277,-0.0003436431,2026-02-23 08:00:00.004000+00:00
xyz:MSTR,-0.0000181568,-0.0005905092,2026-02-23 09:00:00.103000+00:00
xyz:MSTR,-0.0000271450,-0.0007343207,2026-02-23 10:00:00.012000+00:00
xyz:MSTR,0.0000215806,0.0006452901,2026-02-23 11:00:00.010000+00:00
xyz:MSTR,0.0000137514,0.0005200223,2026-02-23 12:00:00.004000+00:00
xyz:MSTR,0.0000064866,0.0004037862,2026-02-23 13:00:00.080000+00:00
xyz:MSTR,0.0000062500,0.0001662481,2026-02-23 14:00:00.028000+00:00
xyz:MSTR,0.0000062500,-0.0001758524,2026-02-23 15:00:00.059000+00:00
xyz:MSTR,0.0000062500,-0.0001185457,2026-02-23 16:00:00.045000+00:00
xyz:MSTR,0.0000062500,-0.0000845816,2026-02-23 17:00:00.042000+00:00
xyz:MSTR,0.0000062500,-0.0001978056,2026-02-23 18:00:00.076000+00:00
xyz:MSTR,0.0000041632,-0.0002333888,2026-02-23 19:00:00.053000+00:00
xyz:MSTR,-0.0000073332,-0.0004173307,2026-02-23 20:00:00.017000+00:00
xyz:MSTR,-0.0000095970,-0.0004535523,2026-02-23 21:00:00.054000+00:00
xyz:MSTR,0.0000062500,0.0000260541,2026-02-23 22:00:00.029000+00:00
xyz:MSTR,0.0000062500,0.0001102013,2026-02-23 23:00:00.037000+00:00
xyz:MSTR,0.0000062500,0.0000901603,2026-02-24 00:00:00.048000+00:00
xyz:MSTR,0.0000062500,-0.0000649677,2026-02-24 01:00:00.134000+00:00
xyz:MSTR,-0.0000004087,-0.0003065391,2026-02-24 02:00:00.050000+00:00
xyz:MSTR,-0.0000051212,-0.0003819387,2026-02-24 03:00:00.046000+00:00
xyz:MSTR,-0.0000046160,-0.0003738566,2026-02-24 04:00:00.015000+00:00
xyz:MSTR,-0.0000290005,-0.0007640083,2026-02-24 05:00:00.026000+00:00
xyz:MSTR,-0.0000378383,-0.0009054131,2026-02-24 06:00:00.085000+00:00
xyz:MSTR,-0.0000231417,-0.0006702664,2026-02-24 07:00:00.076000+00:00
xyz:MSTR,-0.0000048606,-0.0003777700,2026-02-24 08:00:00.022000+00:00
xyz:MSTR,-0.0000390252,-0.0009244025,2026-02-24 09:00:00.048000+00:00
xyz:MSTR,-0.0000166516,-0.0005664255,2026-02-24 10:00:00.044000+00:00
xyz:MSTR,-0.0000363395,-0.0008814315,2026-02-24 11:00:00.020000+00:00
xyz:MSTR,-0.0000059321,-0.0003949129,2026-02-24 12:00:00.025000+00:00
xyz:MSTR,-0.0000105035,-0.0004680560,2026-02-24 13:00:00.047000+00:00
xyz:MSTR,0.0000036354,-0.0002418339,2026-02-24 14:00:00.060000+00:00
xyz:MSTR,0.0000062500,-0.0001951436,2026-02-24 15:00:00.057000+00:00
xyz:MSTR,0.0000062500,0.0002302539,2026-02-24 16:00:00.005000+00:00
xyz:MSTR,0.0000074147,0.0004186356,2026-02-24 17:00:00.049000+00:00
xyz:MSTR,0.0000101448,0.0004623164,2026-02-24 18:00:00.022000+00:00
xyz:MSTR,0.0000062500,0.0002814289,2026-02-24 19:00:00.066000+00:00
xyz:MSTR,0.0000062500,0.0001819998,2026-02-24 20:00:00.026000+00:00
xyz:MSTR,0.0000072327,0.0004157233,2026-02-24 21:00:00.002000+00:00
xyz:MSTR,0.0000176327,0.0005821229,2026-02-24 22:00:00.030000+00:00
xyz:MSTR,0.0000339805,0.0008436874,2026-02-24 23:00:00.078000+00:00
xyz:MSTR,0.0000062500,-0.0000508880,2026-02-25 00:00:00.014000+00:00
xyz:MSTR,0.0000062500,-0.0001530252,2026-02-25 01:00:00.032000+00:00
xyz:MSTR,0.0000062500,0.0000706482,2026-02-25 02:00:00.039000+00:00
xyz:MSTR,0.0000051621,-0.0002174068,2026-02-25 03:00:00.030000+00:00
xyz:MSTR,-0.0000231057,-0.0006696912,2026-02-25 04:00:00.056000+00:00
xyz:MSTR,-0.0000163729,-0.0005619663,2026-02-25 05:00:00.028000+00:00
xyz:MSTR,-0.0000003232,-0.0003051718,2026-02-25 06:00:00.061000+00:00
xyz:MSTR,-0.0000179604,-0.0005873672,2026-02-25 07:00:00+00:00
xyz:MSTR,0.0000005025,-0.0002919592,2026-02-25 08:00:00.037000+00:00
xyz:MSTR,0.0000000822,-0.0002986852,2026-02-25 09:00:00.060000+00:00
xyz:MSTR,0.0000062500,0.0000234984,2026-02-25 10:00:00.029000+00:00
xyz:MSTR,0.0000062500,-0.0000230035,2026-02-25 11:00:00.055000+00:00
xyz:MSTR,0.0000062500,-0.0000238622,2026-02-25 12:00:00.008000+00:00
xyz:MSTR,0.0000062500,0.0001612700,2026-02-25 13:00:00.008000+00:00
xyz:MSTR,0.0000171518,0.0005744292,2026-02-25 14:00:00.023000+00:00
xyz:MSTR,0.0000071534,0.0004144546,2026-02-25 15:00:00.051000+00:00
xyz:MSTR,0.0000062500,0.0003925965,2026-02-25 16:00:00.012000+00:00
xyz:MSTR,0.0000136534,0.0005184552,2026-02-25 17:00:00.075000+00:00
xyz:MSTR,0.0000062500,0.0003327756,2026-02-25 18:00:00.088000+00:00
xyz:MSTR,0.0000062500,0.0003440630,2026-02-25 19:00:00.128000+00:00
xyz:MSTR,0.0000062500,0.0001523835,2026-02-25 20:00:00.055000+00:00
xyz:MSTR,0.0000062500,0.0003334216,2026-02-25 21:00:00.015000+00:00
xyz:MSTR,0.0000062500,0.0003533288,2026-02-25 22:00:00+00:00
xyz:MSTR,0.0000062500,0.0001014433,2026-02-25 23:00:00.045000+00:00
xyz:MSTR,0.0000007498,-0.0002880039,2026-02-26 00:00:00.036000+00:00
xyz:MSTR,0.0000062500,0.0002758702,2026-02-26 01:00:00.091000+00:00
xyz:MSTR,0.0000062500,0.0002806773,2026-02-26 02:00:00.018000+00:00
xyz:MSTR,0.0000062500,0.0002244622,2026-02-26 03:00:00.060000+00:00
xyz:MSTR,0.0000062500,0.0002737515,2026-02-26 04:00:00.013000+00:00
xyz:MSTR,0.0000062500,0.0001036889,2026-02-26 05:00:00.058000+00:00
xyz:MSTR,0.0000191024,0.0006056381,2026-02-26 06:00:00.099000+00:00
xyz:MSTR,0.0000243258,0.0006892134,2026-02-26 07:00:00.021000+00:00
xyz:MSTR,0.0000234528,0.0006752440,2026-02-26 08:00:00.072000+00:00
xyz:MSTR,0.0000125935,0.0005014953,2026-02-26 09:00:00.076000+00:00
xyz:MSTR,0.0000226618,0.0006625889,2026-02-26 10:00:00.108000+00:00
xyz:MSTR,0.0000144592,0.0005313473,2026-02-26 11:00:00.073000+00:00
xyz:MSTR,0.0000104110,0.0004665765,2026-02-26 12:00:00.041000+00:00
xyz:MSTR,0.0000062500,0.0001025913,2026-02-26 13:00:00.051000+00:00
xyz:MSTR,0.0000062500,0.0001486671,2026-02-26 14:00:00.019000+00:00
xyz:MSTR,0.0000062500,0.0000320325,2026-02-26 15:00:00.033000+00:00
xyz:MSTR,0.0000062500,0.0000054699,2026-02-26 16:00:00.028000+00:00
xyz:MSTR,0.0000062500,0.0002123468,2026-02-26 17:00:00.027000+00:00
xyz:MSTR,0.0000062500,0.0001523634,2026-02-26 18:00:00.023000+00:00
xyz:MSTR,0.0000082742,0.0004323868,2026-02-26 19:00:00.009000+00:00
xyz:MSTR,0.0000062500,0.0003101206,2026-02-26 20:00:00.035000+00:00
xyz:MSTR,0.0000062500,0.0002421487,2026-02-26 21:00:00.019000+00:00
xyz:MSTR,0.0000082091,0.0004313456,2026-02-26 22:00:00.019000+00:00
xyz:MSTR,0.0000163125,0.0005610007,2026-02-26 23:00:00.054000+00:00
xyz:MSTR,0.0000062500,0.0001798642,2026-02-27 00:00:00.001000+00:00
xyz:MSTR,0.0000062500,0.0001635545,2026-02-27 01:00:00.078000+00:00
xyz:MSTR,0.0000173277,0.0005772426,2026-02-27 02:00:00.016000+00:00
xyz:MSTR,0.0000224890,0.0006598234,2026-02-27 03:00:00.116000+00:00
xyz:MSTR,0.0000062500,0.0002900982,2026-02-27 04:00:00.057000+00:00
xyz:MSTR,0.0000001591,-0.0002974545,2026-02-27 05:00:00.058000+00:00
xyz:MSTR,0.0000062500,0.0000203432,2026-02-27 06:00:00.053000+00:00
xyz:MSTR,0.0000062500,0.0001556907,2026-02-27 07:00:00.067000+00:00
xyz:MSTR,0.0000062500,0.0000277556,2026-02-27 08:00:00.017000+00:00
xyz:MSTR,0.0000199708,0.0006195329,2026-02-27 09:00:00.026000+00:00
xyz:MSTR,0.0000062500,-0.0000004510,2026-02-27 10:00:00.074000+00:00
xyz:MSTR,0.0000062500,0.0000842878,2026-02-27 11:00:00.078000+00:00
xyz:MSTR,0.0000062500,0.0002092580,2026-02-27 12:00:00.028000+00:00
xyz:MSTR,0.0000062500,0.0002346261,2026-02-27 13:00:00.020000+00:00
xyz:MSTR,0.0000102802,0.0004644831,2026-02-27 14:00:00.036000+00:00
xyz:MSTR,0.0000062500,0.0003195394,2026-02-27 15:00:00.054000+00:00
xyz:MSTR,0.0000062500,0.0002500612,2026-02-27 16:00:00.132000+00:00
xyz:MSTR,0.0000062500,0.0002468617,2026-02-27 17:00:00.041000+00:00
xyz:MSTR,0.0000062500,0.0003123374,2026-02-27 18:00:00.037000+00:00
xyz:MSTR,0.0000062500,0.0000849972,2026-02-27 19:00:00.012000+00:00
xyz:MSTR,0.0000062500,-0.0001406557,2026-02-27 20:00:00.028000+00:00
xyz:MSTR,0.0000062500,-0.0000830955,2026-02-27 21:00:00.037000+00:00
xyz:MSTR,0.0000062500,-0.0000636444,2026-02-27 22:00:00.023000+00:00
xyz:MSTR,0.0000062500,-0.0000961038,2026-02-27 23:00:00.014000+00:00
xyz:MSTR,0.0000062500,0.0002308563,2026-02-28 00:00:00.086000+00:00
xyz:MSTR,0.0000062500,0.0003712343,2026-02-28 01:00:00.090000+00:00
xyz:MSTR,-0.0000113854,-0.0004821665,2026-02-28 02:00:00.058000+00:00
xyz:MSTR,0.0000062500,-0.0000403960,2026-02-28 03:00:00.012000+00:00
xyz:MSTR,0.0000009711,-0.0002844627,2026-02-28 04:00:00.088000+00:00
xyz:MSTR,-0.0001208617,-0.0022337873,2026-02-28 05:00:00.063000+00:00
xyz:MSTR,-0.0001114404,-0.0020830472,2026-02-28 06:00:00.065000+00:00
xyz:MSTR,-0.0008544533,-0.0139712534,2026-02-28 07:00:00.026000+00:00
xyz:MSTR,-0.0004658228,-0.0077531647,2026-02-28 08:00:00.028000+00:00
xyz:MSTR,-0.0002933958,-0.0049943323,2026-02-28 09:00:00.012000+00:00
xyz:MSTR,-0.0001413580,-0.0025617273,2026-02-28 10:00:00.008000+00:00
xyz:MSTR,-0.0000703270,-0.0014252327,2026-02-28 11:00:00.008000+00:00
xyz:MSTR,0.0000281052,0.0007496825,2026-02-28 12:00:00.032000+00:00
xyz:MSTR,0.0000062500,0.0000680221,2026-02-28 13:00:00.035000+00:00
xyz:MSTR,0.0001880124,0.0033081988,2026-02-28 14:00:00.033000+00:00
xyz:MSTR,0.0003248422,0.0054974758,2026-02-28 15:00:00.021000+00:00
xyz:MSTR,0.0002363763,0.0040820209,2026-02-28 16:00:00.041000+00:00
xyz:MSTR,0.0001012639,0.0019202217,2026-02-28 17:00:00.025000+00:00
xyz:MSTR,0.0002262403,0.0039198445,2026-02-28 18:00:00.015000+00:00
xyz:MSTR,0.0003139264,0.0053228231,2026-02-28 19:00:00.074000+00:00
xyz:MSTR,0.0004774806,0.0079396892,2026-02-28 20:00:00.039000+00:00
xyz:MSTR,0.0006431244,0.0105899900,2026-02-28 21:00:00.041000+00:00
xyz:MSTR,0.0002875699,0.0049011181,2026-02-28 22:00:00.035000+00:00
xyz:MSTR,0.0002678329,0.0045853264,2026-02-28 23:00:00.066000+00:00
xyz:MSTR,0.0000824981,0.0016199691,2026-03-01 00:00:00.168000+00:00
xyz:MSTR,-0.0000179374,-0.0005869988,2026-03-01 01:00:00.024000+00:00
xyz:MSTR,-0.0000754213,-0.0015067406,2026-03-01 02:00:00.052000+00:00
xyz:MSTR,0.0005169924,0.0085718783,2026-03-01 03:00:00.074000+00:00
xyz:MSTR,0.0001039824,0.0019637186,2026-03-01 04:00:00.034000+00:00
xyz:MSTR,0.0000062500,-0.0000244198,2026-03-01 05:00:00.052000+00:00
xyz:MSTR,0.0000268539,0.0007296631,2026-03-01 06:00:00.071000+00:00
xyz:MSTR,-0.0001663417,-0.0029614677,2026-03-01 07:00:00.018000+00:00
xyz:MSTR,-0.0000894822,-0.0017317149,2026-03-01 08:00:00.093000+00:00
xyz:MSTR,-0.0000828803,-0.0016260840,2026-03-01 09:00:00.017000+00:00
xyz:MSTR,-0.0003110183,-0.0052762930,2026-03-01 10:00:00.018000+00:00
xyz:MSTR,-0.0000845014,-0.0016520232,2026-03-01 11:00:00.017000+00:00
xyz:MSTR,-0.0000107986,-0.0004727771,2026-03-01 12:00:00.039000+00:00
xyz:MSTR,-0.0000887788,-0.0017204605,2026-03-01 13:00:00.054000+00:00
xyz:MSTR,-0.0000092971,-0.0004487534,2026-03-01 14:00:00.029000+00:00
xyz:MSTR,0.0004136410,0.0069182564,2026-03-01 15:00:00.027000+00:00
xyz:MSTR,0.0002638914,0.0045222617,2026-03-01 16:00:00.018000+00:00
xyz:MSTR,0.0000054845,-0.0002122482,2026-03-01 17:00:00.120000+00:00
xyz:MSTR,-0.0003995302,-0.0066924827,2026-03-01 18:00:00.070000+00:00
xyz:MSTR,-0.0000834015,-0.0016344240,2026-03-01 19:00:00.062000+00:00
xyz:MSTR,-0.0002301463,-0.0039823402,2026-03-01 20:00:00.026000+00:00
xyz:MSTR,-0.0005978864,-0.0098661831,2026-03-01 21:00:00.065000+00:00
xyz:MSTR,-0.0002414357,-0.0041629709,2026-03-01 22:00:00.085000+00:00
xyz:MSTR,-0.0000985146,-0.0018762336,2026-03-01 23:00:00.005000+00:00
xyz:MSTR,0.0000892690,0.0017283032,2026-03-02 00:00:00.044000+00:00
xyz:MSTR,0.0003778205,0.0063451276,2026-03-02 01:00:00.048000+00:00
xyz:MSTR,0.0000522501,0.0011360012,2026-03-02 02:00:00.044000+00:00
xyz:MSTR,0.0000399771,0.0009396334,2026-03-02 03:00:00.063000+00:00
xyz:MSTR,0.0000376334,0.0009021342,2026-03-02 04:00:00.048000+00:00
xyz:MSTR,0.0000158116,0.0005529863,2026-03-02 05:00:00.071000+00:00
xyz:MSTR,0.0000275018,0.0007400283,2026-03-02 06:00:00.062000+00:00
xyz:MSTR,0.0000356014,0.0008696219,2026-03-02 07:00:00.054000+00:00
xyz:MSTR,0.0000271472,0.0007343559,2026-03-02 08:00:00.003000+00:00
xyz:MSTR,0.0000260712,0.0007171387,2026-03-02 09:00:00.091000+00:00
xyz:MSTR,0.0000175328,0.0005805256,2026-03-02 10:00:00.007000+00:00
xyz:MSTR,0.0000062500,0.0003862054,2026-03-02 11:00:00.019000+00:00
xyz:MSTR,0.0000114435,0.0004830965,2026-03-02 12:00:00.016000+00:00
xyz:MSTR,0.0000177144,0.0005834298,2026-03-02 13:00:00.034000+00:00
xyz:MSTR,0.0000252628,0.0007042041,2026-03-02 14:00:00.035000+00:00
xyz:MSTR,0.0000309369,0.0007949910,2026-03-02 15:00:00.070000+00:00
xyz:MSTR,0.0000062500,0.0002618927,2026-03-02 16:00:00.053000+00:00
xyz:MSTR,0.0000062500,0.0000381000,2026-03-02 17:00:00.086000+00:00
xyz:MSTR,0.0000062500,-0.0000776757,2026-03-02 18:00:00.025000+00:00
xyz:MSTR,0.0000046901,-0.0002249589,2026-03-02 19:00:00.044000+00:00
xyz:MSTR,-0.0000021812,-0.0003348990,2026-03-02 20:00:00.120000+00:00
xyz:MSTR,0.0000062500,-0.0001825908,2026-03-02 21:00:00.038000+00:00
xyz:MSTR,0.0000062500,0.0000035573,2026-03-02 22:00:00.033000+00:00
xyz:MSTR,0.0000062500,-0.0001371135,2026-03-02 23:00:00.068000+00:00
xyz:MSTR,0.0000062500,-0.0001950645,2026-03-03 00:00:00.062000+00:00
xyz:MSTR,0.0000062500,-0.0000853036,2026-03-03 01:00:00.052000+00:00
xyz:MSTR,0.0000062500,0.0000875861,2026-03-03 02:00:00.011000+00:00
xyz:MSTR,0.0000063022,0.0004008358,2026-03-03 03:00:00.058000+00:00
xyz:MSTR,0.0000269306,0.0007308888,2026-03-03 04:00:00.010000+00:00
xyz:MSTR,0.0000203039,0.0006248631,2026-03-03 05:00:00.074000+00:00
xyz:MSTR,0.0000062500,0.0001154868,2026-03-03 06:00:00.050000+00:00
xyz:MSTR,0.0000062500,0.0001177194,2026-03-03 07:00:00.069000+00:00
xyz:MSTR,0.0000062500,-0.0000065551,2026-03-03 08:00:00.009000+00:00
xyz:MSTR,0.0000062500,-0.0000609005,2026-03-03 09:00:00.114000+00:00
xyz:MSTR,-0.0000057943,-0.0003927091,2026-03-03 10:00:00.046000+00:00
xyz:MSTR,0.0000062500,0.0000981640,2026-03-03 11:00:00.006000+00:00
xyz:MSTR,0.0000062500,0.0001348732,2026-03-03 12:00:00.013000+00:00
xyz:MSTR,0.0000062500,0.0003390638,2026-03-03 13:00:00.012000+00:00
xyz:MSTR,0.0000298452,0.0007775239,2026-03-03 14:00:00.039000+00:00
xyz:MSTR,0.0000294963,0.0007719409,2026-03-03 15:00:00.007000+00:00
xyz:MSTR,0.0000185790,0.0005972633,2026-03-03 16:00:00.004000+00:00
xyz:MSTR,0.0000062500,0.0002455404,2026-03-03 17:00:00.041000+00:00
xyz:MSTR,0.0000062500,0.0002019034,2026-03-03 18:00:00.015000+00:00
xyz:MSTR,0.0000062500,0.0001955167,2026-03-03 19:00:00.049000+00:00
xyz:MSTR,0.0000062500,0.0001424282,2026-03-03 20:00:00.007000+00:00
xyz:MSTR,0.0000062500,0.0002966674,2026-03-03 21:00:00.014000+00:00
xyz:MSTR,0.0000080682,0.0004290913,2026-03-03 22:00:00.070000+00:00
xyz:MSTR,0.0000303534,0.0007856544,2026-03-03 23:00:00.016000+00:00
xyz:MSTR,0.0000200266,0.0006204258,2026-03-04 00:00:00.034000+00:00
xyz:MSTR,0.0000125370,0.0005005928,2026-03-04 01:00:00.049000+00:00
xyz:MSTR,0.0000121213,0.0004939408,2026-03-04 02:00:00.060000+00:00
xyz:MSTR,0.0000062500,0.0002520953,2026-03-04 03:00:00.052000+00:00
xyz:MSTR,0.0000062500,0.0001040986,2026-03-04 04:00:00.001000+00:00
xyz:MSTR,0.0000106196,0.0004699128,2026-03-04 05:00:00.064000+00:00
xyz:MSTR,0.0000245422,0.0006926755,2026-03-04 06:00:00.079000+00:00
xyz:MSTR,0.0000062500,0.0000169589,2026-03-04 07:00:00.095000+00:00
xyz:MSTR,0.0000062500,0.0000153453,2026-03-04 08:00:00.047000+00:00
xyz:MSTR,0.0000062500,0.0003962701,2026-03-04 09:00:00.010000+00:00
xyz:MSTR,0.0000062500,0.0002107274,2026-03-04 10:00:00.069000+00:00
xyz:MSTR,0.0000062500,-0.0000522335,2026-03-04 11:00:00.024000+00:00
xyz:MSTR,0.0000062500,0.0000568276,2026-03-04 12:00:00.133000+00:00
xyz:MSTR,0.0000062500,0.0003762878,2026-03-04 13:00:00.019000+00:00
xyz:MSTR,0.0000354310,0.0008668965,2026-03-04 14:00:00.036000+00:00
xyz:MSTR,0.0000107279,0.0004716462,2026-03-04 15:00:00.023000+00:00
xyz:MSTR,0.0000062500,0.0001940709,2026-03-04 16:00:00.011000+00:00
xyz:MSTR,0.0000062500,-0.0000769995,2026-03-04 17:00:00.095000+00:00
xyz:MSTR,0.0000062500,-0.0000315897,2026-03-04 18:00:00.092000+00:00
xyz:MSTR,0.0000062500,-0.0001419633,2026-03-04 19:00:00.093000+00:00
xyz:MSTR,0.0000062500,-0.0000983529,2026-03-04 20:00:00.047000+00:00
xyz:MSTR,0.0000037499,-0.0002400023,2026-03-04 21:00:00.048000+00:00
xyz:MSTR,0.0000062500,0.0000098737,2026-03-04 22:00:00.024000+00:00
xyz:MSTR,-0.0000093002,-0.0004488039,2026-03-04 23:00:00.045000+00:00
xyz:MSTR,-0.0000111315,-0.0004781035,2026-03-05 00:00:00.022000+00:00
xyz:MSTR,-0.0000147808,-0.0005364921,2026-03-05 01:00:00.018000+00:00
xyz:MSTR,-0.0000265165,-0.0007242640,2026-03-05 02:00:00.139000+00:00
xyz:MSTR,-0.0000171589,-0.0005745428,2026-03-05 03:00:00.019000+00:00
xyz:MSTR,-0.0000169332,-0.0005709305,2026-03-05 04:00:00.027000+00:00
xyz:MSTR,-0.0000199747,-0.0006195958,2026-03-05 05:00:00.001000+00:00
xyz:MSTR,-0.0000354289,-0.0008668618,2026-03-05 06:00:00.037000+00:00
xyz:MSTR,0.0000062500,-0.0001631785,2026-03-05 07:00:00.091000+00:00
xyz:MSTR,-0.0000025893,-0.0003414285,2026-03-05 08:00:00.033000+00:00
xyz:MSTR,0.0000062500,-0.0001424168,2026-03-05 09:00:00.063000+00:00
xyz:MSTR,0.0000062500,0.0000710398,2026-03-05 10:00:00.091000+00:00
xyz:MSTR,0.0000062500,-0.0000440436,2026-03-05 11:00:00.017000+00:00
xyz:MSTR,-0.0000142141,-0.0005274258,2026-03-05 12:00:00.003000+00:00
xyz:MSTR,0.0000021308,-0.0002659076,2026-03-05 13:00:00.009000+00:00
xyz:MSTR,-0.0000000487,-0.0003007789,2026-03-05 14:00:00.024000+00:00
xyz:MSTR,0.0000062500,0.0000917862,2026-03-05 15:00:00.039000+00:00
xyz:MSTR,0.0000062500,0.0003742276,2026-03-05 16:00:00.034000+00:00
xyz:MSTR,0.0000074312,0.0004188995,2026-03-05 17:00:00.083000+00:00
xyz:MSTR,0.0000062500,0.0003898733,2026-03-05 18:00:00.048000+00:00
xyz:MSTR,0.0000062500,0.0003862866,2026-03-05 19:00:00.052000+00:00
xyz:MSTR,0.0000062500,0.0002501860,2026-03-05 20:00:00.073000+00:00
xyz:MSTR,0.0000062500,0.0002895285,2026-03-05 21:00:00.042000+00:00
xyz:MSTR,0.0000062500,0.0003366318,2026-03-05 22:00:00.028000+00:00
xyz:MSTR,0.0000098633,0.0004578127,2026-03-05 23:00:00.029000+00:00
xyz:MSTR,0.0000062500,0.0002908872,2026-03-06 00:00:00.030000+00:00
xyz:MSTR,0.0000154552,0.0005472824,2026-03-06 01:00:00.082000+00:00
xyz:MSTR,0.0000267954,0.0007287262,2026-03-06 02:00:00.006000+00:00
xyz:MSTR,0.0000062500,0.0003993182,2026-03-06 03:00:00.079000+00:00
xyz:MSTR,0.0000062500,0.0002593499,2026-03-06 04:00:00.026000+00:00
xyz:MSTR,0.0000062500,0.0000251973,2026-03-06 05:00:00.112000+00:00
xyz:MSTR,0.0000062500,0.0000833805,2026-03-06 06:00:00.019000+00:00
xyz:MSTR,0.0000062500,0.0000427441,2026-03-06 07:00:00.028000+00:00
xyz:MSTR,0.0000062500,0.0003682881,2026-03-06 08:00:00.021000+00:00
xyz:MSTR,0.0000463790,0.0010420637,2026-03-06 09:00:00.022000+00:00
xyz:MSTR,0.0000062500,0.0001530968,2026-03-06 10:00:00.031000+00:00
xyz:MSTR,0.0000062500,-0.0000055823,2026-03-06 11:00:00.036000+00:00
xyz:MSTR,0.0000062500,0.0000932075,2026-03-06 12:00:00.052000+00:00
xyz:MSTR,0.0000062500,0.0001427377,2026-03-06 13:00:00.052000+00:00
xyz:MSTR,0.0000062500,0.0001347161,2026-03-06 14:00:00.033000+00:00
xyz:MSTR,0.0000062500,0.0000499624,2026-03-06 15:00:00.037000+00:00
xyz:MSTR,0.0000062500,0.0002218856,2026-03-06 16:00:00.062000+00:00
xyz:MSTR,0.0000062500,0.0001812416,2026-03-06 17:00:00.089000+00:00
xyz:MSTR,0.0000104531,0.0004672491,2026-03-06 18:00:00.056000+00:00
xyz:MSTR,0.0000341994,0.0008471910,2026-03-06 19:00:00.066000+00:00
xyz:MSTR,0.0000517444,0.0011279106,2026-03-06 20:00:00.046000+00:00
xyz:MSTR,0.0000549332,0.0011789305,2026-03-06 21:00:00.021000+00:00
xyz:MSTR,0.0000579052,0.0012264830,2026-03-06 22:00:00.046000+00:00
xyz:MSTR,0.0000586469,0.0012383501,2026-03-06 23:00:00.092000+00:00
xyz:MSTR,0.0000992838,0.0018885407,2026-03-07 00:00:00.061000+00:00
xyz:MSTR,0.0001120559,0.0020928947,2026-03-07 01:00:00.027000+00:00
xyz:MSTR,0.0000492002,0.0010872038,2026-03-07 02:00:00.050000+00:00
xyz:MSTR,-0.0000386063,-0.0009177010,2026-03-07 03:00:00.045000+00:00
xyz:MSTR,0.0000062500,0.0002296227,2026-03-07 04:00:00.014000+00:00
xyz:MSTR,-0.0001369616,-0.0024913858,2026-03-07 05:00:00.052000+00:00
xyz:MSTR,-0.0000772199,-0.0015355180,2026-03-07 06:00:00.070000+00:00
xyz:MSTR,-0.0000986460,-0.0018783364,2026-03-07 07:00:00.068000+00:00
xyz:MSTR,-0.0002155823,-0.0037493165,2026-03-07 08:00:00.015000+00:00
xyz:MSTR,0.0000130566,0.0005089055,2026-03-07 09:00:00.005000+00:00
xyz:MSTR,0.0000200145,0.0006202328,2026-03-07 10:00:00.014000+00:00
xyz:MSTR,0.0000075572,0.0004209151,2026-03-07 11:00:00.002000+00:00
xyz:MSTR,0.0000577273,0.0012236365,2026-03-07 12:00:00.031000+00:00
xyz:MSTR,0.0000062500,0.0003429970,2026-03-07 13:00:00.033000+00:00
xyz:MSTR,0.0000062500,0.0000044656,2026-03-07 14:00:00.084000+00:00
xyz:MSTR,-0.0000590540,-0.0012448634,2026-03-07 15:00:00.012000+00:00
xyz:MSTR,-0.0000709131,-0.0014346089,2026-03-07 16:00:00.014000+00:00
xyz:MSTR,-0.0000584640,-0.0012354233,2026-03-07 17:00:00.077000+00:00
xyz:MSTR,-0.0000302210,-0.0007835359,2026-03-07 18:00:00.110000+00:00
xyz:MSTR,-0.0001455437,-0.0026286996,2026-03-07 19:00:00.003000+00:00
xyz:MSTR,-0.0002232531,-0.0038720491,2026-03-07 20:00:00.010000+00:00
xyz:MSTR,-0.0000651231,-0.0013419694,2026-03-07 21:00:00.135000+00:00
xyz:MSTR,-0.0000086095,-0.0004377514,2026-03-07 22:00:00.082000+00:00
xyz:MSTR,-0.0000843769,-0.0016500297,2026-03-07 23:00:00.068000+00:00
xyz:MSTR,-0.0000525526,-0.0011408408,2026-03-08 00:00:00.002000+00:00
xyz:MSTR,-0.0000884091,-0.0017145451,2026-03-08 01:00:00.030000+00:00
xyz:MSTR,-0.0000444154,-0.0010106463,2026-03-08 02:00:00.003000+00:00
xyz:MSTR,-0.0000581188,-0.0012299007,2026-03-08 03:00:00.042000+00:00
xyz:MSTR,-0.0001044749,-0.0019715990,2026-03-08 04:00:00.001000+00:00
xyz:MSTR,-0.0000380990,-0.0009095838,2026-03-08 05:00:00.024000+00:00
xyz:MSTR,-0.0000011753,-0.0003188055,2026-03-08 06:00:00.045000+00:00
xyz:MSTR,0.0000358319,0.0008733098,2026-03-08 07:00:00.036000+00:00
xyz:MSTR,0.0001277271,0.0023436333,2026-03-08 08:00:00.041000+00:00
xyz:MSTR,0.0000062500,0.0003414192,2026-03-08 09:00:00.029000+00:00
xyz:MSTR,0.0001998600,0.0034977603,2026-03-08 10:00:00.035000+00:00
xyz:MSTR,0.0002594985,0.0044519752,2026-03-08 11:00:00.036000+00:00
xyz:MSTR,-0.0000625820,-0.0013013123,2026-03-08 12:00:00.021000+00:00
xyz:MSTR,-0.0000896652,-0.0017346434,2026-03-08 13:00:00.049000+00:00
xyz:MSTR,-0.0001803733,-0.0031859734,2026-03-08 14:00:00.061000+00:00
xyz:MSTR,-0.0000696336,-0.0014141379,2026-03-08 15:00:00.088000+00:00
xyz:MSTR,-0.0000537993,-0.0011607895,2026-03-08 16:00:00.024000+00:00
xyz:MSTR,-0.0001763534,-0.0031216545,2026-03-08 17:00:00.018000+00:00
xyz:MSTR,-0.0001057162,-0.0019914591,2026-03-08 18:00:00.004000+00:00
xyz:MSTR,-0.0001498831,-0.0026981296,2026-03-08 19:00:00+00:00
xyz:MSTR,0.0001115462,0.0020847398,2026-03-08 20:00:00.074000+00:00
xyz:MSTR,0.0000804837,0.0015877395,2026-03-08 21:00:00.003000+00:00
xyz:MSTR,-0.0001569887,-0.0028118189,2026-03-08 22:00:00.038000+00:00
xyz:MSTR,-0.0006596485,-0.0108543767,2026-03-08 23:00:00.057000+00:00
xyz:MSTR,-0.0003205414,-0.0054286622,2026-03-09 00:00:00.091000+00:00
xyz:MSTR,0.0000426743,0.0009827892,2026-03-09 01:00:00.052000+00:00
xyz:MSTR,0.0000710601,0.0014369617,2026-03-09 02:00:00.016000+00:00
xyz:MSTR,0.0000753704,0.0015059265,2026-03-09 03:00:00.012000+00:00
xyz:MSTR,0.0000630520,0.0013088313,2026-03-09 04:00:00.030000+00:00
xyz:MSTR,0.0000419393,0.0009710285,2026-03-09 05:00:00.088000+00:00
xyz:MSTR,0.0000439205,0.0010027274,2026-03-09 06:00:00.070000+00:00
xyz:MSTR,0.0000673783,0.0013780536,2026-03-09 07:00:00.026000+00:00
xyz:MSTR,0.0000099826,0.0004597222,2026-03-09 08:00:00.094000+00:00
xyz:MSTR,0.0000198709,0.0006179337,2026-03-09 09:00:00.114000+00:00
xyz:MSTR,0.0000343837,0.0008501393,2026-03-09 10:00:00.108000+00:00
xyz:MSTR,0.0000260087,0.0007161389,2026-03-09 11:00:00.050000+00:00
xyz:MSTR,0.0000158313,0.0005533007,2026-03-09 12:00:00.051000+00:00
xyz:MSTR,0.0000236119,0.0006777908,2026-03-09 13:00:00.073000+00:00
xyz:MSTR,0.0000171790,0.0005748640,2026-03-09 14:00:00.061000+00:00
xyz:MSTR,0.0000125041,0.0005000655,2026-03-09 15:00:00.084000+00:00
xyz:MSTR,0.0000080645,0.0004290321,2026-03-09 16:00:00.075000+00:00
xyz:MSTR,0.0000142858,0.0005285727,2026-03-09 17:00:00.049000+00:00
xyz:MSTR,0.0000133005,0.0005128072,2026-03-09 18:00:00.036000+00:00
xyz:MSTR,0.0000062500,0.0002985685,2026-03-09 19:00:00.053000+00:00
xyz:MSTR,0.0000062500,0.0003516085,2026-03-09 20:00:00.002000+00:00
xyz:MSTR,0.0000046288,-0.0002259400,2026-03-09 21:00:00.074000+00:00
xyz:MSTR,0.0000040135,-0.0002357832,2026-03-09 22:00:00.010000+00:00
xyz:MSTR,0.0000062500,0.0000108852,2026-03-09 23:00:00.038000+00:00
xyz:MSTR,0.0000062500,0.0001527827,2026-03-10 00:00:00.042000+00:00
xyz:MSTR,-0.0000033787,-0.0003540598,2026-03-10 01:00:00.084000+00:00
xyz:MSTR,0.0000062500,-0.0001698657,2026-03-10 02:00:00.013000+00:00
xyz:MSTR,0.0000027927,-0.0002553167,2026-03-10 03:00:00.052000+00:00
xyz:MSTR,0.0000062500,-0.0000889723,2026-03-10 04:00:00.041000+00:00
xyz:MSTR,0.0000062500,0.0000960044,2026-03-10 05:00:00.054000+00:00
xyz:MSTR,0.0000062500,0.0001663950,2026-03-10 06:00:00.137000+00:00
xyz:MSTR,0.0000062500,0.0002610868,2026-03-10 07:00:00.065000+00:00
xyz:MSTR,0.0000392753,0.0009284048,2026-03-10 08:00:00.052000+00:00
xyz:MSTR,0.0000062500,0.0000290418,2026-03-10 09:00:00.017000+00:00
xyz:MSTR,-0.0000118152,-0.0004890434,2026-03-10 10:00:00.060000+00:00
xyz:MSTR,-0.0000106996,-0.0004711943,2026-03-10 11:00:00.011000+00:00
xyz:MSTR,-0.0000120291,-0.0004924661,2026-03-10 12:00:00.038000+00:00
xyz:MSTR,0.0000062500,-0.0000490927,2026-03-10 13:00:00.061000+00:00
xyz:MSTR,0.0000062500,0.0000348136,2026-03-10 14:00:00.027000+00:00
xyz:MSTR,0.0000103762,0.0004660190,2026-03-10 15:00:00.083000+00:00
xyz:MSTR,0.0000062500,0.0003852651,2026-03-10 16:00:00.045000+00:00
xyz:MSTR,0.0000062500,-0.0000869455,2026-03-10 17:00:00.004000+00:00
xyz:MSTR,0.0000022589,-0.0002638582,2026-03-10 18:00:00.018000+00:00
xyz:MSTR,-0.0000001624,-0.0003025979,2026-03-10 19:00:00.049000+00:00
xyz:MSTR,-0.0000132633,-0.0005122123,2026-03-10 20:00:00.050000+00:00
xyz:MSTR,0.0000062500,0.0002401950,2026-03-10 21:00:00.058000+00:00
xyz:MSTR,0.0000062500,0.0002920196,2026-03-10 22:00:00.068000+00:00
xyz:MSTR,0.0000062500,-0.0001839230,2026-03-10 23:00:00.061000+00:00
xyz:MSTR,0.0000062500,-0.0001648939,2026-03-11 00:00:00.088000+00:00
xyz:MSTR,-0.0000233715,-0.0006739445,2026-03-11 01:00:00.002000+00:00
xyz:MSTR,-0.0000248014,-0.0006968231,2026-03-11 02:00:00.098000+00:00
xyz:MSTR,-0.0000235862,-0.0006773797,2026-03-11 03:00:00.016000+00:00
xyz:MSTR,-0.0000220102,-0.0006521639,2026-03-11 04:00:00.038000+00:00
xyz:MSTR,0.0000017006,-0.0002727899,2026-03-11 05:00:00.075000+00:00
xyz:MSTR,-0.0000030803,-0.0003492852,2026-03-11 06:00:00.135000+00:00
xyz:MSTR,-0.0000065015,-0.0004040237,2026-03-11 07:00:00.014000+00:00
xyz:MSTR,-0.0000461702,-0.0010387224,2026-03-11 08:00:00.056000+00:00
xyz:MSTR,-0.0000339771,-0.0008436336,2026-03-11 09:00:00.082000+00:00
xyz:MSTR,-0.0000212098,-0.0006393565,2026-03-11 10:00:00.084000+00:00
xyz:MSTR,-0.0000083346,-0.0004333530,2026-03-11 11:00:00.001000+00:00
xyz:MSTR,0.0000008355,-0.0002866316,2026-03-11 12:00:00.013000+00:00
xyz:MSTR,-0.0000072206,-0.0004155297,2026-03-11 13:00:00.063000+00:00
xyz:MSTR,-0.0000081795,-0.0004308723,2026-03-11 14:00:00.004000+00:00
xyz:MSTR,0.0000049330,-0.0002210722,2026-03-11 15:00:00.051000+00:00
xyz:MSTR,0.0000062500,0.0001924368,2026-03-11 16:00:00.065000+00:00
xyz:MSTR,0.0000062500,-0.0000549717,2026-03-11 17:00:00.068000+00:00
xyz:MSTR,0.0000062500,0.0000431325,2026-03-11 18:00:00.102000+00:00
xyz:MSTR,0.0000062500,0.0002036975,2026-03-11 19:00:00.082000+00:00
xyz:MSTR,0.0000062500,-0.0000524781,2026-03-11 20:00:00.026000+00:00
xyz:MSTR,-0.0000004093,-0.0003065482,2026-03-11 21:00:00.008000+00:00
xyz:MSTR,-0.0000003966,-0.0003063453,2026-03-11 22:00:00.035000+00:00
xyz:MSTR,0.0000062500,0.0000004068,2026-03-11 23:00:00.069000+00:00
xyz:MSTR,0.0000062500,0.0002984707,2026-03-12 00:00:00.084000+00:00
xyz:MSTR,0.0000062500,-0.0001447030,2026-03-12 01:00:00.006000+00:00
xyz:MSTR,0.0000012198,-0.0002804833,2026-03-12 02:00:00.080000+00:00
xyz:MSTR,0.0000062500,-0.0000542992,2026-03-12 03:00:00.036000+00:00
xyz:MSTR,0.0000062500,-0.0000785895,2026-03-12 04:00:00.065000+00:00
xyz:MSTR,-0.0000054145,-0.0003866317,2026-03-12 05:00:00.094000+00:00
xyz:MSTR,0.0000062500,0.0000423801,2026-03-12 06:00:00.108000+00:00
xyz:MSTR,0.0000062500,-0.0000571010,2026-03-12 07:00:00.046000+00:00
xyz:MSTR,0.0000062500,-0.0000597550,2026-03-12 08:00:00.068000+00:00
xyz:MSTR,0.0000062500,0.0002899448,2026-03-12 09:00:00.063000+00:00
xyz:MSTR,0.0000079476,0.0004271619,2026-03-12 10:00:00.013000+00:00
xyz:MSTR,-0.0000037384,-0.0003598151,2026-03-12 11:00:00.017000+00:00
xyz:MSTR,-0.0000162875,-0.0005606005,2026-03-12 12:00:00.106000+00:00
xyz:MSTR,-0.0000202435,-0.0006238957,2026-03-12 13:00:00.062000+00:00
xyz:MSTR,-0.0000323364,-0.0008173831,2026-03-12 14:00:00.110000+00:00
xyz:MSTR,0.0000036340,-0.0002418554,2026-03-12 15:00:00.024000+00:00
xyz:MSTR,0.0000055053,-0.0002119150,2026-03-12 16:00:00.064000+00:00
xyz:MSTR,0.0000062500,-0.0001177937,2026-03-12 17:00:00.004000+00:00
xyz:MSTR,0.0000062500,0.0000166593,2026-03-12 18:00:00.004000+00:00
xyz:MSTR,0.0000062500,0.0000009386,2026-03-12 19:00:00.025000+00:00
xyz:MSTR,0.0000062500,-0.0000481369,2026-03-12 20:00:00.165000+00:00
xyz:MSTR,0.0000062500,-0.0001883334,2026-03-12 21:00:00.073000+00:00
xyz:MSTR,-0.0000088931,-0.0004422902,2026-03-12 22:00:00.071000+00:00
xyz:MSTR,0.0000062500,-0.0001027075,2026-03-12 23:00:00.070000+00:00
xyz:MSTR,-0.0000011506,-0.0003184100,2026-03-13 00:00:00.061000+00:00
xyz:MSTR,-0.0000115950,-0.0004855202,2026-03-13 01:00:00.032000+00:00
xyz:MSTR,0.0000062500,0.0001623948,2026-03-13 02:00:00.025000+00:00
xyz:MSTR,0.0000062500,0.0002863498,2026-03-13 03:00:00.021000+00:00
xyz:MSTR,0.0000062500,0.0003295564,2026-03-13 04:00:00.099000+00:00
xyz:MSTR,0.0000062500,0.0003077060,2026-03-13 05:00:00.089000+00:00
xyz:MSTR,0.0000245711,0.0006931368,2026-03-13 06:00:00.064000+00:00
xyz:MSTR,0.0000291663,0.0007666610,2026-03-13 07:00:00.082000+00:00
xyz:MSTR,0.0000446893,0.0010150290,2026-03-13 08:00:00.016000+00:00
xyz:MSTR,0.0000198649,0.0006178380,2026-03-13 09:00:00.045000+00:00
xyz:MSTR,0.0000062500,0.0003054279,2026-03-13 10:00:00.034000+00:00
xyz:MSTR,0.0000062500,0.0001175709,2026-03-13 11:00:00.010000+00:00
xyz:MSTR,0.0000062500,0.0001060304,2026-03-13 12:00:00.009000+00:00
xyz:MSTR,0.0000062500,-0.0000005644,2026-03-13 13:00:00.059000+00:00
xyz:MSTR,0.0000062500,0.0001371591,2026-03-13 14:00:00.032000+00:00
xyz:MSTR,0.0000062500,0.0000326264,2026-03-13 15:00:00.021000+00:00
xyz:MSTR,0.0000062500,0.0000195401,2026-03-13 16:00:00.051000+00:00
xyz:MSTR,0.0000062500,0.0000479328,2026-03-13 17:00:00.044000+00:00
xyz:MSTR,0.0000062500,0.0000111245,2026-03-13 18:00:00.052000+00:00
xyz:MSTR,0.0000062500,0.0000317803,2026-03-13 19:00:00.006000+00:00
xyz:MSTR,0.0000062500,-0.0000330622,2026-03-13 20:00:00.021000+00:00
xyz:MSTR,0.0000062500,0.0001068445,2026-03-13 21:00:00.092000+00:00
xyz:MSTR,-0.0000061636,-0.0003986169,2026-03-13 22:00:00.005000+00:00
xyz:MSTR,-0.0000173971,-0.0005783540,2026-03-13 23:00:00.109000+00:00
xyz:MSTR,-0.0000099625,-0.0004593992,2026-03-14 00:00:00.044000+00:00
xyz:MSTR,-0.0000102942,-0.0004647066,2026-03-14 01:00:00.094000+00:00
xyz:MSTR,-0.0000176257,-0.0005820110,2026-03-14 02:00:00.100000+00:00
xyz:MSTR,-0.0000118265,-0.0004892244,2026-03-14 03:00:00.013000+00:00
xyz:MSTR,0.0000881010,0.0017096157,2026-03-14 04:00:00.019000+00:00
xyz:MSTR,0.0000957259,0.0018316144,2026-03-14 05:00:00.095000+00:00
xyz:MSTR,-0.0000192487,-0.0006079792,2026-03-14 06:00:00.072000+00:00
xyz:MSTR,-0.0001528274,-0.0027452384,2026-03-14 07:00:00.036000+00:00
xyz:MSTR,-0.0001117748,-0.0020883961,2026-03-14 08:00:00.041000+00:00
xyz:MSTR,-0.0001046106,-0.0019737693,2026-03-14 09:00:00.025000+00:00
xyz:MSTR,-0.0000120630,-0.0004930077,2026-03-14 10:00:00.098000+00:00
xyz:MSTR,-0.0000654421,-0.0013470729,2026-03-14 11:00:00.047000+00:00
xyz:MSTR,0.0000062500,0.0003961490,2026-03-14 12:00:00.020000+00:00
xyz:MSTR,0.0000062500,-0.0000231570,2026-03-14 13:00:00.042000+00:00
xyz:MSTR,0.0000463304,0.0010412860,2026-03-14 14:00:00.076000+00:00
xyz:MSTR,0.0000068330,0.0004093272,2026-03-14 15:00:00.009000+00:00
xyz:MSTR,-0.0000351443,-0.0008623082,2026-03-14 16:00:00.100000+00:00
xyz:MSTR,0.0000062500,-0.0000144587,2026-03-14 17:00:00.061000+00:00
xyz:MSTR,0.0000172543,0.0005760682,2026-03-14 18:00:00.018000+00:00
xyz:MSTR,0.0000062500,-0.0001457231,2026-03-14 19:00:00.048000+00:00
xyz:MSTR,0.0000072339,0.0004157416,2026-03-14 20:00:00.035000+00:00
xyz:MSTR,0.0000331267,0.0008300275,2026-03-14 21:00:00.015000+00:00
xyz:MSTR,0.0000145974,0.0005335587,2026-03-14 22:00:00.041000+00:00
xyz:MSTR,0.0000692760,0.0014084166,2026-03-14 23:00:00.044000+00:00
xyz:MSTR,0.0001646326,0.0029341214,2026-03-15 00:00:00.099000+00:00
xyz:MSTR,0.0001141301,0.0021260811,2026-03-15 01:00:00.102000+00:00
xyz:MSTR,0.0000465839,0.0010453418,2026-03-15 02:00:00.005000+00:00
xyz:MSTR,0.0002008978,0.0035143651,2026-03-15 03:00:00.130000+00:00
xyz:MSTR,0.0001298639,0.0023778230,2026-03-15 04:00:00.040000+00:00
xyz:MSTR,0.0001673231,0.0029771698,2026-03-15 05:00:00.066000+00:00
xyz:MSTR,0.0001080708,0.0020291334,2026-03-15 06:00:00.010000+00:00
xyz:MSTR,0.0000031804,-0.0002491143,2026-03-15 07:00:00.046000+00:00
xyz:MSTR,0.0000062500,0.0002331012,2026-03-15 08:00:00.003000+00:00
xyz:MSTR,0.0000738985,0.0014823763,2026-03-15 09:00:00.067000+00:00
xyz:MSTR,0.0001835828,0.0032373253,2026-03-15 10:00:00.003000+00:00
xyz:MSTR,0.0001059309,0.0019948945,2026-03-15 11:00:00.039000+00:00
xyz:MSTR,0.0000059784,-0.0002043450,2026-03-15 12:00:00.060000+00:00
xyz:MSTR,0.0000062500,-0.0001460677,2026-03-15 13:00:00.023000+00:00
xyz:MSTR,-0.0001130707,-0.0021091317,2026-03-15 14:00:00.023000+00:00
xyz:MSTR,-0.0000891455,-0.0017263278,2026-03-15 15:00:00.084000+00:00
xyz:MSTR,-0.0000753675,-0.0015058803,2026-03-15 16:00:00.034000+00:00
xyz:MSTR,-0.0000422677,-0.0009762827,2026-03-15 17:00:00.036000+00:00
xyz:MSTR,0.0000062500,0.0003074103,2026-03-15 18:00:00.003000+00:00
xyz:MSTR,0.0000818813,0.0016101015,2026-03-15 19:00:00.127000+00:00
xyz:MSTR,-0.0000679817,-0.0013877067,2026-03-15 20:00:00.024000+00:00
xyz:MSTR,0.0000131755,0.0005108083,2026-03-15 21:00:00.083000+00:00
xyz:MSTR,0.0001653548,0.0029456766,2026-03-15 22:00:00.019000+00:00
xyz:MSTR,0.0003309402,0.0055950428,2026-03-15 23:00:00.037000+00:00
xyz:MSTR,0.0003739658,0.0062834535,2026-03-16 00:00:00.090000+00:00
xyz:MSTR,0.0000062500,0.0000959487,2026-03-16 01:00:00.002000+00:00
xyz:MSTR,0.0000062500,0.0002019837,2026-03-16 02:00:00.078000+00:00
xyz:MSTR,0.0000062500,-0.0000203507,2026-03-16 03:00:00.040000+00:00
xyz:MSTR,0.0000062500,0.0002114667,2026-03-16 04:00:00.012000+00:00
xyz:MSTR,0.0000068734,0.0004099743,2026-03-16 05:00:00.021000+00:00
xyz:MSTR,0.0000126507,0.0005024109,2026-03-16 06:00:00.092000+00:00
xyz:MSTR,0.0000062500,0.0002946132,2026-03-16 07:00:00.033000+00:00
xyz:MSTR,0.0000062500,0.0002455986,2026-03-16 08:00:00.062000+00:00
xyz:MSTR,0.0000062500,0.0003171629,2026-03-16 09:00:00.035000+00:00
xyz:MSTR,0.0000062500,0.0003562114,2026-03-16 10:00:00.042000+00:00
xyz:MSTR,0.0000062500,-0.0000528284,2026-03-16 11:00:00.013000+00:00
xyz:MSTR,-0.0000025480,-0.0003407676,2026-03-16 12:00:00.013000+00:00
xyz:MSTR,0.0000062500,-0.0001052357,2026-03-16 13:00:00+00:00
xyz:MSTR,0.0000062500,0.0003369193,2026-03-16 14:00:00.099000+00:00
xyz:MSTR,0.0000062500,-0.0000318566,2026-03-16 15:00:00.013000+00:00
xyz:MSTR,0.0000062500,0.0001566053,2026-03-16 16:00:00.033000+00:00
xyz:MSTR,0.0000062500,0.0003724456,2026-03-16 17:00:00.023000+00:00
xyz:MSTR,0.0000062500,-0.0000267134,2026-03-16 18:00:00.045000+00:00
xyz:MSTR,0.0000062500,-0.0001475705,2026-03-16 19:00:00.080000+00:00
xyz:MSTR,0.0000062500,-0.0001949474,2026-03-16 20:00:00.001000+00:00
xyz:MSTR,-0.0000030309,-0.0003484948,2026-03-16 21:00:00.032000+00:00
xyz:MSTR,-0.0000154267,-0.0005468270,2026-03-16 22:00:00+00:00
xyz:MSTR,-0.0000130689,-0.0005091029,2026-03-16 23:00:00.003000+00:00
xyz:MSTR,0.0000007511,-0.0002879827,2026-03-17 00:00:00.034000+00:00
xyz:MSTR,-0.0000042048,-0.0003672769,2026-03-17 01:00:00.045000+00:00
xyz:MSTR,0.0000062500,-0.0001067973,2026-03-17 02:00:00.050000+00:00
xyz:MSTR,0.0000062500,-0.0001188908,2026-03-17 03:00:00.010000+00:00
xyz:MSTR,0.0000062500,-0.0001437735,2026-03-17 04:00:00.073000+00:00
xyz:MSTR,0.0000062500,0.0000526921,2026-03-17 05:00:00.048000+00:00
xyz:MSTR,0.0000062500,0.0003926524,2026-03-17 06:00:00.113000+00:00
xyz:MSTR,0.0000062500,-0.0000820431,2026-03-17 07:00:00.039000+00:00
xyz:MSTR,0.0000062500,0.0002275596,2026-03-17 08:00:00+00:00
xyz:MSTR,0.0000088145,0.0004410315,2026-03-17 09:00:00.002000+00:00
xyz:MSTR,0.0000062500,0.0001379109,2026-03-17 10:00:00.075000+00:00
xyz:MSTR,0.0000062500,-0.0001877191,2026-03-17 11:00:00.115000+00:00
xyz:MSTR,0.0000062500,0.0003327008,2026-03-17 12:00:00.006000+00:00
xyz:MSTR,0.0000062500,0.0002904667,2026-03-17 13:00:00.013000+00:00
xyz:MSTR,0.0000062500,0.0001645561,2026-03-17 14:00:00.047000+00:00
xyz:MSTR,0.0000062500,0.0001421847,2026-03-17 15:00:00.074000+00:00
xyz:MSTR,0.0000062500,-0.0000848850,2026-03-17 16:00:00.038000+00:00
xyz:MSTR,0.0000062500,0.0000561282,2026-03-17 17:00:00.054000+00:00
xyz:MSTR,0.0000062500,0.0000904721,2026-03-17 18:00:00.071000+00:00
xyz:MSTR,0.0000062500,0.0001761944,2026-03-17 19:00:00.018000+00:00
xyz:MSTR,0.0000062500,0.0001531547,2026-03-17 20:00:00.034000+00:00
xyz:MSTR,0.0000062500,0.0003223265,2026-03-17 21:00:00.072000+00:00
xyz:MSTR,0.0000132216,0.0005115462,2026-03-17 22:00:00.003000+00:00
xyz:MSTR,0.0000094158,0.0004506529,2026-03-17 23:00:00.011000+00:00
xyz:MSTR,0.0000114093,0.0004825480,2026-03-18 00:00:00.028000+00:00
xyz:MSTR,0.0000091897,0.0004470358,2026-03-18 01:00:00.016000+00:00
xyz:MSTR,0.0000063644,0.0004018303,2026-03-18 02:00:00.026000+00:00
xyz:MSTR,0.0000162358,0.0005597730,2026-03-18 03:00:00.060000+00:00
xyz:MSTR,0.0000199180,0.0006186881,2026-03-18 04:00:00.054000+00:00
xyz:MSTR,0.0000176564,0.0005825021,2026-03-18 05:00:00.001000+00:00
xyz:MSTR,0.0000151618,0.0005425889,2026-03-18 06:00:00.067000+00:00
xyz:MSTR,0.0000158349,0.0005533587,2026-03-18 07:00:00.033000+00:00
xyz:MSTR,0.0000062500,0.0002988268,2026-03-18 08:00:00.005000+00:00
xyz:MSTR,0.0000062500,0.0000322595,2026-03-18 09:00:00.052000+00:00
xyz:MSTR,0.0000062500,0.0002119111,2026-03-18 10:00:00.037000+00:00
xyz:MSTR,0.0000131688,0.0005107014,2026-03-18 11:00:00.025000+00:00
xyz:MSTR,0.0000062500,0.0000927915,2026-03-18 12:00:00.062000+00:00
xyz:MSTR,0.0000062500,-0.0001722558,2026-03-18 13:00:00.007000+00:00
xyz:MSTR,0.0000062500,-0.0000441595,2026-03-18 14:00:00.026000+00:00
xyz:MSTR,0.0000062500,0.0002839767,2026-03-18 15:00:00.035000+00:00
xyz:MSTR,0.0000062500,0.0000417386,2026-03-18 16:00:00.009000+00:00
xyz:MSTR,0.0000062500,0.0001494400,2026-03-18 17:00:00.066000+00:00
xyz:MSTR,0.0000062500,0.0002353687,2026-03-18 18:00:00.052000+00:00
xyz:MSTR,0.0000062500,0.0001512632,2026-03-18 19:00:00.045000+00:00
xyz:MSTR,0.0000062500,0.0001139732,2026-03-18 20:00:00.055000+00:00
xyz:MSTR,0.0000062500,0.0000019930,2026-03-18 21:00:00.050000+00:00
xyz:MSTR,0.0000062500,0.0003143887,2026-03-18 22:00:00.035000+00:00
xyz:MSTR,0.0000122430,0.0004958884,2026-03-18 23:00:00.040000+00:00
xyz:MSTR,0.0000362620,0.0008801923,2026-03-19 00:00:00.090000+00:00
xyz:MSTR,0.0000281120,0.0007497914,2026-03-19 01:00:00.009000+00:00
xyz:MSTR,0.0000252811,0.0007044972,2026-03-19 02:00:00.012000+00:00
xyz:MSTR,0.0000293389,0.0007694229,2026-03-19 03:00:00.041000+00:00
xyz:MSTR,0.0000233492,0.0006735874,2026-03-19 04:00:00.010000+00:00
xyz:MSTR,0.0000275237,0.0007403786,2026-03-19 05:00:00.090000+00:00
xyz:MSTR,0.0000062500,0.0003141497,2026-03-19 06:00:00.052000+00:00
xyz:MSTR,0.0000062500,0.0001509122,2026-03-19 07:00:00.107000+00:00
xyz:MSTR,0.0000062500,0.0002402431,2026-03-19 08:00:00.064000+00:00
xyz:MSTR,0.0000264923,0.0007238765,2026-03-19 09:00:00.026000+00:00
xyz:MSTR,0.0000205251,0.0006284016,2026-03-19 10:00:00.123000+00:00
xyz:MSTR,0.0000288590,0.0007617445,2026-03-19 11:00:00.052000+00:00
xyz:MSTR,0.0000277691,0.0007443053,2026-03-19 12:00:00.006000+00:00
xyz:MSTR,0.0000229816,0.0006677060,2026-03-19 13:00:00.045000+00:00
xyz:MSTR,0.0000111534,0.0004784550,2026-03-19 14:00:00.059000+00:00
xyz:MSTR,0.0000062500,0.0002645757,2026-03-19 15:00:00.002000+00:00
xyz:MSTR,0.0000062500,0.0002867955,2026-03-19 16:00:00.031000+00:00
xyz:MSTR,0.0000062500,0.0003093047,2026-03-19 17:00:00.011000+00:00
xyz:MSTR,0.0000062500,0.0003592789,2026-03-19 18:00:00.049000+00:00
xyz:MSTR,0.0000062500,0.0003706532,2026-03-19 19:00:00.024000+00:00
xyz:MSTR,0.0000062500,0.0003510874,2026-03-19 20:00:00.037000+00:00
xyz:MSTR,0.0000341365,0.0008461840,2026-03-19 21:00:00.022000+00:00
xyz:MSTR,0.0000603903,0.0012662453,2026-03-19 22:00:00.001000+00:00
xyz:MSTR,0.0000359073,0.0008745161,2026-03-19 23:00:00.001000+00:00
xyz:MSTR,0.0000256365,0.0007101848,2026-03-20 00:00:00.103000+00:00
xyz:MSTR,0.0000374973,0.0008999572,2026-03-20 01:00:00.073000+00:00
xyz:MSTR,0.0000240441,0.0006847053,2026-03-20 02:00:00.053000+00:00
xyz:MSTR,0.0000176825,0.0005829194,2026-03-20 03:00:00.072000+00:00
xyz:MSTR,0.0000283067,0.0007529075,2026-03-20 04:00:00.004000+00:00
xyz:MSTR,0.0000125479,0.0005007666,2026-03-20 05:00:00.107000+00:00
xyz:MSTR,0.0000114203,0.0004827245,2026-03-20 06:00:00.096000+00:00
xyz:MSTR,0.0000062500,0.0000743894,2026-03-20 07:00:00.012000+00:00
xyz:MSTR,0.0000168296,0.0005692743,2026-03-20 08:00:00.003000+00:00
xyz:MSTR,0.0000125969,0.0005015499,2026-03-20 09:00:00.021000+00:00
xyz:MSTR,0.0000071639,0.0004146225,2026-03-20 10:00:00.063000+00:00
xyz:MSTR,0.0000100007,0.0004600108,2026-03-20 11:00:00.048000+00:00
xyz:MSTR,0.0000147927,0.0005366836,2026-03-20 12:00:00.087000+00:00
xyz:MSTR,0.0000135193,0.0005163089,2026-03-20 13:00:00.148000+00:00
xyz:MSTR,0.0000086780,0.0004388488,2026-03-20 14:00:00.115000+00:00
xyz:MSTR,0.0000076673,0.0004226771,2026-03-20 15:00:00.034000+00:00
xyz:MSTR,0.0000062500,0.0003892451,2026-03-20 16:00:00.074000+00:00
xyz:MSTR,0.0000062500,0.0003579636,2026-03-20 17:00:00.075000+00:00
xyz:MSTR,0.0000132685,0.0005122953,2026-03-20 18:00:00.035000+00:00
xyz:MSTR,0.0000128138,0.0005050205,2026-03-20 19:00:00.044000+00:00
xyz:MSTR,0.0000239362,0.0006829798,2026-03-20 20:00:00.034000+00:00
xyz:MSTR,0.0000230873,0.0006693965,2026-03-20 21:00:00.007000+00:00
xyz:MSTR,0.0000063566,0.0004017048,2026-03-20 22:00:00+00:00
xyz:MSTR,0.0000299622,0.0007793946,2026-03-20 23:00:00.047000+00:00
xyz:MSTR,0.0000353496,0.0008655932,2026-03-21 00:00:00.093000+00:00
xyz:MSTR,0.0000711582,0.0014385313,2026-03-21 01:00:00.011000+00:00
xyz:MSTR,0.0000062500,0.0002053888,2026-03-21 02:00:00.032000+00:00
xyz:MSTR,0.0000062500,0.0003332549,2026-03-21 03:00:00.013000+00:00
xyz:MSTR,0.0000154853,0.0005477653,2026-03-21 04:00:00.040000+00:00
xyz:MSTR,0.0000062500,-0.0000300073,2026-03-21 05:00:00.041000+00:00
xyz:MSTR,0.0000062500,0.0000973388,2026-03-21 06:00:00.066000+00:00
xyz:MSTR,0.0000323808,0.0008180930,2026-03-21 07:00:00.010000+00:00
xyz:MSTR,0.0000062500,0.0001966596,2026-03-21 08:00:00.075000+00:00
xyz:MSTR,-0.0000268593,-0.0007297490,2026-03-21 09:00:00.064000+00:00
xyz:MSTR,0.0000062500,-0.0001767836,2026-03-21 10:00:00+00:00
xyz:MSTR,-0.0000231362,-0.0006701797,2026-03-21 11:00:00.008000+00:00
xyz:MSTR,0.0000062500,-0.0001761148,2026-03-21 12:00:00.094000+00:00
xyz:MSTR,0.0000450405,0.0010206483,2026-03-21 13:00:00.015000+00:00
xyz:MSTR,0.0000440100,0.0010041595,2026-03-21 14:00:00.045000+00:00
xyz:MSTR,0.0000722413,0.0014558610,2026-03-21 15:00:00.051000+00:00
xyz:MSTR,-0.0000729991,-0.0014679858,2026-03-21 16:00:00.039000+00:00
xyz:MSTR,-0.0001609152,-0.0028746429,2026-03-21 17:00:00.032000+00:00
xyz:MSTR,-0.0001298827,-0.0023781234,2026-03-21 18:00:00.020000+00:00
xyz:MSTR,-0.0000178814,-0.0005861026,2026-03-21 19:00:00.057000+00:00
xyz:MSTR,0.0000018256,-0.0002707911,2026-03-21 20:00:00.073000+00:00
xyz:MSTR,0.0000250733,0.0007011722,2026-03-21 21:00:00.086000+00:00
xyz:MSTR,-0.0000102237,-0.0004635790,2026-03-21 22:00:00.004000+00:00
xyz:MSTR,-0.0000457103,-0.0010313649,2026-03-21 23:00:00.026000+00:00
xyz:MSTR,-0.0001998795,-0.0034980715,2026-03-22 00:00:00.042000+00:00
xyz:MSTR,-0.0003963495,-0.0066415917,2026-03-22 01:00:00.020000+00:00
xyz:MSTR,-0.0001021289,-0.0019340631,2026-03-22 02:00:00.085000+00:00
xyz:MSTR,-0.0000031448,-0.0003503161,2026-03-22 03:00:00.085000+00:00
xyz:MSTR,0.0000115213,0.0004843408,2026-03-22 04:00:00.007000+00:00
xyz:MSTR,0.0000170220,0.0005723526,2026-03-22 05:00:00.062000+00:00
xyz:MSTR,0.0000028909,-0.0002537458,2026-03-22 06:00:00.062000+00:00
xyz:MSTR,-0.0000854791,-0.0016676659,2026-03-22 07:00:00.088000+00:00
xyz:MSTR,-0.0002060269,-0.0035964301,2026-03-22 08:00:00.050000+00:00
xyz:MSTR,-0.0002357033,-0.0040712523,2026-03-22 09:00:00.062000+00:00
xyz:MSTR,-0.0002232019,-0.0038712308,2026-03-22 10:00:00.003000+00:00
xyz:MSTR,-0.0003634478,-0.0061151656,2026-03-22 11:00:00.044000+00:00
xyz:MSTR,-0.0002701806,-0.0046228893,2026-03-22 12:00:00.049000+00:00
xyz:MSTR,0.0000062500,0.0000347199,2026-03-22 13:00:00.046000+00:00
xyz:MSTR,0.0000237240,0.0006795846,2026-03-22 14:00:00.011000+00:00
xyz:MSTR,0.0000077274,0.0004236378,2026-03-22 15:00:00.042000+00:00
xyz:MSTR,0.0000673638,0.0013778200,2026-03-22 16:00:00.021000+00:00
xyz:MSTR,-0.0000221037,-0.0006536585,2026-03-22 17:00:00.006000+00:00
xyz:MSTR,0.0000062500,-0.0000289157,2026-03-22 18:00:00.081000+00:00
xyz:MSTR,-0.0000915164,-0.0017642621,2026-03-22 19:00:00.039000+00:00
xyz:MSTR,-0.0002026281,-0.0035420502,2026-03-22 20:00:00.048000+00:00
xyz:MSTR,-0.0001385975,-0.0025175608,2026-03-22 21:00:00.082000+00:00
xyz:MSTR,-0.0004027172,-0.0067434748,2026-03-22 22:00:00.090000+00:00
xyz:MSTR,0.0001174583,0.0021793335,2026-03-22 23:00:00.049000+00:00
xyz:MSTR,0.0000144911,0.0005318582,2026-03-23 00:00:00.261000+00:00
xyz:MSTR,0.0000485358,0.0010765727,2026-03-23 01:00:00.069000+00:00
xyz:MSTR,0.0000458636,0.0010338169,2026-03-23 02:00:00.040000+00:00
xyz:MSTR,0.0000356967,0.0008711470,2026-03-23 03:00:00.111000+00:00
xyz:MSTR,0.0000254189,0.0007067022,2026-03-23 04:00:00.086000+00:00
xyz:MSTR,0.0000150663,0.0005410614,2026-03-23 05:00:00.014000+00:00
xyz:MSTR,0.0000062500,0.0001739527,2026-03-23 06:00:00.068000+00:00
xyz:MSTR,0.0000062500,0.0002155477,2026-03-23 07:00:00.043000+00:00
xyz:MSTR,0.0000062500,0.0000565870,2026-03-23 08:00:00.066000+00:00
xyz:MSTR,0.0000062500,0.0000245815,2026-03-23 09:00:00.071000+00:00
xyz:MSTR,0.0000062500,-0.0000520104,2026-03-23 10:00:00.081000+00:00
xyz:MSTR,0.0000149605,0.0005393677,2026-03-23 11:00:00.004000+00:00
xyz:MSTR,0.0000062500,0.0002019478,2026-03-23 12:00:00.045000+00:00
xyz:MSTR,0.0000062500,0.0001016029,2026-03-23 13:00:00.056000+00:00
xyz:MSTR,0.0000062500,0.0000290533,2026-03-23 14:00:00.053000+00:00
xyz:MSTR,0.0000062500,0.0002062906,2026-03-23 15:00:00.071000+00:00
xyz:MSTR,0.0000135852,0.0005173639,2026-03-23 16:00:00.048000+00:00
xyz:MSTR,0.0000062500,0.0001605669,2026-03-23 17:00:00.080000+00:00
xyz:MSTR,0.0000062500,-0.0001134111,2026-03-23 18:00:00.041000+00:00
xyz:MSTR,0.0000058484,-0.0002064254,2026-03-23 19:00:00.054000+00:00
xyz:MSTR,-0.0000014066,-0.0003225052,2026-03-23 20:00:00.019000+00:00
xyz:MSTR,-0.0000094788,-0.0004516614,2026-03-23 21:00:00.090000+00:00
xyz:MSTR,-0.0000028799,-0.0003460789,2026-03-23 22:00:00.162000+00:00
xyz:MSTR,-0.0000005945,-0.0003095120,2026-03-23 23:00:00.056000+00:00
xyz:MSTR,0.0000023023,-0.0002631640,2026-03-24 00:00:00.027000+00:00
xyz:MSTR,0.0000033181,-0.0002469110,2026-03-24 01:00:00.082000+00:00
xyz:MSTR,0.0000062500,-0.0001286547,2026-03-24 02:00:00.034000+00:00
xyz:MSTR,0.0000000725,-0.0002988395,2026-03-24 03:00:00+00:00
xyz:MSTR,0.0000062500,-0.0001954675,2026-03-24 04:00:00.016000+00:00
xyz:MSTR,0.0000062500,-0.0001941617,2026-03-24 05:00:00.079000+00:00
xyz:MSTR,-0.0000060582,-0.0003969305,2026-03-24 06:00:00.003000+00:00
xyz:MSTR,0.0000062500,-0.0001452250,2026-03-24 07:00:00.088000+00:00
xyz:MSTR,0.0000062500,-0.0001152421,2026-03-24 08:00:00.033000+00:00
xyz:MSTR,0.0000062500,-0.0000388395,2026-03-24 09:00:00.051000+00:00
xyz:MSTR,0.0000062500,-0.0000782809,2026-03-24 10:00:00.105000+00:00
xyz:MSTR,0.0000062500,-0.0000009194,2026-03-24 11:00:00.045000+00:00
xyz:MSTR,0.0000062500,-0.0000192502,2026-03-24 12:00:00.096000+00:00
xyz:MSTR,0.0000062500,-0.0000031850,2026-03-24 13:00:00.028000+00:00
xyz:MSTR,0.0000062500,-0.0000198213,2026-03-24 14:00:00.089000+00:00
xyz:MSTR,0.0000052788,-0.0002155384,2026-03-24 15:00:00.033000+00:00
xyz:MSTR,0.0000062500,-0.0001637374,2026-03-24 16:00:00.039000+00:00
xyz:MSTR,-0.0000079552,-0.0004272835,2026-03-24 17:00:00.061000+00:00
xyz:MSTR,-0.0000048551,-0.0003776818,2026-03-24 18:00:00.062000+00:00
xyz:MSTR,-0.0000100822,-0.0004613154,2026-03-24 19:00:00.040000+00:00
xyz:MSTR,0.0000004915,-0.0002921367,2026-03-24 20:00:00.058000+00:00
xyz:MSTR,0.0000060126,-0.0002037990,2026-03-24 21:00:00.159000+00:00
xyz:MSTR,0.0000062500,-0.0001702208,2026-03-24 22:00:00.052000+00:00
xyz:MSTR,0.0000062500,-0.0001107485,2026-03-24 23:00:00.069000+00:00
xyz:MSTR,0.0000062500,-0.0000662124,2026-03-25 00:00:00.048000+00:00
xyz:MSTR,0.0000062500,-0.0001371681,2026-03-25 01:00:00.110000+00:00
xyz:MSTR,-0.0000002798,-0.0003044767,2026-03-25 02:00:00.086000+00:00
xyz:MSTR,0.0000028192,-0.0002548935,2026-03-25 03:00:00.069000+00:00
xyz:MSTR,-0.0000013997,-0.0003223946,2026-03-25 04:00:00.059000+00:00
xyz:MSTR,0.0000062500,-0.0001258168,2026-03-25 05:00:00.076000+00:00
xyz:MSTR,0.0000050143,-0.0002197711,2026-03-25 06:00:00.043000+00:00
xyz:MSTR,0.0000043313,-0.0002306994,2026-03-25 07:00:00.053000+00:00
xyz:MSTR,0.0000062500,-0.0000230898,2026-03-25 08:00:00.007000+00:00
xyz:MSTR,0.0000062500,0.0000464351,2026-03-25 09:00:00.057000+00:00
xyz:MSTR,0.0000062500,0.0000190438,2026-03-25 10:00:00.090000+00:00
xyz:MSTR,-0.0000004033,-0.0003064520,2026-03-25 11:00:00.018000+00:00
xyz:MSTR,0.0000062500,-0.0000120209,2026-03-25 12:00:00.038000+00:00
xyz:MSTR,0.0000062500,0.0000470536,2026-03-25 13:00:00.032000+00:00
xyz:MSTR,0.0000062500,-0.0000152317,2026-03-25 14:00:00.041000+00:00
xyz:MSTR,-0.0000002443,-0.0003039082,2026-03-25 15:00:00.062000+00:00
xyz:MSTR,0.0000062500,-0.0001050833,2026-03-25 16:00:00.052000+00:00
xyz:MSTR,0.0000062500,0.0001374573,2026-03-25 17:00:00.022000+00:00
xyz:MSTR,0.0000062500,-0.0000236150,2026-03-25 18:00:00.075000+00:00
xyz:MSTR,0.0000062500,0.0001409359,2026-03-25 19:00:00.037000+00:00
xyz:MSTR,0.0000062500,0.0000284444,2026-03-25 20:00:00.025000+00:00
xyz:MSTR,0.0000062500,0.0001084101,2026-03-25 21:00:00.066000+00:00
xyz:MSTR,0.0000059558,-0.0002047065,2026-03-25 22:00:00.023000+00:00
xyz:MSTR,-0.0000083648,-0.0004338364,2026-03-25 23:00:00.072000+00:00
xyz:MSTR,0.0000062500,-0.0001893394,2026-03-26 00:00:00.035000+00:00
xyz:MSTR,0.0000056079,-0.0002102729,2026-03-26 01:00:00.006000+00:00
xyz:MSTR,0.0000062500,-0.0001448042,2026-03-26 02:00:00.139000+00:00
xyz:MSTR,0.0000051610,-0.0002174235,2026-03-26 03:00:00.114000+00:00
xyz:MSTR,0.0000054461,-0.0002128620,2026-03-26 04:00:00.110000+00:00
xyz:MSTR,0.0000062500,-0.0001916558,2026-03-26 05:00:00.097000+00:00
xyz:MSTR,0.0000062500,-0.0000679643,2026-03-26 06:00:00.014000+00:00
xyz:MSTR,0.0000062500,-0.0000296984,2026-03-26 07:00:00.009000+00:00
xyz:MSTR,0.0000062500,0.0000371151,2026-03-26 08:00:00.094000+00:00
xyz:MSTR,0.0000062500,-0.0000525873,2026-03-26 09:00:00.075000+00:00
xyz:MSTR,0.0000062500,0.0003067557,2026-03-26 10:00:00.001000+00:00
xyz:MSTR,0.0000062500,-0.0000777639,2026-03-26 11:00:00.072000+00:00
xyz:MSTR,0.0000062500,-0.0000457693,2026-03-26 12:00:00.020000+00:00
xyz:MSTR,0.0000022509,-0.0002639851,2026-03-26 13:00:00.078000+00:00
xyz:MSTR,0.0000062500,-0.0000997916,2026-03-26 14:00:00.066000+00:00
xyz:MSTR,0.0000062500,0.0000401476,2026-03-26 15:00:00.018000+00:00
xyz:MSTR,0.0000062500,0.0001095941,2026-03-26 16:00:00.055000+00:00
xyz:MSTR,0.0000062500,0.0002485455,2026-03-26 17:00:00.026000+00:00
xyz:MSTR,0.0000062500,0.0001566086,2026-03-26 18:00:00.030000+00:00
xyz:MSTR,0.0000062500,0.0001502314,2026-03-26 19:00:00.003000+00:00
xyz:MSTR,0.0000062500,0.0001722816,2026-03-26 20:00:00.077000+00:00
xyz:MSTR,0.0000062500,0.0000057441,2026-03-26 21:00:00.031000+00:00
xyz:MSTR,0.0000062500,0.0000051564,2026-03-26 22:00:00.068000+00:00
xyz:MSTR,0.0000062500,-0.0001960002,2026-03-26 23:00:00.071000+00:00
xyz:MSTR,0.0000062500,0.0003048069,2026-03-27 00:00:00.013000+00:00
xyz:MSTR,0.0000062500,0.0001248160,2026-03-27 01:00:00.004000+00:00
xyz:MSTR,0.0000203290,0.0006252643,2026-03-27 02:00:00.007000+00:00
xyz:MSTR,0.0000130364,0.0005085821,2026-03-27 03:00:00.045000+00:00
xyz:MSTR,0.0000062500,0.0003892581,2026-03-27 04:00:00.027000+00:00
xyz:MSTR,0.0000062500,0.0002747169,2026-03-27 05:00:00.055000+00:00
xyz:MSTR,0.0000171497,0.0005743949,2026-03-27 06:00:00.021000+00:00
xyz:MSTR,0.0000406376,0.0009502013,2026-03-27 07:00:00.047000+00:00
xyz:MSTR,0.0000206004,0.0006296066,2026-03-27 08:00:00.042000+00:00
xyz:MSTR,0.0000062500,0.0003758983,2026-03-27 09:00:00.078000+00:00
xyz:MSTR,0.0000145875,0.0005334000,2026-03-27 10:00:00.011000+00:00
xyz:MSTR,0.0000133413,0.0005134605,2026-03-27 11:00:00.056000+00:00
xyz:MSTR,0.0000229751,0.0006676013,2026-03-27 12:00:00.073000+00:00
xyz:MSTR,0.0000255804,0.0007092857,2026-03-27 13:00:00.020000+00:00
xyz:MSTR,0.0000302669,0.0007842708,2026-03-27 14:00:00.027000+00:00
xyz:MSTR,0.0000273144,0.0007370305,2026-03-27 15:00:00.082000+00:00
xyz:MSTR,0.0000213809,0.0006420948,2026-03-27 16:00:00.069000+00:00
xyz:MSTR,0.0000152071,0.0005433136,2026-03-27 17:00:00.063000+00:00
xyz:MSTR,0.0000081667,0.0004306674,2026-03-27 18:00:00.018000+00:00
xyz:MSTR,0.0000139221,0.0005227535,2026-03-27 19:00:00.017000+00:00
xyz:MSTR,0.0000290346,0.0007645536,2026-03-27 20:00:00.043000+00:00
xyz:MSTR,0.0000259222,0.0007147551,2026-03-27 21:00:00.064000+00:00
xyz:MSTR,0.0000062500,0.0003910515,2026-03-27 22:00:00.044000+00:00
xyz:MSTR,0.0000115988,0.0004855802,2026-03-27 23:00:00.008000+00:00
xyz:MSTR,0.0000062500,0.0002849137,2026-03-28 00:00:00.062000+00:00
xyz:MSTR,0.0000062500,0.0003564199,2026-03-28 01:00:00.004000+00:00
xyz:MSTR,-0.0000883218,-0.0017131490,2026-03-28 02:00:00.051000+00:00
xyz:MSTR,-0.0001281474,-0.0023503582,2026-03-28 03:00:00.023000+00:00
xyz:MSTR,0.0000241715,0.0006867432,2026-03-28 04:00:00.106000+00:00
xyz:MSTR,0.0000399721,0.0009395541,2026-03-28 05:00:00.055000+00:00
xyz:MSTR,0.0000694103,0.0014105644,2026-03-28 06:00:00.067000+00:00
xyz:MSTR,0.0000971625,0.0018545995,2026-03-28 07:00:00.039000+00:00
xyz:MSTR,0.0000750765,0.0015012245,2026-03-28 08:00:00.007000+00:00
xyz:MSTR,0.0000346725,0.0008547594,2026-03-28 09:00:00.008000+00:00
xyz:MSTR,-0.0000094940,-0.0004519048,2026-03-28 10:00:00.014000+00:00
xyz:MSTR,-0.0000456936,-0.0010310974,2026-03-28 11:00:00.095000+00:00
xyz:MSTR,-0.0000120498,-0.0004927964,2026-03-28 12:00:00.014000+00:00
xyz:MSTR,0.0000062500,-0.0000017840,2026-03-28 13:00:00.013000+00:00
xyz:MSTR,0.0001132890,0.0021126241,2026-03-28 14:00:00.047000+00:00
xyz:MSTR,0.0001300134,0.0023802143,2026-03-28 15:00:00.042000+00:00
xyz:MSTR,0.0001207628,0.0022322043,2026-03-28 16:00:00.047000+00:00
xyz:MSTR,0.0000324741,0.0008195848,2026-03-28 17:00:00.074000+00:00
xyz:MSTR,0.0000062500,0.0002244714,2026-03-28 18:00:00.070000+00:00
xyz:MSTR,0.0000436280,0.0009980477,2026-03-28 19:00:00.007000+00:00
xyz:MSTR,0.0000184832,0.0005957308,2026-03-28 20:00:00.075000+00:00
xyz:MSTR,0.0000314933,0.0008038932,2026-03-28 21:00:00.036000+00:00
xyz:MSTR,0.0000098505,0.0004576086,2026-03-28 22:00:00.009000+00:00
xyz:MSTR,-0.0000417371,-0.0009677933,2026-03-28 23:00:00.040000+00:00
xyz:MSTR,-0.0001594107,-0.0028505709,2026-03-29 00:00:00.085000+00:00
xyz:MSTR,-0.0000800759,-0.0015812143,2026-03-29 01:00:00.068000+00:00
xyz:MSTR,-0.0000053688,-0.0003859003,2026-03-29 02:00:00.040000+00:00
xyz:MSTR,0.0000093557,0.0004496910,2026-03-29 03:00:00.050000+00:00
xyz:MSTR,0.0001384236,0.0025147780,2026-03-29 04:00:00.034000+00:00
xyz:MSTR,0.0000859417,0.0016750670,2026-03-29 05:00:00.054000+00:00
xyz:MSTR,0.0000105106,0.0004681700,2026-03-29 06:00:00.017000+00:00
xyz:MSTR,0.0000062500,-0.0000840737,2026-03-29 07:00:00.047000+00:00
xyz:MSTR,-0.0000387764,-0.0009204225,2026-03-29 08:00:00.033000+00:00
xyz:MSTR,-0.0000051358,-0.0003821725,2026-03-29 09:00:00.036000+00:00
xyz:MSTR,-0.0000463392,-0.0010414269,2026-03-29 10:00:00.121000+00:00
xyz:MSTR,-0.0000642194,-0.0013275108,2026-03-29 11:00:00.002000+00:00
xyz:MSTR,0.0000194379,0.0006110071,2026-03-29 12:00:00.067000+00:00
xyz:MSTR,0.0000404452,0.0009471236,2026-03-29 13:00:00.056000+00:00
xyz:MSTR,0.0000062500,0.0002287727,2026-03-29 14:00:00.026000+00:00
xyz:MSTR,-0.0000012714,-0.0003203428,2026-03-29 15:00:00.057000+00:00
xyz:MSTR,-0.0000763028,-0.0015208440,2026-03-29 16:00:00.029000+00:00
xyz:MSTR,0.0000027283,-0.0002563477,2026-03-29 17:00:00.011000+00:00
xyz:MSTR,-0.0000973189,-0.0018571022,2026-03-29 18:00:00.092000+00:00
xyz:MSTR,-0.0000177808,-0.0005844926,2026-03-29 19:00:00.066000+00:00
xyz:MSTR,-0.0000565532,-0.0012048515,2026-03-29 20:00:00.062000+00:00
xyz:MSTR,0.0000440434,0.0010046944,2026-03-29 21:00:00.026000+00:00
xyz:MSTR,0.0000230161,0.0006682572,2026-03-29 22:00:00.013000+00:00
xyz:MSTR,-0.0003099241,-0.0052587857,2026-03-29 23:00:00.096000+00:00
xyz:MSTR,-0.0000756081,-0.0015097297,2026-03-30 00:00:00.038000+00:00
xyz:MSTR,0.0000049905,-0.0002201515,2026-03-30 01:00:00.030000+00:00
xyz:MSTR,0.0000062500,0.0001539064,2026-03-30 02:00:00.054000+00:00
xyz:MSTR,0.0000062500,0.0001848072,2026-03-30 03:00:00.013000+00:00
xyz:MSTR,0.0000062500,0.0003235406,2026-03-30 04:00:00.074000+00:00
xyz:MSTR,0.0000142434,0.0005278946,2026-03-30 05:00:00.056000+00:00
xyz:MSTR,0.0000302045,0.0007832717,2026-03-30 06:00:00.089000+00:00
xyz:MSTR,0.0000219865,0.0006517845,2026-03-30 07:00:00.043000+00:00
xyz:MSTR,0.0000337778,0.0008404444,2026-03-30 08:00:00.192000+00:00
xyz:MSTR,0.0000321669,0.0008146699,2026-03-30 09:00:00.039000+00:00
xyz:MSTR,0.0000138137,0.0005210192,2026-03-30 10:00:00.052000+00:00
xyz:MSTR,0.0000062500,0.0002045268,2026-03-30 11:00:00.059000+00:00
xyz:MSTR,0.0000131203,0.0005099254,2026-03-30 12:00:00.038000+00:00
xyz:MSTR,0.0000237878,0.0006806047,2026-03-30 13:00:00.031000+00:00
xyz:MSTR,0.0000302063,0.0007833016,2026-03-30 14:00:00.046000+00:00
xyz:MSTR,0.0000062500,0.0003274674,2026-03-30 15:00:00.019000+00:00
xyz:MSTR,0.0000062500,0.0003889288,2026-03-30 16:00:00.071000+00:00
xyz:MSTR,0.0000175388,0.0005806200,2026-03-30 17:00:00.108000+00:00
xyz:MSTR,0.0000208610,0.0006337763,2026-03-30 18:00:00.051000+00:00
xyz:MSTR,0.0000121149,0.0004938377,2026-03-30 19:00:00.085000+00:00
xyz:MSTR,0.0000062500,0.0000514336,2026-03-30 20:00:00.055000+00:00
xyz:MSTR,0.0000062500,0.0002943665,2026-03-30 21:00:00.095000+00:00
xyz:MSTR,0.0000062500,0.0001015915,2026-03-30 22:00:00.021000+00:00
xyz:MSTR,0.0000062500,0.0003125442,2026-03-30 23:00:00.066000+00:00
xyz:MSTR,0.0000062500,0.0002748654,2026-03-31 00:00:00.016000+00:00
xyz:MSTR,0.0000062500,0.0002985959,2026-03-31 01:00:00.038000+00:00
xyz:MSTR,0.0000062500,0.0001787159,2026-03-31 02:00:00.066000+00:00
xyz:MSTR,0.0000062500,0.0001927512,2026-03-31 03:00:00.092000+00:00
xyz:MSTR,0.0000062500,0.0002079170,2026-03-31 04:00:00.073000+00:00
xyz:MSTR,0.0000062500,0.0002496326,2026-03-31 05:00:00.062000+00:00
xyz:MSTR,0.0000062500,-0.0000958127,2026-03-31 06:00:00.022000+00:00
xyz:MSTR,0.0000062500,-0.0001639744,2026-03-31 07:00:00.045000+00:00
xyz:MSTR,0.0000062500,-0.0001780474,2026-03-31 08:00:00+00:00
xyz:MSTR,0.0000062500,0.0001782613,2026-03-31 09:00:00.056000+00:00
xyz:MSTR,0.0000062500,0.0001564835,2026-03-31 10:00:00.021000+00:00
xyz:MSTR,0.0000069733,0.0004115733,2026-03-31 11:00:00.032000+00:00
xyz:MSTR,0.0000062500,0.0000531510,2026-03-31 12:00:00.073000+00:00
xyz:MSTR,0.0000062500,0.0002562413,2026-03-31 13:00:00.030000+00:00
xyz:MSTR,0.0000257543,0.0007120689,2026-03-31 14:00:00.038000+00:00
xyz:MSTR,0.0000147931,0.0005366897,2026-03-31 15:00:00.043000+00:00
xyz:MSTR,0.0000127870,0.0005045920,2026-03-31 16:00:00.025000+00:00
xyz:MSTR,0.0000193175,0.0006090792,2026-03-31 17:00:00.030000+00:00
xyz:MSTR,0.0000062500,0.0003083060,2026-03-31 18:00:00.007000+00:00
xyz:MSTR,0.0000062500,0.0003542401,2026-03-31 19:00:00.051000+00:00
xyz:MSTR,0.0000062500,0.0003803828,2026-03-31 20:00:00.039000+00:00
xyz:MSTR,0.0000062500,0.0003122059,2026-03-31 21:00:00.026000+00:00
xyz:MSTR,0.0000062500,0.0002212545,2026-03-31 22:00:00.046000+00:00
xyz:MSTR,0.0000062500,0.0000939380,2026-03-31 23:00:00.029000+00:00
xyz:MSTR,0.0000062500,0.0001419568,2026-04-01 00:00:00.068000+00:00
xyz:MSTR,0.0000062500,0.0001960642,2026-04-01 01:00:00.022000+00:00
xyz:MSTR,0.0000062500,0.0003367601,2026-04-01 02:00:00.050000+00:00
xyz:MSTR,0.0000062500,0.0003433665,2026-04-01 03:00:00.044000+00:00
xyz:MSTR,0.0000123890,0.0004982232,2026-04-01 04:00:00.042000+00:00
xyz:MSTR,0.0000062500,0.0002884328,2026-04-01 05:00:00.057000+00:00
xyz:MSTR,0.0000239678,0.0006834844,2026-04-01 06:00:00.051000+00:00
xyz:MSTR,0.0000231784,0.0006708539,2026-04-01 07:00:00.039000+00:00
xyz:MSTR,0.0000062500,0.0003493393,2026-04-01 08:00:00.062000+00:00
xyz:MSTR,0.0000276508,0.0007424126,2026-04-01 09:00:00.046000+00:00
xyz:MSTR,0.0000095841,0.0004533453,2026-04-01 10:00:00.050000+00:00
xyz:MSTR,0.0000090271,0.0004444344,2026-04-01 11:00:00.068000+00:00
xyz:MSTR,0.0000134794,0.0005156702,2026-04-01 12:00:00.081000+00:00
xyz:MSTR,0.0000153631,0.0005458102,2026-04-01 13:00:00.011000+00:00
xyz:MSTR,0.0000062500,0.0003616991,2026-04-01 14:00:00.131000+00:00
xyz:MSTR,0.0000084915,0.0004358639,2026-04-01 15:00:00.029000+00:00
xyz:MSTR,0.0000181965,0.0005911434,2026-04-01 16:00:00.078000+00:00
xyz:MSTR,0.0000164105,0.0005625686,2026-04-01 17:00:00.076000+00:00
xyz:MSTR,0.0000062500,0.0003525643,2026-04-01 18:00:00.071000+00:00
xyz:MSTR,0.0000062500,0.0003157474,2026-04-01 19:00:00.017000+00:00
xyz:MSTR,0.0000062500,0.0003121732,2026-04-01 20:00:00.045000+00:00
xyz:MSTR,0.0000062500,0.0003920108,2026-04-01 21:00:00.041000+00:00
xyz:MSTR,0.0000095247,0.0004523956,2026-04-01 22:00:00.030000+00:00
xyz:MSTR,0.0000062500,0.0003680148,2026-04-01 23:00:00.042000+00:00
xyz:MSTR,0.0000062500,0.0003621132,2026-04-02 00:00:00.177000+00:00
xyz:MSTR,0.0000062500,0.0000812422,2026-04-02 01:00:00.004000+00:00
xyz:MSTR,0.0000062500,0.0002952040,2026-04-02 02:00:00.060000+00:00
xyz:MSTR,0.0000062500,0.0002313586,2026-04-02 03:00:00.041000+00:00
xyz:MSTR,0.0000062500,0.0001358647,2026-04-02 04:00:00.059000+00:00
xyz:MSTR,0.0000062500,0.0000234217,2026-04-02 05:00:00.030000+00:00
xyz:MSTR,0.0000062500,0.0000835785,2026-04-02 06:00:00.039000+00:00
xyz:MSTR,0.0000062500,0.0001204923,2026-04-02 07:00:00.070000+00:00
xyz:MSTR,0.0000062500,0.0003748422,2026-04-02 08:00:00.129000+00:00
xyz:MSTR,0.0000062500,0.0002975591,2026-04-02 09:00:00.026000+00:00
xyz:MSTR,0.0000062500,0.0001829929,2026-04-02 10:00:00.051000+00:00
xyz:MSTR,0.0000062500,0.0003683447,2026-04-02 11:00:00.014000+00:00
xyz:MSTR,0.0000062500,0.0002591412,2026-04-02 12:00:00.021000+00:00
xyz:MSTR,0.0000062500,0.0000910910,2026-04-02 13:00:00.075000+00:00
xyz:MSTR,0.0000062500,0.0002427115,2026-04-02 14:00:00.049000+00:00
xyz:MSTR,0.0000062500,0.0002558546,2026-04-02 15:00:00.065000+00:00
xyz:MSTR,0.0000062500,0.0002030047,2026-04-02 16:00:00.040000+00:00
xyz:MSTR,0.0000062500,0.0002780089,2026-04-02 17:00:00.022000+00:00
xyz:MSTR,0.0000062500,0.0002108753,2026-04-02 18:00:00.037000+00:00
xyz:MSTR,0.0000062500,0.0002292916,2026-04-02 19:00:00.006000+00:00
xyz:MSTR,0.0000062500,0.0002848401,2026-04-02 20:00:00.023000+00:00
xyz:MSTR,0.0000086108,0.0004377728,2026-04-02 21:00:00.131000+00:00
xyz:MSTR,0.0000062500,0.0003804108,2026-04-02 22:00:00.013000+00:00
xyz:MSTR,0.0000062500,0.0002680768,2026-04-02 23:00:00.004000+00:00
xyz:MSTR,0.0000062500,0.0000236643,2026-04-03 00:00:00.021000+00:00
xyz:MSTR,-0.0000064733,-0.0004035729,2026-04-03 01:00:00.043000+00:00
xyz:MSTR,-0.0000208637,-0.0006338188,2026-04-03 02:00:00.023000+00:00
xyz:MSTR,-0.0000347684,-0.0008562944,2026-04-03 03:00:00.048000+00:00
xyz:MSTR,0.0000205740,0.0006291835,2026-04-03 04:00:00.039000+00:00
xyz:MSTR,0.0000062500,-0.0001293830,2026-04-03 05:00:00.086000+00:00
xyz:MSTR,0.0000062500,-0.0001402469,2026-04-03 06:00:00.049000+00:00
xyz:MSTR,0.0000042299,-0.0002323208,2026-04-03 07:00:00.028000+00:00
xyz:MSTR,0.0000062500,0.0002056489,2026-04-03 08:00:00.069000+00:00
xyz:MSTR,0.0000292437,0.0007678997,2026-04-03 09:00:00.054000+00:00
xyz:MSTR,0.0000149383,0.0005390135,2026-04-03 10:00:00.043000+00:00
xyz:MSTR,0.0000049012,-0.0002215812,2026-04-03 11:00:00.041000+00:00
xyz:MSTR,0.0000009430,-0.0002849121,2026-04-03 12:00:00.031000+00:00
xyz:MSTR,-0.0000293267,-0.0007692268,2026-04-03 13:00:00.058000+00:00
xyz:MSTR,-0.0001706887,-0.0030310195,2026-04-03 14:00:00.001000+00:00
xyz:MSTR,0.0000062500,0.0002261002,2026-04-03 15:00:00.044000+00:00
xyz:MSTR,0.0000623350,0.0012973597,2026-04-03 16:00:00.033000+00:00
xyz:MSTR,0.0000713591,0.0014417457,2026-04-03 17:00:00.040000+00:00
xyz:MSTR,0.0000216723,0.0006467569,2026-04-03 18:00:00.069000+00:00
xyz:MSTR,0.0000202898,0.0006246363,2026-04-03 19:00:00.026000+00:00
xyz:MSTR,0.0000062500,0.0003833510,2026-04-03 20:00:00.036000+00:00
xyz:MSTR,0.0000062500,0.0000669618,2026-04-03 21:00:00.048000+00:00
xyz:MSTR,0.0000062500,-0.0001463310,2026-04-03 22:00:00.031000+00:00
xyz:MSTR,-0.0000028549,-0.0003456784,2026-04-03 23:00:00.039000+00:00
xyz:MSTR,0.0000016891,-0.0002729738,2026-04-04 00:00:00.063000+00:00
xyz:MSTR,0.0000062500,0.0003116090,2026-04-04 01:00:00.014000+00:00
xyz:MSTR,-0.0000135806,-0.0005172891,2026-04-04 02:00:00.021000+00:00
xyz:MSTR,-0.0000009151,-0.0003146420,2026-04-04 03:00:00.064000+00:00
xyz:MSTR,-0.0000134784,-0.0005156544,2026-04-04 04:00:00.011000+00:00
xyz:MSTR,-0.0000069122,-0.0004105946,2026-04-04 05:00:00.063000+00:00
xyz:MSTR,-0.0000137894,-0.0005206311,2026-04-04 06:00:00.057000+00:00
xyz:MSTR,-0.0000111915,-0.0004790645,2026-04-04 07:00:00.051000+00:00
xyz:MSTR,0.0000439390,0.0010030246,2026-04-04 08:00:00.033000+00:00
xyz:MSTR,0.0000335697,0.0008371150,2026-04-04 09:00:00.008000+00:00
xyz:MSTR,0.0000062500,0.0003143810,2026-04-04 10:00:00.029000+00:00
xyz:MSTR,0.0000067594,0.0004081499,2026-04-04 11:00:00.050000+00:00
xyz:MSTR,0.0000586837,0.0012389397,2026-04-04 12:00:00.009000+00:00
xyz:MSTR,0.0000266539,0.0007264630,2026-04-04 13:00:00.107000+00:00
xyz:MSTR,0.0000289478,0.0007631647,2026-04-04 14:00:00.065000+00:00
xyz:MSTR,0.0000109339,0.0004749423,2026-04-04 15:00:00.008000+00:00
xyz:MSTR,0.0000814479,0.0016031660,2026-04-04 16:00:00.038000+00:00
xyz:MSTR,0.0000940759,0.0018052143,2026-04-04 17:00:00.041000+00:00
xyz:MSTR,0.0000232126,0.0006714017,2026-04-04 18:00:00.064000+00:00
xyz:MSTR,0.0000062500,0.0003449255,2026-04-04 19:00:00.012000+00:00
xyz:MSTR,0.0000062500,0.0003850032,2026-04-04 20:00:00.063000+00:00
xyz:MSTR,0.0000062500,-0.0001951502,2026-04-04 21:00:00.037000+00:00
xyz:MSTR,0.0000062500,0.0000107376,2026-04-04 22:00:00.032000+00:00
xyz:MSTR,0.0000278536,0.0007456580,2026-04-04 23:00:00.014000+00:00
xyz:MSTR,0.0000062500,0.0002943119,2026-04-05 00:00:00.047000+00:00
xyz:MSTR,-0.0000087648,-0.0004402365,2026-04-05 01:00:00.058000+00:00
xyz:MSTR,-0.0000814686,-0.0016034982,2026-04-05 02:00:00.058000+00:00
xyz:MSTR,-0.0000580667,-0.0012290673,2026-04-05 03:00:00.014000+00:00
xyz:MSTR,-0.0000180057,-0.0005880913,2026-04-05 04:00:00.022000+00:00
xyz:MSTR,-0.0000288393,-0.0007614285,2026-04-05 05:00:00.024000+00:00
xyz:MSTR,-0.0000536352,-0.0011581624,2026-04-05 06:00:00.051000+00:00
xyz:MSTR,-0.0001617764,-0.0028884224,2026-04-05 07:00:00.048000+00:00
xyz:MSTR,-0.0000720355,-0.0014525675,2026-04-05 08:00:00.066000+00:00
xyz:MSTR,0.0000062500,0.0000640003,2026-04-05 09:00:00.017000+00:00
xyz:MSTR,0.0000396591,0.0009345450,2026-04-05 10:00:00.017000+00:00
xyz:MSTR,0.0000499977,0.0010999627,2026-04-05 11:00:00.024000+00:00
xyz:MSTR,0.0000106888,0.0004710207,2026-04-05 12:00:00.017000+00:00
xyz:MSTR,-0.0000766147,-0.0015258353,2026-04-05 13:00:00.047000+00:00
xyz:MSTR,-0.0000521979,-0.0011351660,2026-04-05 14:00:00.057000+00:00
xyz:MSTR,0.0000180621,0.0005889936,2026-04-05 15:00:00.081000+00:00
xyz:MSTR,0.0001978743,0.0034659892,2026-04-05 16:00:00.031000+00:00
xyz:MSTR,0.0001221692,0.0022547065,2026-04-05 17:00:00.049000+00:00
xyz:MSTR,0.0000688668,0.0014018696,2026-04-05 18:00:00.042000+00:00
xyz:MSTR,0.0001019418,0.0019310683,2026-04-05 19:00:00.041000+00:00
xyz:MSTR,0.0000858981,0.0016743696,2026-04-05 20:00:00.030000+00:00
xyz:MSTR,0.0001122194,0.0020955102,2026-04-05 21:00:00.003000+00:00
xyz:MSTR,0.0000793702,0.0015699230,2026-04-05 22:00:00.060000+00:00
xyz:MSTR,0.0001173024,0.0021768385,2026-04-05 23:00:00.020000+00:00
xyz:MSTR,0.0006803653,0.0111858446,2026-04-06 00:00:00.029000+00:00
xyz:MSTR,0.0000062500,-0.0000839250,2026-04-06 01:00:00.040000+00:00
xyz:MSTR,0.0000062500,0.0001556916,2026-04-06 02:00:00+00:00
xyz:MSTR,0.0000146715,0.0005347442,2026-04-06 03:00:00.049000+00:00
xyz:MSTR,0.0000244914,0.0006918624,2026-04-06 04:00:00.002000+00:00
xyz:MSTR,0.0000336263,0.0008380209,2026-04-06 05:00:00.047000+00:00
xyz:MSTR,0.0000536453,0.0011583251,2026-04-06 06:00:00.025000+00:00
xyz:MSTR,0.0000321694,0.0008147104,2026-04-06 07:00:00.064000+00:00
xyz:MSTR,0.0000303541,0.0007856663,2026-04-06 08:00:00.053000+00:00
xyz:MSTR,0.0000062500,0.0002380406,2026-04-06 09:00:00.012000+00:00
xyz:MSTR,0.0000062500,0.0001776252,2026-04-06 10:00:00.006000+00:00
xyz:MSTR,0.0000062500,0.0003627336,2026-04-06 11:00:00.016000+00:00
xyz:MSTR,0.0000062500,0.0003336367,2026-04-06 12:00:00.072000+00:00
xyz:MSTR,0.0000062500,0.0002851488,2026-04-06 13:00:00.031000+00:00
xyz:MSTR,0.0000062500,0.0003284628,2026-04-06 14:00:00.066000+00:00
xyz:MSTR,0.0000062500,0.0001949201,2026-04-06 15:00:00.048000+00:00
xyz:MSTR,0.0000062500,0.0000996646,2026-04-06 16:00:00.056000+00:00
xyz:MSTR,0.0000062500,0.0001802289,2026-04-06 17:00:00.002000+00:00
xyz:MSTR,0.0000062500,0.0000819845,2026-04-06 18:00:00.039000+00:00
xyz:MSTR,0.0000062500,0.0001313575,2026-04-06 19:00:00+00:00
xyz:MSTR,0.0000062500,0.0000996543,2026-04-06 20:00:00.078000+00:00
xyz:MSTR,0.0000062500,-0.0000959436,2026-04-06 21:00:00.054000+00:00
xyz:MSTR,0.0000062500,0.0001918625,2026-04-06 22:00:00.043000+00:00
xyz:MSTR,0.0000062500,0.0002489997,2026-04-06 23:00:00.021000+00:00
xyz:MSTR,0.0000062500,0.0000196223,2026-04-07 00:00:00.046000+00:00
xyz:MSTR,0.0000047373,-0.0002242039,2026-04-07 01:00:00.015000+00:00
xyz:MSTR,0.0000062500,-0.0001103223,2026-04-07 02:00:00.012000+00:00
xyz:MSTR,-0.0000012176,-0.0003194821,2026-04-07 03:00:00.093000+00:00
xyz:MSTR,-0.0000095030,-0.0004520485,2026-04-07 04:00:00.017000+00:00
xyz:MSTR,0.0000062500,0.0000546573,2026-04-07 05:00:00.006000+00:00
xyz:MSTR,0.0000062500,-0.0001200705,2026-04-07 06:00:00.030000+00:00
xyz:MSTR,0.0000062500,0.0002594030,2026-04-07 07:00:00.064000+00:00
xyz:MSTR,0.0000062500,-0.0000266848,2026-04-07 08:00:00.020000+00:00
xyz:MSTR,0.0000062500,-0.0000611867,2026-04-07 09:00:00.031000+00:00
xyz:MSTR,0.0000110186,0.0004762984,2026-04-07 10:00:00.005000+00:00
xyz:MSTR,0.0000062500,0.0002869858,2026-04-07 11:00:00.030000+00:00
xyz:MSTR,0.0000000769,-0.0002987689,2026-04-07 12:00:00.037000+00:00
xyz:MSTR,-0.0000121439,-0.0004943025,2026-04-07 13:00:00.060000+00:00
xyz:MSTR,0.0000019936,-0.0002681023,2026-04-07 14:00:00.027000+00:00
xyz:MSTR,0.0000062500,0.0000093366,2026-04-07 15:00:00.041000+00:00
xyz:MSTR,0.0000062500,0.0001623832,2026-04-07 16:00:00.036000+00:00
xyz:MSTR,0.0000062500,-0.0000381563,2026-04-07 17:00:00.024000+00:00
xyz:MSTR,0.0000062500,0.0002146839,2026-04-07 18:00:00.013000+00:00
xyz:MSTR,0.0000062500,0.0002967716,2026-04-07 19:00:00.017000+00:00
xyz:MSTR,0.0000062500,0.0003083961,2026-04-07 20:00:00.041000+00:00
xyz:MSTR,0.0000062500,0.0003765582,2026-04-07 21:00:00.062000+00:00
xyz:MSTR,0.0000189917,0.0006038675,2026-04-07 22:00:00.029000+00:00
xyz:MSTR,0.0000062500,0.0003987060,2026-04-07 23:00:00.038000+00:00
xyz:MSTR,0.0000233593,0.0006737491,2026-04-08 00:00:00.094000+00:00
xyz:MSTR,0.0000481337,0.0010701391,2026-04-08 01:00:00.057000+00:00
xyz:MSTR,0.0000337493,0.0008399881,2026-04-08 02:00:00.043000+00:00
xyz:MSTR,0.0000294316,0.0007709057,2026-04-08 03:00:00.059000+00:00
xyz:MSTR,0.0000339600,0.0008433605,2026-04-08 04:00:00.012000+00:00
xyz:MSTR,0.0000299886,0.0007798177,2026-04-08 05:00:00.056000+00:00
xyz:MSTR,0.0000220717,0.0006531468,2026-04-08 06:00:00.065000+00:00
xyz:MSTR,0.0000221471,0.0006543541,2026-04-08 07:00:00.039000+00:00
xyz:MSTR,0.0000073385,0.0004174160,2026-04-08 08:00:00.005000+00:00
xyz:MSTR,0.0000062500,0.0003462501,2026-04-08 09:00:00.047000+00:00
xyz:MSTR,0.0000062500,0.0003957334,2026-04-08 10:00:00.004000+00:00
xyz:MSTR,0.0000323799,0.0008180791,2026-04-08 11:00:00.027000+00:00
xyz:MSTR,0.0000088476,0.0004415618,2026-04-08 12:00:00+00:00
xyz:MSTR,0.0000117075,0.0004873207,2026-04-08 13:00:00.019000+00:00
xyz:MSTR,0.0000073508,0.0004176131,2026-04-08 14:00:00.064000+00:00
xyz:MSTR,0.0000062500,0.0002751984,2026-04-08 15:00:00.025000+00:00
xyz:MSTR,0.0000074091,0.0004185456,2026-04-08 16:00:00.054000+00:00
xyz:MSTR,0.0000062500,0.0003490455,2026-04-08 17:00:00.009000+00:00
xyz:MSTR,0.0000062500,0.0003947382,2026-04-08 18:00:00.046000+00:00
xyz:MSTR,0.0000145374,0.0005325983,2026-04-08 19:00:00.026000+00:00
xyz:MSTR,0.0000062500,0.0002031483,2026-04-08 20:00:00.068000+00:00
xyz:MSTR,0.0000062500,0.0001538639,2026-04-08 21:00:00.031000+00:00
xyz:MSTR,0.0000062500,0.0000319316,2026-04-08 22:00:00.010000+00:00
xyz:MSTR,0.0000062500,0.0001964822,2026-04-08 23:00:00.039000+00:00
xyz:MSTR,0.0000062500,-0.0001948568,2026-04-09 00:00:00.070000+00:00
xyz:MSTR,0.0000062500,-0.0001521606,2026-04-09 01:00:00.023000+00:00
xyz:MSTR,0.0000025865,-0.0002586158,2026-04-09 02:00:00.010000+00:00
xyz:MSTR,0.0000062500,-0.0000727723,2026-04-09 03:00:00.053000+00:00
xyz:MSTR,0.0000062500,0.0001343302,2026-04-09 04:00:00.015000+00:00
xyz:MSTR,0.0000062500,0.0002435899,2026-04-09 05:00:00.007000+00:00
xyz:MSTR,0.0000062500,0.0001205971,2026-04-09 06:00:00.021000+00:00
xyz:MSTR,0.0000062500,0.0003039548,2026-04-09 07:00:00.001000+00:00
xyz:MSTR,0.0000062500,0.0003159076,2026-04-09 08:00:00.056000+00:00
xyz:MSTR,0.0000115749,0.0004851982,2026-04-09 09:00:00.008000+00:00
xyz:MSTR,0.0000062500,0.0002296406,2026-04-09 10:00:00.006000+00:00
xyz:MSTR,0.0000062500,0.0001361974,2026-04-09 11:00:00.010000+00:00
xyz:MSTR,0.0000062500,0.0002525379,2026-04-09 12:00:00.054000+00:00
xyz:MSTR,0.0000062500,0.0001858996,2026-04-09 13:00:00.004000+00:00
xyz:MSTR,0.0000062500,0.0000686929,2026-04-09 14:00:00.056000+00:00
xyz:MSTR,0.0000062500,0.0001586044,2026-04-09 15:00:00.041000+00:00
xyz:MSTR,0.0000062500,-0.0001449642,2026-04-09 16:00:00.011000+00:00
xyz:MSTR,0.0000062500,0.0001905336,2026-04-09 17:00:00.012000+00:00
xyz:MSTR,0.0000062500,0.0000537507,2026-04-09 18:00:00.001000+00:00
xyz:MSTR,0.0000062500,0.0002435962,2026-04-09 19:00:00.031000+00:00
xyz:MSTR,0.0000062500,0.0003877565,2026-04-09 20:00:00.004000+00:00
xyz:MSTR,0.0000062500,-0.0001453103,2026-04-09 21:00:00.018000+00:00
xyz:MSTR,0.0000062500,-0.0001274783,2026-04-09 22:00:00+00:00
xyz:MSTR,0.0000030813,-0.0002506998,2026-04-09 23:00:00.071000+00:00
xyz:MSTR,-0.0000046668,-0.0003746695,2026-04-10 00:00:00.062000+00:00
xyz:MSTR,-0.0000171260,-0.0005740161,2026-04-10 01:00:00.013000+00:00
xyz:MSTR,-0.0000052120,-0.0003833914,2026-04-10 02:00:00.002000+00:00
xyz:MSTR,-0.0000008486,-0.0003135777,2026-04-10 03:00:00.040000+00:00
xyz:MSTR,-0.0000008972,-0.0003143556,2026-04-10 04:00:00.047000+00:00
xyz:MSTR,-0.0000038653,-0.0003618448,2026-04-10 05:00:00.031000+00:00
xyz:MSTR,-0.0000018917,-0.0003302678,2026-04-10 06:00:00.026000+00:00
xyz:MSTR,0.0000049110,-0.0002214244,2026-04-10 07:00:00.016000+00:00
xyz:MSTR,-0.0000030931,-0.0003494898,2026-04-10 08:00:00+00:00
xyz:MSTR,-0.0000095216,-0.0004523449,2026-04-10 09:00:00.015000+00:00
xyz:MSTR,-0.0000001727,-0.0003027638,2026-04-10 10:00:00.028000+00:00
xyz:MSTR,0.0000062500,-0.0000517939,2026-04-10 11:00:00.010000+00:00
xyz:MSTR,0.0000062500,-0.0001345668,2026-04-10 12:00:00.057000+00:00
xyz:MSTR,0.0000027615,-0.0002558162,2026-04-10 13:00:00.032000+00:00
xyz:MSTR,0.0000062500,-0.0001161716,2026-04-10 14:00:00.008000+00:00
xyz:MSTR,0.0000062500,0.0001934151,2026-04-10 15:00:00.005000+00:00
xyz:MSTR,0.0000062500,0.0001660205,2026-04-10 16:00:00.053000+00:00
xyz:MSTR,0.0000167465,0.0005679440,2026-04-10 17:00:00.022000+00:00
xyz:MSTR,0.0000285207,0.0007563317,2026-04-10 18:00:00.021000+00:00
xyz:MSTR,0.0000225779,0.0006612461,2026-04-10 19:00:00.046000+00:00
xyz:MSTR,0.0000062500,0.0003488403,2026-04-10 20:00:00.009000+00:00
xyz:MSTR,0.0000062500,0.0000535152,2026-04-10 21:00:00.010000+00:00
xyz:MSTR,0.0000062500,-0.0001935131,2026-04-10 22:00:00.079000+00:00
xyz:MSTR,0.0000062500,-0.0000798289,2026-04-10 23:00:00.055000+00:00
xyz:MSTR,0.0000061814,-0.0002010979,2026-04-11 00:00:00.015000+00:00
xyz:MSTR,-0.0000870630,-0.0016930075,2026-04-11 01:00:00.006000+00:00
xyz:MSTR,-0.0000774013,-0.0015384201,2026-04-11 02:00:00.020000+00:00
xyz:MSTR,0.0000341071,0.0008457131,2026-04-11 03:00:00.039000+00:00
xyz:MSTR,0.0000201493,0.0006223881,2026-04-11 04:00:00.013000+00:00
xyz:MSTR,-0.0000307240,-0.0007915847,2026-04-11 05:00:00.005000+00:00
xyz:MSTR,-0.0000240550,-0.0006848798,2026-04-11 06:00:00.024000+00:00
xyz:MSTR,-0.0000503172,-0.0011050756,2026-04-11 07:00:00.016000+00:00
xyz:MSTR,0.0000062500,-0.0001014000,2026-04-11 08:00:00.002000+00:00
xyz:MSTR,0.0000062500,-0.0001956704,2026-04-11 09:00:00.042000+00:00
xyz:MSTR,0.0000062500,0.0002210143,2026-04-11 10:00:00.048000+00:00
xyz:MSTR,0.0000528482,0.0011455711,2026-04-11 11:00:00.040000+00:00
xyz:MSTR,0.0000196949,0.0006151187,2026-04-11 12:00:00.055000+00:00
xyz:MSTR,0.0000379043,0.0009064687,2026-04-11 13:00:00.047000+00:00
xyz:MSTR,-0.0000867940,-0.0016887033,2026-04-11 14:00:00.001000+00:00
xyz:MSTR,-0.0000319923,-0.0008118773,2026-04-11 15:00:00.041000+00:00
xyz:MSTR,0.0000062500,-0.0001816096,2026-04-11 16:00:00.034000+00:00
xyz:MSTR,0.0000879233,0.0017067734,2026-04-11 17:00:00.008000+00:00
xyz:MSTR,0.0001156773,0.0021508375,2026-04-11 18:00:00.033000+00:00
xyz:MSTR,0.0002078690,0.0036259042,2026-04-11 19:00:00.047000+00:00
xyz:MSTR,0.0002502070,0.0043033123,2026-04-11 20:00:00.023000+00:00
xyz:MSTR,0.0000062500,-0.0001651832,2026-04-11 21:00:00.058000+00:00
xyz:MSTR,0.0000062500,0.0002355622,2026-04-11 22:00:00.036000+00:00
xyz:MSTR,0.0000062500,-0.0001484230,2026-04-11 23:00:00.020000+00:00
xyz:MSTR,-0.0001604859,-0.0028677751,2026-04-12 00:00:00.067000+00:00
xyz:MSTR,-0.0000772412,-0.0015358585,2026-04-12 01:00:00.044000+00:00
xyz:MSTR,-0.0003604907,-0.0060678514,2026-04-12 02:00:00.031000+00:00
xyz:MSTR,-0.0004117487,-0.0068879788,2026-04-12 03:00:00.029000+00:00
xyz:MSTR,-0.0002757742,-0.0047123876,2026-04-12 04:00:00.055000+00:00
xyz:MSTR,-0.0001490257,-0.0026844107,2026-04-12 05:00:00.066000+00:00
xyz:MSTR,-0.0001049709,-0.0019795345,2026-04-12 06:00:00.047000+00:00
xyz:MSTR,-0.0000545675,-0.0011730806,2026-04-12 07:00:00.004000+00:00
xyz:MSTR,-0.0000060016,-0.0003960259,2026-04-12 08:00:00.022000+00:00
xyz:MSTR,-0.0000670079,-0.0013721261,2026-04-12 09:00:00.049000+00:00
xyz:MSTR,-0.0000975987,-0.0018615787,2026-04-12 10:00:00.011000+00:00
xyz:MSTR,-0.0001015204,-0.0019243257,2026-04-12 11:00:00.022000+00:00
xyz:MSTR,-0.0000888861,-0.0017221771,2026-04-12 12:00:00.040000+00:00
xyz:MSTR,-0.0000356718,-0.0008707487,2026-04-12 13:00:00.028000+00:00
xyz:MSTR,-0.0002185868,-0.0037973884,2026-04-12 14:00:00.064000+00:00
xyz:MSTR,-0.0001669325,-0.0029709202,2026-04-12 15:00:00.065000+00:00
xyz:MSTR,-0.0001805785,-0.0031892552,2026-04-12 16:00:00.046000+00:00
xyz:MSTR,-0.0001050216,-0.0019803455,2026-04-12 17:00:00.054000+00:00
xyz:MSTR,0.0000542273,0.0011676374,2026-04-12 18:00:00.035000+00:00
xyz:MSTR,0.0001064535,0.0020032563,2026-04-12 19:00:00.028000+00:00
xyz:MSTR,0.0000318405,0.0008094476,2026-04-12 20:00:00.062000+00:00
xyz:MSTR,0.0000062500,0.0002315090,2026-04-12 21:00:00.049000+00:00
xyz:MSTR,0.0000647564,0.0013361031,2026-04-12 22:00:00.058000+00:00
xyz:MSTR,-0.0002083115,-0.0036329845,2026-04-12 23:00:00.048000+00:00
xyz:MSTR,-0.0001793884,-0.0031702148,2026-04-13 00:00:00.013000+00:00
xyz:MSTR,0.0000242829,0.0006885258,2026-04-13 01:00:00.031000+00:00
xyz:MSTR,0.0000317305,0.0008076884,2026-04-13 02:00:00.001000+00:00
xyz:MSTR,0.0000178816,0.0005861050,2026-04-13 03:00:00.056000+00:00
xyz:MSTR,0.0000066131,0.0004058101,2026-04-13 04:00:00.056000+00:00
xyz:MSTR,0.0000062500,0.0002313231,2026-04-13 05:00:00.032000+00:00
xyz:MSTR,0.0000062500,0.0002476827,2026-04-13 06:00:00.007000+00:00
xyz:MSTR,0.0000062500,0.0003197079,2026-04-13 07:00:00.011000+00:00
xyz:MSTR,0.0000062500,0.0001721851,2026-04-13 08:00:00.015000+00:00
xyz:MSTR,0.0000062500,0.0002346297,2026-04-13 09:00:00.013000+00:00
xyz:MSTR,0.0000062500,-0.0000250087,2026-04-13 10:00:00.032000+00:00
xyz:MSTR,0.0000062500,-0.0001522167,2026-04-13 11:00:00.011000+00:00
xyz:MSTR,0.0000062500,0.0001783403,2026-04-13 12:00:00.063000+00:00
xyz:MSTR,0.0000062500,0.0000412892,2026-04-13 13:00:00.036000+00:00
xyz:MSTR,0.0000062500,0.0002095996,2026-04-13 14:00:00.007000+00:00
xyz:MSTR,0.0000062500,-0.0001133588,2026-04-13 15:00:00.114000+00:00
xyz:MSTR,0.0000062500,0.0000017568,2026-04-13 16:00:00.016000+00:00
xyz:MSTR,0.0000062500,0.0002036709,2026-04-13 17:00:00.028000+00:00
xyz:MSTR,0.0000062500,0.0002102557,2026-04-13 18:00:00.040000+00:00
xyz:MSTR,0.0000062500,0.0001518372,2026-04-13 19:00:00.055000+00:00
xyz:MSTR,0.0000062500,0.0002734918,2026-04-13 20:00:00.032000+00:00
xyz:MSTR,0.0000062500,0.0002505689,2026-04-13 21:00:00.038000+00:00
xyz:MSTR,0.0000062500,0.0000074929,2026-04-13 22:00:00.023000+00:00
xyz:MSTR,0.0000062500,0.0000652052,2026-04-13 23:00:00.008000+00:00
xyz:MSTR,0.0000062500,0.0002236642,2026-04-14 00:00:00.020000+00:00
xyz:MSTR,0.0000062500,0.0002182071,2026-04-14 01:00:00.057000+00:00
xyz:MSTR,0.0000062500,0.0001183987,2026-04-14 02:00:00.017000+00:00
xyz:MSTR,0.0000062500,0.0002533079,2026-04-14 03:00:00.043000+00:00
xyz:MSTR,0.0000062500,0.0002795814,2026-04-14 04:00:00.009000+00:00
xyz:MSTR,0.0000062500,0.0002574680,2026-04-14 05:00:00.054000+00:00
xyz:MSTR,0.0000062500,0.0002559795,2026-04-14 06:00:00.057000+00:00
xyz:MSTR,0.0000062500,0.0002450332,2026-04-14 07:00:00.076000+00:00
xyz:MSTR,0.0000119592,0.0004913472,2026-04-14 08:00:00.066000+00:00
xyz:MSTR,0.0000062500,0.0003939183,2026-04-14 09:00:00.041000+00:00
xyz:MSTR,0.0000062500,0.0002049208,2026-04-14 10:00:00.010000+00:00
xyz:MSTR,0.0000062500,0.0001598637,2026-04-14 11:00:00.030000+00:00
xyz:MSTR,0.0000062500,0.0000156433,2026-04-14 12:00:00.053000+00:00
xyz:MSTR,0.0000062500,0.0002115337,2026-04-14 13:00:00.039000+00:00
xyz:MSTR,0.0000062500,-0.0000584152,2026-04-14 14:00:00.012000+00:00
xyz:MSTR,0.0000062500,0.0000607037,2026-04-14 15:00:00.056000+00:00
xyz:MSTR,0.0000043732,-0.0002300280,2026-04-14 16:00:00.029000+00:00
xyz:MSTR,0.0000060906,-0.0002025496,2026-04-14 17:00:00.057000+00:00
xyz:MSTR,0.0000062500,-0.0000559279,2026-04-14 18:00:00.062000+00:00
xyz:MSTR,0.0000062500,0.0001786993,2026-04-14 19:00:00.040000+00:00
xyz:MSTR,0.0000062500,0.0001969069,2026-04-14 20:00:00+00:00
xyz:MSTR,0.0000062500,-0.0000779826,2026-04-14 21:00:00.003000+00:00
xyz:MSTR,0.0000082596,0.0004321536,2026-04-14 22:00:00.001000+00:00
xyz:MSTR,0.0000106026,0.0004696413,2026-04-14 23:00:00.021000+00:00
xyz:MSTR,0.0000062500,0.0003239417,2026-04-15 00:00:00.015000+00:00
xyz:MSTR,0.0000062500,0.0002795109,2026-04-15 01:00:00.054000+00:00
xyz:MSTR,0.0000090996,0.0004455942,2026-04-15 02:00:00.036000+00:00
xyz:MSTR,0.0000062500,0.0002795437,2026-04-15 03:00:00.065000+00:00
xyz:MSTR,0.0000069180,0.0004106879,2026-04-15 04:00:00.053000+00:00
xyz:MSTR,0.0000062500,0.0002239932,2026-04-15 05:00:00.029000+00:00
xyz:MSTR,0.0000062500,0.0001877586,2026-04-15 06:00:00.060000+00:00
xyz:MSTR,0.0000062500,0.0001623741,2026-04-15 07:00:00.038000+00:00
xyz:MSTR,0.0000062500,0.0002550142,2026-04-15 08:00:00.009000+00:00
xyz:MSTR,0.0000062500,-0.0000899586,2026-04-15 09:00:00.024000+00:00
xyz:MSTR,0.0000062500,-0.0000905477,2026-04-15 10:00:00.027000+00:00
xyz:MSTR,0.0000062500,-0.0000706700,2026-04-15 11:00:00.067000+00:00
xyz:MSTR,0.0000062500,0.0000035336,2026-04-15 12:00:00.030000+00:00
xyz:MSTR,0.0000062500,0.0002449709,2026-04-15 13:00:00.008000+00:00
xyz:MSTR,0.0000062500,0.0002036290,2026-04-15 14:00:00.035000+00:00
xyz:MSTR,0.0000062500,0.0001035086,2026-04-15 15:00:00.057000+00:00
xyz:MSTR,0.0000062500,0.0001184549,2026-04-15 16:00:00.025000+00:00
xyz:MSTR,0.0000062500,0.0001864866,2026-04-15 17:00:00.022000+00:00
xyz:MSTR,0.0000062500,0.0001996959,2026-04-15 18:00:00.030000+00:00
xyz:MSTR,0.0000062500,0.0001359255,2026-04-15 19:00:00.062000+00:00
xyz:MSTR,0.0000062500,0.0001225941,2026-04-15 20:00:00.014000+00:00
xyz:MSTR,-0.0000172020,-0.0005752313,2026-04-15 21:00:00.049000+00:00
xyz:MSTR,-0.0000239157,-0.0006826505,2026-04-15 22:00:00.067000+00:00
xyz:MSTR,-0.0000010667,-0.0003170672,2026-04-15 23:00:00.056000+00:00
xyz:MSTR,-0.0000062699,-0.0004003185,2026-04-16 00:00:00.044000+00:00
xyz:MSTR,0.0000062500,-0.0000071600,2026-04-16 01:00:00.022000+00:00
xyz:MSTR,-0.0000002248,-0.0003035971,2026-04-16 02:00:00.010000+00:00
xyz:MSTR,0.0000038848,-0.0002378435,2026-04-16 03:00:00.053000+00:00
xyz:MSTR,0.0000048629,-0.0002221936,2026-04-16 04:00:00.006000+00:00
xyz:MSTR,0.0000030100,-0.0002518394,2026-04-16 05:00:00.042000+00:00
xyz:MSTR,-0.0000018917,-0.0003302677,2026-04-16 06:00:00.031000+00:00
xyz:MSTR,0.0000062500,0.0000238638,2026-04-16 07:00:00.012000+00:00
xyz:MSTR,0.0000062500,-0.0000480385,2026-04-16 08:00:00.062000+00:00
xyz:MSTR,-0.0000025382,-0.0003406106,2026-04-16 09:00:00.045000+00:00
xyz:MSTR,0.0000062500,-0.0000178687,2026-04-16 10:00:00.004000+00:00
xyz:MSTR,-0.0000009673,-0.0003154760,2026-04-16 11:00:00.035000+00:00
xyz:MSTR,0.0000062500,-0.0001163274,2026-04-16 12:00:00.042000+00:00
xyz:MSTR,0.0000062500,-0.0001169919,2026-04-16 13:00:00.030000+00:00
xyz:MSTR,0.0000062500,0.0001953221,2026-04-16 14:00:00.019000+00:00
xyz:MSTR,0.0000100739,0.0004611820,2026-04-16 15:00:00.047000+00:00
xyz:MSTR,0.0000062500,0.0003708496,2026-04-16 16:00:00.051000+00:00
xyz:MSTR,0.0000062500,0.0000952451,2026-04-16 17:00:00.013000+00:00
xyz:MSTR,0.0000062500,-0.0000890029,2026-04-16 18:00:00.034000+00:00
xyz:MSTR,-0.0000028228,-0.0003451655,2026-04-16 19:00:00.064000+00:00
xyz:MSTR,0.0000057840,-0.0002074563,2026-04-16 20:00:00.016000+00:00
xyz:MSTR,-0.0000077427,-0.0004238834,2026-04-16 21:00:00.025000+00:00
xyz:MSTR,0.0000004344,-0.0002930494,2026-04-16 22:00:00.043000+00:00
xyz:MSTR,-0.0000035723,-0.0003571571,2026-04-16 23:00:00.041000+00:00
xyz:MSTR,-0.0000063853,-0.0004021652,2026-04-17 00:00:00.030000+00:00
xyz:MSTR,-0.0000095036,-0.0004520584,2026-04-17 01:00:00.015000+00:00
xyz:MSTR,-0.0000055095,-0.0003881528,2026-04-17 02:00:00.026000+00:00
xyz:MSTR,0.0000026007,-0.0002583888,2026-04-17 03:00:00.010000+00:00
xyz:MSTR,-0.0000054794,-0.0003876699,2026-04-17 04:00:00.064000+00:00
xyz:MSTR,-0.0000017252,-0.0003276028,2026-04-17 05:00:00.052000+00:00
xyz:MSTR,-0.0000146593,-0.0005345480,2026-04-17 06:00:00.017000+00:00
xyz:MSTR,-0.0000106970,-0.0004711524,2026-04-17 07:00:00.065000+00:00
xyz:MSTR,0.0000062500,0.0003003317,2026-04-17 08:00:00.042000+00:00
xyz:MSTR,0.0000062500,0.0002644193,2026-04-17 09:00:00.035000+00:00
xyz:MSTR,0.0000062500,0.0000144774,2026-04-17 10:00:00.011000+00:00
xyz:MSTR,-0.0000065756,-0.0004052099,2026-04-17 11:00:00.038000+00:00
xyz:MSTR,0.0000062500,-0.0001424540,2026-04-17 12:00:00.064000+00:00
xyz:MSTR,0.0000062500,-0.0000591689,2026-04-17 13:00:00.036000+00:00
xyz:MSTR,0.0000062500,0.0001916202,2026-04-17 14:00:00+00:00
xyz:MSTR,0.0000030289,-0.0002515381,2026-04-17 15:00:00.059000+00:00
xyz:MSTR,0.0000058774,-0.0002059621,2026-04-17 16:00:00.039000+00:00
xyz:MSTR,0.0000059083,-0.0002054675,2026-04-17 17:00:00.046000+00:00
xyz:MSTR,-0.0000042739,-0.0003683831,2026-04-17 18:00:00.052000+00:00
xyz:MSTR,-0.0000043571,-0.0003697130,2026-04-17 19:00:00.019000+00:00
xyz:MSTR,-0.0000062291,-0.0003996658,2026-04-17 20:00:00.065000+00:00
xyz:MSTR,0.0000062500,-0.0000569106,2026-04-17 21:00:00.012000+00:00
xyz:MSTR,-0.0000109330,-0.0004749273,2026-04-17 22:00:00.042000+00:00
xyz:MSTR,-0.0000149751,-0.0005396022,2026-04-17 23:00:00.022000+00:00
xyz:MSTR,-0.0000067840,-0.0004085445,2026-04-18 00:00:00.064000+00:00
xyz:MSTR,-0.0000006199,-0.0003099190,2026-04-18 01:00:00.049000+00:00
xyz:MSTR,0.0000479800,0.0010676794,2026-04-18 02:00:00.042000+00:00
xyz:MSTR,0.0000655489,0.0013487818,2026-04-18 03:00:00.031000+00:00
xyz:MSTR,0.0000062500,-0.0001362499,2026-04-18 04:00:00.009000+00:00
xyz:MSTR,-0.0000939945,-0.0018039120,2026-04-18 05:00:00.060000+00:00
xyz:MSTR,0.0000062500,0.0003019485,2026-04-18 06:00:00.049000+00:00
xyz:MSTR,-0.0000172340,-0.0005757443,2026-04-18 07:00:00.028000+00:00
xyz:MSTR,-0.0000480624,-0.0010689983,2026-04-18 08:00:00.049000+00:00
xyz:MSTR,-0.0002104049,-0.0036664784,2026-04-18 09:00:00.011000+00:00
xyz:MSTR,-0.0001789041,-0.0031624657,2026-04-18 10:00:00.020000+00:00
xyz:MSTR,-0.0002990264,-0.0050844219,2026-04-18 11:00:00.016000+00:00
xyz:MSTR,-0.0003448761,-0.0058180175,2026-04-18 12:00:00.034000+00:00
xyz:MSTR,0.0000062500,-0.0001267158,2026-04-18 13:00:00.047000+00:00
xyz:MSTR,0.0000062500,-0.0001338973,2026-04-18 14:00:00.018000+00:00
xyz:MSTR,0.0000724061,0.0014584970,2026-04-18 15:00:00+00:00
xyz:MSTR,0.0000440707,0.0010051309,2026-04-18 16:00:00.001000+00:00
xyz:MSTR,-0.0001074718,-0.0020195496,2026-04-18 17:00:00.001000+00:00
xyz:MSTR,-0.0001389547,-0.0025232754,2026-04-18 18:00:00.050000+00:00
xyz:MSTR,-0.0002077549,-0.0036240780,2026-04-18 19:00:00.039000+00:00
xyz:MSTR,-0.0000338464,-0.0008415419,2026-04-18 20:00:00.037000+00:00
xyz:MSTR,0.0000062500,0.0002864036,2026-04-18 21:00:00.036000+00:00
xyz:MSTR,0.0000062500,0.0003371601,2026-04-18 22:00:00.011000+00:00
xyz:MSTR,0.0000136479,0.0005183661,2026-04-18 23:00:00.026000+00:00
xyz:MSTR,0.0000537026,0.0011592421,2026-04-19 00:00:00.053000+00:00
xyz:MSTR,-0.0000524909,-0.0011398544,2026-04-19 01:00:00.051000+00:00
xyz:MSTR,-0.0000858091,-0.0016729451,2026-04-19 02:00:00.028000+00:00
xyz:MSTR,-0.0000746314,-0.0014941020,2026-04-19 03:00:00.060000+00:00
xyz:MSTR,-0.0000752656,-0.0015042496,2026-04-19 04:00:00.051000+00:00
xyz:MSTR,0.0000062500,0.0002189871,2026-04-19 05:00:00.046000+00:00
xyz:MSTR,-0.0000160201,-0.0005563215,2026-04-19 06:00:00.041000+00:00
xyz:MSTR,-0.0001127824,-0.0021045181,2026-04-19 07:00:00.002000+00:00
xyz:MSTR,-0.0002076781,-0.0036228492,2026-04-19 08:00:00.040000+00:00
xyz:MSTR,-0.0000598742,-0.0012579870,2026-04-19 09:00:00.041000+00:00
xyz:MSTR,-0.0001014420,-0.0019230719,2026-04-19 10:00:00.022000+00:00
xyz:MSTR,-0.0000183827,-0.0005941235,2026-04-19 11:00:00.032000+00:00
xyz:MSTR,0.0001915920,0.0033654728,2026-04-19 12:00:00.016000+00:00
xyz:MSTR,0.0001498405,0.0026974474,2026-04-19 13:00:00.026000+00:00
xyz:MSTR,0.0003182921,0.0053926740,2026-04-19 14:00:00.011000+00:00
