coin,fundingRate,premium,time
xyz:XYZ100,0.0002720894,0.0024767151,2025-10-13 13:00:00.067000+00:00
xyz:XYZ100,0.0000406054,0.0006248432,2025-10-13 14:00:00.029000+00:00
xyz:XYZ100,0.0000125000,0.0000035476,2025-10-13 15:00:00.052000+00:00
xyz:XYZ100,0.0000125000,0.0001391514,2025-10-13 16:00:00.027000+00:00
xyz:XYZ100,0.0001017188,0.0011137508,2025-10-13 17:00:00.008000+00:00
xyz:XYZ100,0.0000237740,0.0004901919,2025-10-13 18:00:00.013000+00:00
xyz:XYZ100,0.0002877053,0.0026016427,2025-10-13 19:00:00.032000+00:00
xyz:XYZ100,0.0005120931,0.0043967444,2025-10-13 20:00:00.049000+00:00
xyz:XYZ100,0.0006669170,0.0056353363,2025-10-13 21:00:00.049000+00:00
xyz:XYZ100,0.0009860731,0.0081885849,2025-10-13 22:00:00.002000+00:00
xyz:XYZ100,0.0003942988,0.0034543904,2025-10-13 23:00:00.006000+00:00
xyz:XYZ100,0.0002553053,0.0023424423,2025-10-14 00:00:00.054000+00:00
xyz:XYZ100,0.0004418177,0.0038345419,2025-10-14 01:00:00.064000+00:00
xyz:XYZ100,0.0002555810,0.0023446482,2025-10-14 02:00:00.032000+00:00
xyz:XYZ100,0.0001645451,0.0016163611,2025-10-14 03:00:00.114000+00:00
xyz:XYZ100,0.0003955203,0.0034641623,2025-10-14 04:00:00.019000+00:00
xyz:XYZ100,0.0008508518,0.0071068142,2025-10-14 05:00:00.079000+00:00
xyz:XYZ100,0.0005495934,0.0046967472,2025-10-14 06:00:00.009000+00:00
xyz:XYZ100,0.0002345931,0.0021767450,2025-10-14 07:00:00.007000+00:00
xyz:XYZ100,0.0002512641,0.0023101129,2025-10-14 08:00:00.001000+00:00
xyz:XYZ100,0.0000811547,0.0009492376,2025-10-14 09:00:00.098000+00:00
xyz:XYZ100,0.0001888943,0.0018111544,2025-10-14 10:00:00.066000+00:00
xyz:XYZ100,0.0002905565,0.0026244520,2025-10-14 11:00:00.045000+00:00
xyz:XYZ100,0.0001487849,0.0014902789,2025-10-14 12:00:00.009000+00:00
xyz:XYZ100,0.0001993167,0.0018945333,2025-10-14 13:00:00.044000+00:00
xyz:XYZ100,0.0001714415,0.0016715320,2025-10-14 14:00:00.060000+00:00
xyz:XYZ100,0.0001432179,0.0014457434,2025-10-14 15:00:00.027000+00:00
xyz:XYZ100,0.0001276260,0.0013210077,2025-10-14 16:00:00.021000+00:00
xyz:XYZ100,0.0000243563,0.0004948507,2025-10-14 17:00:00.070000+00:00
xyz:XYZ100,0.0001241341,0.0012930729,2025-10-14 18:00:00.036000+00:00
xyz:XYZ100,0.0001373211,0.0013985687,2025-10-14 19:00:00.043000+00:00
xyz:XYZ100,0.0002439687,0.0022517492,2025-10-14 20:00:00.090000+00:00
xyz:XYZ100,0.0002579402,0.0023635218,2025-10-14 21:00:00.040000+00:00
xyz:XYZ100,0.0001510961,0.0015087689,2025-10-14 22:00:00.030000+00:00
xyz:XYZ100,0.0002286839,0.0021294713,2025-10-14 23:00:00.016000+00:00
xyz:XYZ100,0.0001217852,0.0012742817,2025-10-15 00:00:00.106000+00:00
xyz:XYZ100,0.0001636190,0.0016089516,2025-10-15 01:00:00.001000+00:00
xyz:XYZ100,0.0000908282,0.0010266254,2025-10-15 02:00:00.048000+00:00
xyz:XYZ100,0.0001876339,0.0018010713,2025-10-15 03:00:00.060000+00:00
xyz:XYZ100,0.0002059448,0.0019475588,2025-10-15 04:00:00.092000+00:00
xyz:XYZ100,0.0000125000,0.0002852953,2025-10-15 05:00:00.054000+00:00
xyz:XYZ100,0.0001018526,0.0011148206,2025-10-15 06:00:00.025000+00:00
xyz:XYZ100,0.0000777303,0.0009218425,2025-10-15 07:00:00+00:00
xyz:XYZ100,0.0000504391,0.0007035127,2025-10-15 08:00:00.090000+00:00
xyz:XYZ100,0.0000718156,0.0008745250,2025-10-15 09:00:00.045000+00:00
xyz:XYZ100,0.0000125000,0.0003950964,2025-10-15 10:00:00.038000+00:00
xyz:XYZ100,0.0000141612,0.0004132895,2025-10-15 11:00:00.014000+00:00
xyz:XYZ100,0.0000125000,0.0000442669,2025-10-15 12:00:00.071000+00:00
xyz:XYZ100,0.0000125000,0.0001658749,2025-10-15 13:00:00.024000+00:00
xyz:XYZ100,0.0000578490,0.0007627919,2025-10-15 14:00:00.088000+00:00
xyz:XYZ100,0.0000125000,0.0003054552,2025-10-15 15:00:00.082000+00:00
xyz:XYZ100,0.0001789804,0.0017318431,2025-10-15 16:00:00.002000+00:00
xyz:XYZ100,0.0001677612,0.0016420896,2025-10-15 17:00:00.091000+00:00
xyz:XYZ100,0.0001350812,0.0013806500,2025-10-15 18:00:00.014000+00:00
xyz:XYZ100,0.0000125000,0.0001569322,2025-10-15 19:00:00.043000+00:00
xyz:XYZ100,0.0000125000,0.0003782857,2025-10-15 20:00:00.048000+00:00
xyz:XYZ100,0.0000125000,0.0002203990,2025-10-15 21:00:00.066000+00:00
xyz:XYZ100,0.0000041316,-0.0002669474,2025-10-15 22:00:00.068000+00:00
xyz:XYZ100,0.0000187699,0.0004501592,2025-10-15 23:00:00.063000+00:00
xyz:XYZ100,0.0000125000,0.0002165943,2025-10-16 00:00:00.003000+00:00
xyz:XYZ100,0.0001410138,0.0014281100,2025-10-16 01:00:00.006000+00:00
xyz:XYZ100,0.0000125000,0.0003359168,2025-10-16 02:00:00.024000+00:00
xyz:XYZ100,0.0000755428,0.0009043421,2025-10-16 03:00:00.057000+00:00
xyz:XYZ100,0.0000776424,0.0009211395,2025-10-16 04:00:00.105000+00:00
xyz:XYZ100,0.0000125000,-0.0001353160,2025-10-16 05:00:00.050000+00:00
xyz:XYZ100,0.0000125000,-0.0001942803,2025-10-16 06:00:00.093000+00:00
xyz:XYZ100,-0.0000119947,-0.0003959575,2025-10-16 07:00:00.001000+00:00
xyz:XYZ100,0.0000125000,0.0001050859,2025-10-16 08:00:00.038000+00:00
xyz:XYZ100,0.0000125000,0.0000282102,2025-10-16 09:00:00.082000+00:00
xyz:XYZ100,0.0000924439,0.0010395513,2025-10-16 10:00:00.013000+00:00
xyz:XYZ100,0.0000125000,-0.0000251366,2025-10-16 11:00:00.020000+00:00
xyz:XYZ100,-0.0001117816,-0.0011942531,2025-10-16 12:00:00.046000+00:00
xyz:XYZ100,0.0000674369,0.0008394956,2025-10-16 13:00:00.058000+00:00
xyz:XYZ100,0.0000125000,0.0003118691,2025-10-16 14:00:00.059000+00:00
xyz:XYZ100,0.0000125000,0.0002307483,2025-10-16 15:00:00+00:00
xyz:XYZ100,0.0000125000,0.0001885872,2025-10-16 16:00:00.046000+00:00
xyz:XYZ100,0.0002476767,0.0022814134,2025-10-16 17:00:00.067000+00:00
xyz:XYZ100,0.0001153480,0.0012227841,2025-10-16 18:00:00.028000+00:00
xyz:XYZ100,0.0002253183,0.0021025463,2025-10-16 19:00:00.035000+00:00
xyz:XYZ100,0.0002074806,0.0019598452,2025-10-16 20:00:00.004000+00:00
xyz:XYZ100,0.0001104855,0.0011838841,2025-10-16 21:00:00.058000+00:00
xyz:XYZ100,0.0000487740,0.0006901924,2025-10-16 22:00:00.015000+00:00
xyz:XYZ100,0.0000772497,0.0009179977,2025-10-16 23:00:00.005000+00:00
xyz:XYZ100,0.0003332884,0.0029663074,2025-10-17 00:00:00.017000+00:00
xyz:XYZ100,0.0001216783,0.0012734265,2025-10-17 01:00:00.071000+00:00
xyz:XYZ100,0.0000885816,0.0010086527,2025-10-17 02:00:00.052000+00:00
xyz:XYZ100,0.0000125000,0.0002842398,2025-10-17 03:00:00.028000+00:00
xyz:XYZ100,0.0001252524,0.0013020192,2025-10-17 04:00:00.012000+00:00
xyz:XYZ100,0.0002280989,0.0021247915,2025-10-17 05:00:00.047000+00:00
xyz:XYZ100,0.0003828719,0.0033629751,2025-10-17 06:00:00.002000+00:00
xyz:XYZ100,0.0002199666,0.0020597332,2025-10-17 07:00:00.082000+00:00
xyz:XYZ100,0.0002534839,0.0023278715,2025-10-17 08:00:00.040000+00:00
xyz:XYZ100,0.0000125000,-0.0000183354,2025-10-17 09:00:00.084000+00:00
xyz:XYZ100,0.0000772131,0.0009177045,2025-10-17 10:00:00.049000+00:00
xyz:XYZ100,0.0000494149,0.0006953190,2025-10-17 11:00:00.013000+00:00
xyz:XYZ100,0.0000945878,0.0010567024,2025-10-17 12:00:00.077000+00:00
xyz:XYZ100,0.0000125000,0.0002652577,2025-10-17 13:00:00.034000+00:00
xyz:XYZ100,0.0000095311,-0.0002237511,2025-10-17 14:00:00.009000+00:00
xyz:XYZ100,0.0000125000,-0.0001615926,2025-10-17 15:00:00.120000+00:00
xyz:XYZ100,-0.0000197822,-0.0004582574,2025-10-17 16:00:00.040000+00:00
xyz:XYZ100,0.0000125000,0.0001184203,2025-10-17 17:00:00.015000+00:00
xyz:XYZ100,0.0000176400,0.0004411204,2025-10-17 18:00:00.007000+00:00
xyz:XYZ100,0.0000125000,0.0001258588,2025-10-17 19:00:00.019000+00:00
xyz:XYZ100,0.0000125000,0.0000933806,2025-10-17 20:00:00.028000+00:00
xyz:XYZ100,0.0000125000,0.0000043071,2025-10-17 21:00:00.016000+00:00
xyz:XYZ100,0.0000125000,0.0003911202,2025-10-17 22:00:00.018000+00:00
xyz:XYZ100,0.0000125000,0.0000567581,2025-10-17 23:00:00.049000+00:00
xyz:XYZ100,-0.0000228206,-0.0004825645,2025-10-18 00:00:00.129000+00:00
xyz:XYZ100,0.0000027707,-0.0002778345,2025-10-18 01:00:00.018000+00:00
xyz:XYZ100,0.0000125000,0.0002670577,2025-10-18 02:00:00.084000+00:00
xyz:XYZ100,0.0000189646,0.0004517167,2025-10-18 03:00:00.037000+00:00
xyz:XYZ100,0.0000401784,0.0006214268,2025-10-18 04:00:00.070000+00:00
xyz:XYZ100,-0.0000321684,-0.0005573475,2025-10-18 05:00:00.106000+00:00
xyz:XYZ100,-0.0000421919,-0.0006375352,2025-10-18 06:00:00.001000+00:00
xyz:XYZ100,0.0000905395,0.0010243157,2025-10-18 07:00:00.089000+00:00
xyz:XYZ100,0.0000125000,0.0003650849,2025-10-18 08:00:00.022000+00:00
xyz:XYZ100,0.0000046807,-0.0002625548,2025-10-18 09:00:00.003000+00:00
xyz:XYZ100,0.0000125000,0.0001033703,2025-10-18 10:00:00.005000+00:00
xyz:XYZ100,0.0000907354,0.0010258834,2025-10-18 11:00:00.034000+00:00
xyz:XYZ100,0.0000779185,0.0009233478,2025-10-18 12:00:00+00:00
xyz:XYZ100,0.0000034813,-0.0002721500,2025-10-18 13:00:00.017000+00:00
xyz:XYZ100,-0.0000234807,-0.0004878459,2025-10-18 14:00:00.045000+00:00
xyz:XYZ100,-0.0000385757,-0.0006086055,2025-10-18 15:00:00.069000+00:00
xyz:XYZ100,-0.0000541685,-0.0007333482,2025-10-18 16:00:00.107000+00:00
xyz:XYZ100,-0.0000455198,-0.0006641587,2025-10-18 17:00:00.041000+00:00
xyz:XYZ100,-0.0000311972,-0.0005495773,2025-10-18 18:00:00.003000+00:00
xyz:XYZ100,-0.0000039060,-0.0003312480,2025-10-18 19:00:00.020000+00:00
xyz:XYZ100,0.0000125000,0.0000326143,2025-10-18 20:00:00.014000+00:00
xyz:XYZ100,0.0000125000,0.0002204801,2025-10-18 21:00:00.056000+00:00
xyz:XYZ100,0.0000125000,-0.0001633670,2025-10-18 22:00:00.086000+00:00
xyz:XYZ100,0.0000125000,0.0000729870,2025-10-18 23:00:00.018000+00:00
xyz:XYZ100,0.0000125000,0.0000444832,2025-10-19 00:00:00.092000+00:00
xyz:XYZ100,0.0000125000,0.0000719792,2025-10-19 01:00:00.033000+00:00
xyz:XYZ100,0.0000125000,-0.0001606388,2025-10-19 02:00:00.096000+00:00
xyz:XYZ100,0.0000125000,-0.0001451592,2025-10-19 03:00:00.108000+00:00
xyz:XYZ100,-0.0000017132,-0.0003137052,2025-10-19 04:00:00.025000+00:00
xyz:XYZ100,-0.0000042187,-0.0003337497,2025-10-19 05:00:00.003000+00:00
xyz:XYZ100,0.0000122215,-0.0002022277,2025-10-19 06:00:00.048000+00:00
xyz:XYZ100,0.0000125000,-0.0001635103,2025-10-19 07:00:00.062000+00:00
xyz:XYZ100,0.0000125000,-0.0000045380,2025-10-19 08:00:00.041000+00:00
xyz:XYZ100,0.0000125000,0.0001451768,2025-10-19 09:00:00.022000+00:00
xyz:XYZ100,0.0000125000,0.0000865157,2025-10-19 10:00:00.085000+00:00
xyz:XYZ100,0.0000277098,0.0005216782,2025-10-19 11:00:00.055000+00:00
xyz:XYZ100,0.0000125000,0.0001021977,2025-10-19 12:00:00.055000+00:00
xyz:XYZ100,0.0000125000,-0.0000945919,2025-10-19 13:00:00.079000+00:00
xyz:XYZ100,0.0000125000,0.0000824223,2025-10-19 14:00:00.090000+00:00
xyz:XYZ100,0.0000125000,-0.0000703108,2025-10-19 15:00:00.068000+00:00
xyz:XYZ100,0.0000125000,0.0002839766,2025-10-19 16:00:00.015000+00:00
xyz:XYZ100,0.0000125000,0.0000837254,2025-10-19 17:00:00.027000+00:00
xyz:XYZ100,0.0000150520,0.0004204161,2025-10-19 18:00:00.002000+00:00
xyz:XYZ100,0.0000449666,0.0006597325,2025-10-19 19:00:00.081000+00:00
xyz:XYZ100,0.0000596328,0.0007770628,2025-10-19 20:00:00.001000+00:00
xyz:XYZ100,0.0000732477,0.0008859814,2025-10-19 21:00:00+00:00
xyz:XYZ100,0.0001197795,0.0012582363,2025-10-19 22:00:00.051000+00:00
xyz:XYZ100,0.0000485577,0.0006884613,2025-10-19 23:00:00.023000+00:00
xyz:XYZ100,0.0001071128,0.0011569024,2025-10-20 00:00:00.001000+00:00
xyz:XYZ100,0.0000158659,0.0004269276,2025-10-20 01:00:00.091000+00:00
xyz:XYZ100,-0.0000100661,-0.0003805290,2025-10-20 02:00:00.012000+00:00
xyz:XYZ100,-0.0000998792,-0.0010990339,2025-10-20 03:00:00.011000+00:00
xyz:XYZ100,-0.0000988597,-0.0010908776,2025-10-20 04:00:00.027000+00:00
xyz:XYZ100,-0.0000073509,-0.0003588073,2025-10-20 05:00:00.027000+00:00
xyz:XYZ100,-0.0000335003,-0.0005680028,2025-10-20 06:00:00.067000+00:00
xyz:XYZ100,-0.0000493031,-0.0006944248,2025-10-20 07:00:00.099000+00:00
xyz:XYZ100,-0.0000755237,-0.0009041899,2025-10-20 08:00:00.102000+00:00
xyz:XYZ100,0.0000125000,0.0002282055,2025-10-20 09:00:00.121000+00:00
xyz:XYZ100,0.0000125000,-0.0000223876,2025-10-20 10:00:00.031000+00:00
xyz:XYZ100,0.0000125000,0.0003865898,2025-10-20 11:00:00.001000+00:00
xyz:XYZ100,0.0000125000,0.0000402919,2025-10-20 12:00:00.008000+00:00
xyz:XYZ100,-0.0000020922,-0.0003167379,2025-10-20 13:00:00.016000+00:00
xyz:XYZ100,0.0000125000,-0.0001881933,2025-10-20 14:00:00.008000+00:00
xyz:XYZ100,-0.0000545186,-0.0007361488,2025-10-20 15:00:00.038000+00:00
xyz:XYZ100,-0.0000137523,-0.0004100183,2025-10-20 16:00:00.065000+00:00
xyz:XYZ100,-0.0000514747,-0.0007117978,2025-10-20 17:00:00.004000+00:00
xyz:XYZ100,-0.0000279357,-0.0005234855,2025-10-20 18:00:00.050000+00:00
xyz:XYZ100,-0.0000460638,-0.0006685100,2025-10-20 19:00:00.049000+00:00
xyz:XYZ100,0.0000125000,0.0000304459,2025-10-20 20:00:00.017000+00:00
xyz:XYZ100,0.0000125000,-0.0000206020,2025-10-20 21:00:00.028000+00:00
xyz:XYZ100,0.0000125000,-0.0000144178,2025-10-20 22:00:00.031000+00:00
xyz:XYZ100,0.0000125000,-0.0000550352,2025-10-20 23:00:00.065000+00:00
xyz:XYZ100,0.0000125000,-0.0001402537,2025-10-21 00:00:00.019000+00:00
xyz:XYZ100,0.0000125000,-0.0001977831,2025-10-21 01:00:00.007000+00:00
xyz:XYZ100,0.0000125000,0.0000016996,2025-10-21 02:00:00.031000+00:00
xyz:XYZ100,0.0000125000,0.0002685890,2025-10-21 03:00:00.071000+00:00
xyz:XYZ100,0.0000125000,0.0003378822,2025-10-21 04:00:00.035000+00:00
xyz:XYZ100,0.0000125000,-0.0000932362,2025-10-21 05:00:00.063000+00:00
xyz:XYZ100,0.0000125000,0.0000361827,2025-10-21 06:00:00.008000+00:00
xyz:XYZ100,-0.0000523264,-0.0007186116,2025-10-21 07:00:00.118000+00:00
xyz:XYZ100,0.0000125000,-0.0000554720,2025-10-21 08:00:00.010000+00:00
xyz:XYZ100,0.0000125000,0.0002340051,2025-10-21 09:00:00.003000+00:00
xyz:XYZ100,0.0000120668,-0.0002034652,2025-10-21 10:00:00.028000+00:00
xyz:XYZ100,0.0000125000,0.0002571247,2025-10-21 11:00:00.076000+00:00
xyz:XYZ100,0.0000643650,0.0008149196,2025-10-21 12:00:00.078000+00:00
xyz:XYZ100,0.0001395512,0.0014164096,2025-10-21 13:00:00.030000+00:00
xyz:XYZ100,0.0000952619,0.0010620954,2025-10-21 14:00:00.096000+00:00
xyz:XYZ100,0.0000262493,0.0005099945,2025-10-21 15:00:00.047000+00:00
xyz:XYZ100,0.0000125000,0.0001008484,2025-10-21 16:00:00.042000+00:00
xyz:XYZ100,0.0000125000,0.0002999422,2025-10-21 17:00:00.058000+00:00
xyz:XYZ100,0.0000125000,0.0003187168,2025-10-21 18:00:00.016000+00:00
xyz:XYZ100,0.0000125000,0.0002932058,2025-10-21 19:00:00.080000+00:00
xyz:XYZ100,0.0000264890,0.0005119124,2025-10-21 20:00:00.060000+00:00
xyz:XYZ100,0.0000253371,0.0005026968,2025-10-21 21:00:00.019000+00:00
xyz:XYZ100,0.0000449335,0.0006594679,2025-10-21 22:00:00.011000+00:00
xyz:XYZ100,0.0000304043,0.0005432345,2025-10-21 23:00:00.060000+00:00
xyz:XYZ100,0.0000475331,0.0006802646,2025-10-22 00:00:00.025000+00:00
xyz:XYZ100,0.0000901472,0.0010211774,2025-10-22 01:00:00.050000+00:00
xyz:XYZ100,0.0000125000,-0.0000626261,2025-10-22 02:00:00.020000+00:00
xyz:XYZ100,-0.0000008152,-0.0003065218,2025-10-22 03:00:00.081000+00:00
xyz:XYZ100,0.0000311750,0.0005494003,2025-10-22 04:00:00.076000+00:00
xyz:XYZ100,-0.0000394727,-0.0006157819,2025-10-22 05:00:00.035000+00:00
xyz:XYZ100,0.0000125000,0.0001381488,2025-10-22 06:00:00.009000+00:00
xyz:XYZ100,0.0000343902,0.0005751218,2025-10-22 07:00:00.071000+00:00
xyz:XYZ100,0.0000295911,0.0005367289,2025-10-22 08:00:00.062000+00:00
xyz:XYZ100,0.0000346035,0.0005768284,2025-10-22 09:00:00.059000+00:00
xyz:XYZ100,0.0000125000,0.0001313258,2025-10-22 10:00:00.074000+00:00
xyz:XYZ100,0.0000125000,0.0003853491,2025-10-22 11:00:00.056000+00:00
xyz:XYZ100,0.0000432162,0.0006457292,2025-10-22 12:00:00.032000+00:00
xyz:XYZ100,0.0000190556,0.0004524449,2025-10-22 13:00:00.031000+00:00
xyz:XYZ100,0.0000125000,0.0003713644,2025-10-22 14:00:00.029000+00:00
xyz:XYZ100,0.0000698236,0.0008585889,2025-10-22 15:00:00.025000+00:00
xyz:XYZ100,0.0000916053,0.0010328421,2025-10-22 16:00:00.036000+00:00
xyz:XYZ100,0.0001643989,0.0016151916,2025-10-22 17:00:00.033000+00:00
xyz:XYZ100,0.0001633401,0.0016067204,2025-10-22 18:00:00.008000+00:00
xyz:XYZ100,0.0001036297,0.0011290378,2025-10-22 19:00:00.089000+00:00
xyz:XYZ100,0.0000288064,0.0005304508,2025-10-22 20:00:00.002000+00:00
xyz:XYZ100,0.0000125000,0.0002030604,2025-10-22 21:00:00.025000+00:00
xyz:XYZ100,-0.0000335634,-0.0005685076,2025-10-22 22:00:00.027000+00:00
xyz:XYZ100,0.0000125000,-0.0001004038,2025-10-22 23:00:00.005000+00:00
xyz:XYZ100,0.0000125000,0.0003517863,2025-10-23 00:00:00.009000+00:00
xyz:XYZ100,0.0000602275,0.0007818198,2025-10-23 01:00:00.016000+00:00
xyz:XYZ100,0.0000125000,-0.0001641623,2025-10-23 02:00:00.031000+00:00
xyz:XYZ100,0.0000156829,0.0004254632,2025-10-23 03:00:00.006000+00:00
xyz:XYZ100,0.0000125000,0.0000774740,2025-10-23 04:00:00.069000+00:00
xyz:XYZ100,0.0000125000,0.0002803577,2025-10-23 05:00:00.027000+00:00
xyz:XYZ100,0.0000125000,0.0002455398,2025-10-23 06:00:00.059000+00:00
xyz:XYZ100,-0.0000038438,-0.0003307508,2025-10-23 07:00:00.050000+00:00
xyz:XYZ100,0.0000125000,0.0002859382,2025-10-23 08:00:00.047000+00:00
xyz:XYZ100,0.0000259072,0.0005072577,2025-10-23 09:00:00.058000+00:00
xyz:XYZ100,0.0001223424,0.0012787390,2025-10-23 10:00:00.041000+00:00
xyz:XYZ100,0.0000294382,0.0005355054,2025-10-23 11:00:00.009000+00:00
xyz:XYZ100,0.0000405227,0.0006241819,2025-10-23 12:00:00.003000+00:00
xyz:XYZ100,0.0000567012,0.0007536093,2025-10-23 13:00:00.028000+00:00
xyz:XYZ100,0.0000125000,0.0001414302,2025-10-23 14:00:00.017000+00:00
xyz:XYZ100,0.0000125000,0.0001035273,2025-10-23 15:00:00.071000+00:00
xyz:XYZ100,0.0000125000,0.0001898334,2025-10-23 16:00:00.077000+00:00
xyz:XYZ100,0.0000125000,-0.0000418676,2025-10-23 17:00:00.066000+00:00
xyz:XYZ100,0.0000125000,-0.0001283808,2025-10-23 18:00:00.067000+00:00
xyz:XYZ100,0.0000125000,0.0003221550,2025-10-23 19:00:00.064000+00:00
xyz:XYZ100,0.0000125000,-0.0000963997,2025-10-23 20:00:00.111000+00:00
xyz:XYZ100,0.0000125000,0.0000612304,2025-10-23 21:00:00.075000+00:00
xyz:XYZ100,0.0000125000,0.0001390947,2025-10-23 22:00:00.059000+00:00
xyz:XYZ100,0.0000125000,0.0001431550,2025-10-23 23:00:00.061000+00:00
xyz:XYZ100,0.0000125000,0.0001971152,2025-10-24 00:00:00.027000+00:00
xyz:XYZ100,0.0000125000,0.0003403675,2025-10-24 01:00:00.017000+00:00
xyz:XYZ100,0.0000125000,0.0001094830,2025-10-24 02:00:00.037000+00:00
xyz:XYZ100,0.0000060153,-0.0002518776,2025-10-24 03:00:00.019000+00:00
xyz:XYZ100,-0.0000197260,-0.0004578083,2025-10-24 04:00:00.025000+00:00
xyz:XYZ100,0.0000125000,0.0001114541,2025-10-24 05:00:00.030000+00:00
xyz:XYZ100,0.0000125000,0.0001101838,2025-10-24 06:00:00.025000+00:00
xyz:XYZ100,0.0000125000,-0.0000312906,2025-10-24 07:00:00.071000+00:00
xyz:XYZ100,0.0000702012,0.0008616099,2025-10-24 08:00:00.077000+00:00
xyz:XYZ100,0.0000752873,0.0009022988,2025-10-24 09:00:00.061000+00:00
xyz:XYZ100,0.0000125000,0.0003087115,2025-10-24 10:00:00.120000+00:00
xyz:XYZ100,0.0000125000,0.0003575081,2025-10-24 11:00:00.104000+00:00
xyz:XYZ100,0.0000191850,0.0004534804,2025-10-24 12:00:00.013000+00:00
xyz:XYZ100,0.0000125000,0.0003941203,2025-10-24 13:00:00.033000+00:00
xyz:XYZ100,0.0000125000,0.0003964693,2025-10-24 14:00:00.009000+00:00
xyz:XYZ100,0.0000125000,-0.0001798361,2025-10-24 15:00:00.027000+00:00
xyz:XYZ100,0.0000125000,-0.0001334834,2025-10-24 16:00:00.171000+00:00
xyz:XYZ100,0.0000125000,-0.0001374467,2025-10-24 17:00:00.036000+00:00
xyz:XYZ100,0.0000125000,0.0001870063,2025-10-24 18:00:00.052000+00:00
xyz:XYZ100,0.0000226105,0.0004808840,2025-10-24 19:00:00.043000+00:00
xyz:XYZ100,0.0000125000,0.0000127482,2025-10-24 20:00:00.021000+00:00
xyz:XYZ100,0.0000045455,-0.0002636363,2025-10-24 21:00:00.031000+00:00
xyz:XYZ100,0.0000125000,0.0000289116,2025-10-24 22:00:00.007000+00:00
xyz:XYZ100,0.0000125000,0.0000775613,2025-10-24 23:00:00.032000+00:00
xyz:XYZ100,0.0000125000,0.0001731877,2025-10-25 00:00:00.014000+00:00
xyz:XYZ100,0.0000375788,0.0006006307,2025-10-25 01:00:00.081000+00:00
xyz:XYZ100,0.0000699291,0.0008594328,2025-10-25 02:00:00.085000+00:00
xyz:XYZ100,0.0000625360,0.0008002883,2025-10-25 03:00:00.008000+00:00
xyz:XYZ100,0.0000627133,0.0008017065,2025-10-25 04:00:00.066000+00:00
xyz:XYZ100,0.0001097491,0.0011779931,2025-10-25 05:00:00.028000+00:00
xyz:XYZ100,0.0001102282,0.0011818259,2025-10-25 06:00:00.036000+00:00
xyz:XYZ100,0.0000397299,0.0006178388,2025-10-25 07:00:00.008000+00:00
xyz:XYZ100,0.0000125000,0.0001874029,2025-10-25 08:00:00.043000+00:00
xyz:XYZ100,0.0000168613,0.0004348902,2025-10-25 09:00:00.025000+00:00
xyz:XYZ100,0.0000225891,0.0004807128,2025-10-25 10:00:00.021000+00:00
xyz:XYZ100,0.0000266531,0.0005132244,2025-10-25 11:00:00.057000+00:00
xyz:XYZ100,0.0000214345,0.0004714760,2025-10-25 12:00:00.047000+00:00
xyz:XYZ100,0.0000135282,0.0004082252,2025-10-25 13:00:00.046000+00:00
xyz:XYZ100,0.0000125000,0.0000798887,2025-10-25 14:00:00.058000+00:00
xyz:XYZ100,0.0000114450,-0.0002084397,2025-10-25 15:00:00.016000+00:00
xyz:XYZ100,0.0000125000,0.0002885781,2025-10-25 16:00:00.041000+00:00
xyz:XYZ100,0.0001842940,0.0017743522,2025-10-25 17:00:00.015000+00:00
xyz:XYZ100,0.0000482467,0.0006859733,2025-10-25 18:00:00.027000+00:00
xyz:XYZ100,0.0000412988,0.0006303900,2025-10-25 19:00:00.030000+00:00
xyz:XYZ100,0.0000125000,-0.0000352281,2025-10-25 20:00:00.002000+00:00
xyz:XYZ100,0.0000125000,0.0002648888,2025-10-25 21:00:00.073000+00:00
xyz:XYZ100,0.0000125000,0.0001440285,2025-10-25 22:00:00.055000+00:00
xyz:XYZ100,0.0000125000,0.0000406597,2025-10-25 23:00:00.044000+00:00
xyz:XYZ100,0.0000125000,-0.0000258447,2025-10-26 00:00:00.032000+00:00
xyz:XYZ100,0.0000125000,0.0001683722,2025-10-26 01:00:00.040000+00:00
xyz:XYZ100,0.0000125000,-0.0000536222,2025-10-26 02:00:00.006000+00:00
xyz:XYZ100,0.0000057670,-0.0002538641,2025-10-26 03:00:00.063000+00:00
xyz:XYZ100,0.0000125000,-0.0001122456,2025-10-26 04:00:00.133000+00:00
xyz:XYZ100,-0.0000040465,-0.0003323720,2025-10-26 05:00:00.021000+00:00
xyz:XYZ100,-0.0000076850,-0.0003614803,2025-10-26 06:00:00.088000+00:00
xyz:XYZ100,-0.0000003353,-0.0003026822,2025-10-26 07:00:00.054000+00:00
xyz:XYZ100,0.0000125000,-0.0001286271,2025-10-26 08:00:00.009000+00:00
xyz:XYZ100,0.0000125000,-0.0001011456,2025-10-26 09:00:00.041000+00:00
xyz:XYZ100,0.0000125000,-0.0001978524,2025-10-26 10:00:00.028000+00:00
xyz:XYZ100,0.0000079376,-0.0002364993,2025-10-26 11:00:00.068000+00:00
xyz:XYZ100,0.0000125000,-0.0000193738,2025-10-26 12:00:00.084000+00:00
xyz:XYZ100,0.0003029969,0.0027239748,2025-10-26 13:00:00.054000+00:00
xyz:XYZ100,0.0001988931,0.0018911449,2025-10-26 14:00:00.041000+00:00
xyz:XYZ100,0.0000963547,0.0010708373,2025-10-26 15:00:00.079000+00:00
xyz:XYZ100,0.0000539134,0.0007313069,2025-10-26 16:00:00.039000+00:00
xyz:XYZ100,0.0000626118,0.0008008946,2025-10-26 17:00:00.074000+00:00
xyz:XYZ100,0.0001059874,0.0011478989,2025-10-26 18:00:00.030000+00:00
xyz:XYZ100,0.0000910771,0.0010286164,2025-10-26 19:00:00.059000+00:00
xyz:XYZ100,0.0001382617,0.0014060935,2025-10-26 20:00:00.056000+00:00
xyz:XYZ100,0.0001286131,0.0013289050,2025-10-26 21:00:00.033000+00:00
xyz:XYZ100,0.0000308136,0.0005465092,2025-10-26 22:00:00.019000+00:00
xyz:XYZ100,0.0000354040,0.0005832317,2025-10-26 23:00:00.009000+00:00
xyz:XYZ100,0.0000430470,0.0006443757,2025-10-27 00:00:00.020000+00:00
xyz:XYZ100,0.0000521045,0.0007168362,2025-10-27 01:00:00.007000+00:00
xyz:XYZ100,0.0001381326,0.0014050608,2025-10-27 02:00:00.080000+00:00
xyz:XYZ100,0.0000882339,0.0010058714,2025-10-27 03:00:00.034000+00:00
xyz:XYZ100,0.0000125000,-0.0001874750,2025-10-27 04:00:00.050000+00:00
xyz:XYZ100,0.0000748435,0.0008987481,2025-10-27 05:00:00.056000+00:00
xyz:XYZ100,0.0000226655,0.0004813238,2025-10-27 06:00:00.073000+00:00
xyz:XYZ100,0.0000125000,0.0003394383,2025-10-27 07:00:00.002000+00:00
xyz:XYZ100,0.0000414032,0.0006312258,2025-10-27 08:00:00.067000+00:00
xyz:XYZ100,0.0000125000,0.0002064073,2025-10-27 09:00:00.016000+00:00
xyz:XYZ100,0.0000125000,-0.0001081489,2025-10-27 10:00:00.082000+00:00
xyz:XYZ100,0.0000280390,0.0005243119,2025-10-27 11:00:00.067000+00:00
xyz:XYZ100,0.0000487546,0.0006900365,2025-10-27 12:00:00.052000+00:00
xyz:XYZ100,0.0000125000,0.0000359819,2025-10-27 13:00:00.132000+00:00
xyz:XYZ100,-0.0000345207,-0.0005761657,2025-10-27 14:00:00.028000+00:00
xyz:XYZ100,0.0000125000,-0.0001620036,2025-10-27 15:00:00.090000+00:00
xyz:XYZ100,0.0000125000,0.0000016474,2025-10-27 16:00:00.054000+00:00
xyz:XYZ100,0.0000125000,-0.0000005955,2025-10-27 17:00:00.078000+00:00
xyz:XYZ100,0.0000125000,-0.0001554291,2025-10-27 18:00:00.053000+00:00
xyz:XYZ100,-0.0000080479,-0.0003643830,2025-10-27 19:00:00.055000+00:00
xyz:XYZ100,0.0000125000,0.0002623562,2025-10-27 20:00:00.077000+00:00
xyz:XYZ100,0.0000125000,0.0003668002,2025-10-27 21:00:00.065000+00:00
xyz:XYZ100,0.0000125000,0.0001619668,2025-10-27 22:00:00.010000+00:00
xyz:XYZ100,0.0000144839,0.0004158710,2025-10-27 23:00:00.071000+00:00
xyz:XYZ100,0.0000168678,0.0004349423,2025-10-28 00:00:00.041000+00:00
xyz:XYZ100,0.0000125000,-0.0000011754,2025-10-28 01:00:00.058000+00:00
xyz:XYZ100,0.0000125000,-0.0001020855,2025-10-28 02:00:00.012000+00:00
xyz:XYZ100,0.0000125000,-0.0001023130,2025-10-28 03:00:00.031000+00:00
xyz:XYZ100,0.0000125000,0.0003303872,2025-10-28 04:00:00.021000+00:00
xyz:XYZ100,0.0000125000,0.0001946094,2025-10-28 05:00:00.020000+00:00
xyz:XYZ100,-0.0000235155,-0.0004881240,2025-10-28 06:00:00.053000+00:00
xyz:XYZ100,-0.0000131285,-0.0004050283,2025-10-28 07:00:00.074000+00:00
xyz:XYZ100,-0.0000330503,-0.0005644026,2025-10-28 08:00:00.069000+00:00
xyz:XYZ100,-0.0000090897,-0.0003727175,2025-10-28 09:00:00.046000+00:00
xyz:XYZ100,-0.0000238484,-0.0004907869,2025-10-28 10:00:00.036000+00:00
xyz:XYZ100,-0.0000079401,-0.0003635208,2025-10-28 11:00:00.005000+00:00
xyz:XYZ100,0.0000024487,-0.0002804101,2025-10-28 12:00:00.001000+00:00
xyz:XYZ100,-0.0000054593,-0.0003436744,2025-10-28 13:00:00.109000+00:00
xyz:XYZ100,-0.0000048809,-0.0003390470,2025-10-28 14:00:00.010000+00:00
xyz:XYZ100,0.0000125000,0.0001961674,2025-10-28 15:00:00.019000+00:00
xyz:XYZ100,0.0000125000,-0.0001157371,2025-10-28 16:00:00.046000+00:00
xyz:XYZ100,-0.0000113707,-0.0003909659,2025-10-28 17:00:00.059000+00:00
xyz:XYZ100,-0.0000061601,-0.0003492807,2025-10-28 18:00:00.091000+00:00
xyz:XYZ100,0.0000125000,-0.0001936854,2025-10-28 19:00:00.102000+00:00
xyz:XYZ100,0.0000125000,-0.0001157987,2025-10-28 20:00:00.058000+00:00
xyz:XYZ100,-0.0000493604,-0.0006948828,2025-10-28 21:00:00.077000+00:00
xyz:XYZ100,-0.0000460099,-0.0006680793,2025-10-28 22:00:00.030000+00:00
xyz:XYZ100,0.0000125000,-0.0000014404,2025-10-28 23:00:00.042000+00:00
xyz:XYZ100,0.0000125000,0.0000933615,2025-10-29 00:00:00.102000+00:00
xyz:XYZ100,0.0000125000,-0.0000025983,2025-10-29 01:00:00.042000+00:00
xyz:XYZ100,-0.0000604061,-0.0007832488,2025-10-29 02:00:00.077000+00:00
xyz:XYZ100,0.0000125000,-0.0001248553,2025-10-29 03:00:00.042000+00:00
xyz:XYZ100,0.0000620579,0.0007964635,2025-10-29 04:00:00.036000+00:00
xyz:XYZ100,0.0000125000,-0.0001073448,2025-10-29 05:00:00.043000+00:00
xyz:XYZ100,0.0000125000,-0.0000844907,2025-10-29 06:00:00.006000+00:00
xyz:XYZ100,0.0000125000,-0.0001034481,2025-10-29 07:00:00.020000+00:00
xyz:XYZ100,0.0000125000,-0.0000928024,2025-10-29 08:00:00.053000+00:00
xyz:XYZ100,0.0000125000,0.0002553980,2025-10-29 09:00:00.061000+00:00
xyz:XYZ100,0.0000125000,0.0002543077,2025-10-29 10:00:00.044000+00:00
xyz:XYZ100,0.0000125000,0.0000319151,2025-10-29 11:00:00.044000+00:00
xyz:XYZ100,0.0000125000,0.0000995812,2025-10-29 12:00:00.098000+00:00
xyz:XYZ100,0.0000125000,0.0003739630,2025-10-29 13:00:00+00:00
xyz:XYZ100,0.0000125000,0.0000141395,2025-10-29 14:00:00.006000+00:00
xyz:XYZ100,0.0000125000,-0.0000883663,2025-10-29 15:00:00.035000+00:00
xyz:XYZ100,0.0000033294,-0.0002733645,2025-10-29 16:00:00.064000+00:00
xyz:XYZ100,-0.0000330007,-0.0005640055,2025-10-29 17:00:00.196000+00:00
xyz:XYZ100,0.0000125000,0.0001425440,2025-10-29 18:00:00.117000+00:00
xyz:XYZ100,0.0000204619,0.0004636956,2025-10-29 19:00:00.037000+00:00
xyz:XYZ100,0.0000172242,0.0004377933,2025-10-29 20:00:00.043000+00:00
xyz:XYZ100,0.0000679773,0.0008438181,2025-10-29 21:00:00.014000+00:00
xyz:XYZ100,0.0000125000,0.0002415757,2025-10-29 22:00:00.025000+00:00
xyz:XYZ100,0.0000383726,0.0006069811,2025-10-29 23:00:00.061000+00:00
xyz:XYZ100,0.0000125000,0.0000089767,2025-10-30 00:00:00.035000+00:00
xyz:XYZ100,0.0000299081,0.0005392648,2025-10-30 01:00:00.015000+00:00
xyz:XYZ100,0.0000125000,0.0003571763,2025-10-30 02:00:00.037000+00:00
xyz:XYZ100,0.0000724356,0.0008794849,2025-10-30 03:00:00.041000+00:00
xyz:XYZ100,0.0000125000,0.0000979093,2025-10-30 04:00:00.122000+00:00
xyz:XYZ100,0.0000614288,0.0007914306,2025-10-30 05:00:00.021000+00:00
xyz:XYZ100,0.0000098216,-0.0002214269,2025-10-30 06:00:00.021000+00:00
xyz:XYZ100,0.0001153012,0.0012224100,2025-10-30 07:00:00.062000+00:00
xyz:XYZ100,0.0000125000,-0.0000120785,2025-10-30 08:00:00.024000+00:00
xyz:XYZ100,0.0000125000,0.0001478368,2025-10-30 09:00:00.007000+00:00
xyz:XYZ100,0.0000125000,0.0002155113,2025-10-30 10:00:00.042000+00:00
xyz:XYZ100,-0.0000102524,-0.0003820194,2025-10-30 11:00:00.045000+00:00
xyz:XYZ100,-0.0000187284,-0.0004498275,2025-10-30 12:00:00.003000+00:00
xyz:XYZ100,0.0000125000,0.0001381388,2025-10-30 13:00:00.048000+00:00
xyz:XYZ100,0.0000125000,0.0000359761,2025-10-30 14:00:00.048000+00:00
xyz:XYZ100,0.0000288237,0.0005305893,2025-10-30 15:00:00.044000+00:00
xyz:XYZ100,0.0000125000,0.0002108617,2025-10-30 16:00:00.037000+00:00
xyz:XYZ100,0.0000125000,0.0000844887,2025-10-30 17:00:00.008000+00:00
xyz:XYZ100,0.0000125000,-0.0000967372,2025-10-30 18:00:00.032000+00:00
xyz:XYZ100,0.0000125000,0.0000843388,2025-10-30 19:00:00.088000+00:00
xyz:XYZ100,0.0000125000,0.0001755637,2025-10-30 20:00:00.034000+00:00
xyz:XYZ100,0.0000125000,-0.0001955140,2025-10-30 21:00:00.071000+00:00
xyz:XYZ100,0.0000125000,0.0003109729,2025-10-30 22:00:00.092000+00:00
xyz:XYZ100,0.0000045929,-0.0002632566,2025-10-30 23:00:00.006000+00:00
xyz:XYZ100,0.0000125000,-0.0001843371,2025-10-31 00:00:00.006000+00:00
xyz:XYZ100,-0.0000054839,-0.0003438708,2025-10-31 01:00:00.082000+00:00
xyz:XYZ100,0.0000125000,0.0002045886,2025-10-31 02:00:00.068000+00:00
xyz:XYZ100,0.0000125000,0.0001493350,2025-10-31 03:00:00.072000+00:00
xyz:XYZ100,0.0000125000,-0.0001003856,2025-10-31 04:00:00.038000+00:00
xyz:XYZ100,0.0000125000,0.0000396929,2025-10-31 05:00:00.105000+00:00
xyz:XYZ100,0.0000125000,0.0002279458,2025-10-31 06:00:00.081000+00:00
xyz:XYZ100,0.0000057093,-0.0002543259,2025-10-31 07:00:00.066000+00:00
xyz:XYZ100,-0.0000515673,-0.0007125388,2025-10-31 08:00:00.065000+00:00
xyz:XYZ100,0.0000125000,-0.0000928914,2025-10-31 09:00:00.071000+00:00
xyz:XYZ100,0.0000125000,-0.0000769568,2025-10-31 10:00:00.002000+00:00
xyz:XYZ100,0.0000125000,0.0001167857,2025-10-31 11:00:00.027000+00:00
xyz:XYZ100,0.0000125000,-0.0000046467,2025-10-31 12:00:00.145000+00:00
xyz:XYZ100,0.0000125000,-0.0000169613,2025-10-31 13:00:00.016000+00:00
xyz:XYZ100,0.0000125000,0.0003569497,2025-10-31 14:00:00.066000+00:00
xyz:XYZ100,0.0000125000,0.0000976230,2025-10-31 15:00:00.074000+00:00
xyz:XYZ100,0.0000123465,-0.0002012283,2025-10-31 16:00:00.068000+00:00
xyz:XYZ100,0.0000125000,-0.0000965693,2025-10-31 17:00:00.021000+00:00
xyz:XYZ100,0.0000125000,-0.0000806514,2025-10-31 18:00:00.067000+00:00
xyz:XYZ100,0.0000125000,-0.0001897584,2025-10-31 19:00:00.009000+00:00
xyz:XYZ100,-0.0000040570,-0.0003324557,2025-10-31 20:00:00.030000+00:00
xyz:XYZ100,0.0000125000,-0.0001457944,2025-10-31 21:00:00.040000+00:00
xyz:XYZ100,0.0000051648,-0.0002586819,2025-10-31 22:00:00.089000+00:00
xyz:XYZ100,0.0000093342,-0.0002253266,2025-10-31 23:00:00.037000+00:00
xyz:XYZ100,0.0000125000,-0.0000967081,2025-11-01 00:00:00.078000+00:00
xyz:XYZ100,0.0000125000,0.0002054012,2025-11-01 01:00:00.002000+00:00
xyz:XYZ100,0.0000125000,0.0003470585,2025-11-01 02:00:00+00:00
xyz:XYZ100,0.0000324881,0.0005599049,2025-11-01 03:00:00.108000+00:00
xyz:XYZ100,0.0000560554,0.0007484432,2025-11-01 04:00:00.053000+00:00
xyz:XYZ100,0.0001550060,0.0015400483,2025-11-01 05:00:00.085000+00:00
xyz:XYZ100,0.0001533953,0.0015271628,2025-11-01 06:00:00.046000+00:00
xyz:XYZ100,0.0000768688,0.0009149507,2025-11-01 07:00:00.032000+00:00
xyz:XYZ100,0.0000453425,0.0006627399,2025-11-01 08:00:00.039000+00:00
xyz:XYZ100,0.0000685517,0.0008484137,2025-11-01 09:00:00.075000+00:00
xyz:XYZ100,0.0000125000,0.0001489663,2025-11-01 10:00:00.010000+00:00
xyz:XYZ100,0.0000125000,-0.0001386550,2025-11-01 11:00:00.062000+00:00
xyz:XYZ100,0.0000125000,-0.0000252546,2025-11-01 12:00:00.072000+00:00
xyz:XYZ100,0.0000125000,-0.0000193244,2025-11-01 13:00:00.047000+00:00
xyz:XYZ100,0.0000125000,-0.0001431099,2025-11-01 14:00:00.013000+00:00
xyz:XYZ100,-0.0000515635,-0.0007125079,2025-11-01 15:00:00.106000+00:00
xyz:XYZ100,-0.0000788439,-0.0009307509,2025-11-01 16:00:00.044000+00:00
xyz:XYZ100,0.0000000881,-0.0002992951,2025-11-01 17:00:00.100000+00:00
xyz:XYZ100,0.0000125000,0.0001323490,2025-11-01 18:00:00.005000+00:00
xyz:XYZ100,0.0000125000,0.0002796040,2025-11-01 19:00:00.116000+00:00
xyz:XYZ100,0.0000131630,0.0004053043,2025-11-01 20:00:00.002000+00:00
xyz:XYZ100,0.0000363290,0.0005906318,2025-11-01 21:00:00.008000+00:00
xyz:XYZ100,0.0000303322,0.0005426574,2025-11-01 22:00:00.031000+00:00
xyz:XYZ100,0.0000125000,0.0003485318,2025-11-01 23:00:00.014000+00:00
xyz:XYZ100,0.0000125000,0.0001347888,2025-11-02 00:00:00.094000+00:00
xyz:XYZ100,0.0000125000,0.0001352657,2025-11-02 01:00:00+00:00
xyz:XYZ100,0.0000125000,0.0000989766,2025-11-02 02:00:00.052000+00:00
xyz:XYZ100,0.0000125000,0.0000970977,2025-11-02 03:00:00.004000+00:00
xyz:XYZ100,0.0000125000,0.0002361171,2025-11-02 04:00:00.012000+00:00
xyz:XYZ100,0.0000237838,0.0004902706,2025-11-02 05:00:00.099000+00:00
xyz:XYZ100,0.0000591224,0.0007729793,2025-11-02 06:00:00.007000+00:00
xyz:XYZ100,0.0000447939,0.0006583509,2025-11-02 07:00:00.053000+00:00
xyz:XYZ100,0.0000125000,0.0002551791,2025-11-02 08:00:00.040000+00:00
xyz:XYZ100,0.0000125000,0.0003004594,2025-11-02 09:00:00.053000+00:00
xyz:XYZ100,0.0000329855,0.0005638838,2025-11-02 10:00:00.020000+00:00
xyz:XYZ100,0.0000125000,0.0002987988,2025-11-02 11:00:00.019000+00:00
xyz:XYZ100,0.0000125000,0.0002727482,2025-11-02 12:00:00.027000+00:00
xyz:XYZ100,0.0000125000,0.0003405064,2025-11-02 13:00:00.003000+00:00
xyz:XYZ100,0.0000365814,0.0005926516,2025-11-02 14:00:00.057000+00:00
xyz:XYZ100,0.0000125000,0.0003464705,2025-11-02 15:00:00.055000+00:00
xyz:XYZ100,0.0000125000,0.0001905249,2025-11-02 16:00:00.038000+00:00
xyz:XYZ100,0.0000125000,-0.0001785212,2025-11-02 17:00:00.043000+00:00
xyz:XYZ100,-0.0000191348,-0.0004530785,2025-11-02 18:00:00.014000+00:00
xyz:XYZ100,-0.0000166931,-0.0004335447,2025-11-02 19:00:00.050000+00:00
xyz:XYZ100,-0.0000104743,-0.0003837946,2025-11-02 20:00:00.024000+00:00
xyz:XYZ100,-0.0000234216,-0.0004873724,2025-11-02 21:00:00.063000+00:00
xyz:XYZ100,-0.0000295865,-0.0005366920,2025-11-02 22:00:00.055000+00:00
xyz:XYZ100,-0.0000850563,-0.0009804506,2025-11-02 23:00:00.127000+00:00
xyz:XYZ100,-0.0000194981,-0.0004559851,2025-11-03 00:00:00.108000+00:00
xyz:XYZ100,0.0000125000,0.0000647143,2025-11-03 01:00:00.005000+00:00
xyz:XYZ100,0.0000125000,0.0000244333,2025-11-03 02:00:00.074000+00:00
xyz:XYZ100,0.0000125000,-0.0001805978,2025-11-03 03:00:00.048000+00:00
xyz:XYZ100,0.0000125000,-0.0000650697,2025-11-03 04:00:00.069000+00:00
xyz:XYZ100,-0.0000607838,-0.0007862702,2025-11-03 05:00:00.062000+00:00
xyz:XYZ100,0.0000125000,0.0001420302,2025-11-03 06:00:00.081000+00:00
xyz:XYZ100,0.0000182293,0.0004458344,2025-11-03 07:00:00.041000+00:00
xyz:XYZ100,0.0000125000,0.0002309494,2025-11-03 08:00:00.009000+00:00
xyz:XYZ100,-0.0000286201,-0.0005289607,2025-11-03 09:00:00.014000+00:00
xyz:XYZ100,0.0000110143,-0.0002118856,2025-11-03 10:00:00.019000+00:00
xyz:XYZ100,-0.0000046718,-0.0003373744,2025-11-03 11:00:00.065000+00:00
xyz:XYZ100,-0.0000068249,-0.0003545989,2025-11-03 12:00:00.073000+00:00
xyz:XYZ100,-0.0000025242,-0.0003201933,2025-11-03 13:00:00.022000+00:00
xyz:XYZ100,0.0000041885,-0.0002664917,2025-11-03 14:00:00.040000+00:00
xyz:XYZ100,0.0000177837,0.0004422698,2025-11-03 15:00:00.059000+00:00
xyz:XYZ100,0.0000125000,-0.0000108664,2025-11-03 16:00:00.024000+00:00
xyz:XYZ100,0.0000073832,-0.0002409345,2025-11-03 17:00:00.019000+00:00
xyz:XYZ100,0.0000124197,-0.0002006425,2025-11-03 18:00:00.009000+00:00
xyz:XYZ100,0.0000125000,0.0000777698,2025-11-03 19:00:00.094000+00:00
xyz:XYZ100,0.0000192136,0.0004537087,2025-11-03 20:00:00.046000+00:00
xyz:XYZ100,0.0000125000,0.0001438759,2025-11-03 21:00:00+00:00
xyz:XYZ100,0.0000125000,-0.0000188209,2025-11-03 22:00:00.013000+00:00
xyz:XYZ100,-0.0000084144,-0.0003673156,2025-11-03 23:00:00.040000+00:00
xyz:XYZ100,-0.0000001498,-0.0003011986,2025-11-04 00:00:00.009000+00:00
xyz:XYZ100,-0.0000141123,-0.0004128982,2025-11-04 01:00:00.022000+00:00
xyz:XYZ100,0.0000125000,-0.0001741226,2025-11-04 02:00:00.049000+00:00
xyz:XYZ100,0.0000238367,0.0004906937,2025-11-04 03:00:00.014000+00:00
xyz:XYZ100,0.0000125000,-0.0000597932,2025-11-04 04:00:00.074000+00:00
xyz:XYZ100,0.0000125000,-0.0000628107,2025-11-04 05:00:00.042000+00:00
xyz:XYZ100,0.0000125000,0.0000522658,2025-11-04 06:00:00.054000+00:00
xyz:XYZ100,-0.0000009095,-0.0003072758,2025-11-04 07:00:00.052000+00:00
xyz:XYZ100,0.0000125000,-0.0000433486,2025-11-04 08:00:00.064000+00:00
xyz:XYZ100,0.0000125000,-0.0000419221,2025-11-04 09:00:00.001000+00:00
xyz:XYZ100,0.0000125000,0.0000861027,2025-11-04 10:00:00.042000+00:00
xyz:XYZ100,-0.0000131994,-0.0004055954,2025-11-04 11:00:00.018000+00:00
xyz:XYZ100,0.0000125000,0.0000394629,2025-11-04 12:00:00.053000+00:00
xyz:XYZ100,0.0000125000,-0.0000018401,2025-11-04 13:00:00.065000+00:00
xyz:XYZ100,0.0000125000,-0.0000024645,2025-11-04 14:00:00.077000+00:00
xyz:XYZ100,-0.0000047328,-0.0003378623,2025-11-04 15:00:00.003000+00:00
xyz:XYZ100,0.0000125000,-0.0001082425,2025-11-04 16:00:00+00:00
xyz:XYZ100,0.0000125000,-0.0001959199,2025-11-04 17:00:00.006000+00:00
xyz:XYZ100,0.0000125000,0.0000828556,2025-11-04 18:00:00.062000+00:00
xyz:XYZ100,0.0000007135,-0.0002942922,2025-11-04 19:00:00.079000+00:00
xyz:XYZ100,0.0000125000,-0.0000943950,2025-11-04 20:00:00.059000+00:00
xyz:XYZ100,0.0000053138,-0.0002574898,2025-11-04 21:00:00.034000+00:00
xyz:XYZ100,0.0000016227,-0.0002870187,2025-11-04 22:00:00.024000+00:00
xyz:XYZ100,0.0000125000,-0.0001188146,2025-11-04 23:00:00.105000+00:00
xyz:XYZ100,0.0000002536,-0.0002979714,2025-11-05 00:00:00.005000+00:00
xyz:XYZ100,0.0000125000,-0.0000556519,2025-11-05 01:00:00.045000+00:00
xyz:XYZ100,-0.0001049577,-0.0011396620,2025-11-05 02:00:00.095000+00:00
xyz:XYZ100,-0.0000015337,-0.0003122697,2025-11-05 03:00:00.037000+00:00
xyz:XYZ100,0.0000125000,-0.0001921252,2025-11-05 04:00:00.029000+00:00
xyz:XYZ100,0.0000125000,-0.0000375109,2025-11-05 05:00:00.020000+00:00
xyz:XYZ100,0.0000125000,-0.0000324533,2025-11-05 06:00:00.033000+00:00
xyz:XYZ100,0.0000125000,-0.0000130101,2025-11-05 07:00:00.044000+00:00
xyz:XYZ100,0.0000483895,0.0006871163,2025-11-05 08:00:00.051000+00:00
xyz:XYZ100,-0.0000168497,-0.0004347972,2025-11-05 09:00:00.029000+00:00
xyz:XYZ100,0.0000088577,-0.0002291383,2025-11-05 10:00:00.009000+00:00
xyz:XYZ100,0.0000125000,0.0003155306,2025-11-05 11:00:00.001000+00:00
xyz:XYZ100,0.0000125000,0.0003975504,2025-11-05 12:00:00.024000+00:00
xyz:XYZ100,-0.0000019992,-0.0003159933,2025-11-05 13:00:00.088000+00:00
xyz:XYZ100,0.0000125000,0.0000441127,2025-11-05 14:00:00.043000+00:00
xyz:XYZ100,0.0000125000,0.0002175862,2025-11-05 15:00:00.072000+00:00
xyz:XYZ100,0.0000125000,0.0001175419,2025-11-05 16:00:00.017000+00:00
xyz:XYZ100,0.0000063771,-0.0002489833,2025-11-05 17:00:00.026000+00:00
xyz:XYZ100,0.0000050060,-0.0002599516,2025-11-05 18:00:00.042000+00:00
xyz:XYZ100,0.0000125000,-0.0001240492,2025-11-05 19:00:00+00:00
xyz:XYZ100,0.0000023991,-0.0002808075,2025-11-05 20:00:00+00:00
xyz:XYZ100,0.0000125000,0.0002609853,2025-11-05 21:00:00.095000+00:00
xyz:XYZ100,0.0000125000,0.0000019581,2025-11-05 22:00:00.015000+00:00
xyz:XYZ100,0.0000125000,0.0000583140,2025-11-05 23:00:00+00:00
xyz:XYZ100,-0.0000168655,-0.0004349238,2025-11-06 00:00:00.097000+00:00
xyz:XYZ100,0.0000024137,-0.0002806904,2025-11-06 01:00:00.003000+00:00
xyz:XYZ100,-0.0000115061,-0.0003920492,2025-11-06 02:00:00.026000+00:00
xyz:XYZ100,-0.0000421387,-0.0006371093,2025-11-06 03:00:00.007000+00:00
xyz:XYZ100,-0.0000066526,-0.0003532210,2025-11-06 04:00:00.087000+00:00
xyz:XYZ100,-0.0000187041,-0.0004496326,2025-11-06 05:00:00.131000+00:00
xyz:XYZ100,0.0000125000,0.0002685451,2025-11-06 06:00:00.042000+00:00
xyz:XYZ100,0.0000125000,0.0002455419,2025-11-06 07:00:00.071000+00:00
xyz:XYZ100,0.0000125000,0.0000671488,2025-11-06 08:00:00.018000+00:00
xyz:XYZ100,0.0000125000,-0.0001247809,2025-11-06 09:00:00.140000+00:00
xyz:XYZ100,-0.0000330895,-0.0005647159,2025-11-06 10:00:00.001000+00:00
xyz:XYZ100,-0.0000301208,-0.0005409662,2025-11-06 11:00:00.102000+00:00
xyz:XYZ100,0.0000125000,-0.0000004454,2025-11-06 12:00:00.043000+00:00
xyz:XYZ100,0.0000125000,-0.0001487925,2025-11-06 13:00:00.022000+00:00
xyz:XYZ100,0.0000125000,-0.0000506581,2025-11-06 14:00:00.005000+00:00
xyz:XYZ100,0.0000125000,0.0002826952,2025-11-06 15:00:00.021000+00:00
xyz:XYZ100,0.0000125000,0.0002661730,2025-11-06 16:00:00.024000+00:00
xyz:XYZ100,0.0000228174,0.0004825394,2025-11-06 17:00:00.081000+00:00
xyz:XYZ100,0.0000125000,0.0002560743,2025-11-06 18:00:00.040000+00:00
xyz:XYZ100,0.0000414505,0.0006316040,2025-11-06 19:00:00.042000+00:00
xyz:XYZ100,0.0000294400,0.0005355201,2025-11-06 20:00:00.018000+00:00
xyz:XYZ100,0.0000125000,0.0001000792,2025-11-06 21:00:00.048000+00:00
xyz:XYZ100,0.0000125000,0.0000670817,2025-11-06 22:00:00.027000+00:00
xyz:XYZ100,0.0000125000,0.0002770340,2025-11-06 23:00:00.047000+00:00
xyz:XYZ100,0.0000125000,0.0001756512,2025-11-07 00:00:00.115000+00:00
xyz:XYZ100,0.0000195939,0.0004567512,2025-11-07 01:00:00.033000+00:00
xyz:XYZ100,0.0000770338,0.0009162707,2025-11-07 02:00:00.013000+00:00
xyz:XYZ100,0.0000517978,0.0007143825,2025-11-07 03:00:00.014000+00:00
xyz:XYZ100,0.0000125000,0.0001870015,2025-11-07 04:00:00.064000+00:00
xyz:XYZ100,0.0000125000,-0.0000313945,2025-11-07 05:00:00.056000+00:00
xyz:XYZ100,0.0000125000,-0.0000220368,2025-11-07 06:00:00.072000+00:00
xyz:XYZ100,0.0000187615,0.0004500920,2025-11-07 07:00:00.016000+00:00
xyz:XYZ100,0.0000281204,0.0005249630,2025-11-07 08:00:00.013000+00:00
xyz:XYZ100,0.0000518298,0.0007146385,2025-11-07 09:00:00.038000+00:00
xyz:XYZ100,0.0000125000,0.0002705385,2025-11-07 10:00:00.027000+00:00
xyz:XYZ100,0.0000125000,0.0002240321,2025-11-07 11:00:00.002000+00:00
xyz:XYZ100,0.0000125000,0.0003808241,2025-11-07 12:00:00.029000+00:00
xyz:XYZ100,0.0000125000,0.0001692099,2025-11-07 13:00:00.135000+00:00
xyz:XYZ100,0.0000125000,0.0002417617,2025-11-07 14:00:00.085000+00:00
xyz:XYZ100,0.0000292248,0.0005337981,2025-11-07 15:00:00.034000+00:00
xyz:XYZ100,0.0000125000,0.0002106607,2025-11-07 16:00:00.018000+00:00
xyz:XYZ100,0.0000125000,0.0000114193,2025-11-07 17:00:00.021000+00:00
xyz:XYZ100,0.0000607867,0.0007862935,2025-11-07 18:00:00.079000+00:00
xyz:XYZ100,0.0000501424,0.0007011393,2025-11-07 19:00:00.010000+00:00
xyz:XYZ100,0.0003514093,0.0031112740,2025-11-07 20:00:00.026000+00:00
xyz:XYZ100,0.0000125000,0.0001308568,2025-11-07 21:00:00.021000+00:00
xyz:XYZ100,0.0000125000,0.0002316508,2025-11-07 22:00:00.043000+00:00
xyz:XYZ100,0.0000125000,-0.0001521244,2025-11-07 23:00:00.141000+00:00
xyz:XYZ100,0.0000035582,-0.0002715345,2025-11-08 00:00:00.094000+00:00
xyz:XYZ100,0.0000125000,-0.0000556520,2025-11-08 01:00:00.067000+00:00
xyz:XYZ100,0.0000125000,-0.0000600741,2025-11-08 02:00:00.022000+00:00
xyz:XYZ100,0.0000125000,0.0000599420,2025-11-08 03:00:00.023000+00:00
xyz:XYZ100,0.0000125000,0.0000658098,2025-11-08 04:00:00.013000+00:00
xyz:XYZ100,0.0000125000,0.0002887652,2025-11-08 05:00:00.085000+00:00
xyz:XYZ100,0.0000125000,0.0000329003,2025-11-08 06:00:00.078000+00:00
xyz:XYZ100,0.0000125000,0.0000451212,2025-11-08 07:00:00.036000+00:00
xyz:XYZ100,0.0001965927,0.0018727417,2025-11-08 08:00:00.058000+00:00
xyz:XYZ100,-0.0000500853,-0.0007006828,2025-11-08 09:00:00.085000+00:00
xyz:XYZ100,-0.0000149638,-0.0004197102,2025-11-08 10:00:00.029000+00:00
xyz:XYZ100,0.0000089794,-0.0002281645,2025-11-08 11:00:00.034000+00:00
xyz:XYZ100,-0.0000139564,-0.0004116509,2025-11-08 12:00:00.091000+00:00
xyz:XYZ100,0.0000029894,-0.0002760847,2025-11-08 13:00:00.036000+00:00
xyz:XYZ100,0.0000032893,-0.0002736857,2025-11-08 14:00:00.019000+00:00
xyz:XYZ100,-0.0000026578,-0.0003212622,2025-11-08 15:00:00.056000+00:00
xyz:XYZ100,-0.0000254336,-0.0005034689,2025-11-08 16:00:00.029000+00:00
xyz:XYZ100,-0.0000097936,-0.0003783487,2025-11-08 17:00:00.024000+00:00
xyz:XYZ100,-0.0000098797,-0.0003790378,2025-11-08 18:00:00.085000+00:00
xyz:XYZ100,-0.0000110821,-0.0003886565,2025-11-08 19:00:00.082000+00:00
xyz:XYZ100,-0.0000177871,-0.0004422968,2025-11-08 20:00:00.100000+00:00
xyz:XYZ100,-0.0000091139,-0.0003729110,2025-11-08 21:00:00.090000+00:00
xyz:XYZ100,-0.0000051371,-0.0003410967,2025-11-08 22:00:00.035000+00:00
xyz:XYZ100,-0.0000325601,-0.0005604804,2025-11-08 23:00:00.043000+00:00
xyz:XYZ100,-0.0000241706,-0.0004933648,2025-11-09 00:00:00.028000+00:00
xyz:XYZ100,-0.0000093382,-0.0003747060,2025-11-09 01:00:00.002000+00:00
xyz:XYZ100,-0.0000019653,-0.0003157222,2025-11-09 02:00:00.185000+00:00
xyz:XYZ100,-0.0000099087,-0.0003792694,2025-11-09 03:00:00.067000+00:00
xyz:XYZ100,-0.0000546389,-0.0007371116,2025-11-09 04:00:00.004000+00:00
xyz:XYZ100,-0.0001650116,-0.0016200926,2025-11-09 05:00:00.022000+00:00
xyz:XYZ100,-0.0001858018,-0.0017864147,2025-11-09 06:00:00.090000+00:00
xyz:XYZ100,-0.0002612292,-0.0023898338,2025-11-09 07:00:00.058000+00:00
xyz:XYZ100,-0.0001881865,-0.0018054917,2025-11-09 08:00:00.038000+00:00
xyz:XYZ100,0.0000125000,-0.0000819759,2025-11-09 09:00:00.012000+00:00
xyz:XYZ100,0.0000056684,-0.0002546527,2025-11-09 10:00:00.045000+00:00
xyz:XYZ100,0.0000125000,0.0000633583,2025-11-09 11:00:00.046000+00:00
xyz:XYZ100,0.0000125000,0.0000598205,2025-11-09 12:00:00.040000+00:00
xyz:XYZ100,0.0000125000,0.0001357226,2025-11-09 13:00:00.061000+00:00
xyz:XYZ100,0.0000125000,0.0002231815,2025-11-09 14:00:00.027000+00:00
xyz:XYZ100,0.0000125000,0.0003977443,2025-11-09 15:00:00.050000+00:00
xyz:XYZ100,0.0003830927,0.0033647416,2025-11-09 16:00:00.039000+00:00
xyz:XYZ100,0.0003998246,0.0034985966,2025-11-09 17:00:00.109000+00:00
xyz:XYZ100,0.0005398216,0.0046185731,2025-11-09 18:00:00.052000+00:00
xyz:XYZ100,0.0004376405,0.0038011237,2025-11-09 19:00:00.066000+00:00
xyz:XYZ100,0.0006096466,0.0051771725,2025-11-09 20:00:00.007000+00:00
xyz:XYZ100,0.0005687557,0.0048500459,2025-11-09 21:00:00.092000+00:00
xyz:XYZ100,0.0002023412,0.0019187294,2025-11-09 22:00:00.073000+00:00
xyz:XYZ100,0.0003633391,0.0032067129,2025-11-09 23:00:00.047000+00:00
xyz:XYZ100,0.0000847924,0.0009783395,2025-11-10 00:00:00.049000+00:00
xyz:XYZ100,0.0000125000,0.0003151723,2025-11-10 01:00:00+00:00
xyz:XYZ100,0.0000027832,-0.0002777343,2025-11-10 02:00:00.010000+00:00
xyz:XYZ100,0.0000125000,0.0003646922,2025-11-10 03:00:00.055000+00:00
xyz:XYZ100,0.0000125000,0.0001118637,2025-11-10 04:00:00.076000+00:00
xyz:XYZ100,0.0000125000,0.0000485211,2025-11-10 05:00:00.075000+00:00
xyz:XYZ100,0.0000258734,0.0005069873,2025-11-10 06:00:00.071000+00:00
xyz:XYZ100,0.0000245604,0.0004964832,2025-11-10 07:00:00.051000+00:00
xyz:XYZ100,0.0000263134,0.0005105073,2025-11-10 08:00:00.042000+00:00
xyz:XYZ100,0.0000125000,0.0003355114,2025-11-10 09:00:00.026000+00:00
xyz:XYZ100,0.0000125000,0.0003000572,2025-11-10 10:00:00.131000+00:00
xyz:XYZ100,0.0000282893,0.0005263140,2025-11-10 11:00:00.024000+00:00
xyz:XYZ100,0.0000125000,0.0002144315,2025-11-10 12:00:00.125000+00:00
xyz:XYZ100,0.0000125000,0.0000489775,2025-11-10 13:00:00.057000+00:00
xyz:XYZ100,0.0000125000,0.0000514154,2025-11-10 14:00:00.062000+00:00
xyz:XYZ100,0.0000125000,0.0000690985,2025-11-10 15:00:00.004000+00:00
xyz:XYZ100,0.0000125000,0.0001372702,2025-11-10 16:00:00.048000+00:00
xyz:XYZ100,0.0000125000,-0.0000513085,2025-11-10 17:00:00.036000+00:00
xyz:XYZ100,-0.0000029646,-0.0003237166,2025-11-10 18:00:00.053000+00:00
xyz:XYZ100,0.0000012994,-0.0002896045,2025-11-10 19:00:00.043000+00:00
xyz:XYZ100,0.0000125000,0.0000873653,2025-11-10 20:00:00.045000+00:00
xyz:XYZ100,0.0000125000,0.0000004096,2025-11-10 21:00:00.074000+00:00
xyz:XYZ100,0.0000125000,-0.0001552335,2025-11-10 22:00:00.005000+00:00
xyz:XYZ100,0.0000015259,-0.0002877931,2025-11-10 23:00:00.001000+00:00
xyz:XYZ100,0.0000125000,0.0001509605,2025-11-11 00:00:00.073000+00:00
xyz:XYZ100,0.0000088468,-0.0002292258,2025-11-11 01:00:00.054000+00:00
xyz:XYZ100,0.0000125000,-0.0001360386,2025-11-11 02:00:00.011000+00:00
xyz:XYZ100,0.0000125000,0.0001350216,2025-11-11 03:00:00.076000+00:00
xyz:XYZ100,0.0000125000,-0.0000232493,2025-11-11 04:00:00.153000+00:00
xyz:XYZ100,0.0000125000,0.0000180065,2025-11-11 05:00:00.043000+00:00
xyz:XYZ100,0.0000125000,-0.0000902562,2025-11-11 06:00:00.043000+00:00
xyz:XYZ100,0.0000109867,-0.0002121062,2025-11-11 07:00:00.040000+00:00
xyz:XYZ100,0.0000125000,0.0001229979,2025-11-11 08:00:00.049000+00:00
xyz:XYZ100,0.0000125000,-0.0001967339,2025-11-11 09:00:00.026000+00:00
xyz:XYZ100,0.0000125000,0.0000353192,2025-11-11 10:00:00.055000+00:00
xyz:XYZ100,0.0000125000,-0.0001551316,2025-11-11 11:00:00.060000+00:00
xyz:XYZ100,0.0000125000,0.0000456646,2025-11-11 12:00:00.002000+00:00
xyz:XYZ100,0.0000125000,0.0000278697,2025-11-11 13:00:00.058000+00:00
xyz:XYZ100,0.0000125000,-0.0000147035,2025-11-11 14:00:00.061000+00:00
xyz:XYZ100,0.0000125000,-0.0000093912,2025-11-11 15:00:00.027000+00:00
xyz:XYZ100,0.0000125000,0.0001286393,2025-11-11 16:00:00.015000+00:00
xyz:XYZ100,0.0000125000,0.0000225882,2025-11-11 17:00:00.073000+00:00
xyz:XYZ100,0.0000125000,-0.0001120271,2025-11-11 18:00:00.026000+00:00
xyz:XYZ100,0.0000125000,-0.0000611924,2025-11-11 19:00:00.016000+00:00
xyz:XYZ100,0.0000125000,-0.0000920573,2025-11-11 20:00:00.013000+00:00
xyz:XYZ100,0.0000125000,0.0001496396,2025-11-11 21:00:00.050000+00:00
xyz:XYZ100,0.0000125000,0.0001144683,2025-11-11 22:00:00.008000+00:00
xyz:XYZ100,0.0000507531,0.0007060249,2025-11-11 23:00:00.015000+00:00
xyz:XYZ100,0.0000125000,0.0001215879,2025-11-12 00:00:00.096000+00:00
xyz:XYZ100,0.0000125000,-0.0000985574,2025-11-12 01:00:00.040000+00:00
xyz:XYZ100,0.0000125000,0.0002271920,2025-11-12 02:00:00.123000+00:00
xyz:XYZ100,0.0000125000,0.0003069374,2025-11-12 03:00:00.006000+00:00
xyz:XYZ100,0.0000125000,0.0002009497,2025-11-12 04:00:00.014000+00:00
xyz:XYZ100,0.0000125000,0.0003130597,2025-11-12 05:00:00.084000+00:00
xyz:XYZ100,-0.0000017623,-0.0003140982,2025-11-12 06:00:00.107000+00:00
xyz:XYZ100,0.0000009677,-0.0002922580,2025-11-12 07:00:00.073000+00:00
xyz:XYZ100,0.0000125000,0.0000667968,2025-11-12 08:00:00.004000+00:00
xyz:XYZ100,0.0000125000,-0.0000730135,2025-11-12 09:00:00.040000+00:00
xyz:XYZ100,0.0000125000,0.0001171535,2025-11-12 10:00:00.021000+00:00
xyz:XYZ100,0.0000125000,0.0001214329,2025-11-12 11:00:00.044000+00:00
xyz:XYZ100,0.0000125000,-0.0000176446,2025-11-12 12:00:00.007000+00:00
xyz:XYZ100,0.0000125000,-0.0000947828,2025-11-12 13:00:00.063000+00:00
xyz:XYZ100,0.0000125000,-0.0001228929,2025-11-12 14:00:00.043000+00:00
xyz:XYZ100,0.0000125000,0.0002687260,2025-11-12 15:00:00.019000+00:00
xyz:XYZ100,0.0000125000,0.0000272714,2025-11-12 16:00:00.001000+00:00
xyz:XYZ100,0.0000125000,0.0000074011,2025-11-12 17:00:00.045000+00:00
xyz:XYZ100,0.0000125000,-0.0001223024,2025-11-12 18:00:00.036000+00:00
xyz:XYZ100,0.0000125000,-0.0000862487,2025-11-12 19:00:00.032000+00:00
xyz:XYZ100,0.0000125000,0.0000634737,2025-11-12 20:00:00.038000+00:00
xyz:XYZ100,0.0000125000,-0.0000023163,2025-11-12 21:00:00.057000+00:00
xyz:XYZ100,0.0000125000,0.0001497603,2025-11-12 22:00:00.019000+00:00
xyz:XYZ100,0.0000222753,0.0004782027,2025-11-12 23:00:00.045000+00:00
xyz:XYZ100,0.0000125000,0.0000687097,2025-11-13 00:00:00.007000+00:00
xyz:XYZ100,0.0000125000,0.0000530579,2025-11-13 01:00:00.079000+00:00
xyz:XYZ100,0.0000125000,0.0000814921,2025-11-13 02:00:00.052000+00:00
xyz:XYZ100,0.0000125000,0.0002005435,2025-11-13 03:00:00.067000+00:00
xyz:XYZ100,0.0000125000,-0.0001257439,2025-11-13 04:00:00.039000+00:00
xyz:XYZ100,0.0000125000,-0.0000581839,2025-11-13 05:00:00.072000+00:00
xyz:XYZ100,0.0000125000,0.0001346625,2025-11-13 06:00:00.028000+00:00
xyz:XYZ100,0.0000125000,-0.0000348057,2025-11-13 07:00:00.014000+00:00
xyz:XYZ100,0.0000125000,0.0003051893,2025-11-13 08:00:00.053000+00:00
xyz:XYZ100,0.0000125000,0.0000176164,2025-11-13 09:00:00.007000+00:00
xyz:XYZ100,0.0000125000,0.0000744077,2025-11-13 10:00:00.062000+00:00
xyz:XYZ100,0.0000125000,-0.0001340601,2025-11-13 11:00:00.092000+00:00
xyz:XYZ100,0.0000125000,-0.0000205517,2025-11-13 12:00:00.022000+00:00
xyz:XYZ100,0.0000125000,-0.0000123108,2025-11-13 13:00:00.024000+00:00
xyz:XYZ100,0.0000125000,0.0000690082,2025-11-13 14:00:00.070000+00:00
xyz:XYZ100,0.0000125000,0.0001061271,2025-11-13 15:00:00.014000+00:00
xyz:XYZ100,0.0000125000,0.0000490533,2025-11-13 16:00:00.012000+00:00
xyz:XYZ100,0.0000125000,0.0000049448,2025-11-13 17:00:00.042000+00:00
xyz:XYZ100,0.0000125000,0.0000614509,2025-11-13 18:00:00.058000+00:00
xyz:XYZ100,0.0000125000,0.0000418740,2025-11-13 19:00:00.062000+00:00
xyz:XYZ100,0.0000125000,0.0000408982,2025-11-13 20:00:00.061000+00:00
xyz:XYZ100,0.0000125000,-0.0000179254,2025-11-13 21:00:00.046000+00:00
xyz:XYZ100,0.0000125000,0.0000746475,2025-11-13 22:00:00.013000+00:00
xyz:XYZ100,0.0000125000,0.0001656059,2025-11-13 23:00:00.059000+00:00
xyz:XYZ100,0.0000125000,-0.0000420599,2025-11-14 00:00:00.130000+00:00
xyz:XYZ100,0.0000125000,-0.0000485651,2025-11-14 01:00:00.014000+00:00
xyz:XYZ100,0.0000125000,0.0000977864,2025-11-14 02:00:00.069000+00:00
xyz:XYZ100,0.0000125000,-0.0001675742,2025-11-14 03:00:00.085000+00:00
xyz:XYZ100,0.0000125000,0.0000667779,2025-11-14 04:00:00.024000+00:00
xyz:XYZ100,0.0000125000,0.0001367139,2025-11-14 05:00:00.029000+00:00
xyz:XYZ100,0.0000125000,-0.0001190629,2025-11-14 06:00:00.096000+00:00
xyz:XYZ100,0.0000125000,0.0001369966,2025-11-14 07:00:00.019000+00:00
xyz:XYZ100,0.0000125000,0.0000678582,2025-11-14 08:00:00.098000+00:00
xyz:XYZ100,0.0000125000,0.0000244205,2025-11-14 09:00:00.137000+00:00
xyz:XYZ100,0.0000125000,0.0001139639,2025-11-14 10:00:00.036000+00:00
xyz:XYZ100,0.0000125000,0.0000412237,2025-11-14 11:00:00.052000+00:00
xyz:XYZ100,0.0000125000,0.0001390716,2025-11-14 12:00:00.046000+00:00
xyz:XYZ100,0.0000125000,0.0001259458,2025-11-14 13:00:00.041000+00:00
xyz:XYZ100,0.0000125000,0.0000521342,2025-11-14 14:00:00.034000+00:00
xyz:XYZ100,0.0000537742,0.0007301939,2025-11-14 15:00:00.013000+00:00
xyz:XYZ100,0.0000125000,0.0000222316,2025-11-14 16:00:00.014000+00:00
xyz:XYZ100,0.0000125000,-0.0000986030,2025-11-14 17:00:00.079000+00:00
xyz:XYZ100,0.0000125000,-0.0000286638,2025-11-14 18:00:00.020000+00:00
xyz:XYZ100,0.0000125000,-0.0000046400,2025-11-14 19:00:00.005000+00:00
xyz:XYZ100,0.0000125000,0.0000166852,2025-11-14 20:00:00.054000+00:00
xyz:XYZ100,0.0000125000,0.0001412183,2025-11-14 21:00:00.011000+00:00
xyz:XYZ100,0.0000125000,0.0002020737,2025-11-14 22:00:00.091000+00:00
xyz:XYZ100,0.0000125000,0.0001958882,2025-11-14 23:00:00.037000+00:00
xyz:XYZ100,0.0000125000,0.0003486235,2025-11-15 00:00:00.028000+00:00
xyz:XYZ100,0.0000105156,-0.0002158754,2025-11-15 01:00:00.133000+00:00
xyz:XYZ100,0.0000083058,-0.0002335534,2025-11-15 02:00:00.009000+00:00
xyz:XYZ100,0.0000125000,0.0000199553,2025-11-15 03:00:00.036000+00:00
xyz:XYZ100,0.0000125000,0.0000816953,2025-11-15 04:00:00.065000+00:00
xyz:XYZ100,0.0000125000,0.0001795905,2025-11-15 05:00:00.009000+00:00
xyz:XYZ100,0.0000125000,0.0000946639,2025-11-15 06:00:00.014000+00:00
xyz:XYZ100,-0.0000110377,-0.0003883013,2025-11-15 07:00:00.047000+00:00
xyz:XYZ100,0.0000121099,-0.0002031208,2025-11-15 08:00:00.089000+00:00
xyz:XYZ100,0.0000125000,-0.0001580879,2025-11-15 09:00:00.051000+00:00
xyz:XYZ100,0.0000125000,0.0002066101,2025-11-15 10:00:00.102000+00:00
xyz:XYZ100,0.0000340047,0.0005720377,2025-11-15 11:00:00.069000+00:00
xyz:XYZ100,0.0000432048,0.0006456381,2025-11-15 12:00:00.005000+00:00
xyz:XYZ100,0.0000125000,0.0003534938,2025-11-15 13:00:00.021000+00:00
xyz:XYZ100,0.0000125000,0.0003958473,2025-11-15 14:00:00.091000+00:00
xyz:XYZ100,0.0000437802,0.0006502413,2025-11-15 15:00:00.034000+00:00
xyz:XYZ100,0.0000706886,0.0008655087,2025-11-15 16:00:00.015000+00:00
xyz:XYZ100,0.0000199890,0.0004599123,2025-11-15 17:00:00.035000+00:00
xyz:XYZ100,0.0000272829,0.0005182633,2025-11-15 18:00:00.023000+00:00
xyz:XYZ100,0.0000244402,0.0004955217,2025-11-15 19:00:00.004000+00:00
xyz:XYZ100,0.0000138791,0.0004110331,2025-11-15 20:00:00.052000+00:00
xyz:XYZ100,0.0000283262,0.0005266098,2025-11-15 21:00:00.109000+00:00
xyz:XYZ100,0.0000252257,0.0005018060,2025-11-15 22:00:00.042000+00:00
xyz:XYZ100,0.0000125000,0.0001161385,2025-11-15 23:00:00.047000+00:00
xyz:XYZ100,0.0000125000,0.0000997009,2025-11-16 00:00:00.002000+00:00
xyz:XYZ100,0.0000125000,0.0000885670,2025-11-16 01:00:00.042000+00:00
xyz:XYZ100,0.0000125000,0.0000900011,2025-11-16 02:00:00.028000+00:00
xyz:XYZ100,0.0000125000,0.0001819087,2025-11-16 03:00:00.028000+00:00
xyz:XYZ100,0.0000125000,-0.0000439924,2025-11-16 04:00:00.042000+00:00
xyz:XYZ100,0.0000125000,-0.0000598182,2025-11-16 05:00:00.061000+00:00
xyz:XYZ100,0.0000125000,-0.0000598182,2025-11-16 06:00:00.020000+00:00
xyz:XYZ100,0.0000125000,-0.0000598182,2025-11-16 07:00:00.060000+00:00
xyz:XYZ100,0.0000125000,0.0001572245,2025-11-16 08:00:00.087000+00:00
xyz:XYZ100,0.0000190712,0.0004525693,2025-11-16 09:00:00.076000+00:00
xyz:XYZ100,0.0000125000,0.0002996078,2025-11-16 10:00:00.068000+00:00
xyz:XYZ100,0.0000125000,0.0003013090,2025-11-16 11:00:00.119000+00:00
xyz:XYZ100,0.0000245647,0.0004965178,2025-11-16 12:00:00.087000+00:00
xyz:XYZ100,0.0000169573,0.0004356586,2025-11-16 13:00:00.043000+00:00
xyz:XYZ100,0.0000193841,0.0004550730,2025-11-16 14:00:00.073000+00:00
xyz:XYZ100,0.0000235435,0.0004883477,2025-11-16 15:00:00.030000+00:00
xyz:XYZ100,0.0000233332,0.0004866660,2025-11-16 16:00:00.012000+00:00
xyz:XYZ100,0.0000125000,0.0002799486,2025-11-16 17:00:00.053000+00:00
xyz:XYZ100,-0.0000518591,-0.0007148729,2025-11-16 18:00:00.003000+00:00
xyz:XYZ100,-0.0000447336,-0.0006578690,2025-11-16 19:00:00.068000+00:00
xyz:XYZ100,-0.0000316796,-0.0005534367,2025-11-16 20:00:00.033000+00:00
xyz:XYZ100,-0.0000089497,-0.0003715979,2025-11-16 21:00:00.059000+00:00
xyz:XYZ100,-0.0000064159,-0.0003513271,2025-11-16 22:00:00.007000+00:00
xyz:XYZ100,-0.0000268512,-0.0005148097,2025-11-16 23:00:00.049000+00:00
xyz:XYZ100,0.0000125000,0.0002599970,2025-11-17 00:00:00.032000+00:00
xyz:XYZ100,0.0000125000,0.0001454209,2025-11-17 01:00:00.020000+00:00
xyz:XYZ100,0.0000125000,0.0003208460,2025-11-17 02:00:00.028000+00:00
xyz:XYZ100,0.0000125000,-0.0000109173,2025-11-17 03:00:00.050000+00:00
xyz:XYZ100,0.0000125000,0.0001318130,2025-11-17 04:00:00.026000+00:00
xyz:XYZ100,0.0000125000,-0.0000188609,2025-11-17 05:00:00.122000+00:00
xyz:XYZ100,0.0000125000,0.0003021943,2025-11-17 06:00:00.073000+00:00
xyz:XYZ100,0.0000125000,0.0002041585,2025-11-17 07:00:00.069000+00:00
xyz:XYZ100,0.0000125000,-0.0000508169,2025-11-17 08:00:00.018000+00:00
xyz:XYZ100,0.0000125000,-0.0001295144,2025-11-17 09:00:00.061000+00:00
xyz:XYZ100,0.0000125000,0.0001047483,2025-11-17 10:00:00.009000+00:00
xyz:XYZ100,0.0000125000,0.0001033193,2025-11-17 11:00:00.051000+00:00
xyz:XYZ100,0.0000125000,0.0000321831,2025-11-17 12:00:00.042000+00:00
xyz:XYZ100,0.0000125000,-0.0000376098,2025-11-17 13:00:00.062000+00:00
xyz:XYZ100,0.0000125000,0.0000631806,2025-11-17 14:00:00.072000+00:00
xyz:XYZ100,0.0000125000,0.0002450696,2025-11-17 15:00:00.017000+00:00
xyz:XYZ100,0.0000125000,0.0000105571,2025-11-17 16:00:00.091000+00:00
xyz:XYZ100,0.0000125000,-0.0000710888,2025-11-17 17:00:00.031000+00:00
xyz:XYZ100,0.0000125000,0.0001321958,2025-11-17 18:00:00.033000+00:00
xyz:XYZ100,0.0000125000,0.0000320761,2025-11-17 19:00:00.029000+00:00
xyz:XYZ100,0.0000125000,0.0000943317,2025-11-17 20:00:00.047000+00:00
xyz:XYZ100,0.0000125000,0.0000693627,2025-11-17 21:00:00.069000+00:00
xyz:XYZ100,0.0000125000,-0.0000557557,2025-11-17 22:00:00.074000+00:00
xyz:XYZ100,-0.0000344598,-0.0005756781,2025-11-17 23:00:00.045000+00:00
xyz:XYZ100,0.0000125000,0.0000717124,2025-11-18 00:00:00.005000+00:00
xyz:XYZ100,0.0000125000,0.0001110918,2025-11-18 01:00:00.008000+00:00
xyz:XYZ100,0.0000125000,-0.0000424481,2025-11-18 02:00:00.088000+00:00
xyz:XYZ100,0.0000125000,0.0002628371,2025-11-18 03:00:00.016000+00:00
xyz:XYZ100,0.0000125000,0.0000543947,2025-11-18 04:00:00.090000+00:00
xyz:XYZ100,0.0000125000,0.0000345192,2025-11-18 05:00:00.014000+00:00
xyz:XYZ100,0.0000125000,-0.0000189867,2025-11-18 06:00:00.071000+00:00
xyz:XYZ100,0.0000125000,0.0000277887,2025-11-18 07:00:00.106000+00:00
xyz:XYZ100,0.0000125000,0.0000717494,2025-11-18 08:00:00.038000+00:00
xyz:XYZ100,0.0000125000,0.0000763908,2025-11-18 09:00:00.045000+00:00
xyz:XYZ100,0.0000125000,0.0000187960,2025-11-18 10:00:00.075000+00:00
xyz:XYZ100,0.0000125000,0.0000954611,2025-11-18 11:00:00.001000+00:00
xyz:XYZ100,0.0000125000,0.0001355359,2025-11-18 12:00:00.035000+00:00
xyz:XYZ100,0.0000125000,0.0000701689,2025-11-18 13:00:00.032000+00:00
xyz:XYZ100,0.0000125000,0.0000499848,2025-11-18 14:00:00.037000+00:00
xyz:XYZ100,0.0000125000,0.0000720978,2025-11-18 15:00:00.046000+00:00
xyz:XYZ100,0.0000125000,0.0000820982,2025-11-18 16:00:00.046000+00:00
xyz:XYZ100,0.0000125000,0.0000907805,2025-11-18 17:00:00.013000+00:00
xyz:XYZ100,0.0000125000,0.0001048183,2025-11-18 18:00:00.026000+00:00
xyz:XYZ100,0.0000125000,0.0000134794,2025-11-18 19:00:00.025000+00:00
xyz:XYZ100,0.0000125000,0.0000642408,2025-11-18 20:00:00.006000+00:00
xyz:XYZ100,0.0000125000,0.0002317566,2025-11-18 21:00:00.030000+00:00
xyz:XYZ100,0.0000125000,0.0002658126,2025-11-18 22:00:00.011000+00:00
xyz:XYZ100,0.0000125000,0.0002788468,2025-11-18 23:00:00.026000+00:00
xyz:XYZ100,0.0000125000,-0.0000721483,2025-11-19 00:00:00.026000+00:00
xyz:XYZ100,0.0000125000,-0.0001336595,2025-11-19 01:00:00.092000+00:00
xyz:XYZ100,0.0000469268,0.0006754144,2025-11-19 02:00:00.049000+00:00
xyz:XYZ100,0.0000125000,-0.0000998729,2025-11-19 03:00:00.012000+00:00
xyz:XYZ100,0.0000125000,0.0001693322,2025-11-19 04:00:00.054000+00:00
xyz:XYZ100,0.0000125000,-0.0000375068,2025-11-19 05:00:00.003000+00:00
xyz:XYZ100,0.0000172287,0.0004378292,2025-11-19 06:00:00.026000+00:00
xyz:XYZ100,0.0000125000,-0.0000117284,2025-11-19 07:00:00.048000+00:00
xyz:XYZ100,0.0000125000,-0.0001313874,2025-11-19 08:00:00.018000+00:00
xyz:XYZ100,0.0000199858,0.0004598866,2025-11-19 09:00:00.048000+00:00
xyz:XYZ100,0.0000125000,0.0000894140,2025-11-19 10:00:00.012000+00:00
xyz:XYZ100,0.0000125000,0.0000529751,2025-11-19 11:00:00.095000+00:00
xyz:XYZ100,0.0000125000,0.0001020612,2025-11-19 12:00:00.026000+00:00
xyz:XYZ100,0.0000125000,0.0002198077,2025-11-19 13:00:00.042000+00:00
xyz:XYZ100,0.0000193999,0.0004551995,2025-11-19 14:00:00.002000+00:00
xyz:XYZ100,0.0000125000,0.0000186588,2025-11-19 15:00:00.004000+00:00
xyz:XYZ100,0.0000125000,-0.0000604966,2025-11-19 16:00:00.036000+00:00
xyz:XYZ100,0.0000125000,-0.0001123031,2025-11-19 17:00:00.080000+00:00
xyz:XYZ100,0.0000125000,0.0000201803,2025-11-19 18:00:00.054000+00:00
xyz:XYZ100,0.0000125000,0.0000171751,2025-11-19 19:00:00.006000+00:00
xyz:XYZ100,0.0000125000,-0.0000319148,2025-11-19 20:00:00.045000+00:00
xyz:XYZ100,0.0000125000,-0.0001126839,2025-11-19 21:00:00.018000+00:00
xyz:XYZ100,0.0000125000,0.0001239879,2025-11-19 22:00:00.034000+00:00
xyz:XYZ100,0.0000125000,-0.0001197578,2025-11-19 23:00:00.027000+00:00
xyz:XYZ100,0.0000125000,-0.0000364922,2025-11-20 00:00:00.071000+00:00
xyz:XYZ100,0.0000125000,0.0001182293,2025-11-20 01:00:00.114000+00:00
xyz:XYZ100,0.0000125000,-0.0000949253,2025-11-20 02:00:00.030000+00:00
xyz:XYZ100,0.0000125000,-0.0000282537,2025-11-20 03:00:00.050000+00:00
xyz:XYZ100,0.0000125000,0.0001014792,2025-11-20 04:00:00.005000+00:00
xyz:XYZ100,0.0000125000,0.0000294519,2025-11-20 05:00:00.045000+00:00
xyz:XYZ100,0.0000125000,0.0003164536,2025-11-20 06:00:00.003000+00:00
xyz:XYZ100,0.0000125000,0.0000285743,2025-11-20 07:00:00.046000+00:00
xyz:XYZ100,0.0000017176,-0.0002862594,2025-11-20 08:00:00+00:00
xyz:XYZ100,0.0000125000,-0.0001458346,2025-11-20 09:00:00.039000+00:00
xyz:XYZ100,0.0000125000,0.0000805563,2025-11-20 10:00:00.112000+00:00
xyz:XYZ100,0.0000063236,-0.0002494115,2025-11-20 11:00:00.052000+00:00
xyz:XYZ100,0.0000125000,0.0000712278,2025-11-20 12:00:00.004000+00:00
xyz:XYZ100,0.0000125000,-0.0001395289,2025-11-20 13:00:00.051000+00:00
xyz:XYZ100,0.0000125000,0.0000838843,2025-11-20 14:00:00.045000+00:00
xyz:XYZ100,0.0000125000,0.0000020488,2025-11-20 15:00:00.022000+00:00
xyz:XYZ100,0.0000125000,0.0000037476,2025-11-20 16:00:00.039000+00:00
xyz:XYZ100,0.0000125000,0.0001148001,2025-11-20 17:00:00.059000+00:00
xyz:XYZ100,0.0000125000,0.0000987470,2025-11-20 18:00:00.035000+00:00
xyz:XYZ100,0.0000125000,0.0000823952,2025-11-20 19:00:00.088000+00:00
xyz:XYZ100,0.0000125000,0.0003981833,2025-11-20 20:00:00.054000+00:00
xyz:XYZ100,0.0000125000,0.0000940982,2025-11-20 21:00:00+00:00
xyz:XYZ100,0.0000125000,0.0001848210,2025-11-20 22:00:00.129000+00:00
xyz:XYZ100,0.0000538906,0.0007311247,2025-11-20 23:00:00.006000+00:00
xyz:XYZ100,0.0000125000,0.0000086679,2025-11-21 00:00:00.037000+00:00
xyz:XYZ100,0.0000125000,0.0003726563,2025-11-21 01:00:00.053000+00:00
xyz:XYZ100,0.0000221445,0.0004771558,2025-11-21 02:00:00.169000+00:00
xyz:XYZ100,0.0000615985,0.0007927881,2025-11-21 03:00:00.141000+00:00
xyz:XYZ100,0.0000125000,0.0000074714,2025-11-21 04:00:00.006000+00:00
xyz:XYZ100,0.0000125000,0.0000283337,2025-11-21 05:00:00.005000+00:00
xyz:XYZ100,0.0000125000,0.0000526851,2025-11-21 06:00:00.054000+00:00
xyz:XYZ100,0.0000125000,-0.0000012651,2025-11-21 07:00:00.092000+00:00
xyz:XYZ100,0.0000125000,0.0000411877,2025-11-21 08:00:00.103000+00:00
xyz:XYZ100,0.0000125000,-0.0000672767,2025-11-21 09:00:00.003000+00:00
xyz:XYZ100,0.0000125000,0.0001103676,2025-11-21 10:00:00.007000+00:00
xyz:XYZ100,0.0000125000,0.0000073159,2025-11-21 11:00:00.009000+00:00
xyz:XYZ100,0.0000125000,0.0000462741,2025-11-21 12:00:00.005000+00:00
xyz:XYZ100,0.0000125000,0.0000496758,2025-11-21 13:00:00.102000+00:00
xyz:XYZ100,0.0000125000,0.0000317933,2025-11-21 14:00:00.044000+00:00
xyz:XYZ100,0.0000125000,-0.0000600912,2025-11-21 15:00:00.047000+00:00
xyz:XYZ100,0.0000125000,0.0000473706,2025-11-21 16:00:00.015000+00:00
xyz:XYZ100,0.0000125000,-0.0000201014,2025-11-21 17:00:00.023000+00:00
xyz:XYZ100,0.0000125000,-0.0000535005,2025-11-21 18:00:00.006000+00:00
xyz:XYZ100,0.0000125000,0.0000026662,2025-11-21 19:00:00.093000+00:00
xyz:XYZ100,0.0000125000,-0.0000633680,2025-11-21 20:00:00.034000+00:00
xyz:XYZ100,0.0000125000,0.0000194012,2025-11-21 21:00:00.031000+00:00
xyz:XYZ100,0.0000125000,0.0000347894,2025-11-21 22:00:00.066000+00:00
xyz:XYZ100,0.0000125000,0.0000810258,2025-11-21 23:00:00.002000+00:00
xyz:XYZ100,0.0000125000,-0.0001130918,2025-11-22 00:00:00.049000+00:00
xyz:XYZ100,0.0000125000,-0.0000350850,2025-11-22 01:00:00.034000+00:00
xyz:XYZ100,0.0000125000,0.0000635007,2025-11-22 02:00:00.035000+00:00
xyz:XYZ100,0.0000125000,0.0000263720,2025-11-22 03:00:00.083000+00:00
xyz:XYZ100,0.0000125000,0.0002071807,2025-11-22 04:00:00.070000+00:00
xyz:XYZ100,0.0000463189,0.0006705510,2025-11-22 05:00:00.036000+00:00
xyz:XYZ100,0.0000635271,0.0008082165,2025-11-22 06:00:00.033000+00:00
xyz:XYZ100,0.0000108729,-0.0002130170,2025-11-22 07:00:00.060000+00:00
xyz:XYZ100,0.0000112250,-0.0002102001,2025-11-22 08:00:00.063000+00:00
xyz:XYZ100,0.0000125000,-0.0001723143,2025-11-22 09:00:00.011000+00:00
xyz:XYZ100,0.0000125000,-0.0001636600,2025-11-22 10:00:00.052000+00:00
xyz:XYZ100,0.0000125000,-0.0000745300,2025-11-22 11:00:00.092000+00:00
xyz:XYZ100,0.0000125000,-0.0000239598,2025-11-22 12:00:00.045000+00:00
xyz:XYZ100,0.0000563230,0.0007505839,2025-11-22 13:00:00.078000+00:00
xyz:XYZ100,0.0000125000,0.0000695652,2025-11-22 14:00:00.013000+00:00
xyz:XYZ100,0.0000125000,0.0000324970,2025-11-22 15:00:00.010000+00:00
xyz:XYZ100,0.0000125000,0.0000205601,2025-11-22 16:00:00.011000+00:00
xyz:XYZ100,0.0000125000,0.0000205601,2025-11-22 17:00:00.019000+00:00
xyz:XYZ100,0.0000125000,0.0000205601,2025-11-22 18:00:00.003000+00:00
xyz:XYZ100,0.0000125000,0.0000205601,2025-11-22 19:00:00.027000+00:00
xyz:XYZ100,0.0000125000,0.0000205601,2025-11-22 20:00:00.045000+00:00
xyz:XYZ100,0.0000125000,0.0000205601,2025-11-22 21:00:00.055000+00:00
xyz:XYZ100,0.0000125000,-0.0001068421,2025-11-22 22:00:00.053000+00:00
xyz:XYZ100,-0.0000902874,-0.0010222989,2025-11-22 23:00:00.085000+00:00
xyz:XYZ100,-0.0000105034,-0.0003840275,2025-11-23 00:00:00.020000+00:00
xyz:XYZ100,0.0000125000,0.0003802771,2025-11-23 01:00:00.093000+00:00
xyz:XYZ100,0.0000125000,0.0003480736,2025-11-23 02:00:00.046000+00:00
xyz:XYZ100,0.0000125000,-0.0000074936,2025-11-23 03:00:00.024000+00:00
xyz:XYZ100,-0.0000454225,-0.0006633798,2025-11-23 04:00:00.004000+00:00
xyz:XYZ100,-0.0000254268,-0.0005034144,2025-11-23 05:00:00.012000+00:00
xyz:XYZ100,0.0000125000,-0.0001998297,2025-11-23 06:00:00.007000+00:00
xyz:XYZ100,0.0000125000,-0.0000832155,2025-11-23 07:00:00.051000+00:00
xyz:XYZ100,0.0000125000,-0.0000390423,2025-11-23 08:00:00.064000+00:00
xyz:XYZ100,0.0000188946,0.0004511567,2025-11-23 09:00:00.008000+00:00
xyz:XYZ100,0.0000214209,0.0004713674,2025-11-23 10:00:00.023000+00:00
xyz:XYZ100,0.0000125000,0.0001863504,2025-11-23 11:00:00.097000+00:00
xyz:XYZ100,0.0000125000,0.0000801004,2025-11-23 12:00:00.010000+00:00
xyz:XYZ100,0.0000125000,0.0001171416,2025-11-23 13:00:00.086000+00:00
xyz:XYZ100,0.0000467982,0.0006743853,2025-11-23 14:00:00.004000+00:00
xyz:XYZ100,0.0000755541,0.0009044328,2025-11-23 15:00:00.040000+00:00
xyz:XYZ100,0.0000478698,0.0006829583,2025-11-23 16:00:00.021000+00:00
xyz:XYZ100,0.0000164587,0.0004316699,2025-11-23 17:00:00.005000+00:00
xyz:XYZ100,0.0000351501,0.0005812012,2025-11-23 18:00:00.020000+00:00
xyz:XYZ100,0.0000125000,0.0002264427,2025-11-23 19:00:00.042000+00:00
xyz:XYZ100,0.0000771094,0.0009168754,2025-11-23 20:00:00.076000+00:00
xyz:XYZ100,0.0000276230,0.0005209842,2025-11-23 21:00:00.083000+00:00
xyz:XYZ100,0.0000829316,0.0009634530,2025-11-23 22:00:00.032000+00:00
xyz:XYZ100,0.0000125000,0.0001671852,2025-11-23 23:00:00.050000+00:00
xyz:XYZ100,0.0000125000,0.0000436523,2025-11-24 00:00:00.051000+00:00
xyz:XYZ100,0.0000125000,0.0000197161,2025-11-24 01:00:00.030000+00:00
xyz:XYZ100,0.0000125000,0.0000015035,2025-11-24 02:00:00.067000+00:00
xyz:XYZ100,0.0000125000,0.0000154791,2025-11-24 03:00:00.010000+00:00
xyz:XYZ100,0.0000125000,0.0000004678,2025-11-24 04:00:00.034000+00:00
xyz:XYZ100,0.0000125000,-0.0000068942,2025-11-24 05:00:00.042000+00:00
xyz:XYZ100,0.0000125000,0.0000654637,2025-11-24 06:00:00.036000+00:00
xyz:XYZ100,0.0000125000,-0.0000146979,2025-11-24 07:00:00.028000+00:00
xyz:XYZ100,0.0000125000,0.0000362422,2025-11-24 08:00:00.025000+00:00
xyz:XYZ100,0.0000125000,-0.0000313074,2025-11-24 09:00:00.049000+00:00
xyz:XYZ100,0.0000125000,-0.0000549403,2025-11-24 10:00:00.007000+00:00
xyz:XYZ100,0.0000125000,-0.0001043503,2025-11-24 11:00:00.049000+00:00
xyz:XYZ100,0.0000125000,-0.0000745342,2025-11-24 12:00:00.056000+00:00
xyz:XYZ100,0.0000125000,-0.0000802268,2025-11-24 13:00:00.014000+00:00
xyz:XYZ100,0.0000125000,-0.0000517081,2025-11-24 14:00:00.035000+00:00
xyz:XYZ100,0.0000125000,-0.0000267587,2025-11-24 15:00:00.015000+00:00
xyz:XYZ100,0.0000125000,-0.0000054864,2025-11-24 16:00:00.011000+00:00
xyz:XYZ100,0.0000125000,-0.0000692313,2025-11-24 17:00:00.041000+00:00
xyz:XYZ100,0.0000125000,-0.0000517753,2025-11-24 18:00:00.097000+00:00
xyz:XYZ100,0.0000125000,-0.0000709317,2025-11-24 19:00:00.065000+00:00
xyz:XYZ100,0.0000125000,-0.0000610408,2025-11-24 20:00:00.083000+00:00
xyz:XYZ100,0.0000125000,-0.0000669625,2025-11-24 21:00:00.134000+00:00
xyz:XYZ100,0.0000125000,-0.0000681696,2025-11-24 22:00:00.018000+00:00
xyz:XYZ100,0.0000223613,0.0004788903,2025-11-24 23:00:00.013000+00:00
xyz:XYZ100,0.0000125000,-0.0000667330,2025-11-25 00:00:00.027000+00:00
xyz:XYZ100,0.0000125000,-0.0000774811,2025-11-25 01:00:00.029000+00:00
xyz:XYZ100,0.0000125000,-0.0000475149,2025-11-25 02:00:00.065000+00:00
xyz:XYZ100,0.0000125000,-0.0001012337,2025-11-25 03:00:00.062000+00:00
xyz:XYZ100,0.0000125000,-0.0000908465,2025-11-25 04:00:00.057000+00:00
xyz:XYZ100,0.0000125000,-0.0000534221,2025-11-25 05:00:00.061000+00:00
xyz:XYZ100,0.0000125000,-0.0000804390,2025-11-25 06:00:00.056000+00:00
xyz:XYZ100,0.0000125000,-0.0000764500,2025-11-25 07:00:00.004000+00:00
xyz:XYZ100,0.0000125000,-0.0000864572,2025-11-25 08:00:00+00:00
xyz:XYZ100,0.0000125000,-0.0001078484,2025-11-25 09:00:00.065000+00:00
xyz:XYZ100,0.0000125000,-0.0001457781,2025-11-25 10:00:00.014000+00:00
xyz:XYZ100,0.0000120789,-0.0002033690,2025-11-25 11:00:00.010000+00:00
xyz:XYZ100,0.0000125000,-0.0001145910,2025-11-25 12:00:00.055000+00:00
xyz:XYZ100,0.0000125000,-0.0001208034,2025-11-25 13:00:00.083000+00:00
xyz:XYZ100,0.0000125000,-0.0000674861,2025-11-25 14:00:00.039000+00:00
xyz:XYZ100,0.0000125000,-0.0000929585,2025-11-25 15:00:00.004000+00:00
xyz:XYZ100,0.0000125000,-0.0001806678,2025-11-25 16:00:00.060000+00:00
xyz:XYZ100,0.0000038352,-0.0002693187,2025-11-25 17:00:00.006000+00:00
xyz:XYZ100,0.0000061908,-0.0002504733,2025-11-25 18:00:00.054000+00:00
xyz:XYZ100,-0.0000098260,-0.0003786076,2025-11-25 19:00:00.061000+00:00
xyz:XYZ100,0.0000059573,-0.0002523420,2025-11-25 20:00:00.015000+00:00
xyz:XYZ100,0.0000125000,-0.0001839979,2025-11-25 21:00:00.012000+00:00
xyz:XYZ100,0.0000125000,-0.0001420147,2025-11-25 22:00:00.013000+00:00
xyz:XYZ100,0.0000125000,-0.0000690977,2025-11-25 23:00:00.092000+00:00
xyz:XYZ100,0.0000125000,-0.0000834781,2025-11-26 00:00:00.203000+00:00
xyz:XYZ100,0.0000125000,-0.0000892160,2025-11-26 01:00:00.056000+00:00
xyz:XYZ100,0.0000125000,-0.0001802557,2025-11-26 02:00:00.030000+00:00
xyz:XYZ100,0.0000125000,-0.0001479441,2025-11-26 03:00:00.063000+00:00
xyz:XYZ100,0.0000125000,-0.0000645305,2025-11-26 04:00:00.014000+00:00
xyz:XYZ100,0.0000125000,-0.0000005962,2025-11-26 05:00:00.044000+00:00
xyz:XYZ100,0.0000125000,-0.0000239474,2025-11-26 06:00:00.016000+00:00
xyz:XYZ100,0.0000125000,0.0000374559,2025-11-26 07:00:00.022000+00:00
xyz:XYZ100,0.0000125000,0.0000786514,2025-11-26 08:00:00.098000+00:00
xyz:XYZ100,0.0000125000,0.0000099763,2025-11-26 09:00:00.091000+00:00
xyz:XYZ100,0.0000125000,-0.0000577460,2025-11-26 10:00:00.025000+00:00
xyz:XYZ100,0.0000125000,-0.0000572337,2025-11-26 11:00:00.023000+00:00
xyz:XYZ100,0.0000125000,-0.0000386808,2025-11-26 12:00:00.100000+00:00
xyz:XYZ100,0.0000125000,-0.0000627225,2025-11-26 13:00:00.034000+00:00
xyz:XYZ100,0.0000125000,-0.0000877744,2025-11-26 14:00:00.047000+00:00
xyz:XYZ100,0.0000125000,-0.0001576240,2025-11-26 15:00:00.012000+00:00
xyz:XYZ100,0.0000125000,-0.0001782658,2025-11-26 16:00:00.062000+00:00
xyz:XYZ100,0.0000125000,-0.0001195446,2025-11-26 17:00:00.062000+00:00
xyz:XYZ100,0.0000125000,-0.0000742808,2025-11-26 18:00:00.073000+00:00
xyz:XYZ100,0.0000125000,-0.0001221609,2025-11-26 19:00:00.048000+00:00
xyz:XYZ100,0.0000125000,-0.0001480689,2025-11-26 20:00:00.065000+00:00
xyz:XYZ100,0.0000125000,-0.0000855099,2025-11-26 21:00:00.032000+00:00
xyz:XYZ100,0.0000125000,-0.0001472192,2025-11-26 22:00:00.029000+00:00
xyz:XYZ100,0.0000125000,-0.0000203523,2025-11-26 23:00:00.032000+00:00
xyz:XYZ100,0.0000125000,-0.0001657953,2025-11-27 00:00:00.024000+00:00
xyz:XYZ100,0.0000125000,-0.0001703029,2025-11-27 01:00:00.006000+00:00
xyz:XYZ100,0.0000125000,-0.0001218728,2025-11-27 02:00:00.090000+00:00
xyz:XYZ100,0.0000125000,-0.0000697299,2025-11-27 03:00:00.036000+00:00
xyz:XYZ100,0.0000125000,-0.0000824075,2025-11-27 04:00:00.062000+00:00
xyz:XYZ100,0.0000125000,-0.0001710235,2025-11-27 05:00:00.069000+00:00
xyz:XYZ100,0.0000020083,-0.0002839335,2025-11-27 06:00:00.027000+00:00
xyz:XYZ100,0.0000045861,-0.0002633113,2025-11-27 07:00:00.004000+00:00
xyz:XYZ100,-0.0000094543,-0.0003756346,2025-11-27 08:00:00.031000+00:00
xyz:XYZ100,-0.0000074668,-0.0003597344,2025-11-27 09:00:00.030000+00:00
xyz:XYZ100,-0.0000088997,-0.0003711979,2025-11-27 10:00:00.037000+00:00
xyz:XYZ100,0.0000072912,-0.0002416707,2025-11-27 11:00:00.006000+00:00
xyz:XYZ100,0.0000125000,-0.0000967932,2025-11-27 12:00:00.056000+00:00
xyz:XYZ100,0.0000125000,-0.0001962588,2025-11-27 13:00:00.129000+00:00
xyz:XYZ100,0.0000125000,-0.0001929287,2025-11-27 14:00:00.083000+00:00
xyz:XYZ100,0.0000125000,-0.0001991340,2025-11-27 15:00:00.013000+00:00
xyz:XYZ100,-0.0000038722,-0.0003309776,2025-11-27 16:00:00.038000+00:00
xyz:XYZ100,-0.0000021458,-0.0003171666,2025-11-27 17:00:00.030000+00:00
xyz:XYZ100,0.0000125000,-0.0001499209,2025-11-27 18:00:00.008000+00:00
xyz:XYZ100,0.0000125000,-0.0001689897,2025-11-27 19:00:00.043000+00:00
xyz:XYZ100,0.0000125000,-0.0001163163,2025-11-27 20:00:00.031000+00:00
xyz:XYZ100,0.0000125000,-0.0001245262,2025-11-27 21:00:00.068000+00:00
xyz:XYZ100,0.0000125000,-0.0000909808,2025-11-27 22:00:00.021000+00:00
xyz:XYZ100,0.0000125000,-0.0000581250,2025-11-27 23:00:00.015000+00:00
xyz:XYZ100,0.0000125000,-0.0001486484,2025-11-28 00:00:00.003000+00:00
xyz:XYZ100,0.0000125000,-0.0001349935,2025-11-28 01:00:00.096000+00:00
xyz:XYZ100,0.0000125000,-0.0001565688,2025-11-28 02:00:00.007000+00:00
xyz:XYZ100,-0.0000021542,-0.0003172336,2025-11-28 03:00:00.026000+00:00
xyz:XYZ100,-0.0000566937,-0.0007535495,2025-11-28 04:00:00.060000+00:00
xyz:XYZ100,-0.0001050999,-0.0011407993,2025-11-28 05:00:00.102000+00:00
xyz:XYZ100,-0.0000167594,-0.0004340754,2025-11-28 06:00:00.089000+00:00
xyz:XYZ100,-0.0000028965,-0.0003231720,2025-11-28 07:00:00.032000+00:00
xyz:XYZ100,0.0000125000,0.0002969567,2025-11-28 08:00:00.007000+00:00
xyz:XYZ100,0.0000162154,0.0004297232,2025-11-28 09:00:00.007000+00:00
xyz:XYZ100,0.0000125000,-0.0000305955,2025-11-28 10:00:00.046000+00:00
xyz:XYZ100,0.0000125000,0.0003235038,2025-11-28 11:00:00.039000+00:00
xyz:XYZ100,0.0000125000,-0.0000949121,2025-11-28 12:00:00.055000+00:00
xyz:XYZ100,0.0000125000,-0.0001213798,2025-11-28 13:00:00.037000+00:00
xyz:XYZ100,0.0000095324,-0.0002237407,2025-11-28 14:00:00.032000+00:00
xyz:XYZ100,0.0000125000,-0.0001194136,2025-11-28 15:00:00+00:00
xyz:XYZ100,0.0000125000,-0.0001041862,2025-11-28 16:00:00.028000+00:00
xyz:XYZ100,0.0000094960,-0.0002240323,2025-11-28 17:00:00.067000+00:00
xyz:XYZ100,0.0000125000,-0.0001812926,2025-11-28 18:00:00.002000+00:00
xyz:XYZ100,0.0000009959,-0.0002920324,2025-11-28 19:00:00.074000+00:00
xyz:XYZ100,0.0000125000,-0.0001391496,2025-11-28 20:00:00.023000+00:00
xyz:XYZ100,0.0000125000,-0.0000880215,2025-11-28 21:00:00.034000+00:00
xyz:XYZ100,0.0000125000,-0.0001075979,2025-11-28 22:00:00.030000+00:00
xyz:XYZ100,-0.0000121568,-0.0003972540,2025-11-28 23:00:00.038000+00:00
xyz:XYZ100,-0.0000270379,-0.0005163034,2025-11-29 00:00:00.025000+00:00
xyz:XYZ100,0.0000055314,-0.0002557485,2025-11-29 01:00:00.081000+00:00
xyz:XYZ100,0.0000125000,0.0000225847,2025-11-29 02:00:00.015000+00:00
xyz:XYZ100,0.0000125000,0.0002771380,2025-11-29 03:00:00.061000+00:00
xyz:XYZ100,0.0000125000,0.0002857739,2025-11-29 04:00:00.003000+00:00
xyz:XYZ100,0.0000125000,0.0000112473,2025-11-29 05:00:00.146000+00:00
xyz:XYZ100,0.0000125000,-0.0000638068,2025-11-29 06:00:00.061000+00:00
xyz:XYZ100,0.0000125000,-0.0000353431,2025-11-29 07:00:00.067000+00:00
xyz:XYZ100,0.0000125000,-0.0000496483,2025-11-29 08:00:00.067000+00:00
xyz:XYZ100,0.0000125000,-0.0000233567,2025-11-29 09:00:00.005000+00:00
xyz:XYZ100,0.0000125000,-0.0000538281,2025-11-29 10:00:00.028000+00:00
xyz:XYZ100,0.0000125000,-0.0000142066,2025-11-29 11:00:00.053000+00:00
xyz:XYZ100,0.0000125000,0.0000182220,2025-11-29 12:00:00+00:00
xyz:XYZ100,0.0000125000,0.0000196858,2025-11-29 13:00:00.051000+00:00
xyz:XYZ100,0.0000125000,-0.0000097062,2025-11-29 14:00:00.026000+00:00
xyz:XYZ100,0.0000125000,-0.0000500897,2025-11-29 15:00:00.007000+00:00
xyz:XYZ100,-0.0000135259,-0.0004082069,2025-11-29 16:00:00.017000+00:00
xyz:XYZ100,-0.0000115486,-0.0003923885,2025-11-29 17:00:00.109000+00:00
xyz:XYZ100,0.0000125000,-0.0001457439,2025-11-29 18:00:00.004000+00:00
xyz:XYZ100,0.0000125000,-0.0000723289,2025-11-29 19:00:00.022000+00:00
xyz:XYZ100,0.0000125000,-0.0001522104,2025-11-29 20:00:00.051000+00:00
xyz:XYZ100,-0.0001035126,-0.0011281009,2025-11-29 21:00:00.028000+00:00
xyz:XYZ100,-0.0000125551,-0.0004004408,2025-11-29 22:00:00.035000+00:00
xyz:XYZ100,0.0000125000,-0.0001587267,2025-11-29 23:00:00.051000+00:00
xyz:XYZ100,0.0000125000,-0.0000718312,2025-11-30 00:00:00.082000+00:00
xyz:XYZ100,0.0000125000,-0.0000362457,2025-11-30 01:00:00.030000+00:00
xyz:XYZ100,0.0000125000,-0.0000197410,2025-11-30 02:00:00.075000+00:00
xyz:XYZ100,0.0000125000,-0.0000197410,2025-11-30 03:00:00.044000+00:00
xyz:XYZ100,0.0000125000,-0.0000197410,2025-11-30 04:00:00.090000+00:00
xyz:XYZ100,0.0000125000,-0.0000197410,2025-11-30 05:00:00.004000+00:00
xyz:XYZ100,0.0000125000,-0.0000197410,2025-11-30 06:00:00.004000+00:00
xyz:XYZ100,0.0000125000,-0.0000197410,2025-11-30 07:00:00.045000+00:00
xyz:XYZ100,0.0000125000,-0.0000197410,2025-11-30 08:00:00.065000+00:00
xyz:XYZ100,0.0000125000,0.0001428399,2025-11-30 09:00:00.051000+00:00
xyz:XYZ100,0.0000125000,0.0003019191,2025-11-30 10:00:00.075000+00:00
xyz:XYZ100,0.0000125000,0.0001306674,2025-11-30 11:00:00.070000+00:00
xyz:XYZ100,0.0000125000,0.0000625338,2025-11-30 12:00:00.054000+00:00
xyz:XYZ100,0.0000125000,0.0000270395,2025-11-30 13:00:00.060000+00:00
xyz:XYZ100,0.0000126970,0.0004015758,2025-11-30 14:00:00.007000+00:00
xyz:XYZ100,0.0000790195,0.0009321561,2025-11-30 15:00:00.066000+00:00
xyz:XYZ100,0.0000432995,0.0006463963,2025-11-30 16:00:00.049000+00:00
xyz:XYZ100,0.0000125000,0.0002622519,2025-11-30 17:00:00.046000+00:00
xyz:XYZ100,0.0000125000,0.0001081644,2025-11-30 18:00:00.097000+00:00
xyz:XYZ100,0.0000125000,0.0000577428,2025-11-30 19:00:00.015000+00:00
xyz:XYZ100,0.0000125000,0.0000196843,2025-11-30 20:00:00.096000+00:00
xyz:XYZ100,0.0000125000,0.0000196843,2025-11-30 21:00:00.035000+00:00
xyz:XYZ100,0.0000125000,-0.0000568328,2025-11-30 22:00:00.056000+00:00
xyz:XYZ100,-0.0000413839,-0.0006310715,2025-11-30 23:00:00.008000+00:00
xyz:XYZ100,-0.0000342964,-0.0005743715,2025-12-01 00:00:00.073000+00:00
xyz:XYZ100,-0.0000748994,-0.0008991954,2025-12-01 01:00:00.076000+00:00
xyz:XYZ100,-0.0000629109,-0.0008032874,2025-12-01 02:00:00.003000+00:00
xyz:XYZ100,-0.0000735260,-0.0008882077,2025-12-01 03:00:00.027000+00:00
xyz:XYZ100,-0.0000231972,-0.0004855775,2025-12-01 04:00:00.028000+00:00
xyz:XYZ100,-0.0000112319,-0.0003898552,2025-12-01 05:00:00.048000+00:00
xyz:XYZ100,-0.0000446979,-0.0006575830,2025-12-01 06:00:00.029000+00:00
xyz:XYZ100,0.0000125000,-0.0001551140,2025-12-01 07:00:00.034000+00:00
xyz:XYZ100,0.0000125000,-0.0000789356,2025-12-01 08:00:00.014000+00:00
xyz:XYZ100,0.0000125000,-0.0001609480,2025-12-01 09:00:00.010000+00:00
xyz:XYZ100,0.0000125000,-0.0001169941,2025-12-01 10:00:00.038000+00:00
xyz:XYZ100,0.0000125000,-0.0001523112,2025-12-01 11:00:00.036000+00:00
xyz:XYZ100,0.0000125000,-0.0000257522,2025-12-01 12:00:00.066000+00:00
xyz:XYZ100,0.0000125000,-0.0000904113,2025-12-01 13:00:00.024000+00:00
xyz:XYZ100,0.0000125000,-0.0000326165,2025-12-01 14:00:00.024000+00:00
xyz:XYZ100,0.0000125000,-0.0001364666,2025-12-01 15:00:00.067000+00:00
xyz:XYZ100,0.0000125000,-0.0001402647,2025-12-01 16:00:00.069000+00:00
xyz:XYZ100,0.0000125000,-0.0001483007,2025-12-01 17:00:00.021000+00:00
xyz:XYZ100,0.0000125000,-0.0001732501,2025-12-01 18:00:00.060000+00:00
xyz:XYZ100,0.0000125000,-0.0001718335,2025-12-01 19:00:00+00:00
xyz:XYZ100,0.0000125000,-0.0001208262,2025-12-01 20:00:00.070000+00:00
xyz:XYZ100,0.0000125000,-0.0000909340,2025-12-01 21:00:00.006000+00:00
xyz:XYZ100,0.0000125000,-0.0001749890,2025-12-01 22:00:00.103000+00:00
xyz:XYZ100,0.0000125000,-0.0001460363,2025-12-01 23:00:00.062000+00:00
xyz:XYZ100,0.0000125000,-0.0001594645,2025-12-02 00:00:00.052000+00:00
xyz:XYZ100,0.0000125000,-0.0001116960,2025-12-02 01:00:00.062000+00:00
xyz:XYZ100,0.0000125000,-0.0001668170,2025-12-02 02:00:00.027000+00:00
xyz:XYZ100,-0.0000221068,-0.0004768543,2025-12-02 03:00:00.060000+00:00
xyz:XYZ100,0.0000125000,-0.0001847774,2025-12-02 04:00:00.023000+00:00
xyz:XYZ100,0.0000061018,-0.0002511858,2025-12-02 05:00:00.061000+00:00
xyz:XYZ100,0.0000002855,-0.0002977163,2025-12-02 06:00:00.036000+00:00
xyz:XYZ100,0.0000039064,-0.0002687489,2025-12-02 07:00:00.001000+00:00
xyz:XYZ100,0.0000125000,-0.0001606319,2025-12-02 08:00:00.104000+00:00
xyz:XYZ100,-0.0000008269,-0.0003066152,2025-12-02 09:00:00.038000+00:00
xyz:XYZ100,0.0000053786,-0.0002569711,2025-12-02 10:00:00.047000+00:00
xyz:XYZ100,0.0000125000,-0.0001639485,2025-12-02 11:00:00.037000+00:00
xyz:XYZ100,0.0000125000,-0.0000210860,2025-12-02 12:00:00.092000+00:00
xyz:XYZ100,0.0000125000,-0.0000900408,2025-12-02 13:00:00.029000+00:00
xyz:XYZ100,0.0000125000,-0.0000060119,2025-12-02 14:00:00.078000+00:00
xyz:XYZ100,0.0000125000,-0.0000895537,2025-12-02 15:00:00.070000+00:00
xyz:XYZ100,0.0000125000,-0.0001186429,2025-12-02 16:00:00.048000+00:00
xyz:XYZ100,0.0000125000,0.0000163182,2025-12-02 17:00:00.058000+00:00
xyz:XYZ100,0.0000125000,0.0000324691,2025-12-02 18:00:00.022000+00:00
xyz:XYZ100,0.0000125000,0.0000449516,2025-12-02 19:00:00.027000+00:00
xyz:XYZ100,0.0000125000,0.0000031643,2025-12-02 20:00:00.007000+00:00
xyz:XYZ100,0.0000125000,-0.0001246904,2025-12-02 21:00:00.115000+00:00
xyz:XYZ100,0.0000125000,-0.0000902717,2025-12-02 22:00:00.050000+00:00
xyz:XYZ100,0.0000125000,-0.0000437000,2025-12-02 23:00:00.064000+00:00
xyz:XYZ100,0.0000125000,-0.0001348765,2025-12-03 00:00:00.098000+00:00
xyz:XYZ100,0.0000125000,-0.0000817197,2025-12-03 01:00:00.052000+00:00
xyz:XYZ100,0.0000125000,-0.0000928728,2025-12-03 02:00:00.028000+00:00
xyz:XYZ100,0.0000125000,-0.0000596115,2025-12-03 03:00:00.017000+00:00
xyz:XYZ100,0.0000125000,0.0000244377,2025-12-03 04:00:00.010000+00:00
xyz:XYZ100,0.0000125000,-0.0000913027,2025-12-03 05:00:00.062000+00:00
xyz:XYZ100,0.0000125000,-0.0000674931,2025-12-03 06:00:00.007000+00:00
xyz:XYZ100,0.0000125000,-0.0000723367,2025-12-03 07:00:00.016000+00:00
xyz:XYZ100,0.0000125000,-0.0001096774,2025-12-03 08:00:00.016000+00:00
xyz:XYZ100,0.0000125000,-0.0001270689,2025-12-03 09:00:00.099000+00:00
xyz:XYZ100,0.0000125000,0.0000710187,2025-12-03 10:00:00.051000+00:00
xyz:XYZ100,0.0000125000,-0.0000757306,2025-12-03 11:00:00.008000+00:00
xyz:XYZ100,0.0000125000,-0.0001519630,2025-12-03 12:00:00.008000+00:00
xyz:XYZ100,0.0000125000,-0.0000569780,2025-12-03 13:00:00.033000+00:00
xyz:XYZ100,0.0000125000,-0.0001044615,2025-12-03 14:00:00.068000+00:00
xyz:XYZ100,0.0000125000,-0.0000055859,2025-12-03 15:00:00.020000+00:00
xyz:XYZ100,0.0000125000,-0.0000391106,2025-12-03 16:00:00.116000+00:00
xyz:XYZ100,0.0000125000,-0.0000459885,2025-12-03 17:00:00.035000+00:00
xyz:XYZ100,0.0000125000,-0.0000693019,2025-12-03 18:00:00.043000+00:00
xyz:XYZ100,0.0000125000,-0.0000656099,2025-12-03 19:00:00+00:00
xyz:XYZ100,0.0000125000,-0.0000322044,2025-12-03 20:00:00.036000+00:00
xyz:XYZ100,0.0000125000,-0.0000386205,2025-12-03 21:00:00.027000+00:00
xyz:XYZ100,0.0000125000,-0.0000342532,2025-12-03 22:00:00.024000+00:00
xyz:XYZ100,0.0000125000,0.0001767640,2025-12-03 23:00:00.029000+00:00
xyz:XYZ100,0.0000125000,-0.0001252021,2025-12-04 00:00:00.032000+00:00
xyz:XYZ100,0.0000125000,-0.0000995884,2025-12-04 01:00:00.010000+00:00
xyz:XYZ100,0.0000125000,-0.0001380503,2025-12-04 02:00:00.079000+00:00
xyz:XYZ100,0.0000125000,-0.0001856010,2025-12-04 03:00:00.010000+00:00
xyz:XYZ100,0.0000125000,-0.0001200922,2025-12-04 04:00:00.038000+00:00
xyz:XYZ100,0.0000125000,-0.0001451140,2025-12-04 05:00:00.064000+00:00
xyz:XYZ100,0.0000118599,-0.0002051208,2025-12-04 06:00:00.059000+00:00
xyz:XYZ100,0.0000125000,-0.0001291333,2025-12-04 07:00:00.011000+00:00
xyz:XYZ100,0.0000125000,-0.0001486615,2025-12-04 08:00:00.049000+00:00
xyz:XYZ100,0.0000125000,-0.0001049185,2025-12-04 09:00:00.085000+00:00
xyz:XYZ100,0.0000125000,-0.0000895566,2025-12-04 10:00:00.081000+00:00
xyz:XYZ100,0.0000125000,-0.0000881619,2025-12-04 11:00:00.050000+00:00
xyz:XYZ100,0.0000125000,-0.0000927241,2025-12-04 12:00:00.031000+00:00
xyz:XYZ100,0.0000125000,-0.0001539011,2025-12-04 13:00:00.064000+00:00
xyz:XYZ100,0.0000125000,-0.0000101649,2025-12-04 14:00:00.041000+00:00
xyz:XYZ100,0.0000125000,-0.0000895204,2025-12-04 15:00:00.047000+00:00
xyz:XYZ100,0.0000125000,-0.0000754227,2025-12-04 16:00:00.010000+00:00
xyz:XYZ100,0.0000125000,-0.0001068436,2025-12-04 17:00:00.054000+00:00
xyz:XYZ100,0.0000125000,-0.0001329854,2025-12-04 18:00:00.008000+00:00
xyz:XYZ100,0.0000125000,-0.0000910600,2025-12-04 19:00:00.044000+00:00
xyz:XYZ100,0.0000125000,-0.0000780065,2025-12-04 20:00:00.021000+00:00
xyz:XYZ100,0.0000125000,-0.0001913083,2025-12-04 21:00:00.078000+00:00
xyz:XYZ100,0.0000125000,-0.0001760713,2025-12-04 22:00:00.034000+00:00
xyz:XYZ100,-0.0000006132,-0.0003049053,2025-12-04 23:00:00.015000+00:00
xyz:XYZ100,0.0000125000,-0.0000994679,2025-12-05 00:00:00.002000+00:00
xyz:XYZ100,0.0000125000,-0.0001358263,2025-12-05 01:00:00.035000+00:00
xyz:XYZ100,0.0000125000,-0.0001670916,2025-12-05 02:00:00.021000+00:00
xyz:XYZ100,0.0000073334,-0.0002413327,2025-12-05 03:00:00.048000+00:00
xyz:XYZ100,0.0000125000,-0.0001641242,2025-12-05 04:00:00.066000+00:00
xyz:XYZ100,-0.0000149599,-0.0004196794,2025-12-05 05:00:00.044000+00:00
xyz:XYZ100,0.0000067436,-0.0002460510,2025-12-05 06:00:00.033000+00:00
xyz:XYZ100,-0.0000099047,-0.0003792375,2025-12-05 07:00:00.050000+00:00
xyz:XYZ100,0.0000020693,-0.0002834453,2025-12-05 08:00:00.032000+00:00
xyz:XYZ100,0.0000029077,-0.0002767386,2025-12-05 09:00:00.019000+00:00
xyz:XYZ100,0.0000125000,-0.0001810727,2025-12-05 10:00:00.035000+00:00
xyz:XYZ100,0.0000125000,-0.0001807950,2025-12-05 11:00:00.077000+00:00
xyz:XYZ100,0.0000125000,-0.0001577720,2025-12-05 12:00:00.030000+00:00
xyz:XYZ100,0.0000125000,-0.0001710141,2025-12-05 13:00:00.062000+00:00
xyz:XYZ100,0.0000112973,-0.0002096216,2025-12-05 14:00:00.047000+00:00
xyz:XYZ100,-0.0000013042,-0.0003104339,2025-12-05 15:00:00.036000+00:00
xyz:XYZ100,-0.0000188931,-0.0004511451,2025-12-05 16:00:00+00:00
xyz:XYZ100,0.0000114748,-0.0002082018,2025-12-05 17:00:00.026000+00:00
xyz:XYZ100,0.0000125000,-0.0001475440,2025-12-05 18:00:00.054000+00:00
xyz:XYZ100,0.0000057898,-0.0002536817,2025-12-05 19:00:00.086000+00:00
xyz:XYZ100,-0.0000238382,-0.0004907056,2025-12-05 20:00:00.004000+00:00
xyz:XYZ100,0.0000104810,-0.0002161521,2025-12-05 21:00:00.036000+00:00
xyz:XYZ100,-0.0000163190,-0.0004305524,2025-12-05 22:00:00.035000+00:00
xyz:XYZ100,-0.0000287380,-0.0005299037,2025-12-05 23:00:00.012000+00:00
xyz:XYZ100,0.0000125000,-0.0001883023,2025-12-06 00:00:00.052000+00:00
xyz:XYZ100,0.0000125000,0.0003724503,2025-12-06 01:00:00.110000+00:00
xyz:XYZ100,0.0000125000,0.0003746057,2025-12-06 02:00:00.011000+00:00
xyz:XYZ100,-0.0000216338,-0.0004730702,2025-12-06 03:00:00.053000+00:00
xyz:XYZ100,0.0000125000,0.0001405478,2025-12-06 04:00:00.025000+00:00
xyz:XYZ100,0.0000002078,-0.0002983377,2025-12-06 05:00:00.044000+00:00
xyz:XYZ100,0.0000125000,-0.0001776302,2025-12-06 06:00:00.010000+00:00
xyz:XYZ100,0.0000125000,-0.0000752165,2025-12-06 07:00:00.052000+00:00
xyz:XYZ100,0.0000125000,0.0000820684,2025-12-06 08:00:00.049000+00:00
xyz:XYZ100,0.0000096643,-0.0002226860,2025-12-06 09:00:00.050000+00:00
xyz:XYZ100,0.0000125000,-0.0001031136,2025-12-06 10:00:00.024000+00:00
xyz:XYZ100,0.0000125000,0.0001333706,2025-12-06 11:00:00.005000+00:00
xyz:XYZ100,0.0000125000,-0.0001124003,2025-12-06 12:00:00.038000+00:00
xyz:XYZ100,0.0000125000,0.0000137213,2025-12-06 13:00:00.034000+00:00
xyz:XYZ100,0.0000125000,-0.0001976019,2025-12-06 14:00:00.047000+00:00
xyz:XYZ100,0.0000125000,-0.0001723921,2025-12-06 15:00:00.028000+00:00
xyz:XYZ100,0.0000125000,-0.0000748409,2025-12-06 16:00:00.107000+00:00
xyz:XYZ100,-0.0000044383,-0.0003355062,2025-12-06 17:00:00.025000+00:00
xyz:XYZ100,0.0000125000,0.0001569226,2025-12-06 18:00:00.046000+00:00
xyz:XYZ100,0.0000125000,0.0000978551,2025-12-06 19:00:00.065000+00:00
xyz:XYZ100,0.0000125000,0.0000250580,2025-12-06 20:00:00.038000+00:00
xyz:XYZ100,0.0000125000,0.0000194833,2025-12-06 21:00:00.067000+00:00
xyz:XYZ100,0.0000125000,0.0003186319,2025-12-06 22:00:00.120000+00:00
xyz:XYZ100,0.0000173483,0.0004387868,2025-12-06 23:00:00.058000+00:00
xyz:XYZ100,0.0000125000,0.0002372860,2025-12-07 00:00:00.005000+00:00
xyz:XYZ100,0.0000125000,0.0002174439,2025-12-07 01:00:00.048000+00:00
xyz:XYZ100,0.0000125000,-0.0001277621,2025-12-07 02:00:00.012000+00:00
xyz:XYZ100,-0.0000412391,-0.0006299130,2025-12-07 03:00:00.047000+00:00
xyz:XYZ100,0.0000125000,-0.0000877287,2025-12-07 04:00:00.147000+00:00
xyz:XYZ100,0.0000125000,-0.0001750409,2025-12-07 05:00:00.081000+00:00
xyz:XYZ100,0.0000125000,0.0001174694,2025-12-07 06:00:00.041000+00:00
xyz:XYZ100,0.0000125000,-0.0000858555,2025-12-07 07:00:00.003000+00:00
xyz:XYZ100,-0.0000114773,-0.0003918187,2025-12-07 08:00:00.025000+00:00
xyz:XYZ100,0.0000125000,-0.0001854679,2025-12-07 09:00:00.033000+00:00
xyz:XYZ100,0.0000125000,-0.0000549731,2025-12-07 10:00:00.096000+00:00
xyz:XYZ100,0.0000125000,-0.0000514508,2025-12-07 11:00:00.107000+00:00
xyz:XYZ100,0.0000125000,-0.0001315951,2025-12-07 12:00:00.022000+00:00
xyz:XYZ100,0.0000125000,0.0000224318,2025-12-07 13:00:00.015000+00:00
xyz:XYZ100,0.0000125000,-0.0000654139,2025-12-07 14:00:00.007000+00:00
xyz:XYZ100,0.0000125000,-0.0001007662,2025-12-07 15:00:00.003000+00:00
xyz:XYZ100,0.0000125000,0.0000200437,2025-12-07 16:00:00.031000+00:00
xyz:XYZ100,-0.0000231423,-0.0004851382,2025-12-07 17:00:00.002000+00:00
xyz:XYZ100,0.0000125000,0.0001862355,2025-12-07 18:00:00.040000+00:00
xyz:XYZ100,0.0000125000,-0.0000598887,2025-12-07 19:00:00.096000+00:00
xyz:XYZ100,0.0000125000,-0.0000228919,2025-12-07 20:00:00.036000+00:00
xyz:XYZ100,0.0000125000,0.0003059859,2025-12-07 21:00:00.009000+00:00
xyz:XYZ100,0.0000125000,0.0001541569,2025-12-07 22:00:00.031000+00:00
xyz:XYZ100,0.0000071551,-0.0002427590,2025-12-07 23:00:00.067000+00:00
xyz:XYZ100,-0.0000056311,-0.0003450488,2025-12-08 00:00:00.031000+00:00
xyz:XYZ100,0.0000118631,-0.0002050955,2025-12-08 01:00:00.152000+00:00
xyz:XYZ100,0.0000028178,-0.0002774577,2025-12-08 02:00:00.010000+00:00
xyz:XYZ100,-0.0000218105,-0.0004744839,2025-12-08 03:00:00.024000+00:00
xyz:XYZ100,-0.0000302165,-0.0005417318,2025-12-08 04:00:00.007000+00:00
xyz:XYZ100,-0.0000294642,-0.0005357135,2025-12-08 05:00:00.036000+00:00
xyz:XYZ100,0.0000042099,-0.0002663207,2025-12-08 06:00:00.056000+00:00
xyz:XYZ100,0.0000111165,-0.0002110684,2025-12-08 07:00:00.006000+00:00
xyz:XYZ100,0.0000102616,-0.0002179074,2025-12-08 08:00:00.113000+00:00
xyz:XYZ100,0.0000125000,-0.0001891800,2025-12-08 09:00:00.062000+00:00
xyz:XYZ100,0.0000098092,-0.0002215268,2025-12-08 10:00:00.041000+00:00
xyz:XYZ100,0.0000037882,-0.0002696943,2025-12-08 11:00:00.085000+00:00
xyz:XYZ100,0.0000059126,-0.0002526994,2025-12-08 12:00:00.019000+00:00
xyz:XYZ100,0.0000039651,-0.0002682791,2025-12-08 13:00:00.077000+00:00
xyz:XYZ100,0.0000039110,-0.0002687117,2025-12-08 14:00:00.056000+00:00
xyz:XYZ100,-0.0000020748,-0.0003165987,2025-12-08 15:00:00.011000+00:00
xyz:XYZ100,-0.0000244147,-0.0004953178,2025-12-08 16:00:00.037000+00:00
xyz:XYZ100,-0.0000211674,-0.0004693392,2025-12-08 17:00:00.037000+00:00
xyz:XYZ100,-0.0000079971,-0.0003639768,2025-12-08 18:00:00.053000+00:00
xyz:XYZ100,0.0000096319,-0.0002229448,2025-12-08 19:00:00.047000+00:00
xyz:XYZ100,0.0000125000,-0.0001700040,2025-12-08 20:00:00.021000+00:00
xyz:XYZ100,0.0000125000,-0.0001984239,2025-12-08 21:00:00.150000+00:00
xyz:XYZ100,0.0000025388,-0.0002796898,2025-12-08 22:00:00.004000+00:00
xyz:XYZ100,-0.0000133810,-0.0004070479,2025-12-08 23:00:00.059000+00:00
xyz:XYZ100,0.0000125000,-0.0000580656,2025-12-09 00:00:00.087000+00:00
xyz:XYZ100,0.0000125000,-0.0000567929,2025-12-09 01:00:00.022000+00:00
xyz:XYZ100,0.0000125000,-0.0000517061,2025-12-09 02:00:00.045000+00:00
xyz:XYZ100,0.0000125000,-0.0000810520,2025-12-09 03:00:00.064000+00:00
xyz:XYZ100,0.0000125000,-0.0001007474,2025-12-09 04:00:00.033000+00:00
xyz:XYZ100,0.0000125000,-0.0001166135,2025-12-09 05:00:00.043000+00:00
xyz:XYZ100,0.0000125000,-0.0000604057,2025-12-09 06:00:00.001000+00:00
xyz:XYZ100,0.0000125000,-0.0000651402,2025-12-09 07:00:00.090000+00:00
xyz:XYZ100,0.0000125000,-0.0000883073,2025-12-09 08:00:00.041000+00:00
xyz:XYZ100,0.0000125000,-0.0001039565,2025-12-09 09:00:00.045000+00:00
xyz:XYZ100,0.0000125000,-0.0000552277,2025-12-09 10:00:00.025000+00:00
xyz:XYZ100,0.0000125000,-0.0001020810,2025-12-09 11:00:00.029000+00:00
xyz:XYZ100,0.0000125000,-0.0001164630,2025-12-09 12:00:00.077000+00:00
xyz:XYZ100,0.0000125000,-0.0000681601,2025-12-09 13:00:00.052000+00:00
xyz:XYZ100,0.0000125000,-0.0000801371,2025-12-09 14:00:00.043000+00:00
xyz:XYZ100,0.0000125000,-0.0001062641,2025-12-09 15:00:00.058000+00:00
xyz:XYZ100,0.0000125000,-0.0000931837,2025-12-09 16:00:00.007000+00:00
xyz:XYZ100,0.0000125000,-0.0000965628,2025-12-09 17:00:00.005000+00:00
xyz:XYZ100,0.0000125000,-0.0000822651,2025-12-09 18:00:00.021000+00:00
xyz:XYZ100,0.0000125000,-0.0001496890,2025-12-09 19:00:00.066000+00:00
xyz:XYZ100,0.0000125000,-0.0000809757,2025-12-09 20:00:00.008000+00:00
xyz:XYZ100,0.0000125000,-0.0001154730,2025-12-09 21:00:00.033000+00:00
xyz:XYZ100,0.0000125000,-0.0000699190,2025-12-09 22:00:00.103000+00:00
xyz:XYZ100,0.0000125000,-0.0001095606,2025-12-09 23:00:00.008000+00:00
xyz:XYZ100,0.0000125000,-0.0001190413,2025-12-10 00:00:00.013000+00:00
xyz:XYZ100,0.0000125000,-0.0000831211,2025-12-10 01:00:00.046000+00:00
xyz:XYZ100,0.0000125000,-0.0000971140,2025-12-10 02:00:00.101000+00:00
xyz:XYZ100,0.0000125000,-0.0000854597,2025-12-10 03:00:00+00:00
xyz:XYZ100,0.0000125000,-0.0000495315,2025-12-10 04:00:00.090000+00:00
xyz:XYZ100,0.0000125000,-0.0001148514,2025-12-10 05:00:00.079000+00:00
xyz:XYZ100,0.0000125000,-0.0000508302,2025-12-10 06:00:00.065000+00:00
xyz:XYZ100,0.0000125000,0.0000114932,2025-12-10 07:00:00.025000+00:00
xyz:XYZ100,0.0000125000,-0.0000945310,2025-12-10 08:00:00.023000+00:00
xyz:XYZ100,0.0000125000,-0.0001097161,2025-12-10 09:00:00.031000+00:00
xyz:XYZ100,0.0000125000,-0.0000697392,2025-12-10 10:00:00.108000+00:00
xyz:XYZ100,0.0000125000,-0.0000813870,2025-12-10 11:00:00.050000+00:00
xyz:XYZ100,0.0000125000,-0.0000802369,2025-12-10 12:00:00.051000+00:00
xyz:XYZ100,0.0000125000,-0.0000943889,2025-12-10 13:00:00.033000+00:00
xyz:XYZ100,0.0000125000,-0.0001135192,2025-12-10 14:00:00.003000+00:00
xyz:XYZ100,0.0000125000,-0.0000868832,2025-12-10 15:00:00.139000+00:00
xyz:XYZ100,0.0000125000,-0.0000831169,2025-12-10 16:00:00.003000+00:00
xyz:XYZ100,0.0000125000,-0.0001502677,2025-12-10 17:00:00.019000+00:00
xyz:XYZ100,0.0000125000,-0.0001522206,2025-12-10 18:00:00.058000+00:00
xyz:XYZ100,0.0000125000,-0.0000612822,2025-12-10 19:00:00.036000+00:00
xyz:XYZ100,0.0000125000,-0.0000998275,2025-12-10 20:00:00.105000+00:00
xyz:XYZ100,-0.0000163376,-0.0004307007,2025-12-10 21:00:00.013000+00:00
xyz:XYZ100,0.0000091764,-0.0002265887,2025-12-10 22:00:00.057000+00:00
xyz:XYZ100,-0.0000203346,-0.0004626766,2025-12-10 23:00:00+00:00
xyz:XYZ100,0.0000125000,-0.0000907968,2025-12-11 00:00:00.043000+00:00
xyz:XYZ100,0.0000125000,-0.0000338048,2025-12-11 01:00:00.002000+00:00
xyz:XYZ100,0.0000125000,-0.0001217199,2025-12-11 02:00:00.017000+00:00
xyz:XYZ100,0.0000125000,0.0000313902,2025-12-11 03:00:00.029000+00:00
xyz:XYZ100,0.0000125000,-0.0000923907,2025-12-11 04:00:00.035000+00:00
xyz:XYZ100,0.0000125000,-0.0001617401,2025-12-11 05:00:00.039000+00:00
xyz:XYZ100,0.0000092087,-0.0002263302,2025-12-11 06:00:00.044000+00:00
xyz:XYZ100,0.0000125000,-0.0001489142,2025-12-11 07:00:00.030000+00:00
xyz:XYZ100,0.0000125000,-0.0001982445,2025-12-11 08:00:00.002000+00:00
xyz:XYZ100,-0.0000044247,-0.0003353975,2025-12-11 09:00:00.086000+00:00
xyz:XYZ100,-0.0000134961,-0.0004079691,2025-12-11 10:00:00.017000+00:00
xyz:XYZ100,0.0000125000,-0.0001774644,2025-12-11 11:00:00.074000+00:00
xyz:XYZ100,0.0000125000,-0.0001050772,2025-12-11 12:00:00.085000+00:00
xyz:XYZ100,0.0000125000,-0.0001259739,2025-12-11 13:00:00.016000+00:00
xyz:XYZ100,0.0000125000,-0.0001792234,2025-12-11 14:00:00.053000+00:00
xyz:XYZ100,0.0000125000,-0.0001481022,2025-12-11 15:00:00.033000+00:00
xyz:XYZ100,0.0000125000,-0.0001432423,2025-12-11 16:00:00.037000+00:00
xyz:XYZ100,0.0000125000,-0.0001030943,2025-12-11 17:00:00.009000+00:00
xyz:XYZ100,0.0000125000,-0.0001798688,2025-12-11 18:00:00.065000+00:00
xyz:XYZ100,0.0000089686,-0.0002282514,2025-12-11 19:00:00.050000+00:00
xyz:XYZ100,-0.0000288757,-0.0005310053,2025-12-11 20:00:00.102000+00:00
xyz:XYZ100,-0.0000125261,-0.0004002091,2025-12-11 21:00:00.008000+00:00
xyz:XYZ100,-0.0001407626,-0.0014261007,2025-12-11 22:00:00.002000+00:00
xyz:XYZ100,-0.0001979665,-0.0018837316,2025-12-11 23:00:00.050000+00:00
xyz:XYZ100,0.0000125000,-0.0001367186,2025-12-12 00:00:00.018000+00:00
xyz:XYZ100,0.0000125000,-0.0000615715,2025-12-12 01:00:00.171000+00:00
xyz:XYZ100,0.0000125000,-0.0001042850,2025-12-12 02:00:00.053000+00:00
xyz:XYZ100,0.0000086880,-0.0002304957,2025-12-12 03:00:00.087000+00:00
xyz:XYZ100,0.0000112775,-0.0002097804,2025-12-12 04:00:00.006000+00:00
xyz:XYZ100,0.0000117703,-0.0002058374,2025-12-12 05:00:00.009000+00:00
xyz:XYZ100,0.0000082710,-0.0002338317,2025-12-12 06:00:00.066000+00:00
xyz:XYZ100,0.0000125000,-0.0001400433,2025-12-12 07:00:00.063000+00:00
xyz:XYZ100,0.0000125000,-0.0000695496,2025-12-12 08:00:00.062000+00:00
xyz:XYZ100,0.0000125000,-0.0001888618,2025-12-12 09:00:00.026000+00:00
xyz:XYZ100,0.0000125000,-0.0000768259,2025-12-12 10:00:00.066000+00:00
xyz:XYZ100,0.0000125000,-0.0000895396,2025-12-12 11:00:00.038000+00:00
xyz:XYZ100,0.0000125000,-0.0000839456,2025-12-12 12:00:00.034000+00:00
xyz:XYZ100,0.0000125000,-0.0000857313,2025-12-12 13:00:00.065000+00:00
xyz:XYZ100,0.0000125000,-0.0001240550,2025-12-12 14:00:00.016000+00:00
xyz:XYZ100,0.0000125000,-0.0001271276,2025-12-12 15:00:00.036000+00:00
xyz:XYZ100,0.0000125000,-0.0000732052,2025-12-12 16:00:00.063000+00:00
xyz:XYZ100,0.0000125000,0.0000024073,2025-12-12 17:00:00.048000+00:00
xyz:XYZ100,0.0000125000,-0.0000033595,2025-12-12 18:00:00.100000+00:00
xyz:XYZ100,0.0000125000,0.0000137265,2025-12-12 19:00:00.047000+00:00
xyz:XYZ100,0.0000125000,0.0000121694,2025-12-12 20:00:00.061000+00:00
xyz:XYZ100,0.0000125000,-0.0000082970,2025-12-12 21:00:00.053000+00:00
xyz:XYZ100,0.0000125000,-0.0001130009,2025-12-12 22:00:00.043000+00:00
xyz:XYZ100,0.0000125000,0.0000756280,2025-12-12 23:00:00.048000+00:00
xyz:XYZ100,0.0000125000,-0.0000206518,2025-12-13 00:00:00.091000+00:00
xyz:XYZ100,0.0000125000,0.0003430685,2025-12-13 01:00:00.043000+00:00
xyz:XYZ100,0.0000125000,-0.0000835153,2025-12-13 02:00:00.027000+00:00
xyz:XYZ100,0.0000125000,-0.0001025930,2025-12-13 03:00:00.090000+00:00
xyz:XYZ100,0.0000125000,-0.0000639122,2025-12-13 04:00:00.011000+00:00
xyz:XYZ100,0.0000125000,0.0000591096,2025-12-13 05:00:00.068000+00:00
xyz:XYZ100,0.0000125000,0.0000122392,2025-12-13 06:00:00.030000+00:00
xyz:XYZ100,0.0000125000,-0.0000716255,2025-12-13 07:00:00.002000+00:00
xyz:XYZ100,0.0000125000,-0.0000582256,2025-12-13 08:00:00.054000+00:00
xyz:XYZ100,0.0000125000,-0.0000308517,2025-12-13 09:00:00.047000+00:00
xyz:XYZ100,0.0000125000,-0.0000292956,2025-12-13 10:00:00.009000+00:00
xyz:XYZ100,0.0000125000,-0.0000198523,2025-12-13 11:00:00.027000+00:00
xyz:XYZ100,0.0000125000,-0.0000169026,2025-12-13 12:00:00.024000+00:00
xyz:XYZ100,0.0000125000,0.0000908766,2025-12-13 13:00:00.079000+00:00
xyz:XYZ100,0.0000125000,0.0000858819,2025-12-13 14:00:00.061000+00:00
xyz:XYZ100,0.0000125000,0.0000886502,2025-12-13 15:00:00.113000+00:00
xyz:XYZ100,0.0000125000,-0.0000210040,2025-12-13 16:00:00.054000+00:00
xyz:XYZ100,0.0000125000,0.0000524348,2025-12-13 17:00:00.085000+00:00
xyz:XYZ100,0.0000125000,0.0002455262,2025-12-13 18:00:00.079000+00:00
xyz:XYZ100,0.0000069162,-0.0002446702,2025-12-13 19:00:00.003000+00:00
xyz:XYZ100,0.0000125000,-0.0001358878,2025-12-13 20:00:00.137000+00:00
xyz:XYZ100,0.0000125000,-0.0000660435,2025-12-13 21:00:00.031000+00:00
xyz:XYZ100,0.0000091139,-0.0002270886,2025-12-13 22:00:00.014000+00:00
xyz:XYZ100,0.0000121903,-0.0002024779,2025-12-13 23:00:00.022000+00:00
xyz:XYZ100,0.0000125000,0.0001594605,2025-12-14 00:00:00.071000+00:00
xyz:XYZ100,0.0000125000,-0.0000330491,2025-12-14 01:00:00.077000+00:00
xyz:XYZ100,0.0000125000,-0.0000549536,2025-12-14 02:00:00.004000+00:00
xyz:XYZ100,0.0000125000,0.0000980785,2025-12-14 03:00:00.045000+00:00
xyz:XYZ100,0.0000125000,0.0000545092,2025-12-14 04:00:00.070000+00:00
xyz:XYZ100,0.0000125000,0.0000524544,2025-12-14 05:00:00.007000+00:00
xyz:XYZ100,0.0000125000,-0.0000114774,2025-12-14 06:00:00.066000+00:00
xyz:XYZ100,0.0000125000,-0.0000527705,2025-12-14 07:00:00.048000+00:00
xyz:XYZ100,0.0000125000,0.0000457699,2025-12-14 08:00:00.098000+00:00
xyz:XYZ100,0.0000125000,-0.0000932148,2025-12-14 09:00:00.052000+00:00
xyz:XYZ100,0.0000125000,-0.0001101167,2025-12-14 10:00:00.041000+00:00
xyz:XYZ100,0.0000125000,0.0000699138,2025-12-14 11:00:00.121000+00:00
xyz:XYZ100,0.0000125000,0.0000102540,2025-12-14 12:00:00.014000+00:00
xyz:XYZ100,0.0000125000,-0.0000063952,2025-12-14 13:00:00.017000+00:00
xyz:XYZ100,0.0000125000,0.0000231955,2025-12-14 14:00:00.060000+00:00
xyz:XYZ100,0.0000125000,-0.0000014184,2025-12-14 15:00:00.031000+00:00
xyz:XYZ100,0.0000125000,-0.0000502862,2025-12-14 16:00:00.070000+00:00
xyz:XYZ100,0.0000125000,-0.0000667462,2025-12-14 17:00:00.069000+00:00
xyz:XYZ100,-0.0000089963,-0.0003719701,2025-12-14 18:00:00.047000+00:00
xyz:XYZ100,-0.0000509067,-0.0007072535,2025-12-14 19:00:00.044000+00:00
xyz:XYZ100,-0.0007813778,-0.0065510224,2025-12-14 20:00:00.047000+00:00
xyz:XYZ100,-0.0000221364,-0.0004770912,2025-12-14 21:00:00.068000+00:00
xyz:XYZ100,0.0000125000,0.0001106724,2025-12-14 22:00:00.087000+00:00
xyz:XYZ100,0.0000125000,-0.0000587747,2025-12-14 23:00:00.015000+00:00
xyz:XYZ100,-0.0001234345,-0.0012874762,2025-12-15 00:00:00.088000+00:00
xyz:XYZ100,-0.0000968479,-0.0010747833,2025-12-15 01:00:00.010000+00:00
xyz:XYZ100,-0.0000797087,-0.0009376696,2025-12-15 02:00:00.047000+00:00
xyz:XYZ100,-0.0000727570,-0.0008820562,2025-12-15 03:00:00.076000+00:00
xyz:XYZ100,-0.0000318459,-0.0005547675,2025-12-15 04:00:00.021000+00:00
xyz:XYZ100,-0.0000146991,-0.0004175929,2025-12-15 05:00:00.059000+00:00
xyz:XYZ100,-0.0000078531,-0.0003628246,2025-12-15 06:00:00.047000+00:00
xyz:XYZ100,0.0000115598,-0.0002075215,2025-12-15 07:00:00.042000+00:00
xyz:XYZ100,-0.0000084498,-0.0003675987,2025-12-15 08:00:00.082000+00:00
xyz:XYZ100,-0.0000280725,-0.0005245802,2025-12-15 09:00:00.059000+00:00
xyz:XYZ100,-0.0000206829,-0.0004654635,2025-12-15 10:00:00.075000+00:00
xyz:XYZ100,-0.0000413857,-0.0006310855,2025-12-15 11:00:00.123000+00:00
xyz:XYZ100,-0.0000536475,-0.0007291798,2025-12-15 12:00:00.009000+00:00
xyz:XYZ100,-0.0000546547,-0.0007372376,2025-12-15 13:00:00.004000+00:00
xyz:XYZ100,-0.0000560394,-0.0007483149,2025-12-15 14:00:00.067000+00:00
xyz:XYZ100,-0.0000420143,-0.0006361140,2025-12-15 15:00:00.001000+00:00
xyz:XYZ100,-0.0000203417,-0.0004627340,2025-12-15 16:00:00.063000+00:00
xyz:XYZ100,-0.0000254843,-0.0005038747,2025-12-15 17:00:00.112000+00:00
xyz:XYZ100,0.0000002376,-0.0002980989,2025-12-15 18:00:00.057000+00:00
xyz:XYZ100,0.0000125000,-0.0001978506,2025-12-15 19:00:00.060000+00:00
xyz:XYZ100,-0.0000121540,-0.0003972320,2025-12-15 20:00:00.032000+00:00
xyz:XYZ100,0.0000034488,-0.0002724095,2025-12-15 21:00:00.059000+00:00
xyz:XYZ100,-0.0000123284,-0.0003986276,2025-12-15 22:00:00.047000+00:00
xyz:XYZ100,0.0000067231,-0.0002462150,2025-12-15 23:00:00.069000+00:00
xyz:XYZ100,0.0000125000,0.0003404842,2025-12-16 00:00:00.079000+00:00
xyz:XYZ100,0.0000125000,0.0000280743,2025-12-16 01:00:00.072000+00:00
xyz:XYZ100,0.0000125000,-0.0000691274,2025-12-16 02:00:00.054000+00:00
xyz:XYZ100,-0.0000024626,-0.0003197005,2025-12-16 03:00:00.051000+00:00
xyz:XYZ100,-0.0000468960,-0.0006751681,2025-12-16 04:00:00.068000+00:00
xyz:XYZ100,-0.0000308044,-0.0005464356,2025-12-16 05:00:00.036000+00:00
xyz:XYZ100,0.0000125000,-0.0001994917,2025-12-16 06:00:00.047000+00:00
xyz:XYZ100,-0.0000133431,-0.0004067447,2025-12-16 07:00:00.012000+00:00
xyz:XYZ100,-0.0000335172,-0.0005681373,2025-12-16 08:00:00.101000+00:00
xyz:XYZ100,-0.0000087622,-0.0003700979,2025-12-16 09:00:00.077000+00:00
xyz:XYZ100,0.0000091434,-0.0002268531,2025-12-16 10:00:00.029000+00:00
xyz:XYZ100,-0.0000133502,-0.0004068020,2025-12-16 11:00:00.055000+00:00
xyz:XYZ100,-0.0000307394,-0.0005459153,2025-12-16 12:00:00.047000+00:00
xyz:XYZ100,-0.0000311129,-0.0005489031,2025-12-16 13:00:00.026000+00:00
xyz:XYZ100,-0.0000065624,-0.0003524993,2025-12-16 14:00:00.003000+00:00
xyz:XYZ100,-0.0000062103,-0.0003496822,2025-12-16 15:00:00.025000+00:00
xyz:XYZ100,-0.0000302843,-0.0005422745,2025-12-16 16:00:00.075000+00:00
xyz:XYZ100,-0.0000132255,-0.0004058042,2025-12-16 17:00:00.045000+00:00
xyz:XYZ100,0.0000065015,-0.0002479884,2025-12-16 18:00:00.063000+00:00
xyz:XYZ100,0.0000008204,-0.0002934366,2025-12-16 19:00:00.014000+00:00
xyz:XYZ100,-0.0000119812,-0.0003958494,2025-12-16 20:00:00.180000+00:00
xyz:XYZ100,-0.0000424194,-0.0006393552,2025-12-16 21:00:00.001000+00:00
xyz:XYZ100,-0.0000074599,-0.0003596791,2025-12-16 22:00:00.081000+00:00
xyz:XYZ100,0.0000106945,-0.0002144436,2025-12-16 23:00:00.079000+00:00
xyz:XYZ100,-0.0000020119,-0.0003160950,2025-12-17 00:00:00.013000+00:00
xyz:XYZ100,-0.0000078066,-0.0003624526,2025-12-17 01:00:00.109000+00:00
xyz:XYZ100,-0.0000346611,-0.0005772889,2025-12-17 02:00:00.088000+00:00
xyz:XYZ100,-0.0000214865,-0.0004718920,2025-12-17 03:00:00.065000+00:00
xyz:XYZ100,-0.0000244931,-0.0004959451,2025-12-17 04:00:00.020000+00:00
xyz:XYZ100,0.0000125000,-0.0001151031,2025-12-17 05:00:00.122000+00:00
xyz:XYZ100,0.0000046059,-0.0002631530,2025-12-17 06:00:00.024000+00:00
xyz:XYZ100,-0.0000207128,-0.0004657020,2025-12-17 07:00:00.010000+00:00
xyz:XYZ100,-0.0000221826,-0.0004774608,2025-12-17 08:00:00.022000+00:00
xyz:XYZ100,-0.0000211834,-0.0004694670,2025-12-17 09:00:00.055000+00:00
xyz:XYZ100,-0.0000086161,-0.0003689287,2025-12-17 10:00:00.016000+00:00
xyz:XYZ100,-0.0000307899,-0.0005463195,2025-12-17 11:00:00.072000+00:00
xyz:XYZ100,-0.0000178962,-0.0004431693,2025-12-17 12:00:00.021000+00:00
xyz:XYZ100,-0.0000038279,-0.0003306231,2025-12-17 13:00:00.083000+00:00
xyz:XYZ100,-0.0000167026,-0.0004336212,2025-12-17 14:00:00.018000+00:00
xyz:XYZ100,-0.0000138983,-0.0004111863,2025-12-17 15:00:00.040000+00:00
xyz:XYZ100,0.0000125000,-0.0001908826,2025-12-17 16:00:00.034000+00:00
xyz:XYZ100,0.0000125000,-0.0001366969,2025-12-17 17:00:00.038000+00:00
xyz:XYZ100,-0.0000012818,-0.0003102545,2025-12-17 18:00:00.074000+00:00
xyz:XYZ100,-0.0000265447,-0.0005123573,2025-12-17 19:00:00.014000+00:00
xyz:XYZ100,-0.0000148853,-0.0004190822,2025-12-17 20:00:00.061000+00:00
xyz:XYZ100,0.0000125000,-0.0001486084,2025-12-17 21:00:00.032000+00:00
xyz:XYZ100,-0.0000202892,-0.0004623138,2025-12-17 22:00:00.073000+00:00
xyz:XYZ100,0.0000125000,0.0000402332,2025-12-17 23:00:00+00:00
xyz:XYZ100,-0.0000082469,-0.0003659750,2025-12-18 00:00:00.033000+00:00
xyz:XYZ100,-0.0000514685,-0.0007117482,2025-12-18 01:00:00.079000+00:00
xyz:XYZ100,-0.0001422112,-0.0014376900,2025-12-18 02:00:00.030000+00:00
xyz:XYZ100,-0.0000003858,-0.0003030867,2025-12-18 03:00:00.055000+00:00
xyz:XYZ100,-0.0000152300,-0.0004218398,2025-12-18 04:00:00.029000+00:00
xyz:XYZ100,-0.0000055369,-0.0003442951,2025-12-18 05:00:00.055000+00:00
xyz:XYZ100,-0.0000314511,-0.0005516085,2025-12-18 06:00:00.044000+00:00
xyz:XYZ100,0.0000017433,-0.0002860535,2025-12-18 07:00:00.025000+00:00
xyz:XYZ100,-0.0000112865,-0.0003902917,2025-12-18 08:00:00.050000+00:00
xyz:XYZ100,0.0000003494,-0.0002972049,2025-12-18 09:00:00.003000+00:00
xyz:XYZ100,-0.0000018332,-0.0003146659,2025-12-18 10:00:00.091000+00:00
xyz:XYZ100,-0.0000067934,-0.0003543472,2025-12-18 11:00:00.056000+00:00
xyz:XYZ100,0.0000026863,-0.0002785094,2025-12-18 12:00:00.039000+00:00
xyz:XYZ100,-0.0000200533,-0.0004604264,2025-12-18 13:00:00.003000+00:00
xyz:XYZ100,-0.0000232625,-0.0004860998,2025-12-18 14:00:00.026000+00:00
xyz:XYZ100,-0.0000331461,-0.0005651688,2025-12-18 15:00:00.050000+00:00
xyz:XYZ100,-0.0000307143,-0.0005457141,2025-12-18 16:00:00.031000+00:00
xyz:XYZ100,-0.0000451505,-0.0006612042,2025-12-18 17:00:00.074000+00:00
xyz:XYZ100,-0.0000350559,-0.0005804472,2025-12-18 18:00:00.080000+00:00
xyz:XYZ100,-0.0000252642,-0.0005021137,2025-12-18 19:00:00.016000+00:00
xyz:XYZ100,-0.0000602611,-0.0007820890,2025-12-18 20:00:00.077000+00:00
xyz:XYZ100,-0.0000217604,-0.0004740834,2025-12-18 21:00:00.013000+00:00
xyz:XYZ100,0.0000125000,-0.0001853543,2025-12-18 22:00:00.073000+00:00
xyz:XYZ100,0.0000125000,0.0000539262,2025-12-18 23:00:00.067000+00:00
xyz:XYZ100,0.0000077799,-0.0002377611,2025-12-19 00:00:00.067000+00:00
xyz:XYZ100,-0.0000116745,-0.0003933959,2025-12-19 01:00:00.032000+00:00
xyz:XYZ100,-0.0000321928,-0.0005575421,2025-12-19 02:00:00.061000+00:00
xyz:XYZ100,-0.0000136609,-0.0004092870,2025-12-19 03:00:00.012000+00:00
xyz:XYZ100,-0.0000002191,-0.0003017531,2025-12-19 04:00:00.009000+00:00
xyz:XYZ100,-0.0000052874,-0.0003422990,2025-12-19 05:00:00.067000+00:00
xyz:XYZ100,-0.0000131503,-0.0004052023,2025-12-19 06:00:00.047000+00:00
xyz:XYZ100,0.0000125000,-0.0001512304,2025-12-19 07:00:00.033000+00:00
xyz:XYZ100,-0.0000303165,-0.0005425317,2025-12-19 08:00:00.054000+00:00
xyz:XYZ100,-0.0000265206,-0.0005121650,2025-12-19 09:00:00.013000+00:00
xyz:XYZ100,0.0000026241,-0.0002790070,2025-12-19 10:00:00.046000+00:00
xyz:XYZ100,-0.0000040401,-0.0003323208,2025-12-19 11:00:00.006000+00:00
xyz:XYZ100,0.0000080307,-0.0002357548,2025-12-19 12:00:00.061000+00:00
xyz:XYZ100,-0.0000064656,-0.0003517250,2025-12-19 13:00:00.006000+00:00
xyz:XYZ100,-0.0000124294,-0.0003994354,2025-12-19 14:00:00.026000+00:00
xyz:XYZ100,-0.0000013311,-0.0003106485,2025-12-19 15:00:00.126000+00:00
xyz:XYZ100,-0.0000259956,-0.0005079647,2025-12-19 16:00:00.091000+00:00
xyz:XYZ100,-0.0000194578,-0.0004556627,2025-12-19 17:00:00.109000+00:00
xyz:XYZ100,-0.0000283286,-0.0005266285,2025-12-19 18:00:00.025000+00:00
xyz:XYZ100,-0.0000245160,-0.0004961282,2025-12-19 19:00:00.014000+00:00
xyz:XYZ100,-0.0000145446,-0.0004163570,2025-12-19 20:00:00.036000+00:00
xyz:XYZ100,-0.0000138011,-0.0004104090,2025-12-19 21:00:00.021000+00:00
xyz:XYZ100,0.0000084478,-0.0002324175,2025-12-19 22:00:00.013000+00:00
xyz:XYZ100,-0.0000052624,-0.0003841985,2025-12-19 23:00:00.045000+00:00
xyz:XYZ100,0.0000062500,-0.0001788837,2025-12-20 00:00:00.049000+00:00
xyz:XYZ100,0.0000062500,0.0003163532,2025-12-20 01:00:00.054000+00:00
xyz:XYZ100,0.0000062500,0.0003473016,2025-12-20 02:00:00.052000+00:00
xyz:XYZ100,0.0000062500,0.0001562929,2025-12-20 03:00:00.088000+00:00
xyz:XYZ100,0.0000062500,0.0001034979,2025-12-20 04:00:00.068000+00:00
xyz:XYZ100,0.0000062500,0.0003041756,2025-12-20 05:00:00.010000+00:00
xyz:XYZ100,0.0000062500,0.0001330945,2025-12-20 06:00:00.061000+00:00
xyz:XYZ100,0.0000060268,-0.0002035707,2025-12-20 07:00:00.016000+00:00
xyz:XYZ100,0.0000062500,-0.0001906463,2025-12-20 08:00:00.027000+00:00
xyz:XYZ100,0.0000062500,0.0001424281,2025-12-20 09:00:00.085000+00:00
xyz:XYZ100,0.0000062500,0.0002704130,2025-12-20 10:00:00.128000+00:00
xyz:XYZ100,0.0000062500,0.0001243957,2025-12-20 11:00:00.020000+00:00
xyz:XYZ100,0.0000062500,0.0001319318,2025-12-20 12:00:00.008000+00:00
xyz:XYZ100,0.0000062500,0.0001379151,2025-12-20 13:00:00.029000+00:00
xyz:XYZ100,0.0000062500,0.0003001379,2025-12-20 14:00:00.160000+00:00
xyz:XYZ100,0.0000062500,0.0000762083,2025-12-20 15:00:00.007000+00:00
xyz:XYZ100,0.0000062500,-0.0001240356,2025-12-20 16:00:00.049000+00:00
xyz:XYZ100,0.0000135188,0.0005163016,2025-12-20 17:00:00.090000+00:00
xyz:XYZ100,0.0000062500,0.0001693598,2025-12-20 18:00:00.003000+00:00
xyz:XYZ100,-0.0000213911,-0.0006422578,2025-12-20 19:00:00.040000+00:00
xyz:XYZ100,0.0000044070,-0.0002294874,2025-12-20 20:00:00.009000+00:00
xyz:XYZ100,0.0000062500,0.0001790070,2025-12-20 21:00:00.059000+00:00
xyz:XYZ100,0.0000062500,0.0000699388,2025-12-20 22:00:00.093000+00:00
xyz:XYZ100,0.0000062500,0.0000051353,2025-12-20 23:00:00.087000+00:00
xyz:XYZ100,-0.0000098145,-0.0004570316,2025-12-21 00:00:00.121000+00:00
xyz:XYZ100,0.0000062500,0.0002528517,2025-12-21 01:00:00.035000+00:00
xyz:XYZ100,0.0000062500,0.0001978081,2025-12-21 02:00:00.051000+00:00
xyz:XYZ100,0.0000036618,-0.0002414114,2025-12-21 03:00:00.019000+00:00
xyz:XYZ100,0.0000062500,0.0000326335,2025-12-21 04:00:00.042000+00:00
xyz:XYZ100,0.0000062500,-0.0000565476,2025-12-21 05:00:00.026000+00:00
xyz:XYZ100,0.0000062500,-0.0000498907,2025-12-21 06:00:00.033000+00:00
xyz:XYZ100,0.0000062500,0.0000225102,2025-12-21 07:00:00.023000+00:00
xyz:XYZ100,0.0000062500,0.0000197091,2025-12-21 08:00:00.005000+00:00
xyz:XYZ100,0.0000062500,0.0001369781,2025-12-21 09:00:00.041000+00:00
xyz:XYZ100,0.0000062500,0.0000908270,2025-12-21 10:00:00.026000+00:00
xyz:XYZ100,0.0000062500,0.0001431210,2025-12-21 11:00:00.001000+00:00
xyz:XYZ100,0.0000062500,0.0002768461,2025-12-21 12:00:00.014000+00:00
xyz:XYZ100,0.0000062500,0.0003563033,2025-12-21 13:00:00.104000+00:00
xyz:XYZ100,0.0000062500,-0.0000197530,2025-12-21 14:00:00.061000+00:00
xyz:XYZ100,0.0000062500,-0.0000221205,2025-12-21 15:00:00.046000+00:00
xyz:XYZ100,0.0000062500,-0.0000693756,2025-12-21 16:00:00.090000+00:00
xyz:XYZ100,0.0000062500,0.0000666577,2025-12-21 17:00:00.081000+00:00
xyz:XYZ100,0.0000062500,0.0000144394,2025-12-21 18:00:00.005000+00:00
xyz:XYZ100,0.0000062500,0.0000662331,2025-12-21 19:00:00.103000+00:00
xyz:XYZ100,0.0000062500,0.0001336290,2025-12-21 20:00:00.004000+00:00
xyz:XYZ100,0.0000062500,0.0001837821,2025-12-21 21:00:00.091000+00:00
xyz:XYZ100,-0.0000028350,-0.0003453601,2025-12-21 22:00:00.043000+00:00
xyz:XYZ100,0.0000062500,-0.0001620671,2025-12-21 23:00:00.179000+00:00
xyz:XYZ100,-0.0000059102,-0.0003945637,2025-12-22 00:00:00.034000+00:00
xyz:XYZ100,-0.0000094817,-0.0004517071,2025-12-22 01:00:00.030000+00:00
xyz:XYZ100,-0.0000021596,-0.0003345538,2025-12-22 02:00:00.054000+00:00
xyz:XYZ100,-0.0000034230,-0.0003547674,2025-12-22 03:00:00.057000+00:00
xyz:XYZ100,-0.0000130764,-0.0005092219,2025-12-22 04:00:00.017000+00:00
xyz:XYZ100,-0.0000114498,-0.0004831972,2025-12-22 05:00:00.041000+00:00
xyz:XYZ100,-0.0000002097,-0.0003033554,2025-12-22 06:00:00.079000+00:00
xyz:XYZ100,0.0000015449,-0.0002752815,2025-12-22 07:00:00.012000+00:00
xyz:XYZ100,0.0000005321,-0.0002914866,2025-12-22 08:00:00.066000+00:00
xyz:XYZ100,-0.0000035163,-0.0003562615,2025-12-22 09:00:00.042000+00:00
xyz:XYZ100,-0.0000036972,-0.0003591554,2025-12-22 10:00:00.028000+00:00
xyz:XYZ100,-0.0000132479,-0.0005119672,2025-12-22 11:00:00.073000+00:00
xyz:XYZ100,-0.0000133449,-0.0005135188,2025-12-22 12:00:00.028000+00:00
xyz:XYZ100,-0.0000131950,-0.0005111198,2025-12-22 13:00:00.031000+00:00
xyz:XYZ100,-0.0000077642,-0.0004242264,2025-12-22 14:00:00.065000+00:00
xyz:XYZ100,-0.0000032799,-0.0003524791,2025-12-22 15:00:00.012000+00:00
xyz:XYZ100,0.0000011979,-0.0002808337,2025-12-22 16:00:00.031000+00:00
xyz:XYZ100,0.0000006512,-0.0002895812,2025-12-22 17:00:00.050000+00:00
xyz:XYZ100,-0.0000036994,-0.0003591911,2025-12-22 18:00:00.030000+00:00
xyz:XYZ100,-0.0000086056,-0.0004376892,2025-12-22 19:00:00.006000+00:00
xyz:XYZ100,-0.0000238097,-0.0006809551,2025-12-22 20:00:00.046000+00:00
xyz:XYZ100,-0.0000178024,-0.0005848387,2025-12-22 21:00:00+00:00
xyz:XYZ100,-0.0000218796,-0.0006500736,2025-12-22 22:00:00.036000+00:00
xyz:XYZ100,0.0000004519,-0.0002927693,2025-12-22 23:00:00.053000+00:00
xyz:XYZ100,-0.0000143516,-0.0005296249,2025-12-23 00:00:00.002000+00:00
xyz:XYZ100,-0.0000016685,-0.0003266959,2025-12-23 01:00:00.098000+00:00
xyz:XYZ100,0.0000062500,-0.0001766881,2025-12-23 02:00:00.053000+00:00
xyz:XYZ100,-0.0000027491,-0.0003439863,2025-12-23 03:00:00.060000+00:00
xyz:XYZ100,-0.0000074424,-0.0004190781,2025-12-23 04:00:00.059000+00:00
xyz:XYZ100,-0.0000115717,-0.0004851470,2025-12-23 05:00:00.066000+00:00
xyz:XYZ100,-0.0000078694,-0.0004259101,2025-12-23 06:00:00.065000+00:00
xyz:XYZ100,0.0000037220,-0.0002404488,2025-12-23 07:00:00.033000+00:00
xyz:XYZ100,0.0000026060,-0.0002583037,2025-12-23 08:00:00.066000+00:00
xyz:XYZ100,-0.0000089334,-0.0004429339,2025-12-23 09:00:00.061000+00:00
xyz:XYZ100,0.0000013978,-0.0002776355,2025-12-23 10:00:00.050000+00:00
xyz:XYZ100,0.0000040541,-0.0002351352,2025-12-23 11:00:00.027000+00:00
xyz:XYZ100,-0.0000022196,-0.0003355137,2025-12-23 12:00:00.062000+00:00
xyz:XYZ100,0.0000043411,-0.0002305421,2025-12-23 13:00:00.067000+00:00
xyz:XYZ100,-0.0000051048,-0.0003816767,2025-12-23 14:00:00.025000+00:00
xyz:XYZ100,-0.0000192946,-0.0006087132,2025-12-23 15:00:00.117000+00:00
xyz:XYZ100,-0.0000085590,-0.0004369445,2025-12-23 16:00:00.036000+00:00
xyz:XYZ100,-0.0000180733,-0.0005891732,2025-12-23 17:00:00.118000+00:00
xyz:XYZ100,-0.0000121387,-0.0004942197,2025-12-23 18:00:00.008000+00:00
xyz:XYZ100,0.0000008800,-0.0002859200,2025-12-23 19:00:00.021000+00:00
xyz:XYZ100,-0.0000009525,-0.0003152399,2025-12-23 20:00:00.206000+00:00
xyz:XYZ100,-0.0000032233,-0.0003515733,2025-12-23 21:00:00.067000+00:00
xyz:XYZ100,-0.0000100714,-0.0004611420,2025-12-23 22:00:00.021000+00:00
xyz:XYZ100,0.0000001698,-0.0002972839,2025-12-23 23:00:00.051000+00:00
xyz:XYZ100,0.0000000671,-0.0002989260,2025-12-24 00:00:00.088000+00:00
xyz:XYZ100,-0.0000030077,-0.0003481231,2025-12-24 01:00:00.030000+00:00
xyz:XYZ100,-0.0000029610,-0.0003473765,2025-12-24 02:00:00.077000+00:00
xyz:XYZ100,0.0000000645,-0.0002989684,2025-12-24 03:00:00.005000+00:00
xyz:XYZ100,-0.0000015509,-0.0003248140,2025-12-24 04:00:00.045000+00:00
xyz:XYZ100,0.0000004930,-0.0002921114,2025-12-24 05:00:00.039000+00:00
xyz:XYZ100,0.0000024776,-0.0002603576,2025-12-24 06:00:00.027000+00:00
xyz:XYZ100,-0.0000064600,-0.0004033594,2025-12-24 07:00:00.010000+00:00
xyz:XYZ100,-0.0000031078,-0.0003497248,2025-12-24 08:00:00.074000+00:00
xyz:XYZ100,-0.0000002961,-0.0003047375,2025-12-24 09:00:00.035000+00:00
xyz:XYZ100,-0.0000020648,-0.0003330367,2025-12-24 10:00:00.079000+00:00
xyz:XYZ100,-0.0000056708,-0.0003907331,2025-12-24 11:00:00.034000+00:00
xyz:XYZ100,-0.0000046030,-0.0003736475,2025-12-24 12:00:00.028000+00:00
xyz:XYZ100,-0.0000046662,-0.0003746589,2025-12-24 13:00:00.012000+00:00
xyz:XYZ100,-0.0000034701,-0.0003555216,2025-12-24 14:00:00.025000+00:00
xyz:XYZ100,-0.0000081941,-0.0004311059,2025-12-24 15:00:00.087000+00:00
xyz:XYZ100,-0.0000093539,-0.0004496629,2025-12-24 16:00:00.002000+00:00
xyz:XYZ100,-0.0000024374,-0.0003389990,2025-12-24 17:00:00.013000+00:00
xyz:XYZ100,-0.0000057970,-0.0003927517,2025-12-24 18:00:00.037000+00:00
xyz:XYZ100,0.0000062500,-0.0001375811,2025-12-24 19:00:00.010000+00:00
xyz:XYZ100,0.0000062500,0.0000159084,2025-12-24 20:00:00.012000+00:00
xyz:XYZ100,0.0000062500,0.0000208999,2025-12-24 21:00:00.014000+00:00
xyz:XYZ100,0.0000062500,-0.0000734946,2025-12-24 22:00:00.001000+00:00
xyz:XYZ100,0.0000062500,-0.0000333098,2025-12-24 23:00:00.087000+00:00
xyz:XYZ100,0.0000062500,0.0000379603,2025-12-25 00:00:00.009000+00:00
xyz:XYZ100,0.0000062500,0.0000911907,2025-12-25 01:00:00.033000+00:00
xyz:XYZ100,0.0000062500,0.0000253370,2025-12-25 02:00:00.085000+00:00
xyz:XYZ100,0.0000062500,0.0000690100,2025-12-25 03:00:00.030000+00:00
xyz:XYZ100,0.0000062500,0.0000583717,2025-12-25 04:00:00.034000+00:00
xyz:XYZ100,0.0000062500,-0.0000152395,2025-12-25 05:00:00.023000+00:00
xyz:XYZ100,0.0000062500,-0.0000276872,2025-12-25 06:00:00.056000+00:00
xyz:XYZ100,0.0000062500,-0.0000602170,2025-12-25 07:00:00.023000+00:00
xyz:XYZ100,0.0000062500,0.0000087691,2025-12-25 08:00:00.045000+00:00
xyz:XYZ100,0.0000062500,-0.0000060339,2025-12-25 09:00:00.041000+00:00
xyz:XYZ100,0.0000062500,0.0000336260,2025-12-25 10:00:00.018000+00:00
xyz:XYZ100,0.0000062500,0.0000026298,2025-12-25 11:00:00.029000+00:00
xyz:XYZ100,0.0000062500,0.0000516607,2025-12-25 12:00:00.064000+00:00
xyz:XYZ100,0.0000062500,0.0000677504,2025-12-25 13:00:00.067000+00:00
xyz:XYZ100,0.0000062500,0.0000947118,2025-12-25 14:00:00.102000+00:00
xyz:XYZ100,0.0000062500,0.0000735408,2025-12-25 15:00:00.042000+00:00
xyz:XYZ100,0.0000062500,0.0000028529,2025-12-25 16:00:00.058000+00:00
xyz:XYZ100,0.0000062500,-0.0000600317,2025-12-25 17:00:00.056000+00:00
xyz:XYZ100,0.0000062500,0.0000301702,2025-12-25 18:00:00.010000+00:00
xyz:XYZ100,0.0000062500,-0.0001549738,2025-12-25 19:00:00.040000+00:00
xyz:XYZ100,0.0000062500,-0.0001156769,2025-12-25 20:00:00.060000+00:00
xyz:XYZ100,0.0000062500,-0.0001147252,2025-12-25 21:00:00.080000+00:00
xyz:XYZ100,0.0000062500,-0.0000455731,2025-12-25 22:00:00.003000+00:00
xyz:XYZ100,0.0000062500,0.0001020227,2025-12-25 23:00:00.019000+00:00
xyz:XYZ100,-0.0000114685,-0.0004834955,2025-12-26 00:00:00.022000+00:00
xyz:XYZ100,-0.0000188887,-0.0006022199,2025-12-26 01:00:00.008000+00:00
xyz:XYZ100,-0.0000047200,-0.0003755200,2025-12-26 02:00:00.062000+00:00
xyz:XYZ100,0.0000017408,-0.0002721466,2025-12-26 03:00:00+00:00
xyz:XYZ100,0.0000029650,-0.0002525602,2025-12-26 04:00:00.056000+00:00
xyz:XYZ100,0.0000062500,-0.0000849879,2025-12-26 05:00:00.092000+00:00
xyz:XYZ100,0.0000062500,-0.0001070578,2025-12-26 06:00:00.012000+00:00
xyz:XYZ100,0.0000062500,-0.0001864703,2025-12-26 07:00:00.039000+00:00
xyz:XYZ100,0.0000062500,-0.0001045578,2025-12-26 08:00:00.040000+00:00
xyz:XYZ100,0.0000062500,-0.0000866647,2025-12-26 09:00:00.017000+00:00
xyz:XYZ100,0.0000062500,-0.0000429166,2025-12-26 10:00:00.113000+00:00
xyz:XYZ100,0.0000062500,-0.0001049024,2025-12-26 11:00:00.164000+00:00
xyz:XYZ100,0.0000062500,-0.0001261907,2025-12-26 12:00:00.040000+00:00
xyz:XYZ100,0.0000062500,-0.0001122480,2025-12-26 13:00:00.030000+00:00
xyz:XYZ100,0.0000056122,-0.0002102052,2025-12-26 14:00:00.015000+00:00
xyz:XYZ100,-0.0000043321,-0.0003693136,2025-12-26 15:00:00.077000+00:00
xyz:XYZ100,-0.0000131658,-0.0005106533,2025-12-26 16:00:00.036000+00:00
xyz:XYZ100,-0.0000121874,-0.0004949978,2025-12-26 17:00:00.019000+00:00
xyz:XYZ100,0.0000006184,-0.0002901050,2025-12-26 18:00:00.088000+00:00
xyz:XYZ100,0.0000062500,-0.0001831570,2025-12-26 19:00:00.033000+00:00
xyz:XYZ100,0.0000062500,-0.0001751379,2025-12-26 20:00:00.045000+00:00
xyz:XYZ100,0.0000062500,-0.0001068257,2025-12-26 21:00:00.004000+00:00
xyz:XYZ100,0.0000062500,-0.0000119963,2025-12-26 22:00:00.040000+00:00
xyz:XYZ100,0.0000062500,0.0000103518,2025-12-26 23:00:00.040000+00:00
xyz:XYZ100,0.0000062500,-0.0000090480,2025-12-27 00:00:00.023000+00:00
xyz:XYZ100,0.0000062500,-0.0000293059,2025-12-27 01:00:00.020000+00:00
xyz:XYZ100,0.0000062500,-0.0000502682,2025-12-27 02:00:00.019000+00:00
xyz:XYZ100,0.0000062500,-0.0000195160,2025-12-27 03:00:00.083000+00:00
xyz:XYZ100,0.0000062500,0.0000348676,2025-12-27 04:00:00+00:00
xyz:XYZ100,0.0000062500,0.0000933880,2025-12-27 05:00:00.022000+00:00
xyz:XYZ100,0.0000062500,0.0001211961,2025-12-27 06:00:00.022000+00:00
xyz:XYZ100,0.0000062500,0.0000670133,2025-12-27 07:00:00.101000+00:00
xyz:XYZ100,0.0000062500,0.0000805677,2025-12-27 08:00:00.049000+00:00
xyz:XYZ100,0.0000062500,-0.0000108940,2025-12-27 09:00:00.024000+00:00
xyz:XYZ100,0.0000062500,0.0000183176,2025-12-27 10:00:00.051000+00:00
xyz:XYZ100,0.0000062500,0.0000195099,2025-12-27 11:00:00.058000+00:00
xyz:XYZ100,0.0000062500,0.0000196329,2025-12-27 12:00:00.048000+00:00
xyz:XYZ100,0.0000062500,0.0000266155,2025-12-27 13:00:00.049000+00:00
xyz:XYZ100,0.0000062500,0.0000675247,2025-12-27 14:00:00.129000+00:00
xyz:XYZ100,0.0000062500,0.0000441104,2025-12-27 15:00:00.130000+00:00
xyz:XYZ100,0.0000062500,0.0000195076,2025-12-27 16:00:00.019000+00:00
xyz:XYZ100,0.0000062500,-0.0000284755,2025-12-27 17:00:00.106000+00:00
xyz:XYZ100,0.0000062500,-0.0000590752,2025-12-27 18:00:00.021000+00:00
xyz:XYZ100,0.0000062500,-0.0000237901,2025-12-27 19:00:00.007000+00:00
xyz:XYZ100,0.0000062500,-0.0000821115,2025-12-27 20:00:00.057000+00:00
xyz:XYZ100,0.0000062500,-0.0000573892,2025-12-27 21:00:00.027000+00:00
xyz:XYZ100,0.0000062500,0.0000226329,2025-12-27 22:00:00.034000+00:00
xyz:XYZ100,0.0000062500,0.0000298196,2025-12-27 23:00:00.018000+00:00
xyz:XYZ100,0.0000062500,0.0000382210,2025-12-28 00:00:00.072000+00:00
xyz:XYZ100,0.0000062500,0.0000200188,2025-12-28 01:00:00.041000+00:00
xyz:XYZ100,0.0000062500,0.0000495235,2025-12-28 02:00:00.027000+00:00
xyz:XYZ100,0.0000062500,0.0001959381,2025-12-28 03:00:00.017000+00:00
xyz:XYZ100,0.0000062500,0.0000901614,2025-12-28 04:00:00.024000+00:00
xyz:XYZ100,0.0000062500,0.0000698898,2025-12-28 05:00:00.062000+00:00
xyz:XYZ100,0.0000062500,0.0001266987,2025-12-28 06:00:00.060000+00:00
xyz:XYZ100,0.0000062500,0.0000940375,2025-12-28 07:00:00.028000+00:00
xyz:XYZ100,0.0000062500,0.0000510791,2025-12-28 08:00:00.040000+00:00
xyz:XYZ100,0.0000062500,0.0000194993,2025-12-28 09:00:00.005000+00:00
xyz:XYZ100,0.0000062500,0.0000002971,2025-12-28 10:00:00.074000+00:00
xyz:XYZ100,0.0000062500,0.0000194993,2025-12-28 11:00:00.057000+00:00
xyz:XYZ100,0.0000062500,0.0000194993,2025-12-28 12:00:00.046000+00:00
xyz:XYZ100,0.0000062500,0.0000194993,2025-12-28 13:00:00.095000+00:00
xyz:XYZ100,0.0000062500,-0.0000662905,2025-12-28 14:00:00.095000+00:00
xyz:XYZ100,0.0000062500,-0.0001155437,2025-12-28 15:00:00.109000+00:00
xyz:XYZ100,0.0000062500,-0.0000650695,2025-12-28 16:00:00.008000+00:00
xyz:XYZ100,0.0000062500,-0.0001190918,2025-12-28 17:00:00.074000+00:00
xyz:XYZ100,0.0000062500,0.0000212795,2025-12-28 18:00:00.041000+00:00
xyz:XYZ100,0.0000025777,-0.0002587572,2025-12-28 19:00:00.019000+00:00
xyz:XYZ100,0.0000062500,0.0001396420,2025-12-28 20:00:00.016000+00:00
xyz:XYZ100,0.0000062500,0.0000485020,2025-12-28 21:00:00.047000+00:00
xyz:XYZ100,0.0000062500,-0.0000656098,2025-12-28 22:00:00.072000+00:00
xyz:XYZ100,0.0000062500,-0.0001566034,2025-12-28 23:00:00.045000+00:00
xyz:XYZ100,0.0000062500,-0.0001530739,2025-12-29 00:00:00.132000+00:00
xyz:XYZ100,0.0000062500,-0.0000702598,2025-12-29 01:00:00.082000+00:00
xyz:XYZ100,0.0000062500,-0.0000064333,2025-12-29 02:00:00.076000+00:00
xyz:XYZ100,0.0000062500,-0.0000978314,2025-12-29 03:00:00.049000+00:00
xyz:XYZ100,0.0000062500,-0.0001634712,2025-12-29 04:00:00.132000+00:00
xyz:XYZ100,0.0000062500,-0.0001708493,2025-12-29 05:00:00.006000+00:00
xyz:XYZ100,0.0000062500,-0.0000412661,2025-12-29 06:00:00.005000+00:00
xyz:XYZ100,0.0000062500,-0.0001094595,2025-12-29 07:00:00.018000+00:00
xyz:XYZ100,0.0000062500,-0.0000564331,2025-12-29 08:00:00.014000+00:00
xyz:XYZ100,0.0000062500,-0.0001815169,2025-12-29 09:00:00.030000+00:00
xyz:XYZ100,0.0000034868,-0.0002442111,2025-12-29 10:00:00.008000+00:00
xyz:XYZ100,-0.0000012015,-0.0003192243,2025-12-29 11:00:00.098000+00:00
xyz:XYZ100,0.0000021391,-0.0002657745,2025-12-29 12:00:00.026000+00:00
xyz:XYZ100,-0.0000098285,-0.0004572567,2025-12-29 13:00:00.001000+00:00
xyz:XYZ100,-0.0000062271,-0.0003996343,2025-12-29 14:00:00.028000+00:00
xyz:XYZ100,0.0000062500,-0.0000812386,2025-12-29 15:00:00.031000+00:00
xyz:XYZ100,0.0000062500,-0.0001249527,2025-12-29 16:00:00.014000+00:00
xyz:XYZ100,0.0000054730,-0.0002124315,2025-12-29 17:00:00.019000+00:00
xyz:XYZ100,0.0000019888,-0.0002681795,2025-12-29 18:00:00.031000+00:00
xyz:XYZ100,0.0000062500,-0.0001776417,2025-12-29 19:00:00.026000+00:00
xyz:XYZ100,0.0000062500,-0.0001210793,2025-12-29 20:00:00.055000+00:00
xyz:XYZ100,0.0000009919,-0.0002841300,2025-12-29 21:00:00.006000+00:00
xyz:XYZ100,0.0000058903,-0.0002057554,2025-12-29 22:00:00.075000+00:00
xyz:XYZ100,0.0000062128,-0.0002005946,2025-12-29 23:00:00.040000+00:00
xyz:XYZ100,0.0000062500,-0.0000130342,2025-12-30 00:00:00.010000+00:00
xyz:XYZ100,0.0000062500,0.0000154730,2025-12-30 01:00:00.049000+00:00
xyz:XYZ100,0.0000062500,-0.0000186626,2025-12-30 02:00:00.033000+00:00
xyz:XYZ100,0.0000062500,-0.0000812487,2025-12-30 03:00:00.041000+00:00
xyz:XYZ100,0.0000062500,-0.0001028144,2025-12-30 04:00:00.063000+00:00
xyz:XYZ100,0.0000062500,-0.0001828524,2025-12-30 05:00:00.069000+00:00
xyz:XYZ100,0.0000062500,-0.0000444775,2025-12-30 06:00:00.067000+00:00
xyz:XYZ100,0.0000062500,0.0000238185,2025-12-30 07:00:00.062000+00:00
xyz:XYZ100,0.0000062500,0.0000345234,2025-12-30 08:00:00.028000+00:00
xyz:XYZ100,0.0000062500,-0.0000476374,2025-12-30 09:00:00.045000+00:00
xyz:XYZ100,0.0000062500,-0.0000614545,2025-12-30 10:00:00.080000+00:00
xyz:XYZ100,0.0000062500,0.0000487722,2025-12-30 11:00:00.054000+00:00
xyz:XYZ100,0.0000062500,0.0000056009,2025-12-30 12:00:00.003000+00:00
xyz:XYZ100,0.0000062500,-0.0000566941,2025-12-30 13:00:00.121000+00:00
xyz:XYZ100,0.0000062500,-0.0000392038,2025-12-30 14:00:00.031000+00:00
xyz:XYZ100,0.0000062500,-0.0000451152,2025-12-30 15:00:00.036000+00:00
xyz:XYZ100,0.0000062500,-0.0001479332,2025-12-30 16:00:00.039000+00:00
xyz:XYZ100,0.0000062500,0.0001472692,2025-12-30 17:00:00.051000+00:00
xyz:XYZ100,0.0000062500,0.0001232983,2025-12-30 18:00:00.071000+00:00
xyz:XYZ100,0.0000062500,0.0000142435,2025-12-30 19:00:00.033000+00:00
xyz:XYZ100,0.0000062500,0.0000442699,2025-12-30 20:00:00.120000+00:00
xyz:XYZ100,0.0000062500,0.0001879834,2025-12-30 21:00:00.041000+00:00
xyz:XYZ100,0.0000062500,0.0002592175,2025-12-30 22:00:00.003000+00:00
xyz:XYZ100,0.0000201171,0.0006218729,2025-12-30 23:00:00.047000+00:00
xyz:XYZ100,0.0000062500,0.0002766824,2025-12-31 00:00:00.021000+00:00
xyz:XYZ100,0.0000062500,0.0000422811,2025-12-31 01:00:00.022000+00:00
xyz:XYZ100,0.0000062500,0.0000205077,2025-12-31 02:00:00.037000+00:00
xyz:XYZ100,0.0000062500,-0.0000027676,2025-12-31 03:00:00.053000+00:00
xyz:XYZ100,0.0000062500,0.0000083105,2025-12-31 04:00:00.057000+00:00
xyz:XYZ100,0.0000062500,0.0000349868,2025-12-31 05:00:00.011000+00:00
xyz:XYZ100,0.0000062500,0.0000140038,2025-12-31 06:00:00.002000+00:00
xyz:XYZ100,0.0000036888,-0.0002409786,2025-12-31 07:00:00.029000+00:00
xyz:XYZ100,0.0000062500,-0.0001110345,2025-12-31 08:00:00.063000+00:00
xyz:XYZ100,0.0000062500,-0.0000467472,2025-12-31 09:00:00.019000+00:00
xyz:XYZ100,0.0000062500,-0.0000691936,2025-12-31 10:00:00.002000+00:00
xyz:XYZ100,0.0000062500,-0.0000210691,2025-12-31 11:00:00.050000+00:00
xyz:XYZ100,0.0000062500,0.0000123354,2025-12-31 12:00:00.095000+00:00
xyz:XYZ100,0.0000062500,-0.0000265933,2025-12-31 13:00:00.002000+00:00
xyz:XYZ100,0.0000062500,-0.0000852383,2025-12-31 14:00:00.008000+00:00
xyz:XYZ100,0.0000047044,-0.0002247297,2025-12-31 15:00:00.015000+00:00
xyz:XYZ100,0.0000062500,-0.0000638290,2025-12-31 16:00:00.089000+00:00
xyz:XYZ100,0.0000062500,-0.0000884079,2025-12-31 17:00:00.072000+00:00
xyz:XYZ100,0.0000062500,-0.0000915841,2025-12-31 18:00:00.050000+00:00
xyz:XYZ100,0.0000023879,-0.0002617938,2025-12-31 19:00:00.053000+00:00
xyz:XYZ100,0.0000058414,-0.0002065373,2025-12-31 20:00:00.058000+00:00
xyz:XYZ100,0.0000062500,-0.0001744342,2025-12-31 21:00:00.043000+00:00
xyz:XYZ100,-0.0000060397,-0.0003966353,2025-12-31 22:00:00.100000+00:00
xyz:XYZ100,0.0000062500,0.0000055361,2025-12-31 23:00:00.093000+00:00
xyz:XYZ100,0.0000062500,-0.0001375517,2026-01-01 00:00:00.063000+00:00
xyz:XYZ100,0.0000062500,-0.0000910848,2026-01-01 01:00:00.053000+00:00
xyz:XYZ100,0.0000062500,-0.0000594753,2026-01-01 02:00:00.024000+00:00
xyz:XYZ100,0.0000062500,0.0001644635,2026-01-01 03:00:00.012000+00:00
xyz:XYZ100,0.0000062500,0.0001097455,2026-01-01 04:00:00.036000+00:00
xyz:XYZ100,0.0000062500,0.0000843389,2026-01-01 05:00:00.040000+00:00
xyz:XYZ100,0.0000062500,0.0000805879,2026-01-01 06:00:00.053000+00:00
xyz:XYZ100,0.0000062500,0.0000683267,2026-01-01 07:00:00.011000+00:00
xyz:XYZ100,0.0000062500,0.0000893363,2026-01-01 08:00:00.045000+00:00
xyz:XYZ100,0.0000062500,0.0001143066,2026-01-01 09:00:00.098000+00:00
xyz:XYZ100,0.0000062500,0.0000729214,2026-01-01 10:00:00.010000+00:00
xyz:XYZ100,0.0000062500,0.0001090527,2026-01-01 11:00:00.034000+00:00
xyz:XYZ100,0.0000062500,0.0000876041,2026-01-01 12:00:00.051000+00:00
xyz:XYZ100,0.0000062500,0.0003615408,2026-01-01 13:00:00.101000+00:00
xyz:XYZ100,0.0000062500,0.0002409057,2026-01-01 14:00:00.010000+00:00
xyz:XYZ100,0.0000062500,0.0001383587,2026-01-01 15:00:00.003000+00:00
xyz:XYZ100,0.0000062500,0.0000987009,2026-01-01 16:00:00.025000+00:00
xyz:XYZ100,0.0000062500,0.0002513090,2026-01-01 17:00:00.034000+00:00
xyz:XYZ100,0.0000062500,0.0000828726,2026-01-01 18:00:00.042000+00:00
xyz:XYZ100,0.0000062500,0.0000762671,2026-01-01 19:00:00.029000+00:00
xyz:XYZ100,0.0000062500,0.0000405792,2026-01-01 20:00:00.043000+00:00
xyz:XYZ100,0.0000062500,0.0000197941,2026-01-01 21:00:00.069000+00:00
xyz:XYZ100,0.0000062500,0.0000486056,2026-01-01 22:00:00.047000+00:00
xyz:XYZ100,0.0000062500,0.0002051907,2026-01-01 23:00:00.023000+00:00
xyz:XYZ100,0.0000062500,0.0001497537,2026-01-02 00:00:00.042000+00:00
xyz:XYZ100,0.0000062500,0.0001387366,2026-01-02 01:00:00.032000+00:00
xyz:XYZ100,0.0000062500,0.0002492596,2026-01-02 02:00:00.057000+00:00
xyz:XYZ100,0.0000062500,0.0003842307,2026-01-02 03:00:00.019000+00:00
xyz:XYZ100,0.0000153434,0.0005454943,2026-01-02 04:00:00.139000+00:00
xyz:XYZ100,0.0000062500,0.0002546148,2026-01-02 05:00:00.110000+00:00
xyz:XYZ100,0.0000062500,0.0000297943,2026-01-02 06:00:00.022000+00:00
xyz:XYZ100,0.0000062500,-0.0000199085,2026-01-02 07:00:00.003000+00:00
xyz:XYZ100,0.0000062500,0.0000069313,2026-01-02 08:00:00.081000+00:00
xyz:XYZ100,0.0000062500,0.0001050935,2026-01-02 09:00:00.003000+00:00
xyz:XYZ100,0.0000062500,-0.0001510623,2026-01-02 10:00:00.091000+00:00
xyz:XYZ100,0.0000062500,0.0000277662,2026-01-02 11:00:00.048000+00:00
xyz:XYZ100,0.0000062500,0.0000553515,2026-01-02 12:00:00.042000+00:00
xyz:XYZ100,0.0000062500,0.0000141027,2026-01-02 13:00:00.114000+00:00
xyz:XYZ100,0.0000062500,-0.0000064894,2026-01-02 14:00:00.009000+00:00
xyz:XYZ100,0.0000062500,0.0000741085,2026-01-02 15:00:00.105000+00:00
xyz:XYZ100,0.0000062500,0.0000296242,2026-01-02 16:00:00.038000+00:00
xyz:XYZ100,0.0000062500,0.0002133215,2026-01-02 17:00:00.047000+00:00
xyz:XYZ100,0.0000062500,0.0001718545,2026-01-02 18:00:00.034000+00:00
xyz:XYZ100,0.0000062500,0.0002266193,2026-01-02 19:00:00.026000+00:00
xyz:XYZ100,0.0000062500,0.0002339761,2026-01-02 20:00:00.027000+00:00
xyz:XYZ100,0.0000062500,0.0000217852,2026-01-02 21:00:00+00:00
xyz:XYZ100,0.0000062500,0.0001866040,2026-01-02 22:00:00.042000+00:00
xyz:XYZ100,0.0000062500,0.0002287509,2026-01-02 23:00:00.022000+00:00
xyz:XYZ100,0.0000062500,0.0001645275,2026-01-03 00:00:00.008000+00:00
xyz:XYZ100,0.0000062500,0.0001759095,2026-01-03 01:00:00.018000+00:00
xyz:XYZ100,0.0000139645,0.0005234319,2026-01-03 02:00:00.008000+00:00
xyz:XYZ100,0.0000062500,0.0002564342,2026-01-03 03:00:00.074000+00:00
xyz:XYZ100,0.0000062500,0.0001162430,2026-01-03 04:00:00.011000+00:00
xyz:XYZ100,0.0000062500,0.0000194475,2026-01-03 05:00:00.006000+00:00
xyz:XYZ100,0.0000062500,0.0000494615,2026-01-03 06:00:00.019000+00:00
xyz:XYZ100,0.0000022675,-0.0002637193,2026-01-03 07:00:00.004000+00:00
xyz:XYZ100,-0.0000719832,-0.0014517311,2026-01-03 08:00:00.011000+00:00
xyz:XYZ100,-0.0000507616,-0.0011121858,2026-01-03 09:00:00.067000+00:00
xyz:XYZ100,-0.0000065622,-0.0004049953,2026-01-03 10:00:00.026000+00:00
xyz:XYZ100,0.0000062500,-0.0000926596,2026-01-03 11:00:00.060000+00:00
xyz:XYZ100,0.0000062500,0.0000753340,2026-01-03 12:00:00.095000+00:00
xyz:XYZ100,0.0000062500,0.0000338358,2026-01-03 13:00:00.083000+00:00
xyz:XYZ100,0.0000062500,0.0000361513,2026-01-03 14:00:00.043000+00:00
xyz:XYZ100,0.0000062500,0.0001654275,2026-01-03 15:00:00.072000+00:00
xyz:XYZ100,0.0000075509,0.0004208144,2026-01-03 16:00:00.044000+00:00
xyz:XYZ100,0.0000062500,0.0003590001,2026-01-03 17:00:00.083000+00:00
xyz:XYZ100,0.0000238216,0.0006811462,2026-01-03 18:00:00.061000+00:00
xyz:XYZ100,0.0000445274,0.0010124376,2026-01-03 19:00:00.032000+00:00
xyz:XYZ100,0.0000282683,0.0007522928,2026-01-03 20:00:00.019000+00:00
xyz:XYZ100,0.0000581165,0.0012298642,2026-01-03 21:00:00.128000+00:00
xyz:XYZ100,-0.0000058987,-0.0003943792,2026-01-03 22:00:00.077000+00:00
xyz:XYZ100,0.0000011148,-0.0002821636,2026-01-03 23:00:00.046000+00:00
xyz:XYZ100,0.0000062500,-0.0000328240,2026-01-04 00:00:00.024000+00:00
xyz:XYZ100,0.0000062500,0.0001322561,2026-01-04 01:00:00.010000+00:00
xyz:XYZ100,0.0000062500,0.0000630500,2026-01-04 02:00:00.026000+00:00
xyz:XYZ100,0.0000062500,0.0000826924,2026-01-04 03:00:00.011000+00:00
xyz:XYZ100,0.0000062500,0.0000589342,2026-01-04 04:00:00.063000+00:00
xyz:XYZ100,0.0000062500,0.0000843261,2026-01-04 05:00:00.060000+00:00
xyz:XYZ100,0.0000129383,0.0005070132,2026-01-04 06:00:00.066000+00:00
xyz:XYZ100,0.0000496005,0.0010936082,2026-01-04 07:00:00.031000+00:00
xyz:XYZ100,0.0000783522,0.0015536359,2026-01-04 08:00:00.036000+00:00
xyz:XYZ100,0.0000062500,0.0003991524,2026-01-04 09:00:00.001000+00:00
xyz:XYZ100,0.0000062500,-0.0000280825,2026-01-04 10:00:00.051000+00:00
xyz:XYZ100,0.0000062500,-0.0001582766,2026-01-04 11:00:00.051000+00:00
xyz:XYZ100,-0.0000113387,-0.0004814191,2026-01-04 12:00:00.052000+00:00
xyz:XYZ100,-0.0000074256,-0.0004188091,2026-01-04 13:00:00.062000+00:00
xyz:XYZ100,0.0000062500,-0.0000161789,2026-01-04 14:00:00.019000+00:00
xyz:XYZ100,0.0000164766,0.0005636261,2026-01-04 15:00:00.078000+00:00
xyz:XYZ100,0.0000062500,0.0002917817,2026-01-04 16:00:00.098000+00:00
xyz:XYZ100,0.0000062500,-0.0001866642,2026-01-04 17:00:00.020000+00:00
xyz:XYZ100,0.0000062500,0.0002602711,2026-01-04 18:00:00.054000+00:00
xyz:XYZ100,0.0000062500,-0.0000161423,2026-01-04 19:00:00.024000+00:00
xyz:XYZ100,0.0000043177,-0.0002309174,2026-01-04 20:00:00.062000+00:00
xyz:XYZ100,0.0000055303,-0.0002115156,2026-01-04 21:00:00+00:00
xyz:XYZ100,0.0000062500,-0.0001329158,2026-01-04 22:00:00.037000+00:00
xyz:XYZ100,-0.0000241815,-0.0006869048,2026-01-04 23:00:00.111000+00:00
xyz:XYZ100,0.0000062500,0.0003374323,2026-01-05 00:00:00+00:00
xyz:XYZ100,0.0000062500,0.0001636615,2026-01-05 01:00:00.014000+00:00
xyz:XYZ100,0.0000062500,0.0002677296,2026-01-05 02:00:00.009000+00:00
xyz:XYZ100,0.0000062500,0.0000788212,2026-01-05 03:00:00.010000+00:00
xyz:XYZ100,0.0000062500,0.0001545496,2026-01-05 04:00:00.044000+00:00
xyz:XYZ100,0.0000062500,0.0002796061,2026-01-05 05:00:00.042000+00:00
xyz:XYZ100,0.0000124092,0.0004985469,2026-01-05 06:00:00.026000+00:00
xyz:XYZ100,0.0000062500,0.0001741523,2026-01-05 07:00:00.067000+00:00
xyz:XYZ100,0.0000062500,0.0002981722,2026-01-05 08:00:00.060000+00:00
xyz:XYZ100,0.0000062500,-0.0000270337,2026-01-05 09:00:00.043000+00:00
xyz:XYZ100,0.0000062500,0.0000111985,2026-01-05 10:00:00.038000+00:00
xyz:XYZ100,0.0000062500,0.0001868227,2026-01-05 11:00:00.040000+00:00
xyz:XYZ100,0.0000062500,0.0002817625,2026-01-05 12:00:00.068000+00:00
xyz:XYZ100,0.0000062500,0.0002905459,2026-01-05 13:00:00.054000+00:00
xyz:XYZ100,0.0000062500,0.0002261416,2026-01-05 14:00:00.015000+00:00
xyz:XYZ100,0.0000062500,0.0001652802,2026-01-05 15:00:00.020000+00:00
xyz:XYZ100,0.0000062500,0.0002384216,2026-01-05 16:00:00.051000+00:00
xyz:XYZ100,0.0000062500,0.0000976456,2026-01-05 17:00:00.085000+00:00
xyz:XYZ100,0.0000062500,0.0000810715,2026-01-05 18:00:00.081000+00:00
xyz:XYZ100,0.0000101299,0.0004620786,2026-01-05 19:00:00.056000+00:00
xyz:XYZ100,0.0000062500,0.0002979801,2026-01-05 20:00:00.045000+00:00
xyz:XYZ100,0.0000062500,0.0000356616,2026-01-05 21:00:00.022000+00:00
xyz:XYZ100,0.0000062500,-0.0000890679,2026-01-05 22:00:00.008000+00:00
xyz:XYZ100,0.0000062500,-0.0001540090,2026-01-05 23:00:00.068000+00:00
xyz:XYZ100,0.0000062500,-0.0000009491,2026-01-06 00:00:00.017000+00:00
xyz:XYZ100,0.0000062500,0.0003526684,2026-01-06 01:00:00.086000+00:00
xyz:XYZ100,0.0000062500,0.0003980529,2026-01-06 02:00:00.073000+00:00
xyz:XYZ100,0.0000062500,0.0001612250,2026-01-06 03:00:00.033000+00:00
xyz:XYZ100,0.0000062500,-0.0000708560,2026-01-06 04:00:00.036000+00:00
xyz:XYZ100,0.0000062500,-0.0001079326,2026-01-06 05:00:00.075000+00:00
xyz:XYZ100,0.0000062500,0.0000703554,2026-01-06 06:00:00.013000+00:00
xyz:XYZ100,0.0000062500,-0.0001375496,2026-01-06 07:00:00.008000+00:00
xyz:XYZ100,0.0000062500,-0.0001380347,2026-01-06 08:00:00.066000+00:00
xyz:XYZ100,0.0000062500,-0.0000610649,2026-01-06 09:00:00.059000+00:00
xyz:XYZ100,0.0000062500,-0.0000210550,2026-01-06 10:00:00.012000+00:00
xyz:XYZ100,0.0000062500,-0.0000132326,2026-01-06 11:00:00.060000+00:00
xyz:XYZ100,0.0000062500,-0.0000462748,2026-01-06 12:00:00.017000+00:00
xyz:XYZ100,0.0000062500,-0.0000583788,2026-01-06 13:00:00.002000+00:00
xyz:XYZ100,0.0000062500,-0.0000100667,2026-01-06 14:00:00.046000+00:00
xyz:XYZ100,0.0000062500,0.0000925728,2026-01-06 15:00:00.076000+00:00
xyz:XYZ100,0.0000062500,-0.0000114457,2026-01-06 16:00:00.036000+00:00
xyz:XYZ100,0.0000062500,0.0000493933,2026-01-06 17:00:00.012000+00:00
xyz:XYZ100,0.0000062500,0.0003555469,2026-01-06 18:00:00.001000+00:00
xyz:XYZ100,0.0000062500,0.0002629217,2026-01-06 19:00:00.037000+00:00
xyz:XYZ100,0.0000062500,0.0001051593,2026-01-06 20:00:00.018000+00:00
xyz:XYZ100,0.0000062500,0.0003547074,2026-01-06 21:00:00.062000+00:00
xyz:XYZ100,0.0000097738,0.0004563807,2026-01-06 22:00:00.005000+00:00
xyz:XYZ100,0.0000062500,0.0002838819,2026-01-06 23:00:00.008000+00:00
xyz:XYZ100,0.0000130316,0.0005085059,2026-01-07 00:00:00.119000+00:00
xyz:XYZ100,0.0000062500,0.0002597490,2026-01-07 01:00:00.007000+00:00
xyz:XYZ100,0.0000062500,0.0003836107,2026-01-07 02:00:00.010000+00:00
xyz:XYZ100,0.0000108906,0.0004742488,2026-01-07 03:00:00.017000+00:00
xyz:XYZ100,0.0000062500,0.0003390884,2026-01-07 04:00:00.033000+00:00
xyz:XYZ100,0.0000062500,0.0002420761,2026-01-07 05:00:00.087000+00:00
xyz:XYZ100,0.0000062500,-0.0000049274,2026-01-07 06:00:00.009000+00:00
xyz:XYZ100,0.0000062500,0.0000741014,2026-01-07 07:00:00.014000+00:00
xyz:XYZ100,0.0000062500,0.0000965154,2026-01-07 08:00:00.062000+00:00
xyz:XYZ100,0.0000062500,0.0000749541,2026-01-07 09:00:00.082000+00:00
xyz:XYZ100,0.0000062500,-0.0000338217,2026-01-07 10:00:00.029000+00:00
xyz:XYZ100,0.0000062500,0.0000559721,2026-01-07 11:00:00.048000+00:00
xyz:XYZ100,0.0000062500,-0.0000161414,2026-01-07 12:00:00.096000+00:00
xyz:XYZ100,0.0000062500,-0.0000745513,2026-01-07 13:00:00.074000+00:00
xyz:XYZ100,0.0000062500,-0.0000187129,2026-01-07 14:00:00.040000+00:00
xyz:XYZ100,0.0000062500,-0.0000378222,2026-01-07 15:00:00.099000+00:00
xyz:XYZ100,0.0000062500,-0.0001234120,2026-01-07 16:00:00.081000+00:00
xyz:XYZ100,0.0000062500,-0.0001382285,2026-01-07 17:00:00.013000+00:00
xyz:XYZ100,0.0000062500,-0.0001308732,2026-01-07 18:00:00.014000+00:00
xyz:XYZ100,0.0000062500,-0.0000492448,2026-01-07 19:00:00.055000+00:00
xyz:XYZ100,0.0000062500,0.0000482247,2026-01-07 20:00:00.113000+00:00
xyz:XYZ100,0.0000062500,0.0002210262,2026-01-07 21:00:00.117000+00:00
xyz:XYZ100,0.0000062500,0.0003356330,2026-01-07 22:00:00.043000+00:00
xyz:XYZ100,0.0000062500,0.0002777496,2026-01-07 23:00:00.090000+00:00
xyz:XYZ100,0.0000062500,0.0003979710,2026-01-08 00:00:00.001000+00:00
xyz:XYZ100,0.0000081424,0.0004302778,2026-01-08 01:00:00.035000+00:00
xyz:XYZ100,0.0000062500,0.0002456455,2026-01-08 02:00:00.029000+00:00
xyz:XYZ100,0.0000062500,0.0002947896,2026-01-08 03:00:00.014000+00:00
xyz:XYZ100,0.0000062500,0.0003737275,2026-01-08 04:00:00.069000+00:00
xyz:XYZ100,0.0000062500,0.0001688192,2026-01-08 05:00:00.155000+00:00
xyz:XYZ100,0.0000062500,0.0001372841,2026-01-08 06:00:00.094000+00:00
xyz:XYZ100,0.0000062500,0.0000194594,2026-01-08 07:00:00.010000+00:00
xyz:XYZ100,0.0000062500,-0.0001056087,2026-01-08 08:00:00.089000+00:00
xyz:XYZ100,0.0000062500,-0.0000226641,2026-01-08 09:00:00.077000+00:00
xyz:XYZ100,0.0000062500,-0.0000949936,2026-01-08 10:00:00.037000+00:00
xyz:XYZ100,0.0000062500,-0.0000926469,2026-01-08 11:00:00.015000+00:00
xyz:XYZ100,0.0000062500,0.0000236869,2026-01-08 12:00:00.137000+00:00
xyz:XYZ100,0.0000062500,0.0001043518,2026-01-08 13:00:00.040000+00:00
xyz:XYZ100,0.0000062500,-0.0000243573,2026-01-08 14:00:00+00:00
xyz:XYZ100,0.0000059607,-0.0002046289,2026-01-08 15:00:00.106000+00:00
xyz:XYZ100,0.0000062500,-0.0000978983,2026-01-08 16:00:00.063000+00:00
xyz:XYZ100,0.0000062500,-0.0000663645,2026-01-08 17:00:00.004000+00:00
xyz:XYZ100,0.0000062500,-0.0000490809,2026-01-08 18:00:00.008000+00:00
xyz:XYZ100,0.0000062500,0.0000375035,2026-01-08 19:00:00.013000+00:00
xyz:XYZ100,0.0000062500,0.0001394005,2026-01-08 20:00:00.098000+00:00
xyz:XYZ100,0.0000062500,-0.0000660424,2026-01-08 21:00:00.116000+00:00
xyz:XYZ100,0.0000062500,-0.0001931394,2026-01-08 22:00:00.008000+00:00
xyz:XYZ100,0.0000062500,0.0002144677,2026-01-08 23:00:00.085000+00:00
xyz:XYZ100,0.0000062500,0.0001964846,2026-01-09 00:00:00.020000+00:00
xyz:XYZ100,0.0000062500,0.0000343816,2026-01-09 01:00:00.016000+00:00
xyz:XYZ100,0.0000062500,0.0000797255,2026-01-09 02:00:00.063000+00:00
xyz:XYZ100,0.0000062500,0.0000646745,2026-01-09 03:00:00.059000+00:00
xyz:XYZ100,0.0000062500,0.0000317049,2026-01-09 04:00:00.100000+00:00
xyz:XYZ100,0.0000062500,0.0000624416,2026-01-09 05:00:00.158000+00:00
xyz:XYZ100,0.0000062500,0.0001189114,2026-01-09 06:00:00.046000+00:00
xyz:XYZ100,0.0000062500,-0.0000900353,2026-01-09 07:00:00.012000+00:00
xyz:XYZ100,0.0000062500,-0.0000040893,2026-01-09 08:00:00.028000+00:00
xyz:XYZ100,0.0000062500,0.0001101308,2026-01-09 09:00:00.072000+00:00
xyz:XYZ100,0.0000062500,0.0000512199,2026-01-09 10:00:00.077000+00:00
xyz:XYZ100,0.0000062500,-0.0000828970,2026-01-09 11:00:00.050000+00:00
xyz:XYZ100,0.0000062500,-0.0000697323,2026-01-09 12:00:00.041000+00:00
xyz:XYZ100,0.0000062500,-0.0000400987,2026-01-09 13:00:00.005000+00:00
xyz:XYZ100,0.0000062500,-0.0000836727,2026-01-09 14:00:00.032000+00:00
xyz:XYZ100,0.0000062500,-0.0001096927,2026-01-09 15:00:00.042000+00:00
xyz:XYZ100,0.0000013175,-0.0002789200,2026-01-09 16:00:00.002000+00:00
xyz:XYZ100,0.0000062500,-0.0001815427,2026-01-09 17:00:00.004000+00:00
xyz:XYZ100,0.0000062500,-0.0000444122,2026-01-09 18:00:00.018000+00:00
xyz:XYZ100,0.0000062500,0.0001417884,2026-01-09 19:00:00.042000+00:00
xyz:XYZ100,0.0000062500,-0.0000526590,2026-01-09 20:00:00.065000+00:00
xyz:XYZ100,0.0000062500,-0.0000383610,2026-01-09 21:00:00+00:00
xyz:XYZ100,0.0000062500,0.0001455671,2026-01-09 22:00:00.018000+00:00
xyz:XYZ100,0.0000062500,0.0001687209,2026-01-09 23:00:00.025000+00:00
xyz:XYZ100,0.0000062500,0.0000960586,2026-01-10 00:00:00.103000+00:00
xyz:XYZ100,0.0000062500,0.0000049178,2026-01-10 01:00:00.110000+00:00
xyz:XYZ100,0.0000062500,-0.0000223506,2026-01-10 02:00:00.064000+00:00
xyz:XYZ100,0.0000062500,-0.0000474163,2026-01-10 03:00:00.039000+00:00
xyz:XYZ100,0.0000062500,0.0000728593,2026-01-10 04:00:00.085000+00:00
xyz:XYZ100,0.0000062500,0.0000377165,2026-01-10 05:00:00.065000+00:00
xyz:XYZ100,0.0000062500,-0.0000371339,2026-01-10 06:00:00.034000+00:00
xyz:XYZ100,0.0000062500,-0.0001751185,2026-01-10 07:00:00.035000+00:00
xyz:XYZ100,-0.0000676056,-0.0013816898,2026-01-10 08:00:00.072000+00:00
xyz:XYZ100,0.0000048997,-0.0002216042,2026-01-10 09:00:00.033000+00:00
xyz:XYZ100,-0.0000039937,-0.0003638999,2026-01-10 10:00:00.024000+00:00
xyz:XYZ100,0.0000062500,0.0000594195,2026-01-10 11:00:00.060000+00:00
xyz:XYZ100,0.0000062500,0.0001390664,2026-01-10 12:00:00.034000+00:00
xyz:XYZ100,0.0000062500,0.0003222390,2026-01-10 13:00:00.030000+00:00
xyz:XYZ100,0.0000171471,0.0005743534,2026-01-10 14:00:00.051000+00:00
xyz:XYZ100,0.0000062500,0.0003865271,2026-01-10 15:00:00.017000+00:00
xyz:XYZ100,0.0000062500,0.0003182194,2026-01-10 16:00:00.003000+00:00
xyz:XYZ100,0.0000062500,0.0002885998,2026-01-10 17:00:00.066000+00:00
xyz:XYZ100,0.0000062500,0.0001079955,2026-01-10 18:00:00.054000+00:00
xyz:XYZ100,0.0000062500,0.0001264193,2026-01-10 19:00:00.025000+00:00
xyz:XYZ100,0.0000062500,0.0000604266,2026-01-10 20:00:00.081000+00:00
xyz:XYZ100,0.0000062500,-0.0000054759,2026-01-10 21:00:00.083000+00:00
xyz:XYZ100,0.0000062500,-0.0000195075,2026-01-10 22:00:00.025000+00:00
xyz:XYZ100,0.0000062500,-0.0000477517,2026-01-10 23:00:00.047000+00:00
xyz:XYZ100,0.0000062500,-0.0000194228,2026-01-11 00:00:00.007000+00:00
xyz:XYZ100,0.0000062500,-0.0000608148,2026-01-11 01:00:00.046000+00:00
xyz:XYZ100,0.0000039004,-0.0002375930,2026-01-11 02:00:00.078000+00:00
xyz:XYZ100,0.0000062500,-0.0000878075,2026-01-11 03:00:00.099000+00:00
xyz:XYZ100,0.0000062500,-0.0000493845,2026-01-11 04:00:00.011000+00:00
xyz:XYZ100,0.0000062500,-0.0000333265,2026-01-11 05:00:00.012000+00:00
xyz:XYZ100,0.0000062500,0.0000876080,2026-01-11 06:00:00.038000+00:00
xyz:XYZ100,0.0000062500,0.0001019359,2026-01-11 07:00:00.049000+00:00
xyz:XYZ100,0.0000062500,0.0001537329,2026-01-11 08:00:00.066000+00:00
xyz:XYZ100,0.0000062500,0.0000754829,2026-01-11 09:00:00.045000+00:00
xyz:XYZ100,0.0000062500,0.0002348873,2026-01-11 10:00:00.103000+00:00
xyz:XYZ100,0.0000062500,0.0001669847,2026-01-11 11:00:00.105000+00:00
xyz:XYZ100,0.0000062500,-0.0000537179,2026-01-11 12:00:00.018000+00:00
xyz:XYZ100,0.0000062500,-0.0000242360,2026-01-11 13:00:00.035000+00:00
xyz:XYZ100,0.0000062500,0.0000395348,2026-01-11 14:00:00.034000+00:00
xyz:XYZ100,0.0000062500,-0.0000771664,2026-01-11 15:00:00.124000+00:00
xyz:XYZ100,0.0000062500,-0.0001086220,2026-01-11 16:00:00.122000+00:00
xyz:XYZ100,0.0000062500,0.0002732871,2026-01-11 17:00:00.061000+00:00
xyz:XYZ100,0.0000062500,0.0003019856,2026-01-11 18:00:00.004000+00:00
xyz:XYZ100,0.0000062500,0.0000576345,2026-01-11 19:00:00.023000+00:00
xyz:XYZ100,0.0000062500,0.0000508614,2026-01-11 20:00:00.002000+00:00
xyz:XYZ100,0.0000062500,-0.0001353162,2026-01-11 21:00:00.010000+00:00
xyz:XYZ100,0.0000062500,-0.0000158021,2026-01-11 22:00:00.083000+00:00
xyz:XYZ100,0.0000062500,-0.0000701994,2026-01-11 23:00:00.127000+00:00
xyz:XYZ100,0.0000062500,0.0001894303,2026-01-12 00:00:00.053000+00:00
xyz:XYZ100,0.0000062500,0.0001093026,2026-01-12 01:00:00.080000+00:00
xyz:XYZ100,0.0000062500,0.0001708065,2026-01-12 02:00:00.090000+00:00
xyz:XYZ100,0.0000062500,0.0002173854,2026-01-12 03:00:00.016000+00:00
xyz:XYZ100,0.0000062500,0.0003072889,2026-01-12 04:00:00.021000+00:00
xyz:XYZ100,0.0000062500,0.0002290639,2026-01-12 05:00:00.027000+00:00
xyz:XYZ100,0.0000062500,0.0001363800,2026-01-12 06:00:00.025000+00:00
xyz:XYZ100,0.0000062500,0.0000823979,2026-01-12 07:00:00.061000+00:00
xyz:XYZ100,0.0000062500,0.0001066162,2026-01-12 08:00:00.053000+00:00
xyz:XYZ100,0.0000062500,0.0000979274,2026-01-12 09:00:00.088000+00:00
xyz:XYZ100,0.0000062500,0.0000194259,2026-01-12 10:00:00.042000+00:00
xyz:XYZ100,0.0000062500,0.0000079762,2026-01-12 11:00:00.003000+00:00
xyz:XYZ100,0.0000062500,-0.0000222150,2026-01-12 12:00:00.088000+00:00
xyz:XYZ100,0.0000062500,0.0000056488,2026-01-12 13:00:00.053000+00:00
xyz:XYZ100,0.0000062500,0.0001064989,2026-01-12 14:00:00.107000+00:00
xyz:XYZ100,0.0000062500,0.0000945141,2026-01-12 15:00:00.059000+00:00
xyz:XYZ100,0.0000062500,-0.0000867319,2026-01-12 16:00:00.040000+00:00
xyz:XYZ100,0.0000062500,0.0000331413,2026-01-12 17:00:00.086000+00:00
xyz:XYZ100,0.0000062500,0.0000359748,2026-01-12 18:00:00.057000+00:00
xyz:XYZ100,0.0000062500,0.0001130261,2026-01-12 19:00:00.008000+00:00
xyz:XYZ100,0.0000062500,0.0002156095,2026-01-12 20:00:00.098000+00:00
xyz:XYZ100,0.0000062500,0.0001386236,2026-01-12 21:00:00.078000+00:00
xyz:XYZ100,0.0000062500,-0.0000491639,2026-01-12 22:00:00.075000+00:00
xyz:XYZ100,0.0000062500,0.0001447692,2026-01-12 23:00:00.024000+00:00
xyz:XYZ100,0.0000062500,0.0000224371,2026-01-13 00:00:00.109000+00:00
xyz:XYZ100,0.0000062500,0.0000497079,2026-01-13 01:00:00.121000+00:00
xyz:XYZ100,0.0000062500,-0.0000330301,2026-01-13 02:00:00.017000+00:00
xyz:XYZ100,0.0000062500,-0.0000831831,2026-01-13 03:00:00.043000+00:00
xyz:XYZ100,0.0000062500,-0.0001023530,2026-01-13 04:00:00.068000+00:00
xyz:XYZ100,0.0000062500,-0.0001420119,2026-01-13 05:00:00.079000+00:00
xyz:XYZ100,0.0000062500,-0.0001290783,2026-01-13 06:00:00.029000+00:00
xyz:XYZ100,0.0000062500,-0.0001304866,2026-01-13 07:00:00.089000+00:00
xyz:XYZ100,0.0000062500,-0.0001350390,2026-01-13 08:00:00.032000+00:00
xyz:XYZ100,0.0000062500,-0.0000146371,2026-01-13 09:00:00.003000+00:00
xyz:XYZ100,0.0000062500,-0.0000735348,2026-01-13 10:00:00.232000+00:00
xyz:XYZ100,0.0000062500,0.0001116181,2026-01-13 11:00:00.011000+00:00
xyz:XYZ100,0.0000062500,0.0001615743,2026-01-13 12:00:00.032000+00:00
xyz:XYZ100,0.0000062500,0.0001949999,2026-01-13 13:00:00.083000+00:00
xyz:XYZ100,0.0000062500,0.0000662743,2026-01-13 14:00:00.043000+00:00
xyz:XYZ100,0.0000062500,0.0000813000,2026-01-13 15:00:00.051000+00:00
xyz:XYZ100,0.0000062500,-0.0001118104,2026-01-13 16:00:00.100000+00:00
xyz:XYZ100,0.0000062500,0.0000682857,2026-01-13 17:00:00.039000+00:00
xyz:XYZ100,0.0000062500,-0.0000147037,2026-01-13 18:00:00.042000+00:00
xyz:XYZ100,0.0000062500,0.0000297951,2026-01-13 19:00:00.031000+00:00
xyz:XYZ100,0.0000062500,0.0000773938,2026-01-13 20:00:00.005000+00:00
xyz:XYZ100,0.0000062500,0.0000677149,2026-01-13 21:00:00.017000+00:00
xyz:XYZ100,0.0000062500,-0.0000377251,2026-01-13 22:00:00+00:00
xyz:XYZ100,0.0000062500,0.0002365304,2026-01-13 23:00:00.037000+00:00
xyz:XYZ100,0.0000062500,0.0001057630,2026-01-14 00:00:00.057000+00:00
xyz:XYZ100,0.0000062500,0.0000001598,2026-01-14 01:00:00.019000+00:00
xyz:XYZ100,0.0000062500,0.0000833491,2026-01-14 02:00:00.050000+00:00
xyz:XYZ100,0.0000062500,0.0002165501,2026-01-14 03:00:00.053000+00:00
xyz:XYZ100,0.0000062500,0.0001916609,2026-01-14 04:00:00.063000+00:00
xyz:XYZ100,0.0000062500,0.0003739146,2026-01-14 05:00:00.023000+00:00
xyz:XYZ100,0.0000107283,0.0004716523,2026-01-14 06:00:00.066000+00:00
xyz:XYZ100,0.0000114350,0.0004829596,2026-01-14 07:00:00.099000+00:00
xyz:XYZ100,0.0000159389,0.0005550231,2026-01-14 08:00:00.062000+00:00
xyz:XYZ100,0.0000557059,0.0011912946,2026-01-14 09:00:00.051000+00:00
xyz:XYZ100,0.0000113277,0.0004812436,2026-01-14 10:00:00.015000+00:00
xyz:XYZ100,0.0000103018,0.0004648292,2026-01-14 11:00:00+00:00
xyz:XYZ100,0.0000158069,0.0005529099,2026-01-14 12:00:00.043000+00:00
xyz:XYZ100,0.0000189617,0.0006033866,2026-01-14 13:00:00.040000+00:00
xyz:XYZ100,0.0000102865,0.0004645842,2026-01-14 14:00:00.084000+00:00
xyz:XYZ100,0.0000089112,0.0004425792,2026-01-14 15:00:00.001000+00:00
xyz:XYZ100,0.0000062500,0.0003391250,2026-01-14 16:00:00.013000+00:00
xyz:XYZ100,0.0000160359,0.0005565747,2026-01-14 17:00:00.085000+00:00
xyz:XYZ100,0.0000096546,0.0004544740,2026-01-14 18:00:00.113000+00:00
xyz:XYZ100,0.0000062500,0.0002679348,2026-01-14 19:00:00.071000+00:00
xyz:XYZ100,0.0000169091,0.0005705463,2026-01-14 20:00:00.090000+00:00
xyz:XYZ100,0.0000062500,0.0003441285,2026-01-14 21:00:00.039000+00:00
xyz:XYZ100,0.0000062500,0.0003324797,2026-01-14 22:00:00.018000+00:00
xyz:XYZ100,0.0000062500,0.0002613322,2026-01-14 23:00:00.024000+00:00
xyz:XYZ100,0.0000078418,0.0004254693,2026-01-15 00:00:00.028000+00:00
xyz:XYZ100,0.0000079036,0.0004264578,2026-01-15 01:00:00.004000+00:00
xyz:XYZ100,0.0000204811,0.0006276979,2026-01-15 02:00:00.052000+00:00
xyz:XYZ100,0.0000298166,0.0007770657,2026-01-15 03:00:00.019000+00:00
xyz:XYZ100,0.0000206492,0.0006303879,2026-01-15 04:00:00.018000+00:00
xyz:XYZ100,0.0000084198,0.0004347161,2026-01-15 05:00:00.081000+00:00
xyz:XYZ100,0.0000062500,0.0003909673,2026-01-15 06:00:00.021000+00:00
xyz:XYZ100,0.0000062500,0.0003553507,2026-01-15 07:00:00.057000+00:00
xyz:XYZ100,0.0000142887,0.0005286191,2026-01-15 08:00:00.029000+00:00
xyz:XYZ100,0.0000062500,0.0002085288,2026-01-15 09:00:00.023000+00:00
xyz:XYZ100,0.0000062500,0.0002167656,2026-01-15 10:00:00.082000+00:00
xyz:XYZ100,0.0000062500,-0.0000650996,2026-01-15 11:00:00.076000+00:00
xyz:XYZ100,0.0000062500,0.0001969285,2026-01-15 12:00:00.028000+00:00
xyz:XYZ100,0.0000062500,0.0001334567,2026-01-15 13:00:00.044000+00:00
xyz:XYZ100,0.0000062500,0.0000072220,2026-01-15 14:00:00.054000+00:00
xyz:XYZ100,0.0000062500,-0.0001396203,2026-01-15 15:00:00.001000+00:00
xyz:XYZ100,0.0000062500,0.0000954948,2026-01-15 16:00:00.020000+00:00
xyz:XYZ100,0.0000062500,-0.0001288757,2026-01-15 17:00:00.067000+00:00
xyz:XYZ100,0.0000062500,0.0000276874,2026-01-15 18:00:00.062000+00:00
xyz:XYZ100,0.0000062500,-0.0000714136,2026-01-15 19:00:00.003000+00:00
xyz:XYZ100,0.0000062500,0.0000540243,2026-01-15 20:00:00.057000+00:00
xyz:XYZ100,0.0000062500,0.0003543611,2026-01-15 21:00:00.062000+00:00
xyz:XYZ100,0.0000062500,0.0003421675,2026-01-15 22:00:00.033000+00:00
xyz:XYZ100,0.0000062500,0.0002955825,2026-01-15 23:00:00+00:00
xyz:XYZ100,0.0000062500,0.0003191036,2026-01-16 00:00:00.092000+00:00
xyz:XYZ100,0.0000062500,0.0003274148,2026-01-16 01:00:00.045000+00:00
xyz:XYZ100,0.0000062500,0.0003156565,2026-01-16 02:00:00.007000+00:00
xyz:XYZ100,0.0000062500,0.0002908780,2026-01-16 03:00:00.044000+00:00
xyz:XYZ100,0.0000062500,0.0003439986,2026-01-16 04:00:00.096000+00:00
xyz:XYZ100,0.0000062500,0.0002555571,2026-01-16 05:00:00.028000+00:00
xyz:XYZ100,0.0000062500,0.0002712500,2026-01-16 06:00:00.013000+00:00
xyz:XYZ100,0.0000062500,0.0003825347,2026-01-16 07:00:00.059000+00:00
xyz:XYZ100,0.0000062500,0.0003530214,2026-01-16 08:00:00.044000+00:00
xyz:XYZ100,0.0000062500,0.0003565397,2026-01-16 09:00:00.013000+00:00
xyz:XYZ100,0.0000062500,0.0002226607,2026-01-16 10:00:00.073000+00:00
xyz:XYZ100,0.0000062500,0.0002676997,2026-01-16 11:00:00.003000+00:00
xyz:XYZ100,0.0000062500,0.0002728430,2026-01-16 12:00:00.005000+00:00
xyz:XYZ100,0.0000062500,0.0001732495,2026-01-16 13:00:00.060000+00:00
xyz:XYZ100,0.0000062500,0.0000791590,2026-01-16 14:00:00.084000+00:00
xyz:XYZ100,0.0000062500,0.0000683521,2026-01-16 15:00:00.051000+00:00
xyz:XYZ100,0.0000062500,0.0003229920,2026-01-16 16:00:00.040000+00:00
xyz:XYZ100,0.0000062500,0.0002905929,2026-01-16 17:00:00.051000+00:00
xyz:XYZ100,0.0000062500,0.0002513576,2026-01-16 18:00:00.045000+00:00
xyz:XYZ100,0.0000062500,0.0002755449,2026-01-16 19:00:00.147000+00:00
xyz:XYZ100,0.0000062500,0.0003239564,2026-01-16 20:00:00.078000+00:00
xyz:XYZ100,0.0000062500,0.0002943143,2026-01-16 21:00:00.092000+00:00
xyz:XYZ100,0.0000062500,0.0003276288,2026-01-16 22:00:00.120000+00:00
xyz:XYZ100,0.0000062500,0.0002487385,2026-01-16 23:00:00.021000+00:00
xyz:XYZ100,0.0000062500,0.0001863500,2026-01-17 00:00:00.037000+00:00
xyz:XYZ100,0.0000062500,0.0000904309,2026-01-17 01:00:00.055000+00:00
xyz:XYZ100,0.0000062500,0.0001032986,2026-01-17 02:00:00.090000+00:00
xyz:XYZ100,0.0000062500,0.0001290544,2026-01-17 03:00:00.036000+00:00
xyz:XYZ100,0.0000062500,0.0000580742,2026-01-17 04:00:00.003000+00:00
xyz:XYZ100,0.0000062500,0.0000152820,2026-01-17 05:00:00.027000+00:00
xyz:XYZ100,0.0000062500,0.0000195902,2026-01-17 06:00:00.104000+00:00
xyz:XYZ100,0.0000062500,0.0000195902,2026-01-17 07:00:00.005000+00:00
xyz:XYZ100,0.0000062500,-0.0000233738,2026-01-17 08:00:00.022000+00:00
xyz:XYZ100,0.0000062500,-0.0000335889,2026-01-17 09:00:00.004000+00:00
xyz:XYZ100,0.0000062500,-0.0000443882,2026-01-17 10:00:00.039000+00:00
xyz:XYZ100,0.0000062500,-0.0000419478,2026-01-17 11:00:00.095000+00:00
xyz:XYZ100,0.0000062500,-0.0000477822,2026-01-17 12:00:00.021000+00:00
xyz:XYZ100,0.0000062500,-0.0000133049,2026-01-17 13:00:00.089000+00:00
xyz:XYZ100,0.0000062500,0.0000059177,2026-01-17 14:00:00.030000+00:00
xyz:XYZ100,0.0000062500,0.0000288303,2026-01-17 15:00:00.010000+00:00
xyz:XYZ100,0.0000062500,0.0000195925,2026-01-17 16:00:00.102000+00:00
xyz:XYZ100,0.0000062500,0.0000344052,2026-01-17 17:00:00.010000+00:00
xyz:XYZ100,0.0000012450,-0.0002800803,2026-01-17 18:00:00.066000+00:00
xyz:XYZ100,0.0000057848,-0.0002074431,2026-01-17 19:00:00.038000+00:00
xyz:XYZ100,0.0000012754,-0.0002795929,2026-01-17 20:00:00.073000+00:00
xyz:XYZ100,-0.0000095058,-0.0004520921,2026-01-17 21:00:00.017000+00:00
xyz:XYZ100,-0.0000036432,-0.0003582904,2026-01-17 22:00:00.036000+00:00
xyz:XYZ100,-0.0000140846,-0.0005253535,2026-01-17 23:00:00.100000+00:00
xyz:XYZ100,-0.0000375078,-0.0009001245,2026-01-18 00:00:00.017000+00:00
xyz:XYZ100,-0.0000456651,-0.0010306417,2026-01-18 01:00:00.117000+00:00
xyz:XYZ100,-0.0000917183,-0.0017674928,2026-01-18 02:00:00.061000+00:00
xyz:XYZ100,0.0000062500,0.0003750589,2026-01-18 03:00:00.047000+00:00
xyz:XYZ100,0.0000062500,-0.0001294978,2026-01-18 04:00:00.062000+00:00
xyz:XYZ100,0.0000062500,-0.0001627159,2026-01-18 05:00:00.034000+00:00
xyz:XYZ100,0.0000062500,0.0003515315,2026-01-18 06:00:00.066000+00:00
xyz:XYZ100,0.0000062500,0.0000254648,2026-01-18 07:00:00.063000+00:00
xyz:XYZ100,0.0000062500,-0.0001542458,2026-01-18 08:00:00.106000+00:00
xyz:XYZ100,0.0000062500,-0.0000045648,2026-01-18 09:00:00.110000+00:00
xyz:XYZ100,0.0000062500,0.0000826518,2026-01-18 10:00:00.047000+00:00
xyz:XYZ100,0.0000062500,0.0002003455,2026-01-18 11:00:00.085000+00:00
xyz:XYZ100,0.0000062500,0.0002588801,2026-01-18 12:00:00.016000+00:00
xyz:XYZ100,0.0000062500,0.0000419269,2026-01-18 13:00:00.054000+00:00
xyz:XYZ100,0.0000062500,-0.0000074125,2026-01-18 14:00:00.035000+00:00
xyz:XYZ100,0.0000062500,0.0000755511,2026-01-18 15:00:00.030000+00:00
xyz:XYZ100,0.0000062500,-0.0000196843,2026-01-18 16:00:00.021000+00:00
xyz:XYZ100,0.0000062500,-0.0001257896,2026-01-18 17:00:00.040000+00:00
xyz:XYZ100,0.0000062500,-0.0000752491,2026-01-18 18:00:00.067000+00:00
xyz:XYZ100,0.0000062500,-0.0000968276,2026-01-18 19:00:00.018000+00:00
xyz:XYZ100,0.0000062500,-0.0001938929,2026-01-18 20:00:00.055000+00:00
xyz:XYZ100,-0.0000161337,-0.0005581396,2026-01-18 21:00:00.024000+00:00
xyz:XYZ100,-0.0000174416,-0.0005790654,2026-01-18 22:00:00.042000+00:00
xyz:XYZ100,0.0000062500,0.0000128985,2026-01-18 23:00:00.113000+00:00
xyz:XYZ100,0.0000072258,0.0004156122,2026-01-19 00:00:00.034000+00:00
xyz:XYZ100,0.0000163192,0.0005611065,2026-01-19 01:00:00.098000+00:00
xyz:XYZ100,0.0000196364,0.0006141830,2026-01-19 02:00:00.001000+00:00
xyz:XYZ100,0.0000062500,0.0003086916,2026-01-19 03:00:00.009000+00:00
xyz:XYZ100,0.0000080846,0.0004293533,2026-01-19 04:00:00.051000+00:00
xyz:XYZ100,0.0000089252,0.0004428035,2026-01-19 05:00:00+00:00
xyz:XYZ100,0.0000089353,0.0004429655,2026-01-19 06:00:00.033000+00:00
xyz:XYZ100,0.0000062500,0.0003400979,2026-01-19 07:00:00.014000+00:00
xyz:XYZ100,0.0000141284,0.0005260551,2026-01-19 08:00:00.026000+00:00
xyz:XYZ100,0.0000150834,0.0005413345,2026-01-19 09:00:00.012000+00:00
xyz:XYZ100,0.0000179007,0.0005864117,2026-01-19 10:00:00.012000+00:00
xyz:XYZ100,0.0000105445,0.0004687122,2026-01-19 11:00:00.094000+00:00
xyz:XYZ100,0.0000208098,0.0006329573,2026-01-19 12:00:00+00:00
xyz:XYZ100,0.0000121746,0.0004947929,2026-01-19 13:00:00.041000+00:00
xyz:XYZ100,0.0000104844,0.0004677502,2026-01-19 14:00:00.040000+00:00
xyz:XYZ100,0.0000089592,0.0004433466,2026-01-19 15:00:00.049000+00:00
xyz:XYZ100,0.0000062500,0.0002750229,2026-01-19 16:00:00.056000+00:00
xyz:XYZ100,0.0000199878,0.0006198043,2026-01-19 17:00:00.011000+00:00
xyz:XYZ100,0.0000296021,0.0007736330,2026-01-19 18:00:00.005000+00:00
xyz:XYZ100,0.0000077520,0.0004240314,2026-01-19 19:00:00.012000+00:00
xyz:XYZ100,0.0000062500,0.0003178594,2026-01-19 20:00:00.025000+00:00
xyz:XYZ100,0.0000062500,-0.0001741206,2026-01-19 21:00:00.079000+00:00
xyz:XYZ100,0.0000062500,0.0000072517,2026-01-19 22:00:00.033000+00:00
xyz:XYZ100,-0.0000606347,-0.0012701551,2026-01-19 23:00:00.040000+00:00
xyz:XYZ100,0.0000062500,0.0002423895,2026-01-20 00:00:00.007000+00:00
xyz:XYZ100,0.0000062500,0.0003105343,2026-01-20 01:00:00.011000+00:00
xyz:XYZ100,0.0000062500,0.0002067959,2026-01-20 02:00:00.057000+00:00
xyz:XYZ100,0.0000062500,0.0000731886,2026-01-20 03:00:00.001000+00:00
xyz:XYZ100,0.0000062500,0.0003044389,2026-01-20 04:00:00.167000+00:00
xyz:XYZ100,0.0000062500,0.0003900670,2026-01-20 05:00:00.112000+00:00
xyz:XYZ100,0.0000062500,0.0003810820,2026-01-20 06:00:00.064000+00:00
xyz:XYZ100,0.0000074991,0.0004199848,2026-01-20 07:00:00.110000+00:00
xyz:XYZ100,0.0000062500,0.0001087829,2026-01-20 08:00:00.010000+00:00
xyz:XYZ100,0.0000062500,0.0001501611,2026-01-20 09:00:00.079000+00:00
xyz:XYZ100,0.0000062500,0.0003384870,2026-01-20 10:00:00.046000+00:00
xyz:XYZ100,0.0000062500,0.0002943616,2026-01-20 11:00:00.018000+00:00
xyz:XYZ100,0.0000062500,0.0003562980,2026-01-20 12:00:00.064000+00:00
xyz:XYZ100,0.0000062500,0.0001902541,2026-01-20 13:00:00.054000+00:00
xyz:XYZ100,0.0000062500,0.0001021953,2026-01-20 14:00:00.109000+00:00
xyz:XYZ100,0.0000062500,0.0000374167,2026-01-20 15:00:00.061000+00:00
xyz:XYZ100,0.0000062500,0.0001131376,2026-01-20 16:00:00.047000+00:00
xyz:XYZ100,0.0000062500,0.0000466477,2026-01-20 17:00:00.034000+00:00
xyz:XYZ100,0.0000062500,0.0001450328,2026-01-20 18:00:00.037000+00:00
xyz:XYZ100,0.0000062500,0.0002255783,2026-01-20 19:00:00.028000+00:00
xyz:XYZ100,0.0000062500,0.0002645385,2026-01-20 20:00:00.020000+00:00
xyz:XYZ100,0.0000062500,0.0002408403,2026-01-20 21:00:00.025000+00:00
xyz:XYZ100,0.0000062500,0.0002675997,2026-01-20 22:00:00.005000+00:00
xyz:XYZ100,-0.0000058199,-0.0003931191,2026-01-20 23:00:00.015000+00:00
xyz:XYZ100,0.0000062500,0.0000795494,2026-01-21 00:00:00.063000+00:00
xyz:XYZ100,0.0000062500,0.0001420765,2026-01-21 01:00:00.039000+00:00
xyz:XYZ100,0.0000062500,0.0002254102,2026-01-21 02:00:00.038000+00:00
xyz:XYZ100,0.0000062500,0.0001684523,2026-01-21 03:00:00.143000+00:00
xyz:XYZ100,0.0000062500,0.0001591364,2026-01-21 04:00:00.034000+00:00
xyz:XYZ100,0.0000062500,-0.0000050345,2026-01-21 05:00:00.057000+00:00
xyz:XYZ100,0.0000062500,0.0000893011,2026-01-21 06:00:00.014000+00:00
xyz:XYZ100,0.0000062500,0.0001172174,2026-01-21 07:00:00.016000+00:00
xyz:XYZ100,0.0000062500,0.0001052514,2026-01-21 08:00:00.028000+00:00
xyz:XYZ100,0.0000062500,0.0001576621,2026-01-21 09:00:00.046000+00:00
xyz:XYZ100,0.0000062500,0.0001747749,2026-01-21 10:00:00.018000+00:00
xyz:XYZ100,0.0000062500,0.0002028093,2026-01-21 11:00:00.027000+00:00
xyz:XYZ100,0.0000062500,0.0002729538,2026-01-21 12:00:00.031000+00:00
xyz:XYZ100,0.0000062500,0.0001894148,2026-01-21 13:00:00.094000+00:00
xyz:XYZ100,0.0000062500,0.0001209381,2026-01-21 14:00:00.007000+00:00
xyz:XYZ100,0.0000062500,0.0001519957,2026-01-21 15:00:00.012000+00:00
xyz:XYZ100,0.0000062500,0.0002684012,2026-01-21 16:00:00.016000+00:00
xyz:XYZ100,0.0000062500,0.0001458455,2026-01-21 17:00:00.079000+00:00
xyz:XYZ100,0.0000062500,0.0002910309,2026-01-21 18:00:00.006000+00:00
xyz:XYZ100,0.0000091378,0.0004462045,2026-01-21 19:00:00.021000+00:00
xyz:XYZ100,0.0000135371,0.0005165936,2026-01-21 20:00:00.017000+00:00
xyz:XYZ100,0.0000152539,0.0005440618,2026-01-21 21:00:00.045000+00:00
xyz:XYZ100,0.0000079287,0.0004268598,2026-01-21 22:00:00.093000+00:00
xyz:XYZ100,0.0000564892,0.0012038267,2026-01-21 23:00:00.012000+00:00
xyz:XYZ100,0.0000221431,0.0006542900,2026-01-22 00:00:00.068000+00:00
xyz:XYZ100,0.0000157129,0.0005514066,2026-01-22 01:00:00.076000+00:00
xyz:XYZ100,0.0000136145,0.0005178324,2026-01-22 02:00:00.069000+00:00
xyz:XYZ100,0.0000137389,0.0005198220,2026-01-22 03:00:00.112000+00:00
xyz:XYZ100,0.0000120115,0.0004921840,2026-01-22 04:00:00.005000+00:00
xyz:XYZ100,0.0000117329,0.0004877267,2026-01-22 05:00:00.033000+00:00
xyz:XYZ100,0.0000134600,0.0005153598,2026-01-22 06:00:00.029000+00:00
xyz:XYZ100,0.0000090837,0.0004453399,2026-01-22 07:00:00.022000+00:00
xyz:XYZ100,0.0000088917,0.0004422676,2026-01-22 08:00:00.084000+00:00
xyz:XYZ100,0.0000113388,0.0004814206,2026-01-22 09:00:00.040000+00:00
xyz:XYZ100,0.0000073623,0.0004177965,2026-01-22 10:00:00.057000+00:00
xyz:XYZ100,0.0000062500,0.0003916596,2026-01-22 11:00:00.047000+00:00
xyz:XYZ100,0.0000062500,0.0003441391,2026-01-22 12:00:00.063000+00:00
xyz:XYZ100,0.0000062500,0.0001886589,2026-01-22 13:00:00.020000+00:00
xyz:XYZ100,0.0000062500,0.0001378281,2026-01-22 14:00:00.092000+00:00
xyz:XYZ100,0.0000062500,0.0001618620,2026-01-22 15:00:00.007000+00:00
xyz:XYZ100,0.0000062500,0.0002693679,2026-01-22 16:00:00.083000+00:00
xyz:XYZ100,0.0000062500,0.0002406909,2026-01-22 17:00:00.035000+00:00
xyz:XYZ100,0.0000062500,0.0002580599,2026-01-22 18:00:00.004000+00:00
xyz:XYZ100,0.0000062500,0.0002182478,2026-01-22 19:00:00.016000+00:00
xyz:XYZ100,0.0000062500,0.0002132156,2026-01-22 20:00:00.017000+00:00
xyz:XYZ100,0.0000062500,0.0002978295,2026-01-22 21:00:00.096000+00:00
xyz:XYZ100,0.0000062500,0.0001752395,2026-01-22 22:00:00.013000+00:00
xyz:XYZ100,0.0000062500,-0.0000608403,2026-01-22 23:00:00.019000+00:00
xyz:XYZ100,0.0000062500,0.0002882833,2026-01-23 00:00:00.009000+00:00
xyz:XYZ100,0.0000062500,0.0002375363,2026-01-23 01:00:00.034000+00:00
xyz:XYZ100,0.0000062500,0.0002514975,2026-01-23 02:00:00.028000+00:00
xyz:XYZ100,0.0000062500,0.0002473117,2026-01-23 03:00:00.122000+00:00
xyz:XYZ100,0.0000062500,0.0002746559,2026-01-23 04:00:00.017000+00:00
xyz:XYZ100,0.0000062500,0.0002960013,2026-01-23 05:00:00.154000+00:00
xyz:XYZ100,0.0000062500,0.0002307418,2026-01-23 06:00:00.112000+00:00
xyz:XYZ100,0.0000062500,0.0003146278,2026-01-23 07:00:00.066000+00:00
xyz:XYZ100,0.0000062500,0.0003121046,2026-01-23 08:00:00.100000+00:00
xyz:XYZ100,0.0000062500,0.0002933180,2026-01-23 09:00:00.005000+00:00
xyz:XYZ100,0.0000062500,0.0003005522,2026-01-23 10:00:00.058000+00:00
xyz:XYZ100,0.0000062500,0.0002972310,2026-01-23 11:00:00.030000+00:00
xyz:XYZ100,0.0000062500,0.0001914169,2026-01-23 12:00:00.029000+00:00
xyz:XYZ100,0.0000062500,0.0002462111,2026-01-23 13:00:00.018000+00:00
xyz:XYZ100,0.0000062500,0.0002852917,2026-01-23 14:00:00.013000+00:00
xyz:XYZ100,0.0000062500,0.0003044209,2026-01-23 15:00:00.048000+00:00
xyz:XYZ100,0.0000062500,0.0001929209,2026-01-23 16:00:00.010000+00:00
xyz:XYZ100,0.0000062500,0.0002348401,2026-01-23 17:00:00.061000+00:00
xyz:XYZ100,0.0000062500,0.0003091908,2026-01-23 18:00:00.037000+00:00
xyz:XYZ100,0.0000062500,0.0002939725,2026-01-23 19:00:00.047000+00:00
xyz:XYZ100,0.0000062500,0.0003366127,2026-01-23 20:00:00.055000+00:00
xyz:XYZ100,0.0000126192,0.0005019080,2026-01-23 21:00:00.085000+00:00
xyz:XYZ100,0.0000123452,0.0004975233,2026-01-23 22:00:00.039000+00:00
xyz:XYZ100,0.0000062500,-0.0000951278,2026-01-23 23:00:00.085000+00:00
xyz:XYZ100,-0.0000035703,-0.0003571241,2026-01-24 00:00:00.017000+00:00
xyz:XYZ100,-0.0000083000,-0.0004327993,2026-01-24 01:00:00.061000+00:00
xyz:XYZ100,0.0000062500,-0.0000785353,2026-01-24 02:00:00.093000+00:00
xyz:XYZ100,0.0000062500,-0.0000893308,2026-01-24 03:00:00.032000+00:00
xyz:XYZ100,-0.0000296734,-0.0007747744,2026-01-24 04:00:00.067000+00:00
xyz:XYZ100,-0.0000056891,-0.0003910257,2026-01-24 05:00:00.043000+00:00
xyz:XYZ100,0.0000062500,0.0001271439,2026-01-24 06:00:00.032000+00:00
xyz:XYZ100,0.0000062500,0.0000459347,2026-01-24 07:00:00.003000+00:00
xyz:XYZ100,0.0000062500,0.0000446200,2026-01-24 08:00:00.030000+00:00
xyz:XYZ100,0.0000062500,0.0000158668,2026-01-24 09:00:00.058000+00:00
xyz:XYZ100,0.0000062500,0.0000222028,2026-01-24 10:00:00.112000+00:00
xyz:XYZ100,0.0000062500,0.0000196094,2026-01-24 11:00:00.027000+00:00
xyz:XYZ100,0.0000062500,-0.0000458692,2026-01-24 12:00:00.100000+00:00
xyz:XYZ100,0.0000062500,-0.0000748060,2026-01-24 13:00:00.080000+00:00
xyz:XYZ100,0.0000062500,-0.0001204806,2026-01-24 14:00:00.016000+00:00
xyz:XYZ100,-0.0000479748,-0.0010675970,2026-01-24 15:00:00.060000+00:00
xyz:XYZ100,0.0000062500,-0.0000261797,2026-01-24 16:00:00.092000+00:00
xyz:XYZ100,0.0000062500,-0.0001391378,2026-01-24 17:00:00.040000+00:00
xyz:XYZ100,0.0000062500,-0.0000696618,2026-01-24 18:00:00.011000+00:00
xyz:XYZ100,0.0000062500,0.0000602467,2026-01-24 19:00:00.036000+00:00
xyz:XYZ100,0.0000062500,0.0001079278,2026-01-24 20:00:00.028000+00:00
xyz:XYZ100,0.0000062500,0.0000719533,2026-01-24 21:00:00.012000+00:00
xyz:XYZ100,0.0000062500,0.0000770666,2026-01-24 22:00:00.056000+00:00
xyz:XYZ100,0.0000062500,0.0001335124,2026-01-24 23:00:00.017000+00:00
xyz:XYZ100,0.0000410966,0.0009575459,2026-01-25 00:00:00.006000+00:00
xyz:XYZ100,0.0000134861,0.0005157775,2026-01-25 01:00:00.021000+00:00
xyz:XYZ100,-0.0000175506,-0.0005808093,2026-01-25 02:00:00.135000+00:00
xyz:XYZ100,-0.0000278178,-0.0007450850,2026-01-25 03:00:00.054000+00:00
xyz:XYZ100,0.0000062500,0.0001266302,2026-01-25 04:00:00.109000+00:00
xyz:XYZ100,0.0000062500,0.0003482570,2026-01-25 05:00:00.110000+00:00
xyz:XYZ100,0.0000062500,0.0003949122,2026-01-25 06:00:00.117000+00:00
xyz:XYZ100,0.0000062500,-0.0001878149,2026-01-25 07:00:00.059000+00:00
xyz:XYZ100,-0.0000010025,-0.0003160396,2026-01-25 08:00:00.042000+00:00
xyz:XYZ100,0.0000062500,-0.0000942475,2026-01-25 09:00:00.055000+00:00
xyz:XYZ100,0.0000060027,-0.0002039573,2026-01-25 10:00:00.045000+00:00
xyz:XYZ100,0.0000062500,-0.0000431593,2026-01-25 11:00:00.011000+00:00
xyz:XYZ100,0.0000062500,0.0000769002,2026-01-25 12:00:00.029000+00:00
xyz:XYZ100,0.0000062500,0.0000706541,2026-01-25 13:00:00.065000+00:00
xyz:XYZ100,0.0000062500,0.0000351896,2026-01-25 14:00:00.031000+00:00
xyz:XYZ100,0.0000062500,0.0000137309,2026-01-25 15:00:00.075000+00:00
xyz:XYZ100,0.0000059884,-0.0002041848,2026-01-25 16:00:00.012000+00:00
xyz:XYZ100,-0.0000061786,-0.0003988582,2026-01-25 17:00:00.013000+00:00
xyz:XYZ100,-0.0000366685,-0.0008866963,2026-01-25 18:00:00.020000+00:00
xyz:XYZ100,-0.0000062564,-0.0004001020,2026-01-25 19:00:00.010000+00:00
xyz:XYZ100,-0.0000399619,-0.0009393910,2026-01-25 20:00:00.016000+00:00
xyz:XYZ100,-0.0000915212,-0.0017643395,2026-01-25 21:00:00.021000+00:00
xyz:XYZ100,-0.0000248283,-0.0006972526,2026-01-25 22:00:00.063000+00:00
xyz:XYZ100,-0.0000313475,-0.0008015594,2026-01-25 23:00:00.127000+00:00
xyz:XYZ100,0.0000062500,0.0002252593,2026-01-26 00:00:00.127000+00:00
xyz:XYZ100,0.0000062500,0.0001410392,2026-01-26 01:00:00.001000+00:00
xyz:XYZ100,0.0000062500,0.0001182396,2026-01-26 02:00:00.026000+00:00
xyz:XYZ100,0.0000062500,0.0001045254,2026-01-26 03:00:00.059000+00:00
xyz:XYZ100,0.0000062500,0.0002751125,2026-01-26 04:00:00.056000+00:00
xyz:XYZ100,0.0000062500,0.0002607677,2026-01-26 05:00:00.020000+00:00
xyz:XYZ100,0.0000062500,0.0002075294,2026-01-26 06:00:00.101000+00:00
xyz:XYZ100,0.0000062500,0.0002141881,2026-01-26 07:00:00.055000+00:00
xyz:XYZ100,0.0000062500,0.0001260707,2026-01-26 08:00:00.040000+00:00
xyz:XYZ100,0.0000062500,0.0001179392,2026-01-26 09:00:00.056000+00:00
xyz:XYZ100,0.0000062500,0.0001487582,2026-01-26 10:00:00.060000+00:00
xyz:XYZ100,0.0000062500,0.0002545085,2026-01-26 11:00:00.055000+00:00
xyz:XYZ100,0.0000062500,0.0001257845,2026-01-26 12:00:00.081000+00:00
xyz:XYZ100,0.0000062500,0.0001319269,2026-01-26 13:00:00+00:00
xyz:XYZ100,0.0000062500,0.0001777302,2026-01-26 14:00:00.050000+00:00
xyz:XYZ100,0.0000062500,0.0001815325,2026-01-26 15:00:00.064000+00:00
xyz:XYZ100,0.0000062500,0.0002700355,2026-01-26 16:00:00.006000+00:00
xyz:XYZ100,0.0000062500,0.0002427004,2026-01-26 17:00:00.012000+00:00
xyz:XYZ100,0.0000062500,0.0002068437,2026-01-26 18:00:00.010000+00:00
xyz:XYZ100,0.0000062500,0.0002759908,2026-01-26 19:00:00.045000+00:00
xyz:XYZ100,0.0000062500,0.0003012497,2026-01-26 20:00:00.034000+00:00
xyz:XYZ100,0.0000062500,0.0002977906,2026-01-26 21:00:00.094000+00:00
xyz:XYZ100,0.0000062500,0.0003652965,2026-01-26 22:00:00.049000+00:00
xyz:XYZ100,0.0000062500,-0.0000742158,2026-01-26 23:00:00.079000+00:00
xyz:XYZ100,0.0000062500,0.0002574308,2026-01-27 00:00:00.085000+00:00
xyz:XYZ100,0.0000062500,0.0002978965,2026-01-27 01:00:00.073000+00:00
xyz:XYZ100,0.0000062500,0.0002578332,2026-01-27 02:00:00.052000+00:00
xyz:XYZ100,0.0000062500,0.0001755674,2026-01-27 03:00:00.012000+00:00
xyz:XYZ100,0.0000062500,0.0001660251,2026-01-27 04:00:00.017000+00:00
xyz:XYZ100,0.0000062500,0.0003306511,2026-01-27 05:00:00.023000+00:00
xyz:XYZ100,0.0000062500,0.0002346198,2026-01-27 06:00:00+00:00
xyz:XYZ100,0.0000062500,0.0003009077,2026-01-27 07:00:00.049000+00:00
xyz:XYZ100,0.0000062500,0.0002602350,2026-01-27 08:00:00.092000+00:00
xyz:XYZ100,0.0000062500,0.0002725141,2026-01-27 09:00:00.020000+00:00
xyz:XYZ100,0.0000062500,0.0003000358,2026-01-27 10:00:00.056000+00:00
xyz:XYZ100,0.0000062500,0.0002965359,2026-01-27 11:00:00.003000+00:00
xyz:XYZ100,0.0000062500,0.0002761157,2026-01-27 12:00:00.051000+00:00
xyz:XYZ100,0.0000062500,0.0003116697,2026-01-27 13:00:00.006000+00:00
xyz:XYZ100,0.0000062500,0.0002314262,2026-01-27 14:00:00.041000+00:00
xyz:XYZ100,0.0000062500,0.0002465653,2026-01-27 15:00:00.074000+00:00
xyz:XYZ100,0.0000067973,0.0004087566,2026-01-27 16:00:00.103000+00:00
xyz:XYZ100,0.0000296504,0.0007744062,2026-01-27 17:00:00.024000+00:00
xyz:XYZ100,0.0000182162,0.0005914593,2026-01-27 18:00:00.011000+00:00
xyz:XYZ100,0.0000110635,0.0004770158,2026-01-27 19:00:00.027000+00:00
xyz:XYZ100,0.0000163537,0.0005616585,2026-01-27 20:00:00.082000+00:00
xyz:XYZ100,0.0000193858,0.0006101735,2026-01-27 21:00:00.015000+00:00
xyz:XYZ100,0.0000149621,0.0005393936,2026-01-27 22:00:00.042000+00:00
xyz:XYZ100,0.0000062500,0.0002685013,2026-01-27 23:00:00.015000+00:00
xyz:XYZ100,0.0000192155,0.0006074484,2026-01-28 00:00:00.090000+00:00
xyz:XYZ100,0.0000109168,0.0004746683,2026-01-28 01:00:00.024000+00:00
xyz:XYZ100,0.0000147717,0.0005363466,2026-01-28 02:00:00.053000+00:00
xyz:XYZ100,0.0000109557,0.0004752913,2026-01-28 03:00:00.047000+00:00
xyz:XYZ100,0.0000121072,0.0004937159,2026-01-28 04:00:00.114000+00:00
xyz:XYZ100,0.0000079487,0.0004271794,2026-01-28 05:00:00.046000+00:00
xyz:XYZ100,0.0000138240,0.0005211843,2026-01-28 06:00:00.127000+00:00
xyz:XYZ100,0.0000154733,0.0005475724,2026-01-28 07:00:00.070000+00:00
xyz:XYZ100,0.0000144158,0.0005306532,2026-01-28 08:00:00.044000+00:00
xyz:XYZ100,0.0000259901,0.0007158418,2026-01-28 09:00:00.042000+00:00
xyz:XYZ100,0.0000227343,0.0006637481,2026-01-28 10:00:00.038000+00:00
xyz:XYZ100,0.0000204144,0.0006266309,2026-01-28 11:00:00.016000+00:00
xyz:XYZ100,0.0000210740,0.0006371835,2026-01-28 12:00:00.051000+00:00
xyz:XYZ100,0.0000244575,0.0006913207,2026-01-28 13:00:00.094000+00:00
xyz:XYZ100,0.0000234314,0.0006749029,2026-01-28 14:00:00.054000+00:00
xyz:XYZ100,0.0000275541,0.0007408659,2026-01-28 15:00:00.003000+00:00
xyz:XYZ100,0.0000254706,0.0007075288,2026-01-28 16:00:00.022000+00:00
xyz:XYZ100,0.0000321258,0.0008140121,2026-01-28 17:00:00.048000+00:00
xyz:XYZ100,0.0000373067,0.0008969073,2026-01-28 18:00:00.020000+00:00
xyz:XYZ100,0.0000390198,0.0009243171,2026-01-28 19:00:00.072000+00:00
xyz:XYZ100,0.0000345728,0.0008531654,2026-01-28 20:00:00.063000+00:00
xyz:XYZ100,0.0000295471,0.0007727539,2026-01-28 21:00:00.108000+00:00
xyz:XYZ100,0.0000264514,0.0007232224,2026-01-28 22:00:00.010000+00:00
xyz:XYZ100,0.0000062500,0.0000295523,2026-01-28 23:00:00.022000+00:00
xyz:XYZ100,0.0000307164,0.0007914620,2026-01-29 00:00:00.027000+00:00
xyz:XYZ100,0.0000314473,0.0008031570,2026-01-29 01:00:00.021000+00:00
xyz:XYZ100,0.0000247375,0.0006957997,2026-01-29 02:00:00.049000+00:00
xyz:XYZ100,0.0000208689,0.0006339020,2026-01-29 03:00:00.013000+00:00
xyz:XYZ100,0.0000233828,0.0006741249,2026-01-29 04:00:00.038000+00:00
xyz:XYZ100,0.0000236152,0.0006778429,2026-01-29 05:00:00.051000+00:00
xyz:XYZ100,0.0000299720,0.0007795526,2026-01-29 06:00:00.048000+00:00
xyz:XYZ100,0.0000308549,0.0007936785,2026-01-29 07:00:00.087000+00:00
xyz:XYZ100,0.0000356209,0.0008699347,2026-01-29 08:00:00.047000+00:00
xyz:XYZ100,0.0000320276,0.0008124416,2026-01-29 09:00:00.026000+00:00
xyz:XYZ100,0.0000273406,0.0007374496,2026-01-29 10:00:00.066000+00:00
xyz:XYZ100,0.0000281326,0.0007501221,2026-01-29 11:00:00.051000+00:00
xyz:XYZ100,0.0000185552,0.0005968837,2026-01-29 12:00:00+00:00
xyz:XYZ100,0.0000205873,0.0006293975,2026-01-29 13:00:00.120000+00:00
xyz:XYZ100,0.0000299220,0.0007787522,2026-01-29 14:00:00.011000+00:00
xyz:XYZ100,0.0000394380,0.0009310084,2026-01-29 15:00:00.016000+00:00
xyz:XYZ100,0.0000467271,0.0010476331,2026-01-29 16:00:00.059000+00:00
xyz:XYZ100,0.0000874644,0.0016994304,2026-01-29 17:00:00.082000+00:00
xyz:XYZ100,0.0000537874,0.0011605981,2026-01-29 18:00:00.099000+00:00
xyz:XYZ100,0.0000400704,0.0009411260,2026-01-29 19:00:00.054000+00:00
xyz:XYZ100,0.0000407939,0.0009527017,2026-01-29 20:00:00.035000+00:00
xyz:XYZ100,0.0000416078,0.0009657245,2026-01-29 21:00:00.049000+00:00
xyz:XYZ100,0.0000458287,0.0010332586,2026-01-29 22:00:00.059000+00:00
xyz:XYZ100,0.0000081654,0.0004306462,2026-01-29 23:00:00.037000+00:00
xyz:XYZ100,0.0000311818,0.0007989081,2026-01-30 00:00:00.022000+00:00
xyz:XYZ100,0.0000349062,0.0008584991,2026-01-30 01:00:00.010000+00:00
xyz:XYZ100,0.0000296572,0.0007745150,2026-01-30 02:00:00.075000+00:00
xyz:XYZ100,0.0000282876,0.0007526018,2026-01-30 03:00:00.038000+00:00
xyz:XYZ100,0.0000222849,0.0006565590,2026-01-30 04:00:00.028000+00:00
xyz:XYZ100,0.0000291645,0.0007666326,2026-01-30 05:00:00.053000+00:00
xyz:XYZ100,0.0000315881,0.0008054090,2026-01-30 06:00:00.084000+00:00
xyz:XYZ100,0.0000288130,0.0007610088,2026-01-30 07:00:00.117000+00:00
xyz:XYZ100,0.0000270278,0.0007324446,2026-01-30 08:00:00.018000+00:00
xyz:XYZ100,0.0000276337,0.0007421395,2026-01-30 09:00:00.103000+00:00
xyz:XYZ100,0.0000289981,0.0007639697,2026-01-30 10:00:00.049000+00:00
xyz:XYZ100,0.0000146435,0.0005342965,2026-01-30 11:00:00.108000+00:00
xyz:XYZ100,0.0000142673,0.0005282761,2026-01-30 12:00:00.036000+00:00
xyz:XYZ100,0.0000078510,0.0004256155,2026-01-30 13:00:00.025000+00:00
xyz:XYZ100,0.0000094801,0.0004516819,2026-01-30 14:00:00.033000+00:00
xyz:XYZ100,0.0000084353,0.0004349650,2026-01-30 15:00:00.008000+00:00
xyz:XYZ100,0.0000338088,0.0008409404,2026-01-30 16:00:00.054000+00:00
xyz:XYZ100,0.0000096928,0.0004550850,2026-01-30 17:00:00.105000+00:00
xyz:XYZ100,0.0000062500,0.0003150667,2026-01-30 18:00:00.037000+00:00
xyz:XYZ100,0.0000241092,0.0006857472,2026-01-30 19:00:00.042000+00:00
xyz:XYZ100,0.0000602383,0.0012638129,2026-01-30 20:00:00.041000+00:00
xyz:XYZ100,0.0000240675,0.0006850796,2026-01-30 21:00:00.006000+00:00
xyz:XYZ100,0.0000131492,0.0005103864,2026-01-30 22:00:00.001000+00:00
xyz:XYZ100,0.0000133159,0.0005130543,2026-01-30 23:00:00.031000+00:00
xyz:XYZ100,0.0000062500,0.0003394677,2026-01-31 00:00:00.171000+00:00
xyz:XYZ100,0.0000062500,0.0001814085,2026-01-31 01:00:00.100000+00:00
xyz:XYZ100,0.0000062500,0.0000772016,2026-01-31 02:00:00.068000+00:00
xyz:XYZ100,0.0000062500,0.0000418910,2026-01-31 03:00:00.097000+00:00
xyz:XYZ100,0.0000062500,0.0003258590,2026-01-31 04:00:00.012000+00:00
xyz:XYZ100,0.0000062500,0.0002860730,2026-01-31 05:00:00.026000+00:00
xyz:XYZ100,-0.0000019436,-0.0003310975,2026-01-31 06:00:00.002000+00:00
xyz:XYZ100,0.0000062500,-0.0001640781,2026-01-31 07:00:00.010000+00:00
xyz:XYZ100,0.0000062500,0.0000354635,2026-01-31 08:00:00.049000+00:00
xyz:XYZ100,-0.0000243785,-0.0006900562,2026-01-31 09:00:00.076000+00:00
xyz:XYZ100,0.0000062500,-0.0001877034,2026-01-31 10:00:00.022000+00:00
xyz:XYZ100,0.0000062500,-0.0001596106,2026-01-31 11:00:00.050000+00:00
xyz:XYZ100,0.0000062500,-0.0001478923,2026-01-31 12:00:00.105000+00:00
xyz:XYZ100,0.0000062500,-0.0000684325,2026-01-31 13:00:00.035000+00:00
xyz:XYZ100,0.0000062500,-0.0000193521,2026-01-31 14:00:00.027000+00:00
xyz:XYZ100,-0.0000411456,-0.0009583301,2026-01-31 15:00:00.033000+00:00
xyz:XYZ100,-0.0000389715,-0.0009235441,2026-01-31 16:00:00.091000+00:00
xyz:XYZ100,-0.0000366856,-0.0008869699,2026-01-31 17:00:00.030000+00:00
xyz:XYZ100,-0.0000214780,-0.0006436486,2026-01-31 18:00:00.057000+00:00
xyz:XYZ100,-0.0001111342,-0.0020781465,2026-01-31 19:00:00.118000+00:00
xyz:XYZ100,-0.0000248680,-0.0006978881,2026-01-31 20:00:00.081000+00:00
xyz:XYZ100,0.0000030366,-0.0002514138,2026-01-31 21:00:00.058000+00:00
xyz:XYZ100,0.0000005778,-0.0002907545,2026-01-31 22:00:00.056000+00:00
xyz:XYZ100,-0.0000263023,-0.0007208361,2026-01-31 23:00:00.088000+00:00
xyz:XYZ100,-0.0000044903,-0.0003718452,2026-02-01 00:00:00.016000+00:00
xyz:XYZ100,0.0000431405,0.0009902477,2026-02-01 01:00:00.017000+00:00
xyz:XYZ100,-0.0000328041,-0.0008248655,2026-02-01 02:00:00.052000+00:00
xyz:XYZ100,-0.0000564200,-0.0012027196,2026-02-01 03:00:00.047000+00:00
xyz:XYZ100,0.0000115323,0.0004845173,2026-02-01 04:00:00.091000+00:00
xyz:XYZ100,0.0000135352,0.0005165635,2026-02-01 05:00:00.008000+00:00
xyz:XYZ100,0.0000062500,0.0001582891,2026-02-01 06:00:00.029000+00:00
xyz:XYZ100,-0.0000469002,-0.0010504033,2026-02-01 07:00:00.060000+00:00
xyz:XYZ100,-0.0000324484,-0.0008191743,2026-02-01 08:00:00.056000+00:00
xyz:XYZ100,-0.0000728092,-0.0014649480,2026-02-01 09:00:00+00:00
xyz:XYZ100,0.0000062500,0.0003130566,2026-02-01 10:00:00.092000+00:00
xyz:XYZ100,0.0000062500,0.0003426926,2026-02-01 11:00:00.017000+00:00
xyz:XYZ100,0.0000387777,0.0009204436,2026-02-01 12:00:00.097000+00:00
xyz:XYZ100,0.0000221790,0.0006548638,2026-02-01 13:00:00.026000+00:00
xyz:XYZ100,0.0000029223,-0.0002532437,2026-02-01 14:00:00.096000+00:00
xyz:XYZ100,-0.0000272583,-0.0007361334,2026-02-01 15:00:00.019000+00:00
xyz:XYZ100,0.0000062500,0.0003274502,2026-02-01 16:00:00.034000+00:00
xyz:XYZ100,-0.0000353144,-0.0008650304,2026-02-01 17:00:00.041000+00:00
xyz:XYZ100,0.0000062500,-0.0001146134,2026-02-01 18:00:00.062000+00:00
xyz:XYZ100,0.0000062500,-0.0001362513,2026-02-01 19:00:00.042000+00:00
xyz:XYZ100,0.0000062500,0.0000386305,2026-02-01 20:00:00.067000+00:00
xyz:XYZ100,0.0000062500,-0.0001999496,2026-02-01 21:00:00.104000+00:00
xyz:XYZ100,0.0000019873,-0.0002682031,2026-02-01 22:00:00.015000+00:00
xyz:XYZ100,0.0000062500,0.0000754456,2026-02-01 23:00:00.006000+00:00
xyz:XYZ100,-0.0000251439,-0.0007023026,2026-02-02 00:00:00.059000+00:00
xyz:XYZ100,0.0000046319,-0.0002258900,2026-02-02 01:00:00.038000+00:00
xyz:XYZ100,0.0000062500,-0.0001464188,2026-02-02 02:00:00.017000+00:00
xyz:XYZ100,0.0000062500,0.0002505624,2026-02-02 03:00:00.062000+00:00
xyz:XYZ100,0.0000369521,0.0008912341,2026-02-02 04:00:00.064000+00:00
xyz:XYZ100,0.0000159128,0.0005546053,2026-02-02 05:00:00.106000+00:00
xyz:XYZ100,0.0000062500,0.0003907995,2026-02-02 06:00:00.074000+00:00
xyz:XYZ100,0.0000069266,0.0004108262,2026-02-02 07:00:00.020000+00:00
xyz:XYZ100,0.0000138926,0.0005222821,2026-02-02 08:00:00.007000+00:00
xyz:XYZ100,0.0000062500,0.0003809837,2026-02-02 09:00:00.043000+00:00
xyz:XYZ100,0.0000285880,0.0007574082,2026-02-02 10:00:00.084000+00:00
xyz:XYZ100,0.0000118068,0.0004889094,2026-02-02 11:00:00.047000+00:00
xyz:XYZ100,0.0000062500,0.0002586708,2026-02-02 12:00:00.061000+00:00
xyz:XYZ100,0.0000062500,0.0003941925,2026-02-02 13:00:00.088000+00:00
xyz:XYZ100,0.0000179524,0.0005872392,2026-02-02 14:00:00.065000+00:00
xyz:XYZ100,0.0000182062,0.0005912996,2026-02-02 15:00:00.070000+00:00
xyz:XYZ100,0.0000062500,0.0000640944,2026-02-02 16:00:00.041000+00:00
xyz:XYZ100,0.0000062500,-0.0001916026,2026-02-02 17:00:00.065000+00:00
xyz:XYZ100,0.0000062500,-0.0000941360,2026-02-02 18:00:00.066000+00:00
xyz:XYZ100,0.0000062500,-0.0000993120,2026-02-02 19:00:00.004000+00:00
xyz:XYZ100,0.0000062500,0.0002830282,2026-02-02 20:00:00.023000+00:00
xyz:XYZ100,0.0000171150,0.0005738398,2026-02-02 21:00:00.014000+00:00
xyz:XYZ100,0.0000345665,0.0008530639,2026-02-02 22:00:00.099000+00:00
xyz:XYZ100,0.0001161962,0.0021591396,2026-02-02 23:00:00.055000+00:00
xyz:XYZ100,0.0000152426,0.0005438821,2026-02-03 00:00:00.013000+00:00
xyz:XYZ100,0.0000062500,0.0003823460,2026-02-03 01:00:00.015000+00:00
xyz:XYZ100,0.0000062500,0.0002323645,2026-02-03 02:00:00.012000+00:00
xyz:XYZ100,0.0000062500,0.0001375670,2026-02-03 03:00:00.032000+00:00
xyz:XYZ100,0.0000062500,0.0001084964,2026-02-03 04:00:00.038000+00:00
xyz:XYZ100,0.0000062500,0.0000900761,2026-02-03 05:00:00.029000+00:00
xyz:XYZ100,0.0000062500,0.0001597343,2026-02-03 06:00:00+00:00
xyz:XYZ100,0.0000062500,0.0002030189,2026-02-03 07:00:00.068000+00:00
xyz:XYZ100,0.0000062500,0.0002279177,2026-02-03 08:00:00.057000+00:00
xyz:XYZ100,0.0000062500,0.0001660382,2026-02-03 09:00:00.079000+00:00
xyz:XYZ100,0.0000062500,0.0000469057,2026-02-03 10:00:00.022000+00:00
xyz:XYZ100,0.0000092427,0.0004478828,2026-02-03 11:00:00.065000+00:00
xyz:XYZ100,0.0000068137,0.0004090190,2026-02-03 12:00:00.118000+00:00
xyz:XYZ100,0.0000062500,0.0002425049,2026-02-03 13:00:00.065000+00:00
xyz:XYZ100,0.0000062500,0.0001767341,2026-02-03 14:00:00.040000+00:00
xyz:XYZ100,0.0000062500,0.0003366322,2026-02-03 15:00:00.025000+00:00
xyz:XYZ100,0.0000225818,0.0006613093,2026-02-03 16:00:00.059000+00:00
xyz:XYZ100,0.0000080959,0.0004295345,2026-02-03 17:00:00.001000+00:00
xyz:XYZ100,0.0000235813,0.0006773010,2026-02-03 18:00:00.015000+00:00
xyz:XYZ100,0.0000184944,0.0005959100,2026-02-03 19:00:00.059000+00:00
xyz:XYZ100,0.0000187151,0.0005994411,2026-02-03 20:00:00.049000+00:00
xyz:XYZ100,0.0000183445,0.0005935117,2026-02-03 21:00:00.031000+00:00
xyz:XYZ100,0.0000182186,0.0005914971,2026-02-03 22:00:00.004000+00:00
xyz:XYZ100,0.0000062500,0.0001635998,2026-02-03 23:00:00.056000+00:00
xyz:XYZ100,0.0000182407,0.0005918518,2026-02-04 00:00:00.018000+00:00
xyz:XYZ100,0.0000202013,0.0006232211,2026-02-04 01:00:00.045000+00:00
xyz:XYZ100,0.0000171381,0.0005742091,2026-02-04 02:00:00.022000+00:00
xyz:XYZ100,0.0000169765,0.0005716233,2026-02-04 03:00:00.032000+00:00
xyz:XYZ100,0.0000062500,-0.0001385647,2026-02-04 04:00:00.004000+00:00
xyz:XYZ100,-0.0000168825,-0.0005701195,2026-02-04 05:00:00.055000+00:00
xyz:XYZ100,-0.0000237131,-0.0006794096,2026-02-04 06:00:00.042000+00:00
xyz:XYZ100,0.0000047691,-0.0002236950,2026-02-04 07:00:00.016000+00:00
xyz:XYZ100,0.0000062500,0.0000833173,2026-02-04 08:00:00.027000+00:00
xyz:XYZ100,0.0000062500,-0.0000151062,2026-02-04 09:00:00.003000+00:00
xyz:XYZ100,0.0000062500,-0.0000394896,2026-02-04 10:00:00.081000+00:00
xyz:XYZ100,0.0000062500,-0.0000844586,2026-02-04 11:00:00.016000+00:00
xyz:XYZ100,0.0000062500,-0.0001199803,2026-02-04 12:00:00.120000+00:00
xyz:XYZ100,0.0000062500,0.0001288207,2026-02-04 13:00:00.025000+00:00
xyz:XYZ100,0.0000062500,-0.0001008195,2026-02-04 14:00:00.004000+00:00
xyz:XYZ100,0.0000062500,-0.0000861183,2026-02-04 15:00:00.071000+00:00
xyz:XYZ100,0.0000062500,0.0000897269,2026-02-04 16:00:00.007000+00:00
xyz:XYZ100,0.0000062500,-0.0001791923,2026-02-04 17:00:00.105000+00:00
xyz:XYZ100,0.0000024252,-0.0002611973,2026-02-04 18:00:00.058000+00:00
xyz:XYZ100,0.0000004478,-0.0002928345,2026-02-04 19:00:00.028000+00:00
xyz:XYZ100,0.0000062500,0.0000604146,2026-02-04 20:00:00.001000+00:00
xyz:XYZ100,0.0000040494,-0.0002352102,2026-02-04 21:00:00.072000+00:00
xyz:XYZ100,0.0000056091,-0.0002102551,2026-02-04 22:00:00.051000+00:00
xyz:XYZ100,0.0000062500,0.0003264771,2026-02-04 23:00:00.022000+00:00
xyz:XYZ100,0.0000062500,0.0001939924,2026-02-05 00:00:00.003000+00:00
xyz:XYZ100,0.0000062500,0.0001097195,2026-02-05 01:00:00.010000+00:00
xyz:XYZ100,0.0000062500,0.0000883438,2026-02-05 02:00:00.097000+00:00
xyz:XYZ100,0.0000062500,-0.0000239698,2026-02-05 03:00:00.011000+00:00
xyz:XYZ100,0.0000062500,-0.0000265988,2026-02-05 04:00:00.032000+00:00
xyz:XYZ100,0.0000011140,-0.0002821765,2026-02-05 05:00:00.057000+00:00
xyz:XYZ100,-0.0000152878,-0.0005446051,2026-02-05 06:00:00.038000+00:00
xyz:XYZ100,-0.0000141634,-0.0005266144,2026-02-05 07:00:00.008000+00:00
xyz:XYZ100,0.0000062500,0.0000598650,2026-02-05 08:00:00.038000+00:00
xyz:XYZ100,0.0000062500,-0.0001287489,2026-02-05 09:00:00.023000+00:00
xyz:XYZ100,0.0000062500,-0.0000220216,2026-02-05 10:00:00.022000+00:00
xyz:XYZ100,0.0000062500,-0.0000700185,2026-02-05 11:00:00.046000+00:00
xyz:XYZ100,0.0000062500,0.0001468007,2026-02-05 12:00:00.036000+00:00
xyz:XYZ100,0.0000041828,-0.0002330752,2026-02-05 13:00:00.013000+00:00
xyz:XYZ100,-0.0000032182,-0.0003514907,2026-02-05 14:00:00.012000+00:00
xyz:XYZ100,-0.0000016934,-0.0003270949,2026-02-05 15:00:00.079000+00:00
xyz:XYZ100,0.0000026054,-0.0002583136,2026-02-05 16:00:00.065000+00:00
xyz:XYZ100,0.0000062500,-0.0001670425,2026-02-05 17:00:00.004000+00:00
xyz:XYZ100,0.0000057964,-0.0002072572,2026-02-05 18:00:00.104000+00:00
xyz:XYZ100,0.0000062228,-0.0002004347,2026-02-05 19:00:00.030000+00:00
xyz:XYZ100,0.0000032813,-0.0002474986,2026-02-05 20:00:00.057000+00:00
xyz:XYZ100,0.0000024748,-0.0002604027,2026-02-05 21:00:00.013000+00:00
xyz:XYZ100,0.0000000869,-0.0002986102,2026-02-05 22:00:00.040000+00:00
xyz:XYZ100,-0.0000354253,-0.0008668048,2026-02-05 23:00:00.019000+00:00
xyz:XYZ100,0.0000062500,-0.0001479488,2026-02-06 00:00:00.083000+00:00
xyz:XYZ100,0.0000062500,-0.0001518671,2026-02-06 01:00:00.049000+00:00
xyz:XYZ100,0.0000062500,-0.0001433260,2026-02-06 02:00:00.026000+00:00
xyz:XYZ100,0.0000062500,-0.0000378546,2026-02-06 03:00:00.050000+00:00
xyz:XYZ100,0.0000062500,-0.0000801833,2026-02-06 04:00:00.075000+00:00
xyz:XYZ100,-0.0000151968,-0.0005431489,2026-02-06 05:00:00.102000+00:00
xyz:XYZ100,-0.0000088439,-0.0004415027,2026-02-06 06:00:00.022000+00:00
xyz:XYZ100,0.0000062500,-0.0001319106,2026-02-06 07:00:00.074000+00:00
xyz:XYZ100,-0.0000005726,-0.0003091620,2026-02-06 08:00:00.037000+00:00
xyz:XYZ100,0.0000003721,-0.0002940459,2026-02-06 09:00:00.042000+00:00
xyz:XYZ100,0.0000062500,-0.0000560788,2026-02-06 10:00:00.053000+00:00
xyz:XYZ100,0.0000062500,0.0000150798,2026-02-06 11:00:00.032000+00:00
xyz:XYZ100,0.0000062500,-0.0000762339,2026-02-06 12:00:00.009000+00:00
xyz:XYZ100,0.0000062500,0.0000246447,2026-02-06 13:00:00.032000+00:00
xyz:XYZ100,0.0000062500,-0.0000193193,2026-02-06 14:00:00.024000+00:00
xyz:XYZ100,0.0000062500,-0.0000279343,2026-02-06 15:00:00.089000+00:00
xyz:XYZ100,0.0000062500,-0.0001362448,2026-02-06 16:00:00.036000+00:00
xyz:XYZ100,0.0000062500,0.0000226844,2026-02-06 17:00:00.030000+00:00
xyz:XYZ100,0.0000062500,-0.0001706766,2026-02-06 18:00:00.086000+00:00
xyz:XYZ100,0.0000050309,-0.0002195064,2026-02-06 19:00:00.056000+00:00
xyz:XYZ100,0.0000060996,-0.0002024058,2026-02-06 20:00:00.016000+00:00
xyz:XYZ100,0.0000034663,-0.0002445394,2026-02-06 21:00:00.031000+00:00
xyz:XYZ100,0.0000062500,0.0000288670,2026-02-06 22:00:00.032000+00:00
xyz:XYZ100,0.0000062500,0.0002039772,2026-02-06 23:00:00.049000+00:00
xyz:XYZ100,0.0000062500,0.0002326917,2026-02-07 00:00:00.064000+00:00
xyz:XYZ100,0.0000062500,0.0000221454,2026-02-07 01:00:00.036000+00:00
xyz:XYZ100,0.0000029650,-0.0002525592,2026-02-07 02:00:00.026000+00:00
xyz:XYZ100,0.0000062500,-0.0000701775,2026-02-07 03:00:00.021000+00:00
xyz:XYZ100,0.0000062500,0.0000677082,2026-02-07 04:00:00.104000+00:00
xyz:XYZ100,0.0000166183,0.0005658922,2026-02-07 05:00:00.063000+00:00
xyz:XYZ100,0.0000062500,-0.0000308680,2026-02-07 06:00:00.036000+00:00
xyz:XYZ100,0.0000062500,-0.0001801264,2026-02-07 07:00:00.008000+00:00
xyz:XYZ100,-0.0000168350,-0.0005693600,2026-02-07 08:00:00.048000+00:00
xyz:XYZ100,-0.0000340548,-0.0008448768,2026-02-07 09:00:00.081000+00:00
xyz:XYZ100,-0.0000054650,-0.0003874406,2026-02-07 10:00:00.020000+00:00
xyz:XYZ100,-0.0000065157,-0.0004042507,2026-02-07 11:00:00.008000+00:00
xyz:XYZ100,0.0000014147,-0.0002773651,2026-02-07 12:00:00.031000+00:00
xyz:XYZ100,0.0000062500,-0.0000568180,2026-02-07 13:00:00.040000+00:00
xyz:XYZ100,0.0000062500,0.0003169892,2026-02-07 14:00:00.008000+00:00
xyz:XYZ100,0.0000335840,0.0008373444,2026-02-07 15:00:00.093000+00:00
xyz:XYZ100,0.0000673274,0.0013772384,2026-02-07 16:00:00.146000+00:00
xyz:XYZ100,0.0000169862,0.0005717788,2026-02-07 17:00:00.055000+00:00
xyz:XYZ100,0.0000792157,0.0015674514,2026-02-07 18:00:00.022000+00:00
xyz:XYZ100,0.0000255499,0.0007087977,2026-02-07 19:00:00.071000+00:00
xyz:XYZ100,0.0000137687,0.0005202985,2026-02-07 20:00:00.020000+00:00
xyz:XYZ100,0.0000062500,0.0002333100,2026-02-07 21:00:00.089000+00:00
xyz:XYZ100,0.0000058270,-0.0002067673,2026-02-07 22:00:00.055000+00:00
xyz:XYZ100,0.0000038004,-0.0002391930,2026-02-07 23:00:00.038000+00:00
xyz:XYZ100,0.0000062500,-0.0001400903,2026-02-08 00:00:00.042000+00:00
xyz:XYZ100,0.0000062500,0.0000218835,2026-02-08 01:00:00.003000+00:00
xyz:XYZ100,0.0000062500,0.0001709955,2026-02-08 02:00:00.074000+00:00
xyz:XYZ100,0.0000062500,-0.0000253100,2026-02-08 03:00:00.113000+00:00
xyz:XYZ100,0.0000062500,-0.0000803656,2026-02-08 04:00:00.069000+00:00
xyz:XYZ100,-0.0000075044,-0.0004200696,2026-02-08 05:00:00.059000+00:00
xyz:XYZ100,0.0000062500,-0.0000316736,2026-02-08 06:00:00.031000+00:00
xyz:XYZ100,0.0000062500,0.0000357976,2026-02-08 07:00:00.038000+00:00
xyz:XYZ100,0.0000153796,0.0005460735,2026-02-08 08:00:00.113000+00:00
xyz:XYZ100,0.0000062500,0.0003296435,2026-02-08 09:00:00.040000+00:00
xyz:XYZ100,0.0000062500,0.0001536284,2026-02-08 10:00:00.031000+00:00
xyz:XYZ100,0.0000062500,-0.0001101999,2026-02-08 11:00:00.068000+00:00
xyz:XYZ100,0.0000103204,0.0004651270,2026-02-08 12:00:00.077000+00:00
xyz:XYZ100,0.0000236045,0.0006776716,2026-02-08 13:00:00.011000+00:00
xyz:XYZ100,0.0000294571,0.0007713142,2026-02-08 14:00:00.051000+00:00
xyz:XYZ100,0.0000062500,0.0000347496,2026-02-08 15:00:00.041000+00:00
xyz:XYZ100,-0.0000171218,-0.0005739483,2026-02-08 16:00:00.023000+00:00
xyz:XYZ100,-0.0000063736,-0.0004019784,2026-02-08 17:00:00.043000+00:00
xyz:XYZ100,0.0000062500,-0.0001769943,2026-02-08 18:00:00.023000+00:00
xyz:XYZ100,0.0000062500,-0.0001377365,2026-02-08 19:00:00.070000+00:00
xyz:XYZ100,-0.0000175752,-0.0005812026,2026-02-08 20:00:00.046000+00:00
xyz:XYZ100,-0.0000431091,-0.0009897448,2026-02-08 21:00:00.059000+00:00
xyz:XYZ100,-0.0000467840,-0.0010485435,2026-02-08 22:00:00.049000+00:00
xyz:XYZ100,0.0000062500,-0.0000134619,2026-02-08 23:00:00.015000+00:00
xyz:XYZ100,0.0000062500,-0.0000377324,2026-02-09 00:00:00.009000+00:00
xyz:XYZ100,0.0000062500,-0.0000322756,2026-02-09 01:00:00.034000+00:00
xyz:XYZ100,0.0000062500,-0.0001089639,2026-02-09 02:00:00.118000+00:00
xyz:XYZ100,0.0000060271,-0.0002035669,2026-02-09 03:00:00.004000+00:00
xyz:XYZ100,0.0000062500,-0.0001156328,2026-02-09 04:00:00.091000+00:00
xyz:XYZ100,0.0000062500,-0.0000122348,2026-02-09 05:00:00.037000+00:00
xyz:XYZ100,0.0000062500,-0.0000214624,2026-02-09 06:00:00.020000+00:00
xyz:XYZ100,0.0000062500,-0.0000318992,2026-02-09 07:00:00.026000+00:00
xyz:XYZ100,0.0000062500,0.0000282157,2026-02-09 08:00:00.013000+00:00
xyz:XYZ100,0.0000062500,-0.0001764313,2026-02-09 09:00:00.040000+00:00
xyz:XYZ100,0.0000062500,-0.0001329763,2026-02-09 10:00:00.131000+00:00
xyz:XYZ100,0.0000062500,-0.0000550606,2026-02-09 11:00:00.088000+00:00
xyz:XYZ100,0.0000062500,-0.0000094287,2026-02-09 12:00:00.030000+00:00
xyz:XYZ100,0.0000062500,0.0000189778,2026-02-09 13:00:00.020000+00:00
xyz:XYZ100,0.0000062500,-0.0000069355,2026-02-09 14:00:00.015000+00:00
xyz:XYZ100,0.0000062500,-0.0000585795,2026-02-09 15:00:00.011000+00:00
xyz:XYZ100,0.0000062500,-0.0000852339,2026-02-09 16:00:00.001000+00:00
xyz:XYZ100,0.0000062500,0.0001026220,2026-02-09 17:00:00.038000+00:00
xyz:XYZ100,0.0000031601,-0.0002494382,2026-02-09 18:00:00.060000+00:00
xyz:XYZ100,0.0000062500,-0.0001329734,2026-02-09 19:00:00.023000+00:00
xyz:XYZ100,0.0000062500,-0.0001740936,2026-02-09 20:00:00.059000+00:00
xyz:XYZ100,0.0000062500,-0.0000754931,2026-02-09 21:00:00.068000+00:00
xyz:XYZ100,0.0000062500,0.0000571974,2026-02-09 22:00:00.065000+00:00
xyz:XYZ100,-0.0000132022,-0.0005112352,2026-02-09 23:00:00.046000+00:00
xyz:XYZ100,0.0000062500,-0.0000716697,2026-02-10 00:00:00.013000+00:00
xyz:XYZ100,0.0000062500,0.0000895113,2026-02-10 01:00:00.012000+00:00
xyz:XYZ100,0.0000057389,-0.0002081778,2026-02-10 02:00:00.055000+00:00
xyz:XYZ100,0.0000062500,-0.0001485216,2026-02-10 03:00:00.057000+00:00
xyz:XYZ100,-0.0000002150,-0.0003034398,2026-02-10 04:00:00.071000+00:00
xyz:XYZ100,-0.0000200393,-0.0006206290,2026-02-10 05:00:00.024000+00:00
xyz:XYZ100,0.0000062500,-0.0001274279,2026-02-10 06:00:00.028000+00:00
xyz:XYZ100,0.0000062500,-0.0001277434,2026-02-10 07:00:00.090000+00:00
xyz:XYZ100,-0.0000008191,-0.0003131054,2026-02-10 08:00:00.018000+00:00
xyz:XYZ100,0.0000062500,-0.0001498151,2026-02-10 09:00:00.041000+00:00
xyz:XYZ100,0.0000008882,-0.0002857889,2026-02-10 10:00:00.028000+00:00
xyz:XYZ100,0.0000062500,-0.0001897061,2026-02-10 11:00:00.100000+00:00
xyz:XYZ100,0.0000062500,0.0000059377,2026-02-10 12:00:00.032000+00:00
xyz:XYZ100,0.0000062500,0.0003002257,2026-02-10 13:00:00.106000+00:00
xyz:XYZ100,0.0000062500,0.0003165188,2026-02-10 14:00:00.038000+00:00
xyz:XYZ100,0.0000062500,0.0002188004,2026-02-10 15:00:00.006000+00:00
xyz:XYZ100,0.0000062500,0.0002085663,2026-02-10 16:00:00.009000+00:00
xyz:XYZ100,0.0000091330,0.0004461275,2026-02-10 17:00:00.070000+00:00
xyz:XYZ100,0.0000062500,0.0002086041,2026-02-10 18:00:00.065000+00:00
xyz:XYZ100,0.0000062500,0.0002940264,2026-02-10 19:00:00.015000+00:00
xyz:XYZ100,0.0000062500,0.0001705506,2026-02-10 20:00:00.053000+00:00
xyz:XYZ100,0.0000062500,0.0001917790,2026-02-10 21:00:00.100000+00:00
xyz:XYZ100,0.0000062500,0.0001756043,2026-02-10 22:00:00.070000+00:00
xyz:XYZ100,-0.0000194971,-0.0006119539,2026-02-10 23:00:00.016000+00:00
xyz:XYZ100,0.0000062500,0.0001175518,2026-02-11 00:00:00.036000+00:00
xyz:XYZ100,0.0000062500,0.0001442655,2026-02-11 01:00:00.007000+00:00
xyz:XYZ100,0.0000062500,0.0002537252,2026-02-11 02:00:00.051000+00:00
xyz:XYZ100,0.0000062500,0.0001978357,2026-02-11 03:00:00.098000+00:00
xyz:XYZ100,0.0000062500,0.0002439623,2026-02-11 04:00:00.071000+00:00
xyz:XYZ100,0.0000062500,0.0002950669,2026-02-11 05:00:00.030000+00:00
xyz:XYZ100,0.0000062500,0.0000692669,2026-02-11 06:00:00.005000+00:00
xyz:XYZ100,0.0000062500,0.0000955396,2026-02-11 07:00:00.062000+00:00
xyz:XYZ100,0.0000062500,0.0001742756,2026-02-11 08:00:00.095000+00:00
xyz:XYZ100,0.0000062500,0.0001376714,2026-02-11 09:00:00.114000+00:00
xyz:XYZ100,0.0000062500,0.0002188728,2026-02-11 10:00:00.048000+00:00
xyz:XYZ100,0.0000062500,0.0002509045,2026-02-11 11:00:00.086000+00:00
xyz:XYZ100,0.0000062500,0.0002273263,2026-02-11 12:00:00.022000+00:00
xyz:XYZ100,0.0000062500,0.0001151931,2026-02-11 13:00:00.055000+00:00
xyz:XYZ100,0.0000062500,0.0002482448,2026-02-11 14:00:00.087000+00:00
xyz:XYZ100,0.0000062500,0.0003968174,2026-02-11 15:00:00.012000+00:00
xyz:XYZ100,0.0000062500,0.0002414592,2026-02-11 16:00:00.074000+00:00
xyz:XYZ100,0.0000062500,0.0003235759,2026-02-11 17:00:00.077000+00:00
xyz:XYZ100,0.0000062500,0.0002800447,2026-02-11 18:00:00.062000+00:00
xyz:XYZ100,0.0000062500,0.0002798973,2026-02-11 19:00:00.045000+00:00
xyz:XYZ100,0.0000062500,0.0001089521,2026-02-11 20:00:00.051000+00:00
xyz:XYZ100,0.0000062500,0.0001434485,2026-02-11 21:00:00.053000+00:00
xyz:XYZ100,0.0000062500,0.0001972350,2026-02-11 22:00:00.067000+00:00
xyz:XYZ100,0.0000062500,-0.0000603150,2026-02-11 23:00:00.087000+00:00
xyz:XYZ100,0.0000062500,0.0002037135,2026-02-12 00:00:00.006000+00:00
xyz:XYZ100,0.0000062500,0.0002918900,2026-02-12 01:00:00.034000+00:00
xyz:XYZ100,0.0000062500,0.0002053691,2026-02-12 02:00:00.037000+00:00
xyz:XYZ100,0.0000062500,0.0000701626,2026-02-12 03:00:00.057000+00:00
xyz:XYZ100,0.0000062500,-0.0000334726,2026-02-12 04:00:00.004000+00:00
xyz:XYZ100,0.0000062500,0.0000635283,2026-02-12 05:00:00.075000+00:00
xyz:XYZ100,0.0000062500,0.0001757269,2026-02-12 06:00:00.077000+00:00
xyz:XYZ100,0.0000062500,-0.0000279256,2026-02-12 07:00:00.029000+00:00
xyz:XYZ100,0.0000062500,-0.0001265221,2026-02-12 08:00:00.036000+00:00
xyz:XYZ100,0.0000062500,0.0002147881,2026-02-12 09:00:00.054000+00:00
xyz:XYZ100,0.0000062500,0.0002589557,2026-02-12 10:00:00.022000+00:00
xyz:XYZ100,0.0000062500,0.0001612700,2026-02-12 11:00:00.008000+00:00
xyz:XYZ100,0.0000062500,0.0001066265,2026-02-12 12:00:00.064000+00:00
xyz:XYZ100,0.0000062500,0.0000497760,2026-02-12 13:00:00.056000+00:00
xyz:XYZ100,0.0000062500,0.0000873691,2026-02-12 14:00:00.023000+00:00
xyz:XYZ100,0.0000062500,0.0002436064,2026-02-12 15:00:00.004000+00:00
xyz:XYZ100,0.0000214522,0.0006432349,2026-02-12 16:00:00.043000+00:00
xyz:XYZ100,0.0000062500,0.0002063034,2026-02-12 17:00:00.026000+00:00
xyz:XYZ100,0.0000062500,0.0002334877,2026-02-12 18:00:00.015000+00:00
xyz:XYZ100,0.0000062500,0.0002168149,2026-02-12 19:00:00.053000+00:00
xyz:XYZ100,0.0000062500,0.0002256866,2026-02-12 20:00:00.037000+00:00
xyz:XYZ100,0.0000062500,0.0001363003,2026-02-12 21:00:00.043000+00:00
xyz:XYZ100,0.0000062500,0.0000648358,2026-02-12 22:00:00.010000+00:00
xyz:XYZ100,0.0000062500,0.0001925187,2026-02-12 23:00:00.072000+00:00
xyz:XYZ100,0.0000062500,0.0002314779,2026-02-13 00:00:00.092000+00:00
xyz:XYZ100,0.0000062500,0.0001391114,2026-02-13 01:00:00.083000+00:00
xyz:XYZ100,0.0000062500,0.0000758015,2026-02-13 02:00:00.050000+00:00
xyz:XYZ100,0.0000062500,0.0001946352,2026-02-13 03:00:00.009000+00:00
xyz:XYZ100,0.0000062500,0.0002568983,2026-02-13 04:00:00.087000+00:00
xyz:XYZ100,0.0000062500,0.0000462175,2026-02-13 05:00:00.083000+00:00
xyz:XYZ100,0.0000062500,0.0000377797,2026-02-13 06:00:00.070000+00:00
xyz:XYZ100,0.0000062500,-0.0000055618,2026-02-13 07:00:00.056000+00:00
xyz:XYZ100,0.0000062500,-0.0000777031,2026-02-13 08:00:00.018000+00:00
xyz:XYZ100,0.0000062500,-0.0000320838,2026-02-13 09:00:00.087000+00:00
xyz:XYZ100,0.0000062500,0.0000739518,2026-02-13 10:00:00.004000+00:00
xyz:XYZ100,0.0000062500,0.0000309774,2026-02-13 11:00:00.117000+00:00
xyz:XYZ100,0.0000062500,0.0000570090,2026-02-13 12:00:00.059000+00:00
xyz:XYZ100,0.0000062500,0.0000584217,2026-02-13 13:00:00.040000+00:00
xyz:XYZ100,0.0000062500,-0.0000903112,2026-02-13 14:00:00.092000+00:00
xyz:XYZ100,0.0000062500,0.0000261191,2026-02-13 15:00:00.081000+00:00
xyz:XYZ100,0.0000062500,-0.0000003954,2026-02-13 16:00:00.038000+00:00
xyz:XYZ100,0.0000062500,0.0000597406,2026-02-13 17:00:00.023000+00:00
xyz:XYZ100,0.0000062500,-0.0000927039,2026-02-13 18:00:00.120000+00:00
xyz:XYZ100,0.0000062500,-0.0000738382,2026-02-13 19:00:00.063000+00:00
xyz:XYZ100,0.0000062500,-0.0001428290,2026-02-13 20:00:00.048000+00:00
xyz:XYZ100,-0.0000011550,-0.0003184801,2026-02-13 21:00:00.056000+00:00
xyz:XYZ100,0.0000062500,-0.0001939172,2026-02-13 22:00:00.018000+00:00
xyz:XYZ100,0.0000062500,-0.0000894050,2026-02-13 23:00:00.072000+00:00
xyz:XYZ100,0.0000062500,0.0002575050,2026-02-14 00:00:00.041000+00:00
xyz:XYZ100,0.0000166564,0.0005665025,2026-02-14 01:00:00.085000+00:00
xyz:XYZ100,0.0000062500,0.0002566510,2026-02-14 02:00:00.103000+00:00
xyz:XYZ100,-0.0000139229,-0.0005227672,2026-02-14 03:00:00.007000+00:00
xyz:XYZ100,-0.0000100672,-0.0004610747,2026-02-14 04:00:00.098000+00:00
xyz:XYZ100,0.0000062500,-0.0001234232,2026-02-14 05:00:00.016000+00:00
xyz:XYZ100,0.0000062500,-0.0000462444,2026-02-14 06:00:00.103000+00:00
xyz:XYZ100,0.0000062500,-0.0000471338,2026-02-14 07:00:00.037000+00:00
xyz:XYZ100,0.0000062500,0.0000020531,2026-02-14 08:00:00.001000+00:00
xyz:XYZ100,0.0000062500,0.0002680852,2026-02-14 09:00:00.050000+00:00
xyz:XYZ100,0.0001106248,0.0020699967,2026-02-14 10:00:00.086000+00:00
xyz:XYZ100,0.0000580045,0.0012280727,2026-02-14 11:00:00.026000+00:00
xyz:XYZ100,0.0000259715,0.0007155436,2026-02-14 12:00:00.125000+00:00
xyz:XYZ100,0.0000062500,0.0000977455,2026-02-14 13:00:00.083000+00:00
xyz:XYZ100,0.0000062500,-0.0001319879,2026-02-14 14:00:00.055000+00:00
xyz:XYZ100,-0.0000088548,-0.0004416771,2026-02-14 15:00:00.081000+00:00
xyz:XYZ100,-0.0000053669,-0.0003858701,2026-02-14 16:00:00.035000+00:00
xyz:XYZ100,-0.0000105566,-0.0004689056,2026-02-14 17:00:00.075000+00:00
xyz:XYZ100,0.0000042720,-0.0002316478,2026-02-14 18:00:00.102000+00:00
xyz:XYZ100,0.0000062500,-0.0001977840,2026-02-14 19:00:00.005000+00:00
xyz:XYZ100,0.0000019981,-0.0002680310,2026-02-14 20:00:00.071000+00:00
xyz:XYZ100,0.0000062500,-0.0001317160,2026-02-14 21:00:00.056000+00:00
xyz:XYZ100,0.0000062500,-0.0000060138,2026-02-14 22:00:00.045000+00:00
xyz:XYZ100,0.0000062500,0.0002833730,2026-02-14 23:00:00.022000+00:00
xyz:XYZ100,0.0000062500,0.0001414064,2026-02-15 00:00:00.102000+00:00
xyz:XYZ100,0.0000062500,0.0000145247,2026-02-15 01:00:00.052000+00:00
xyz:XYZ100,0.0000062500,-0.0001350949,2026-02-15 02:00:00.088000+00:00
xyz:XYZ100,-0.0000574036,-0.0012184570,2026-02-15 03:00:00.093000+00:00
xyz:XYZ100,-0.0000644401,-0.0013310420,2026-02-15 04:00:00.058000+00:00
xyz:XYZ100,-0.0000759853,-0.0015157652,2026-02-15 05:00:00.004000+00:00
xyz:XYZ100,-0.0000335339,-0.0008365419,2026-02-15 06:00:00.027000+00:00
xyz:XYZ100,-0.0000128704,-0.0005059270,2026-02-15 07:00:00.020000+00:00
xyz:XYZ100,0.0000062500,0.0000487509,2026-02-15 08:00:00.027000+00:00
xyz:XYZ100,0.0000062500,0.0003392186,2026-02-15 09:00:00.043000+00:00
xyz:XYZ100,0.0000062500,0.0003152742,2026-02-15 10:00:00.001000+00:00
xyz:XYZ100,0.0000133193,0.0005131080,2026-02-15 11:00:00.015000+00:00
xyz:XYZ100,0.0000315241,0.0008043854,2026-02-15 12:00:00.014000+00:00
xyz:XYZ100,0.0000062500,0.0002280823,2026-02-15 13:00:00.012000+00:00
xyz:XYZ100,-0.0000283866,-0.0007541850,2026-02-15 14:00:00.023000+00:00
xyz:XYZ100,0.0000062500,0.0000923043,2026-02-15 15:00:00.014000+00:00
xyz:XYZ100,0.0000062500,0.0001714496,2026-02-15 16:00:00.083000+00:00
xyz:XYZ100,0.0000062500,0.0001735081,2026-02-15 17:00:00.027000+00:00
xyz:XYZ100,0.0000085929,0.0004374866,2026-02-15 18:00:00.006000+00:00
xyz:XYZ100,0.0000062500,-0.0000469606,2026-02-15 19:00:00.023000+00:00
xyz:XYZ100,0.0000062500,0.0000453415,2026-02-15 20:00:00.060000+00:00
xyz:XYZ100,0.0000115028,0.0004840452,2026-02-15 21:00:00.008000+00:00
xyz:XYZ100,0.0000571081,0.0012137300,2026-02-15 22:00:00.058000+00:00
xyz:XYZ100,0.0000121851,0.0004949609,2026-02-15 23:00:00.053000+00:00
xyz:XYZ100,-0.0000031660,-0.0003506558,2026-02-16 00:00:00.071000+00:00
xyz:XYZ100,-0.0000016220,-0.0003259520,2026-02-16 01:00:00.023000+00:00
xyz:XYZ100,-0.0000071115,-0.0004137845,2026-02-16 02:00:00.070000+00:00
xyz:XYZ100,-0.0000095157,-0.0004522517,2026-02-16 03:00:00.088000+00:00
xyz:XYZ100,-0.0000083391,-0.0004334250,2026-02-16 04:00:00.033000+00:00
xyz:XYZ100,-0.0000106014,-0.0004696230,2026-02-16 05:00:00.025000+00:00
xyz:XYZ100,-0.0000099007,-0.0004584110,2026-02-16 06:00:00.006000+00:00
xyz:XYZ100,0.0000054655,-0.0002125525,2026-02-16 07:00:00.043000+00:00
xyz:XYZ100,-0.0000063936,-0.0004022970,2026-02-16 08:00:00.025000+00:00
xyz:XYZ100,-0.0000108957,-0.0004743307,2026-02-16 09:00:00.002000+00:00
xyz:XYZ100,-0.0000129870,-0.0005077924,2026-02-16 10:00:00.026000+00:00
xyz:XYZ100,0.0000062500,-0.0001936078,2026-02-16 11:00:00+00:00
xyz:XYZ100,0.0000062500,-0.0001545660,2026-02-16 12:00:00.075000+00:00
xyz:XYZ100,0.0000040557,-0.0002351093,2026-02-16 13:00:00.013000+00:00
xyz:XYZ100,0.0000062500,-0.0001423102,2026-02-16 14:00:00.083000+00:00
xyz:XYZ100,0.0000062500,-0.0001285054,2026-02-16 15:00:00.037000+00:00
xyz:XYZ100,0.0000041588,-0.0002334594,2026-02-16 16:00:00.099000+00:00
xyz:XYZ100,0.0000056021,-0.0002103658,2026-02-16 17:00:00.019000+00:00
xyz:XYZ100,0.0000062500,-0.0000099859,2026-02-16 18:00:00.138000+00:00
xyz:XYZ100,-0.0000053617,-0.0003857875,2026-02-16 19:00:00.072000+00:00
xyz:XYZ100,-0.0000400975,-0.0009415595,2026-02-16 20:00:00.001000+00:00
xyz:XYZ100,-0.0000939207,-0.0018027317,2026-02-16 21:00:00.070000+00:00
xyz:XYZ100,0.0000176802,0.0005828834,2026-02-16 22:00:00.043000+00:00
xyz:XYZ100,0.0000762658,0.0015202520,2026-02-16 23:00:00.088000+00:00
xyz:XYZ100,0.0000062500,-0.0001182017,2026-02-17 00:00:00.063000+00:00
xyz:XYZ100,0.0000062500,-0.0000556900,2026-02-17 01:00:00.070000+00:00
xyz:XYZ100,0.0000062500,-0.0000352989,2026-02-17 02:00:00.032000+00:00
xyz:XYZ100,0.0000062500,-0.0000300162,2026-02-17 03:00:00.021000+00:00
xyz:XYZ100,0.0000062500,-0.0000632008,2026-02-17 04:00:00.061000+00:00
xyz:XYZ100,0.0000062500,-0.0001347039,2026-02-17 05:00:00.038000+00:00
xyz:XYZ100,-0.0000197585,-0.0006161357,2026-02-17 06:00:00.104000+00:00
xyz:XYZ100,-0.0000058709,-0.0003939348,2026-02-17 07:00:00.044000+00:00
xyz:XYZ100,-0.0000063199,-0.0004011192,2026-02-17 08:00:00.015000+00:00
xyz:XYZ100,-0.0000009495,-0.0003151923,2026-02-17 09:00:00.082000+00:00
xyz:XYZ100,0.0000010372,-0.0002834052,2026-02-17 10:00:00.097000+00:00
xyz:XYZ100,-0.0000007943,-0.0003127093,2026-02-17 11:00:00.042000+00:00
xyz:XYZ100,-0.0000045013,-0.0003720205,2026-02-17 12:00:00.044000+00:00
xyz:XYZ100,-0.0000034338,-0.0003549406,2026-02-17 13:00:00.044000+00:00
xyz:XYZ100,-0.0000026671,-0.0003426735,2026-02-17 14:00:00.063000+00:00
xyz:XYZ100,-0.0000083836,-0.0004341371,2026-02-17 15:00:00.062000+00:00
xyz:XYZ100,-0.0000186673,-0.0005986771,2026-02-17 16:00:00.071000+00:00
xyz:XYZ100,-0.0000100559,-0.0004608939,2026-02-17 17:00:00.038000+00:00
xyz:XYZ100,-0.0000146462,-0.0005343387,2026-02-17 18:00:00.030000+00:00
xyz:XYZ100,-0.0000099048,-0.0004584768,2026-02-17 19:00:00.003000+00:00
xyz:XYZ100,-0.0000070625,-0.0004130007,2026-02-17 20:00:00.062000+00:00
xyz:XYZ100,-0.0000076526,-0.0004224416,2026-02-17 21:00:00.058000+00:00
xyz:XYZ100,-0.0000241000,-0.0006856005,2026-02-17 22:00:00.051000+00:00
xyz:XYZ100,0.0000062500,-0.0000481973,2026-02-17 23:00:00.070000+00:00
xyz:XYZ100,-0.0000171346,-0.0005741532,2026-02-18 00:00:00.021000+00:00
xyz:XYZ100,-0.0000147681,-0.0005362888,2026-02-18 01:00:00.085000+00:00
xyz:XYZ100,-0.0000209060,-0.0006344953,2026-02-18 02:00:00.067000+00:00
xyz:XYZ100,-0.0000052430,-0.0003838881,2026-02-18 03:00:00.005000+00:00
xyz:XYZ100,0.0000015787,-0.0002747409,2026-02-18 04:00:00.016000+00:00
xyz:XYZ100,0.0000045742,-0.0002268125,2026-02-18 05:00:00.053000+00:00
xyz:XYZ100,-0.0000003822,-0.0003061157,2026-02-18 06:00:00.013000+00:00
xyz:XYZ100,-0.0000127678,-0.0005042855,2026-02-18 07:00:00.044000+00:00
xyz:XYZ100,-0.0000101931,-0.0004630895,2026-02-18 08:00:00.085000+00:00
xyz:XYZ100,-0.0000109916,-0.0004758656,2026-02-18 09:00:00.065000+00:00
xyz:XYZ100,-0.0000122366,-0.0004957852,2026-02-18 10:00:00.081000+00:00
xyz:XYZ100,-0.0000112189,-0.0004795029,2026-02-18 11:00:00.026000+00:00
xyz:XYZ100,-0.0000076231,-0.0004219703,2026-02-18 12:00:00.017000+00:00
xyz:XYZ100,-0.0000106876,-0.0004710017,2026-02-18 13:00:00.034000+00:00
xyz:XYZ100,-0.0000145430,-0.0005326876,2026-02-18 14:00:00.046000+00:00
xyz:XYZ100,-0.0000213596,-0.0006417528,2026-02-18 15:00:00.043000+00:00
xyz:XYZ100,-0.0000356636,-0.0008706183,2026-02-18 16:00:00.046000+00:00
xyz:XYZ100,-0.0000396087,-0.0009337399,2026-02-18 17:00:00.010000+00:00
xyz:XYZ100,-0.0000393425,-0.0009294808,2026-02-18 18:00:00.003000+00:00
xyz:XYZ100,-0.0000407022,-0.0009512357,2026-02-18 19:00:00.072000+00:00
xyz:XYZ100,-0.0000394992,-0.0009319866,2026-02-18 20:00:00.039000+00:00
xyz:XYZ100,-0.0000176153,-0.0005818455,2026-02-18 21:00:00.040000+00:00
xyz:XYZ100,-0.0000132141,-0.0005114260,2026-02-18 22:00:00.035000+00:00
xyz:XYZ100,-0.0000030394,-0.0003486303,2026-02-18 23:00:00.022000+00:00
xyz:XYZ100,-0.0000077528,-0.0004240449,2026-02-19 00:00:00.054000+00:00
xyz:XYZ100,-0.0000144033,-0.0005304535,2026-02-19 01:00:00.073000+00:00
xyz:XYZ100,-0.0000052652,-0.0003842435,2026-02-19 02:00:00.079000+00:00
xyz:XYZ100,0.0000011290,-0.0002819359,2026-02-19 03:00:00.021000+00:00
xyz:XYZ100,0.0000032104,-0.0002486340,2026-02-19 04:00:00.122000+00:00
xyz:XYZ100,0.0000002548,-0.0002959236,2026-02-19 05:00:00.058000+00:00
xyz:XYZ100,-0.0000068219,-0.0004091497,2026-02-19 06:00:00.072000+00:00
xyz:XYZ100,0.0000042533,-0.0002319470,2026-02-19 07:00:00.126000+00:00
xyz:XYZ100,0.0000058355,-0.0002066319,2026-02-19 08:00:00.040000+00:00
xyz:XYZ100,0.0000028312,-0.0002547001,2026-02-19 09:00:00.019000+00:00
xyz:XYZ100,0.0000031921,-0.0002489258,2026-02-19 10:00:00.033000+00:00
xyz:XYZ100,-0.0000006738,-0.0003107802,2026-02-19 11:00:00.010000+00:00
xyz:XYZ100,-0.0000028830,-0.0003461284,2026-02-19 12:00:00.062000+00:00
xyz:XYZ100,0.0000041582,-0.0002334695,2026-02-19 13:00:00.017000+00:00
xyz:XYZ100,0.0000032018,-0.0002487708,2026-02-19 14:00:00.019000+00:00
xyz:XYZ100,-0.0000034568,-0.0003553094,2026-02-19 15:00:00.067000+00:00
xyz:XYZ100,-0.0000058709,-0.0003939339,2026-02-19 16:00:00.026000+00:00
xyz:XYZ100,-0.0000000830,-0.0003013284,2026-02-19 17:00:00.013000+00:00
xyz:XYZ100,0.0000062500,-0.0001562538,2026-02-19 18:00:00+00:00
xyz:XYZ100,0.0000019431,-0.0002689109,2026-02-19 19:00:00.043000+00:00
xyz:XYZ100,-0.0000001609,-0.0003025736,2026-02-19 20:00:00.009000+00:00
xyz:XYZ100,-0.0000006463,-0.0003103402,2026-02-19 21:00:00.023000+00:00
xyz:XYZ100,-0.0000207646,-0.0006322337,2026-02-19 22:00:00.022000+00:00
xyz:XYZ100,0.0000021589,-0.0002654573,2026-02-19 23:00:00.042000+00:00
xyz:XYZ100,-0.0000251834,-0.0007029342,2026-02-20 00:00:00.035000+00:00
xyz:XYZ100,-0.0000156231,-0.0005499704,2026-02-20 01:00:00.190000+00:00
xyz:XYZ100,-0.0000089601,-0.0004433614,2026-02-20 02:00:00.054000+00:00
xyz:XYZ100,-0.0000132040,-0.0005112640,2026-02-20 03:00:00.118000+00:00
xyz:XYZ100,-0.0000089154,-0.0004426465,2026-02-20 04:00:00.085000+00:00
xyz:XYZ100,-0.0000110277,-0.0004764440,2026-02-20 05:00:00.048000+00:00
xyz:XYZ100,0.0000053144,-0.0002149701,2026-02-20 06:00:00.033000+00:00
xyz:XYZ100,0.0000064968,0.0004039493,2026-02-20 07:00:00.077000+00:00
xyz:XYZ100,0.0000097635,0.0004562161,2026-02-20 08:00:00.069000+00:00
xyz:XYZ100,0.0000062500,0.0002404932,2026-02-20 09:00:00.018000+00:00
xyz:XYZ100,0.0000062500,-0.0000936061,2026-02-20 10:00:00.018000+00:00
xyz:XYZ100,0.0000062500,-0.0001022069,2026-02-20 11:00:00.029000+00:00
xyz:XYZ100,0.0000062500,-0.0001914808,2026-02-20 12:00:00.020000+00:00
xyz:XYZ100,0.0000062500,-0.0001702155,2026-02-20 13:00:00.001000+00:00
xyz:XYZ100,0.0000062500,-0.0001989015,2026-02-20 14:00:00.062000+00:00
xyz:XYZ100,-0.0000022473,-0.0003359573,2026-02-20 15:00:00.013000+00:00
xyz:XYZ100,0.0000062500,-0.0001558742,2026-02-20 16:00:00.044000+00:00
xyz:XYZ100,-0.0000081104,-0.0004297668,2026-02-20 17:00:00.002000+00:00
xyz:XYZ100,-0.0000135354,-0.0005165657,2026-02-20 18:00:00.056000+00:00
xyz:XYZ100,0.0000037223,-0.0002404434,2026-02-20 19:00:00.125000+00:00
xyz:XYZ100,0.0000024904,-0.0002601539,2026-02-20 20:00:00.028000+00:00
xyz:XYZ100,0.0000037068,-0.0002406907,2026-02-20 21:00:00.083000+00:00
xyz:XYZ100,0.0000045458,-0.0002272676,2026-02-20 22:00:00.095000+00:00
xyz:XYZ100,0.0000062500,-0.0001499675,2026-02-20 23:00:00.033000+00:00
xyz:XYZ100,0.0000062500,0.0000636656,2026-02-21 00:00:00.011000+00:00
xyz:XYZ100,0.0000062500,0.0000293145,2026-02-21 01:00:00.131000+00:00
xyz:XYZ100,0.0000062500,-0.0000892245,2026-02-21 02:00:00.011000+00:00
xyz:XYZ100,0.0000062500,0.0000188911,2026-02-21 03:00:00.063000+00:00
xyz:XYZ100,0.0000062500,0.0000307600,2026-02-21 04:00:00.080000+00:00
xyz:XYZ100,0.0000062500,0.0000378209,2026-02-21 05:00:00.080000+00:00
xyz:XYZ100,0.0000062500,0.0001116008,2026-02-21 06:00:00.034000+00:00
xyz:XYZ100,0.0000062500,0.0000293948,2026-02-21 07:00:00.068000+00:00
xyz:XYZ100,0.0000062500,-0.0000280792,2026-02-21 08:00:00.035000+00:00
xyz:XYZ100,0.0000062500,-0.0001201663,2026-02-21 09:00:00.020000+00:00
xyz:XYZ100,0.0000062500,-0.0000650708,2026-02-21 10:00:00.068000+00:00
xyz:XYZ100,0.0000062500,-0.0001537133,2026-02-21 11:00:00.028000+00:00
xyz:XYZ100,-0.0000055595,-0.0003889516,2026-02-21 12:00:00.071000+00:00
xyz:XYZ100,0.0000062500,0.0003449118,2026-02-21 13:00:00.019000+00:00
xyz:XYZ100,0.0000062500,0.0001038266,2026-02-21 14:00:00+00:00
xyz:XYZ100,0.0000062500,-0.0001567114,2026-02-21 15:00:00.011000+00:00
xyz:XYZ100,0.0000310616,0.0007969864,2026-02-21 16:00:00.010000+00:00
xyz:XYZ100,0.0000062500,-0.0001245535,2026-02-21 17:00:00.060000+00:00
xyz:XYZ100,0.0000062500,0.0000508291,2026-02-21 18:00:00.086000+00:00
xyz:XYZ100,-0.0000054027,-0.0003864432,2026-02-21 19:00:00.111000+00:00
xyz:XYZ100,-0.0000718427,-0.0014494825,2026-02-21 20:00:00.048000+00:00
xyz:XYZ100,-0.0000087185,-0.0004394960,2026-02-21 21:00:00.024000+00:00
xyz:XYZ100,0.0000062500,0.0001075023,2026-02-21 22:00:00.037000+00:00
xyz:XYZ100,-0.0000048449,-0.0003775191,2026-02-21 23:00:00.054000+00:00
xyz:XYZ100,-0.0000131991,-0.0005111853,2026-02-22 00:00:00.015000+00:00
xyz:XYZ100,0.0000062500,-0.0001359967,2026-02-22 01:00:00.084000+00:00
xyz:XYZ100,0.0000026226,-0.0002580384,2026-02-22 02:00:00.046000+00:00
xyz:XYZ100,0.0000062500,-0.0000689077,2026-02-22 03:00:00.056000+00:00
xyz:XYZ100,0.0000062500,0.0002010011,2026-02-22 04:00:00.066000+00:00
xyz:XYZ100,0.0000062500,0.0000993698,2026-02-22 05:00:00.123000+00:00
xyz:XYZ100,0.0000062500,-0.0000590840,2026-02-22 06:00:00.012000+00:00
xyz:XYZ100,0.0000062500,-0.0000696803,2026-02-22 07:00:00.039000+00:00
xyz:XYZ100,0.0000062500,-0.0001715340,2026-02-22 08:00:00.009000+00:00
xyz:XYZ100,0.0000062500,-0.0000008272,2026-02-22 09:00:00.017000+00:00
xyz:XYZ100,0.0000062500,0.0000970663,2026-02-22 10:00:00.091000+00:00
xyz:XYZ100,0.0000062500,0.0000565684,2026-02-22 11:00:00.056000+00:00
xyz:XYZ100,0.0000062500,0.0000858357,2026-02-22 12:00:00.075000+00:00
xyz:XYZ100,0.0000062500,0.0001016171,2026-02-22 13:00:00.038000+00:00
xyz:XYZ100,0.0000179026,0.0005864418,2026-02-22 14:00:00.048000+00:00
xyz:XYZ100,0.0000062500,-0.0001817208,2026-02-22 15:00:00.114000+00:00
xyz:XYZ100,0.0000062500,-0.0001123399,2026-02-22 16:00:00.015000+00:00
xyz:XYZ100,0.0000062500,0.0000328081,2026-02-22 17:00:00.036000+00:00
xyz:XYZ100,-0.0000032601,-0.0003521614,2026-02-22 18:00:00.075000+00:00
xyz:XYZ100,0.0000062500,-0.0001434359,2026-02-22 19:00:00.006000+00:00
xyz:XYZ100,0.0000148084,0.0005369349,2026-02-22 20:00:00.029000+00:00
xyz:XYZ100,0.0000120494,0.0004927901,2026-02-22 21:00:00+00:00
xyz:XYZ100,0.0000062500,0.0000852443,2026-02-22 22:00:00.023000+00:00
xyz:XYZ100,0.0000054420,-0.0002129288,2026-02-22 23:00:00.093000+00:00
xyz:XYZ100,0.0000062500,0.0001580021,2026-02-23 00:00:00.016000+00:00
xyz:XYZ100,-0.0000026227,-0.0003419626,2026-02-23 01:00:00.004000+00:00
xyz:XYZ100,-0.0000153255,-0.0005452084,2026-02-23 02:00:00.025000+00:00
xyz:XYZ100,-0.0000224513,-0.0006592206,2026-02-23 03:00:00.025000+00:00
xyz:XYZ100,-0.0000230934,-0.0006694944,2026-02-23 04:00:00.028000+00:00
xyz:XYZ100,-0.0000238418,-0.0006814682,2026-02-23 05:00:00.010000+00:00
xyz:XYZ100,-0.0000087020,-0.0004392314,2026-02-23 06:00:00.078000+00:00
xyz:XYZ100,-0.0000045241,-0.0003723852,2026-02-23 07:00:00.058000+00:00
xyz:XYZ100,-0.0000021328,-0.0003341250,2026-02-23 08:00:00.004000+00:00
xyz:XYZ100,-0.0000004471,-0.0003071531,2026-02-23 09:00:00.103000+00:00
xyz:XYZ100,-0.0000127894,-0.0005046306,2026-02-23 10:00:00.012000+00:00
xyz:XYZ100,-0.0000204830,-0.0006277277,2026-02-23 11:00:00.010000+00:00
xyz:XYZ100,-0.0000143805,-0.0005300881,2026-02-23 12:00:00.004000+00:00
xyz:XYZ100,-0.0000153539,-0.0005456617,2026-02-23 13:00:00.080000+00:00
xyz:XYZ100,-0.0000137151,-0.0005194419,2026-02-23 14:00:00.028000+00:00
xyz:XYZ100,-0.0000241222,-0.0006859549,2026-02-23 15:00:00.059000+00:00
xyz:XYZ100,-0.0000086735,-0.0004387753,2026-02-23 16:00:00.045000+00:00
xyz:XYZ100,0.0000058278,-0.0002067549,2026-02-23 17:00:00.042000+00:00
xyz:XYZ100,0.0000062500,-0.0001238284,2026-02-23 18:00:00.076000+00:00
xyz:XYZ100,0.0000062500,-0.0001326674,2026-02-23 19:00:00.053000+00:00
xyz:XYZ100,0.0000062500,0.0001387953,2026-02-23 20:00:00.017000+00:00
xyz:XYZ100,0.0000062500,0.0000872293,2026-02-23 21:00:00.054000+00:00
xyz:XYZ100,0.0000062500,0.0001196169,2026-02-23 22:00:00.029000+00:00
xyz:XYZ100,0.0000062500,0.0001822044,2026-02-23 23:00:00.037000+00:00
xyz:XYZ100,0.0000062500,0.0001021600,2026-02-24 00:00:00.048000+00:00
xyz:XYZ100,0.0000062500,-0.0000152446,2026-02-24 01:00:00.134000+00:00
xyz:XYZ100,0.0000062500,-0.0000862839,2026-02-24 02:00:00.050000+00:00
xyz:XYZ100,0.0000062500,-0.0001318407,2026-02-24 03:00:00.046000+00:00
xyz:XYZ100,0.0000062500,0.0000069332,2026-02-24 04:00:00.015000+00:00
xyz:XYZ100,0.0000062500,-0.0000829274,2026-02-24 05:00:00.026000+00:00
xyz:XYZ100,0.0000062500,0.0000457555,2026-02-24 06:00:00.085000+00:00
xyz:XYZ100,0.0000062500,-0.0001011195,2026-02-24 07:00:00.076000+00:00
xyz:XYZ100,0.0000062500,-0.0001117077,2026-02-24 08:00:00.022000+00:00
xyz:XYZ100,0.0000062500,-0.0000956410,2026-02-24 09:00:00.048000+00:00
xyz:XYZ100,0.0000062500,-0.0001289951,2026-02-24 10:00:00.044000+00:00
xyz:XYZ100,0.0000062500,-0.0000673932,2026-02-24 11:00:00.020000+00:00
xyz:XYZ100,0.0000047316,-0.0002242946,2026-02-24 12:00:00.025000+00:00
xyz:XYZ100,0.0000001550,-0.0002975198,2026-02-24 13:00:00.047000+00:00
xyz:XYZ100,-0.0000040101,-0.0003641609,2026-02-24 14:00:00.060000+00:00
xyz:XYZ100,-0.0000009980,-0.0003159674,2026-02-24 15:00:00.057000+00:00
xyz:XYZ100,0.0000062500,-0.0000471669,2026-02-24 16:00:00.005000+00:00
xyz:XYZ100,0.0000062500,-0.0001170996,2026-02-24 17:00:00.049000+00:00
xyz:XYZ100,0.0000062500,0.0001738762,2026-02-24 18:00:00.022000+00:00
xyz:XYZ100,0.0000062500,-0.0000180681,2026-02-24 19:00:00.066000+00:00
xyz:XYZ100,0.0000062500,0.0000005539,2026-02-24 20:00:00.026000+00:00
xyz:XYZ100,0.0000062500,0.0000978214,2026-02-24 21:00:00.002000+00:00
xyz:XYZ100,0.0000062500,-0.0001161964,2026-02-24 22:00:00.030000+00:00
xyz:XYZ100,0.0000062500,0.0002336235,2026-02-24 23:00:00.078000+00:00
xyz:XYZ100,0.0000062500,0.0000149118,2026-02-25 00:00:00.014000+00:00
xyz:XYZ100,0.0000062500,-0.0001576243,2026-02-25 01:00:00.032000+00:00
xyz:XYZ100,0.0000062500,-0.0000377732,2026-02-25 02:00:00.039000+00:00
xyz:XYZ100,0.0000062500,-0.0000870069,2026-02-25 03:00:00.030000+00:00
xyz:XYZ100,0.0000062500,-0.0001633495,2026-02-25 04:00:00.056000+00:00
xyz:XYZ100,0.0000062500,-0.0001390841,2026-02-25 05:00:00.028000+00:00
xyz:XYZ100,0.0000062500,-0.0000624284,2026-02-25 06:00:00.061000+00:00
xyz:XYZ100,0.0000062500,-0.0000936229,2026-02-25 07:00:00+00:00
xyz:XYZ100,0.0000062500,-0.0001272168,2026-02-25 08:00:00.037000+00:00
xyz:XYZ100,0.0000062500,-0.0001819563,2026-02-25 09:00:00.060000+00:00
xyz:XYZ100,0.0000062500,-0.0001818047,2026-02-25 10:00:00.029000+00:00
xyz:XYZ100,0.0000062500,-0.0001617542,2026-02-25 11:00:00.055000+00:00
xyz:XYZ100,0.0000062500,-0.0001575222,2026-02-25 12:00:00.008000+00:00
xyz:XYZ100,0.0000062500,-0.0001493753,2026-02-25 13:00:00.008000+00:00
xyz:XYZ100,0.0000062500,-0.0001070812,2026-02-25 14:00:00.023000+00:00
xyz:XYZ100,0.0000062500,-0.0000816062,2026-02-25 15:00:00.051000+00:00
xyz:XYZ100,0.0000062500,-0.0001534955,2026-02-25 16:00:00.012000+00:00
xyz:XYZ100,0.0000026766,-0.0002571739,2026-02-25 17:00:00.075000+00:00
xyz:XYZ100,-0.0000094724,-0.0004515579,2026-02-25 18:00:00.088000+00:00
xyz:XYZ100,0.0000017135,-0.0002725843,2026-02-25 19:00:00.128000+00:00
xyz:XYZ100,0.0000027495,-0.0002560076,2026-02-25 20:00:00.055000+00:00
xyz:XYZ100,0.0000061134,-0.0002021863,2026-02-25 21:00:00.015000+00:00
xyz:XYZ100,0.0000062500,-0.0000699877,2026-02-25 22:00:00+00:00
xyz:XYZ100,-0.0000432698,-0.0009923164,2026-02-25 23:00:00.045000+00:00
xyz:XYZ100,0.0000062500,0.0001674904,2026-02-26 00:00:00.036000+00:00
xyz:XYZ100,0.0000062500,-0.0001292567,2026-02-26 01:00:00.091000+00:00
xyz:XYZ100,0.0000062500,-0.0000545639,2026-02-26 02:00:00.018000+00:00
xyz:XYZ100,0.0000062500,-0.0001393340,2026-02-26 03:00:00.060000+00:00
xyz:XYZ100,0.0000062500,-0.0000616329,2026-02-26 04:00:00.013000+00:00
xyz:XYZ100,0.0000062500,-0.0000835216,2026-02-26 05:00:00.058000+00:00
xyz:XYZ100,0.0000062500,-0.0000806640,2026-02-26 06:00:00.099000+00:00
xyz:XYZ100,0.0000062500,0.0000110414,2026-02-26 07:00:00.021000+00:00
xyz:XYZ100,0.0000062500,-0.0000019550,2026-02-26 08:00:00.072000+00:00
xyz:XYZ100,0.0000062500,-0.0000029854,2026-02-26 09:00:00.076000+00:00
xyz:XYZ100,0.0000062500,-0.0001447725,2026-02-26 10:00:00.108000+00:00
xyz:XYZ100,0.0000062500,-0.0000611343,2026-02-26 11:00:00.073000+00:00
xyz:XYZ100,0.0000062500,-0.0001305909,2026-02-26 12:00:00.041000+00:00
xyz:XYZ100,0.0000062500,-0.0000475398,2026-02-26 13:00:00.051000+00:00
xyz:XYZ100,0.0000062500,-0.0001247032,2026-02-26 14:00:00.019000+00:00
xyz:XYZ100,0.0000062500,-0.0001991302,2026-02-26 15:00:00.033000+00:00
xyz:XYZ100,0.0000062500,-0.0000408837,2026-02-26 16:00:00.028000+00:00
xyz:XYZ100,0.0000062500,-0.0001282108,2026-02-26 17:00:00.027000+00:00
xyz:XYZ100,0.0000062500,-0.0001356717,2026-02-26 18:00:00.023000+00:00
xyz:XYZ100,0.0000062500,0.0000317357,2026-02-26 19:00:00.009000+00:00
xyz:XYZ100,0.0000062500,-0.0001369758,2026-02-26 20:00:00.035000+00:00
xyz:XYZ100,0.0000062500,-0.0001445843,2026-02-26 21:00:00.019000+00:00
xyz:XYZ100,0.0000062500,-0.0001527819,2026-02-26 22:00:00.019000+00:00
xyz:XYZ100,-0.0000504646,-0.0011074341,2026-02-26 23:00:00.054000+00:00
xyz:XYZ100,0.0000062500,-0.0001889316,2026-02-27 00:00:00.001000+00:00
xyz:XYZ100,0.0000062500,-0.0000976197,2026-02-27 01:00:00.078000+00:00
xyz:XYZ100,0.0000062500,-0.0001480598,2026-02-27 02:00:00.016000+00:00
xyz:XYZ100,0.0000062500,-0.0001433268,2026-02-27 03:00:00.116000+00:00
xyz:XYZ100,0.0000062500,-0.0001203543,2026-02-27 04:00:00.057000+00:00
xyz:XYZ100,0.0000062500,-0.0001430281,2026-02-27 05:00:00.058000+00:00
xyz:XYZ100,0.0000058560,-0.0002063047,2026-02-27 06:00:00.053000+00:00
xyz:XYZ100,0.0000054672,-0.0002125250,2026-02-27 07:00:00.067000+00:00
xyz:XYZ100,0.0000046331,-0.0002258710,2026-02-27 08:00:00.017000+00:00
xyz:XYZ100,0.0000062500,-0.0001659982,2026-02-27 09:00:00.026000+00:00
xyz:XYZ100,0.0000062500,-0.0001284903,2026-02-27 10:00:00.074000+00:00
xyz:XYZ100,0.0000062500,-0.0001803517,2026-02-27 11:00:00.078000+00:00
xyz:XYZ100,0.0000062500,-0.0001360739,2026-02-27 12:00:00.028000+00:00
xyz:XYZ100,0.0000035879,-0.0002425934,2026-02-27 13:00:00.020000+00:00
xyz:XYZ100,0.0000062500,-0.0001107497,2026-02-27 14:00:00.036000+00:00
xyz:XYZ100,0.0000003123,-0.0002950025,2026-02-27 15:00:00.054000+00:00
xyz:XYZ100,-0.0000031126,-0.0003498016,2026-02-27 16:00:00.132000+00:00
xyz:XYZ100,0.0000062500,-0.0001922749,2026-02-27 17:00:00.041000+00:00
xyz:XYZ100,0.0000019285,-0.0002691438,2026-02-27 18:00:00.037000+00:00
xyz:XYZ100,0.0000003842,-0.0002938530,2026-02-27 19:00:00.012000+00:00
xyz:XYZ100,0.0000003717,-0.0002940521,2026-02-27 20:00:00.028000+00:00
xyz:XYZ100,-0.0000057698,-0.0003923173,2026-02-27 21:00:00.037000+00:00
xyz:XYZ100,-0.0000057543,-0.0003920683,2026-02-27 22:00:00.023000+00:00
xyz:XYZ100,0.0000062500,0.0000558395,2026-02-27 23:00:00.014000+00:00
xyz:XYZ100,-0.0000325140,-0.0008202234,2026-02-28 00:00:00.086000+00:00
xyz:XYZ100,-0.0000096829,-0.0004549256,2026-02-28 01:00:00.090000+00:00
xyz:XYZ100,-0.0000768610,-0.0015297759,2026-02-28 02:00:00.058000+00:00
xyz:XYZ100,-0.0000589152,-0.0012426427,2026-02-28 03:00:00.012000+00:00
xyz:XYZ100,0.0000367051,0.0008872811,2026-02-28 04:00:00.088000+00:00
xyz:XYZ100,-0.0000006833,-0.0003109335,2026-02-28 05:00:00.063000+00:00
xyz:XYZ100,-0.0000272058,-0.0007352926,2026-02-28 06:00:00.065000+00:00
xyz:XYZ100,-0.0000181535,-0.0005904557,2026-02-28 07:00:00.026000+00:00
xyz:XYZ100,-0.0000621949,-0.0012951176,2026-02-28 08:00:00.028000+00:00
xyz:XYZ100,-0.0000799615,-0.0015793835,2026-02-28 09:00:00.012000+00:00
xyz:XYZ100,-0.0001130919,-0.0021094711,2026-02-28 10:00:00.008000+00:00
xyz:XYZ100,-0.0000453432,-0.0010254913,2026-02-28 11:00:00.008000+00:00
xyz:XYZ100,-0.0001004340,-0.0019069442,2026-02-28 12:00:00.032000+00:00
xyz:XYZ100,0.0000062500,0.0003532071,2026-02-28 13:00:00.035000+00:00
xyz:XYZ100,0.0000871720,0.0016947514,2026-02-28 14:00:00.033000+00:00
xyz:XYZ100,0.0000336437,0.0008383000,2026-02-28 15:00:00.021000+00:00
xyz:XYZ100,0.0000027833,-0.0002554674,2026-02-28 16:00:00.041000+00:00
xyz:XYZ100,0.0000062500,0.0001799439,2026-02-28 17:00:00.025000+00:00
xyz:XYZ100,0.0000290917,0.0007654675,2026-02-28 18:00:00.015000+00:00
xyz:XYZ100,0.0000062500,0.0002418064,2026-02-28 19:00:00.074000+00:00
xyz:XYZ100,0.0000062500,0.0003717980,2026-02-28 20:00:00.039000+00:00
xyz:XYZ100,0.0001674092,0.0029785466,2026-02-28 21:00:00.041000+00:00
xyz:XYZ100,0.0000425452,0.0009807235,2026-02-28 22:00:00.035000+00:00
xyz:XYZ100,0.0001549398,0.0027790373,2026-02-28 23:00:00.066000+00:00
xyz:XYZ100,0.0000087922,0.0004406749,2026-03-01 00:00:00.168000+00:00
xyz:XYZ100,-0.0000328885,-0.0008262161,2026-03-01 01:00:00.024000+00:00
xyz:XYZ100,-0.0000863902,-0.0016822426,2026-03-01 02:00:00.052000+00:00
xyz:XYZ100,0.0000355225,0.0008683606,2026-03-01 03:00:00.074000+00:00
xyz:XYZ100,0.0000512465,0.0011199441,2026-03-01 04:00:00.034000+00:00
xyz:XYZ100,0.0000180545,0.0005888717,2026-03-01 05:00:00.052000+00:00
xyz:XYZ100,0.0000062500,0.0002088126,2026-03-01 06:00:00.071000+00:00
xyz:XYZ100,0.0000062500,0.0002693427,2026-03-01 07:00:00.018000+00:00
xyz:XYZ100,0.0000062500,-0.0000079173,2026-03-01 08:00:00.093000+00:00
xyz:XYZ100,-0.0000011654,-0.0003186470,2026-03-01 09:00:00.017000+00:00
xyz:XYZ100,-0.0000169227,-0.0005707632,2026-03-01 10:00:00.018000+00:00
xyz:XYZ100,-0.0000259986,-0.0007159776,2026-03-01 11:00:00.017000+00:00
xyz:XYZ100,0.0000062500,-0.0000154214,2026-03-01 12:00:00.039000+00:00
xyz:XYZ100,0.0000062500,0.0000857743,2026-03-01 13:00:00.054000+00:00
xyz:XYZ100,0.0000062500,-0.0001794755,2026-03-01 14:00:00.029000+00:00
xyz:XYZ100,0.0000062500,-0.0001740573,2026-03-01 15:00:00.027000+00:00
xyz:XYZ100,0.0000029239,-0.0002532168,2026-03-01 16:00:00.018000+00:00
xyz:XYZ100,0.0000062500,-0.0001111389,2026-03-01 17:00:00.120000+00:00
xyz:XYZ100,0.0000062500,-0.0001856575,2026-03-01 18:00:00.070000+00:00
xyz:XYZ100,-0.0000735198,-0.0014763170,2026-03-01 19:00:00.062000+00:00
xyz:XYZ100,-0.0000441945,-0.0010071114,2026-03-01 20:00:00.026000+00:00
xyz:XYZ100,-0.0001161101,-0.0021577614,2026-03-01 21:00:00.065000+00:00
xyz:XYZ100,-0.0000778764,-0.0015460221,2026-03-01 22:00:00.085000+00:00
xyz:XYZ100,0.0000062500,0.0000878542,2026-03-01 23:00:00.005000+00:00
xyz:XYZ100,0.0000062500,0.0002864632,2026-03-02 00:00:00.044000+00:00
xyz:XYZ100,0.0000162487,0.0005599799,2026-03-02 01:00:00.048000+00:00
xyz:XYZ100,0.0000062500,0.0000824276,2026-03-02 02:00:00.044000+00:00
xyz:XYZ100,-0.0000009849,-0.0003157584,2026-03-02 03:00:00.063000+00:00
xyz:XYZ100,-0.0000107589,-0.0004721432,2026-03-02 04:00:00.048000+00:00
xyz:XYZ100,0.0000019459,-0.0002688656,2026-03-02 05:00:00.071000+00:00
xyz:XYZ100,-0.0000030615,-0.0003489842,2026-03-02 06:00:00.062000+00:00
xyz:XYZ100,0.0000062500,-0.0001614501,2026-03-02 07:00:00.054000+00:00
xyz:XYZ100,0.0000062500,-0.0001106625,2026-03-02 08:00:00.003000+00:00
xyz:XYZ100,0.0000049649,-0.0002205618,2026-03-02 09:00:00.091000+00:00
xyz:XYZ100,-0.0000010411,-0.0003166570,2026-03-02 10:00:00.007000+00:00
xyz:XYZ100,0.0000041652,-0.0002333573,2026-03-02 11:00:00.019000+00:00
xyz:XYZ100,0.0000014733,-0.0002764277,2026-03-02 12:00:00.016000+00:00
xyz:XYZ100,0.0000049201,-0.0002212778,2026-03-02 13:00:00.034000+00:00
xyz:XYZ100,-0.0000061572,-0.0003985147,2026-03-02 14:00:00.035000+00:00
xyz:XYZ100,-0.0000005235,-0.0003083757,2026-03-02 15:00:00.070000+00:00
xyz:XYZ100,-0.0000039432,-0.0003630906,2026-03-02 16:00:00.053000+00:00
xyz:XYZ100,-0.0000001493,-0.0003023894,2026-03-02 17:00:00.086000+00:00
xyz:XYZ100,-0.0000027240,-0.0003435842,2026-03-02 18:00:00.025000+00:00
xyz:XYZ100,0.0000032231,-0.0002484297,2026-03-02 19:00:00.044000+00:00
xyz:XYZ100,0.0000062500,-0.0000382583,2026-03-02 20:00:00.120000+00:00
xyz:XYZ100,0.0000037568,-0.0002398914,2026-03-02 21:00:00.038000+00:00
xyz:XYZ100,0.0000062500,-0.0001827314,2026-03-02 22:00:00.033000+00:00
xyz:XYZ100,0.0000062500,0.0000870303,2026-03-02 23:00:00.068000+00:00
xyz:XYZ100,0.0000062500,-0.0000612447,2026-03-03 00:00:00.062000+00:00
xyz:XYZ100,0.0000049366,-0.0002210146,2026-03-03 01:00:00.052000+00:00
xyz:XYZ100,-0.0000019504,-0.0003312066,2026-03-03 02:00:00.011000+00:00
xyz:XYZ100,0.0000062500,-0.0001738587,2026-03-03 03:00:00.058000+00:00
xyz:XYZ100,0.0000062500,-0.0001473033,2026-03-03 04:00:00.010000+00:00
xyz:XYZ100,0.0000031379,-0.0002497931,2026-03-03 05:00:00.074000+00:00
xyz:XYZ100,0.0000062500,-0.0001148470,2026-03-03 06:00:00.050000+00:00
xyz:XYZ100,0.0000062500,-0.0001084243,2026-03-03 07:00:00.069000+00:00
xyz:XYZ100,0.0000044007,-0.0002295885,2026-03-03 08:00:00.009000+00:00
xyz:XYZ100,0.0000062500,-0.0001838884,2026-03-03 09:00:00.114000+00:00
xyz:XYZ100,0.0000055672,-0.0002109250,2026-03-03 10:00:00.046000+00:00
xyz:XYZ100,0.0000048493,-0.0002224104,2026-03-03 11:00:00.006000+00:00
xyz:XYZ100,0.0000061234,-0.0002020264,2026-03-03 12:00:00.013000+00:00
xyz:XYZ100,0.0000048907,-0.0002217487,2026-03-03 13:00:00.012000+00:00
xyz:XYZ100,0.0000060039,-0.0002039378,2026-03-03 14:00:00.039000+00:00
xyz:XYZ100,0.0000009182,-0.0002853093,2026-03-03 15:00:00.007000+00:00
xyz:XYZ100,-0.0000117403,-0.0004878441,2026-03-03 16:00:00.004000+00:00
xyz:XYZ100,-0.0000247119,-0.0006953902,2026-03-03 17:00:00.041000+00:00
xyz:XYZ100,-0.0000268235,-0.0007291760,2026-03-03 18:00:00.015000+00:00
xyz:XYZ100,0.0000000685,-0.0002989046,2026-03-03 19:00:00.049000+00:00
xyz:XYZ100,0.0000047034,-0.0002247455,2026-03-03 20:00:00.007000+00:00
xyz:XYZ100,-0.0000013772,-0.0003220355,2026-03-03 21:00:00.014000+00:00
xyz:XYZ100,-0.0000046870,-0.0003749923,2026-03-03 22:00:00.070000+00:00
xyz:XYZ100,0.0000030486,-0.0002512231,2026-03-03 23:00:00.016000+00:00
xyz:XYZ100,-0.0000024076,-0.0003385221,2026-03-04 00:00:00.034000+00:00
xyz:XYZ100,-0.0000022304,-0.0003356867,2026-03-04 01:00:00.049000+00:00
xyz:XYZ100,-0.0000015415,-0.0003246634,2026-03-04 02:00:00.060000+00:00
xyz:XYZ100,-0.0000063026,-0.0004008421,2026-03-04 03:00:00.052000+00:00
xyz:XYZ100,-0.0000075028,-0.0004200442,2026-03-04 04:00:00.001000+00:00
xyz:XYZ100,-0.0000080506,-0.0004288100,2026-03-04 05:00:00.064000+00:00
xyz:XYZ100,-0.0000105936,-0.0004694974,2026-03-04 06:00:00.079000+00:00
xyz:XYZ100,-0.0000157729,-0.0005523672,2026-03-04 07:00:00.095000+00:00
xyz:XYZ100,-0.0000361316,-0.0008781061,2026-03-04 08:00:00.047000+00:00
xyz:XYZ100,-0.0000101986,-0.0004631771,2026-03-04 09:00:00.010000+00:00
xyz:XYZ100,-0.0000067590,-0.0004081436,2026-03-04 10:00:00.069000+00:00
xyz:XYZ100,0.0000062500,-0.0001349006,2026-03-04 11:00:00.024000+00:00
xyz:XYZ100,0.0000030415,-0.0002513355,2026-03-04 12:00:00.133000+00:00
xyz:XYZ100,0.0000062500,-0.0001964838,2026-03-04 13:00:00.019000+00:00
xyz:XYZ100,0.0000062500,-0.0001362058,2026-03-04 14:00:00.036000+00:00
xyz:XYZ100,0.0000062388,-0.0002001788,2026-03-04 15:00:00.023000+00:00
xyz:XYZ100,0.0000062500,0.0000856857,2026-03-04 16:00:00.011000+00:00
xyz:XYZ100,0.0000062500,0.0000355707,2026-03-04 17:00:00.095000+00:00
xyz:XYZ100,0.0000062500,-0.0001601604,2026-03-04 18:00:00.092000+00:00
xyz:XYZ100,0.0000040839,-0.0002346574,2026-03-04 19:00:00.093000+00:00
xyz:XYZ100,0.0000042460,-0.0002320642,2026-03-04 20:00:00.047000+00:00
xyz:XYZ100,0.0000040865,-0.0002346162,2026-03-04 21:00:00.048000+00:00
xyz:XYZ100,-0.0000028380,-0.0003454082,2026-03-04 22:00:00.024000+00:00
xyz:XYZ100,0.0000062500,-0.0000918480,2026-03-04 23:00:00.045000+00:00
xyz:XYZ100,-0.0000021985,-0.0003351752,2026-03-05 00:00:00.022000+00:00
xyz:XYZ100,0.0000062500,0.0001365031,2026-03-05 01:00:00.018000+00:00
xyz:XYZ100,0.0000062500,0.0000251391,2026-03-05 02:00:00.139000+00:00
xyz:XYZ100,0.0000062500,-0.0000464234,2026-03-05 03:00:00.019000+00:00
xyz:XYZ100,0.0000062500,-0.0000031179,2026-03-05 04:00:00.027000+00:00
xyz:XYZ100,0.0000062500,-0.0000442834,2026-03-05 05:00:00.001000+00:00
xyz:XYZ100,0.0000062500,-0.0001780813,2026-03-05 06:00:00.037000+00:00
xyz:XYZ100,0.0000047406,-0.0002241507,2026-03-05 07:00:00.091000+00:00
xyz:XYZ100,0.0000057266,-0.0002083750,2026-03-05 08:00:00.033000+00:00
xyz:XYZ100,0.0000044629,-0.0002285932,2026-03-05 09:00:00.063000+00:00
xyz:XYZ100,0.0000062500,-0.0001511021,2026-03-05 10:00:00.091000+00:00
xyz:XYZ100,-0.0000010257,-0.0003164115,2026-03-05 11:00:00.017000+00:00
xyz:XYZ100,0.0000012617,-0.0002798125,2026-03-05 12:00:00.003000+00:00
xyz:XYZ100,0.0000032459,-0.0002480662,2026-03-05 13:00:00.009000+00:00
xyz:XYZ100,-0.0000006529,-0.0003104460,2026-03-05 14:00:00.024000+00:00
xyz:XYZ100,-0.0000018597,-0.0003297553,2026-03-05 15:00:00.039000+00:00
xyz:XYZ100,-0.0000050033,-0.0003800528,2026-03-05 16:00:00.034000+00:00
xyz:XYZ100,0.0000028396,-0.0002545658,2026-03-05 17:00:00.083000+00:00
xyz:XYZ100,-0.0000016029,-0.0003256456,2026-03-05 18:00:00.048000+00:00
xyz:XYZ100,0.0000062500,-0.0001155037,2026-03-05 19:00:00.052000+00:00
xyz:XYZ100,0.0000062500,0.0000312018,2026-03-05 20:00:00.073000+00:00
xyz:XYZ100,0.0000062500,-0.0000130269,2026-03-05 21:00:00.042000+00:00
xyz:XYZ100,0.0000062500,-0.0000820378,2026-03-05 22:00:00.028000+00:00
xyz:XYZ100,0.0000062500,-0.0001823761,2026-03-05 23:00:00.029000+00:00
xyz:XYZ100,0.0000018626,-0.0002701990,2026-03-06 00:00:00.030000+00:00
xyz:XYZ100,0.0000002996,-0.0002952063,2026-03-06 01:00:00.082000+00:00
xyz:XYZ100,-0.0000001881,-0.0003030101,2026-03-06 02:00:00.006000+00:00
xyz:XYZ100,0.0000019160,-0.0002693440,2026-03-06 03:00:00.079000+00:00
xyz:XYZ100,-0.0000071465,-0.0004143433,2026-03-06 04:00:00.026000+00:00
xyz:XYZ100,-0.0000025747,-0.0003411947,2026-03-06 05:00:00.112000+00:00
xyz:XYZ100,-0.0000084881,-0.0004358099,2026-03-06 06:00:00.019000+00:00
xyz:XYZ100,-0.0000215765,-0.0006452240,2026-03-06 07:00:00.028000+00:00
xyz:XYZ100,-0.0000143229,-0.0005291662,2026-03-06 08:00:00.021000+00:00
xyz:XYZ100,-0.0000092229,-0.0004475662,2026-03-06 09:00:00.022000+00:00
xyz:XYZ100,-0.0000245011,-0.0006920180,2026-03-06 10:00:00.031000+00:00
xyz:XYZ100,-0.0000252126,-0.0007034018,2026-03-06 11:00:00.036000+00:00
xyz:XYZ100,-0.0000271693,-0.0007347095,2026-03-06 12:00:00.052000+00:00
xyz:XYZ100,-0.0000285605,-0.0007569681,2026-03-06 13:00:00.052000+00:00
xyz:XYZ100,-0.0000250463,-0.0007007415,2026-03-06 14:00:00.033000+00:00
xyz:XYZ100,-0.0000356461,-0.0008703378,2026-03-06 15:00:00.037000+00:00
xyz:XYZ100,-0.0000268857,-0.0007301710,2026-03-06 16:00:00.062000+00:00
xyz:XYZ100,0.0000057136,-0.0002085820,2026-03-06 17:00:00.089000+00:00
xyz:XYZ100,0.0000025671,-0.0002589272,2026-03-06 18:00:00.056000+00:00
xyz:XYZ100,0.0000062500,-0.0000888106,2026-03-06 19:00:00.066000+00:00
xyz:XYZ100,0.0000062500,-0.0001731546,2026-03-06 20:00:00.046000+00:00
xyz:XYZ100,0.0000062500,-0.0000468656,2026-03-06 21:00:00.021000+00:00
xyz:XYZ100,0.0000062500,-0.0000673297,2026-03-06 22:00:00.046000+00:00
xyz:XYZ100,-0.0000176547,-0.0005824755,2026-03-06 23:00:00.092000+00:00
xyz:XYZ100,-0.0000034050,-0.0003544797,2026-03-07 00:00:00.061000+00:00
xyz:XYZ100,0.0000062500,-0.0001547225,2026-03-07 01:00:00.027000+00:00
xyz:XYZ100,0.0000027664,-0.0002557374,2026-03-07 02:00:00.050000+00:00
xyz:XYZ100,-0.0000744378,-0.0014910043,2026-03-07 03:00:00.045000+00:00
xyz:XYZ100,-0.0000517563,-0.0011281006,2026-03-07 04:00:00.014000+00:00
xyz:XYZ100,-0.0000639017,-0.0013224266,2026-03-07 05:00:00.052000+00:00
xyz:XYZ100,-0.0000677065,-0.0013833044,2026-03-07 06:00:00.070000+00:00
xyz:XYZ100,-0.0001024415,-0.0019390639,2026-03-07 07:00:00.068000+00:00
xyz:XYZ100,-0.0000313392,-0.0008014274,2026-03-07 08:00:00.015000+00:00
xyz:XYZ100,0.0000692474,0.0014079591,2026-03-07 09:00:00.005000+00:00
xyz:XYZ100,0.0000143121,0.0005289932,2026-03-07 10:00:00.014000+00:00
xyz:XYZ100,0.0000062500,0.0002099328,2026-03-07 11:00:00.002000+00:00
xyz:XYZ100,0.0000062500,-0.0001916051,2026-03-07 12:00:00.031000+00:00
xyz:XYZ100,-0.0000270514,-0.0007328220,2026-03-07 13:00:00.033000+00:00
xyz:XYZ100,0.0000062500,-0.0001969218,2026-03-07 14:00:00.084000+00:00
xyz:XYZ100,0.0000156180,0.0005498878,2026-03-07 15:00:00.012000+00:00
xyz:XYZ100,-0.0000130896,-0.0005094344,2026-03-07 16:00:00.014000+00:00
xyz:XYZ100,0.0000062500,0.0000281758,2026-03-07 17:00:00.077000+00:00
xyz:XYZ100,0.0000062500,0.0003978821,2026-03-07 18:00:00.110000+00:00
xyz:XYZ100,0.0000062500,-0.0001780835,2026-03-07 19:00:00.003000+00:00
xyz:XYZ100,-0.0000229269,-0.0006668306,2026-03-07 20:00:00.010000+00:00
xyz:XYZ100,0.0000062500,-0.0001269363,2026-03-07 21:00:00.135000+00:00
xyz:XYZ100,0.0000062500,0.0001456523,2026-03-07 22:00:00.082000+00:00
xyz:XYZ100,-0.0000064017,-0.0004024268,2026-03-07 23:00:00.068000+00:00
xyz:XYZ100,-0.0000253355,-0.0007053685,2026-03-08 00:00:00.002000+00:00
xyz:XYZ100,-0.0000133581,-0.0005137292,2026-03-08 01:00:00.030000+00:00
xyz:XYZ100,-0.0001002123,-0.0019033968,2026-03-08 02:00:00.003000+00:00
xyz:XYZ100,0.0000062500,-0.0001401818,2026-03-08 03:00:00.042000+00:00
xyz:XYZ100,0.0000062500,0.0001589532,2026-03-08 04:00:00.001000+00:00
xyz:XYZ100,0.0000062500,0.0002624286,2026-03-08 05:00:00.024000+00:00
xyz:XYZ100,0.0000039024,-0.0002375616,2026-03-08 06:00:00.045000+00:00
xyz:XYZ100,-0.0000048994,-0.0003783908,2026-03-08 07:00:00.036000+00:00
xyz:XYZ100,0.0000057395,-0.0002081676,2026-03-08 08:00:00.041000+00:00
xyz:XYZ100,-0.0000088155,-0.0004410478,2026-03-08 09:00:00.029000+00:00
xyz:XYZ100,0.0000300424,0.0007806788,2026-03-08 10:00:00.035000+00:00
xyz:XYZ100,0.0000601093,0.0012617495,2026-03-08 11:00:00.036000+00:00
xyz:XYZ100,0.0000062500,-0.0000234859,2026-03-08 12:00:00.021000+00:00
xyz:XYZ100,-0.0000051105,-0.0003817684,2026-03-08 13:00:00.049000+00:00
xyz:XYZ100,-0.0000304136,-0.0007866169,2026-03-08 14:00:00.061000+00:00
xyz:XYZ100,-0.0000104181,-0.0004666901,2026-03-08 15:00:00.088000+00:00
xyz:XYZ100,-0.0000135639,-0.0005170227,2026-03-08 16:00:00.024000+00:00
xyz:XYZ100,-0.0000024602,-0.0003393634,2026-03-08 17:00:00.018000+00:00
xyz:XYZ100,-0.0000193621,-0.0006097936,2026-03-08 18:00:00.004000+00:00
xyz:XYZ100,0.0000282083,0.0007513333,2026-03-08 19:00:00+00:00
xyz:XYZ100,0.0000062500,-0.0001293425,2026-03-08 20:00:00.074000+00:00
xyz:XYZ100,0.0000062500,-0.0000586567,2026-03-08 21:00:00.003000+00:00
xyz:XYZ100,0.0001500106,0.0027001697,2026-03-08 22:00:00.038000+00:00
xyz:XYZ100,-0.0000107271,-0.0004716342,2026-03-08 23:00:00.057000+00:00
xyz:XYZ100,-0.0000157693,-0.0005523087,2026-03-09 00:00:00.091000+00:00
xyz:XYZ100,-0.0000201051,-0.0006216812,2026-03-09 01:00:00.052000+00:00
xyz:XYZ100,-0.0000596771,-0.0012548332,2026-03-09 02:00:00.016000+00:00
xyz:XYZ100,-0.0000365269,-0.0008844301,2026-03-09 03:00:00.012000+00:00
xyz:XYZ100,-0.0000379322,-0.0009069153,2026-03-09 04:00:00.030000+00:00
xyz:XYZ100,-0.0000330925,-0.0008294806,2026-03-09 05:00:00.088000+00:00
xyz:XYZ100,-0.0000321428,-0.0008142843,2026-03-09 06:00:00.070000+00:00
xyz:XYZ100,-0.0000404875,-0.0009478006,2026-03-09 07:00:00.026000+00:00
xyz:XYZ100,-0.0000369799,-0.0008916790,2026-03-09 08:00:00.094000+00:00
xyz:XYZ100,-0.0000343041,-0.0008488664,2026-03-09 09:00:00.114000+00:00
xyz:XYZ100,-0.0000272035,-0.0007352567,2026-03-09 10:00:00.108000+00:00
xyz:XYZ100,-0.0000156656,-0.0005506489,2026-03-09 11:00:00.050000+00:00
xyz:XYZ100,-0.0000212692,-0.0006403066,2026-03-09 12:00:00.051000+00:00
xyz:XYZ100,-0.0000208315,-0.0006333039,2026-03-09 13:00:00.073000+00:00
xyz:XYZ100,-0.0000139128,-0.0005226042,2026-03-09 14:00:00.061000+00:00
xyz:XYZ100,-0.0000005240,-0.0003083846,2026-03-09 15:00:00.084000+00:00
xyz:XYZ100,0.0000009411,-0.0002849430,2026-03-09 16:00:00.075000+00:00
xyz:XYZ100,0.0000028357,-0.0002546285,2026-03-09 17:00:00.049000+00:00
xyz:XYZ100,0.0000062500,-0.0001491237,2026-03-09 18:00:00.036000+00:00
xyz:XYZ100,0.0000030776,-0.0002507580,2026-03-09 19:00:00.053000+00:00
xyz:XYZ100,0.0000037217,-0.0002404531,2026-03-09 20:00:00.002000+00:00
xyz:XYZ100,-0.0000097382,-0.0004558114,2026-03-09 21:00:00.074000+00:00
xyz:XYZ100,0.0000111476,0.0004783621,2026-03-09 22:00:00.010000+00:00
xyz:XYZ100,-0.0000038650,-0.0003618394,2026-03-09 23:00:00.038000+00:00
xyz:XYZ100,-0.0000327642,-0.0008242276,2026-03-10 00:00:00.042000+00:00
xyz:XYZ100,-0.0000172064,-0.0005753027,2026-03-10 01:00:00.084000+00:00
xyz:XYZ100,-0.0000358201,-0.0008731222,2026-03-10 02:00:00.013000+00:00
xyz:XYZ100,-0.0000082373,-0.0004317971,2026-03-10 03:00:00.052000+00:00
xyz:XYZ100,-0.0000198090,-0.0006169439,2026-03-10 04:00:00.041000+00:00
xyz:XYZ100,-0.0000158647,-0.0005538352,2026-03-10 05:00:00.054000+00:00
xyz:XYZ100,-0.0000088061,-0.0004408979,2026-03-10 06:00:00.137000+00:00
xyz:XYZ100,-0.0000141910,-0.0005270564,2026-03-10 07:00:00.065000+00:00
xyz:XYZ100,-0.0000118137,-0.0004890200,2026-03-10 08:00:00.052000+00:00
xyz:XYZ100,-0.0000018838,-0.0003301404,2026-03-10 09:00:00.017000+00:00
xyz:XYZ100,-0.0000005595,-0.0003089516,2026-03-10 10:00:00.060000+00:00
xyz:XYZ100,-0.0000070826,-0.0004133216,2026-03-10 11:00:00.011000+00:00
xyz:XYZ100,-0.0000083489,-0.0004335816,2026-03-10 12:00:00.038000+00:00
xyz:XYZ100,0.0000049787,-0.0002203409,2026-03-10 13:00:00.061000+00:00
xyz:XYZ100,0.0000062500,-0.0001718741,2026-03-10 14:00:00.027000+00:00
xyz:XYZ100,0.0000062500,-0.0000068530,2026-03-10 15:00:00.083000+00:00
xyz:XYZ100,0.0000062500,0.0000626798,2026-03-10 16:00:00.045000+00:00
xyz:XYZ100,0.0000062500,-0.0000708280,2026-03-10 17:00:00.004000+00:00
xyz:XYZ100,0.0000062500,-0.0000508683,2026-03-10 18:00:00.018000+00:00
xyz:XYZ100,0.0000062500,-0.0001020888,2026-03-10 19:00:00.049000+00:00
xyz:XYZ100,0.0000062500,0.0000164768,2026-03-10 20:00:00.050000+00:00
xyz:XYZ100,0.0000059799,-0.0002043223,2026-03-10 21:00:00.058000+00:00
xyz:XYZ100,0.0000062500,-0.0001104136,2026-03-10 22:00:00.068000+00:00
xyz:XYZ100,0.0000000721,-0.0002988458,2026-03-10 23:00:00.061000+00:00
xyz:XYZ100,0.0000045244,-0.0002276090,2026-03-11 00:00:00.088000+00:00
xyz:XYZ100,0.0000020053,-0.0002679146,2026-03-11 01:00:00.002000+00:00
xyz:XYZ100,0.0000011879,-0.0002809935,2026-03-11 02:00:00.098000+00:00
xyz:XYZ100,-0.0000017791,-0.0003284660,2026-03-11 03:00:00.016000+00:00
xyz:XYZ100,-0.0000019604,-0.0003313661,2026-03-11 04:00:00.038000+00:00
xyz:XYZ100,0.0000053585,-0.0002142646,2026-03-11 05:00:00.075000+00:00
xyz:XYZ100,-0.0000009921,-0.0003158743,2026-03-11 06:00:00.135000+00:00
xyz:XYZ100,-0.0000015170,-0.0003242716,2026-03-11 07:00:00.014000+00:00
xyz:XYZ100,-0.0000007777,-0.0003124427,2026-03-11 08:00:00.056000+00:00
xyz:XYZ100,-0.0000031004,-0.0003496056,2026-03-11 09:00:00.082000+00:00
xyz:XYZ100,-0.0000033975,-0.0003543604,2026-03-11 10:00:00.084000+00:00
xyz:XYZ100,-0.0000035364,-0.0003565823,2026-03-11 11:00:00.001000+00:00
xyz:XYZ100,-0.0000003002,-0.0003048026,2026-03-11 12:00:00.013000+00:00
xyz:XYZ100,0.0000003697,-0.0002940846,2026-03-11 13:00:00.063000+00:00
xyz:XYZ100,-0.0000020190,-0.0003323041,2026-03-11 14:00:00.004000+00:00
xyz:XYZ100,0.0000034592,-0.0002446525,2026-03-11 15:00:00.051000+00:00
xyz:XYZ100,0.0000062500,-0.0001283628,2026-03-11 16:00:00.065000+00:00
xyz:XYZ100,0.0000062500,-0.0000577735,2026-03-11 17:00:00.068000+00:00
xyz:XYZ100,0.0000062500,-0.0001758546,2026-03-11 18:00:00.102000+00:00
xyz:XYZ100,-0.0000021193,-0.0003339090,2026-03-11 19:00:00.082000+00:00
xyz:XYZ100,-0.0000012809,-0.0003204939,2026-03-11 20:00:00.026000+00:00
xyz:XYZ100,0.0000062500,-0.0001877753,2026-03-11 21:00:00.008000+00:00
xyz:XYZ100,0.0000062500,0.0000022880,2026-03-11 22:00:00.035000+00:00
xyz:XYZ100,0.0000062500,-0.0001534468,2026-03-11 23:00:00.069000+00:00
xyz:XYZ100,0.0000052855,-0.0002154313,2026-03-12 00:00:00.084000+00:00
xyz:XYZ100,-0.0000064622,-0.0004033952,2026-03-12 01:00:00.006000+00:00
xyz:XYZ100,-0.0000119094,-0.0004905500,2026-03-12 02:00:00.080000+00:00
xyz:XYZ100,-0.0000139895,-0.0005238319,2026-03-12 03:00:00.036000+00:00
xyz:XYZ100,-0.0000151306,-0.0005420889,2026-03-12 04:00:00.065000+00:00
xyz:XYZ100,-0.0000164506,-0.0005632100,2026-03-12 05:00:00.094000+00:00
xyz:XYZ100,-0.0000157599,-0.0005521585,2026-03-12 06:00:00.108000+00:00
xyz:XYZ100,-0.0000116258,-0.0004860134,2026-03-12 07:00:00.046000+00:00
xyz:XYZ100,-0.0000055963,-0.0003895410,2026-03-12 08:00:00.068000+00:00
xyz:XYZ100,-0.0000099376,-0.0004590014,2026-03-12 09:00:00.063000+00:00
xyz:XYZ100,-0.0000105661,-0.0004690568,2026-03-12 10:00:00.013000+00:00
xyz:XYZ100,-0.0000074252,-0.0004188035,2026-03-12 11:00:00.017000+00:00
xyz:XYZ100,-0.0000092044,-0.0004472703,2026-03-12 12:00:00.106000+00:00
xyz:XYZ100,-0.0000075888,-0.0004214216,2026-03-12 13:00:00.062000+00:00
xyz:XYZ100,-0.0000122008,-0.0004952136,2026-03-12 14:00:00.110000+00:00
xyz:XYZ100,-0.0000140007,-0.0005240113,2026-03-12 15:00:00.024000+00:00
xyz:XYZ100,-0.0000123898,-0.0004982367,2026-03-12 16:00:00.064000+00:00
xyz:XYZ100,-0.0000194759,-0.0006116149,2026-03-12 17:00:00.004000+00:00
xyz:XYZ100,-0.0000211937,-0.0006390992,2026-03-12 18:00:00.004000+00:00
xyz:XYZ100,-0.0000244532,-0.0006912514,2026-03-12 19:00:00.025000+00:00
xyz:XYZ100,-0.0000258583,-0.0007137333,2026-03-12 20:00:00.165000+00:00
xyz:XYZ100,-0.0000310791,-0.0007972653,2026-03-12 21:00:00.073000+00:00
xyz:XYZ100,-0.0000025132,-0.0003402118,2026-03-12 22:00:00.071000+00:00
xyz:XYZ100,-0.0000249371,-0.0006989931,2026-03-12 23:00:00.070000+00:00
xyz:XYZ100,-0.0000245310,-0.0006924965,2026-03-13 00:00:00.061000+00:00
xyz:XYZ100,-0.0000187875,-0.0006006006,2026-03-13 01:00:00.032000+00:00
xyz:XYZ100,-0.0000159143,-0.0005546281,2026-03-13 02:00:00.025000+00:00
xyz:XYZ100,-0.0000128441,-0.0005055054,2026-03-13 03:00:00.021000+00:00
xyz:XYZ100,-0.0000100514,-0.0004608227,2026-03-13 04:00:00.099000+00:00
xyz:XYZ100,-0.0000092940,-0.0004487044,2026-03-13 05:00:00.089000+00:00
xyz:XYZ100,-0.0000137559,-0.0005200949,2026-03-13 06:00:00.064000+00:00
xyz:XYZ100,-0.0000115079,-0.0004841265,2026-03-13 07:00:00.082000+00:00
xyz:XYZ100,-0.0000181171,-0.0005898733,2026-03-13 08:00:00.016000+00:00
xyz:XYZ100,-0.0000195341,-0.0006125458,2026-03-13 09:00:00.045000+00:00
xyz:XYZ100,-0.0000177990,-0.0005847844,2026-03-13 10:00:00.034000+00:00
xyz:XYZ100,-0.0000165968,-0.0005655482,2026-03-13 11:00:00.010000+00:00
xyz:XYZ100,-0.0000135672,-0.0005170757,2026-03-13 12:00:00.009000+00:00
xyz:XYZ100,-0.0000165267,-0.0005644270,2026-03-13 13:00:00.059000+00:00
xyz:XYZ100,-0.0000233218,-0.0006731488,2026-03-13 14:00:00.032000+00:00
xyz:XYZ100,-0.0000224953,-0.0006599253,2026-03-13 15:00:00.021000+00:00
xyz:XYZ100,-0.0000106552,-0.0004704834,2026-03-13 16:00:00.051000+00:00
xyz:XYZ100,-0.0000189831,-0.0006037291,2026-03-13 17:00:00.044000+00:00
xyz:XYZ100,-0.0000319482,-0.0008111716,2026-03-13 18:00:00.052000+00:00
xyz:XYZ100,-0.0000366984,-0.0008871751,2026-03-13 19:00:00.006000+00:00
xyz:XYZ100,-0.0000436308,-0.0009980935,2026-03-13 20:00:00.021000+00:00
xyz:XYZ100,-0.0000472498,-0.0010559973,2026-03-13 21:00:00.092000+00:00
xyz:XYZ100,-0.0000028071,-0.0003449135,2026-03-13 22:00:00.005000+00:00
xyz:XYZ100,-0.0000769729,-0.0015315661,2026-03-13 23:00:00.109000+00:00
xyz:XYZ100,0.0000062500,0.0001011587,2026-03-14 00:00:00.044000+00:00
xyz:XYZ100,0.0000062500,0.0003507134,2026-03-14 01:00:00.094000+00:00
xyz:XYZ100,0.0000062500,-0.0000614846,2026-03-14 02:00:00.100000+00:00
xyz:XYZ100,0.0000037257,-0.0002403880,2026-03-14 03:00:00.013000+00:00
xyz:XYZ100,0.0000056342,-0.0002098536,2026-03-14 04:00:00.019000+00:00
xyz:XYZ100,0.0000062500,-0.0001691660,2026-03-14 05:00:00.095000+00:00
xyz:XYZ100,0.0000062500,0.0001590474,2026-03-14 06:00:00.072000+00:00
xyz:XYZ100,0.0000062500,0.0001667604,2026-03-14 07:00:00.036000+00:00
xyz:XYZ100,0.0000062500,-0.0000914436,2026-03-14 08:00:00.041000+00:00
xyz:XYZ100,-0.0000450968,-0.0010215493,2026-03-14 09:00:00.025000+00:00
xyz:XYZ100,-0.0000228842,-0.0006661469,2026-03-14 10:00:00.098000+00:00
xyz:XYZ100,-0.0000195618,-0.0006129889,2026-03-14 11:00:00.047000+00:00
xyz:XYZ100,0.0000062500,-0.0000994690,2026-03-14 12:00:00.020000+00:00
xyz:XYZ100,-0.0000148128,-0.0005370050,2026-03-14 13:00:00.042000+00:00
xyz:XYZ100,0.0000062500,0.0001864186,2026-03-14 14:00:00.076000+00:00
xyz:XYZ100,0.0000120016,0.0004920249,2026-03-14 15:00:00.009000+00:00
xyz:XYZ100,0.0000062500,0.0000833081,2026-03-14 16:00:00.100000+00:00
xyz:XYZ100,0.0000062500,0.0001773731,2026-03-14 17:00:00.061000+00:00
xyz:XYZ100,-0.0000225459,-0.0006607344,2026-03-14 18:00:00.018000+00:00
xyz:XYZ100,-0.0000074035,-0.0004184560,2026-03-14 19:00:00.048000+00:00
xyz:XYZ100,-0.0000339469,-0.0008431509,2026-03-14 20:00:00.035000+00:00
xyz:XYZ100,-0.0000456560,-0.0010304956,2026-03-14 21:00:00.015000+00:00
xyz:XYZ100,-0.0000244445,-0.0006911113,2026-03-14 22:00:00.041000+00:00
xyz:XYZ100,-0.0000125361,-0.0005005778,2026-03-14 23:00:00.044000+00:00
xyz:XYZ100,0.0000579211,0.0012267371,2026-03-15 00:00:00.099000+00:00
xyz:XYZ100,0.0000229365,0.0006669841,2026-03-15 01:00:00.102000+00:00
xyz:XYZ100,0.0003266803,0.0055268850,2026-03-15 02:00:00.005000+00:00
xyz:XYZ100,0.0001324296,0.0024188742,2026-03-15 03:00:00.130000+00:00
xyz:XYZ100,0.0000325525,0.0008208393,2026-03-15 04:00:00.040000+00:00
xyz:XYZ100,-0.0000404206,-0.0009467301,2026-03-15 05:00:00.066000+00:00
xyz:XYZ100,0.0000062500,0.0002028447,2026-03-15 06:00:00.010000+00:00
xyz:XYZ100,0.0000331007,0.0008296106,2026-03-15 07:00:00.046000+00:00
xyz:XYZ100,-0.0000201539,-0.0006224623,2026-03-15 08:00:00.003000+00:00
xyz:XYZ100,-0.0000023574,-0.0003377178,2026-03-15 09:00:00.067000+00:00
xyz:XYZ100,0.0000062500,0.0000382461,2026-03-15 10:00:00.003000+00:00
xyz:XYZ100,0.0000062500,0.0000241780,2026-03-15 11:00:00.039000+00:00
xyz:XYZ100,-0.0000136318,-0.0005181091,2026-03-15 12:00:00.060000+00:00
xyz:XYZ100,0.0000062500,0.0001977521,2026-03-15 13:00:00.023000+00:00
xyz:XYZ100,0.0000062500,0.0001359920,2026-03-15 14:00:00.023000+00:00
xyz:XYZ100,0.0000062500,-0.0001465626,2026-03-15 15:00:00.084000+00:00
xyz:XYZ100,0.0000062500,-0.0001619425,2026-03-15 16:00:00.034000+00:00
xyz:XYZ100,0.0000062500,0.0000223626,2026-03-15 17:00:00.036000+00:00
xyz:XYZ100,0.0000062500,0.0000095806,2026-03-15 18:00:00.003000+00:00
xyz:XYZ100,0.0000203151,0.0006250409,2026-03-15 19:00:00.127000+00:00
xyz:XYZ100,-0.0000064874,-0.0004037985,2026-03-15 20:00:00.024000+00:00
xyz:XYZ100,-0.0000444695,-0.0010115128,2026-03-15 21:00:00.083000+00:00
xyz:XYZ100,0.0000062500,0.0003777277,2026-03-15 22:00:00.019000+00:00
xyz:XYZ100,0.0000060102,-0.0002038362,2026-03-15 23:00:00.037000+00:00
xyz:XYZ100,-0.0000061821,-0.0003989136,2026-03-16 00:00:00.090000+00:00
xyz:XYZ100,-0.0000011139,-0.0003178227,2026-03-16 01:00:00.002000+00:00
xyz:XYZ100,-0.0000049300,-0.0003788804,2026-03-16 02:00:00.078000+00:00
xyz:XYZ100,-0.0000078058,-0.0004248924,2026-03-16 03:00:00.040000+00:00
xyz:XYZ100,-0.0000062576,-0.0004001218,2026-03-16 04:00:00.012000+00:00
xyz:XYZ100,-0.0000079111,-0.0004265771,2026-03-16 05:00:00.021000+00:00
xyz:XYZ100,-0.0000103072,-0.0004649154,2026-03-16 06:00:00.092000+00:00
xyz:XYZ100,-0.0000079656,-0.0004274504,2026-03-16 07:00:00.033000+00:00
xyz:XYZ100,-0.0000123854,-0.0004981657,2026-03-16 08:00:00.062000+00:00
xyz:XYZ100,-0.0000137409,-0.0005198542,2026-03-16 09:00:00.035000+00:00
xyz:XYZ100,-0.0000093880,-0.0004502083,2026-03-16 10:00:00.042000+00:00
xyz:XYZ100,-0.0000066265,-0.0004060247,2026-03-16 11:00:00.013000+00:00
xyz:XYZ100,-0.0000082733,-0.0004323733,2026-03-16 12:00:00.013000+00:00
xyz:XYZ100,-0.0000026893,-0.0003430280,2026-03-16 13:00:00+00:00
xyz:XYZ100,0.0000015173,-0.0002757229,2026-03-16 14:00:00.099000+00:00
xyz:XYZ100,-0.0000001440,-0.0003023033,2026-03-16 15:00:00.013000+00:00
xyz:XYZ100,-0.0000046149,-0.0003738377,2026-03-16 16:00:00.033000+00:00
xyz:XYZ100,0.0000046616,-0.0002254147,2026-03-16 17:00:00.023000+00:00
xyz:XYZ100,0.0000062500,-0.0001384924,2026-03-16 18:00:00.045000+00:00
xyz:XYZ100,0.0000062500,-0.0001282892,2026-03-16 19:00:00.080000+00:00
xyz:XYZ100,0.0000062500,-0.0000366777,2026-03-16 20:00:00.001000+00:00
xyz:XYZ100,0.0000062500,-0.0000735901,2026-03-16 21:00:00.032000+00:00
xyz:XYZ100,0.0000062500,-0.0000834225,2026-03-16 22:00:00+00:00
xyz:XYZ100,0.0000062500,-0.0000492237,2026-03-16 23:00:00.003000+00:00
xyz:XYZ100,0.0000062500,-0.0000364398,2026-03-17 00:00:00.034000+00:00
xyz:XYZ100,0.0000062500,-0.0000082742,2026-03-17 01:00:00.045000+00:00
xyz:XYZ100,0.0000062500,-0.0000775145,2026-03-17 02:00:00.050000+00:00
xyz:XYZ100,0.0000062500,-0.0000937275,2026-03-17 03:00:00.010000+00:00
xyz:XYZ100,0.0000062500,-0.0001225073,2026-03-17 04:00:00.073000+00:00
xyz:XYZ100,0.0000062500,-0.0000457268,2026-03-17 05:00:00.048000+00:00
xyz:XYZ100,0.0000062500,-0.0000983812,2026-03-17 06:00:00.113000+00:00
xyz:XYZ100,0.0000062500,-0.0001021934,2026-03-17 07:00:00.039000+00:00
xyz:XYZ100,0.0000062500,-0.0000404579,2026-03-17 08:00:00+00:00
xyz:XYZ100,0.0000062500,-0.0001094526,2026-03-17 09:00:00.002000+00:00
xyz:XYZ100,0.0000062500,-0.0001188669,2026-03-17 10:00:00.075000+00:00
xyz:XYZ100,0.0000062500,-0.0001286217,2026-03-17 11:00:00.115000+00:00
xyz:XYZ100,0.0000062500,-0.0000572326,2026-03-17 12:00:00.006000+00:00
xyz:XYZ100,0.0000062500,-0.0001113187,2026-03-17 13:00:00.013000+00:00
xyz:XYZ100,0.0000062500,-0.0001470657,2026-03-17 14:00:00.047000+00:00
xyz:XYZ100,0.0000018611,-0.0002702221,2026-03-17 15:00:00.074000+00:00
xyz:XYZ100,0.0000062500,-0.0001341032,2026-03-17 16:00:00.038000+00:00
xyz:XYZ100,0.0000062500,-0.0001790120,2026-03-17 17:00:00.054000+00:00
xyz:XYZ100,0.0000034407,-0.0002449496,2026-03-17 18:00:00.071000+00:00
xyz:XYZ100,0.0000062500,-0.0001765831,2026-03-17 19:00:00.018000+00:00
xyz:XYZ100,0.0000022121,-0.0002646057,2026-03-17 20:00:00.034000+00:00
xyz:XYZ100,0.0000003313,-0.0002946991,2026-03-17 21:00:00.072000+00:00
xyz:XYZ100,0.0000010130,-0.0002837926,2026-03-17 22:00:00.003000+00:00
xyz:XYZ100,0.0000027280,-0.0002563514,2026-03-17 23:00:00.011000+00:00
xyz:XYZ100,0.0000027313,-0.0002562999,2026-03-18 00:00:00.028000+00:00
xyz:XYZ100,0.0000026167,-0.0002581324,2026-03-18 01:00:00.016000+00:00
xyz:XYZ100,0.0000045426,-0.0002273184,2026-03-18 02:00:00.026000+00:00
xyz:XYZ100,0.0000014923,-0.0002761229,2026-03-18 03:00:00.060000+00:00
xyz:XYZ100,0.0000035621,-0.0002430060,2026-03-18 04:00:00.054000+00:00
xyz:XYZ100,0.0000028343,-0.0002546504,2026-03-18 05:00:00.001000+00:00
xyz:XYZ100,0.0000016519,-0.0002735703,2026-03-18 06:00:00.067000+00:00
xyz:XYZ100,-0.0000014493,-0.0003231895,2026-03-18 07:00:00.033000+00:00
xyz:XYZ100,0.0000001083,-0.0002982665,2026-03-18 08:00:00.005000+00:00
xyz:XYZ100,-0.0000012178,-0.0003194845,2026-03-18 09:00:00.052000+00:00
xyz:XYZ100,-0.0000028585,-0.0003457360,2026-03-18 10:00:00.037000+00:00
xyz:XYZ100,-0.0000055321,-0.0003885133,2026-03-18 11:00:00.025000+00:00
xyz:XYZ100,-0.0000044310,-0.0003708959,2026-03-18 12:00:00.062000+00:00
xyz:XYZ100,0.0000001784,-0.0002971461,2026-03-18 13:00:00.007000+00:00
xyz:XYZ100,-0.0000043994,-0.0003703898,2026-03-18 14:00:00.026000+00:00
xyz:XYZ100,-0.0000126262,-0.0005020199,2026-03-18 15:00:00.035000+00:00
xyz:XYZ100,-0.0000149835,-0.0005397356,2026-03-18 16:00:00.009000+00:00
xyz:XYZ100,-0.0000095632,-0.0004530120,2026-03-18 17:00:00.066000+00:00
xyz:XYZ100,-0.0000032857,-0.0003525710,2026-03-18 18:00:00.052000+00:00
xyz:XYZ100,-0.0000025851,-0.0003413614,2026-03-18 19:00:00.045000+00:00
xyz:XYZ100,-0.0000125391,-0.0005006263,2026-03-18 20:00:00.055000+00:00
xyz:XYZ100,-0.0000080601,-0.0004289621,2026-03-18 21:00:00.050000+00:00
xyz:XYZ100,-0.0000105793,-0.0004692681,2026-03-18 22:00:00.035000+00:00
xyz:XYZ100,-0.0000134560,-0.0005152957,2026-03-18 23:00:00.040000+00:00
xyz:XYZ100,-0.0000143743,-0.0005299886,2026-03-19 00:00:00.090000+00:00
xyz:XYZ100,-0.0000217535,-0.0006480559,2026-03-19 01:00:00.009000+00:00
xyz:XYZ100,-0.0000216683,-0.0006466935,2026-03-19 02:00:00.012000+00:00
xyz:XYZ100,-0.0000188265,-0.0006012244,2026-03-19 03:00:00.041000+00:00
xyz:XYZ100,-0.0000180796,-0.0005892735,2026-03-19 04:00:00.010000+00:00
xyz:XYZ100,-0.0000182094,-0.0005913496,2026-03-19 05:00:00.090000+00:00
xyz:XYZ100,-0.0000182145,-0.0005914321,2026-03-19 06:00:00.052000+00:00
xyz:XYZ100,-0.0000209124,-0.0006345983,2026-03-19 07:00:00.107000+00:00
xyz:XYZ100,-0.0000242000,-0.0006871994,2026-03-19 08:00:00.064000+00:00
xyz:XYZ100,-0.0000231166,-0.0006698654,2026-03-19 09:00:00.026000+00:00
xyz:XYZ100,-0.0000198243,-0.0006171885,2026-03-19 10:00:00.123000+00:00
xyz:XYZ100,-0.0000195247,-0.0006123952,2026-03-19 11:00:00.052000+00:00
xyz:XYZ100,-0.0000203977,-0.0006263631,2026-03-19 12:00:00.006000+00:00
xyz:XYZ100,-0.0000214976,-0.0006439613,2026-03-19 13:00:00.045000+00:00
xyz:XYZ100,-0.0000245484,-0.0006927740,2026-03-19 14:00:00.059000+00:00
xyz:XYZ100,-0.0000231462,-0.0006703393,2026-03-19 15:00:00.002000+00:00
xyz:XYZ100,-0.0000262363,-0.0007197813,2026-03-19 16:00:00.031000+00:00
xyz:XYZ100,-0.0000251742,-0.0007027879,2026-03-19 17:00:00.011000+00:00
xyz:XYZ100,-0.0000165903,-0.0005654448,2026-03-19 18:00:00.049000+00:00
xyz:XYZ100,-0.0000222607,-0.0006561706,2026-03-19 19:00:00.024000+00:00
xyz:XYZ100,-0.0000026946,-0.0003431130,2026-03-19 20:00:00.037000+00:00
xyz:XYZ100,-0.0000045299,-0.0003724778,2026-03-19 21:00:00.022000+00:00
xyz:XYZ100,0.0000026512,-0.0002575802,2026-03-19 22:00:00.001000+00:00
xyz:XYZ100,-0.0000062985,-0.0004007761,2026-03-19 23:00:00.001000+00:00
xyz:XYZ100,-0.0000039110,-0.0003625760,2026-03-20 00:00:00.103000+00:00
xyz:XYZ100,-0.0000027141,-0.0003434263,2026-03-20 01:00:00.073000+00:00
xyz:XYZ100,-0.0000000544,-0.0003008705,2026-03-20 02:00:00.053000+00:00
xyz:XYZ100,0.0000023431,-0.0002625112,2026-03-20 03:00:00.072000+00:00
xyz:XYZ100,0.0000018052,-0.0002711173,2026-03-20 04:00:00.004000+00:00
xyz:XYZ100,0.0000001927,-0.0002969160,2026-03-20 05:00:00.107000+00:00
xyz:XYZ100,-0.0000003451,-0.0003055216,2026-03-20 06:00:00.096000+00:00
xyz:XYZ100,0.0000017165,-0.0002725366,2026-03-20 07:00:00.012000+00:00
xyz:XYZ100,-0.0000040791,-0.0003652650,2026-03-20 08:00:00.003000+00:00
xyz:XYZ100,-0.0000019414,-0.0003310630,2026-03-20 09:00:00.021000+00:00
xyz:XYZ100,-0.0000029978,-0.0003479656,2026-03-20 10:00:00.063000+00:00
xyz:XYZ100,-0.0000004314,-0.0003069024,2026-03-20 11:00:00.048000+00:00
xyz:XYZ100,-0.0000007177,-0.0003114837,2026-03-20 12:00:00.087000+00:00
xyz:XYZ100,-0.0000025106,-0.0003401703,2026-03-20 13:00:00.148000+00:00
xyz:XYZ100,-0.0000146462,-0.0005343384,2026-03-20 14:00:00.115000+00:00
xyz:XYZ100,-0.0000100341,-0.0004605457,2026-03-20 15:00:00.034000+00:00
xyz:XYZ100,-0.0000094002,-0.0004504025,2026-03-20 16:00:00.074000+00:00
xyz:XYZ100,0.0000014581,-0.0002766706,2026-03-20 17:00:00.075000+00:00
xyz:XYZ100,0.0000062500,-0.0001693455,2026-03-20 18:00:00.035000+00:00
xyz:XYZ100,-0.0000013307,-0.0003212907,2026-03-20 19:00:00.044000+00:00
xyz:XYZ100,-0.0000060361,-0.0003965769,2026-03-20 20:00:00.034000+00:00
xyz:XYZ100,-0.0000250711,-0.0007011380,2026-03-20 21:00:00.007000+00:00
xyz:XYZ100,0.0000062500,0.0003494931,2026-03-20 22:00:00+00:00
xyz:XYZ100,0.0000323692,0.0008179067,2026-03-20 23:00:00.047000+00:00
xyz:XYZ100,0.0000478155,0.0010650476,2026-03-21 00:00:00.093000+00:00
xyz:XYZ100,-0.0000637228,-0.0013195641,2026-03-21 01:00:00.011000+00:00
xyz:XYZ100,-0.0000479957,-0.0010679309,2026-03-21 02:00:00.032000+00:00
xyz:XYZ100,-0.0000232763,-0.0006724209,2026-03-21 03:00:00.013000+00:00
xyz:XYZ100,0.0000062500,0.0001941808,2026-03-21 04:00:00.040000+00:00
xyz:XYZ100,0.0000018295,-0.0002707285,2026-03-21 05:00:00.041000+00:00
xyz:XYZ100,-0.0000162607,-0.0005601716,2026-03-21 06:00:00.066000+00:00
xyz:XYZ100,0.0000070075,0.0004121194,2026-03-21 07:00:00.010000+00:00
xyz:XYZ100,0.0000340501,0.0008448013,2026-03-21 08:00:00.075000+00:00
xyz:XYZ100,0.0001207365,0.0022317840,2026-03-21 09:00:00.064000+00:00
xyz:XYZ100,0.0000369944,0.0008919105,2026-03-21 10:00:00+00:00
xyz:XYZ100,0.0000062500,0.0003740644,2026-03-21 11:00:00.008000+00:00
xyz:XYZ100,0.0000062500,-0.0000973167,2026-03-21 12:00:00.094000+00:00
xyz:XYZ100,0.0000013625,-0.0002781993,2026-03-21 13:00:00.015000+00:00
xyz:XYZ100,0.0000051272,-0.0002179641,2026-03-21 14:00:00.045000+00:00
xyz:XYZ100,0.0000286138,0.0007578203,2026-03-21 15:00:00.051000+00:00
xyz:XYZ100,0.0000272965,0.0007367433,2026-03-21 16:00:00.039000+00:00
xyz:XYZ100,0.0000062500,0.0000193140,2026-03-21 17:00:00.032000+00:00
xyz:XYZ100,-0.0000049285,-0.0003788555,2026-03-21 18:00:00.020000+00:00
xyz:XYZ100,0.0000062500,0.0002214060,2026-03-21 19:00:00.057000+00:00
xyz:XYZ100,0.0000278649,0.0007458388,2026-03-21 20:00:00.073000+00:00
xyz:XYZ100,0.0000250359,0.0007005750,2026-03-21 21:00:00.086000+00:00
xyz:XYZ100,0.0000062500,-0.0000428588,2026-03-21 22:00:00.004000+00:00
xyz:XYZ100,-0.0000214121,-0.0006425942,2026-03-21 23:00:00.026000+00:00
xyz:XYZ100,-0.0000699704,-0.0014195271,2026-03-22 00:00:00.042000+00:00
xyz:XYZ100,-0.0001607623,-0.0028721972,2026-03-22 01:00:00.020000+00:00
xyz:XYZ100,-0.0000775826,-0.0015413210,2026-03-22 02:00:00.085000+00:00
xyz:XYZ100,-0.0000475902,-0.0010614435,2026-03-22 03:00:00.085000+00:00
xyz:XYZ100,-0.0000213717,-0.0006419467,2026-03-22 04:00:00.007000+00:00
xyz:XYZ100,0.0000027889,-0.0002553769,2026-03-22 05:00:00.062000+00:00
xyz:XYZ100,0.0000062500,0.0001492977,2026-03-22 06:00:00.062000+00:00
xyz:XYZ100,0.0000062500,-0.0001195063,2026-03-22 07:00:00.088000+00:00
xyz:XYZ100,0.0000062500,0.0001721813,2026-03-22 08:00:00.050000+00:00
xyz:XYZ100,-0.0000063085,-0.0004009352,2026-03-22 09:00:00.062000+00:00
xyz:XYZ100,0.0000062500,0.0001668392,2026-03-22 10:00:00.003000+00:00
xyz:XYZ100,-0.0000018690,-0.0003299036,2026-03-22 11:00:00.044000+00:00
xyz:XYZ100,0.0000054364,-0.0002130174,2026-03-22 12:00:00.049000+00:00
xyz:XYZ100,-0.0000314732,-0.0008035709,2026-03-22 13:00:00.046000+00:00
xyz:XYZ100,-0.0000089684,-0.0004434942,2026-03-22 14:00:00.011000+00:00
xyz:XYZ100,0.0000062500,0.0000889005,2026-03-22 15:00:00.042000+00:00
xyz:XYZ100,-0.0000063151,-0.0004010416,2026-03-22 16:00:00.021000+00:00
xyz:XYZ100,-0.0000096909,-0.0004550547,2026-03-22 17:00:00.006000+00:00
xyz:XYZ100,0.0000062500,-0.0001534040,2026-03-22 18:00:00.081000+00:00
xyz:XYZ100,0.0000062500,-0.0000602326,2026-03-22 19:00:00.039000+00:00
xyz:XYZ100,0.0000011544,-0.0002815296,2026-03-22 20:00:00.048000+00:00
xyz:XYZ100,-0.0000046630,-0.0003746079,2026-03-22 21:00:00.082000+00:00
xyz:XYZ100,-0.0000188876,-0.0006022020,2026-03-22 22:00:00.090000+00:00
xyz:XYZ100,0.0000062500,-0.0001763011,2026-03-22 23:00:00.049000+00:00
xyz:XYZ100,0.0000062500,-0.0000779667,2026-03-23 00:00:00.261000+00:00
xyz:XYZ100,-0.0000051301,-0.0003820816,2026-03-23 01:00:00.069000+00:00
xyz:XYZ100,-0.0000125972,-0.0005015558,2026-03-23 02:00:00.040000+00:00
xyz:XYZ100,-0.0000162310,-0.0005596967,2026-03-23 03:00:00.111000+00:00
xyz:XYZ100,-0.0000184481,-0.0005951694,2026-03-23 04:00:00.086000+00:00
xyz:XYZ100,-0.0000132295,-0.0005116716,2026-03-23 05:00:00.014000+00:00
xyz:XYZ100,-0.0000131735,-0.0005107767,2026-03-23 06:00:00.068000+00:00
xyz:XYZ100,-0.0000174277,-0.0005788439,2026-03-23 07:00:00.043000+00:00
xyz:XYZ100,-0.0000177483,-0.0005839732,2026-03-23 08:00:00.066000+00:00
xyz:XYZ100,-0.0000193769,-0.0006100305,2026-03-23 09:00:00.071000+00:00
xyz:XYZ100,-0.0000180614,-0.0005889817,2026-03-23 10:00:00.081000+00:00
xyz:XYZ100,-0.0000174678,-0.0005794845,2026-03-23 11:00:00.004000+00:00
xyz:XYZ100,-0.0000243222,-0.0006891553,2026-03-23 12:00:00.045000+00:00
xyz:XYZ100,-0.0000259059,-0.0007144947,2026-03-23 13:00:00.056000+00:00
xyz:XYZ100,-0.0000141705,-0.0005267284,2026-03-23 14:00:00.053000+00:00
xyz:XYZ100,0.0000056770,-0.0002091685,2026-03-23 15:00:00.071000+00:00
xyz:XYZ100,0.0000013116,-0.0002790140,2026-03-23 16:00:00.048000+00:00
xyz:XYZ100,-0.0000099261,-0.0004588175,2026-03-23 17:00:00.080000+00:00
xyz:XYZ100,-0.0000086296,-0.0004380736,2026-03-23 18:00:00.041000+00:00
xyz:XYZ100,-0.0000110073,-0.0004761168,2026-03-23 19:00:00.054000+00:00
xyz:XYZ100,-0.0000065395,-0.0004046324,2026-03-23 20:00:00.019000+00:00
xyz:XYZ100,-0.0000038731,-0.0003619692,2026-03-23 21:00:00.090000+00:00
xyz:XYZ100,0.0000062500,-0.0000436856,2026-03-23 22:00:00.162000+00:00
xyz:XYZ100,-0.0000005255,-0.0003084078,2026-03-23 23:00:00.056000+00:00
xyz:XYZ100,-0.0000080817,-0.0004293068,2026-03-24 00:00:00.027000+00:00
xyz:XYZ100,-0.0000160439,-0.0005567032,2026-03-24 01:00:00.082000+00:00
xyz:XYZ100,-0.0000160587,-0.0005569385,2026-03-24 02:00:00.034000+00:00
xyz:XYZ100,-0.0000171309,-0.0005740938,2026-03-24 03:00:00+00:00
xyz:XYZ100,-0.0000207139,-0.0006314231,2026-03-24 04:00:00.016000+00:00
xyz:XYZ100,-0.0000156072,-0.0005497155,2026-03-24 05:00:00.079000+00:00
xyz:XYZ100,-0.0000147257,-0.0005356119,2026-03-24 06:00:00.003000+00:00
xyz:XYZ100,-0.0000096537,-0.0004544588,2026-03-24 07:00:00.088000+00:00
xyz:XYZ100,-0.0000111419,-0.0004782712,2026-03-24 08:00:00.033000+00:00
xyz:XYZ100,-0.0000051837,-0.0003829389,2026-03-24 09:00:00.051000+00:00
xyz:XYZ100,-0.0000105149,-0.0004682381,2026-03-24 10:00:00.105000+00:00
xyz:XYZ100,-0.0000094608,-0.0004513725,2026-03-24 11:00:00.045000+00:00
xyz:XYZ100,-0.0000081153,-0.0004298456,2026-03-24 12:00:00.096000+00:00
xyz:XYZ100,-0.0000092989,-0.0004487827,2026-03-24 13:00:00.028000+00:00
xyz:XYZ100,-0.0000161195,-0.0005579125,2026-03-24 14:00:00.089000+00:00
xyz:XYZ100,-0.0000107346,-0.0004717529,2026-03-24 15:00:00.033000+00:00
xyz:XYZ100,-0.0000012415,-0.0003198643,2026-03-24 16:00:00.039000+00:00
xyz:XYZ100,-0.0000083899,-0.0004342389,2026-03-24 17:00:00.061000+00:00
xyz:XYZ100,-0.0000088097,-0.0004409548,2026-03-24 18:00:00.062000+00:00
xyz:XYZ100,-0.0000149443,-0.0005391089,2026-03-24 19:00:00.040000+00:00
xyz:XYZ100,-0.0000137493,-0.0005199890,2026-03-24 20:00:00.058000+00:00
xyz:XYZ100,-0.0000061762,-0.0003988195,2026-03-24 21:00:00.159000+00:00
xyz:XYZ100,0.0000084981,0.0004359691,2026-03-24 22:00:00.052000+00:00
xyz:XYZ100,0.0000062500,-0.0001366503,2026-03-24 23:00:00.069000+00:00
xyz:XYZ100,0.0000034976,-0.0002440390,2026-03-25 00:00:00.048000+00:00
xyz:XYZ100,0.0000019895,-0.0002681673,2026-03-25 01:00:00.110000+00:00
xyz:XYZ100,-0.0000000095,-0.0003001517,2026-03-25 02:00:00.086000+00:00
xyz:XYZ100,-0.0000009148,-0.0003146361,2026-03-25 03:00:00.069000+00:00
xyz:XYZ100,0.0000020156,-0.0002677505,2026-03-25 04:00:00.059000+00:00
xyz:XYZ100,0.0000036089,-0.0002422584,2026-03-25 05:00:00.076000+00:00
xyz:XYZ100,0.0000008636,-0.0002861825,2026-03-25 06:00:00.043000+00:00
xyz:XYZ100,-0.0000026888,-0.0003430207,2026-03-25 07:00:00.053000+00:00
xyz:XYZ100,-0.0000003637,-0.0003058192,2026-03-25 08:00:00.007000+00:00
xyz:XYZ100,-0.0000039760,-0.0003636155,2026-03-25 09:00:00.057000+00:00
xyz:XYZ100,-0.0000003551,-0.0003056824,2026-03-25 10:00:00.090000+00:00
xyz:XYZ100,0.0000009128,-0.0002853952,2026-03-25 11:00:00.018000+00:00
xyz:XYZ100,0.0000023453,-0.0002624758,2026-03-25 12:00:00.038000+00:00
xyz:XYZ100,0.0000007096,-0.0002886461,2026-03-25 13:00:00.032000+00:00
xyz:XYZ100,0.0000029393,-0.0002529710,2026-03-25 14:00:00.041000+00:00
xyz:XYZ100,-0.0000005870,-0.0003093921,2026-03-25 15:00:00.062000+00:00
xyz:XYZ100,0.0000005371,-0.0002914068,2026-03-25 16:00:00.052000+00:00
xyz:XYZ100,0.0000037019,-0.0002407703,2026-03-25 17:00:00.022000+00:00
xyz:XYZ100,0.0000034953,-0.0002440760,2026-03-25 18:00:00.075000+00:00
xyz:XYZ100,-0.0000023636,-0.0003378178,2026-03-25 19:00:00.037000+00:00
xyz:XYZ100,0.0000062500,-0.0001945182,2026-03-25 20:00:00.025000+00:00
xyz:XYZ100,-0.0000034826,-0.0003557223,2026-03-25 21:00:00.066000+00:00
xyz:XYZ100,-0.0000010879,-0.0003174064,2026-03-25 22:00:00.023000+00:00
xyz:XYZ100,-0.0000007655,-0.0003122487,2026-03-25 23:00:00.072000+00:00
xyz:XYZ100,-0.0000056068,-0.0003897092,2026-03-26 00:00:00.035000+00:00
xyz:XYZ100,-0.0000025399,-0.0003406378,2026-03-26 01:00:00.006000+00:00
xyz:XYZ100,-0.0000022714,-0.0003363425,2026-03-26 02:00:00.139000+00:00
xyz:XYZ100,-0.0000036335,-0.0003581365,2026-03-26 03:00:00.114000+00:00
xyz:XYZ100,-0.0000057468,-0.0003919494,2026-03-26 04:00:00.110000+00:00
xyz:XYZ100,-0.0000055734,-0.0003891743,2026-03-26 05:00:00.097000+00:00
xyz:XYZ100,0.0000029199,-0.0002532810,2026-03-26 06:00:00.014000+00:00
xyz:XYZ100,0.0000048571,-0.0002222870,2026-03-26 07:00:00.009000+00:00
xyz:XYZ100,0.0000027257,-0.0002563892,2026-03-26 08:00:00.094000+00:00
xyz:XYZ100,0.0000016283,-0.0002739474,2026-03-26 09:00:00.075000+00:00
xyz:XYZ100,0.0000046958,-0.0002248675,2026-03-26 10:00:00.001000+00:00
xyz:XYZ100,-0.0000049850,-0.0003797598,2026-03-26 11:00:00.072000+00:00
xyz:XYZ100,0.0000006540,-0.0002895365,2026-03-26 12:00:00.020000+00:00
xyz:XYZ100,-0.0000079635,-0.0004274162,2026-03-26 13:00:00.078000+00:00
xyz:XYZ100,-0.0000081086,-0.0004297370,2026-03-26 14:00:00.066000+00:00
xyz:XYZ100,-0.0000014285,-0.0003228562,2026-03-26 15:00:00.018000+00:00
xyz:XYZ100,-0.0000127207,-0.0005035316,2026-03-26 16:00:00.055000+00:00
xyz:XYZ100,-0.0000046590,-0.0003745445,2026-03-26 17:00:00.026000+00:00
xyz:XYZ100,0.0000038543,-0.0002383305,2026-03-26 18:00:00.030000+00:00
xyz:XYZ100,0.0000062500,-0.0001613553,2026-03-26 19:00:00.003000+00:00
xyz:XYZ100,0.0000062500,-0.0001720723,2026-03-26 20:00:00.077000+00:00
xyz:XYZ100,0.0000023451,-0.0002624783,2026-03-26 21:00:00.031000+00:00
xyz:XYZ100,0.0000062500,-0.0000664783,2026-03-26 22:00:00.068000+00:00
xyz:XYZ100,-0.0000077964,-0.0004247423,2026-03-26 23:00:00.071000+00:00
xyz:XYZ100,-0.0000071350,-0.0004141597,2026-03-27 00:00:00.013000+00:00
xyz:XYZ100,-0.0000053142,-0.0003850272,2026-03-27 01:00:00.004000+00:00
xyz:XYZ100,-0.0000053624,-0.0003857982,2026-03-27 02:00:00.007000+00:00
xyz:XYZ100,-0.0000031505,-0.0003504073,2026-03-27 03:00:00.045000+00:00
xyz:XYZ100,-0.0000062509,-0.0004000139,2026-03-27 04:00:00.027000+00:00
xyz:XYZ100,-0.0000069126,-0.0004106017,2026-03-27 05:00:00.055000+00:00
xyz:XYZ100,-0.0000054226,-0.0003867611,2026-03-27 06:00:00.021000+00:00
xyz:XYZ100,-0.0000098666,-0.0004578657,2026-03-27 07:00:00.047000+00:00
xyz:XYZ100,-0.0000099721,-0.0004595537,2026-03-27 08:00:00.042000+00:00
xyz:XYZ100,-0.0000085745,-0.0004371918,2026-03-27 09:00:00.078000+00:00
xyz:XYZ100,-0.0000079545,-0.0004272724,2026-03-27 10:00:00.011000+00:00
xyz:XYZ100,-0.0000071834,-0.0004149339,2026-03-27 11:00:00.056000+00:00
xyz:XYZ100,-0.0000028478,-0.0003455652,2026-03-27 12:00:00.073000+00:00
xyz:XYZ100,-0.0000037129,-0.0003594067,2026-03-27 13:00:00.020000+00:00
xyz:XYZ100,-0.0000208623,-0.0006337961,2026-03-27 14:00:00.027000+00:00
xyz:XYZ100,-0.0000250976,-0.0007015612,2026-03-27 15:00:00.082000+00:00
xyz:XYZ100,-0.0000066515,-0.0004064233,2026-03-27 16:00:00.069000+00:00
xyz:XYZ100,-0.0000066417,-0.0004062670,2026-03-27 17:00:00.063000+00:00
xyz:XYZ100,-0.0000018701,-0.0003299210,2026-03-27 18:00:00.018000+00:00
xyz:XYZ100,-0.0000106218,-0.0004699489,2026-03-27 19:00:00.017000+00:00
xyz:XYZ100,-0.0000130367,-0.0005085872,2026-03-27 20:00:00.043000+00:00
xyz:XYZ100,-0.0000100799,-0.0004612792,2026-03-27 21:00:00.064000+00:00
xyz:XYZ100,0.0000062500,0.0000839515,2026-03-27 22:00:00.044000+00:00
xyz:XYZ100,-0.0000126218,-0.0005019484,2026-03-27 23:00:00.008000+00:00
xyz:XYZ100,0.0000062500,0.0003137466,2026-03-28 00:00:00.062000+00:00
xyz:XYZ100,0.0000062500,-0.0000809959,2026-03-28 01:00:00.004000+00:00
xyz:XYZ100,-0.0000525738,-0.0011411810,2026-03-28 02:00:00.051000+00:00
xyz:XYZ100,-0.0000296039,-0.0007736629,2026-03-28 03:00:00.023000+00:00
xyz:XYZ100,-0.0000155903,-0.0005494451,2026-03-28 04:00:00.106000+00:00
xyz:XYZ100,-0.0000058203,-0.0003931253,2026-03-28 05:00:00.055000+00:00
xyz:XYZ100,0.0000062500,0.0000404109,2026-03-28 06:00:00.067000+00:00
xyz:XYZ100,0.0000358551,0.0008736821,2026-03-28 07:00:00.039000+00:00
xyz:XYZ100,0.0000441903,0.0010070446,2026-03-28 08:00:00.007000+00:00
xyz:XYZ100,0.0000062500,0.0002049866,2026-03-28 09:00:00.008000+00:00
xyz:XYZ100,-0.0000195161,-0.0006122580,2026-03-28 10:00:00.014000+00:00
xyz:XYZ100,0.0000062500,0.0001093401,2026-03-28 11:00:00.095000+00:00
xyz:XYZ100,-0.0000028169,-0.0003450704,2026-03-28 12:00:00.014000+00:00
xyz:XYZ100,0.0000062500,-0.0001752970,2026-03-28 13:00:00.013000+00:00
xyz:XYZ100,0.0000381048,0.0009096771,2026-03-28 14:00:00.047000+00:00
xyz:XYZ100,0.0001028158,0.0019450525,2026-03-28 15:00:00.042000+00:00
xyz:XYZ100,0.0000488683,0.0010818933,2026-03-28 16:00:00.047000+00:00
xyz:XYZ100,0.0000062500,0.0002023889,2026-03-28 17:00:00.074000+00:00
xyz:XYZ100,-0.0000322002,-0.0008152024,2026-03-28 18:00:00.070000+00:00
xyz:XYZ100,0.0000062500,-0.0001999919,2026-03-28 19:00:00.007000+00:00
xyz:XYZ100,0.0000062500,-0.0001919966,2026-03-28 20:00:00.075000+00:00
xyz:XYZ100,0.0000062500,0.0000241802,2026-03-28 21:00:00.036000+00:00
xyz:XYZ100,0.0000062500,0.0001267971,2026-03-28 22:00:00.009000+00:00
xyz:XYZ100,0.0000067271,0.0004076338,2026-03-28 23:00:00.040000+00:00
xyz:XYZ100,-0.0000599628,-0.0012594052,2026-03-29 00:00:00.085000+00:00
xyz:XYZ100,-0.0000367182,-0.0008874904,2026-03-29 01:00:00.068000+00:00
xyz:XYZ100,-0.0000159317,-0.0005549072,2026-03-29 02:00:00.040000+00:00
xyz:XYZ100,0.0000062500,0.0000909563,2026-03-29 03:00:00.050000+00:00
xyz:XYZ100,0.0000062500,0.0002909046,2026-03-29 04:00:00.034000+00:00
xyz:XYZ100,0.0000062500,0.0000665184,2026-03-29 05:00:00.054000+00:00
xyz:XYZ100,0.0000060611,-0.0002030222,2026-03-29 06:00:00.017000+00:00
xyz:XYZ100,0.0000020680,-0.0002669123,2026-03-29 07:00:00.047000+00:00
xyz:XYZ100,-0.0000162055,-0.0005592886,2026-03-29 08:00:00.033000+00:00
xyz:XYZ100,-0.0000088064,-0.0004409022,2026-03-29 09:00:00.036000+00:00
xyz:XYZ100,-0.0000207985,-0.0006327753,2026-03-29 10:00:00.121000+00:00
xyz:XYZ100,-0.0000118586,-0.0004897374,2026-03-29 11:00:00.002000+00:00
xyz:XYZ100,0.0000062500,0.0001416750,2026-03-29 12:00:00.067000+00:00
xyz:XYZ100,0.0000062500,-0.0001295446,2026-03-29 13:00:00.056000+00:00
xyz:XYZ100,-0.0000021411,-0.0003342578,2026-03-29 14:00:00.026000+00:00
xyz:XYZ100,-0.0000015100,-0.0003241606,2026-03-29 15:00:00.057000+00:00
xyz:XYZ100,0.0000148413,0.0005374613,2026-03-29 16:00:00.029000+00:00
xyz:XYZ100,0.0000062500,0.0001333857,2026-03-29 17:00:00.011000+00:00
xyz:XYZ100,0.0000062500,-0.0000233859,2026-03-29 18:00:00.092000+00:00
xyz:XYZ100,0.0000062500,0.0002541337,2026-03-29 19:00:00.066000+00:00
xyz:XYZ100,0.0000226070,0.0006617128,2026-03-29 20:00:00.062000+00:00
xyz:XYZ100,0.0000062500,0.0003490932,2026-03-29 21:00:00.026000+00:00
xyz:XYZ100,-0.0000255605,-0.0007089684,2026-03-29 22:00:00.013000+00:00
xyz:XYZ100,-0.0000072326,-0.0004157223,2026-03-29 23:00:00.096000+00:00
xyz:XYZ100,-0.0000138218,-0.0005211484,2026-03-30 00:00:00.038000+00:00
xyz:XYZ100,-0.0000169645,-0.0005714312,2026-03-30 01:00:00.030000+00:00
xyz:XYZ100,-0.0000175935,-0.0005814958,2026-03-30 02:00:00.054000+00:00
xyz:XYZ100,-0.0000136203,-0.0005179255,2026-03-30 03:00:00.013000+00:00
xyz:XYZ100,-0.0000149320,-0.0005389128,2026-03-30 04:00:00.074000+00:00
xyz:XYZ100,-0.0000104699,-0.0004675184,2026-03-30 05:00:00.056000+00:00
xyz:XYZ100,-0.0000118158,-0.0004890532,2026-03-30 06:00:00.089000+00:00
xyz:XYZ100,-0.0000132250,-0.0005116005,2026-03-30 07:00:00.043000+00:00
xyz:XYZ100,-0.0000134755,-0.0005156074,2026-03-30 08:00:00.192000+00:00
xyz:XYZ100,-0.0000093181,-0.0004490897,2026-03-30 09:00:00.039000+00:00
xyz:XYZ100,-0.0000129405,-0.0005070472,2026-03-30 10:00:00.052000+00:00
xyz:XYZ100,-0.0000138363,-0.0005213804,2026-03-30 11:00:00.059000+00:00
xyz:XYZ100,-0.0000119612,-0.0004913798,2026-03-30 12:00:00.038000+00:00
xyz:XYZ100,-0.0000115985,-0.0004855763,2026-03-30 13:00:00.031000+00:00
xyz:XYZ100,-0.0000066077,-0.0004057237,2026-03-30 14:00:00.046000+00:00
xyz:XYZ100,0.0000062500,-0.0001090652,2026-03-30 15:00:00.019000+00:00
xyz:XYZ100,0.0000062500,-0.0000572982,2026-03-30 16:00:00.071000+00:00
xyz:XYZ100,0.0000050166,-0.0002197336,2026-03-30 17:00:00.108000+00:00
xyz:XYZ100,0.0000003061,-0.0002951027,2026-03-30 18:00:00.051000+00:00
xyz:XYZ100,-0.0000026116,-0.0003417850,2026-03-30 19:00:00.085000+00:00
xyz:XYZ100,0.0000002032,-0.0002967494,2026-03-30 20:00:00.055000+00:00
xyz:XYZ100,0.0000031671,-0.0002493270,2026-03-30 21:00:00.095000+00:00
xyz:XYZ100,0.0000062500,-0.0000239485,2026-03-30 22:00:00.021000+00:00
xyz:XYZ100,0.0000049702,-0.0002204764,2026-03-30 23:00:00.066000+00:00
xyz:XYZ100,0.0000048362,-0.0002226208,2026-03-31 00:00:00.016000+00:00
xyz:XYZ100,0.0000053685,-0.0002141041,2026-03-31 01:00:00.038000+00:00
xyz:XYZ100,0.0000062500,-0.0001483434,2026-03-31 02:00:00.066000+00:00
xyz:XYZ100,0.0000062500,-0.0001221560,2026-03-31 03:00:00.092000+00:00
xyz:XYZ100,0.0000051365,-0.0002178155,2026-03-31 04:00:00.073000+00:00
xyz:XYZ100,0.0000044711,-0.0002284621,2026-03-31 05:00:00.062000+00:00
xyz:XYZ100,0.0000054587,-0.0002126615,2026-03-31 06:00:00.022000+00:00
xyz:XYZ100,0.0000053603,-0.0002142358,2026-03-31 07:00:00.045000+00:00
xyz:XYZ100,0.0000038308,-0.0002387069,2026-03-31 08:00:00+00:00
xyz:XYZ100,0.0000046619,-0.0002254101,2026-03-31 09:00:00.056000+00:00
xyz:XYZ100,0.0000031321,-0.0002498870,2026-03-31 10:00:00.021000+00:00
xyz:XYZ100,0.0000031132,-0.0002501881,2026-03-31 11:00:00.032000+00:00
xyz:XYZ100,0.0000021539,-0.0002655371,2026-03-31 12:00:00.073000+00:00
xyz:XYZ100,0.0000011210,-0.0002820639,2026-03-31 13:00:00.030000+00:00
xyz:XYZ100,-0.0000027242,-0.0003435867,2026-03-31 14:00:00.038000+00:00
xyz:XYZ100,-0.0000034488,-0.0003551803,2026-03-31 15:00:00.043000+00:00
xyz:XYZ100,-0.0000047937,-0.0003766993,2026-03-31 16:00:00.025000+00:00
xyz:XYZ100,-0.0000045789,-0.0003732622,2026-03-31 17:00:00.030000+00:00
xyz:XYZ100,-0.0000205274,-0.0006284381,2026-03-31 18:00:00.007000+00:00
xyz:XYZ100,-0.0000282140,-0.0007514244,2026-03-31 19:00:00.051000+00:00
xyz:XYZ100,-0.0000194262,-0.0006108194,2026-03-31 20:00:00.039000+00:00
xyz:XYZ100,-0.0000172931,-0.0005766899,2026-03-31 21:00:00.026000+00:00
xyz:XYZ100,-0.0000180376,-0.0005886024,2026-03-31 22:00:00.046000+00:00
xyz:XYZ100,-0.0000267351,-0.0007277615,2026-03-31 23:00:00.029000+00:00
xyz:XYZ100,-0.0000160931,-0.0005574889,2026-04-01 00:00:00.068000+00:00
xyz:XYZ100,-0.0000184388,-0.0005950213,2026-04-01 01:00:00.022000+00:00
xyz:XYZ100,-0.0000281161,-0.0007498572,2026-04-01 02:00:00.050000+00:00
xyz:XYZ100,-0.0000236209,-0.0006779344,2026-04-01 03:00:00.044000+00:00
xyz:XYZ100,-0.0000204758,-0.0006276127,2026-04-01 04:00:00.042000+00:00
xyz:XYZ100,-0.0000257909,-0.0007126550,2026-04-01 05:00:00.057000+00:00
xyz:XYZ100,-0.0000222896,-0.0006566342,2026-04-01 06:00:00.051000+00:00
xyz:XYZ100,-0.0000232286,-0.0006716573,2026-04-01 07:00:00.039000+00:00
xyz:XYZ100,-0.0000263635,-0.0007218157,2026-04-01 08:00:00.062000+00:00
xyz:XYZ100,-0.0000274222,-0.0007387547,2026-04-01 09:00:00.046000+00:00
xyz:XYZ100,-0.0000274625,-0.0007394004,2026-04-01 10:00:00.050000+00:00
xyz:XYZ100,-0.0000266306,-0.0007260903,2026-04-01 11:00:00.068000+00:00
xyz:XYZ100,-0.0000297666,-0.0007762656,2026-04-01 12:00:00.081000+00:00
xyz:XYZ100,-0.0000143562,-0.0005296999,2026-04-01 13:00:00.011000+00:00
xyz:XYZ100,-0.0000142747,-0.0005283959,2026-04-01 14:00:00.131000+00:00
xyz:XYZ100,-0.0000150200,-0.0005403194,2026-04-01 15:00:00.029000+00:00
xyz:XYZ100,-0.0000178434,-0.0005854942,2026-04-01 16:00:00.078000+00:00
xyz:XYZ100,-0.0000289364,-0.0007629818,2026-04-01 17:00:00.076000+00:00
xyz:XYZ100,-0.0000267756,-0.0007284091,2026-04-01 18:00:00.071000+00:00
xyz:XYZ100,-0.0000172904,-0.0005766456,2026-04-01 19:00:00.017000+00:00
xyz:XYZ100,-0.0000255180,-0.0007082874,2026-04-01 20:00:00.045000+00:00
xyz:XYZ100,-0.0000163694,-0.0005619108,2026-04-01 21:00:00.041000+00:00
xyz:XYZ100,-0.0000038824,-0.0003621185,2026-04-01 22:00:00.030000+00:00
xyz:XYZ100,-0.0000143154,-0.0005290465,2026-04-01 23:00:00.042000+00:00
xyz:XYZ100,-0.0000288156,-0.0007610491,2026-04-02 00:00:00.177000+00:00
xyz:XYZ100,-0.0000234917,-0.0006758672,2026-04-02 01:00:00.004000+00:00
xyz:XYZ100,-0.0000245534,-0.0006928536,2026-04-02 02:00:00.060000+00:00
xyz:XYZ100,-0.0000294540,-0.0007712641,2026-04-02 03:00:00.041000+00:00
xyz:XYZ100,-0.0000268414,-0.0007294617,2026-04-02 04:00:00.059000+00:00
xyz:XYZ100,-0.0000246851,-0.0006949620,2026-04-02 05:00:00.030000+00:00
xyz:XYZ100,-0.0000248721,-0.0006979538,2026-04-02 06:00:00.039000+00:00
xyz:XYZ100,-0.0000223180,-0.0006570886,2026-04-02 07:00:00.070000+00:00
xyz:XYZ100,-0.0000212855,-0.0006405672,2026-04-02 08:00:00.129000+00:00
xyz:XYZ100,-0.0000268805,-0.0007300877,2026-04-02 09:00:00.026000+00:00
xyz:XYZ100,-0.0000241131,-0.0006858093,2026-04-02 10:00:00.051000+00:00
xyz:XYZ100,-0.0000259119,-0.0007145901,2026-04-02 11:00:00.014000+00:00
xyz:XYZ100,-0.0000231746,-0.0006707942,2026-04-02 12:00:00.021000+00:00
xyz:XYZ100,-0.0000215185,-0.0006442956,2026-04-02 13:00:00.075000+00:00
xyz:XYZ100,-0.0000363737,-0.0008819794,2026-04-02 14:00:00.049000+00:00
xyz:XYZ100,-0.0000325588,-0.0008209412,2026-04-02 15:00:00.065000+00:00
xyz:XYZ100,-0.0000119465,-0.0004911433,2026-04-02 16:00:00.040000+00:00
xyz:XYZ100,-0.0000055898,-0.0003894372,2026-04-02 17:00:00.022000+00:00
xyz:XYZ100,-0.0000119113,-0.0004905813,2026-04-02 18:00:00.037000+00:00
xyz:XYZ100,-0.0000153248,-0.0005451972,2026-04-02 19:00:00.006000+00:00
xyz:XYZ100,-0.0000172121,-0.0005753929,2026-04-02 20:00:00.023000+00:00
xyz:XYZ100,-0.0000174133,-0.0005786129,2026-04-02 21:00:00.131000+00:00
xyz:XYZ100,0.0000060033,-0.0002039469,2026-04-02 22:00:00.013000+00:00
xyz:XYZ100,0.0000062500,-0.0001994950,2026-04-02 23:00:00.004000+00:00
xyz:XYZ100,0.0000062500,-0.0001458490,2026-04-03 00:00:00.021000+00:00
xyz:XYZ100,-0.0000170795,-0.0005732712,2026-04-03 01:00:00.043000+00:00
xyz:XYZ100,-0.0000067859,-0.0004085742,2026-04-03 02:00:00.023000+00:00
xyz:XYZ100,-0.0000007514,-0.0003120219,2026-04-03 03:00:00.048000+00:00
xyz:XYZ100,-0.0000061011,-0.0003976184,2026-04-03 04:00:00.039000+00:00
xyz:XYZ100,-0.0000053430,-0.0003854879,2026-04-03 05:00:00.086000+00:00
xyz:XYZ100,-0.0000116424,-0.0004862791,2026-04-03 06:00:00.049000+00:00
xyz:XYZ100,-0.0000119644,-0.0004914307,2026-04-03 07:00:00.028000+00:00
xyz:XYZ100,-0.0000093492,-0.0004495869,2026-04-03 08:00:00.069000+00:00
xyz:XYZ100,0.0000028388,-0.0002545787,2026-04-03 09:00:00.054000+00:00
xyz:XYZ100,0.0000045899,-0.0002265622,2026-04-03 10:00:00.043000+00:00
xyz:XYZ100,-0.0000004809,-0.0003076945,2026-04-03 11:00:00.041000+00:00
xyz:XYZ100,-0.0000035488,-0.0003567805,2026-04-03 12:00:00.031000+00:00
xyz:XYZ100,-0.0000167818,-0.0005685082,2026-04-03 13:00:00.058000+00:00
xyz:XYZ100,-0.0000081686,-0.0004306970,2026-04-03 14:00:00.001000+00:00
xyz:XYZ100,-0.0000056355,-0.0003901674,2026-04-03 15:00:00.044000+00:00
xyz:XYZ100,-0.0000060971,-0.0003975534,2026-04-03 16:00:00.033000+00:00
xyz:XYZ100,-0.0000031204,-0.0003499256,2026-04-03 17:00:00.040000+00:00
xyz:XYZ100,0.0000053437,-0.0002145009,2026-04-03 18:00:00.069000+00:00
xyz:XYZ100,0.0000062500,-0.0001621226,2026-04-03 19:00:00.026000+00:00
xyz:XYZ100,0.0000062500,-0.0000819169,2026-04-03 20:00:00.036000+00:00
xyz:XYZ100,0.0000062500,-0.0000667266,2026-04-03 21:00:00.048000+00:00
xyz:XYZ100,0.0000062500,-0.0001708385,2026-04-03 22:00:00.031000+00:00
xyz:XYZ100,0.0000045636,-0.0002269831,2026-04-03 23:00:00.039000+00:00
xyz:XYZ100,-0.0000035544,-0.0003568698,2026-04-04 00:00:00.063000+00:00
xyz:XYZ100,0.0000062500,-0.0001822027,2026-04-04 01:00:00.014000+00:00
xyz:XYZ100,-0.0000143222,-0.0005291553,2026-04-04 02:00:00.021000+00:00
xyz:XYZ100,0.0000097609,0.0004561741,2026-04-04 03:00:00.064000+00:00
xyz:XYZ100,0.0000062500,-0.0000998695,2026-04-04 04:00:00.011000+00:00
xyz:XYZ100,0.0000062500,0.0001373190,2026-04-04 05:00:00.063000+00:00
xyz:XYZ100,0.0000062500,0.0000243408,2026-04-04 06:00:00.057000+00:00
xyz:XYZ100,-0.0000175906,-0.0005814493,2026-04-04 07:00:00.051000+00:00
xyz:XYZ100,0.0000062500,0.0003359241,2026-04-04 08:00:00.033000+00:00
xyz:XYZ100,0.0000062500,0.0000020464,2026-04-04 09:00:00.008000+00:00
xyz:XYZ100,0.0000062500,-0.0001151133,2026-04-04 10:00:00.029000+00:00
xyz:XYZ100,0.0000062500,0.0000380492,2026-04-04 11:00:00.050000+00:00
xyz:XYZ100,0.0000062500,0.0001869843,2026-04-04 12:00:00.009000+00:00
xyz:XYZ100,0.0000062500,-0.0001067702,2026-04-04 13:00:00.107000+00:00
xyz:XYZ100,0.0000062500,-0.0000607143,2026-04-04 14:00:00.065000+00:00
xyz:XYZ100,-0.0000042830,-0.0003685275,2026-04-04 15:00:00.008000+00:00
xyz:XYZ100,0.0000062500,-0.0000464515,2026-04-04 16:00:00.038000+00:00
xyz:XYZ100,0.0000093921,0.0004502742,2026-04-04 17:00:00.041000+00:00
xyz:XYZ100,0.0000062500,0.0003716584,2026-04-04 18:00:00.064000+00:00
xyz:XYZ100,0.0000062500,0.0000518898,2026-04-04 19:00:00.012000+00:00
xyz:XYZ100,0.0000062500,0.0002748588,2026-04-04 20:00:00.063000+00:00
xyz:XYZ100,0.0000053045,-0.0002151282,2026-04-04 21:00:00.037000+00:00
xyz:XYZ100,0.0000062500,-0.0000636408,2026-04-04 22:00:00.032000+00:00
xyz:XYZ100,0.0000062500,-0.0000138645,2026-04-04 23:00:00.014000+00:00
xyz:XYZ100,0.0000062500,0.0001839900,2026-04-05 00:00:00.047000+00:00
xyz:XYZ100,0.0000062500,0.0000744711,2026-04-05 01:00:00.058000+00:00
xyz:XYZ100,0.0000062500,-0.0000008989,2026-04-05 02:00:00.058000+00:00
xyz:XYZ100,-0.0000072529,-0.0004160465,2026-04-05 03:00:00.014000+00:00
xyz:XYZ100,-0.0000129400,-0.0005070402,2026-04-05 04:00:00.022000+00:00
xyz:XYZ100,-0.0000029491,-0.0003471859,2026-04-05 05:00:00.024000+00:00
xyz:XYZ100,-0.0000005337,-0.0003085395,2026-04-05 06:00:00.051000+00:00
xyz:XYZ100,-0.0000103991,-0.0004663853,2026-04-05 07:00:00.048000+00:00
xyz:XYZ100,0.0000009070,-0.0002854888,2026-04-05 08:00:00.066000+00:00
xyz:XYZ100,0.0000162349,0.0005597589,2026-04-05 09:00:00.017000+00:00
xyz:XYZ100,0.0000062500,0.0001965823,2026-04-05 10:00:00.017000+00:00
xyz:XYZ100,0.0000062500,-0.0000907225,2026-04-05 11:00:00.024000+00:00
xyz:XYZ100,-0.0000068780,-0.0004100483,2026-04-05 12:00:00.017000+00:00
xyz:XYZ100,-0.0000251513,-0.0007024210,2026-04-05 13:00:00.047000+00:00
xyz:XYZ100,0.0000017306,-0.0002723109,2026-04-05 14:00:00.057000+00:00
xyz:XYZ100,0.0000062500,0.0001407591,2026-04-05 15:00:00.081000+00:00
xyz:XYZ100,0.0000567252,0.0012076026,2026-04-05 16:00:00.031000+00:00
xyz:XYZ100,0.0000460189,0.0010363025,2026-04-05 17:00:00.049000+00:00
xyz:XYZ100,0.0000062500,0.0001475580,2026-04-05 18:00:00.042000+00:00
xyz:XYZ100,0.0000062500,0.0002257771,2026-04-05 19:00:00.041000+00:00
xyz:XYZ100,0.0000517462,0.0011279388,2026-04-05 20:00:00.030000+00:00
xyz:XYZ100,0.0000165630,0.0005650081,2026-04-05 21:00:00.003000+00:00
xyz:XYZ100,0.0000327986,0.0008247771,2026-04-05 22:00:00.060000+00:00
xyz:XYZ100,-0.0000009581,-0.0003153299,2026-04-05 23:00:00.020000+00:00
xyz:XYZ100,0.0000023222,-0.0002628445,2026-04-06 00:00:00.029000+00:00
xyz:XYZ100,-0.0000270396,-0.0007326339,2026-04-06 01:00:00.040000+00:00
xyz:XYZ100,-0.0000183789,-0.0005940623,2026-04-06 02:00:00+00:00
xyz:XYZ100,-0.0000157595,-0.0005521521,2026-04-06 03:00:00.049000+00:00
xyz:XYZ100,-0.0000180826,-0.0005893219,2026-04-06 04:00:00.002000+00:00
xyz:XYZ100,-0.0000180943,-0.0005895093,2026-04-06 05:00:00.047000+00:00
xyz:XYZ100,-0.0000185247,-0.0005963959,2026-04-06 06:00:00.025000+00:00
xyz:XYZ100,-0.0000174985,-0.0005799759,2026-04-06 07:00:00.064000+00:00
xyz:XYZ100,-0.0000152093,-0.0005433492,2026-04-06 08:00:00.053000+00:00
xyz:XYZ100,-0.0000098274,-0.0004572378,2026-04-06 09:00:00.012000+00:00
xyz:XYZ100,-0.0000151731,-0.0005427696,2026-04-06 10:00:00.006000+00:00
xyz:XYZ100,-0.0000118364,-0.0004893825,2026-04-06 11:00:00.016000+00:00
xyz:XYZ100,-0.0000129836,-0.0005077372,2026-04-06 12:00:00.072000+00:00
xyz:XYZ100,-0.0000122591,-0.0004961448,2026-04-06 13:00:00.031000+00:00
xyz:XYZ100,-0.0000136319,-0.0005181097,2026-04-06 14:00:00.066000+00:00
xyz:XYZ100,-0.0000113888,-0.0004822205,2026-04-06 15:00:00.048000+00:00
xyz:XYZ100,-0.0000084035,-0.0004344552,2026-04-06 16:00:00.056000+00:00
xyz:XYZ100,-0.0000192492,-0.0006079868,2026-04-06 17:00:00.002000+00:00
xyz:XYZ100,-0.0000171400,-0.0005742404,2026-04-06 18:00:00.039000+00:00
xyz:XYZ100,-0.0000169350,-0.0005709599,2026-04-06 19:00:00+00:00
xyz:XYZ100,-0.0000212865,-0.0006405845,2026-04-06 20:00:00.078000+00:00
xyz:XYZ100,-0.0000230131,-0.0006682101,2026-04-06 21:00:00.054000+00:00
xyz:XYZ100,-0.0000179162,-0.0005866595,2026-04-06 22:00:00.043000+00:00
xyz:XYZ100,-0.0000203156,-0.0006250502,2026-04-06 23:00:00.021000+00:00
xyz:XYZ100,-0.0000215713,-0.0006451411,2026-04-07 00:00:00.046000+00:00
xyz:XYZ100,-0.0000228696,-0.0006659130,2026-04-07 01:00:00.015000+00:00
xyz:XYZ100,-0.0000201793,-0.0006228683,2026-04-07 02:00:00.012000+00:00
xyz:XYZ100,-0.0000313979,-0.0008023665,2026-04-07 03:00:00.093000+00:00
xyz:XYZ100,-0.0000264528,-0.0007232453,2026-04-07 04:00:00.017000+00:00
xyz:XYZ100,-0.0000308241,-0.0007931858,2026-04-07 05:00:00.006000+00:00
xyz:XYZ100,-0.0000283583,-0.0007537320,2026-04-07 06:00:00.030000+00:00
xyz:XYZ100,-0.0000326512,-0.0008224186,2026-04-07 07:00:00.064000+00:00
xyz:XYZ100,-0.0000291803,-0.0007668843,2026-04-07 08:00:00.020000+00:00
xyz:XYZ100,-0.0000336773,-0.0008388365,2026-04-07 09:00:00.031000+00:00
xyz:XYZ100,-0.0000309416,-0.0007950663,2026-04-07 10:00:00.005000+00:00
xyz:XYZ100,-0.0000289498,-0.0007631969,2026-04-07 11:00:00.030000+00:00
xyz:XYZ100,-0.0000281119,-0.0007497903,2026-04-07 12:00:00.037000+00:00
xyz:XYZ100,-0.0000296263,-0.0007740207,2026-04-07 13:00:00.060000+00:00
xyz:XYZ100,-0.0000341385,-0.0008462166,2026-04-07 14:00:00.027000+00:00
xyz:XYZ100,-0.0000309249,-0.0007947986,2026-04-07 15:00:00.041000+00:00
xyz:XYZ100,-0.0000326628,-0.0008226046,2026-04-07 16:00:00.036000+00:00
xyz:XYZ100,-0.0000398719,-0.0009379508,2026-04-07 17:00:00.024000+00:00
xyz:XYZ100,-0.0000292388,-0.0007678209,2026-04-07 18:00:00.013000+00:00
xyz:XYZ100,-0.0000217121,-0.0006473937,2026-04-07 19:00:00.017000+00:00
xyz:XYZ100,-0.0000026218,-0.0003419487,2026-04-07 20:00:00.041000+00:00
xyz:XYZ100,-0.0000125829,-0.0005013259,2026-04-07 21:00:00.062000+00:00
xyz:XYZ100,0.0000062500,0.0000594404,2026-04-07 22:00:00.029000+00:00
xyz:XYZ100,0.0000062500,0.0000037575,2026-04-07 23:00:00.038000+00:00
xyz:XYZ100,0.0000062500,0.0003618399,2026-04-08 00:00:00.094000+00:00
xyz:XYZ100,0.0000062500,0.0003318379,2026-04-08 01:00:00.057000+00:00
xyz:XYZ100,0.0000062500,0.0002737620,2026-04-08 02:00:00.043000+00:00
xyz:XYZ100,0.0000062500,0.0003997754,2026-04-08 03:00:00.059000+00:00
xyz:XYZ100,0.0000142750,0.0005284008,2026-04-08 04:00:00.012000+00:00
xyz:XYZ100,0.0000169677,0.0005714838,2026-04-08 05:00:00.056000+00:00
xyz:XYZ100,0.0000205892,0.0006294272,2026-04-08 06:00:00.065000+00:00
xyz:XYZ100,0.0000183072,0.0005929146,2026-04-08 07:00:00.039000+00:00
xyz:XYZ100,0.0000165489,0.0005647820,2026-04-08 08:00:00.005000+00:00
xyz:XYZ100,0.0000062610,0.0004001763,2026-04-08 09:00:00.047000+00:00
xyz:XYZ100,0.0000143215,0.0005291447,2026-04-08 10:00:00.004000+00:00
xyz:XYZ100,0.0000076300,0.0004220793,2026-04-08 11:00:00.027000+00:00
xyz:XYZ100,0.0000100295,0.0004604725,2026-04-08 12:00:00+00:00
xyz:XYZ100,0.0000108162,0.0004730591,2026-04-08 13:00:00.019000+00:00
xyz:XYZ100,0.0000139335,0.0005229367,2026-04-08 14:00:00.064000+00:00
xyz:XYZ100,0.0000062500,0.0001744086,2026-04-08 15:00:00.025000+00:00
xyz:XYZ100,0.0000062500,0.0000747414,2026-04-08 16:00:00.054000+00:00
xyz:XYZ100,0.0000062500,-0.0001531808,2026-04-08 17:00:00.009000+00:00
xyz:XYZ100,0.0000062500,-0.0001559728,2026-04-08 18:00:00.046000+00:00
xyz:XYZ100,-0.0000016721,-0.0003267532,2026-04-08 19:00:00.026000+00:00
xyz:XYZ100,-0.0000017045,-0.0003272723,2026-04-08 20:00:00.068000+00:00
xyz:XYZ100,-0.0000000523,-0.0003008370,2026-04-08 21:00:00.031000+00:00
xyz:XYZ100,0.0000008857,-0.0002858288,2026-04-08 22:00:00.010000+00:00
xyz:XYZ100,0.0000027679,-0.0002557142,2026-04-08 23:00:00.039000+00:00
xyz:XYZ100,-0.0000013361,-0.0003213782,2026-04-09 00:00:00.070000+00:00
xyz:XYZ100,-0.0000051744,-0.0003827896,2026-04-09 01:00:00.023000+00:00
xyz:XYZ100,-0.0000082376,-0.0004318009,2026-04-09 02:00:00.010000+00:00
xyz:XYZ100,-0.0000081941,-0.0004311054,2026-04-09 03:00:00.053000+00:00
xyz:XYZ100,-0.0000061350,-0.0003981605,2026-04-09 04:00:00.015000+00:00
xyz:XYZ100,-0.0000096487,-0.0004543797,2026-04-09 05:00:00.007000+00:00
xyz:XYZ100,-0.0000038537,-0.0003616589,2026-04-09 06:00:00.021000+00:00
xyz:XYZ100,-0.0000030751,-0.0003492018,2026-04-09 07:00:00.001000+00:00
xyz:XYZ100,-0.0000041656,-0.0003666495,2026-04-09 08:00:00.056000+00:00
xyz:XYZ100,-0.0000024055,-0.0003384883,2026-04-09 09:00:00.008000+00:00
xyz:XYZ100,-0.0000117090,-0.0004873441,2026-04-09 10:00:00.006000+00:00
xyz:XYZ100,-0.0000172058,-0.0005752933,2026-04-09 11:00:00.010000+00:00
xyz:XYZ100,-0.0000178214,-0.0005851421,2026-04-09 12:00:00.054000+00:00
xyz:XYZ100,-0.0000149091,-0.0005385457,2026-04-09 13:00:00.004000+00:00
xyz:XYZ100,-0.0000083685,-0.0004338960,2026-04-09 14:00:00.056000+00:00
xyz:XYZ100,-0.0000059200,-0.0003947196,2026-04-09 15:00:00.041000+00:00
xyz:XYZ100,-0.0000014043,-0.0003224686,2026-04-09 16:00:00.011000+00:00
xyz:XYZ100,0.0000043797,-0.0002299251,2026-04-09 17:00:00.012000+00:00
xyz:XYZ100,-0.0000043180,-0.0003690875,2026-04-09 18:00:00.001000+00:00
xyz:XYZ100,-0.0000152304,-0.0005436865,2026-04-09 19:00:00.031000+00:00
xyz:XYZ100,-0.0000155147,-0.0005482349,2026-04-09 20:00:00.004000+00:00
xyz:XYZ100,-0.0000198917,-0.0006182679,2026-04-09 21:00:00.018000+00:00
xyz:XYZ100,-0.0000378429,-0.0009054861,2026-04-09 22:00:00+00:00
xyz:XYZ100,-0.0000204811,-0.0006276979,2026-04-09 23:00:00.071000+00:00
xyz:XYZ100,-0.0000208430,-0.0006334881,2026-04-10 00:00:00.062000+00:00
xyz:XYZ100,-0.0000123282,-0.0004972514,2026-04-10 01:00:00.013000+00:00
xyz:XYZ100,-0.0000062566,-0.0004001057,2026-04-10 02:00:00.002000+00:00
xyz:XYZ100,-0.0000003157,-0.0003050507,2026-04-10 03:00:00.040000+00:00
xyz:XYZ100,-0.0000028707,-0.0003459318,2026-04-10 04:00:00.047000+00:00
xyz:XYZ100,-0.0000020685,-0.0003330956,2026-04-10 05:00:00.031000+00:00
xyz:XYZ100,-0.0000040824,-0.0003653190,2026-04-10 06:00:00.026000+00:00
xyz:XYZ100,-0.0000048948,-0.0003783165,2026-04-10 07:00:00.016000+00:00
xyz:XYZ100,-0.0000123160,-0.0004970558,2026-04-10 08:00:00+00:00
xyz:XYZ100,-0.0000110805,-0.0004772874,2026-04-10 09:00:00.015000+00:00
xyz:XYZ100,-0.0000067627,-0.0004082032,2026-04-10 10:00:00.028000+00:00
xyz:XYZ100,-0.0000047593,-0.0003761491,2026-04-10 11:00:00.010000+00:00
xyz:XYZ100,-0.0000113265,-0.0004812237,2026-04-10 12:00:00.057000+00:00
xyz:XYZ100,-0.0000060590,-0.0003969437,2026-04-10 13:00:00.032000+00:00
xyz:XYZ100,-0.0000092041,-0.0004472661,2026-04-10 14:00:00.008000+00:00
xyz:XYZ100,-0.0000093397,-0.0004494358,2026-04-10 15:00:00.005000+00:00
xyz:XYZ100,-0.0000072851,-0.0004165614,2026-04-10 16:00:00.053000+00:00
xyz:XYZ100,-0.0000062395,-0.0003998327,2026-04-10 17:00:00.022000+00:00
xyz:XYZ100,-0.0000031109,-0.0003497744,2026-04-10 18:00:00.021000+00:00
xyz:XYZ100,-0.0000013402,-0.0003214432,2026-04-10 19:00:00.046000+00:00
xyz:XYZ100,-0.0000044669,-0.0003714700,2026-04-10 20:00:00.009000+00:00
xyz:XYZ100,-0.0000057082,-0.0003913304,2026-04-10 21:00:00.010000+00:00
xyz:XYZ100,-0.0000045778,-0.0003732450,2026-04-10 22:00:00.079000+00:00
xyz:XYZ100,-0.0000120108,-0.0004921734,2026-04-10 23:00:00.055000+00:00
xyz:XYZ100,0.0000062500,-0.0000990876,2026-04-11 00:00:00.015000+00:00
xyz:XYZ100,-0.0001471680,-0.0026546872,2026-04-11 01:00:00.006000+00:00
xyz:XYZ100,-0.0000464015,-0.0010424245,2026-04-11 02:00:00.020000+00:00
xyz:XYZ100,0.0000062500,0.0001040559,2026-04-11 03:00:00.039000+00:00
xyz:XYZ100,0.0000062500,0.0002818175,2026-04-11 04:00:00.013000+00:00
xyz:XYZ100,0.0000062500,0.0001690479,2026-04-11 05:00:00.005000+00:00
xyz:XYZ100,0.0000062500,0.0002412494,2026-04-11 06:00:00.024000+00:00
xyz:XYZ100,0.0000062500,0.0001476738,2026-04-11 07:00:00.016000+00:00
xyz:XYZ100,0.0000062500,0.0000246171,2026-04-11 08:00:00.002000+00:00
xyz:XYZ100,0.0000062500,0.0001082242,2026-04-11 09:00:00.042000+00:00
xyz:XYZ100,0.0000062500,0.0003337201,2026-04-11 10:00:00.048000+00:00
xyz:XYZ100,0.0000371233,0.0008939730,2026-04-11 11:00:00.040000+00:00
xyz:XYZ100,0.0000062500,0.0002953055,2026-04-11 12:00:00.055000+00:00
xyz:XYZ100,0.0000062500,0.0001121741,2026-04-11 13:00:00.047000+00:00
xyz:XYZ100,0.0000062500,-0.0000255844,2026-04-11 14:00:00.001000+00:00
xyz:XYZ100,-0.0000009253,-0.0003148053,2026-04-11 15:00:00.041000+00:00
xyz:XYZ100,0.0000050138,-0.0002197790,2026-04-11 16:00:00.034000+00:00
xyz:XYZ100,0.0000793995,0.0015703915,2026-04-11 17:00:00.008000+00:00
xyz:XYZ100,0.0001015894,0.0019254309,2026-04-11 18:00:00.033000+00:00
xyz:XYZ100,0.0001084802,0.0020356840,2026-04-11 19:00:00.047000+00:00
xyz:XYZ100,0.0000280871,0.0007493936,2026-04-11 20:00:00.023000+00:00
xyz:XYZ100,0.0000062500,-0.0000199035,2026-04-11 21:00:00.058000+00:00
xyz:XYZ100,0.0000004675,-0.0002925198,2026-04-11 22:00:00.036000+00:00
xyz:XYZ100,-0.0000055799,-0.0003892781,2026-04-11 23:00:00.020000+00:00
xyz:XYZ100,-0.0000106120,-0.0004697920,2026-04-12 00:00:00.067000+00:00
xyz:XYZ100,0.0000062500,0.0000265467,2026-04-12 01:00:00.044000+00:00
xyz:XYZ100,-0.0001454759,-0.0026276146,2026-04-12 02:00:00.031000+00:00
xyz:XYZ100,-0.0003341534,-0.0056464550,2026-04-12 03:00:00.029000+00:00
xyz:XYZ100,-0.0001198224,-0.0022171584,2026-04-12 04:00:00.055000+00:00
xyz:XYZ100,-0.0000377189,-0.0009035017,2026-04-12 05:00:00.066000+00:00
xyz:XYZ100,-0.0000539002,-0.0011624028,2026-04-12 06:00:00.047000+00:00
xyz:XYZ100,0.0000062500,-0.0001766589,2026-04-12 07:00:00.004000+00:00
xyz:XYZ100,0.0000062500,-0.0001296266,2026-04-12 08:00:00.022000+00:00
xyz:XYZ100,0.0000062500,-0.0000799832,2026-04-12 09:00:00.049000+00:00
xyz:XYZ100,0.0000037963,-0.0002392597,2026-04-12 10:00:00.011000+00:00
xyz:XYZ100,0.0000062500,-0.0001989311,2026-04-12 11:00:00.022000+00:00
xyz:XYZ100,-0.0000019430,-0.0003310888,2026-04-12 12:00:00.040000+00:00
xyz:XYZ100,-0.0000163565,-0.0005617048,2026-04-12 13:00:00.028000+00:00
xyz:XYZ100,-0.0001049995,-0.0019799919,2026-04-12 14:00:00.064000+00:00
xyz:XYZ100,-0.0001000050,-0.0019000800,2026-04-12 15:00:00.065000+00:00
xyz:XYZ100,-0.0000885832,-0.0017173309,2026-04-12 16:00:00.046000+00:00
xyz:XYZ100,-0.0000479397,-0.0010670354,2026-04-12 17:00:00.054000+00:00
xyz:XYZ100,-0.0000090034,-0.0004440542,2026-04-12 18:00:00.035000+00:00
xyz:XYZ100,0.0000529561,0.0011472980,2026-04-12 19:00:00.028000+00:00
xyz:XYZ100,-0.0000061111,-0.0003977780,2026-04-12 20:00:00.062000+00:00
xyz:XYZ100,0.0000062500,-0.0000881721,2026-04-12 21:00:00.049000+00:00
xyz:XYZ100,-0.0000428779,-0.0009860471,2026-04-12 22:00:00.058000+00:00
xyz:XYZ100,-0.0000045486,-0.0003727777,2026-04-12 23:00:00.048000+00:00
xyz:XYZ100,0.0000062500,-0.0001779803,2026-04-13 00:00:00.013000+00:00
xyz:XYZ100,-0.0000163428,-0.0005614854,2026-04-13 01:00:00.031000+00:00
xyz:XYZ100,-0.0000241672,-0.0006866760,2026-04-13 02:00:00.001000+00:00
xyz:XYZ100,-0.0000337387,-0.0008398191,2026-04-13 03:00:00.056000+00:00
xyz:XYZ100,-0.0000204019,-0.0006264300,2026-04-13 04:00:00.056000+00:00
xyz:XYZ100,-0.0000238958,-0.0006823334,2026-04-13 05:00:00.032000+00:00
xyz:XYZ100,-0.0000209728,-0.0006355656,2026-04-13 06:00:00.007000+00:00
xyz:XYZ100,-0.0000229298,-0.0006668767,2026-04-13 07:00:00.011000+00:00
xyz:XYZ100,-0.0000177073,-0.0005833169,2026-04-13 08:00:00.015000+00:00
xyz:XYZ100,-0.0000231524,-0.0006704382,2026-04-13 09:00:00.013000+00:00
xyz:XYZ100,-0.0000268911,-0.0007302584,2026-04-13 10:00:00.032000+00:00
xyz:XYZ100,-0.0000242450,-0.0006879202,2026-04-13 11:00:00.011000+00:00
xyz:XYZ100,-0.0000294592,-0.0007713475,2026-04-13 12:00:00.063000+00:00
xyz:XYZ100,-0.0000250502,-0.0007008030,2026-04-13 13:00:00.036000+00:00
xyz:XYZ100,-0.0000171949,-0.0005751182,2026-04-13 14:00:00.007000+00:00
xyz:XYZ100,-0.0000038315,-0.0003613038,2026-04-13 15:00:00.114000+00:00
xyz:XYZ100,-0.0000037157,-0.0003594506,2026-04-13 16:00:00.016000+00:00
xyz:XYZ100,0.0000014076,-0.0002774779,2026-04-13 17:00:00.028000+00:00
xyz:XYZ100,-0.0000013594,-0.0003217504,2026-04-13 18:00:00.040000+00:00
xyz:XYZ100,0.0000016919,-0.0002729298,2026-04-13 19:00:00.055000+00:00
xyz:XYZ100,-0.0000005285,-0.0003084562,2026-04-13 20:00:00.032000+00:00
xyz:XYZ100,0.0000040428,-0.0002353144,2026-04-13 21:00:00.038000+00:00
xyz:XYZ100,-0.0000284972,-0.0007559559,2026-04-13 22:00:00.023000+00:00
xyz:XYZ100,0.0000062500,-0.0001546016,2026-04-13 23:00:00.008000+00:00
xyz:XYZ100,0.0000062500,-0.0000876367,2026-04-14 00:00:00.020000+00:00
xyz:XYZ100,0.0000062500,-0.0001358983,2026-04-14 01:00:00.057000+00:00
xyz:XYZ100,0.0000058840,-0.0002058563,2026-04-14 02:00:00.017000+00:00
xyz:XYZ100,0.0000062500,-0.0001006576,2026-04-14 03:00:00.043000+00:00
xyz:XYZ100,0.0000062500,-0.0001217482,2026-04-14 04:00:00.009000+00:00
xyz:XYZ100,0.0000062500,-0.0001548581,2026-04-14 05:00:00.054000+00:00
xyz:XYZ100,0.0000062500,-0.0001938310,2026-04-14 06:00:00.057000+00:00
xyz:XYZ100,0.0000053438,-0.0002144998,2026-04-14 07:00:00.076000+00:00
xyz:XYZ100,0.0000062500,-0.0001128689,2026-04-14 08:00:00.066000+00:00
xyz:XYZ100,0.0000062500,-0.0001232225,2026-04-14 09:00:00.041000+00:00
xyz:XYZ100,0.0000062500,-0.0000469555,2026-04-14 10:00:00.010000+00:00
xyz:XYZ100,0.0000062500,-0.0001463080,2026-04-14 11:00:00.030000+00:00
xyz:XYZ100,0.0000062500,-0.0001341113,2026-04-14 12:00:00.053000+00:00
xyz:XYZ100,0.0000026778,-0.0002571554,2026-04-14 13:00:00.039000+00:00
xyz:XYZ100,0.0000012651,-0.0002797586,2026-04-14 14:00:00.012000+00:00
xyz:XYZ100,-0.0000013903,-0.0003222452,2026-04-14 15:00:00.056000+00:00
xyz:XYZ100,-0.0000015069,-0.0003241099,2026-04-14 16:00:00.029000+00:00
xyz:XYZ100,-0.0000047820,-0.0003765126,2026-04-14 17:00:00.057000+00:00
xyz:XYZ100,-0.0000037193,-0.0003595095,2026-04-14 18:00:00.062000+00:00
xyz:XYZ100,0.0000012615,-0.0002798167,2026-04-14 19:00:00.040000+00:00
xyz:XYZ100,-0.0000030246,-0.0003483937,2026-04-14 20:00:00+00:00
xyz:XYZ100,0.0000038266,-0.0002387737,2026-04-14 21:00:00.003000+00:00
xyz:XYZ100,0.0000040339,-0.0002354573,2026-04-14 22:00:00.001000+00:00
xyz:XYZ100,-0.0000074283,-0.0004188531,2026-04-14 23:00:00.021000+00:00
xyz:XYZ100,-0.0000064984,-0.0004039736,2026-04-15 00:00:00.015000+00:00
xyz:XYZ100,-0.0000021533,-0.0003344533,2026-04-15 01:00:00.054000+00:00
xyz:XYZ100,-0.0000045277,-0.0003724436,2026-04-15 02:00:00.036000+00:00
xyz:XYZ100,-0.0000204789,-0.0006276626,2026-04-15 03:00:00.065000+00:00
xyz:XYZ100,-0.0000234634,-0.0006754146,2026-04-15 04:00:00.053000+00:00
xyz:XYZ100,-0.0000188105,-0.0006009682,2026-04-15 05:00:00.029000+00:00
xyz:XYZ100,-0.0000192660,-0.0006082554,2026-04-15 06:00:00.060000+00:00
xyz:XYZ100,-0.0000171410,-0.0005742554,2026-04-15 07:00:00.038000+00:00
xyz:XYZ100,-0.0000064269,-0.0004028308,2026-04-15 08:00:00.009000+00:00
xyz:XYZ100,-0.0000014769,-0.0003236303,2026-04-15 09:00:00.024000+00:00
xyz:XYZ100,-0.0000001289,-0.0003020625,2026-04-15 10:00:00.027000+00:00
xyz:XYZ100,-0.0000011850,-0.0003189601,2026-04-15 11:00:00.067000+00:00
xyz:XYZ100,-0.0000014394,-0.0003230299,2026-04-15 12:00:00.030000+00:00
xyz:XYZ100,-0.0000058717,-0.0003939477,2026-04-15 13:00:00.008000+00:00
xyz:XYZ100,-0.0000111583,-0.0004785323,2026-04-15 14:00:00.035000+00:00
xyz:XYZ100,-0.0000084644,-0.0004354306,2026-04-15 15:00:00.057000+00:00
xyz:XYZ100,-0.0000060456,-0.0003967299,2026-04-15 16:00:00.025000+00:00
xyz:XYZ100,-0.0000000610,-0.0003009766,2026-04-15 17:00:00.022000+00:00
xyz:XYZ100,-0.0000045354,-0.0003725658,2026-04-15 18:00:00.030000+00:00
xyz:XYZ100,-0.0000110529,-0.0004768470,2026-04-15 19:00:00.062000+00:00
xyz:XYZ100,-0.0000160222,-0.0005563550,2026-04-15 20:00:00.014000+00:00
xyz:XYZ100,-0.0000054157,-0.0003866519,2026-04-15 21:00:00.049000+00:00
xyz:XYZ100,-0.0000054562,-0.0003872999,2026-04-15 22:00:00.067000+00:00
xyz:XYZ100,-0.0000035636,-0.0003570181,2026-04-15 23:00:00.056000+00:00
xyz:XYZ100,-0.0000085614,-0.0004369826,2026-04-16 00:00:00.044000+00:00
xyz:XYZ100,-0.0000069371,-0.0004109930,2026-04-16 01:00:00.022000+00:00
xyz:XYZ100,-0.0000064555,-0.0004032887,2026-04-16 02:00:00.010000+00:00
xyz:XYZ100,-0.0000060118,-0.0003961889,2026-04-16 03:00:00.053000+00:00
xyz:XYZ100,-0.0000116990,-0.0004871835,2026-04-16 04:00:00.006000+00:00
xyz:XYZ100,-0.0000116296,-0.0004860739,2026-04-16 05:00:00.042000+00:00
xyz:XYZ100,-0.0000057414,-0.0003918620,2026-04-16 06:00:00.031000+00:00
xyz:XYZ100,-0.0000070595,-0.0004129516,2026-04-16 07:00:00.012000+00:00
xyz:XYZ100,-0.0000057374,-0.0003917990,2026-04-16 08:00:00.062000+00:00
xyz:XYZ100,-0.0000086987,-0.0004391798,2026-04-16 09:00:00.045000+00:00
xyz:XYZ100,-0.0000100274,-0.0004604387,2026-04-16 10:00:00.004000+00:00
xyz:XYZ100,-0.0000124499,-0.0004991986,2026-04-16 11:00:00.035000+00:00
xyz:XYZ100,-0.0000040687,-0.0003650990,2026-04-16 12:00:00.042000+00:00
xyz:XYZ100,-0.0000074666,-0.0004194660,2026-04-16 13:00:00.030000+00:00
xyz:XYZ100,-0.0000125589,-0.0005009425,2026-04-16 14:00:00.019000+00:00
xyz:XYZ100,-0.0000002345,-0.0003037513,2026-04-16 15:00:00.047000+00:00
xyz:XYZ100,0.0000016587,-0.0002734615,2026-04-16 16:00:00.051000+00:00
xyz:XYZ100,-0.0000059827,-0.0003957233,2026-04-16 17:00:00.013000+00:00
xyz:XYZ100,-0.0000001217,-0.0003019467,2026-04-16 18:00:00.034000+00:00
xyz:XYZ100,0.0000062500,-0.0000150227,2026-04-16 19:00:00.064000+00:00
xyz:XYZ100,0.0000062500,-0.0001772853,2026-04-16 20:00:00.016000+00:00
xyz:XYZ100,0.0000007462,-0.0002880608,2026-04-16 21:00:00.025000+00:00
xyz:XYZ100,0.0000062500,-0.0001873701,2026-04-16 22:00:00.043000+00:00
xyz:XYZ100,0.0000048429,-0.0002225132,2026-04-16 23:00:00.041000+00:00
xyz:XYZ100,0.0000062500,-0.0001640853,2026-04-17 00:00:00.030000+00:00
xyz:XYZ100,0.0000032335,-0.0002482643,2026-04-17 01:00:00.015000+00:00
xyz:XYZ100,0.0000049903,-0.0002201552,2026-04-17 02:00:00.026000+00:00
xyz:XYZ100,0.0000031220,-0.0002500484,2026-04-17 03:00:00.010000+00:00
xyz:XYZ100,0.0000006791,-0.0002891348,2026-04-17 04:00:00.064000+00:00
xyz:XYZ100,0.0000016825,-0.0002730805,2026-04-17 05:00:00.052000+00:00
xyz:XYZ100,0.0000007182,-0.0002885084,2026-04-17 06:00:00.017000+00:00
xyz:XYZ100,-0.0000045533,-0.0003728525,2026-04-17 07:00:00.065000+00:00
xyz:XYZ100,-0.0000018161,-0.0003290579,2026-04-17 08:00:00.042000+00:00
xyz:XYZ100,-0.0000017355,-0.0003277687,2026-04-17 09:00:00.035000+00:00
xyz:XYZ100,-0.0000063586,-0.0004017382,2026-04-17 10:00:00.011000+00:00
xyz:XYZ100,-0.0000073372,-0.0004173945,2026-04-17 11:00:00.038000+00:00
xyz:XYZ100,-0.0000073870,-0.0004181920,2026-04-17 12:00:00.064000+00:00
xyz:XYZ100,-0.0000067272,-0.0004076352,2026-04-17 13:00:00.036000+00:00
xyz:XYZ100,-0.0000085976,-0.0004375623,2026-04-17 14:00:00+00:00
xyz:XYZ100,-0.0000034443,-0.0003551093,2026-04-17 15:00:00.059000+00:00
xyz:XYZ100,0.0000062500,-0.0001303245,2026-04-17 16:00:00.039000+00:00
xyz:XYZ100,-0.0000043962,-0.0003703397,2026-04-17 17:00:00.046000+00:00
xyz:XYZ100,-0.0000085964,-0.0004375424,2026-04-17 18:00:00.052000+00:00
xyz:XYZ100,-0.0000088161,-0.0004410581,2026-04-17 19:00:00.019000+00:00
xyz:XYZ100,-0.0000057365,-0.0003917843,2026-04-17 20:00:00.065000+00:00
xyz:XYZ100,0.0000026907,-0.0002569494,2026-04-17 21:00:00.012000+00:00
xyz:XYZ100,-0.0000009442,-0.0003151069,2026-04-17 22:00:00.042000+00:00
xyz:XYZ100,-0.0000191650,-0.0006066402,2026-04-17 23:00:00.022000+00:00
xyz:XYZ100,-0.0000155060,-0.0005480958,2026-04-18 00:00:00.064000+00:00
xyz:XYZ100,-0.0001109841,-0.0020757457,2026-04-18 01:00:00.049000+00:00
xyz:XYZ100,-0.0000899487,-0.0017391799,2026-04-18 02:00:00.042000+00:00
xyz:XYZ100,0.0000062500,0.0001981469,2026-04-18 03:00:00.031000+00:00
xyz:XYZ100,0.0000062500,0.0003319635,2026-04-18 04:00:00.009000+00:00
xyz:XYZ100,-0.0000057895,-0.0003926317,2026-04-18 05:00:00.060000+00:00
xyz:XYZ100,0.0000019804,-0.0002683142,2026-04-18 06:00:00.049000+00:00
xyz:XYZ100,0.0000062500,-0.0000444241,2026-04-18 07:00:00.028000+00:00
xyz:XYZ100,0.0000069787,0.0004116585,2026-04-18 08:00:00.049000+00:00
xyz:XYZ100,-0.0000064939,-0.0004039026,2026-04-18 09:00:00.011000+00:00
xyz:XYZ100,-0.0000328904,-0.0008262461,2026-04-18 10:00:00.020000+00:00
xyz:XYZ100,-0.0000299842,-0.0007797473,2026-04-18 11:00:00.016000+00:00
xyz:XYZ100,-0.0000470578,-0.0010529245,2026-04-18 12:00:00.034000+00:00
xyz:XYZ100,0.0000062500,0.0000834449,2026-04-18 13:00:00.047000+00:00
xyz:XYZ100,0.0000017113,-0.0002726185,2026-04-18 14:00:00.018000+00:00
xyz:XYZ100,0.0000062500,-0.0000056471,2026-04-18 15:00:00+00:00
xyz:XYZ100,0.0000062500,0.0000225166,2026-04-18 16:00:00.001000+00:00
xyz:XYZ100,-0.0000254655,-0.0007074480,2026-04-18 17:00:00.001000+00:00
xyz:XYZ100,0.0000062500,-0.0001571500,2026-04-18 18:00:00.050000+00:00
xyz:XYZ100,-0.0000436610,-0.0009985766,2026-04-18 19:00:00.039000+00:00
xyz:XYZ100,0.0000062500,-0.0000244497,2026-04-18 20:00:00.037000+00:00
xyz:XYZ100,0.0000062500,-0.0001153417,2026-04-18 21:00:00.036000+00:00
xyz:XYZ100,0.0000028423,-0.0002545230,2026-04-18 22:00:00.011000+00:00
xyz:XYZ100,-0.0000088670,-0.0004418721,2026-04-18 23:00:00.026000+00:00
xyz:XYZ100,0.0000408717,0.0009539473,2026-04-19 00:00:00.053000+00:00
