coin,fundingRate,premium,time
xyz:TSLA,0.0000423041,0.0006384329,2025-11-13 15:00:00.014000+00:00
xyz:TSLA,0.0000125000,0.0002973013,2025-11-13 16:00:00.012000+00:00
xyz:TSLA,0.0000125000,0.0000807035,2025-11-13 17:00:00.042000+00:00
xyz:TSLA,0.0000125772,0.0004006174,2025-11-13 18:00:00.058000+00:00
xyz:TSLA,0.0000428698,0.0006429582,2025-11-13 19:00:00.062000+00:00
xyz:TSLA,0.0000125000,0.0001483826,2025-11-13 20:00:00.061000+00:00
xyz:TSLA,0.0000125000,0.0000703708,2025-11-13 21:00:00.046000+00:00
xyz:TSLA,0.0000125000,0.0001633636,2025-11-13 22:00:00.013000+00:00
xyz:TSLA,0.0000125000,0.0000213693,2025-11-13 23:00:00.059000+00:00
xyz:TSLA,0.0000137505,0.0004100040,2025-11-14 00:00:00.130000+00:00
xyz:TSLA,0.0000125000,-0.0000700310,2025-11-14 01:00:00.014000+00:00
xyz:TSLA,0.0000125000,-0.0001310538,2025-11-14 02:00:00.069000+00:00
xyz:TSLA,0.0000125000,0.0003473930,2025-11-14 03:00:00.085000+00:00
xyz:TSLA,0.0000045453,-0.0002636376,2025-11-14 04:00:00.024000+00:00
xyz:TSLA,0.0000582534,0.0007660269,2025-11-14 05:00:00.029000+00:00
xyz:TSLA,0.0000867645,0.0009941163,2025-11-14 06:00:00.096000+00:00
xyz:TSLA,0.0000944653,0.0010557224,2025-11-14 07:00:00.019000+00:00
xyz:TSLA,0.0000125000,0.0003091840,2025-11-14 08:00:00.098000+00:00
xyz:TSLA,0.0000983969,0.0010871749,2025-11-14 09:00:00.137000+00:00
xyz:TSLA,0.0000588029,0.0007704232,2025-11-14 10:00:00.036000+00:00
xyz:TSLA,0.0001539943,0.0015319545,2025-11-14 11:00:00.052000+00:00
xyz:TSLA,0.0000670424,0.0008363393,2025-11-14 12:00:00.046000+00:00
xyz:TSLA,0.0000125000,0.0001613927,2025-11-14 13:00:00.041000+00:00
xyz:TSLA,0.0000125000,0.0000131969,2025-11-14 14:00:00.034000+00:00
xyz:TSLA,0.0000125000,0.0003942798,2025-11-14 15:00:00.013000+00:00
xyz:TSLA,0.0000200724,0.0004605791,2025-11-14 16:00:00.014000+00:00
xyz:TSLA,0.0000125000,-0.0000679967,2025-11-14 17:00:00.079000+00:00
xyz:TSLA,0.0000125000,-0.0000384978,2025-11-14 18:00:00.020000+00:00
xyz:TSLA,0.0000125000,-0.0000096472,2025-11-14 19:00:00.005000+00:00
xyz:TSLA,0.0000125000,-0.0000208777,2025-11-14 20:00:00.054000+00:00
xyz:TSLA,0.0000125000,-0.0000110809,2025-11-14 21:00:00.011000+00:00
xyz:TSLA,0.0000125000,0.0000562297,2025-11-14 22:00:00.091000+00:00
xyz:TSLA,0.0000082004,-0.0002343968,2025-11-14 23:00:00.037000+00:00
xyz:TSLA,0.0000057726,-0.0002538195,2025-11-15 00:00:00.028000+00:00
xyz:TSLA,0.0000125000,-0.0000898012,2025-11-15 01:00:00.133000+00:00
xyz:TSLA,0.0000125000,0.0000735760,2025-11-15 02:00:00.009000+00:00
xyz:TSLA,0.0000125000,0.0000469478,2025-11-15 03:00:00.036000+00:00
xyz:TSLA,0.0000125000,0.0002318585,2025-11-15 04:00:00.065000+00:00
xyz:TSLA,0.0000125000,0.0002436960,2025-11-15 05:00:00.009000+00:00
xyz:TSLA,0.0000125000,0.0002163197,2025-11-15 06:00:00.014000+00:00
xyz:TSLA,0.0000125000,0.0001916908,2025-11-15 07:00:00.047000+00:00
xyz:TSLA,0.0000125000,0.0002283050,2025-11-15 08:00:00.089000+00:00
xyz:TSLA,0.0000125000,0.0002491291,2025-11-15 09:00:00.051000+00:00
xyz:TSLA,0.0000125000,0.0002439056,2025-11-15 10:00:00.102000+00:00
xyz:TSLA,0.0000125000,0.0001715552,2025-11-15 11:00:00.069000+00:00
xyz:TSLA,0.0000125000,-0.0000929300,2025-11-15 12:00:00.005000+00:00
xyz:TSLA,0.0000125000,-0.0000060829,2025-11-15 13:00:00.021000+00:00
xyz:TSLA,0.0000125000,0.0000118387,2025-11-15 14:00:00.091000+00:00
xyz:TSLA,0.0000125000,0.0003263042,2025-11-15 15:00:00.034000+00:00
xyz:TSLA,0.0000517712,0.0007141696,2025-11-15 16:00:00.015000+00:00
xyz:TSLA,0.0000429045,0.0006432363,2025-11-15 17:00:00.035000+00:00
xyz:TSLA,0.0000420786,0.0006366291,2025-11-15 18:00:00.023000+00:00
xyz:TSLA,0.0000319235,0.0005553882,2025-11-15 19:00:00.004000+00:00
xyz:TSLA,0.0000238892,0.0004911139,2025-11-15 20:00:00.052000+00:00
xyz:TSLA,0.0000428985,0.0006431879,2025-11-15 21:00:00.109000+00:00
xyz:TSLA,0.0000138188,0.0004105503,2025-11-15 22:00:00.042000+00:00
xyz:TSLA,0.0000125000,0.0002266051,2025-11-15 23:00:00.047000+00:00
xyz:TSLA,0.0000125000,0.0001086557,2025-11-16 00:00:00.002000+00:00
xyz:TSLA,0.0000125000,0.0003577592,2025-11-16 01:00:00.042000+00:00
xyz:TSLA,0.0000443983,0.0006551865,2025-11-16 02:00:00.028000+00:00
xyz:TSLA,0.0000302955,0.0005423643,2025-11-16 03:00:00.028000+00:00
xyz:TSLA,0.0000255490,0.0005043918,2025-11-16 04:00:00.042000+00:00
xyz:TSLA,0.0001419439,0.0014355511,2025-11-16 05:00:00.061000+00:00
xyz:TSLA,0.0000125000,0.0003272536,2025-11-16 06:00:00.020000+00:00
xyz:TSLA,0.0000125000,0.0002437439,2025-11-16 07:00:00.060000+00:00
xyz:TSLA,0.0000932567,0.0010460537,2025-11-16 08:00:00.087000+00:00
xyz:TSLA,0.0001911276,0.0018290204,2025-11-16 09:00:00.076000+00:00
xyz:TSLA,0.0001962171,0.0018697371,2025-11-16 10:00:00.068000+00:00
xyz:TSLA,0.0000125000,0.0001705163,2025-11-16 11:00:00.119000+00:00
xyz:TSLA,0.0000125000,0.0001816726,2025-11-16 12:00:00.087000+00:00
xyz:TSLA,0.0000125000,0.0003695384,2025-11-16 13:00:00.043000+00:00
xyz:TSLA,0.0000276323,0.0005210583,2025-11-16 14:00:00.073000+00:00
xyz:TSLA,0.0000218705,0.0004749641,2025-11-16 15:00:00.030000+00:00
xyz:TSLA,0.0000184064,0.0004472510,2025-11-16 16:00:00.012000+00:00
xyz:TSLA,0.0000170127,0.0004361019,2025-11-16 17:00:00.053000+00:00
xyz:TSLA,0.0000758976,0.0009071808,2025-11-16 18:00:00.003000+00:00
xyz:TSLA,0.0000847845,0.0009782756,2025-11-16 19:00:00.068000+00:00
xyz:TSLA,0.0001474093,0.0014792742,2025-11-16 20:00:00.033000+00:00
xyz:TSLA,0.0001460801,0.0014686406,2025-11-16 21:00:00.059000+00:00
xyz:TSLA,0.0001177580,0.0012420641,2025-11-16 22:00:00.007000+00:00
xyz:TSLA,0.0000975016,0.0010800124,2025-11-16 23:00:00.049000+00:00
xyz:TSLA,0.0000125000,0.0001558451,2025-11-17 00:00:00.032000+00:00
xyz:TSLA,0.0000125000,-0.0001039147,2025-11-17 01:00:00.020000+00:00
xyz:TSLA,0.0002550901,0.0023407206,2025-11-17 02:00:00.028000+00:00
xyz:TSLA,0.0000393543,0.0006148341,2025-11-17 03:00:00.050000+00:00
xyz:TSLA,0.0000969293,0.0010754347,2025-11-17 04:00:00.026000+00:00
xyz:TSLA,0.0000125000,0.0000129746,2025-11-17 05:00:00.122000+00:00
xyz:TSLA,0.0000646081,0.0008168644,2025-11-17 06:00:00.073000+00:00
xyz:TSLA,0.0000125000,0.0000887748,2025-11-17 07:00:00.069000+00:00
xyz:TSLA,-0.0000113227,-0.0003905817,2025-11-17 08:00:00.018000+00:00
xyz:TSLA,-0.0000373501,-0.0005988011,2025-11-17 09:00:00.061000+00:00
xyz:TSLA,0.0000125000,0.0000174946,2025-11-17 10:00:00.009000+00:00
xyz:TSLA,0.0000125000,0.0001913067,2025-11-17 11:00:00.051000+00:00
xyz:TSLA,0.0000125000,-0.0000419508,2025-11-17 12:00:00.042000+00:00
xyz:TSLA,0.0000125000,-0.0000265515,2025-11-17 13:00:00.062000+00:00
xyz:TSLA,0.0000125000,-0.0000880803,2025-11-17 14:00:00.072000+00:00
xyz:TSLA,0.0000125000,0.0001637571,2025-11-17 15:00:00.017000+00:00
xyz:TSLA,0.0000125000,-0.0001005527,2025-11-17 16:00:00.091000+00:00
xyz:TSLA,0.0000125000,-0.0000277753,2025-11-17 17:00:00.031000+00:00
xyz:TSLA,0.0000125000,0.0000197083,2025-11-17 18:00:00.033000+00:00
xyz:TSLA,0.0000125000,-0.0000391645,2025-11-17 19:00:00.029000+00:00
xyz:TSLA,0.0000125000,-0.0000583761,2025-11-17 20:00:00.047000+00:00
xyz:TSLA,0.0000125000,-0.0000619296,2025-11-17 21:00:00.069000+00:00
xyz:TSLA,0.0000557857,0.0007462858,2025-11-17 22:00:00.074000+00:00
xyz:TSLA,0.0000125000,0.0000714487,2025-11-17 23:00:00.045000+00:00
xyz:TSLA,0.0000125000,-0.0000872888,2025-11-18 00:00:00.005000+00:00
xyz:TSLA,0.0000125000,0.0001285012,2025-11-18 01:00:00.008000+00:00
xyz:TSLA,-0.0000120610,-0.0003964880,2025-11-18 02:00:00.088000+00:00
xyz:TSLA,0.0001191139,0.0012529110,2025-11-18 03:00:00.016000+00:00
xyz:TSLA,0.0001456617,0.0014652940,2025-11-18 04:00:00.090000+00:00
xyz:TSLA,0.0000125000,0.0002856823,2025-11-18 05:00:00.014000+00:00
xyz:TSLA,0.0000162918,0.0004303342,2025-11-18 06:00:00.071000+00:00
xyz:TSLA,0.0000400366,0.0006202925,2025-11-18 07:00:00.106000+00:00
xyz:TSLA,0.0000281063,0.0005248507,2025-11-18 08:00:00.038000+00:00
xyz:TSLA,0.0000125000,0.0002940861,2025-11-18 09:00:00.045000+00:00
xyz:TSLA,0.0000125000,-0.0001150771,2025-11-18 10:00:00.075000+00:00
xyz:TSLA,0.0000125000,-0.0000393576,2025-11-18 11:00:00.001000+00:00
xyz:TSLA,0.0000125000,-0.0000236238,2025-11-18 12:00:00.035000+00:00
xyz:TSLA,0.0000125000,0.0001814549,2025-11-18 13:00:00.032000+00:00
xyz:TSLA,0.0000125000,-0.0000092743,2025-11-18 14:00:00.037000+00:00
xyz:TSLA,0.0000125000,-0.0000006352,2025-11-18 15:00:00.046000+00:00
xyz:TSLA,0.0000125000,-0.0000137687,2025-11-18 16:00:00.046000+00:00
xyz:TSLA,0.0000125000,0.0001294128,2025-11-18 17:00:00.013000+00:00
xyz:TSLA,0.0000125000,-0.0000164875,2025-11-18 18:00:00.026000+00:00
xyz:TSLA,0.0000125000,0.0000258274,2025-11-18 19:00:00.025000+00:00
xyz:TSLA,0.0000125000,0.0000492969,2025-11-18 20:00:00.006000+00:00
xyz:TSLA,0.0000125000,-0.0000284678,2025-11-18 21:00:00.030000+00:00
xyz:TSLA,0.0000125000,-0.0000465377,2025-11-18 22:00:00.011000+00:00
xyz:TSLA,0.0000125000,0.0000937404,2025-11-18 23:00:00.026000+00:00
xyz:TSLA,0.0000125000,0.0001461604,2025-11-19 00:00:00.026000+00:00
xyz:TSLA,0.0000125000,-0.0000122615,2025-11-19 01:00:00.092000+00:00
xyz:TSLA,-0.0000393204,-0.0006145630,2025-11-19 02:00:00.049000+00:00
xyz:TSLA,0.0000125000,-0.0000005315,2025-11-19 03:00:00.012000+00:00
xyz:TSLA,-0.0001169567,-0.0012356537,2025-11-19 04:00:00.054000+00:00
xyz:TSLA,-0.0000716494,-0.0008731952,2025-11-19 05:00:00.003000+00:00
xyz:TSLA,-0.0000846088,-0.0009768706,2025-11-19 06:00:00.026000+00:00
xyz:TSLA,-0.0001029639,-0.0011237111,2025-11-19 07:00:00.048000+00:00
xyz:TSLA,-0.0000047180,-0.0003377439,2025-11-19 08:00:00.018000+00:00
xyz:TSLA,-0.0000302530,-0.0005420242,2025-11-19 09:00:00.048000+00:00
xyz:TSLA,0.0000125000,-0.0001632757,2025-11-19 10:00:00.012000+00:00
xyz:TSLA,0.0000125000,0.0001406888,2025-11-19 11:00:00.095000+00:00
xyz:TSLA,0.0000125000,0.0003614455,2025-11-19 12:00:00.026000+00:00
xyz:TSLA,0.0000125000,0.0003966700,2025-11-19 13:00:00.042000+00:00
xyz:TSLA,0.0000157061,0.0004256485,2025-11-19 14:00:00.002000+00:00
xyz:TSLA,0.0000125000,0.0002012681,2025-11-19 15:00:00.004000+00:00
xyz:TSLA,0.0000125000,0.0000098648,2025-11-19 16:00:00.036000+00:00
xyz:TSLA,0.0000125000,-0.0000346199,2025-11-19 17:00:00.080000+00:00
xyz:TSLA,0.0000125000,-0.0000874231,2025-11-19 18:00:00.054000+00:00
xyz:TSLA,0.0000125000,-0.0000774486,2025-11-19 19:00:00.006000+00:00
xyz:TSLA,0.0000063458,-0.0002492335,2025-11-19 20:00:00.045000+00:00
xyz:TSLA,0.0000080572,-0.0002355425,2025-11-19 21:00:00.018000+00:00
xyz:TSLA,0.0000416530,0.0006332240,2025-11-19 22:00:00.034000+00:00
xyz:TSLA,0.0000125000,0.0002883550,2025-11-19 23:00:00.027000+00:00
xyz:TSLA,0.0000539309,0.0007314469,2025-11-20 00:00:00.071000+00:00
xyz:TSLA,0.0000467031,0.0006736247,2025-11-20 01:00:00.114000+00:00
xyz:TSLA,0.0000125000,0.0000958347,2025-11-20 02:00:00.030000+00:00
xyz:TSLA,0.0000110703,-0.0002114373,2025-11-20 03:00:00.050000+00:00
xyz:TSLA,0.0000125000,0.0002315212,2025-11-20 04:00:00.005000+00:00
xyz:TSLA,0.0000135589,0.0004084710,2025-11-20 05:00:00.045000+00:00
xyz:TSLA,0.0000125000,0.0003296335,2025-11-20 06:00:00.003000+00:00
xyz:TSLA,0.0000125000,0.0001402810,2025-11-20 07:00:00.046000+00:00
xyz:TSLA,0.0000125000,0.0003473530,2025-11-20 08:00:00+00:00
xyz:TSLA,-0.0000268167,-0.0005145336,2025-11-20 09:00:00.039000+00:00
xyz:TSLA,0.0000125000,0.0001269833,2025-11-20 10:00:00.112000+00:00
xyz:TSLA,0.0000125000,0.0001091719,2025-11-20 11:00:00.052000+00:00
xyz:TSLA,0.0000125000,-0.0000554164,2025-11-20 12:00:00.004000+00:00
xyz:TSLA,0.0000125000,0.0000813410,2025-11-20 13:00:00.051000+00:00
xyz:TSLA,0.0000125000,0.0003274684,2025-11-20 14:00:00.045000+00:00
xyz:TSLA,0.0000125000,0.0000110332,2025-11-20 15:00:00.022000+00:00
xyz:TSLA,-0.0000156027,-0.0004248217,2025-11-20 16:00:00.039000+00:00
xyz:TSLA,0.0000125000,-0.0000619523,2025-11-20 17:00:00.059000+00:00
xyz:TSLA,0.0000125000,0.0000681250,2025-11-20 18:00:00.035000+00:00
xyz:TSLA,-0.0000386944,-0.0006095549,2025-11-20 19:00:00.088000+00:00
xyz:TSLA,0.0000125000,0.0002391194,2025-11-20 20:00:00.054000+00:00
xyz:TSLA,0.0000125000,0.0002260947,2025-11-20 21:00:00+00:00
xyz:TSLA,0.0000164780,0.0004318237,2025-11-20 22:00:00.129000+00:00
xyz:TSLA,0.0000876591,0.0010012727,2025-11-20 23:00:00.006000+00:00
xyz:TSLA,0.0000125000,0.0002738397,2025-11-21 00:00:00.037000+00:00
xyz:TSLA,0.0000125000,0.0000745586,2025-11-21 01:00:00.053000+00:00
xyz:TSLA,0.0000125000,-0.0001709926,2025-11-21 02:00:00.169000+00:00
xyz:TSLA,0.0001209546,0.0012676370,2025-11-21 03:00:00.141000+00:00
xyz:TSLA,0.0000498827,0.0006990616,2025-11-21 04:00:00.006000+00:00
xyz:TSLA,0.0000125000,0.0001253389,2025-11-21 05:00:00.005000+00:00
xyz:TSLA,0.0000125000,0.0002680757,2025-11-21 06:00:00.054000+00:00
xyz:TSLA,0.0000097259,-0.0002221924,2025-11-21 07:00:00.092000+00:00
xyz:TSLA,0.0000125000,-0.0000310344,2025-11-21 08:00:00.103000+00:00
xyz:TSLA,-0.0001685275,-0.0016482200,2025-11-21 09:00:00.003000+00:00
xyz:TSLA,0.0000125000,-0.0001352022,2025-11-21 10:00:00.007000+00:00
xyz:TSLA,0.0000125000,-0.0000292353,2025-11-21 11:00:00.009000+00:00
xyz:TSLA,0.0000125000,0.0000075456,2025-11-21 12:00:00.005000+00:00
xyz:TSLA,0.0000125000,0.0000043320,2025-11-21 13:00:00.102000+00:00
xyz:TSLA,0.0000125000,-0.0000353900,2025-11-21 14:00:00.044000+00:00
xyz:TSLA,0.0000125000,-0.0000852569,2025-11-21 15:00:00.047000+00:00
xyz:TSLA,0.0000125000,0.0000008991,2025-11-21 16:00:00.015000+00:00
xyz:TSLA,0.0000125000,-0.0000224877,2025-11-21 17:00:00.023000+00:00
xyz:TSLA,0.0000070421,-0.0002436628,2025-11-21 18:00:00.006000+00:00
xyz:TSLA,0.0000125000,-0.0000782609,2025-11-21 19:00:00.093000+00:00
xyz:TSLA,0.0000125000,-0.0000541362,2025-11-21 20:00:00.034000+00:00
xyz:TSLA,0.0000125000,-0.0000406456,2025-11-21 21:00:00.031000+00:00
xyz:TSLA,0.0000125000,-0.0001055791,2025-11-21 22:00:00.066000+00:00
xyz:TSLA,0.0000125000,-0.0000500863,2025-11-21 23:00:00.002000+00:00
xyz:TSLA,0.0000125000,-0.0001288859,2025-11-22 00:00:00.049000+00:00
xyz:TSLA,0.0000045782,-0.0002633747,2025-11-22 01:00:00.034000+00:00
xyz:TSLA,0.0000125000,0.0002050548,2025-11-22 02:00:00.035000+00:00
xyz:TSLA,-0.0000826874,-0.0009614992,2025-11-22 03:00:00.083000+00:00
xyz:TSLA,-0.0000822733,-0.0009581863,2025-11-22 04:00:00.070000+00:00
xyz:TSLA,-0.0000064611,-0.0003516890,2025-11-22 05:00:00.036000+00:00
xyz:TSLA,0.0000125000,-0.0001375592,2025-11-22 06:00:00.033000+00:00
xyz:TSLA,0.0000125000,-0.0000718443,2025-11-22 07:00:00.060000+00:00
xyz:TSLA,0.0000048210,-0.0002614324,2025-11-22 08:00:00.063000+00:00
xyz:TSLA,-0.0001517876,-0.0015143011,2025-11-22 09:00:00.011000+00:00
xyz:TSLA,-0.0000328700,-0.0005629597,2025-11-22 10:00:00.052000+00:00
xyz:TSLA,-0.0001537949,-0.0015303589,2025-11-22 11:00:00.092000+00:00
xyz:TSLA,-0.0001449143,-0.0014593148,2025-11-22 12:00:00.045000+00:00
xyz:TSLA,0.0000125000,-0.0000582388,2025-11-22 13:00:00.078000+00:00
xyz:TSLA,0.0000125000,0.0001710130,2025-11-22 14:00:00.013000+00:00
xyz:TSLA,0.0000125000,0.0000703328,2025-11-22 15:00:00.010000+00:00
xyz:TSLA,0.0000125000,0.0003578983,2025-11-22 16:00:00.011000+00:00
xyz:TSLA,0.0000612974,0.0007903795,2025-11-22 17:00:00.019000+00:00
xyz:TSLA,0.0001292452,0.0013339615,2025-11-22 18:00:00.003000+00:00
xyz:TSLA,0.0000302739,0.0005421911,2025-11-22 19:00:00.027000+00:00
xyz:TSLA,0.0000125000,0.0002236673,2025-11-22 20:00:00.045000+00:00
xyz:TSLA,-0.0001453101,-0.0014624806,2025-11-22 21:00:00.055000+00:00
xyz:TSLA,-0.0001997420,-0.0018979356,2025-11-22 22:00:00.053000+00:00
xyz:TSLA,-0.0000263333,-0.0005106667,2025-11-22 23:00:00.085000+00:00
xyz:TSLA,0.0000125000,0.0000433693,2025-11-23 00:00:00.020000+00:00
xyz:TSLA,0.0000125000,0.0000157873,2025-11-23 01:00:00.093000+00:00
xyz:TSLA,0.0000125000,0.0001692597,2025-11-23 02:00:00.046000+00:00
xyz:TSLA,0.0000238887,0.0004911096,2025-11-23 03:00:00.024000+00:00
xyz:TSLA,0.0002098829,0.0019790634,2025-11-23 04:00:00.004000+00:00
xyz:TSLA,0.0002065221,0.0019521767,2025-11-23 05:00:00.012000+00:00
xyz:TSLA,-0.0001861851,-0.0017894811,2025-11-23 06:00:00.007000+00:00
xyz:TSLA,-0.0000911065,-0.0010288523,2025-11-23 07:00:00.051000+00:00
xyz:TSLA,-0.0005330728,-0.0045645823,2025-11-23 08:00:00.064000+00:00
xyz:TSLA,0.0001412544,0.0014300356,2025-11-23 09:00:00.008000+00:00
xyz:TSLA,0.0000125000,-0.0000352842,2025-11-23 10:00:00.023000+00:00
xyz:TSLA,0.0000125000,0.0002215148,2025-11-23 11:00:00.097000+00:00
xyz:TSLA,0.0000125000,0.0000419031,2025-11-23 12:00:00.010000+00:00
xyz:TSLA,0.0004156921,0.0036255369,2025-11-23 13:00:00.086000+00:00
xyz:TSLA,-0.0001376252,-0.0014010019,2025-11-23 14:00:00.004000+00:00
xyz:TSLA,0.0002529926,0.0023239405,2025-11-23 15:00:00.040000+00:00
xyz:TSLA,0.0000959632,0.0010677054,2025-11-23 16:00:00.021000+00:00
xyz:TSLA,0.0000414081,0.0006312648,2025-11-23 17:00:00.005000+00:00
xyz:TSLA,0.0002879496,0.0026035970,2025-11-23 18:00:00.020000+00:00
xyz:TSLA,0.0002998022,0.0026984176,2025-11-23 19:00:00.042000+00:00
xyz:TSLA,0.0002729904,0.0024839235,2025-11-23 20:00:00.076000+00:00
xyz:TSLA,0.0002787801,0.0025302411,2025-11-23 21:00:00.083000+00:00
xyz:TSLA,0.0001242200,0.0012937601,2025-11-23 22:00:00.032000+00:00
xyz:TSLA,0.0004198176,0.0036585411,2025-11-23 23:00:00.050000+00:00
xyz:TSLA,0.0000432626,0.0006461010,2025-11-24 00:00:00.051000+00:00
xyz:TSLA,0.0000125000,-0.0001407365,2025-11-24 01:00:00.030000+00:00
xyz:TSLA,-0.0000031695,-0.0003253556,2025-11-24 02:00:00.067000+00:00
xyz:TSLA,-0.0000068438,-0.0003547504,2025-11-24 03:00:00.010000+00:00
xyz:TSLA,0.0000089191,-0.0002286469,2025-11-24 04:00:00.034000+00:00
xyz:TSLA,-0.0000330183,-0.0005641460,2025-11-24 05:00:00.042000+00:00
xyz:TSLA,0.0000157642,0.0004261137,2025-11-24 06:00:00.036000+00:00
xyz:TSLA,0.0000125000,0.0003315054,2025-11-24 07:00:00.028000+00:00
xyz:TSLA,0.0000221343,0.0004770741,2025-11-24 08:00:00.025000+00:00
xyz:TSLA,0.0000125000,-0.0001349877,2025-11-24 09:00:00.049000+00:00
xyz:TSLA,0.0000125000,0.0000532002,2025-11-24 10:00:00.007000+00:00
xyz:TSLA,0.0000125000,-0.0000004185,2025-11-24 11:00:00.049000+00:00
xyz:TSLA,0.0000125000,-0.0000144502,2025-11-24 12:00:00.056000+00:00
xyz:TSLA,0.0000125000,-0.0000080564,2025-11-24 13:00:00.014000+00:00
xyz:TSLA,0.0000125000,-0.0000028246,2025-11-24 14:00:00.035000+00:00
xyz:TSLA,0.0000125000,0.0000216078,2025-11-24 15:00:00.015000+00:00
xyz:TSLA,0.0000125000,0.0000027004,2025-11-24 16:00:00.011000+00:00
xyz:TSLA,0.0000125000,-0.0001065961,2025-11-24 17:00:00.041000+00:00
xyz:TSLA,0.0000125000,0.0000054359,2025-11-24 18:00:00.097000+00:00
xyz:TSLA,0.0000125000,-0.0000646146,2025-11-24 19:00:00.065000+00:00
xyz:TSLA,0.0000125000,0.0000877701,2025-11-24 20:00:00.083000+00:00
xyz:TSLA,0.0000125000,-0.0000317175,2025-11-24 21:00:00.134000+00:00
xyz:TSLA,0.0000125000,0.0000412214,2025-11-24 22:00:00.018000+00:00
xyz:TSLA,0.0000125000,0.0000992755,2025-11-24 23:00:00.013000+00:00
xyz:TSLA,0.0000125000,0.0000572880,2025-11-25 00:00:00.027000+00:00
xyz:TSLA,0.0000125000,-0.0000523744,2025-11-25 01:00:00.029000+00:00
xyz:TSLA,0.0000612336,0.0007898690,2025-11-25 02:00:00.065000+00:00
xyz:TSLA,0.0000125000,0.0003737314,2025-11-25 03:00:00.062000+00:00
xyz:TSLA,0.0000483608,0.0006868866,2025-11-25 04:00:00.057000+00:00
xyz:TSLA,0.0001244690,0.0012957519,2025-11-25 05:00:00.061000+00:00
xyz:TSLA,0.0000330722,0.0005645774,2025-11-25 06:00:00.056000+00:00
xyz:TSLA,0.0000125000,0.0003601444,2025-11-25 07:00:00.004000+00:00
xyz:TSLA,0.0000125000,-0.0000335234,2025-11-25 08:00:00+00:00
xyz:TSLA,0.0000831750,0.0009654000,2025-11-25 09:00:00.065000+00:00
xyz:TSLA,0.0000125000,0.0002830944,2025-11-25 10:00:00.014000+00:00
xyz:TSLA,0.0000125000,0.0001542399,2025-11-25 11:00:00.010000+00:00
xyz:TSLA,0.0000125000,0.0001214816,2025-11-25 12:00:00.055000+00:00
xyz:TSLA,0.0000125000,0.0000740092,2025-11-25 13:00:00.083000+00:00
xyz:TSLA,0.0000125000,0.0000285631,2025-11-25 14:00:00.039000+00:00
xyz:TSLA,0.0000125000,0.0000499595,2025-11-25 15:00:00.004000+00:00
xyz:TSLA,0.0000125000,0.0000100789,2025-11-25 16:00:00.060000+00:00
xyz:TSLA,0.0000125000,0.0001624694,2025-11-25 17:00:00.006000+00:00
xyz:TSLA,0.0000125000,0.0003384843,2025-11-25 18:00:00.054000+00:00
xyz:TSLA,0.0000125000,0.0002413879,2025-11-25 19:00:00.061000+00:00
xyz:TSLA,0.0000125000,-0.0000869834,2025-11-25 20:00:00.015000+00:00
xyz:TSLA,0.0000125000,0.0000149099,2025-11-25 21:00:00.012000+00:00
xyz:TSLA,0.0000125000,0.0000850880,2025-11-25 22:00:00.013000+00:00
xyz:TSLA,0.0000125000,0.0001507391,2025-11-25 23:00:00.092000+00:00
xyz:TSLA,0.0000125000,0.0001902289,2025-11-26 00:00:00.203000+00:00
xyz:TSLA,0.0000125000,0.0000521166,2025-11-26 01:00:00.056000+00:00
xyz:TSLA,-0.0000196646,-0.0004573165,2025-11-26 02:00:00.030000+00:00
xyz:TSLA,-0.0000099257,-0.0003794054,2025-11-26 03:00:00.063000+00:00
xyz:TSLA,-0.0000145068,-0.0004160542,2025-11-26 04:00:00.014000+00:00
xyz:TSLA,0.0000147050,0.0004176404,2025-11-26 05:00:00.044000+00:00
xyz:TSLA,0.0000125000,0.0003999208,2025-11-26 06:00:00.016000+00:00
xyz:TSLA,0.0000834733,0.0009677861,2025-11-26 07:00:00.022000+00:00
xyz:TSLA,0.0000729588,0.0008836702,2025-11-26 08:00:00.098000+00:00
xyz:TSLA,0.0000371982,0.0005975857,2025-11-26 09:00:00.091000+00:00
xyz:TSLA,0.0000125000,0.0001376168,2025-11-26 10:00:00.025000+00:00
xyz:TSLA,0.0000125000,0.0001983702,2025-11-26 11:00:00.023000+00:00
xyz:TSLA,0.0000125000,0.0003885939,2025-11-26 12:00:00.100000+00:00
xyz:TSLA,0.0000218176,0.0004745410,2025-11-26 13:00:00.034000+00:00
xyz:TSLA,0.0000125000,0.0003117716,2025-11-26 14:00:00.047000+00:00
xyz:TSLA,0.0000125000,0.0001969709,2025-11-26 15:00:00.012000+00:00
xyz:TSLA,0.0000125000,0.0001899403,2025-11-26 16:00:00.062000+00:00
xyz:TSLA,0.0000125000,0.0002883939,2025-11-26 17:00:00.062000+00:00
xyz:TSLA,0.0000125000,0.0002414111,2025-11-26 18:00:00.073000+00:00
xyz:TSLA,0.0000125000,0.0001488020,2025-11-26 19:00:00.048000+00:00
xyz:TSLA,0.0000125000,0.0002009995,2025-11-26 20:00:00.065000+00:00
xyz:TSLA,0.0000125000,0.0000159927,2025-11-26 21:00:00.032000+00:00
xyz:TSLA,0.0000125000,-0.0000359241,2025-11-26 22:00:00.029000+00:00
xyz:TSLA,0.0000125000,0.0000603227,2025-11-26 23:00:00.032000+00:00
xyz:TSLA,0.0000125000,0.0000988410,2025-11-27 00:00:00.024000+00:00
xyz:TSLA,0.0000125000,-0.0000168115,2025-11-27 01:00:00.006000+00:00
xyz:TSLA,0.0000125000,-0.0001372235,2025-11-27 02:00:00.090000+00:00
xyz:TSLA,0.0000125000,-0.0000379011,2025-11-27 03:00:00.036000+00:00
xyz:TSLA,0.0000125000,-0.0000163474,2025-11-27 04:00:00.062000+00:00
xyz:TSLA,0.0000125000,-0.0000071219,2025-11-27 05:00:00.069000+00:00
xyz:TSLA,0.0000125000,0.0002273209,2025-11-27 06:00:00.027000+00:00
xyz:TSLA,0.0000125000,0.0001096915,2025-11-27 07:00:00.004000+00:00
xyz:TSLA,0.0000125000,0.0000464261,2025-11-27 08:00:00.031000+00:00
xyz:TSLA,0.0000125000,0.0000253223,2025-11-27 09:00:00.030000+00:00
xyz:TSLA,0.0000125000,0.0000057526,2025-11-27 10:00:00.037000+00:00
xyz:TSLA,-0.0000546180,-0.0007369444,2025-11-27 11:00:00.006000+00:00
xyz:TSLA,0.0000106830,-0.0002145358,2025-11-27 12:00:00.056000+00:00
xyz:TSLA,0.0000125000,-0.0000891344,2025-11-27 13:00:00.129000+00:00
xyz:TSLA,0.0000125000,0.0003425201,2025-11-27 14:00:00.083000+00:00
xyz:TSLA,0.0000401053,0.0006208425,2025-11-27 15:00:00.013000+00:00
xyz:TSLA,0.0000404800,0.0006238399,2025-11-27 16:00:00.038000+00:00
xyz:TSLA,0.0000479135,0.0006833076,2025-11-27 17:00:00.030000+00:00
xyz:TSLA,0.0003885948,0.0034087588,2025-11-27 18:00:00.008000+00:00
xyz:TSLA,0.0000960370,0.0010682957,2025-11-27 19:00:00.043000+00:00
xyz:TSLA,0.0000129732,0.0004037859,2025-11-27 20:00:00.031000+00:00
xyz:TSLA,-0.0000158251,-0.0004266004,2025-11-27 21:00:00.068000+00:00
xyz:TSLA,-0.0002190662,-0.0020525299,2025-11-27 22:00:00.021000+00:00
xyz:TSLA,-0.0002422542,-0.0022380338,2025-11-27 23:00:00.015000+00:00
xyz:TSLA,-0.0000536872,-0.0007294978,2025-11-28 00:00:00.003000+00:00
xyz:TSLA,0.0000125000,-0.0000030541,2025-11-28 01:00:00.096000+00:00
xyz:TSLA,0.0000125000,-0.0000737584,2025-11-28 02:00:00.007000+00:00
xyz:TSLA,0.0000382446,0.0006059569,2025-11-28 03:00:00.026000+00:00
xyz:TSLA,0.0000125000,0.0002343439,2025-11-28 04:00:00.060000+00:00
xyz:TSLA,0.0001153727,0.0012229819,2025-11-28 05:00:00.102000+00:00
xyz:TSLA,0.0000815673,0.0009525381,2025-11-28 06:00:00.089000+00:00
xyz:TSLA,0.0000125000,-0.0000330981,2025-11-28 07:00:00.032000+00:00
xyz:TSLA,0.0000125000,0.0001865932,2025-11-28 08:00:00.007000+00:00
xyz:TSLA,0.0000125000,0.0001549648,2025-11-28 09:00:00.007000+00:00
xyz:TSLA,0.0000439690,0.0006517517,2025-11-28 10:00:00.046000+00:00
xyz:TSLA,0.0000139517,0.0004116139,2025-11-28 11:00:00.039000+00:00
xyz:TSLA,0.0000219158,0.0004753267,2025-11-28 12:00:00.055000+00:00
xyz:TSLA,0.0000125000,0.0003489417,2025-11-28 13:00:00.037000+00:00
xyz:TSLA,0.0000125000,0.0002245417,2025-11-28 14:00:00.032000+00:00
xyz:TSLA,0.0000125000,0.0003319725,2025-11-28 15:00:00+00:00
xyz:TSLA,0.0000125000,0.0001182185,2025-11-28 16:00:00.028000+00:00
xyz:TSLA,0.0000125000,0.0001599677,2025-11-28 17:00:00.067000+00:00
xyz:TSLA,0.0000125000,0.0000917664,2025-11-28 18:00:00.002000+00:00
xyz:TSLA,0.0000125000,0.0000687899,2025-11-28 19:00:00.074000+00:00
xyz:TSLA,0.0000125000,0.0002149730,2025-11-28 20:00:00.023000+00:00
xyz:TSLA,0.0000131466,0.0004051726,2025-11-28 21:00:00.034000+00:00
xyz:TSLA,0.0000125000,0.0002052057,2025-11-28 22:00:00.030000+00:00
xyz:TSLA,0.0000116417,-0.0002068667,2025-11-28 23:00:00.038000+00:00
xyz:TSLA,0.0000062649,-0.0002498812,2025-11-29 00:00:00.025000+00:00
xyz:TSLA,0.0000125000,-0.0000755394,2025-11-29 01:00:00.081000+00:00
xyz:TSLA,0.0000125000,-0.0000469170,2025-11-29 02:00:00.015000+00:00
xyz:TSLA,0.0000125000,-0.0000703328,2025-11-29 03:00:00.061000+00:00
xyz:TSLA,0.0000125000,-0.0000411841,2025-11-29 04:00:00.003000+00:00
xyz:TSLA,0.0000125000,-0.0000584834,2025-11-29 05:00:00.146000+00:00
xyz:TSLA,0.0000125000,0.0000438587,2025-11-29 06:00:00.061000+00:00
xyz:TSLA,0.0000125000,0.0000888317,2025-11-29 07:00:00.067000+00:00
xyz:TSLA,0.0000129036,0.0004032284,2025-11-29 08:00:00.067000+00:00
xyz:TSLA,0.0000867151,0.0009937206,2025-11-29 09:00:00.005000+00:00
xyz:TSLA,0.0000659294,0.0008274350,2025-11-29 10:00:00.028000+00:00
xyz:TSLA,0.0000135736,0.0004085890,2025-11-29 11:00:00.053000+00:00
xyz:TSLA,0.0000125000,0.0003557263,2025-11-29 12:00:00+00:00
xyz:TSLA,0.0000125000,0.0002099801,2025-11-29 13:00:00.051000+00:00
xyz:TSLA,0.0000125000,0.0000848198,2025-11-29 14:00:00.026000+00:00
xyz:TSLA,-0.0000194296,-0.0004554364,2025-11-29 15:00:00.007000+00:00
xyz:TSLA,-0.0000243881,-0.0004951045,2025-11-29 16:00:00.017000+00:00
xyz:TSLA,0.0000125000,-0.0001900432,2025-11-29 17:00:00.109000+00:00
xyz:TSLA,0.0000125000,0.0001931691,2025-11-29 18:00:00.004000+00:00
xyz:TSLA,0.0000125000,0.0000683649,2025-11-29 19:00:00.022000+00:00
xyz:TSLA,0.0000125000,-0.0000617365,2025-11-29 20:00:00.051000+00:00
xyz:TSLA,0.0000125000,-0.0000267561,2025-11-29 21:00:00.028000+00:00
xyz:TSLA,0.0000125000,-0.0000982475,2025-11-29 22:00:00.035000+00:00
xyz:TSLA,-0.0000434903,-0.0006479223,2025-11-29 23:00:00.051000+00:00
xyz:TSLA,-0.0000021940,-0.0003175523,2025-11-30 00:00:00.082000+00:00
xyz:TSLA,0.0000001586,-0.0002987316,2025-11-30 01:00:00.030000+00:00
xyz:TSLA,0.0000138119,0.0004104955,2025-11-30 02:00:00.075000+00:00
xyz:TSLA,0.0000435487,0.0006483895,2025-11-30 03:00:00.044000+00:00
xyz:TSLA,0.0000125000,0.0003588209,2025-11-30 04:00:00.090000+00:00
xyz:TSLA,0.0000125000,-0.0001738254,2025-11-30 05:00:00.004000+00:00
xyz:TSLA,0.0000125000,-0.0000973373,2025-11-30 06:00:00.004000+00:00
xyz:TSLA,0.0000125000,0.0000200457,2025-11-30 07:00:00.045000+00:00
xyz:TSLA,0.0000125000,0.0000057892,2025-11-30 08:00:00.065000+00:00
xyz:TSLA,0.0000125000,0.0000349091,2025-11-30 09:00:00.051000+00:00
xyz:TSLA,0.0000125000,0.0000444713,2025-11-30 10:00:00.075000+00:00
xyz:TSLA,0.0000202285,0.0004618276,2025-11-30 11:00:00.070000+00:00
xyz:TSLA,0.0000262660,0.0005101283,2025-11-30 12:00:00.054000+00:00
xyz:TSLA,0.0000125000,0.0001056362,2025-11-30 13:00:00.060000+00:00
xyz:TSLA,0.0000125000,0.0003345281,2025-11-30 14:00:00.007000+00:00
xyz:TSLA,0.0000730662,0.0008845297,2025-11-30 15:00:00.066000+00:00
xyz:TSLA,0.0000299764,0.0005398116,2025-11-30 16:00:00.049000+00:00
xyz:TSLA,0.0000125000,0.0002535875,2025-11-30 17:00:00.046000+00:00
xyz:TSLA,0.0000125000,0.0002003866,2025-11-30 18:00:00.097000+00:00
xyz:TSLA,0.0000438535,0.0006508283,2025-11-30 19:00:00.015000+00:00
xyz:TSLA,0.0000260659,0.0005085273,2025-11-30 20:00:00.096000+00:00
xyz:TSLA,0.0000463728,0.0006709821,2025-11-30 21:00:00.035000+00:00
xyz:TSLA,0.0000125000,0.0000217936,2025-11-30 22:00:00.056000+00:00
xyz:TSLA,0.0000125000,0.0003715420,2025-11-30 23:00:00.008000+00:00
xyz:TSLA,-0.0001408197,-0.0014265577,2025-12-01 00:00:00.073000+00:00
xyz:TSLA,-0.0004898477,-0.0042187820,2025-12-01 01:00:00.076000+00:00
xyz:TSLA,-0.0001160770,-0.0012286162,2025-12-01 02:00:00.003000+00:00
xyz:TSLA,-0.0000800003,-0.0009400028,2025-12-01 03:00:00.027000+00:00
xyz:TSLA,-0.0001053370,-0.0011426960,2025-12-01 04:00:00.028000+00:00
xyz:TSLA,-0.0000443338,-0.0006546703,2025-12-01 05:00:00.048000+00:00
xyz:TSLA,-0.0000668003,-0.0008344021,2025-12-01 06:00:00.029000+00:00
xyz:TSLA,-0.0000052710,-0.0003421683,2025-12-01 07:00:00.034000+00:00
xyz:TSLA,0.0000125000,-0.0000038437,2025-12-01 08:00:00.014000+00:00
xyz:TSLA,0.0000125000,0.0001464092,2025-12-01 09:00:00.010000+00:00
xyz:TSLA,0.0000125000,-0.0001473887,2025-12-01 10:00:00.038000+00:00
xyz:TSLA,0.0000087834,-0.0002297330,2025-12-01 11:00:00.036000+00:00
xyz:TSLA,0.0000125000,-0.0001195710,2025-12-01 12:00:00.066000+00:00
xyz:TSLA,0.0000125000,-0.0000697434,2025-12-01 13:00:00.024000+00:00
xyz:TSLA,0.0000125000,-0.0001642489,2025-12-01 14:00:00.024000+00:00
xyz:TSLA,0.0000125000,-0.0001091308,2025-12-01 15:00:00.067000+00:00
xyz:TSLA,0.0000125000,0.0000173216,2025-12-01 16:00:00.069000+00:00
xyz:TSLA,0.0000125000,0.0000217606,2025-12-01 17:00:00.021000+00:00
xyz:TSLA,0.0000125000,0.0000885957,2025-12-01 18:00:00.060000+00:00
xyz:TSLA,0.0000125000,-0.0000494860,2025-12-01 19:00:00+00:00
xyz:TSLA,0.0000125000,-0.0001562147,2025-12-01 20:00:00.070000+00:00
xyz:TSLA,0.0000125000,0.0000750381,2025-12-01 21:00:00.006000+00:00
xyz:TSLA,0.0000125000,0.0002432370,2025-12-01 22:00:00.103000+00:00
xyz:TSLA,0.0000125000,0.0002354016,2025-12-01 23:00:00.062000+00:00
xyz:TSLA,0.0000125000,0.0002590201,2025-12-02 00:00:00.052000+00:00
xyz:TSLA,0.0000125000,0.0001353007,2025-12-02 01:00:00.062000+00:00
xyz:TSLA,0.0000125000,0.0000993373,2025-12-02 02:00:00.027000+00:00
xyz:TSLA,0.0000125000,0.0002892837,2025-12-02 03:00:00.060000+00:00
xyz:TSLA,0.0000515167,0.0007121333,2025-12-02 04:00:00.023000+00:00
xyz:TSLA,0.0000257519,0.0005060149,2025-12-02 05:00:00.061000+00:00
xyz:TSLA,0.0000125000,0.0003714603,2025-12-02 06:00:00.036000+00:00
xyz:TSLA,0.0000125000,0.0002260990,2025-12-02 07:00:00.001000+00:00
xyz:TSLA,0.0000125000,-0.0001083520,2025-12-02 08:00:00.104000+00:00
xyz:TSLA,0.0000152114,0.0004216913,2025-12-02 09:00:00.038000+00:00
xyz:TSLA,0.0000125000,-0.0000302844,2025-12-02 10:00:00.047000+00:00
xyz:TSLA,0.0000125000,0.0000778040,2025-12-02 11:00:00.037000+00:00
xyz:TSLA,0.0000125000,0.0001106009,2025-12-02 12:00:00.092000+00:00
xyz:TSLA,0.0000125000,0.0002127867,2025-12-02 13:00:00.029000+00:00
xyz:TSLA,0.0000199964,0.0004599714,2025-12-02 14:00:00.078000+00:00
xyz:TSLA,0.0000125000,0.0002557443,2025-12-02 15:00:00.070000+00:00
xyz:TSLA,0.0000125000,0.0000707082,2025-12-02 16:00:00.048000+00:00
xyz:TSLA,0.0000125000,0.0001784075,2025-12-02 17:00:00.058000+00:00
xyz:TSLA,0.0000125000,0.0003948487,2025-12-02 18:00:00.022000+00:00
xyz:TSLA,0.0000125000,0.0002942887,2025-12-02 19:00:00.027000+00:00
xyz:TSLA,0.0000125000,0.0002232930,2025-12-02 20:00:00.007000+00:00
xyz:TSLA,0.0000125000,0.0002966938,2025-12-02 21:00:00.115000+00:00
xyz:TSLA,0.0000246096,0.0004968766,2025-12-02 22:00:00.050000+00:00
xyz:TSLA,0.0000334009,0.0005672075,2025-12-02 23:00:00.064000+00:00
xyz:TSLA,0.0000622047,0.0007976376,2025-12-03 00:00:00.098000+00:00
xyz:TSLA,0.0000567493,0.0007539943,2025-12-03 01:00:00.052000+00:00
xyz:TSLA,0.0000550406,0.0007403248,2025-12-03 02:00:00.028000+00:00
xyz:TSLA,0.0000412911,0.0006303291,2025-12-03 03:00:00.017000+00:00
xyz:TSLA,0.0000577464,0.0007619716,2025-12-03 04:00:00.010000+00:00
xyz:TSLA,0.0000485582,0.0006884658,2025-12-03 05:00:00.062000+00:00
xyz:TSLA,0.0000558764,0.0007470110,2025-12-03 06:00:00.007000+00:00
xyz:TSLA,0.0000516243,0.0007129945,2025-12-03 07:00:00.016000+00:00
xyz:TSLA,0.0000486902,0.0006895217,2025-12-03 08:00:00.016000+00:00
xyz:TSLA,0.0000497011,0.0006976086,2025-12-03 09:00:00.099000+00:00
xyz:TSLA,0.0000426228,0.0006409825,2025-12-03 10:00:00.051000+00:00
xyz:TSLA,0.0000125000,0.0003591683,2025-12-03 11:00:00.008000+00:00
xyz:TSLA,0.0000229963,0.0004839707,2025-12-03 12:00:00.008000+00:00
xyz:TSLA,0.0000188165,0.0004505322,2025-12-03 13:00:00.033000+00:00
xyz:TSLA,0.0000125000,0.0003988503,2025-12-03 14:00:00.068000+00:00
xyz:TSLA,0.0000125000,0.0002018485,2025-12-03 15:00:00.020000+00:00
xyz:TSLA,0.0000125000,0.0001256759,2025-12-03 16:00:00.116000+00:00
xyz:TSLA,0.0000125000,0.0000379694,2025-12-03 17:00:00.035000+00:00
xyz:TSLA,0.0000125000,0.0000194264,2025-12-03 18:00:00.043000+00:00
xyz:TSLA,0.0000125000,-0.0000154957,2025-12-03 19:00:00+00:00
xyz:TSLA,0.0000125000,0.0002658610,2025-12-03 20:00:00.036000+00:00
xyz:TSLA,0.0000184883,0.0004479061,2025-12-03 21:00:00.027000+00:00
xyz:TSLA,0.0000666293,0.0008330346,2025-12-03 22:00:00.024000+00:00
xyz:TSLA,0.0001594262,0.0015754096,2025-12-03 23:00:00.029000+00:00
xyz:TSLA,0.0002681725,0.0024453797,2025-12-04 00:00:00.032000+00:00
xyz:TSLA,0.0003600125,0.0031801003,2025-12-04 01:00:00.010000+00:00
xyz:TSLA,0.0002136876,0.0020095011,2025-12-04 02:00:00.079000+00:00
xyz:TSLA,0.0001597208,0.0015777663,2025-12-04 03:00:00.010000+00:00
xyz:TSLA,0.0001346687,0.0013773493,2025-12-04 04:00:00.038000+00:00
xyz:TSLA,0.0001078743,0.0011629942,2025-12-04 05:00:00.064000+00:00
xyz:TSLA,0.0001015595,0.0011124764,2025-12-04 06:00:00.059000+00:00
xyz:TSLA,0.0000520111,0.0007160891,2025-12-04 07:00:00.011000+00:00
xyz:TSLA,0.0000700246,0.0008601972,2025-12-04 08:00:00.049000+00:00
xyz:TSLA,0.0001028732,0.0011229854,2025-12-04 09:00:00.085000+00:00
xyz:TSLA,0.0000125000,0.0002606016,2025-12-04 10:00:00.081000+00:00
xyz:TSLA,0.0000660080,0.0008280643,2025-12-04 11:00:00.050000+00:00
xyz:TSLA,0.0000619878,0.0007959025,2025-12-04 12:00:00.031000+00:00
xyz:TSLA,0.0000190230,0.0004521840,2025-12-04 13:00:00.064000+00:00
xyz:TSLA,0.0000504077,0.0007032614,2025-12-04 14:00:00.041000+00:00
xyz:TSLA,0.0000675322,0.0008402580,2025-12-04 15:00:00.047000+00:00
xyz:TSLA,0.0000616589,0.0007932716,2025-12-04 16:00:00.010000+00:00
xyz:TSLA,0.0000347743,0.0005781944,2025-12-04 17:00:00.054000+00:00
xyz:TSLA,0.0000125000,0.0001709340,2025-12-04 18:00:00.008000+00:00
xyz:TSLA,0.0000125000,0.0000727879,2025-12-04 19:00:00.044000+00:00
xyz:TSLA,0.0000125000,0.0001138159,2025-12-04 20:00:00.021000+00:00
xyz:TSLA,0.0000125000,0.0001404214,2025-12-04 21:00:00.078000+00:00
xyz:TSLA,0.0000127579,0.0004020633,2025-12-04 22:00:00.034000+00:00
xyz:TSLA,0.0000381663,0.0006053304,2025-12-04 23:00:00.015000+00:00
xyz:TSLA,0.0000125000,0.0003950025,2025-12-05 00:00:00.002000+00:00
xyz:TSLA,0.0000156634,0.0004253072,2025-12-05 01:00:00.035000+00:00
xyz:TSLA,0.0001053609,0.0011428871,2025-12-05 02:00:00.021000+00:00
xyz:TSLA,0.0000811110,0.0009488879,2025-12-05 03:00:00.048000+00:00
xyz:TSLA,0.0000907838,0.0010262705,2025-12-05 04:00:00.066000+00:00
xyz:TSLA,0.0000912839,0.0010302709,2025-12-05 05:00:00.044000+00:00
xyz:TSLA,0.0000125000,0.0000178177,2025-12-05 06:00:00.033000+00:00
xyz:TSLA,0.0000016866,-0.0002865075,2025-12-05 07:00:00.050000+00:00
xyz:TSLA,-0.0000208920,-0.0004671357,2025-12-05 08:00:00.032000+00:00
xyz:TSLA,-0.0000341392,-0.0005731138,2025-12-05 09:00:00.019000+00:00
xyz:TSLA,0.0000724040,0.0008792321,2025-12-05 10:00:00.035000+00:00
xyz:TSLA,0.0000957074,0.0010656593,2025-12-05 11:00:00.077000+00:00
xyz:TSLA,0.0001013296,0.0011106365,2025-12-05 12:00:00.030000+00:00
xyz:TSLA,0.0000671425,0.0008371398,2025-12-05 13:00:00.062000+00:00
xyz:TSLA,0.0000754733,0.0009037863,2025-12-05 14:00:00.047000+00:00
xyz:TSLA,0.0000435131,0.0006481045,2025-12-05 15:00:00.036000+00:00
xyz:TSLA,0.0000125000,0.0003268957,2025-12-05 16:00:00+00:00
xyz:TSLA,0.0000125000,0.0002424309,2025-12-05 17:00:00.026000+00:00
xyz:TSLA,0.0000125000,0.0002921105,2025-12-05 18:00:00.054000+00:00
xyz:TSLA,0.0000125000,0.0003245630,2025-12-05 19:00:00.086000+00:00
xyz:TSLA,0.0000125000,0.0001117075,2025-12-05 20:00:00.004000+00:00
xyz:TSLA,0.0000125000,0.0000460453,2025-12-05 21:00:00.036000+00:00
xyz:TSLA,0.0000125000,-0.0001427612,2025-12-05 22:00:00.035000+00:00
xyz:TSLA,0.0000125000,-0.0000209558,2025-12-05 23:00:00.012000+00:00
xyz:TSLA,0.0000125000,-0.0001267534,2025-12-06 00:00:00.052000+00:00
xyz:TSLA,0.0000125000,-0.0001946462,2025-12-06 01:00:00.110000+00:00
xyz:TSLA,0.0000125000,0.0000398730,2025-12-06 02:00:00.011000+00:00
xyz:TSLA,0.0000125000,0.0000121238,2025-12-06 03:00:00.053000+00:00
xyz:TSLA,0.0000115063,-0.0002079495,2025-12-06 04:00:00.025000+00:00
xyz:TSLA,0.0000125000,0.0000837365,2025-12-06 05:00:00.044000+00:00
xyz:TSLA,0.0000125000,0.0001502692,2025-12-06 06:00:00.010000+00:00
xyz:TSLA,0.0000125000,0.0003606599,2025-12-06 07:00:00.052000+00:00
xyz:TSLA,0.0000125000,0.0003073623,2025-12-06 08:00:00.049000+00:00
xyz:TSLA,0.0000125000,0.0000868494,2025-12-06 09:00:00.050000+00:00
xyz:TSLA,0.0000125000,0.0000695433,2025-12-06 10:00:00.024000+00:00
xyz:TSLA,0.0000125000,0.0002299285,2025-12-06 11:00:00.005000+00:00
xyz:TSLA,0.0000125000,0.0000920404,2025-12-06 12:00:00.038000+00:00
xyz:TSLA,0.0000125000,0.0000407093,2025-12-06 13:00:00.034000+00:00
xyz:TSLA,0.0000125000,0.0000110746,2025-12-06 14:00:00.047000+00:00
xyz:TSLA,-0.0000084092,-0.0003672738,2025-12-06 15:00:00.028000+00:00
xyz:TSLA,0.0000108416,-0.0002132676,2025-12-06 16:00:00.107000+00:00
xyz:TSLA,0.0000125000,0.0003190978,2025-12-06 17:00:00.025000+00:00
xyz:TSLA,0.0000085499,-0.0002316010,2025-12-06 18:00:00.046000+00:00
xyz:TSLA,-0.0001068819,-0.0011550549,2025-12-06 19:00:00.065000+00:00
xyz:TSLA,-0.0000844192,-0.0009753539,2025-12-06 20:00:00.038000+00:00
xyz:TSLA,-0.0000763971,-0.0009111766,2025-12-06 21:00:00.067000+00:00
xyz:TSLA,-0.0000547048,-0.0007376380,2025-12-06 22:00:00.120000+00:00
xyz:TSLA,0.0000125000,-0.0000260398,2025-12-06 23:00:00.058000+00:00
xyz:TSLA,0.0000458159,0.0006665275,2025-12-07 00:00:00.005000+00:00
xyz:TSLA,0.0000349330,0.0005794641,2025-12-07 01:00:00.048000+00:00
xyz:TSLA,0.0000256191,0.0005049530,2025-12-07 02:00:00.012000+00:00
xyz:TSLA,0.0000125000,0.0001961101,2025-12-07 03:00:00.047000+00:00
xyz:TSLA,0.0000125000,0.0000885502,2025-12-07 04:00:00.147000+00:00
xyz:TSLA,0.0000125000,0.0000392928,2025-12-07 05:00:00.081000+00:00
xyz:TSLA,-0.0000208308,-0.0004666465,2025-12-07 06:00:00.041000+00:00
xyz:TSLA,-0.0001302002,-0.0013416013,2025-12-07 07:00:00.003000+00:00
xyz:TSLA,-0.0000536740,-0.0007293920,2025-12-07 08:00:00.025000+00:00
xyz:TSLA,0.0000098223,-0.0002214217,2025-12-07 09:00:00.033000+00:00
xyz:TSLA,0.0000125000,-0.0001939109,2025-12-07 10:00:00.096000+00:00
xyz:TSLA,0.0000125000,-0.0001613396,2025-12-07 11:00:00.107000+00:00
xyz:TSLA,0.0000014408,-0.0002884737,2025-12-07 12:00:00.022000+00:00
xyz:TSLA,0.0000125000,-0.0001496370,2025-12-07 13:00:00.015000+00:00
xyz:TSLA,0.0000052742,-0.0002578066,2025-12-07 14:00:00.007000+00:00
xyz:TSLA,0.0001241661,0.0012933288,2025-12-07 15:00:00.003000+00:00
xyz:TSLA,0.0001038947,0.0011311573,2025-12-07 16:00:00.031000+00:00
xyz:TSLA,0.0000347911,0.0005783285,2025-12-07 17:00:00.002000+00:00
xyz:TSLA,0.0000125000,0.0001615204,2025-12-07 18:00:00.040000+00:00
xyz:TSLA,0.0000125000,0.0001911806,2025-12-07 19:00:00.096000+00:00
xyz:TSLA,0.0000125000,-0.0000181434,2025-12-07 20:00:00.036000+00:00
xyz:TSLA,0.0000125000,0.0002644634,2025-12-07 21:00:00.009000+00:00
xyz:TSLA,0.0000125000,0.0000174336,2025-12-07 22:00:00.031000+00:00
xyz:TSLA,0.0000125000,-0.0001998299,2025-12-07 23:00:00.067000+00:00
xyz:TSLA,0.0000125000,0.0003219649,2025-12-08 00:00:00.031000+00:00
xyz:TSLA,0.0000125000,0.0000179494,2025-12-08 01:00:00.152000+00:00
xyz:TSLA,0.0000141926,0.0004135408,2025-12-08 02:00:00.010000+00:00
xyz:TSLA,0.0000125000,0.0001480216,2025-12-08 03:00:00.024000+00:00
xyz:TSLA,0.0000306510,0.0005452077,2025-12-08 04:00:00.007000+00:00
xyz:TSLA,0.0000125000,0.0001705212,2025-12-08 05:00:00.036000+00:00
xyz:TSLA,0.0000167455,0.0004339642,2025-12-08 06:00:00.056000+00:00
xyz:TSLA,0.0000795917,0.0009367333,2025-12-08 07:00:00.006000+00:00
xyz:TSLA,0.0000773282,0.0009186256,2025-12-08 08:00:00.113000+00:00
xyz:TSLA,0.0000643248,0.0008145985,2025-12-08 09:00:00.062000+00:00
xyz:TSLA,0.0000125000,0.0002903281,2025-12-08 10:00:00.041000+00:00
xyz:TSLA,0.0000153172,0.0004225373,2025-12-08 11:00:00.085000+00:00
xyz:TSLA,0.0000125000,0.0000578197,2025-12-08 12:00:00.019000+00:00
xyz:TSLA,0.0000125000,-0.0000158869,2025-12-08 13:00:00.077000+00:00
xyz:TSLA,0.0000125000,0.0001986272,2025-12-08 14:00:00.056000+00:00
xyz:TSLA,0.0000125000,0.0002707155,2025-12-08 15:00:00.011000+00:00
xyz:TSLA,0.0000125000,0.0000663378,2025-12-08 16:00:00.037000+00:00
xyz:TSLA,0.0000125000,0.0003175407,2025-12-08 17:00:00.037000+00:00
xyz:TSLA,0.0000125000,0.0003639090,2025-12-08 18:00:00.053000+00:00
xyz:TSLA,0.0000125000,0.0003990489,2025-12-08 19:00:00.047000+00:00
xyz:TSLA,0.0000125000,0.0002970058,2025-12-08 20:00:00.021000+00:00
xyz:TSLA,0.0000125000,0.0000858322,2025-12-08 21:00:00.150000+00:00
xyz:TSLA,0.0000125000,0.0002855521,2025-12-08 22:00:00.004000+00:00
xyz:TSLA,0.0000125000,0.0003854206,2025-12-08 23:00:00.059000+00:00
xyz:TSLA,0.0000306043,0.0005448348,2025-12-09 00:00:00.087000+00:00
xyz:TSLA,0.0000199634,0.0004597069,2025-12-09 01:00:00.022000+00:00
xyz:TSLA,0.0000405988,0.0006247900,2025-12-09 02:00:00.045000+00:00
xyz:TSLA,0.0000389254,0.0006114032,2025-12-09 03:00:00.064000+00:00
xyz:TSLA,0.0000272683,0.0005181466,2025-12-09 04:00:00.033000+00:00
xyz:TSLA,0.0000323166,0.0005585331,2025-12-09 05:00:00.043000+00:00
xyz:TSLA,0.0000544764,0.0007358112,2025-12-09 06:00:00.001000+00:00
xyz:TSLA,0.0000208082,0.0004664656,2025-12-09 07:00:00.090000+00:00
xyz:TSLA,0.0000125000,0.0002501272,2025-12-09 08:00:00.041000+00:00
xyz:TSLA,0.0000420553,0.0006364422,2025-12-09 09:00:00.045000+00:00
xyz:TSLA,0.0000125000,0.0001748194,2025-12-09 10:00:00.025000+00:00
xyz:TSLA,0.0000125000,0.0001362198,2025-12-09 11:00:00.029000+00:00
xyz:TSLA,0.0000125000,0.0000928707,2025-12-09 12:00:00.077000+00:00
xyz:TSLA,0.0000125000,0.0000276200,2025-12-09 13:00:00.052000+00:00
xyz:TSLA,0.0000125000,-0.0001349351,2025-12-09 14:00:00.043000+00:00
xyz:TSLA,0.0000125000,-0.0000759784,2025-12-09 15:00:00.058000+00:00
xyz:TSLA,0.0000125000,0.0000253116,2025-12-09 16:00:00.007000+00:00
xyz:TSLA,0.0000125000,0.0000801518,2025-12-09 17:00:00.005000+00:00
xyz:TSLA,0.0000125000,0.0000835296,2025-12-09 18:00:00.021000+00:00
xyz:TSLA,0.0000125000,0.0000502425,2025-12-09 19:00:00.066000+00:00
xyz:TSLA,0.0000125000,0.0001510810,2025-12-09 20:00:00.008000+00:00
xyz:TSLA,0.0000125000,0.0002471257,2025-12-09 21:00:00.033000+00:00
xyz:TSLA,0.0000125000,0.0003672978,2025-12-09 22:00:00.103000+00:00
xyz:TSLA,0.0000125000,0.0002215515,2025-12-09 23:00:00.008000+00:00
xyz:TSLA,0.0000125000,-0.0001732326,2025-12-10 00:00:00.013000+00:00
xyz:TSLA,0.0000125000,-0.0001929705,2025-12-10 01:00:00.046000+00:00
xyz:TSLA,-0.0001767482,-0.0017139853,2025-12-10 02:00:00.101000+00:00
xyz:TSLA,-0.0000859788,-0.0009878308,2025-12-10 03:00:00+00:00
xyz:TSLA,-0.0000492988,-0.0006943906,2025-12-10 04:00:00.090000+00:00
xyz:TSLA,0.0000125000,0.0001092897,2025-12-10 05:00:00.079000+00:00
xyz:TSLA,0.0000125000,0.0002876442,2025-12-10 06:00:00.065000+00:00
xyz:TSLA,0.0000125000,0.0002864140,2025-12-10 07:00:00.025000+00:00
xyz:TSLA,0.0000125000,0.0003963892,2025-12-10 08:00:00.023000+00:00
xyz:TSLA,0.0000125000,0.0002417199,2025-12-10 09:00:00.031000+00:00
xyz:TSLA,0.0000125000,0.0001679889,2025-12-10 10:00:00.108000+00:00
xyz:TSLA,0.0000125000,0.0001882076,2025-12-10 11:00:00.050000+00:00
xyz:TSLA,0.0000125000,0.0002279425,2025-12-10 12:00:00.051000+00:00
xyz:TSLA,0.0000125000,0.0002377778,2025-12-10 13:00:00.033000+00:00
xyz:TSLA,0.0000125000,0.0000425825,2025-12-10 14:00:00.003000+00:00
xyz:TSLA,0.0000125000,0.0001293468,2025-12-10 15:00:00.139000+00:00
xyz:TSLA,0.0000125000,0.0000537243,2025-12-10 16:00:00.003000+00:00
xyz:TSLA,0.0000125000,0.0000241557,2025-12-10 17:00:00.019000+00:00
xyz:TSLA,0.0000125000,0.0000339749,2025-12-10 18:00:00.058000+00:00
xyz:TSLA,0.0000125000,0.0000500243,2025-12-10 19:00:00.036000+00:00
xyz:TSLA,0.0000125000,0.0000850664,2025-12-10 20:00:00.105000+00:00
xyz:TSLA,0.0000125000,0.0002985423,2025-12-10 21:00:00.013000+00:00
xyz:TSLA,0.0000378172,0.0006025380,2025-12-10 22:00:00.057000+00:00
xyz:TSLA,0.0000191919,0.0004535349,2025-12-10 23:00:00+00:00
xyz:TSLA,0.0000125000,0.0002370220,2025-12-11 00:00:00.043000+00:00
xyz:TSLA,0.0000125000,0.0001803017,2025-12-11 01:00:00.002000+00:00
xyz:TSLA,0.0000125000,-0.0000230572,2025-12-11 02:00:00.017000+00:00
xyz:TSLA,0.0000125000,-0.0000699798,2025-12-11 03:00:00.029000+00:00
xyz:TSLA,0.0000019063,-0.0002847497,2025-12-11 04:00:00.035000+00:00
xyz:TSLA,-0.0000085117,-0.0003680933,2025-12-11 05:00:00.039000+00:00
xyz:TSLA,-0.0000186178,-0.0004489424,2025-12-11 06:00:00.044000+00:00
xyz:TSLA,-0.0000178054,-0.0004424434,2025-12-11 07:00:00.030000+00:00
xyz:TSLA,0.0000125000,-0.0000946975,2025-12-11 08:00:00.002000+00:00
xyz:TSLA,0.0000125000,0.0003262538,2025-12-11 09:00:00.086000+00:00
xyz:TSLA,0.0000125000,0.0003532429,2025-12-11 10:00:00.017000+00:00
xyz:TSLA,0.0000125000,0.0002453054,2025-12-11 11:00:00.074000+00:00
xyz:TSLA,0.0000125000,0.0002428412,2025-12-11 12:00:00.085000+00:00
xyz:TSLA,0.0000125000,0.0000730632,2025-12-11 13:00:00.016000+00:00
xyz:TSLA,0.0000125000,0.0001942966,2025-12-11 14:00:00.053000+00:00
xyz:TSLA,0.0000125000,0.0001221475,2025-12-11 15:00:00.033000+00:00
xyz:TSLA,0.0000125000,-0.0001081918,2025-12-11 16:00:00.037000+00:00
xyz:TSLA,0.0000125000,-0.0001619840,2025-12-11 17:00:00.009000+00:00
xyz:TSLA,0.0000125000,0.0000068609,2025-12-11 18:00:00.065000+00:00
xyz:TSLA,0.0000125000,-0.0000291986,2025-12-11 19:00:00.050000+00:00
xyz:TSLA,0.0000125000,-0.0000377239,2025-12-11 20:00:00.102000+00:00
xyz:TSLA,0.0000125000,-0.0000229778,2025-12-11 21:00:00.008000+00:00
xyz:TSLA,0.0000125000,0.0001858206,2025-12-11 22:00:00.002000+00:00
xyz:TSLA,0.0000125000,0.0002687916,2025-12-11 23:00:00.050000+00:00
xyz:TSLA,0.0000125000,0.0003708771,2025-12-12 00:00:00.018000+00:00
xyz:TSLA,0.0000125000,0.0002841843,2025-12-12 01:00:00.171000+00:00
xyz:TSLA,0.0000125000,0.0000353909,2025-12-12 02:00:00.053000+00:00
xyz:TSLA,0.0000125000,0.0002037459,2025-12-12 03:00:00.087000+00:00
xyz:TSLA,0.0000434432,0.0006475452,2025-12-12 04:00:00.006000+00:00
xyz:TSLA,0.0000365617,0.0005924932,2025-12-12 05:00:00.009000+00:00
xyz:TSLA,0.0000384427,0.0006075419,2025-12-12 06:00:00.066000+00:00
xyz:TSLA,0.0000309189,0.0005473511,2025-12-12 07:00:00.063000+00:00
xyz:TSLA,0.0000448551,0.0006588407,2025-12-12 08:00:00.062000+00:00
xyz:TSLA,0.0000267716,0.0005141725,2025-12-12 09:00:00.026000+00:00
xyz:TSLA,0.0000125000,0.0003350044,2025-12-12 10:00:00.066000+00:00
xyz:TSLA,0.0000125000,0.0002223473,2025-12-12 11:00:00.038000+00:00
xyz:TSLA,0.0000125000,0.0003040025,2025-12-12 12:00:00.034000+00:00
xyz:TSLA,0.0000125000,0.0003057538,2025-12-12 13:00:00.065000+00:00
xyz:TSLA,0.0000125000,0.0001329386,2025-12-12 14:00:00.016000+00:00
xyz:TSLA,0.0000125000,-0.0000378623,2025-12-12 15:00:00.036000+00:00
xyz:TSLA,0.0000125000,-0.0001039388,2025-12-12 16:00:00.063000+00:00
xyz:TSLA,0.0000125000,0.0001988899,2025-12-12 17:00:00.048000+00:00
xyz:TSLA,0.0000125000,0.0003629409,2025-12-12 18:00:00.100000+00:00
xyz:TSLA,0.0000125000,0.0001641744,2025-12-12 19:00:00.047000+00:00
xyz:TSLA,0.0000125000,0.0001153401,2025-12-12 20:00:00.061000+00:00
xyz:TSLA,0.0000125000,0.0000096345,2025-12-12 21:00:00.053000+00:00
xyz:TSLA,0.0000125000,-0.0001338402,2025-12-12 22:00:00.043000+00:00
xyz:TSLA,0.0000125000,-0.0001283049,2025-12-12 23:00:00.048000+00:00
xyz:TSLA,0.0000032165,-0.0002742678,2025-12-13 00:00:00.091000+00:00
xyz:TSLA,0.0000125000,-0.0000426913,2025-12-13 01:00:00.043000+00:00
xyz:TSLA,0.0000125000,0.0003404435,2025-12-13 02:00:00.027000+00:00
xyz:TSLA,0.0000125000,0.0003040207,2025-12-13 03:00:00.090000+00:00
xyz:TSLA,0.0000125000,0.0000631026,2025-12-13 04:00:00.011000+00:00
xyz:TSLA,0.0000125000,-0.0000913514,2025-12-13 05:00:00.068000+00:00
xyz:TSLA,0.0000125000,0.0000285500,2025-12-13 06:00:00.030000+00:00
xyz:TSLA,0.0000125000,-0.0000026093,2025-12-13 07:00:00.002000+00:00
xyz:TSLA,-0.0000670185,-0.0008361479,2025-12-13 08:00:00.054000+00:00
xyz:TSLA,-0.0000008859,-0.0003070874,2025-12-13 09:00:00.047000+00:00
xyz:TSLA,-0.0000014898,-0.0003119181,2025-12-13 10:00:00.009000+00:00
xyz:TSLA,0.0000069586,-0.0002443309,2025-12-13 11:00:00.027000+00:00
xyz:TSLA,0.0000125000,-0.0001624950,2025-12-13 12:00:00.024000+00:00
xyz:TSLA,-0.0000095496,-0.0003763965,2025-12-13 13:00:00.079000+00:00
xyz:TSLA,0.0000125000,0.0001846697,2025-12-13 14:00:00.061000+00:00
xyz:TSLA,0.0000125000,0.0003006873,2025-12-13 15:00:00.113000+00:00
xyz:TSLA,0.0001545988,0.0015367908,2025-12-13 16:00:00.054000+00:00
xyz:TSLA,0.0000299699,0.0005397590,2025-12-13 17:00:00.085000+00:00
xyz:TSLA,0.0000125000,0.0002711256,2025-12-13 18:00:00.079000+00:00
xyz:TSLA,0.0000125000,0.0001549775,2025-12-13 19:00:00.003000+00:00
xyz:TSLA,-0.0001722807,-0.0016782453,2025-12-13 20:00:00.137000+00:00
xyz:TSLA,-0.0000027575,-0.0003220599,2025-12-13 21:00:00.031000+00:00
xyz:TSLA,0.0000125000,0.0001018447,2025-12-13 22:00:00.014000+00:00
xyz:TSLA,0.0000140946,0.0004127565,2025-12-13 23:00:00.022000+00:00
xyz:TSLA,0.0000125000,0.0001733348,2025-12-14 00:00:00.071000+00:00
xyz:TSLA,0.0000125000,0.0001491137,2025-12-14 01:00:00.077000+00:00
xyz:TSLA,-0.0000209444,-0.0004675555,2025-12-14 02:00:00.004000+00:00
xyz:TSLA,-0.0000075730,-0.0003605836,2025-12-14 03:00:00.045000+00:00
xyz:TSLA,0.0000034967,-0.0002720267,2025-12-14 04:00:00.070000+00:00
xyz:TSLA,0.0000125000,0.0002321051,2025-12-14 05:00:00.007000+00:00
xyz:TSLA,0.0000125000,-0.0001482902,2025-12-14 06:00:00.066000+00:00
xyz:TSLA,0.0000125000,0.0002038455,2025-12-14 07:00:00.048000+00:00
xyz:TSLA,0.0000125000,0.0003111538,2025-12-14 08:00:00.098000+00:00
xyz:TSLA,0.0000125000,-0.0000710368,2025-12-14 09:00:00.052000+00:00
xyz:TSLA,0.0000085024,-0.0002319808,2025-12-14 10:00:00.041000+00:00
xyz:TSLA,0.0000125000,-0.0001688737,2025-12-14 11:00:00.121000+00:00
xyz:TSLA,0.0000125000,0.0000480791,2025-12-14 12:00:00.014000+00:00
xyz:TSLA,0.0000079943,-0.0002360457,2025-12-14 13:00:00.017000+00:00
xyz:TSLA,0.0000125000,-0.0001456221,2025-12-14 14:00:00.060000+00:00
xyz:TSLA,-0.0000231378,-0.0004851020,2025-12-14 15:00:00.031000+00:00
xyz:TSLA,0.0000125000,-0.0000833808,2025-12-14 16:00:00.070000+00:00
xyz:TSLA,0.0000125000,-0.0001212431,2025-12-14 17:00:00.069000+00:00
xyz:TSLA,0.0000773136,0.0009185086,2025-12-14 18:00:00.047000+00:00
xyz:TSLA,0.0000339004,0.0005712035,2025-12-14 19:00:00.044000+00:00
xyz:TSLA,0.0001279522,0.0013236178,2025-12-14 20:00:00.047000+00:00
xyz:TSLA,0.0000090627,-0.0002274984,2025-12-14 21:00:00.068000+00:00
xyz:TSLA,0.0000125000,-0.0001354342,2025-12-14 22:00:00.087000+00:00
xyz:TSLA,-0.0000746717,-0.0008973732,2025-12-14 23:00:00.015000+00:00
xyz:TSLA,-0.0003479808,-0.0030838466,2025-12-15 00:00:00.088000+00:00
xyz:TSLA,-0.0000136746,-0.0004093966,2025-12-15 01:00:00.010000+00:00
xyz:TSLA,0.0000069380,-0.0002444961,2025-12-15 02:00:00.047000+00:00
xyz:TSLA,-0.0000069290,-0.0003554317,2025-12-15 03:00:00.076000+00:00
xyz:TSLA,0.0000125000,-0.0000953453,2025-12-15 04:00:00.021000+00:00
xyz:TSLA,0.0000125000,0.0000539864,2025-12-15 05:00:00.059000+00:00
xyz:TSLA,-0.0000292850,-0.0005342799,2025-12-15 06:00:00.047000+00:00
xyz:TSLA,0.0000125000,-0.0001466670,2025-12-15 07:00:00.042000+00:00
xyz:TSLA,0.0000125000,-0.0001525897,2025-12-15 08:00:00.082000+00:00
xyz:TSLA,0.0000125000,-0.0001295339,2025-12-15 09:00:00.059000+00:00
xyz:TSLA,0.0000125000,0.0000934513,2025-12-15 10:00:00.075000+00:00
xyz:TSLA,0.0000125000,0.0003156620,2025-12-15 11:00:00.123000+00:00
xyz:TSLA,0.0000125000,0.0002449882,2025-12-15 12:00:00.009000+00:00
xyz:TSLA,0.0000125000,0.0002846064,2025-12-15 13:00:00.004000+00:00
xyz:TSLA,0.0000138018,0.0004104140,2025-12-15 14:00:00.067000+00:00
xyz:TSLA,0.0000125000,0.0001214495,2025-12-15 15:00:00.001000+00:00
xyz:TSLA,0.0000125000,-0.0000012308,2025-12-15 16:00:00.063000+00:00
xyz:TSLA,0.0000125000,0.0002221668,2025-12-15 17:00:00.112000+00:00
xyz:TSLA,0.0000125000,0.0003141797,2025-12-15 18:00:00.057000+00:00
xyz:TSLA,0.0000125000,0.0002632764,2025-12-15 19:00:00.060000+00:00
xyz:TSLA,0.0000125000,0.0000142101,2025-12-15 20:00:00.032000+00:00
xyz:TSLA,0.0000147703,0.0004181627,2025-12-15 21:00:00.059000+00:00
xyz:TSLA,0.0000333974,0.0005671795,2025-12-15 22:00:00.047000+00:00
xyz:TSLA,0.0000176012,0.0004408092,2025-12-15 23:00:00.069000+00:00
xyz:TSLA,0.0000336257,0.0005690052,2025-12-16 00:00:00.079000+00:00
xyz:TSLA,0.0000125000,0.0000724759,2025-12-16 01:00:00.072000+00:00
xyz:TSLA,0.0000548593,0.0007388746,2025-12-16 02:00:00.054000+00:00
xyz:TSLA,0.0000125000,0.0001497528,2025-12-16 03:00:00.051000+00:00
xyz:TSLA,-0.0000243235,-0.0004945880,2025-12-16 04:00:00.068000+00:00
xyz:TSLA,-0.0000547901,-0.0007383207,2025-12-16 05:00:00.036000+00:00
xyz:TSLA,-0.0000589971,-0.0007719771,2025-12-16 06:00:00.047000+00:00
xyz:TSLA,-0.0000066474,-0.0003531792,2025-12-16 07:00:00.012000+00:00
xyz:TSLA,0.0000125000,-0.0000675638,2025-12-16 08:00:00.101000+00:00
xyz:TSLA,0.0000125000,0.0000691288,2025-12-16 09:00:00.077000+00:00
xyz:TSLA,0.0000125000,-0.0001622056,2025-12-16 10:00:00.029000+00:00
xyz:TSLA,0.0000125000,-0.0001768935,2025-12-16 11:00:00.055000+00:00
xyz:TSLA,0.0000125000,-0.0000132620,2025-12-16 12:00:00.047000+00:00
xyz:TSLA,0.0000125000,0.0000846590,2025-12-16 13:00:00.026000+00:00
xyz:TSLA,0.0000508628,0.0007069022,2025-12-16 14:00:00.003000+00:00
xyz:TSLA,0.0001244269,0.0012954153,2025-12-16 15:00:00.025000+00:00
xyz:TSLA,0.0000297626,0.0005381008,2025-12-16 16:00:00.075000+00:00
xyz:TSLA,0.0000125000,0.0001805100,2025-12-16 17:00:00.045000+00:00
xyz:TSLA,0.0000125000,0.0001843880,2025-12-16 18:00:00.063000+00:00
xyz:TSLA,0.0000125000,0.0001026868,2025-12-16 19:00:00.014000+00:00
xyz:TSLA,0.0000125000,0.0002679715,2025-12-16 20:00:00.180000+00:00
xyz:TSLA,0.0000632485,0.0008059881,2025-12-16 21:00:00.001000+00:00
xyz:TSLA,0.0000921287,0.0010370296,2025-12-16 22:00:00.081000+00:00
xyz:TSLA,0.0000525840,0.0007206719,2025-12-16 23:00:00.079000+00:00
xyz:TSLA,0.0001077163,0.0011617307,2025-12-17 00:00:00.013000+00:00
xyz:TSLA,0.0001007131,0.0011057046,2025-12-17 01:00:00.109000+00:00
xyz:TSLA,0.0001537391,0.0015299127,2025-12-17 02:00:00.088000+00:00
xyz:TSLA,0.0001200519,0.0012604150,2025-12-17 03:00:00.065000+00:00
xyz:TSLA,0.0001035524,0.0011284188,2025-12-17 04:00:00.020000+00:00
xyz:TSLA,0.0001071062,0.0011568498,2025-12-17 05:00:00.122000+00:00
xyz:TSLA,0.0000319779,0.0005558230,2025-12-17 06:00:00.024000+00:00
xyz:TSLA,0.0000125000,-0.0001722134,2025-12-17 07:00:00.010000+00:00
xyz:TSLA,-0.0000307110,-0.0005456876,2025-12-17 08:00:00.022000+00:00
xyz:TSLA,-0.0001013825,-0.0011110598,2025-12-17 09:00:00.055000+00:00
xyz:TSLA,-0.0000015079,-0.0003120630,2025-12-17 10:00:00.016000+00:00
xyz:TSLA,0.0000125000,-0.0000952684,2025-12-17 11:00:00.072000+00:00
xyz:TSLA,0.0000125000,0.0000261400,2025-12-17 12:00:00.021000+00:00
xyz:TSLA,0.0000125000,0.0001897978,2025-12-17 13:00:00.083000+00:00
xyz:TSLA,0.0000125000,0.0003626522,2025-12-17 14:00:00.018000+00:00
xyz:TSLA,0.0000125000,0.0003536241,2025-12-17 15:00:00.040000+00:00
xyz:TSLA,0.0000125000,0.0003383437,2025-12-17 16:00:00.034000+00:00
xyz:TSLA,0.0000418100,0.0006344799,2025-12-17 17:00:00.038000+00:00
xyz:TSLA,0.0000125000,0.0001675298,2025-12-17 18:00:00.074000+00:00
xyz:TSLA,0.0000125000,-0.0000321253,2025-12-17 19:00:00.014000+00:00
xyz:TSLA,0.0000125000,0.0003086534,2025-12-17 20:00:00.061000+00:00
xyz:TSLA,0.0000125000,0.0000745037,2025-12-17 21:00:00.032000+00:00
xyz:TSLA,0.0000125000,-0.0001681126,2025-12-17 22:00:00.073000+00:00
xyz:TSLA,-0.0000122859,-0.0003982870,2025-12-17 23:00:00+00:00
xyz:TSLA,-0.0000084830,-0.0003678641,2025-12-18 00:00:00.033000+00:00
xyz:TSLA,-0.0000008261,-0.0003066087,2025-12-18 01:00:00.079000+00:00
xyz:TSLA,-0.0001812220,-0.0017497760,2025-12-18 02:00:00.030000+00:00
xyz:TSLA,-0.0000626048,-0.0008008388,2025-12-18 03:00:00.055000+00:00
xyz:TSLA,0.0000125000,0.0002585180,2025-12-18 04:00:00.029000+00:00
xyz:TSLA,0.0000125000,0.0002114134,2025-12-18 05:00:00.055000+00:00
xyz:TSLA,0.0000125000,0.0000833158,2025-12-18 06:00:00.044000+00:00
xyz:TSLA,0.0000125000,0.0003571578,2025-12-18 07:00:00.025000+00:00
xyz:TSLA,0.0000125000,0.0000268793,2025-12-18 08:00:00.050000+00:00
xyz:TSLA,-0.0000091253,-0.0003730020,2025-12-18 09:00:00.003000+00:00
xyz:TSLA,0.0000125000,0.0000567526,2025-12-18 10:00:00.091000+00:00
xyz:TSLA,0.0000125000,0.0000368460,2025-12-18 11:00:00.056000+00:00
xyz:TSLA,0.0000125000,0.0000020486,2025-12-18 12:00:00.039000+00:00
xyz:TSLA,0.0000100432,-0.0002196548,2025-12-18 13:00:00.003000+00:00
xyz:TSLA,0.0000125000,-0.0001860619,2025-12-18 14:00:00.026000+00:00
xyz:TSLA,0.0000125000,0.0000086079,2025-12-18 15:00:00.050000+00:00
xyz:TSLA,0.0000125000,0.0003570453,2025-12-18 16:00:00.031000+00:00
xyz:TSLA,0.0000125000,0.0001198263,2025-12-18 17:00:00.074000+00:00
xyz:TSLA,0.0000125000,0.0002625276,2025-12-18 18:00:00.080000+00:00
xyz:TSLA,0.0000125000,0.0003763304,2025-12-18 19:00:00.016000+00:00
xyz:TSLA,0.0000168971,0.0004351767,2025-12-18 20:00:00.077000+00:00
xyz:TSLA,0.0000125000,0.0003726274,2025-12-18 21:00:00.013000+00:00
xyz:TSLA,0.0000770766,0.0009166129,2025-12-18 22:00:00.073000+00:00
xyz:TSLA,0.0000640945,0.0008127563,2025-12-18 23:00:00.067000+00:00
xyz:TSLA,0.0000284981,0.0005279851,2025-12-19 00:00:00.067000+00:00
xyz:TSLA,0.0000367411,0.0005939285,2025-12-19 01:00:00.032000+00:00
xyz:TSLA,0.0000471346,0.0006770769,2025-12-19 02:00:00.061000+00:00
xyz:TSLA,0.0000286568,0.0005292547,2025-12-19 03:00:00.012000+00:00
xyz:TSLA,0.0000200799,0.0004606393,2025-12-19 04:00:00.009000+00:00
xyz:TSLA,0.0000125000,0.0003369421,2025-12-19 05:00:00.067000+00:00
xyz:TSLA,0.0000125000,0.0003158126,2025-12-19 06:00:00.047000+00:00
xyz:TSLA,0.0000416354,0.0006330832,2025-12-19 07:00:00.033000+00:00
xyz:TSLA,0.0000768034,0.0009144272,2025-12-19 08:00:00.054000+00:00
xyz:TSLA,0.0000649137,0.0008193098,2025-12-19 09:00:00.013000+00:00
xyz:TSLA,0.0000459352,0.0006674813,2025-12-19 10:00:00.046000+00:00
xyz:TSLA,0.0000479478,0.0006835823,2025-12-19 11:00:00.006000+00:00
xyz:TSLA,0.0000262456,0.0005099648,2025-12-19 12:00:00.061000+00:00
xyz:TSLA,0.0000528047,0.0007224373,2025-12-19 13:00:00.006000+00:00
xyz:TSLA,0.0000627498,0.0008019981,2025-12-19 14:00:00.026000+00:00
xyz:TSLA,0.0000253225,0.0005025801,2025-12-19 15:00:00.126000+00:00
xyz:TSLA,0.0000166507,0.0004332056,2025-12-19 16:00:00.091000+00:00
xyz:TSLA,0.0000125000,0.0003538192,2025-12-19 17:00:00.109000+00:00
xyz:TSLA,0.0000125000,0.0002839199,2025-12-19 18:00:00.025000+00:00
xyz:TSLA,0.0000125000,0.0002935815,2025-12-19 19:00:00.014000+00:00
xyz:TSLA,0.0000163702,0.0004309617,2025-12-19 20:00:00.036000+00:00
xyz:TSLA,0.0000278120,0.0005224962,2025-12-19 21:00:00.021000+00:00
xyz:TSLA,0.0000434785,0.0006478278,2025-12-19 22:00:00.013000+00:00
xyz:TSLA,0.0000223595,0.0006577515,2025-12-19 23:00:00.045000+00:00
xyz:TSLA,0.0000081526,0.0004304419,2025-12-20 00:00:00.049000+00:00
xyz:TSLA,0.0000112224,0.0004795589,2025-12-20 01:00:00.054000+00:00
xyz:TSLA,0.0000062500,0.0002814711,2025-12-20 02:00:00.052000+00:00
xyz:TSLA,0.0000062500,0.0003796811,2025-12-20 03:00:00.088000+00:00
xyz:TSLA,0.0000062500,0.0001746007,2025-12-20 04:00:00.068000+00:00
xyz:TSLA,0.0000062500,0.0000928690,2025-12-20 05:00:00.010000+00:00
xyz:TSLA,0.0000062500,-0.0001761424,2025-12-20 06:00:00.061000+00:00
xyz:TSLA,0.0000062500,-0.0001290315,2025-12-20 07:00:00.016000+00:00
xyz:TSLA,-0.0000127322,-0.0005037154,2025-12-20 08:00:00.027000+00:00
xyz:TSLA,-0.0000710136,-0.0014362173,2025-12-20 09:00:00.085000+00:00
xyz:TSLA,-0.0001201677,-0.0022226828,2025-12-20 10:00:00.128000+00:00
xyz:TSLA,-0.0000357560,-0.0008720955,2025-12-20 11:00:00.020000+00:00
xyz:TSLA,-0.0000088374,-0.0004413988,2025-12-20 12:00:00.008000+00:00
xyz:TSLA,0.0000036838,-0.0002410595,2025-12-20 13:00:00.029000+00:00
xyz:TSLA,0.0000379560,0.0009072964,2025-12-20 14:00:00.160000+00:00
xyz:TSLA,0.0000370806,0.0008932902,2025-12-20 15:00:00.007000+00:00
xyz:TSLA,0.0000640875,0.0013254005,2025-12-20 16:00:00.049000+00:00
xyz:TSLA,0.0000092862,0.0004485791,2025-12-20 17:00:00.090000+00:00
xyz:TSLA,0.0000062500,0.0003775265,2025-12-20 18:00:00.003000+00:00
xyz:TSLA,-0.0001152066,-0.0021433054,2025-12-20 19:00:00.040000+00:00
xyz:TSLA,-0.0000842905,-0.0016486473,2025-12-20 20:00:00.009000+00:00
xyz:TSLA,-0.0000392243,-0.0009275882,2025-12-20 21:00:00.059000+00:00
xyz:TSLA,0.0000324663,0.0008194605,2025-12-20 22:00:00.093000+00:00
xyz:TSLA,0.0001469322,0.0026509148,2025-12-20 23:00:00.087000+00:00
xyz:TSLA,0.0000439623,0.0010033974,2025-12-21 00:00:00.121000+00:00
xyz:TSLA,0.0000062500,0.0003338908,2025-12-21 01:00:00.035000+00:00
xyz:TSLA,0.0000062500,0.0002373435,2025-12-21 02:00:00.051000+00:00
xyz:TSLA,0.0000062500,0.0000844309,2025-12-21 03:00:00.019000+00:00
xyz:TSLA,-0.0000089571,-0.0004433134,2025-12-21 04:00:00.042000+00:00
xyz:TSLA,-0.0000644150,-0.0013306396,2025-12-21 05:00:00.026000+00:00
xyz:TSLA,0.0000410045,0.0009560721,2025-12-21 06:00:00.033000+00:00
xyz:TSLA,0.0000062500,0.0002202721,2025-12-21 07:00:00.023000+00:00
xyz:TSLA,0.0000062500,-0.0000291986,2025-12-21 08:00:00.005000+00:00
xyz:TSLA,0.0000062500,-0.0001208155,2025-12-21 09:00:00.041000+00:00
xyz:TSLA,0.0000062500,0.0001243375,2025-12-21 10:00:00.026000+00:00
xyz:TSLA,0.0000062500,0.0000212439,2025-12-21 11:00:00.001000+00:00
xyz:TSLA,0.0000062500,-0.0000719899,2025-12-21 12:00:00.014000+00:00
xyz:TSLA,0.0000062500,-0.0000719052,2025-12-21 13:00:00.104000+00:00
xyz:TSLA,-0.0000083846,-0.0004341532,2025-12-21 14:00:00.061000+00:00
xyz:TSLA,0.0000062500,-0.0001865755,2025-12-21 15:00:00.046000+00:00
xyz:TSLA,0.0000062500,-0.0000005719,2025-12-21 16:00:00.090000+00:00
xyz:TSLA,0.0000062500,0.0001166910,2025-12-21 17:00:00.081000+00:00
xyz:TSLA,0.0000062500,0.0000094866,2025-12-21 18:00:00.005000+00:00
xyz:TSLA,0.0000062500,0.0000549451,2025-12-21 19:00:00.103000+00:00
xyz:TSLA,0.0000062500,0.0000105685,2025-12-21 20:00:00.004000+00:00
xyz:TSLA,0.0000062500,-0.0001594376,2025-12-21 21:00:00.091000+00:00
xyz:TSLA,0.0000049067,-0.0002214936,2025-12-21 22:00:00.043000+00:00
xyz:TSLA,-0.0000016850,-0.0003269597,2025-12-21 23:00:00.179000+00:00
xyz:TSLA,0.0000062500,0.0000075533,2025-12-22 00:00:00.034000+00:00
xyz:TSLA,0.0000062500,-0.0001299916,2025-12-22 01:00:00.030000+00:00
xyz:TSLA,-0.0002474878,-0.0042598042,2025-12-22 02:00:00.054000+00:00
xyz:TSLA,-0.0001227553,-0.0022640850,2025-12-22 03:00:00.057000+00:00
xyz:TSLA,-0.0000635145,-0.0013162327,2025-12-22 04:00:00.017000+00:00
xyz:TSLA,-0.0000227249,-0.0006635991,2025-12-22 05:00:00.041000+00:00
xyz:TSLA,0.0000028722,-0.0002540453,2025-12-22 06:00:00.079000+00:00
xyz:TSLA,0.0000065098,0.0004041569,2025-12-22 07:00:00.012000+00:00
xyz:TSLA,0.0000257916,0.0007126654,2025-12-22 08:00:00.066000+00:00
xyz:TSLA,0.0000567157,0.0012074509,2025-12-22 09:00:00.042000+00:00
xyz:TSLA,0.0000705502,0.0014288024,2025-12-22 10:00:00.028000+00:00
xyz:TSLA,0.0000845456,0.0016527293,2025-12-22 11:00:00.073000+00:00
xyz:TSLA,0.0000997597,0.0018961553,2025-12-22 12:00:00.028000+00:00
xyz:TSLA,0.0000855840,0.0016693445,2025-12-22 13:00:00.031000+00:00
xyz:TSLA,0.0000549589,0.0011793425,2025-12-22 14:00:00.065000+00:00
xyz:TSLA,0.0000247925,0.0006966805,2025-12-22 15:00:00.012000+00:00
xyz:TSLA,0.0000247904,0.0006966459,2025-12-22 16:00:00.031000+00:00
xyz:TSLA,0.0000203743,0.0006259883,2025-12-22 17:00:00.050000+00:00
xyz:TSLA,0.0000187288,0.0005996613,2025-12-22 18:00:00.030000+00:00
xyz:TSLA,0.0000129903,0.0005078448,2025-12-22 19:00:00.006000+00:00
xyz:TSLA,0.0000127577,0.0005041236,2025-12-22 20:00:00.046000+00:00
xyz:TSLA,0.0000196225,0.0006139597,2025-12-22 21:00:00+00:00
xyz:TSLA,0.0000388091,0.0009209453,2025-12-22 22:00:00.036000+00:00
xyz:TSLA,0.0000281043,0.0007496686,2025-12-22 23:00:00.053000+00:00
xyz:TSLA,0.0000215154,0.0006442472,2025-12-23 00:00:00.002000+00:00
xyz:TSLA,0.0000100075,0.0004601207,2025-12-23 01:00:00.098000+00:00
xyz:TSLA,0.0000285120,0.0007561921,2025-12-23 02:00:00.053000+00:00
xyz:TSLA,0.0000202894,0.0006246304,2025-12-23 03:00:00.060000+00:00
xyz:TSLA,0.0000137352,0.0005197629,2025-12-23 04:00:00.059000+00:00
xyz:TSLA,0.0000204277,0.0006268433,2025-12-23 05:00:00.066000+00:00
xyz:TSLA,0.0000095813,0.0004533008,2025-12-23 06:00:00.065000+00:00
xyz:TSLA,0.0000073398,0.0004174364,2025-12-23 07:00:00.033000+00:00
xyz:TSLA,0.0000140600,0.0005249606,2025-12-23 08:00:00.066000+00:00
xyz:TSLA,0.0000062500,0.0002026174,2025-12-23 09:00:00.061000+00:00
xyz:TSLA,0.0000069127,0.0004106027,2025-12-23 10:00:00.050000+00:00
xyz:TSLA,0.0000062500,0.0003767197,2025-12-23 11:00:00.027000+00:00
xyz:TSLA,0.0000265162,0.0007242591,2025-12-23 12:00:00.062000+00:00
xyz:TSLA,0.0000189019,0.0006024301,2025-12-23 13:00:00.067000+00:00
xyz:TSLA,0.0000062500,0.0003831647,2025-12-23 14:00:00.025000+00:00
xyz:TSLA,0.0000062500,0.0000799369,2025-12-23 15:00:00.117000+00:00
xyz:TSLA,0.0000062500,0.0001969653,2025-12-23 16:00:00.036000+00:00
xyz:TSLA,0.0000062500,0.0003783468,2025-12-23 17:00:00.118000+00:00
xyz:TSLA,0.0000327926,0.0008246814,2025-12-23 18:00:00.008000+00:00
xyz:TSLA,0.0000388094,0.0009209510,2025-12-23 19:00:00.021000+00:00
xyz:TSLA,0.0000335046,0.0008360734,2025-12-23 20:00:00.206000+00:00
xyz:TSLA,0.0000332180,0.0008314879,2025-12-23 21:00:00.067000+00:00
xyz:TSLA,0.0000341641,0.0008466255,2025-12-23 22:00:00.021000+00:00
xyz:TSLA,0.0000391512,0.0009264200,2025-12-23 23:00:00.051000+00:00
xyz:TSLA,0.0000296718,0.0007747480,2025-12-24 00:00:00.088000+00:00
xyz:TSLA,0.0000378373,0.0009053974,2025-12-24 01:00:00.030000+00:00
xyz:TSLA,0.0000365290,0.0008844634,2025-12-24 02:00:00.077000+00:00
xyz:TSLA,0.0000117508,0.0004880130,2025-12-24 03:00:00.005000+00:00
xyz:TSLA,0.0000158983,0.0005543730,2025-12-24 04:00:00.045000+00:00
xyz:TSLA,0.0000075330,0.0004205279,2025-12-24 05:00:00.039000+00:00
xyz:TSLA,0.0000162263,0.0005596200,2025-12-24 06:00:00.027000+00:00
xyz:TSLA,0.0000225286,0.0006604579,2025-12-24 07:00:00.010000+00:00
xyz:TSLA,0.0000165149,0.0005642381,2025-12-24 08:00:00.074000+00:00
xyz:TSLA,0.0000062500,0.0003883058,2025-12-24 09:00:00.035000+00:00
xyz:TSLA,0.0000062500,0.0001172139,2025-12-24 10:00:00.079000+00:00
xyz:TSLA,0.0000062500,0.0003166109,2025-12-24 11:00:00.034000+00:00
xyz:TSLA,0.0000062500,0.0003708966,2025-12-24 12:00:00.028000+00:00
xyz:TSLA,0.0000062500,0.0003384811,2025-12-24 13:00:00.012000+00:00
xyz:TSLA,0.0000062500,0.0003965701,2025-12-24 14:00:00.025000+00:00
xyz:TSLA,0.0000090922,0.0004454750,2025-12-24 15:00:00.087000+00:00
xyz:TSLA,0.0000257661,0.0007122568,2025-12-24 16:00:00.002000+00:00
xyz:TSLA,0.0000189122,0.0006025955,2025-12-24 17:00:00.013000+00:00
xyz:TSLA,0.0000393427,0.0009294833,2025-12-24 18:00:00.037000+00:00
xyz:TSLA,0.0000062500,0.0000252747,2025-12-24 19:00:00.010000+00:00
xyz:TSLA,-0.0000407610,-0.0009521755,2025-12-24 20:00:00.012000+00:00
xyz:TSLA,-0.0000008802,-0.0003140828,2025-12-24 21:00:00.014000+00:00
xyz:TSLA,0.0000871761,0.0016948174,2025-12-24 22:00:00.001000+00:00
xyz:TSLA,0.0000579848,0.0012277575,2025-12-24 23:00:00.087000+00:00
xyz:TSLA,0.0001635611,0.0029169772,2025-12-25 00:00:00.009000+00:00
xyz:TSLA,0.0000034747,-0.0002444052,2025-12-25 01:00:00.033000+00:00
xyz:TSLA,0.0000062500,-0.0000051795,2025-12-25 02:00:00.085000+00:00
xyz:TSLA,0.0000062500,0.0000701521,2025-12-25 03:00:00.030000+00:00
xyz:TSLA,0.0000062500,-0.0000649934,2025-12-25 04:00:00.034000+00:00
xyz:TSLA,0.0000025802,-0.0002587172,2025-12-25 05:00:00.023000+00:00
xyz:TSLA,0.0000173610,0.0005777754,2025-12-25 06:00:00.056000+00:00
xyz:TSLA,0.0000062500,0.0003857240,2025-12-25 07:00:00.023000+00:00
xyz:TSLA,0.0000062500,0.0001903845,2025-12-25 08:00:00.045000+00:00
xyz:TSLA,0.0000062500,-0.0001248161,2025-12-25 09:00:00.041000+00:00
xyz:TSLA,0.0000062500,0.0002302311,2025-12-25 10:00:00.018000+00:00
xyz:TSLA,-0.0000146238,-0.0005339805,2025-12-25 11:00:00.029000+00:00
xyz:TSLA,-0.0000050817,-0.0003813065,2025-12-25 12:00:00.064000+00:00
xyz:TSLA,0.0000022125,-0.0002646007,2025-12-25 13:00:00.067000+00:00
xyz:TSLA,-0.0000239562,-0.0006832991,2025-12-25 14:00:00.102000+00:00
xyz:TSLA,0.0000062500,0.0000886064,2025-12-25 15:00:00.042000+00:00
xyz:TSLA,0.0000062500,0.0001199690,2025-12-25 16:00:00.058000+00:00
xyz:TSLA,0.0000062500,-0.0000247515,2025-12-25 17:00:00.056000+00:00
xyz:TSLA,0.0000062500,-0.0000763450,2025-12-25 18:00:00.010000+00:00
xyz:TSLA,-0.0000075761,-0.0004212180,2025-12-25 19:00:00.040000+00:00
xyz:TSLA,0.0000044212,-0.0002292608,2025-12-25 20:00:00.060000+00:00
xyz:TSLA,-0.0000277988,-0.0007447803,2025-12-25 21:00:00.080000+00:00
xyz:TSLA,-0.0000081884,-0.0004310145,2025-12-25 22:00:00.003000+00:00
xyz:TSLA,0.0000062500,0.0001641638,2025-12-25 23:00:00.019000+00:00
xyz:TSLA,0.0000029619,-0.0002526089,2025-12-26 00:00:00.022000+00:00
xyz:TSLA,0.0000062500,0.0003138048,2025-12-26 01:00:00.008000+00:00
xyz:TSLA,0.0000210308,0.0006364929,2025-12-26 02:00:00.062000+00:00
xyz:TSLA,0.0000349200,0.0008587207,2025-12-26 03:00:00+00:00
xyz:TSLA,0.0000350502,0.0008608025,2025-12-26 04:00:00.056000+00:00
xyz:TSLA,0.0000221835,0.0006549352,2025-12-26 05:00:00.092000+00:00
xyz:TSLA,0.0000179839,0.0005877419,2025-12-26 06:00:00.012000+00:00
xyz:TSLA,0.0000427394,0.0009838298,2025-12-26 07:00:00.039000+00:00
xyz:TSLA,0.0000348041,0.0008568654,2025-12-26 08:00:00.040000+00:00
xyz:TSLA,0.0000062500,0.0003568189,2025-12-26 09:00:00.017000+00:00
xyz:TSLA,0.0000117408,0.0004878535,2025-12-26 10:00:00.113000+00:00
xyz:TSLA,0.0000228915,0.0006662635,2025-12-26 11:00:00.164000+00:00
xyz:TSLA,0.0000300356,0.0007805699,2025-12-26 12:00:00.040000+00:00
xyz:TSLA,0.0000342379,0.0008478060,2025-12-26 13:00:00.030000+00:00
xyz:TSLA,0.0000248279,0.0006972467,2025-12-26 14:00:00.015000+00:00
xyz:TSLA,0.0000174732,0.0005795716,2025-12-26 15:00:00.077000+00:00
xyz:TSLA,0.0000225287,0.0006604594,2025-12-26 16:00:00.036000+00:00
xyz:TSLA,0.0000213851,0.0006421608,2025-12-26 17:00:00.019000+00:00
xyz:TSLA,0.0000360864,0.0008773830,2025-12-26 18:00:00.088000+00:00
xyz:TSLA,0.0000490987,0.0010855790,2025-12-26 19:00:00.033000+00:00
xyz:TSLA,0.0000491136,0.0010858172,2025-12-26 20:00:00.045000+00:00
xyz:TSLA,0.0000522866,0.0011365859,2025-12-26 21:00:00.004000+00:00
xyz:TSLA,0.0000448636,0.0010178176,2025-12-26 22:00:00.040000+00:00
xyz:TSLA,0.0000489280,0.0010828472,2025-12-26 23:00:00.040000+00:00
xyz:TSLA,0.0000454398,0.0010270371,2025-12-27 00:00:00.023000+00:00
xyz:TSLA,0.0000632167,0.0013114665,2025-12-27 01:00:00.020000+00:00
xyz:TSLA,0.0000491635,0.0010866154,2025-12-27 02:00:00.019000+00:00
xyz:TSLA,0.0000062500,0.0002318700,2025-12-27 03:00:00.083000+00:00
xyz:TSLA,0.0000062500,0.0002167580,2025-12-27 04:00:00+00:00
xyz:TSLA,0.0000062500,0.0003086549,2025-12-27 05:00:00.022000+00:00
xyz:TSLA,0.0000062500,0.0002168289,2025-12-27 06:00:00.022000+00:00
xyz:TSLA,0.0000062500,-0.0000439217,2025-12-27 07:00:00.101000+00:00
xyz:TSLA,0.0000016014,-0.0002743784,2025-12-27 08:00:00.049000+00:00
xyz:TSLA,0.0000062500,-0.0000011031,2025-12-27 09:00:00.024000+00:00
xyz:TSLA,0.0000062500,-0.0001698566,2025-12-27 10:00:00.051000+00:00
xyz:TSLA,-0.0000052081,-0.0003833302,2025-12-27 11:00:00.058000+00:00
xyz:TSLA,0.0000027808,-0.0002555078,2025-12-27 12:00:00.048000+00:00
xyz:TSLA,-0.0000020415,-0.0003326637,2025-12-27 13:00:00.049000+00:00
xyz:TSLA,0.0000062500,-0.0001230312,2025-12-27 14:00:00.129000+00:00
xyz:TSLA,0.0000062500,-0.0000100824,2025-12-27 15:00:00.130000+00:00
xyz:TSLA,0.0000062500,0.0000202855,2025-12-27 16:00:00.019000+00:00
xyz:TSLA,0.0000062500,-0.0000211058,2025-12-27 17:00:00.106000+00:00
xyz:TSLA,0.0000062500,-0.0000144368,2025-12-27 18:00:00.021000+00:00
xyz:TSLA,0.0000062500,0.0000379711,2025-12-27 19:00:00.007000+00:00
xyz:TSLA,-0.0000005114,-0.0003081828,2025-12-27 20:00:00.057000+00:00
xyz:TSLA,-0.0000413066,-0.0009609063,2025-12-27 21:00:00.027000+00:00
xyz:TSLA,-0.0000429956,-0.0009879296,2025-12-27 22:00:00.034000+00:00
xyz:TSLA,-0.0000094815,-0.0004517044,2025-12-27 23:00:00.018000+00:00
xyz:TSLA,-0.0000123317,-0.0004973077,2025-12-28 00:00:00.072000+00:00
xyz:TSLA,-0.0000077380,-0.0004238080,2025-12-28 01:00:00.041000+00:00
xyz:TSLA,-0.0000283407,-0.0007534508,2025-12-28 02:00:00.027000+00:00
xyz:TSLA,-0.0000433763,-0.0009940207,2025-12-28 03:00:00.017000+00:00
xyz:TSLA,-0.0000343144,-0.0008490307,2025-12-28 04:00:00.024000+00:00
xyz:TSLA,-0.0000194380,-0.0006110083,2025-12-28 05:00:00.062000+00:00
xyz:TSLA,0.0000062500,0.0003015846,2025-12-28 06:00:00.060000+00:00
xyz:TSLA,0.0000062500,0.0002730654,2025-12-28 07:00:00.028000+00:00
xyz:TSLA,0.0000062500,0.0000406999,2025-12-28 08:00:00.040000+00:00
xyz:TSLA,0.0000062500,0.0002847359,2025-12-28 09:00:00.005000+00:00
xyz:TSLA,0.0000062500,0.0003995563,2025-12-28 10:00:00.074000+00:00
xyz:TSLA,0.0000062500,0.0001921094,2025-12-28 11:00:00.057000+00:00
xyz:TSLA,0.0000094990,0.0004519840,2025-12-28 12:00:00.046000+00:00
xyz:TSLA,0.0000694529,0.0014112470,2025-12-28 13:00:00.095000+00:00
xyz:TSLA,0.0000715242,0.0014443870,2025-12-28 14:00:00.095000+00:00
xyz:TSLA,0.0000433179,0.0009930859,2025-12-28 15:00:00.109000+00:00
xyz:TSLA,0.0000508074,0.0011129177,2025-12-28 16:00:00.008000+00:00
xyz:TSLA,0.0000804013,0.0015864212,2025-12-28 17:00:00.074000+00:00
xyz:TSLA,0.0001137701,0.0021203219,2025-12-28 18:00:00.041000+00:00
xyz:TSLA,0.0000288064,0.0007609030,2025-12-28 19:00:00.019000+00:00
xyz:TSLA,0.0000277178,0.0007434840,2025-12-28 20:00:00.016000+00:00
xyz:TSLA,0.0000796979,0.0015751670,2025-12-28 21:00:00.047000+00:00
xyz:TSLA,-0.0000029849,-0.0003477579,2025-12-28 22:00:00.072000+00:00
xyz:TSLA,-0.0000044203,-0.0003707249,2025-12-28 23:00:00.045000+00:00
xyz:TSLA,-0.0000389555,-0.0009232880,2025-12-29 00:00:00.132000+00:00
xyz:TSLA,-0.0000140898,-0.0005254363,2025-12-29 01:00:00.082000+00:00
xyz:TSLA,0.0000275417,0.0007406665,2025-12-29 02:00:00.076000+00:00
xyz:TSLA,0.0000161689,0.0005587030,2025-12-29 03:00:00.049000+00:00
xyz:TSLA,0.0000192687,0.0006082992,2025-12-29 04:00:00.132000+00:00
xyz:TSLA,0.0000096352,0.0004541628,2025-12-29 05:00:00.006000+00:00
xyz:TSLA,0.0000249195,0.0006987113,2025-12-29 06:00:00.005000+00:00
xyz:TSLA,0.0000163990,0.0005623841,2025-12-29 07:00:00.018000+00:00
xyz:TSLA,0.0000373525,0.0008976407,2025-12-29 08:00:00.014000+00:00
xyz:TSLA,0.0000582507,0.0012320107,2025-12-29 09:00:00.030000+00:00
xyz:TSLA,0.0000468790,0.0010500633,2025-12-29 10:00:00.008000+00:00
xyz:TSLA,0.0000278098,0.0007449560,2025-12-29 11:00:00.098000+00:00
xyz:TSLA,0.0000062500,0.0003322751,2025-12-29 12:00:00.026000+00:00
xyz:TSLA,0.0000062500,0.0002052711,2025-12-29 13:00:00.001000+00:00
xyz:TSLA,0.0000062500,0.0002200598,2025-12-29 14:00:00.028000+00:00
xyz:TSLA,0.0000062500,0.0000986581,2025-12-29 15:00:00.031000+00:00
xyz:TSLA,0.0000062500,-0.0000252758,2025-12-29 16:00:00.014000+00:00
xyz:TSLA,0.0000062500,0.0000192394,2025-12-29 17:00:00.019000+00:00
xyz:TSLA,0.0000062500,-0.0000015219,2025-12-29 18:00:00.031000+00:00
xyz:TSLA,0.0000062500,0.0000077229,2025-12-29 19:00:00.026000+00:00
xyz:TSLA,0.0000062500,0.0000637819,2025-12-29 20:00:00.055000+00:00
xyz:TSLA,0.0000062500,0.0000751500,2025-12-29 21:00:00.006000+00:00
xyz:TSLA,0.0000062500,0.0001712208,2025-12-29 22:00:00.075000+00:00
xyz:TSLA,0.0000062500,0.0000233804,2025-12-29 23:00:00.040000+00:00
xyz:TSLA,0.0000232069,0.0006713102,2025-12-30 00:00:00.010000+00:00
xyz:TSLA,0.0000278597,0.0007457555,2025-12-30 01:00:00.049000+00:00
xyz:TSLA,0.0000242422,0.0006878748,2025-12-30 02:00:00.033000+00:00
xyz:TSLA,0.0000331452,0.0008303231,2025-12-30 03:00:00.041000+00:00
xyz:TSLA,0.0000351482,0.0008623706,2025-12-30 04:00:00.063000+00:00
xyz:TSLA,0.0000133533,0.0005136524,2025-12-30 05:00:00.069000+00:00
xyz:TSLA,0.0000187656,0.0006002501,2025-12-30 06:00:00.067000+00:00
xyz:TSLA,0.0000062500,0.0000301854,2025-12-30 07:00:00.062000+00:00
xyz:TSLA,0.0000062500,0.0000052055,2025-12-30 08:00:00.028000+00:00
xyz:TSLA,0.0000062500,-0.0000524969,2025-12-30 09:00:00.045000+00:00
xyz:TSLA,0.0000062500,0.0000552786,2025-12-30 10:00:00.080000+00:00
xyz:TSLA,0.0000063022,0.0004008357,2025-12-30 11:00:00.054000+00:00
xyz:TSLA,0.0000062500,0.0003648254,2025-12-30 12:00:00.003000+00:00
xyz:TSLA,0.0000062500,0.0001033948,2025-12-30 13:00:00.121000+00:00
xyz:TSLA,0.0000062500,0.0002035873,2025-12-30 14:00:00.031000+00:00
xyz:TSLA,0.0000062500,0.0002262594,2025-12-30 15:00:00.036000+00:00
xyz:TSLA,0.0000155647,0.0005490359,2025-12-30 16:00:00.039000+00:00
xyz:TSLA,0.0000260868,0.0007173895,2025-12-30 17:00:00.051000+00:00
xyz:TSLA,0.0000217262,0.0006476193,2025-12-30 18:00:00.071000+00:00
xyz:TSLA,0.0000159763,0.0005556211,2025-12-30 19:00:00.033000+00:00
xyz:TSLA,0.0000216565,0.0006465044,2025-12-30 20:00:00.120000+00:00
xyz:TSLA,0.0000118269,0.0004892298,2025-12-30 21:00:00.041000+00:00
xyz:TSLA,0.0000062500,0.0003136491,2025-12-30 22:00:00.003000+00:00
xyz:TSLA,0.0000147421,0.0005358739,2025-12-30 23:00:00.047000+00:00
xyz:TSLA,0.0000062500,0.0001580667,2025-12-31 00:00:00.021000+00:00
xyz:TSLA,0.0000062500,0.0001344539,2025-12-31 01:00:00.022000+00:00
xyz:TSLA,0.0000062500,0.0002234498,2025-12-31 02:00:00.037000+00:00
xyz:TSLA,0.0000114950,0.0004839205,2025-12-31 03:00:00.053000+00:00
xyz:TSLA,0.0000209880,0.0006358080,2025-12-31 04:00:00.057000+00:00
xyz:TSLA,0.0000159214,0.0005547425,2025-12-31 05:00:00.011000+00:00
xyz:TSLA,0.0000161210,0.0005579364,2025-12-31 06:00:00.002000+00:00
xyz:TSLA,0.0000205562,0.0006288988,2025-12-31 07:00:00.029000+00:00
xyz:TSLA,0.0000147466,0.0005359454,2025-12-31 08:00:00.063000+00:00
xyz:TSLA,0.0000062500,0.0003467241,2025-12-31 09:00:00.019000+00:00
xyz:TSLA,0.0000495637,0.0010930194,2025-12-31 10:00:00.002000+00:00
xyz:TSLA,0.0000592616,0.0012481861,2025-12-31 11:00:00.050000+00:00
xyz:TSLA,0.0000106269,0.0004700311,2025-12-31 12:00:00.095000+00:00
xyz:TSLA,0.0000137183,0.0005194927,2025-12-31 13:00:00.002000+00:00
xyz:TSLA,0.0000223812,0.0006580988,2025-12-31 14:00:00.008000+00:00
xyz:TSLA,0.0000138231,0.0005211704,2025-12-31 15:00:00.015000+00:00
xyz:TSLA,0.0000075154,0.0004202470,2025-12-31 16:00:00.089000+00:00
xyz:TSLA,0.0000062500,0.0002767457,2025-12-31 17:00:00.072000+00:00
xyz:TSLA,0.0000062500,0.0001720035,2025-12-31 18:00:00.050000+00:00
xyz:TSLA,0.0000062500,0.0003256843,2025-12-31 19:00:00.053000+00:00
xyz:TSLA,0.0000273839,0.0007381428,2025-12-31 20:00:00.058000+00:00
xyz:TSLA,0.0000746528,0.0014944447,2025-12-31 21:00:00.043000+00:00
xyz:TSLA,0.0000679561,0.0013872976,2025-12-31 22:00:00.100000+00:00
xyz:TSLA,0.0000664668,0.0013634681,2025-12-31 23:00:00.093000+00:00
xyz:TSLA,0.0000737487,0.0014799786,2026-01-01 00:00:00.063000+00:00
xyz:TSLA,0.0000957797,0.0018324754,2026-01-01 01:00:00.053000+00:00
xyz:TSLA,0.0000725146,0.0014602343,2026-01-01 02:00:00.024000+00:00
xyz:TSLA,0.0000436137,0.0009978195,2026-01-01 03:00:00.012000+00:00
xyz:TSLA,0.0000080749,0.0004291977,2026-01-01 04:00:00.036000+00:00
xyz:TSLA,0.0000091923,0.0004470765,2026-01-01 05:00:00.040000+00:00
xyz:TSLA,0.0000062500,0.0002281665,2026-01-01 06:00:00.053000+00:00
xyz:TSLA,0.0000062500,0.0003045281,2026-01-01 07:00:00.011000+00:00
xyz:TSLA,0.0000245815,0.0006933047,2026-01-01 08:00:00.045000+00:00
xyz:TSLA,0.0000590663,0.0012450605,2026-01-01 09:00:00.098000+00:00
xyz:TSLA,0.0000581204,0.0012299271,2026-01-01 10:00:00.010000+00:00
xyz:TSLA,-0.0000050007,-0.0003800110,2026-01-01 11:00:00.034000+00:00
xyz:TSLA,-0.0000025208,-0.0003403332,2026-01-01 12:00:00.051000+00:00
xyz:TSLA,-0.0000225514,-0.0006608216,2026-01-01 13:00:00.101000+00:00
xyz:TSLA,0.0000062500,0.0003871792,2026-01-01 14:00:00.010000+00:00
xyz:TSLA,0.0000237028,0.0006792450,2026-01-01 15:00:00.003000+00:00
xyz:TSLA,0.0000062500,0.0003436695,2026-01-01 16:00:00.025000+00:00
xyz:TSLA,0.0000062500,0.0001115102,2026-01-01 17:00:00.034000+00:00
xyz:TSLA,-0.0000447920,-0.0010166725,2026-01-01 18:00:00.042000+00:00
xyz:TSLA,-0.0000238978,-0.0006823642,2026-01-01 19:00:00.029000+00:00
xyz:TSLA,0.0000062500,-0.0000011499,2026-01-01 20:00:00.043000+00:00
xyz:TSLA,0.0000450960,0.0010215359,2026-01-01 21:00:00.069000+00:00
xyz:TSLA,0.0001124424,0.0020990781,2026-01-01 22:00:00.047000+00:00
xyz:TSLA,0.0000717362,0.0014477796,2026-01-01 23:00:00.023000+00:00
xyz:TSLA,0.0000198813,0.0006181006,2026-01-02 00:00:00.042000+00:00
xyz:TSLA,-0.0001183205,-0.0021931286,2026-01-02 01:00:00.032000+00:00
xyz:TSLA,0.0000062500,0.0003011600,2026-01-02 02:00:00.057000+00:00
xyz:TSLA,0.0000142241,0.0005275855,2026-01-02 03:00:00.019000+00:00
xyz:TSLA,0.0000274203,0.0007387241,2026-01-02 04:00:00.139000+00:00
xyz:TSLA,0.0000443674,0.0010098776,2026-01-02 05:00:00.110000+00:00
xyz:TSLA,0.0000400893,0.0009414292,2026-01-02 06:00:00.022000+00:00
xyz:TSLA,0.0000315800,0.0008052794,2026-01-02 07:00:00.003000+00:00
xyz:TSLA,0.0000165417,0.0005646668,2026-01-02 08:00:00.081000+00:00
xyz:TSLA,0.0000063849,0.0004021583,2026-01-02 09:00:00.003000+00:00
xyz:TSLA,0.0000062500,0.0001011650,2026-01-02 10:00:00.091000+00:00
xyz:TSLA,0.0000062500,0.0001210054,2026-01-02 11:00:00.048000+00:00
xyz:TSLA,0.0000062500,0.0003621173,2026-01-02 12:00:00.042000+00:00
xyz:TSLA,0.0000177340,0.0005837442,2026-01-02 13:00:00.114000+00:00
xyz:TSLA,0.0000167159,0.0005674551,2026-01-02 14:00:00.009000+00:00
xyz:TSLA,0.0000178925,0.0005862797,2026-01-02 15:00:00.105000+00:00
xyz:TSLA,0.0000596287,0.0012540587,2026-01-02 16:00:00.038000+00:00
xyz:TSLA,0.0000822787,0.0016164594,2026-01-02 17:00:00.047000+00:00
xyz:TSLA,0.0000580164,0.0012282631,2026-01-02 18:00:00.034000+00:00
xyz:TSLA,0.0000892754,0.0017284060,2026-01-02 19:00:00.026000+00:00
xyz:TSLA,0.0000817422,0.0016078757,2026-01-02 20:00:00.027000+00:00
xyz:TSLA,0.0000883397,0.0017134351,2026-01-02 21:00:00+00:00
xyz:TSLA,0.0001028607,0.0019457714,2026-01-02 22:00:00.042000+00:00
xyz:TSLA,0.0000840155,0.0016442477,2026-01-02 23:00:00.022000+00:00
xyz:TSLA,0.0000587646,0.0012402341,2026-01-03 00:00:00.008000+00:00
xyz:TSLA,0.0000413812,0.0009620996,2026-01-03 01:00:00.018000+00:00
xyz:TSLA,0.0000135007,0.0005160115,2026-01-03 02:00:00.008000+00:00
xyz:TSLA,0.0000062500,0.0001824946,2026-01-03 03:00:00.074000+00:00
xyz:TSLA,0.0000405587,0.0009489391,2026-01-03 04:00:00.011000+00:00
xyz:TSLA,0.0001562145,0.0027994327,2026-01-03 05:00:00.006000+00:00
xyz:TSLA,0.0000291458,0.0007663335,2026-01-03 06:00:00.019000+00:00
xyz:TSLA,0.0000073729,0.0004179671,2026-01-03 07:00:00.004000+00:00
xyz:TSLA,0.0000067294,0.0004076699,2026-01-03 08:00:00.011000+00:00
xyz:TSLA,0.0000006482,-0.0002896289,2026-01-03 09:00:00.067000+00:00
xyz:TSLA,-0.0000222991,-0.0006567863,2026-01-03 10:00:00.026000+00:00
xyz:TSLA,-0.0000591060,-0.0012456956,2026-01-03 11:00:00.060000+00:00
xyz:TSLA,-0.0000391478,-0.0009263642,2026-01-03 12:00:00.095000+00:00
xyz:TSLA,-0.0000136176,-0.0005178822,2026-01-03 13:00:00.083000+00:00
xyz:TSLA,-0.0000088378,-0.0004414043,2026-01-03 14:00:00.043000+00:00
xyz:TSLA,-0.0000090050,-0.0004440806,2026-01-03 15:00:00.072000+00:00
xyz:TSLA,-0.0000034684,-0.0003554945,2026-01-03 16:00:00.044000+00:00
xyz:TSLA,0.0000062500,-0.0000581940,2026-01-03 17:00:00.083000+00:00
xyz:TSLA,0.0000059052,-0.0002055166,2026-01-03 18:00:00.061000+00:00
xyz:TSLA,0.0000062500,-0.0000464626,2026-01-03 19:00:00.032000+00:00
xyz:TSLA,0.0000062500,-0.0001492749,2026-01-03 20:00:00.019000+00:00
xyz:TSLA,0.0000031040,-0.0002503366,2026-01-03 21:00:00.128000+00:00
xyz:TSLA,0.0000062500,0.0002540841,2026-01-03 22:00:00.077000+00:00
xyz:TSLA,0.0000062500,-0.0000586456,2026-01-03 23:00:00.046000+00:00
xyz:TSLA,0.0000062500,-0.0000169641,2026-01-04 00:00:00.024000+00:00
xyz:TSLA,0.0000062500,0.0001153708,2026-01-04 01:00:00.010000+00:00
xyz:TSLA,0.0000087086,0.0004393379,2026-01-04 02:00:00.026000+00:00
xyz:TSLA,0.0000219527,0.0006512434,2026-01-04 03:00:00.011000+00:00
xyz:TSLA,0.0000205810,0.0006292967,2026-01-04 04:00:00.063000+00:00
xyz:TSLA,0.0000245492,0.0006927870,2026-01-04 05:00:00.060000+00:00
xyz:TSLA,0.0000135979,0.0005175672,2026-01-04 06:00:00.066000+00:00
xyz:TSLA,0.0000062500,0.0002749088,2026-01-04 07:00:00.031000+00:00
xyz:TSLA,0.0000057510,-0.0002079836,2026-01-04 08:00:00.036000+00:00
xyz:TSLA,-0.0000016651,-0.0003266421,2026-01-04 09:00:00.001000+00:00
xyz:TSLA,-0.0000325488,-0.0008207804,2026-01-04 10:00:00.051000+00:00
xyz:TSLA,-0.0000098355,-0.0004573672,2026-01-04 11:00:00.051000+00:00
xyz:TSLA,-0.0000005406,-0.0003086496,2026-01-04 12:00:00.052000+00:00
xyz:TSLA,0.0000051080,-0.0002182725,2026-01-04 13:00:00.062000+00:00
xyz:TSLA,0.0001766285,0.0031260564,2026-01-04 14:00:00.019000+00:00
xyz:TSLA,0.0001242334,0.0022877337,2026-01-04 15:00:00.078000+00:00
xyz:TSLA,0.0000709602,0.0014353627,2026-01-04 16:00:00.098000+00:00
xyz:TSLA,0.0000519235,0.0011307756,2026-01-04 17:00:00.020000+00:00
xyz:TSLA,0.0000308151,0.0007930423,2026-01-04 18:00:00.054000+00:00
xyz:TSLA,0.0001197812,0.0022164999,2026-01-04 19:00:00.024000+00:00
xyz:TSLA,0.0000905463,0.0017487410,2026-01-04 20:00:00.062000+00:00
xyz:TSLA,0.0000508660,0.0011138568,2026-01-04 21:00:00+00:00
xyz:TSLA,0.0000062500,-0.0000104182,2026-01-04 22:00:00.037000+00:00
xyz:TSLA,-0.0000329457,-0.0008271309,2026-01-04 23:00:00.111000+00:00
xyz:TSLA,-0.0001175804,-0.0021812864,2026-01-05 00:00:00+00:00
xyz:TSLA,0.0000111646,0.0004786341,2026-01-05 01:00:00.014000+00:00
xyz:TSLA,0.0000964835,0.0018437353,2026-01-05 02:00:00.009000+00:00
xyz:TSLA,0.0000656302,0.0013500827,2026-01-05 03:00:00.010000+00:00
xyz:TSLA,0.0001079625,0.0020273999,2026-01-05 04:00:00.044000+00:00
xyz:TSLA,0.0000522408,0.0011358532,2026-01-05 05:00:00.042000+00:00
xyz:TSLA,0.0000618002,0.0012888031,2026-01-05 06:00:00.026000+00:00
xyz:TSLA,0.0001325745,0.0024211916,2026-01-05 07:00:00.067000+00:00
xyz:TSLA,0.0001212164,0.0022394622,2026-01-05 08:00:00.060000+00:00
xyz:TSLA,0.0001534377,0.0027550024,2026-01-05 09:00:00.043000+00:00
xyz:TSLA,0.0000958735,0.0018339765,2026-01-05 10:00:00.038000+00:00
xyz:TSLA,0.0000957400,0.0018318398,2026-01-05 11:00:00.040000+00:00
xyz:TSLA,0.0000650467,0.0013407474,2026-01-05 12:00:00.068000+00:00
xyz:TSLA,0.0000526280,0.0011420474,2026-01-05 13:00:00.054000+00:00
xyz:TSLA,0.0000539934,0.0011638947,2026-01-05 14:00:00.015000+00:00
xyz:TSLA,0.0000462805,0.0010404884,2026-01-05 15:00:00.020000+00:00
xyz:TSLA,0.0000424760,0.0009796166,2026-01-05 16:00:00.051000+00:00
xyz:TSLA,0.0000409982,0.0009559716,2026-01-05 17:00:00.085000+00:00
xyz:TSLA,0.0000346986,0.0008551779,2026-01-05 18:00:00.081000+00:00
xyz:TSLA,0.0000199303,0.0006188843,2026-01-05 19:00:00.056000+00:00
xyz:TSLA,0.0000168015,0.0005688248,2026-01-05 20:00:00.045000+00:00
xyz:TSLA,0.0000103263,0.0004652214,2026-01-05 21:00:00.022000+00:00
xyz:TSLA,0.0000062500,0.0002530876,2026-01-05 22:00:00.008000+00:00
xyz:TSLA,0.0000176968,0.0005831490,2026-01-05 23:00:00.068000+00:00
xyz:TSLA,0.0000301834,0.0007829352,2026-01-06 00:00:00.017000+00:00
xyz:TSLA,0.0000423391,0.0009774253,2026-01-06 01:00:00.086000+00:00
xyz:TSLA,0.0000437237,0.0009995798,2026-01-06 02:00:00.073000+00:00
xyz:TSLA,0.0000368561,0.0008896974,2026-01-06 03:00:00.033000+00:00
xyz:TSLA,0.0000140461,0.0005247377,2026-01-06 04:00:00.036000+00:00
xyz:TSLA,0.0000182960,0.0005927363,2026-01-06 05:00:00.075000+00:00
xyz:TSLA,0.0000236353,0.0006781641,2026-01-06 06:00:00.013000+00:00
xyz:TSLA,0.0000385065,0.0009161042,2026-01-06 07:00:00.008000+00:00
xyz:TSLA,0.0000323703,0.0008179242,2026-01-06 08:00:00.066000+00:00
xyz:TSLA,0.0000467326,0.0010477212,2026-01-06 09:00:00.059000+00:00
xyz:TSLA,0.0000427350,0.0009837603,2026-01-06 10:00:00.012000+00:00
xyz:TSLA,0.0000406282,0.0009500505,2026-01-06 11:00:00.060000+00:00
xyz:TSLA,0.0000324649,0.0008194388,2026-01-06 12:00:00.017000+00:00
xyz:TSLA,0.0000431150,0.0009898405,2026-01-06 13:00:00.002000+00:00
xyz:TSLA,0.0000429791,0.0009876663,2026-01-06 14:00:00.046000+00:00
xyz:TSLA,0.0000439276,0.0010028412,2026-01-06 15:00:00.076000+00:00
xyz:TSLA,0.0000369748,0.0008915967,2026-01-06 16:00:00.036000+00:00
xyz:TSLA,0.0000327374,0.0008237989,2026-01-06 17:00:00.012000+00:00
xyz:TSLA,0.0000405152,0.0009482426,2026-01-06 18:00:00.001000+00:00
xyz:TSLA,0.0000455720,0.0010291524,2026-01-06 19:00:00.037000+00:00
xyz:TSLA,0.0000353016,0.0008648251,2026-01-06 20:00:00.018000+00:00
xyz:TSLA,0.0000307355,0.0007917676,2026-01-06 21:00:00.062000+00:00
xyz:TSLA,0.0000243121,0.0006889941,2026-01-06 22:00:00.005000+00:00
xyz:TSLA,0.0000186034,0.0005976551,2026-01-06 23:00:00.008000+00:00
xyz:TSLA,0.0000150174,0.0005402788,2026-01-07 00:00:00.119000+00:00
xyz:TSLA,0.0000277993,0.0007447881,2026-01-07 01:00:00.007000+00:00
xyz:TSLA,0.0000137002,0.0005192035,2026-01-07 02:00:00.010000+00:00
xyz:TSLA,0.0000249583,0.0006993333,2026-01-07 03:00:00.017000+00:00
xyz:TSLA,0.0000262324,0.0007197189,2026-01-07 04:00:00.033000+00:00
xyz:TSLA,0.0000259745,0.0007155925,2026-01-07 05:00:00.087000+00:00
xyz:TSLA,0.0000310208,0.0007963322,2026-01-07 06:00:00.009000+00:00
xyz:TSLA,0.0000268657,0.0007298513,2026-01-07 07:00:00.014000+00:00
xyz:TSLA,0.0000362491,0.0008799861,2026-01-07 08:00:00.062000+00:00
xyz:TSLA,0.0000485319,0.0010765099,2026-01-07 09:00:00.082000+00:00
xyz:TSLA,0.0000556231,0.0011899698,2026-01-07 10:00:00.029000+00:00
xyz:TSLA,0.0000473222,0.0010571547,2026-01-07 11:00:00.048000+00:00
xyz:TSLA,0.0000252728,0.0007043645,2026-01-07 12:00:00.096000+00:00
xyz:TSLA,0.0000298741,0.0007779850,2026-01-07 13:00:00.074000+00:00
xyz:TSLA,0.0000092084,0.0004473342,2026-01-07 14:00:00.040000+00:00
xyz:TSLA,0.0000062500,0.0001562889,2026-01-07 15:00:00.099000+00:00
xyz:TSLA,0.0000083288,0.0004332609,2026-01-07 16:00:00.081000+00:00
xyz:TSLA,0.0000062500,0.0003799188,2026-01-07 17:00:00.013000+00:00
xyz:TSLA,0.0000135273,0.0005164372,2026-01-07 18:00:00.014000+00:00
xyz:TSLA,0.0000097591,0.0004561456,2026-01-07 19:00:00.055000+00:00
xyz:TSLA,0.0000080312,0.0004284991,2026-01-07 20:00:00.113000+00:00
xyz:TSLA,0.0000062500,0.0003551484,2026-01-07 21:00:00.117000+00:00
xyz:TSLA,0.0000062500,0.0002486135,2026-01-07 22:00:00.043000+00:00
xyz:TSLA,0.0000062500,0.0003272176,2026-01-07 23:00:00.090000+00:00
xyz:TSLA,0.0000062500,0.0002924639,2026-01-08 00:00:00.001000+00:00
xyz:TSLA,0.0000102540,0.0004640637,2026-01-08 01:00:00.035000+00:00
xyz:TSLA,0.0000101975,0.0004631596,2026-01-08 02:00:00.029000+00:00
xyz:TSLA,0.0000180670,0.0005890723,2026-01-08 03:00:00.014000+00:00
xyz:TSLA,0.0000161597,0.0005585548,2026-01-08 04:00:00.069000+00:00
xyz:TSLA,0.0000209518,0.0006352286,2026-01-08 05:00:00.155000+00:00
xyz:TSLA,0.0000162747,0.0005603949,2026-01-08 06:00:00.094000+00:00
xyz:TSLA,0.0000062500,0.0003235854,2026-01-08 07:00:00.010000+00:00
xyz:TSLA,0.0000282970,0.0007527515,2026-01-08 08:00:00.089000+00:00
xyz:TSLA,0.0000284338,0.0007549410,2026-01-08 09:00:00.077000+00:00
xyz:TSLA,0.0000510466,0.0011167461,2026-01-08 10:00:00.037000+00:00
xyz:TSLA,0.0000267171,0.0007274732,2026-01-08 11:00:00.015000+00:00
xyz:TSLA,0.0000181182,0.0005898917,2026-01-08 12:00:00.137000+00:00
xyz:TSLA,0.0000062500,0.0002561047,2026-01-08 13:00:00.040000+00:00
xyz:TSLA,0.0000063131,0.0004010095,2026-01-08 14:00:00+00:00
xyz:TSLA,0.0000151321,0.0005421134,2026-01-08 15:00:00.106000+00:00
xyz:TSLA,0.0000334602,0.0008353638,2026-01-08 16:00:00.063000+00:00
xyz:TSLA,0.0000795084,0.0015721351,2026-01-08 17:00:00.004000+00:00
xyz:TSLA,0.0000541772,0.0011668348,2026-01-08 18:00:00.008000+00:00
xyz:TSLA,0.0000342470,0.0008479517,2026-01-08 19:00:00.013000+00:00
xyz:TSLA,0.0000147911,0.0005366577,2026-01-08 20:00:00.098000+00:00
xyz:TSLA,0.0000180560,0.0005888955,2026-01-08 21:00:00.116000+00:00
xyz:TSLA,0.0000194835,0.0006117365,2026-01-08 22:00:00.008000+00:00
xyz:TSLA,0.0000062500,0.0003959589,2026-01-08 23:00:00.085000+00:00
xyz:TSLA,0.0000144512,0.0005312199,2026-01-09 00:00:00.020000+00:00
xyz:TSLA,0.0000062500,0.0000671308,2026-01-09 01:00:00.016000+00:00
xyz:TSLA,0.0000062500,0.0001422655,2026-01-09 02:00:00.063000+00:00
xyz:TSLA,0.0000062500,0.0000515302,2026-01-09 03:00:00.059000+00:00
xyz:TSLA,0.0000062500,0.0001087944,2026-01-09 04:00:00.100000+00:00
xyz:TSLA,0.0000062500,0.0002837695,2026-01-09 05:00:00.158000+00:00
xyz:TSLA,0.0000062500,0.0003720888,2026-01-09 06:00:00.046000+00:00
xyz:TSLA,0.0000062500,0.0003571285,2026-01-09 07:00:00.012000+00:00
xyz:TSLA,0.0000111885,0.0004790158,2026-01-09 08:00:00.028000+00:00
xyz:TSLA,0.0000090690,0.0004451047,2026-01-09 09:00:00.072000+00:00
xyz:TSLA,0.0000202883,0.0006246121,2026-01-09 10:00:00.077000+00:00
xyz:TSLA,0.0000256295,0.0007100712,2026-01-09 11:00:00.050000+00:00
xyz:TSLA,0.0000266495,0.0007263922,2026-01-09 12:00:00.041000+00:00
xyz:TSLA,0.0000216499,0.0006463986,2026-01-09 13:00:00.005000+00:00
xyz:TSLA,0.0000230446,0.0006687129,2026-01-09 14:00:00.032000+00:00
xyz:TSLA,0.0000455624,0.0010289985,2026-01-09 15:00:00.042000+00:00
xyz:TSLA,0.0000311349,0.0007981585,2026-01-09 16:00:00.002000+00:00
xyz:TSLA,0.0000062500,0.0002800480,2026-01-09 17:00:00.004000+00:00
xyz:TSLA,0.0000062500,0.0002750191,2026-01-09 18:00:00.018000+00:00
xyz:TSLA,0.0000062500,0.0002849551,2026-01-09 19:00:00.042000+00:00
xyz:TSLA,0.0000062500,0.0002813862,2026-01-09 20:00:00.065000+00:00
xyz:TSLA,0.0000062500,0.0000680732,2026-01-09 21:00:00+00:00
xyz:TSLA,0.0000062500,-0.0000400603,2026-01-09 22:00:00.018000+00:00
xyz:TSLA,0.0000062500,-0.0000577990,2026-01-09 23:00:00.025000+00:00
xyz:TSLA,0.0000062500,-0.0000445017,2026-01-10 00:00:00.103000+00:00
xyz:TSLA,0.0000062500,-0.0000529458,2026-01-10 01:00:00.110000+00:00
xyz:TSLA,0.0000062500,-0.0000913662,2026-01-10 02:00:00.064000+00:00
xyz:TSLA,0.0000062500,0.0000550030,2026-01-10 03:00:00.039000+00:00
xyz:TSLA,0.0000062500,0.0002335348,2026-01-10 04:00:00.085000+00:00
xyz:TSLA,0.0000062500,0.0003143154,2026-01-10 05:00:00.065000+00:00
xyz:TSLA,0.0000062500,0.0001835784,2026-01-10 06:00:00.034000+00:00
xyz:TSLA,0.0000064118,0.0004025890,2026-01-10 07:00:00.035000+00:00
xyz:TSLA,0.0000062500,0.0003973024,2026-01-10 08:00:00.072000+00:00
xyz:TSLA,0.0000062500,0.0000804806,2026-01-10 09:00:00.033000+00:00
xyz:TSLA,0.0000062500,-0.0000366831,2026-01-10 10:00:00.024000+00:00
xyz:TSLA,0.0000062500,-0.0001958682,2026-01-10 11:00:00.060000+00:00
xyz:TSLA,0.0000062500,-0.0000216431,2026-01-10 12:00:00.034000+00:00
xyz:TSLA,0.0000062500,-0.0001155541,2026-01-10 13:00:00.030000+00:00
xyz:TSLA,-0.0000210105,-0.0006361676,2026-01-10 14:00:00.051000+00:00
xyz:TSLA,-0.0000137859,-0.0005205739,2026-01-10 15:00:00.017000+00:00
xyz:TSLA,0.0000013014,-0.0002791776,2026-01-10 16:00:00.003000+00:00
xyz:TSLA,0.0000016629,-0.0002733941,2026-01-10 17:00:00.066000+00:00
xyz:TSLA,-0.0000029340,-0.0003469446,2026-01-10 18:00:00.054000+00:00
xyz:TSLA,0.0000193063,0.0006089009,2026-01-10 19:00:00.025000+00:00
xyz:TSLA,0.0000356725,0.0008707595,2026-01-10 20:00:00.081000+00:00
xyz:TSLA,-0.0000384330,-0.0009149288,2026-01-10 21:00:00.083000+00:00
xyz:TSLA,-0.0000444022,-0.0010104348,2026-01-10 22:00:00.025000+00:00
xyz:TSLA,-0.0000190405,-0.0006046484,2026-01-10 23:00:00.047000+00:00
xyz:TSLA,0.0000062500,0.0000084064,2026-01-11 00:00:00.007000+00:00
xyz:TSLA,0.0000063264,0.0004012231,2026-01-11 01:00:00.046000+00:00
xyz:TSLA,0.0000062500,0.0001614814,2026-01-11 02:00:00.078000+00:00
xyz:TSLA,0.0000062500,0.0002290489,2026-01-11 03:00:00.099000+00:00
xyz:TSLA,0.0000324643,0.0008194287,2026-01-11 04:00:00.011000+00:00
xyz:TSLA,0.0000168720,0.0005699527,2026-01-11 05:00:00.012000+00:00
xyz:TSLA,0.0000062500,0.0001275273,2026-01-11 06:00:00.038000+00:00
xyz:TSLA,0.0000062500,0.0000819355,2026-01-11 07:00:00.049000+00:00
xyz:TSLA,0.0000062500,0.0001290831,2026-01-11 08:00:00.066000+00:00
xyz:TSLA,0.0000096016,0.0004536255,2026-01-11 09:00:00.045000+00:00
xyz:TSLA,0.0000062500,-0.0001150914,2026-01-11 10:00:00.103000+00:00
xyz:TSLA,0.0000062500,-0.0001159116,2026-01-11 11:00:00.105000+00:00
xyz:TSLA,0.0000062500,0.0000012957,2026-01-11 12:00:00.018000+00:00
xyz:TSLA,0.0000062500,0.0002717931,2026-01-11 13:00:00.035000+00:00
xyz:TSLA,0.0000169109,0.0005705739,2026-01-11 14:00:00.034000+00:00
xyz:TSLA,0.0000062500,0.0002015010,2026-01-11 15:00:00.124000+00:00
xyz:TSLA,0.0000062500,0.0000878127,2026-01-11 16:00:00.122000+00:00
xyz:TSLA,-0.0000236793,-0.0006788694,2026-01-11 17:00:00.061000+00:00
xyz:TSLA,-0.0000179834,-0.0005877337,2026-01-11 18:00:00.004000+00:00
xyz:TSLA,0.0000062500,0.0003825359,2026-01-11 19:00:00.023000+00:00
xyz:TSLA,0.0000062500,0.0002937828,2026-01-11 20:00:00.002000+00:00
xyz:TSLA,0.0000062500,0.0002051349,2026-01-11 21:00:00.010000+00:00
xyz:TSLA,0.0000140569,0.0005249100,2026-01-11 22:00:00.083000+00:00
xyz:TSLA,0.0000062500,0.0001210774,2026-01-11 23:00:00.127000+00:00
xyz:TSLA,0.0000062500,0.0002182063,2026-01-12 00:00:00.053000+00:00
xyz:TSLA,0.0000054402,-0.0002129563,2026-01-12 01:00:00.080000+00:00
xyz:TSLA,0.0000644059,0.0013304942,2026-01-12 02:00:00.090000+00:00
xyz:TSLA,0.0000163414,0.0005614622,2026-01-12 03:00:00.016000+00:00
xyz:TSLA,0.0000574982,0.0012199711,2026-01-12 04:00:00.021000+00:00
xyz:TSLA,0.0000694970,0.0014119518,2026-01-12 05:00:00.027000+00:00
xyz:TSLA,0.0000667801,0.0013684809,2026-01-12 06:00:00.025000+00:00
xyz:TSLA,0.0000408498,0.0009535960,2026-01-12 07:00:00.061000+00:00
xyz:TSLA,0.0000225327,0.0006605227,2026-01-12 08:00:00.053000+00:00
xyz:TSLA,0.0000334481,0.0008351697,2026-01-12 09:00:00.088000+00:00
xyz:TSLA,0.0000140396,0.0005246339,2026-01-12 10:00:00.042000+00:00
xyz:TSLA,0.0000104293,0.0004668680,2026-01-12 11:00:00.003000+00:00
xyz:TSLA,0.0000129228,0.0005067649,2026-01-12 12:00:00.088000+00:00
xyz:TSLA,0.0000090302,0.0004444827,2026-01-12 13:00:00.053000+00:00
xyz:TSLA,0.0000344462,0.0008511400,2026-01-12 14:00:00.107000+00:00
xyz:TSLA,0.0000251540,0.0007024637,2026-01-12 15:00:00.059000+00:00
xyz:TSLA,0.0000062500,0.0003499792,2026-01-12 16:00:00.040000+00:00
xyz:TSLA,0.0000062500,0.0003146600,2026-01-12 17:00:00.086000+00:00
xyz:TSLA,0.0000119145,0.0004906325,2026-01-12 18:00:00.057000+00:00
xyz:TSLA,0.0000344303,0.0008508840,2026-01-12 19:00:00.008000+00:00
xyz:TSLA,0.0000348505,0.0008576085,2026-01-12 20:00:00.098000+00:00
xyz:TSLA,0.0000062500,0.0001792329,2026-01-12 21:00:00.078000+00:00
xyz:TSLA,0.0000074000,0.0004184007,2026-01-12 22:00:00.075000+00:00
xyz:TSLA,0.0000196609,0.0006145742,2026-01-12 23:00:00.024000+00:00
xyz:TSLA,0.0000233967,0.0006743480,2026-01-13 00:00:00.109000+00:00
xyz:TSLA,0.0000223233,0.0006571730,2026-01-13 01:00:00.121000+00:00
xyz:TSLA,0.0000185343,0.0005965493,2026-01-13 02:00:00.017000+00:00
xyz:TSLA,0.0000255119,0.0007081900,2026-01-13 03:00:00.043000+00:00
xyz:TSLA,0.0000237373,0.0006797974,2026-01-13 04:00:00.068000+00:00
xyz:TSLA,0.0000225610,0.0006609760,2026-01-13 05:00:00.079000+00:00
xyz:TSLA,0.0000285095,0.0007561521,2026-01-13 06:00:00.029000+00:00
xyz:TSLA,0.0000359742,0.0008755875,2026-01-13 07:00:00.089000+00:00
xyz:TSLA,0.0000225926,0.0006614811,2026-01-13 08:00:00.032000+00:00
xyz:TSLA,0.0000148458,0.0005375322,2026-01-13 09:00:00.003000+00:00
xyz:TSLA,-0.0000187740,-0.0006003848,2026-01-13 10:00:00.232000+00:00
xyz:TSLA,0.0000062500,-0.0000340170,2026-01-13 11:00:00.011000+00:00
xyz:TSLA,0.0000062500,0.0000273369,2026-01-13 12:00:00.032000+00:00
xyz:TSLA,0.0000062500,0.0002766558,2026-01-13 13:00:00.083000+00:00
xyz:TSLA,0.0000062500,0.0001897184,2026-01-13 14:00:00.043000+00:00
xyz:TSLA,0.0000062500,0.0002573882,2026-01-13 15:00:00.051000+00:00
xyz:TSLA,0.0000062500,0.0002425681,2026-01-13 16:00:00.100000+00:00
xyz:TSLA,0.0000062500,0.0003716571,2026-01-13 17:00:00.039000+00:00
xyz:TSLA,0.0000062500,0.0002712753,2026-01-13 18:00:00.042000+00:00
xyz:TSLA,0.0000062500,0.0002811109,2026-01-13 19:00:00.031000+00:00
xyz:TSLA,0.0000062500,0.0003755994,2026-01-13 20:00:00.005000+00:00
xyz:TSLA,0.0000062500,0.0003047769,2026-01-13 21:00:00.017000+00:00
xyz:TSLA,0.0000092254,0.0004476057,2026-01-13 22:00:00+00:00
xyz:TSLA,0.0000062500,0.0002545812,2026-01-13 23:00:00.037000+00:00
xyz:TSLA,0.0000062500,0.0003810776,2026-01-14 00:00:00.057000+00:00
xyz:TSLA,0.0000062500,0.0003804300,2026-01-14 01:00:00.019000+00:00
xyz:TSLA,0.0000062500,0.0003279501,2026-01-14 02:00:00.050000+00:00
xyz:TSLA,0.0000062500,0.0001783427,2026-01-14 03:00:00.053000+00:00
xyz:TSLA,0.0000062500,0.0001973532,2026-01-14 04:00:00.063000+00:00
xyz:TSLA,0.0000062500,0.0001237270,2026-01-14 05:00:00.023000+00:00
xyz:TSLA,0.0000062500,-0.0001229131,2026-01-14 06:00:00.066000+00:00
xyz:TSLA,0.0000062500,-0.0001920471,2026-01-14 07:00:00.099000+00:00
xyz:TSLA,0.0000062500,-0.0001597717,2026-01-14 08:00:00.062000+00:00
xyz:TSLA,0.0000062500,-0.0001811387,2026-01-14 09:00:00.051000+00:00
xyz:TSLA,0.0000062500,-0.0000066983,2026-01-14 10:00:00.015000+00:00
xyz:TSLA,0.0000062500,0.0000331226,2026-01-14 11:00:00+00:00
xyz:TSLA,0.0000062500,0.0000469414,2026-01-14 12:00:00.043000+00:00
xyz:TSLA,0.0000062500,-0.0000990969,2026-01-14 13:00:00.040000+00:00
xyz:TSLA,0.0000062500,-0.0001209564,2026-01-14 14:00:00.084000+00:00
xyz:TSLA,0.0000062500,-0.0000185235,2026-01-14 15:00:00.001000+00:00
xyz:TSLA,0.0000062500,0.0002329128,2026-01-14 16:00:00.013000+00:00
xyz:TSLA,0.0000062500,-0.0000453204,2026-01-14 17:00:00.085000+00:00
xyz:TSLA,0.0000062500,-0.0000491125,2026-01-14 18:00:00.113000+00:00
xyz:TSLA,0.0000062500,-0.0000393451,2026-01-14 19:00:00.071000+00:00
xyz:TSLA,0.0000062500,-0.0000218669,2026-01-14 20:00:00.090000+00:00
xyz:TSLA,0.0000062500,-0.0000230713,2026-01-14 21:00:00.039000+00:00
xyz:TSLA,0.0000062500,-0.0000959017,2026-01-14 22:00:00.018000+00:00
xyz:TSLA,0.0000062500,-0.0001209097,2026-01-14 23:00:00.024000+00:00
xyz:TSLA,0.0000062500,-0.0001905703,2026-01-15 00:00:00.028000+00:00
xyz:TSLA,0.0000062500,-0.0001754496,2026-01-15 01:00:00.004000+00:00
xyz:TSLA,0.0000041154,-0.0002341534,2026-01-15 02:00:00.052000+00:00
xyz:TSLA,0.0000017530,-0.0002719521,2026-01-15 03:00:00.019000+00:00
xyz:TSLA,0.0000062500,-0.0001116318,2026-01-15 04:00:00.018000+00:00
xyz:TSLA,0.0000062500,-0.0001332921,2026-01-15 05:00:00.081000+00:00
xyz:TSLA,0.0000062500,-0.0001467623,2026-01-15 06:00:00.021000+00:00
xyz:TSLA,0.0000062500,-0.0001740406,2026-01-15 07:00:00.057000+00:00
xyz:TSLA,0.0000002011,-0.0002967820,2026-01-15 08:00:00.029000+00:00
xyz:TSLA,0.0000062500,-0.0001667940,2026-01-15 09:00:00.023000+00:00
xyz:TSLA,0.0000062500,-0.0000985535,2026-01-15 10:00:00.082000+00:00
xyz:TSLA,0.0000062500,-0.0000606110,2026-01-15 11:00:00.076000+00:00
xyz:TSLA,0.0000062500,-0.0000027492,2026-01-15 12:00:00.028000+00:00
xyz:TSLA,0.0000062500,0.0003019293,2026-01-15 13:00:00.044000+00:00
xyz:TSLA,0.0000176467,0.0005823472,2026-01-15 14:00:00.054000+00:00
xyz:TSLA,0.0000130865,0.0005093846,2026-01-15 15:00:00.001000+00:00
xyz:TSLA,0.0000075654,0.0004210456,2026-01-15 16:00:00.020000+00:00
xyz:TSLA,0.0000062500,0.0002660739,2026-01-15 17:00:00.067000+00:00
xyz:TSLA,0.0000062500,0.0002416503,2026-01-15 18:00:00.062000+00:00
xyz:TSLA,0.0000062500,0.0003514542,2026-01-15 19:00:00.003000+00:00
xyz:TSLA,0.0000114717,0.0004835473,2026-01-15 20:00:00.057000+00:00
xyz:TSLA,0.0000063840,0.0004021446,2026-01-15 21:00:00.062000+00:00
xyz:TSLA,0.0000095175,0.0004522792,2026-01-15 22:00:00.033000+00:00
xyz:TSLA,0.0000063488,0.0004015806,2026-01-15 23:00:00+00:00
xyz:TSLA,0.0000062500,0.0003409736,2026-01-16 00:00:00.092000+00:00
xyz:TSLA,0.0000062500,0.0001126350,2026-01-16 01:00:00.045000+00:00
xyz:TSLA,0.0000062500,0.0000695688,2026-01-16 02:00:00.007000+00:00
xyz:TSLA,0.0000062500,0.0003046722,2026-01-16 03:00:00.044000+00:00
xyz:TSLA,0.0000062500,0.0002930564,2026-01-16 04:00:00.096000+00:00
xyz:TSLA,0.0000062500,0.0002754571,2026-01-16 05:00:00.028000+00:00
xyz:TSLA,0.0000062500,0.0002223043,2026-01-16 06:00:00.013000+00:00
xyz:TSLA,0.0000062500,0.0003694685,2026-01-16 07:00:00.059000+00:00
xyz:TSLA,0.0000062500,0.0002916363,2026-01-16 08:00:00.044000+00:00
xyz:TSLA,0.0000062500,0.0002223419,2026-01-16 09:00:00.013000+00:00
xyz:TSLA,0.0000062500,0.0002207722,2026-01-16 10:00:00.073000+00:00
xyz:TSLA,0.0000062500,0.0002620455,2026-01-16 11:00:00.003000+00:00
xyz:TSLA,0.0000062500,0.0003904509,2026-01-16 12:00:00.005000+00:00
xyz:TSLA,0.0000157660,0.0005522556,2026-01-16 13:00:00.060000+00:00
xyz:TSLA,0.0000121113,0.0004937810,2026-01-16 14:00:00.084000+00:00
xyz:TSLA,0.0000096532,0.0004544507,2026-01-16 15:00:00.051000+00:00
xyz:TSLA,0.0000062500,0.0002894752,2026-01-16 16:00:00.040000+00:00
xyz:TSLA,0.0000062500,0.0003010659,2026-01-16 17:00:00.051000+00:00
xyz:TSLA,0.0000062500,0.0003208039,2026-01-16 18:00:00.045000+00:00
xyz:TSLA,0.0000084087,0.0004345387,2026-01-16 19:00:00.147000+00:00
xyz:TSLA,0.0000062500,0.0003739718,2026-01-16 20:00:00.078000+00:00
xyz:TSLA,0.0000092544,0.0004480700,2026-01-16 21:00:00.092000+00:00
xyz:TSLA,0.0000062500,0.0003622824,2026-01-16 22:00:00.120000+00:00
xyz:TSLA,0.0000062500,0.0002658376,2026-01-16 23:00:00.021000+00:00
xyz:TSLA,0.0000099886,0.0004598175,2026-01-17 00:00:00.037000+00:00
xyz:TSLA,0.0000096700,0.0004547206,2026-01-17 01:00:00.055000+00:00
xyz:TSLA,0.0000049450,-0.0002208802,2026-01-17 02:00:00.090000+00:00
xyz:TSLA,0.0000062500,0.0000442120,2026-01-17 03:00:00.036000+00:00
xyz:TSLA,0.0000062500,-0.0000828662,2026-01-17 04:00:00.003000+00:00
xyz:TSLA,0.0000062500,0.0001243750,2026-01-17 05:00:00.027000+00:00
xyz:TSLA,0.0000062500,-0.0000773454,2026-01-17 06:00:00.104000+00:00
xyz:TSLA,0.0000062500,0.0001399835,2026-01-17 07:00:00.005000+00:00
xyz:TSLA,-0.0000004239,-0.0003067825,2026-01-17 08:00:00.022000+00:00
xyz:TSLA,0.0000062500,-0.0001619140,2026-01-17 09:00:00.004000+00:00
xyz:TSLA,0.0000062500,-0.0001143859,2026-01-17 10:00:00.039000+00:00
xyz:TSLA,0.0000025758,-0.0002587871,2026-01-17 11:00:00.095000+00:00
xyz:TSLA,-0.0000115116,-0.0004841855,2026-01-17 12:00:00.021000+00:00
xyz:TSLA,-0.0000061135,-0.0003978164,2026-01-17 13:00:00.089000+00:00
xyz:TSLA,-0.0000020954,-0.0003335265,2026-01-17 14:00:00.030000+00:00
xyz:TSLA,0.0000054100,-0.0002134397,2026-01-17 15:00:00.010000+00:00
xyz:TSLA,0.0000062500,-0.0001695291,2026-01-17 16:00:00.102000+00:00
xyz:TSLA,0.0000013709,-0.0002780659,2026-01-17 17:00:00.010000+00:00
xyz:TSLA,-0.0000264119,-0.0007225898,2026-01-17 18:00:00.066000+00:00
xyz:TSLA,-0.0000032645,-0.0003522324,2026-01-17 19:00:00.038000+00:00
xyz:TSLA,0.0000041404,-0.0002337534,2026-01-17 20:00:00.073000+00:00
xyz:TSLA,0.0000062500,-0.0001628021,2026-01-17 21:00:00.017000+00:00
xyz:TSLA,-0.0000319414,-0.0008110630,2026-01-17 22:00:00.036000+00:00
xyz:TSLA,-0.0000575551,-0.0012208818,2026-01-17 23:00:00.100000+00:00
xyz:TSLA,-0.0000736115,-0.0014777845,2026-01-18 00:00:00.017000+00:00
xyz:TSLA,-0.0000298643,-0.0007778287,2026-01-18 01:00:00.117000+00:00
xyz:TSLA,-0.0000422387,-0.0009758194,2026-01-18 02:00:00.061000+00:00
xyz:TSLA,0.0000062500,-0.0001894319,2026-01-18 03:00:00.047000+00:00
xyz:TSLA,-0.0000089517,-0.0004432267,2026-01-18 04:00:00.062000+00:00
xyz:TSLA,0.0000117076,0.0004873220,2026-01-18 05:00:00.034000+00:00
xyz:TSLA,0.0000151420,0.0005422720,2026-01-18 06:00:00.066000+00:00
xyz:TSLA,0.0000062500,0.0003400130,2026-01-18 07:00:00.063000+00:00
xyz:TSLA,0.0000062500,0.0000652212,2026-01-18 08:00:00.106000+00:00
xyz:TSLA,-0.0000066970,-0.0004071516,2026-01-18 09:00:00.110000+00:00
xyz:TSLA,0.0000062500,0.0000171008,2026-01-18 10:00:00.047000+00:00
xyz:TSLA,-0.0000035731,-0.0003571693,2026-01-18 11:00:00.085000+00:00
xyz:TSLA,-0.0000166961,-0.0005671384,2026-01-18 12:00:00.016000+00:00
xyz:TSLA,0.0000043512,-0.0002303808,2026-01-18 13:00:00.054000+00:00
xyz:TSLA,0.0000062500,-0.0001918548,2026-01-18 14:00:00.035000+00:00
xyz:TSLA,0.0000062500,0.0002388378,2026-01-18 15:00:00.030000+00:00
xyz:TSLA,0.0000062500,-0.0001891750,2026-01-18 16:00:00.021000+00:00
xyz:TSLA,0.0000062500,0.0001561225,2026-01-18 17:00:00.040000+00:00
xyz:TSLA,0.0000062500,0.0000961030,2026-01-18 18:00:00.067000+00:00
xyz:TSLA,0.0000062500,0.0002024554,2026-01-18 19:00:00.018000+00:00
xyz:TSLA,0.0000062500,0.0000347038,2026-01-18 20:00:00.055000+00:00
xyz:TSLA,-0.0000029702,-0.0003475240,2026-01-18 21:00:00.024000+00:00
xyz:TSLA,-0.0000001882,-0.0003030111,2026-01-18 22:00:00.042000+00:00
xyz:TSLA,0.0000026573,-0.0002574831,2026-01-18 23:00:00.113000+00:00
xyz:TSLA,-0.0000825548,-0.0016208770,2026-01-19 00:00:00.034000+00:00
xyz:TSLA,-0.0001028574,-0.0019457180,2026-01-19 01:00:00.098000+00:00
xyz:TSLA,0.0003098126,0.0052570009,2026-01-19 02:00:00.001000+00:00
xyz:TSLA,-0.0001246764,-0.0022948226,2026-01-19 03:00:00.009000+00:00
xyz:TSLA,-0.0000996221,-0.0018939537,2026-01-19 04:00:00.051000+00:00
xyz:TSLA,-0.0000691803,-0.0014068845,2026-01-19 05:00:00+00:00
xyz:TSLA,-0.0000512570,-0.0011201125,2026-01-19 06:00:00.033000+00:00
xyz:TSLA,0.0000062500,-0.0001299990,2026-01-19 07:00:00.014000+00:00
xyz:TSLA,-0.0000816027,-0.0016056427,2026-01-19 08:00:00.026000+00:00
xyz:TSLA,0.0000062500,0.0001721929,2026-01-19 09:00:00.012000+00:00
xyz:TSLA,0.0000034482,-0.0002448284,2026-01-19 10:00:00.012000+00:00
xyz:TSLA,-0.0000535591,-0.0011569451,2026-01-19 11:00:00.094000+00:00
xyz:TSLA,-0.0000172288,-0.0005756607,2026-01-19 12:00:00+00:00
xyz:TSLA,0.0000062500,0.0003447254,2026-01-19 13:00:00.041000+00:00
xyz:TSLA,0.0000062500,-0.0001672083,2026-01-19 14:00:00.040000+00:00
xyz:TSLA,0.0000062500,0.0003523186,2026-01-19 15:00:00.049000+00:00
xyz:TSLA,0.0001708358,0.0030333720,2026-01-19 16:00:00.056000+00:00
xyz:TSLA,0.0001512802,0.0027204836,2026-01-19 17:00:00.011000+00:00
xyz:TSLA,0.0001391113,0.0025257804,2026-01-19 18:00:00.005000+00:00
xyz:TSLA,0.0000351149,0.0008618376,2026-01-19 19:00:00.012000+00:00
xyz:TSLA,0.0000062500,0.0003888022,2026-01-19 20:00:00.025000+00:00
xyz:TSLA,0.0000062500,0.0000907161,2026-01-19 21:00:00.079000+00:00
xyz:TSLA,-0.0000237029,-0.0006792460,2026-01-19 22:00:00.033000+00:00
xyz:TSLA,0.0000004887,-0.0002921805,2026-01-19 23:00:00.040000+00:00
xyz:TSLA,-0.0000571530,-0.0012144486,2026-01-20 00:00:00.007000+00:00
xyz:TSLA,-0.0000664391,-0.0013630264,2026-01-20 01:00:00.011000+00:00
xyz:TSLA,0.0000062500,0.0001198196,2026-01-20 02:00:00.057000+00:00
xyz:TSLA,0.0000062500,0.0003499545,2026-01-20 03:00:00.001000+00:00
xyz:TSLA,0.0000062500,0.0003899676,2026-01-20 04:00:00.167000+00:00
xyz:TSLA,0.0000160308,0.0005564932,2026-01-20 05:00:00.112000+00:00
xyz:TSLA,0.0000062500,-0.0000712110,2026-01-20 06:00:00.064000+00:00
xyz:TSLA,0.0000062500,-0.0000565781,2026-01-20 07:00:00.110000+00:00
xyz:TSLA,0.0000062500,-0.0000071766,2026-01-20 08:00:00.010000+00:00
xyz:TSLA,0.0000062500,-0.0000543629,2026-01-20 09:00:00.079000+00:00
xyz:TSLA,0.0000062500,0.0000758537,2026-01-20 10:00:00.046000+00:00
xyz:TSLA,0.0000062500,0.0000961040,2026-01-20 11:00:00.018000+00:00
xyz:TSLA,0.0000062500,0.0000443481,2026-01-20 12:00:00.064000+00:00
xyz:TSLA,0.0000062500,0.0000522857,2026-01-20 13:00:00.054000+00:00
xyz:TSLA,0.0000062500,-0.0001689130,2026-01-20 14:00:00.109000+00:00
xyz:TSLA,0.0000062500,0.0000348694,2026-01-20 15:00:00.061000+00:00
xyz:TSLA,0.0000062500,0.0001608276,2026-01-20 16:00:00.047000+00:00
xyz:TSLA,0.0000062500,0.0002149868,2026-01-20 17:00:00.034000+00:00
xyz:TSLA,0.0000062500,0.0002389447,2026-01-20 18:00:00.037000+00:00
xyz:TSLA,0.0000062500,0.0000965433,2026-01-20 19:00:00.028000+00:00
xyz:TSLA,0.0000062500,0.0001496914,2026-01-20 20:00:00.020000+00:00
xyz:TSLA,0.0000062500,0.0003745977,2026-01-20 21:00:00.025000+00:00
xyz:TSLA,0.0000062500,0.0000633090,2026-01-20 22:00:00.005000+00:00
xyz:TSLA,0.0000062500,-0.0000089693,2026-01-20 23:00:00.015000+00:00
xyz:TSLA,0.0000062500,-0.0000391660,2026-01-21 00:00:00.063000+00:00
xyz:TSLA,0.0000062500,-0.0000227902,2026-01-21 01:00:00.039000+00:00
xyz:TSLA,0.0000062500,0.0000049564,2026-01-21 02:00:00.038000+00:00
xyz:TSLA,0.0000062500,0.0000771990,2026-01-21 03:00:00.143000+00:00
xyz:TSLA,0.0000062500,0.0000659064,2026-01-21 04:00:00.034000+00:00
xyz:TSLA,0.0000062500,0.0000134323,2026-01-21 05:00:00.057000+00:00
xyz:TSLA,0.0000062500,0.0000984696,2026-01-21 06:00:00.014000+00:00
xyz:TSLA,0.0000062500,0.0001765551,2026-01-21 07:00:00.016000+00:00
xyz:TSLA,0.0000062500,0.0001946280,2026-01-21 08:00:00.028000+00:00
xyz:TSLA,0.0000062500,0.0001510182,2026-01-21 09:00:00.046000+00:00
xyz:TSLA,0.0000062500,-0.0000729517,2026-01-21 10:00:00.018000+00:00
xyz:TSLA,0.0000062500,0.0000103568,2026-01-21 11:00:00.027000+00:00
xyz:TSLA,0.0000062500,0.0001360262,2026-01-21 12:00:00.031000+00:00
xyz:TSLA,0.0000062500,0.0000320402,2026-01-21 13:00:00.094000+00:00
xyz:TSLA,0.0000062500,0.0000938563,2026-01-21 14:00:00.007000+00:00
xyz:TSLA,0.0000062500,-0.0000054861,2026-01-21 15:00:00.012000+00:00
xyz:TSLA,0.0000062500,0.0001419451,2026-01-21 16:00:00.016000+00:00
xyz:TSLA,0.0000062500,0.0000173551,2026-01-21 17:00:00.079000+00:00
xyz:TSLA,0.0000062500,0.0000484867,2026-01-21 18:00:00.006000+00:00
xyz:TSLA,0.0000062500,0.0001468596,2026-01-21 19:00:00.021000+00:00
xyz:TSLA,0.0000062500,0.0002866865,2026-01-21 20:00:00.017000+00:00
xyz:TSLA,0.0000062500,0.0000584628,2026-01-21 21:00:00.045000+00:00
xyz:TSLA,0.0000062500,0.0003364660,2026-01-21 22:00:00.093000+00:00
xyz:TSLA,0.0000062500,0.0002654249,2026-01-21 23:00:00.012000+00:00
xyz:TSLA,0.0000062500,0.0002297291,2026-01-22 00:00:00.068000+00:00
xyz:TSLA,0.0000062500,0.0002936522,2026-01-22 01:00:00.076000+00:00
xyz:TSLA,0.0000062500,0.0003209328,2026-01-22 02:00:00.069000+00:00
xyz:TSLA,0.0000090449,0.0004447179,2026-01-22 03:00:00.112000+00:00
xyz:TSLA,0.0000062500,0.0003996087,2026-01-22 04:00:00.005000+00:00
xyz:TSLA,0.0000062500,0.0003473474,2026-01-22 05:00:00.033000+00:00
xyz:TSLA,0.0000062500,0.0003816741,2026-01-22 06:00:00.029000+00:00
xyz:TSLA,0.0000070935,0.0004134955,2026-01-22 07:00:00.022000+00:00
xyz:TSLA,0.0000062500,0.0002974249,2026-01-22 08:00:00.084000+00:00
xyz:TSLA,0.0000062500,0.0003532764,2026-01-22 09:00:00.040000+00:00
xyz:TSLA,0.0000062500,0.0003855837,2026-01-22 10:00:00.057000+00:00
xyz:TSLA,0.0000072173,0.0004154764,2026-01-22 11:00:00.047000+00:00
xyz:TSLA,0.0000075692,0.0004211068,2026-01-22 12:00:00.063000+00:00
xyz:TSLA,0.0000062500,0.0003650252,2026-01-22 13:00:00.020000+00:00
xyz:TSLA,0.0000062500,0.0003368179,2026-01-22 14:00:00.092000+00:00
xyz:TSLA,0.0000062500,0.0003467129,2026-01-22 15:00:00.007000+00:00
xyz:TSLA,0.0000062500,0.0001366817,2026-01-22 16:00:00.083000+00:00
xyz:TSLA,0.0000062500,0.0001791688,2026-01-22 17:00:00.035000+00:00
xyz:TSLA,0.0000062500,0.0002539989,2026-01-22 18:00:00.004000+00:00
xyz:TSLA,0.0000062500,0.0002896708,2026-01-22 19:00:00.016000+00:00
xyz:TSLA,0.0000062500,0.0002433486,2026-01-22 20:00:00.017000+00:00
xyz:TSLA,0.0000062500,0.0003429528,2026-01-22 21:00:00.096000+00:00
xyz:TSLA,0.0000062500,0.0003271656,2026-01-22 22:00:00.013000+00:00
xyz:TSLA,0.0000069595,0.0004113513,2026-01-22 23:00:00.019000+00:00
xyz:TSLA,0.0000062500,0.0001247010,2026-01-23 00:00:00.009000+00:00
xyz:TSLA,0.0000062500,0.0000069847,2026-01-23 01:00:00.034000+00:00
xyz:TSLA,0.0000062500,0.0000401926,2026-01-23 02:00:00.028000+00:00
xyz:TSLA,0.0000062500,0.0000550178,2026-01-23 03:00:00.122000+00:00
xyz:TSLA,0.0000062500,0.0001060634,2026-01-23 04:00:00.017000+00:00
xyz:TSLA,0.0000062500,0.0002002364,2026-01-23 05:00:00.154000+00:00
xyz:TSLA,0.0000062500,0.0002265523,2026-01-23 06:00:00.112000+00:00
xyz:TSLA,0.0000062500,0.0002013817,2026-01-23 07:00:00.066000+00:00
xyz:TSLA,0.0000310493,0.0007967887,2026-01-23 08:00:00.100000+00:00
xyz:TSLA,0.0000191099,0.0006057578,2026-01-23 09:00:00.005000+00:00
xyz:TSLA,0.0000081224,0.0004299581,2026-01-23 10:00:00.058000+00:00
xyz:TSLA,0.0000062500,0.0003870165,2026-01-23 11:00:00.030000+00:00
xyz:TSLA,0.0000078864,0.0004261823,2026-01-23 12:00:00.029000+00:00
xyz:TSLA,0.0000062500,0.0003150353,2026-01-23 13:00:00.018000+00:00
xyz:TSLA,0.0000062500,0.0003030374,2026-01-23 14:00:00.013000+00:00
xyz:TSLA,0.0000062500,0.0002290187,2026-01-23 15:00:00.048000+00:00
xyz:TSLA,0.0000062500,0.0002098091,2026-01-23 16:00:00.010000+00:00
xyz:TSLA,0.0000062500,0.0002858826,2026-01-23 17:00:00.061000+00:00
xyz:TSLA,0.0000065973,0.0004055570,2026-01-23 18:00:00.037000+00:00
xyz:TSLA,0.0000062500,0.0003654808,2026-01-23 19:00:00.047000+00:00
xyz:TSLA,0.0000062500,0.0003537185,2026-01-23 20:00:00.055000+00:00
xyz:TSLA,0.0000062500,0.0003829047,2026-01-23 21:00:00.085000+00:00
xyz:TSLA,0.0000107630,0.0004722073,2026-01-23 22:00:00.039000+00:00
xyz:TSLA,0.0000101451,0.0004623223,2026-01-23 23:00:00.085000+00:00
xyz:TSLA,0.0000062500,0.0003717542,2026-01-24 00:00:00.017000+00:00
xyz:TSLA,0.0000062500,0.0003693334,2026-01-24 01:00:00.061000+00:00
xyz:TSLA,0.0000180299,0.0005884791,2026-01-24 02:00:00.093000+00:00
xyz:TSLA,0.0000071778,0.0004148443,2026-01-24 03:00:00.032000+00:00
xyz:TSLA,0.0000062500,0.0001144650,2026-01-24 04:00:00.067000+00:00
xyz:TSLA,0.0000062500,0.0001485433,2026-01-24 05:00:00.043000+00:00
xyz:TSLA,0.0000062500,0.0001403659,2026-01-24 06:00:00.032000+00:00
xyz:TSLA,0.0000062500,0.0002096302,2026-01-24 07:00:00.003000+00:00
xyz:TSLA,0.0000062500,0.0000675595,2026-01-24 08:00:00.030000+00:00
xyz:TSLA,0.0000062500,-0.0000549612,2026-01-24 09:00:00.058000+00:00
xyz:TSLA,-0.0000094471,-0.0004511539,2026-01-24 10:00:00.112000+00:00
xyz:TSLA,0.0000062500,-0.0001091038,2026-01-24 11:00:00.027000+00:00
xyz:TSLA,0.0000062500,-0.0001967828,2026-01-24 12:00:00.100000+00:00
xyz:TSLA,0.0000052477,-0.0002160362,2026-01-24 13:00:00.080000+00:00
xyz:TSLA,0.0000062500,-0.0000936517,2026-01-24 14:00:00.016000+00:00
xyz:TSLA,-0.0000239384,-0.0006830152,2026-01-24 15:00:00.060000+00:00
xyz:TSLA,-0.0000203641,-0.0006258250,2026-01-24 16:00:00.092000+00:00
xyz:TSLA,-0.0000091702,-0.0004467238,2026-01-24 17:00:00.040000+00:00
xyz:TSLA,-0.0000166563,-0.0005665011,2026-01-24 18:00:00.011000+00:00
xyz:TSLA,-0.0000085341,-0.0004365454,2026-01-24 19:00:00.036000+00:00
xyz:TSLA,0.0000062500,-0.0001030111,2026-01-24 20:00:00.028000+00:00
xyz:TSLA,0.0000062500,0.0000126876,2026-01-24 21:00:00.012000+00:00
xyz:TSLA,0.0000062500,0.0000107548,2026-01-24 22:00:00.056000+00:00
xyz:TSLA,0.0000062500,0.0001077635,2026-01-24 23:00:00.017000+00:00
xyz:TSLA,0.0000083097,0.0004329553,2026-01-25 00:00:00.006000+00:00
xyz:TSLA,0.0000064335,0.0004029368,2026-01-25 01:00:00.021000+00:00
xyz:TSLA,-0.0000215831,-0.0006453293,2026-01-25 02:00:00.135000+00:00
xyz:TSLA,-0.0000426935,-0.0009830960,2026-01-25 03:00:00.054000+00:00
xyz:TSLA,-0.0000193136,-0.0006090181,2026-01-25 04:00:00.109000+00:00
xyz:TSLA,0.0000062500,-0.0001646131,2026-01-25 05:00:00.110000+00:00
xyz:TSLA,0.0000062500,0.0001565254,2026-01-25 06:00:00.117000+00:00
xyz:TSLA,0.0000062500,-0.0000125052,2026-01-25 07:00:00.059000+00:00
xyz:TSLA,0.0000062500,-0.0001959277,2026-01-25 08:00:00.042000+00:00
xyz:TSLA,0.0000062500,-0.0000158337,2026-01-25 09:00:00.055000+00:00
xyz:TSLA,-0.0000048622,-0.0003777958,2026-01-25 10:00:00.045000+00:00
xyz:TSLA,-0.0000068495,-0.0004095923,2026-01-25 11:00:00.011000+00:00
xyz:TSLA,0.0000062500,0.0000001462,2026-01-25 12:00:00.029000+00:00
xyz:TSLA,0.0000062500,0.0000858785,2026-01-25 13:00:00.065000+00:00
xyz:TSLA,0.0000062500,0.0000739077,2026-01-25 14:00:00.031000+00:00
xyz:TSLA,0.0000062500,-0.0001698744,2026-01-25 15:00:00.075000+00:00
xyz:TSLA,-0.0000155954,-0.0005495257,2026-01-25 16:00:00.012000+00:00
xyz:TSLA,-0.0000274258,-0.0007388127,2026-01-25 17:00:00.013000+00:00
xyz:TSLA,-0.0000447661,-0.0010162583,2026-01-25 18:00:00.020000+00:00
xyz:TSLA,-0.0000398150,-0.0009370394,2026-01-25 19:00:00.010000+00:00
xyz:TSLA,-0.0001038123,-0.0019609969,2026-01-25 20:00:00.016000+00:00
xyz:TSLA,-0.0002050293,-0.0035804688,2026-01-25 21:00:00.021000+00:00
xyz:TSLA,-0.0000639727,-0.0013235625,2026-01-25 22:00:00.063000+00:00
xyz:TSLA,-0.0001263793,-0.0023220686,2026-01-25 23:00:00.127000+00:00
xyz:TSLA,-0.0000058908,-0.0003942535,2026-01-26 00:00:00.127000+00:00
xyz:TSLA,0.0001073117,0.0020169871,2026-01-26 01:00:00.001000+00:00
xyz:TSLA,0.0000005302,-0.0002915163,2026-01-26 02:00:00.026000+00:00
xyz:TSLA,0.0000062500,-0.0000151599,2026-01-26 03:00:00.059000+00:00
xyz:TSLA,0.0000062500,0.0000224095,2026-01-26 04:00:00.056000+00:00
xyz:TSLA,0.0000062500,0.0000185793,2026-01-26 05:00:00.020000+00:00
xyz:TSLA,0.0000062500,0.0000124192,2026-01-26 06:00:00.101000+00:00
xyz:TSLA,0.0000062500,-0.0000101756,2026-01-26 07:00:00.055000+00:00
xyz:TSLA,0.0000062500,-0.0000603166,2026-01-26 08:00:00.040000+00:00
xyz:TSLA,0.0000062500,-0.0000931313,2026-01-26 09:00:00.056000+00:00
xyz:TSLA,0.0000062500,-0.0000541396,2026-01-26 10:00:00.060000+00:00
xyz:TSLA,0.0000062500,0.0000144467,2026-01-26 11:00:00.055000+00:00
xyz:TSLA,0.0000062500,-0.0000684919,2026-01-26 12:00:00.081000+00:00
xyz:TSLA,0.0000062500,0.0002981358,2026-01-26 13:00:00+00:00
xyz:TSLA,0.0000062500,0.0003434877,2026-01-26 14:00:00.050000+00:00
xyz:TSLA,0.0000101615,0.0004625835,2026-01-26 15:00:00.064000+00:00
xyz:TSLA,0.0000062500,0.0003464927,2026-01-26 16:00:00.006000+00:00
xyz:TSLA,0.0000078797,0.0004260750,2026-01-26 17:00:00.012000+00:00
xyz:TSLA,0.0000062500,0.0003116284,2026-01-26 18:00:00.010000+00:00
xyz:TSLA,0.0000062500,0.0000978881,2026-01-26 19:00:00.045000+00:00
xyz:TSLA,0.0000062500,0.0003591517,2026-01-26 20:00:00.034000+00:00
xyz:TSLA,0.0000062500,-0.0000060662,2026-01-26 21:00:00.094000+00:00
xyz:TSLA,0.0000062500,0.0000273847,2026-01-26 22:00:00.049000+00:00
xyz:TSLA,0.0000062500,-0.0000002628,2026-01-26 23:00:00.079000+00:00
xyz:TSLA,0.0000062500,0.0000080081,2026-01-27 00:00:00.085000+00:00
xyz:TSLA,0.0000062500,-0.0000209300,2026-01-27 01:00:00.073000+00:00
xyz:TSLA,0.0000062500,-0.0000213874,2026-01-27 02:00:00.052000+00:00
xyz:TSLA,0.0000062500,-0.0000270140,2026-01-27 03:00:00.012000+00:00
xyz:TSLA,0.0000062500,-0.0000321066,2026-01-27 04:00:00.017000+00:00
xyz:TSLA,0.0000062500,0.0000093227,2026-01-27 05:00:00.023000+00:00
xyz:TSLA,0.0000062500,0.0000354762,2026-01-27 06:00:00+00:00
xyz:TSLA,0.0000062500,0.0000633097,2026-01-27 07:00:00.049000+00:00
xyz:TSLA,0.0000062500,0.0001012814,2026-01-27 08:00:00.092000+00:00
xyz:TSLA,0.0000062500,0.0000842189,2026-01-27 09:00:00.020000+00:00
xyz:TSLA,0.0000062500,0.0001732174,2026-01-27 10:00:00.056000+00:00
xyz:TSLA,0.0000062500,0.0002077920,2026-01-27 11:00:00.003000+00:00
xyz:TSLA,0.0000062500,0.0001344477,2026-01-27 12:00:00.051000+00:00
xyz:TSLA,0.0000062500,0.0001822875,2026-01-27 13:00:00.006000+00:00
xyz:TSLA,0.0000062500,0.0001651829,2026-01-27 14:00:00.041000+00:00
xyz:TSLA,0.0000062500,0.0002828418,2026-01-27 15:00:00.074000+00:00
xyz:TSLA,0.0000102565,0.0004641033,2026-01-27 16:00:00.103000+00:00
xyz:TSLA,0.0000166764,0.0005668226,2026-01-27 17:00:00.024000+00:00
xyz:TSLA,0.0000175978,0.0005815643,2026-01-27 18:00:00.011000+00:00
xyz:TSLA,0.0000062500,0.0003659568,2026-01-27 19:00:00.027000+00:00
xyz:TSLA,0.0000062500,0.0001564511,2026-01-27 20:00:00.082000+00:00
xyz:TSLA,0.0000062500,0.0003335415,2026-01-27 21:00:00.015000+00:00
xyz:TSLA,0.0000110168,0.0004762688,2026-01-27 22:00:00.042000+00:00
xyz:TSLA,0.0000198916,0.0006182655,2026-01-27 23:00:00.015000+00:00
xyz:TSLA,0.0000138668,0.0005218695,2026-01-28 00:00:00.090000+00:00
xyz:TSLA,0.0000104144,0.0004666304,2026-01-28 01:00:00.024000+00:00
xyz:TSLA,0.0000062500,0.0002545260,2026-01-28 02:00:00.053000+00:00
xyz:TSLA,0.0000062500,0.0002449564,2026-01-28 03:00:00.047000+00:00
xyz:TSLA,0.0000062500,0.0002768661,2026-01-28 04:00:00.114000+00:00
xyz:TSLA,0.0000062500,0.0003219178,2026-01-28 05:00:00.046000+00:00
xyz:TSLA,0.0000062500,0.0003492355,2026-01-28 06:00:00.127000+00:00
xyz:TSLA,0.0000062500,0.0003913885,2026-01-28 07:00:00.070000+00:00
xyz:TSLA,0.0000062500,0.0003860202,2026-01-28 08:00:00.044000+00:00
xyz:TSLA,0.0000126884,0.0005030146,2026-01-28 09:00:00.042000+00:00
xyz:TSLA,0.0000134070,0.0005145117,2026-01-28 10:00:00.038000+00:00
xyz:TSLA,0.0000143972,0.0005303545,2026-01-28 11:00:00.016000+00:00
xyz:TSLA,0.0000062500,0.0003781941,2026-01-28 12:00:00.051000+00:00
xyz:TSLA,0.0000130500,0.0005088005,2026-01-28 13:00:00.094000+00:00
xyz:TSLA,0.0000139051,0.0005224812,2026-01-28 14:00:00.054000+00:00
xyz:TSLA,0.0000144100,0.0005305600,2026-01-28 15:00:00.003000+00:00
xyz:TSLA,0.0000062500,0.0003773517,2026-01-28 16:00:00.022000+00:00
xyz:TSLA,0.0000105673,0.0004690761,2026-01-28 17:00:00.048000+00:00
xyz:TSLA,0.0000062500,0.0003716626,2026-01-28 18:00:00.020000+00:00
xyz:TSLA,0.0000062500,0.0003976657,2026-01-28 19:00:00.072000+00:00
xyz:TSLA,0.0000167429,0.0005678868,2026-01-28 20:00:00.063000+00:00
xyz:TSLA,0.0000075222,0.0004203554,2026-01-28 21:00:00.108000+00:00
xyz:TSLA,0.0001155884,0.0021494145,2026-01-28 22:00:00.010000+00:00
xyz:TSLA,0.0000220015,0.0006520232,2026-01-28 23:00:00.022000+00:00
xyz:TSLA,0.0000062500,0.0002466819,2026-01-29 00:00:00.027000+00:00
xyz:TSLA,0.0000062500,0.0003485386,2026-01-29 01:00:00.021000+00:00
xyz:TSLA,0.0000062500,0.0001514444,2026-01-29 02:00:00.049000+00:00
xyz:TSLA,0.0000062500,0.0001771717,2026-01-29 03:00:00.013000+00:00
xyz:TSLA,0.0000338590,0.0008417438,2026-01-29 04:00:00.038000+00:00
xyz:TSLA,0.0000322760,0.0008164152,2026-01-29 05:00:00.051000+00:00
xyz:TSLA,0.0000062500,0.0002683607,2026-01-29 06:00:00.048000+00:00
xyz:TSLA,0.0000111404,0.0004782459,2026-01-29 07:00:00.087000+00:00
xyz:TSLA,0.0000095169,0.0004522702,2026-01-29 08:00:00.047000+00:00
xyz:TSLA,0.0000076276,0.0004220424,2026-01-29 09:00:00.026000+00:00
xyz:TSLA,0.0000088324,0.0004413180,2026-01-29 10:00:00.066000+00:00
xyz:TSLA,0.0000075929,0.0004214865,2026-01-29 11:00:00.051000+00:00
xyz:TSLA,0.0000161207,0.0005579305,2026-01-29 12:00:00+00:00
xyz:TSLA,0.0000098419,0.0004574707,2026-01-29 13:00:00.120000+00:00
xyz:TSLA,0.0000101674,0.0004626784,2026-01-29 14:00:00.011000+00:00
xyz:TSLA,0.0000267998,0.0007287961,2026-01-29 15:00:00.016000+00:00
xyz:TSLA,0.0000240589,0.0006849430,2026-01-29 16:00:00.059000+00:00
xyz:TSLA,0.0000294987,0.0007719789,2026-01-29 17:00:00.082000+00:00
xyz:TSLA,0.0000153508,0.0005456123,2026-01-29 18:00:00.099000+00:00
xyz:TSLA,0.0000062500,0.0002610067,2026-01-29 19:00:00.054000+00:00
xyz:TSLA,0.0000062500,0.0002253999,2026-01-29 20:00:00.035000+00:00
xyz:TSLA,0.0000062500,0.0001901226,2026-01-29 21:00:00.049000+00:00
xyz:TSLA,0.0000099328,0.0004589246,2026-01-29 22:00:00.059000+00:00
xyz:TSLA,0.0000167375,0.0005677995,2026-01-29 23:00:00.037000+00:00
xyz:TSLA,0.0000638675,0.0013218804,2026-01-30 00:00:00.022000+00:00
xyz:TSLA,0.0000290386,0.0007646179,2026-01-30 01:00:00.010000+00:00
xyz:TSLA,0.0000205289,0.0006284628,2026-01-30 02:00:00.075000+00:00
xyz:TSLA,0.0000143375,0.0005294003,2026-01-30 03:00:00.038000+00:00
xyz:TSLA,0.0000230425,0.0006686802,2026-01-30 04:00:00.028000+00:00
xyz:TSLA,0.0000349941,0.0008599055,2026-01-30 05:00:00.053000+00:00
xyz:TSLA,0.0000334576,0.0008353211,2026-01-30 06:00:00.084000+00:00
xyz:TSLA,0.0000248260,0.0006972159,2026-01-30 07:00:00.117000+00:00
xyz:TSLA,0.0000136386,0.0005182174,2026-01-30 08:00:00.018000+00:00
xyz:TSLA,0.0000105091,0.0004681448,2026-01-30 09:00:00.103000+00:00
xyz:TSLA,0.0000158293,0.0005532696,2026-01-30 10:00:00.049000+00:00
xyz:TSLA,0.0000168881,0.0005702100,2026-01-30 11:00:00.108000+00:00
xyz:TSLA,0.0000062500,0.0003259599,2026-01-30 12:00:00.036000+00:00
xyz:TSLA,0.0000247577,0.0006961226,2026-01-30 13:00:00.025000+00:00
xyz:TSLA,0.0000062500,0.0001107232,2026-01-30 14:00:00.033000+00:00
xyz:TSLA,0.0000062500,0.0002360714,2026-01-30 15:00:00.008000+00:00
xyz:TSLA,0.0000062500,0.0003942628,2026-01-30 16:00:00.054000+00:00
xyz:TSLA,0.0000131961,0.0005111370,2026-01-30 17:00:00.105000+00:00
xyz:TSLA,0.0000148227,0.0005371628,2026-01-30 18:00:00.037000+00:00
xyz:TSLA,0.0000062500,0.0003663899,2026-01-30 19:00:00.042000+00:00
xyz:TSLA,0.0000062500,0.0002454118,2026-01-30 20:00:00.041000+00:00
xyz:TSLA,0.0000062500,0.0000618562,2026-01-30 21:00:00.006000+00:00
xyz:TSLA,0.0000062500,0.0000943372,2026-01-30 22:00:00.001000+00:00
xyz:TSLA,0.0000062500,0.0001585615,2026-01-30 23:00:00.031000+00:00
xyz:TSLA,0.0000062500,0.0001332941,2026-01-31 00:00:00.171000+00:00
xyz:TSLA,0.0000062500,0.0002330306,2026-01-31 01:00:00.100000+00:00
xyz:TSLA,0.0000062500,0.0001891492,2026-01-31 02:00:00.068000+00:00
xyz:TSLA,0.0000062500,0.0000597674,2026-01-31 03:00:00.097000+00:00
xyz:TSLA,0.0000112366,0.0004797857,2026-01-31 04:00:00.012000+00:00
xyz:TSLA,0.0000062500,0.0000706373,2026-01-31 05:00:00.026000+00:00
xyz:TSLA,0.0000007364,-0.0002882176,2026-01-31 06:00:00.002000+00:00
xyz:TSLA,0.0000062500,0.0000198133,2026-01-31 07:00:00.010000+00:00
xyz:TSLA,-0.0000020050,-0.0003320803,2026-01-31 08:00:00.049000+00:00
xyz:TSLA,-0.0000118572,-0.0004897155,2026-01-31 09:00:00.076000+00:00
xyz:TSLA,-0.0000143618,-0.0005297896,2026-01-31 10:00:00.022000+00:00
xyz:TSLA,0.0000038104,-0.0002390330,2026-01-31 11:00:00.050000+00:00
xyz:TSLA,0.0000062500,-0.0000890649,2026-01-31 12:00:00.105000+00:00
xyz:TSLA,0.0000062500,-0.0000881042,2026-01-31 13:00:00.035000+00:00
xyz:TSLA,-0.0000037536,-0.0003600577,2026-01-31 14:00:00.027000+00:00
xyz:TSLA,-0.0000669188,-0.0013707015,2026-01-31 15:00:00.033000+00:00
xyz:TSLA,-0.0000611174,-0.0012778783,2026-01-31 16:00:00.091000+00:00
xyz:TSLA,-0.0000460854,-0.0010373662,2026-01-31 17:00:00.030000+00:00
xyz:TSLA,-0.0001646140,-0.0029338234,2026-01-31 18:00:00.057000+00:00
xyz:TSLA,-0.0001671066,-0.0029737050,2026-01-31 19:00:00.118000+00:00
xyz:TSLA,-0.0000106171,-0.0004698729,2026-01-31 20:00:00.081000+00:00
xyz:TSLA,0.0000062500,0.0002436990,2026-01-31 21:00:00.058000+00:00
xyz:TSLA,0.0000062500,0.0001627287,2026-01-31 22:00:00.056000+00:00
xyz:TSLA,-0.0000712516,-0.0014400257,2026-01-31 23:00:00.088000+00:00
xyz:TSLA,-0.0000752997,-0.0015047946,2026-02-01 00:00:00.016000+00:00
xyz:TSLA,0.0000062500,0.0000625351,2026-02-01 01:00:00.017000+00:00
xyz:TSLA,0.0000585683,0.0012370923,2026-02-01 02:00:00.052000+00:00
xyz:TSLA,0.0000062500,-0.0001820994,2026-02-01 03:00:00.047000+00:00
xyz:TSLA,-0.0000074054,-0.0004184859,2026-02-01 04:00:00.091000+00:00
xyz:TSLA,0.0000062500,-0.0001525601,2026-02-01 05:00:00.008000+00:00
xyz:TSLA,0.0000062500,-0.0001314050,2026-02-01 06:00:00.029000+00:00
xyz:TSLA,-0.0000031562,-0.0003504989,2026-02-01 07:00:00.060000+00:00
xyz:TSLA,-0.0000433258,-0.0009932125,2026-02-01 08:00:00.056000+00:00
xyz:TSLA,-0.0000634071,-0.0013145141,2026-02-01 09:00:00+00:00
xyz:TSLA,0.0000062500,0.0000282149,2026-02-01 10:00:00.092000+00:00
xyz:TSLA,0.0000020790,-0.0002667364,2026-02-01 11:00:00.017000+00:00
xyz:TSLA,-0.0000096065,-0.0004537044,2026-02-01 12:00:00.097000+00:00
xyz:TSLA,0.0000104339,0.0004669426,2026-02-01 13:00:00.026000+00:00
xyz:TSLA,0.0000062500,-0.0001057610,2026-02-01 14:00:00.096000+00:00
xyz:TSLA,0.0000214455,0.0006431278,2026-02-01 15:00:00.019000+00:00
xyz:TSLA,0.0000676875,0.0013829999,2026-02-01 16:00:00.034000+00:00
xyz:TSLA,0.0000062500,0.0002022031,2026-02-01 17:00:00.041000+00:00
xyz:TSLA,0.0000062500,0.0002892954,2026-02-01 18:00:00.062000+00:00
xyz:TSLA,0.0000062500,0.0001694765,2026-02-01 19:00:00.042000+00:00
xyz:TSLA,0.0000062500,0.0001008445,2026-02-01 20:00:00.067000+00:00
xyz:TSLA,0.0000062500,-0.0001914581,2026-02-01 21:00:00.104000+00:00
xyz:TSLA,-0.0000445789,-0.0010132621,2026-02-01 22:00:00.015000+00:00
xyz:TSLA,0.0000062500,0.0003654351,2026-02-01 23:00:00.006000+00:00
xyz:TSLA,0.0000894215,0.0017307432,2026-02-02 00:00:00.059000+00:00
xyz:TSLA,0.0003284318,0.0055549090,2026-02-02 01:00:00.038000+00:00
xyz:TSLA,0.0000364571,0.0008833144,2026-02-02 02:00:00.017000+00:00
xyz:TSLA,0.0000080090,0.0004281442,2026-02-02 03:00:00.062000+00:00
xyz:TSLA,0.0000069037,0.0004104585,2026-02-02 04:00:00.064000+00:00
xyz:TSLA,0.0000062500,-0.0000825167,2026-02-02 05:00:00.106000+00:00
xyz:TSLA,0.0000062500,-0.0000534940,2026-02-02 06:00:00.074000+00:00
xyz:TSLA,0.0000060345,-0.0002034476,2026-02-02 07:00:00.020000+00:00
xyz:TSLA,0.0000024608,-0.0002606271,2026-02-02 08:00:00.007000+00:00
xyz:TSLA,-0.0000117202,-0.0004875224,2026-02-02 09:00:00.043000+00:00
xyz:TSLA,-0.0000099416,-0.0004590658,2026-02-02 10:00:00.084000+00:00
xyz:TSLA,-0.0000038440,-0.0003615040,2026-02-02 11:00:00.047000+00:00
xyz:TSLA,0.0000008454,-0.0002864734,2026-02-02 12:00:00.061000+00:00
xyz:TSLA,0.0000002142,-0.0002965733,2026-02-02 13:00:00.088000+00:00
xyz:TSLA,-0.0000054070,-0.0003865121,2026-02-02 14:00:00.065000+00:00
xyz:TSLA,0.0000062500,-0.0001690916,2026-02-02 15:00:00.070000+00:00
xyz:TSLA,0.0000062500,0.0000447235,2026-02-02 16:00:00.041000+00:00
xyz:TSLA,0.0000062500,0.0000856490,2026-02-02 17:00:00.065000+00:00
xyz:TSLA,0.0000062500,0.0000082200,2026-02-02 18:00:00.066000+00:00
xyz:TSLA,0.0000062500,0.0002682684,2026-02-02 19:00:00.004000+00:00
xyz:TSLA,0.0000062500,0.0000682265,2026-02-02 20:00:00.023000+00:00
xyz:TSLA,0.0000062500,-0.0000798500,2026-02-02 21:00:00.014000+00:00
xyz:TSLA,0.0000062500,0.0000285474,2026-02-02 22:00:00.099000+00:00
xyz:TSLA,0.0000062500,0.0001327323,2026-02-02 23:00:00.055000+00:00
xyz:TSLA,0.0000062500,0.0001685364,2026-02-03 00:00:00.013000+00:00
xyz:TSLA,0.0000062500,0.0000662473,2026-02-03 01:00:00.015000+00:00
xyz:TSLA,0.0000062500,0.0002062033,2026-02-03 02:00:00.012000+00:00
xyz:TSLA,0.0000062500,0.0000986347,2026-02-03 03:00:00.032000+00:00
xyz:TSLA,0.0000062500,-0.0000046683,2026-02-03 04:00:00.038000+00:00
xyz:TSLA,0.0000062500,0.0000655337,2026-02-03 05:00:00.029000+00:00
xyz:TSLA,0.0000062500,0.0003831425,2026-02-03 06:00:00+00:00
xyz:TSLA,0.0000062500,0.0002542526,2026-02-03 07:00:00.068000+00:00
xyz:TSLA,0.0000062500,0.0001861941,2026-02-03 08:00:00.057000+00:00
xyz:TSLA,0.0000062500,-0.0000277923,2026-02-03 09:00:00.079000+00:00
xyz:TSLA,0.0000062500,0.0000937527,2026-02-03 10:00:00.022000+00:00
xyz:TSLA,0.0000062500,0.0001533922,2026-02-03 11:00:00.065000+00:00
xyz:TSLA,0.0000062500,0.0000737241,2026-02-03 12:00:00.118000+00:00
xyz:TSLA,0.0000062500,0.0001895767,2026-02-03 13:00:00.065000+00:00
xyz:TSLA,0.0000062500,0.0002709177,2026-02-03 14:00:00.040000+00:00
xyz:TSLA,0.0000062500,0.0002049478,2026-02-03 15:00:00.025000+00:00
xyz:TSLA,0.0000062500,0.0001540664,2026-02-03 16:00:00.059000+00:00
xyz:TSLA,0.0000062500,0.0001369132,2026-02-03 17:00:00.001000+00:00
xyz:TSLA,0.0000062500,0.0001306320,2026-02-03 18:00:00.015000+00:00
xyz:TSLA,0.0000062500,-0.0001430766,2026-02-03 19:00:00.059000+00:00
xyz:TSLA,0.0000062500,0.0002961120,2026-02-03 20:00:00.049000+00:00
xyz:TSLA,0.0000211878,0.0006390042,2026-02-03 21:00:00.031000+00:00
xyz:TSLA,0.0000102495,0.0004639914,2026-02-03 22:00:00.004000+00:00
xyz:TSLA,0.0000062500,0.0003030089,2026-02-03 23:00:00.056000+00:00
xyz:TSLA,0.0000062500,0.0001500549,2026-02-04 00:00:00.018000+00:00
xyz:TSLA,0.0000067863,0.0004085808,2026-02-04 01:00:00.045000+00:00
xyz:TSLA,0.0000119409,0.0004910542,2026-02-04 02:00:00.022000+00:00
xyz:TSLA,0.0000062500,0.0003679781,2026-02-04 03:00:00.032000+00:00
xyz:TSLA,0.0000062500,0.0002810134,2026-02-04 04:00:00.004000+00:00
xyz:TSLA,0.0000062500,0.0001267131,2026-02-04 05:00:00.055000+00:00
xyz:TSLA,0.0000062500,0.0002727903,2026-02-04 06:00:00.042000+00:00
xyz:TSLA,0.0000062500,0.0002572509,2026-02-04 07:00:00.016000+00:00
xyz:TSLA,0.0000062500,0.0001155610,2026-02-04 08:00:00.027000+00:00
xyz:TSLA,0.0000062500,0.0001241430,2026-02-04 09:00:00.003000+00:00
xyz:TSLA,0.0000062500,0.0002395966,2026-02-04 10:00:00.081000+00:00
xyz:TSLA,0.0000062500,0.0000699101,2026-02-04 11:00:00.016000+00:00
xyz:TSLA,0.0000062500,0.0000449090,2026-02-04 12:00:00.120000+00:00
xyz:TSLA,0.0000062500,0.0000757833,2026-02-04 13:00:00.025000+00:00
xyz:TSLA,0.0000062500,0.0000863689,2026-02-04 14:00:00.004000+00:00
xyz:TSLA,0.0000062500,0.0001473815,2026-02-04 15:00:00.071000+00:00
xyz:TSLA,0.0000062500,0.0002501214,2026-02-04 16:00:00.007000+00:00
xyz:TSLA,-0.0000003486,-0.0003055782,2026-02-04 17:00:00.105000+00:00
xyz:TSLA,0.0000062500,-0.0001428309,2026-02-04 18:00:00.058000+00:00
xyz:TSLA,0.0000095416,0.0004526652,2026-02-04 19:00:00.028000+00:00
xyz:TSLA,0.0000126583,0.0005025325,2026-02-04 20:00:00.001000+00:00
xyz:TSLA,0.0000418790,0.0009700643,2026-02-04 21:00:00.072000+00:00
xyz:TSLA,0.0000199532,0.0006192511,2026-02-04 22:00:00.051000+00:00
xyz:TSLA,0.0000062500,0.0003607812,2026-02-04 23:00:00.022000+00:00
xyz:TSLA,0.0000062500,0.0003103618,2026-02-05 00:00:00.003000+00:00
xyz:TSLA,0.0000062500,0.0002753029,2026-02-05 01:00:00.010000+00:00
xyz:TSLA,0.0000062500,0.0001621698,2026-02-05 02:00:00.097000+00:00
xyz:TSLA,0.0000062500,0.0001954205,2026-02-05 03:00:00.011000+00:00
xyz:TSLA,0.0000064301,0.0004028810,2026-02-05 04:00:00.032000+00:00
xyz:TSLA,0.0000062500,0.0003751467,2026-02-05 05:00:00.057000+00:00
xyz:TSLA,0.0000062500,0.0002994976,2026-02-05 06:00:00.038000+00:00
xyz:TSLA,0.0000062500,0.0000324308,2026-02-05 07:00:00.008000+00:00
xyz:TSLA,0.0000062500,0.0002177792,2026-02-05 08:00:00.038000+00:00
xyz:TSLA,0.0000062500,0.0002944266,2026-02-05 09:00:00.023000+00:00
xyz:TSLA,0.0000062500,0.0003644765,2026-02-05 10:00:00.022000+00:00
xyz:TSLA,0.0000062500,0.0001938256,2026-02-05 11:00:00.046000+00:00
xyz:TSLA,0.0000062500,0.0001919146,2026-02-05 12:00:00.036000+00:00
xyz:TSLA,0.0000062500,0.0000472042,2026-02-05 13:00:00.013000+00:00
xyz:TSLA,0.0000062500,0.0000109109,2026-02-05 14:00:00.012000+00:00
xyz:TSLA,0.0000062500,-0.0001276657,2026-02-05 15:00:00.079000+00:00
xyz:TSLA,0.0000062500,0.0000744710,2026-02-05 16:00:00.065000+00:00
xyz:TSLA,0.0000062500,0.0001420671,2026-02-05 17:00:00.004000+00:00
xyz:TSLA,0.0000062500,0.0000452418,2026-02-05 18:00:00.104000+00:00
xyz:TSLA,0.0000062500,0.0000300866,2026-02-05 19:00:00.030000+00:00
xyz:TSLA,0.0000062500,-0.0001250446,2026-02-05 20:00:00.057000+00:00
xyz:TSLA,0.0000062500,-0.0001157047,2026-02-05 21:00:00.013000+00:00
xyz:TSLA,0.0000062500,-0.0000323524,2026-02-05 22:00:00.040000+00:00
xyz:TSLA,0.0000062500,-0.0000196208,2026-02-05 23:00:00.019000+00:00
xyz:TSLA,0.0000062500,-0.0001209177,2026-02-06 00:00:00.083000+00:00
xyz:TSLA,0.0000024264,-0.0002611772,2026-02-06 01:00:00.049000+00:00
xyz:TSLA,0.0000059895,-0.0002041678,2026-02-06 02:00:00.026000+00:00
xyz:TSLA,-0.0000269382,-0.0007310109,2026-02-06 03:00:00.050000+00:00
xyz:TSLA,-0.0000017982,-0.0003287709,2026-02-06 04:00:00.075000+00:00
xyz:TSLA,-0.0000038773,-0.0003620366,2026-02-06 05:00:00.102000+00:00
xyz:TSLA,-0.0000051209,-0.0003819337,2026-02-06 06:00:00.022000+00:00
xyz:TSLA,0.0000062500,0.0000598581,2026-02-06 07:00:00.074000+00:00
xyz:TSLA,0.0000062500,0.0001481544,2026-02-06 08:00:00.037000+00:00
xyz:TSLA,0.0000062500,-0.0000278754,2026-02-06 09:00:00.042000+00:00
xyz:TSLA,0.0000062500,-0.0001686563,2026-02-06 10:00:00.053000+00:00
xyz:TSLA,0.0000062500,-0.0001917866,2026-02-06 11:00:00.032000+00:00
xyz:TSLA,0.0000062500,-0.0001219871,2026-02-06 12:00:00.009000+00:00
xyz:TSLA,0.0000062500,-0.0001197031,2026-02-06 13:00:00.032000+00:00
xyz:TSLA,0.0000062500,-0.0000628765,2026-02-06 14:00:00.024000+00:00
xyz:TSLA,0.0000062500,-0.0000015392,2026-02-06 15:00:00.089000+00:00
xyz:TSLA,0.0000062500,0.0000806039,2026-02-06 16:00:00.036000+00:00
xyz:TSLA,0.0000062500,0.0000867136,2026-02-06 17:00:00.030000+00:00
xyz:TSLA,0.0000062500,0.0000407148,2026-02-06 18:00:00.086000+00:00
xyz:TSLA,0.0000062500,0.0000195371,2026-02-06 19:00:00.056000+00:00
xyz:TSLA,0.0000062500,0.0001039153,2026-02-06 20:00:00.016000+00:00
xyz:TSLA,0.0000062500,0.0000857965,2026-02-06 21:00:00.031000+00:00
xyz:TSLA,0.0000062500,0.0000305896,2026-02-06 22:00:00.032000+00:00
xyz:TSLA,0.0000062500,0.0000709199,2026-02-06 23:00:00.049000+00:00
xyz:TSLA,0.0000062500,0.0001895131,2026-02-07 00:00:00.064000+00:00
xyz:TSLA,0.0000062500,0.0001002396,2026-02-07 01:00:00.036000+00:00
xyz:TSLA,0.0000029815,-0.0002522957,2026-02-07 02:00:00.026000+00:00
xyz:TSLA,0.0000062500,-0.0000956906,2026-02-07 03:00:00.021000+00:00
xyz:TSLA,-0.0000034725,-0.0003555606,2026-02-07 04:00:00.104000+00:00
xyz:TSLA,0.0000201764,0.0006228228,2026-02-07 05:00:00.063000+00:00
xyz:TSLA,0.0000127093,0.0005033483,2026-02-07 06:00:00.036000+00:00
xyz:TSLA,0.0000062500,0.0000489628,2026-02-07 07:00:00.008000+00:00
xyz:TSLA,-0.0000540735,-0.0011651753,2026-02-07 08:00:00.048000+00:00
xyz:TSLA,-0.0000366642,-0.0008866277,2026-02-07 09:00:00.081000+00:00
xyz:TSLA,-0.0000283188,-0.0007531012,2026-02-07 10:00:00.020000+00:00
xyz:TSLA,-0.0000143072,-0.0005289152,2026-02-07 11:00:00.008000+00:00
xyz:TSLA,-0.0000326090,-0.0008217445,2026-02-07 12:00:00.031000+00:00
xyz:TSLA,0.0000062500,-0.0000946347,2026-02-07 13:00:00.040000+00:00
xyz:TSLA,-0.0000017739,-0.0003283817,2026-02-07 14:00:00.008000+00:00
xyz:TSLA,0.0000062500,0.0001105260,2026-02-07 15:00:00.093000+00:00
xyz:TSLA,0.0000314820,0.0008037121,2026-02-07 16:00:00.146000+00:00
xyz:TSLA,0.0000062500,0.0002871141,2026-02-07 17:00:00.055000+00:00
xyz:TSLA,0.0000063993,0.0004023894,2026-02-07 18:00:00.022000+00:00
xyz:TSLA,0.0000062500,0.0003724007,2026-02-07 19:00:00.071000+00:00
xyz:TSLA,0.0000363971,0.0008823537,2026-02-07 20:00:00.020000+00:00
xyz:TSLA,0.0000372469,0.0008959511,2026-02-07 21:00:00.089000+00:00
xyz:TSLA,0.0000062500,0.0001781433,2026-02-07 22:00:00.055000+00:00
xyz:TSLA,0.0000062500,0.0001240343,2026-02-07 23:00:00.038000+00:00
xyz:TSLA,0.0000062500,-0.0001515329,2026-02-08 00:00:00.042000+00:00
xyz:TSLA,0.0000062500,-0.0001163390,2026-02-08 01:00:00.003000+00:00
xyz:TSLA,0.0000062500,-0.0001884839,2026-02-08 02:00:00.074000+00:00
xyz:TSLA,-0.0000035013,-0.0003560207,2026-02-08 03:00:00.113000+00:00
xyz:TSLA,0.0000062500,-0.0000224147,2026-02-08 04:00:00.069000+00:00
xyz:TSLA,0.0000062500,-0.0000558754,2026-02-08 05:00:00.059000+00:00
xyz:TSLA,0.0000062500,-0.0000851406,2026-02-08 06:00:00.031000+00:00
xyz:TSLA,0.0000062500,0.0000310947,2026-02-08 07:00:00.038000+00:00
xyz:TSLA,0.0000062500,-0.0000700983,2026-02-08 08:00:00.113000+00:00
xyz:TSLA,0.0000062500,0.0003417716,2026-02-08 09:00:00.040000+00:00
xyz:TSLA,0.0000062500,0.0000464463,2026-02-08 10:00:00.031000+00:00
xyz:TSLA,0.0000062500,0.0001297888,2026-02-08 11:00:00.068000+00:00
xyz:TSLA,0.0000062500,0.0002422500,2026-02-08 12:00:00.077000+00:00
xyz:TSLA,0.0000071546,0.0004144741,2026-02-08 13:00:00.011000+00:00
xyz:TSLA,0.0000499690,0.0010995048,2026-02-08 14:00:00.051000+00:00
xyz:TSLA,0.0000651031,0.0013416491,2026-02-08 15:00:00.041000+00:00
xyz:TSLA,0.0000098281,0.0004572488,2026-02-08 16:00:00.023000+00:00
xyz:TSLA,0.0000062500,0.0002378616,2026-02-08 17:00:00.043000+00:00
xyz:TSLA,0.0000062500,0.0002985493,2026-02-08 18:00:00.023000+00:00
xyz:TSLA,0.0000062500,-0.0000432392,2026-02-08 19:00:00.070000+00:00
xyz:TSLA,0.0000062500,-0.0001618615,2026-02-08 20:00:00.046000+00:00
xyz:TSLA,-0.0000151835,-0.0005429353,2026-02-08 21:00:00.059000+00:00
xyz:TSLA,-0.0000348055,-0.0008568886,2026-02-08 22:00:00.049000+00:00
xyz:TSLA,0.0000062500,0.0002551561,2026-02-08 23:00:00.015000+00:00
xyz:TSLA,0.0000547467,0.0011759473,2026-02-09 00:00:00.009000+00:00
xyz:TSLA,0.0000248883,0.0006982135,2026-02-09 01:00:00.034000+00:00
xyz:TSLA,0.0000062500,0.0000334879,2026-02-09 02:00:00.118000+00:00
xyz:TSLA,0.0000062500,0.0000474429,2026-02-09 03:00:00.004000+00:00
xyz:TSLA,0.0000062500,0.0000510350,2026-02-09 04:00:00.091000+00:00
xyz:TSLA,0.0000062500,0.0000684020,2026-02-09 05:00:00.037000+00:00
xyz:TSLA,0.0000062500,0.0000371578,2026-02-09 06:00:00.020000+00:00
xyz:TSLA,0.0000062500,0.0001681385,2026-02-09 07:00:00.026000+00:00
xyz:TSLA,0.0000062500,0.0000491358,2026-02-09 08:00:00.013000+00:00
xyz:TSLA,0.0000062500,0.0000317680,2026-02-09 09:00:00.040000+00:00
xyz:TSLA,0.0000062500,-0.0000256262,2026-02-09 10:00:00.131000+00:00
xyz:TSLA,0.0000062500,0.0000579477,2026-02-09 11:00:00.088000+00:00
xyz:TSLA,0.0000062500,0.0002115691,2026-02-09 12:00:00.030000+00:00
xyz:TSLA,0.0000062500,0.0002287293,2026-02-09 13:00:00.020000+00:00
xyz:TSLA,0.0000062500,0.0001192998,2026-02-09 14:00:00.015000+00:00
xyz:TSLA,0.0000062500,0.0000765250,2026-02-09 15:00:00.011000+00:00
xyz:TSLA,0.0000062500,0.0001197880,2026-02-09 16:00:00.001000+00:00
xyz:TSLA,0.0000062500,0.0003232421,2026-02-09 17:00:00.038000+00:00
xyz:TSLA,0.0000062500,0.0001893558,2026-02-09 18:00:00.060000+00:00
xyz:TSLA,0.0000062500,0.0000339320,2026-02-09 19:00:00.023000+00:00
xyz:TSLA,0.0000062500,0.0003714583,2026-02-09 20:00:00.059000+00:00
xyz:TSLA,0.0000062500,0.0003287900,2026-02-09 21:00:00.068000+00:00
xyz:TSLA,0.0000062500,0.0001291218,2026-02-09 22:00:00.065000+00:00
xyz:TSLA,0.0000062500,0.0000739129,2026-02-09 23:00:00.046000+00:00
xyz:TSLA,0.0000062500,0.0001435145,2026-02-10 00:00:00.013000+00:00
xyz:TSLA,0.0000062500,0.0001312210,2026-02-10 01:00:00.012000+00:00
xyz:TSLA,0.0000062500,0.0002285265,2026-02-10 02:00:00.055000+00:00
xyz:TSLA,0.0000062500,0.0002653403,2026-02-10 03:00:00.057000+00:00
xyz:TSLA,0.0000062500,0.0001079671,2026-02-10 04:00:00.071000+00:00
xyz:TSLA,0.0000062500,-0.0000524406,2026-02-10 05:00:00.024000+00:00
xyz:TSLA,0.0000062500,-0.0000816498,2026-02-10 06:00:00.028000+00:00
xyz:TSLA,0.0000062500,0.0001440934,2026-02-10 07:00:00.090000+00:00
xyz:TSLA,0.0000062500,0.0000624186,2026-02-10 08:00:00.018000+00:00
xyz:TSLA,0.0000062500,0.0000469162,2026-02-10 09:00:00.041000+00:00
xyz:TSLA,0.0000062500,0.0003611636,2026-02-10 10:00:00.028000+00:00
xyz:TSLA,0.0000062500,0.0003670734,2026-02-10 11:00:00.100000+00:00
xyz:TSLA,0.0000062500,0.0001650396,2026-02-10 12:00:00.032000+00:00
xyz:TSLA,0.0000062500,0.0002295626,2026-02-10 13:00:00.106000+00:00
xyz:TSLA,0.0000062500,0.0000723133,2026-02-10 14:00:00.038000+00:00
xyz:TSLA,0.0000062500,0.0000352026,2026-02-10 15:00:00.006000+00:00
xyz:TSLA,0.0000062500,0.0000190295,2026-02-10 16:00:00.009000+00:00
xyz:TSLA,0.0000062500,0.0001503163,2026-02-10 17:00:00.070000+00:00
xyz:TSLA,0.0000062500,0.0003052431,2026-02-10 18:00:00.065000+00:00
xyz:TSLA,0.0000062500,0.0002683582,2026-02-10 19:00:00.015000+00:00
xyz:TSLA,0.0000062500,0.0000720546,2026-02-10 20:00:00.053000+00:00
xyz:TSLA,0.0000062500,0.0000741209,2026-02-10 21:00:00.100000+00:00
xyz:TSLA,0.0000062500,-0.0000216144,2026-02-10 22:00:00.070000+00:00
xyz:TSLA,0.0000031019,-0.0002503697,2026-02-10 23:00:00.016000+00:00
xyz:TSLA,-0.0000010336,-0.0003165371,2026-02-11 00:00:00.036000+00:00
xyz:TSLA,0.0000062500,-0.0000856686,2026-02-11 01:00:00.007000+00:00
xyz:TSLA,0.0000062500,-0.0001173981,2026-02-11 02:00:00.051000+00:00
xyz:TSLA,0.0000062500,-0.0001344479,2026-02-11 03:00:00.098000+00:00
xyz:TSLA,0.0000062500,-0.0000840126,2026-02-11 04:00:00.071000+00:00
xyz:TSLA,0.0000062500,-0.0000864495,2026-02-11 05:00:00.030000+00:00
xyz:TSLA,0.0000062500,-0.0001996148,2026-02-11 06:00:00.005000+00:00
xyz:TSLA,0.0000028805,-0.0002539116,2026-02-11 07:00:00.062000+00:00
xyz:TSLA,0.0000031086,-0.0002502616,2026-02-11 08:00:00.095000+00:00
xyz:TSLA,0.0000033927,-0.0002457175,2026-02-11 09:00:00.114000+00:00
xyz:TSLA,0.0000062500,-0.0001490412,2026-02-11 10:00:00.048000+00:00
xyz:TSLA,0.0000062500,-0.0001183679,2026-02-11 11:00:00.086000+00:00
xyz:TSLA,0.0000062500,-0.0000538107,2026-02-11 12:00:00.022000+00:00
xyz:TSLA,0.0000062500,-0.0000853349,2026-02-11 13:00:00.055000+00:00
xyz:TSLA,0.0000062500,-0.0000175813,2026-02-11 14:00:00.087000+00:00
xyz:TSLA,0.0000062500,0.0000955205,2026-02-11 15:00:00.012000+00:00
xyz:TSLA,0.0000062500,-0.0001202079,2026-02-11 16:00:00.074000+00:00
xyz:TSLA,0.0000062500,-0.0000260758,2026-02-11 17:00:00.077000+00:00
xyz:TSLA,0.0000062500,-0.0000451112,2026-02-11 18:00:00.062000+00:00
xyz:TSLA,0.0000062500,-0.0000448063,2026-02-11 19:00:00.045000+00:00
xyz:TSLA,0.0000062500,-0.0001767150,2026-02-11 20:00:00.051000+00:00
xyz:TSLA,0.0000062500,-0.0001469034,2026-02-11 21:00:00.053000+00:00
xyz:TSLA,0.0000062500,0.0000618179,2026-02-11 22:00:00.067000+00:00
xyz:TSLA,0.0000062500,0.0001528834,2026-02-11 23:00:00.087000+00:00
xyz:TSLA,0.0000062500,0.0001537148,2026-02-12 00:00:00.006000+00:00
xyz:TSLA,0.0000062500,0.0000420665,2026-02-12 01:00:00.034000+00:00
xyz:TSLA,0.0000062500,-0.0000195383,2026-02-12 02:00:00.037000+00:00
xyz:TSLA,0.0000062500,-0.0000019598,2026-02-12 03:00:00.057000+00:00
xyz:TSLA,0.0000062500,0.0000464758,2026-02-12 04:00:00.004000+00:00
xyz:TSLA,0.0000062500,0.0000583553,2026-02-12 05:00:00.075000+00:00
xyz:TSLA,0.0000062500,0.0000866740,2026-02-12 06:00:00.077000+00:00
xyz:TSLA,0.0000062500,0.0001365104,2026-02-12 07:00:00.029000+00:00
xyz:TSLA,0.0000062500,0.0001045730,2026-02-12 08:00:00.036000+00:00
xyz:TSLA,0.0000062500,-0.0000127716,2026-02-12 09:00:00.054000+00:00
xyz:TSLA,0.0000062500,-0.0000658788,2026-02-12 10:00:00.022000+00:00
xyz:TSLA,0.0000062500,-0.0001198558,2026-02-12 11:00:00.008000+00:00
xyz:TSLA,0.0000062500,-0.0000011298,2026-02-12 12:00:00.064000+00:00
xyz:TSLA,0.0000062500,0.0002064570,2026-02-12 13:00:00.056000+00:00
xyz:TSLA,0.0000062500,0.0001287329,2026-02-12 14:00:00.023000+00:00
xyz:TSLA,0.0000062500,0.0000439941,2026-02-12 15:00:00.004000+00:00
xyz:TSLA,0.0000062500,-0.0001994014,2026-02-12 16:00:00.043000+00:00
xyz:TSLA,0.0000062500,-0.0001762134,2026-02-12 17:00:00.026000+00:00
xyz:TSLA,0.0000032696,-0.0002476857,2026-02-12 18:00:00.015000+00:00
xyz:TSLA,0.0000062500,-0.0000571575,2026-02-12 19:00:00.053000+00:00
xyz:TSLA,0.0000062500,0.0000447784,2026-02-12 20:00:00.037000+00:00
xyz:TSLA,0.0000062500,0.0000411569,2026-02-12 21:00:00.043000+00:00
xyz:TSLA,0.0000062500,0.0001436591,2026-02-12 22:00:00.010000+00:00
xyz:TSLA,0.0000062500,0.0001472848,2026-02-12 23:00:00.072000+00:00
xyz:TSLA,0.0000062500,-0.0001217770,2026-02-13 00:00:00.092000+00:00
xyz:TSLA,0.0000013581,-0.0002782707,2026-02-13 01:00:00.083000+00:00
xyz:TSLA,0.0000030823,-0.0002506837,2026-02-13 02:00:00.050000+00:00
xyz:TSLA,0.0000062500,-0.0000945836,2026-02-13 03:00:00.009000+00:00
xyz:TSLA,0.0000062500,-0.0000204437,2026-02-13 04:00:00.087000+00:00
xyz:TSLA,0.0000062500,0.0000266427,2026-02-13 05:00:00.083000+00:00
xyz:TSLA,0.0000062500,0.0000571066,2026-02-13 06:00:00.070000+00:00
xyz:TSLA,0.0000062500,-0.0000251430,2026-02-13 07:00:00.056000+00:00
xyz:TSLA,0.0000059351,-0.0002050379,2026-02-13 08:00:00.018000+00:00
xyz:TSLA,0.0000062500,-0.0000251803,2026-02-13 09:00:00.087000+00:00
xyz:TSLA,0.0000062500,0.0000125602,2026-02-13 10:00:00.004000+00:00
xyz:TSLA,0.0000062500,0.0000416408,2026-02-13 11:00:00.117000+00:00
xyz:TSLA,0.0000062500,0.0000305052,2026-02-13 12:00:00.059000+00:00
xyz:TSLA,0.0000062500,-0.0001137440,2026-02-13 13:00:00.040000+00:00
xyz:TSLA,0.0000062500,-0.0000855278,2026-02-13 14:00:00.092000+00:00
xyz:TSLA,0.0000062500,-0.0000310721,2026-02-13 15:00:00.081000+00:00
xyz:TSLA,0.0000062500,0.0002029626,2026-02-13 16:00:00.038000+00:00
xyz:TSLA,0.0000062500,0.0003735556,2026-02-13 17:00:00.023000+00:00
xyz:TSLA,0.0000062500,-0.0000150011,2026-02-13 18:00:00.120000+00:00
xyz:TSLA,0.0000062500,-0.0001771007,2026-02-13 19:00:00.063000+00:00
xyz:TSLA,0.0000019156,-0.0002693509,2026-02-13 20:00:00.048000+00:00
xyz:TSLA,0.0000043945,-0.0002296886,2026-02-13 21:00:00.056000+00:00
xyz:TSLA,0.0000062500,0.0000382117,2026-02-13 22:00:00.018000+00:00
xyz:TSLA,0.0000062500,-0.0001124794,2026-02-13 23:00:00.072000+00:00
xyz:TSLA,-0.0000309345,-0.0007949517,2026-02-14 00:00:00.041000+00:00
xyz:TSLA,-0.0000556639,-0.0011906229,2026-02-14 01:00:00.085000+00:00
xyz:TSLA,-0.0000099237,-0.0004587790,2026-02-14 02:00:00.103000+00:00
xyz:TSLA,0.0000042053,-0.0002327148,2026-02-14 03:00:00.007000+00:00
xyz:TSLA,0.0000062500,-0.0001843078,2026-02-14 04:00:00.098000+00:00
xyz:TSLA,0.0000062500,0.0000851242,2026-02-14 05:00:00.016000+00:00
xyz:TSLA,0.0000062500,0.0001033017,2026-02-14 06:00:00.103000+00:00
xyz:TSLA,0.0000062500,0.0002280846,2026-02-14 07:00:00.037000+00:00
xyz:TSLA,0.0000062500,0.0003341193,2026-02-14 08:00:00.001000+00:00
xyz:TSLA,0.0000194393,0.0006110289,2026-02-14 09:00:00.050000+00:00
xyz:TSLA,0.0000263523,0.0007216368,2026-02-14 10:00:00.086000+00:00
xyz:TSLA,0.0000062500,0.0001404804,2026-02-14 11:00:00.026000+00:00
xyz:TSLA,0.0000219246,0.0006507937,2026-02-14 12:00:00.125000+00:00
xyz:TSLA,0.0000155968,0.0005495487,2026-02-14 13:00:00.083000+00:00
xyz:TSLA,0.0000035104,-0.0002438333,2026-02-14 14:00:00.055000+00:00
xyz:TSLA,0.0000062500,-0.0000366527,2026-02-14 15:00:00.081000+00:00
xyz:TSLA,-0.0000074496,-0.0004191936,2026-02-14 16:00:00.035000+00:00
xyz:TSLA,-0.0000254179,-0.0007066868,2026-02-14 17:00:00.075000+00:00
xyz:TSLA,-0.0000006889,-0.0003110224,2026-02-14 18:00:00.102000+00:00
xyz:TSLA,0.0000062500,-0.0000334111,2026-02-14 19:00:00.005000+00:00
xyz:TSLA,0.0000062500,0.0001927761,2026-02-14 20:00:00.071000+00:00
xyz:TSLA,0.0000062500,0.0003080456,2026-02-14 21:00:00.056000+00:00
xyz:TSLA,0.0000062500,0.0000566561,2026-02-14 22:00:00.045000+00:00
xyz:TSLA,0.0000062500,0.0003154216,2026-02-14 23:00:00.022000+00:00
xyz:TSLA,0.0000062500,0.0001344211,2026-02-15 00:00:00.102000+00:00
xyz:TSLA,0.0000062500,0.0001979109,2026-02-15 01:00:00.052000+00:00
xyz:TSLA,0.0000062500,0.0000144962,2026-02-15 02:00:00.088000+00:00
xyz:TSLA,-0.0000000266,-0.0003004252,2026-02-15 03:00:00.093000+00:00
xyz:TSLA,-0.0000015750,-0.0003252002,2026-02-15 04:00:00.058000+00:00
xyz:TSLA,0.0000044603,-0.0002286350,2026-02-15 05:00:00.004000+00:00
xyz:TSLA,0.0000062500,0.0002706977,2026-02-15 06:00:00.027000+00:00
xyz:TSLA,0.0000062500,-0.0000412491,2026-02-15 07:00:00.020000+00:00
xyz:TSLA,0.0000062500,0.0000403128,2026-02-15 08:00:00.027000+00:00
xyz:TSLA,0.0000012294,-0.0002803300,2026-02-15 09:00:00.043000+00:00
xyz:TSLA,-0.0000007780,-0.0003124473,2026-02-15 10:00:00.001000+00:00
xyz:TSLA,0.0000062500,0.0001301744,2026-02-15 11:00:00.015000+00:00
xyz:TSLA,0.0000062500,0.0003764279,2026-02-15 12:00:00.014000+00:00
xyz:TSLA,0.0000062500,-0.0000064127,2026-02-15 13:00:00.012000+00:00
xyz:TSLA,-0.0000083072,-0.0004329145,2026-02-15 14:00:00.023000+00:00
xyz:TSLA,0.0000062500,-0.0001558552,2026-02-15 15:00:00.014000+00:00
xyz:TSLA,0.0000022911,-0.0002633428,2026-02-15 16:00:00.083000+00:00
xyz:TSLA,0.0000062500,-0.0001868309,2026-02-15 17:00:00.027000+00:00
xyz:TSLA,0.0000062500,-0.0001870670,2026-02-15 18:00:00.006000+00:00
xyz:TSLA,-0.0000089897,-0.0004438354,2026-02-15 19:00:00.023000+00:00
xyz:TSLA,0.0000062500,-0.0001695412,2026-02-15 20:00:00.060000+00:00
xyz:TSLA,0.0000106261,0.0004700179,2026-02-15 21:00:00.008000+00:00
xyz:TSLA,0.0000062500,0.0002935375,2026-02-15 22:00:00.058000+00:00
xyz:TSLA,0.0000062500,0.0000495986,2026-02-15 23:00:00.053000+00:00
xyz:TSLA,-0.0000085980,-0.0004375685,2026-02-16 00:00:00.071000+00:00
xyz:TSLA,0.0000400336,0.0009405372,2026-02-16 01:00:00.023000+00:00
xyz:TSLA,0.0000265689,0.0007251021,2026-02-16 02:00:00.070000+00:00
xyz:TSLA,0.0000062500,0.0000843517,2026-02-16 03:00:00.088000+00:00
xyz:TSLA,0.0000062500,0.0003464317,2026-02-16 04:00:00.033000+00:00
xyz:TSLA,0.0000062500,0.0003266897,2026-02-16 05:00:00.025000+00:00
xyz:TSLA,-0.0000014941,-0.0003239062,2026-02-16 06:00:00.006000+00:00
xyz:TSLA,0.0000062500,0.0002051081,2026-02-16 07:00:00.043000+00:00
xyz:TSLA,0.0000259392,0.0007150279,2026-02-16 08:00:00.025000+00:00
xyz:TSLA,0.0000279196,0.0007467133,2026-02-16 09:00:00.002000+00:00
xyz:TSLA,0.0000230842,0.0006693466,2026-02-16 10:00:00.026000+00:00
xyz:TSLA,0.0000062500,-0.0001819231,2026-02-16 11:00:00+00:00
xyz:TSLA,-0.0000136295,-0.0005180717,2026-02-16 12:00:00.075000+00:00
xyz:TSLA,0.0000062500,-0.0001148689,2026-02-16 13:00:00.013000+00:00
xyz:TSLA,0.0000019240,-0.0002692166,2026-02-16 14:00:00.083000+00:00
xyz:TSLA,-0.0000685819,-0.0013973105,2026-02-16 15:00:00.037000+00:00
xyz:TSLA,-0.0000632908,-0.0013126526,2026-02-16 16:00:00.099000+00:00
xyz:TSLA,-0.0000442727,-0.0010083627,2026-02-16 17:00:00.019000+00:00
xyz:TSLA,0.0000062500,-0.0001651825,2026-02-16 18:00:00.138000+00:00
xyz:TSLA,-0.0000004007,-0.0003064113,2026-02-16 19:00:00.072000+00:00
xyz:TSLA,-0.0000076776,-0.0004228410,2026-02-16 20:00:00.001000+00:00
xyz:TSLA,0.0000006243,-0.0002900113,2026-02-16 21:00:00.070000+00:00
xyz:TSLA,0.0000062500,-0.0001941850,2026-02-16 22:00:00.043000+00:00
xyz:TSLA,0.0000062500,0.0003603050,2026-02-16 23:00:00.088000+00:00
xyz:TSLA,0.0000341822,0.0008469156,2026-02-17 00:00:00.063000+00:00
xyz:TSLA,0.0000368942,0.0008903068,2026-02-17 01:00:00.070000+00:00
xyz:TSLA,0.0000062500,0.0002496201,2026-02-17 02:00:00.032000+00:00
xyz:TSLA,0.0000179682,0.0005874906,2026-02-17 03:00:00.021000+00:00
xyz:TSLA,0.0000062500,0.0001408010,2026-02-17 04:00:00.061000+00:00
xyz:TSLA,0.0000062500,-0.0001246078,2026-02-17 05:00:00.038000+00:00
xyz:TSLA,-0.0000057972,-0.0003927556,2026-02-17 06:00:00.104000+00:00
xyz:TSLA,-0.0000143663,-0.0005298615,2026-02-17 07:00:00.044000+00:00
xyz:TSLA,0.0000042219,-0.0002324490,2026-02-17 08:00:00.015000+00:00
xyz:TSLA,-0.0000020806,-0.0003332901,2026-02-17 09:00:00.082000+00:00
xyz:TSLA,0.0000062500,-0.0001350717,2026-02-17 10:00:00.097000+00:00
xyz:TSLA,-0.0000127398,-0.0005038365,2026-02-17 11:00:00.042000+00:00
xyz:TSLA,-0.0000087054,-0.0004392871,2026-02-17 12:00:00.044000+00:00
xyz:TSLA,0.0000013818,-0.0002778916,2026-02-17 13:00:00.044000+00:00
xyz:TSLA,-0.0000114413,-0.0004830605,2026-02-17 14:00:00.063000+00:00
xyz:TSLA,0.0000036035,-0.0002423443,2026-02-17 15:00:00.062000+00:00
xyz:TSLA,0.0000006305,-0.0002899120,2026-02-17 16:00:00.071000+00:00
xyz:TSLA,0.0000062500,-0.0000988817,2026-02-17 17:00:00.038000+00:00
xyz:TSLA,-0.0000002339,-0.0003037419,2026-02-17 18:00:00.030000+00:00
xyz:TSLA,0.0000037065,-0.0002406964,2026-02-17 19:00:00.003000+00:00
xyz:TSLA,0.0000062500,-0.0000512220,2026-02-17 20:00:00.062000+00:00
xyz:TSLA,0.0000058747,-0.0002060044,2026-02-17 21:00:00.058000+00:00
xyz:TSLA,-0.0000083128,-0.0004330048,2026-02-17 22:00:00.051000+00:00
xyz:TSLA,-0.0000081116,-0.0004297857,2026-02-17 23:00:00.070000+00:00
xyz:TSLA,0.0000062500,-0.0001450671,2026-02-18 00:00:00.021000+00:00
xyz:TSLA,0.0000010437,-0.0002833014,2026-02-18 01:00:00.085000+00:00
xyz:TSLA,0.0000062500,-0.0001023191,2026-02-18 02:00:00.067000+00:00
xyz:TSLA,0.0000062500,0.0000483818,2026-02-18 03:00:00.005000+00:00
xyz:TSLA,0.0000062500,0.0001201227,2026-02-18 04:00:00.016000+00:00
xyz:TSLA,0.0000062500,0.0001995753,2026-02-18 05:00:00.053000+00:00
xyz:TSLA,0.0000062500,-0.0000260069,2026-02-18 06:00:00.013000+00:00
xyz:TSLA,0.0000062500,0.0000137090,2026-02-18 07:00:00.044000+00:00
xyz:TSLA,0.0000062500,-0.0001619238,2026-02-18 08:00:00.085000+00:00
xyz:TSLA,0.0000051546,-0.0002175268,2026-02-18 09:00:00.065000+00:00
xyz:TSLA,0.0000062500,0.0000344781,2026-02-18 10:00:00.081000+00:00
xyz:TSLA,0.0000062500,0.0001150513,2026-02-18 11:00:00.026000+00:00
xyz:TSLA,0.0000062500,0.0001845577,2026-02-18 12:00:00.017000+00:00
xyz:TSLA,0.0000062500,0.0000866024,2026-02-18 13:00:00.034000+00:00
xyz:TSLA,0.0000062500,-0.0000260456,2026-02-18 14:00:00.046000+00:00
xyz:TSLA,0.0000062500,-0.0000380507,2026-02-18 15:00:00.043000+00:00
xyz:TSLA,0.0000001543,-0.0002975311,2026-02-18 16:00:00.046000+00:00
xyz:TSLA,0.0000062500,-0.0001493728,2026-02-18 17:00:00.010000+00:00
xyz:TSLA,-0.0000048351,-0.0003773611,2026-02-18 18:00:00.003000+00:00
xyz:TSLA,-0.0000108208,-0.0004731323,2026-02-18 19:00:00.072000+00:00
xyz:TSLA,-0.0000119660,-0.0004914554,2026-02-18 20:00:00.039000+00:00
xyz:TSLA,-0.0000176279,-0.0005820457,2026-02-18 21:00:00.040000+00:00
xyz:TSLA,-0.0000109722,-0.0004755546,2026-02-18 22:00:00.035000+00:00
xyz:TSLA,-0.0000074439,-0.0004191030,2026-02-18 23:00:00.022000+00:00
xyz:TSLA,0.0000017685,-0.0002717033,2026-02-19 00:00:00.054000+00:00
xyz:TSLA,-0.0000017918,-0.0003286685,2026-02-19 01:00:00.073000+00:00
xyz:TSLA,0.0000062500,-0.0001551879,2026-02-19 02:00:00.079000+00:00
xyz:TSLA,0.0000024779,-0.0002603537,2026-02-19 03:00:00.021000+00:00
xyz:TSLA,-0.0000069614,-0.0004113829,2026-02-19 04:00:00.122000+00:00
xyz:TSLA,-0.0000049534,-0.0003792551,2026-02-19 05:00:00.058000+00:00
xyz:TSLA,0.0000037547,-0.0002399251,2026-02-19 06:00:00.072000+00:00
xyz:TSLA,-0.0000032299,-0.0003516777,2026-02-19 07:00:00.126000+00:00
xyz:TSLA,0.0000028229,-0.0002548329,2026-02-19 08:00:00.040000+00:00
xyz:TSLA,-0.0000081475,-0.0004303599,2026-02-19 09:00:00.019000+00:00
xyz:TSLA,0.0000018932,-0.0002697083,2026-02-19 10:00:00.033000+00:00
xyz:TSLA,0.0000062500,-0.0001556773,2026-02-19 11:00:00.010000+00:00
xyz:TSLA,0.0000062500,-0.0000794075,2026-02-19 12:00:00.062000+00:00
xyz:TSLA,0.0000062500,-0.0000620244,2026-02-19 13:00:00.017000+00:00
xyz:TSLA,0.0000060600,-0.0002030397,2026-02-19 14:00:00.019000+00:00
xyz:TSLA,0.0000052636,-0.0002157824,2026-02-19 15:00:00.067000+00:00
xyz:TSLA,0.0000044435,-0.0002289042,2026-02-19 16:00:00.026000+00:00
xyz:TSLA,0.0000062500,-0.0001203935,2026-02-19 17:00:00.013000+00:00
xyz:TSLA,0.0000062500,-0.0001328382,2026-02-19 18:00:00+00:00
xyz:TSLA,0.0000062500,-0.0001854206,2026-02-19 19:00:00.043000+00:00
xyz:TSLA,-0.0000016694,-0.0003267106,2026-02-19 20:00:00.009000+00:00
xyz:TSLA,0.0000006067,-0.0002902926,2026-02-19 21:00:00.023000+00:00
xyz:TSLA,0.0000052209,-0.0002164663,2026-02-19 22:00:00.022000+00:00
xyz:TSLA,0.0000062500,-0.0001867005,2026-02-19 23:00:00.042000+00:00
xyz:TSLA,0.0000002388,-0.0002961785,2026-02-20 00:00:00.035000+00:00
xyz:TSLA,0.0000062500,-0.0001557786,2026-02-20 01:00:00.190000+00:00
xyz:TSLA,0.0000062500,-0.0001265279,2026-02-20 02:00:00.054000+00:00
xyz:TSLA,-0.0000015036,-0.0003240572,2026-02-20 03:00:00.118000+00:00
xyz:TSLA,-0.0000035144,-0.0003562311,2026-02-20 04:00:00.085000+00:00
xyz:TSLA,0.0000062500,-0.0001456857,2026-02-20 05:00:00.048000+00:00
xyz:TSLA,-0.0000004690,-0.0003075047,2026-02-20 06:00:00.033000+00:00
xyz:TSLA,0.0000062500,-0.0000921363,2026-02-20 07:00:00.077000+00:00
xyz:TSLA,0.0000062500,-0.0000792563,2026-02-20 08:00:00.069000+00:00
xyz:TSLA,0.0000062500,-0.0000045810,2026-02-20 09:00:00.018000+00:00
xyz:TSLA,0.0000062500,-0.0001661514,2026-02-20 10:00:00.018000+00:00
xyz:TSLA,0.0000062500,-0.0001723016,2026-02-20 11:00:00.029000+00:00
xyz:TSLA,0.0000062500,-0.0001434059,2026-02-20 12:00:00.020000+00:00
xyz:TSLA,0.0000040399,-0.0002353617,2026-02-20 13:00:00.001000+00:00
xyz:TSLA,-0.0000000338,-0.0003005407,2026-02-20 14:00:00.062000+00:00
xyz:TSLA,0.0000007595,-0.0002878481,2026-02-20 15:00:00.013000+00:00
xyz:TSLA,-0.0000015542,-0.0003248672,2026-02-20 16:00:00.044000+00:00
xyz:TSLA,-0.0000013685,-0.0003218957,2026-02-20 17:00:00.002000+00:00
xyz:TSLA,0.0000035883,-0.0002425869,2026-02-20 18:00:00.056000+00:00
xyz:TSLA,0.0000006914,-0.0002889376,2026-02-20 19:00:00.125000+00:00
xyz:TSLA,0.0000015139,-0.0002757783,2026-02-20 20:00:00.028000+00:00
xyz:TSLA,0.0000002114,-0.0002966173,2026-02-20 21:00:00.083000+00:00
xyz:TSLA,-0.0000022905,-0.0003366477,2026-02-20 22:00:00.095000+00:00
xyz:TSLA,-0.0000041662,-0.0003666596,2026-02-20 23:00:00.033000+00:00
xyz:TSLA,-0.0000062346,-0.0003997541,2026-02-21 00:00:00.011000+00:00
xyz:TSLA,0.0000049658,-0.0002205466,2026-02-21 01:00:00.131000+00:00
xyz:TSLA,0.0000062500,0.0001504272,2026-02-21 02:00:00.011000+00:00
xyz:TSLA,0.0000062500,-0.0000258660,2026-02-21 03:00:00.063000+00:00
xyz:TSLA,-0.0000016314,-0.0003261020,2026-02-21 04:00:00.080000+00:00
xyz:TSLA,0.0000059028,-0.0002055557,2026-02-21 05:00:00.080000+00:00
xyz:TSLA,0.0000062500,0.0000868118,2026-02-21 06:00:00.034000+00:00
xyz:TSLA,0.0000062500,-0.0000567048,2026-02-21 07:00:00.068000+00:00
xyz:TSLA,0.0000061210,-0.0002020639,2026-02-21 08:00:00.035000+00:00
xyz:TSLA,0.0000002777,-0.0002955568,2026-02-21 09:00:00.020000+00:00
xyz:TSLA,-0.0000029544,-0.0003472709,2026-02-21 10:00:00.068000+00:00
xyz:TSLA,0.0000062500,0.0001108494,2026-02-21 11:00:00.028000+00:00
xyz:TSLA,0.0000062500,0.0000283402,2026-02-21 12:00:00.071000+00:00
xyz:TSLA,0.0000062500,0.0000807997,2026-02-21 13:00:00.019000+00:00
xyz:TSLA,0.0000062500,0.0001484507,2026-02-21 14:00:00+00:00
xyz:TSLA,0.0000062500,0.0001767216,2026-02-21 15:00:00.011000+00:00
xyz:TSLA,0.0000062500,0.0002452803,2026-02-21 16:00:00.010000+00:00
xyz:TSLA,0.0000062500,-0.0000041052,2026-02-21 17:00:00.060000+00:00
xyz:TSLA,0.0000062500,-0.0000983810,2026-02-21 18:00:00.086000+00:00
xyz:TSLA,0.0000062500,-0.0001164301,2026-02-21 19:00:00.111000+00:00
xyz:TSLA,0.0000062500,-0.0001496363,2026-02-21 20:00:00.048000+00:00
xyz:TSLA,-0.0000026014,-0.0003416227,2026-02-21 21:00:00.024000+00:00
xyz:TSLA,0.0000062500,-0.0000902657,2026-02-21 22:00:00.037000+00:00
xyz:TSLA,0.0000004117,-0.0002934127,2026-02-21 23:00:00.054000+00:00
xyz:TSLA,0.0000006104,-0.0002902332,2026-02-22 00:00:00.015000+00:00
xyz:TSLA,-0.0000046912,-0.0003750599,2026-02-22 01:00:00.084000+00:00
xyz:TSLA,0.0000062500,-0.0001524699,2026-02-22 02:00:00.046000+00:00
xyz:TSLA,0.0000062500,-0.0001022507,2026-02-22 03:00:00.056000+00:00
xyz:TSLA,0.0000062500,0.0000608302,2026-02-22 04:00:00.066000+00:00
xyz:TSLA,0.0000062500,0.0000074509,2026-02-22 05:00:00.123000+00:00
xyz:TSLA,0.0000062500,-0.0000478576,2026-02-22 06:00:00.012000+00:00
xyz:TSLA,0.0000062500,-0.0001299618,2026-02-22 07:00:00.039000+00:00
xyz:TSLA,-0.0000027152,-0.0003434437,2026-02-22 08:00:00.009000+00:00
xyz:TSLA,0.0000036567,-0.0002414935,2026-02-22 09:00:00.017000+00:00
xyz:TSLA,0.0000062500,-0.0001633560,2026-02-22 10:00:00.091000+00:00
xyz:TSLA,0.0000062500,0.0000853156,2026-02-22 11:00:00.056000+00:00
xyz:TSLA,0.0000062500,0.0002274729,2026-02-22 12:00:00.075000+00:00
xyz:TSLA,0.0000062500,0.0000211436,2026-02-22 13:00:00.038000+00:00
xyz:TSLA,0.0000062500,0.0000738885,2026-02-22 14:00:00.048000+00:00
xyz:TSLA,0.0000062500,-0.0000970082,2026-02-22 15:00:00.114000+00:00
xyz:TSLA,0.0000055305,-0.0002115119,2026-02-22 16:00:00.015000+00:00
xyz:TSLA,-0.0000038476,-0.0003615609,2026-02-22 17:00:00.036000+00:00
xyz:TSLA,0.0000049926,-0.0002201185,2026-02-22 18:00:00.075000+00:00
xyz:TSLA,0.0000059638,-0.0002045794,2026-02-22 19:00:00.006000+00:00
xyz:TSLA,0.0000062500,-0.0000638572,2026-02-22 20:00:00.029000+00:00
xyz:TSLA,0.0000062500,0.0001724544,2026-02-22 21:00:00+00:00
xyz:TSLA,0.0000062500,0.0000122206,2026-02-22 22:00:00.023000+00:00
xyz:TSLA,0.0000062500,-0.0001639805,2026-02-22 23:00:00.093000+00:00
xyz:TSLA,-0.0000328615,-0.0008257839,2026-02-23 00:00:00.016000+00:00
xyz:TSLA,-0.0001417793,-0.0025684685,2026-02-23 01:00:00.004000+00:00
xyz:TSLA,-0.0000095698,-0.0004531172,2026-02-23 02:00:00.025000+00:00
xyz:TSLA,-0.0000011438,-0.0003183003,2026-02-23 03:00:00.025000+00:00
xyz:TSLA,-0.0000034002,-0.0003544026,2026-02-23 04:00:00.028000+00:00
xyz:TSLA,-0.0000047289,-0.0003756617,2026-02-23 05:00:00.010000+00:00
xyz:TSLA,-0.0000005028,-0.0003080445,2026-02-23 06:00:00.078000+00:00
xyz:TSLA,-0.0000033706,-0.0003539292,2026-02-23 07:00:00.058000+00:00
xyz:TSLA,0.0000027316,-0.0002562938,2026-02-23 08:00:00.004000+00:00
xyz:TSLA,0.0000010786,-0.0002827423,2026-02-23 09:00:00.103000+00:00
xyz:TSLA,0.0000047353,-0.0002242353,2026-02-23 10:00:00.012000+00:00
xyz:TSLA,0.0000042220,-0.0002324486,2026-02-23 11:00:00.010000+00:00
xyz:TSLA,0.0000062500,-0.0001724404,2026-02-23 12:00:00.004000+00:00
xyz:TSLA,-0.0000048010,-0.0003768158,2026-02-23 13:00:00.080000+00:00
xyz:TSLA,0.0000062500,-0.0001882581,2026-02-23 14:00:00.028000+00:00
xyz:TSLA,0.0000054700,-0.0002124806,2026-02-23 15:00:00.059000+00:00
xyz:TSLA,0.0000062500,-0.0001304941,2026-02-23 16:00:00.045000+00:00
xyz:TSLA,0.0000062500,-0.0001403674,2026-02-23 17:00:00.042000+00:00
xyz:TSLA,0.0000062500,-0.0000848217,2026-02-23 18:00:00.076000+00:00
xyz:TSLA,0.0000062500,0.0000912932,2026-02-23 19:00:00.053000+00:00
xyz:TSLA,0.0000062500,0.0000880060,2026-02-23 20:00:00.017000+00:00
xyz:TSLA,0.0000062500,0.0001384814,2026-02-23 21:00:00.054000+00:00
xyz:TSLA,0.0000062500,-0.0000523718,2026-02-23 22:00:00.029000+00:00
xyz:TSLA,0.0000062500,0.0000131163,2026-02-23 23:00:00.037000+00:00
xyz:TSLA,0.0000062500,0.0001385750,2026-02-24 00:00:00.048000+00:00
xyz:TSLA,0.0000062500,0.0000905856,2026-02-24 01:00:00.134000+00:00
xyz:TSLA,0.0000062500,0.0001159842,2026-02-24 02:00:00.050000+00:00
xyz:TSLA,0.0000062500,0.0001071136,2026-02-24 03:00:00.046000+00:00
xyz:TSLA,0.0000062500,0.0001341838,2026-02-24 04:00:00.015000+00:00
xyz:TSLA,0.0000062500,0.0000391500,2026-02-24 05:00:00.026000+00:00
xyz:TSLA,0.0000062500,0.0000046071,2026-02-24 06:00:00.085000+00:00
xyz:TSLA,0.0000062500,-0.0000462935,2026-02-24 07:00:00.076000+00:00
xyz:TSLA,0.0000062500,-0.0000102051,2026-02-24 08:00:00.022000+00:00
xyz:TSLA,0.0000062500,0.0000339314,2026-02-24 09:00:00.048000+00:00
xyz:TSLA,0.0000062500,-0.0000383886,2026-02-24 10:00:00.044000+00:00
xyz:TSLA,0.0000062500,-0.0000650536,2026-02-24 11:00:00.020000+00:00
xyz:TSLA,0.0000062500,-0.0000002057,2026-02-24 12:00:00.025000+00:00
xyz:TSLA,0.0000062500,0.0000402670,2026-02-24 13:00:00.047000+00:00
xyz:TSLA,0.0000062500,0.0000075737,2026-02-24 14:00:00.060000+00:00
xyz:TSLA,0.0000062500,-0.0000181065,2026-02-24 15:00:00.057000+00:00
xyz:TSLA,0.0000062500,-0.0000512616,2026-02-24 16:00:00.005000+00:00
xyz:TSLA,0.0000062500,0.0000555346,2026-02-24 17:00:00.049000+00:00
xyz:TSLA,0.0000062500,0.0000168257,2026-02-24 18:00:00.022000+00:00
xyz:TSLA,0.0000062500,0.0000174853,2026-02-24 19:00:00.066000+00:00
xyz:TSLA,0.0000062500,0.0000345525,2026-02-24 20:00:00.026000+00:00
xyz:TSLA,0.0000062500,0.0000544138,2026-02-24 21:00:00.002000+00:00
xyz:TSLA,0.0000062500,0.0000093625,2026-02-24 22:00:00.030000+00:00
xyz:TSLA,0.0000062500,0.0000650701,2026-02-24 23:00:00.078000+00:00
xyz:TSLA,0.0000062500,-0.0001164402,2026-02-25 00:00:00.014000+00:00
xyz:TSLA,0.0000062500,-0.0001768691,2026-02-25 01:00:00.032000+00:00
xyz:TSLA,0.0000062500,-0.0000228477,2026-02-25 02:00:00.039000+00:00
xyz:TSLA,0.0000062500,-0.0000171477,2026-02-25 03:00:00.030000+00:00
xyz:TSLA,0.0000062500,-0.0000583311,2026-02-25 04:00:00.056000+00:00
xyz:TSLA,-0.0000045600,-0.0003729605,2026-02-25 05:00:00.028000+00:00
xyz:TSLA,0.0000062500,-0.0001891673,2026-02-25 06:00:00.061000+00:00
xyz:TSLA,0.0000062500,0.0001536804,2026-02-25 07:00:00+00:00
xyz:TSLA,0.0000062500,0.0000081310,2026-02-25 08:00:00.037000+00:00
xyz:TSLA,0.0000062500,-0.0001123216,2026-02-25 09:00:00.060000+00:00
xyz:TSLA,0.0000062500,-0.0000692096,2026-02-25 10:00:00.029000+00:00
xyz:TSLA,0.0000062500,0.0001378490,2026-02-25 11:00:00.055000+00:00
xyz:TSLA,0.0000062500,-0.0000237537,2026-02-25 12:00:00.008000+00:00
xyz:TSLA,0.0000062500,-0.0000016059,2026-02-25 13:00:00.008000+00:00
xyz:TSLA,0.0000062500,0.0000415385,2026-02-25 14:00:00.023000+00:00
xyz:TSLA,0.0000062500,0.0000083481,2026-02-25 15:00:00.051000+00:00
xyz:TSLA,0.0000062500,-0.0001219670,2026-02-25 16:00:00.012000+00:00
xyz:TSLA,0.0000062500,-0.0000051203,2026-02-25 17:00:00.075000+00:00
xyz:TSLA,0.0000062500,0.0001728024,2026-02-25 18:00:00.088000+00:00
xyz:TSLA,0.0000062500,0.0001531605,2026-02-25 19:00:00.128000+00:00
xyz:TSLA,0.0000062500,0.0001791428,2026-02-25 20:00:00.055000+00:00
xyz:TSLA,0.0000062500,0.0001805882,2026-02-25 21:00:00.015000+00:00
xyz:TSLA,0.0000062500,0.0000345356,2026-02-25 22:00:00+00:00
xyz:TSLA,0.0000062500,0.0000781218,2026-02-25 23:00:00.045000+00:00
xyz:TSLA,0.0000062500,0.0000935356,2026-02-26 00:00:00.036000+00:00
xyz:TSLA,0.0000021804,-0.0002651139,2026-02-26 01:00:00.091000+00:00
xyz:TSLA,0.0000031762,-0.0002491816,2026-02-26 02:00:00.018000+00:00
xyz:TSLA,0.0000062500,-0.0001890805,2026-02-26 03:00:00.060000+00:00
xyz:TSLA,0.0000030417,-0.0002513324,2026-02-26 04:00:00.013000+00:00
xyz:TSLA,0.0000062500,0.0001129230,2026-02-26 05:00:00.058000+00:00
xyz:TSLA,0.0000062500,0.0000369058,2026-02-26 06:00:00.099000+00:00
xyz:TSLA,0.0000062500,-0.0000608262,2026-02-26 07:00:00.021000+00:00
xyz:TSLA,0.0000062500,0.0002876720,2026-02-26 08:00:00.072000+00:00
xyz:TSLA,0.0000062500,0.0002940051,2026-02-26 09:00:00.076000+00:00
xyz:TSLA,0.0000062500,0.0002577895,2026-02-26 10:00:00.108000+00:00
xyz:TSLA,0.0000062500,0.0002606878,2026-02-26 11:00:00.073000+00:00
xyz:TSLA,0.0000062500,-0.0000267337,2026-02-26 12:00:00.041000+00:00
xyz:TSLA,0.0000062500,-0.0000163993,2026-02-26 13:00:00.051000+00:00
xyz:TSLA,0.0000062500,0.0001703864,2026-02-26 14:00:00.019000+00:00
xyz:TSLA,0.0000062500,0.0001160274,2026-02-26 15:00:00.033000+00:00
xyz:TSLA,0.0000062500,0.0000161133,2026-02-26 16:00:00.028000+00:00
xyz:TSLA,0.0000062500,0.0000293661,2026-02-26 17:00:00.027000+00:00
xyz:TSLA,0.0000062500,-0.0000128310,2026-02-26 18:00:00.023000+00:00
xyz:TSLA,0.0000062500,-0.0001004724,2026-02-26 19:00:00.009000+00:00
xyz:TSLA,0.0000062500,-0.0001293267,2026-02-26 20:00:00.035000+00:00
xyz:TSLA,0.0000062500,-0.0000499534,2026-02-26 21:00:00.019000+00:00
xyz:TSLA,0.0000062500,0.0001095366,2026-02-26 22:00:00.019000+00:00
xyz:TSLA,0.0000062500,-0.0000601322,2026-02-26 23:00:00.054000+00:00
xyz:TSLA,0.0000062500,0.0001118440,2026-02-27 00:00:00.001000+00:00
xyz:TSLA,0.0000062500,0.0002927153,2026-02-27 01:00:00.078000+00:00
xyz:TSLA,0.0000062500,0.0003216203,2026-02-27 02:00:00.016000+00:00
xyz:TSLA,0.0000062500,0.0003431952,2026-02-27 03:00:00.116000+00:00
xyz:TSLA,0.0000062500,0.0003437304,2026-02-27 04:00:00.057000+00:00
xyz:TSLA,0.0000062500,0.0001595594,2026-02-27 05:00:00.058000+00:00
xyz:TSLA,0.0000062500,0.0000322558,2026-02-27 06:00:00.053000+00:00
xyz:TSLA,0.0000062500,0.0000732069,2026-02-27 07:00:00.067000+00:00
xyz:TSLA,0.0000062500,-0.0001429946,2026-02-27 08:00:00.017000+00:00
xyz:TSLA,0.0000062500,-0.0000748216,2026-02-27 09:00:00.026000+00:00
xyz:TSLA,0.0000062500,-0.0000374436,2026-02-27 10:00:00.074000+00:00
xyz:TSLA,0.0000062500,0.0000320790,2026-02-27 11:00:00.078000+00:00
xyz:TSLA,0.0000062500,0.0000922864,2026-02-27 12:00:00.028000+00:00
xyz:TSLA,0.0000062500,-0.0000097379,2026-02-27 13:00:00.020000+00:00
xyz:TSLA,0.0000062500,-0.0001626023,2026-02-27 14:00:00.036000+00:00
xyz:TSLA,0.0000062500,-0.0000983827,2026-02-27 15:00:00.054000+00:00
xyz:TSLA,0.0000062500,0.0000997336,2026-02-27 16:00:00.132000+00:00
xyz:TSLA,0.0000062500,0.0001130622,2026-02-27 17:00:00.041000+00:00
xyz:TSLA,0.0000062500,0.0000207214,2026-02-27 18:00:00.037000+00:00
xyz:TSLA,0.0000062500,0.0001936010,2026-02-27 19:00:00.012000+00:00
xyz:TSLA,0.0000062500,0.0000928294,2026-02-27 20:00:00.028000+00:00
xyz:TSLA,0.0000062500,-0.0000657640,2026-02-27 21:00:00.037000+00:00
xyz:TSLA,0.0000062500,0.0002171126,2026-02-27 22:00:00.023000+00:00
xyz:TSLA,0.0000062500,0.0000913493,2026-02-27 23:00:00.014000+00:00
xyz:TSLA,0.0000062500,-0.0000706569,2026-02-28 00:00:00.086000+00:00
xyz:TSLA,0.0000021934,-0.0002649049,2026-02-28 01:00:00.090000+00:00
xyz:TSLA,-0.0000266002,-0.0007256035,2026-02-28 02:00:00.058000+00:00
xyz:TSLA,0.0000058169,-0.0002069292,2026-02-28 03:00:00.012000+00:00
xyz:TSLA,0.0000062500,0.0003581292,2026-02-28 04:00:00.088000+00:00
xyz:TSLA,-0.0000165207,-0.0005643311,2026-02-28 05:00:00.063000+00:00
xyz:TSLA,-0.0000062935,-0.0004006962,2026-02-28 06:00:00.065000+00:00
xyz:TSLA,-0.0000547923,-0.0011766768,2026-02-28 07:00:00.026000+00:00
xyz:TSLA,-0.0001107081,-0.0020713290,2026-02-28 08:00:00.028000+00:00
xyz:TSLA,-0.0001251424,-0.0023022790,2026-02-28 09:00:00.012000+00:00
xyz:TSLA,-0.0000638490,-0.0013215846,2026-02-28 10:00:00.008000+00:00
xyz:TSLA,-0.0000723162,-0.0014570597,2026-02-28 11:00:00.008000+00:00
xyz:TSLA,-0.0000436957,-0.0009991312,2026-02-28 12:00:00.032000+00:00
xyz:TSLA,-0.0000187989,-0.0006007820,2026-02-28 13:00:00.035000+00:00
xyz:TSLA,0.0000131445,0.0005103127,2026-02-28 14:00:00.033000+00:00
xyz:TSLA,0.0001005696,0.0019091138,2026-02-28 15:00:00.021000+00:00
xyz:TSLA,0.0000192922,0.0006086750,2026-02-28 16:00:00.041000+00:00
xyz:TSLA,0.0000062500,0.0000905474,2026-02-28 17:00:00.025000+00:00
xyz:TSLA,0.0000188832,0.0006021314,2026-02-28 18:00:00.015000+00:00
xyz:TSLA,0.0000193687,0.0006098991,2026-02-28 19:00:00.074000+00:00
xyz:TSLA,0.0000079238,0.0004267803,2026-02-28 20:00:00.039000+00:00
xyz:TSLA,0.0001719392,0.0030510276,2026-02-28 21:00:00.041000+00:00
xyz:TSLA,0.0001381802,0.0025108829,2026-02-28 22:00:00.035000+00:00
xyz:TSLA,0.0001298135,0.0023770162,2026-02-28 23:00:00.066000+00:00
xyz:TSLA,0.0000096289,0.0004540624,2026-03-01 00:00:00.168000+00:00
xyz:TSLA,-0.0000184345,-0.0005949518,2026-03-01 01:00:00.024000+00:00
xyz:TSLA,-0.0000014932,-0.0003238918,2026-03-01 02:00:00.052000+00:00
xyz:TSLA,0.0000180069,0.0005881110,2026-03-01 03:00:00.074000+00:00
xyz:TSLA,0.0000544472,0.0011711553,2026-03-01 04:00:00.034000+00:00
xyz:TSLA,0.0000543836,0.0011701374,2026-03-01 05:00:00.052000+00:00
xyz:TSLA,0.0000167632,0.0005682111,2026-03-01 06:00:00.071000+00:00
xyz:TSLA,0.0000069779,0.0004116471,2026-03-01 07:00:00.018000+00:00
xyz:TSLA,0.0000062500,0.0003340697,2026-03-01 08:00:00.093000+00:00
xyz:TSLA,-0.0000058644,-0.0003938307,2026-03-01 09:00:00.017000+00:00
xyz:TSLA,-0.0000410991,-0.0009575855,2026-03-01 10:00:00.018000+00:00
xyz:TSLA,-0.0000441963,-0.0010071406,2026-03-01 11:00:00.017000+00:00
xyz:TSLA,-0.0000120764,-0.0004932226,2026-03-01 12:00:00.039000+00:00
xyz:TSLA,-0.0000078742,-0.0004259879,2026-03-01 13:00:00.054000+00:00
xyz:TSLA,0.0000019889,-0.0002681775,2026-03-01 14:00:00.029000+00:00
xyz:TSLA,-0.0000454161,-0.0010266572,2026-03-01 15:00:00.027000+00:00
xyz:TSLA,-0.0000237449,-0.0006799191,2026-03-01 16:00:00.018000+00:00
xyz:TSLA,0.0000053205,-0.0002148714,2026-03-01 17:00:00.120000+00:00
xyz:TSLA,0.0000004894,-0.0002921690,2026-03-01 18:00:00.070000+00:00
xyz:TSLA,0.0000062500,0.0001980669,2026-03-01 19:00:00.062000+00:00
xyz:TSLA,0.0000021188,-0.0002660988,2026-03-01 20:00:00.026000+00:00
xyz:TSLA,-0.0001224946,-0.0022599142,2026-03-01 21:00:00.065000+00:00
xyz:TSLA,-0.0000907247,-0.0017515946,2026-03-01 22:00:00.085000+00:00
xyz:TSLA,-0.0000868046,-0.0016888730,2026-03-01 23:00:00.005000+00:00
xyz:TSLA,-0.0000094644,-0.0004514312,2026-03-02 00:00:00.044000+00:00
xyz:TSLA,0.0000062500,0.0003013896,2026-03-02 01:00:00.048000+00:00
xyz:TSLA,0.0000155413,0.0005486610,2026-03-02 02:00:00.044000+00:00
xyz:TSLA,0.0000201023,0.0006216371,2026-03-02 03:00:00.063000+00:00
xyz:TSLA,0.0000288734,0.0007619739,2026-03-02 04:00:00.048000+00:00
xyz:TSLA,0.0000368917,0.0008902675,2026-03-02 05:00:00.071000+00:00
xyz:TSLA,0.0000253595,0.0007057521,2026-03-02 06:00:00.062000+00:00
xyz:TSLA,0.0000267494,0.0007279911,2026-03-02 07:00:00.054000+00:00
xyz:TSLA,0.0000142136,0.0005274170,2026-03-02 08:00:00.003000+00:00
xyz:TSLA,0.0000180057,0.0005880919,2026-03-02 09:00:00.091000+00:00
xyz:TSLA,0.0000062500,0.0001551148,2026-03-02 10:00:00.007000+00:00
xyz:TSLA,0.0000062500,0.0003562947,2026-03-02 11:00:00.019000+00:00
xyz:TSLA,0.0000062500,0.0003597412,2026-03-02 12:00:00.016000+00:00
xyz:TSLA,0.0000153639,0.0005458217,2026-03-02 13:00:00.034000+00:00
xyz:TSLA,0.0000062500,0.0003722795,2026-03-02 14:00:00.035000+00:00
xyz:TSLA,0.0000103817,0.0004661072,2026-03-02 15:00:00.070000+00:00
xyz:TSLA,0.0000062500,0.0001880891,2026-03-02 16:00:00.053000+00:00
xyz:TSLA,-0.0000002221,-0.0003035531,2026-03-02 17:00:00.086000+00:00
xyz:TSLA,-0.0000015244,-0.0003243900,2026-03-02 18:00:00.025000+00:00
xyz:TSLA,0.0000062500,0.0000981813,2026-03-02 19:00:00.044000+00:00
xyz:TSLA,0.0000062500,0.0001818140,2026-03-02 20:00:00.120000+00:00
xyz:TSLA,0.0000062500,0.0002008793,2026-03-02 21:00:00.038000+00:00
xyz:TSLA,0.0000062500,0.0000498814,2026-03-02 22:00:00.033000+00:00
xyz:TSLA,0.0000062500,-0.0000576064,2026-03-02 23:00:00.068000+00:00
xyz:TSLA,0.0000062500,-0.0000680841,2026-03-03 00:00:00.062000+00:00
xyz:TSLA,0.0000062500,0.0000671939,2026-03-03 01:00:00.052000+00:00
xyz:TSLA,0.0000062500,0.0002393011,2026-03-03 02:00:00.011000+00:00
xyz:TSLA,0.0000062500,0.0001857488,2026-03-03 03:00:00.058000+00:00
xyz:TSLA,0.0000062500,0.0000316111,2026-03-03 04:00:00.010000+00:00
xyz:TSLA,0.0000062500,0.0001595117,2026-03-03 05:00:00.074000+00:00
xyz:TSLA,0.0000062500,0.0001782249,2026-03-03 06:00:00.050000+00:00
xyz:TSLA,0.0000062500,0.0000589065,2026-03-03 07:00:00.069000+00:00
xyz:TSLA,0.0000062500,-0.0000887503,2026-03-03 08:00:00.009000+00:00
xyz:TSLA,0.0000062500,-0.0000326887,2026-03-03 09:00:00.114000+00:00
xyz:TSLA,0.0000062500,0.0000286748,2026-03-03 10:00:00.046000+00:00
xyz:TSLA,0.0000062500,0.0001584007,2026-03-03 11:00:00.006000+00:00
xyz:TSLA,0.0000062500,0.0001304255,2026-03-03 12:00:00.013000+00:00
xyz:TSLA,0.0000062500,0.0001188133,2026-03-03 13:00:00.012000+00:00
xyz:TSLA,0.0000062500,0.0000364912,2026-03-03 14:00:00.039000+00:00
xyz:TSLA,0.0000062500,0.0000851986,2026-03-03 15:00:00.007000+00:00
xyz:TSLA,0.0000062500,0.0000994818,2026-03-03 16:00:00.004000+00:00
xyz:TSLA,0.0000062500,0.0001443803,2026-03-03 17:00:00.041000+00:00
xyz:TSLA,0.0000062500,0.0001293498,2026-03-03 18:00:00.015000+00:00
xyz:TSLA,0.0000062500,0.0001136217,2026-03-03 19:00:00.049000+00:00
xyz:TSLA,0.0000062500,0.0000714135,2026-03-03 20:00:00.007000+00:00
xyz:TSLA,0.0000062500,0.0000435203,2026-03-03 21:00:00.014000+00:00
xyz:TSLA,0.0000062500,0.0002232328,2026-03-03 22:00:00.070000+00:00
xyz:TSLA,0.0000062500,0.0002813814,2026-03-03 23:00:00.016000+00:00
xyz:TSLA,0.0000062500,0.0001956531,2026-03-04 00:00:00.034000+00:00
xyz:TSLA,0.0000062500,0.0001675747,2026-03-04 01:00:00.049000+00:00
xyz:TSLA,0.0000062500,0.0002555493,2026-03-04 02:00:00.060000+00:00
xyz:TSLA,0.0000062500,0.0000312159,2026-03-04 03:00:00.052000+00:00
xyz:TSLA,0.0000062500,-0.0001423719,2026-03-04 04:00:00.001000+00:00
xyz:TSLA,0.0000011755,-0.0002811919,2026-03-04 05:00:00.064000+00:00
xyz:TSLA,-0.0000044696,-0.0003715139,2026-03-04 06:00:00.079000+00:00
xyz:TSLA,0.0000009262,-0.0002851810,2026-03-04 07:00:00.095000+00:00
xyz:TSLA,-0.0000187536,-0.0006000578,2026-03-04 08:00:00.047000+00:00
xyz:TSLA,-0.0000013679,-0.0003218866,2026-03-04 09:00:00.010000+00:00
xyz:TSLA,0.0000062500,0.0000497909,2026-03-04 10:00:00.069000+00:00
xyz:TSLA,0.0000062500,-0.0000357928,2026-03-04 11:00:00.024000+00:00
xyz:TSLA,-0.0000032879,-0.0003526067,2026-03-04 12:00:00.133000+00:00
xyz:TSLA,0.0000002481,-0.0002960309,2026-03-04 13:00:00.019000+00:00
xyz:TSLA,0.0000039567,-0.0002366921,2026-03-04 14:00:00.036000+00:00
xyz:TSLA,0.0000062500,-0.0001904559,2026-03-04 15:00:00.023000+00:00
xyz:TSLA,0.0000062500,-0.0001574441,2026-03-04 16:00:00.011000+00:00
xyz:TSLA,0.0000062500,-0.0000720840,2026-03-04 17:00:00.095000+00:00
xyz:TSLA,0.0000062500,-0.0000548405,2026-03-04 18:00:00.092000+00:00
xyz:TSLA,0.0000062500,-0.0001294322,2026-03-04 19:00:00.093000+00:00
xyz:TSLA,0.0000062500,-0.0001162259,2026-03-04 20:00:00.047000+00:00
xyz:TSLA,0.0000062500,-0.0001437297,2026-03-04 21:00:00.048000+00:00
xyz:TSLA,0.0000062500,-0.0000258144,2026-03-04 22:00:00.024000+00:00
xyz:TSLA,0.0000027725,-0.0002556398,2026-03-04 23:00:00.045000+00:00
xyz:TSLA,-0.0000031434,-0.0003502936,2026-03-05 00:00:00.022000+00:00
xyz:TSLA,0.0000026654,-0.0002573530,2026-03-05 01:00:00.018000+00:00
xyz:TSLA,0.0000010364,-0.0002834177,2026-03-05 02:00:00.139000+00:00
xyz:TSLA,-0.0000006857,-0.0003109713,2026-03-05 03:00:00.019000+00:00
xyz:TSLA,0.0000062500,-0.0001138071,2026-03-05 04:00:00.027000+00:00
xyz:TSLA,0.0000062500,-0.0001422907,2026-03-05 05:00:00.001000+00:00
xyz:TSLA,0.0000062500,-0.0000752428,2026-03-05 06:00:00.037000+00:00
xyz:TSLA,0.0000062500,0.0000585991,2026-03-05 07:00:00.091000+00:00
xyz:TSLA,0.0000062500,-0.0001944376,2026-03-05 08:00:00.033000+00:00
xyz:TSLA,0.0000062500,0.0000207258,2026-03-05 09:00:00.063000+00:00
xyz:TSLA,0.0000019940,-0.0002680966,2026-03-05 10:00:00.091000+00:00
xyz:TSLA,0.0000062500,0.0000678868,2026-03-05 11:00:00.017000+00:00
xyz:TSLA,0.0000062500,-0.0001633727,2026-03-05 12:00:00.003000+00:00
xyz:TSLA,0.0000062500,0.0000438444,2026-03-05 13:00:00.009000+00:00
xyz:TSLA,0.0000062500,-0.0000292150,2026-03-05 14:00:00.024000+00:00
xyz:TSLA,0.0000062500,-0.0000480657,2026-03-05 15:00:00.039000+00:00
xyz:TSLA,0.0000062500,-0.0001832808,2026-03-05 16:00:00.034000+00:00
xyz:TSLA,0.0000062500,-0.0000274562,2026-03-05 17:00:00.083000+00:00
xyz:TSLA,0.0000062500,0.0000595321,2026-03-05 18:00:00.048000+00:00
xyz:TSLA,0.0000062500,-0.0000398903,2026-03-05 19:00:00.052000+00:00
xyz:TSLA,0.0000062500,-0.0001350872,2026-03-05 20:00:00.073000+00:00
xyz:TSLA,0.0000062500,-0.0001311811,2026-03-05 21:00:00.042000+00:00
xyz:TSLA,0.0000055900,-0.0002105593,2026-03-05 22:00:00.028000+00:00
xyz:TSLA,-0.0000053723,-0.0003859569,2026-03-05 23:00:00.029000+00:00
xyz:TSLA,0.0000035792,-0.0002427328,2026-03-06 00:00:00.030000+00:00
xyz:TSLA,-0.0000107545,-0.0004720717,2026-03-06 01:00:00.082000+00:00
xyz:TSLA,0.0000051769,-0.0002171691,2026-03-06 02:00:00.006000+00:00
xyz:TSLA,-0.0000006346,-0.0003101533,2026-03-06 03:00:00.079000+00:00
xyz:TSLA,0.0000051196,-0.0002180871,2026-03-06 04:00:00.026000+00:00
xyz:TSLA,0.0000005722,-0.0002908445,2026-03-06 05:00:00.112000+00:00
xyz:TSLA,-0.0000082610,-0.0004321764,2026-03-06 06:00:00.019000+00:00
xyz:TSLA,0.0000004972,-0.0002920442,2026-03-06 07:00:00.028000+00:00
xyz:TSLA,0.0000062500,-0.0001711797,2026-03-06 08:00:00.021000+00:00
xyz:TSLA,0.0000039780,-0.0002363523,2026-03-06 09:00:00.022000+00:00
xyz:TSLA,-0.0000023469,-0.0003375502,2026-03-06 10:00:00.031000+00:00
xyz:TSLA,0.0000054161,-0.0002133420,2026-03-06 11:00:00.036000+00:00
xyz:TSLA,-0.0000066517,-0.0004064274,2026-03-06 12:00:00.052000+00:00
xyz:TSLA,0.0000030325,-0.0002514802,2026-03-06 13:00:00.052000+00:00
xyz:TSLA,0.0000062500,-0.0001848381,2026-03-06 14:00:00.033000+00:00
xyz:TSLA,0.0000054730,-0.0002124324,2026-03-06 15:00:00.037000+00:00
xyz:TSLA,0.0000062500,-0.0000081488,2026-03-06 16:00:00.062000+00:00
xyz:TSLA,0.0000062500,-0.0001872326,2026-03-06 17:00:00.089000+00:00
xyz:TSLA,-0.0000104619,-0.0004673900,2026-03-06 18:00:00.056000+00:00
xyz:TSLA,-0.0000170831,-0.0005733293,2026-03-06 19:00:00.066000+00:00
xyz:TSLA,0.0000062500,-0.0000616979,2026-03-06 20:00:00.046000+00:00
xyz:TSLA,0.0000062500,-0.0000686587,2026-03-06 21:00:00.021000+00:00
xyz:TSLA,0.0000062500,-0.0000323959,2026-03-06 22:00:00.046000+00:00
xyz:TSLA,0.0000062500,-0.0000188306,2026-03-06 23:00:00.092000+00:00
xyz:TSLA,0.0000062500,0.0001746838,2026-03-07 00:00:00.061000+00:00
xyz:TSLA,0.0000062500,0.0003551635,2026-03-07 01:00:00.027000+00:00
xyz:TSLA,0.0000047607,-0.0002238293,2026-03-07 02:00:00.050000+00:00
xyz:TSLA,-0.0000215181,-0.0006442900,2026-03-07 03:00:00.045000+00:00
xyz:TSLA,-0.0000133034,-0.0005128537,2026-03-07 04:00:00.014000+00:00
xyz:TSLA,-0.0000066603,-0.0004065645,2026-03-07 05:00:00.052000+00:00
xyz:TSLA,-0.0000216289,-0.0006460624,2026-03-07 06:00:00.070000+00:00
xyz:TSLA,-0.0000077488,-0.0004239805,2026-03-07 07:00:00.068000+00:00
xyz:TSLA,0.0000062500,-0.0000796891,2026-03-07 08:00:00.015000+00:00
xyz:TSLA,0.0000474063,0.0010585010,2026-03-07 09:00:00.005000+00:00
xyz:TSLA,0.0000098585,0.0004577367,2026-03-07 10:00:00.014000+00:00
xyz:TSLA,-0.0000082081,-0.0004313295,2026-03-07 11:00:00.002000+00:00
xyz:TSLA,0.0000024666,-0.0002605339,2026-03-07 12:00:00.031000+00:00
xyz:TSLA,0.0000055201,-0.0002116778,2026-03-07 13:00:00.033000+00:00
xyz:TSLA,-0.0000102823,-0.0004645161,2026-03-07 14:00:00.084000+00:00
xyz:TSLA,-0.0000228374,-0.0006653976,2026-03-07 15:00:00.012000+00:00
xyz:TSLA,-0.0000060163,-0.0003962608,2026-03-07 16:00:00.014000+00:00
xyz:TSLA,0.0000062500,0.0003885162,2026-03-07 17:00:00.077000+00:00
xyz:TSLA,0.0000062500,0.0001569524,2026-03-07 18:00:00.110000+00:00
xyz:TSLA,-0.0000222789,-0.0006564624,2026-03-07 19:00:00.003000+00:00
xyz:TSLA,-0.0000749942,-0.0014999066,2026-03-07 20:00:00.010000+00:00
xyz:TSLA,-0.0000029524,-0.0003472387,2026-03-07 21:00:00.135000+00:00
xyz:TSLA,0.0000015855,-0.0002746321,2026-03-07 22:00:00.082000+00:00
xyz:TSLA,0.0000084668,0.0004354682,2026-03-07 23:00:00.068000+00:00
xyz:TSLA,0.0000108329,0.0004733265,2026-03-08 00:00:00.002000+00:00
xyz:TSLA,0.0000062500,0.0002000302,2026-03-08 01:00:00.030000+00:00
xyz:TSLA,-0.0000166407,-0.0005662516,2026-03-08 02:00:00.003000+00:00
xyz:TSLA,-0.0000431506,-0.0009904091,2026-03-08 03:00:00.042000+00:00
xyz:TSLA,-0.0000346553,-0.0008544853,2026-03-08 04:00:00.001000+00:00
xyz:TSLA,-0.0000003068,-0.0003049087,2026-03-08 05:00:00.024000+00:00
xyz:TSLA,0.0000079964,0.0004279424,2026-03-08 06:00:00.045000+00:00
xyz:TSLA,0.0000062500,0.0002640132,2026-03-08 07:00:00.036000+00:00
xyz:TSLA,0.0000324407,0.0008190514,2026-03-08 08:00:00.041000+00:00
xyz:TSLA,-0.0000096977,-0.0004551633,2026-03-08 09:00:00.029000+00:00
xyz:TSLA,-0.0000377315,-0.0009037039,2026-03-08 10:00:00.035000+00:00
xyz:TSLA,0.0000062500,0.0002702581,2026-03-08 11:00:00.036000+00:00
xyz:TSLA,-0.0000178461,-0.0005855382,2026-03-08 12:00:00.021000+00:00
xyz:TSLA,-0.0000723968,-0.0014583487,2026-03-08 13:00:00.049000+00:00
xyz:TSLA,-0.0000405481,-0.0009487694,2026-03-08 14:00:00.061000+00:00
xyz:TSLA,0.0000011522,-0.0002815654,2026-03-08 15:00:00.088000+00:00
xyz:TSLA,-0.0000070141,-0.0004122261,2026-03-08 16:00:00.024000+00:00
xyz:TSLA,-0.0000364602,-0.0008833631,2026-03-08 17:00:00.018000+00:00
xyz:TSLA,-0.0000300203,-0.0007803251,2026-03-08 18:00:00.004000+00:00
xyz:TSLA,-0.0000177341,-0.0005837463,2026-03-08 19:00:00+00:00
xyz:TSLA,0.0000029588,-0.0002526589,2026-03-08 20:00:00.074000+00:00
xyz:TSLA,0.0000046435,-0.0002257040,2026-03-08 21:00:00.003000+00:00
xyz:TSLA,0.0000062500,0.0002788747,2026-03-08 22:00:00.038000+00:00
xyz:TSLA,-0.0001421016,-0.0025736260,2026-03-08 23:00:00.057000+00:00
xyz:TSLA,-0.0002171941,-0.0037751056,2026-03-09 00:00:00.091000+00:00
xyz:TSLA,-0.0000285687,-0.0007571000,2026-03-09 01:00:00.052000+00:00
xyz:TSLA,-0.0000099783,-0.0004596522,2026-03-09 02:00:00.016000+00:00
xyz:TSLA,-0.0000341009,-0.0008456141,2026-03-09 03:00:00.012000+00:00
xyz:TSLA,0.0000009975,-0.0002840401,2026-03-09 04:00:00.030000+00:00
xyz:TSLA,0.0000062500,-0.0001155957,2026-03-09 05:00:00.088000+00:00
xyz:TSLA,0.0000062500,-0.0001669690,2026-03-09 06:00:00.070000+00:00
xyz:TSLA,0.0000062500,-0.0001018267,2026-03-09 07:00:00.026000+00:00
xyz:TSLA,-0.0000027039,-0.0003432619,2026-03-09 08:00:00.094000+00:00
xyz:TSLA,0.0000003255,-0.0002947920,2026-03-09 09:00:00.114000+00:00
xyz:TSLA,0.0000062500,0.0001724485,2026-03-09 10:00:00.108000+00:00
xyz:TSLA,0.0000062500,0.0000824935,2026-03-09 11:00:00.050000+00:00
xyz:TSLA,0.0000062500,-0.0000481999,2026-03-09 12:00:00.051000+00:00
xyz:TSLA,0.0000062500,0.0000506136,2026-03-09 13:00:00.073000+00:00
xyz:TSLA,0.0000062500,0.0002717604,2026-03-09 14:00:00.061000+00:00
xyz:TSLA,0.0000062500,-0.0000642708,2026-03-09 15:00:00.084000+00:00
xyz:TSLA,0.0000062500,-0.0000128416,2026-03-09 16:00:00.075000+00:00
xyz:TSLA,0.0000062500,-0.0000109372,2026-03-09 17:00:00.049000+00:00
xyz:TSLA,0.0000052484,-0.0002160249,2026-03-09 18:00:00.036000+00:00
xyz:TSLA,0.0000062500,-0.0001578632,2026-03-09 19:00:00.053000+00:00
xyz:TSLA,0.0000062500,0.0000095385,2026-03-09 20:00:00.002000+00:00
xyz:TSLA,0.0000062500,0.0000708623,2026-03-09 21:00:00.074000+00:00
xyz:TSLA,0.0000062500,0.0000185450,2026-03-09 22:00:00.010000+00:00
xyz:TSLA,0.0000062500,-0.0000382416,2026-03-09 23:00:00.038000+00:00
xyz:TSLA,0.0000062500,-0.0001988273,2026-03-10 00:00:00.042000+00:00
xyz:TSLA,0.0000062500,-0.0000036650,2026-03-10 01:00:00.084000+00:00
xyz:TSLA,0.0000049536,-0.0002207422,2026-03-10 02:00:00.013000+00:00
xyz:TSLA,0.0000062500,-0.0001062080,2026-03-10 03:00:00.052000+00:00
xyz:TSLA,0.0000058251,-0.0002067982,2026-03-10 04:00:00.041000+00:00
xyz:TSLA,0.0000029556,-0.0002527097,2026-03-10 05:00:00.054000+00:00
xyz:TSLA,0.0000062500,-0.0001949856,2026-03-10 06:00:00.137000+00:00
xyz:TSLA,0.0000050084,-0.0002198652,2026-03-10 07:00:00.065000+00:00
xyz:TSLA,0.0000042019,-0.0002327697,2026-03-10 08:00:00.052000+00:00
xyz:TSLA,-0.0000010831,-0.0003173298,2026-03-10 09:00:00.017000+00:00
xyz:TSLA,-0.0000049361,-0.0003789769,2026-03-10 10:00:00.060000+00:00
xyz:TSLA,0.0000062500,-0.0000622167,2026-03-10 11:00:00.011000+00:00
xyz:TSLA,0.0000062500,-0.0000177608,2026-03-10 12:00:00.038000+00:00
xyz:TSLA,0.0000062500,0.0000881114,2026-03-10 13:00:00.061000+00:00
xyz:TSLA,0.0000062500,-0.0000593511,2026-03-10 14:00:00.027000+00:00
xyz:TSLA,0.0000062500,-0.0000768115,2026-03-10 15:00:00.083000+00:00
xyz:TSLA,0.0000062500,-0.0000690109,2026-03-10 16:00:00.045000+00:00
xyz:TSLA,0.0000062500,-0.0001678742,2026-03-10 17:00:00.004000+00:00
xyz:TSLA,0.0000062500,-0.0001974457,2026-03-10 18:00:00.018000+00:00
xyz:TSLA,0.0000057472,-0.0002080449,2026-03-10 19:00:00.049000+00:00
xyz:TSLA,0.0000021992,-0.0002648131,2026-03-10 20:00:00.050000+00:00
xyz:TSLA,0.0000012420,-0.0002801278,2026-03-10 21:00:00.058000+00:00
xyz:TSLA,0.0000058474,-0.0002064420,2026-03-10 22:00:00.068000+00:00
xyz:TSLA,-0.0000014943,-0.0003239087,2026-03-10 23:00:00.061000+00:00
xyz:TSLA,-0.0000050988,-0.0003815811,2026-03-11 00:00:00.088000+00:00
xyz:TSLA,0.0000033792,-0.0002459325,2026-03-11 01:00:00.002000+00:00
xyz:TSLA,0.0000062500,-0.0001908250,2026-03-11 02:00:00.098000+00:00
xyz:TSLA,0.0000062500,0.0001793105,2026-03-11 03:00:00.016000+00:00
xyz:TSLA,0.0000062500,-0.0000894460,2026-03-11 04:00:00.038000+00:00
xyz:TSLA,-0.0000052763,-0.0003844216,2026-03-11 05:00:00.075000+00:00
xyz:TSLA,-0.0000038939,-0.0003623030,2026-03-11 06:00:00.135000+00:00
xyz:TSLA,0.0000062500,-0.0001708763,2026-03-11 07:00:00.014000+00:00
xyz:TSLA,0.0000062500,-0.0001241580,2026-03-11 08:00:00.056000+00:00
xyz:TSLA,0.0000062500,-0.0001790259,2026-03-11 09:00:00.082000+00:00
xyz:TSLA,-0.0000019903,-0.0003318448,2026-03-11 10:00:00.084000+00:00
xyz:TSLA,0.0000062500,-0.0001256180,2026-03-11 11:00:00.001000+00:00
xyz:TSLA,0.0000027757,-0.0002555891,2026-03-11 12:00:00.013000+00:00
xyz:TSLA,0.0000023126,-0.0002629980,2026-03-11 13:00:00.063000+00:00
xyz:TSLA,0.0000062500,-0.0001367481,2026-03-11 14:00:00.004000+00:00
xyz:TSLA,0.0000043468,-0.0002304509,2026-03-11 15:00:00.051000+00:00
xyz:TSLA,-0.0000045939,-0.0003735023,2026-03-11 16:00:00.065000+00:00
xyz:TSLA,0.0000025790,-0.0002587359,2026-03-11 17:00:00.068000+00:00
xyz:TSLA,-0.0000019233,-0.0003307728,2026-03-11 18:00:00.102000+00:00
xyz:TSLA,0.0000062500,-0.0001842870,2026-03-11 19:00:00.082000+00:00
xyz:TSLA,0.0000024968,-0.0002600518,2026-03-11 20:00:00.026000+00:00
xyz:TSLA,-0.0000038808,-0.0003620930,2026-03-11 21:00:00.008000+00:00
xyz:TSLA,-0.0000039938,-0.0003639008,2026-03-11 22:00:00.035000+00:00
xyz:TSLA,-0.0000114618,-0.0004833888,2026-03-11 23:00:00.069000+00:00
xyz:TSLA,-0.0000052634,-0.0003842139,2026-03-12 00:00:00.084000+00:00
xyz:TSLA,-0.0000080887,-0.0004294200,2026-03-12 01:00:00.006000+00:00
xyz:TSLA,-0.0000028371,-0.0003453941,2026-03-12 02:00:00.080000+00:00
xyz:TSLA,-0.0000153599,-0.0005457585,2026-03-12 03:00:00.036000+00:00
xyz:TSLA,-0.0000281144,-0.0007498305,2026-03-12 04:00:00.065000+00:00
xyz:TSLA,-0.0000257214,-0.0007115425,2026-03-12 05:00:00.094000+00:00
xyz:TSLA,-0.0000260513,-0.0007168212,2026-03-12 06:00:00.108000+00:00
xyz:TSLA,-0.0000068336,-0.0004093377,2026-03-12 07:00:00.046000+00:00
xyz:TSLA,0.0000062500,-0.0001717496,2026-03-12 08:00:00.068000+00:00
xyz:TSLA,-0.0000009283,-0.0003148525,2026-03-12 09:00:00.063000+00:00
xyz:TSLA,0.0000062500,-0.0001958564,2026-03-12 10:00:00.013000+00:00
xyz:TSLA,0.0000062500,-0.0001882893,2026-03-12 11:00:00.017000+00:00
xyz:TSLA,0.0000006363,-0.0002898187,2026-03-12 12:00:00.106000+00:00
xyz:TSLA,-0.0000044023,-0.0003704360,2026-03-12 13:00:00.062000+00:00
xyz:TSLA,-0.0000020154,-0.0003322460,2026-03-12 14:00:00.110000+00:00
xyz:TSLA,0.0000017277,-0.0002723561,2026-03-12 15:00:00.024000+00:00
xyz:TSLA,0.0000062500,-0.0001544201,2026-03-12 16:00:00.064000+00:00
xyz:TSLA,0.0000039226,-0.0002372391,2026-03-12 17:00:00.004000+00:00
xyz:TSLA,0.0000043596,-0.0002302459,2026-03-12 18:00:00.004000+00:00
xyz:TSLA,0.0000029444,-0.0002528904,2026-03-12 19:00:00.025000+00:00
xyz:TSLA,0.0000062500,-0.0001653844,2026-03-12 20:00:00.165000+00:00
xyz:TSLA,0.0000062500,-0.0001073968,2026-03-12 21:00:00.073000+00:00
xyz:TSLA,0.0000062500,-0.0000596422,2026-03-12 22:00:00.071000+00:00
xyz:TSLA,0.0000062500,0.0000887047,2026-03-12 23:00:00.070000+00:00
xyz:TSLA,0.0000062500,0.0001281957,2026-03-13 00:00:00.061000+00:00
xyz:TSLA,0.0000062500,0.0000042822,2026-03-13 01:00:00.032000+00:00
xyz:TSLA,-0.0000261451,-0.0007183209,2026-03-13 02:00:00.025000+00:00
xyz:TSLA,-0.0000153057,-0.0005448908,2026-03-13 03:00:00.021000+00:00
xyz:TSLA,-0.0000128220,-0.0005051515,2026-03-13 04:00:00.099000+00:00
xyz:TSLA,-0.0000068537,-0.0004096591,2026-03-13 05:00:00.089000+00:00
xyz:TSLA,-0.0000107231,-0.0004715701,2026-03-13 06:00:00.064000+00:00
xyz:TSLA,-0.0000164021,-0.0005624339,2026-03-13 07:00:00.082000+00:00
xyz:TSLA,0.0000005244,-0.0002916104,2026-03-13 08:00:00.016000+00:00
xyz:TSLA,0.0000046736,-0.0002252217,2026-03-13 09:00:00.045000+00:00
xyz:TSLA,0.0000062500,-0.0001019981,2026-03-13 10:00:00.034000+00:00
xyz:TSLA,-0.0000052130,-0.0003834077,2026-03-13 11:00:00.010000+00:00
xyz:TSLA,0.0000062500,-0.0001815648,2026-03-13 12:00:00.009000+00:00
xyz:TSLA,0.0000003846,-0.0002938459,2026-03-13 13:00:00.059000+00:00
xyz:TSLA,0.0000058728,-0.0002060353,2026-03-13 14:00:00.032000+00:00
xyz:TSLA,0.0000029131,-0.0002533911,2026-03-13 15:00:00.021000+00:00
xyz:TSLA,0.0000027681,-0.0002557104,2026-03-13 16:00:00.051000+00:00
xyz:TSLA,0.0000058050,-0.0002071204,2026-03-13 17:00:00.044000+00:00
xyz:TSLA,0.0000011586,-0.0002814628,2026-03-13 18:00:00.052000+00:00
xyz:TSLA,0.0000035950,-0.0002424805,2026-03-13 19:00:00.006000+00:00
xyz:TSLA,-0.0000014938,-0.0003239003,2026-03-13 20:00:00.021000+00:00
xyz:TSLA,0.0000019350,-0.0002690401,2026-03-13 21:00:00.092000+00:00
xyz:TSLA,-0.0000088141,-0.0004410252,2026-03-13 22:00:00.005000+00:00
xyz:TSLA,-0.0000084144,-0.0004346297,2026-03-13 23:00:00.109000+00:00
xyz:TSLA,-0.0000108420,-0.0004734727,2026-03-14 00:00:00.044000+00:00
xyz:TSLA,0.0000028284,-0.0002547462,2026-03-14 01:00:00.094000+00:00
xyz:TSLA,-0.0000042853,-0.0003685641,2026-03-14 02:00:00.100000+00:00
xyz:TSLA,-0.0000223271,-0.0006572337,2026-03-14 03:00:00.013000+00:00
xyz:TSLA,-0.0000007109,-0.0003113749,2026-03-14 04:00:00.019000+00:00
xyz:TSLA,0.0000062500,0.0000979209,2026-03-14 05:00:00.095000+00:00
xyz:TSLA,0.0000062500,0.0001720621,2026-03-14 06:00:00.072000+00:00
xyz:TSLA,0.0000062500,-0.0000439604,2026-03-14 07:00:00.036000+00:00
xyz:TSLA,0.0000062500,0.0001227742,2026-03-14 08:00:00.041000+00:00
xyz:TSLA,-0.0000340544,-0.0008448707,2026-03-14 09:00:00.025000+00:00
xyz:TSLA,-0.0000310993,-0.0007975889,2026-03-14 10:00:00.098000+00:00
xyz:TSLA,0.0000048621,-0.0002222061,2026-03-14 11:00:00.047000+00:00
xyz:TSLA,0.0000062500,0.0002038317,2026-03-14 12:00:00.020000+00:00
xyz:TSLA,0.0000062500,0.0000900107,2026-03-14 13:00:00.042000+00:00
xyz:TSLA,0.0000062500,0.0003741034,2026-03-14 14:00:00.076000+00:00
xyz:TSLA,0.0000065359,0.0004045739,2026-03-14 15:00:00.009000+00:00
xyz:TSLA,0.0000062500,0.0000464031,2026-03-14 16:00:00.100000+00:00
xyz:TSLA,0.0000062500,-0.0000658215,2026-03-14 17:00:00.061000+00:00
xyz:TSLA,0.0000061023,-0.0002023633,2026-03-14 18:00:00.018000+00:00
xyz:TSLA,-0.0000309422,-0.0007950757,2026-03-14 19:00:00.048000+00:00
xyz:TSLA,-0.0000133332,-0.0005133313,2026-03-14 20:00:00.035000+00:00
xyz:TSLA,0.0000007513,-0.0002879784,2026-03-14 21:00:00.015000+00:00
xyz:TSLA,-0.0000012419,-0.0003198703,2026-03-14 22:00:00.041000+00:00
xyz:TSLA,0.0000005992,-0.0002904131,2026-03-14 23:00:00.044000+00:00
xyz:TSLA,0.0000062500,-0.0001072454,2026-03-15 00:00:00.099000+00:00
xyz:TSLA,0.0000365020,0.0008840326,2026-03-15 01:00:00.102000+00:00
xyz:TSLA,0.0001175759,0.0021812143,2026-03-15 02:00:00.005000+00:00
xyz:TSLA,0.0001209197,0.0022347149,2026-03-15 03:00:00.130000+00:00
xyz:TSLA,0.0000200571,0.0006209136,2026-03-15 04:00:00.040000+00:00
xyz:TSLA,-0.0000062677,-0.0004002834,2026-03-15 05:00:00.066000+00:00
xyz:TSLA,-0.0000059159,-0.0003946551,2026-03-15 06:00:00.010000+00:00
xyz:TSLA,0.0000062500,-0.0001732077,2026-03-15 07:00:00.046000+00:00
xyz:TSLA,-0.0000132011,-0.0005112174,2026-03-15 08:00:00.003000+00:00
xyz:TSLA,0.0000052261,-0.0002163831,2026-03-15 09:00:00.067000+00:00
xyz:TSLA,0.0000062500,0.0003570319,2026-03-15 10:00:00.003000+00:00
xyz:TSLA,0.0000062500,0.0003338659,2026-03-15 11:00:00.039000+00:00
xyz:TSLA,0.0000062500,0.0000983127,2026-03-15 12:00:00.060000+00:00
xyz:TSLA,0.0000062500,-0.0001967215,2026-03-15 13:00:00.023000+00:00
xyz:TSLA,0.0000062500,0.0001382942,2026-03-15 14:00:00.023000+00:00
xyz:TSLA,0.0000062500,-0.0001813670,2026-03-15 15:00:00.084000+00:00
xyz:TSLA,0.0000062500,-0.0001089371,2026-03-15 16:00:00.034000+00:00
xyz:TSLA,0.0000062500,0.0002556493,2026-03-15 17:00:00.036000+00:00
xyz:TSLA,0.0000062500,0.0000578412,2026-03-15 18:00:00.003000+00:00
xyz:TSLA,0.0000062500,0.0001927147,2026-03-15 19:00:00.127000+00:00
xyz:TSLA,0.0000062500,-0.0000171223,2026-03-15 20:00:00.024000+00:00
xyz:TSLA,0.0000062500,0.0000057827,2026-03-15 21:00:00.083000+00:00
xyz:TSLA,0.0000062500,0.0001276634,2026-03-15 22:00:00.019000+00:00
xyz:TSLA,0.0000923991,0.0017783858,2026-03-15 23:00:00.037000+00:00
xyz:TSLA,0.0000857861,0.0016725769,2026-03-16 00:00:00.090000+00:00
xyz:TSLA,0.0000062500,0.0001767801,2026-03-16 01:00:00.002000+00:00
xyz:TSLA,0.0000003245,-0.0002948076,2026-03-16 02:00:00.078000+00:00
xyz:TSLA,-0.0000167225,-0.0005675593,2026-03-16 03:00:00.040000+00:00
xyz:TSLA,0.0000062500,-0.0001364670,2026-03-16 04:00:00.012000+00:00
xyz:TSLA,0.0000062500,0.0000859037,2026-03-16 05:00:00.021000+00:00
xyz:TSLA,0.0000062500,0.0002100547,2026-03-16 06:00:00.092000+00:00
xyz:TSLA,0.0000062500,0.0002969495,2026-03-16 07:00:00.033000+00:00
xyz:TSLA,0.0000113059,0.0004808941,2026-03-16 08:00:00.062000+00:00
xyz:TSLA,0.0000068805,0.0004100877,2026-03-16 09:00:00.035000+00:00
xyz:TSLA,0.0000172954,0.0005767267,2026-03-16 10:00:00.042000+00:00
xyz:TSLA,0.0000062500,0.0000303161,2026-03-16 11:00:00.013000+00:00
xyz:TSLA,0.0000062500,0.0002477872,2026-03-16 12:00:00.013000+00:00
xyz:TSLA,0.0000079908,0.0004278535,2026-03-16 13:00:00+00:00
xyz:TSLA,0.0000062500,0.0001958676,2026-03-16 14:00:00.099000+00:00
xyz:TSLA,0.0000062500,0.0000603311,2026-03-16 15:00:00.013000+00:00
xyz:TSLA,-0.0000129356,-0.0005069700,2026-03-16 16:00:00.033000+00:00
xyz:TSLA,-0.0000207648,-0.0006322373,2026-03-16 17:00:00.023000+00:00
xyz:TSLA,-0.0000180329,-0.0005885271,2026-03-16 18:00:00.045000+00:00
xyz:TSLA,-0.0000006655,-0.0003106475,2026-03-16 19:00:00.080000+00:00
xyz:TSLA,0.0000062500,-0.0001637659,2026-03-16 20:00:00.001000+00:00
xyz:TSLA,0.0000062500,-0.0001459383,2026-03-16 21:00:00.032000+00:00
xyz:TSLA,0.0000062500,-0.0000765941,2026-03-16 22:00:00+00:00
xyz:TSLA,0.0000062500,-0.0000591111,2026-03-16 23:00:00.003000+00:00
xyz:TSLA,0.0000062500,-0.0001642840,2026-03-17 00:00:00.034000+00:00
xyz:TSLA,0.0000062500,0.0001089455,2026-03-17 01:00:00.045000+00:00
xyz:TSLA,0.0000062500,0.0001146724,2026-03-17 02:00:00.050000+00:00
xyz:TSLA,0.0000062500,-0.0001226710,2026-03-17 03:00:00.010000+00:00
xyz:TSLA,0.0000062500,-0.0001367429,2026-03-17 04:00:00.073000+00:00
xyz:TSLA,0.0000062500,-0.0000780061,2026-03-17 05:00:00.048000+00:00
xyz:TSLA,0.0000062500,0.0001191379,2026-03-17 06:00:00.113000+00:00
xyz:TSLA,0.0000062500,0.0000794752,2026-03-17 07:00:00.039000+00:00
xyz:TSLA,0.0000062500,-0.0000334125,2026-03-17 08:00:00+00:00
xyz:TSLA,0.0000062500,0.0002867398,2026-03-17 09:00:00.002000+00:00
xyz:TSLA,0.0000062500,0.0000035911,2026-03-17 10:00:00.075000+00:00
xyz:TSLA,0.0000062500,-0.0000774808,2026-03-17 11:00:00.115000+00:00
xyz:TSLA,0.0000062500,-0.0001562190,2026-03-17 12:00:00.006000+00:00
xyz:TSLA,0.0000062156,-0.0002005510,2026-03-17 13:00:00.013000+00:00
xyz:TSLA,0.0000062500,-0.0001947069,2026-03-17 14:00:00.047000+00:00
xyz:TSLA,-0.0000022168,-0.0003354682,2026-03-17 15:00:00.074000+00:00
xyz:TSLA,-0.0000031114,-0.0003497823,2026-03-17 16:00:00.038000+00:00
xyz:TSLA,-0.0000078458,-0.0004255329,2026-03-17 17:00:00.054000+00:00
xyz:TSLA,-0.0000063120,-0.0004009924,2026-03-17 18:00:00.071000+00:00
xyz:TSLA,-0.0000067698,-0.0004083174,2026-03-17 19:00:00.018000+00:00
xyz:TSLA,-0.0000056924,-0.0003910780,2026-03-17 20:00:00.034000+00:00
xyz:TSLA,-0.0000013252,-0.0003212025,2026-03-17 21:00:00.072000+00:00
xyz:TSLA,0.0000035875,-0.0002425997,2026-03-17 22:00:00.003000+00:00
xyz:TSLA,-0.0000190343,-0.0006045491,2026-03-17 23:00:00.011000+00:00
xyz:TSLA,-0.0000266684,-0.0007266937,2026-03-18 00:00:00.028000+00:00
xyz:TSLA,-0.0000223160,-0.0006570562,2026-03-18 01:00:00.016000+00:00
xyz:TSLA,-0.0000191303,-0.0006060852,2026-03-18 02:00:00.026000+00:00
xyz:TSLA,-0.0000094357,-0.0004509712,2026-03-18 03:00:00.060000+00:00
xyz:TSLA,-0.0000057497,-0.0003919952,2026-03-18 04:00:00.054000+00:00
xyz:TSLA,-0.0000050610,-0.0003809754,2026-03-18 05:00:00.001000+00:00
xyz:TSLA,-0.0000053191,-0.0003851054,2026-03-18 06:00:00.067000+00:00
xyz:TSLA,0.0000048052,-0.0002231164,2026-03-18 07:00:00.033000+00:00
xyz:TSLA,0.0000062500,-0.0001902402,2026-03-18 08:00:00.005000+00:00
xyz:TSLA,-0.0000070053,-0.0004120848,2026-03-18 09:00:00.052000+00:00
xyz:TSLA,0.0000020167,-0.0002677336,2026-03-18 10:00:00.037000+00:00
xyz:TSLA,0.0000062500,-0.0001802469,2026-03-18 11:00:00.025000+00:00
xyz:TSLA,-0.0000011689,-0.0003187029,2026-03-18 12:00:00.062000+00:00
xyz:TSLA,-0.0000158910,-0.0005542558,2026-03-18 13:00:00.007000+00:00
xyz:TSLA,-0.0000114781,-0.0004836489,2026-03-18 14:00:00.026000+00:00
xyz:TSLA,-0.0000014818,-0.0003237083,2026-03-18 15:00:00.035000+00:00
xyz:TSLA,-0.0000055288,-0.0003884605,2026-03-18 16:00:00.009000+00:00
xyz:TSLA,-0.0000062864,-0.0004005820,2026-03-18 17:00:00.066000+00:00
xyz:TSLA,-0.0000030613,-0.0003489804,2026-03-18 18:00:00.052000+00:00
xyz:TSLA,-0.0000075826,-0.0004213222,2026-03-18 19:00:00.045000+00:00
xyz:TSLA,-0.0000015721,-0.0003251542,2026-03-18 20:00:00.055000+00:00
xyz:TSLA,-0.0000067026,-0.0004072421,2026-03-18 21:00:00.050000+00:00
xyz:TSLA,0.0000034656,-0.0002445500,2026-03-18 22:00:00.035000+00:00
xyz:TSLA,-0.0000063060,-0.0004008957,2026-03-18 23:00:00.040000+00:00
xyz:TSLA,-0.0000029833,-0.0003477321,2026-03-19 00:00:00.090000+00:00
xyz:TSLA,0.0000058879,-0.0002057935,2026-03-19 01:00:00.009000+00:00
xyz:TSLA,0.0000062500,-0.0001414530,2026-03-19 02:00:00.012000+00:00
xyz:TSLA,0.0000062500,-0.0001869083,2026-03-19 03:00:00.041000+00:00
xyz:TSLA,0.0000056942,-0.0002088935,2026-03-19 04:00:00.010000+00:00
xyz:TSLA,-0.0000056114,-0.0003897821,2026-03-19 05:00:00.090000+00:00
xyz:TSLA,-0.0000045318,-0.0003725092,2026-03-19 06:00:00.052000+00:00
xyz:TSLA,0.0000023676,-0.0002621192,2026-03-19 07:00:00.107000+00:00
xyz:TSLA,0.0000003572,-0.0002942856,2026-03-19 08:00:00.064000+00:00
xyz:TSLA,0.0000062500,-0.0001519151,2026-03-19 09:00:00.026000+00:00
xyz:TSLA,0.0000062500,-0.0001531593,2026-03-19 10:00:00.123000+00:00
xyz:TSLA,0.0000062500,-0.0001243867,2026-03-19 11:00:00.052000+00:00
xyz:TSLA,0.0000062500,-0.0001447293,2026-03-19 12:00:00.006000+00:00
xyz:TSLA,0.0000062500,-0.0001882968,2026-03-19 13:00:00.045000+00:00
xyz:TSLA,0.0000062500,-0.0001680302,2026-03-19 14:00:00.059000+00:00
xyz:TSLA,0.0000032580,-0.0002478721,2026-03-19 15:00:00.002000+00:00
xyz:TSLA,0.0000045685,-0.0002269033,2026-03-19 16:00:00.031000+00:00
xyz:TSLA,0.0000062500,-0.0000581753,2026-03-19 17:00:00.011000+00:00
xyz:TSLA,0.0000062500,-0.0001426541,2026-03-19 18:00:00.049000+00:00
xyz:TSLA,0.0000062500,-0.0000606129,2026-03-19 19:00:00.024000+00:00
xyz:TSLA,0.0000062500,-0.0001728969,2026-03-19 20:00:00.037000+00:00
xyz:TSLA,0.0000062500,-0.0000901298,2026-03-19 21:00:00.022000+00:00
xyz:TSLA,0.0000062500,0.0001572257,2026-03-19 22:00:00.001000+00:00
xyz:TSLA,0.0000062500,0.0001854277,2026-03-19 23:00:00.001000+00:00
xyz:TSLA,0.0000062500,0.0000387206,2026-03-20 00:00:00.103000+00:00
xyz:TSLA,0.0000062500,-0.0000319865,2026-03-20 01:00:00.073000+00:00
xyz:TSLA,0.0000062500,0.0000102288,2026-03-20 02:00:00.053000+00:00
xyz:TSLA,0.0000062500,-0.0000536381,2026-03-20 03:00:00.072000+00:00
xyz:TSLA,0.0000062500,-0.0000630777,2026-03-20 04:00:00.004000+00:00
xyz:TSLA,0.0000062500,0.0000301624,2026-03-20 05:00:00.107000+00:00
xyz:TSLA,0.0000062500,0.0000276317,2026-03-20 06:00:00.096000+00:00
xyz:TSLA,0.0000062500,0.0003039605,2026-03-20 07:00:00.012000+00:00
xyz:TSLA,0.0000062500,0.0002368423,2026-03-20 08:00:00.003000+00:00
xyz:TSLA,0.0000062500,0.0002427741,2026-03-20 09:00:00.021000+00:00
xyz:TSLA,0.0000062500,0.0000256065,2026-03-20 10:00:00.063000+00:00
xyz:TSLA,0.0000062500,0.0001283917,2026-03-20 11:00:00.048000+00:00
xyz:TSLA,0.0000062500,0.0001950965,2026-03-20 12:00:00.087000+00:00
xyz:TSLA,0.0000062500,0.0002900380,2026-03-20 13:00:00.148000+00:00
xyz:TSLA,0.0000062500,0.0001892861,2026-03-20 14:00:00.115000+00:00
xyz:TSLA,0.0000062500,0.0001335462,2026-03-20 15:00:00.034000+00:00
xyz:TSLA,0.0000062500,0.0000848759,2026-03-20 16:00:00.074000+00:00
xyz:TSLA,0.0000062500,0.0001769844,2026-03-20 17:00:00.075000+00:00
xyz:TSLA,0.0000062500,-0.0000213120,2026-03-20 18:00:00.035000+00:00
xyz:TSLA,0.0000062500,0.0000267906,2026-03-20 19:00:00.044000+00:00
xyz:TSLA,0.0000062500,0.0000774572,2026-03-20 20:00:00.034000+00:00
xyz:TSLA,0.0000062500,0.0000565854,2026-03-20 21:00:00.007000+00:00
xyz:TSLA,0.0000062500,0.0001782624,2026-03-20 22:00:00+00:00
xyz:TSLA,0.0000062500,0.0002251069,2026-03-20 23:00:00.047000+00:00
xyz:TSLA,0.0000062500,0.0003766066,2026-03-21 00:00:00.093000+00:00
xyz:TSLA,0.0000062500,0.0000451947,2026-03-21 01:00:00.011000+00:00
xyz:TSLA,0.0000062500,-0.0001893692,2026-03-21 02:00:00.032000+00:00
xyz:TSLA,0.0000062500,-0.0000574953,2026-03-21 03:00:00.013000+00:00
xyz:TSLA,-0.0000099023,-0.0004584366,2026-03-21 04:00:00.040000+00:00
xyz:TSLA,-0.0000064306,-0.0004028896,2026-03-21 05:00:00.041000+00:00
xyz:TSLA,0.0000062500,-0.0001037845,2026-03-21 06:00:00.066000+00:00
xyz:TSLA,0.0000062500,-0.0000956571,2026-03-21 07:00:00.010000+00:00
xyz:TSLA,0.0000094043,0.0004504693,2026-03-21 08:00:00.075000+00:00
xyz:TSLA,0.0000189641,0.0006034254,2026-03-21 09:00:00.064000+00:00
xyz:TSLA,0.0000160884,0.0005574152,2026-03-21 10:00:00+00:00
xyz:TSLA,0.0000062500,0.0000038499,2026-03-21 11:00:00.008000+00:00
xyz:TSLA,0.0000062500,0.0000473491,2026-03-21 12:00:00.094000+00:00
xyz:TSLA,0.0000062500,-0.0001415651,2026-03-21 13:00:00.015000+00:00
xyz:TSLA,-0.0000010910,-0.0003174562,2026-03-21 14:00:00.045000+00:00
xyz:TSLA,0.0000062500,-0.0000584387,2026-03-21 15:00:00.051000+00:00
xyz:TSLA,0.0000062500,0.0002698299,2026-03-21 16:00:00.039000+00:00
xyz:TSLA,0.0000062500,0.0003135433,2026-03-21 17:00:00.032000+00:00
xyz:TSLA,0.0000062500,0.0003581946,2026-03-21 18:00:00.020000+00:00
xyz:TSLA,0.0000174969,0.0005799512,2026-03-21 19:00:00.057000+00:00
xyz:TSLA,-0.0000367504,-0.0008880065,2026-03-21 20:00:00.073000+00:00
xyz:TSLA,0.0000062500,0.0001540173,2026-03-21 21:00:00.086000+00:00
xyz:TSLA,-0.0000018188,-0.0003291014,2026-03-21 22:00:00.004000+00:00
xyz:TSLA,0.0000062500,0.0000317166,2026-03-21 23:00:00.026000+00:00
xyz:TSLA,-0.0000623149,-0.0012970376,2026-03-22 00:00:00.042000+00:00
xyz:TSLA,-0.0001684114,-0.0029945827,2026-03-22 01:00:00.020000+00:00
xyz:TSLA,0.0000062500,0.0000353869,2026-03-22 02:00:00.085000+00:00
xyz:TSLA,-0.0000659038,-0.0013544604,2026-03-22 03:00:00.085000+00:00
xyz:TSLA,-0.0000139154,-0.0005226471,2026-03-22 04:00:00.007000+00:00
xyz:TSLA,0.0000062500,-0.0000067778,2026-03-22 05:00:00.062000+00:00
xyz:TSLA,0.0000062500,0.0003422468,2026-03-22 06:00:00.062000+00:00
xyz:TSLA,0.0000062500,0.0000479856,2026-03-22 07:00:00.088000+00:00
xyz:TSLA,0.0000062500,0.0003077184,2026-03-22 08:00:00.050000+00:00
xyz:TSLA,0.0000054153,-0.0002133556,2026-03-22 09:00:00.062000+00:00
xyz:TSLA,-0.0000273329,-0.0007373259,2026-03-22 10:00:00.003000+00:00
xyz:TSLA,-0.0000483555,-0.0010736881,2026-03-22 11:00:00.044000+00:00
xyz:TSLA,-0.0000679278,-0.0013868441,2026-03-22 12:00:00.049000+00:00
xyz:TSLA,-0.0000358017,-0.0008728270,2026-03-22 13:00:00.046000+00:00
xyz:TSLA,0.0000062500,-0.0000976916,2026-03-22 14:00:00.011000+00:00
xyz:TSLA,0.0000740705,0.0014851279,2026-03-22 15:00:00.042000+00:00
xyz:TSLA,0.0000062500,0.0003253178,2026-03-22 16:00:00.021000+00:00
xyz:TSLA,-0.0000165226,-0.0005643613,2026-03-22 17:00:00.006000+00:00
xyz:TSLA,-0.0000174326,-0.0005789209,2026-03-22 18:00:00.081000+00:00
xyz:TSLA,-0.0000436224,-0.0009979577,2026-03-22 19:00:00.039000+00:00
xyz:TSLA,-0.0000142791,-0.0005284649,2026-03-22 20:00:00.048000+00:00
xyz:TSLA,-0.0000497864,-0.0010965821,2026-03-22 21:00:00.082000+00:00
xyz:TSLA,-0.0000846716,-0.0016547451,2026-03-22 22:00:00.090000+00:00
xyz:TSLA,0.0000125135,0.0005002162,2026-03-22 23:00:00.049000+00:00
xyz:TSLA,0.0000532693,0.0011523086,2026-03-23 00:00:00.261000+00:00
xyz:TSLA,-0.0000132372,-0.0005117948,2026-03-23 01:00:00.069000+00:00
xyz:TSLA,-0.0000160462,-0.0005567388,2026-03-23 02:00:00.040000+00:00
xyz:TSLA,-0.0000117767,-0.0004884278,2026-03-23 03:00:00.111000+00:00
xyz:TSLA,-0.0000223545,-0.0006576720,2026-03-23 04:00:00.086000+00:00
xyz:TSLA,-0.0000111374,-0.0004781991,2026-03-23 05:00:00.014000+00:00
xyz:TSLA,-0.0000040054,-0.0003640865,2026-03-23 06:00:00.068000+00:00
xyz:TSLA,-0.0000480174,-0.0010682779,2026-03-23 07:00:00.043000+00:00
xyz:TSLA,-0.0000500363,-0.0011005809,2026-03-23 08:00:00.066000+00:00
xyz:TSLA,-0.0000279932,-0.0007478917,2026-03-23 09:00:00.071000+00:00
xyz:TSLA,-0.0000184742,-0.0005955865,2026-03-23 10:00:00.081000+00:00
xyz:TSLA,-0.0000158759,-0.0005540151,2026-03-23 11:00:00.004000+00:00
xyz:TSLA,-0.0000038659,-0.0003618538,2026-03-23 12:00:00.045000+00:00
xyz:TSLA,-0.0000002996,-0.0003047941,2026-03-23 13:00:00.056000+00:00
xyz:TSLA,-0.0000025153,-0.0003402441,2026-03-23 14:00:00.053000+00:00
xyz:TSLA,-0.0000138337,-0.0005213387,2026-03-23 15:00:00.071000+00:00
xyz:TSLA,-0.0000023803,-0.0003380852,2026-03-23 16:00:00.048000+00:00
xyz:TSLA,-0.0000129894,-0.0005078311,2026-03-23 17:00:00.080000+00:00
xyz:TSLA,-0.0000063205,-0.0004011283,2026-03-23 18:00:00.041000+00:00
xyz:TSLA,-0.0000051387,-0.0003822198,2026-03-23 19:00:00.054000+00:00
xyz:TSLA,-0.0000032892,-0.0003526277,2026-03-23 20:00:00.019000+00:00
xyz:TSLA,-0.0000209293,-0.0006348692,2026-03-23 21:00:00.090000+00:00
xyz:TSLA,-0.0000062600,-0.0004001592,2026-03-23 22:00:00.162000+00:00
xyz:TSLA,-0.0000063453,-0.0004015252,2026-03-23 23:00:00.056000+00:00
xyz:TSLA,-0.0000149965,-0.0005399434,2026-03-24 00:00:00.027000+00:00
xyz:TSLA,-0.0000119633,-0.0004914133,2026-03-24 01:00:00.082000+00:00
xyz:TSLA,-0.0000247713,-0.0006963401,2026-03-24 02:00:00.034000+00:00
xyz:TSLA,-0.0000175599,-0.0005809580,2026-03-24 03:00:00+00:00
xyz:TSLA,-0.0000281346,-0.0007501530,2026-03-24 04:00:00.016000+00:00
xyz:TSLA,-0.0000395218,-0.0009323486,2026-03-24 05:00:00.079000+00:00
xyz:TSLA,-0.0000323686,-0.0008178979,2026-03-24 06:00:00.003000+00:00
xyz:TSLA,-0.0000196464,-0.0006143416,2026-03-24 07:00:00.088000+00:00
xyz:TSLA,-0.0000160743,-0.0005571896,2026-03-24 08:00:00.033000+00:00
xyz:TSLA,-0.0000024559,-0.0003392952,2026-03-24 09:00:00.051000+00:00
xyz:TSLA,-0.0000029381,-0.0003470092,2026-03-24 10:00:00.105000+00:00
xyz:TSLA,-0.0000005258,-0.0003084134,2026-03-24 11:00:00.045000+00:00
xyz:TSLA,0.0000041310,-0.0002339045,2026-03-24 12:00:00.096000+00:00
xyz:TSLA,0.0000039263,-0.0002371795,2026-03-24 13:00:00.028000+00:00
xyz:TSLA,-0.0000081352,-0.0004301626,2026-03-24 14:00:00.089000+00:00
xyz:TSLA,0.0000046547,-0.0002255243,2026-03-24 15:00:00.033000+00:00
xyz:TSLA,0.0000062500,-0.0001773547,2026-03-24 16:00:00.039000+00:00
xyz:TSLA,-0.0000015819,-0.0003253098,2026-03-24 17:00:00.061000+00:00
xyz:TSLA,-0.0000132397,-0.0005118347,2026-03-24 18:00:00.062000+00:00
xyz:TSLA,-0.0000096095,-0.0004537523,2026-03-24 19:00:00.040000+00:00
xyz:TSLA,-0.0000083607,-0.0004337705,2026-03-24 20:00:00.058000+00:00
xyz:TSLA,0.0000050232,-0.0002196290,2026-03-24 21:00:00.159000+00:00
xyz:TSLA,0.0000062500,0.0001701839,2026-03-24 22:00:00.052000+00:00
xyz:TSLA,0.0000062500,-0.0000664338,2026-03-24 23:00:00.069000+00:00
xyz:TSLA,0.0000062500,-0.0000657029,2026-03-25 00:00:00.048000+00:00
xyz:TSLA,0.0000038263,-0.0002387799,2026-03-25 01:00:00.110000+00:00
xyz:TSLA,-0.0000198923,-0.0006182762,2026-03-25 02:00:00.086000+00:00
xyz:TSLA,-0.0000113011,-0.0004808178,2026-03-25 03:00:00.069000+00:00
xyz:TSLA,-0.0000128500,-0.0005056000,2026-03-25 04:00:00.059000+00:00
xyz:TSLA,0.0000062500,-0.0001754192,2026-03-25 05:00:00.076000+00:00
xyz:TSLA,0.0000062500,-0.0001352623,2026-03-25 06:00:00.043000+00:00
xyz:TSLA,0.0000062500,-0.0001610641,2026-03-25 07:00:00.053000+00:00
xyz:TSLA,0.0000062500,-0.0001893408,2026-03-25 08:00:00.007000+00:00
xyz:TSLA,-0.0000006601,-0.0003105609,2026-03-25 09:00:00.057000+00:00
xyz:TSLA,0.0000040642,-0.0002349726,2026-03-25 10:00:00.090000+00:00
xyz:TSLA,0.0000023477,-0.0002624365,2026-03-25 11:00:00.018000+00:00
xyz:TSLA,0.0000062500,-0.0001984351,2026-03-25 12:00:00.038000+00:00
xyz:TSLA,0.0000016818,-0.0002730918,2026-03-25 13:00:00.032000+00:00
xyz:TSLA,0.0000004928,-0.0002921153,2026-03-25 14:00:00.041000+00:00
xyz:TSLA,-0.0000013060,-0.0003208963,2026-03-25 15:00:00.062000+00:00
xyz:TSLA,-0.0000073701,-0.0004179210,2026-03-25 16:00:00.052000+00:00
xyz:TSLA,-0.0000116570,-0.0004865127,2026-03-25 17:00:00.022000+00:00
xyz:TSLA,-0.0000113506,-0.0004816103,2026-03-25 18:00:00.075000+00:00
xyz:TSLA,-0.0000110249,-0.0004763980,2026-03-25 19:00:00.037000+00:00
xyz:TSLA,-0.0000125209,-0.0005003337,2026-03-25 20:00:00.025000+00:00
xyz:TSLA,-0.0000064294,-0.0004028711,2026-03-25 21:00:00.066000+00:00
xyz:TSLA,-0.0000152932,-0.0005446917,2026-03-25 22:00:00.023000+00:00
xyz:TSLA,-0.0000152479,-0.0005439664,2026-03-25 23:00:00.072000+00:00
xyz:TSLA,-0.0000100629,-0.0004610070,2026-03-26 00:00:00.035000+00:00
xyz:TSLA,-0.0000238851,-0.0006821616,2026-03-26 01:00:00.006000+00:00
xyz:TSLA,-0.0000134326,-0.0005149224,2026-03-26 02:00:00.139000+00:00
xyz:TSLA,-0.0000065199,-0.0004043184,2026-03-26 03:00:00.114000+00:00
xyz:TSLA,-0.0000131568,-0.0005105084,2026-03-26 04:00:00.110000+00:00
xyz:TSLA,-0.0000097444,-0.0004559102,2026-03-26 05:00:00.097000+00:00
xyz:TSLA,-0.0000129923,-0.0005078766,2026-03-26 06:00:00.014000+00:00
xyz:TSLA,-0.0000135052,-0.0005160836,2026-03-26 07:00:00.009000+00:00
xyz:TSLA,-0.0000072503,-0.0004160049,2026-03-26 08:00:00.094000+00:00
xyz:TSLA,-0.0000089338,-0.0004429402,2026-03-26 09:00:00.075000+00:00
xyz:TSLA,-0.0000104951,-0.0004679210,2026-03-26 10:00:00.001000+00:00
xyz:TSLA,-0.0000080875,-0.0004294004,2026-03-26 11:00:00.072000+00:00
xyz:TSLA,-0.0000083851,-0.0004341619,2026-03-26 12:00:00.020000+00:00
xyz:TSLA,-0.0000188697,-0.0006019146,2026-03-26 13:00:00.078000+00:00
xyz:TSLA,-0.0000113535,-0.0004816553,2026-03-26 14:00:00.066000+00:00
xyz:TSLA,-0.0000035342,-0.0003565473,2026-03-26 15:00:00.018000+00:00
xyz:TSLA,-0.0000070715,-0.0004131448,2026-03-26 16:00:00.055000+00:00
xyz:TSLA,-0.0000059916,-0.0003958658,2026-03-26 17:00:00.026000+00:00
xyz:TSLA,-0.0000064556,-0.0004032898,2026-03-26 18:00:00.030000+00:00
xyz:TSLA,-0.0000046498,-0.0003743966,2026-03-26 19:00:00.003000+00:00
xyz:TSLA,0.0000033375,-0.0002466003,2026-03-26 20:00:00.077000+00:00
xyz:TSLA,0.0000045079,-0.0002278733,2026-03-26 21:00:00.031000+00:00
xyz:TSLA,0.0000062500,-0.0001645532,2026-03-26 22:00:00.068000+00:00
xyz:TSLA,0.0000062500,-0.0001854234,2026-03-26 23:00:00.071000+00:00
xyz:TSLA,0.0000062500,-0.0001582685,2026-03-27 00:00:00.013000+00:00
xyz:TSLA,-0.0000205778,-0.0006292442,2026-03-27 01:00:00.004000+00:00
xyz:TSLA,0.0000062500,0.0000166274,2026-03-27 02:00:00.007000+00:00
xyz:TSLA,-0.0000098301,-0.0004572823,2026-03-27 03:00:00.045000+00:00
xyz:TSLA,0.0000062500,-0.0001993571,2026-03-27 04:00:00.027000+00:00
xyz:TSLA,0.0000062500,-0.0001271762,2026-03-27 05:00:00.055000+00:00
xyz:TSLA,0.0000062500,0.0002287612,2026-03-27 06:00:00.021000+00:00
xyz:TSLA,0.0000062500,0.0003694640,2026-03-27 07:00:00.047000+00:00
xyz:TSLA,0.0000062500,0.0002780011,2026-03-27 08:00:00.042000+00:00
xyz:TSLA,0.0000062500,-0.0000440432,2026-03-27 09:00:00.078000+00:00
xyz:TSLA,-0.0000020542,-0.0003328671,2026-03-27 10:00:00.011000+00:00
xyz:TSLA,0.0000018792,-0.0002699324,2026-03-27 11:00:00.056000+00:00
xyz:TSLA,-0.0000006961,-0.0003111382,2026-03-27 12:00:00.073000+00:00
xyz:TSLA,0.0000023147,-0.0002629650,2026-03-27 13:00:00.020000+00:00
xyz:TSLA,-0.0000037156,-0.0003594504,2026-03-27 14:00:00.027000+00:00
xyz:TSLA,0.0000025884,-0.0002585854,2026-03-27 15:00:00.082000+00:00
xyz:TSLA,0.0000058092,-0.0002070530,2026-03-27 16:00:00.069000+00:00
xyz:TSLA,0.0000032531,-0.0002479506,2026-03-27 17:00:00.063000+00:00
xyz:TSLA,-0.0000018301,-0.0003292810,2026-03-27 18:00:00.018000+00:00
xyz:TSLA,-0.0000049106,-0.0003785696,2026-03-27 19:00:00.017000+00:00
xyz:TSLA,0.0000062500,-0.0001981598,2026-03-27 20:00:00.043000+00:00
xyz:TSLA,0.0000037565,-0.0002398956,2026-03-27 21:00:00.064000+00:00
xyz:TSLA,0.0000062500,-0.0001766788,2026-03-27 22:00:00.044000+00:00
xyz:TSLA,-0.0000144592,-0.0005313476,2026-03-27 23:00:00.008000+00:00
xyz:TSLA,-0.0000013680,-0.0003218887,2026-03-28 00:00:00.062000+00:00
xyz:TSLA,-0.0000408960,-0.0009543361,2026-03-28 01:00:00.004000+00:00
xyz:TSLA,-0.0000686877,-0.0013990034,2026-03-28 02:00:00.051000+00:00
xyz:TSLA,-0.0000331269,-0.0008300301,2026-03-28 03:00:00.023000+00:00
xyz:TSLA,-0.0000117135,-0.0004874158,2026-03-28 04:00:00.106000+00:00
xyz:TSLA,0.0000062500,0.0002312365,2026-03-28 05:00:00.055000+00:00
xyz:TSLA,0.0000344148,0.0008506373,2026-03-28 06:00:00.067000+00:00
xyz:TSLA,0.0000529044,0.0011464709,2026-03-28 07:00:00.039000+00:00
xyz:TSLA,0.0000387592,0.0009201471,2026-03-28 08:00:00.007000+00:00
xyz:TSLA,0.0000117738,0.0004883809,2026-03-28 09:00:00.008000+00:00
xyz:TSLA,-0.0000058328,-0.0003933242,2026-03-28 10:00:00.014000+00:00
xyz:TSLA,0.0000022068,-0.0002646917,2026-03-28 11:00:00.095000+00:00
xyz:TSLA,0.0000062500,-0.0001623955,2026-03-28 12:00:00.014000+00:00
xyz:TSLA,0.0000062500,-0.0001492915,2026-03-28 13:00:00.013000+00:00
xyz:TSLA,0.0000120033,0.0004920523,2026-03-28 14:00:00.047000+00:00
xyz:TSLA,0.0000601305,0.0012620875,2026-03-28 15:00:00.042000+00:00
xyz:TSLA,0.0000613286,0.0012812582,2026-03-28 16:00:00.047000+00:00
xyz:TSLA,0.0000162444,0.0005599102,2026-03-28 17:00:00.074000+00:00
xyz:TSLA,-0.0000295530,-0.0007728484,2026-03-28 18:00:00.070000+00:00
xyz:TSLA,0.0000062500,0.0000170964,2026-03-28 19:00:00.007000+00:00
xyz:TSLA,0.0000062500,0.0000653531,2026-03-28 20:00:00.075000+00:00
xyz:TSLA,0.0000062500,0.0001187139,2026-03-28 21:00:00.036000+00:00
xyz:TSLA,0.0000024058,-0.0002615072,2026-03-28 22:00:00.009000+00:00
xyz:TSLA,-0.0000164488,-0.0005631809,2026-03-28 23:00:00.040000+00:00
xyz:TSLA,-0.0000238826,-0.0006821216,2026-03-29 00:00:00.085000+00:00
xyz:TSLA,0.0000062500,-0.0001103865,2026-03-29 01:00:00.068000+00:00
xyz:TSLA,0.0000062500,0.0003079290,2026-03-29 02:00:00.040000+00:00
xyz:TSLA,0.0000078129,0.0004250070,2026-03-29 03:00:00.050000+00:00
xyz:TSLA,0.0000062500,0.0001417197,2026-03-29 04:00:00.034000+00:00
xyz:TSLA,0.0000062500,0.0000162137,2026-03-29 05:00:00.054000+00:00
xyz:TSLA,-0.0000143887,-0.0005302198,2026-03-29 06:00:00.017000+00:00
xyz:TSLA,0.0000030828,-0.0002506753,2026-03-29 07:00:00.047000+00:00
xyz:TSLA,-0.0000086365,-0.0004381845,2026-03-29 08:00:00.033000+00:00
xyz:TSLA,0.0000016718,-0.0002732518,2026-03-29 09:00:00.036000+00:00
xyz:TSLA,-0.0000090831,-0.0004453294,2026-03-29 10:00:00.121000+00:00
xyz:TSLA,-0.0000471861,-0.0010549777,2026-03-29 11:00:00.002000+00:00
xyz:TSLA,-0.0000084285,-0.0004348564,2026-03-29 12:00:00.067000+00:00
xyz:TSLA,0.0000062500,0.0000943473,2026-03-29 13:00:00.056000+00:00
xyz:TSLA,0.0000062500,0.0002668618,2026-03-29 14:00:00.026000+00:00
xyz:TSLA,0.0000062500,0.0001689196,2026-03-29 15:00:00.057000+00:00
xyz:TSLA,0.0000062500,-0.0001931984,2026-03-29 16:00:00.029000+00:00
xyz:TSLA,0.0000062500,-0.0000606852,2026-03-29 17:00:00.011000+00:00
xyz:TSLA,0.0000062500,-0.0000633449,2026-03-29 18:00:00.092000+00:00
xyz:TSLA,0.0000062500,0.0000478047,2026-03-29 19:00:00.066000+00:00
xyz:TSLA,0.0000062500,0.0000232679,2026-03-29 20:00:00.062000+00:00
xyz:TSLA,0.0000062500,0.0002070291,2026-03-29 21:00:00.026000+00:00
xyz:TSLA,0.0000062500,0.0003759035,2026-03-29 22:00:00.013000+00:00
xyz:TSLA,-0.0000511563,-0.0011185007,2026-03-29 23:00:00.096000+00:00
xyz:TSLA,-0.0001002504,-0.0019040056,2026-03-30 00:00:00.038000+00:00
xyz:TSLA,-0.0000049457,-0.0003791320,2026-03-30 01:00:00.030000+00:00
xyz:TSLA,0.0000008497,-0.0002864050,2026-03-30 02:00:00.054000+00:00
xyz:TSLA,0.0000062500,-0.0001886688,2026-03-30 03:00:00.013000+00:00
xyz:TSLA,0.0000062500,-0.0001375425,2026-03-30 04:00:00.074000+00:00
xyz:TSLA,0.0000062500,-0.0000483688,2026-03-30 05:00:00.056000+00:00
xyz:TSLA,0.0000062500,0.0000668579,2026-03-30 06:00:00.089000+00:00
xyz:TSLA,0.0000062500,-0.0001005735,2026-03-30 07:00:00.043000+00:00
xyz:TSLA,0.0000062500,0.0000537076,2026-03-30 08:00:00.192000+00:00
xyz:TSLA,0.0000062500,0.0000266255,2026-03-30 09:00:00.039000+00:00
xyz:TSLA,0.0000062500,-0.0000786875,2026-03-30 10:00:00.052000+00:00
xyz:TSLA,0.0000062500,-0.0000761939,2026-03-30 11:00:00.059000+00:00
xyz:TSLA,0.0000062500,0.0000518823,2026-03-30 12:00:00.038000+00:00
xyz:TSLA,0.0000062500,-0.0000059892,2026-03-30 13:00:00.031000+00:00
xyz:TSLA,0.0000062500,-0.0000856389,2026-03-30 14:00:00.046000+00:00
xyz:TSLA,0.0000062500,-0.0000153522,2026-03-30 15:00:00.019000+00:00
xyz:TSLA,0.0000062500,0.0000041934,2026-03-30 16:00:00.071000+00:00
xyz:TSLA,0.0000062500,0.0000377896,2026-03-30 17:00:00.108000+00:00
xyz:TSLA,0.0000062500,-0.0000138834,2026-03-30 18:00:00.051000+00:00
xyz:TSLA,0.0000062500,-0.0001233706,2026-03-30 19:00:00.085000+00:00
xyz:TSLA,0.0000062500,-0.0001271669,2026-03-30 20:00:00.055000+00:00
xyz:TSLA,0.0000062500,0.0000101856,2026-03-30 21:00:00.095000+00:00
xyz:TSLA,0.0000062500,0.0002332248,2026-03-30 22:00:00.021000+00:00
xyz:TSLA,0.0000062500,-0.0001807869,2026-03-30 23:00:00.066000+00:00
xyz:TSLA,0.0000054384,-0.0002129862,2026-03-31 00:00:00.016000+00:00
xyz:TSLA,0.0000062500,-0.0000392745,2026-03-31 01:00:00.038000+00:00
xyz:TSLA,0.0000056378,-0.0002097949,2026-03-31 02:00:00.066000+00:00
xyz:TSLA,0.0000062500,0.0002711020,2026-03-31 03:00:00.092000+00:00
xyz:TSLA,0.0000062500,0.0002279502,2026-03-31 04:00:00.073000+00:00
xyz:TSLA,0.0000062500,0.0002654966,2026-03-31 05:00:00.062000+00:00
xyz:TSLA,0.0000062500,0.0002569241,2026-03-31 06:00:00.022000+00:00
xyz:TSLA,0.0000062500,0.0001586856,2026-03-31 07:00:00.045000+00:00
xyz:TSLA,0.0000062500,-0.0000375158,2026-03-31 08:00:00+00:00
xyz:TSLA,0.0000062500,0.0000758940,2026-03-31 09:00:00.056000+00:00
xyz:TSLA,0.0000062500,-0.0000067336,2026-03-31 10:00:00.021000+00:00
xyz:TSLA,0.0000062500,0.0000355291,2026-03-31 11:00:00.032000+00:00
xyz:TSLA,0.0000062500,-0.0000450637,2026-03-31 12:00:00.073000+00:00
xyz:TSLA,0.0000062500,-0.0000745430,2026-03-31 13:00:00.030000+00:00
xyz:TSLA,0.0000062500,-0.0001336850,2026-03-31 14:00:00.038000+00:00
xyz:TSLA,0.0000051369,-0.0002178098,2026-03-31 15:00:00.043000+00:00
xyz:TSLA,0.0000062500,-0.0001137430,2026-03-31 16:00:00.025000+00:00
xyz:TSLA,0.0000062500,0.0000227913,2026-03-31 17:00:00.030000+00:00
xyz:TSLA,0.0000062500,-0.0001691461,2026-03-31 18:00:00.007000+00:00
xyz:TSLA,0.0000062500,-0.0001577227,2026-03-31 19:00:00.051000+00:00
xyz:TSLA,0.0000052236,-0.0002164217,2026-03-31 20:00:00.039000+00:00
xyz:TSLA,-0.0000030271,-0.0003484342,2026-03-31 21:00:00.026000+00:00
xyz:TSLA,-0.0000023156,-0.0003370502,2026-03-31 22:00:00.046000+00:00
xyz:TSLA,-0.0000052789,-0.0003844629,2026-03-31 23:00:00.029000+00:00
xyz:TSLA,-0.0000020266,-0.0003324252,2026-04-01 00:00:00.068000+00:00
xyz:TSLA,-0.0000052009,-0.0003832145,2026-04-01 01:00:00.022000+00:00
xyz:TSLA,-0.0000023838,-0.0003381407,2026-04-01 02:00:00.050000+00:00
xyz:TSLA,-0.0000028534,-0.0003456539,2026-04-01 03:00:00.044000+00:00
xyz:TSLA,-0.0000045932,-0.0003734908,2026-04-01 04:00:00.042000+00:00
xyz:TSLA,-0.0000004208,-0.0003067321,2026-04-01 05:00:00.057000+00:00
xyz:TSLA,-0.0000019540,-0.0003312635,2026-04-01 06:00:00.051000+00:00
xyz:TSLA,0.0000062500,-0.0001790744,2026-04-01 07:00:00.039000+00:00
xyz:TSLA,0.0000062500,-0.0001150443,2026-04-01 08:00:00.062000+00:00
xyz:TSLA,0.0000062302,-0.0002003174,2026-04-01 09:00:00.046000+00:00
xyz:TSLA,0.0000058079,-0.0002070733,2026-04-01 10:00:00.050000+00:00
xyz:TSLA,-0.0000003409,-0.0003054541,2026-04-01 11:00:00.068000+00:00
xyz:TSLA,0.0000062500,-0.0001892026,2026-04-01 12:00:00.081000+00:00
xyz:TSLA,-0.0000076401,-0.0004222410,2026-04-01 13:00:00.011000+00:00
xyz:TSLA,-0.0000041726,-0.0003667615,2026-04-01 14:00:00.131000+00:00
xyz:TSLA,-0.0000031705,-0.0003507280,2026-04-01 15:00:00.029000+00:00
xyz:TSLA,-0.0000081045,-0.0004296713,2026-04-01 16:00:00.078000+00:00
xyz:TSLA,-0.0000095514,-0.0004528231,2026-04-01 17:00:00.076000+00:00
xyz:TSLA,-0.0000033008,-0.0003528133,2026-04-01 18:00:00.071000+00:00
xyz:TSLA,-0.0000068834,-0.0004101339,2026-04-01 19:00:00.017000+00:00
xyz:TSLA,-0.0000090533,-0.0004448527,2026-04-01 20:00:00.045000+00:00
xyz:TSLA,-0.0000101653,-0.0004626441,2026-04-01 21:00:00.041000+00:00
xyz:TSLA,-0.0000038890,-0.0003622234,2026-04-01 22:00:00.030000+00:00
xyz:TSLA,-0.0000091930,-0.0004470884,2026-04-01 23:00:00.042000+00:00
xyz:TSLA,-0.0000111913,-0.0004790601,2026-04-02 00:00:00.177000+00:00
xyz:TSLA,-0.0000189991,-0.0006039849,2026-04-02 01:00:00.004000+00:00
xyz:TSLA,-0.0000191609,-0.0006065740,2026-04-02 02:00:00.060000+00:00
xyz:TSLA,-0.0000397879,-0.0009366057,2026-04-02 03:00:00.041000+00:00
xyz:TSLA,-0.0000319098,-0.0008105575,2026-04-02 04:00:00.059000+00:00
xyz:TSLA,-0.0000333895,-0.0008342315,2026-04-02 05:00:00.030000+00:00
xyz:TSLA,-0.0000418305,-0.0009692880,2026-04-02 06:00:00.039000+00:00
xyz:TSLA,-0.0000352308,-0.0008636921,2026-04-02 07:00:00.070000+00:00
xyz:TSLA,0.0000062500,-0.0000235545,2026-04-02 08:00:00.129000+00:00
xyz:TSLA,0.0000003149,-0.0002949609,2026-04-02 09:00:00.026000+00:00
xyz:TSLA,-0.0000001024,-0.0003016390,2026-04-02 10:00:00.051000+00:00
xyz:TSLA,-0.0000092924,-0.0004486790,2026-04-02 11:00:00.014000+00:00
xyz:TSLA,-0.0000124257,-0.0004988111,2026-04-02 12:00:00.021000+00:00
xyz:TSLA,-0.0000147568,-0.0005361087,2026-04-02 13:00:00.075000+00:00
xyz:TSLA,-0.0000140672,-0.0005250753,2026-04-02 14:00:00.049000+00:00
xyz:TSLA,-0.0000089541,-0.0004432653,2026-04-02 15:00:00.065000+00:00
xyz:TSLA,-0.0000122840,-0.0004965445,2026-04-02 16:00:00.040000+00:00
xyz:TSLA,-0.0000128459,-0.0005055343,2026-04-02 17:00:00.022000+00:00
xyz:TSLA,-0.0000112004,-0.0004792067,2026-04-02 18:00:00.037000+00:00
xyz:TSLA,-0.0000093496,-0.0004495939,2026-04-02 19:00:00.006000+00:00
xyz:TSLA,-0.0000063419,-0.0004014707,2026-04-02 20:00:00.023000+00:00
xyz:TSLA,-0.0000069583,-0.0004113326,2026-04-02 21:00:00.131000+00:00
xyz:TSLA,0.0000011628,-0.0002813947,2026-04-02 22:00:00.013000+00:00
xyz:TSLA,-0.0000026779,-0.0003428470,2026-04-02 23:00:00.004000+00:00
xyz:TSLA,0.0000062500,0.0000248621,2026-04-03 00:00:00.021000+00:00
xyz:TSLA,0.0000062500,0.0002122127,2026-04-03 01:00:00.043000+00:00
xyz:TSLA,-0.0000063781,-0.0004020499,2026-04-03 02:00:00.023000+00:00
xyz:TSLA,-0.0000288622,-0.0007617956,2026-04-03 03:00:00.048000+00:00
xyz:TSLA,0.0000062500,-0.0000198417,2026-04-03 04:00:00.039000+00:00
xyz:TSLA,0.0000006964,-0.0002888569,2026-04-03 05:00:00.086000+00:00
xyz:TSLA,0.0000062500,-0.0000286954,2026-04-03 06:00:00.049000+00:00
xyz:TSLA,-0.0000027544,-0.0003440697,2026-04-03 07:00:00.028000+00:00
xyz:TSLA,-0.0000020900,-0.0003334404,2026-04-03 08:00:00.069000+00:00
xyz:TSLA,0.0000062500,0.0002078265,2026-04-03 09:00:00.054000+00:00
xyz:TSLA,-0.0000094239,-0.0004507825,2026-04-03 10:00:00.043000+00:00
xyz:TSLA,0.0000062500,0.0002385012,2026-04-03 11:00:00.041000+00:00
xyz:TSLA,0.0000062500,0.0000242697,2026-04-03 12:00:00.031000+00:00
xyz:TSLA,0.0000013524,-0.0002783619,2026-04-03 13:00:00.058000+00:00
xyz:TSLA,-0.0000303412,-0.0007854595,2026-04-03 14:00:00.001000+00:00
xyz:TSLA,-0.0000113957,-0.0004823305,2026-04-03 15:00:00.044000+00:00
xyz:TSLA,0.0000062500,-0.0000665725,2026-04-03 16:00:00.033000+00:00
xyz:TSLA,0.0000062500,0.0000959097,2026-04-03 17:00:00.040000+00:00
xyz:TSLA,0.0000062500,0.0000303160,2026-04-03 18:00:00.069000+00:00
xyz:TSLA,0.0000062500,-0.0001268931,2026-04-03 19:00:00.026000+00:00
xyz:TSLA,0.0000062500,-0.0000075736,2026-04-03 20:00:00.036000+00:00
xyz:TSLA,0.0000062500,0.0000629206,2026-04-03 21:00:00.048000+00:00
xyz:TSLA,0.0000062500,-0.0000443573,2026-04-03 22:00:00.031000+00:00
xyz:TSLA,0.0000028728,-0.0002540357,2026-04-03 23:00:00.039000+00:00
xyz:TSLA,0.0000062500,-0.0000803966,2026-04-04 00:00:00.063000+00:00
xyz:TSLA,0.0000062500,-0.0001583261,2026-04-04 01:00:00.014000+00:00
xyz:TSLA,0.0000060722,-0.0002028442,2026-04-04 02:00:00.021000+00:00
xyz:TSLA,0.0000062500,-0.0000117229,2026-04-04 03:00:00.064000+00:00
xyz:TSLA,0.0000062500,0.0002261558,2026-04-04 04:00:00.011000+00:00
xyz:TSLA,0.0000062500,-0.0001375026,2026-04-04 05:00:00.063000+00:00
xyz:TSLA,0.0000062500,-0.0001870366,2026-04-04 06:00:00.057000+00:00
xyz:TSLA,0.0000062500,-0.0001004083,2026-04-04 07:00:00.051000+00:00
xyz:TSLA,0.0000062500,-0.0001439111,2026-04-04 08:00:00.033000+00:00
xyz:TSLA,-0.0000205689,-0.0006291020,2026-04-04 09:00:00.008000+00:00
xyz:TSLA,-0.0000100525,-0.0004608404,2026-04-04 10:00:00.029000+00:00
xyz:TSLA,0.0000062500,0.0000202091,2026-04-04 11:00:00.050000+00:00
xyz:TSLA,0.0000062500,0.0001613377,2026-04-04 12:00:00.009000+00:00
xyz:TSLA,0.0000062500,0.0000940851,2026-04-04 13:00:00.107000+00:00
xyz:TSLA,0.0000059418,-0.0002049310,2026-04-04 14:00:00.065000+00:00
xyz:TSLA,0.0000041023,-0.0002343635,2026-04-04 15:00:00.008000+00:00
xyz:TSLA,0.0000062500,0.0000091972,2026-04-04 16:00:00.038000+00:00
xyz:TSLA,0.0000062500,0.0002908037,2026-04-04 17:00:00.041000+00:00
xyz:TSLA,0.0000062500,0.0001533497,2026-04-04 18:00:00.064000+00:00
xyz:TSLA,0.0000062500,0.0001907836,2026-04-04 19:00:00.012000+00:00
xyz:TSLA,0.0000062500,0.0003463483,2026-04-04 20:00:00.063000+00:00
xyz:TSLA,0.0000062500,0.0003818780,2026-04-04 21:00:00.037000+00:00
xyz:TSLA,0.0000062500,0.0001889387,2026-04-04 22:00:00.032000+00:00
xyz:TSLA,0.0000062500,-0.0000432113,2026-04-04 23:00:00.014000+00:00
xyz:TSLA,0.0000062500,0.0000489933,2026-04-05 00:00:00.047000+00:00
xyz:TSLA,0.0000060025,-0.0002039596,2026-04-05 01:00:00.058000+00:00
xyz:TSLA,0.0000062500,-0.0001768298,2026-04-05 02:00:00.058000+00:00
xyz:TSLA,0.0000028253,-0.0002547956,2026-04-05 03:00:00.014000+00:00
xyz:TSLA,0.0000062500,-0.0001947291,2026-04-05 04:00:00.022000+00:00
xyz:TSLA,-0.0000025664,-0.0003410623,2026-04-05 05:00:00.024000+00:00
xyz:TSLA,0.0000000907,-0.0002985489,2026-04-05 06:00:00.051000+00:00
xyz:TSLA,-0.0000369955,-0.0008919285,2026-04-05 07:00:00.048000+00:00
xyz:TSLA,-0.0000246321,-0.0006941133,2026-04-05 08:00:00.066000+00:00
xyz:TSLA,0.0000062500,-0.0001543840,2026-04-05 09:00:00.017000+00:00
xyz:TSLA,0.0000062500,0.0000610489,2026-04-05 10:00:00.017000+00:00
xyz:TSLA,0.0000087262,0.0004396185,2026-04-05 11:00:00.024000+00:00
xyz:TSLA,0.0000062500,-0.0001339413,2026-04-05 12:00:00.017000+00:00
xyz:TSLA,-0.0000499813,-0.0010997003,2026-04-05 13:00:00.047000+00:00
xyz:TSLA,-0.0000309150,-0.0007946393,2026-04-05 14:00:00.057000+00:00
xyz:TSLA,0.0000062500,0.0001037637,2026-04-05 15:00:00.081000+00:00
xyz:TSLA,0.0000454795,0.0010276713,2026-04-05 16:00:00.031000+00:00
xyz:TSLA,0.0000236102,0.0006777635,2026-04-05 17:00:00.049000+00:00
xyz:TSLA,0.0000062500,0.0001673803,2026-04-05 18:00:00.042000+00:00
xyz:TSLA,0.0000062500,0.0002406034,2026-04-05 19:00:00.041000+00:00
xyz:TSLA,0.0000447112,0.0010153786,2026-04-05 20:00:00.030000+00:00
xyz:TSLA,0.0000370178,0.0008922847,2026-04-05 21:00:00.003000+00:00
xyz:TSLA,0.0000326851,0.0008229613,2026-04-05 22:00:00.060000+00:00
xyz:TSLA,-0.0001628958,-0.0029063336,2026-04-05 23:00:00.020000+00:00
xyz:TSLA,-0.0000444284,-0.0010108547,2026-04-06 00:00:00.029000+00:00
xyz:TSLA,0.0000062500,-0.0001040518,2026-04-06 01:00:00.040000+00:00
xyz:TSLA,0.0000062500,0.0000259701,2026-04-06 02:00:00+00:00
xyz:TSLA,0.0000062500,-0.0000208450,2026-04-06 03:00:00.049000+00:00
xyz:TSLA,0.0000062500,0.0000327752,2026-04-06 04:00:00.002000+00:00
xyz:TSLA,0.0000062500,-0.0001234536,2026-04-06 05:00:00.047000+00:00
xyz:TSLA,0.0000062500,-0.0000420871,2026-04-06 06:00:00.025000+00:00
xyz:TSLA,0.0000062500,-0.0000436147,2026-04-06 07:00:00.064000+00:00
xyz:TSLA,0.0000062500,0.0000416531,2026-04-06 08:00:00.053000+00:00
xyz:TSLA,0.0000062500,-0.0001434741,2026-04-06 09:00:00.012000+00:00
xyz:TSLA,0.0000062500,-0.0001246466,2026-04-06 10:00:00.006000+00:00
xyz:TSLA,0.0000062500,0.0000653106,2026-04-06 11:00:00.016000+00:00
xyz:TSLA,0.0000020123,-0.0002678030,2026-04-06 12:00:00.072000+00:00
xyz:TSLA,0.0000033829,-0.0002458740,2026-04-06 13:00:00.031000+00:00
xyz:TSLA,0.0000057718,-0.0002076518,2026-04-06 14:00:00.066000+00:00
xyz:TSLA,0.0000000784,-0.0002987453,2026-04-06 15:00:00.048000+00:00
xyz:TSLA,0.0000062500,-0.0001114917,2026-04-06 16:00:00.056000+00:00
xyz:TSLA,0.0000062500,0.0002280163,2026-04-06 17:00:00.002000+00:00
xyz:TSLA,0.0000062500,0.0003607553,2026-04-06 18:00:00.039000+00:00
xyz:TSLA,0.0000062500,0.0001624532,2026-04-06 19:00:00+00:00
xyz:TSLA,0.0000062500,0.0001555618,2026-04-06 20:00:00.078000+00:00
xyz:TSLA,0.0000062500,0.0001129184,2026-04-06 21:00:00.054000+00:00
xyz:TSLA,-0.0000035365,-0.0003565834,2026-04-06 22:00:00.043000+00:00
xyz:TSLA,0.0000035236,-0.0002436224,2026-04-06 23:00:00.021000+00:00
xyz:TSLA,0.0000062500,-0.0001999912,2026-04-07 00:00:00.046000+00:00
xyz:TSLA,0.0000062500,0.0000082488,2026-04-07 01:00:00.015000+00:00
xyz:TSLA,0.0000062500,0.0000446968,2026-04-07 02:00:00.012000+00:00
xyz:TSLA,0.0000062500,0.0000880747,2026-04-07 03:00:00.093000+00:00
xyz:TSLA,0.0000062500,0.0002483149,2026-04-07 04:00:00.017000+00:00
xyz:TSLA,0.0000062500,0.0001079699,2026-04-07 05:00:00.006000+00:00
xyz:TSLA,0.0000062500,0.0002119085,2026-04-07 06:00:00.030000+00:00
xyz:TSLA,0.0000062500,0.0002753390,2026-04-07 07:00:00.064000+00:00
xyz:TSLA,0.0000062500,0.0002614804,2026-04-07 08:00:00.020000+00:00
xyz:TSLA,0.0000062500,0.0001032984,2026-04-07 09:00:00.031000+00:00
xyz:TSLA,0.0000062500,0.0002600593,2026-04-07 10:00:00.005000+00:00
xyz:TSLA,0.0000062500,0.0001668893,2026-04-07 11:00:00.030000+00:00
xyz:TSLA,0.0000062500,0.0001491210,2026-04-07 12:00:00.037000+00:00
xyz:TSLA,0.0000062500,0.0002825734,2026-04-07 13:00:00.060000+00:00
xyz:TSLA,0.0000062500,0.0001772611,2026-04-07 14:00:00.027000+00:00
xyz:TSLA,0.0000062500,0.0000416947,2026-04-07 15:00:00.041000+00:00
xyz:TSLA,0.0000062500,0.0003277652,2026-04-07 16:00:00.036000+00:00
xyz:TSLA,0.0000062500,0.0000722021,2026-04-07 17:00:00.024000+00:00
xyz:TSLA,0.0000062500,0.0001632618,2026-04-07 18:00:00.013000+00:00
xyz:TSLA,0.0000062500,0.0002208509,2026-04-07 19:00:00.017000+00:00
xyz:TSLA,0.0000062500,0.0001186468,2026-04-07 20:00:00.041000+00:00
xyz:TSLA,0.0000062500,0.0001952581,2026-04-07 21:00:00.062000+00:00
xyz:TSLA,0.0000097371,0.0004557943,2026-04-07 22:00:00.029000+00:00
xyz:TSLA,0.0000062500,0.0002478189,2026-04-07 23:00:00.038000+00:00
xyz:TSLA,0.0000062500,-0.0001117023,2026-04-08 00:00:00.094000+00:00
xyz:TSLA,-0.0000008441,-0.0003135057,2026-04-08 01:00:00.057000+00:00
xyz:TSLA,-0.0000126042,-0.0005016665,2026-04-08 02:00:00.043000+00:00
xyz:TSLA,-0.0000019431,-0.0003310892,2026-04-08 03:00:00.059000+00:00
xyz:TSLA,-0.0000116987,-0.0004871787,2026-04-08 04:00:00.012000+00:00
xyz:TSLA,-0.0000090093,-0.0004441489,2026-04-08 05:00:00.056000+00:00
xyz:TSLA,-0.0000239708,-0.0006835324,2026-04-08 06:00:00.065000+00:00
xyz:TSLA,-0.0000092107,-0.0004473714,2026-04-08 07:00:00.039000+00:00
xyz:TSLA,-0.0000154838,-0.0005477409,2026-04-08 08:00:00.005000+00:00
xyz:TSLA,0.0000016305,-0.0002739127,2026-04-08 09:00:00.047000+00:00
xyz:TSLA,0.0000062500,-0.0001750452,2026-04-08 10:00:00.004000+00:00
xyz:TSLA,0.0000062500,-0.0000839445,2026-04-08 11:00:00.027000+00:00
xyz:TSLA,0.0000062500,0.0000025058,2026-04-08 12:00:00+00:00
xyz:TSLA,0.0000062500,-0.0001219640,2026-04-08 13:00:00.019000+00:00
xyz:TSLA,0.0000062500,-0.0001312109,2026-04-08 14:00:00.064000+00:00
xyz:TSLA,0.0000062500,-0.0000399859,2026-04-08 15:00:00.025000+00:00
xyz:TSLA,0.0000062500,0.0000509984,2026-04-08 16:00:00.054000+00:00
xyz:TSLA,0.0000062500,0.0000780810,2026-04-08 17:00:00.009000+00:00
xyz:TSLA,0.0000062500,0.0000159857,2026-04-08 18:00:00.046000+00:00
xyz:TSLA,0.0000062500,0.0000289683,2026-04-08 19:00:00.026000+00:00
xyz:TSLA,0.0000062500,0.0000951084,2026-04-08 20:00:00.068000+00:00
xyz:TSLA,0.0000062500,0.0002187471,2026-04-08 21:00:00.031000+00:00
xyz:TSLA,0.0000062500,0.0003872343,2026-04-08 22:00:00.010000+00:00
xyz:TSLA,0.0000062500,0.0002451673,2026-04-08 23:00:00.039000+00:00
xyz:TSLA,0.0000062500,0.0001964478,2026-04-09 00:00:00.070000+00:00
xyz:TSLA,0.0000062500,0.0000904634,2026-04-09 01:00:00.023000+00:00
xyz:TSLA,0.0000062500,0.0002554684,2026-04-09 02:00:00.010000+00:00
xyz:TSLA,0.0000062500,-0.0000180393,2026-04-09 03:00:00.053000+00:00
xyz:TSLA,0.0000062500,-0.0001477520,2026-04-09 04:00:00.015000+00:00
xyz:TSLA,0.0000062500,0.0001181171,2026-04-09 05:00:00.007000+00:00
xyz:TSLA,0.0000062500,0.0002642370,2026-04-09 06:00:00.021000+00:00
xyz:TSLA,0.0000155302,0.0005484830,2026-04-09 07:00:00.001000+00:00
xyz:TSLA,0.0000185783,0.0005972529,2026-04-09 08:00:00.056000+00:00
xyz:TSLA,0.0000062500,0.0003618567,2026-04-09 09:00:00.008000+00:00
xyz:TSLA,0.0000062500,0.0002989603,2026-04-09 10:00:00.006000+00:00
xyz:TSLA,0.0000062500,0.0001401994,2026-04-09 11:00:00.010000+00:00
xyz:TSLA,0.0000062500,0.0001869247,2026-04-09 12:00:00.054000+00:00
xyz:TSLA,0.0000062500,0.0001052496,2026-04-09 13:00:00.004000+00:00
xyz:TSLA,0.0000062500,0.0000136920,2026-04-09 14:00:00.056000+00:00
xyz:TSLA,0.0000062500,0.0002013755,2026-04-09 15:00:00.041000+00:00
xyz:TSLA,0.0000062500,0.0002199811,2026-04-09 16:00:00.011000+00:00
xyz:TSLA,0.0000062500,0.0000924001,2026-04-09 17:00:00.012000+00:00
xyz:TSLA,0.0000062500,0.0000964414,2026-04-09 18:00:00.001000+00:00
xyz:TSLA,0.0000062500,0.0000780842,2026-04-09 19:00:00.031000+00:00
xyz:TSLA,0.0000062500,0.0001019723,2026-04-09 20:00:00.004000+00:00
xyz:TSLA,0.0000062500,0.0000652918,2026-04-09 21:00:00.018000+00:00
xyz:TSLA,0.0000062500,0.0000870919,2026-04-09 22:00:00+00:00
xyz:TSLA,0.0000062500,0.0000563530,2026-04-09 23:00:00.071000+00:00
xyz:TSLA,0.0000062500,0.0000039681,2026-04-10 00:00:00.062000+00:00
xyz:TSLA,0.0000062500,0.0000287204,2026-04-10 01:00:00.013000+00:00
xyz:TSLA,0.0000062500,0.0000635773,2026-04-10 02:00:00.002000+00:00
xyz:TSLA,0.0000062500,-0.0000727894,2026-04-10 03:00:00.040000+00:00
xyz:TSLA,0.0000062500,-0.0000108307,2026-04-10 04:00:00.047000+00:00
xyz:TSLA,0.0000062500,0.0002450864,2026-04-10 05:00:00.031000+00:00
xyz:TSLA,0.0000062500,0.0001665163,2026-04-10 06:00:00.026000+00:00
xyz:TSLA,0.0000062500,0.0001122993,2026-04-10 07:00:00.016000+00:00
xyz:TSLA,0.0000062500,0.0000770366,2026-04-10 08:00:00+00:00
xyz:TSLA,0.0000062500,0.0001891626,2026-04-10 09:00:00.015000+00:00
xyz:TSLA,0.0000062500,0.0000914880,2026-04-10 10:00:00.028000+00:00
xyz:TSLA,0.0000062500,0.0001283442,2026-04-10 11:00:00.010000+00:00
xyz:TSLA,0.0000062500,0.0002768724,2026-04-10 12:00:00.057000+00:00
xyz:TSLA,0.0000062500,0.0001884387,2026-04-10 13:00:00.032000+00:00
xyz:TSLA,0.0000062500,0.0001389424,2026-04-10 14:00:00.008000+00:00
xyz:TSLA,0.0000062500,0.0000182251,2026-04-10 15:00:00.005000+00:00
xyz:TSLA,0.0000062500,0.0000165711,2026-04-10 16:00:00.053000+00:00
xyz:TSLA,0.0000062500,0.0000204002,2026-04-10 17:00:00.022000+00:00
xyz:TSLA,0.0000062500,-0.0000016558,2026-04-10 18:00:00.021000+00:00
xyz:TSLA,0.0000062500,0.0000048303,2026-04-10 19:00:00.046000+00:00
xyz:TSLA,0.0000062500,0.0000694954,2026-04-10 20:00:00.009000+00:00
xyz:TSLA,0.0000062500,-0.0000341699,2026-04-10 21:00:00.010000+00:00
xyz:TSLA,-0.0000143774,-0.0005300377,2026-04-10 22:00:00.079000+00:00
xyz:TSLA,-0.0000174116,-0.0005785855,2026-04-10 23:00:00.055000+00:00
xyz:TSLA,-0.0000177229,-0.0005835660,2026-04-11 00:00:00.015000+00:00
xyz:TSLA,-0.0001560045,-0.0027960725,2026-04-11 01:00:00.006000+00:00
xyz:TSLA,-0.0000554468,-0.0011871490,2026-04-11 02:00:00.020000+00:00
xyz:TSLA,0.0000278992,0.0007463879,2026-04-11 03:00:00.039000+00:00
xyz:TSLA,0.0000081189,0.0004299022,2026-04-11 04:00:00.013000+00:00
xyz:TSLA,0.0000282509,0.0007520147,2026-04-11 05:00:00.005000+00:00
xyz:TSLA,0.0000214491,0.0006431852,2026-04-11 06:00:00.024000+00:00
xyz:TSLA,0.0000062500,0.0001422830,2026-04-11 07:00:00.016000+00:00
xyz:TSLA,0.0000062500,0.0000907648,2026-04-11 08:00:00.002000+00:00
xyz:TSLA,-0.0000013360,-0.0003213752,2026-04-11 09:00:00.042000+00:00
xyz:TSLA,0.0000062500,-0.0001378629,2026-04-11 10:00:00.048000+00:00
xyz:TSLA,0.0000089387,0.0004430189,2026-04-11 11:00:00.040000+00:00
xyz:TSLA,0.0000062500,0.0001237894,2026-04-11 12:00:00.055000+00:00
xyz:TSLA,0.0000062500,0.0000930481,2026-04-11 13:00:00.047000+00:00
xyz:TSLA,0.0000062500,0.0000779506,2026-04-11 14:00:00.001000+00:00
xyz:TSLA,0.0000062500,-0.0001730132,2026-04-11 15:00:00.041000+00:00
xyz:TSLA,0.0000062500,-0.0001243170,2026-04-11 16:00:00.034000+00:00
xyz:TSLA,0.0000290180,0.0007642884,2026-04-11 17:00:00.008000+00:00
xyz:TSLA,0.0001072400,0.0020158404,2026-04-11 18:00:00.033000+00:00
xyz:TSLA,0.0000859575,0.0016753208,2026-04-11 19:00:00.047000+00:00
xyz:TSLA,0.0000191670,0.0006066723,2026-04-11 20:00:00.023000+00:00
xyz:TSLA,0.0000062500,0.0000651417,2026-04-11 21:00:00.058000+00:00
xyz:TSLA,0.0000062500,-0.0000894792,2026-04-11 22:00:00.036000+00:00
xyz:TSLA,0.0000062500,-0.0000634447,2026-04-11 23:00:00.020000+00:00
xyz:TSLA,-0.0000093321,-0.0004493141,2026-04-12 00:00:00.067000+00:00
xyz:TSLA,0.0000062500,0.0000817065,2026-04-12 01:00:00.044000+00:00
xyz:TSLA,-0.0001319400,-0.0024110408,2026-04-12 02:00:00.031000+00:00
xyz:TSLA,-0.0003426718,-0.0057827488,2026-04-12 03:00:00.029000+00:00
xyz:TSLA,-0.0001578559,-0.0028256943,2026-04-12 04:00:00.055000+00:00
xyz:TSLA,-0.0000697261,-0.0014156180,2026-04-12 05:00:00.066000+00:00
xyz:TSLA,-0.0000520877,-0.0011334031,2026-04-12 06:00:00.047000+00:00
xyz:TSLA,0.0000062500,-0.0001191994,2026-04-12 07:00:00.004000+00:00
xyz:TSLA,-0.0000139682,-0.0005234910,2026-04-12 08:00:00.022000+00:00
xyz:TSLA,-0.0000221699,-0.0006547187,2026-04-12 09:00:00.049000+00:00
xyz:TSLA,-0.0000110101,-0.0004761618,2026-04-12 10:00:00.011000+00:00
xyz:TSLA,0.0000062500,-0.0001201069,2026-04-12 11:00:00.022000+00:00
xyz:TSLA,-0.0000051992,-0.0003831873,2026-04-12 12:00:00.040000+00:00
xyz:TSLA,-0.0000319307,-0.0008108909,2026-04-12 13:00:00.028000+00:00
xyz:TSLA,-0.0001080641,-0.0020290251,2026-04-12 14:00:00.064000+00:00
xyz:TSLA,-0.0001148130,-0.0021370077,2026-04-12 15:00:00.065000+00:00
xyz:TSLA,-0.0000934985,-0.0017959760,2026-04-12 16:00:00.046000+00:00
xyz:TSLA,-0.0001265851,-0.0023253622,2026-04-12 17:00:00.054000+00:00
xyz:TSLA,-0.0000292046,-0.0007672731,2026-04-12 18:00:00.035000+00:00
xyz:TSLA,0.0000672428,0.0013758841,2026-04-12 19:00:00.028000+00:00
xyz:TSLA,0.0000026864,-0.0002570177,2026-04-12 20:00:00.062000+00:00
xyz:TSLA,0.0000062500,-0.0001816053,2026-04-12 21:00:00.049000+00:00
xyz:TSLA,-0.0000153379,-0.0005454070,2026-04-12 22:00:00.058000+00:00
xyz:TSLA,0.0000507673,0.0011122769,2026-04-12 23:00:00.048000+00:00
xyz:TSLA,-0.0000111620,-0.0004785917,2026-04-13 00:00:00.013000+00:00
xyz:TSLA,0.0000062500,-0.0001161407,2026-04-13 01:00:00.031000+00:00
xyz:TSLA,0.0000062500,-0.0000015172,2026-04-13 02:00:00.001000+00:00
xyz:TSLA,0.0000055826,-0.0002106778,2026-04-13 03:00:00.056000+00:00
xyz:TSLA,-0.0000005216,-0.0003083455,2026-04-13 04:00:00.056000+00:00
xyz:TSLA,-0.0000041245,-0.0003659921,2026-04-13 05:00:00.032000+00:00
xyz:TSLA,-0.0000061440,-0.0003983047,2026-04-13 06:00:00.007000+00:00
xyz:TSLA,-0.0000018358,-0.0003293732,2026-04-13 07:00:00.011000+00:00
xyz:TSLA,-0.0000047032,-0.0003752505,2026-04-13 08:00:00.015000+00:00
xyz:TSLA,0.0000062500,-0.0001655102,2026-04-13 09:00:00.013000+00:00
xyz:TSLA,0.0000062500,-0.0000664175,2026-04-13 10:00:00.032000+00:00
xyz:TSLA,0.0000062500,-0.0000383758,2026-04-13 11:00:00.011000+00:00
xyz:TSLA,0.0000062500,-0.0000268781,2026-04-13 12:00:00.063000+00:00
xyz:TSLA,0.0000062500,-0.0000750419,2026-04-13 13:00:00.036000+00:00
xyz:TSLA,0.0000062500,-0.0001112309,2026-04-13 14:00:00.007000+00:00
xyz:TSLA,0.0000062500,-0.0000858302,2026-04-13 15:00:00.114000+00:00
xyz:TSLA,0.0000062500,-0.0000985299,2026-04-13 16:00:00.016000+00:00
xyz:TSLA,0.0000062500,-0.0000771541,2026-04-13 17:00:00.028000+00:00
xyz:TSLA,0.0000062500,-0.0000212865,2026-04-13 18:00:00.040000+00:00
xyz:TSLA,0.0000062500,-0.0000458907,2026-04-13 19:00:00.055000+00:00
xyz:TSLA,0.0000062500,-0.0000769144,2026-04-13 20:00:00.032000+00:00
xyz:TSLA,0.0000062500,-0.0000400637,2026-04-13 21:00:00.038000+00:00
xyz:TSLA,0.0000062500,-0.0001140056,2026-04-13 22:00:00.023000+00:00
xyz:TSLA,0.0000062500,-0.0000591568,2026-04-13 23:00:00.008000+00:00
xyz:TSLA,0.0000011799,-0.0002811223,2026-04-14 00:00:00.020000+00:00
xyz:TSLA,0.0000018080,-0.0002710728,2026-04-14 01:00:00.057000+00:00
xyz:TSLA,0.0000062500,-0.0001514948,2026-04-14 02:00:00.017000+00:00
xyz:TSLA,0.0000062500,-0.0001443627,2026-04-14 03:00:00.043000+00:00
xyz:TSLA,0.0000062500,-0.0001488852,2026-04-14 04:00:00.009000+00:00
xyz:TSLA,0.0000059054,-0.0002055132,2026-04-14 05:00:00.054000+00:00
xyz:TSLA,0.0000060428,-0.0002033148,2026-04-14 06:00:00.057000+00:00
xyz:TSLA,0.0000062500,-0.0001561491,2026-04-14 07:00:00.076000+00:00
xyz:TSLA,0.0000045746,-0.0002268068,2026-04-14 08:00:00.066000+00:00
xyz:TSLA,0.0000062500,-0.0001332131,2026-04-14 09:00:00.041000+00:00
xyz:TSLA,0.0000036523,-0.0002415634,2026-04-14 10:00:00.010000+00:00
xyz:TSLA,0.0000062500,-0.0000028972,2026-04-14 11:00:00.030000+00:00
xyz:TSLA,0.0000062500,0.0000198813,2026-04-14 12:00:00.053000+00:00
xyz:TSLA,0.0000062500,-0.0000793746,2026-04-14 13:00:00.039000+00:00
xyz:TSLA,0.0000062500,0.0000207328,2026-04-14 14:00:00.012000+00:00
xyz:TSLA,0.0000062500,-0.0000896053,2026-04-14 15:00:00.056000+00:00
xyz:TSLA,0.0000062500,-0.0000922076,2026-04-14 16:00:00.029000+00:00
xyz:TSLA,0.0000032688,-0.0002476988,2026-04-14 17:00:00.057000+00:00
xyz:TSLA,0.0000062124,-0.0002006023,2026-04-14 18:00:00.062000+00:00
xyz:TSLA,0.0000060427,-0.0002033169,2026-04-14 19:00:00.040000+00:00
xyz:TSLA,0.0000055579,-0.0002110729,2026-04-14 20:00:00+00:00
xyz:TSLA,0.0000020636,-0.0002669829,2026-04-14 21:00:00.003000+00:00
xyz:TSLA,-0.0000049332,-0.0003789305,2026-04-14 22:00:00.001000+00:00
xyz:TSLA,-0.0000003767,-0.0003060278,2026-04-14 23:00:00.021000+00:00
xyz:TSLA,-0.0000030345,-0.0003485525,2026-04-15 00:00:00.015000+00:00
xyz:TSLA,-0.0000009045,-0.0003144712,2026-04-15 01:00:00.054000+00:00
xyz:TSLA,0.0000015974,-0.0002744422,2026-04-15 02:00:00.036000+00:00
xyz:TSLA,0.0000015431,-0.0002753107,2026-04-15 03:00:00.065000+00:00
xyz:TSLA,0.0000062500,-0.0001922203,2026-04-15 04:00:00.053000+00:00
xyz:TSLA,0.0000062500,-0.0001788194,2026-04-15 05:00:00.029000+00:00
xyz:TSLA,-0.0000029926,-0.0003478821,2026-04-15 06:00:00.060000+00:00
xyz:TSLA,-0.0000033077,-0.0003529235,2026-04-15 07:00:00.038000+00:00
xyz:TSLA,0.0000034283,-0.0002451466,2026-04-15 08:00:00.009000+00:00
xyz:TSLA,0.0000062500,-0.0000691665,2026-04-15 09:00:00.024000+00:00
xyz:TSLA,0.0000062500,-0.0000560913,2026-04-15 10:00:00.027000+00:00
xyz:TSLA,0.0000062500,-0.0000806192,2026-04-15 11:00:00.067000+00:00
xyz:TSLA,0.0000062500,-0.0001026149,2026-04-15 12:00:00.030000+00:00
xyz:TSLA,0.0000062500,-0.0000521370,2026-04-15 13:00:00.008000+00:00
xyz:TSLA,0.0000062500,-0.0000998565,2026-04-15 14:00:00.035000+00:00
xyz:TSLA,0.0000062500,-0.0000862448,2026-04-15 15:00:00.057000+00:00
xyz:TSLA,0.0000062500,-0.0000701553,2026-04-15 16:00:00.025000+00:00
xyz:TSLA,0.0000013180,-0.0002789126,2026-04-15 17:00:00.022000+00:00
xyz:TSLA,0.0000051618,-0.0002174115,2026-04-15 18:00:00.030000+00:00
xyz:TSLA,0.0000051645,-0.0002173681,2026-04-15 19:00:00.062000+00:00
xyz:TSLA,0.0000062500,-0.0000941816,2026-04-15 20:00:00.014000+00:00
xyz:TSLA,-0.0000175242,-0.0005803867,2026-04-15 21:00:00.049000+00:00
xyz:TSLA,-0.0000207588,-0.0006321411,2026-04-15 22:00:00.067000+00:00
xyz:TSLA,0.0000015184,-0.0002757055,2026-04-15 23:00:00.056000+00:00
xyz:TSLA,0.0000013197,-0.0002788855,2026-04-16 00:00:00.044000+00:00
xyz:TSLA,-0.0000056151,-0.0003898414,2026-04-16 01:00:00.022000+00:00
xyz:TSLA,-0.0000036625,-0.0003586003,2026-04-16 02:00:00.010000+00:00
xyz:TSLA,0.0000062500,-0.0001249740,2026-04-16 03:00:00.053000+00:00
xyz:TSLA,0.0000062500,-0.0001238650,2026-04-16 04:00:00.006000+00:00
xyz:TSLA,0.0000062500,0.0000029890,2026-04-16 05:00:00.042000+00:00
xyz:TSLA,0.0000062500,-0.0001038231,2026-04-16 06:00:00.031000+00:00
xyz:TSLA,0.0000062500,-0.0001466961,2026-04-16 07:00:00.012000+00:00
xyz:TSLA,0.0000062500,-0.0000883767,2026-04-16 08:00:00.062000+00:00
xyz:TSLA,0.0000062500,-0.0001464136,2026-04-16 09:00:00.045000+00:00
xyz:TSLA,0.0000035542,-0.0002431334,2026-04-16 10:00:00.004000+00:00
xyz:TSLA,0.0000031222,-0.0002500448,2026-04-16 11:00:00.035000+00:00
xyz:TSLA,0.0000029118,-0.0002534118,2026-04-16 12:00:00.042000+00:00
xyz:TSLA,-0.0000034780,-0.0003556485,2026-04-16 13:00:00.030000+00:00
xyz:TSLA,-0.0000049442,-0.0003791068,2026-04-16 14:00:00.019000+00:00
xyz:TSLA,0.0000029776,-0.0002523578,2026-04-16 15:00:00.047000+00:00
xyz:TSLA,0.0000062500,0.0000129704,2026-04-16 16:00:00.051000+00:00
xyz:TSLA,0.0000018346,-0.0002706459,2026-04-16 17:00:00.013000+00:00
xyz:TSLA,-0.0000027020,-0.0003432324,2026-04-16 18:00:00.034000+00:00
xyz:TSLA,0.0000051218,-0.0002180520,2026-04-16 19:00:00.064000+00:00
xyz:TSLA,0.0000060190,-0.0002036958,2026-04-16 20:00:00.016000+00:00
xyz:TSLA,0.0000008279,-0.0002867531,2026-04-16 21:00:00.025000+00:00
xyz:TSLA,-0.0000091747,-0.0004467959,2026-04-16 22:00:00.043000+00:00
xyz:TSLA,-0.0000060256,-0.0003964091,2026-04-16 23:00:00.041000+00:00
xyz:TSLA,0.0000062500,-0.0001876034,2026-04-17 00:00:00.030000+00:00
xyz:TSLA,0.0000062500,-0.0001832011,2026-04-17 01:00:00.015000+00:00
xyz:TSLA,-0.0000080372,-0.0004285953,2026-04-17 02:00:00.026000+00:00
xyz:TSLA,-0.0000075198,-0.0004203166,2026-04-17 03:00:00.010000+00:00
xyz:TSLA,-0.0000000800,-0.0003012795,2026-04-17 04:00:00.064000+00:00
xyz:TSLA,0.0000033056,-0.0002471096,2026-04-17 05:00:00.052000+00:00
xyz:TSLA,0.0000024211,-0.0002612622,2026-04-17 06:00:00.017000+00:00
xyz:TSLA,0.0000046343,-0.0002258518,2026-04-17 07:00:00.065000+00:00
xyz:TSLA,0.0000062500,-0.0001357875,2026-04-17 08:00:00.042000+00:00
xyz:TSLA,0.0000062500,-0.0001520962,2026-04-17 09:00:00.035000+00:00
xyz:TSLA,0.0000062500,-0.0000832763,2026-04-17 10:00:00.011000+00:00
xyz:TSLA,0.0000062500,-0.0000615635,2026-04-17 11:00:00.038000+00:00
xyz:TSLA,0.0000062500,-0.0000581559,2026-04-17 12:00:00.064000+00:00
xyz:TSLA,0.0000062500,-0.0000391071,2026-04-17 13:00:00.036000+00:00
xyz:TSLA,0.0000062500,-0.0000283876,2026-04-17 14:00:00+00:00
xyz:TSLA,0.0000062500,-0.0000072626,2026-04-17 15:00:00.059000+00:00
xyz:TSLA,0.0000043070,-0.0002310883,2026-04-17 16:00:00.039000+00:00
xyz:TSLA,-0.0000029505,-0.0003472082,2026-04-17 17:00:00.046000+00:00
xyz:TSLA,-0.0000067281,-0.0004076495,2026-04-17 18:00:00.052000+00:00
xyz:TSLA,-0.0000051011,-0.0003816181,2026-04-17 19:00:00.019000+00:00
xyz:TSLA,-0.0000084645,-0.0004354321,2026-04-17 20:00:00.065000+00:00
xyz:TSLA,-0.0000117733,-0.0004883735,2026-04-17 21:00:00.012000+00:00
xyz:TSLA,-0.0000024377,-0.0003390033,2026-04-17 22:00:00.042000+00:00
xyz:TSLA,0.0000059790,-0.0002043358,2026-04-17 23:00:00.022000+00:00
xyz:TSLA,-0.0000096712,-0.0004547399,2026-04-18 00:00:00.064000+00:00
xyz:TSLA,-0.0001053572,-0.0019857152,2026-04-18 01:00:00.049000+00:00
xyz:TSLA,-0.0000995331,-0.0018925300,2026-04-18 02:00:00.042000+00:00
xyz:TSLA,0.0000062500,0.0001937313,2026-04-18 03:00:00.031000+00:00
xyz:TSLA,0.0000173963,0.0005783414,2026-04-18 04:00:00.009000+00:00
xyz:TSLA,-0.0000359018,-0.0008744282,2026-04-18 05:00:00.060000+00:00
xyz:TSLA,-0.0000227793,-0.0006644691,2026-04-18 06:00:00.049000+00:00
xyz:TSLA,0.0000048580,-0.0002222720,2026-04-18 07:00:00.028000+00:00
xyz:TSLA,0.0000234290,0.0006748642,2026-04-18 08:00:00.049000+00:00
xyz:TSLA,-0.0000455437,-0.0010286998,2026-04-18 09:00:00.011000+00:00
xyz:TSLA,-0.0000650409,-0.0013406538,2026-04-18 10:00:00.020000+00:00
xyz:TSLA,-0.0000672888,-0.0013766202,2026-04-18 11:00:00.016000+00:00
xyz:TSLA,-0.0000936462,-0.0017983389,2026-04-18 12:00:00.034000+00:00
xyz:TSLA,-0.0000025146,-0.0003402342,2026-04-18 13:00:00.047000+00:00
xyz:TSLA,-0.0000045766,-0.0003732250,2026-04-18 14:00:00.018000+00:00
xyz:TSLA,0.0000062500,0.0001461949,2026-04-18 15:00:00+00:00
xyz:TSLA,-0.0000080247,-0.0004283944,2026-04-18 16:00:00.001000+00:00
xyz:TSLA,-0.0000322756,-0.0008164096,2026-04-18 17:00:00.001000+00:00
xyz:TSLA,-0.0000179591,-0.0005873456,2026-04-18 18:00:00.050000+00:00
xyz:TSLA,-0.0001155226,-0.0021483610,2026-04-18 19:00:00.039000+00:00
xyz:TSLA,0.0000062500,-0.0000357536,2026-04-18 20:00:00.037000+00:00
xyz:TSLA,0.0000062500,-0.0001446976,2026-04-18 21:00:00.036000+00:00
xyz:TSLA,0.0000062500,-0.0000978948,2026-04-18 22:00:00.011000+00:00
xyz:TSLA,0.0000062500,-0.0001508079,2026-04-18 23:00:00.026000+00:00
xyz:TSLA,0.0000114265,0.0004828243,2026-04-19 00:00:00.053000+00:00
xyz:TSLA,0.0000062500,-0.0001020438,2026-04-19 01:00:00.051000+00:00
xyz:TSLA,0.0000062500,0.0003263801,2026-04-19 02:00:00.028000+00:00
xyz:TSLA,0.0000046899,-0.0002249619,2026-04-19 03:00:00.060000+00:00
xyz:TSLA,-0.0000163604,-0.0005617663,2026-04-19 04:00:00.051000+00:00
xyz:TSLA,-0.0000267924,-0.0007286780,2026-04-19 05:00:00.046000+00:00
xyz:TSLA,0.0000062500,-0.0001652715,2026-04-19 06:00:00.041000+00:00
xyz:TSLA,0.0000062500,-0.0000098557,2026-04-19 07:00:00.002000+00:00
xyz:TSLA,-0.0000584649,-0.0012354386,2026-04-19 08:00:00.040000+00:00
xyz:TSLA,-0.0000098320,-0.0004573122,2026-04-19 09:00:00.041000+00:00
xyz:TSLA,-0.0000102721,-0.0004643544,2026-04-19 10:00:00.022000+00:00
xyz:TSLA,-0.0000157201,-0.0005515208,2026-04-19 11:00:00.032000+00:00
xyz:TSLA,0.0000508934,0.0011142938,2026-04-19 12:00:00.016000+00:00
xyz:TSLA,0.0001272727,0.0023363627,2026-04-19 13:00:00.026000+00:00
xyz:TSLA,0.0001053310,0.0019852960,2026-04-19 14:00:00.011000+00:00
